Anom_ID,Accident_Date,Accident_Time,Location,Geo_ID,Accident_Location,Classification_of_Accident,Initial_Impact_Type,Environment_Condition,Light,Road_Surface_Condition,Traffic_Control,Traffic_Control_Condition,No__of_Vehicles,No__of_Bicycles,No__of_Motorcycles,No__of_Pedestrians,Max_Injury,No__of_Injuries,No__of_Minimal,No__of_Minor,No__of_Major,No__of_Fatal,X,Y,Latitude,Longitude,ObjectId
18--10048,9/26/2018,5:50 AM,HYANNIS AVE btwn TO BE DETERMINED & PICKWICK DR (__3ZAAAV),__3ZAAAV,01 - Non intersection,03 - P.D. only,06 - SMV unattended vehicle,01 - Clear,07 - Dark,02 - Wet,10 - No control,,1,0,0,0,,0,,,,,362616.4326,5015032.802,45.27287499,-75.76314532,167
18--10049,9/26/2018,6:03 PM,RIVERSIDE DR btwn HERON RD & HOG'S BACK RD (__3ZA379),__3ZA379,01 - Non intersection,02 - Non-fatal injury,03 - Rear end,02 - Rain,01 - Daylight,02 - Wet,10 - No control,,2,0,0,0,02 - Minor,2,1,1,,,368132.6076,5026550.246,45.37603168,-75.69137682,168
18--1005,1/18/2018,6:44 PM,CARLING AVE @ CROYDON AVE (0002642),2642,03 - At intersection,02 - Non-fatal injury,07 - SMV other,01 - Clear,07 - Dark,01 - Dry,01 - Traffic signal,01 - Functioning,1,0,0,1,02 - Minor,1,,1,,,360659.3372,5025042.402,45.36309982,-75.78695721,169
18--10050,9/26/2018,6:09 AM,TRIM RD @ DAIRY DR/TAYLOR CREEK DR (0012921),12921,03 - At intersection,02 - Non-fatal injury,03 - Rear end,02 - Rain,07 - Dark,02 - Wet,11 - Roundabout,01 - Functioning,2,0,0,0,01 - Minimal,2,2,,,,384535.0418,5039595.437,45.49172629,-75.47986975,170
18--10051,9/26/2018,6:32 AM,HIGHWAY 417 btwn HWY417 IC155 RAMP61 & HWY417 IC145 RAMP56 (__3ZA2Q2),__3ZA2Q2,01 - Non intersection,03 - P.D. only,03 - Rear end,01 - Clear,03 - Dawn,02 - Wet,10 - No control,,2,0,0,0,,0,,,,,343129.9202,5016821.256,45.29030052,-76.01134611,171
18--10052,9/26/2018,7:23 AM,FRANKTOWN RD btwn DWYER HILL RD & MATILDA GT (__3ZA3E7),__3ZA3E7,01 - Non intersection,03 - P.D. only,04 - Sideswipe,01 - Clear,03 - Dawn,01 - Dry,10 - No control,,2,0,0,0,,0,,,,,348779.9065,4999060.984,45.13015449,-75.94088779,172
18--10053,9/26/2018,7:27 AM,JEANNE D'ARC BLVD @ VORLAGE DR W/VOYAGEUR WAY (0004394),4394,03 - At intersection,03 - P.D. only,05 - Turning movement,01 - Clear,01 - Daylight,01 - Dry,01 - Traffic signal,01 - Functioning,2,0,0,0,,0,,,,,379267.7298,5037741.593,45.47562878,-75.54753117,173
18--10054,9/26/2018,7:30 PM,CEDARVIEW RD btwn WEST HUNT CLUB RD & LYTLE AVE (__3ZA1XV),__3ZA1XV,01 - Non intersection,03 - P.D. only,04 - Sideswipe,01 - Clear,05 - Dusk,01 - Dry,10 - No control,,2,0,0,0,,0,,,,,360108.1153,5018649.267,45.30561801,-75.79470746,174
18--10055,9/26/2018,7:40 AM,CLYDE AVE @ LAPERRIERE AVE (0003331),3331,03 - At intersection,03 - P.D. only,02 - Angle,01 - Clear,01 - Daylight,01 - Dry,02 - Stop sign,01 - Functioning,2,0,0,0,,0,,,,,363698.689,5026445.522,45.37547612,-75.74799596,175
18--10056,9/26/2018,7:45 AM,LAFONTAINE AVE @ RICHELIEU AVE (0009977),9977,03 - At intersection,03 - P.D. only,02 - Angle,01 - Clear,01 - Daylight,02 - Wet,02 - Stop sign,01 - Functioning,2,0,0,0,,0,,,,,370927.7059,5033170.592,45.43534072,-75.65480527,176
18--10057,9/26/2018,7:45 AM,CAMELOT DR btwn CLEOPATRA DR & BENTLEY AVE (__3ZA6KC),__3ZA6KC,04 - At/near private drive,03 - P.D. only,05 - Turning movement,"07 - Fog, mist, smoke, dust",01 - Daylight,02 - Wet,10 - No control,,2,0,0,0,,0,,,,,365541.9808,5021412.194,45.33002966,-75.72508174,177
18--10058,9/26/2018,7:52 PM,HUNT CLUB RD @ RIVERSIDE DR (0002237),2237,03 - At intersection,02 - Non-fatal injury,05 - Turning movement,01 - Clear,07 - Dark,01 - Dry,01 - Traffic signal,01 - Functioning,2,0,0,0,01 - Minimal,2,2,,,,368036.8541,5021945.751,45.33461014,-75.69318824,178
18--10059,9/26/2018,8:00 AM,COLONNADE RD @ PRINCE OF WALES DR (0005249),5249,02 - Intersection related,02 - Non-fatal injury,03 - Rear end,01 - Clear,01 - Daylight,01 - Dry,01 - Traffic signal,01 - Functioning,2,0,0,0,01 - Minimal,1,1,,,,367394.832,5023266.575,45.34655223,-75.70121161,179
18--1006,1/18/2018,7:00 AM,LEITRIM RD btwn 810 W OF HAWTHORNE & BANK ST (__3ZA3SPA),__3ZA3SPA,04 - At/near private drive,03 - P.D. only,07 - SMV other,03 - Snow,03 - Dawn,03 - Loose snow,10 - No control,,1,0,0,0,,0,,,,,375395.7333,5021641.1,45.33116726,-75.59935397,180
18--10060,9/26/2018,8:00 PM,MAITLAND AVE/GLENMOUNT AVE @ ERINDALE DR (0002724),2724,03 - At intersection,03 - P.D. only,02 - Angle,01 - Clear,07 - Dark,01 - Dry,01 - Traffic signal,01 - Functioning,2,0,0,0,,0,,,,,363697.691,5025211.514,45.36437277,-75.74815583,181
18--10061,9/26/2018,8:00 PM,COOPER ST @ METCALFE ST (0006940),6940,02 - Intersection related,03 - P.D. only,04 - Sideswipe,02 - Rain,07 - Dark,02 - Wet,02 - Stop sign,01 - Functioning,2,0,0,0,,0,,,,,367962.7077,5031178.57,45.41769131,-75.69295324,182
18--10062,9/26/2018,8:15 AM,CHARLEMAGNE BLVD @ GARDENWAY DR/BOTTRIELL WAY  (0003748),3748,02 - Intersection related,03 - P.D. only,03 - Rear end,01 - Clear,01 - Daylight,02 - Wet,01 - Traffic signal,01 - Functioning,2,0,0,0,,0,,,,,384049.7587,5037034.565,45.46874126,-75.48649069,183
18--10063,9/26/2018,8:30 AM,BASELINE RD btwn HIGHGATE RD & TURN LANE (__5U3DNG),__5U3DNG,01 - Non intersection,03 - P.D. only,03 - Rear end,01 - Clear,01 - Daylight,02 - Wet,10 - No control,,2,0,0,0,,0,,,,,362147.2889,5023517.848,45.34926185,-75.76814195,184
18--10064,9/26/2018,8:58 AM,COVENTRY RD @ VANIER PKWY (0002139),2139,02 - Intersection related,03 - P.D. only,04 - Sideswipe,01 - Clear,01 - Daylight,02 - Wet,01 - Traffic signal,01 - Functioning,2,0,0,0,,0,,,,,370676.3846,5031611.703,45.42133822,-75.65822564,185
18--10065,9/26/2018,9:15 PM,ELGIN ST @ WELLINGTON ST W (0002113),2113,02 - Intersection related,03 - P.D. only,04 - Sideswipe,01 - Clear,07 - Dark,01 - Dry,01 - Traffic signal,01 - Functioning,3,0,0,0,,0,,,,,367664.7043,5031877.577,45.42400758,-75.69667134,186
18--10066,9/26/2018,9:34 PM,HIGHWAY 417 btwn HWY417 IC163 RAMP15 & HWY417 IC155 RAMP51 (__3ZAZNS),__3ZAZNS,01 - Non intersection,03 - P.D. only,07 - SMV other,01 - Clear,07 - Dark,01 - Dry,10 - No control,,1,0,0,0,,0,,,,,335385.488,5020385.329,45.32275167,-76.10985446,187
18--10067,9/26/2018,9:51 AM,CARLINGWOOD SC @ WOODROFFE AVE (0008879),8879,02 - Intersection related,02 - Non-fatal injury,03 - Rear end,02 - Rain,01 - Daylight,02 - Wet,01 - Traffic signal,01 - Functioning,4,0,0,0,02 - Minor,2,,2,,,361845.6212,5026036.618,45.37195016,-75.77170075,188
18--10068,9/27/2018,1:15 PM,BANK ST @ CATHERINE ST (0002708),2708,02 - Intersection related,03 - P.D. only,04 - Sideswipe,01 - Clear,01 - Daylight,01 - Dry,01 - Traffic signal,01 - Functioning,2,0,0,0,,0,,,,,368039.8578,5030267.686,45.4094885,-75.69208445,189
18--10069,9/27/2018,1:39 PM,CARP RD btwn KITTIWAKE DR & HAZELDEAN RD (__3ZA3DY),__3ZA3DY,04 - At/near private drive,03 - P.D. only,02 - Angle,01 - Clear,01 - Daylight,01 - Dry,10 - No control,,2,0,0,0,,0,,,,,348695.2116,5014467.126,45.26879165,-75.94060766,190
18--1007,1/18/2018,7:02 PM,DUNFOREST TERR btwn BALINROAN CRES & GARRITY CRES (__737L1H),__737L1H,04 - At/near private drive,03 - P.D. only,06 - SMV unattended vehicle,01 - Clear,07 - Dark,01 - Dry,10 - No control,,1,0,0,0,,0,,,,,365059.548,5014480.466,45.26769996,-75.73207826,191
18--10070,9/27/2018,1:55 PM,CARP RD @ HAZELDEAN RD (0000086),86,02 - Intersection related,03 - P.D. only,03 - Rear end,01 - Clear,01 - Daylight,01 - Dry,01 - Traffic signal,01 - Functioning,2,0,0,0,,0,,,,,348804.5758,5014360.436,45.26782478,-75.93922346,192
18--10071,9/27/2018,10:47 AM,RUSSELL RD btwn RAMSAYVILLE RD & TREADWELL RD (__3ZA2CN),__3ZA2CN,01 - Non intersection,02 - Non-fatal injury,01 - Approaching,01 - Clear,01 - Daylight,01 - Dry,10 - No control,,2,0,0,0,02 - Minor,1,,1,,,377808.7858,5026798.001,45.37731945,-75.56781125,193
18--10072,9/27/2018,10:49 AM,BANNER RD @ GREENBANK RD (0000644),644,03 - At intersection,02 - Non-fatal injury,05 - Turning movement,01 - Clear,01 - Daylight,01 - Dry,01 - Traffic signal,01 - Functioning,2,0,0,0,02 - Minor,1,,1,,,361021.6727,5021566.492,45.33179472,-75.78272751,194
18--10073,9/27/2018,11:08 PM,CAMBRIAN RD btwn TWIN ELM RD & MOODIE DR (__3ZBNE4),__3ZBNE4,01 - Non intersection,03 - P.D. only,07 - SMV other,01 - Clear,07 - Dark,01 - Dry,10 - No control,,1,0,0,0,,0,,,,,361036.1294,5010754.14,45.23450323,-75.78376838,195
18--10074,9/27/2018,11:17 AM,METCALFE ST btwn GILMOUR ST & LEWIS ST (__3ZA3RS),__3ZA3RS,01 - Non intersection,03 - P.D. only,04 - Sideswipe,01 - Clear,01 - Daylight,01 - Dry,10 - No control,,2,0,0,0,,0,,,,,368117.8759,5030928.334,45.41542574,-75.69100297,196
18--10075,9/27/2018,11:39 AM,HIGHWAY 416 btwn HWY416 IC75A RAMP43 & HWY416 IC72 RAMP34 (__3ZAZLD),__3ZAZLD,01 - Non intersection,03 - P.D. only,04 - Sideswipe,01 - Clear,01 - Daylight,01 - Dry,10 - No control,,2,0,0,0,,0,,,,,359130.1966,5020996.786,45.32681747,-75.80691956,197
18--10076,9/27/2018,12:00 PM,MERIVALE RD @ 170 N OF HUNTCLUB RD/COSTCO/CANA (0004681),4681,02 - Intersection related,03 - P.D. only,03 - Rear end,01 - Clear,01 - Daylight,01 - Dry,01 - Traffic signal,01 - Functioning,2,0,0,0,,0,,,,,365548.526,5022100.094,45.33621873,-75.72491382,198
18--10077,9/27/2018,12:18 PM,MONTREAL RD btwn SAVARD AVE & EMOND ST (__3ZA3LR),__3ZA3LR,01 - Non intersection,03 - P.D. only,04 - Sideswipe,01 - Clear,01 - Daylight,01 - Dry,10 - No control,,3,0,0,0,,0,,,,,370167.8023,5033118.445,45.43494298,-75.66452367,199
18--10078,9/27/2018,12:39 PM,CUMBERLAND ST @ YORK ST (0008416),8416,03 - At intersection,02 - Non-fatal injury,05 - Turning movement,01 - Clear,01 - Daylight,01 - Dry,01 - Traffic signal,01 - Functioning,2,1,0,0,03 - Major,1,,,1,,368262.6984,5032521.6,45.42974828,-75.68894754,200
18--10619,10/11/2018,3:45 PM,ST. LAURENT BLVD btwn BOURASSA ST & SMYTH RD (__3ZA3R6),__3ZA3R6,01 - Non intersection,02 - Non-fatal injury,03 - Rear end,01 - Clear,01 - Daylight,01 - Dry,10 - No control,,2,0,0,0,02 - Minor,1,,1,,,373244.3834,5029674.576,45.40366235,-75.62568429,201
18--1062,1/19/2018,9:16 AM,BAYVIEW RD btwn BURNSIDE AVE & SCOTT ST (__3ZA0V3),__3ZA0V3,04 - At/near private drive,02 - Non-fatal injury,02 - Angle,01 - Clear,01 - Daylight,02 - Wet,10 - No control,,2,0,0,0,02 - Minor,1,,1,,,365390.4656,5030160.763,45.40876081,-75.72594151,202
18--10620,10/11/2018,4:12 PM,CATHERINE ST/HWY 417 O'CONN IC119BR76 @ O'CONN (0001697),1697,02 - Intersection related,03 - P.D. only,03 - Rear end,01 - Clear,01 - Daylight,01 - Dry,01 - Traffic signal,01 - Functioning,2,0,0,0,,0,,,,,368243.7109,5030392.564,45.41059366,-75.68946433,203
18--10621,10/11/2018,4:21 AM,FINDLAY CREEK DR @ WOODBRIAR WAY (0014172),14172,02 - Intersection related,02 - Non-fatal injury,07 - SMV other,02 - Rain,07 - Dark,02 - Wet,02 - Stop sign,00 - Unknown,1,0,0,0,02 - Minor,1,,1,,,374477.431,5019491.043,45.31191361,-75.61137056,204
18--10622,10/11/2018,4:22 PM,BORRISOKANE RD/TARTAN DR @ STRANDHERD DR (0010634),10634,03 - At intersection,03 - P.D. only,05 - Turning movement,01 - Clear,01 - Daylight,01 - Dry,01 - Traffic signal,01 - Functioning,2,0,0,0,,0,,,,,362291.4528,5013545.462,45.25951845,-75.76745892,205
18--10623,10/11/2018,4:23 PM,BANKFIELD RD btwn COLONY HEIGHTS RD & FEE ST (__3ZA389),__3ZA389,01 - Non intersection,03 - P.D. only,03 - Rear end,01 - Clear,01 - Daylight,01 - Dry,10 - No control,,3,0,0,0,,0,,,,,368297.0612,5010080.578,45.22782521,-75.69138675,206
18--10624,10/11/2018,4:30 PM,HUNT CLUB RD @ BRIDLE PATH DR/DAZE ST (0008214),8214,02 - Intersection related,03 - P.D. only,04 - Sideswipe,"07 - Fog, mist, smoke, dust",01 - Daylight,01 - Dry,01 - Traffic signal,01 - Functioning,2,0,0,0,,0,,,,,371291.7286,5023864.504,45.35157362,-75.65140726,207
18--10625,10/11/2018,4:30 PM,BASELINE RD @ FARLANE BLVD (0002725),2725,02 - Intersection related,03 - P.D. only,03 - Rear end,"07 - Fog, mist, smoke, dust",01 - Daylight,01 - Dry,01 - Traffic signal,01 - Functioning,2,0,0,0,,0,,,,,365356.6052,5025517.649,45.36698597,-75.72694376,208
18--10626,10/11/2018,4:31 PM,FALLOWFIELD RD btwn ASHDALE AVE & PRINCE OF WALES DR (__3ZA3IQ),__3ZA3IQ,01 - Non intersection,03 - P.D. only,03 - Rear end,"07 - Fog, mist, smoke, dust",05 - Dusk,02 - Wet,10 - No control,,2,0,0,0,,0,,,,,367317.6738,5019115.015,45.30920406,-75.7027204,209
18--10627,10/11/2018,4:35 PM,PRINCE OF WALES DR btwn HOLBORN AVE & RIDEAU GLEN DR (__3ZA27H),__3ZA27H,01 - Non intersection,03 - P.D. only,03 - Rear end,01 - Clear,01 - Daylight,01 - Dry,10 - No control,,2,0,0,0,,0,,,,,367452.1034,5017707.981,45.29653177,-75.70118403,210
18--10628,10/11/2018,4:40 PM,CAMBRIAN RD @ GREENBANK RD (0001095),1095,02 - Intersection related,03 - P.D. only,03 - Rear end,01 - Clear,01 - Daylight,01 - Dry,11 - Roundabout,01 - Functioning,2,0,0,0,,0,,,,,364764.5829,5012872.551,45.25325713,-75.7360309,211
18--10629,10/11/2018,4:41 PM,PRINCE OF WALES DR @ RIDEAU HEIGHTS LANE (0010334),10334,03 - At intersection,03 - P.D. only,02 - Angle,01 - Clear,01 - Daylight,01 - Dry,02 - Stop sign,01 - Functioning,2,0,0,0,,0,,,,,367478.7377,5022691.438,45.34136977,-75.70021385,212
18--1063,1/20/2018,1:13 PM,NORICE ST @ WOODROFFE AVE (0001542),1542,02 - Intersection related,03 - P.D. only,03 - Rear end,01 - Clear,01 - Daylight,01 - Dry,01 - Traffic signal,01 - Functioning,2,0,0,0,,0,,,,,363194.6846,5022397.492,45.33909455,-75.75490862,213
18--10630,10/11/2018,4:46 PM,HUNT CLUB RD @ MALAK ST (0007737),7737,03 - At intersection,03 - P.D. only,02 - Angle,01 - Clear,01 - Daylight,01 - Dry,02 - Stop sign,01 - Functioning,2,0,0,0,,0,,,,,374193.8196,5025653.642,45.36739037,-75.61412284,214
18--10631,10/11/2018,4:59 PM,WESLEY AVE @ KIRKWOOD AVE (0006685),6685,03 - At intersection,03 - P.D. only,02 - Angle,"07 - Fog, mist, smoke, dust",01 - Daylight,01 - Dry,02 - Stop sign,01 - Functioning,2,0,0,0,,0,,,,,363900.5871,5028349.626,45.39259194,-75.74519043,215
18--10632,10/11/2018,5:28 PM,FALLOWFIELD RD btwn MOODIE DR & HWY416 IC66 RAMP53 (__3ZA4Y6),__3ZA4Y6,01 - Non intersection,03 - P.D. only,99 - Other,01 - Clear,01 - Daylight,01 - Dry,10 - No control,,2,0,0,0,,0,,,,,359550.2768,5014650.164,45.26967738,-75.80226184,216
18--10633,10/11/2018,5:42 PM,BRONSON AVE @ SUNNYSIDE AVE/UNIVERSITY RD - CA (0007209),7209,02 - Intersection related,03 - P.D. only,03 - Rear end,01 - Clear,01 - Daylight,01 - Dry,01 - Traffic signal,01 - Functioning,2,0,0,0,,0,,,,,367922.6491,5028091.555,45.3899189,-75.69386019,217
18--10634,10/11/2018,5:50 PM,MARVELVILLE RD @ YORKS CORNERS RD (0001676),1676,03 - At intersection,03 - P.D. only,03 - Rear end,"07 - Fog, mist, smoke, dust",05 - Dusk,01 - Dry,02 - Stop sign,01 - Functioning,2,0,0,0,,0,,,,,391167.8202,5007624.352,45.20329284,-75.40060816,218
18--10635,10/11/2018,5:53 PM,BANK ST @ CAHILL DR/DAZE ST (0012178),12178,02 - Intersection related,02 - Non-fatal injury,03 - Rear end,01 - Clear,05 - Dusk,01 - Dry,01 - Traffic signal,00 - Unknown,2,0,0,0,02 - Minor,1,,1,,,371306.71,5024316.691,45.35564083,-75.65115526,219
18--10349,10/3/2018,7:20 PM,PLACE D'ORLEANS DR W @ ST. JOSEPH BLVD (0008776),8776,02 - Intersection related,03 - P.D. only,04 - Sideswipe,01 - Clear,07 - Dark,01 - Dry,01 - Traffic signal,01 - Functioning,2,0,0,0,,0,,,,,381601.8259,5037684.256,45.4748601,-75.51769056,220
18--10636,10/11/2018,6:13 AM,ASHENVALE WAY/HARVEST VALLEY AVE @ ESPRIT DR (0013672),13672,03 - At intersection,02 - Non-fatal injury,07 - SMV other,02 - Rain,07 - Dark,02 - Wet,02 - Stop sign,01 - Functioning,1,0,0,1,02 - Minor,1,,1,,,385553.3619,5034776.339,45.44825169,-75.46763539,221
18--10637,10/11/2018,6:30 AM,HIGHWAY 417 btwn Continuation of HIGHWAY 417 & HWY417 IC134 RAMP51 (__3ZA29B),__3ZA29B,01 - Non intersection,03 - P.D. only,03 - Rear end,01 - Clear,07 - Dark,02 - Wet,10 - No control,,4,0,0,0,,0,,,,,354009.5674,5020829.952,45.32569396,-75.87225493,222
18--10638,10/11/2018,6:36 AM,BANK ST btwn RIDEAU RD & TURN LANE (__3ZBPH9),__3ZBPH9,01 - Non intersection,02 - Non-fatal injury,03 - Rear end,02 - Rain,07 - Dark,02 - Wet,10 - No control,,3,0,0,0,01 - Minimal,1,1,,,,377031.9182,5017658.384,45.29516601,-75.57906316,223
18--10639,10/11/2018,6:40 PM,ST. JOSEPH BLVD @ TENTH LINE RD (0009163),9163,02 - Intersection related,03 - P.D. only,03 - Rear end,01 - Clear,07 - Dark,01 - Dry,01 - Traffic signal,01 - Functioning,2,0,0,0,,0,,,,,382890.6727,5038666.763,45.48355687,-75.50105227,224
18--1064,1/20/2018,1:40 AM,RIVER ST btwn OTTAWA RIVER PKWY & END (__3ZA0PR),__3ZA0PR,01 - Non intersection,02 - Non-fatal injury,07 - SMV other,03 - Snow,07 - Dark,06 - Ice,10 - No control,,1,0,0,0,02 - Minor,1,,1,,,365134.4341,5030414.84,45.41106905,-75.72918098,225
18--10640,10/11/2018,6:46 AM,BRIDGE ST/MAPLE AVE @ MANOTICK MAIN ST (0008225),8225,03 - At intersection,03 - P.D. only,05 - Turning movement,02 - Rain,07 - Dark,02 - Wet,01 - Traffic signal,01 - Functioning,2,0,0,0,,0,,,,,368699.6373,5009932.365,45.22645519,-75.68627963,226
18--10641,10/11/2018,6:50 PM,TENTH LINE RD @ CHARLEMAGNE BLVD S/DES EPINETT (0003686),3686,02 - Intersection related,03 - P.D. only,03 - Rear end,01 - Clear,05 - Dusk,01 - Dry,01 - Traffic signal,01 - Functioning,2,0,0,0,,0,,,,,383640.9751,5036900.456,45.46758093,-75.49173924,227
18--10642,10/11/2018,6:52 AM,WELLINGTON ST btwn TURN LANE & Continuation of WELLINGTON ST (__3ZBPOI),__3ZBPOI,01 - Non intersection,03 - P.D. only,03 - Rear end,02 - Rain,07 - Dark,02 - Wet,10 - No control,,2,0,0,0,,0,,,,,366685.2788,5031294.64,45.41884982,-75.70925913,228
18--10643,10/11/2018,6:54 PM,EARL ARMSTRONG RD @ PARK N RIDE/295 E OF RIVER RD (0013525),13525,03 - At intersection,02 - Non-fatal injury,05 - Turning movement,"07 - Fog, mist, smoke, dust",07 - Dark,01 - Dry,01 - Traffic signal,01 - Functioning,2,0,0,0,02 - Minor,3,2,1,,,367882.9291,5014698.176,45.26941133,-75.69607413,229
18--10644,10/11/2018,7:00 AM,RICHMOND RD btwn WEST HUNT CLUB RD & SEYTON DR (__3ZA41P),__3ZA41P,01 - Non intersection,03 - P.D. only,07 - SMV other,02 - Rain,07 - Dark,02 - Wet,10 - No control,,1,0,0,0,,0,,,,,357354.3736,5019105.545,45.30993509,-75.82977249,230
18--10645,10/11/2018,7:01 PM,CARLING AVE @ MAITLAND AVE/SHERBOURNE RD (0002641),2641,02 - Intersection related,03 - P.D. only,03 - Rear end,"07 - Fog, mist, smoke, dust",07 - Dark,01 - Dry,01 - Traffic signal,01 - Functioning,2,0,0,0,,0,,,,,362942.6599,5026488.566,45.37592657,-75.75764287,231
18--10646,10/11/2018,7:05 AM,WEST HUNT CLUB RD btwn MOODIE DR & RICHMOND RD (__3ZA4YH),__3ZA4YH,01 - Non intersection,03 - P.D. only,03 - Rear end,02 - Rain,03 - Dawn,02 - Wet,10 - No control,,2,0,0,0,,0,,,,,357251.0271,5018173.376,45.30155504,-75.83118902,232
18--10647,10/11/2018,7:05 AM,HIGHWAY 417 btwn HWY417 IC140 RAMP25 & HWY417 IC139 RAMP15 (__4BCLBK),__4BCLBK,01 - Non intersection,03 - P.D. only,03 - Rear end,02 - Rain,01 - Daylight,02 - Wet,10 - No control,,3,0,0,0,,0,,,,,351534.7134,5019050.048,45.30984711,-75.90399174,233
18--10648,10/11/2018,7:13 AM,BASELINE RD/HWY 416 RICHMOND IC75R53 @ RICHMON (0000148),148,02 - Intersection related,03 - P.D. only,03 - Rear end,02 - Rain,03 - Dawn,02 - Wet,01 - Traffic signal,01 - Functioning,2,0,0,0,,0,,,,,358635.6674,5021821.461,45.33427604,-75.81313803,234
18--10649,10/11/2018,7:18 AM,FIRST LINE RD btwn CENTURY RD E & CARSONBY RD E (__3ZA98Q),__3ZA98Q,04 - At/near private drive,02 - Non-fatal injury,05 - Turning movement,02 - Rain,01 - Daylight,02 - Wet,10 - No control,,2,0,0,0,02 - Minor,1,,1,,,368251.2549,5006913.684,45.19933365,-75.69237347,235
18--1065,1/20/2018,1:45 PM,SOMERSET ST @ PERCY ST (0006762),6762,03 - At intersection,03 - P.D. only,99 - Other,01 - Clear,01 - Daylight,01 - Dry,01 - Traffic signal,01 - Functioning,2,0,0,0,,0,,,,,367115.7386,5030569.015,45.41228266,-75.70385121,236
18--10650,10/11/2018,7:24 AM,MEADOWLANDS DR/PETER ST @ PERRY ST (0001114),1114,02 - Intersection related,03 - P.D. only,03 - Rear end,01 - Clear,01 - Daylight,01 - Dry,01 - Traffic signal,01 - Functioning,2,0,0,0,,0,,,,,364439.217,5023493.657,45.34885303,-75.73889815,237
18--10651,10/11/2018,7:33 AM,HAZELDEAN RD @ HUNTMAR DR/IBER RD (0000075),75,03 - At intersection,03 - P.D. only,05 - Turning movement,02 - Rain,01 - Daylight,02 - Wet,01 - Traffic signal,01 - Functioning,2,0,0,0,,0,,,,,350942.5633,5016079.56,45.28315698,-75.91181943,238
18--10652,10/11/2018,7:36 PM,DOSSETTER WAY N @ SWAIN AVE N (0008583),8583,02 - Intersection related,02 - Non-fatal injury,07 - SMV other,"07 - Fog, mist, smoke, dust",07 - Dark,02 - Wet,02 - Stop sign,01 - Functioning,1,0,0,1,02 - Minor,1,,1,,,374333.7872,5025940.659,45.36995895,-75.61229584,239
18--10653,10/11/2018,7:39 AM,MARCH RD btwn CORKSTOWN RD & HWY417 IC138 RAMP62 (__3ZA417),__3ZA417,01 - Non intersection,03 - P.D. only,04 - Sideswipe,01 - Clear,01 - Daylight,02 - Wet,10 - No control,,2,0,0,0,,0,,,,,352664.147,5020868.694,45.32613561,-75.88941313,240
18--10654,10/11/2018,7:58 AM,HWY417 IC138 RAMP61 btwn HWY417 IC138 RAMP62 & HIGHWAY 417 (__3ZAYB2),__3ZAYB2,01 - Non intersection,02 - Non-fatal injury,03 - Rear end,02 - Rain,01 - Daylight,02 - Wet,10 - No control,,2,0,0,0,01 - Minimal,1,1,,,,353179.5953,5020495.396,45.32274126,-75.88287459,241
18--10655,10/11/2018,8:00 AM,HUNT CLUB RD @ DOWNPATRICK RD/MCCARTHY RD (0006931),6931,02 - Intersection related,03 - P.D. only,03 - Rear end,02 - Rain,01 - Daylight,02 - Wet,01 - Traffic signal,01 - Functioning,2,0,0,0,,0,,,,,370507.6796,5023400.59,45.34747336,-75.66147415,242
18--10656,10/11/2018,8:00 PM,STRANDHERD DR btwn JOCKVALE RD & 215 W OF GREENBANK RD/BARRHAVEN MALL  (__3ZAZMMA),__3ZAZMMA,01 - Non intersection,02 - Non-fatal injury,04 - Sideswipe,01 - Clear,07 - Dark,01 - Dry,10 - No control,,2,0,0,0,01 - Minimal,1,1,,,,363648.5527,5014626.601,45.26913436,-75.7500405,243
18--10657,10/11/2018,8:10 AM,HIGHWAY 417 btwn HWY417 IC138 RAMP61 & HWY417 IC134 RAMP36 (__3ZA20I),__3ZA20I,01 - Non intersection,03 - P.D. only,03 - Rear end,01 - Clear,01 - Daylight,02 - Wet,10 - No control,,2,0,0,0,,0,,,,,355432.2242,5021711.55,45.33352551,-75.85401769,244
18--10658,10/11/2018,8:20 AM,INNES RD btwn HWY417 IC112 RAMP66 & CYRVILLE RD (__3ZA3RCB),__3ZA3RCB,01 - Non intersection,02 - Non-fatal injury,04 - Sideswipe,02 - Rain,01 - Daylight,02 - Wet,10 - No control,,2,0,0,0,01 - Minimal,1,1,,,,375031.158,5031108.129,45.41638372,-75.60265839,245
18--10659,10/11/2018,8:25 AM,HOG'S BACK RD btwn COLONEL BY DR & RIVERSIDE DR (__3ZA22W),__3ZA22W,01 - Non intersection,03 - P.D. only,03 - Rear end,02 - Rain,01 - Daylight,02 - Wet,10 - No control,,2,0,0,0,,0,,,,,367802.051,5026011.363,45.37121274,-75.69566564,246
18--1066,1/20/2018,10:09 PM,FALLOWFIELD RD btwn ASHDALE AVE & PRINCE OF WALES DR (__3ZA3IQ),__3ZA3IQ,01 - Non intersection,03 - P.D. only,04 - Sideswipe,01 - Clear,07 - Dark,01 - Dry,10 - No control,,2,0,0,0,,0,,,,,367314.8114,5019113.176,45.30918777,-75.70275713,247
18--10660,10/11/2018,9:00 PM,CHAMPAGNE AVE   S btwn YOUNG ST & BEECH ST (__3ZBONO),__3ZBONO,04 - At/near private drive,03 - P.D. only,06 - SMV unattended vehicle,01 - Clear,07 - Dark,02 - Wet,10 - No control,,1,0,0,0,,0,,,,,366398.1511,5029332.082,45.4012166,-75.7131728,248