Anom_ID,Accident_Date,Accident_Time,Location,Geo_ID,Accident_Location,Classification_of_Accident,Initial_Impact_Type,Environment_Condition,Light,Road_Surface_Condition,Traffic_Control,Traffic_Control_Condition,No__of_Vehicles,No__of_Bicycles,No__of_Motorcycles,No__of_Pedestrians,Max_Injury,No__of_Injuries,No__of_Minimal,No__of_Minor,No__of_Major,No__of_Fatal,X,Y,Latitude,Longitude,ObjectId
18--10661,10/11/2018,9:19 AM,WELLINGTON ST btwn BANK ST & O'CONNOR ST (__3ZA3MF),__3ZA3MF,01 - Non intersection,03 - P.D. only,04 - Sideswipe,02 - Rain,01 - Daylight,02 - Wet,10 - No control,,2,0,0,0,,0,,,,,367266.6582,5031633.975,45.42185139,-75.70178824,249
18--10662,10/11/2018,9:30 AM,PERCY ST btwn GILMOUR ST & JAMES ST (__3ZA80Q),__3ZA80Q,01 - Non intersection,03 - P.D. only,06 - SMV unattended vehicle,02 - Rain,01 - Daylight,02 - Wet,10 - No control,,1,0,0,0,,0,,,,,367203.7193,5030418.328,45.41091898,-75.70274635,250
18--10663,10/11/2018,9:34 AM,VAAN DR @ WOODROFFE AVE (0005288),5288,03 - At intersection,03 - P.D. only,05 - Turning movement,01 - Clear,01 - Daylight,02 - Wet,02 - Stop sign,01 - Functioning,3,0,0,0,,0,,,,,363976.6487,5020575.523,45.32263509,-75.74514976,251
18--10664,10/11/2018,9:40 AM,HERZBERG RD btwn BAYFIELD AVE & MARCH RD (__3ZACUJ),__3ZACUJ,01 - Non intersection,02 - Non-fatal injury,03 - Rear end,"07 - Fog, mist, smoke, dust",01 - Daylight,02 - Wet,10 - No control,,2,0,0,0,01 - Minimal,1,1,,,,352319.0038,5021655.599,45.33323979,-75.89374023,252
18--10665,10/11/2018,9:40 AM,HIGHWAY 417 btwn HWY417 IC122 RAMP61 & HWY417 IC121B RAMP16 (__3ZA2Y4),__3ZA2Y4,01 - Non intersection,03 - P.D. only,04 - Sideswipe,02 - Rain,01 - Daylight,02 - Wet,10 - No control,,2,0,0,0,,0,,,,,365962.8736,5029296.767,45.40093701,-75.7187367,253
18--10666,10/11/2018,9:59 AM,CLIFTON RD @ WILBER AVE (0005606),5606,02 - Intersection related,03 - P.D. only,02 - Angle,01 - Clear,01 - Daylight,01 - Dry,02 - Stop sign,01 - Functioning,2,0,0,0,,0,,,,,363633.6984,5028746.532,45.39618571,-75.7485514,254
18--10667,10/12/2018,10:10 AM,MONTREAL RD btwn BURMA RD & MONTREAL RD (__3ZA2D6),__3ZA2D6,01 - Non intersection,03 - P.D. only,03 - Rear end,01 - Clear,01 - Daylight,01 - Dry,10 - No control,,2,0,0,0,,0,,,,,373281.0153,5034512.486,45.44718787,-75.62454379,255
18--10668,10/12/2018,10:20 AM,CARLING AVE @ CHURCHILL AVE (0002149),2149,02 - Intersection related,03 - P.D. only,03 - Rear end,01 - Clear,01 - Daylight,01 - Dry,01 - Traffic signal,01 - Functioning,2,0,0,0,,0,,,,,363775.6551,5027013.605,45.38058118,-75.74694551,256
18--10669,10/12/2018,11:18 PM,HIGHWAY 417 btwn HWY417 IC118 RAMP57 & HWY417 IC118 RAMP35 (__3ZA2YQ),__3ZA2YQ,01 - Non intersection,02 - Non-fatal injury,99 - Other,01 - Clear,07 - Dark,01 - Dry,10 - No control,,3,0,0,0,02 - Minor,1,,1,,,369726.8197,5031136.607,45.41715226,-75.67042058,257
18--1067,1/20/2018,10:51 PM,HIGHWAY 417 btwn HWY417 IC117 RAMP51 & HWY417 IC117 RAMP35 (__3ZA2YN),__3ZA2YN,01 - Non intersection,03 - P.D. only,03 - Rear end,01 - Clear,07 - Dark,01 - Dry,10 - No control,,2,0,0,0,,0,,,,,370634.881,5031162.61,45.41730137,-75.65881593,258
18--10670,10/12/2018,Unknown,LACASSE AVE btwn BLAKE BLVD & MCARTHUR AVE (__3ZBOXM),__3ZBOXM,01 - Non intersection,03 - P.D. only,06 - SMV unattended vehicle,01 - Clear,00 - Unknown,01 - Dry,10 - No control,,1,0,0,0,,0,,,,,370806.5364,5032905.825,45.43296991,-75.6563893,259
18--10671,10/12/2018,Unknown,CLEMOW AVE btwn LYON ST S & BANK ST (__3ZA94I),__3ZA94I,01 - Non intersection,03 - P.D. only,06 - SMV unattended vehicle,01 - Clear,00 - Unknown,01 - Dry,10 - No control,,1,0,0,0,,0,,,,,368141.5136,5029827.221,45.40551614,-75.69084247,260
18--10672,10/12/2018,Unknown,PLEASANT PARK RD btwn RODNEY CRES & NO NAME (__5DB6SQ),__5DB6SQ,01 - Non intersection,03 - P.D. only,06 - SMV unattended vehicle,01 - Clear,00 - Unknown,01 - Dry,10 - No control,,1,0,0,0,,0,,,,,370045.5032,5028431.03,45.39277883,-75.66670715,261
18--10673,10/12/2018,12:04 PM,EAGLESON RD @ PALOMINO DR N (0003687),3687,02 - Intersection related,02 - Non-fatal injury,03 - Rear end,01 - Clear,01 - Daylight,01 - Dry,01 - Traffic signal,01 - Functioning,3,0,0,0,01 - Minimal,1,1,,,,354009.5287,5017577.462,45.29642743,-75.87257843,262
18--10674,10/12/2018,12:15 AM,HIGHWAY 417 btwn HWY417 IC126 RAMP25 & HWY417 IC124 RAMP57 (__3ZA2R5),__3ZA2R5,01 - Non intersection,03 - P.D. only,03 - Rear end,01 - Clear,07 - Dark,01 - Dry,10 - No control,,3,0,0,0,,0,,,,,363832.0591,5026717.866,45.37791541,-75.74626072,263
18--10675,10/12/2018,12:24 PM,IRIS ST @ WOODROFFE AVE (0002736),2736,03 - At intersection,02 - Non-fatal injury,02 - Angle,01 - Clear,01 - Daylight,01 - Dry,01 - Traffic signal,01 - Functioning,2,0,0,0,02 - Minor,1,,1,,,362282.7387,5024441.437,45.35756114,-75.76630612,264
18--10676,10/12/2018,12:30 PM,RIDEAU ST btwn CHAPEL ST & AUGUSTA ST (__3ZA3WS),__3ZA3WS,01 - Non intersection,03 - P.D. only,06 - SMV unattended vehicle,01 - Clear,01 - Daylight,01 - Dry,10 - No control,,1,0,0,0,,0,,,,,368965.3595,5032688.396,45.43118493,-75.67994673,265
18--10677,10/12/2018,12:40 PM,OLD SECOND LINE RD @ TERRY FOX DR (0013616),13616,02 - Intersection related,03 - P.D. only,03 - Rear end,01 - Clear,01 - Daylight,01 - Dry,01 - Traffic signal,01 - Functioning,2,0,0,0,,0,,,,,348795.2,5022408.413,45.34024358,-75.93862864,266
18--10678,10/12/2018,12:41 PM,ANDERSON RD btwn RIDGE RD & RUSSELL RD (__3ZA2B4),__3ZA2B4,01 - Non intersection,03 - P.D. only,07 - SMV other,01 - Clear,01 - Daylight,01 - Dry,10 - No control,,1,0,0,0,,0,,,,,379563.4371,5027201.708,45.38076673,-75.54534952,267
18--10679,10/12/2018,12:50 PM,WALKLEY EXTENSION RD btwn WALKLEY RD & HWY417 IC110 RAMP55 (__3ZA1UK),__3ZA1UK,01 - Non intersection,03 - P.D. only,04 - Sideswipe,01 - Clear,01 - Daylight,01 - Dry,10 - No control,,2,0,0,0,,0,,,,,375500.0107,5028914.668,45.39660092,-75.59698314,268
18--1068,1/20/2018,10:53 PM,RIVERSIDE DR @ HERON RD (0002236),2236,02 - Intersection related,03 - P.D. only,03 - Rear end,01 - Clear,07 - Dark,01 - Dry,01 - Traffic signal,01 - Functioning,2,0,0,0,,0,,,,,368121.1047,5026647.221,45.37690527,-75.69151123,269
18--10680,10/12/2018,2:00 PM,BANK ST @ RIVERSIDE DR N (0010778),10778,02 - Intersection related,03 - P.D. only,04 - Sideswipe,01 - Clear,01 - Daylight,01 - Dry,01 - Traffic signal,01 - Functioning,2,0,0,0,,0,,,,,369225.7682,5027983.589,45.3888288,-75.67723385,270
18--10681,10/12/2018,2:20 PM,LIMEBANK RD @ RIDEAU RD (0004455),4455,02 - Intersection related,03 - P.D. only,03 - Rear end,01 - Clear,01 - Daylight,01 - Dry,02 - Stop sign,01 - Functioning,2,0,0,0,,0,,,,,370882.589,5014019.462,45.26302892,-75.65794096,271
18--10682,10/12/2018,3:07 PM,BRONSON AVE @ HOLMWOOD AVE (0007215),7215,02 - Intersection related,03 - P.D. only,03 - Rear end,01 - Clear,01 - Daylight,01 - Dry,01 - Traffic signal,01 - Functioning,2,0,0,0,,0,,,,,367700.6238,5028729.582,45.39567967,-75.69661406,272
18--10683,10/12/2018,3:15 PM,PRINCE OF WALES DR @ FALLOWFIELD RD (0000566),566,02 - Intersection related,03 - P.D. only,03 - Rear end,01 - Clear,01 - Daylight,01 - Dry,01 - Traffic signal,01 - Functioning,2,0,0,0,,0,,,,,367399.7274,5019166.564,45.30966058,-75.70166757,273
18--10684,10/12/2018,3:15 PM,HIGHWAY 416 btwn HWY416 IC66 RAMP53 & HWY416 IC57 RAMP34 (__3ZAZLC),__3ZAZLC,01 - Non intersection,03 - P.D. only,07 - SMV other,01 - Clear,01 - Daylight,01 - Dry,10 - No control,,1,0,0,0,,0,,,,,364424.8201,5008526.667,45.21418146,-75.74088002,274
18--10685,10/12/2018,3:27 PM,HIGHWAY 417 btwn HWY417 IC127 RAMP67 & HWY417 IC126 RAMP16 (__3ZA2X0),__3ZA2X0,01 - Non intersection,03 - P.D. only,03 - Rear end,01 - Clear,01 - Daylight,01 - Dry,10 - No control,,2,0,0,0,,0,,,,,362504.9114,5025150.263,45.36392085,-75.76338785,275
18--10686,10/12/2018,3:27 PM,HIGHWAY 417 btwn HWY417 IC127 RAMP67 & HWY417 IC126 RAMP16 (__3ZA2X0),__3ZA2X0,01 - Non intersection,03 - P.D. only,03 - Rear end,01 - Clear,01 - Daylight,01 - Dry,10 - No control,,2,0,0,0,,0,,,,,362605.0829,5025229.612,45.36462657,-75.76209996,276
18--10687,10/12/2018,3:30 PM,ALPINE AVE @ CARLING AVE (0011382),11382,03 - At intersection,03 - P.D. only,05 - Turning movement,01 - Clear,01 - Daylight,01 - Dry,01 - Traffic signal,01 - Functioning,2,0,0,0,,0,,,,,360496.5213,5024942.572,45.36221451,-75.78904665,277
18--10688,10/12/2018,3:40 PM,LENESTER AVE @ MAITLAND AVE (0010867),10867,03 - At intersection,03 - P.D. only,02 - Angle,01 - Clear,01 - Daylight,01 - Dry,02 - Stop sign,01 - Functioning,2,0,0,0,,0,,,,,363078.6204,5026146.566,45.372838,-75.75594745,278
18--10689,10/12/2018,3:42 PM,DATA CENTRE RD @ HERON RD (0007176),7176,03 - At intersection,03 - P.D. only,05 - Turning movement,01 - Clear,01 - Daylight,01 - Dry,02 - Stop sign,01 - Functioning,2,0,0,0,,0,,,,,368941.7066,5026732.542,45.37759832,-75.68102371,279
18--1069,1/20/2018,Unknown,SPRINGLAND DR btwn NORBERRY CRES & NICHOLSON AVE (__3ZA0H1),__3ZA0H1,01 - Non intersection,03 - P.D. only,06 - SMV unattended vehicle,01 - Clear,00 - Unknown,02 - Wet,10 - No control,,1,0,0,0,,0,,,,,368603.1651,5025576.632,45.36722867,-75.68549516,280
18--10690,10/12/2018,3:48 PM,BANKFIELD RD btwn FEE ST & RIDEAU VALLEY DR (__3ZA38A),__3ZA38A,01 - Non intersection,02 - Non-fatal injury,03 - Rear end,01 - Clear,01 - Daylight,01 - Dry,10 - No control,,2,0,0,0,01 - Minimal,1,1,,,,368376.6821,5010125.464,45.22822191,-75.69036717,281
18--10691,10/12/2018,4:01 PM,CHAMBERLAIN AVE btwn KENT ST & TO BE DETERMINED (__3ZA25A),__3ZA25A,01 - Non intersection,03 - P.D. only,04 - Sideswipe,01 - Clear,01 - Daylight,01 - Dry,10 - No control,,2,0,0,0,,0,,,,,367963.6363,5030064.806,45.40766993,-75.69308411,282
18--10692,10/12/2018,4:45 PM,CARLING AVE @ OTTAWA RIVER PKWY WB (0002142),2142,02 - Intersection related,03 - P.D. only,03 - Rear end,01 - Clear,01 - Daylight,01 - Dry,03 - Yield sign,01 - Functioning,2,0,0,0,,0,,,,,360856.5585,5025170.536,45.36423702,-75.78442535,283
18--10693,10/12/2018,4:47 PM,HERON RD btwn BANK ST & EDGE HILL PL (__3ZA3AD),__3ZA3AD,01 - Non intersection,03 - P.D. only,04 - Sideswipe,01 - Clear,01 - Daylight,01 - Dry,10 - No control,,2,0,0,0,,0,,,,,370018.4717,5026854.736,45.37859839,-75.66726063,284
18--10694,10/12/2018,4:49 PM,KNOXDALE RD @ WEST HUNT CLUB RD (0005165),5165,02 - Intersection related,03 - P.D. only,04 - Sideswipe,01 - Clear,01 - Daylight,01 - Dry,01 - Traffic signal,01 - Functioning,2,0,0,0,,0,,,,,361863.7026,5020584.405,45.32288995,-75.772099,285
18--10695,10/12/2018,4:50 PM,BELFAST RD btwn TREMBLAY RD & TRAINYARDS DR (__3ZA80G),__3ZA80G,04 - At/near private drive,03 - P.D. only,05 - Turning movement,01 - Clear,05 - Dusk,01 - Dry,10 - No control,,2,0,0,0,,0,,,,,371745.9502,5030959.22,45.41536594,-75.64464881,286
18--10696,10/12/2018,4:57 PM,FISHER AVE @ NORMANDY CRES N (0003142),3142,03 - At intersection,03 - P.D. only,05 - Turning movement,01 - Clear,01 - Daylight,01 - Dry,02 - Stop sign,00 - Unknown,2,0,0,0,,0,,,,,366684.6295,5024782.567,45.36025586,-75.71008406,287
18--10697,10/12/2018,5:00 PM,HWY417 IC140 RAMP51 btwn HIGHWAY 417 & HWY417 IC140 RAMP53 (__3ZAYB3),__3ZAYB3,01 - Non intersection,03 - P.D. only,03 - Rear end,01 - Clear,01 - Daylight,01 - Dry,10 - No control,,2,0,0,0,,0,,,,,351009.5173,5018392.639,45.30396633,-75.9107505,288
18--10698,10/12/2018,5:10 PM,HIGHWAY 417 btwn HWY417 IC127 RAMP67 & HWY417 IC126 RAMP16 (__3ZA2X0),__3ZA2X0,01 - Non intersection,03 - P.D. only,03 - Rear end,01 - Clear,01 - Daylight,01 - Dry,10 - No control,,2,0,0,0,,0,,,,,362924.6014,5025536.332,45.36735998,-75.75798547,289
18--10699,10/12/2018,5:15 PM,EAGLESON RD @ HAZELDEAN RD/ROBERTSON RD (0002715),2715,02 - Intersection related,03 - P.D. only,03 - Rear end,01 - Clear,01 - Daylight,01 - Dry,01 - Traffic signal,01 - Functioning,2,0,0,0,,0,,,,,353673.6248,5018424.459,45.30407234,-75.87677745,290
18--107,1/2/2018,3:14 PM,RIVERSIDE DR @ 175 S OF HUNT CLUB  RD/RUNWAY C (0011890),11890,02 - Intersection related,03 - P.D. only,03 - Rear end,01 - Clear,01 - Daylight,02 - Wet,01 - Traffic signal,01 - Functioning,3,0,0,0,,0,,,,,368028.8484,5021765.603,45.33298992,-75.69331338,291
18--1070,1/20/2018,Unknown,WILDFLOWER DR btwn MIDSUMMER TER & MIDSUMMER TER (__3ZA6QB),__3ZA6QB,01 - Non intersection,03 - P.D. only,06 - SMV unattended vehicle,01 - Clear,00 - Unknown,04 - Slush,10 - No control,,1,0,0,0,,0,,,,,382633.6949,5036144.287,45.46089055,-75.50473864,292
18--10700,10/12/2018,5:51 PM,BASELINE RD @ NAVAHO DR (0003158),3158,03 - At intersection,03 - P.D. only,02 - Angle,01 - Clear,01 - Daylight,01 - Dry,01 - Traffic signal,01 - Functioning,2,0,0,0,,0,,,,,363085.721,5024097.54,45.3544005,-75.75609849,293
18--10701,10/12/2018,6:10 AM,SIXTH LINE RD btwn TORWOOD DR & BESSBOROUGH LANE (__3ZA3ED),__3ZA3ED,01 - Non intersection,03 - P.D. only,07 - SMV other,01 - Clear,07 - Dark,01 - Dry,10 - No control,,1,0,0,0,,0,,,,,345679.0822,5033936.26,45.44416231,-75.97743297,294
18--10702,10/12/2018,6:30 PM,TENTH LINE RD btwn INNES RD & VANGUARD DR (__3ZA249),__3ZA249,01 - Non intersection,03 - P.D. only,03 - Rear end,01 - Clear,07 - Dark,01 - Dry,10 - No control,,2,0,0,0,,0,,,,,383975.1005,5036104.489,45.46038176,-75.48759514,295
18--10703,10/12/2018,6:31 AM,BOWESVILLE RD/HIGH RD @ LEITRIM RD (0012439),12439,03 - At intersection,02 - Non-fatal injury,02 - Angle,01 - Clear,07 - Dark,01 - Dry,02 - Stop sign,01 - Functioning,2,0,0,0,02 - Minor,1,,1,,,371674.8533,5019287.448,45.3103542,-75.64713658,296
18--10704,10/12/2018,6:43 PM,RIVERSIDE DR btwn KIMBERWICK CRES & MALHOTRA CRT (__3ZA1KW),__3ZA1KW,01 - Non intersection,02 - Non-fatal injury,03 - Rear end,01 - Clear,07 - Dark,01 - Dry,10 - No control,,2,0,0,0,01 - Minimal,1,1,,,,368198.3991,5022907.076,45.34324536,-75.69100419,297
18--10705,10/12/2018,6:44 PM,AIRPORT PKWY btwn AIRPORT PARKWAY PRIV & RAMP (__3ZA23H),__3ZA23H,01 - Non intersection,03 - P.D. only,05 - Turning movement,01 - Clear,05 - Dusk,01 - Dry,10 - No control,,2,0,0,0,,0,,,,,371008.6884,5021227.449,45.32787294,-75.65537201,298
18--10706,10/12/2018,6:48 PM,ALBION RD @ HUNT CLUB RD (0006974),6974,03 - At intersection,02 - Non-fatal injury,05 - Turning movement,01 - Clear,07 - Dark,01 - Dry,01 - Traffic signal,01 - Functioning,2,0,0,0,02 - Minor,1,,1,,,371867.6883,5024320.605,45.35562261,-75.6439956,299
18--10707,10/12/2018,6:56 PM,BASELINE RD @ FARLANE BLVD (0002725),2725,03 - At intersection,02 - Non-fatal injury,05 - Turning movement,01 - Clear,07 - Dark,01 - Dry,01 - Traffic signal,01 - Functioning,2,1,0,0,02 - Minor,1,,1,,,365356.6655,5025517.648,45.36698596,-75.72694299,300
18--10708,10/12/2018,7:21 AM,CARLING AVE EB btwn SAIGON CRT & HWY417 IC124 RAMP57 (__3ZA3AN),__3ZA3AN,06 - Underpass or tunnel,03 - P.D. only,04 - Sideswipe,01 - Clear,01 - Daylight,01 - Dry,10 - No control,,2,0,0,0,,0,,,,,364102.0285,5027107.666,45.38139997,-75.74276715,301
18--1035,1/19/2018,11:21 AM,WOODRIDGE CRES @ 220 W OF BAYSHORE DR/BAYSHORE (0005411),5411,02 - Intersection related,03 - P.D. only,03 - Rear end,01 - Clear,01 - Daylight,02 - Wet,01 - Traffic signal,01 - Functioning,2,0,0,0,,0,,,,,359040.7311,5023377.007,45.3482417,-75.80779986,302
18--10350,10/3/2018,7:33 AM,HIGHWAY 417 btwn HIGHWAY 417 & HWY417 IC129 RAMP51 (__3ZA290),__3ZA290,01 - Non intersection,03 - P.D. only,04 - Sideswipe,02 - Rain,01 - Daylight,02 - Wet,10 - No control,,2,0,0,0,,0,,,,,360011.1206,5023208.951,45.34665381,-75.7954358,303
18--10351,10/3/2018,7:43 AM,REGIONAL ROAD 174 btwn OR174 IC112 RAMP36 & OR174 IC112 RAMP26 (__3ZAZFK),__3ZAZFK,01 - Non intersection,03 - P.D. only,03 - Rear end,01 - Clear,01 - Daylight,01 - Dry,10 - No control,,2,0,0,0,,0,,,,,374741.7049,5032802.024,45.43165347,-75.60611576,304
18--10352,10/3/2018,7:44 AM,CONROY RD @ WALKLEY RD (0002648),2648,02 - Intersection related,03 - P.D. only,03 - Rear end,01 - Clear,01 - Daylight,01 - Dry,01 - Traffic signal,01 - Functioning,2,0,0,0,,0,,,,,372903.7495,5027463.635,45.38380249,-75.63034026,305
18--10353,10/3/2018,8:00 PM,CARLING AVE @ KIRKWOOD AVE S (0002209),2209,02 - Intersection related,03 - P.D. only,03 - Rear end,01 - Clear,07 - Dark,01 - Dry,01 - Traffic signal,01 - Functioning,2,0,0,0,,0,,,,,364351.6077,5027337.619,45.38344788,-75.73955279,306
18--10354,10/3/2018,8:04 PM,JOCKVALE RD/RIDEAU VALLEY DR @ PRINCE OF WALES (0004638),4638,03 - At intersection,03 - P.D. only,05 - Turning movement,01 - Clear,07 - Dark,01 - Dry,01 - Traffic signal,01 - Functioning,2,0,0,0,,0,,,,,366709.6496,5012195.42,45.24699588,-75.71133674,307
18--10355,10/3/2018,8:16 AM,HAIG DR @ SMYTH RD (0007736),7736,02 - Intersection related,03 - P.D. only,02 - Angle,01 - Clear,01 - Daylight,01 - Dry,01 - Traffic signal,01 - Functioning,2,0,0,0,,0,,,,,372565.0246,5029298.729,45.40034674,-75.63441313,308
18--10356,10/3/2018,9:34 AM,SANDGATE RDG btwn KILBIRNIE DR & DEERPATH TER (__54YKRN),__54YKRN,04 - At/near private drive,03 - P.D. only,02 - Angle,01 - Clear,01 - Daylight,01 - Dry,10 - No control,,2,0,0,0,,0,,,,,366028.644,5012211.783,45.24720269,-75.7200092,309
18--10357,10/4/2018,1:20 PM,WEST HUNT CLUB RD @ ROYDON PL/SUNDERLAND ST (0009775),9775,02 - Intersection related,03 - P.D. only,03 - Rear end,01 - Clear,01 - Daylight,01 - Dry,01 - Traffic signal,00 - Unknown,3,0,0,0,,0,,,,,365973.6494,5022169.564,45.33680688,-75.71948162,310
18--10358,10/4/2018,10:24 AM,CAHILL DR @ MCCARTHY RD (0007022),7022,03 - At intersection,02 - Non-fatal injury,07 - SMV other,01 - Clear,01 - Daylight,02 - Wet,02 - Stop sign,01 - Functioning,1,0,0,1,02 - Minor,1,,1,,,370271.6741,5023735.644,45.35051015,-75.66444125,311
18--10359,10/4/2018,10:37 PM,TERRY FOX DR S @ DIDSBURY RD/CENTRUM KANATA SC (0011820),11820,02 - Intersection related,03 - P.D. only,99 - Other,01 - Clear,07 - Dark,01 - Dry,01 - Traffic signal,01 - Functioning,2,0,0,0,,0,,,,,350623.5523,5018915.945,45.30870046,-75.91562357,312
18--1036,1/19/2018,11:30 AM,MCARTHUR AVE btwn LAFONTAINE AVE & EASTWOOD PL (__3ZA3W0),__3ZA3W0,01 - Non intersection,02 - Non-fatal injury,07 - SMV other,01 - Clear,01 - Daylight,02 - Wet,10 - No control,,1,0,0,1,01 - Minimal,1,1,,,,370959.8168,5032771.574,45.4317475,-75.65444852,313
18--10360,10/4/2018,11:45 AM,INNES RD btwn INDUSTRIAL AVE & BANTREE ST (__3ZA2XQ),__3ZA2XQ,01 - Non intersection,03 - P.D. only,03 - Rear end,01 - Clear,01 - Daylight,01 - Dry,10 - No control,,2,0,0,0,,0,,,,,373699.2341,5030402.526,45.41016747,-75.61977294,314
18--10361,10/4/2018,11:49 AM,HINCHEY AVE btwn SCOTT ST & BULLMAN ST (__3ZBOM9),__3ZBOM9,01 - Non intersection,03 - P.D. only,07 - SMV other,01 - Clear,01 - Daylight,01 - Dry,10 - No control,,1,0,0,0,,0,,,,,365103.202,5029774.929,45.40531398,-75.72965823,315
18--10362,10/4/2018,Unknown,CLENNING ST btwn KILBARRON RD & LETOURNEAU ST (__4LK32X),__4LK32X,01 - Non intersection,03 - P.D. only,06 - SMV unattended vehicle,01 - Clear,00 - Unknown,01 - Dry,10 - No control,,1,0,0,0,,0,,,,,364854.6572,5016536.048,45.28621358,-75.73444038,316
18--10363,10/4/2018,Unknown,LISGAR ST btwn PERCY ST & BAY ST (__3ZBOMT),__3ZBOMT,01 - Non intersection,03 - P.D. only,06 - SMV unattended vehicle,01 - Clear,00 - Unknown,01 - Dry,10 - No control,,1,0,0,0,,0,,,,,367146.9184,5030788.53,45.41425501,-75.70342512,317
18--10364,10/4/2018,12:07 PM,FAIRLAWN AVE btwn WOODROFFE AVE & FOX CRES (__3ZA4NJ),__3ZA4NJ,04 - At/near private drive,03 - P.D. only,02 - Angle,01 - Clear,01 - Daylight,01 - Dry,10 - No control,,2,0,0,0,,0,,,,,361958.1738,5025773.64,45.36957474,-75.77029435,318
18--10365,10/4/2018,12:30 PM,BANK ST btwn RIDGEMONT AVE & PORTLAND AVE (__3ZA36Z),__3ZA36Z,01 - Non intersection,03 - P.D. only,03 - Rear end,01 - Clear,01 - Daylight,01 - Dry,10 - No control,,2,0,0,0,,0,,,,,370102.2238,5026565.349,45.37598677,-75.66622963,319
18--10366,10/4/2018,12:57 PM,GULF PL btwn HOCHELAGA ST & THE ROCKERY PRIV (__3ZBOBR),__3ZBOBR,01 - Non intersection,03 - P.D. only,04 - Sideswipe,01 - Clear,01 - Daylight,01 - Dry,10 - No control,,2,0,0,0,,0,,,,,373135.1933,5034407.781,45.44626006,-75.62642229,320
18--10367,10/4/2018,2:42 PM,MCBEAN ST @ STRACHAN ST (0000136),136,03 - At intersection,03 - P.D. only,02 - Angle,01 - Clear,01 - Daylight,01 - Dry,02 - Stop sign,01 - Functioning,3,0,0,0,,0,,,,,357158.6085,5005791.327,45.19014546,-75.83367127,321
18--10368,10/4/2018,2:43 PM,PARKDALE AVE @ SCOTT ST (0002213),2213,03 - At intersection,02 - Non-fatal injury,05 - Turning movement,01 - Clear,01 - Daylight,01 - Dry,01 - Traffic signal,01 - Functioning,2,1,0,0,01 - Minimal,1,1,,,,364949.6268,5029726.598,45.40489232,-75.73162579,322
18--10369,10/4/2018,2:55 PM,LAURIER AVE   W btwn METCALFE ST & ELGIN ST (__3ZA35P),__3ZA35P,01 - Non intersection,03 - P.D. only,03 - Rear end,01 - Clear,01 - Daylight,01 - Dry,10 - No control,,2,0,0,0,,0,,,,,367839.9632,5031481.265,45.42042593,-75.6944827,323
18--1037,1/19/2018,11:40 PM,COLONEL BY DR/MACKENZIE AVE @ DALY AVE (0008541),8541,03 - At intersection,03 - P.D. only,07 - SMV other,01 - Clear,07 - Dark,02 - Wet,01 - Traffic signal,01 - Functioning,1,0,0,0,,0,,,,,368002.6947,5031904.438,45.42421881,-75.69234925,324
18--10370,10/4/2018,3:04 PM,KITCHENER AVE @ BANK ST (0011963),11963,03 - At intersection,02 - Non-fatal injury,05 - Turning movement,01 - Clear,01 - Daylight,01 - Dry,01 - Traffic signal,01 - Functioning,2,0,0,0,01 - Minimal,1,1,,,,370540.847,5025500.089,45.3663609,-75.66077172,325
18--10371,10/4/2018,3:10 PM,GREENBANK RD btwn GIBBARD AVE & WEST HUNT CLUB RD (__3ZA1Y7),__3ZA1Y7,01 - Non intersection,03 - P.D. only,04 - Sideswipe,01 - Clear,01 - Daylight,01 - Dry,10 - No control,,2,0,0,0,,0,,,,,361432.6601,5020609.638,45.32315191,-75.77759403,326
18--10372,10/4/2018,3:20 PM,BASELINE RD @ GREENBANK RD (0002357),2357,02 - Intersection related,03 - P.D. only,04 - Sideswipe,01 - Clear,01 - Daylight,01 - Dry,01 - Traffic signal,01 - Functioning,2,0,0,0,,0,,,,,360597.6065,5022584.505,45.34098864,-75.78802251,327
18--10373,10/4/2018,3:25 PM,PRINCE OF WALES DR @ FALLOWFIELD RD (0000566),566,02 - Intersection related,02 - Non-fatal injury,03 - Rear end,01 - Clear,01 - Daylight,01 - Dry,01 - Traffic signal,01 - Functioning,2,0,0,0,01 - Minimal,1,1,,,,367399.6994,5019166.435,45.30965943,-75.70166794,328
18--10374,10/4/2018,3:30 PM,BANK ST @ STRATHCONA AVE (0007238),7238,03 - At intersection,03 - P.D. only,03 - Rear end,01 - Clear,01 - Daylight,01 - Dry,01 - Traffic signal,01 - Functioning,2,0,0,0,,0,,,,,368138.6803,5030028.605,45.40732839,-75.69085279,329
18--10375,10/4/2018,3:38 PM,MERIVALE RD btwn BURRIS LANE & OT/NE BOUNDARY (__3ZAZ7D),__3ZAZ7D,04 - At/near private drive,03 - P.D. only,02 - Angle,01 - Clear,01 - Daylight,01 - Dry,10 - No control,,2,0,0,0,,0,,,,,364922.0225,5025137.59,45.36360367,-75.73253732,330
18--10376,10/4/2018,3:40 PM,BISSETT WAY @ CLEARBROOK DR (0013742),13742,03 - At intersection,03 - P.D. only,05 - Turning movement,01 - Clear,01 - Daylight,01 - Dry,02 - Stop sign,01 - Functioning,2,0,0,0,,0,,,,,365257.534,5015113.97,45.27338323,-75.72947831,331
18--10377,10/4/2018,4:24 PM,HUNTMAR DR btwn PALLADIUM DR & MAPLE GROVE RD (__3ZA1EH),__3ZA1EH,01 - Non intersection,03 - P.D. only,03 - Rear end,01 - Clear,01 - Daylight,01 - Dry,10 - No control,,2,0,0,0,,0,,,,,350157.5312,5016834.926,45.29000509,-75.92175669,332