Anom_ID,Accident_Date,Accident_Time,Location,Geo_ID,Accident_Location,Classification_of_Accident,Initial_Impact_Type,Environment_Condition,Light,Road_Surface_Condition,Traffic_Control,Traffic_Control_Condition,No__of_Vehicles,No__of_Bicycles,No__of_Motorcycles,No__of_Pedestrians,Max_Injury,No__of_Injuries,No__of_Minimal,No__of_Minor,No__of_Major,No__of_Fatal,X,Y,Latitude,Longitude,ObjectId
18--10378,10/4/2018,4:27 PM,HUNT CLUB RD @ PAUL ANKA DR (0008224),8224,02 - Intersection related,03 - P.D. only,03 - Rear end,01 - Clear,01 - Daylight,01 - Dry,01 - Traffic signal,01 - Functioning,2,0,0,0,,0,,,,,369777.6663,5022897.459,45.34301433,-75.67085529,333
18--10379,10/4/2018,4:35 AM,BASELINE RD btwn NAVAHO DR & COLLEGE SQUARE SC (__3ZAZDQB),__3ZAZDQB,01 - Non intersection,03 - P.D. only,07 - SMV other,01 - Clear,07 - Dark,01 - Dry,10 - No control,,1,0,0,0,,0,,,,,362776.3932,5023908.061,45.35272123,-75.76006833,334
18--1038,1/19/2018,11:51 PM,LIBRARY RD @ UNIVERSITY RD (0007869),7869,02 - Intersection related,03 - P.D. only,07 - SMV other,02 - Rain,07 - Dark,02 - Wet,02 - Stop sign,01 - Functioning,1,0,0,0,,0,,,,,367412.6964,5026904.598,45.37928475,-75.70052272,335
18--10380,10/4/2018,4:38 PM,BRONSON AVE @ GLADSTONE AVE (0002110),2110,03 - At intersection,03 - P.D. only,02 - Angle,01 - Clear,01 - Daylight,01 - Dry,01 - Traffic signal,01 - Functioning,2,0,0,0,,0,,,,,367133.6549,5030081.619,45.40789562,-75.70368396,336
18--10381,10/4/2018,4:40 PM,HIGHWAY 417 btwn HWY417 IC124 RAMP65 & HWY417 IC122 RAMP51 (__3ZA2R8),__3ZA2R8,01 - Non intersection,03 - P.D. only,04 - Sideswipe,01 - Clear,01 - Daylight,01 - Dry,10 - No control,,2,0,0,0,,0,,,,,365086.381,5028598.793,45.39473281,-75.73001685,337
18--10382,10/4/2018,4:50 PM,INNES RD btwn 260 E OF BELCOURT BLVD/WALMART SC & JEANNE D'ARC BLVD/ME (__3ZA3JWB),__3ZA3JWB,01 - Non intersection,03 - P.D. only,03 - Rear end,01 - Clear,01 - Daylight,01 - Dry,10 - No control,,2,0,0,0,,0,,,,,382549.726,5035519.536,45.45527893,-75.50591098,338
18--10383,10/4/2018,4:50 PM,CHAMPLAIN BRIDGE/ISLAND PARK DR btwn BATE ISLAND & PROVINCIAL BOUNDARY (__3ZA2ZEA),__3ZA2ZEA,07 - Overpass or bridge,02 - Non-fatal injury,03 - Rear end,01 - Clear,01 - Daylight,00 - Unknown,10 - No control,,3,0,0,0,02 - Minor,1,,1,,,362899.3361,5030130.499,45.40869973,-75.75776714,339
18--10384,10/4/2018,4:52 PM,HUNT CLUB RD btwn ESSON ST & BLOHM DR (__3ZA2F1),__3ZA2F1,01 - Non intersection,03 - P.D. only,03 - Rear end,01 - Clear,01 - Daylight,01 - Dry,10 - No control,,3,0,0,0,,0,,,,,375077.2361,5026159.307,45.37185209,-75.60277465,340
18--10385,10/4/2018,5:02 AM,HANNAH ST @ MONTFORT ST (0010014),10014,03 - At intersection,02 - Non-fatal injury,02 - Angle,01 - Clear,07 - Dark,01 - Dry,02 - Stop sign,01 - Functioning,2,1,0,0,02 - Minor,1,,1,,,370140.7175,5033529.636,45.43864523,-75.66481523,341
18--10386,10/4/2018,5:09 PM,FERNBANK RD btwn GO/KA BOUNDARY & SHEA RD (__3ZBNCF),__3ZBNCF,04 - At/near private drive,03 - P.D. only,03 - Rear end,01 - Clear,01 - Daylight,01 - Dry,10 - No control,,4,0,0,0,,0,,,,,353403.1651,5014321.89,45.26717517,-75.88062794,342
18--10387,10/4/2018,5:10 PM,ROCKCLIFFE PKWY/AVIATION PKWY WB ON RAMP @ AVI (0002201),2201,02 - Intersection related,03 - P.D. only,03 - Rear end,01 - Clear,01 - Daylight,01 - Dry,03 - Yield sign,01 - Functioning,2,0,0,0,,0,,,,,371337.7126,5035660.613,45.45770586,-75.64922871,343
18--10388,10/4/2018,5:11 PM,MITCH OWENS RD @ SPRATT RD (0004193),4193,02 - Intersection related,02 - Non-fatal injury,03 - Rear end,01 - Clear,01 - Daylight,01 - Dry,02 - Stop sign,01 - Functioning,3,0,0,0,02 - Minor,1,,1,,,369954.7552,5011046.394,45.23636414,-75.67015231,344
18--10389,10/4/2018,5:19 PM,LABELLE ST/RAMP @ LEMIEUX ST/HWY417 IC115 RAMP (0012538),12538,03 - At intersection,03 - P.D. only,02 - Angle,01 - Clear,01 - Daylight,01 - Dry,02 - Stop sign,01 - Functioning,2,0,0,0,,0,,,,,372541.6638,5031688.662,45.42185253,-75.63438305,345
18--1039,1/19/2018,12:00 PM,MERIVALE RD @ EMERALD PLAZA SC (0005311),5311,02 - Intersection related,03 - P.D. only,03 - Rear end,01 - Clear,01 - Daylight,01 - Dry,01 - Traffic signal,01 - Functioning,2,0,0,0,,0,,,,,364737.1351,5024005.45,45.35343267,-75.73503449,346
18--10390,10/4/2018,5:39 PM,HOGAN ST @ MEADOWLANDS DR (0001120),1120,03 - At intersection,02 - Non-fatal injury,05 - Turning movement,01 - Clear,01 - Daylight,01 - Dry,02 - Stop sign,00 - Unknown,2,0,1,0,01 - Minimal,1,1,,,,366122.6359,5024894.544,45.36131279,-75.71724297,347
18--10391,10/4/2018,5:51 PM,STATION BLVD btwn BLAIR ST & ACTON ST (__3ZA94G),__3ZA94G,04 - At/near private drive,02 - Non-fatal injury,02 - Angle,01 - Clear,01 - Daylight,01 - Dry,10 - No control,,2,0,0,0,02 - Minor,1,,1,,,371248.7807,5030095.871,45.40764527,-75.6511167,348
18--10392,10/4/2018,5:55 PM,SUSSEX DR @ 151 S OF KING EDWARD AVE (0008807),8807,02 - Intersection related,03 - P.D. only,03 - Rear end,01 - Clear,01 - Daylight,01 - Dry,01 - Traffic signal,01 - Functioning,3,0,0,0,,0,,,,,367601.925,5033361.472,45.4373648,-75.69728425,349
18--10393,10/4/2018,5:55 PM,WALKLEY RD btwn 152 E OF HEATHERINGTON RD & HOLLY LANE (__3ZA2LVB),__3ZA2LVB,01 - Non intersection,03 - P.D. only,03 - Rear end,01 - Clear,01 - Daylight,01 - Dry,10 - No control,,2,0,0,0,,0,,,,,372152.5953,5027018.711,45.37987186,-75.63999183,350
18--10394,10/4/2018,6:05 PM,ROCKDALE RD S @ HIGHWAY 417 (0004639),4639,02 - Intersection related,03 - P.D. only,03 - Rear end,01 - Clear,01 - Daylight,01 - Dry,02 - Stop sign,01 - Functioning,2,0,0,0,,0,,,,,395261.2374,5022264.893,45.33450003,-75.3458459,351
18--10395,10/4/2018,6:12 PM,REGIONAL ROAD 174 btwn Continuation of REGIONAL ROAD 174 & OR174 IC112 (__3ZA2YI),__3ZA2YI,01 - Non intersection,02 - Non-fatal injury,03 - Rear end,01 - Clear,01 - Daylight,01 - Dry,10 - No control,,2,0,0,0,01 - Minimal,1,1,,,,374240.8379,5032420.672,45.42827218,-75.61257005,352
18--10396,10/4/2018,6:14 PM,REGIONAL ROAD 174 btwn OR174 IC112 RAMP36 & OR174 IC112 RAMP26 (__3ZAZFK),__3ZAZFK,01 - Non intersection,03 - P.D. only,04 - Sideswipe,01 - Clear,05 - Dusk,01 - Dry,10 - No control,,2,0,0,0,,0,,,,,374752.5746,5032810.226,45.43172618,-75.60597569,353
18--10397,10/4/2018,6:30 AM,FERNBANK RD btwn LUCAS LANE & JINKINSON RD (__3ZAC5A),__3ZAC5A,01 - Non intersection,03 - P.D. only,07 - SMV other,02 - Rain,03 - Dawn,02 - Wet,10 - No control,,1,0,0,0,,0,,,,,345821.9641,5007596.282,45.207138,-75.97778884,354
18--10398,10/4/2018,6:38 PM,BLAIR RD @ INNES RD (0004165),4165,02 - Intersection related,03 - P.D. only,03 - Rear end,01 - Clear,05 - Dusk,01 - Dry,01 - Traffic signal,01 - Functioning,3,0,0,0,,0,,,,,375578.7251,5031439.605,45.41931099,-75.5956154,355
18--112,1/2/2018,5:00 PM,BASELINE RD @ FISHER AVE (0002346),2346,02 - Intersection related,03 - P.D. only,03 - Rear end,03 - Snow,05 - Dusk,05 - Packed snow,01 - Traffic signal,01 - Functioning,2,0,0,0,,0,,,,,366166.6934,5026028.533,45.37151235,-75.7165398,1945
18--104,1/2/2018,3:00 PM,APPLETON DR @ MEADOWBROOK RD (0013073),13073,03 - At intersection,03 - P.D. only,02 - Angle,03 - Snow,01 - Daylight,04 - Slush,02 - Stop sign,01 - Functioning,2,0,0,0,,0,,,,,374927.6891,5032231.955,45.42650568,-75.60382027,357
18--1040,1/19/2018,12:38 PM,MERIVALE RD @ ROSSLAND AVE (0001757),1757,03 - At intersection,03 - P.D. only,03 - Rear end,01 - Clear,01 - Daylight,02 - Wet,02 - Stop sign,01 - Functioning,3,0,0,0,,0,,,,,364673.6969,5024151.514,45.35475236,-75.73582638,358
18--10400,10/4/2018,7:15 PM,CLYDE AVE btwn MAITLAND AVE & BASELINE RD (__3ZA4IR),__3ZA4IR,01 - Non intersection,03 - P.D. only,04 - Sideswipe,01 - Clear,07 - Dark,02 - Wet,10 - No control,,2,0,0,0,,0,,,,,364356.1393,5024896.518,45.36148285,-75.73978927,359
18--10401,10/4/2018,7:26 PM,REGIONAL ROAD 174 btwn Continuation of REGIONAL ROAD 174 & OR174 IC112 (__3ZA2YI),__3ZA2YI,01 - Non intersection,02 - Non-fatal injury,03 - Rear end,01 - Clear,07 - Dark,01 - Dry,10 - No control,,3,0,0,0,02 - Minor,1,,1,,,374290.9918,5032460.424,45.42862486,-75.61192357,360
18--10402,10/4/2018,8:09 AM,BREWER RD @ BRONSON AVE (0002240),2240,02 - Intersection related,02 - Non-fatal injury,03 - Rear end,02 - Rain,01 - Daylight,02 - Wet,01 - Traffic signal,01 - Functioning,2,0,0,0,01 - Minimal,2,2,,,,368108.9177,5027766.528,45.38697759,-75.69152329,361
18--10403,10/4/2018,8:14 AM,BANTREE ST @ INNES RD (0007684),7684,03 - At intersection,02 - Non-fatal injury,05 - Turning movement,02 - Rain,01 - Daylight,02 - Wet,01 - Traffic signal,01 - Functioning,2,0,0,0,02 - Minor,2,1,1,,,373705.8795,5030406.55,45.41020303,-75.61968749,362
18--10404,10/4/2018,8:17 AM,OTTAWA RIVER PKWY @ WOODROFFE AVE (0002637),2637,02 - Intersection related,03 - P.D. only,03 - Rear end,02 - Rain,01 - Daylight,00 - Unknown,02 - Stop sign,01 - Functioning,3,0,0,0,,0,,,,,361426.6818,5027002.537,45.38067539,-75.77693815,363
18--10405,10/4/2018,8:21 PM,BRONSON AVE btwn FINDLAY AVE & BRONSON AVE SB OFF RAMP 34 (__3ZA3N5),__3ZA3N5,01 - Non intersection,03 - P.D. only,03 - Rear end,01 - Clear,07 - Dark,01 - Dry,10 - No control,,2,0,0,0,,0,,,,,367746.9635,5028499.114,45.39360182,-75.69605166,364
18--10406,10/4/2018,8:40 AM,ROBERTSON RD btwn FITZGERALD RD & MOODIE DR (__3ZA411),__3ZA411,04 - At/near private drive,03 - P.D. only,05 - Turning movement,02 - Rain,01 - Daylight,02 - Wet,10 - No control,,2,0,0,0,,0,,,,,356999.8869,5020417.325,45.32176508,-75.83415473,365
18--10407,10/4/2018,8:41 PM,BASELINE RD @ ROCKWAY CRES (0002187),2187,03 - At intersection,02 - Non-fatal injury,07 - SMV other,01 - Clear,07 - Dark,01 - Dry,02 - Stop sign,01 - Functioning,1,0,0,2,02 - Minor,2,,2,,,361184.6538,5022932.471,45.3440727,-75.78049272,366
18--10408,10/4/2018,8:45 AM,DALY AVE @ KING EDWARD AVE (0007755),7755,03 - At intersection,03 - P.D. only,02 - Angle,02 - Rain,01 - Daylight,02 - Wet,02 - Stop sign,01 - Functioning,2,0,0,0,,0,,,,,368591.8088,5032273.619,45.42748709,-75.68477406,367
18--10409,10/4/2018,9:00 AM,CARLING AVE @ CROYDON AVE (0002642),2642,03 - At intersection,02 - Non-fatal injury,02 - Angle,02 - Rain,01 - Daylight,02 - Wet,01 - Traffic signal,01 - Functioning,2,0,0,0,02 - Minor,1,,1,,,360658.4589,5025042.531,45.36310105,-75.78696841,368
18--1041,1/19/2018,12:40 PM,AVIATION PKWY NB @ LA CITE PRIV (0009078),9078,03 - At intersection,03 - P.D. only,02 - Angle,01 - Clear,01 - Daylight,02 - Wet,02 - Stop sign,01 - Functioning,2,0,0,0,,0,,,,,372501.34,5033247.688,45.43588381,-75.63468394,369
18--10410,10/4/2018,9:21 PM,CYRVILLE RD @ OGILVIE RD (0003554),3554,03 - At intersection,02 - Non-fatal injury,05 - Turning movement,01 - Clear,07 - Dark,01 - Dry,01 - Traffic signal,01 - Functioning,2,0,0,0,02 - Minor,1,,1,,,372453.5849,5032005.689,45.42471352,-75.63546488,370
18--10411,10/4/2018,9:22 AM,HERON RD WB btwn PRINCE OF WALES DR & HERON RD WB ON RAMP/VINCENT MASS (__3ZA37C),__3ZA37C,01 - Non intersection,02 - Non-fatal injury,03 - Rear end,02 - Rain,01 - Daylight,02 - Wet,10 - No control,,2,0,0,0,01 - Minimal,2,2,,,,367345.7037,5026514.498,45.37578071,-75.70142745,371
18--10412,10/4/2018,9:45 PM,CYRVILLE RD @ INNES RD (0009352),9352,02 - Intersection related,02 - Non-fatal injury,04 - Sideswipe,01 - Clear,07 - Dark,01 - Dry,01 - Traffic signal,01 - Functioning,2,0,0,0,01 - Minimal,1,1,,,,375047.6965,5031119.657,45.41648579,-75.60244546,372
18--10413,10/5/2018,10:10 PM,HAWTHORNE AVE/ISABELLA ST @ QUEEN ELIZABETH DR (0002105),2105,02 - Intersection related,03 - P.D. only,03 - Rear end,01 - Clear,07 - Dark,01 - Dry,01 - Traffic signal,01 - Functioning,2,0,0,0,,0,,,,,368665.7468,5030476.566,45.41131109,-75.6840622,373
18--10414,10/5/2018,10:45 PM,BANK ST @ HOLMWOOD AVE (0007225),7225,02 - Intersection related,03 - P.D. only,04 - Sideswipe,01 - Clear,07 - Dark,01 - Dry,01 - Traffic signal,01 - Functioning,2,0,0,0,,0,,,,,368481.7542,5029197.705,45.39982108,-75.68657779,374
18--10415,10/5/2018,10:50 AM,GEORGE ST @ SUSSEX DR (0002109),2109,02 - Intersection related,03 - P.D. only,04 - Sideswipe,01 - Clear,01 - Daylight,01 - Dry,01 - Traffic signal,01 - Functioning,2,0,0,0,,0,,,,,367869.0979,5032130.648,45.42626623,-75.69402731,375
18--10416,10/5/2018,11:10 AM,WOODROFFE AVE btwn WOODROFFE AVE & NAVAHO DR (__3ZA2TY),__3ZA2TY,04 - At/near private drive,03 - P.D. only,99 - Other,01 - Clear,01 - Daylight,01 - Dry,10 - No control,,2,0,0,0,,0,,,,,362612.008,5023614.891,45.35009688,-75.76220042,376
18--10417,10/5/2018,11:15 AM,SECOND AVE btwn LYON ST S & BANK ST (__3ZA92B),__3ZA92B,04 - At/near private drive,03 - P.D. only,06 - SMV unattended vehicle,01 - Clear,01 - Daylight,01 - Dry,10 - No control,,1,0,0,0,,0,,,,,368297.9355,5029623.729,45.40367101,-75.68887066,377
18--10418,10/5/2018,11:20 AM,LIMEBANK RD btwn RIVER RD & BALMORAL DR (__7IFXUJ),__7IFXUJ,01 - Non intersection,03 - P.D. only,05 - Turning movement,01 - Clear,01 - Daylight,01 - Dry,10 - No control,,2,0,0,0,,0,,,,,368430.6375,5020379.284,45.32047978,-75.68836596,378
18--10419,10/5/2018,11:29 AM,DOZOIS RD @ KNIGHTS DR/SQUIRE DR S (0004832),4832,02 - Intersection related,02 - Non-fatal injury,07 - SMV other,01 - Clear,01 - Daylight,01 - Dry,02 - Stop sign,01 - Functioning,1,0,0,0,02 - Minor,1,,1,,,372610.7017,5009966.297,45.22639482,-75.63647565,379
18--1042,1/19/2018,2:00 PM,ALBION RD @ MITCH OWENS RD (0004212),4212,03 - At intersection,02 - Non-fatal injury,05 - Turning movement,01 - Clear,01 - Daylight,02 - Wet,01 - Traffic signal,01 - Functioning,2,0,0,0,02 - Minor,1,,1,,,375907.2051,5014803.998,45.26959796,-75.5938101,380
18--10420,10/5/2018,11:30 AM,HIGHWAY 417 btwn HWY417 IC126 RAMP16 & HWY417 IC126 RAMP61 (__3ZA2RC),__3ZA2RC,01 - Non intersection,03 - P.D. only,03 - Rear end,01 - Clear,01 - Daylight,01 - Dry,10 - No control,,2,0,0,0,,0,,,,,363084.0544,5025761.122,45.36936937,-75.75592356,381
18--10421,10/5/2018,11:43 AM,WOODROFFE AVE @ HWY 417 WOODROFF IC127R26/HWY4 (0002355),2355,02 - Intersection related,03 - P.D. only,03 - Rear end,01 - Clear,01 - Daylight,01 - Dry,01 - Traffic signal,01 - Functioning,2,0,0,0,,0,,,,,362082.7529,5024939.593,45.36205988,-75.76880074,382
18--10422,10/5/2018,11:45 AM,HAWTHORNE AVE @ MAIN ST (0006919),6919,02 - Intersection related,03 - P.D. only,03 - Rear end,01 - Clear,01 - Daylight,01 - Dry,01 - Traffic signal,00 - Unknown,2,0,0,0,,0,,,,,368970.7101,5030632.557,45.41268675,-75.68014614,383
18--10423,10/5/2018,12:00 PM,SCOUT ST @ STATEN WAY E (0011229),11229,03 - At intersection,03 - P.D. only,02 - Angle,01 - Clear,01 - Daylight,01 - Dry,02 - Stop sign,01 - Functioning,2,0,0,0,,0,,,,,364363.6858,5025494.735,45.36686488,-75.73962084,384
18--10424,10/5/2018,12:02 PM,HAZEL ST @ MAIN ST (0007202),7202,03 - At intersection,02 - Non-fatal injury,05 - Turning movement,01 - Clear,01 - Daylight,01 - Dry,01 - Traffic signal,01 - Functioning,2,1,0,0,02 - Minor,1,,1,,,369166.6768,5030173.61,45.40853931,-75.67770263,385
18--10425,10/5/2018,12:20 PM,OTTAWA RIVER PKWY @ WOODROFFE AVE (0002637),2637,02 - Intersection related,03 - P.D. only,07 - SMV other,01 - Clear,01 - Daylight,01 - Dry,02 - Stop sign,01 - Functioning,1,0,0,0,,0,,,,,361426.6817,5027002.537,45.38067539,-75.77693815,386
18--10426,10/5/2018,12:20 PM,HIGHWAY 416 btwn HWY416 IC75A RAMP43 & HWY416 IC72 RAMP34 (__3ZAZLD),__3ZAZLD,01 - Non intersection,03 - P.D. only,07 - SMV other,01 - Clear,01 - Daylight,01 - Dry,10 - No control,,1,0,0,0,,0,,,,,358763.3364,5021825.194,45.33429983,-75.81150888,387
18--10427,10/5/2018,2:27 PM,HILSON AVE @ BYRON AVE (0006298),6298,03 - At intersection,03 - P.D. only,02 - Angle,01 - Clear,01 - Daylight,01 - Dry,02 - Stop sign,01 - Functioning,2,0,0,0,,0,,,,,363970.6021,5028478.506,45.39374567,-75.74428085,388
18--10428,10/5/2018,2:36 PM,MACKENZIE AVE @ RIDEAU ST (0002136),2136,03 - At intersection,03 - P.D. only,05 - Turning movement,01 - Clear,01 - Daylight,01 - Dry,01 - Traffic signal,01 - Functioning,2,0,0,0,,0,,,,,367869.699,5032009.58,45.42517685,-75.69403513,389
18--10429,10/5/2018,2:44 PM,CARLING AVE @ ROCHESTER ST (0002145),2145,02 - Intersection related,03 - P.D. only,05 - Turning movement,01 - Clear,01 - Daylight,01 - Dry,02 - Stop sign,01 - Functioning,2,0,0,0,,0,,,,,366992.7126,5029042.554,45.39855894,-75.70561538,390
18--1043,1/19/2018,2:18 PM,RIVERSIDE DR SB btwn HWY417 IC117 RAMP53 & HWY417 IC117 RAMP52 (__3ZA255),__3ZA255,01 - Non intersection,02 - Non-fatal injury,03 - Rear end,01 - Clear,01 - Daylight,02 - Wet,10 - No control,,3,0,0,0,01 - Minimal,1,1,,,,370772.908,5030920.289,45.41510807,-75.65708497,391
18--10430,10/5/2018,3:00 PM,HIGHWAY 417 btwn HWY417 IC117 RAMP51 & HWY417 IC117 RAMP35 (__3ZA2YN),__3ZA2YN,01 - Non intersection,03 - P.D. only,03 - Rear end,01 - Clear,01 - Daylight,01 - Dry,10 - No control,,2,0,0,0,,0,,,,,370567.6502,5031153.235,45.41722334,-75.65967611,392
18--10431,10/5/2018,3:15 PM,BILLY BISHOP PRIV @ HUNT CLUB RD (0011420),11420,02 - Intersection related,03 - P.D. only,03 - Rear end,01 - Clear,01 - Daylight,01 - Dry,02 - Stop sign,00 - Unknown,3,0,0,0,,0,,,,,368976.9494,5022500.005,45.33951184,-75.68112331,393
18--10432,10/5/2018,3:15 PM,TALLWOOD DR @ AVENSHIRE GT/MERIDIAN PL (0009774),9774,02 - Intersection related,03 - P.D. only,03 - Rear end,01 - Clear,01 - Daylight,01 - Dry,02 - Stop sign,01 - Functioning,2,0,0,0,,0,,,,,362815.4796,5022618.515,45.34111476,-75.75972079,394
18--10433,10/5/2018,3:23 PM,HIGHWAY 417 btwn RAMP & HWY417 IC88 RAMP51 (__3ZA2W2),__3ZA2W2,01 - Non intersection,03 - P.D. only,03 - Rear end,01 - Clear,01 - Daylight,01 - Dry,10 - No control,,2,0,0,0,,0,,,,,390819.0032,5023216.917,45.34362404,-75.40234614,395
18--10434,10/5/2018,4:01 PM,DUNHAM ST @ OGILVIE RD (0009281),9281,02 - Intersection related,03 - P.D. only,05 - Turning movement,01 - Clear,01 - Daylight,01 - Dry,02 - Stop sign,01 - Functioning,2,0,0,0,,0,,,,,374721.7989,5033324.71,45.43635829,-75.6062959,396
18--10435,10/5/2018,4:09 PM,MAITLAND AVE @ WOODWARD DR (0003185),3185,02 - Intersection related,03 - P.D. only,03 - Rear end,01 - Clear,01 - Daylight,01 - Dry,01 - Traffic signal,01 - Functioning,2,0,0,0,,0,,,,,363273.594,5025662.957,45.36847031,-75.75351565,397
18--10436,10/5/2018,4:10 PM,HUNT CLUB RD @ LINDBERGH PRIV (0011417),11417,03 - At intersection,03 - P.D. only,02 - Angle,01 - Clear,01 - Daylight,01 - Dry,02 - Stop sign,01 - Functioning,2,0,0,0,,0,,,,,368362.9637,5022133.962,45.33627416,-75.68900379,398
18--10437,10/5/2018,4:45 PM,HIGHWAY 417 btwn HWY417 IC127 RAMP35 & HWY417 IC127 RAMP25 (__3ZA2RE),__3ZA2RE,01 - Non intersection,03 - P.D. only,03 - Rear end,01 - Clear,01 - Daylight,01 - Dry,10 - No control,,2,0,0,0,,0,,,,,362160.7891,5024856.543,45.36130622,-75.76781435,399
18--10438,10/5/2018,5:00 PM,TRIM RD @ WATTERS RD (0012847),12847,02 - Intersection related,03 - P.D. only,03 - Rear end,01 - Clear,01 - Daylight,01 - Dry,01 - Traffic signal,01 - Functioning,2,0,0,0,,0,,,,,384964.6882,5038717.621,45.48377935,-75.47451707,400
18--10709,10/12/2018,7:24 PM,LACASSE AVE @ MONTREAL RD (0009797),9797,03 - At intersection,03 - P.D. only,05 - Turning movement,01 - Clear,07 - Dark,01 - Dry,01 - Traffic signal,00 - Unknown,2,0,0,0,,0,,,,,370686.7244,5033406.737,45.4374882,-75.65785337,401
18--1071,1/20/2018,12:15 PM,BASELINE RD @ LOBLAWS SC (0009097),9097,02 - Intersection related,03 - P.D. only,03 - Rear end,01 - Clear,01 - Daylight,01 - Dry,01 - Traffic signal,01 - Functioning,2,0,0,0,,0,,,,,364742.6509,5025129.497,45.36354622,-75.73482779,402
18--10710,10/12/2018,7:30 AM,EQUINE WAY btwn CAVESSON ST & TAPADERO AVE (__827GGE),__827GGE,01 - Non intersection,03 - P.D. only,06 - SMV unattended vehicle,01 - Clear,01 - Daylight,01 - Dry,10 - No control,,1,0,0,0,,0,,,,,353001.485,5015091.127,45.27412463,-75.88567177,403
18--10711,10/12/2018,7:30 PM,PARKDALE AVE @ HWY 417 PARKDAL IC122R15/HWY 41 (0002363),2363,02 - Intersection related,03 - P.D. only,03 - Rear end,01 - Clear,07 - Dark,01 - Dry,01 - Traffic signal,01 - Functioning,2,0,0,0,,0,,,,,365336.7036,5028845.593,45.39693187,-75.72678971,404
18--10712,10/12/2018,7:42 PM,HIGHWAY 417 btwn HWY417 IC123 RAMP62 & HWY417 IC122 RAMP16 (__3ZA2R9),__3ZA2R9,01 - Non intersection,03 - P.D. only,03 - Rear end,01 - Clear,07 - Dark,01 - Dry,10 - No control,,2,0,0,0,,0,,,,,364872.4466,5028246.919,45.39158511,-75.73279183,405
18--10713,10/12/2018,8:28 PM,OGILVIE RD @ BATHGATE DR/CITYPARK DR W (0012430),12430,03 - At intersection,02 - Non-fatal injury,05 - Turning movement,01 - Clear,07 - Dark,01 - Dry,01 - Traffic signal,01 - Functioning,2,0,0,0,01 - Minimal,1,1,,,,373828.5775,5032800.801,45.43173319,-75.61778468,406
18--10714,10/12/2018,9:05 AM,NEPEAN ST btwn O'CONNOR ST & METCALFE ST (__3ZA9U6),__3ZA9U6,01 - Non intersection,03 - P.D. only,04 - Sideswipe,01 - Clear,01 - Daylight,01 - Dry,10 - No control,,2,0,0,0,,0,,,,,367862.1376,5031311.828,45.41889939,-75.69422107,407
18--10715,10/12/2018,9:06 AM,BANK ST @ PARKWAY RD (0005709),5709,02 - Intersection related,03 - P.D. only,03 - Rear end,01 - Clear,01 - Daylight,01 - Dry,01 - Traffic signal,01 - Functioning,2,0,0,0,,0,,,,,378746.6885,5014207.548,45.26393852,-75.55771736,408
18--10716,10/12/2018,9:08 AM,GREENBANK RD btwn WEST HUNT CLUB RD & FALLOWFIELD RD (__3ZA1NE),__3ZA1NE,01 - Non intersection,03 - P.D. only,03 - Rear end,01 - Clear,01 - Daylight,01 - Dry,10 - No control,,3,0,0,0,,0,,,,,361849.7015,5019655.468,45.31453252,-75.77238458,409
18--10717,10/12/2018,9:13 AM,BASELINE RD/HWY 416 RICHMOND IC75R53 @ RICHMON (0000148),148,02 - Intersection related,03 - P.D. only,03 - Rear end,01 - Clear,01 - Daylight,01 - Dry,01 - Traffic signal,00 - Unknown,2,0,0,0,,0,,,,,358635.732,5021821.619,45.33427746,-75.81313719,410
18--10718,10/12/2018,9:30 AM,ELGIN ST @ QUEEN ST (0007144),7144,02 - Intersection related,03 - P.D. only,03 - Rear end,01 - Clear,01 - Daylight,01 - Dry,01 - Traffic signal,01 - Functioning,2,0,0,0,,0,,,,,367804.6634,5031779.654,45.42311391,-75.69489555,411
18--10719,10/12/2018,9:33 PM,PARKDALE AVE @ WELLINGTON ST (0002260),2260,02 - Intersection related,03 - P.D. only,03 - Rear end,01 - Clear,07 - Dark,01 - Dry,01 - Traffic signal,01 - Functioning,2,0,0,0,,0,,,,,365149.7,5029270.555,45.40077173,-75.72912602,412
18--1072,1/20/2018,12:29 AM,GREENBANK RD @ MEADOWBANK DR (0001123),1123,02 - Intersection related,03 - P.D. only,03 - Rear end,04 - Freezing Rain,07 - Dark,06 - Ice,02 - Stop sign,01 - Functioning,2,0,0,0,,0,,,,,360765.6777,5022186.502,45.33739403,-75.78592311,413
18--10720,10/12/2018,9:45 AM,INNES RD @ VISENEAU DR (0012442),12442,02 - Intersection related,03 - P.D. only,04 - Sideswipe,01 - Clear,01 - Daylight,01 - Dry,01 - Traffic signal,01 - Functioning,2,0,0,0,,0,,,,,381798.8524,5035073.538,45.45134934,-75.51557985,414
18--10721,10/13/2018,1:05 PM,HIGHWAY 417 btwn HWY417 IC122 RAMP61 & HWY417 IC121B RAMP16 (__3ZA2Y4),__3ZA2Y4,01 - Non intersection,03 - P.D. only,03 - Rear end,01 - Clear,01 - Daylight,01 - Dry,10 - No control,,2,0,0,0,,0,,,,,365729.2277,5029160.737,45.39973341,-75.7217377,415