Anom_ID,Accident_Date,Accident_Time,Location,Geo_ID,Accident_Location,Classification_of_Accident,Initial_Impact_Type,Environment_Condition,Light,Road_Surface_Condition,Traffic_Control,Traffic_Control_Condition,No__of_Vehicles,No__of_Bicycles,No__of_Motorcycles,No__of_Pedestrians,Max_Injury,No__of_Injuries,No__of_Minimal,No__of_Minor,No__of_Major,No__of_Fatal,X,Y,Latitude,Longitude,ObjectId
18--10722,10/13/2018,1:15 PM,MERIVALE RD @ 210 S OF MEADOWLANDS DR (0005419),5419,02 - Intersection related,03 - P.D. only,04 - Sideswipe,01 - Clear,01 - Daylight,01 - Dry,01 - Traffic signal,01 - Functioning,2,0,0,0,,0,,,,,364943.7539,5023530.626,45.34914258,-75.73245545,416
18--10723,10/13/2018,1:24 PM,CONROY RD btwn CONROY RD & ROSEBELLA AVE (__3ZA3S2),__3ZA3S2,04 - At/near private drive,03 - P.D. only,07 - SMV other,01 - Clear,01 - Daylight,01 - Dry,10 - No control,,1,0,0,0,,0,,,,,373855.7659,5025197.928,45.36332343,-75.61850159,417
18--10724,10/13/2018,10:00 AM,LEWIS ST @ METCALFE ST (0007288),7288,02 - Intersection related,03 - P.D. only,04 - Sideswipe,01 - Clear,01 - Daylight,01 - Dry,02 - Stop sign,00 - Unknown,2,0,0,0,,0,,,,,368120.6937,5030923.676,45.41538357,-75.69096757,418
18--10725,10/13/2018,10:14 AM,HARRY DOUGLAS DR @ IBER RD (0010266),10266,03 - At intersection,03 - P.D. only,02 - Angle,01 - Clear,01 - Daylight,01 - Dry,02 - Stop sign,01 - Functioning,2,0,0,0,,0,,,,,351693.5065,5015205.389,45.27524124,-75.90233025,419
18--10726,10/13/2018,10:20 PM,O'CONNOR ST btwn GLADSTONE AVE & MCLEOD ST (__3ZA3QS),__3ZA3QS,01 - Non intersection,03 - P.D. only,04 - Sideswipe,01 - Clear,07 - Dark,01 - Dry,10 - No control,,2,0,0,0,,0,,,,,368080.3323,5030649.936,45.4129242,-75.69151835,420
18--10727,10/13/2018,11:00 AM,TERRY FOX DR @ EDGEWATER ST/WALTER BAKER PL (0002699),2699,03 - At intersection,03 - P.D. only,03 - Rear end,01 - Clear,01 - Daylight,01 - Dry,01 - Traffic signal,01 - Functioning,2,0,0,0,,0,,,,,351777.5543,5017613.345,45.29690309,-75.90103111,421
18--10728,10/13/2018,11:01 AM,CARP RD btwn ECHOWOODS AVE/KITTIWAKE DR & ROTHBOURNE RD (__4YT2RX),__4YT2RX,04 - At/near private drive,02 - Non-fatal injury,05 - Turning movement,01 - Clear,01 - Daylight,01 - Dry,10 - No control,,2,1,0,0,02 - Minor,1,,1,,,348454.0369,5014694.6,45.27085356,-75.943661,422
18--10729,10/13/2018,11:22 AM,PLACE D'ORLEANS DR W @ ST. JOSEPH BLVD (0008776),8776,02 - Intersection related,03 - P.D. only,03 - Rear end,01 - Clear,01 - Daylight,01 - Dry,01 - Traffic signal,01 - Functioning,2,0,0,0,,0,,,,,381601.8473,5037684.143,45.47485908,-75.51769031,423
18--1073,1/20/2018,12:42 PM,WOODROFFE AVE @ KNOXDALE RD/MEDHURST DR (0000519),519,03 - At intersection,03 - P.D. only,05 - Turning movement,01 - Clear,01 - Daylight,01 - Dry,01 - Traffic signal,01 - Functioning,2,0,0,0,,0,,,,,363419.6901,5021826.486,45.33393791,-75.75210553,424
18--10730,10/13/2018,11:55 AM,CARLING AVE @ MERIVALE RD (0002148),2148,03 - At intersection,03 - P.D. only,05 - Turning movement,01 - Clear,01 - Daylight,01 - Dry,01 - Traffic signal,01 - Functioning,2,0,0,0,,0,,,,,364894.7041,5027700.544,45.38666703,-75.73257413,425
18--10731,10/13/2018,Unknown,GLOUCESTER ST btwn METCALFE ST & ELGIN ST (__3ZA9VJ),__3ZA9VJ,01 - Non intersection,03 - P.D. only,06 - SMV unattended vehicle,01 - Clear,00 - Unknown,01 - Dry,10 - No control,,1,0,0,0,,0,,,,,367926.8704,5031442.029,45.42006506,-75.69337734,426
18--10732,10/13/2018,Unknown,CAHILL DR    W btwn YORKBERRY GT & TWYFORD ST (__3ZA9B3),__3ZA9B3,01 - Non intersection,03 - P.D. only,06 - SMV unattended vehicle,01 - Clear,00 - Unknown,01 - Dry,10 - No control,,1,0,0,0,,0,,,,,370283.0401,5023464.555,45.3480699,-75.6643321,427
18--10733,10/13/2018,12:55 AM,TYRRELL PL @ SEYTON DR (0010471),10471,02 - Intersection related,03 - P.D. only,99 - Other,01 - Clear,07 - Dark,01 - Dry,02 - Stop sign,01 - Functioning,2,0,0,0,,0,,,,,357128.6564,5019751.373,45.31576319,-75.83258266,428
18--10734,10/13/2018,2:00 PM,HOG'S BACK RD btwn PRINCE OF WALES DR & COLONEL BY DR (__3ZA22U),__3ZA22U,07 - Overpass or bridge,03 - P.D. only,03 - Rear end,01 - Clear,01 - Daylight,01 - Dry,10 - No control,,3,0,0,0,,0,,,,,367568.8982,5025850.654,45.36978764,-75.69866239,429
18--10735,10/13/2018,2:05 PM,BYRON AVE @ GOLDEN AVE (0006081),6081,03 - At intersection,02 - Non-fatal injury,07 - SMV other,01 - Clear,01 - Daylight,01 - Dry,02 - Stop sign,01 - Functioning,1,0,0,1,03 - Major,1,,,1,,362884.6201,5027978.49,45.38933752,-75.75820855,430
18--10736,10/13/2018,2:17 PM,INNES RD @ ORLEANS BLVD (0003611),3611,02 - Intersection related,03 - P.D. only,03 - Rear end,01 - Clear,01 - Daylight,01 - Dry,01 - Traffic signal,01 - Functioning,2,0,0,0,,0,,,,,380460.9087,5034296.439,45.44450373,-75.53280232,431
18--10737,10/13/2018,2:22 PM,INNES RD @ ORCHARDVIEW AVE/ESPRIT DR (0012279),12279,03 - At intersection,03 - P.D. only,02 - Angle,01 - Clear,01 - Daylight,01 - Dry,01 - Traffic signal,01 - Functioning,2,0,0,0,,0,,,,,384844.8421,5036560.743,45.46438759,-75.47640132,432
18--10738,10/13/2018,2:30 PM,FISHER AVE @ VIEWMOUNT DR (0005076),5076,02 - Intersection related,03 - P.D. only,04 - Sideswipe,01 - Clear,01 - Daylight,01 - Dry,01 - Traffic signal,01 - Functioning,2,0,0,0,,0,,,,,366918.719,5024209.404,45.35507795,-75.70716838,433
18--10739,10/13/2018,2:31 AM,DALHOUSIE ST @ RIDEAU ST (0007646),7646,02 - Intersection related,03 - P.D. only,03 - Rear end,01 - Clear,07 - Dark,01 - Dry,01 - Traffic signal,01 - Functioning,2,0,0,0,,0,,,,,368206.5457,5032227.658,45.42710858,-75.68970294,434
18--1074,1/20/2018,12:46 AM,IVY CRES btwn MACKAY ST & BERTRAND ST (1) (__3ZA8X9),__3ZA8X9,01 - Non intersection,03 - P.D. only,06 - SMV unattended vehicle,01 - Clear,07 - Dark,05 - Packed snow,10 - No control,,1,0,0,0,,0,,,,,368930.1045,5033727.404,45.44053676,-75.6802619,435
18--10740,10/13/2018,2:41 PM,BARNSDALE RD @ PRINCE OF WALES DR (0001082),1082,03 - At intersection,02 - Non-fatal injury,02 - Angle,01 - Clear,01 - Daylight,01 - Dry,02 - Stop sign,01 - Functioning,2,0,0,0,02 - Minor,1,,1,,,366646.5501,5011532.532,45.24103677,-75.71222293,436
18--10741,10/13/2018,2:55 AM,ROCKDALE RD S @ HIGHWAY 417 (0004639),4639,03 - At intersection,03 - P.D. only,05 - Turning movement,01 - Clear,07 - Dark,01 - Dry,02 - Stop sign,00 - Unknown,2,0,0,0,,0,,,,,395261.2262,5022265.047,45.33450142,-75.34584602,437
18--10742,10/13/2018,3:21 PM,ALTA VISTA DR @ BANK ST (0011318),11318,03 - At intersection,03 - P.D. only,02 - Angle,01 - Clear,01 - Daylight,01 - Dry,01 - Traffic signal,01 - Functioning,2,0,0,0,,0,,,,,370248.0089,5026200.66,45.37269182,-75.66441679,438
18--10743,10/13/2018,3:32 PM,BLACKBURN BYPASS @ INNES RD W (0009340),9340,02 - Intersection related,02 - Non-fatal injury,03 - Rear end,01 - Clear,01 - Daylight,01 - Dry,01 - Traffic signal,01 - Functioning,2,0,0,0,01 - Minimal,3,3,,,,377187.1524,5032175.731,45.42576963,-75.574958,439
18--10744,10/13/2018,4:28 PM,BAYSHORE DR btwn WOODRIDGE CRES N & BAYSHORE CS (__3ZAA4OA),__3ZAA4OA,04 - At/near private drive,03 - P.D. only,02 - Angle,01 - Clear,01 - Daylight,01 - Dry,10 - No control,,2,0,0,0,,0,,,,,359100.5674,5023829.722,45.3523106,-75.8069866,440
18--10745,10/13/2018,4:58 PM,HUNT CLUB RD btwn CONROY RD & MALAK ST (__3ZA3S6),__3ZA3S6,01 - Non intersection,02 - Non-fatal injury,03 - Rear end,01 - Clear,01 - Daylight,01 - Dry,10 - No control,,2,0,0,0,01 - Minimal,1,1,,,,373850.4437,5025454.821,45.36563537,-75.61853362,441
18--10746,10/13/2018,5:03 PM,ARGYLE AVE N @ ELGIN ST (0007262),7262,02 - Intersection related,02 - Non-fatal injury,03 - Rear end,01 - Clear,05 - Dusk,01 - Dry,01 - Traffic signal,01 - Functioning,2,0,0,0,01 - Minimal,2,2,,,,368493.7045,5030671.536,45.41308105,-75.68623477,442
18--10747,10/13/2018,5:13 PM,LAURIER AVE @ NICHOLAS ST (0010711),10711,02 - Intersection related,03 - P.D. only,04 - Sideswipe,01 - Clear,01 - Daylight,01 - Dry,01 - Traffic signal,01 - Functioning,2,0,0,0,,0,,,,,368373.6335,5031798.304,45.42323024,-75.68762329,443
18--10748,10/13/2018,5:30 PM,ELGIN ST @ LEWIS ST (0006884),6884,03 - At intersection,03 - P.D. only,02 - Angle,01 - Clear,01 - Daylight,01 - Dry,02 - Stop sign,01 - Functioning,2,0,0,0,,0,,,,,368276.5603,5031017.688,45.41621534,-75.68896419,444
18--10749,10/13/2018,6:30 PM,COLONEL BY DR/SUSSEX DR @ RIDEAU ST (0007647),7647,02 - Intersection related,03 - P.D. only,04 - Sideswipe,01 - Clear,07 - Dark,01 - Dry,01 - Traffic signal,01 - Functioning,2,0,0,0,,0,,,,,367921.7574,5032044.631,45.42548753,-75.69336546,445
18--1075,1/20/2018,12:50 AM,ORLEANS BLVD @ ST. JOSEPH BLVD (0004144),4144,03 - At intersection,03 - P.D. only,02 - Angle,02 - Rain,07 - Dark,06 - Ice,01 - Traffic signal,01 - Functioning,2,0,0,0,,0,,,,,380630.4311,5036981.113,45.46863995,-75.53022159,446
18--10750,10/13/2018,6:30 PM,HEATHERINGTON RD btwn WALKLEY RD & FAIRLEA CRES (__3ZA9YX),__3ZA9YX,01 - Non intersection,03 - P.D. only,04 - Sideswipe,01 - Clear,07 - Dark,01 - Dry,10 - No control,,2,0,0,0,,0,,,,,371804.7784,5026706.285,45.37709412,-75.64447492,447
18--10751,10/13/2018,6:30 PM,BANK ST @ HERON RD (0002155),2155,02 - Intersection related,03 - P.D. only,99 - Other,01 - Clear,05 - Dusk,01 - Dry,01 - Traffic signal,01 - Functioning,2,0,0,0,,0,,,,,369995.5988,5026851.604,45.37857233,-75.66755307,448
18--10752,10/13/2018,6:52 PM,CARLING AVE @ MAITLAND AVE/SHERBOURNE RD (0002641),2641,02 - Intersection related,03 - P.D. only,05 - Turning movement,01 - Clear,05 - Dusk,01 - Dry,01 - Traffic signal,01 - Functioning,2,0,0,0,,0,,,,,362942.726,5026488.581,45.3759267,-75.75764202,449
18--10753,10/13/2018,6:58 PM,COOPER ST @ KENT ST (0011445),11445,03 - At intersection,03 - P.D. only,02 - Angle,01 - Clear,07 - Dark,01 - Dry,02 - Stop sign,01 - Functioning,2,0,0,0,,0,,,,,367482.7046,5030889.562,45.41513407,-75.69912252,450
18--10754,10/13/2018,7:01 PM,SPRUCE ST btwn PRESTON ST & ROCHESTER ST (__3ZA0WO),__3ZA0WO,01 - Non intersection,03 - P.D. only,99 - Other,01 - Clear,07 - Dark,01 - Dry,10 - No control,,2,0,0,0,,0,,,,,366426.8062,5030266.956,45.40962582,-75.71268996,451
18--10755,10/13/2018,7:16 PM,MAYFIELD ST @ MCARTHUR AVE (0009190),9190,03 - At intersection,02 - Non-fatal injury,02 - Angle,01 - Clear,07 - Dark,01 - Dry,02 - Stop sign,01 - Functioning,2,0,0,0,02 - Minor,2,,2,,,370065.6423,5032674.712,45.43095999,-75.66588807,452
18--10756,10/13/2018,8:40 AM,FALLOWFIELD RD @ WOODROFFE AVE (0010372),10372,02 - Intersection related,03 - P.D. only,03 - Rear end,01 - Clear,01 - Daylight,01 - Dry,01 - Traffic signal,00 - Unknown,2,0,0,0,,0,,,,,365085.1506,5017903.494,45.29849806,-75.73133619,453
18--10757,10/13/2018,9:55 AM,CARLING AVE @ SCRIVENS ST (0002720),2720,02 - Intersection related,02 - Non-fatal injury,07 - SMV other,01 - Clear,01 - Daylight,01 - Dry,01 - Traffic signal,01 - Functioning,1,0,0,1,01 - Minimal,1,1,,,,359423.7063,5024258.624,45.35614477,-75.80281544,454
18--10758,10/13/2018,9:59 PM,BRONSON AVE @ LAURIER AVE (0006342),6342,02 - Intersection related,03 - P.D. only,05 - Turning movement,01 - Clear,07 - Dark,01 - Dry,01 - Traffic signal,01 - Functioning,2,0,0,0,,0,,,,,366804.6028,5030861.817,45.41494484,-75.70778907,455
18--10759,10/14/2018,1:38 PM,BANK ST @ WALKLEY RD (0011423),11423,02 - Intersection related,03 - P.D. only,03 - Rear end,01 - Clear,01 - Daylight,01 - Dry,01 - Traffic signal,01 - Functioning,2,0,0,0,,0,,,,,370337.7369,5025947.688,45.37040727,-75.66330491,456
18--1076,1/20/2018,12:52 PM,ALBION RD @ BANK ST (0012409),12409,03 - At intersection,03 - P.D. only,05 - Turning movement,01 - Clear,01 - Daylight,01 - Dry,01 - Traffic signal,01 - Functioning,2,0,0,0,,0,,,,,371946.7274,5024129.5,45.35389555,-75.64301287,457
18--10760,10/14/2018,10:11 PM,DONALD B. MUNRO DR btwn DIAMONDVIEW RD & OLD COACH RD (__3ZAC9L),__3ZAC9L,01 - Non intersection,03 - P.D. only,07 - SMV other,01 - Clear,07 - Dark,01 - Dry,10 - No control,,1,0,0,0,,0,,,,,338340.7745,5022376.64,45.3405354,-76.07202319,458
18--10761,10/14/2018,11:00 AM,INDUSTRIAL AVE @ TRAINYARDS DR (0011906),11906,02 - Intersection related,03 - P.D. only,04 - Sideswipe,01 - Clear,01 - Daylight,01 - Dry,01 - Traffic signal,01 - Functioning,2,0,0,0,,0,,,,,371685.9372,5030539.47,45.41159494,-75.64547246,459
18--10762,10/14/2018,11:05 AM,INDUSTRIAL AVE @ TRAINYARDS DR (0011906),11906,03 - At intersection,03 - P.D. only,05 - Turning movement,01 - Clear,01 - Daylight,01 - Dry,01 - Traffic signal,01 - Functioning,2,0,0,0,,0,,,,,371685.8631,5030539.417,45.41159447,-75.64547341,460
18--10763,10/14/2018,11:47 AM,EAGLESON RD @ HAZELDEAN RD/ROBERTSON RD (0002715),2715,02 - Intersection related,03 - P.D. only,03 - Rear end,01 - Clear,01 - Daylight,01 - Dry,01 - Traffic signal,00 - Unknown,2,0,0,0,,0,,,,,353673.6581,5018424.465,45.30407239,-75.87677703,461
18--10764,10/14/2018,Unknown,MURRAY ST btwn NELSON ST & BEAUSOLEIL DR (__3ZA7CQ),__3ZA7CQ,01 - Non intersection,03 - P.D. only,06 - SMV unattended vehicle,01 - Clear,00 - Unknown,01 - Dry,10 - No control,,1,0,0,0,,0,,,,,368534.1441,5032901.262,45.43313965,-75.68542968,462
18--10765,10/14/2018,12:15 AM,EAGLESON RD @ HWY 417 EAGLESO IC138R51/PARK AN (0009698),9698,02 - Intersection related,02 - Non-fatal injury,07 - SMV other,01 - Clear,07 - Dark,01 - Dry,01 - Traffic signal,01 - Functioning,1,0,0,1,02 - Minor,1,,1,,,353037.3608,5020013.87,45.31841818,-75.88473571,463
18--10766,10/14/2018,12:24 AM,ORLEANS BLVD @ MAPLE RUN AVE/BEAUSEJOUR DR S (0003628),3628,02 - Intersection related,02 - Non-fatal injury,03 - Rear end,01 - Clear,07 - Dark,01 - Dry,01 - Traffic signal,01 - Functioning,2,0,0,0,01 - Minimal,3,3,,,,380572.7541,5035315.569,45.45366096,-75.5312158,464
18--10767,10/14/2018,2:20 PM,RIVERSIDE DR @ TREMBLAY RD/HWY417 IC117 RAMP52 (0010790),10790,02 - Intersection related,03 - P.D. only,04 - Sideswipe,01 - Clear,01 - Daylight,01 - Dry,01 - Traffic signal,01 - Functioning,2,0,0,0,,0,,,,,370802.0409,5031016.077,45.41596718,-75.65669996,465
18--10768,10/14/2018,2:30 PM,HWY 417 WOODROFF IC127R62 @ WOODROFFE AVE (0002349),2349,02 - Intersection related,03 - P.D. only,03 - Rear end,01 - Clear,01 - Daylight,01 - Dry,03 - Yield sign,01 - Functioning,2,0,0,0,,0,,,,,362050.6336,5025019.388,45.36278049,-75.76920146,466
18--10769,10/14/2018,2:35 PM,CAMBRIAN RD @ GREENBANK RD (0001095),1095,03 - At intersection,03 - P.D. only,03 - Rear end,01 - Clear,01 - Daylight,01 - Dry,11 - Roundabout,00 - Unknown,2,0,0,0,,0,,,,,364764.5718,5012872.488,45.25325656,-75.73603105,467
18--1077,1/20/2018,2:00 PM,FAMEFLOWER ST btwn DES SOLDATS-RIENDEAU ST & DEVARIO CRES (e___2IS9),e___2IS9,04 - At/near private drive,03 - P.D. only,06 - SMV unattended vehicle,01 - Clear,01 - Daylight,02 - Wet,10 - No control,,1,0,0,0,,0,,,,,364508.113,5011576.407,45.24161618,-75.73945378,468
18--10770,10/14/2018,3:45 AM,O'CONNOR ST @ WELLINGTON ST (0002234),2234,03 - At intersection,03 - P.D. only,05 - Turning movement,01 - Clear,07 - Dark,01 - Dry,01 - Traffic signal,01 - Functioning,2,0,0,0,,0,,,,,367413.6994,5031722.583,45.42263551,-75.69989824,469
18--10771,10/14/2018,4:13 AM,CARLING AVE btwn DAVIDSON'S SIDE RD & GRANDVIEW RD (__3ZA4Z8),__3ZA4Z8,01 - Non intersection,03 - P.D. only,07 - SMV other,01 - Clear,07 - Dark,01 - Dry,10 - No control,,1,0,0,0,,0,,,,,355631.7718,5024088.273,45.35489709,-75.85122772,470
18--10772,10/14/2018,4:35 PM,ROYDON PL btwn WOODFIELD DR & WEST HUNT CLUB RD (__3ZAYGP),__3ZAYGP,04 - At/near private drive,03 - P.D. only,02 - Angle,01 - Clear,01 - Daylight,01 - Dry,10 - No control,,2,0,0,0,,0,,,,,365906.5421,5022278.994,45.33779736,-75.72032425,471
18--10773,10/14/2018,5:15 PM,ST. LAURENT BLVD btwn COVENTRY RD & LEMIEUX ST (__3ZA2C9),__3ZA2C9,01 - Non intersection,03 - P.D. only,04 - Sideswipe,01 - Clear,01 - Daylight,01 - Dry,10 - No control,,2,0,0,0,,0,,,,,372354.318,5031834.43,45.4231822,-75.63675674,472
18--10774,10/14/2018,6:38 PM,BRONSON AVE btwn RENFREW AVE & POWELL AVE (__3ZA3BZ),__3ZA3BZ,04 - At/near private drive,03 - P.D. only,02 - Angle,01 - Clear,05 - Dusk,01 - Dry,10 - No control,,2,0,0,0,,0,,,,,367365.3893,5029530.643,45.40291742,-75.70079374,473
18--10775,10/14/2018,7:08 PM,PERTH ST btwn SHEA RD & EAGLESON RD (__3ZA4YB),__3ZA4YB,01 - Non intersection,02 - Non-fatal injury,07 - SMV other,01 - Clear,07 - Dark,01 - Dry,10 - No control,,1,0,0,0,01 - Minimal,1,1,,,,358003.6668,5007403.06,45.20458504,-75.82274557,474
18--10776,10/14/2018,7:11 PM,GEORGE ST btwn WILLIAM ST & DALHOUSIE ST (__3ZA8Z1),__3ZA8Z1,04 - At/near private drive,02 - Non-fatal injury,02 - Angle,02 - Rain,07 - Dark,02 - Wet,10 - No control,,2,1,0,0,03 - Major,1,,,1,,368093.693,5032274.06,45.42753631,-75.69113902,475
18--10777,10/14/2018,9:08 PM,HIGHWAY 417 btwn HWY417 IC112 RAMP65 & HWY417 IC112 RAMP55 (__3ZA281),__3ZA281,01 - Non intersection,03 - P.D. only,04 - Sideswipe,01 - Clear,07 - Dark,01 - Dry,10 - No control,,3,0,0,0,,0,,,,,374416.0239,5030843.588,45.41406499,-75.61055435,476
18--10778,10/14/2018,9:18 AM,FIFTH LINE RD/GREENLAND RD @ THOMAS A. DOLAN P (0012125),12125,03 - At intersection,02 - Non-fatal injury,02 - Angle,01 - Clear,01 - Daylight,01 - Dry,02 - Stop sign,01 - Functioning,2,0,0,0,02 - Minor,2,1,1,,,344427.4969,5033271.539,45.43825311,-75.99348517,477
18--10779,10/15/2018,1:21 AM,BANK ST @ RIVERDALE AVE (0007210),7210,02 - Intersection related,03 - P.D. only,03 - Rear end,01 - Clear,07 - Dark,01 - Dry,01 - Traffic signal,01 - Functioning,2,0,0,0,,0,,,,,369077.59,5028116.95,45.39004235,-75.67910863,478
18--1078,1/20/2018,2:22 PM,INNES RD @ VISENEAU DR (0012442),12442,02 - Intersection related,03 - P.D. only,04 - Sideswipe,01 - Clear,01 - Daylight,02 - Wet,01 - Traffic signal,01 - Functioning,2,0,0,0,,0,,,,,381798.7508,5035073.557,45.45134953,-75.51558115,479
18--10780,10/15/2018,1:50 PM,BOOTH ST btwn NORMAN ST & CARLING AVE (__3ZA4PF),__3ZA4PF,01 - Non intersection,03 - P.D. only,03 - Rear end,02 - Rain,01 - Daylight,02 - Wet,10 - No control,,2,0,0,0,,0,,,,,367074.8906,5029150.983,45.39952725,-75.70455213,480
18--10781,10/15/2018,10:08 AM,MONTREAL RD @ DEN HAAG DR/LANG'S RD (0010798),10798,02 - Intersection related,02 - Non-fatal injury,03 - Rear end,01 - Clear,01 - Daylight,01 - Dry,01 - Traffic signal,01 - Functioning,2,0,0,0,01 - Minimal,1,1,,,,372386.7081,5034221.597,45.44465765,-75.63601518,481
18--10782,10/15/2018,11:05 AM,HIGHWAY 417 btwn HWY417 IC121A RAMP51 & HWY417 IC120A RAMP52 (__3ZA2R6),__3ZA2R6,01 - Non intersection,03 - P.D. only,99 - Other,02 - Rain,01 - Daylight,02 - Wet,10 - No control,,2,0,0,0,,0,,,,,367694.5778,5029937.537,45.40654903,-75.69653723,482
18--10783,10/15/2018,11:12 AM,ISLAND VIEW DR N @ MANOTICK MAIN ST (0009335),9335,03 - At intersection,02 - Non-fatal injury,03 - Rear end,01 - Clear,01 - Daylight,01 - Dry,02 - Stop sign,01 - Functioning,3,0,0,0,02 - Minor,1,,1,,,369787.7033,5009020.342,45.21814931,-75.67254431,483
18--10784,10/15/2018,11:33 AM,CARLING AVE/STATION RD @ MARCH RD (0002681),2681,02 - Intersection related,03 - P.D. only,03 - Rear end,02 - Rain,01 - Daylight,02 - Wet,01 - Traffic signal,01 - Functioning,2,0,0,0,,0,,,,,350907.5744,5022246.481,45.33865083,-75.91169159,484
18--10785,10/15/2018,11:48 AM,CHARLEMAGNE BLVD btwn BOTTRIELL WAY & CANTEVAL TER (__3ZA5TI),__3ZA5TI,01 - Non intersection,02 - Non-fatal injury,02 - Angle,02 - Rain,01 - Daylight,02 - Wet,10 - No control,,3,0,0,0,02 - Minor,1,,1,,,384029.8067,5037029.702,45.46869977,-75.4867466,485
18--10786,10/15/2018,Unknown,DAWN TARA DR btwn Continuation of DAWN TARA DR & Continuation of DAWN  (__5RGV5A),__5RGV5A,01 - Non intersection,03 - P.D. only,07 - SMV other,01 - Clear,00 - Unknown,01 - Dry,10 - No control,,1,0,0,0,,0,,,,,379708.8422,5016803.096,45.28719027,-75.54506696,486
18--10787,10/15/2018,12:00 PM,ST. JOSEPH BLVD @ JEANNE D'ARC BLVD (0012421),12421,03 - At intersection,03 - P.D. only,04 - Sideswipe,02 - Rain,01 - Daylight,02 - Wet,11 - Roundabout,00 - Unknown,2,0,0,0,,0,,,,,379860.737,5036471.733,45.46414008,-75.54014143,487
18--10788,10/15/2018,12:00 PM,OTTAWA RIVER PKWY WB btwn TRANSIT & TURN LANE (__3ZA23O),__3ZA23O,01 - Non intersection,03 - P.D. only,05 - Turning movement,03 - Snow,01 - Daylight,02 - Wet,10 - No control,,2,0,0,0,,0,,,,,362647.358,5028822.622,45.39695253,-75.76113937,488
18--10789,10/15/2018,12:36 PM,CHARLEVOIX ST btwn BEECHWOOD AVE & BARRETTE ST (__3ZBOWU),__3ZBOWU,01 - Non intersection,03 - P.D. only,03 - Rear end,02 - Rain,01 - Daylight,02 - Wet,10 - No control,,2,0,0,0,,0,,,,,369251.6815,5033530.386,45.4387345,-75.67617759,489
18--1079,1/20/2018,3:15 PM,RIVERSIDE DR @ BROOKFIELD RD/HOG'S BACK RD (0001627),1627,02 - Intersection related,03 - P.D. only,03 - Rear end,01 - Clear,01 - Daylight,03 - Loose snow,01 - Traffic signal,01 - Functioning,2,0,0,0,,0,,,,,368167.7111,5026222.522,45.37307973,-75.69097071,490
18--10790,10/15/2018,12:51 PM,HIGHWAY 417 btwn HWY417 IC122 RAMP15 & HWY417 IC121B RAMP51 (__3ZA2RB),__3ZA2RB,01 - Non intersection,03 - P.D. only,03 - Rear end,02 - Rain,01 - Daylight,02 - Wet,10 - No control,,3,0,0,0,,0,,,,,366567.3447,5029511.133,45.40281274,-75.71098938,491
18--10791,10/15/2018,2:30 PM,VANIER PKWY NB btwn COVENTRY RD & HWY417 IC117 RAMP62 (__3ZA4TL),__3ZA4TL,01 - Non intersection,03 - P.D. only,04 - Sideswipe,02 - Rain,01 - Daylight,02 - Wet,10 - No control,,2,0,0,0,,0,,,,,370744.4974,5031538.49,45.42067307,-75.65736519,492
18--10792,10/15/2018,2:38 PM,JOHN QUINN RD btwn STONE SCHOOL RD & BANK ST (__3ZA645),__3ZA645,01 - Non intersection,02 - Non-fatal injury,01 - Approaching,02 - Rain,01 - Daylight,02 - Wet,10 - No control,,2,0,0,0,02 - Minor,2,,2,,,383451.6625,5010734.64,45.23218085,-75.49832149,493
18--10793,10/15/2018,3:36 PM,AARON AVE @ LENESTER AVE (0002560),2560,03 - At intersection,03 - P.D. only,02 - Angle,01 - Clear,01 - Daylight,02 - Wet,02 - Stop sign,01 - Functioning,2,0,0,0,,0,,,,,362235.6933,5025665.528,45.36857927,-75.76676427,494
18--10794,10/15/2018,3:40 PM,BRIAN COBURN BLVD @ TENTH LINE RD (0013966),13966,02 - Intersection related,03 - P.D. only,02 - Angle,01 - Clear,01 - Daylight,01 - Dry,01 - Traffic signal,01 - Functioning,2,0,0,0,,0,,,,,384428.3389,5035022.308,45.45059377,-75.48197576,495
18--10795,10/15/2018,3:56 PM,HUNTMAR DR btwn OLD CARP RD & BRADLEY SIDE RD (__3ZACWD),__3ZACWD,01 - Non intersection,03 - P.D. only,01 - Approaching,02 - Rain,01 - Daylight,02 - Wet,10 - No control,,2,0,0,0,,0,,,,,345869.665,5021641.1,45.33351642,-75.97602004,496
18--10796,10/15/2018,3:59 PM,INNES RD btwn BANTREE ST & STAR TOP RD (__3ZA2XP),__3ZA2XP,01 - Non intersection,03 - P.D. only,04 - Sideswipe,02 - Rain,01 - Daylight,02 - Wet,10 - No control,,2,0,0,0,,0,,,,,373758.5069,5030436.352,45.41046599,-75.61901105,497
18--10797,10/15/2018,4:01 PM,BANK ST @ HERON RD (0002155),2155,03 - At intersection,03 - P.D. only,05 - Turning movement,02 - Rain,01 - Daylight,02 - Wet,01 - Traffic signal,01 - Functioning,2,0,0,0,,0,,,,,369995.7196,5026851.542,45.37857176,-75.66755153,498
18--10798,10/15/2018,4:08 PM,HUNT CLUB RD btwn BLOHM DR & HAWTHORNE RD (__3ZA2F2),__3ZA2F2,01 - Non intersection,03 - P.D. only,03 - Rear end,02 - Rain,01 - Daylight,02 - Wet,10 - No control,,2,0,0,0,,0,,,,,375455.1071,5026376.308,45.37376656,-75.59791995,499