Anom_ID,Accident_Date,Accident_Time,Location,Geo_ID,Accident_Location,Classification_of_Accident,Initial_Impact_Type,Environment_Condition,Light,Road_Surface_Condition,Traffic_Control,Traffic_Control_Condition,No__of_Vehicles,No__of_Bicycles,No__of_Motorcycles,No__of_Pedestrians,Max_Injury,No__of_Injuries,No__of_Minimal,No__of_Minor,No__of_Major,No__of_Fatal,X,Y,Latitude,Longitude,ObjectId
18--10799,10/15/2018,4:17 PM,DALY AVE @ KING EDWARD AVE (0007755),7755,03 - At intersection,03 - P.D. only,02 - Angle,02 - Rain,01 - Daylight,02 - Wet,02 - Stop sign,01 - Functioning,2,0,0,0,,0,,,,,368591.7078,5032273.586,45.42748681,-75.68477536,500
18--10439,10/5/2018,5:14 PM,RIVERSIDE DR @ BROOKFIELD RD/HOG'S BACK RD (0001627),1627,03 - At intersection,02 - Non-fatal injury,05 - Turning movement,01 - Clear,01 - Daylight,01 - Dry,01 - Traffic signal,01 - Functioning,3,0,1,0,03 - Major,1,,,1,,368167.4691,5026222.534,45.37307986,-75.6909738,501
18--1044,1/19/2018,2:45 PM,HAWTHORNE RD btwn AGES DR & STEVENAGE DR (__3ZA2E9),__3ZA2E9,01 - Non intersection,03 - P.D. only,03 - Rear end,01 - Clear,01 - Daylight,01 - Dry,10 - No control,,2,0,0,0,,0,,,,,375129.0523,5027332.963,45.38240689,-75.60194604,502
18--10440,10/5/2018,5:15 PM,PARKDALE AVE @ TYNDALL ST (0006515),6515,02 - Intersection related,03 - P.D. only,03 - Rear end,01 - Clear,01 - Daylight,01 - Dry,02 - Stop sign,00 - Unknown,2,0,0,0,,0,,,,,365263.8709,5029013.872,45.3984523,-75.72769926,503
18--10441,10/5/2018,5:17 PM,AIRPORT PKWY btwn RAMP & TO BE DETERMINED (__3ZA222),__3ZA222,01 - Non intersection,02 - Non-fatal injury,03 - Rear end,01 - Clear,01 - Daylight,01 - Dry,10 - No control,,2,0,0,0,01 - Minimal,1,1,,,,370059.0071,5025557.567,45.3669231,-75.6669145,504
18--10442,10/5/2018,5:21 PM,CARLING AVE @ KIRKWOOD AVE N (0002358),2358,02 - Intersection related,03 - P.D. only,03 - Rear end,01 - Clear,01 - Daylight,01 - Dry,01 - Traffic signal,01 - Functioning,2,0,0,0,,0,,,,,364275.6581,5027493.557,45.38485743,-75.74050376,505
18--10443,10/5/2018,6:06 PM,TERRY FOX DR @ PALLADIUM DR/KATIMAVIK RD (0011858),11858,02 - Intersection related,03 - P.D. only,03 - Rear end,01 - Clear,05 - Dusk,01 - Dry,01 - Traffic signal,01 - Functioning,2,0,0,0,,0,,,,,351269.6589,5018181.781,45.30205181,-75.9074532,506
18--10444,10/5/2018,6:14 PM,BANK ST @ HERON RD (0002155),2155,02 - Intersection related,03 - P.D. only,03 - Rear end,01 - Clear,05 - Dusk,01 - Dry,01 - Traffic signal,01 - Functioning,3,0,0,0,,0,,,,,369995.6488,5026851.661,45.37857284,-75.66755242,507
18--10445,10/5/2018,7:00 PM,EAGLESON RD @ PALOMINO DR N (0003687),3687,02 - Intersection related,03 - P.D. only,03 - Rear end,01 - Clear,07 - Dark,01 - Dry,01 - Traffic signal,01 - Functioning,2,0,0,0,,0,,,,,354009.6621,5017577.486,45.29642764,-75.87257672,508
18--10446,10/5/2018,8:17 AM,MONTREAL RD @ SINCLAIR ST (0008675),8675,03 - At intersection,02 - Non-fatal injury,07 - SMV other,01 - Clear,01 - Daylight,01 - Dry,01 - Traffic signal,01 - Functioning,1,0,0,1,01 - Minimal,1,1,,,,375968.719,5034756.577,45.44911556,-75.59015335,509
18--10447,10/5/2018,8:50 AM,ST. LAURENT BLVD btwn COVENTRY RD & LEMIEUX ST (__3ZA2C9),__3ZA2C9,01 - Non intersection,03 - P.D. only,03 - Rear end,01 - Clear,01 - Daylight,01 - Dry,10 - No control,,2,0,0,0,,0,,,,,372307.4254,5031947.333,45.42420258,-75.63734041,510
18--10259,10/1/2018,7:26 AM,COLONNADE RD @ MERIVALE RD (0004569),4569,02 - Intersection related,03 - P.D. only,03 - Rear end,01 - Clear,01 - Daylight,02 - Wet,01 - Traffic signal,01 - Functioning,2,0,0,0,,0,,,,,365363.6922,5022544.512,45.34023353,-75.72721749,511
18--10448,10/5/2018,9:05 PM,BRONSON AVE @ HOLMWOOD AVE (0007215),7215,02 - Intersection related,03 - P.D. only,04 - Sideswipe,01 - Clear,07 - Dark,01 - Dry,01 - Traffic signal,01 - Functioning,2,0,0,0,,0,,,,,367700.6384,5028729.609,45.39567991,-75.69661387,512
18--10449,10/5/2018,9:54 AM,LIBRARY RD @ UNIVERSITY RD (0007869),7869,03 - At intersection,03 - P.D. only,02 - Angle,01 - Clear,01 - Daylight,01 - Dry,02 - Stop sign,01 - Functioning,2,0,0,0,,0,,,,,367412.7895,5026904.56,45.3792844,-75.70052154,513
18--1045,1/19/2018,2:45 PM,MAITLAND AVE btwn WOODWARD DR & GARFIELD AVE (__3ZA3GU),__3ZA3GU,01 - Non intersection,03 - P.D. only,03 - Rear end,01 - Clear,01 - Daylight,01 - Dry,10 - No control,,2,0,0,0,,0,,,,,363286.6738,5025634.79,45.36821577,-75.75335202,514
18--10450,10/5/2018,9:58 AM,WOODROFFE AVE @ HWY 417 WOODROFF IC127R26/HWY4 (0002355),2355,02 - Intersection related,03 - P.D. only,03 - Rear end,01 - Clear,01 - Daylight,01 - Dry,01 - Traffic signal,00 - Unknown,2,0,0,0,,0,,,,,362082.7938,5024939.522,45.36205924,-75.76880023,515
18--10451,10/6/2018,1:15 PM,HIGHWAY 417 btwn HWY417 IC117 RAMP35 & HWY417 IC117 RAMP25 (__3ZA1QA),__3ZA1QA,01 - Non intersection,03 - P.D. only,07 - SMV other,01 - Clear,01 - Daylight,01 - Dry,10 - No control,,1,0,0,0,,0,,,,,371175.4188,5031352.892,45.41896238,-75.65188451,516
18--10452,10/6/2018,10:04 PM,DONNELLY DR @ MCCORDICK RD (0003675),3675,02 - Intersection related,02 - Non-fatal injury,07 - SMV other,01 - Clear,07 - Dark,01 - Dry,02 - Stop sign,01 - Functioning,1,0,0,0,02 - Minor,1,,1,,,370435.8076,4991830.13,45.06341089,-75.66654996,517
18--10453,10/6/2018,11:45 AM,INDUSTRIAL AVE @ NEIGHBORHOOD WAY (0002706),2706,03 - At intersection,03 - P.D. only,01 - Approaching,01 - Clear,01 - Daylight,01 - Dry,02 - Stop sign,01 - Functioning,2,0,0,0,,0,,,,,371092.8419,5030527.615,45.41154471,-75.65305053,518
18--10454,10/6/2018,Unknown,AVENUE P btwn AVENUE R & END (__3037QP),__3037QP,01 - Non intersection,03 - P.D. only,06 - SMV unattended vehicle,01 - Clear,00 - Unknown,01 - Dry,10 - No control,,1,0,0,0,,0,,,,,371971.5091,5031142.112,45.4169899,-75.64174229,519
18--10455,10/6/2018,12:26 AM,EARL MULLIGAN DR @ WOODROFFE AVE (0000591),591,02 - Intersection related,02 - Non-fatal injury,03 - Rear end,01 - Clear,07 - Dark,01 - Dry,01 - Traffic signal,01 - Functioning,2,0,0,0,01 - Minimal,1,1,,,,365250.6726,5017506.601,45.29491262,-75.72927428,520
18--10456,10/6/2018,2:07 PM,HUNT CLUB RD @ BRIDLE PATH DR/DAZE ST (0008214),8214,02 - Intersection related,02 - Non-fatal injury,03 - Rear end,01 - Clear,01 - Daylight,01 - Dry,01 - Traffic signal,01 - Functioning,3,0,0,0,03 - Major,1,,,1,,371291.8374,5023864.631,45.35157475,-75.65140586,521
18--10457,10/6/2018,3:00 AM,FALLOWFIELD RD @ HWY 416 FALLOWFI IC66R34 (0005504),5504,02 - Intersection related,03 - P.D. only,03 - Rear end,01 - Clear,07 - Dark,01 - Dry,01 - Traffic signal,01 - Functioning,2,0,0,0,,0,,,,,359823.4971,5014725.75,45.27033619,-75.79877181,522
18--10458,10/6/2018,3:00 AM,YORK ST WB btwn BYWARD MARKE SQ & SUSSEX DR (__3ZA1B0),__3ZA1B0,01 - Non intersection,03 - P.D. only,02 - Angle,01 - Clear,07 - Dark,01 - Dry,10 - No control,,2,0,0,0,,0,,,,,367892.3655,5032319.318,45.42796172,-75.69370583,523
18--10459,10/6/2018,3:24 PM,INNES RD @ WILDFLOWER DR (0012871),12871,02 - Intersection related,03 - P.D. only,03 - Rear end,01 - Clear,01 - Daylight,01 - Dry,01 - Traffic signal,01 - Functioning,2,0,0,0,,0,,,,,382936.5435,5035690.524,45.45677418,-75.50093881,524
18--1046,1/19/2018,2:51 PM,AVIATION PKWY NB @ LA CITE PRIV (0009078),9078,03 - At intersection,03 - P.D. only,02 - Angle,01 - Clear,01 - Daylight,02 - Wet,02 - Stop sign,01 - Functioning,2,0,0,0,,0,,,,,372501.594,5033247.942,45.43588607,-75.63468066,525
18--10460,10/6/2018,3:28 PM,KELLY AVE @ PINECREST RD (0002744),2744,03 - At intersection,03 - P.D. only,02 - Angle,01 - Clear,01 - Daylight,01 - Dry,02 - Stop sign,01 - Functioning,2,0,0,0,,0,,,,,360277.4766,5023953.413,45.35333145,-75.7919535,526
18--10461,10/6/2018,4:30 PM,INDUSTRIAL AVE @ RIVERSIDE DR (0011905),11905,02 - Intersection related,03 - P.D. only,04 - Sideswipe,01 - Clear,01 - Daylight,01 - Dry,01 - Traffic signal,01 - Functioning,2,0,0,0,,0,,,,,370684.6643,5030592.703,45.41216889,-75.6582561,527
18--10462,10/6/2018,4:40 PM,BANK ST @ SUNNYSIDE AVE (0007219),7219,02 - Intersection related,03 - P.D. only,04 - Sideswipe,01 - Clear,01 - Daylight,01 - Dry,01 - Traffic signal,01 - Functioning,2,0,0,0,,0,,,,,368734.6721,5028581.55,45.39425407,-75.6834274,528
18--10463,10/6/2018,4:56 PM,LISGAR ST btwn PERCY ST & BAY ST (__3ZBOMT),__3ZBOMT,01 - Non intersection,03 - P.D. only,06 - SMV unattended vehicle,01 - Clear,01 - Daylight,01 - Dry,10 - No control,,1,0,0,0,,0,,,,,367035.0758,5030721.118,45.41365842,-75.70486245,529
18--10464,10/6/2018,5:15 PM,HIGHWAY 417 btwn HWY417 IC126 RAMP16 & HWY417 IC126 RAMP61 (__3ZA2RC),__3ZA2RC,01 - Non intersection,03 - P.D. only,03 - Rear end,01 - Clear,01 - Daylight,01 - Dry,10 - No control,,2,0,0,0,,0,,,,,363164.3433,5025865.518,45.37030203,-75.75488631,530
18--10465,10/6/2018,6:19 AM,DALY AVE btwn MACKENZIE AVE & NICHOLAS ST (__3ZA8JX),__3ZA8JX,01 - Non intersection,03 - P.D. only,06 - SMV unattended vehicle,02 - Rain,07 - Dark,02 - Wet,10 - No control,,1,0,0,0,,0,,,,,368018.6116,5031918.652,45.42434527,-75.69214405,531
18--10466,10/6/2018,6:30 PM,HUNTSVILLE DR @ TERRY FOX DR (0015949),15949,02 - Intersection related,03 - P.D. only,03 - Rear end,01 - Clear,05 - Dusk,01 - Dry,02 - Stop sign,01 - Functioning,2,0,0,0,,0,,,,,348347.1182,5019895,45.31765514,-75.94456691,532
18--10529,10/9/2018,5:00 PM,CARLING AVE @ KIRKWOOD AVE S (0002209),2209,03 - At intersection,03 - P.D. only,02 - Angle,01 - Clear,01 - Daylight,01 - Dry,01 - Traffic signal,01 - Functioning,2,0,0,0,,0,,,,,364351.6681,5027337.558,45.38344732,-75.73955203,533
18--10467,10/6/2018,6:56 PM,WOODROFFE AVE @ GEORGINA DR/LENESTER AVE (0002351),2351,02 - Intersection related,03 - P.D. only,03 - Rear end,"07 - Fog, mist, smoke, dust",07 - Dark,01 - Dry,01 - Traffic signal,01 - Functioning,3,0,0,0,,0,,,,,361909.5509,5025370.478,45.36595108,-75.77096164,534
18--10468,10/6/2018,9:54 AM,BANKFIELD RD btwn KILREEN LANE & PRINCE OF WALES DR (__3ZA4KO),__3ZA4KO,04 - At/near private drive,03 - P.D. only,03 - Rear end,01 - Clear,01 - Daylight,01 - Dry,10 - No control,,2,0,0,0,,0,,,,,366309.5395,5008938.432,45.21772453,-75.71683587,535
18--10469,10/7/2018,1:05 PM,RUSSELL RD S @ ST. LAURENT BLVD (0007734),7734,02 - Intersection related,02 - Non-fatal injury,03 - Rear end,01 - Clear,01 - Daylight,01 - Dry,01 - Traffic signal,01 - Functioning,2,0,0,0,02 - Minor,1,,1,,,373569.532,5029260.476,45.39990461,-75.62158904,536
18--1047,1/19/2018,5:21 PM,HERON RD @ ALTA VISTA DR (0007188),7188,03 - At intersection,03 - P.D. only,05 - Turning movement,01 - Clear,05 - Dusk,02 - Wet,01 - Traffic signal,01 - Functioning,2,0,0,0,,0,,,,,370492.7222,5026902.538,45.37898419,-75.66119948,537
18--10470,10/7/2018,1:25 PM,SAUNDERSON DR @ SMYTH RD (0007729),7729,02 - Intersection related,03 - P.D. only,04 - Sideswipe,01 - Clear,01 - Daylight,01 - Dry,01 - Traffic signal,01 - Functioning,2,0,0,0,,0,,,,,372793.6158,5029323.615,45.40054849,-75.63149016,538
18--10471,10/7/2018,1:40 PM,CARLING AVE @ SCRIVENS ST (0002720),2720,03 - At intersection,02 - Non-fatal injury,05 - Turning movement,01 - Clear,01 - Daylight,01 - Dry,01 - Traffic signal,01 - Functioning,2,0,0,0,02 - Minor,1,,1,,,359423.6681,5024258.542,45.35614403,-75.80281594,539
18--10472,10/7/2018,1:47 PM,RIVERSIDE DR NB btwn BILLINGS BRIDGE SC RAMP SB & BILLINGS BRIDGE SC R (__3ZA1KV),__3ZA1KV,01 - Non intersection,03 - P.D. only,04 - Sideswipe,01 - Clear,01 - Daylight,01 - Dry,10 - No control,,2,0,0,0,,0,,,,,369234.2451,5027813.458,45.38729723,-75.67714782,540
18--10473,10/7/2018,1:53 PM,KENNEVALE DR @ STRANDHERD DR (0010896),10896,02 - Intersection related,03 - P.D. only,03 - Rear end,01 - Clear,01 - Daylight,01 - Dry,01 - Traffic signal,01 - Functioning,2,0,0,0,,0,,,,,361491.813,5014099.638,45.26456987,-75.77758366,541
18--10474,10/7/2018,11:00 PM,NELSON ST btwn OSGOODE ST & SOMERSET ST E (__3ZA7GC),__3ZA7GC,01 - Non intersection,02 - Non-fatal injury,07 - SMV other,01 - Clear,07 - Dark,01 - Dry,10 - No control,,1,0,0,1,01 - Minimal,1,1,,,,369074.6223,5031795.911,45.42314465,-75.67866693,542
18--10475,10/7/2018,11:30 AM,HUNT CLUB RD @ BRIDLE PATH DR/DAZE ST (0008214),8214,02 - Intersection related,03 - P.D. only,04 - Sideswipe,01 - Clear,01 - Daylight,01 - Dry,01 - Traffic signal,01 - Functioning,2,0,0,0,,0,,,,,371291.7868,5023864.446,45.35157309,-75.65140653,543
18--10476,10/7/2018,11:50 AM,JOCKVALE RD @ LAMING ST/WEYBRIDGE DR W (0000813),813,03 - At intersection,03 - P.D. only,02 - Angle,01 - Clear,01 - Daylight,01 - Dry,02 - Stop sign,01 - Functioning,2,0,0,0,,0,,,,,361915.6383,5015397.568,45.27621445,-75.77203406,544
18--10477,10/7/2018,Unknown,FRANK ST btwn BANK ST & O'CONNOR ST (__3ZA8GQ),__3ZA8GQ,01 - Non intersection,03 - P.D. only,06 - SMV unattended vehicle,01 - Clear,00 - Unknown,01 - Dry,10 - No control,,1,0,0,0,,0,,,,,368006.702,5030671.141,45.41312165,-75.69245625,545
18--10478,10/7/2018,Unknown,VANSON AVE btwn WILLETH AVE & HILLIARD AVE (__3ZAAP2),__3ZAAP2,01 - Non intersection,03 - P.D. only,06 - SMV unattended vehicle,01 - Clear,00 - Unknown,01 - Dry,10 - No control,,1,0,0,0,,0,,,,,365963.35,5025397.219,45.36584968,-75.71921378,546
18--10479,10/7/2018,Unknown,WILLOWMERE WAY btwn CREEKVIEW WAY/MANORWOOD CRES & HAZELNUT CRES (__727TFH),__727TFH,01 - Non intersection,03 - P.D. only,06 - SMV unattended vehicle,01 - Clear,00 - Unknown,01 - Dry,10 - No control,,1,0,0,0,,0,,,,,374088.851,5019526.525,45.31227131,-75.61632075,547
18--1048,1/19/2018,6:12 PM,SHEARWATER PRIV @ UPLANDS DR (0007306),7306,03 - At intersection,03 - P.D. only,02 - Angle,01 - Clear,07 - Dark,02 - Wet,10 - No control,,2,0,0,0,,0,,,,,369706.3752,5023332.119,45.34693188,-75.67170787,548
18--10480,10/7/2018,12:10 PM,VIEWMOUNT DR @ MERIVALE RD (0001528),1528,02 - Intersection related,03 - P.D. only,03 - Rear end,01 - Clear,01 - Daylight,01 - Dry,01 - Traffic signal,01 - Functioning,2,0,0,0,,0,,,,,365193.633,5022948.535,45.34388354,-75.7293379,549
18--10481,10/7/2018,12:37 AM,HIGHWAY 417 btwn HWY417 IC96 RAMP61 & HWY417 IC88 RAMP16 (__3ZA27Z),__3ZA27Z,01 - Non intersection,02 - Non-fatal injury,07 - SMV other,01 - Clear,07 - Dark,01 - Dry,10 - No control,,1,0,0,0,02 - Minor,2,1,1,,,393841.0134,5022534.134,45.33710402,-75.36391385,550
18--10482,10/7/2018,2:17 AM,PALLADIUM DR/HWY 417 PALLADIU IC142R52 @ HWY 4 (0010686),10686,03 - At intersection,03 - P.D. only,07 - SMV other,01 - Clear,07 - Dark,01 - Dry,02 - Stop sign,01 - Functioning,1,0,0,0,,0,,,,,349052.9582,5017058.649,45.29208865,-75.93581775,551
18--10483,10/7/2018,2:39 PM,MONA AVE @ MONTREAL RD (0009291),9291,02 - Intersection related,03 - P.D. only,04 - Sideswipe,01 - Clear,01 - Daylight,01 - Dry,02 - Stop sign,00 - Unknown,2,0,0,0,,0,,,,,370752.6778,5033438.518,45.43776793,-75.65700621,552
18--10484,10/7/2018,4:19 PM,ST. LAURENT BLVD @ MCARTHUR AVE (0008246),8246,02 - Intersection related,02 - Non-fatal injury,03 - Rear end,01 - Clear,01 - Daylight,01 - Dry,01 - Traffic signal,01 - Functioning,2,0,0,0,02 - Minor,2,,2,,,371921.6773,5032887.612,45.4326999,-75.64214107,553
18--10485,10/7/2018,4:21 PM,ELGIN ST @ LAURIER AVE (0002232),2232,02 - Intersection related,03 - P.D. only,03 - Rear end,01 - Clear,01 - Daylight,01 - Dry,01 - Traffic signal,01 - Functioning,2,0,0,0,,0,,,,,367948.6956,5031549.603,45.421031,-75.69308471,554
18--10486,10/7/2018,4:23 PM,NEPEAN ST btwn METCALFE ST & ELGIN ST (__3ZA9UD),__3ZA9UD,04 - At/near private drive,03 - P.D. only,02 - Angle,01 - Clear,01 - Daylight,01 - Dry,10 - No control,,2,0,0,0,,0,,,,,368022.9081,5031407.24,45.41974336,-75.69215478,555
18--10487,10/7/2018,6:00 PM,OTTAWA RIVER PKWY btwn RAMP SPLIT & CARLING EASTBOUND RAMP SPLIT (__3ZA24Y),__3ZA24Y,01 - Non intersection,03 - P.D. only,03 - Rear end,01 - Clear,01 - Daylight,01 - Dry,10 - No control,,3,0,0,0,,0,,,,,360971.2239,5025208.014,45.36456506,-75.78295748,556
18--10488,10/7/2018,7:20 PM,HIGHWAY 417 btwn HIGHWAY 417 & HWY417 IC140 RAMP51 (__3ZA20L),__3ZA20L,01 - Non intersection,03 - P.D. only,04 - Sideswipe,01 - Clear,07 - Dark,01 - Dry,10 - No control,,2,0,0,0,,0,,,,,350269.8438,5018169.534,45.30200703,-75.92020257,557
18--10489,10/7/2018,7:23 AM,KINBURN SIDE RD btwn HIGHWAY 17 & FARMVIEW RD (__3ZA4RG),__3ZA4RG,01 - Non intersection,02 - Non-fatal injury,07 - SMV other,01 - Clear,01 - Daylight,01 - Dry,10 - No control,,1,0,0,0,01 - Minimal,1,1,,,,326543.7888,5025715.947,45.37104918,-76.22240237,558
18--1049,1/19/2018,6:17 PM,HIGHWAY 417 btwn HWY417 IC96 RAMP51 & HIGHWAY 417 (__3ZA2W3),__3ZA2W3,01 - Non intersection,02 - Non-fatal injury,03 - Rear end,01 - Clear,07 - Dark,02 - Wet,10 - No control,,3,0,0,0,02 - Minor,2,,2,,,387185.8215,5023866.408,45.34990372,-75.4485915,559
18--10490,10/7/2018,7:40 PM,BANK ST @ HUNT CLUB RD (0002119),2119,02 - Intersection related,03 - P.D. only,04 - Sideswipe,01 - Clear,07 - Dark,01 - Dry,01 - Traffic signal,01 - Functioning,2,0,0,0,,0,,,,,371608.7283,5024096.687,45.3536326,-75.64733067,560
18--10491,10/7/2018,9:25 PM,ROCKCLIFFE PKWY btwn LISGAR RD & BUENA VISTA RD (__3ZAZPE),__3ZAZPE,01 - Non intersection,03 - P.D. only,01 - Approaching,01 - Clear,07 - Dark,01 - Dry,10 - No control,,2,0,0,0,,0,,,,,368426.7028,5034853.983,45.45071928,-75.68655026,561
18--10492,10/8/2018,1:45 PM,BORRISOKANE RD btwn CAMBRIAN RD & STRANDHERD DR (__3ZA1CC),__3ZA1CC,01 - Non intersection,03 - P.D. only,07 - SMV other,02 - Rain,01 - Daylight,02 - Wet,10 - No control,,1,0,0,0,,0,,,,,362709.3586,5012256.505,45.24788604,-75.7622847,562
18--10493,10/8/2018,10:30 PM,COLONEL BY DR/SUSSEX DR @ RIDEAU ST (0007647),7647,02 - Intersection related,03 - P.D. only,03 - Rear end,02 - Rain,07 - Dark,02 - Wet,01 - Traffic signal,01 - Functioning,2,0,0,0,,0,,,,,367921.6695,5032044.735,45.42548847,-75.69336657,563
18--10494,10/8/2018,10:30 PM,CARLING AVE EB btwn CARLING AVE EB OFF RAMP/OTTAWA RIVER PKWY & TRANSI (__3ZGKXW),__3ZGKXW,07 - Overpass or bridge,03 - P.D. only,07 - SMV other,02 - Rain,07 - Dark,02 - Wet,10 - No control,,1,0,0,0,,0,,,,,360953.8696,5025211.841,45.36460089,-75.78317856,564
18--10495,10/8/2018,11:00 AM,CATHERINE ST btwn BANK ST & O'CONNOR ST (__3ZA3PU),__3ZA3PU,01 - Non intersection,03 - P.D. only,03 - Rear end,01 - Clear,01 - Daylight,01 - Dry,10 - No control,,2,0,0,0,,0,,,,,368156.5133,5030339.212,45.41012151,-75.69058508,565
18--10496,10/8/2018,11:44 AM,CLYDE AVE @ MAITLAND AVE (0003214),3214,02 - Intersection related,03 - P.D. only,07 - SMV other,02 - Rain,01 - Daylight,02 - Wet,03 - Yield sign,00 - Unknown,1,0,0,0,,0,,,,,364249.6976,5025140.454,45.36368678,-75.74111849,566
18--10497,10/8/2018,Unknown,RIDGEBROOK DR btwn ERIC CRES & NORTHDALE ST (__3ZA5B7),__3ZA5B7,01 - Non intersection,03 - P.D. only,06 - SMV unattended vehicle,02 - Rain,00 - Unknown,02 - Wet,10 - No control,,1,0,0,0,,0,,,,,374788.5498,5031906.261,45.4235892,-75.60564443,567
18--10498,10/8/2018,Unknown,KINGHORN CRES btwn MARCONI AVE & MARCONI AVE (__5I62ZA),__5I62ZA,01 - Non intersection,03 - P.D. only,06 - SMV unattended vehicle,02 - Rain,00 - Unknown,02 - Wet,10 - No control,,1,0,0,0,,0,,,,,349871.7072,5024208.749,45.35637507,-75.9247292,568
18--10499,10/8/2018,12:32 AM,SPEEDWAY RD btwn SPRUCE RIDGE RD & END (__7JQ7KY),__7JQ7KY,01 - Non intersection,03 - P.D. only,07 - SMV other,01 - Clear,07 - Dark,01 - Dry,10 - No control,,1,0,0,0,,0,,,,,344803.0789,5010516.172,45.23347126,-75.99052416,569
18--105,1/2/2018,3:04 PM,HAWTHORNE RD btwn LEITRIM RD & LOUISEIZE RD (__3ZBO24),__3ZBO24,01 - Non intersection,02 - Non-fatal injury,01 - Approaching,01 - Clear,01 - Daylight,04 - Slush,10 - No control,,2,0,0,0,02 - Minor,2,,2,,,377235.0544,5022243.712,45.33640184,-75.57580312,570
18--1050,1/19/2018,6:22 PM,BANK ST btwn PARK LANE & LYNCH ST (__3ZBPHM),__3ZBPHM,01 - Non intersection,03 - P.D. only,04 - Sideswipe,01 - Clear,07 - Dark,01 - Dry,10 - No control,,2,0,0,0,,0,,,,,374095.2915,5022669.964,45.3405542,-75.61579868,571
18--10500,10/8/2018,2:43 AM,CLEARBROOK DR btwn BISSETT WAY/HIGHPOINTE CRES & SOUTHAM WAY (__7EYG8O),__7EYG8O,01 - Non intersection,02 - Non-fatal injury,07 - SMV other,01 - Clear,07 - Dark,01 - Dry,10 - No control,,1,0,0,1,02 - Minor,1,,1,,,365326.6,5015101.466,45.27326478,-75.72859968,572
18--10501,10/8/2018,4:15 PM,INNES RD btwn HWY417 IC112 RAMP66 & CYRVILLE RD (__3ZA3RCB),__3ZA3RCB,01 - Non intersection,03 - P.D. only,04 - Sideswipe,01 - Clear,01 - Daylight,01 - Dry,10 - No control,,2,0,0,0,,0,,,,,374964.7101,5031062.302,45.41597806,-75.60351381,573
18--10502,10/8/2018,6:30 PM,BRONSON AVE @ CATHERINE ST/RAYMOND ST (0007198),7198,02 - Intersection related,03 - P.D. only,04 - Sideswipe,02 - Rain,05 - Dusk,02 - Wet,01 - Traffic signal,01 - Functioning,2,0,0,0,,0,,,,,367252.7984,5029796.589,45.40532038,-75.70219815,574
18--10503,10/8/2018,7:00 PM,HIGHWAY 416 btwn HWY416 IC66 RAMP24 & HWY416 IC57 RAMP62 (__3ZA1OI),__3ZA1OI,01 - Non intersection,03 - P.D. only,99 - Other,02 - Rain,07 - Dark,02 - Wet,10 - No control,,2,0,0,0,,0,,,,,361307.8804,5012316.071,45.24853594,-75.78013012,575
18--10504,10/8/2018,8:36 PM,COLONEL BY DR btwn OTTAWA UNIV. PED. XING & MAIN ST (__3ZA8HKC),__3ZA8HKC,01 - Non intersection,03 - P.D. only,07 - SMV other,01 - Clear,07 - Dark,02 - Wet,10 - No control,,1,0,0,0,,0,,,,,368884.3442,5030982.452,45.4158429,-75.68120395,576
18--10505,10/8/2018,9:02 PM,HERON RD @ KALADAR AVE (0006960),6960,02 - Intersection related,02 - Non-fatal injury,03 - Rear end,02 - Rain,07 - Dark,02 - Wet,01 - Traffic signal,01 - Functioning,2,0,0,0,02 - Minor,1,,1,,,369685.6445,5026804.626,45.37817841,-75.67151646,577
18--10506,10/8/2018,9:11 PM,WEST HUNT CLUB RD @ WOODROFFE AVE (0000576),576,02 - Intersection related,03 - P.D. only,03 - Rear end,02 - Rain,07 - Dark,02 - Wet,01 - Traffic signal,01 - Functioning,3,0,0,0,,0,,,,,363670.6287,5021246.581,45.32869896,-75.74897319,578
18--10507,10/9/2018,1:50 PM,HAZELDEAN RD @ TERRY FOX DR (0003682),3682,02 - Intersection related,03 - P.D. only,05 - Turning movement,01 - Clear,01 - Daylight,01 - Dry,01 - Traffic signal,01 - Functioning,2,0,0,0,,0,,,,,352207.4787,5017242.468,45.29353697,-75.89558528,579
18--10508,10/9/2018,10:00 AM,RIVERSIDE DR @ BROOKFIELD RD/HOG'S BACK RD (0001627),1627,02 - Intersection related,03 - P.D. only,03 - Rear end,01 - Clear,01 - Daylight,01 - Dry,01 - Traffic signal,01 - Functioning,2,0,0,0,,0,,,,,368167.6557,5026222.656,45.37308094,-75.6909714,580
18--10509,10/9/2018,10:17 AM,ROBERTSON RD @ WESTCLIFFE RD (0010387),10387,03 - At intersection,03 - P.D. only,02 - Angle,01 - Clear,01 - Daylight,01 - Dry,01 - Traffic signal,01 - Functioning,2,0,0,0,,0,,,,,356395.6845,5020053.445,45.31853551,-75.84189914,581
18--1051,1/19/2018,6:32 AM,REGIONAL ROAD 174 btwn QUIGLEY HILL RD & REGIONAL ROAD 174 DIVIDED (__3ZA2Y5),__3ZA2Y5,01 - Non intersection,03 - P.D. only,03 - Rear end,01 - Clear,07 - Dark,02 - Wet,10 - No control,,2,0,0,0,,0,,,,,385926.2363,5041933.579,45.51260211,-75.46168707,582