Anom_ID,Accident_Date,Accident_Time,Location,Geo_ID,Accident_Location,Classification_of_Accident,Initial_Impact_Type,Environment_Condition,Light,Road_Surface_Condition,Traffic_Control,Traffic_Control_Condition,No__of_Vehicles,No__of_Bicycles,No__of_Motorcycles,No__of_Pedestrians,Max_Injury,No__of_Injuries,No__of_Minimal,No__of_Minor,No__of_Major,No__of_Fatal,X,Y,Latitude,Longitude,ObjectId
18--10510,10/9/2018,10:52 PM,NAVAN RD btwn ORLEANS BLVD & PAGE RD (__3ZA3J1),__3ZA3J1,01 - Non intersection,03 - P.D. only,03 - Rear end,01 - Clear,07 - Dark,01 - Dry,10 - No control,,2,0,0,0,,0,,,,,381105.2384,5032937.787,45.4322096,-75.52477746,583
18--10511,10/9/2018,11:29 PM,HWY 417 INNES IC112R57 @ INNES RD (0012298),12298,03 - At intersection,03 - P.D. only,04 - Sideswipe,01 - Clear,07 - Dark,01 - Dry,01 - Traffic signal,01 - Functioning,2,0,0,0,,0,,,,,374298.729,5030754.359,45.41327381,-75.61206536,584
18--10512,10/9/2018,11:30 AM,BANK ST @ MITCH OWENS RD (0001640),1640,02 - Intersection related,03 - P.D. only,04 - Sideswipe,01 - Clear,01 - Daylight,01 - Dry,01 - Traffic signal,01 - Functioning,2,0,0,0,,0,,,,,377758.7579,5015947.488,45.27969699,-75.57004896,585
18--10513,10/9/2018,11:30 AM,STITTSVILLE MAIN ST btwn RAVENSCROFT CRT & HOBIN ST (__3ZA2GF),__3ZA2GF,01 - Non intersection,03 - P.D. only,03 - Rear end,01 - Clear,01 - Daylight,01 - Dry,10 - No control,,2,0,0,0,,0,,,,,349599.5006,5014129.282,45.26569459,-75.92911461,586
18--10514,10/9/2018,11:45 AM,HERON RD @ ALTA VISTA DR (0007188),7188,02 - Intersection related,03 - P.D. only,03 - Rear end,01 - Clear,01 - Daylight,01 - Dry,01 - Traffic signal,01 - Functioning,2,0,0,0,,0,,,,,370492.8214,5026902.562,45.37898439,-75.66119821,587
18--10515,10/9/2018,12:00 PM,BEARBROOK RD/ROCKCLIFFE PKWY @ ST. JOSEPH BLVD (0012382),12382,02 - Intersection related,03 - P.D. only,99 - Other,01 - Clear,01 - Daylight,01 - Dry,01 - Traffic signal,01 - Functioning,2,0,0,0,,0,,,,,377128.8288,5035239.609,45.45334247,-75.57525299,588
18--10516,10/9/2018,12:02 PM,ISLAND PARK DR @ RICHMOND RD (0002125),2125,02 - Intersection related,03 - P.D. only,04 - Sideswipe,01 - Clear,01 - Daylight,01 - Dry,01 - Traffic signal,01 - Functioning,2,0,0,0,,0,,,,,364130.6874,5028867.559,45.39723275,-75.74218965,589
18--10517,10/9/2018,12:50 PM,HWY417 IC121A RAMP51 btwn HIGHWAY 417 & BRONSON AVE (__3ZAY9V),__3ZAY9V,01 - Non intersection,02 - Non-fatal injury,03 - Rear end,01 - Clear,01 - Daylight,01 - Dry,10 - No control,,2,0,0,0,01 - Minimal,2,2,,,,367164.2219,5029675.499,45.40423874,-75.70334487,590
18--10518,10/9/2018,12:55 PM,PARKGLEN DR @ WOODROFFE AVE (0001099),1099,02 - Intersection related,03 - P.D. only,03 - Rear end,01 - Clear,01 - Daylight,01 - Dry,02 - Stop sign,01 - Functioning,3,0,0,0,,0,,,,,362888.5822,5023126.496,45.34567948,-75.75872842,591
18--10519,10/9/2018,2:09 PM,TENTH LINE RD @ CHARLEMAGNE BLVD S/DES EPINETT (0003686),3686,02 - Intersection related,03 - P.D. only,03 - Rear end,01 - Clear,01 - Daylight,01 - Dry,01 - Traffic signal,01 - Functioning,2,0,0,0,,0,,,,,383640.9751,5036900.456,45.46758093,-75.49173924,592
18--1052,1/19/2018,6:57 AM,DALMENY RD btwn STAGECOACH RD & 4TH LINE RD (__3ZA2C7),__3ZA2C7,01 - Non intersection,03 - P.D. only,07 - SMV other,01 - Clear,03 - Dawn,02 - Wet,10 - No control,,1,0,0,0,,0,,,,,378314.3238,4999507.271,45.131715,-75.5653941,593
18--10520,10/9/2018,2:45 PM,HIGHWAY 417 btwn HWY417 IC121A RAMP16 & HWY417 IC121A RAMP61 (__3ZA2YY),__3ZA2YY,01 - Non intersection,03 - P.D. only,04 - Sideswipe,01 - Clear,01 - Daylight,01 - Dry,10 - No control,,2,0,0,0,,0,,,,,367297.3182,5029774.178,45.40511476,-75.70163233,594
18--10521,10/9/2018,3:00 PM,INNES RD @ TENTH LINE RD (0004633),4633,02 - Intersection related,03 - P.D. only,03 - Rear end,01 - Clear,01 - Daylight,01 - Dry,01 - Traffic signal,01 - Functioning,2,0,0,0,,0,,,,,383951.825,5036159.7,45.46088113,-75.48788383,595
18--10522,10/9/2018,3:50 PM,BAYCREST DR btwn SANDALWOOD DR & WALKLEY RD (__3ZA9YU),__3ZA9YU,04 - At/near private drive,03 - P.D. only,02 - Angle,01 - Clear,01 - Daylight,01 - Dry,10 - No control,,2,0,0,0,,0,,,,,371384.4915,5026655.695,45.376679,-75.64984742,596
18--10523,10/9/2018,3:51 PM,MURRAY ST @ SUSSEX DR (0011912),11912,02 - Intersection related,03 - P.D. only,03 - Rear end,01 - Clear,01 - Daylight,02 - Wet,01 - Traffic signal,01 - Functioning,2,0,0,0,,0,,,,,367707.6235,5032394.623,45.42865593,-75.6960569,597
18--10524,10/9/2018,4:13 PM,INNES RD btwn PRESTWICK DR & TENTH LINE RD (__3ZA3Y7),__3ZA3Y7,04 - At/near private drive,02 - Non-fatal injury,05 - Turning movement,01 - Clear,01 - Daylight,01 - Dry,10 - No control,,2,1,0,0,02 - Minor,1,,1,,,383856.7615,5036119.745,45.46053242,-75.48910564,598
18--10525,10/9/2018,4:15 PM,BANK ST @ FOURTH AVE (0007249),7249,03 - At intersection,03 - P.D. only,02 - Angle,01 - Clear,01 - Daylight,01 - Dry,02 - Stop sign,01 - Functioning,2,0,0,0,,0,,,,,368367.7119,5029476.646,45.40234127,-75.68799838,599
18--10526,10/9/2018,4:15 PM,KENNEVALE DR @ STRANDHERD DR (0010896),10896,02 - Intersection related,03 - P.D. only,03 - Rear end,01 - Clear,01 - Daylight,01 - Dry,01 - Traffic signal,01 - Functioning,3,0,0,0,,0,,,,,361491.9383,5014099.76,45.26457095,-75.77758205,600
18--10527,10/9/2018,4:30 PM,OTTAWA RIVER PKWY EB btwn TUNNEY'S PASTURE/REMIC RAPIDS ENT & ISLAND P (__3ZA24JB),__3ZA24JB,01 - Non intersection,03 - P.D. only,04 - Sideswipe,01 - Clear,01 - Daylight,01 - Dry,10 - No control,,2,0,0,0,,0,,,,,364361.776,5030297.345,45.41007805,-75.7390656,601
18--10528,10/9/2018,4:58 PM,WALKLEY RD btwn MELFORT ST & RUSSELL RD (__3ZA2EO),__3ZA2EO,04 - At/near private drive,03 - P.D. only,05 - Turning movement,01 - Clear,01 - Daylight,01 - Dry,10 - No control,,2,0,0,0,,0,,,,,374571.132,5028439.922,45.39242256,-75.60891294,602
18--1026,1/18/2018,9:14 PM,INDUSTRIAL AVE @ RUSSELL RD (0007732),7732,03 - At intersection,02 - Non-fatal injury,05 - Turning movement,01 - Clear,07 - Dark,02 - Wet,01 - Traffic signal,01 - Functioning,2,0,0,0,03 - Major,2,1,,1,,372465.7284,5030279.553,45.40918137,-75.63554674,603
18--10260,10/1/2018,7:31 PM,MARCH RD btwn MURPHY CRT & MAXWELL RD (__3ZA3DH),__3ZA3DH,01 - Non intersection,03 - P.D. only,03 - Rear end,01 - Clear,07 - Dark,01 - Dry,10 - No control,,2,0,0,0,,0,,,,,347901.2117,5025550.521,45.36857255,-75.94976132,604
18--10261,10/1/2018,7:56 PM,BRONSON AVE @ FIRST AVE (0007719),7719,03 - At intersection,03 - P.D. only,02 - Angle,01 - Clear,07 - Dark,01 - Dry,02 - Stop sign,01 - Functioning,2,0,0,0,,0,,,,,367489.5801,5029236.648,45.40026103,-75.69924486,605
18--10262,10/1/2018,8:30 PM,STONEWAY DR btwn REDPATH DR & RIDEAUCREST DR (__3ZA119),__3ZA119,04 - At/near private drive,03 - P.D. only,06 - SMV unattended vehicle,01 - Clear,07 - Dark,02 - Wet,10 - No control,,1,0,0,0,,0,,,,,366371.9308,5016486.735,45.28563859,-75.71510653,606
18--1053,1/19/2018,7:01 PM,WEST HUNT CLUB RD btwn PRINCE OF WALES DR & HUNT CLUB RD (__3ZA2T4),__3ZA2T4,01 - Non intersection,02 - Non-fatal injury,03 - Rear end,01 - Clear,07 - Dark,02 - Wet,10 - No control,,3,0,0,0,02 - Minor,3,,3,,,367658.8134,5021882.54,45.33407535,-75.69801905,607
18--10263,10/1/2018,8:57 AM,KING EDWARD AVE NB btwn RAMP & CATHCART ST (__7TR60M),__7TR60M,07 - Overpass or bridge,03 - P.D. only,03 - Rear end,01 - Clear,01 - Daylight,01 - Dry,10 - No control,,2,0,0,0,,0,,,,,368030.6783,5033244.576,45.43627437,-75.69181961,608
18--10530,10/9/2018,5:18 PM,MONTREAL RD @ 46 E OF HILLSIDE DR/MONTREAL SQU (0008215),8215,02 - Intersection related,03 - P.D. only,03 - Rear end,01 - Clear,01 - Daylight,01 - Dry,01 - Traffic signal,01 - Functioning,2,0,0,0,,0,,,,,371749.9154,5033916.804,45.44197655,-75.64419608,609
18--10264,10/1/2018,9:39 AM,WOODROFFE AVE btwn HWY417 IC127 RAMP53 & IRIS ST (__3ZA4L2),__3ZA4L2,01 - Non intersection,02 - Non-fatal injury,03 - Rear end,01 - Clear,01 - Daylight,01 - Dry,10 - No control,,4,0,0,0,02 - Minor,3,,3,,,362280.4406,5024447.11,45.35761238,-75.76633479,610
18--10531,10/9/2018,5:20 PM,PERTH ST @ QUEEN CHARLOTTE ST/ROCHELLE DR (0009772),9772,03 - At intersection,03 - P.D. only,05 - Turning movement,01 - Clear,01 - Daylight,01 - Dry,02 - Stop sign,00 - Unknown,2,0,0,0,,0,,,,,356182.525,5005741.368,45.1897677,-75.84609748,611
18--10265,10/1/2018,9:52 AM,LAURIER AVE @ 89 E OF WALLER ST (0008639),8639,02 - Intersection related,03 - P.D. only,03 - Rear end,01 - Clear,01 - Daylight,01 - Dry,01 - Traffic signal,01 - Functioning,2,0,0,0,,0,,,,,368515.9148,5031898.66,45.42412026,-75.68579235,612
18--10532,10/9/2018,5:30 PM,BRONSON AVE @ HOLMWOOD AVE (0007215),7215,02 - Intersection related,03 - P.D. only,03 - Rear end,01 - Clear,01 - Daylight,01 - Dry,01 - Traffic signal,01 - Functioning,2,0,0,0,,0,,,,,367700.4549,5028729.745,45.39568115,-75.69661619,613
18--10266,10/2/2018,1:55 PM,FAUBERT ST @ REGIONAL RD 174 (0012886),12886,02 - Intersection related,03 - P.D. only,03 - Rear end,01 - Clear,01 - Daylight,01 - Dry,02 - Stop sign,01 - Functioning,2,0,0,0,,0,,,,,390281.6985,5042682.669,45.51882125,-75.40582204,614
18--10533,10/9/2018,5:39 PM,MEADOWLANDS DR @ TIVERTON DR (0001749),1749,02 - Intersection related,03 - P.D. only,04 - Sideswipe,01 - Clear,01 - Daylight,01 - Dry,01 - Traffic signal,01 - Functioning,2,0,0,0,,0,,,,,365205.0061,5024344.05,45.3564392,-75.72902232,615
18--10267,10/2/2018,10:10 PM,ANDERSON RD btwn INNES RD & DESJARDINS ST (__3ZBOG0),__3ZBOG0,01 - Non intersection,03 - P.D. only,07 - SMV other,02 - Rain,07 - Dark,02 - Wet,10 - No control,,1,0,0,0,,0,,,,,377537.3713,5031562.795,45.42021849,-75.57057362,616
18--10534,10/9/2018,6:01 PM,PRESTON ST btwn ST. ANTHONY ST & YOUNG ST (__3ZA3Z8),__3ZA3Z8,01 - Non intersection,03 - P.D. only,04 - Sideswipe,01 - Clear,01 - Daylight,01 - Dry,10 - No control,,2,0,0,0,,0,,,,,366572.1031,5029524.582,45.40293334,-75.71092692,617
18--10268,10/2/2018,10:41 AM,INDUSTRIAL AVE/INNES RD @ ST. LAURENT BLVD (0002203),2203,03 - At intersection,03 - P.D. only,04 - Sideswipe,01 - Clear,01 - Daylight,01 - Dry,01 - Traffic signal,01 - Functioning,2,0,0,0,,0,,,,,373099.6352,5030005.581,45.40665472,-75.62748725,618
18--10535,10/9/2018,6:03 PM,BANK ST btwn WILDWOOD AVE & RIDGEMONT AVE (__3ZA364),__3ZA364,01 - Non intersection,03 - P.D. only,07 - SMV other,01 - Clear,05 - Dusk,01 - Dry,10 - No control,,1,0,0,0,,0,,,,,370055.7203,5026685.379,45.3770711,-75.66680746,619
18--10536,10/9/2018,6:53 AM,MARCH RD @ SOLANDT RD (0003172),3172,02 - Intersection related,03 - P.D. only,03 - Rear end,01 - Clear,03 - Dawn,02 - Wet,01 - Traffic signal,01 - Functioning,2,0,0,0,,0,,,,,350489.6845,5022710.578,45.34285422,-75.9169805,620
18--10537,10/9/2018,7:06 AM,CONROY RD @ ST. LAURENT BLVD (0011390),11390,03 - At intersection,02 - Non-fatal injury,05 - Turning movement,"07 - Fog, mist, smoke, dust",03 - Dawn,02 - Wet,01 - Traffic signal,01 - Functioning,2,0,0,0,02 - Minor,1,,1,,,373069.847,5027159.362,45.3810486,-75.62826159,621
18--10538,10/9/2018,7:12 AM,RIVERSIDE DR @ HERON RD (0002236),2236,02 - Intersection related,03 - P.D. only,03 - Rear end,"07 - Fog, mist, smoke, dust",01 - Daylight,02 - Wet,01 - Traffic signal,01 - Functioning,3,0,0,0,,0,,,,,368120.8743,5026647.288,45.37690589,-75.69151417,622
18--10539,10/9/2018,7:13 PM,MONTREAL RD btwn ELWOOD ST & BECKENHAM LANE (__3ZA2DY),__3ZA2DY,01 - Non intersection,01 - Fatal injury,07 - SMV other,01 - Clear,07 - Dark,01 - Dry,10 - No control,,1,0,0,1,04 - Fatal,2,,1,,1,374401.8769,5034398.232,45.44604916,-75.61023266,623
18--1054,1/19/2018,7:12 AM,ISLAND PARK DR btwn CLEARVIEW AVE & OTTAWA RIVER PKWY (__3ZA23A),__3ZA23A,01 - Non intersection,02 - Non-fatal injury,03 - Rear end,01 - Clear,03 - Dawn,02 - Wet,10 - No control,,2,0,0,0,02 - Minor,1,,1,,,363502.9345,5029380.375,45.40189989,-75.75014599,624
18--10540,10/9/2018,7:36 AM,BRONSON AVE @ CARLING AVE/GLEBE AVE (0002134),2134,02 - Intersection related,03 - P.D. only,03 - Rear end,01 - Clear,01 - Daylight,01 - Dry,01 - Traffic signal,01 - Functioning,3,0,0,0,,0,,,,,367447.6858,5029335.591,45.40115504,-75.69976737,625
18--10541,10/9/2018,7:55 AM,HIGHWAY 417 btwn HWY417 IC129 RAMP25 & HWY417 IC129 RAMP35 (__3ZAYFR),__3ZAYFR,01 - Non intersection,03 - P.D. only,04 - Sideswipe,01 - Clear,01 - Daylight,01 - Dry,10 - No control,,2,0,0,0,,0,,,,,360811.3835,5023802.993,45.35193554,-75.78515694,626
18--10542,10/9/2018,7:56 AM,EAGLESON RD btwn BARNSDALE RD & OTTAWA ST (__3ZBOCS),__3ZBOCS,05 - At railway crossing,03 - P.D. only,07 - SMV other,"07 - Fog, mist, smoke, dust",01 - Daylight,02 - Wet,10 - No control,,1,0,0,0,,0,,,,,358411.6624,5006441.121,45.19589834,-75.81765584,627
18--10543,10/9/2018,7:56 PM,COLUMBUS AVE @ EDITH AVE (0008572),8572,03 - At intersection,02 - Non-fatal injury,02 - Angle,01 - Clear,07 - Dark,01 - Dry,02 - Stop sign,01 - Functioning,2,0,0,0,02 - Minor,1,,1,,,370908.6327,5032245.669,45.42702047,-75.6551732,628
18--10544,10/9/2018,8:00 AM,HWY417 IC112 RAMP57 btwn HWY417 IC112 RAMP54 & INNES RD (__33H3NK),__33H3NK,01 - Non intersection,03 - P.D. only,99 - Other,01 - Clear,01 - Daylight,01 - Dry,10 - No control,,2,0,0,0,,0,,,,,374265.0707,5030795.796,45.41364998,-75.6124895,629
18--10545,10/9/2018,8:30 AM,PLEASANT PARK RD @ ALTA VISTA DR (0008005),8005,02 - Intersection related,03 - P.D. only,03 - Rear end,"07 - Fog, mist, smoke, dust",01 - Daylight,02 - Wet,01 - Traffic signal,01 - Functioning,2,0,0,0,,0,,,,,370365.6004,5028467.649,45.39307842,-75.66261456,630
18--10546,10/9/2018,8:32 AM,HIGHWAY 417 btwn HWY417 IC138 RAMP61 & HWY417 IC134 RAMP36 (__3ZA20I),__3ZA20I,01 - Non intersection,03 - P.D. only,03 - Rear end,01 - Clear,01 - Daylight,01 - Dry,10 - No control,,2,0,0,0,,0,,,,,355787.1264,5021920.186,45.33537715,-75.84946853,631
18--10547,10/9/2018,8:54 PM,CARP RD btwn THOMAS A. DOLAN PKWY & NORMA LANE (__3ZAZ54),__3ZAZ54,01 - Non intersection,02 - Non-fatal injury,07 - SMV other,01 - Clear,07 - Dark,01 - Dry,10 - No control,,1,0,0,0,01 - Minimal,1,1,,,,338949.1904,5024364.862,45.35839689,-76.06412279,632
18--10548,10/9/2018,9:10 AM,MAITLAND AVE @ WOODWARD DR (0003185),3185,02 - Intersection related,03 - P.D. only,03 - Rear end,01 - Clear,01 - Daylight,01 - Dry,01 - Traffic signal,01 - Functioning,2,0,0,0,,0,,,,,363273.6314,5025662.62,45.36846727,-75.75351521,633
18--10549,10/9/2018,9:20 AM,TERON RD @ PARKWAY (THE)/PENFIELD DR S (0003447),3447,02 - Intersection related,03 - P.D. only,03 - Rear end,02 - Rain,01 - Daylight,02 - Wet,01 - Traffic signal,00 - Unknown,2,0,0,0,,0,,,,,352293.356,5020788.47,45.32543892,-75.89415062,634
18--1055,1/19/2018,7:23 PM,WOODROFFE AVE btwn FIRESTATION & BASELINE RD (__3ZA34KB),__3ZA34KB,01 - Non intersection,03 - P.D. only,04 - Sideswipe,01 - Clear,07 - Dark,02 - Wet,10 - No control,,2,0,0,0,,0,,,,,362542.1461,5023789.898,45.35167733,-75.76307149,635
18--10550,10/9/2018,9:47 PM,LARKIN DR btwn CARROLL CRT & ANDREA CRES (__3ZAB82),__3ZAB82,04 - At/near private drive,03 - P.D. only,02 - Angle,01 - Clear,07 - Dark,01 - Dry,10 - No control,,2,0,0,0,,0,,,,,362246.7692,5015780.352,45.27963178,-75.76776969,636
18--10551,10/10/2018,1:00 PM,LONGFIELDS DR @ PAUL METIVIER DR (0013783),13783,02 - Intersection related,03 - P.D. only,04 - Sideswipe,01 - Clear,01 - Daylight,01 - Dry,02 - Stop sign,01 - Functioning,2,0,0,0,,0,,,,,364841.334,5014200.437,45.26519892,-75.73489269,637
18--10552,10/10/2018,1:28 PM,COLONEL BY DR @ MAIN ST (0002626),2626,03 - At intersection,03 - P.D. only,02 - Angle,01 - Clear,01 - Daylight,01 - Dry,02 - Stop sign,01 - Functioning,2,0,0,0,,0,,,,,368859.7038,5030914.574,45.41523441,-75.68152757,638
18--10553,10/10/2018,1:30 AM,RAMSAYVILLE RD @ RIDGE RD (0009270),9270,03 - At intersection,03 - P.D. only,05 - Turning movement,02 - Rain,07 - Dark,02 - Wet,02 - Stop sign,01 - Functioning,2,0,0,0,,0,,,,,376683.7457,5028863.537,45.39602035,-75.58187326,639
18--10554,10/10/2018,1:40 PM,MARCH RD btwn CAMPEAU DR/HWY 417 MARCH IC138R63 & HWY417 IC138 RAMP62 (__3ZA415),__3ZA415,01 - Non intersection,03 - P.D. only,03 - Rear end,01 - Clear,01 - Daylight,01 - Dry,10 - No control,,2,0,0,0,,0,,,,,352758.445,5020659.338,45.32424534,-75.88823055,640
18--10555,10/10/2018,1:41 PM,KALADAR AVE btwn GREGG ST & BROOKFIELD RD (__3ZA9YR),__3ZA9YR,04 - At/near private drive,03 - P.D. only,02 - Angle,01 - Clear,01 - Daylight,01 - Dry,10 - No control,,2,0,0,0,,0,,,,,369734.3841,5026396.3,45.37449991,-75.67094789,641
18--10556,10/10/2018,1:45 PM,CARLING AVE WB btwn KIRKWOOD AVE & HWY417 IC124 RAMP67 (__3ZA4N1),__3ZA4N1,01 - Non intersection,03 - P.D. only,04 - Sideswipe,01 - Clear,01 - Daylight,01 - Dry,10 - No control,,2,0,0,0,,0,,,,,364317.6902,5027514.908,45.38504598,-75.73996449,642
18--10557,10/10/2018,1:46 PM,WILHAVEN DR btwn MINOGUE CRES & DUNNING RD (__3ZA6TX),__3ZA6TX,01 - Non intersection,03 - P.D. only,07 - SMV other,01 - Clear,01 - Daylight,01 - Dry,10 - No control,,1,0,0,0,,0,,,,,390901.4367,5040785.08,45.50167285,-75.39822395,643
18--10558,10/10/2018,1:47 PM,BAY ST @ JAMES ST (0007321),7321,03 - At intersection,02 - Non-fatal injury,02 - Angle,01 - Clear,01 - Daylight,01 - Dry,02 - Stop sign,01 - Functioning,2,1,0,0,02 - Minor,1,,1,,,367377.6719,5030428.532,45.41099526,-75.7005229,644
18--10559,10/10/2018,1:48 AM,ALBERT ST btwn Continuation of ALBERT ST & BOOTH ST (__3ZA2G2),__3ZA2G2,01 - Non intersection,03 - P.D. only,03 - Rear end,01 - Clear,07 - Dark,01 - Dry,10 - No control,,2,0,0,0,,0,,,,,366421.7915,5030622.282,45.41282339,-75.7127096,645
18--1056,1/19/2018,8:40 AM,DONALD ST btwn BARNABY PRIV & TELFORD AVE (__3ZAYF3),__3ZAYF3,01 - Non intersection,03 - P.D. only,03 - Rear end,01 - Clear,01 - Daylight,03 - Loose snow,10 - No control,,2,0,0,0,,0,,,,,371599.3265,5032415.472,45.42848266,-75.64632451,646
18--10560,10/10/2018,10:21 PM,ST. ANTHONY ST btwn PRESTON ST & END (__3ZA4AP),__3ZA4AP,01 - Non intersection,03 - P.D. only,99 - Other,01 - Clear,07 - Dark,01 - Dry,10 - No control,,2,0,0,0,,0,,,,,366522.9047,5029546.626,45.40313602,-75.71155255,647
18--10561,10/10/2018,10:30 AM,AVIATION PKWY @ MONTREAL RD (0008799),8799,03 - At intersection,03 - P.D. only,05 - Turning movement,01 - Clear,01 - Daylight,01 - Dry,01 - Traffic signal,01 - Functioning,2,0,0,0,,0,,,,,372146.7166,5034108.582,45.44366396,-75.6390982,648
18--10562,10/10/2018,10:44 AM,CAMPEAU DR @ TERRY FOX DR (0008211),8211,02 - Intersection related,03 - P.D. only,05 - Turning movement,01 - Clear,01 - Daylight,01 - Dry,01 - Traffic signal,01 - Functioning,2,0,0,0,,0,,,,,350455.6007,5019010.455,45.30956183,-75.9177566,649
18--10563,10/10/2018,10:45 AM,O'CONNOR ST @ WELLINGTON ST (0002234),2234,02 - Intersection related,03 - P.D. only,04 - Sideswipe,01 - Clear,01 - Daylight,01 - Dry,01 - Traffic signal,01 - Functioning,2,0,0,0,,0,,,,,367413.5877,5031722.619,45.42263584,-75.69989966,650
18--10564,10/10/2018,10:56 AM,BANFF AVE @ KITCHENER AVE (0006621),6621,03 - At intersection,02 - Non-fatal injury,02 - Angle,01 - Clear,01 - Daylight,01 - Dry,02 - Stop sign,01 - Functioning,2,0,0,0,02 - Minor,1,,1,,,370723.4618,5025605.476,45.36729199,-75.65842671,651
18--10565,10/10/2018,11:35 AM,ELGIN ST @ GLADSTONE AVE (0007272),7272,03 - At intersection,03 - P.D. only,02 - Angle,01 - Clear,01 - Daylight,01 - Dry,01 - Traffic signal,01 - Functioning,2,0,0,0,,0,,,,,368384.7548,5030844.654,45.41464861,-75.68760426,652
18--10566,10/10/2018,11:44 AM,MONTREAL RD btwn VANIER PKWY & DUROCHER ST (__3ZA3LN),__3ZA3LN,01 - Non intersection,03 - P.D. only,03 - Rear end,01 - Clear,01 - Daylight,01 - Dry,10 - No control,,2,0,0,0,,0,,,,,370103.623,5033082.812,45.43462836,-75.66534859,653
18--10567,10/10/2018,Unknown,PAMILLA ST btwn PRESTON ST & END (__3ZA030),__3ZA030,01 - Non intersection,03 - P.D. only,06 - SMV unattended vehicle,01 - Clear,00 - Unknown,01 - Dry,10 - No control,,1,0,0,0,,0,,,,,366732.108,5029120.489,45.39928328,-75.70893396,654
18--10568,10/10/2018,12:15 PM,MERIVALE RD btwn CLYDE AVE & RITA AVE (__3ZA4H7),__3ZA4H7,01 - Non intersection,03 - P.D. only,03 - Rear end,01 - Clear,01 - Daylight,01 - Dry,10 - No control,,2,0,0,0,,0,,,,,364581.4201,5024368.351,45.3567113,-75.73697779,655
18--10569,10/10/2018,12:22 PM,CENTRUM BLVD btwn PLACE D'ORLEANS DR & PRESTONE DR (__3ZA5ZB),__3ZA5ZB,01 - Non intersection,02 - Non-fatal injury,07 - SMV other,01 - Clear,01 - Daylight,01 - Dry,10 - No control,,1,0,0,0,02 - Minor,1,,1,,,382080.2407,5038262.578,45.48001055,-75.51148148,656
18--1057,1/19/2018,8:45 PM,CATHERINE ST @ KENT ST (0002707),2707,02 - Intersection related,03 - P.D. only,04 - Sideswipe,01 - Clear,07 - Dark,01 - Dry,01 - Traffic signal,01 - Functioning,2,0,0,0,,0,,,,,367907.7073,5030188.565,45.40878852,-75.69378269,657
18--10570,10/10/2018,12:34 PM,FLOWER AVE @ WOODROFFE AVE (0002757),2757,02 - Intersection related,03 - P.D. only,03 - Rear end,01 - Clear,01 - Daylight,01 - Dry,02 - Stop sign,01 - Functioning,3,0,0,0,,0,,,,,361811.7289,5026115.635,45.3726639,-75.7721243,658
18--10571,10/10/2018,12:48 PM,MEADOWLANDS DR @ MERIVALE RD (0000625),625,02 - Intersection related,03 - P.D. only,03 - Rear end,01 - Clear,01 - Daylight,01 - Dry,01 - Traffic signal,01 - Functioning,2,0,0,0,,0,,,,,364858.625,5023725.64,45.35090459,-75.73351806,659
18--10572,10/10/2018,2:05 PM,KING EDWARD AVE @ ST. PATRICK ST (0002714),2714,02 - Intersection related,03 - P.D. only,04 - Sideswipe,01 - Clear,01 - Daylight,01 - Dry,01 - Traffic signal,01 - Functioning,2,0,0,0,,0,,,,,368248.6784,5032823.589,45.43246674,-75.68908779,660
18--10573,10/10/2018,2:05 PM,INNES RD @ VISENEAU DR (0012442),12442,02 - Intersection related,03 - P.D. only,03 - Rear end,01 - Clear,01 - Daylight,01 - Dry,01 - Traffic signal,01 - Functioning,2,0,0,0,,0,,,,,381798.6429,5035073.544,45.45134942,-75.51558253,661
18--10574,10/10/2018,2:20 PM,WALKLEY RD btwn CONROY RD & 160 W OF CONROY RD (__3ZA2EHB),__3ZA2EHB,01 - Non intersection,03 - P.D. only,05 - Turning movement,01 - Clear,01 - Daylight,01 - Dry,10 - No control,,2,0,0,0,,0,,,,,372773.8967,5027386.582,45.38312181,-75.63200886,662
18--10575,10/10/2018,2:22 PM,RICHARDSON SIDE RD @ TERRY FOX DR (0013651),13651,03 - At intersection,03 - P.D. only,02 - Angle,01 - Clear,01 - Daylight,01 - Dry,01 - Traffic signal,01 - Functioning,2,0,0,0,,0,,,,,348803.086,5019506.072,45.31412702,-75.93878598,663
18--10576,10/10/2018,3:15 PM,CUMMINGS AVE @ OGILVIE RD (0009923),9923,03 - At intersection,03 - P.D. only,05 - Turning movement,01 - Clear,01 - Daylight,01 - Dry,01 - Traffic signal,01 - Functioning,2,0,0,0,,0,,,,,372748.7366,5032170.516,45.42616794,-75.63167087,664
18--10577,10/10/2018,3:34 PM,BURRIS LANE @ MERIVALE RD (0002014),2014,03 - At intersection,02 - Non-fatal injury,05 - Turning movement,01 - Clear,01 - Daylight,01 - Dry,01 - Traffic signal,01 - Functioning,2,0,0,0,02 - Minor,1,,1,,,364880.5852,5025067.521,45.36297676,-75.73307474,665
18--10578,10/10/2018,4:41 PM,RUSSELL RD btwn CARLSBAD LANE & MILTON RD (__3ZA3XY),__3ZA3XY,01 - Non intersection,03 - P.D. only,03 - Rear end,01 - Clear,01 - Daylight,01 - Dry,10 - No control,,2,0,0,0,,0,,,,,389734.5465,5025321.26,45.36268907,-75.41582047,666