Anom_ID,Accident_Date,Accident_Time,Location,Geo_ID,Accident_Location,Classification_of_Accident,Initial_Impact_Type,Environment_Condition,Light,Road_Surface_Condition,Traffic_Control,Traffic_Control_Condition,No__of_Vehicles,No__of_Bicycles,No__of_Motorcycles,No__of_Pedestrians,Max_Injury,No__of_Injuries,No__of_Minimal,No__of_Minor,No__of_Major,No__of_Fatal,X,Y,Latitude,Longitude,ObjectId
18--10579,10/10/2018,4:50 PM,HIGHWAY 416 btwn HWY416 IC66 RAMP62 & HWY416 IC72 RAMP24 (__3ZAZMZ),__3ZAZMZ,01 - Non intersection,03 - P.D. only,07 - SMV other,01 - Clear,01 - Daylight,01 - Dry,10 - No control,,1,0,0,0,,0,,,,,359731.331,5019193.872,45.31054797,-75.79945151,667
18--1058,1/19/2018,8:47 PM,MERIVALE RD @ SHILLINGTON AVE (0011308),11308,02 - Intersection related,03 - P.D. only,02 - Angle,03 - Snow,07 - Dark,03 - Loose snow,01 - Traffic signal,01 - Functioning,2,0,0,0,,0,,,,,364844.694,5026809.538,45.37865421,-75.73332109,668
18--10580,10/10/2018,5:02 PM,CARLING AVE @ IROQUOIS RD (0003145),3145,03 - At intersection,03 - P.D. only,05 - Turning movement,01 - Clear,01 - Daylight,01 - Dry,01 - Traffic signal,01 - Functioning,2,0,0,0,,0,,,,,362213.7732,5026025.623,45.37182116,-75.76700224,669
18--10581,10/10/2018,5:07 PM,RUSSELL RD btwn CARLSBAD LANE & MILTON RD (__3ZA3XY),__3ZA3XY,01 - Non intersection,03 - P.D. only,03 - Rear end,01 - Clear,01 - Daylight,01 - Dry,10 - No control,,2,0,0,0,,0,,,,,389717.5823,5025320.493,45.36268422,-75.41603711,670
18--10582,10/10/2018,5:10 PM,GREENBANK RD @ LISA AVE (0002753),2753,02 - Intersection related,03 - P.D. only,03 - Rear end,01 - Clear,01 - Daylight,01 - Dry,01 - Traffic signal,01 - Functioning,2,0,0,0,,0,,,,,360554.4847,5022893.789,45.34377501,-75.78853784,671
18--10583,10/10/2018,5:19 PM,OGILVIE RD btwn LA VERENDRYE DR & EASTVALE DR (__3ZBO1Z),__3ZBO1Z,01 - Non intersection,03 - P.D. only,03 - Rear end,01 - Clear,01 - Daylight,01 - Dry,10 - No control,,3,0,0,0,,0,,,,,375464.8086,5035031.926,45.45164411,-75.59655516,672
18--10584,10/10/2018,5:35 PM,HIGHWAY 416 btwn HWY416 IC66 RAMP62 & HWY416 IC72 RAMP24 (__3ZAZMZ),__3ZAZMZ,01 - Non intersection,03 - P.D. only,03 - Rear end,01 - Clear,01 - Daylight,01 - Dry,10 - No control,,2,0,0,0,,0,,,,,359732.3893,5019192.496,45.31053551,-75.79943817,673
18--10585,10/10/2018,5:49 AM,DALHOUSIE ST @ ST. PATRICK ST (0008242),8242,03 - At intersection,03 - P.D. only,04 - Sideswipe,02 - Rain,07 - Dark,02 - Wet,01 - Traffic signal,01 - Functioning,2,0,0,0,,0,,,,,367957.5296,5032640.673,45.43084728,-75.69283193,674
18--10586,10/10/2018,6:17 AM,GALETTA SIDE RD btwn LOGGERS WAY & JOHN SHAW RD (__3ZA4RA),__3ZA4RA,01 - Non intersection,02 - Non-fatal injury,07 - SMV other,01 - Clear,03 - Dawn,01 - Dry,10 - No control,,1,0,1,0,02 - Minor,1,,1,,,325385.8927,5032892.412,45.43566152,-76.23688519,675
18--10587,10/10/2018,6:30 AM,EAGLESON RD @ HAZELDEAN RD/ROBERTSON RD (0002715),2715,02 - Intersection related,02 - Non-fatal injury,02 - Angle,01 - Clear,07 - Dark,01 - Dry,01 - Traffic signal,01 - Functioning,2,1,0,0,01 - Minimal,1,1,,,,353673.7436,5018424.594,45.30407355,-75.87677593,676
18--10588,10/10/2018,6:30 AM,BRIAN COBURN BLVD @ GERRY LALONDE DR (0014327),14327,03 - At intersection,03 - P.D. only,03 - Rear end,"07 - Fog, mist, smoke, dust",03 - Dawn,02 - Wet,02 - Stop sign,01 - Functioning,2,0,0,0,,0,,,,,383523.5359,5034614.313,45.44702549,-75.49360687,677
18--10589,10/10/2018,7:13 PM,EAGLESON RD btwn FAULKNER TR & FALLOWFIELD RD (__3ZA410),__3ZA410,01 - Non intersection,03 - P.D. only,07 - SMV other,01 - Clear,07 - Dark,01 - Dry,10 - No control,,1,0,0,0,,0,,,,,355573.6734,5013608.353,45.26060126,-75.85304284,678
18--1059,1/19/2018,8:50 AM,HIGHWAY 417 btwn HWY417 IC129 RAMP25 & TRANSIT (__3ZA2SH),__3ZA2SH,01 - Non intersection,03 - P.D. only,03 - Rear end,01 - Clear,01 - Daylight,02 - Wet,10 - No control,,2,0,0,0,,0,,,,,360903.3729,5023875.848,45.35258373,-75.78397475,679
18--10590,10/10/2018,7:14 PM,TRIM RD btwn PINNACLE ST & WALL RD (2) (__3ZA6UHB),__3ZA6UHB,01 - Non intersection,02 - Non-fatal injury,01 - Approaching,01 - Clear,07 - Dark,01 - Dry,10 - No control,,2,0,0,0,02 - Minor,1,,1,,,387252.7382,5035596.565,45.45543285,-75.44577645,680
18--10591,10/10/2018,7:18 PM,HIGHWAY 417 btwn HWY417 IC122 RAMP16 & HWY417 IC122 RAMP61 (__3ZA2RA),__3ZA2RA,01 - Non intersection,03 - P.D. only,03 - Rear end,01 - Clear,07 - Dark,01 - Dry,10 - No control,,3,0,0,0,,0,,,,,365607.6751,5029082.09,45.39903634,-75.72329987,681
18--10592,10/10/2018,7:22 AM,ROCKDALE RD N @ HIGHWAY 417 (0004640),4640,03 - At intersection,02 - Non-fatal injury,02 - Angle,01 - Clear,01 - Daylight,01 - Dry,02 - Stop sign,01 - Functioning,4,0,0,0,02 - Minor,1,,1,,,395345.7223,5022677.869,45.33820463,-75.34469266,682
18--10593,10/10/2018,7:25 PM,HOLLAND AVE btwn SCOTT ST & SPENCER ST (__3ZA3Z2),__3ZA3Z2,01 - Non intersection,03 - P.D. only,04 - Sideswipe,01 - Clear,07 - Dark,01 - Dry,10 - No control,,2,0,0,0,,0,,,,,364752.7995,5029558.051,45.40339266,-75.7341604,683
18--10594,10/10/2018,7:30 AM,MEADOWLANDS DR btwn APELDOORN AVE & CLAYMOR AVE (__3ZA4I5),__3ZA4I5,01 - Non intersection,03 - P.D. only,03 - Rear end,01 - Clear,01 - Daylight,02 - Wet,10 - No control,,3,0,0,0,,0,,,,,366894.9468,5025276.322,45.36467997,-75.70733772,684
18--10595,10/10/2018,7:30 PM,MARCH RD btwn HOWIE RD & JACOB'S GT (__3ZA2Q9),__3ZA2Q9,01 - Non intersection,03 - P.D. only,07 - SMV other,01 - Clear,07 - Dark,01 - Dry,10 - No control,,1,0,0,0,,0,,,,,337578.4809,5017526.773,45.29692999,-76.08207066,685
18--10596,10/10/2018,7:55 AM,KING EDWARD AVE @ STEWART ST (0007754),7754,03 - At intersection,03 - P.D. only,05 - Turning movement,01 - Clear,03 - Dawn,01 - Dry,01 - Traffic signal,01 - Functioning,2,0,0,0,,0,,,,,368634.7166,5032205.542,45.42687065,-75.6842346,686
18--10597,10/10/2018,8:04 AM,ROSEBELLA AVE btwn SIXTH ST & EIGHTH ST (__3ZA8PW),__3ZA8PW,01 - Non intersection,02 - Non-fatal injury,07 - SMV other,01 - Clear,01 - Daylight,01 - Dry,10 - No control,,1,0,0,1,01 - Minimal,1,1,,,,373670.2859,5023824.366,45.35098292,-75.62106033,687
18--10598,10/10/2018,8:07 AM,PORTOBELLO BLVD @ VALIN ST (0012844),12844,02 - Intersection related,03 - P.D. only,03 - Rear end,01 - Clear,01 - Daylight,02 - Wet,02 - Stop sign,01 - Functioning,2,0,0,0,,0,,,,,385350.899,5037697.568,45.47455747,-75.46974467,688
18--10599,10/10/2018,8:08 AM,SUSSEX DR btwn JOHN ST & ALEXANDER ST (__3ZA2FJ),__3ZA2FJ,01 - Non intersection,03 - P.D. only,04 - Sideswipe,01 - Clear,01 - Daylight,01 - Dry,10 - No control,,2,0,0,0,,0,,,,,367882.6224,5033995.134,45.443041,-75.69361559,689
18--106,1/2/2018,3:14 PM,CARLING AVE @ PINECREST  RD/GREENVIEW AVE (0001630),1630,02 - Intersection related,02 - Non-fatal injury,03 - Rear end,03 - Snow,01 - Daylight,03 - Loose snow,01 - Traffic signal,01 - Functioning,2,0,0,0,02 - Minor,1,,1,,,360006.6755,5024632.528,45.35946349,-75.79533357,690
18--1060,1/19/2018,9:06 PM,KENT ST @ SOMERSET ST (0008857),8857,03 - At intersection,03 - P.D. only,05 - Turning movement,01 - Clear,07 - Dark,02 - Wet,01 - Traffic signal,01 - Functioning,2,0,0,0,,0,,,,,367526.7013,5030815.565,45.41446432,-75.69856987,691
18--10600,10/10/2018,8:17 AM,CASTLEFRANK RD @ HAZELDEAN RD (0003608),3608,02 - Intersection related,03 - P.D. only,03 - Rear end,01 - Clear,01 - Daylight,01 - Dry,01 - Traffic signal,01 - Functioning,3,0,0,0,,0,,,,,352677.9288,5017676.731,45.29741268,-75.88954576,692
18--10601,10/10/2018,8:37 PM,BANK ST @ GILMOUR ST (0007270),7270,02 - Intersection related,03 - P.D. only,03 - Rear end,01 - Clear,07 - Dark,01 - Dry,01 - Traffic signal,01 - Functioning,3,0,0,0,,0,,,,,367786.6558,5030774.395,45.41407054,-75.69525414,693
18--10602,10/10/2018,9:22 AM,BOOTH ST btwn NORMAN ST & CARLING AVE (__3ZA4PF),__3ZA4PF,01 - Non intersection,02 - Non-fatal injury,07 - SMV other,01 - Clear,01 - Daylight,01 - Dry,10 - No control,,1,0,0,1,02 - Minor,1,,1,,,367090.8554,5029115.8,45.39920926,-75.70435268,694
18--10603,10/11/2018,1:45 PM,ROGER STEVENS DR @ MALAKOFF RD (0003720),3720,03 - At intersection,03 - P.D. only,02 - Angle,01 - Clear,01 - Daylight,01 - Dry,02 - Stop sign,01 - Functioning,2,0,0,0,,0,,,,,362227.6927,4996129.296,45.1028094,-75.77027601,695
18--10604,10/11/2018,11:00 AM,HAWTHORNE RD btwn STEVENAGE DR & HUNT CLUB RD (__3ZA2E8),__3ZA2E8,04 - At/near private drive,03 - P.D. only,99 - Other,02 - Rain,01 - Daylight,02 - Wet,10 - No control,,2,0,0,0,,0,,,,,375284.9754,5026953.95,45.37898104,-75.60000936,696
18--10605,10/11/2018,11:08 AM,JEANNE D'ARC BLVD @ ORLEANS BLVD N (0003792),3792,03 - At intersection,03 - P.D. only,99 - Other,02 - Rain,01 - Daylight,02 - Wet,01 - Traffic signal,01 - Functioning,2,0,0,0,,0,,,,,380028.8184,5038105.621,45.47882244,-75.5377422,697
18--10606,10/11/2018,11:09 AM,CHAPEL ST @ DALY AVE (0007824),7824,03 - At intersection,02 - Non-fatal injury,02 - Angle,01 - Clear,01 - Daylight,02 - Wet,02 - Stop sign,01 - Functioning,2,0,0,0,02 - Minor,2,,2,,,368971.7403,5032505.644,45.42954001,-75.679889,698
18--10607,10/11/2018,11:39 PM,BANK ST @ CAMERON AVE (0007227),7227,03 - At intersection,03 - P.D. only,05 - Turning movement,01 - Clear,07 - Dark,01 - Dry,01 - Traffic signal,01 - Functioning,2,0,0,0,,0,,,,,368943.6934,5028262.494,45.39136419,-75.68079954,699
18--10608,10/11/2018,11:46 PM,GLOUCESTER ST @ LYON ST (0006765),6765,02 - Intersection related,03 - P.D. only,04 - Sideswipe,01 - Clear,07 - Dark,01 - Dry,01 - Traffic signal,01 - Functioning,2,0,0,0,,0,,,,,367194.6195,5031001.597,45.41616787,-75.70278875,700
18--10609,10/11/2018,Unknown,ASSALY RD btwn REGINA LANE & RICHMOND RD (__3ZA5XK),__3ZA5XK,01 - Non intersection,03 - P.D. only,06 - SMV unattended vehicle,01 - Clear,00 - Unknown,01 - Dry,10 - No control,,1,0,0,0,,0,,,,,360704.772,5025552.665,45.36768752,-75.78631955,701
18--1061,1/19/2018,9:07 AM,CARLING AVE @ ISLAND PARK DR (0010785),10785,02 - Intersection related,03 - P.D. only,03 - Rear end,01 - Clear,01 - Daylight,01 - Dry,01 - Traffic signal,01 - Functioning,2,0,0,0,,0,,,,,365348.6993,5027997.543,45.38930026,-75.72674058,702
18--10610,10/11/2018,Unknown,MEADOWLANDS DR btwn KINTYRE PRIV & APELDOORN AVE (__3ZA4IY),__3ZA4IY,01 - Non intersection,03 - P.D. only,06 - SMV unattended vehicle,01 - Clear,00 - Unknown,01 - Dry,10 - No control,,1,0,0,0,,0,,,,,366865.6387,5025235.877,45.36431865,-75.70771689,703
18--10611,10/11/2018,Unknown,GLOUCESTER ST btwn LYON ST N & KENT ST (__3ZA9NX),__3ZA9NX,01 - Non intersection,03 - P.D. only,06 - SMV unattended vehicle,01 - Clear,00 - Unknown,01 - Dry,10 - No control,,1,0,0,0,,0,,,,,367217.1565,5031015.017,45.41628661,-75.70249913,704
18--10612,10/11/2018,12:00 PM,KING EDWARD AVE btwn MANN AVE & TEMPLETON ST (__3ZA3CB),__3ZA3CB,04 - At/near private drive,03 - P.D. only,02 - Angle,01 - Clear,01 - Daylight,01 - Dry,10 - No control,,2,0,0,0,,0,,,,,369085.9259,5031464.676,45.42016328,-75.67856572,705
18--10613,10/11/2018,12:24 PM,RAMSAYVILLE RD @ RIDGE RD (0009270),9270,03 - At intersection,02 - Non-fatal injury,99 - Other,01 - Clear,01 - Daylight,01 - Dry,02 - Stop sign,01 - Functioning,2,0,0,0,01 - Minimal,2,2,,,,376683.7762,5028863.516,45.39602016,-75.58187287,706
18--10614,10/11/2018,12:47 PM,ELDER ST @ WOODROFFE AVE (0011953),11953,02 - Intersection related,02 - Non-fatal injury,03 - Rear end,01 - Clear,01 - Daylight,01 - Dry,02 - Stop sign,00 - Unknown,2,0,0,0,02 - Minor,1,,1,,,361471.6844,5026907.538,45.37981696,-75.77637446,707
18--10615,10/11/2018,2:58 PM,MCGIBBON DR @ HENDRIE CRT/ROBARTS CRES W (0002721),2721,03 - At intersection,03 - P.D. only,05 - Turning movement,01 - Clear,01 - Daylight,01 - Dry,03 - Yield sign,01 - Functioning,2,0,0,0,,0,,,,,351431.5959,5018766.417,45.30730178,-75.90533341,708
18--10616,10/11/2018,3:18 PM,CARP RD @ RICHARDSON SIDE RD (0005759),5759,03 - At intersection,03 - P.D. only,05 - Turning movement,01 - Clear,01 - Daylight,02 - Wet,01 - Traffic signal,01 - Functioning,2,0,0,0,,0,,,,,346209.4377,5017160.562,45.29317902,-75.97205977,709
18--10617,10/11/2018,3:29 PM,HERON RD @ BRIAR HILL DR/SANDALWOOD DR (0007190),7190,03 - At intersection,02 - Non-fatal injury,05 - Turning movement,01 - Clear,01 - Daylight,02 - Wet,01 - Traffic signal,01 - Functioning,2,0,0,0,01 - Minimal,3,3,,,,371452.6766,5027012.725,45.37988494,-75.64892873,710
18--10618,10/11/2018,3:30 PM,GRASSY PLAINS DR btwn FARMFIELD CRES & STONEHAVEN DR (__3ZA54F),__3ZA54F,04 - At/near private drive,03 - P.D. only,06 - SMV unattended vehicle,01 - Clear,01 - Daylight,01 - Dry,10 - No control,,1,0,0,0,,0,,,,,356192.3287,5015956.604,45.28168639,-75.84491742,711
18--10269,10/2/2018,11:00 PM,GRANDMAITRE ST @ GRANVILLE ST (0009962),9962,03 - At intersection,03 - P.D. only,02 - Angle,02 - Rain,07 - Dark,02 - Wet,02 - Stop sign,01 - Functioning,2,0,0,0,,0,,,,,370759.8283,5034085.719,45.44359048,-75.65682808,712
18--1027,1/18/2018,9:30 AM,HWY417 IC138 RAMP61 btwn HWY417 IC138 RAMP62 & HIGHWAY 417 (__3ZAYB2),__3ZAYB2,01 - Non intersection,03 - P.D. only,07 - SMV other,01 - Clear,01 - Daylight,02 - Wet,10 - No control,,1,0,0,0,,0,,,,,353291.6338,5020505.113,45.32282097,-75.88144457,713
18--10270,10/2/2018,11:27 PM,HOPE SIDE RD @ RICHMOND RD (0000581),581,02 - Intersection related,03 - P.D. only,07 - SMV other,02 - Rain,07 - Dark,02 - Wet,02 - Stop sign,01 - Functioning,1,0,0,0,,0,,,,,356952.7735,5015485.343,45.2773899,-75.83527443,714
18--10271,10/2/2018,11:53 AM,ALBION RD @ LESTER RD (0004175),4175,03 - At intersection,03 - P.D. only,02 - Angle,02 - Rain,01 - Daylight,02 - Wet,01 - Traffic signal,01 - Functioning,2,0,0,0,,0,,,,,372694.7948,5022332.557,45.33765526,-75.63371311,715
18--10272,10/2/2018,11:54 AM,BANTREE ST btwn OLD INNES RD & EDINBURGH PL (__3ZA78D),__3ZA78D,01 - Non intersection,03 - P.D. only,02 - Angle,01 - Clear,01 - Daylight,01 - Dry,10 - No control,,2,0,0,0,,0,,,,,374007.2365,5029770.743,45.40445261,-75.61592719,716
18--10273,10/2/2018,Unknown,MAPLE GROVE RD btwn LEVECHE WAY & HUNTMAR DR (__3ZACVG),__3ZACVG,01 - Non intersection,03 - P.D. only,06 - SMV unattended vehicle,02 - Rain,00 - Unknown,02 - Wet,10 - No control,,1,0,0,0,,0,,,,,350164.6596,5016618.807,45.28805993,-75.92168558,717
18--10274,10/2/2018,12:38 PM,CROIL PRIV @ CANADAIR PRIV (0011320),11320,03 - At intersection,02 - Non-fatal injury,02 - Angle,02 - Rain,01 - Daylight,02 - Wet,02 - Stop sign,01 - Functioning,2,0,0,0,02 - Minor,1,,1,,,369465.7676,5021479.798,45.33028737,-75.6750201,718
18--10275,10/2/2018,2:00 PM,CYRVILLE RD @ INNES RD (0009352),9352,03 - At intersection,02 - Non-fatal injury,02 - Angle,01 - Clear,01 - Daylight,01 - Dry,01 - Traffic signal,01 - Functioning,2,0,0,0,01 - Minimal,1,1,,,,375047.7439,5031119.539,45.41648472,-75.60244487,719
18--10276,10/2/2018,2:09 PM,CYRVILLE RD btwn STAR TOP RD & MEADOWBROOK RD (__3ZA3SN),__3ZA3SN,04 - At/near private drive,03 - P.D. only,02 - Angle,02 - Rain,01 - Daylight,02 - Wet,10 - No control,,2,0,0,0,,0,,,,,374476.9287,5031293.365,45.41810579,-75.6097127,720
18--10277,10/2/2018,2:35 PM,FISHER AVE @ PRINCE OF WALES DR (0000572),572,03 - At intersection,03 - P.D. only,05 - Turning movement,01 - Clear,01 - Daylight,01 - Dry,01 - Traffic signal,01 - Functioning,2,0,0,0,,0,,,,,367161.8945,5023942.536,45.35265514,-75.70409865,721
18--10278,10/2/2018,3:35 PM,HIGHWAY 417 btwn HWY417 IC126 RAMP25 & HWY417 IC124 RAMP57 (__3ZA2R5),__3ZA2R5,01 - Non intersection,03 - P.D. only,03 - Rear end,01 - Clear,01 - Daylight,01 - Dry,10 - No control,,2,0,0,0,,0,,,,,363951.8131,5026878.291,45.37934879,-75.74471258,722
18--10279,10/2/2018,3:52 PM,BANK ST @ HUNT CLUB RD (0002119),2119,02 - Intersection related,02 - Non-fatal injury,03 - Rear end,01 - Clear,01 - Daylight,01 - Dry,01 - Traffic signal,01 - Functioning,2,0,0,0,01 - Minimal,1,1,,,,371608.758,5024096.427,45.35363025,-75.64733033,723
18--1028,1/19/2018,1:16 PM,NAVAN RD @ TENTH LINE RD (0004718),4718,03 - At intersection,03 - P.D. only,02 - Angle,01 - Clear,01 - Daylight,02 - Wet,01 - Traffic signal,01 - Functioning,2,0,0,0,,0,,,,,385756.0453,5031833.927,45.42175516,-75.46552852,724
18--10280,10/2/2018,3:55 PM,GLOUCESTER ST btwn O'CONNOR ST & METCALFE ST (__3ZA9UC),__3ZA9UC,01 - Non intersection,03 - P.D. only,04 - Sideswipe,01 - Clear,01 - Daylight,01 - Dry,10 - No control,,2,0,0,0,,0,,,,,367824.484,5031381.189,45.41952687,-75.69469327,725
18--10281,10/2/2018,3:59 PM,HOG'S BACK RD btwn COLONEL BY DR & RIVERSIDE DR (__3ZA22W),__3ZA22W,01 - Non intersection,03 - P.D. only,05 - Turning movement,01 - Clear,01 - Daylight,02 - Wet,10 - No control,,2,0,0,0,,0,,,,,368146.4645,5026220.544,45.37306385,-75.6912422,726
18--10282,10/2/2018,4:00 PM,BELL ST @ POWELL AVE (0006755),6755,03 - At intersection,02 - Non-fatal injury,07 - SMV other,02 - Rain,01 - Daylight,02 - Wet,02 - Stop sign,01 - Functioning,1,0,0,1,01 - Minimal,1,1,,,,367200.7045,5029385.567,45.40162677,-75.70291557,727
18--10283,10/2/2018,4:24 PM,SOLANDT RD btwn MARCH RD & LEGGET DR (__3ZA48Q),__3ZA48Q,04 - At/near private drive,03 - P.D. only,05 - Turning movement,02 - Rain,01 - Daylight,02 - Wet,10 - No control,,2,0,0,0,,0,,,,,350584.1689,5022795.102,45.34360862,-75.91576708,728
18--10284,10/2/2018,4:30 PM,MEADOWBROOK RD btwn MAXIME ST & AURELE ST (__3ZA7RM),__3ZA7RM,01 - Non intersection,03 - P.D. only,04 - Sideswipe,01 - Clear,01 - Daylight,01 - Dry,10 - No control,,2,0,0,0,,0,,,,,374610.2691,5032065.951,45.42504381,-75.6078997,729
18--10285,10/2/2018,4:48 AM,BELFAST RD btwn TRAINYARDS DR & ST. LAURENT BLVD (__3ZA79Z),__3ZA79Z,04 - At/near private drive,03 - P.D. only,02 - Angle,02 - Rain,07 - Dark,02 - Wet,10 - No control,,2,0,0,0,,0,,,,,372774.0742,5030546.567,45.41155396,-75.63157115,730
18--10286,10/2/2018,5:20 PM,CARP RD btwn KITTIWAKE DR & HAZELDEAN RD (__3ZA3DY),__3ZA3DY,04 - At/near private drive,03 - P.D. only,05 - Turning movement,01 - Clear,01 - Daylight,02 - Wet,10 - No control,,2,0,0,0,,0,,,,,348760.6967,5014402.43,45.2682054,-75.93977889,731
18--10287,10/2/2018,5:45 PM,CARP RD @ MARCH RD (0001689),1689,03 - At intersection,03 - P.D. only,05 - Turning movement,02 - Rain,05 - Dusk,02 - Wet,01 - Traffic signal,01 - Functioning,2,0,0,0,,0,,,,,342164.4791,5021732.66,45.33454739,-76.02328335,732
18--10288,10/2/2018,5:54 PM,PRINCE OF WALES DR @ STRANDHERD DR (0013339),13339,02 - Intersection related,03 - P.D. only,03 - Rear end,02 - Rain,05 - Dusk,02 - Wet,01 - Traffic signal,01 - Functioning,2,0,0,0,,0,,,,,367175.1962,5014824.507,45.27061117,-75.7050767,733
18--10289,10/2/2018,6:05 PM,HUNT CLUB RD @ MALAK ST (0007737),7737,03 - At intersection,03 - P.D. only,02 - Angle,01 - Clear,05 - Dusk,02 - Wet,02 - Stop sign,00 - Unknown,2,0,0,0,,0,,,,,374193.4761,5025653.761,45.36739147,-75.61412721,734
18--1029,1/19/2018,1:19 PM,MERIVALE RD btwn EMERALD PLAZA SC & MEADOWLANDS DR (__3ZA4HZB),__3ZA4HZB,01 - Non intersection,03 - P.D. only,03 - Rear end,01 - Clear,01 - Daylight,02 - Wet,10 - No control,,3,0,0,0,,0,,,,,364834.1252,5023782.131,45.35141498,-75.73382385,735
18--10290,10/2/2018,6:15 PM,WOODROFFE AVE btwn FIELD ST & ADIRONDACK DR (__3ZA34N),__3ZA34N,01 - Non intersection,03 - P.D. only,03 - Rear end,02 - Rain,05 - Dusk,02 - Wet,10 - No control,,2,0,0,0,,0,,,,,362424.6068,5024088.881,45.35437723,-75.7645366,736
18--10291,10/2/2018,6:18 AM,LYON ST @ SLATER ST (0002207),2207,02 - Intersection related,02 - Non-fatal injury,02 - Angle,02 - Rain,07 - Dark,02 - Wet,01 - Traffic signal,01 - Functioning,2,0,0,0,03 - Major,3,2,,1,,367102.7044,5031152.588,45.41753463,-75.70394394,737
18--10292,10/2/2018,6:30 PM,HWY 416 ACRES IC75R24 @ HOLLY ACRES RD (0005257),5257,02 - Intersection related,03 - P.D. only,03 - Rear end,02 - Rain,07 - Dark,02 - Wet,01 - Traffic signal,01 - Functioning,2,0,0,0,,0,,,,,358757.6424,5022868.448,45.3436875,-75.81146775,738
18--10079,9/27/2018,2:19 PM,RICHARDSON SIDE RD btwn OAK CREEK RD & HUNTMAR DR (__3ZACYD),__3ZACYD,01 - Non intersection,03 - P.D. only,07 - SMV other,00 - Unknown,00 - Unknown,01 - Dry,10 - No control,,1,0,0,0,,0,,,,,347764.6199,5018589.164,45.3059407,-75.95210943,739
18--10293,10/2/2018,6:40 PM,CAMPEAU DR @ KANATA AVE (0012003),12003,03 - At intersection,03 - P.D. only,05 - Turning movement,02 - Rain,05 - Dusk,02 - Wet,01 - Traffic signal,01 - Functioning,2,0,0,0,,0,,,,,350594.823,5019402.089,45.31307679,-75.915945,740
18--10294,10/2/2018,6:41 PM,KING EDWARD AVE @ ST. PATRICK ST (0002714),2714,02 - Intersection related,03 - P.D. only,03 - Rear end,01 - Clear,05 - Dusk,02 - Wet,01 - Traffic signal,01 - Functioning,2,0,0,0,,0,,,,,368248.4598,5032823.775,45.43246843,-75.68909055,741
18--10295,10/2/2018,6:54 PM,CASTLEFRANK RD btwn MACNEIL CRT & HAZELDEAN RD (__3ZA1XG),__3ZA1XG,04 - At/near private drive,03 - P.D. only,05 - Turning movement,02 - Rain,05 - Dusk,02 - Wet,10 - No control,,2,0,0,0,,0,,,,,352643.2949,5017717.118,45.29777845,-75.88998343,742
18--10296,10/2/2018,7:02 AM,TRANSITWAY - LINCOLN FIEL @ OTTAWA RIVER PKWY  (0002636),2636,02 - Intersection related,03 - P.D. only,03 - Rear end,02 - Rain,07 - Dark,02 - Wet,01 - Traffic signal,01 - Functioning,2,0,0,0,,0,,,,,360925.6787,5025499.525,45.36719171,-75.78350572,743
18--10297,10/2/2018,7:08 AM,EARL ARMSTRONG RD btwn CANYON WALK DR & LIMEBANK RD (__5SPCQJ),__5SPCQJ,01 - Non intersection,03 - P.D. only,07 - SMV other,02 - Rain,03 - Dawn,02 - Wet,10 - No control,,1,0,0,0,,0,,,,,369871.4488,5015839.492,45.27949954,-75.67058557,744
18--10298,10/2/2018,7:14 AM,HOLLAND AVE @ ISLAND PARK DR/N.C.C. DRIVEWAY (0010787),10787,03 - At intersection,02 - Non-fatal injury,07 - SMV other,02 - Rain,03 - Dawn,02 - Wet,01 - Traffic signal,01 - Functioning,1,0,0,1,01 - Minimal,1,1,,,,365425.5864,5027917.617,45.38857445,-75.72576858,745
18--10299,10/2/2018,7:20 AM,KING EDWARD AVE NB btwn ST. ANDREW ST & GUIGUES AVE (__3ZA3LH),__3ZA3LH,01 - Non intersection,02 - Non-fatal injury,03 - Rear end,02 - Rain,03 - Dawn,02 - Wet,10 - No control,,2,0,0,0,02 - Minor,1,,1,,,368212.025,5032924.104,45.43337446,-75.68954325,746
18--103,1/2/2018,2:46 PM,DUMAURIER AVE @ PINECREST RD (0002743),2743,02 - Intersection related,03 - P.D. only,03 - Rear end,03 - Snow,01 - Daylight,03 - Loose snow,01 - Traffic signal,01 - Functioning,2,0,0,0,,0,,,,,360321.6786,5023834.511,45.35225808,-75.79140276,747
18--1030,1/19/2018,1:29 PM,NAVAN RD @ TRIM RD (0004075),4075,03 - At intersection,03 - P.D. only,02 - Angle,01 - Clear,01 - Daylight,02 - Wet,02 - Stop sign,01 - Functioning,2,0,0,0,,0,,,,,388559.7987,5032375.526,45.42629786,-75.42961573,748
18--10300,10/2/2018,7:34 PM,ST. JOSEPH BLVD @ JEANNE D'ARC BLVD (0012421),12421,03 - At intersection,03 - P.D. only,02 - Angle,01 - Clear,07 - Dark,01 - Dry,11 - Roundabout,01 - Functioning,2,0,0,0,,0,,,,,379860.7579,5036471.533,45.46413828,-75.54014119,749
18--10301,10/2/2018,7:35 AM,FORWARD AVE @ BURNSIDE AVE (0006319),6319,03 - At intersection,03 - P.D. only,02 - Angle,02 - Rain,01 - Daylight,02 - Wet,02 - Stop sign,01 - Functioning,2,0,0,0,,0,,,,,364866.679,5030131.609,45.40854364,-75.73263596,750
18--10302,10/2/2018,7:37 PM,MONTREAL RD/HANNAH ST @ CODY AVE (0009349),9349,02 - Intersection related,03 - P.D. only,03 - Rear end,02 - Rain,07 - Dark,02 - Wet,01 - Traffic signal,01 - Functioning,3,0,0,0,,0,,,,,370254.6469,5033169.728,45.43539627,-75.66340699,751