Anom_ID,Accident_Date,Accident_Time,Location,Geo_ID,Accident_Location,Classification_of_Accident,Initial_Impact_Type,Environment_Condition,Light,Road_Surface_Condition,Traffic_Control,Traffic_Control_Condition,No__of_Vehicles,No__of_Bicycles,No__of_Motorcycles,No__of_Pedestrians,Max_Injury,No__of_Injuries,No__of_Minimal,No__of_Minor,No__of_Major,No__of_Fatal,X,Y,Latitude,Longitude,ObjectId
18--10303,10/2/2018,7:44 AM,CYRVILLE RD @ INNES RD (0009352),9352,03 - At intersection,02 - Non-fatal injury,02 - Angle,02 - Rain,01 - Daylight,02 - Wet,01 - Traffic signal,01 - Functioning,2,0,0,0,02 - Minor,1,,1,,,375047.6968,5031119.57,45.416485,-75.60244547,752
18--10304,10/2/2018,7:44 PM,DOZOIS RD @ GOUGH RD (0001600),1600,02 - Intersection related,02 - Non-fatal injury,07 - SMV other,02 - Rain,07 - Dark,02 - Wet,02 - Stop sign,01 - Functioning,1,0,0,0,02 - Minor,1,,1,,,372529.5674,5010156.403,45.22811317,-75.63748286,753
18--10305,10/2/2018,7:45 AM,JOCKVALE RD @ STRANDHERD DR (0010541),10541,02 - Intersection related,02 - Non-fatal injury,03 - Rear end,02 - Rain,01 - Daylight,02 - Wet,01 - Traffic signal,01 - Functioning,2,0,0,0,01 - Minimal,1,1,,,,363560.4556,5014577.893,45.26870345,-75.75116886,754
18--10306,10/2/2018,7:48 PM,COLONEL BY DR @ SENECA ST (0006907),6907,02 - Intersection related,03 - P.D. only,03 - Rear end,02 - Rain,07 - Dark,02 - Wet,02 - Stop sign,00 - Unknown,2,0,0,0,,0,,,,,368075.6239,5028519.8,45.39375832,-75.69185183,755
18--10307,10/2/2018,8:02 AM,CADBORO RD @ OGILVIE RD (0012429),12429,02 - Intersection related,03 - P.D. only,03 - Rear end,02 - Rain,01 - Daylight,02 - Wet,01 - Traffic signal,01 - Functioning,4,0,0,0,,0,,,,,373600.7406,5032664.514,45.4305294,-75.62071523,756
18--10308,10/2/2018,8:10 AM,BLACKBURN BYPASS @ INNES RD W (0009340),9340,02 - Intersection related,03 - P.D. only,04 - Sideswipe,01 - Clear,01 - Daylight,02 - Wet,01 - Traffic signal,01 - Functioning,2,0,0,0,,0,,,,,377187.0462,5032175.753,45.42576984,-75.57495936,757
18--10309,10/2/2018,8:14 PM,TENTH LINE RD @ LAKEPOINTE DR (0013369),13369,03 - At intersection,02 - Non-fatal injury,02 - Angle,02 - Rain,07 - Dark,02 - Wet,01 - Traffic signal,01 - Functioning,2,0,0,0,02 - Minor,1,,1,,,384261.99,5035420.7,45.45419708,-75.48403778,758
18--1031,1/19/2018,1:30 PM,BANK ST @ REGENT ST (0007245),7245,02 - Intersection related,03 - P.D. only,04 - Sideswipe,01 - Clear,01 - Daylight,04 - Slush,02 - Stop sign,01 - Functioning,2,0,0,0,,0,,,,,368427.714,5029328.562,45.40100341,-75.68725111,759
18--10310,10/2/2018,8:30 AM,ANDERSON RD/WEIR RD @ RENAUD RD (0003583),3583,02 - Intersection related,03 - P.D. only,03 - Rear end,01 - Clear,01 - Daylight,02 - Wet,11 - Roundabout,01 - Functioning,2,0,0,0,,0,,,,,377767.8039,5031503.556,45.4196615,-75.56763835,760
18--10311,10/2/2018,8:32 PM,FISHER AVE @ MEADOWLANDS DR (0002120),2120,02 - Intersection related,03 - P.D. only,03 - Rear end,02 - Rain,07 - Dark,02 - Wet,01 - Traffic signal,01 - Functioning,2,0,0,0,,0,,,,,366575.067,5025045.418,45.3626306,-75.71144957,761
18--10312,10/2/2018,8:35 AM,HIGHWAY 417 btwn HIGHWAY 417 & HWY417 IC129 RAMP51 (__3ZA290),__3ZA290,01 - Non intersection,03 - P.D. only,03 - Rear end,02 - Rain,01 - Daylight,02 - Wet,10 - No control,,2,0,0,0,,0,,,,,360051.192,5023228.009,45.34682214,-75.79492235,762
18--10313,10/2/2018,8:51 PM,GREENBANK RD SB btwn HWY417 IC129 RAMP53 & MORRISON DR (__3ZA4MR),__3ZA4MR,01 - Non intersection,03 - P.D. only,04 - Sideswipe,02 - Rain,07 - Dark,02 - Wet,10 - No control,,2,0,0,0,,0,,,,,360535.1137,5023248.656,45.34696963,-75.78874502,763
18--10314,10/2/2018,9:00 AM,WOODROFFE AVE btwn FIRESTATION & BASELINE RD (__3ZA34KB),__3ZA34KB,01 - Non intersection,03 - P.D. only,03 - Rear end,02 - Rain,01 - Daylight,02 - Wet,10 - No control,,2,0,0,0,,0,,,,,362548.0413,5023774.888,45.35154179,-75.76299801,764
18--10315,10/2/2018,9:00 AM,METCALFE ST btwn QUEEN ST & ALBERT ST (__3ZA1XP),__3ZA1XP,01 - Non intersection,03 - P.D. only,06 - SMV unattended vehicle,01 - Clear,01 - Daylight,01 - Dry,10 - No control,,1,0,0,0,,0,,,,,367657.7579,5031666.478,45.42210881,-75.69678703,765
18--10316,10/2/2018,9:12 AM,RICHMOND RD btwn ROBERTSON RD & 141 S OF ROBERTSON RD/TOWNHALL (__3ZABPSA),__3ZABPSA,04 - At/near private drive,02 - Non-fatal injury,02 - Angle,02 - Rain,01 - Daylight,02 - Wet,10 - No control,,2,0,0,0,01 - Minimal,1,1,,,,357589.8734,5020734.444,45.32457443,-75.82659577,766
18--10317,10/2/2018,9:28 AM,COLONEL BY DR btwn HAWTHORNE AVE & MAIN ST (__3ZA218),__3ZA218,04 - At/near private drive,03 - P.D. only,02 - Angle,02 - Rain,01 - Daylight,02 - Wet,10 - No control,,2,0,0,0,,0,,,,,368763.3791,5030540.71,45.41187932,-75.68280667,767
18--10318,10/2/2018,9:30 AM,BELFAST RD @ TRAINYARDS (0007799),7799,02 - Intersection related,03 - P.D. only,03 - Rear end,02 - Rain,01 - Daylight,02 - Wet,01 - Traffic signal,01 - Functioning,2,0,0,0,,0,,,,,371882.6444,5030913.639,45.41494273,-75.6429087,768
18--10319,10/3/2018,1:06 PM,RICHMOND RD btwn BROADVIEW AVE & GOLDEN AVE (__3ZA304),__3ZA304,01 - Non intersection,03 - P.D. only,99 - Other,01 - Clear,01 - Daylight,01 - Dry,10 - No control,,2,0,0,0,,0,,,,,362833.469,5028001.484,45.38954866,-75.75885903,769
18--1032,1/19/2018,1:42 PM,MERIVALE RD btwn EMERALD PLAZA SC & MEADOWLANDS DR (__3ZA4HZB),__3ZA4HZB,01 - Non intersection,03 - P.D. only,04 - Sideswipe,01 - Clear,01 - Daylight,02 - Wet,10 - No control,,2,0,0,0,,0,,,,,364834.3177,5023781.691,45.35141101,-75.73382145,770
18--10320,10/3/2018,1:16 PM,BANK ST btwn TURN LANE & SPRINGHILL RD (__3ZA2LG),__3ZA2LG,04 - At/near private drive,02 - Non-fatal injury,05 - Turning movement,01 - Clear,01 - Daylight,01 - Dry,10 - No control,,2,0,0,0,02 - Minor,1,,1,,,384365.2678,5008341.79,45.21054863,-75.48707037,771
18--10321,10/3/2018,1:30 PM,PINECREST RD btwn HWY417 IC129 RAMP26 & GREENBANK RD (__3ZA4MX),__3ZA4MX,01 - Non intersection,03 - P.D. only,03 - Rear end,01 - Clear,01 - Daylight,01 - Dry,10 - No control,,3,0,0,0,,0,,,,,360443.8176,5023536.043,45.34956279,-75.78987766,772
18--10322,10/3/2018,1:34 PM,MURRAY ST btwn CUMBERLAND ST & KING EDWARD AVE (__3ZA3W1),__3ZA3W1,01 - Non intersection,03 - P.D. only,04 - Sideswipe,01 - Clear,01 - Daylight,01 - Dry,10 - No control,,2,0,0,0,,0,,,,,368211.0258,5032704.135,45.43139535,-75.68958434,773
18--10323,10/3/2018,10:06 AM,JEANNE D'ARC BLVD @ ORLEANS BLVD N (0003792),3792,02 - Intersection related,03 - P.D. only,03 - Rear end,01 - Clear,01 - Daylight,01 - Dry,01 - Traffic signal,01 - Functioning,2,0,0,0,,0,,,,,380028.6243,5038105.501,45.47882138,-75.5377447,774
18--10324,10/3/2018,10:55 PM,DOWNPATRICK RD btwn DOWNPATRICK RD & WYMAN CRES (__3ZBOR2),__3ZBOR2,01 - Non intersection,02 - Non-fatal injury,06 - SMV unattended vehicle,01 - Clear,07 - Dark,01 - Dry,10 - No control,,1,0,0,0,02 - Minor,1,,1,,,370547.2452,5023301.391,45.34657708,-75.66098248,775
18--10325,10/3/2018,11:19 AM,ARTHUR ST @ SOMERSET ST (0005109),5109,02 - Intersection related,03 - P.D. only,03 - Rear end,01 - Clear,01 - Daylight,01 - Dry,01 - Traffic signal,00 - Unknown,2,0,0,0,,0,,,,,366829.7013,5030391.564,45.41071142,-75.70752761,776
18--10326,10/3/2018,11:39 PM,RAMSAYVILLE RD @ RIDGE RD (0009270),9270,03 - At intersection,03 - P.D. only,05 - Turning movement,01 - Clear,07 - Dark,01 - Dry,02 - Stop sign,01 - Functioning,2,0,0,0,,0,,,,,376683.7719,5028863.521,45.3960202,-75.58187292,777
18--10327,10/3/2018,11:49 AM,JEANNE D'ARC BLVD @ ORLEANS BLVD S (0004154),4154,03 - At intersection,03 - P.D. only,04 - Sideswipe,01 - Clear,01 - Daylight,01 - Dry,01 - Traffic signal,01 - Functioning,2,0,0,0,,0,,,,,380940.9902,5036250.39,45.46203171,-75.52636369,778
18--10328,10/3/2018,11:50 PM,SMYTH RD btwn GENERAL HOSPITAL & HIGHLAND TER (__3ZA3ONA),__3ZA3ONA,01 - Non intersection,03 - P.D. only,03 - Rear end,01 - Clear,07 - Dark,01 - Dry,10 - No control,,2,0,0,0,,0,,,,,371506.5318,5029179.917,45.39937937,-75.64794819,779
18--10329,10/3/2018,Unknown,STEVENAGE DR btwn SWANSEA CRES & SWANSEA CRES (__3ZA1DT),__3ZA1DT,01 - Non intersection,03 - P.D. only,06 - SMV unattended vehicle,01 - Clear,00 - Unknown,01 - Dry,10 - No control,,1,0,0,0,,0,,,,,374435.8612,5026987.311,45.37936612,-75.61084529,780
18--1033,1/19/2018,11:08 AM,MAITLAND AVE btwn CARLING AVE & DUNCAN PL (__3ZA4JY),__3ZA4JY,01 - Non intersection,03 - P.D. only,05 - Turning movement,01 - Clear,01 - Daylight,04 - Slush,10 - No control,,2,0,0,0,,0,,,,,362975.9491,5026405.655,45.37517779,-75.75722764,781
18--10330,10/3/2018,12:45 PM,CARLING AVE @ FAIRLAWN AVE/WOODROFFE AVE E (0002393),2393,03 - At intersection,02 - Non-fatal injury,07 - SMV other,01 - Clear,01 - Daylight,01 - Dry,01 - Traffic signal,01 - Functioning,1,0,0,1,01 - Minimal,1,1,,,,361934.6841,5025830.528,45.37008852,-75.77058762,782
18--10331,10/3/2018,12:50 PM,HIGHWAY 417 btwn HWY417 IC117 RAMP36 & HWY417 IC117 RAMP26 (__3ZAZE0),__3ZAZE0,01 - Non intersection,03 - P.D. only,04 - Sideswipe,01 - Clear,01 - Daylight,01 - Dry,10 - No control,,2,0,0,0,,0,,,,,370693.9551,5031181.589,45.41746658,-75.65805867,783
18--10332,10/3/2018,2:18 PM,BAY ST @ FLORENCE ST (0007469),7469,03 - At intersection,02 - Non-fatal injury,02 - Angle,01 - Clear,01 - Daylight,01 - Dry,02 - Stop sign,01 - Functioning,2,0,0,0,01 - Minimal,1,1,,,,367420.7017,5030356.638,45.41034453,-75.69998235,784
18--10333,10/3/2018,2:24 AM,CEDARVIEW RD btwn WEST HUNT CLUB RD & LYTLE AVE (__3ZA1XV),__3ZA1XV,01 - Non intersection,03 - P.D. only,07 - SMV other,01 - Clear,07 - Dark,01 - Dry,10 - No control,,1,0,0,0,,0,,,,,359779.0042,5019423.383,45.31260939,-75.79881811,785
18--10334,10/3/2018,3:30 PM,BASELINE RD btwn NAVAHO DR & COLLEGE SQUARE SC (__3ZAZDQB),__3ZAZDQB,04 - At/near private drive,03 - P.D. only,05 - Turning movement,01 - Clear,01 - Daylight,01 - Dry,10 - No control,,2,0,0,0,,0,,,,,362848.944,5023952.004,45.35311062,-75.75913731,786
18--10335,10/3/2018,3:45 PM,HOLLY ACRES RD @ HILLVIEW RD/STONEHEDGE PK (0009822),9822,03 - At intersection,03 - P.D. only,02 - Angle,01 - Clear,01 - Daylight,01 - Dry,02 - Stop sign,01 - Functioning,2,0,0,0,,0,,,,,358289.6948,5023363.57,45.34817847,-75.81738507,787
18--10336,10/3/2018,3:50 PM,HIGHWAY 417 btwn HWY417 IC121A RAMP16 & HWY417 IC121A RAMP61 (__3ZA2YY),__3ZA2YY,01 - Non intersection,03 - P.D. only,03 - Rear end,01 - Clear,01 - Daylight,01 - Dry,10 - No control,,2,0,0,0,,0,,,,,367168.2093,5029722.116,45.40465783,-75.70328805,788
18--10337,10/3/2018,3:58 PM,MOUNTAIN SORREL WAY btwn HYSSOP ST & JUNE GRASS ST (e___2JXS),e___2JXS,01 - Non intersection,03 - P.D. only,06 - SMV unattended vehicle,01 - Clear,01 - Daylight,07 - Mud,10 - No control,,1,0,0,0,,0,,,,,383903.3127,5034607.756,45.44692362,-75.48875366,789
18--10338,10/3/2018,4:00 PM,UPPER LORNE PL btwn SOMERSET ST W & END (__3ZA4GN),__3ZA4GN,01 - Non intersection,03 - P.D. only,06 - SMV unattended vehicle,02 - Rain,01 - Daylight,02 - Wet,10 - No control,,1,0,0,0,,0,,,,,366588.7194,5030452.014,45.41127665,-75.71059845,790
18--10339,10/3/2018,4:20 PM,INNES RD btwn CYRVILLE RD & STONEHENGE CRES (__3ZA3RE),__3ZA3RE,01 - Non intersection,03 - P.D. only,03 - Rear end,01 - Clear,01 - Daylight,01 - Dry,10 - No control,,2,0,0,0,,0,,,,,375091.9603,5031149.782,45.41675239,-75.60187567,791
18--1034,1/19/2018,11:16 PM,CAMBRIAN RD/GOLFLINKS DR W @ LONGFIELDS DR (0009702),9702,03 - At intersection,03 - P.D. only,07 - SMV other,01 - Clear,07 - Dark,02 - Wet,11 - Roundabout,01 - Functioning,1,0,0,0,,0,,,,,365383.0392,5013222.72,45.25635498,-75.72810958,792
18--10340,10/3/2018,4:22 PM,DALMENY RD @ DALMENY RD EXTENSION (0015506),15506,03 - At intersection,02 - Non-fatal injury,01 - Approaching,01 - Clear,01 - Daylight,01 - Dry,02 - Stop sign,01 - Functioning,2,0,0,0,02 - Minor,2,,2,,,377405.7249,4998957.308,45.12686045,-75.57702365,793
18--10341,10/3/2018,4:30 PM,DONWEL DR btwn OLD PRESCOTT RD & STANLEYFIELD CRES (__3ZA4D0),__3ZA4D0,01 - Non intersection,03 - P.D. only,99 - Other,02 - Rain,05 - Dusk,02 - Wet,10 - No control,,2,0,0,0,,0,,,,,378495.2302,5012703.754,45.25043436,-75.56114421,794
18--10342,10/3/2018,4:51 PM,ALBERT ST @ PRESTON ST (0002217),2217,03 - At intersection,03 - P.D. only,05 - Turning movement,01 - Clear,01 - Daylight,01 - Dry,01 - Traffic signal,01 - Functioning,2,0,0,0,,0,,,,,366160.6781,5030464.577,45.41142735,-75.71606495,795
18--10343,10/3/2018,6:15 AM,REGIONAL ROAD 174 btwn OR174 IC112 RAMP36 & OR174 IC112 RAMP26 (__3ZAZFK),__3ZAZFK,01 - Non intersection,03 - P.D. only,03 - Rear end,02 - Rain,03 - Dawn,02 - Wet,10 - No control,,2,0,0,0,,0,,,,,374748.6564,5032807.144,45.43169884,-75.6060262,796
18--10344,10/3/2018,6:21 AM,KENT ST @ SLATER ST (0002114),2114,03 - At intersection,03 - P.D. only,05 - Turning movement,01 - Clear,03 - Dawn,01 - Dry,01 - Traffic signal,01 - Functioning,2,0,0,0,,0,,,,,367261.7002,5031252.663,45.4184209,-75.70189993,797
18--10345,10/3/2018,6:35 AM,HIGHWAY 417 btwn HIGHWAY 417 & Continuation of HIGHWAY 417 (__3ZAZOB),__3ZAZOB,01 - Non intersection,03 - P.D. only,03 - Rear end,01 - Clear,03 - Dawn,01 - Dry,10 - No control,,2,0,0,0,,0,,,,,352964.0855,5020217.089,45.32025182,-75.88565052,798
18--10346,10/3/2018,6:53 PM,HEATHERINGTON RD btwn ALBION RD N & BANNERHILL PRIV (__3ZA9YH),__3ZA9YH,04 - At/near private drive,03 - P.D. only,02 - Angle,01 - Clear,05 - Dusk,01 - Dry,10 - No control,,2,0,0,0,,0,,,,,371298.0381,5026249.795,45.37303507,-75.65100579,799
18--10347,10/3/2018,7:00 PM,INNES RD btwn 260 E OF BELCOURT BLVD/WALMART SC & JEANNE D'ARC BLVD/ME (__3ZA3JWB),__3ZA3JWB,01 - Non intersection,02 - Non-fatal injury,03 - Rear end,01 - Clear,07 - Dark,01 - Dry,10 - No control,,2,0,0,0,01 - Minimal,1,1,,,,382542.7913,5035515.267,45.45524129,-75.5060003,800
18--10348,10/3/2018,7:15 AM,HIGHWAY 417 btwn HWY417 IC134 RAMP25 & HWY417 IC131 RAMP53 (__3ZA2LE),__3ZA2LE,01 - Non intersection,03 - P.D. only,03 - Rear end,01 - Clear,01 - Daylight,01 - Dry,10 - No control,,2,0,0,0,,0,,,,,357144.5132,5022552.296,45.34096497,-75.83208428,801
18--1008,1/18/2018,7:10 PM,HUNTMAR DR btwn PALLADIUM DR & MAPLE GROVE RD (__3ZA1EH),__3ZA1EH,04 - At/near private drive,03 - P.D. only,02 - Angle,01 - Clear,07 - Dark,02 - Wet,10 - No control,,2,0,0,0,,0,,,,,349922.432,5017094.829,45.29235892,-75.92473007,802
18--10080,9/27/2018,3:00 PM,ST. JOSEPH BLVD @ JEANNE D'ARC BLVD (0012421),12421,03 - At intersection,03 - P.D. only,04 - Sideswipe,01 - Clear,01 - Daylight,01 - Dry,11 - Roundabout,01 - Functioning,2,0,0,0,,0,,,,,379860.7419,5036471.581,45.46413872,-75.54014139,803
18--10081,9/27/2018,3:28 PM,HOLLAND AVE @ SHERWOOD DR (0006392),6392,03 - At intersection,02 - Non-fatal injury,05 - Turning movement,01 - Clear,01 - Daylight,01 - Dry,02 - Stop sign,01 - Functioning,2,1,0,0,02 - Minor,1,,1,,,365149.4304,5028648.679,45.39517625,-75.72920555,804
18--10082,9/27/2018,3:40 PM,REGIONAL ROAD 174 EB btwn OR174 IC109 RAMP55 & TRANSIT (__3ZA28V),__3ZA28V,01 - Non intersection,03 - P.D. only,03 - Rear end,01 - Clear,01 - Daylight,01 - Dry,10 - No control,,2,0,0,0,,0,,,,,376564.4426,5035194.27,45.45299272,-75.58247453,805
18--10083,9/27/2018,3:46 PM,BARRETTE ST @ ST. CHARLES ST (0010059),10059,03 - At intersection,03 - P.D. only,02 - Angle,01 - Clear,01 - Daylight,01 - Dry,02 - Stop sign,01 - Functioning,2,0,0,0,,0,,,,,369470.7149,5033730.606,45.44051577,-75.67335189,806
18--10084,9/27/2018,3:46 PM,EARL MULLIGAN DR @ WOODROFFE AVE (0000591),591,02 - Intersection related,03 - P.D. only,03 - Rear end,01 - Clear,01 - Daylight,01 - Dry,01 - Traffic signal,01 - Functioning,2,0,0,0,,0,,,,,365250.7016,5017506.46,45.29491135,-75.72927392,807
18--10085,9/27/2018,3:50 PM,MOODIE DR btwn ROBERTSON RD & HADLEY CIRC (__3ZA412),__3ZA412,04 - At/near private drive,03 - P.D. only,02 - Angle,01 - Clear,01 - Daylight,01 - Dry,10 - No control,,2,0,0,0,,0,,,,,357112.0385,5020355.384,45.32119938,-75.8327308,808
18--10086,9/27/2018,3:55 PM,HIGHWAY 417 btwn HWY417 IC124 RAMP55 & HWY417 IC124 RAMP65 (__3ZAZPV),__3ZAZPV,01 - Non intersection,03 - P.D. only,03 - Rear end,01 - Clear,01 - Daylight,01 - Dry,10 - No control,,2,0,0,0,,0,,,,,364484.3187,5027578.756,45.38560629,-75.73782913,809
18--10087,9/27/2018,4:00 PM,ST. LAURENT BLVD @ COVENTRY RD/OGILVIE RD (0002151),2151,02 - Intersection related,03 - P.D. only,04 - Sideswipe,01 - Clear,01 - Daylight,01 - Dry,01 - Traffic signal,01 - Functioning,2,0,0,0,,0,,,,,372305.7192,5031951.574,45.4242409,-75.63736163,810
18--10088,9/27/2018,4:01 PM,FALLOWFIELD RD @ HOLITMAN DR (0010371),10371,02 - Intersection related,03 - P.D. only,02 - Angle,01 - Clear,01 - Daylight,01 - Dry,02 - Stop sign,01 - Functioning,2,0,0,0,,0,,,,,363742.5775,5017134.519,45.29169275,-75.74854452,811
18--10089,9/27/2018,4:20 PM,KEYWORTH AVE @ SUNNYMEDE AVE (0006129),6129,03 - At intersection,03 - P.D. only,02 - Angle,01 - Clear,01 - Daylight,01 - Dry,02 - Stop sign,01 - Functioning,2,0,0,0,,0,,,,,363864.6864,5029334.562,45.40145724,-75.74553097,812
18--1009,1/18/2018,7:11 PM,NICHOLAS ST NB btwn NICHOLAS ST NB OFF RAMP TO NICHOLAS ST SB & LAURIE (__3ZAZP5),__3ZAZP5,01 - Non intersection,03 - P.D. only,04 - Sideswipe,01 - Clear,07 - Dark,02 - Wet,10 - No control,,2,0,0,0,,0,,,,,368373.1926,5031831.97,45.4235332,-75.68762458,813
18--10090,9/27/2018,6:59 PM,CATHERINE ST @ KENT ST (0002707),2707,02 - Intersection related,03 - P.D. only,04 - Sideswipe,01 - Clear,01 - Daylight,01 - Dry,01 - Traffic signal,00 - Unknown,2,0,0,0,,0,,,,,367907.5951,5030188.693,45.40878968,-75.6937841,814
18--10091,9/27/2018,7:00 PM,HIGHBURY PARK DR btwn LONGFIELDS DR & VIA VERONA AVE (__3ZAJCO),__3ZAJCO,01 - Non intersection,03 - P.D. only,06 - SMV unattended vehicle,01 - Clear,05 - Dusk,01 - Dry,10 - No control,,1,0,0,0,,0,,,,,364117.722,5015888.854,45.28045271,-75.74391116,815
18--10092,9/27/2018,7:15 PM,MELROSE AVE @ WELLINGTON ST (0006166),6166,02 - Intersection related,03 - P.D. only,04 - Sideswipe,01 - Clear,07 - Dark,01 - Dry,01 - Traffic signal,00 - Unknown,2,0,0,0,,0,,,,,365466.6206,5029561.625,45.40336332,-75.72504241,816
18--10093,9/27/2018,7:20 AM,HIGHWAY 417 btwn HWY 417 ANDERSON IC104R61 & HWY 417 BOUNDARY IC96R16 (__3ZA2W5),__3ZA2W5,01 - Non intersection,03 - P.D. only,03 - Rear end,01 - Clear,01 - Daylight,01 - Dry,10 - No control,,3,0,0,0,,0,,,,,381184.6212,5025694.007,45.36702656,-75.52488486,817
18--10094,9/27/2018,7:30 AM,HIGHWAY 417 btwn HWY417 IC96 RAMP61 & HWY417 IC88 RAMP16 (__3ZA27Z),__3ZA27Z,01 - Non intersection,02 - Non-fatal injury,03 - Rear end,01 - Clear,01 - Daylight,01 - Dry,10 - No control,,5,0,0,0,02 - Minor,1,,1,,,387985.0013,5023792.639,45.34914567,-75.43840653,818
18--10095,9/27/2018,8:01 AM,GREENBANK RD btwn JOCKVALE RD & CAMBRIAN RD (__3ZA2WE),__3ZA2WE,04 - At/near private drive,02 - Non-fatal injury,02 - Angle,01 - Clear,01 - Daylight,01 - Dry,10 - No control,,2,1,0,0,01 - Minimal,2,2,,,,364366.1112,5013772.291,45.26138686,-75.74099926,819
18--10096,9/27/2018,8:04 AM,HIGHWAY 417 btwn Continuation of HIGHWAY 417 & HWY417 IC134 RAMP51 (__3ZA29B),__3ZA29B,01 - Non intersection,03 - P.D. only,03 - Rear end,01 - Clear,01 - Daylight,01 - Dry,10 - No control,,2,0,0,0,,0,,,,,355807.6902,5021883.528,45.3350458,-75.84920996,820
18--10097,9/27/2018,8:16 PM,NICHOLAS ST SB btwn RAMP & LAURIER AVE E (__3ZAZP6),__3ZAZP6,01 - Non intersection,03 - P.D. only,04 - Sideswipe,01 - Clear,07 - Dark,01 - Dry,10 - No control,,2,0,0,0,,0,,,,,368322.7088,5031891.281,45.42407144,-75.68826198,821
18--10098,9/27/2018,8:28 PM,MELFORT ST btwn HOWLAND AVE & MAGNUS AVE (__3ZA74U),__3ZA74U,01 - Non intersection,03 - P.D. only,06 - SMV unattended vehicle,01 - Clear,07 - Dark,01 - Dry,10 - No control,,1,0,0,0,,0,,,,,374386.2462,5028496.618,45.39295108,-75.61126594,822
18--10099,9/27/2018,8:30 AM,MAIN ST @ BECKWITH RD/BOWER ST (0006978),6978,03 - At intersection,03 - P.D. only,02 - Angle,01 - Clear,01 - Daylight,01 - Dry,01 - Traffic signal,01 - Functioning,2,0,0,0,,0,,,,,369358.7106,5029716.559,45.40440924,-75.67530946,823
18--101,1/2/2018,2:36 PM,HUNT CLUB RD btwn RIVERSIDE DR & LINDBERGH PRIV (__4B3PLN),__4B3PLN,01 - Non intersection,03 - P.D. only,03 - Rear end,03 - Snow,01 - Daylight,04 - Slush,10 - No control,,2,0,0,0,,0,,,,,368161.1134,5022009.745,45.33517473,-75.69159483,824
18--1010,1/18/2018,7:15 AM,CARLING AVE @ BAYSHORE DR/BIRCHDALE AVE (0000021),21,02 - Intersection related,03 - P.D. only,03 - Rear end,01 - Clear,03 - Dawn,01 - Dry,01 - Traffic signal,01 - Functioning,2,0,0,0,,0,,,,,359004.8707,5023990.612,45.3537657,-75.8081902,825
18--10100,9/27/2018,8:33 PM,ISLAND PARK DR @ SCOTT ST (0002126),2126,03 - At intersection,03 - P.D. only,05 - Turning movement,01 - Clear,07 - Dark,01 - Dry,01 - Traffic signal,01 - Functioning,2,0,0,0,,0,,,,,363833.5018,5029040.501,45.39881397,-75.74596447,826
18--10101,9/27/2018,8:45 AM,SEYTON DR btwn TO BE DETERMINED & SONNET CRES (__3ZABE4),__3ZABE4,01 - Non intersection,02 - Non-fatal injury,07 - SMV other,01 - Clear,01 - Daylight,01 - Dry,10 - No control,,1,0,0,1,02 - Minor,1,,1,,,357220.1111,5019518.525,45.31366117,-75.83144093,827
18--10102,9/27/2018,9:00 AM,EAGLESON RD btwn ABBEYHILL DR & PALOMINO DR (__3ZA41M),__3ZA41M,01 - Non intersection,03 - P.D. only,04 - Sideswipe,01 - Clear,01 - Daylight,01 - Dry,10 - No control,,2,0,0,0,,0,,,,,353831.5295,5018024.652,45.30046379,-75.87480356,828
18--10103,9/27/2018,9:01 AM,QUEENSBURY DR btwn GRENADIER WAY & DOULTON GT (__3ZA6K8),__3ZA6K8,04 - At/near private drive,02 - Non-fatal injury,07 - SMV other,01 - Clear,01 - Daylight,01 - Dry,10 - No control,,1,0,0,1,02 - Minor,1,,1,,,365475.4013,5016225.408,45.28336514,-75.72656602,829
18--10104,9/27/2018,9:06 AM,GREENBANK RD @ CANFIELD RD/CRAIG HENRY DR (0000154),154,02 - Intersection related,03 - P.D. only,03 - Rear end,01 - Clear,01 - Daylight,01 - Dry,01 - Traffic signal,01 - Functioning,2,0,0,0,,0,,,,,361106.6799,5021364.493,45.32997032,-75.78166605,830
18--10105,9/27/2018,9:15 AM,PRINCE OF WALES DR @ WATERBRIDGE DR (0009687),9687,02 - Intersection related,03 - P.D. only,03 - Rear end,01 - Clear,01 - Daylight,01 - Dry,01 - Traffic signal,01 - Functioning,2,0,0,0,,0,,,,,367315.3429,5015945.708,45.2806872,-75.70314962,831
18--10106,9/27/2018,9:23 AM,HIGHWAY 417 btwn HWY417 IC117 RAMP61 & HWY417 IC115 RAMP36 (__3ZA2RZ),__3ZA2RZ,01 - Non intersection,03 - P.D. only,03 - Rear end,01 - Clear,01 - Daylight,01 - Dry,10 - No control,,2,0,0,0,,0,,,,,371509.4866,5031416.239,45.41950058,-75.64760783,832
18--10107,9/27/2018,9:32 AM,LOLA ST @ QUEEN MARY ST (0007957),7957,02 - Intersection related,03 - P.D. only,99 - Other,01 - Clear,01 - Daylight,01 - Dry,02 - Stop sign,01 - Functioning,2,0,0,0,,0,,,,,371129.7242,5032044.584,45.42519026,-75.65237518,833
18--10108,9/27/2018,9:48 AM,HIGHWAY 417 btwn HWY417 IC110 RAMP64 & HWY417 IC104 RAMP16 (__3ZA2W9),__3ZA2W9,01 - Non intersection,03 - P.D. only,04 - Sideswipe,01 - Clear,01 - Daylight,01 - Dry,10 - No control,,2,0,0,0,,0,,,,,376100.0689,5028053.609,45.38879273,-75.58944429,834