Anom_ID,Accident_Date,Accident_Time,Location,Geo_ID,Accident_Location,Classification_of_Accident,Initial_Impact_Type,Environment_Condition,Light,Road_Surface_Condition,Traffic_Control,Traffic_Control_Condition,No__of_Vehicles,No__of_Bicycles,No__of_Motorcycles,No__of_Pedestrians,Max_Injury,No__of_Injuries,No__of_Minimal,No__of_Minor,No__of_Major,No__of_Fatal,X,Y,Latitude,Longitude,ObjectId
18--10109,9/27/2018,9:53 AM,INDUSTRIAL AVE btwn TRAINYARDS DR & RUSSELL RD (__3ZA3R9),__3ZA3R9,04 - At/near private drive,03 - P.D. only,02 - Angle,01 - Clear,01 - Daylight,01 - Dry,10 - No control,,2,0,1,0,,0,,,,,372047.4723,5030449.595,45.41075164,-75.6408663,835
18--1011,1/18/2018,7:16 PM,STAGECOACH RD btwn DALMENY RD & FAWN LANE (__3ZAZ9V),__3ZAZ9V,01 - Non intersection,03 - P.D. only,07 - SMV other,01 - Clear,07 - Dark,01 - Dry,10 - No control,,1,0,0,0,,0,,,,,378040.7422,4998803.983,45.12541534,-75.56897471,836
18--10110,9/27/2018,9:59 PM,BRONSON AVE @ CATHERINE ST/RAYMOND ST (0007198),7198,03 - At intersection,03 - P.D. only,05 - Turning movement,01 - Clear,07 - Dark,01 - Dry,01 - Traffic signal,01 - Functioning,2,0,0,0,,0,,,,,367252.5366,5029796.397,45.40531868,-75.70220152,837
18--10111,9/28/2018,1:19 PM,MCARTHUR AVE btwn CRETE PL & ALLEN BLVD (__3ZA3W3),__3ZA3W3,04 - At/near private drive,02 - Non-fatal injury,05 - Turning movement,01 - Clear,01 - Daylight,01 - Dry,10 - No control,,2,1,0,0,02 - Minor,1,,1,,,370619.2909,5032734.558,45.43144657,-75.65880506,838
18--10112,9/28/2018,1:20 AM,OR174 IC109 RAMP55 btwn REGIONAL ROAD 174 & ST. JOSEPH BLVD (__3ZAY59),__3ZAY59,01 - Non intersection,03 - P.D. only,07 - SMV other,01 - Clear,07 - Dark,01 - Dry,10 - No control,,1,0,0,0,,0,,,,,376458.8436,5034922.201,45.45055566,-75.5838641,839
18--108,1/2/2018,3:15 AM,HWY416 IC75A RAMP26 btwn HIGHWAY 417 & HIGHWAY 416 (__3ZAY4Y),__3ZAY4Y,01 - Non intersection,03 - P.D. only,07 - SMV other,01 - Clear,07 - Dark,06 - Ice,10 - No control,,1,0,0,0,,0,,,,,358237.9053,5022737.01,45.34254461,-75.81811364,840
18--10113,9/28/2018,1:20 PM,OR174 IC105 RAMP16 btwn REGIONAL ROAD 174 & OR174 IC105 RAMP36 (__3ZAY8C),__3ZAY8C,01 - Non intersection,03 - P.D. only,03 - Rear end,01 - Clear,01 - Daylight,01 - Dry,10 - No control,,2,0,0,0,,0,,,,,379216.8721,5036950.668,45.46851807,-75.54830136,841
18--10114,9/28/2018,1:54 PM,BASELINE RD @ CLYDE AVE (0002343),2343,02 - Intersection related,03 - P.D. only,03 - Rear end,01 - Clear,01 - Daylight,01 - Dry,01 - Traffic signal,01 - Functioning,2,0,0,0,,0,,,,,364358.6832,5024890.373,45.36142734,-75.73975754,842
18--10115,9/28/2018,10:29 AM,SLATER ST btwn LYON ST N & KENT ST (__3ZA3CT),__3ZA3CT,01 - Non intersection,03 - P.D. only,04 - Sideswipe,01 - Clear,01 - Daylight,01 - Dry,10 - No control,,2,0,0,0,,0,,,,,367181.7331,5031202.062,45.41797274,-75.70292801,843
18--10116,9/28/2018,10:34 PM,FALLOWFIELD RD btwn HWY416 IC66 RAMP34 & HWY416 IC66 RAMP63 (__3ZAZM3),__3ZAZM3,01 - Non intersection,03 - P.D. only,03 - Rear end,02 - Rain,07 - Dark,02 - Wet,10 - No control,,2,0,0,0,,0,,,,,359835.0477,5014729.238,45.27036667,-75.79862423,844
18--10117,9/28/2018,10:50 AM,FOLISON ST @ MARGRAVE AVE S (0009121),9121,03 - At intersection,02 - Non-fatal injury,06 - SMV unattended vehicle,01 - Clear,01 - Daylight,01 - Dry,02 - Stop sign,01 - Functioning,1,0,0,0,02 - Minor,1,,1,,,372570.7284,5025320.533,45.364552,-75.63488641,845
18--10118,9/28/2018,10:57 AM,KLONDIKE RD @ MARCH RD (0003096),3096,02 - Intersection related,03 - P.D. only,04 - Sideswipe,01 - Clear,01 - Daylight,01 - Dry,01 - Traffic signal,00 - Unknown,2,0,0,0,,0,,,,,349262.9806,5024061.638,45.3550902,-75.9325115,846
18--10119,9/28/2018,11:00 AM,HUNT CLUB RD btwn CAHILL DR & LORRY GREENBERG DR (__3ZA3S4),__3ZA3S4,01 - Non intersection,03 - P.D. only,04 - Sideswipe,01 - Clear,01 - Daylight,01 - Dry,10 - No control,,2,0,0,0,,0,,,,,372736.2039,5024740.305,45.35931531,-75.63285407,847
18--1012,1/18/2018,7:18 PM,BLACKBURN BYPASS @ NAVAN RD (0004201),4201,02 - Intersection related,03 - P.D. only,03 - Rear end,01 - Clear,07 - Dark,01 - Dry,01 - Traffic signal,01 - Functioning,2,0,0,0,,0,,,,,379617.7471,5033274.563,45.43540039,-75.54373454,848
18--10120,9/28/2018,11:00 PM,REGIONAL ROAD 174 btwn OR174 IC105 RAMP63 & OR174 IC102 RAMP36 (__3ZA27F),__3ZA27F,01 - Non intersection,03 - P.D. only,04 - Sideswipe,01 - Clear,07 - Dark,01 - Dry,10 - No control,,2,0,0,0,,0,,,,,380264.8088,5037517.556,45.47350603,-75.5348144,849
18--10121,9/28/2018,11:15 AM,BASELINE RD @ WOODROFFE AVE (0002225),2225,02 - Intersection related,03 - P.D. only,03 - Rear end,01 - Clear,01 - Daylight,01 - Dry,01 - Traffic signal,01 - Functioning,3,0,0,0,,0,,,,,362549.7586,5023770.448,45.3515017,-75.76297661,850
18--10122,9/28/2018,11:54 AM,PLACE D'ORLEANS @ CENTRUM BLVD/PLACE D'ORLEANS (0004167),4167,03 - At intersection,03 - P.D. only,02 - Angle,01 - Clear,01 - Daylight,01 - Dry,01 - Traffic signal,01 - Functioning,2,0,0,0,,0,,,,,381964.7405,5038137.592,45.47889881,-75.5129783,851
18--10123,9/28/2018,Unknown,COBBLE HILL DR btwn KENNEVALE DR & Continuation of COBBLE HILL DR (__5WHGNE),__5WHGNE,01 - Non intersection,03 - P.D. only,06 - SMV unattended vehicle,01 - Clear,00 - Unknown,01 - Dry,10 - No control,,1,0,0,0,,0,,,,,361646.5879,5014162.269,45.26512093,-75.77560438,852
18--10124,9/28/2018,12:20 PM,BATHGATE DR @ THE ROCKERY PRIV (0002402),2402,03 - At intersection,03 - P.D. only,02 - Angle,01 - Clear,01 - Daylight,01 - Dry,02 - Stop sign,00 - Unknown,2,0,0,0,,0,,,,,373258.6569,5034331.524,45.44556186,-75.62485476,853
18--10125,9/28/2018,12:30 PM,OTTAWA RIVER PKWY @ RIVER ST/SLIDELL ST (0005099),5099,02 - Intersection related,03 - P.D. only,03 - Rear end,01 - Clear,01 - Daylight,01 - Dry,01 - Traffic signal,01 - Functioning,2,0,0,0,,0,,,,,365156.696,5030377.639,45.41073241,-75.72890114,854
18--10126,9/28/2018,12:37 PM,ST. LAURENT BLVD btwn CONROY RD & THURSTON DR (__3ZA49E),__3ZA49E,04 - At/near private drive,03 - P.D. only,02 - Angle,01 - Clear,01 - Daylight,01 - Dry,10 - No control,,2,0,0,0,,0,,,,,373101.2481,5027176.461,45.38119939,-75.62785831,855
18--10127,9/28/2018,12:45 PM,OTTAWA RIVER PKWY EB btwn RAMP & SLIDELL ST (__3ZA24L),__3ZA24L,01 - Non intersection,03 - P.D. only,04 - Sideswipe,01 - Clear,01 - Daylight,01 - Dry,10 - No control,,2,0,0,0,,0,,,,,364841.2972,5030362.706,45.41062518,-75.73293204,856
18--10128,9/28/2018,12:53 PM,LAURIER AVE @ NICHOLAS ST (0010711),10711,02 - Intersection related,03 - P.D. only,04 - Sideswipe,01 - Clear,01 - Daylight,01 - Dry,01 - Traffic signal,01 - Functioning,2,0,0,0,,0,,,,,368373.6369,5031798.269,45.42322993,-75.68762326,857
18--10129,9/28/2018,2:00 PM,RICHMOND RD @ WOODROFFE AVE (0011466),11466,02 - Intersection related,03 - P.D. only,03 - Rear end,01 - Clear,01 - Daylight,01 - Dry,01 - Traffic signal,01 - Functioning,2,0,0,0,,0,,,,,361584.6319,5026654.525,45.37753123,-75.77496148,858
18--1013,1/18/2018,7:20 PM,CARLING AVE @ KIRKWOOD AVE N (0002358),2358,03 - At intersection,02 - Non-fatal injury,05 - Turning movement,01 - Clear,07 - Dark,02 - Wet,01 - Traffic signal,01 - Functioning,2,0,0,0,02 - Minor,1,,1,,,364275.6924,5027493.534,45.38485722,-75.74050333,859
18--10130,9/28/2018,2:54 PM,BRONSON AVE btwn FOURTH AVE & MADAWASKA DR (__3ZA3NE),__3ZA3NE,01 - Non intersection,03 - P.D. only,04 - Sideswipe,01 - Clear,01 - Daylight,01 - Dry,10 - No control,,2,0,0,0,,0,,,,,367595.3337,5028981.696,45.39795757,-75.69792663,860
18--10131,9/28/2018,3:05 PM,CARLING AVE @ TAVISTOCK RD (0002144),2144,03 - At intersection,02 - Non-fatal injury,05 - Turning movement,01 - Clear,01 - Daylight,01 - Dry,02 - Stop sign,00 - Unknown,2,0,0,0,01 - Minimal,1,1,,,,360698.7366,5025069.577,45.3633412,-75.78645125,861
18--10132,9/28/2018,3:15 PM,ROWE DR btwn MCGIBBON DR & DAVIS AVE (__3ZBNCP),__3ZBNCP,04 - At/near private drive,03 - P.D. only,06 - SMV unattended vehicle,01 - Clear,01 - Daylight,01 - Dry,10 - No control,,1,0,0,0,,0,,,,,351359.7452,5018521.853,45.3051059,-75.90627261,862
18--10133,9/28/2018,3:27 PM,RUSSELL RD btwn ANDERSON RD & FARMERS WAY (__3ZA2CI),__3ZA2CI,01 - Non intersection,02 - Non-fatal injury,07 - SMV other,01 - Clear,01 - Daylight,01 - Dry,10 - No control,,1,0,0,0,02 - Minor,1,,1,,,381800.2906,5026257.547,45.37202954,-75.51693864,863
18--10134,9/28/2018,3:55 PM,JOCKVALE RD @ FABLE ST/WEYBRIDGE DR E (0000722),722,02 - Intersection related,03 - P.D. only,03 - Rear end,01 - Clear,01 - Daylight,01 - Dry,11 - Roundabout,01 - Functioning,2,0,0,0,,0,,,,,362512.6808,5015143.432,45.27387897,-75.76445464,864
18--10135,9/28/2018,3:55 PM,RIDEAU RIVER DR @ SMYTH RD (0005658),5658,03 - At intersection,03 - P.D. only,05 - Turning movement,01 - Clear,01 - Daylight,01 - Dry,02 - Stop sign,01 - Functioning,2,0,0,0,,0,,,,,369541.7114,5029283.533,45.40049612,-75.67302885,865
18--10136,9/28/2018,4:19 PM,RIVERSIDE DR NB btwn TREMBLAY RD & HWY417 IC117 RAMP25 (__3ZAZPQ),__3ZAZPQ,01 - Non intersection,03 - P.D. only,04 - Sideswipe,01 - Clear,01 - Daylight,01 - Dry,10 - No control,,2,0,0,0,,0,,,,,370817.5841,5031026.742,45.41606167,-75.65649995,866
18--10137,9/28/2018,4:30 PM,BOOTH ST @ CARLING AVE (0002135),2135,02 - Intersection related,03 - P.D. only,03 - Rear end,01 - Clear,01 - Daylight,01 - Dry,01 - Traffic signal,01 - Functioning,2,0,0,0,,0,,,,,367094.6577,5029106.696,45.39912701,-75.70430526,867
18--10138,9/28/2018,4:30 PM,HUNT CLUB RD @ RIVERSIDE DR (0002237),2237,02 - Intersection related,03 - P.D. only,03 - Rear end,01 - Clear,01 - Daylight,01 - Dry,01 - Traffic signal,01 - Functioning,2,0,0,0,,0,,,,,368036.7654,5021945.532,45.33460818,-75.6931894,868
18--10139,9/28/2018,4:49 PM,HIGHWAY 417 btwn HWY417 IC129 RAMP25 & HWY417 IC129 RAMP35 (__3ZAYFR),__3ZAYFR,01 - Non intersection,03 - P.D. only,03 - Rear end,01 - Clear,01 - Daylight,01 - Dry,10 - No control,,3,0,0,0,,0,,,,,360631.6239,5023660.269,45.35066564,-75.78746705,869
18--1014,1/18/2018,7:40 AM,MERIVALE RD @ WEST HUNT CLUB RD (0000584),584,02 - Intersection related,03 - P.D. only,03 - Rear end,01 - Clear,03 - Dawn,05 - Packed snow,01 - Traffic signal,01 - Functioning,2,0,0,0,,0,,,,,365612.6952,5021942.498,45.33479515,-75.72411453,870
18--10140,9/28/2018,4:50 PM,INNES RD @ EASTPARK DR E/RONDEL ST (0003146),3146,02 - Intersection related,03 - P.D. only,03 - Rear end,01 - Clear,01 - Daylight,01 - Dry,02 - Stop sign,01 - Functioning,2,0,0,0,,0,,,,,378794.7445,5033314.565,45.43584787,-75.55424609,871
18--10141,9/28/2018,5:15 PM,"MCARTHUR AVE btwn EGLISE, RUE DE L & MAY ST (__3ZA3XI)",__3ZA3XI,01 - Non intersection,02 - Non-fatal injury,03 - Rear end,01 - Clear,01 - Daylight,01 - Dry,10 - No control,,2,0,0,0,01 - Minimal,2,2,,,,371568.1098,5032838.58,45.43229257,-75.64666604,872
18--10142,9/28/2018,5:15 PM,CROYDON AVE @ RICHMOND RD (0002652),2652,02 - Intersection related,03 - P.D. only,05 - Turning movement,01 - Clear,01 - Daylight,01 - Dry,01 - Traffic signal,01 - Functioning,2,0,0,0,,0,,,,,360545.6472,5025272.652,45.36518065,-75.78838238,873
18--10143,9/28/2018,5:52 PM,ROBERTSON RD @ HAANEL DR (0000600),600,02 - Intersection related,03 - P.D. only,03 - Rear end,01 - Clear,01 - Daylight,01 - Dry,02 - Stop sign,01 - Functioning,5,0,0,0,,0,,,,,354989.6359,5019202.473,45.31098025,-75.8599183,874
18--10144,9/28/2018,5:53 PM,STRANDHERD DR @ WOODROFFE AVE (0009688),9688,02 - Intersection related,03 - P.D. only,03 - Rear end,01 - Clear,01 - Daylight,01 - Dry,01 - Traffic signal,01 - Functioning,2,0,0,0,,0,,,,,366106.2357,5015395.274,45.27584091,-75.71862801,875
18--10145,9/28/2018,6:00 PM,HIGHWAY 417 btwn HWY417 IC117 RAMP26 & HWY417 IC117 RAMP61 (__3ZA2YM),__3ZA2YM,01 - Non intersection,03 - P.D. only,04 - Sideswipe,01 - Clear,01 - Daylight,01 - Dry,10 - No control,,2,0,0,0,,0,,,,,370999.4673,5031304.76,45.41854598,-75.65413896,876
18--10146,9/28/2018,6:44 AM,COBOURG ST @ ST. PATRICK ST (0011483),11483,02 - Intersection related,03 - P.D. only,03 - Rear end,01 - Clear,03 - Dawn,01 - Dry,01 - Traffic signal,01 - Functioning,2,0,0,0,,0,,,,,368802.3231,5033234.416,45.43611275,-75.68195919,877
18--10147,9/28/2018,6:50 AM,HIGHWAY 417 btwn HWY417 IC115 RAMP61 & REGIONAL ROAD 174 (__3ZA2XG),__3ZA2XG,01 - Non intersection,03 - P.D. only,04 - Sideswipe,01 - Clear,03 - Dawn,01 - Dry,10 - No control,,2,0,0,0,,0,,,,,372932.9046,5031601.605,45.42103124,-75.62939632,878
18--10148,9/28/2018,7:25 PM,HIGHWAY 417 btwn HWY417 IC117 RAMP61 & HWY417 IC115 RAMP36 (__3ZA2RZ),__3ZA2RZ,01 - Non intersection,03 - P.D. only,04 - Sideswipe,02 - Rain,07 - Dark,02 - Wet,10 - No control,,2,0,0,0,,0,,,,,371380.9532,5031401.29,45.41937832,-75.64925203,879
18--10149,9/28/2018,7:28 PM,VANIER PKWY NB btwn BEECHWOOD AVE/ ST. PATRICK ST/CRICHTON ST & DESCHA (__3ZA4SV),__3ZA4SV,01 - Non intersection,03 - P.D. only,03 - Rear end,02 - Rain,07 - Dark,02 - Wet,10 - No control,,3,0,0,0,,0,,,,,369323.4473,5033431.113,45.43783466,-75.67527339,880
18--1015,1/18/2018,7:44 PM,BASELINE RD @ CLYDE AVE (0002343),2343,02 - Intersection related,02 - Non-fatal injury,04 - Sideswipe,01 - Clear,07 - Dark,01 - Dry,01 - Traffic signal,01 - Functioning,2,0,0,0,01 - Minimal,2,2,,,,364358.7027,5024890.513,45.3614286,-75.73975728,881
18--10150,9/28/2018,7:39 PM,GREENBANK RD @ STRANDHERD DR (0005563),5563,02 - Intersection related,02 - Non-fatal injury,03 - Rear end,02 - Rain,07 - Dark,02 - Wet,01 - Traffic signal,01 - Functioning,2,0,0,0,02 - Minor,2,1,1,,,363933.6995,5014784.425,45.27053055,-75.74638814,882
18--10151,9/28/2018,7:39 PM,RICHMOND RD @ STONEHAVEN DR (0010370),10370,03 - At intersection,03 - P.D. only,05 - Turning movement,02 - Rain,07 - Dark,02 - Wet,01 - Traffic signal,01 - Functioning,2,0,0,0,,0,,,,,356781.8932,5015891.429,45.28105659,-75.83740975,883
18--10152,9/28/2018,7:42 PM,DONALD ST @ VANIER PKWY (0007644),7644,03 - At intersection,03 - P.D. only,05 - Turning movement,02 - Rain,07 - Dark,02 - Wet,01 - Traffic signal,01 - Functioning,2,0,0,0,,0,,,,,370311.7187,5032270.548,45.42730048,-75.66279725,884
18--10153,9/28/2018,7:43 AM,LONGFIELDS DR @ WOODROFFE AVE (0000096),96,02 - Intersection related,03 - P.D. only,03 - Rear end,01 - Clear,01 - Daylight,01 - Dry,01 - Traffic signal,01 - Functioning,3,0,0,0,,0,,,,,365421.1511,5017106.992,45.29130227,-75.72714977,885
18--10154,9/28/2018,7:46 PM,METCALFE ST btwn GILMOUR ST & LEWIS ST (__3ZA3RS),__3ZA3RS,01 - Non intersection,03 - P.D. only,04 - Sideswipe,02 - Rain,07 - Dark,02 - Wet,10 - No control,,2,0,0,0,,0,,,,,368116.5351,5030930.62,45.41544643,-75.6910198,886
18--10155,9/28/2018,8:17 AM,MARCH RD btwn RICHARDSON SIDE RD & HERZBERG RD (__3ZA42C),__3ZA42C,01 - Non intersection,03 - P.D. only,03 - Rear end,01 - Clear,01 - Daylight,01 - Dry,10 - No control,,2,0,0,0,,0,,,,,351706.7198,5021709.218,45.33376346,-75.90154639,887
18--10156,9/28/2018,9:45 PM,FRANK BENDER ST @ JEANNE D'ARC BLVD (0003635),3635,02 - Intersection related,03 - P.D. only,03 - Rear end,02 - Rain,07 - Dark,02 - Wet,01 - Traffic signal,01 - Functioning,2,0,0,0,,0,,,,,381870.8158,5035883.536,45.4586291,-75.51453301,888
18--10157,9/28/2018,9:52 AM,RIVER RD btwn BRIDGE ST & ROYAL PALM CRES (__3ZA1DB),__3ZA1DB,04 - At/near private drive,03 - P.D. only,05 - Turning movement,01 - Clear,01 - Daylight,01 - Dry,10 - No control,,2,0,0,0,,0,,,,,369552.8006,5010747.399,45.23371089,-75.67531022,889
18--10158,9/28/2018,9:55 PM,ISLAND PARK DR @ RICHMOND RD (0002125),2125,02 - Intersection related,03 - P.D. only,03 - Rear end,02 - Rain,07 - Dark,02 - Wet,01 - Traffic signal,01 - Functioning,2,0,0,0,,0,,,,,364130.7284,5028867.6,45.39723311,-75.74218912,890
18--10159,9/29/2018,1:00 AM,HIGHWAY 417 btwn HWY417 IC123 RAMP62 & HWY417 IC122 RAMP16 (__3ZA2R9),__3ZA2R9,01 - Non intersection,03 - P.D. only,04 - Sideswipe,02 - Rain,07 - Dark,02 - Wet,10 - No control,,2,0,0,0,,0,,,,,364924.0397,5028341.089,45.392428,-75.7321215,891
18--1016,1/18/2018,7:55 PM,BURRIS LANE @ MERIVALE RD (0002014),2014,02 - Intersection related,03 - P.D. only,04 - Sideswipe,01 - Clear,07 - Dark,01 - Dry,01 - Traffic signal,01 - Functioning,2,0,0,0,,0,,,,,364880.7063,5025067.52,45.36297674,-75.73307319,892
18--10160,9/29/2018,1:00 PM,HUNTMAR DR @ MAPLE GROVE RD (0003119),3119,02 - Intersection related,03 - P.D. only,03 - Rear end,02 - Rain,01 - Daylight,02 - Wet,01 - Traffic signal,01 - Functioning,2,0,0,0,,0,,,,,350267.5782,5016713.497,45.28890533,-75.92036495,893
18--10161,9/29/2018,1:00 PM,HIGHWAY 417 btwn HWY417 IC126 RAMP25 & HWY417 IC124 RAMP57 (__3ZA2R5),__3ZA2R5,01 - Non intersection,03 - P.D. only,03 - Rear end,01 - Clear,01 - Daylight,01 - Dry,10 - No control,,2,0,0,0,,0,,,,,363886.1253,5026790.308,45.37856268,-75.74556178,894
18--10162,9/29/2018,1:02 PM,OTTAWA RIVER PKWY @ PORTAGE BRIDGE (0009072),9072,02 - Intersection related,03 - P.D. only,03 - Rear end,01 - Clear,01 - Daylight,01 - Dry,01 - Traffic signal,01 - Functioning,2,0,0,0,,0,,,,,366516.2084,5031314.632,45.41904464,-75.71141672,895
18--10163,9/29/2018,1:04 PM,QUEEN ELIZABETH DRWY btwn QUEEN ELIZABETH PL & FIFTH AVE (__3ZA22J),__3ZA22J,01 - Non intersection,03 - P.D. only,03 - Rear end,01 - Clear,01 - Daylight,01 - Dry,10 - No control,,3,0,0,0,,0,,,,,368879.38,5029566.51,45.40310319,-75.68145142,896
18--10164,9/29/2018,1:09 PM,BOUNDARY RD btwn NINTH LINE RD & INDCUM RD (__3ZA3XU),__3ZA3XU,01 - Non intersection,02 - Non-fatal injury,01 - Approaching,01 - Clear,01 - Daylight,01 - Dry,10 - No control,,2,0,0,0,02 - Minor,1,,1,,,387646.6251,5023243.029,45.3442408,-75.44281615,897
18--10165,9/29/2018,1:30 PM,ST. PATRICK ST WB btwn ST. ANDREW ST & FORSEY ST (__3ZA4SZ),__3ZA4SZ,01 - Non intersection,03 - P.D. only,04 - Sideswipe,01 - Clear,01 - Daylight,01 - Dry,10 - No control,,2,0,0,0,,0,,,,,368454.2769,5033133.773,45.43523898,-75.68642028,898
18--10166,9/29/2018,1:34 PM,CAMBRIDGE ST    N btwn PRIMROSE AVE & SOMERSET ST W (__3ZA0W7),__3ZA0W7,01 - Non intersection,03 - P.D. only,02 - Angle,01 - Clear,01 - Daylight,01 - Dry,10 - No control,,2,0,0,0,,0,,,,,366885.6269,5030464.132,45.41135941,-75.70680405,899
18--10167,9/29/2018,1:48 PM,KING EDWARD AVE btwn BESSERER ST & DALY AVE (__3ZA3V6),__3ZA3V6,01 - Non intersection,03 - P.D. only,07 - SMV other,01 - Clear,01 - Daylight,01 - Dry,10 - No control,,1,0,0,0,,0,,,,,368554.6836,5032334.392,45.42803729,-75.68524059,900
18--10168,9/29/2018,1:49 PM,CARLING AVE @ KIRKWOOD AVE N (0002358),2358,03 - At intersection,03 - P.D. only,04 - Sideswipe,01 - Clear,01 - Daylight,01 - Dry,01 - Traffic signal,01 - Functioning,2,0,0,0,,0,,,,,364275.713,5027493.522,45.38485711,-75.74050306,901
18--1080,1/20/2018,3:39 PM,INDUSTRIAL AVE @ NEIGHBORHOOD WAY (0002706),2706,02 - Intersection related,03 - P.D. only,04 - Sideswipe,01 - Clear,01 - Daylight,01 - Dry,02 - Stop sign,01 - Functioning,2,0,0,0,,0,,,,,371092.7218,5030527.557,45.4115442,-75.65305208,902
18--10800,10/15/2018,4:25 PM,HIGHWAY 417 btwn HWY417 IC118 RAMP35 & HWY417 IC117 RAMP51 (__3ZA2YP),__3ZA2YP,01 - Non intersection,03 - P.D. only,03 - Rear end,01 - Clear,01 - Daylight,01 - Dry,10 - No control,,2,0,0,0,,0,,,,,369792.5709,5031136.827,45.41714814,-75.66958053,903
18--10801,10/15/2018,4:40 PM,HIGHWAY 417 btwn HWY417 IC124 RAMP67 & HWY417 IC123 RAMP62 (__3ZA2YZ),__3ZA2YZ,01 - Non intersection,03 - P.D. only,03 - Rear end,02 - Rain,01 - Daylight,02 - Wet,10 - No control,,2,0,0,0,,0,,,,,364675.8312,5027887.188,45.38836516,-75.73534631,904
18--10802,10/15/2018,4:48 PM,GREENBANK RD @ WEST HUNT CLUB RD (0005167),5167,02 - Intersection related,03 - P.D. only,04 - Sideswipe,01 - Clear,01 - Daylight,01 - Dry,01 - Traffic signal,01 - Functioning,2,0,0,0,,0,,,,,361479.6775,5020502.479,45.3221839,-75.77700659,905
18--10803,10/15/2018,4:50 PM,HIGHWAY 417 btwn HWY417 IC124 RAMP65 & HWY417 IC122 RAMP51 (__3ZA2R8),__3ZA2R8,01 - Non intersection,03 - P.D. only,03 - Rear end,02 - Rain,01 - Daylight,02 - Wet,10 - No control,,2,0,0,0,,0,,,,,364891.0966,5028247.149,45.39158558,-75.73255364,906
18--10804,10/15/2018,5:01 PM,BREWER RD @ BRONSON AVE (0002240),2240,02 - Intersection related,03 - P.D. only,03 - Rear end,02 - Rain,01 - Daylight,02 - Wet,01 - Traffic signal,01 - Functioning,3,0,0,0,,0,,,,,368109.0504,5027766.589,45.38697813,-75.69152158,907
18--10805,10/15/2018,5:28 PM,HIGHWAY 417 btwn HWY417 IC126 RAMP25 & HWY417 IC124 RAMP57 (__3ZA2R5),__3ZA2R5,01 - Non intersection,02 - Non-fatal injury,03 - Rear end,02 - Rain,01 - Daylight,02 - Wet,10 - No control,,3,0,0,0,02 - Minor,1,,1,,,363948.6489,5026874.284,45.379313,-75.74475346,908
18--10806,10/15/2018,5:40 PM,INNES RD @ TENTH LINE RD (0004633),4633,02 - Intersection related,03 - P.D. only,03 - Rear end,02 - Rain,05 - Dusk,02 - Wet,01 - Traffic signal,01 - Functioning,2,0,0,0,,0,,,,,383951.8545,5036159.633,45.46088052,-75.48788346,909
18--272,1/5/2018,3:39 PM,PRINCE OF WALES DR @ MEADOWLANDS DR/HOG'S BACK (0001629),1629,03 - At intersection,02 - Non-fatal injury,05 - Turning movement,01 - Clear,01 - Daylight,05 - Packed snow,01 - Traffic signal,01 - Functioning,2,0,0,0,01 - Minimal,3,3,,,,367372.2673,5025693.477,45.36839099,-75.70119233,6568
18--10808,10/15/2018,5:52 PM,HOG'S BACK RD btwn PRINCE OF WALES DR & COLONEL BY DR (__3ZA22U),__3ZA22U,01 - Non intersection,03 - P.D. only,03 - Rear end,01 - Clear,01 - Daylight,01 - Dry,10 - No control,,2,0,0,0,,0,,,,,367416.0185,5025718.166,45.36860922,-75.70063072,911
18--10809,10/15/2018,6:00 PM,HUNTER'S RUN DR @ JEANNE D'ARC BLVD (0012419),12419,02 - Intersection related,03 - P.D. only,99 - Other,02 - Rain,07 - Dark,02 - Wet,01 - Traffic signal,01 - Functioning,2,0,0,0,,0,,,,,380567.736,5036174.609,45.46139047,-75.53114758,912
18--1081,1/20/2018,3:41 PM,INDUSTRIAL AVE @ ALTA VISTA DR/SANDFORD FLEMIN (0006979),6979,02 - Intersection related,02 - Non-fatal injury,04 - Sideswipe,01 - Clear,01 - Daylight,01 - Dry,01 - Traffic signal,01 - Functioning,2,0,0,0,02 - Minor,1,,1,,,370884.7236,5030557.57,45.41183392,-75.65570512,913
18--10810,10/15/2018,6:15 PM,WEST HUNT CLUB RD @ ANTARES DR/LASER ST (0000116),116,03 - At intersection,03 - P.D. only,03 - Rear end,01 - Clear,05 - Dusk,01 - Dry,01 - Traffic signal,01 - Functioning,2,0,0,0,,0,,,,,367107.7115,5022081.502,45.33591472,-75.70502452,914
18--10811,10/15/2018,6:47 PM,BLAIR RD @ MEADOWBROOK RD (0004163),4163,03 - At intersection,03 - P.D. only,04 - Sideswipe,01 - Clear,07 - Dark,01 - Dry,01 - Traffic signal,01 - Functioning,2,0,0,0,,0,,,,,375194.8258,5032311.622,45.42719564,-75.6003955,915
18--10812,10/15/2018,7:00 PM,MEADOWLANDS DR/TALLWOOD DR @ WOODROFFE AVE (0000095),95,02 - Intersection related,03 - P.D. only,03 - Rear end,01 - Clear,07 - Dark,01 - Dry,01 - Traffic signal,01 - Functioning,2,0,0,0,,0,,,,,363056.6902,5022730.494,45.34210235,-75.75663001,916
18--10813,10/15/2018,7:09 AM,WALKLEY RD btwn BAYCREST DR & HEATHERINGTON RD (__3ZA361),__3ZA361,04 - At/near private drive,03 - P.D. only,02 - Angle,01 - Clear,01 - Daylight,01 - Dry,10 - No control,,2,0,0,0,,0,,,,,371656.9637,5026730.02,45.3773218,-75.64635881,917