Anom_ID,Accident_Date,Accident_Time,Location,Geo_ID,Accident_Location,Classification_of_Accident,Initial_Impact_Type,Environment_Condition,Light,Road_Surface_Condition,Traffic_Control,Traffic_Control_Condition,No__of_Vehicles,No__of_Bicycles,No__of_Motorcycles,No__of_Pedestrians,Max_Injury,No__of_Injuries,No__of_Minimal,No__of_Minor,No__of_Major,No__of_Fatal,X,Y,Latitude,Longitude,ObjectId
18--10814,10/15/2018,7:30 PM,RIVERSIDE DR RAMP 42A @ RIVERSIDE DR (0010862),10862,02 - Intersection related,03 - P.D. only,03 - Rear end,02 - Rain,07 - Dark,02 - Wet,03 - Yield sign,01 - Functioning,3,0,0,0,,0,,,,,368441.8802,5027266.803,45.38245103,-75.6873361,918
18--10815,10/15/2018,7:47 AM,NAVAHO DR @ WOODROFFE AVE/TRANSITWAY N BASELIN (0010359),10359,02 - Intersection related,03 - P.D. only,04 - Sideswipe,01 - Clear,03 - Dawn,01 - Dry,01 - Traffic signal,01 - Functioning,2,0,0,0,,0,,,,,362706.189,5023492.86,45.34899108,-75.76101287,919
18--10816,10/15/2018,7:51 PM,STONECREST RD btwn KILMAURS SIDE RD & HARDWOOD DR (__3ZACD1),__3ZACD1,01 - Non intersection,03 - P.D. only,07 - SMV other,01 - Clear,07 - Dark,01 - Dry,10 - No control,,1,0,0,0,,0,,,,,334099.9424,5034004.416,45.44535686,-76.125444,920
18--10817,10/15/2018,8:15 AM,HERZBERG RD @ CARLING AVE (0003193),3193,03 - At intersection,03 - P.D. only,03 - Rear end,01 - Clear,01 - Daylight,01 - Dry,01 - Traffic signal,01 - Functioning,2,0,0,0,,0,,,,,352037.5926,5022300.513,45.33906185,-75.89726878,921
18--10818,10/15/2018,8:15 PM,RAMSAYVILLE RD btwn LEITRIM RD & LEITRIM RD (__3ZA6FG),__3ZA6FG,01 - Non intersection,03 - P.D. only,03 - Rear end,01 - Clear,07 - Dark,01 - Dry,10 - No control,,2,0,0,0,,0,,,,,378734.6329,5023854.749,45.35074067,-75.55643184,922
18--10819,10/15/2018,8:45 AM,OGILVIE RD btwn AVIATION PKWY & MATHESON RD (__3ZA2DL),__3ZA2DL,01 - Non intersection,02 - Non-fatal injury,03 - Rear end,01 - Clear,01 - Daylight,01 - Dry,10 - No control,,3,0,0,0,01 - Minimal,1,1,,,,373280.2135,5032476.793,45.42887184,-75.62483724,923
18--1082,1/20/2018,3:51 PM,KING EDWARD AVE @ RIDEAU ST (0002121),2121,03 - At intersection,03 - P.D. only,05 - Turning movement,01 - Clear,01 - Daylight,01 - Dry,01 - Traffic signal,01 - Functioning,2,0,0,0,,0,,,,,368511.7072,5032413.589,45.42875379,-75.68577951,924
18--10820,10/15/2018,9:09 AM,CARLING AVE WB btwn FOREST ST & CROYDON AVE (__3ZA4V5),__3ZA4V5,01 - Non intersection,03 - P.D. only,03 - Rear end,01 - Clear,01 - Daylight,01 - Dry,10 - No control,,2,0,0,0,,0,,,,,360631.3653,5025025.749,45.3629522,-75.78731613,925
18--10821,10/15/2018,9:10 AM,ST. LAURENT BLVD @ WALKLEY RD (0007653),7653,03 - At intersection,02 - Non-fatal injury,03 - Rear end,01 - Clear,01 - Daylight,01 - Dry,01 - Traffic signal,01 - Functioning,2,0,0,0,02 - Minor,1,,1,,,373902.7495,5028046.855,45.3889522,-75.61750326,926
18--10822,10/15/2018,9:10 AM,ST. BERNARD ST btwn BLOOMINGTON ST & SIXTH ST (__3ZA5PM),__3ZA5PM,04 - At/near private drive,03 - P.D. only,04 - Sideswipe,01 - Clear,01 - Daylight,01 - Dry,10 - No control,,2,0,0,0,,0,,,,,373350.7058,5023916.618,45.35184428,-75.62512562,927
18--10823,10/15/2018,9:20 PM,MACKENZIE AVE @ RIDEAU ST (0002136),2136,03 - At intersection,03 - P.D. only,02 - Angle,01 - Clear,07 - Dark,01 - Dry,01 - Traffic signal,01 - Functioning,2,0,0,0,,0,,,,,367869.6989,5032009.58,45.42517685,-75.69403514,928
18--10824,10/15/2018,9:45 AM,BANK ST @ HERON RD (0002155),2155,02 - Intersection related,03 - P.D. only,03 - Rear end,02 - Rain,01 - Daylight,02 - Wet,01 - Traffic signal,01 - Functioning,2,0,0,0,,0,,,,,369995.7204,5026851.542,45.37857176,-75.66755152,929
18--10825,10/15/2018,9:57 AM,INNES RD @ TENTH LINE RD (0004633),4633,02 - Intersection related,02 - Non-fatal injury,03 - Rear end,01 - Clear,01 - Daylight,01 - Dry,01 - Traffic signal,01 - Functioning,2,0,0,0,01 - Minimal,2,2,,,,383951.7483,5036159.546,45.46087975,-75.48788483,930
18--10826,10/16/2018,1:00 AM,ALENMEDE CRES btwn REID HAVEN RD & BARWELL AVE (1) (__3ZAA3F),__3ZAA3F,01 - Non intersection,03 - P.D. only,06 - SMV unattended vehicle,01 - Clear,07 - Dark,01 - Dry,10 - No control,,1,0,0,0,,0,,,,,359601.9187,5023519.182,45.34947736,-75.80062297,931
18--10827,10/16/2018,1:17 PM,TERRY FOX DR @ FERNBANK RD (0011863),11863,03 - At intersection,03 - P.D. only,04 - Sideswipe,01 - Clear,01 - Daylight,01 - Dry,01 - Traffic signal,01 - Functioning,2,0,0,0,,0,,,,,354303.6318,5015130.412,45.27438766,-75.86907298,932
18--10828,10/16/2018,10:14 AM,BENLEA DR btwn CARDIGAN DR & BRYDON CRT (__3ZA53O),__3ZA53O,04 - At/near private drive,02 - Non-fatal injury,99 - Other,01 - Clear,01 - Daylight,01 - Dry,10 - No control,,2,0,0,0,02 - Minor,2,,2,,,364382.4976,5021731.78,45.33300467,-75.73983411,933
18--10829,10/16/2018,11:43 AM,NAVAN RD btwn TENTH LINE RD & CANARY ST (__3ZA3Y0),__3ZA3Y0,01 - Non intersection,03 - P.D. only,99 - Other,01 - Clear,01 - Daylight,01 - Dry,10 - No control,,2,0,0,0,,0,,,,,386005.4461,5031805.546,45.42147091,-75.46234683,934
18--1083,1/20/2018,4:06 PM,ALESTHER ST btwn DONALD ST & WOLFFDALE CRES (__3ZA8HF),__3ZA8HF,01 - Non intersection,03 - P.D. only,99 - Other,01 - Clear,01 - Daylight,01 - Dry,10 - No control,,2,0,0,0,,0,,,,,371997.482,5032448.109,45.42873817,-75.64123233,935
18--10830,10/16/2018,12:13 AM,LAURIER AVE   W btwn KENT ST & BANK ST (__3ZA344),__3ZA344,01 - Non intersection,03 - P.D. only,06 - SMV unattended vehicle,01 - Clear,07 - Dark,01 - Dry,10 - No control,,1,0,0,0,,0,,,,,367391.5241,5031210.654,45.41803132,-75.70024661,936
18--10831,10/16/2018,2:31 PM,ST. JOSEPH BLVD/OLD MONTREAL RD @ TRIM RD (0004118),4118,03 - At intersection,02 - Non-fatal injury,04 - Sideswipe,01 - Clear,01 - Daylight,01 - Dry,11 - Roundabout,01 - Functioning,2,0,0,0,01 - Minimal,1,1,,,,384682.7538,5039285.582,45.48892163,-75.47803065,937
18--10832,10/16/2018,3:45 PM,BANK ST btwn FOXBAR AVE & ST. PAUL AVE (__3ZA4TS),__3ZA4TS,01 - Non intersection,03 - P.D. only,03 - Rear end,01 - Clear,01 - Daylight,01 - Dry,10 - No control,,2,0,0,0,,0,,,,,370501.9482,5025571.774,45.36700954,-75.66125871,938
18--10833,10/16/2018,4:16 AM,CYRVILLE RD @ OGILVIE RD (0003554),3554,02 - Intersection related,03 - P.D. only,07 - SMV other,01 - Clear,07 - Dark,01 - Dry,01 - Traffic signal,01 - Functioning,1,0,0,0,,0,,,,,372453.7189,5032005.57,45.42471243,-75.63546318,939
18--10834,10/16/2018,4:20 PM,SMYTH RD E/LANCASTER RD @ ST. LAURENT BLVD N/R (0002256),2256,02 - Intersection related,03 - P.D. only,03 - Rear end,01 - Clear,01 - Daylight,01 - Dry,01 - Traffic signal,01 - Functioning,3,0,0,0,,0,,,,,373364.73,5029424.551,45.40140096,-75.62418191,940
18--10835,10/16/2018,4:25 PM,O'CONNOR ST btwn WELLINGTON ST & SPARKS ST (__3ZA35T),__3ZA35T,01 - Non intersection,03 - P.D. only,06 - SMV unattended vehicle,01 - Clear,01 - Daylight,01 - Dry,10 - No control,,1,0,0,0,,0,,,,,367422.8182,5031707.966,45.42250317,-75.69978359,941
18--10836,10/16/2018,4:55 PM,HIGHWAY 416 btwn HWY416 IC66 RAMP34 & HWY416 IC66 RAMP63 (__3ZAZM2),__3ZAZM2,01 - Non intersection,03 - P.D. only,07 - SMV other,01 - Clear,01 - Daylight,01 - Dry,10 - No control,,1,0,0,0,,0,,,,,359758.4501,5015235.397,45.27492714,-75.7995443,942
18--10837,10/16/2018,5:25 PM,BULLMAN ST @ PARKDALE AVE (0006500),6500,03 - At intersection,03 - P.D. only,02 - Angle,01 - Clear,01 - Daylight,01 - Dry,02 - Stop sign,01 - Functioning,2,0,0,0,,0,,,,,364994.6252,5029622.524,45.40395202,-75.73106372,943
18--10838,10/16/2018,5:30 AM,HIGHWAY 417 btwn HWY417 IC118 RAMP67 & HWY417 IC117 RAMP36 (__3ZA2YO),__3ZA2YO,01 - Non intersection,03 - P.D. only,04 - Sideswipe,01 - Clear,07 - Dark,01 - Dry,10 - No control,,2,0,0,0,,0,,,,,370130.8149,5031112.146,45.41689457,-75.66526247,944
18--10839,10/16/2018,5:45 PM,CARLING AVE @ FAIRLAWN AVE/WOODROFFE AVE E (0002393),2393,02 - Intersection related,03 - P.D. only,03 - Rear end,01 - Clear,01 - Daylight,01 - Dry,01 - Traffic signal,01 - Functioning,2,0,0,0,,0,,,,,361934.6841,5025830.528,45.37008852,-75.77058762,945
18--1084,1/20/2018,4:30 PM,VANIER PKWY SB btwn DONALD ST & QUEEN MARY ST (__3ZA25W),__3ZA25W,01 - Non intersection,03 - P.D. only,03 - Rear end,01 - Clear,05 - Dusk,02 - Wet,10 - No control,,2,0,0,0,,0,,,,,370333.5056,5032055.277,45.42536152,-75.6625475,946
18--10840,10/16/2018,6:00 PM,ST. JOSEPH BLVD @ JEANNE D'ARC BLVD (0012421),12421,03 - At intersection,03 - P.D. only,04 - Sideswipe,01 - Clear,01 - Daylight,01 - Dry,11 - Roundabout,01 - Functioning,2,0,0,0,,0,,,,,379860.59,5036471.629,45.46413916,-75.54014332,947
18--10841,10/16/2018,6:20 PM,CHAMPLAIN BRIDGE/ISLAND PARK DR btwn BATE ISLAND & OTTAWA RIVER PKWY (__3ZA2ZEB),__3ZA2ZEB,01 - Non intersection,03 - P.D. only,03 - Rear end,01 - Clear,07 - Dark,01 - Dry,10 - No control,,2,0,0,0,,0,,,,,363112.4295,5029765.381,45.40539674,-75.75508823,948
18--10842,10/16/2018,6:21 PM,KANATA AVE @ HWY 417 CASTLEFR IC139R15 (0012626),12626,02 - Intersection related,03 - P.D. only,03 - Rear end,01 - Clear,05 - Dusk,01 - Dry,01 - Traffic signal,01 - Functioning,2,0,0,0,,0,,,,,351715.3979,5019145.549,45.31069441,-75.90167855,949
18--10843,10/16/2018,6:40 AM,WEST HUNT CLUB RD btwn PRINCE OF WALES DR & HUNT CLUB RD (__3ZA2T4),__3ZA2T4,01 - Non intersection,03 - P.D. only,03 - Rear end,01 - Clear,03 - Dawn,01 - Dry,10 - No control,,2,0,0,0,,0,,,,,367630.9373,5021884.028,45.33409123,-75.69837448,950
18--10844,10/16/2018,6:45 PM,SECOND LINE RD btwn MARCH RD & WEATHERLY DR (__3ZBNAG),__3ZBNAG,01 - Non intersection,03 - P.D. only,07 - SMV other,01 - Clear,05 - Dusk,01 - Dry,10 - No control,,1,0,0,0,,0,,,,,346127.2353,5025301.669,45.36644016,-75.97242809,951
18--10845,10/16/2018,6:55 PM,GREENBANK RD @ STRANDHERD DR (0005563),5563,02 - Intersection related,03 - P.D. only,03 - Rear end,01 - Clear,05 - Dusk,01 - Dry,01 - Traffic signal,01 - Functioning,2,0,0,0,,0,,,,,363933.5887,5014784.338,45.27052978,-75.74638956,952
18--10846,10/16/2018,7:00 AM,HIGHWAY 417 btwn HWY417 IC124 RAMP55 & HWY417 IC124 RAMP65 (__3ZAZPV),__3ZAZPV,01 - Non intersection,03 - P.D. only,03 - Rear end,01 - Clear,03 - Dawn,01 - Dry,10 - No control,,2,0,0,0,,0,,,,,364514.2216,5027619.674,45.38597191,-75.73744235,953
18--10847,10/16/2018,7:14 AM,LANCASTER RD @ WALKLEY RD (0003130),3130,02 - Intersection related,03 - P.D. only,02 - Angle,01 - Clear,01 - Daylight,01 - Dry,01 - Traffic signal,01 - Functioning,2,0,0,0,,0,,,,,374908.7405,5028602.541,45.39385201,-75.60457857,954
18--10848,10/16/2018,7:15 AM,DAZE ST btwn 200 W OF BANK ST & BANK ST (__3ZAZYCA),__3ZAZYCA,04 - At/near private drive,03 - P.D. only,02 - Angle,01 - Clear,01 - Daylight,01 - Dry,10 - No control,,2,0,0,0,,0,,,,,371257.895,5024265.736,45.35518698,-75.65178508,955
18--10849,10/16/2018,7:39 PM,MERIVALE RD btwn BASIL MACDONALD WAY & VIEWMOUNT DR (__3ZA1N6B),__3ZA1N6B,01 - Non intersection,03 - P.D. only,03 - Rear end,01 - Clear,07 - Dark,01 - Dry,10 - No control,,2,0,0,0,,0,,,,,365105.4398,5023152.38,45.34572529,-75.73043835,956
18--1085,1/20/2018,4:43 PM,RIVERSIDE DR NB btwn INDUSTRIAL AVE & TREMBLAY RD (__3ZA4SE),__3ZA4SE,01 - Non intersection,03 - P.D. only,03 - Rear end,01 - Clear,05 - Dusk,06 - Ice,10 - No control,,2,0,0,0,,0,,,,,370764.8074,5030842.772,45.41441136,-75.65719883,957
18--10850,10/16/2018,8:00 AM,HIGHWAY 417 btwn Continuation of HIGHWAY 417 & HWY417 IC134 RAMP51 (__3ZA29B),__3ZA29B,01 - Non intersection,03 - P.D. only,03 - Rear end,01 - Clear,01 - Daylight,01 - Dry,10 - No control,,2,0,0,0,,0,,,,,355251.899,5021557.952,45.33215641,-75.85633385,958
18--10851,10/16/2018,8:03 AM,BLAIS RD btwn BANK ST & HAWTHORNE RD (__3ZA6G4),__3ZA6G4,01 - Non intersection,03 - P.D. only,07 - SMV other,01 - Clear,01 - Daylight,01 - Dry,10 - No control,,1,0,0,0,,0,,,,,376578.6382,5019968.576,45.31599863,-75.58450706,959
18--10852,10/16/2018,8:11 AM,FALLOWFIELD RD @ GREENBANK RD (0000549),549,02 - Intersection related,02 - Non-fatal injury,03 - Rear end,01 - Clear,01 - Daylight,01 - Dry,01 - Traffic signal,01 - Functioning,3,0,0,0,01 - Minimal,2,2,,,,363080.6688,5016732.461,45.28813024,-75.75702967,960
18--10853,10/16/2018,8:30 AM,GREENBANK RD btwn FALLOWFIELD RD & LARKIN DR (__3ZA3HF),__3ZA3HF,01 - Non intersection,03 - P.D. only,03 - Rear end,01 - Clear,01 - Daylight,01 - Dry,10 - No control,,2,0,0,0,,0,,,,,363153.3076,5016562.495,45.28659486,-75.75612373,961
18--10854,10/16/2018,8:32 AM,BRONSON AVE @ IMPERIAL AVE/PLYMOUTH ST (0010859),10859,02 - Intersection related,03 - P.D. only,05 - Turning movement,01 - Clear,01 - Daylight,01 - Dry,10 - No control,,2,0,0,0,,0,,,,,367318.7031,5029643.552,45.40393751,-75.70137574,962
18--10855,10/16/2018,8:45 AM,RICHARDSON SIDE RD btwn DAVID MANCHESTER RD & WILLIAM MOONEY RD (__3ZAC5W),__3ZAC5W,01 - Non intersection,03 - P.D. only,07 - SMV other,01 - Clear,01 - Daylight,01 - Dry,10 - No control,,1,0,0,0,,0,,,,,344422.8918,5015510.021,45.27842976,-75.99496783,963
18--10856,10/16/2018,8:54 AM,CARLING AVE btwn BAYFIELD AVE & BURKE RD (__3ZA4Z2),__3ZA4Z2,01 - Non intersection,03 - P.D. only,03 - Rear end,01 - Clear,01 - Daylight,01 - Dry,10 - No control,,2,0,0,0,,0,,,,,352662.2798,5022553.634,45.34129714,-75.88927401,964
18--10857,10/16/2018,9:20 AM,CARLING AVE btwn HERZBERG RD & BAYFIELD AVE (__3ZA42G),__3ZA42G,01 - Non intersection,03 - P.D. only,03 - Rear end,01 - Clear,01 - Daylight,01 - Dry,10 - No control,,4,0,0,0,,0,,,,,352283.4524,5022348.916,45.33948079,-75.89412725,965
18--10858,10/16/2018,9:30 AM,"ESTURGEON, RUE DE L' btwn DECOEUR, PROMENADE & HEPATICA WAY (e___2JXH)",e___2JXH,01 - Non intersection,03 - P.D. only,06 - SMV unattended vehicle,01 - Clear,01 - Daylight,01 - Dry,10 - No control,,1,0,0,0,,0,,,,,383886.951,5034280.367,45.44397992,-75.48901542,966
18--10859,10/16/2018,9:30 PM,BRONSON AVE @ HWY 417 BRONSON IC121AR51 (0002693),2693,03 - At intersection,03 - P.D. only,07 - SMV other,01 - Clear,07 - Dark,01 - Dry,01 - Traffic signal,01 - Functioning,1,0,0,0,,0,,,,,367288.7124,5029710.558,45.40454309,-75.70175031,967
18--1086,1/20/2018,5:00 PM,HWY417 IC126 RAMP25 btwn MAITLAND AVE & HWY417 IC126 RAMP55 (__3ZAYAB),__3ZAYAB,01 - Non intersection,03 - P.D. only,03 - Rear end,01 - Clear,05 - Dusk,02 - Wet,10 - No control,,2,0,0,0,,0,,,,,363284.967,5025789.413,45.36960719,-75.7533555,968
18--10860,10/16/2018,9:41 AM,HAZELDEAN RD btwn 246 E OF CASTLEFRANK RD & IRWIN GT (__3ZA41NB),__3ZA41NB,01 - Non intersection,03 - P.D. only,03 - Rear end,01 - Clear,01 - Daylight,01 - Dry,10 - No control,,2,0,0,0,,0,,,,,353049.8638,5018011.177,45.30039666,-75.88477124,969
18--10861,10/16/2018,9:48 AM,FOURTH LINE RD btwn CARSONBY RD W & POLLOCK RD (__3ZA4KP),__3ZA4KP,01 - Non intersection,03 - P.D. only,07 - SMV other,01 - Clear,01 - Daylight,01 - Dry,10 - No control,,1,0,0,0,,0,,,,,363812.194,5002296.506,45.15817306,-75.74941618,970
18--10862,10/16/2018,9:59 AM,WOODROFFE AVE @ HWY 417 WOODROFF IC127R26/HWY4 (0002355),2355,03 - At intersection,03 - P.D. only,05 - Turning movement,01 - Clear,01 - Daylight,01 - Dry,01 - Traffic signal,01 - Functioning,2,0,0,0,,0,,,,,362082.6872,5024939.518,45.36205921,-75.76880159,971
18--10863,10/17/2018,1:27 PM,GLADSTONE AVE btwn PRESTON ST & ROCHESTER ST (__3ZA31S),__3ZA31S,04 - At/near private drive,03 - P.D. only,05 - Turning movement,01 - Clear,01 - Daylight,02 - Wet,10 - No control,,2,0,0,0,,0,,,,,366562.3129,5029744.041,45.40490883,-75.71102448,972
18--10864,10/17/2018,1:34 PM,VANIER PKWY/CRICHTON ST @ BEECHWOOD AVE/ST. PA (0001604),1604,02 - Intersection related,03 - P.D. only,04 - Sideswipe,01 - Clear,01 - Daylight,01 - Dry,01 - Traffic signal,01 - Functioning,2,0,0,0,,0,,,,,369127.6178,5033487.225,45.43835758,-75.67776885,973
18--10865,10/17/2018,10:15 AM,WALKLEY RD btwn TURN LANE & RYDER ST (__3ZA2DF),__3ZA2DF,01 - Non intersection,03 - P.D. only,03 - Rear end,01 - Clear,01 - Daylight,01 - Dry,10 - No control,,2,0,0,0,,0,,,,,372537.3152,5027245.453,45.3818749,-75.6350489,974
18--10866,10/17/2018,10:20 AM,PRINCESS AVE @ ROCKCLIFFE PKWY (0012027),12027,03 - At intersection,03 - P.D. only,03 - Rear end,01 - Clear,01 - Daylight,01 - Dry,11 - Roundabout,01 - Functioning,2,0,0,0,,0,,,,,368227.6982,5034330.574,45.44602793,-75.6891617,975
18--10867,10/17/2018,10:23 AM,RUSSELL RD btwn ST. LAURENT BLVD & SOUTHVALE CRES (__3ZA3RV),__3ZA3RV,04 - At/near private drive,03 - P.D. only,02 - Angle,01 - Clear,01 - Daylight,01 - Dry,10 - No control,,2,0,0,0,,0,,,,,373737.1945,5029141.78,45.39882015,-75.61946429,976
18--10868,10/17/2018,10:34 AM,ARMAGH WAY btwn WOODFORD WAY & WOODPARK WAY (__3ZA5AW),__3ZA5AW,04 - At/near private drive,03 - P.D. only,06 - SMV unattended vehicle,01 - Clear,01 - Daylight,01 - Dry,10 - No control,,1,0,0,0,,0,,,,,364964.1743,5017278.803,45.29288749,-75.73295434,977
18--10869,10/17/2018,10:40 AM,BANK ST @ RIVERSIDE DR N (0010778),10778,02 - Intersection related,02 - Non-fatal injury,05 - Turning movement,01 - Clear,01 - Daylight,01 - Dry,01 - Traffic signal,01 - Functioning,2,1,0,0,02 - Minor,1,,1,,,369225.7155,5027983.545,45.3888284,-75.67723453,978
18--1087,1/20/2018,5:17 AM,MEADOWLANDS DR btwn VALMARIE AVE & KINTYRE PRIV (__3ZA1WX),__3ZA1WX,01 - Non intersection,02 - Non-fatal injury,06 - SMV unattended vehicle,01 - Clear,07 - Dark,02 - Wet,10 - No control,,1,0,0,0,01 - Minimal,1,1,,,,366815.7953,5025198.364,45.36398552,-75.7083578,979
18--10870,10/17/2018,10:45 AM,MCARTHUR AVE btwn IRWIN MILLER ST & BRANT ST (__3ZA3WB),__3ZA3WB,04 - At/near private drive,03 - P.D. only,02 - Angle,01 - Clear,01 - Daylight,01 - Dry,10 - No control,,2,0,0,0,,0,,,,,371212.6793,5032799.706,45.43197665,-75.65121338,980
18--10871,10/17/2018,10:45 AM,LYON ST @ WELLINGTON ST (0002388),2388,02 - Intersection related,03 - P.D. only,04 - Sideswipe,01 - Clear,01 - Daylight,01 - Dry,01 - Traffic signal,01 - Functioning,2,0,0,0,,0,,,,,366935.2707,5031426.167,45.4200111,-75.70604858,981
18--10872,10/17/2018,10:59 AM,FIELD ST @ WOODROFFE AVE (0005077),5077,02 - Intersection related,03 - P.D. only,03 - Rear end,01 - Clear,01 - Daylight,01 - Dry,02 - Stop sign,01 - Functioning,2,0,0,0,,0,,,,,362417.6926,5024106.507,45.35453639,-75.76462279,982
18--10873,10/17/2018,11:10 AM,SMYTH RD @ GENERAL HOSPITAL E (0008855),8855,02 - Intersection related,03 - P.D. only,04 - Sideswipe,01 - Clear,01 - Daylight,01 - Dry,01 - Traffic signal,01 - Functioning,2,0,0,0,,0,,,,,371516.6877,5029181.642,45.39939392,-75.64781825,983
18--10874,10/17/2018,11:15 PM,HIGHWAY 417 btwn HWY417 IC142 RAMP16 & HWY417 IC142 RAMP61 (__3ZAZW4),__3ZAZW4,01 - Non intersection,03 - P.D. only,07 - SMV other,01 - Clear,07 - Dark,01 - Dry,10 - No control,,1,0,0,0,,0,,,,,349342.2879,5017632.369,45.29723288,-75.93207773,984
18--10875,10/17/2018,11:55 AM,NELSON ST @ RIDEAU ST (0007626),7626,02 - Intersection related,03 - P.D. only,04 - Sideswipe,01 - Clear,01 - Daylight,01 - Dry,01 - Traffic signal,01 - Functioning,2,0,0,0,,0,,,,,368650.9814,5032498.951,45.42950915,-75.68398873,985
18--10876,10/17/2018,Unknown,BROOKFIELD RD btwn RIVERSIDE DR/HOG'S BACK RD & 200 W OF FLANNERY DR (__3ZA225A),__3ZA225A,01 - Non intersection,03 - P.D. only,06 - SMV unattended vehicle,01 - Clear,00 - Unknown,01 - Dry,10 - No control,,1,0,0,0,,0,,,,,368496.348,5026256.447,45.37335518,-75.68677098,986
18--10877,10/17/2018,12:15 PM,DONALD ST @ ST. LAURENT BLVD (0008630),8630,02 - Intersection related,03 - P.D. only,03 - Rear end,01 - Clear,01 - Daylight,01 - Dry,01 - Traffic signal,01 - Functioning,2,0,0,0,,0,,,,,372093.7082,5032472.64,45.42894964,-75.63999937,987
18--10878,10/17/2018,12:30 PM,GLEBE AVE btwn BANK ST & O'CONNOR ST (__3ZA94Z),__3ZA94Z,04 - At/near private drive,03 - P.D. only,06 - SMV unattended vehicle,01 - Clear,01 - Daylight,01 - Dry,10 - No control,,1,0,0,0,,0,,,,,368323.9602,5029838.49,45.405601,-75.68851059,988
18--10879,10/17/2018,12:30 PM,RIVERSIDE DR @ TREMBLAY RD/HWY417 IC117 RAMP52 (0010790),10790,02 - Intersection related,02 - Non-fatal injury,03 - Rear end,01 - Clear,01 - Daylight,01 - Dry,01 - Traffic signal,01 - Functioning,2,0,0,0,01 - Minimal,2,2,,,,370802.0391,5031015.96,45.41596613,-75.65669999,989
18--1088,1/20/2018,5:28 PM,HIGHWAY 417 btwn HWY417 IC121B RAMP16 & HWY417 IC121A RAMP16 (__3ZA2YX),__3ZA2YX,01 - Non intersection,03 - P.D. only,03 - Rear end,01 - Clear,05 - Dusk,01 - Dry,10 - No control,,3,0,0,0,,0,,,,,366918.3279,5029634.155,45.40388861,-75.70649088,990
18--10880,10/17/2018,12:34 PM,SCOTT ST btwn CAROLINE AVE & HURON AVE N (__3ZA3ZE),__3ZA3ZE,01 - Non intersection,03 - P.D. only,03 - Rear end,01 - Clear,01 - Daylight,01 - Dry,10 - No control,,2,0,0,0,,0,,,,,364629.6386,5029530.984,45.40315965,-75.73573681,991
18--10881,10/17/2018,12:50 PM,CALDWELL AVE @ MERIVALE RD (0011432),11432,02 - Intersection related,03 - P.D. only,03 - Rear end,01 - Clear,01 - Daylight,01 - Dry,01 - Traffic signal,01 - Functioning,2,0,0,0,,0,,,,,364907.398,5026230.413,45.37343797,-75.73259102,992
18--10882,10/17/2018,2:36 AM,FLORA ST @ KENT ST (0007260),7260,03 - At intersection,02 - Non-fatal injury,02 - Angle,01 - Clear,07 - Dark,01 - Dry,02 - Stop sign,01 - Functioning,2,0,0,0,01 - Minimal,1,1,,,,367828.6821,5030323.429,45.41000911,-75.69477491,993
18--10883,10/17/2018,3:00 PM,STAR TOP RD btwn Continuation of STAR TOP RD & INNES RD (__3ZBN0V),__3ZBN0V,04 - At/near private drive,03 - P.D. only,05 - Turning movement,01 - Clear,01 - Daylight,01 - Dry,10 - No control,,2,0,0,0,,0,,,,,374137.2147,5030691.256,45.41272207,-75.61413754,994
18--10884,10/17/2018,3:00 PM,LACASSE AVE btwn MONTREAL RD & PATTON ST (__3ZBOW2),__3ZBOW2,01 - Non intersection,03 - P.D. only,06 - SMV unattended vehicle,01 - Clear,01 - Daylight,01 - Dry,10 - No control,,1,0,0,0,,0,,,,,370700.1186,5033378.921,45.43723666,-75.65768591,995
18--10885,10/17/2018,3:08 PM,DONALD B. MUNRO DR/OLD CARP RD W @ MARCH RD (0010866),10866,03 - At intersection,03 - P.D. only,02 - Angle,01 - Clear,01 - Daylight,01 - Dry,02 - Stop sign,01 - Functioning,2,0,0,0,,0,,,,,343091.5589,5022592.501,45.34223457,-76.01138904,996
18--10886,10/17/2018,3:38 PM,MERIVALE RD @ EMERALD PLAZA SC (0005311),5311,02 - Intersection related,03 - P.D. only,03 - Rear end,01 - Clear,01 - Daylight,01 - Dry,01 - Traffic signal,01 - Functioning,2,0,0,0,,0,,,,,364737.1347,5024005.45,45.35343267,-75.73503449,997
18--10887,10/17/2018,4:09 PM,BYRON AVE @ TWEEDSMUIR AVE (0006667),6667,03 - At intersection,03 - P.D. only,02 - Angle,01 - Clear,01 - Daylight,01 - Dry,02 - Stop sign,01 - Functioning,2,0,0,0,,0,,,,,363592.6903,5028304.552,45.39221229,-75.7491278,998
18--10888,10/17/2018,4:12 PM,HOPE SIDE RD @ RICHMOND RD (0000581),581,03 - At intersection,03 - P.D. only,02 - Angle,01 - Clear,01 - Daylight,01 - Dry,02 - Stop sign,01 - Functioning,2,0,0,0,,0,,,,,356952.6367,5015485.435,45.27739073,-75.83527617,999
18--10889,10/17/2018,4:27 PM,WOODROFFE AVE @ TECUMSEH ST (0005767),5767,02 - Intersection related,03 - P.D. only,04 - Sideswipe,01 - Clear,01 - Daylight,01 - Dry,02 - Stop sign,01 - Functioning,2,0,0,0,,0,,,,,362368.6892,5024229.509,45.35564718,-75.76523384,1000
18--1152,1/22/2018,7:10 AM,HIGHWAY 417 btwn HWY417 IC163 RAMP61 & HWY417 IC155 RAMP36 (__3ZA2QB),__3ZA2QB,01 - Non intersection,03 - P.D. only,07 - SMV other,03 - Snow,03 - Dawn,02 - Wet,10 - No control,,1,0,0,0,,0,,,,,337769.9104,5019808.015,45.31744879,-76.07947822,1001