Anom_ID,Accident_Date,Accident_Time,Location,Geo_ID,Accident_Location,Classification_of_Accident,Initial_Impact_Type,Environment_Condition,Light,Road_Surface_Condition,Traffic_Control,Traffic_Control_Condition,No__of_Vehicles,No__of_Bicycles,No__of_Motorcycles,No__of_Pedestrians,Max_Injury,No__of_Injuries,No__of_Minimal,No__of_Minor,No__of_Major,No__of_Fatal,X,Y,Latitude,Longitude,ObjectId
18--11520,10/31/2018,6:54 PM,MERIVALE RD btwn ROSSLAND AVE & EMERALD PLAZA SC (__3ZA4HZA),__3ZA4HZA,01 - Non intersection,03 - P.D. only,04 - Sideswipe,01 - Clear,07 - Dark,02 - Wet,10 - No control,,2,0,0,0,,0,,,,,364675.2138,5024148.022,45.35472081,-75.73580744,1002
18--11521,10/31/2018,6:57 AM,FALLOWFIELD RD btwn CONLEY RD & HUNTLEY RD (__3ZA3ER),__3ZA3ER,04 - At/near private drive,02 - Non-fatal injury,03 - Rear end,02 - Rain,07 - Dark,02 - Wet,10 - No control,,2,0,0,0,02 - Minor,2,,2,,,349868.0026,5007389.063,45.20502624,-75.92630384,1003
18--11522,10/31/2018,7:00 AM,ST. LAURENT BLVD @ WALKLEY RD (0007653),7653,03 - At intersection,02 - Non-fatal injury,05 - Turning movement,02 - Rain,03 - Dawn,02 - Wet,01 - Traffic signal,01 - Functioning,2,0,0,0,02 - Minor,1,,1,,,373902.7498,5028046.855,45.3889522,-75.61750326,1004
18--11523,10/31/2018,7:30 AM,OTTAWA RIVER PKWY @ ISLAND PARK DR (0002127),2127,02 - Intersection related,03 - P.D. only,03 - Rear end,03 - Snow,03 - Dawn,06 - Ice,01 - Traffic signal,01 - Functioning,2,0,0,0,,0,,,,,363298.6957,5029453.563,45.40257552,-75.75274597,1005
18--11524,10/31/2018,7:45 AM,DALMENY RD btwn DALMENY RD & GORDON MURDOCK RD S (__3ZA3T9),__3ZA3T9,01 - Non intersection,03 - P.D. only,99 - Other,02 - Rain,01 - Daylight,02 - Wet,10 - No control,,2,0,0,0,,0,,,,,377322.5569,4998903.193,45.12638207,-75.5780886,1006
18--11525,10/31/2018,7:50 AM,CHAREST WAY @ PORTOBELLO BLVD (0013031),13031,03 - At intersection,03 - P.D. only,02 - Angle,02 - Rain,03 - Dawn,02 - Wet,02 - Stop sign,01 - Functioning,2,0,0,0,,0,,,,,385626.7568,5036608.441,45.4647267,-75.46639613,1007
18--11526,10/31/2018,8:03 AM,MOODIE DR btwn 325 N OF CORKSTOWN RD/NORTEL S ENTRANCE & CORKSTOWN RD (__3ZA4Z7D),__3ZA4Z7D,01 - Non intersection,03 - P.D. only,03 - Rear end,02 - Rain,01 - Daylight,02 - Wet,10 - No control,,2,0,0,0,,0,,,,,356341.2581,5022788.734,45.34315194,-75.8423085,1008
18--11527,10/31/2018,8:12 AM,RICHMOND RD btwn WINTHROP PRIV & CROYDON AVE (__3ZA2FD),__3ZA2FD,01 - Non intersection,03 - P.D. only,04 - Sideswipe,02 - Rain,01 - Daylight,02 - Wet,10 - No control,,2,0,0,0,,0,,,,,360503.0286,5025199.663,45.36452728,-75.78893461,1009
18--1486,1/30/2018,8:44 AM,PRINCE OF WALES DR @ MEADOWLANDS DR/HOG'S BACK (0001629),1629,02 - Intersection related,03 - P.D. only,04 - Sideswipe,01 - Clear,01 - Daylight,02 - Wet,01 - Traffic signal,01 - Functioning,2,0,0,0,,0,,,,,367371.919,5025693.477,45.36839102,-75.70119678,5701
18--11529,10/31/2018,8:34 AM,WALKLEY RD @ SPRINGLAND DR/OTTERSON DR (0006968),6968,03 - At intersection,03 - P.D. only,02 - Angle,02 - Rain,01 - Daylight,02 - Wet,01 - Traffic signal,01 - Functioning,2,0,0,0,,0,,,,,368721.7174,5024982.512,45.36187214,-75.68405875,1011
18--1153,1/22/2018,7:15 AM,TENTH LINE RD @ LAKEPOINTE DR (0013369),13369,02 - Intersection related,03 - P.D. only,03 - Rear end,03 - Snow,03 - Dawn,05 - Packed snow,01 - Traffic signal,01 - Functioning,2,0,0,0,,0,,,,,384262.1286,5035420.69,45.45419697,-75.48403601,1012
18--11530,10/31/2018,8:35 PM,HENN DR @ TRIM RD (0004707),4707,03 - At intersection,02 - Non-fatal injury,03 - Rear end,01 - Clear,07 - Dark,02 - Wet,02 - Stop sign,01 - Functioning,2,0,0,0,02 - Minor,1,,1,,,388623.8062,5032208.519,45.42478763,-75.42882633,1013
18--11531,10/31/2018,8:47 PM,AVIATION PKWY NB @ LA CITE PRIV (0009078),9078,02 - Intersection related,03 - P.D. only,03 - Rear end,01 - Clear,07 - Dark,02 - Wet,02 - Stop sign,01 - Functioning,2,0,0,0,,0,,,,,372501.5019,5033247.819,45.43588497,-75.63468185,1014
18--11532,10/31/2018,8:51 AM,LYON ST @ MACLAREN ST (0007281),7281,02 - Intersection related,03 - P.D. only,04 - Sideswipe,02 - Rain,01 - Daylight,02 - Wet,02 - Stop sign,01 - Functioning,2,0,0,0,,0,,,,,367409.707,5030646.568,45.41295422,-75.70008597,1015
18--11533,10/31/2018,9:00 PM,HUNTLEY RD btwn BROWNLEE RD & GARVIN RD (__3ZA42I),__3ZA42I,01 - Non intersection,02 - Non-fatal injury,07 - SMV other,"07 - Fog, mist, smoke, dust",07 - Dark,02 - Wet,10 - No control,,1,0,0,0,02 - Minor,1,,1,,,355930.1531,5007471.937,45.20535828,-75.84913148,1016
18--11534,10/31/2018,9:20 AM,EAGLESON RD @ HWY 417 EAGLESO IC138R51/PARK AN (0009698),9698,03 - At intersection,03 - P.D. only,07 - SMV other,02 - Rain,01 - Daylight,02 - Wet,01 - Traffic signal,01 - Functioning,1,0,0,0,,0,,,,,353037.1804,5020013.788,45.31841746,-75.88473802,1017
18--11535,10/31/2018,9:28 AM,BANK ST btwn ANOKA ST & WILDWOOD AVE (__3ZA366),__3ZA366,01 - Non intersection,03 - P.D. only,04 - Sideswipe,02 - Rain,01 - Daylight,02 - Wet,10 - No control,,2,0,0,0,,0,,,,,370029.0749,5026757.063,45.37771857,-75.66713816,1018
18--11536,10/31/2018,9:30 PM,GOSNELL TER btwn DENTON WAY & DENTON WAY (__4TRKR3),__4TRKR3,01 - Non intersection,03 - P.D. only,06 - SMV unattended vehicle,"07 - Fog, mist, smoke, dust",07 - Dark,02 - Wet,10 - No control,,1,0,0,0,,0,,,,,385628.5747,5037684.301,45.47440602,-75.46619593,1019
18--11537,11/1/2018,1:16 PM,INNES RD btwn PRESTWICK DR & TENTH LINE RD (__3ZA3Y7),__3ZA3Y7,01 - Non intersection,02 - Non-fatal injury,07 - SMV other,01 - Clear,01 - Daylight,01 - Dry,10 - No control,,1,0,0,1,01 - Minimal,1,1,,,,383894.8287,5036135.729,45.46067192,-75.48861638,1020
18--11538,11/1/2018,10:20 AM,HWY417 IC138 RAMP35 btwn HIGHWAY 417 & EAGLESON RD (__3ZAY6O),__3ZAY6O,01 - Non intersection,03 - P.D. only,03 - Rear end,01 - Clear,01 - Daylight,01 - Dry,10 - No control,,2,0,0,0,,0,,,,,352966.1041,5020170.436,45.31983189,-75.88562931,1021
18--11539,11/1/2018,10:39 AM,RIVERSIDE DR @ UPLANDS DR/KIMBERWICK CRES N (0006890),6890,02 - Intersection related,03 - P.D. only,03 - Rear end,02 - Rain,01 - Daylight,02 - Wet,01 - Traffic signal,01 - Functioning,2,0,0,0,,0,,,,,368194.7157,5022793.5,45.34222376,-75.69106574,1022
18--1154,1/22/2018,7:20 PM,HWY417 IC131 RAMP63 btwn HWY417 IC131 RAMP53 & HWY417 IC131 RAMP66 (__3ZAY4Q),__3ZAY4Q,01 - Non intersection,03 - P.D. only,07 - SMV other,03 - Snow,07 - Dark,03 - Loose snow,10 - No control,,1,0,0,0,,0,,,,,358438.7686,5022483.491,45.3402481,-75.81557822,1023
18--11540,11/1/2018,11:24 AM,AVRO CIR btwn LYSANDER PL & VOIE DU CHENE WAY (e___2I6I),e___2I6I,01 - Non intersection,03 - P.D. only,06 - SMV unattended vehicle,01 - Clear,01 - Daylight,07 - Mud,10 - No control,,1,0,0,0,,0,,,,,372444.728,5034705.752,45.44900822,-75.63520701,1024
18--11541,11/1/2018,11:48 AM,COLONNADE RD    N btwn CITIPLACE DR & COLONNADE RD S (__3ZA0AJ),__3ZA0AJ,01 - Non intersection,03 - P.D. only,06 - SMV unattended vehicle,01 - Clear,01 - Daylight,01 - Dry,10 - No control,,1,0,0,0,,0,,,,,367070.7744,5023278.761,45.34669072,-75.70534506,1025
18--11542,11/1/2018,Unknown,WHITBY AVE btwn WINSTON AVE & CHURCHILL AVE N (__3ZA0JF),__3ZA0JF,01 - Non intersection,03 - P.D. only,06 - SMV unattended vehicle,01 - Clear,00 - Unknown,02 - Wet,10 - No control,,1,0,0,0,,0,,,,,363020.3749,5028353.966,45.39270472,-75.75643068,1026
18--11543,11/1/2018,Unknown,ESPRIT DR btwn DAWNLIGHT ST & WORTHAM WAY (__5Z1R1M),__5Z1R1M,04 - At/near private drive,03 - P.D. only,06 - SMV unattended vehicle,02 - Rain,00 - Unknown,02 - Wet,10 - No control,,1,0,0,0,,0,,,,,385190.2657,5035247.606,45.45253357,-75.47219951,1027
18--11544,11/1/2018,12:04 PM,MERIVALE RD @ WEST HUNT CLUB RD (0000584),584,02 - Intersection related,03 - P.D. only,04 - Sideswipe,01 - Clear,01 - Daylight,01 - Dry,01 - Traffic signal,01 - Functioning,3,0,0,0,,0,,,,,365612.6951,5021942.498,45.33479515,-75.72411453,1028
18--11545,11/1/2018,12:16 AM,RAMSAYVILLE RD @ RIDGE RD (0009270),9270,02 - Intersection related,03 - P.D. only,01 - Approaching,02 - Rain,07 - Dark,02 - Wet,02 - Stop sign,01 - Functioning,2,0,0,0,,0,,,,,376683.7452,5028863.536,45.39602034,-75.58187326,1029
18--11546,11/1/2018,12:22 PM,EAGLESON RD @ KATIMAVIK RD/TIMM DR (0011925),11925,02 - Intersection related,02 - Non-fatal injury,04 - Sideswipe,01 - Clear,01 - Daylight,01 - Dry,01 - Traffic signal,01 - Functioning,4,0,0,0,02 - Minor,3,2,1,,,353214.5215,5019565.558,45.31437199,-75.88251998,1030
18--11547,11/1/2018,12:45 PM,BESSERER ST @ WALLER ST (0008859),8859,02 - Intersection related,03 - P.D. only,04 - Sideswipe,01 - Clear,01 - Daylight,01 - Dry,01 - Traffic signal,01 - Functioning,2,0,0,0,,0,,,,,368315.9339,5032191.978,45.42677762,-75.68830977,1031
18--11548,11/1/2018,12:46 PM,ST. JOSEPH BLVD btwn YOUVILLE DR & NOTRE DAME ST W (__3ZA2BN),__3ZA2BN,04 - At/near private drive,03 - P.D. only,02 - Angle,01 - Clear,01 - Daylight,01 - Dry,10 - No control,,2,0,0,0,,0,,,,,379312.4931,5036195.856,45.46171664,-75.54719307,1032
18--11549,11/1/2018,2:30 PM,HIGHWAY 417 btwn HWY417 IC121A RAMP16 & HWY417 IC121A RAMP61 (__3ZA2YY),__3ZA2YY,01 - Non intersection,03 - P.D. only,04 - Sideswipe,01 - Clear,01 - Daylight,01 - Dry,10 - No control,,2,0,0,0,,0,,,,,367382.4638,5029811.629,45.40544412,-75.70053999,1033
18--1155,1/22/2018,7:37 AM,WILLOWLEA RD btwn MOONSTONE RD & WESTBROOK RD (__3ZAC5Q),__3ZAC5Q,01 - Non intersection,03 - P.D. only,05 - Turning movement,01 - Clear,03 - Dawn,02 - Wet,10 - No control,,2,0,0,0,,0,,,,,346695.1106,5014825.76,45.27214077,-75.96606517,1034
18--11550,11/1/2018,2:45 PM,CARLING AVE @ FAIRLAWN AVE/WOODROFFE AVE E (0002393),2393,02 - Intersection related,03 - P.D. only,03 - Rear end,02 - Rain,01 - Daylight,02 - Wet,01 - Traffic signal,01 - Functioning,2,0,0,0,,0,,,,,361934.6841,5025830.528,45.37008852,-75.77058762,1035
18--11551,11/1/2018,3:10 PM,PARKDALE AVE @ HWY 417 PARKDAL IC122R15/HWY 41 (0002363),2363,02 - Intersection related,02 - Non-fatal injury,03 - Rear end,01 - Clear,01 - Daylight,01 - Dry,01 - Traffic signal,00 - Unknown,2,0,0,0,02 - Minor,1,,1,,,365336.5638,5028845.591,45.39693186,-75.7267915,1036
18--11552,11/1/2018,3:28 PM,MERIVALE RD @ COLDREY AVE/CRERAR AVE (0006176),6176,02 - Intersection related,03 - P.D. only,04 - Sideswipe,01 - Clear,01 - Daylight,01 - Dry,01 - Traffic signal,01 - Functioning,2,0,0,0,,0,,,,,364894.7041,5027392.544,45.3838957,-75.73261163,1037
18--11553,11/1/2018,3:41 PM,HOLLAND AVE/TUNNEY'S PASTURE @ SCOTT ST (0006494),6494,03 - At intersection,03 - P.D. only,05 - Turning movement,01 - Clear,01 - Daylight,01 - Dry,01 - Traffic signal,01 - Functioning,2,0,0,0,,0,,,,,364737.6969,5029595.557,45.40373142,-75.73434875,1038
18--11554,11/1/2018,4:00 AM,ORLEANS BLVD btwn BROKEN OAK DR & JEANNE D'ARC BLVD N (__3ZA6BR),__3ZA6BR,01 - Non intersection,03 - P.D. only,07 - SMV other,02 - Rain,07 - Dark,02 - Wet,10 - No control,,1,0,0,0,,0,,,,,379873.813,5038311.028,45.48068721,-75.53969321,1039
18--11555,11/1/2018,4:10 PM,PORTAGE BRIDGE NB btwn PROVINCIAL BOUNDARY & WELLINGTON ST (__6TE2PA),__6TE2PA,07 - Overpass or bridge,03 - P.D. only,04 - Sideswipe,01 - Clear,01 - Daylight,00 - Unknown,10 - No control,,2,0,0,0,,0,,,,,366417.0514,5031500.311,45.42072406,-75.71266037,1040
18--11556,11/1/2018,4:45 PM,HIGHWAY 417 btwn HWY417 IC119A RAMP67 & HWY417 IC118 RAMP76 (__3ZA2YS),__3ZA2YS,01 - Non intersection,03 - P.D. only,03 - Rear end,01 - Clear,05 - Dusk,01 - Dry,10 - No control,,2,0,0,0,,0,,,,,368715.2468,5030600.215,45.41241913,-75.68341383,1041
18--11557,11/1/2018,5:04 PM,CARP RD @ HAZELDEAN RD (0000086),86,02 - Intersection related,03 - P.D. only,02 - Angle,01 - Clear,05 - Dusk,01 - Dry,01 - Traffic signal,01 - Functioning,2,0,0,0,,0,,,,,348804.5708,5014360.432,45.26782474,-75.93922352,1042
18--11558,11/1/2018,5:05 PM,HAZELDEAN RD btwn BRADLEY GREEN CRT & SWEETNAM DR (__3ZA3D4),__3ZA3D4,01 - Non intersection,03 - P.D. only,03 - Rear end,01 - Clear,07 - Dark,02 - Wet,10 - No control,,2,0,0,0,,0,,,,,350436.3526,5015621.223,45.27906576,-75.91831392,1043
18--11559,11/1/2018,5:30 PM,HIGHWAY 417 btwn HWY417 IC118 RAMP35 & HWY417 IC117 RAMP51 (__3ZA2YP),__3ZA2YP,01 - Non intersection,03 - P.D. only,04 - Sideswipe,01 - Clear,07 - Dark,01 - Dry,10 - No control,,2,0,0,0,,0,,,,,369895.4708,5031131.034,45.41708645,-75.66826667,1044
18--1156,1/22/2018,7:39 PM,AIRPORT PKWY btwn RAMP & TO BE DETERMINED (__3ZA222),__3ZA222,01 - Non intersection,03 - P.D. only,07 - SMV other,03 - Snow,07 - Dark,03 - Loose snow,10 - No control,,1,0,0,0,,0,,,,,369985.4976,5025641.77,45.36768757,-75.6678417,1045
18--11560,11/1/2018,5:35 PM,HWY417 IC118 RAMP64 btwn HWY417 IC118 RAMP22 & HWY417 IC118 RAMP67 (__3ZAYAY),__3ZAYAY,01 - Non intersection,03 - P.D. only,03 - Rear end,01 - Clear,07 - Dark,01 - Dry,10 - No control,,2,0,0,0,,0,,,,,369437.9206,5031224.951,45.4179739,-75.67409992,1046
18--11561,11/1/2018,6:25 PM,HIGHWAY 417 btwn HWY417 IC121A RAMP61 & HWY417 IC120B RAMP36 (__3ZA2YV),__3ZA2YV,01 - Non intersection,03 - P.D. only,03 - Rear end,01 - Clear,07 - Dark,01 - Dry,10 - No control,,2,0,0,0,,0,,,,,367535.8378,5029882.368,45.40606688,-75.69857191,1047
18--11562,11/1/2018,6:30 AM,DUNROBIN RD @ MARCH RD (0003175),3175,02 - Intersection related,03 - P.D. only,04 - Sideswipe,01 - Clear,03 - Dawn,01 - Dry,01 - Traffic signal,01 - Functioning,2,0,0,0,,0,,,,,347174.6011,5026065.537,45.37325109,-75.95899277,1048
18--11563,11/1/2018,6:45 AM,MCCORDICK RD btwn MACKEY RD & COWELL RD (__3ZA0NM),__3ZA0NM,01 - Non intersection,03 - P.D. only,07 - SMV other,01 - Clear,07 - Dark,01 - Dry,10 - No control,,1,0,0,0,,0,,,,,367782.5025,4994832.381,45.09066672,-75.69986158,1049
18--11564,11/1/2018,6:48 PM,HIGHWAY 417 btwn HWY417 IC121A RAMP61 & HWY417 IC120B RAMP36 (__3ZA2YV),__3ZA2YV,01 - Non intersection,02 - Non-fatal injury,03 - Rear end,01 - Clear,07 - Dark,02 - Wet,10 - No control,,2,0,0,0,02 - Minor,1,,1,,,367544.6008,5029887.575,45.40611295,-75.69845931,1050
18--11565,11/1/2018,7:04 AM,HIGHWAY 417 btwn HWY417 IC131 RAMP53 & HWY417 IC131 RAMP51 (__3ZA1MU),__3ZA1MU,01 - Non intersection,03 - P.D. only,03 - Rear end,02 - Rain,03 - Dawn,02 - Wet,10 - No control,,2,0,0,0,,0,,,,,358015.0027,5022730.722,45.34250497,-75.82095843,1051
18--11566,11/1/2018,7:11 AM,PLACE D'ORLEANS DR btwn CENTRUM BLVD & ST. JOSEPH BLVD (__3ZA2FM),__3ZA2FM,01 - Non intersection,02 - Non-fatal injury,07 - SMV other,"07 - Fog, mist, smoke, dust",03 - Dawn,01 - Dry,10 - No control,,1,0,0,0,02 - Minor,1,,1,,,381981.8389,5038044.978,45.47806366,-75.51277418,1052
18--11567,11/1/2018,7:12 PM,HUNT CLUB RD btwn TRANSIT & DAZE ST (__3ZA1VF),__3ZA1VF,01 - Non intersection,03 - P.D. only,04 - Sideswipe,01 - Clear,07 - Dark,01 - Dry,10 - No control,,2,0,0,0,,0,,,,,371274.0576,5023853.796,45.35147895,-75.6516342,1053
18--11568,11/1/2018,7:15 AM,HIGHWAY 417 btwn HWY417 IC115 RAMP61 & REGIONAL ROAD 174 (__3ZA2XG),__3ZA2XG,01 - Non intersection,03 - P.D. only,04 - Sideswipe,01 - Clear,01 - Daylight,01 - Dry,10 - No control,,2,0,0,0,,0,,,,,373207.9231,5031698.217,45.42187367,-75.62586912,1054
18--11569,11/1/2018,7:15 PM,BALIKUN HTS / SCEPTRE WAY @ TAPADERO AVE (0015689),15689,03 - At intersection,03 - P.D. only,02 - Angle,"07 - Fog, mist, smoke, dust",07 - Dark,02 - Wet,02 - Stop sign,01 - Functioning,2,0,0,0,,0,,,,,352968.3521,5015254.593,45.27559781,-75.88607816,1055
18--1157,1/22/2018,8:57 PM,HIGHWAY 417 btwn HWY417 IC119A RAMP67 & HWY417 IC118 RAMP76 (__3ZA2YS),__3ZA2YS,01 - Non intersection,03 - P.D. only,07 - SMV other,03 - Snow,07 - Dark,03 - Loose snow,10 - No control,,1,0,0,0,,0,,,,,369202.0489,5030887.404,45.41495852,-75.67715753,1056
18--11570,11/1/2018,7:30 PM,EAGLESON RD btwn EAGLESON BUSINESS CENTRE & MICHAEL COWPLAND DR/STONEH (__3ZA41JB),__3ZA41JB,01 - Non intersection,03 - P.D. only,03 - Rear end,02 - Rain,07 - Dark,02 - Wet,10 - No control,,2,0,0,0,,0,,,,,354305.2446,5016821.519,45.28960452,-75.86888373,1057
18--11571,11/1/2018,7:35 AM,ROBERTSON RD btwn MOODIE DR & VANIER RD (__3ZBOCN),__3ZBOCN,01 - Non intersection,03 - P.D. only,03 - Rear end,02 - Rain,01 - Daylight,02 - Wet,10 - No control,,2,0,0,0,,0,,,,,357239.9875,5020556.334,45.32299801,-75.83107758,1058
18--11572,11/1/2018,7:37 AM,ORLEANS BLVD btwn BROKEN OAK DR & JEANNE D'ARC BLVD N (__3ZA6BR),__3ZA6BR,01 - Non intersection,03 - P.D. only,07 - SMV other,02 - Rain,01 - Daylight,02 - Wet,10 - No control,,1,0,0,0,,0,,,,,379942.9265,5038253.233,45.48015978,-75.53881811,1059
18--11573,11/1/2018,8:00 AM,CEDARVIEW RD @ WEST HUNT CLUB RD (0010267),10267,02 - Intersection related,03 - P.D. only,03 - Rear end,01 - Clear,01 - Daylight,02 - Wet,01 - Traffic signal,01 - Functioning,2,0,0,0,,0,,,,,359718.6779,5019554.477,45.3137937,-75.7995729,1060
18--11574,11/1/2018,8:05 AM,BASELINE RD @ CLYDE AVE (0002343),2343,03 - At intersection,03 - P.D. only,03 - Rear end,02 - Rain,01 - Daylight,02 - Wet,01 - Traffic signal,01 - Functioning,2,0,0,0,,0,,,,,364358.7038,5024890.513,45.3614286,-75.73975726,1061
18--11575,11/1/2018,8:13 AM,WOODROFFE AVE @ GEORGINA DR/LENESTER AVE (0002351),2351,02 - Intersection related,03 - P.D. only,04 - Sideswipe,"07 - Fog, mist, smoke, dust",01 - Daylight,02 - Wet,01 - Traffic signal,01 - Functioning,2,0,0,0,,0,,,,,361909.6872,5025370.52,45.36595145,-75.7709599,1062
18--11576,11/1/2018,8:15 PM,DUNDONALD DR @ GREENBANK RD (0013623),13623,02 - Intersection related,03 - P.D. only,06 - SMV unattended vehicle,02 - Rain,07 - Dark,02 - Wet,10 - No control,,1,0,0,0,,0,,,,,365090.6441,5012122.311,45.24647859,-75.73196813,1063
18--11577,11/1/2018,8:26 AM,MAIN ST @ RIVERDALE AVE (0007229),7229,03 - At intersection,03 - P.D. only,03 - Rear end,01 - Clear,01 - Daylight,02 - Wet,01 - Traffic signal,01 - Functioning,2,0,0,0,,0,,,,,369431.7418,5029532.494,45.40274635,-75.67440076,1064
18--11578,11/1/2018,8:30 AM,CEDARVIEW RD @ WEST HUNT CLUB RD (0010267),10267,02 - Intersection related,03 - P.D. only,03 - Rear end,01 - Clear,01 - Daylight,02 - Wet,01 - Traffic signal,00 - Unknown,2,0,0,0,,0,,,,,359718.6776,5019554.478,45.31379371,-75.7995729,1065
18--11579,11/1/2018,8:58 AM,ROCKDALE RD btwn HWY417 IC88 RAMP15 & HWY417 IC88 RAMP16 (__3ZA2E0),__3ZA2E0,07 - Overpass or bridge,03 - P.D. only,03 - Rear end,02 - Rain,01 - Daylight,02 - Wet,10 - No control,,2,0,0,0,,0,,,,,395327.7861,5022579.42,45.33732121,-75.34493948,1066
18--1158,1/22/2018,9:00 PM,HIGHWAY 417 btwn HWY417 IC96 RAMP61 & HWY417 IC88 RAMP16 (__3ZA27Z),__3ZA27Z,01 - Non intersection,03 - P.D. only,07 - SMV other,05 - Drifting Snow,07 - Dark,03 - Loose snow,10 - No control,,1,0,0,0,,0,,,,,391782.4524,5023043.562,45.34194556,-75.39008474,1067
18--11580,11/1/2018,9:05 PM,TERRY FOX DR @ 135 S OF HAZELDEAN RD/SOBEY'S S (0012468),12468,03 - At intersection,02 - Non-fatal injury,07 - SMV other,02 - Rain,07 - Dark,02 - Wet,01 - Traffic signal,01 - Functioning,1,0,0,1,02 - Minor,1,,1,,,352292.2133,5017139.577,45.29260541,-75.89451488,1068
18--11581,11/1/2018,9:14 PM,CLARENCE ST @ CUMBERLAND ST (0008412),8412,03 - At intersection,03 - P.D. only,02 - Angle,02 - Rain,07 - Dark,02 - Wet,02 - Stop sign,01 - Functioning,2,0,0,0,,0,,,,,368212.6974,5032607.588,45.4305265,-75.68957541,1069
18--11582,11/1/2018,9:38 PM,BLAIR RD @ REGIONAL RD 174 N/OR174 IC112 RAMP61 (0003617),3617,03 - At intersection,02 - Non-fatal injury,07 - SMV other,02 - Rain,07 - Dark,02 - Wet,01 - Traffic signal,01 - Functioning,1,0,0,1,02 - Minor,1,,1,,,374634.7501,5032991.518,45.43336912,-75.60745564,1070
18--11583,11/1/2018,9:43 AM,LEMIEUX ST btwn ST. LAURENT BLVD & LEMIEUX ST (__3ZA2PF),__3ZA2PF,04 - At/near private drive,02 - Non-fatal injury,02 - Angle,01 - Clear,01 - Daylight,01 - Dry,10 - No control,,2,0,0,0,02 - Minor,1,,1,,,372421.0566,5031752.131,45.42243527,-75.63591531,1071
18--11584,11/2/2018,10:00 PM,QUEEN ELIZABETH DRWY btwn QUEEN ELIZABETH PL & FIFTH AVE (__3ZA22J),__3ZA22J,01 - Non intersection,02 - Non-fatal injury,03 - Rear end,02 - Rain,07 - Dark,02 - Wet,10 - No control,,2,0,0,0,01 - Minimal,1,1,,,,368968.6931,5029417.992,45.40175869,-75.68032998,1072
18--11585,11/2/2018,10:03 AM,JEANNE D'ARC BLVD @ ORLEANS BLVD S (0004154),4154,02 - Intersection related,03 - P.D. only,03 - Rear end,02 - Rain,01 - Daylight,02 - Wet,01 - Traffic signal,01 - Functioning,2,0,0,0,,0,,,,,380940.7439,5036250.58,45.46203345,-75.52636681,1073
18--11586,11/2/2018,10:30 PM,HOLMWOOD AVE @ MONK ST (0007588),7588,03 - At intersection,03 - P.D. only,02 - Angle,02 - Rain,07 - Dark,02 - Wet,02 - Stop sign,01 - Functioning,2,0,0,0,,0,,,,,368425.7099,5029163.556,45.39951892,-75.68729799,1074
18--11587,11/2/2018,10:42 PM,HIGHWAY 417 btwn HWY417 IC126 RAMP25 & HWY417 IC124 RAMP57 (__3ZA2R5),__3ZA2R5,01 - Non intersection,03 - P.D. only,03 - Rear end,01 - Clear,07 - Dark,01 - Dry,10 - No control,,5,0,0,0,,0,,,,,363922.065,5026838.923,45.37899707,-75.7450971,1075
18--11588,11/2/2018,10:51 PM,PRESLAND RD @ VANIER PKWY (0012076),12076,02 - Intersection related,03 - P.D. only,03 - Rear end,02 - Rain,07 - Dark,02 - Wet,01 - Traffic signal,01 - Functioning,2,0,0,0,,0,,,,,370433.1223,5031751.637,45.42262016,-75.66131509,1076
18--11589,11/2/2018,11:10 AM,CARLING AVE @ KIRKWOOD AVE S (0002209),2209,02 - Intersection related,03 - P.D. only,05 - Turning movement,02 - Rain,01 - Daylight,02 - Wet,01 - Traffic signal,01 - Functioning,2,0,0,0,,0,,,,,364351.7002,5027337.549,45.38344724,-75.73955162,1077
18--1159,1/22/2018,9:33 AM,KILBARRY CRES btwn SANDRIDGE RD & ARUNDEL AVE (__3ZA85F),__3ZA85F,04 - At/near private drive,03 - P.D. only,02 - Angle,01 - Clear,01 - Daylight,06 - Ice,10 - No control,,2,0,0,0,,0,,,,,370744.7216,5035408.796,45.45549635,-75.65684381,1078
18--11590,11/2/2018,11:45 AM,CATHERINE ST @ METCALFE ST (0011239),11239,02 - Intersection related,03 - P.D. only,03 - Rear end,02 - Rain,01 - Daylight,02 - Wet,01 - Traffic signal,01 - Functioning,2,0,0,0,,0,,,,,368393.7061,5030486.563,45.41142582,-75.68753611,1079
18--11591,11/2/2018,11:52 AM,BLAIR RD @ MONTREAL RD (0009277),9277,02 - Intersection related,03 - P.D. only,05 - Turning movement,02 - Rain,01 - Daylight,02 - Wet,01 - Traffic signal,01 - Functioning,2,0,0,0,,0,,,,,374019.7201,5034439.585,45.44645918,-75.61511162,1080
18--11592,11/2/2018,Unknown,SHAUGHNESSY CRES btwn KNUDSON DR & WINDEYER CRES (1) (__3ZA5JB),__3ZA5JB,01 - Non intersection,03 - P.D. only,06 - SMV unattended vehicle,01 - Clear,00 - Unknown,01 - Dry,10 - No control,,1,0,0,0,,0,,,,,350691.8323,5020469.005,45.32267083,-75.91460899,1081
18--11593,11/2/2018,2:43 PM,INDUSTRIAL AVE @ TRAINYARDS DR (0011906),11906,02 - Intersection related,03 - P.D. only,99 - Other,02 - Rain,01 - Daylight,02 - Wet,01 - Traffic signal,01 - Functioning,2,0,0,0,,0,,,,,371685.9552,5030539.479,45.41159502,-75.64547222,1082
18--11594,11/2/2018,3:26 PM,MAJOR RD @ TOMPKINS AVE (0005044),5044,03 - At intersection,03 - P.D. only,07 - SMV other,02 - Rain,01 - Daylight,02 - Wet,02 - Stop sign,01 - Functioning,1,0,0,0,,0,,,,,382213.7492,5037529.583,45.47340091,-75.50988949,1083