Anom_ID,Accident_Date,Accident_Time,Location,Geo_ID,Accident_Location,Classification_of_Accident,Initial_Impact_Type,Environment_Condition,Light,Road_Surface_Condition,Traffic_Control,Traffic_Control_Condition,No__of_Vehicles,No__of_Bicycles,No__of_Motorcycles,No__of_Pedestrians,Max_Injury,No__of_Injuries,No__of_Minimal,No__of_Minor,No__of_Major,No__of_Fatal,X,Y,Latitude,Longitude,ObjectId
18--11595,11/2/2018,3:30 PM,ST. LAURENT BLVD @ JOLIFFE ST (0008914),8914,02 - Intersection related,03 - P.D. only,03 - Rear end,02 - Rain,01 - Daylight,02 - Wet,01 - Traffic signal,01 - Functioning,2,0,0,0,,0,,,,,373751.7319,5028417.544,45.39230238,-75.61937985,1084
18--11596,11/2/2018,3:30 PM,HUNT CLUB RD @ UPLANDS DR (0010844),10844,02 - Intersection related,02 - Non-fatal injury,03 - Rear end,02 - Rain,01 - Daylight,02 - Wet,01 - Traffic signal,01 - Functioning,2,0,0,0,01 - Minimal,1,1,,,,370156.7272,5023121.493,45.34499491,-75.66598922,1085
18--11597,11/2/2018,3:47 PM,OGILVIE RD @ ELMLEA GT/SHOPPERS CITY EAST SC (0008800),8800,02 - Intersection related,03 - P.D. only,03 - Rear end,01 - Clear,01 - Daylight,01 - Dry,01 - Traffic signal,01 - Functioning,2,0,0,0,,0,,,,,374988.7326,5033486.583,45.43778799,-75.60286144,1086
18--11598,11/2/2018,4:00 PM,FINDLAY CREEK DR btwn DEVONWOOD CIRC & BANK ST (__45KVBB),__45KVBB,04 - At/near private drive,02 - Non-fatal injury,02 - Angle,02 - Rain,01 - Daylight,02 - Wet,10 - No control,,2,0,0,0,01 - Minimal,2,2,,,,375751.9185,5020402.802,45.31998964,-75.59498784,1087
18--11599,11/2/2018,4:05 PM,REGIONAL ROAD 174 btwn CANAAN RD & END (__3ZA2U3),__3ZA2U3,01 - Non intersection,02 - Non-fatal injury,03 - Rear end,02 - Rain,01 - Daylight,02 - Wet,10 - No control,,3,0,0,0,02 - Minor,2,,2,,,395790.985,5043420.377,45.52476088,-75.33517965,1088
18--116,1/2/2018,5:18 AM,HIGHWAY 417 btwn HWY417 IC124 RAMP67 & HWY417 IC123 RAMP62 (__3ZA2YZ),__3ZA2YZ,01 - Non intersection,03 - P.D. only,07 - SMV other,03 - Snow,07 - Dark,03 - Loose snow,10 - No control,,1,0,0,0,,0,,,,,364719.7824,5027962.92,45.38904282,-75.73477588,1089
18--1160,1/22/2018,9:37 PM,WEST HUNT CLUB RD EB btwn 545 E OF ROYDON PL/SUNDERLAND ST & ANTARES D (__3ZA3JPB),__3ZA3JPB,01 - Non intersection,03 - P.D. only,07 - SMV other,03 - Snow,07 - Dark,03 - Loose snow,10 - No control,,1,0,0,0,,0,,,,,366418.0535,5022431.612,45.33912586,-75.71377934,1090
18--11600,11/2/2018,4:12 PM,COLONNADE RD btwn MERIVALE RD & COLONNADE RD N (__3ZA000),__3ZA000,04 - At/near private drive,02 - Non-fatal injury,05 - Turning movement,02 - Rain,01 - Daylight,02 - Wet,10 - No control,,2,0,0,0,01 - Minimal,1,1,,,,365563.176,5022624.197,45.34093327,-75.72466256,1091
18--11601,11/2/2018,4:40 PM,HIGHWAY 417 btwn HWY417 IC127 RAMP67 & HWY417 IC126 RAMP16 (__3ZA2X0),__3ZA2X0,01 - Non intersection,03 - P.D. only,03 - Rear end,02 - Rain,05 - Dusk,02 - Wet,10 - No control,,2,0,0,0,,0,,,,,362889.0943,5025485.545,45.36690595,-75.75844469,1092
18--11602,11/2/2018,4:52 PM,BANK ST @ HUNT CLUB RD (0002119),2119,02 - Intersection related,03 - P.D. only,99 - Other,02 - Rain,05 - Dusk,02 - Wet,01 - Traffic signal,01 - Functioning,2,0,0,0,,0,,,,,371608.736,5024096.506,45.35363097,-75.6473306,1093
18--11603,11/2/2018,4:54 PM,RIVERGATE WAY btwn MALHOTRA CRT & RIVERGATE WAY (__3ZA1KX),__3ZA1KX,01 - Non intersection,03 - P.D. only,06 - SMV unattended vehicle,01 - Clear,05 - Dusk,02 - Wet,10 - No control,,1,0,0,0,,0,,,,,368087.9224,5023084.889,45.34485526,-75.69239104,1094
18--11604,11/2/2018,5:07 PM,RIVERSIDE DR SB btwn HWY417 IC117 RAMP53 & HWY417 IC117 RAMP52 (__3ZA255),__3ZA255,01 - Non intersection,03 - P.D. only,03 - Rear end,02 - Rain,05 - Dusk,02 - Wet,10 - No control,,2,0,0,0,,0,,,,,370779.9224,5030938.605,45.41527221,-75.6569929,1095
18--11605,11/2/2018,5:24 PM,CASTLEFRANK RD btwn KATIMAVIK RD & MCCURDY DR (__3ZA59B),__3ZA59B,01 - Non intersection,03 - P.D. only,03 - Rear end,02 - Rain,07 - Dark,02 - Wet,10 - No control,,2,0,0,0,,0,,,,,351997.0105,5018883.652,45.30831892,-75.89811223,1096
18--11606,11/2/2018,5:30 PM,BANK ST @ LAURIER AVE (0002221),2221,03 - At intersection,02 - Non-fatal injury,07 - SMV other,02 - Rain,07 - Dark,02 - Wet,01 - Traffic signal,01 - Functioning,1,1,0,1,01 - Minimal,1,1,,,,367480.6995,5031265.588,45.41851761,-75.69910031,1097
18--11607,11/2/2018,5:48 PM,BURRIS LANE @ MERIVALE RD (0002014),2014,02 - Intersection related,03 - P.D. only,05 - Turning movement,02 - Rain,07 - Dark,02 - Wet,01 - Traffic signal,01 - Functioning,2,0,0,0,,0,,,,,364880.7065,5025067.52,45.36297674,-75.73307319,1098
18--11608,11/2/2018,6:02 PM,RIVERSIDE DR @ BROOKFIELD RD/HOG'S BACK RD (0001627),1627,02 - Intersection related,03 - P.D. only,03 - Rear end,02 - Rain,07 - Dark,02 - Wet,01 - Traffic signal,01 - Functioning,2,0,0,0,,0,,,,,368167.7109,5026222.522,45.37307973,-75.69097072,1099
18--11609,11/2/2018,6:20 PM,BIRCH AVE EXT./ROCKCLIFFE PKWY @ ROCKCLIFFE PK (0008782),8782,02 - Intersection related,03 - P.D. only,03 - Rear end,02 - Rain,07 - Dark,02 - Wet,02 - Stop sign,01 - Functioning,2,0,0,0,,0,,,,,370128.7022,5035705.615,45.45822485,-75.66467984,1100
18--1089,1/20/2018,5:33 PM,ST. JOSEPH BLVD @ JEANNE D'ARC BLVD (0012421),12421,03 - At intersection,03 - P.D. only,04 - Sideswipe,01 - Clear,05 - Dusk,02 - Wet,11 - Roundabout,01 - Functioning,2,0,0,0,,0,,,,,379860.7428,5036471.581,45.46413872,-75.54014138,1101
18--10890,10/17/2018,4:35 PM,DONALD ST @ ELAINE DR (0009928),9928,02 - Intersection related,03 - P.D. only,04 - Sideswipe,01 - Clear,01 - Daylight,01 - Dry,01 - Traffic signal,01 - Functioning,2,0,0,0,,0,,,,,372333.714,5032480.586,45.428998,-75.6369314,1102
18--10891,10/17/2018,4:52 PM,VIEWMOUNT DR btwn MERIVALE RD & GRANT CARMAN DR (__3ZA0AL),__3ZA0AL,04 - At/near private drive,03 - P.D. only,02 - Angle,01 - Clear,01 - Daylight,01 - Dry,10 - No control,,2,0,0,0,,0,,,,,365281.7004,5023001.36,45.34435126,-75.72820774,1103
18--10892,10/17/2018,4:53 PM,INNES RD @ ORCHARDVIEW AVE/ESPRIT DR (0012279),12279,02 - Intersection related,03 - P.D. only,03 - Rear end,01 - Clear,05 - Dusk,02 - Wet,01 - Traffic signal,01 - Functioning,3,0,0,0,,0,,,,,384844.764,5036560.559,45.46438595,-75.47640235,1104
18--10893,10/17/2018,5:00 PM,MERIVALE RD @ WEST HUNT CLUB RD (0000584),584,02 - Intersection related,03 - P.D. only,04 - Sideswipe,01 - Clear,01 - Daylight,01 - Dry,01 - Traffic signal,01 - Functioning,2,0,0,0,,0,,,,,365612.7054,5021942.505,45.33479521,-75.7241144,1105
18--10894,10/17/2018,5:00 PM,HIGHWAY 417 btwn HWY417 IC120A RAMP52 & HWY417 IC119B RAMP57 (__3ZA2R1),__3ZA2R1,01 - Non intersection,02 - Non-fatal injury,03 - Rear end,01 - Clear,05 - Dusk,01 - Dry,10 - No control,,2,0,0,0,01 - Minimal,1,1,,,,367801.2076,5030005.269,45.40714887,-75.69516654,1106
18--10895,10/17/2018,5:05 PM,BANK ST @ WALKLEY RD (0011423),11423,02 - Intersection related,02 - Non-fatal injury,05 - Turning movement,01 - Clear,01 - Daylight,01 - Dry,01 - Traffic signal,01 - Functioning,2,0,0,0,01 - Minimal,1,1,,,,370337.8521,5025947.735,45.37040769,-75.66330343,1107
18--10896,10/17/2018,5:28 PM,RUSSELL RD btwn RUSSELL RD & CARLSBAD LANE (__3ZA3X2),__3ZA3X2,01 - Non intersection,03 - P.D. only,01 - Approaching,01 - Clear,05 - Dusk,01 - Dry,10 - No control,,2,0,0,0,,0,,,,,387902.1479,5025689.979,45.36622608,-75.43914474,1108
18--10897,10/17/2018,6:05 PM,FALLOWFIELD RD @ WOODROFFE AVE (0010372),10372,02 - Intersection related,03 - P.D. only,03 - Rear end,01 - Clear,01 - Daylight,01 - Dry,01 - Traffic signal,00 - Unknown,3,0,0,0,,0,,,,,365085.1489,5017903.193,45.29849535,-75.73133624,1109
18--10898,10/17/2018,6:32 PM,LYNDA LANE btwn BILLINGS AVE & SMYTH RD (__3ZA9JG),__3ZA9JG,01 - Non intersection,02 - Non-fatal injury,07 - SMV other,01 - Clear,05 - Dusk,01 - Dry,10 - No control,,1,0,0,1,02 - Minor,1,,1,,,371603.7517,5029165.321,45.39923877,-75.64670851,1110
18--10899,10/17/2018,6:42 AM,HIGHWAY 417 btwn HWY417 IC119B RAMP76 & HWY417 IC119A RAMP67 (__3ZA2YT),__3ZA2YT,01 - Non intersection,02 - Non-fatal injury,03 - Rear end,01 - Clear,07 - Dark,01 - Dry,10 - No control,,5,0,0,0,02 - Minor,4,2,2,,,368180.7895,5030284.927,45.40963088,-75.69028195,1111
18--109,1/2/2018,3:32 PM,DONALD ST @ VANIER PKWY (0007644),7644,03 - At intersection,03 - P.D. only,02 - Angle,03 - Snow,01 - Daylight,06 - Ice,01 - Traffic signal,01 - Functioning,2,0,0,0,,0,,,,,370311.4518,5032270.063,45.42729615,-75.66280073,1112
18--1090,1/20/2018,5:49 PM,DALHOUSIE ST @ GUIGUES AVE (0008427),8427,03 - At intersection,03 - P.D. only,05 - Turning movement,01 - Clear,07 - Dark,02 - Wet,02 - Stop sign,01 - Functioning,2,0,0,0,,0,,,,,367912.6972,5032713.588,45.43150739,-75.6933955,1113
18--10900,10/17/2018,6:43 AM,DONALD ST btwn GL/OT BOUNDARY & 110 E OF ST. LAURENT BLVD (__3ZA7RWA),__3ZA7RWA,01 - Non intersection,03 - P.D. only,04 - Sideswipe,01 - Clear,03 - Dawn,01 - Dry,10 - No control,,2,0,0,0,,0,,,,,372186.5008,5032482.449,45.42902896,-75.63881229,1114
18--10901,10/17/2018,6:50 AM,REGIONAL ROAD 174 btwn HWY417 IC113 RAMP67 & Continuation of REGIONAL  (__3ZA28A),__3ZA28A,01 - Non intersection,03 - P.D. only,03 - Rear end,01 - Clear,03 - Dawn,01 - Dry,10 - No control,,2,0,0,0,,0,,,,,373565.4449,5031919.519,45.42382979,-75.62127028,1115
18--10902,10/17/2018,7:00 PM,PRINCE OF WALES DR @ WEST HUNT CLUB RD (0000567),567,02 - Intersection related,03 - P.D. only,04 - Sideswipe,01 - Clear,07 - Dark,01 - Dry,01 - Traffic signal,01 - Functioning,2,0,0,0,,0,,,,,367458.5435,5021891.651,45.33417524,-75.70057278,1116
18--10903,10/17/2018,7:08 PM,ISLAND PARK DR @ SCOTT ST (0002126),2126,03 - At intersection,02 - Non-fatal injury,05 - Turning movement,01 - Clear,07 - Dark,01 - Dry,01 - Traffic signal,01 - Functioning,2,0,0,0,02 - Minor,1,,1,,,363833.6889,5029040.553,45.39881442,-75.74596207,1117
18--10904,10/17/2018,7:35 AM,HWY 417 MAITLAND IC126R52 @ MAITLAND AVE (0002246),2246,02 - Intersection related,03 - P.D. only,03 - Rear end,01 - Clear,01 - Daylight,01 - Dry,03 - Yield sign,00 - Unknown,2,0,0,0,,0,,,,,363205.8015,5025833.707,45.37001235,-75.75436084,1118
18--10905,10/17/2018,7:37 AM,BELFAST RD @ ST. LAURENT BLVD (0007658),7658,02 - Intersection related,03 - P.D. only,03 - Rear end,01 - Clear,01 - Daylight,01 - Dry,01 - Traffic signal,01 - Functioning,2,0,0,0,,0,,,,,372860.6567,5030578.718,45.41183482,-75.63046067,1119
18--10906,10/17/2018,7:45 AM,BORRISOKANE RD/TARTAN DR @ STRANDHERD DR (0010634),10634,03 - At intersection,03 - P.D. only,05 - Turning movement,02 - Rain,01 - Daylight,02 - Wet,01 - Traffic signal,01 - Functioning,2,0,0,0,,0,,,,,362291.2124,5013545.408,45.25951798,-75.76746199,1120
18--10907,10/17/2018,7:52 AM,HERON RD WB btwn RIVERSIDE DR & BRONSON AVE RAMP 36 (__3ZA4TO),__3ZA4TO,04 - At/near private drive,03 - P.D. only,05 - Turning movement,01 - Clear,01 - Daylight,01 - Dry,10 - No control,,2,0,0,0,,0,,,,,368305.2853,5026668.541,45.37708043,-75.6891571,1121
18--10908,10/17/2018,7:58 AM,CARP RD btwn MARCH RD & JOHN CAVANAUGH DR (__3ZA3FZ),__3ZA3FZ,04 - At/near private drive,03 - P.D. only,03 - Rear end,01 - Clear,01 - Daylight,01 - Dry,10 - No control,,2,0,0,0,,0,,,,,343436.4623,5020299.511,45.32158249,-76.00716712,1122
18--10909,10/17/2018,8:05 AM,BANK ST @ HUNT CLUB RD (0002119),2119,02 - Intersection related,02 - Non-fatal injury,03 - Rear end,01 - Clear,01 - Daylight,01 - Dry,01 - Traffic signal,01 - Functioning,2,0,0,0,01 - Minimal,1,1,,,,371608.736,5024096.506,45.35363097,-75.6473306,1123
18--1091,1/20/2018,6:03 PM,RICHMOND RD btwn TURN LANE & JOHN SUTHERLAND DR (__3ZA4LM),__3ZA4LM,01 - Non intersection,03 - P.D. only,03 - Rear end,01 - Clear,07 - Dark,01 - Dry,10 - No control,,2,0,0,0,,0,,,,,358705.6746,5021971.515,45.33562086,-75.81222856,1124
18--10910,10/17/2018,8:09 AM,HAZELDEAN RD @ SAVAGE DR (0005270),5270,02 - Intersection related,03 - P.D. only,03 - Rear end,01 - Clear,01 - Daylight,01 - Dry,02 - Stop sign,01 - Functioning,2,0,0,0,,0,,,,,350289.5953,5015488.445,45.2778805,-75.92019658,1125
18--10911,10/17/2018,8:13 AM,REGIONAL ROAD 174 btwn OR174 IC109 RAMP64 & OR174 IC105 RAMP16 (__3ZA2XD),__3ZA2XD,01 - Non intersection,02 - Non-fatal injury,03 - Rear end,01 - Clear,01 - Daylight,01 - Dry,10 - No control,,2,0,0,0,02 - Minor,1,,1,,,377651.7646,5036037.822,45.46046992,-75.56844972,1126
18--10912,10/17/2018,8:20 AM,REGIONAL ROAD 174 btwn OR174 IC112 RAMP36 & OR174 IC112 RAMP26 (__3ZAZFK),__3ZAZFK,01 - Non intersection,03 - P.D. only,03 - Rear end,01 - Clear,01 - Daylight,01 - Dry,10 - No control,,2,0,0,0,,0,,,,,374749.4793,5032807.469,45.43170168,-75.60601564,1127
18--10913,10/17/2018,8:30 AM,CARLING AVE @ FAIRLAWN AVE/WOODROFFE AVE E (0002393),2393,03 - At intersection,03 - P.D. only,02 - Angle,01 - Clear,01 - Daylight,01 - Dry,01 - Traffic signal,01 - Functioning,3,0,0,0,,0,,,,,361934.6841,5025830.528,45.37008852,-75.77058762,1128
18--10914,10/17/2018,8:39 AM,POWELL AVE btwn CAMBRIDGE ST S & BRONSON AVE (__3ZA89Z),__3ZA89Z,04 - At/near private drive,02 - Non-fatal injury,02 - Angle,01 - Clear,01 - Daylight,01 - Dry,10 - No control,,3,0,0,0,01 - Minimal,1,1,,,,367366.2119,5029468.088,45.40235449,-75.70079117,1129
18--10915,10/17/2018,8:40 AM,HIGHWAY 417 btwn HIGHWAY 417 & HWY417 IC115 RAMP61 (__3ZA2YH),__3ZA2YH,01 - Non intersection,03 - P.D. only,03 - Rear end,01 - Clear,01 - Daylight,01 - Dry,10 - No control,,2,0,0,0,,0,,,,,372559.7653,5031531.827,45.42043965,-75.63417335,1130
18--10916,10/17/2018,9:00 AM,KENILWORTH ST btwn HOLLAND AVE & HINTON AVE S (__3ZA0XE),__3ZA0XE,04 - At/near private drive,02 - Non-fatal injury,02 - Angle,01 - Clear,01 - Daylight,01 - Dry,10 - No control,,2,0,0,0,01 - Minimal,1,1,,,,365229.6449,5028502.894,45.39385759,-75.72819898,1131
18--10917,10/17/2018,9:09 AM,KNOXDALE RD @ WEST HUNT CLUB RD (0005165),5165,02 - Intersection related,02 - Non-fatal injury,03 - Rear end,01 - Clear,01 - Daylight,01 - Dry,01 - Traffic signal,01 - Functioning,2,0,0,0,02 - Minor,1,,1,,,361863.6857,5020584.477,45.3228906,-75.77209921,1132
18--10918,10/17/2018,9:16 AM,NOTRE DAME ST @ ORLEANS BLVD (0004105),4105,03 - At intersection,03 - P.D. only,02 - Angle,01 - Clear,01 - Daylight,01 - Dry,02 - Stop sign,01 - Functioning,2,0,0,0,,0,,,,,380689.7854,5036866.569,45.46760293,-75.52948032,1133
18--10919,10/17/2018,9:26 AM,GREENBANK RD @ BERRIGAN DR/WESSEX RD (0004726),4726,03 - At intersection,03 - P.D. only,05 - Turning movement,01 - Clear,01 - Daylight,01 - Dry,01 - Traffic signal,01 - Functioning,2,0,0,0,,0,,,,,363723.681,5015276.425,45.2749752,-75.74900604,1134
18--1092,1/20/2018,6:30 PM,SOUTHWOOD DR btwn IRIS ST & RYAN DR (__3ZABJN),__3ZABJN,04 - At/near private drive,03 - P.D. only,06 - SMV unattended vehicle,01 - Clear,07 - Dark,01 - Dry,10 - No control,,1,0,0,0,,0,,,,,360963.9694,5023270.147,45.3471288,-75.78327024,1135
18--10920,10/17/2018,9:28 PM,AIRPORT PKWY @ HUNT CLUB RD (0010856),10856,02 - Intersection related,03 - P.D. only,03 - Rear end,01 - Clear,07 - Dark,01 - Dry,01 - Traffic signal,01 - Functioning,2,0,0,0,,0,,,,,371018.5273,5023702.998,45.35014629,-75.65491521,1136
18--10921,10/17/2018,9:53 AM,MONTREAL RD @ OGILVIE RD (0009279),9279,02 - Intersection related,02 - Non-fatal injury,03 - Rear end,01 - Clear,01 - Daylight,01 - Dry,01 - Traffic signal,01 - Functioning,2,0,0,0,02 - Minor,1,,1,,,375654.735,5034556.586,45.44734806,-75.59419573,1137
18--10922,10/18/2018,1:02 PM,MONTGOMERY ST @ MONTREAL RD (0009342),9342,02 - Intersection related,03 - P.D. only,04 - Sideswipe,01 - Clear,01 - Daylight,01 - Dry,01 - Traffic signal,01 - Functioning,2,0,0,0,,0,,,,,369813.7121,5032920.588,45.43319575,-75.669075,1138
18--10923,10/18/2018,1:58 PM,HWY417 IC127 RAMP62 btwn WOODROFFE AVE & HWY417 IC127 RAMP68 (__3ZAY80),__3ZAY80,01 - Non intersection,03 - P.D. only,03 - Rear end,01 - Clear,01 - Daylight,01 - Dry,10 - No control,,2,0,0,0,,0,,,,,362058.2431,5025011.963,45.36271306,-75.76910519,1139
18--10924,10/18/2018,10:52 AM,BLAIR RD @ INNES RD (0004165),4165,02 - Intersection related,03 - P.D. only,03 - Rear end,01 - Clear,01 - Daylight,01 - Dry,01 - Traffic signal,01 - Functioning,2,0,0,0,,0,,,,,375578.7539,5031439.563,45.4193106,-75.59561504,1140
18--10925,10/18/2018,11:30 AM,EAGLESON RD @ KATIMAVIK RD/TIMM DR (0011925),11925,02 - Intersection related,03 - P.D. only,03 - Rear end,01 - Clear,01 - Daylight,01 - Dry,01 - Traffic signal,01 - Functioning,2,0,0,0,,0,,,,,353214.6239,5019565.469,45.31437118,-75.88251869,1141
18--10926,10/18/2018,11:48 AM,MERIVALE RD/LOTTA AVE @ CLYDE AVE (0001112),1112,02 - Intersection related,03 - P.D. only,99 - Other,01 - Clear,01 - Daylight,01 - Dry,01 - Traffic signal,01 - Functioning,2,0,0,0,,0,,,,,364521.6985,5024507.526,45.35796867,-75.73772316,1142
18--10927,10/18/2018,Unknown,GREENBRIAR AVE btwn SKEENA AVE & MONTAUK PRIV (__7M1A4Z),__7M1A4Z,01 - Non intersection,03 - P.D. only,06 - SMV unattended vehicle,00 - Unknown,00 - Unknown,01 - Dry,10 - No control,,1,0,0,0,,0,,,,,367231.7502,5025461.377,45.36631513,-75.70301535,1143
18--10928,10/18/2018,Unknown,GRENON AVE btwn CARLING AVE & MICHELE DR (__3ZABU9),__3ZABU9,01 - Non intersection,03 - P.D. only,06 - SMV unattended vehicle,01 - Clear,00 - Unknown,01 - Dry,10 - No control,,1,0,0,0,,0,,,,,359633.1521,5024253.563,45.35608288,-75.80014296,1144
18--10929,10/18/2018,12:25 PM,CYR AVE @ MONTREAL RD (0009803),9803,02 - Intersection related,02 - Non-fatal injury,05 - Turning movement,01 - Clear,01 - Daylight,01 - Dry,02 - Stop sign,01 - Functioning,2,0,0,0,02 - Minor,1,,1,,,370220.7094,5033148.59,45.43520926,-75.66384352,1145
18--1093,1/20/2018,6:38 PM,ASHTON STATION @ KING'S CREEK RD(BECKWITH (0005428),5428,03 - At intersection,03 - P.D. only,07 - SMV other,01 - Clear,07 - Dark,03 - Loose snow,02 - Stop sign,01 - Functioning,1,0,0,0,,0,,,,,347235.4509,4995376.657,45.09709496,-75.9608337,1146
18--10930,10/18/2018,2:00 PM,HIGHWAY 417 btwn HWY417 IC110 RAMP55 & HWY417 IC110 RAMP65 (__3ZA28Z),__3ZA28Z,01 - Non intersection,02 - Non-fatal injury,04 - Sideswipe,01 - Clear,01 - Daylight,01 - Dry,10 - No control,,2,0,0,0,02 - Minor,2,,2,,,375806.2029,5028990.156,45.39724914,-75.59306192,1147
18--10931,10/18/2018,2:10 PM,RIVERSIDE DR @ WALKLEY RD (0002158),2158,03 - At intersection,02 - Non-fatal injury,05 - Turning movement,01 - Clear,01 - Daylight,01 - Dry,01 - Traffic signal,01 - Functioning,2,0,0,0,02 - Minor,2,,2,,,368418.7241,5024853.529,45.36073914,-75.68794258,1148
18--10932,10/18/2018,2:10 PM,CYRVILLE RD @ INNES RD (0009352),9352,02 - Intersection related,03 - P.D. only,03 - Rear end,01 - Clear,01 - Daylight,01 - Dry,01 - Traffic signal,01 - Functioning,2,0,0,0,,0,,,,,375047.7214,5031119.57,45.416485,-75.60244515,1149
18--10933,10/18/2018,2:13 PM,BANK ST @ CHAMBERLAIN AVE N/ISABELLA ST (0002132),2132,02 - Intersection related,03 - P.D. only,03 - Rear end,01 - Clear,01 - Daylight,01 - Dry,01 - Traffic signal,01 - Functioning,2,0,0,0,,0,,,,,368082.7116,5030166.563,45.40857475,-75.69155001,1150
18--10934,10/18/2018,2:45 PM,LYNDA LANE btwn BILLINGS AVE & SMYTH RD (__3ZA9JG),__3ZA9JG,01 - Non intersection,03 - P.D. only,05 - Turning movement,01 - Clear,01 - Daylight,01 - Dry,10 - No control,,2,0,0,0,,0,,,,,371586.1547,5029109.568,45.39873881,-75.6469408,1151
18--10935,10/18/2018,2:59 PM,NAVAHO DR @ WOODROFFE AVE/TRANSITWAY N BASELIN (0010359),10359,03 - At intersection,03 - P.D. only,05 - Turning movement,01 - Clear,01 - Daylight,01 - Dry,01 - Traffic signal,01 - Functioning,2,0,0,0,,0,,,,,362706.242,5023492.801,45.34899055,-75.7610122,1152
18--10936,10/18/2018,3:14 PM,DONALD ST @ VANIER PKWY (0007644),7644,03 - At intersection,03 - P.D. only,02 - Angle,01 - Clear,01 - Daylight,01 - Dry,01 - Traffic signal,01 - Functioning,2,0,0,0,,0,,,,,370311.7127,5032270.585,45.42730082,-75.66279732,1153
18--10937,10/18/2018,3:18 PM,AIRPORT PKWY @ HUNT CLUB RD (0010856),10856,02 - Intersection related,03 - P.D. only,03 - Rear end,01 - Clear,01 - Daylight,01 - Dry,01 - Traffic signal,01 - Functioning,2,0,0,0,,0,,,,,371018.4413,5023703.052,45.35014678,-75.6549163,1154
18--10938,10/18/2018,3:21 PM,WELLINGTON ST    W btwn HARMER AVE N & HURON AVE N (__3ZA4QL),__3ZA4QL,01 - Non intersection,03 - P.D. only,03 - Rear end,01 - Clear,01 - Daylight,01 - Dry,10 - No control,,3,0,0,0,,0,,,,,364821.7484,5029113.366,45.39938557,-75.73333384,1155
18--10939,10/18/2018,3:33 PM,WEST HUNT CLUB RD btwn HWY416 IC72 RAMP63 & CEDARVIEW RD (__3ZA190),__3ZA190,01 - Non intersection,03 - P.D. only,03 - Rear end,01 - Clear,01 - Daylight,01 - Dry,10 - No control,,2,0,0,0,,0,,,,,359673.5669,5019530.734,45.31358359,-75.80015083,1156
18--1094,1/20/2018,9:10 AM,HIGHWAY 417 btwn HWY417 IC118 RAMP57 & HWY417 IC118 RAMP35 (__3ZA2YQ),__3ZA2YQ,01 - Non intersection,02 - Non-fatal injury,04 - Sideswipe,01 - Clear,01 - Daylight,01 - Dry,10 - No control,,3,0,0,0,02 - Minor,2,1,1,,,369497.2515,5031062.65,45.41650809,-75.67336321,1157
18--10940,10/18/2018,3:39 PM,CARLING AVE @ CROYDON AVE (0002642),2642,03 - At intersection,03 - P.D. only,02 - Angle,01 - Clear,01 - Daylight,01 - Dry,01 - Traffic signal,01 - Functioning,2,0,0,0,,0,,,,,360658.6806,5025042.517,45.36310091,-75.78696558,1158
18--10941,10/18/2018,3:45 PM,HIGHWAY 417 btwn REGIONAL ROAD 174 & HWY417 IC113 RAMP85 (__3ZA289),__3ZA289,01 - Non intersection,03 - P.D. only,03 - Rear end,01 - Clear,01 - Daylight,01 - Dry,10 - No control,,2,0,0,0,,0,,,,,373312.6747,5031717.332,45.42203541,-75.62452808,1159
18--10942,10/18/2018,3:50 PM,HIGHWAY 417 btwn HWY417 IC127 RAMP25 & HWY417 IC126 RAMP51 (__3ZA2XA),__3ZA2XA,01 - Non intersection,03 - P.D. only,03 - Rear end,01 - Clear,01 - Daylight,01 - Dry,10 - No control,,2,0,0,0,,0,,,,,362659.5018,5025243.653,45.36474842,-75.7614037,1160
18--10943,10/18/2018,4:00 PM,METCALFE ST @ NEPEAN ST (0006944),6944,02 - Intersection related,03 - P.D. only,04 - Sideswipe,01 - Clear,01 - Daylight,01 - Dry,01 - Traffic signal,01 - Functioning,2,0,0,0,,0,,,,,367874.7143,5031319.574,45.41896795,-75.69405939,1161
18--10944,10/18/2018,4:00 PM,HIGHWAY 417 btwn HWY417 IC129 RAMP25 & TRANSIT (__3ZA2SH),__3ZA2SH,01 - Non intersection,03 - P.D. only,04 - Sideswipe,01 - Clear,01 - Daylight,01 - Dry,10 - No control,,2,0,0,0,,0,,,,,360957.7322,5023918.432,45.35296255,-75.78327621,1162
18--10945,10/18/2018,4:07 PM,HERON RD WB btwn PRINCE OF WALES DR & HERON RD WB ON RAMP/VINCENT MASS (__3ZA37C),__3ZA37C,01 - Non intersection,03 - P.D. only,03 - Rear end,01 - Clear,01 - Daylight,01 - Dry,10 - No control,,2,0,0,0,,0,,,,,367169.4976,5026488.631,45.37556367,-75.70368027,1163
18--10946,10/18/2018,4:10 PM,RIVERSIDE DR RAMP 42A @ RIVERSIDE DR (0010862),10862,02 - Intersection related,02 - Non-fatal injury,03 - Rear end,01 - Clear,01 - Daylight,01 - Dry,03 - Yield sign,01 - Functioning,2,0,0,0,01 - Minimal,1,1,,,,368441.8798,5027266.802,45.38245102,-75.6873361,1164
18--10947,10/18/2018,4:12 PM,BANK ST @ KILBORN AVE/BELANGER AVE (0007208),7208,02 - Intersection related,03 - P.D. only,99 - Other,01 - Clear,01 - Daylight,01 - Dry,01 - Traffic signal,01 - Functioning,2,0,0,0,,0,,,,,369653.7196,5027427.547,45.38378621,-75.67184222,1165