Anom_ID,Accident_Date,Accident_Time,Location,Geo_ID,Accident_Location,Classification_of_Accident,Initial_Impact_Type,Environment_Condition,Light,Road_Surface_Condition,Traffic_Control,Traffic_Control_Condition,No__of_Vehicles,No__of_Bicycles,No__of_Motorcycles,No__of_Pedestrians,Max_Injury,No__of_Injuries,No__of_Minimal,No__of_Minor,No__of_Major,No__of_Fatal,X,Y,Latitude,Longitude,ObjectId
18--10948,10/18/2018,4:18 PM,CARLING AVE WB @ SAIGON CRT (0002102),2102,03 - At intersection,03 - P.D. only,04 - Sideswipe,01 - Clear,01 - Daylight,01 - Dry,01 - Traffic signal,01 - Functioning,3,0,0,0,,0,,,,,364064.6916,5027195.546,45.38219386,-75.74323332,1166
18--10949,10/18/2018,4:18 PM,AVIATION PKWY @ MONTREAL RD (0008799),8799,02 - Intersection related,03 - P.D. only,03 - Rear end,01 - Clear,01 - Daylight,01 - Dry,01 - Traffic signal,01 - Functioning,2,0,0,0,,0,,,,,372146.717,5034108.583,45.44366397,-75.63909819,1167
18--1095,1/20/2018,9:51 PM,HIGHWAY 417 btwn HWY417 IC155 RAMP61 & HWY417 IC145 RAMP56 (__3ZA2Q2),__3ZA2Q2,01 - Non intersection,03 - P.D. only,07 - SMV other,01 - Clear,07 - Dark,01 - Dry,10 - No control,,1,0,0,0,,0,,,,,341721.7209,5018014.245,45.30111097,-76.02920928,1168
18--10950,10/18/2018,4:30 PM,HIGHWAY 417 btwn HWY417 IC126 RAMP61 & HWY417 IC124 RAMP76 (__3ZA2Y2),__3ZA2Y2,01 - Non intersection,03 - P.D. only,03 - Rear end,01 - Clear,01 - Daylight,01 - Dry,10 - No control,,2,0,0,0,,0,,,,,363591.7598,5026425.82,45.37530783,-75.74936344,1169
18--10951,10/18/2018,4:40 PM,BANK ST @ LEITRIM RD (0004125),4125,02 - Intersection related,03 - P.D. only,99 - Other,01 - Clear,01 - Daylight,01 - Dry,01 - Traffic signal,01 - Functioning,2,0,0,0,,0,,,,,375357.7545,5021619.497,45.3309767,-75.59984152,1170
18--10952,10/18/2018,4:42 PM,BANK ST @ HERON RD (0002155),2155,03 - At intersection,03 - P.D. only,04 - Sideswipe,01 - Clear,01 - Daylight,01 - Dry,01 - Traffic signal,01 - Functioning,2,0,0,0,,0,,,,,369995.6416,5026851.483,45.37857124,-75.66755254,1171
18--10953,10/18/2018,4:48 PM,MONTREAL RD btwn BETHAMY LANE & OGILVIE RD (__3ZA2DX),__3ZA2DX,04 - At/near private drive,03 - P.D. only,02 - Angle,01 - Clear,01 - Daylight,01 - Dry,10 - No control,,2,0,0,0,,0,,,,,375566.5342,5034499.687,45.44684506,-75.59533133,1172
18--10954,10/18/2018,4:52 PM,REGIONAL ROAD 174 EB btwn HWY417 IC113 RAMP65 & OR174 BLAIR IC112 RAMP51 (__3ZAZFJ),__3ZAZFJ,01 - Non intersection,03 - P.D. only,03 - Rear end,01 - Clear,01 - Daylight,01 - Dry,10 - No control,,4,0,0,0,,0,,,,,374705.2546,5032750.274,45.43119149,-75.6065889,1173
18--10955,10/18/2018,5:03 PM,HIGHWAY 417 btwn HWY417 IC118 RAMP67 & HWY417 IC117 RAMP36 (__3ZA2YO),__3ZA2YO,01 - Non intersection,03 - P.D. only,03 - Rear end,01 - Clear,01 - Daylight,01 - Dry,10 - No control,,2,0,0,0,,0,,,,,370144.3168,5031112.404,45.41689563,-75.66508994,1174
18--10956,10/18/2018,5:13 PM,RUSSELL RD btwn TO BE DETERMINED & LEITRIM RD (2) (__3ZA3ZJ),__3ZA3ZJ,01 - Non intersection,03 - P.D. only,03 - Rear end,01 - Clear,01 - Daylight,01 - Dry,10 - No control,,2,0,0,0,,0,,,,,383704.7744,5026805.161,45.37674472,-75.49254037,1175
18--10957,10/18/2018,5:25 PM,TERRY FOX DR btwn KANATA AVE & Continuation of TERRY FOX DR (__4V3NPM),__4V3NPM,01 - Non intersection,03 - P.D. only,03 - Rear end,01 - Clear,05 - Dusk,01 - Dry,10 - No control,,2,0,0,0,,0,,,,,349923.4387,5019024.939,45.30972655,-75.92454156,1176
18--10958,10/18/2018,5:36 PM,REGIONAL RD 174 @ TRIM RD (0012835),12835,03 - At intersection,02 - Non-fatal injury,02 - Angle,01 - Clear,01 - Daylight,01 - Dry,01 - Traffic signal,01 - Functioning,3,0,0,0,02 - Minor,1,,1,,,384351.7403,5039990.37,45.49530043,-75.48215052,1177
18--10959,10/18/2018,5:36 PM,LIMEBANK RD @ SPRATT RD (0012970),12970,02 - Intersection related,03 - P.D. only,03 - Rear end,01 - Clear,05 - Dusk,01 - Dry,01 - Traffic signal,01 - Functioning,2,0,0,0,,0,,,,,369776.9996,5016878.729,45.28885916,-75.67165323,1178
18--1096,1/21/2018,1:00 PM,MEADOWLANDS DR/TALLWOOD DR @ WOODROFFE AVE (0000095),95,02 - Intersection related,03 - P.D. only,03 - Rear end,01 - Clear,01 - Daylight,01 - Dry,01 - Traffic signal,01 - Functioning,2,0,0,0,,0,,,,,363056.6898,5022730.494,45.34210235,-75.75663001,1179
18--10960,10/18/2018,6:16 PM,OLMSTEAD ST btwn MONTREAL RD & LEVIS AVE (__3ZA8RF),__3ZA8RF,01 - Non intersection,03 - P.D. only,06 - SMV unattended vehicle,01 - Clear,07 - Dark,01 - Dry,10 - No control,,1,0,0,0,,0,,,,,370331.4986,5033206.81,45.43572272,-75.6624199,1180
18--10961,10/18/2018,6:27 AM,COLONIAL RD btwn LAFLEUR RD & BIRCHGROVE RD (__3ZA3KP),__3ZA3KP,01 - Non intersection,03 - P.D. only,07 - SMV other,05 - Drifting Snow,07 - Dark,06 - Ice,10 - No control,,1,0,0,0,,0,,,,,397733.506,5035225.563,45.45077986,-75.31186899,1181
18--10962,10/18/2018,7:03 AM,BOOTH ST @ CARLING AVE (0002135),2135,03 - At intersection,02 - Non-fatal injury,05 - Turning movement,01 - Clear,01 - Daylight,01 - Dry,01 - Traffic signal,01 - Functioning,2,0,0,0,02 - Minor,1,,1,,,367094.712,5029106.561,45.39912579,-75.70430459,1182
18--10963,10/18/2018,7:12 PM,EAGLESON RD @ KATIMAVIK RD/TIMM DR (0011925),11925,02 - Intersection related,03 - P.D. only,03 - Rear end,01 - Clear,07 - Dark,01 - Dry,01 - Traffic signal,01 - Functioning,2,0,0,0,,0,,,,,353214.5202,5019565.474,45.31437123,-75.88252001,1183
18--10964,10/18/2018,7:13 AM,EMPEROR AVE btwn PANET ST & SILVER ST (__3ZA15V),__3ZA15V,01 - Non intersection,03 - P.D. only,07 - SMV other,01 - Clear,01 - Daylight,01 - Dry,10 - No control,,1,0,0,0,,0,,,,,364993.1074,5026726.469,45.37789403,-75.73143638,1184
18--10965,10/18/2018,7:54 AM,BAY ST @ SPARKS ST (0005128),5128,03 - At intersection,02 - Non-fatal injury,04 - Sideswipe,01 - Clear,01 - Daylight,01 - Dry,01 - Traffic signal,01 - Functioning,2,0,0,0,01 - Minimal,2,2,,,,366856.6982,5031279.59,45.41869922,-75.70707092,1185
18--10966,10/18/2018,8:00 AM,FISHER AVE @ MALIBU TER (0003121),3121,02 - Intersection related,02 - Non-fatal injury,07 - SMV other,01 - Clear,01 - Daylight,01 - Dry,02 - Stop sign,01 - Functioning,1,0,0,1,01 - Minimal,1,1,,,,366261.6981,5025799.531,45.36944351,-75.7153555,1186
18--10967,10/18/2018,8:00 PM,CUMBERLAND ST @ WILBROD ST/SERAPHIN MARION PRI (0007116),7116,03 - At intersection,03 - P.D. only,02 - Angle,01 - Clear,07 - Dark,01 - Dry,02 - Stop sign,01 - Functioning,2,1,0,0,,0,,,,,368534.7122,5032050.584,45.42548551,-75.68553251,1187
18--10968,10/18/2018,8:01 AM,SMYTH RD @ SMYTH RD NORTH SIDE RAMP/SMYTH RD S (0006582),6582,02 - Intersection related,02 - Non-fatal injury,03 - Rear end,01 - Clear,01 - Daylight,01 - Dry,03 - Yield sign,01 - Functioning,2,0,0,0,01 - Minimal,2,2,,,,369917.188,5029121.391,45.3990024,-75.66825465,1188
18--10969,10/18/2018,8:25 PM,WOODROFFE AVE @ CLARIDGE DR/STONEWAY DR N (0009791),9791,02 - Intersection related,03 - P.D. only,03 - Rear end,01 - Clear,07 - Dark,01 - Dry,01 - Traffic signal,01 - Functioning,2,0,0,0,,0,,,,,365576.6999,5016707.443,45.28769372,-75.72521584,1189
18--1097,1/21/2018,1:16 AM,BANK ST @ RIVERSIDE DR S (0002704),2704,03 - At intersection,03 - P.D. only,02 - Angle,01 - Clear,07 - Dark,02 - Wet,01 - Traffic signal,01 - Functioning,2,0,0,0,,0,,,,,369303.6718,5027895.25,45.38802678,-75.67625061,1190
18--10970,10/18/2018,8:44 AM,PRINCE OF WALES DR btwn WINDING WAY & MERIVALE RD (__3ZA26F),__3ZA26F,01 - Non intersection,03 - P.D. only,03 - Rear end,01 - Clear,01 - Daylight,01 - Dry,10 - No control,,2,0,0,0,,0,,,,,367450.8153,5017524.475,45.29488072,-75.70122363,1191
18--10971,10/18/2018,9:03 AM,BASELINE RD btwn NAVAHO DR & COLLEGE SQUARE SC (__3ZAZDQB),__3ZAZDQB,01 - Non intersection,02 - Non-fatal injury,03 - Rear end,01 - Clear,01 - Daylight,01 - Dry,10 - No control,,3,0,0,0,02 - Minor,1,,1,,,362978.8643,5024031.426,45.35381449,-75.75746996,1192
18--10972,10/18/2018,9:05 AM,STONEHAVEN DR @ STONEHILL CRT (0003662),3662,02 - Intersection related,03 - P.D. only,03 - Rear end,01 - Clear,01 - Daylight,01 - Dry,02 - Stop sign,01 - Functioning,4,0,0,0,,0,,,,,354681.0812,5016827.404,45.2896309,-75.86409209,1193
18--10973,10/18/2018,9:29 PM,CASTLEFRANK RD btwn KANATA AVE & KATIMAVIK RD (__3ZA50Q),__3ZA50Q,01 - Non intersection,03 - P.D. only,03 - Rear end,01 - Clear,07 - Dark,01 - Dry,10 - No control,,3,0,0,0,,0,,,,,351916.953,5018981.465,45.30920445,-75.89912382,1194
18--10974,10/18/2018,9:30 AM,HIGHWAY 417 btwn HWY417 IC126 RAMP25 & HWY417 IC124 RAMP57 (__3ZA2R5),__3ZA2R5,01 - Non intersection,03 - P.D. only,03 - Rear end,01 - Clear,01 - Daylight,01 - Dry,10 - No control,,2,0,0,0,,0,,,,,363701.3431,5026545.348,45.37637412,-75.74795017,1195
18--10975,10/18/2018,9:43 PM,HWY 417 INNES IC112R57 @ INNES RD (0012298),12298,03 - At intersection,03 - P.D. only,04 - Sideswipe,01 - Clear,07 - Dark,01 - Dry,01 - Traffic signal,01 - Functioning,2,0,0,0,,0,,,,,374298.8726,5030754.318,45.41327343,-75.61206354,1196
18--10976,10/18/2018,9:49 PM,BASELINE RD @ FARLANE BLVD (0002725),2725,02 - Intersection related,03 - P.D. only,03 - Rear end,01 - Clear,07 - Dark,01 - Dry,01 - Traffic signal,01 - Functioning,2,0,0,0,,0,,,,,365356.6913,5025517.533,45.36698492,-75.72694267,1197
18--10977,10/19/2018,1:21 PM,BANK ST btwn RANDALL AVE & 73 N OF EVANS BLVD (__3ZA3BJA),__3ZA3BJA,01 - Non intersection,03 - P.D. only,03 - Rear end,01 - Clear,01 - Daylight,01 - Dry,10 - No control,,2,0,0,0,,0,,,,,369804.7697,5027206.186,45.38178048,-75.66994272,1198
18--10978,10/19/2018,1:48 PM,BAYVIEW RD @ SCOTT ST/ALBERT ST (0005646),5646,03 - At intersection,03 - P.D. only,03 - Rear end,01 - Clear,01 - Daylight,01 - Dry,01 - Traffic signal,01 - Functioning,2,0,0,0,,0,,,,,365519.0369,5030071.564,45.40794708,-75.72431011,1199
18--10979,10/19/2018,1:49 PM,STARWOOD RD btwn ST. HELEN'S PL & ST. CLAIRE AVE (__3ZAALN),__3ZAALN,04 - At/near private drive,03 - P.D. only,02 - Angle,01 - Clear,01 - Daylight,01 - Dry,10 - No control,,2,0,0,0,,0,,,,,364351.0266,5024593.092,45.3587531,-75.73989109,1200
18--1161,1/22/2018,9:45 AM,CARLING AVE @ WOODROFFE AVE W (0011470),11470,02 - Intersection related,03 - P.D. only,03 - Rear end,01 - Clear,01 - Daylight,02 - Wet,01 - Traffic signal,01 - Functioning,2,0,0,0,,0,,,,,361767.6838,5025725.513,45.3691572,-75.77273158,1201
18--11610,11/2/2018,6:25 AM,NORMAN ST @ ROCHESTER ST (0006126),6126,02 - Intersection related,03 - P.D. only,07 - SMV other,02 - Rain,07 - Dark,02 - Wet,02 - Stop sign,01 - Functioning,1,0,0,0,,0,,,,,366889.7,5029270.556,45.40061958,-75.70690232,1202
18--11611,11/2/2018,6:35 PM,O'CONNOR ST @ SLATER ST (0002230),2230,02 - Intersection related,03 - P.D. only,04 - Sideswipe,02 - Rain,07 - Dark,02 - Wet,01 - Traffic signal,01 - Functioning,2,0,0,0,,0,,,,,367579.7047,5031450.576,45.4201732,-75.69781183,1203
18--11612,11/2/2018,6:58 AM,ST. JOSEPH BLVD @ DUFORD DR/PLACE D'ORLEANS DR (0003629),3629,03 - At intersection,03 - P.D. only,07 - SMV other,02 - Rain,03 - Dawn,02 - Wet,01 - Traffic signal,01 - Functioning,1,0,0,1,,0,,,,,381996.7349,5037996.588,45.47762664,-75.51259128,1204
18--11613,11/2/2018,7:00 AM,CARP RD @ STITTSVILLE MAIN ST (0005253),5253,03 - At intersection,03 - P.D. only,05 - Turning movement,02 - Rain,03 - Dawn,02 - Wet,01 - Traffic signal,01 - Functioning,2,0,0,0,,0,,,,,349524.786,5014330.204,45.26750731,-75.93004857,1205
18--11614,11/2/2018,7:15 PM,HIGHWAY 417 btwn HWY417 IC112 RAMP54 & HWY417 IC112 RAMP65 (__3ZAZE8),__3ZAZE8,01 - Non intersection,03 - P.D. only,04 - Sideswipe,02 - Rain,07 - Dark,02 - Wet,10 - No control,,2,0,0,0,,0,,,,,374362.9887,5030890.76,45.41449469,-75.61122521,1206
18--11615,11/2/2018,7:27 AM,SMYTH RD E/LANCASTER RD @ ST. LAURENT BLVD N/R (0002256),2256,02 - Intersection related,03 - P.D. only,03 - Rear end,01 - Clear,03 - Dawn,02 - Wet,01 - Traffic signal,01 - Functioning,4,0,0,0,,0,,,,,373364.6362,5029424.623,45.40140162,-75.6241831,1207
18--11616,11/2/2018,7:30 AM,MARCH RD btwn JACOB'S GT & BEARHILL RD (__3ZA2Q0),__3ZA2Q0,01 - Non intersection,03 - P.D. only,07 - SMV other,02 - Rain,01 - Daylight,02 - Wet,10 - No control,,1,0,0,0,,0,,,,,338002.8852,5017853.885,45.29985358,-76.0766377,1208
18--11617,11/2/2018,7:30 AM,BASELINE RD @ CENTREPOINTE DR E/HIGHGATE RD (0011468),11468,02 - Intersection related,03 - P.D. only,03 - Rear end,01 - Clear,03 - Dawn,02 - Wet,01 - Traffic signal,01 - Functioning,2,0,0,0,,0,,,,,362061.6865,5023465.505,45.34879786,-75.76924037,1209
18--11618,11/2/2018,7:45 PM,MONTREAL RD @ VANIER PKWY (0004630),4630,02 - Intersection related,03 - P.D. only,04 - Sideswipe,02 - Rain,07 - Dark,02 - Wet,01 - Traffic signal,01 - Functioning,2,0,0,0,,0,,,,,370072.7098,5033065.592,45.43447631,-75.66574594,1210
18--11619,11/2/2018,7:47 AM,ALBERT ST @ BOOTH ST (0002162),2162,02 - Intersection related,02 - Non-fatal injury,03 - Rear end,02 - Rain,01 - Daylight,02 - Wet,01 - Traffic signal,01 - Functioning,2,0,0,0,02 - Minor,1,,1,,,366428.6931,5030626.567,45.41286134,-75.7126209,1211
18--1162,1/23/2018,1:15 AM,ALBION RD btwn 210 S OF HIGH RD/EARL ARMSTRONG RD/RIDEAU CARLETON RACE (__3ZA3S0B),__3ZA3S0B,01 - Non intersection,03 - P.D. only,07 - SMV other,04 - Freezing Rain,07 - Dark,04 - Slush,10 - No control,,1,0,0,0,,0,,,,,375006.5642,5016865.977,45.28824148,-75.6049948,1212
18--11620,11/2/2018,7:55 AM,BANK ST btwn ALBION RD & SIEVERIGHT AVE (__3ZA29S),__3ZA29S,04 - At/near private drive,02 - Non-fatal injury,05 - Turning movement,02 - Rain,01 - Daylight,02 - Wet,10 - No control,,2,0,0,0,02 - Minor,2,,2,,,372068.8701,5024142.323,45.35399922,-75.6414524,1213
18--11621,11/2/2018,7:57 PM,CONROY RD @ HUNT CLUB RD (0002257),2257,02 - Intersection related,02 - Non-fatal injury,03 - Rear end,01 - Clear,07 - Dark,01 - Dry,01 - Traffic signal,01 - Functioning,2,0,0,0,02 - Minor,1,,1,,,373763.6528,5025404.68,45.36519277,-75.61964842,1214
18--11622,11/2/2018,8:15 AM,NORBERRY CRES S @ SPRINGLAND DR (0006617),6617,03 - At intersection,03 - P.D. only,02 - Angle,02 - Rain,01 - Daylight,02 - Wet,02 - Stop sign,01 - Functioning,2,0,0,0,,0,,,,,368600.715,5025585.53,45.36730896,-75.68552529,1215
18--11623,11/2/2018,8:17 PM,WOODROFFE AVE btwn PARKGLEN DR & DAVID DR (__3ZA34H),__3ZA34H,04 - At/near private drive,03 - P.D. only,02 - Angle,02 - Rain,07 - Dark,02 - Wet,10 - No control,,2,0,0,0,,0,,,,,362892.6487,5023117.077,45.3455944,-75.75867764,1216
18--11624,11/2/2018,8:42 AM,ARLINGTON AVE @ BANK ST (0007261),7261,03 - At intersection,02 - Non-fatal injury,02 - Angle,02 - Rain,01 - Daylight,02 - Wet,02 - Stop sign,01 - Functioning,2,1,0,0,01 - Minimal,1,1,,,,368006.7035,5030345.57,45.41019227,-75.69249798,1217
18--11625,11/2/2018,8:50 AM,HIGHWAY 417 btwn HWY417 IC122 RAMP51 & HWY417 IC122 RAMP15 (__3ZA2R0),__3ZA2R0,01 - Non intersection,03 - P.D. only,03 - Rear end,02 - Rain,01 - Daylight,02 - Wet,10 - No control,,2,0,0,0,,0,,,,,365635.3478,5029076.943,45.39898762,-75.72294707,1218
18--11626,11/2/2018,8:54 AM,BAYVIEW RD @ SCOTT ST/ALBERT ST (0005646),5646,03 - At intersection,03 - P.D. only,05 - Turning movement,02 - Rain,01 - Daylight,02 - Wet,01 - Traffic signal,01 - Functioning,3,0,0,0,,0,,,,,365519.0372,5030071.565,45.40794709,-75.72431011,1219
18--11627,11/3/2018,1:06 PM,INNES RD @ LANTHIER DR/PRESTWICK DR (0004251),4251,03 - At intersection,03 - P.D. only,05 - Turning movement,02 - Rain,01 - Daylight,02 - Wet,01 - Traffic signal,01 - Functioning,2,0,0,0,,0,,,,,383540.7637,5035988.565,45.45938786,-75.49316666,1220
18--11628,11/3/2018,1:30 PM,HIGHWAY 417 btwn HWY417 IC124 RAMP67 & HWY417 IC123 RAMP62 (__3ZA2YZ),__3ZA2YZ,01 - Non intersection,03 - P.D. only,03 - Rear end,01 - Clear,01 - Daylight,02 - Wet,10 - No control,,3,0,0,0,,0,,,,,364746.8117,5028011.829,45.38948058,-75.73442478,1221
18--11629,11/3/2018,1:36 PM,MONTREAL RD btwn THOMSON ST & AVIATION PKWY (__3ZA3UF),__3ZA3UF,04 - At/near private drive,03 - P.D. only,05 - Turning movement,01 - Clear,01 - Daylight,02 - Wet,10 - No control,,2,0,0,0,,0,,,,,372066.2706,5034068.762,45.44331342,-75.64013188,1222
18--1163,1/23/2018,1:20 PM,GREENBANK RD btwn WEST HUNT CLUB RD & FALLOWFIELD RD (__3ZA1NE),__3ZA1NE,01 - Non intersection,03 - P.D. only,99 - Other,04 - Freezing Rain,01 - Daylight,04 - Slush,10 - No control,,2,0,0,0,,0,,,,,362289.8731,5018569.985,45.30472945,-75.76689699,1223
18--11630,11/3/2018,1:45 PM,JEANNE D'ARC BLVD @ ORLEANS BLVD S (0004154),4154,02 - Intersection related,03 - P.D. only,03 - Rear end,02 - Rain,01 - Daylight,02 - Wet,01 - Traffic signal,01 - Functioning,2,0,0,0,,0,,,,,380940.7449,5036250.58,45.46203345,-75.52636679,1224
18--11631,11/3/2018,1:59 PM,DRIVEWAY (THE) @ PRINCE OF WALES DR (0002128),2128,02 - Intersection related,02 - Non-fatal injury,03 - Rear end,02 - Rain,01 - Daylight,02 - Wet,11 - Roundabout,01 - Functioning,2,0,0,0,01 - Minimal,3,3,,,,366883.7121,5028137.546,45.39042559,-75.70712139,1225
18--11632,11/3/2018,10:31 AM,OSGOODE MAIN ST btwn 2ND LINE RD & BLANCHFIELD RD (__3ZA2C1),__3ZA2C1,01 - Non intersection,03 - P.D. only,07 - SMV other,02 - Rain,01 - Daylight,02 - Wet,10 - No control,,1,0,0,0,,0,,,,,377470.5377,5002597.708,45.15960948,-75.57567064,1226
18--11633,11/3/2018,10:36 AM,INNES RD btwn STONEHENGE CRES & BLAIR RD (__3ZA3SK),__3ZA3SK,01 - Non intersection,02 - Non-fatal injury,03 - Rear end,01 - Clear,01 - Daylight,02 - Wet,10 - No control,,3,0,0,0,02 - Minor,3,2,1,,,375534.5192,5031415.689,45.41910027,-75.59618361,1227
18--11634,11/3/2018,Unknown,LERTA WAY btwn GERRY LALONDE DR & STRASBOURG ST (__8XI24N),__8XI24N,01 - Non intersection,03 - P.D. only,06 - SMV unattended vehicle,01 - Clear,00 - Unknown,01 - Dry,10 - No control,,1,0,0,0,,0,,,,,384064.2744,5035311.526,45.45323728,-75.48658287,1228
18--11635,11/3/2018,12:35 PM,INNES RD @ STONEHENGE CRES W (0009354),9354,03 - At intersection,03 - P.D. only,05 - Turning movement,01 - Clear,01 - Daylight,02 - Wet,01 - Traffic signal,01 - Functioning,2,0,0,0,,0,,,,,375199.7413,5031216.564,45.41734242,-75.60048918,1229
18--11636,11/3/2018,12:47 PM,REGIONAL ROAD 174 btwn OR174 IC105 RAMP51 & OR174 IC105 RAMP35 (__3ZA2XC),__3ZA2XC,01 - Non intersection,03 - P.D. only,07 - SMV other,02 - Rain,01 - Daylight,02 - Wet,10 - No control,,1,0,0,0,,0,,,,,379251.4578,5036912.669,45.46817249,-75.54786487,1230
18--11637,11/3/2018,2:30 PM,CARP RD btwn THOMAS A. DOLAN PKWY & NORMA LANE (__3ZAZ54),__3ZAZ54,01 - Non intersection,03 - P.D. only,07 - SMV other,02 - Rain,01 - Daylight,02 - Wet,10 - No control,,1,0,0,0,,0,,,,,339017.1892,5024326.647,45.3580497,-76.06325753,1231
18--11638,11/3/2018,3:24 PM,SHERWAY DR btwn BERKSHIRE WAY & ALDGATE CRES (__3ZAABH),__3ZAABH,04 - At/near private drive,03 - P.D. only,02 - Angle,02 - Rain,01 - Daylight,02 - Wet,10 - No control,,2,0,0,0,,0,,,,,362793.3528,5015178.473,45.27417117,-75.7608737,1232
18--11639,11/3/2018,3:35 PM,ALTA VISTA DR btwn CLUNY ST & ABBEY RD (__3ZA94W),__3ZA94W,01 - Non intersection,03 - P.D. only,03 - Rear end,02 - Rain,01 - Daylight,02 - Wet,10 - No control,,2,0,0,0,,0,,,,,370607.5026,5029978.953,45.40665387,-75.65932374,1233
18--1164,1/23/2018,1:21 PM,REGIONAL ROAD 174 btwn OLD MONTREAL RD & OLD MONTREAL RD (__3ZA27O),__3ZA27O,01 - Non intersection,03 - P.D. only,99 - Other,02 - Rain,01 - Daylight,03 - Loose snow,10 - No control,,2,0,0,0,,0,,,,,393006.4047,5042735.088,45.51895347,-75.37094269,1234
18--11640,11/3/2018,3:37 PM,RICHMOND RD btwn FRASER AVE & BROADVIEW AVE (__3ZA303),__3ZA303,04 - At/near private drive,03 - P.D. only,05 - Turning movement,01 - Clear,01 - Daylight,01 - Dry,10 - No control,,2,0,0,0,,0,,,,,362622.9827,5027813.617,45.38787567,-75.76156892,1235
18--11641,11/3/2018,4:08 AM,ELGIN ST @ LISGAR ST (0006935),6935,03 - At intersection,03 - P.D. only,03 - Rear end,02 - Rain,07 - Dark,02 - Wet,01 - Traffic signal,01 - Functioning,2,0,0,0,,0,,,,,368074.7119,5031345.576,45.41918385,-75.69150083,1236
18--11642,11/3/2018,4:14 PM,PLEASANT PARK RD @ ALTA VISTA DR (0008005),8005,03 - At intersection,03 - P.D. only,03 - Rear end,02 - Rain,05 - Dusk,02 - Wet,01 - Traffic signal,01 - Functioning,2,0,0,0,,0,,,,,370365.7227,5028467.548,45.3930775,-75.66261301,1237
18--11643,11/3/2018,4:30 PM,VARLEY DR @ VARLEY LANE N (0003471),3471,02 - Intersection related,03 - P.D. only,07 - SMV other,01 - Clear,05 - Dusk,01 - Dry,10 - No control,,1,0,0,0,,0,,,,,351372.624,5021514.487,45.33203348,-75.905827,1238
18--11644,11/3/2018,4:53 PM,CYRVILLE RD @ OGILVIE RD (0003554),3554,02 - Intersection related,03 - P.D. only,03 - Rear end,02 - Rain,05 - Dusk,02 - Wet,01 - Traffic signal,01 - Functioning,3,0,0,0,,0,,,,,372453.7419,5032005.664,45.42471328,-75.63546287,1239
18--11645,11/3/2018,4:58 PM,WOODRIDGE CRES btwn BAYSHORE DR & BAYSHORE PS (__6KE4J1A),__6KE4J1A,01 - Non intersection,03 - P.D. only,05 - Turning movement,02 - Rain,07 - Dark,02 - Wet,10 - No control,,2,0,0,0,,0,,,,,359069.6671,5023873.175,45.35270398,-75.80737616,1240
18--11646,11/3/2018,5:59 PM,HUNT CLUB RD @ LORRY GREENBERG DR/SABLE RIDGE  (0008203),8203,02 - Intersection related,03 - P.D. only,02 - Angle,01 - Clear,07 - Dark,01 - Dry,01 - Traffic signal,01 - Functioning,2,0,0,0,,0,,,,,372823.7385,5024807.504,45.35991145,-75.63172765,1241
18--11647,11/3/2018,6:04 PM,NORICE ST btwn VIEWMOUNT DR & MALCOLM PL (__3ZAASL),__3ZAASL,04 - At/near private drive,03 - P.D. only,06 - SMV unattended vehicle,02 - Rain,07 - Dark,02 - Wet,10 - No control,,1,0,0,0,,0,,,,,364054.2876,5022939.91,45.3439031,-75.74387644,1242
18--11648,11/3/2018,6:37 PM,WOODROFFE AVE btwn DAVID DR & TURN LANE (__3ZA33G),__3ZA33G,04 - At/near private drive,03 - P.D. only,03 - Rear end,02 - Rain,07 - Dark,02 - Wet,10 - No control,,2,0,0,0,,0,,,,,363036.6728,5022776.872,45.34252131,-75.75687995,1243
18--11649,11/3/2018,6:55 PM,HAZELDEAN RD btwn JINKINSON RD/HAZELDEAN IC RAMP 62 & KITTIWAKE DR (__7JQ7JL),__7JQ7JL,01 - Non intersection,03 - P.D. only,07 - SMV other,01 - Clear,07 - Dark,01 - Dry,10 - No control,,1,0,0,0,,0,,,,,347791.7715,5013223.194,45.25765406,-75.95222805,1244
18--1165,1/23/2018,1:24 AM,FALLOWFIELD RD btwn MERIVALE RD & WOODROFFE AVE (__3ZA3IN),__3ZA3IN,01 - Non intersection,03 - P.D. only,07 - SMV other,04 - Freezing Rain,07 - Dark,06 - Ice,10 - No control,,1,0,0,0,,0,,,,,365483.4078,5018207.023,45.30119491,-75.72622153,1245
18--11650,11/3/2018,6:58 PM,ST. LAURENT BLVD btwn BELFAST RD & INDUSTRIAL AVE (__3ZA3R8),__3ZA3R8,01 - Non intersection,03 - P.D. only,03 - Rear end,02 - Rain,07 - Dark,02 - Wet,10 - No control,,3,0,0,0,,0,,,,,373095.4773,5030015.365,45.40674316,-75.62753901,1246
18--11651,11/3/2018,7:00 PM,NORMAN ST btwn PRESTON ST & END (__3ZA04T),__3ZA04T,01 - Non intersection,03 - P.D. only,06 - SMV unattended vehicle,02 - Rain,07 - Dark,02 - Wet,10 - No control,,1,0,0,0,,0,,,,,366614.8784,5029150.888,45.39956716,-75.7104274,1247
18--11652,11/3/2018,7:30 PM,HIGHWAY 417 btwn HWY417 IC142 RAMP16 & HWY417 IC142 RAMP61 (__3ZAZW4),__3ZAZW4,01 - Non intersection,03 - P.D. only,03 - Rear end,01 - Clear,07 - Dark,01 - Dry,10 - No control,,3,0,0,0,,0,,,,,349305.6975,5017599.676,45.29694102,-75.93254718,1248
18--11653,11/3/2018,7:36 PM,HUNTMAR DR @ PALLADIUM DR S (0011818),11818,02 - Intersection related,03 - P.D. only,04 - Sideswipe,01 - Clear,07 - Dark,02 - Wet,01 - Traffic signal,01 - Functioning,2,0,0,0,,0,,,,,349675.6068,5017365.437,45.29480974,-75.92785222,1249