Anom_ID,Accident_Date,Accident_Time,Location,Geo_ID,Accident_Location,Classification_of_Accident,Initial_Impact_Type,Environment_Condition,Light,Road_Surface_Condition,Traffic_Control,Traffic_Control_Condition,No__of_Vehicles,No__of_Bicycles,No__of_Motorcycles,No__of_Pedestrians,Max_Injury,No__of_Injuries,No__of_Minimal,No__of_Minor,No__of_Major,No__of_Fatal,X,Y,Latitude,Longitude,ObjectId
18--11654,11/3/2018,8:06 PM,BANK ST @ CAHILL DR/DAZE ST (0012178),12178,03 - At intersection,03 - P.D. only,03 - Rear end,01 - Clear,07 - Dark,01 - Dry,01 - Traffic signal,01 - Functioning,2,0,0,0,,0,,,,,371306.8148,5024316.728,45.35564115,-75.65115392,1250
18--11655,11/3/2018,8:20 PM,MCCARTHY RD @ WALKLEY RD (0006969),6969,02 - Intersection related,03 - P.D. only,03 - Rear end,02 - Rain,07 - Dark,02 - Wet,01 - Traffic signal,01 - Functioning,2,0,0,0,,0,,,,,369249.7172,5025300.522,45.36468516,-75.67727821,1251
18--11656,11/3/2018,9:10 AM,RICHMOND RD @ WOODROFFE AVE (0011466),11466,02 - Intersection related,03 - P.D. only,03 - Rear end,02 - Rain,01 - Daylight,02 - Wet,01 - Traffic signal,01 - Functioning,2,0,0,0,,0,,,,,361584.686,5026654.524,45.37753121,-75.77496079,1252
18--11657,11/3/2018,9:41 PM,STITTSVILLE MAIN ST @ HOBIN ST/WILDPINE CRT (0000052),52,03 - At intersection,03 - P.D. only,05 - Turning movement,01 - Clear,07 - Dark,01 - Dry,01 - Traffic signal,01 - Functioning,2,0,0,0,,0,,,,,349665.5772,5014034.435,45.26483691,-75.9282812,1253
18--11658,11/4/2018,1:35 AM,SMITH RD @ TENTH LINE RD (0004493),4493,03 - At intersection,03 - P.D. only,07 - SMV other,01 - Clear,07 - Dark,01 - Dry,10 - No control,,1,0,0,0,,0,,,,,386332.7858,5030466.521,45.40938553,-75.45838627,1254
18--11659,11/4/2018,1:39 PM,BEECH ST @ LORETTA AVE (0005637),5637,03 - At intersection,02 - Non-fatal injury,02 - Angle,01 - Clear,01 - Daylight,01 - Dry,02 - Stop sign,01 - Functioning,2,0,0,0,01 - Minimal,1,1,,,,366382.7001,5029141.564,45.39950373,-75.71339394,1255
18--1166,1/23/2018,1:46 PM,REGIONAL ROAD 174 btwn OR174 IC105 RAMP51 & OR174 IC105 RAMP35 (__3ZA2XC),__3ZA2XC,01 - Non intersection,03 - P.D. only,99 - Other,02 - Rain,01 - Daylight,02 - Wet,10 - No control,,2,0,0,0,,0,,,,,379284.1966,5036926.643,45.46829473,-75.54744412,1256
18--11660,11/4/2018,10:50 AM,CARLING AVE/STATION RD @ MARCH RD (0002681),2681,02 - Intersection related,03 - P.D. only,03 - Rear end,01 - Clear,01 - Daylight,01 - Dry,01 - Traffic signal,01 - Functioning,2,0,0,0,,0,,,,,350907.6171,5022246.507,45.33865106,-75.91169104,1257
18--11661,11/4/2018,11:47 AM,ST. LAURENT BLVD btwn QUEEN MARY ST & CYRVILLE RD (__3ZBOFG),__3ZBOFG,04 - At/near private drive,02 - Non-fatal injury,02 - Angle,01 - Clear,01 - Daylight,01 - Dry,10 - No control,,2,0,0,0,01 - Minimal,2,2,,,,372230.0318,5032140.148,45.4259449,-75.6383029,1258
18--11662,11/4/2018,11:54 AM,FALLOWFIELD RD @ RICHMOND RD (0000634),634,03 - At intersection,03 - P.D. only,02 - Angle,01 - Clear,01 - Daylight,01 - Dry,01 - Traffic signal,01 - Functioning,2,0,0,0,,0,,,,,357721.6361,5013529.417,45.25973267,-75.82568382,1259
18--11663,11/4/2018,12:04 PM,DONALD ST @ TELFORD AVE (0011533),11533,03 - At intersection,03 - P.D. only,05 - Turning movement,01 - Clear,01 - Daylight,01 - Dry,01 - Traffic signal,01 - Functioning,2,0,0,0,,0,,,,,371696.7127,5032427.571,45.42858221,-75.64507844,1260
18--11664,11/4/2018,2:00 PM,ST. EMMANUEL TER btwn TO BE DETERMINED & BERNICE CRT (1) (__3ZA5O6),__3ZA5O6,01 - Non intersection,03 - P.D. only,06 - SMV unattended vehicle,01 - Clear,01 - Daylight,01 - Dry,10 - No control,,1,0,0,0,,0,,,,,379692.5644,5037824.498,45.47632926,-75.54208551,1261
18--11665,11/4/2018,2:11 PM,HIGHWAY 417 btwn HWY417 IC122 RAMP16 & HWY417 IC122 RAMP61 (__3ZA2RA),__3ZA2RA,01 - Non intersection,03 - P.D. only,03 - Rear end,01 - Clear,01 - Daylight,01 - Dry,10 - No control,,3,0,0,0,,0,,,,,365606.741,5029080.726,45.39902414,-75.72331197,1262
18--11666,11/4/2018,2:15 PM,HWY417 IC122 RAMP61 btwn BEVERLEY AVE & HIGHWAY 417 (__3ZAY92),__3ZAY92,01 - Non intersection,03 - P.D. only,04 - Sideswipe,01 - Clear,01 - Daylight,01 - Dry,10 - No control,,2,0,0,0,,0,,,,,365577.3404,5029080.218,45.39902213,-75.72368753,1263
18--11667,11/4/2018,2:25 PM,KING EDWARD AVE SB btwn CATHCART ST & ST. ANDREW ST (__3ZA3LO),__3ZA3LO,01 - Non intersection,03 - P.D. only,04 - Sideswipe,01 - Clear,01 - Daylight,01 - Dry,10 - No control,,2,0,0,0,,0,,,,,368154.9694,5032978.442,45.43386855,-75.6902654,1264
18--11668,11/4/2018,2:36 PM,HIGHWAY 417 btwn HWY417 IC121B RAMP16 & HWY417 IC121A RAMP16 (__3ZA2YX),__3ZA2YX,01 - Non intersection,03 - P.D. only,04 - Sideswipe,01 - Clear,01 - Daylight,01 - Dry,10 - No control,,2,0,0,0,,0,,,,,366920.421,5029634.617,45.40389258,-75.70646409,1265
18--11669,11/4/2018,2:40 PM,GREENBANK RD btwn JOCKVALE RD & CAMBRIAN RD (__3ZA2WE),__3ZA2WE,07 - Overpass or bridge,03 - P.D. only,07 - SMV other,01 - Clear,01 - Daylight,01 - Dry,10 - No control,,1,0,0,0,,0,,,,,364397.6946,5013427.426,45.25828108,-75.74063822,1266
18--1167,1/23/2018,10:14 AM,RAMSAYVILLE RD btwn WHYTE SIDE RD & LEITRIM RD (__3ZA6GH),__3ZA6GH,01 - Non intersection,03 - P.D. only,07 - SMV other,04 - Freezing Rain,01 - Daylight,06 - Ice,10 - No control,,1,0,0,0,,0,,,,,378044.1281,5025518.175,45.36577973,-75.56499653,1267
18--11670,11/4/2018,3:05 AM,ST. LAURENT BLVD @ TREMBLAY RD (0002573),2573,02 - Intersection related,03 - P.D. only,04 - Sideswipe,01 - Clear,07 - Dark,01 - Dry,01 - Traffic signal,01 - Functioning,2,0,0,0,,0,,,,,372595.7142,5031241.575,45.41782462,-75.63375399,1268
18--11671,11/4/2018,3:15 PM,WALKLEY RD btwn SPRINGLAND DR & MCCARTHY RD (__3ZA37W),__3ZA37W,01 - Non intersection,03 - P.D. only,04 - Sideswipe,01 - Clear,01 - Daylight,01 - Dry,10 - No control,,2,0,0,0,,0,,,,,368730.7885,5024987.344,45.36191479,-75.68394234,1269
18--11672,11/4/2018,3:23 PM,RIVERSIDE DR @ WALKLEY RD (0002158),2158,03 - At intersection,02 - Non-fatal injury,05 - Turning movement,01 - Clear,01 - Daylight,01 - Dry,01 - Traffic signal,01 - Functioning,2,1,0,0,02 - Minor,1,,1,,,368418.7243,5024853.529,45.36073914,-75.68794257,1270
18--11673,11/4/2018,3:33 AM,BESSERER ST @ NICHOLAS ST (0007614),7614,03 - At intersection,03 - P.D. only,07 - SMV other,01 - Clear,07 - Dark,01 - Dry,01 - Traffic signal,01 - Functioning,1,0,0,0,,0,,,,,368185.7081,5032111.58,45.42606604,-75.68998415,1271
18--11674,11/4/2018,5:10 PM,VANIER PKWY/CRICHTON ST @ BEECHWOOD AVE/ST. PA (0001604),1604,02 - Intersection related,03 - P.D. only,03 - Rear end,01 - Clear,05 - Dusk,01 - Dry,01 - Traffic signal,01 - Functioning,3,0,0,0,,0,,,,,369127.844,5033487.307,45.43835829,-75.67776595,1272
18--11675,11/4/2018,5:30 PM,HERON RD @ BAYCREST DR (0007191),7191,02 - Intersection related,03 - P.D. only,05 - Turning movement,01 - Clear,07 - Dark,01 - Dry,01 - Traffic signal,01 - Functioning,2,0,0,0,,0,,,,,371143.7292,5026979.544,45.37961571,-75.65287762,1273
18--11676,11/4/2018,5:50 PM,HUNT CLUB RD btwn GIBFORD DR & UPLANDS DR (__3ZA36J),__3ZA36J,01 - Non intersection,02 - Non-fatal injury,03 - Rear end,01 - Clear,07 - Dark,01 - Dry,10 - No control,,2,0,0,0,02 - Minor,1,,1,,,370091.5025,5023082.907,45.3446538,-75.66682655,1274
18--11677,11/4/2018,6:40 AM,MIDLAND CRES btwn MOSS CRT & HALLOWELL CRT (__3ZABO9),__3ZABO9,04 - At/near private drive,03 - P.D. only,06 - SMV unattended vehicle,01 - Clear,03 - Dawn,01 - Dry,10 - No control,,1,0,0,0,,0,,,,,361091.6935,5020414.848,45.32142661,-75.78196519,1275
18--11678,11/4/2018,6:43 PM,STRANDHERD DR btwn CRESTHAVEN DR & CRESTWAY DR (__44ZGJV),__44ZGJV,01 - Non intersection,03 - P.D. only,04 - Sideswipe,01 - Clear,07 - Dark,01 - Dry,10 - No control,,2,0,0,0,,0,,,,,366644.609,5015324.976,45.27516122,-75.71177564,1276
18--11679,11/4/2018,8:50 PM,LEITRIM RD @ ALBION RD (0012479),12479,03 - At intersection,03 - P.D. only,05 - Turning movement,01 - Clear,07 - Dark,01 - Dry,01 - Traffic signal,01 - Functioning,2,0,0,0,,0,,,,,373497.5847,5020419.261,45.32036195,-75.6237368,1277
18--1168,1/23/2018,11:01 AM,EARL ARMSTRONG RD @ LIMEBANK RD (0004456),4456,02 - Intersection related,02 - Non-fatal injury,07 - SMV other,04 - Freezing Rain,01 - Daylight,06 - Ice,01 - Traffic signal,01 - Functioning,1,0,0,0,01 - Minimal,1,1,,,,370156.0693,5015960.451,45.28056151,-75.66694219,1278
18--11680,11/5/2018,1:00 PM,MCARTHUR AVE @ VANIER PKWY (0004626),4626,02 - Intersection related,02 - Non-fatal injury,03 - Rear end,02 - Rain,01 - Daylight,02 - Wet,01 - Traffic signal,01 - Functioning,2,0,0,0,01 - Minimal,1,1,,,,370218.7049,5032690.586,45.43108852,-75.66392999,1279
18--11681,11/5/2018,1:01 PM,CAMPEAU DR @ HERLIHEY WAY (0012766),12766,02 - Intersection related,02 - Non-fatal injury,03 - Rear end,01 - Clear,01 - Daylight,01 - Dry,01 - Traffic signal,00 - Unknown,2,0,0,0,02 - Minor,1,,1,,,350508.4807,5019177.599,45.31106239,-75.91706684,1280
18--11682,11/5/2018,1:15 PM,LAURIER AVE @ MARLBOROUGH AVE (0007761),7761,03 - At intersection,03 - P.D. only,02 - Angle,02 - Rain,01 - Daylight,02 - Wet,02 - Stop sign,01 - Functioning,2,0,0,0,,0,,,,,369324.7112,5032387.587,45.42844531,-75.67539399,1281
18--11683,11/5/2018,10:15 PM,HIGHWAY 417 btwn HWY417 IC119A RAMP75 & HWY417 IC118 RAMP57 (__3ZA2R2),__3ZA2R2,01 - Non intersection,03 - P.D. only,04 - Sideswipe,01 - Clear,07 - Dark,01 - Dry,10 - No control,,2,0,0,0,,0,,,,,368639.7618,5030540.211,45.41188612,-75.68438591,1282
18--11684,11/5/2018,11:34 AM,SMYTH RD @ BOTSFORD ST/DAUPHIN RD (0007211),7211,02 - Intersection related,03 - P.D. only,03 - Rear end,01 - Clear,01 - Daylight,02 - Wet,01 - Traffic signal,01 - Functioning,2,0,0,0,,0,,,,,372243.7338,5029261.545,45.4000432,-75.63852171,1283
18--11685,11/5/2018,Unknown,TEMPLETON ST btwn BLACKBURN AVE & GOULBURN AVE (__3ZA9O0),__3ZA9O0,01 - Non intersection,03 - P.D. only,06 - SMV unattended vehicle,02 - Rain,00 - Unknown,02 - Wet,10 - No control,,1,0,0,0,,0,,,,,369566.5596,5031812.65,45.42324989,-75.67237917,1284
18--11686,11/5/2018,12:15 PM,HWY416 IC66 RAMP62 btwn HIGHWAY 416 & FALLOWFIELD RD (__3ZAY49),__3ZAY49,01 - Non intersection,03 - P.D. only,07 - SMV other,02 - Rain,01 - Daylight,02 - Wet,10 - No control,,1,0,0,0,,0,,,,,359796.1901,5015242.328,45.27498655,-75.79906257,1285
18--11687,11/5/2018,12:23 PM,ProposedCANYON WALK DR @ EARL ARMSTRONG RD (0013180),13180,02 - Intersection related,03 - P.D. only,03 - Rear end,01 - Clear,01 - Daylight,01 - Dry,01 - Traffic signal,01 - Functioning,2,0,0,0,,0,,,,,369397.0902,5015630.149,45.27765965,-75.67665846,1286
18--11688,11/5/2018,12:27 PM,CATHERINE ST @ METCALFE ST (0011239),11239,03 - At intersection,02 - Non-fatal injury,07 - SMV other,02 - Rain,01 - Daylight,02 - Wet,01 - Traffic signal,01 - Functioning,1,0,0,1,02 - Minor,1,,1,,,368393.5764,5030486.521,45.41142545,-75.68753777,1287
18--11689,11/5/2018,12:45 PM,HINCKS LANE @ RIVERSIDE DR (0011354),11354,02 - Intersection related,02 - Non-fatal injury,03 - Rear end,02 - Rain,01 - Daylight,02 - Wet,01 - Traffic signal,01 - Functioning,2,0,0,0,01 - Minimal,1,1,,,,370166.727,5030205.513,45.40873368,-75.66492391,1288
18--1169,1/23/2018,11:47 PM,FALLOWFIELD RD btwn STEEPLE HILL CRES & MOODIE DR (__3ZA4Y5),__3ZA4Y5,01 - Non intersection,03 - P.D. only,01 - Approaching,"07 - Fog, mist, smoke, dust",07 - Dark,06 - Ice,10 - No control,,2,0,0,0,,0,,,,,358479.9471,5014057.006,45.26442256,-75.81596526,1289
18--11690,11/5/2018,12:51 PM,LAURIER AVE   W btwn ELGIN ST & ELGIN ST (__3ZA35X),__3ZA35X,01 - Non intersection,03 - P.D. only,05 - Turning movement,02 - Rain,01 - Daylight,02 - Wet,10 - No control,,2,0,0,0,,0,,,,,367955.1626,5031553.525,45.42106571,-75.69300158,1290
18--11691,11/5/2018,2:03 PM,ROCKDALE RD @ RUSSLAND RD/HIGHWAY LANE (0012437),12437,03 - At intersection,03 - P.D. only,05 - Turning movement,02 - Rain,01 - Daylight,02 - Wet,02 - Stop sign,01 - Functioning,2,0,0,0,,0,,,,,395330.8766,5022984.439,45.34096471,-75.34482595,1291
18--11692,11/5/2018,2:04 PM,MOODIE DR @ RICHMOND RD N (0001487),1487,03 - At intersection,03 - P.D. only,02 - Angle,01 - Clear,01 - Daylight,01 - Dry,02 - Stop sign,01 - Functioning,2,0,0,0,,0,,,,,357393.649,5019689.471,45.31518639,-75.82920966,1292
18--11693,11/5/2018,2:36 PM,BASELINE RD @ CLYDE AVE (0002343),2343,02 - Intersection related,03 - P.D. only,03 - Rear end,02 - Rain,01 - Daylight,02 - Wet,01 - Traffic signal,01 - Functioning,2,0,0,0,,0,,,,,364358.703,5024890.513,45.3614286,-75.73975727,1293
18--11694,11/5/2018,2:52 PM,MERIVALE RD/LOTTA AVE @ CLYDE AVE (0001112),1112,02 - Intersection related,02 - Non-fatal injury,03 - Rear end,01 - Clear,01 - Daylight,01 - Dry,01 - Traffic signal,01 - Functioning,2,0,0,0,02 - Minor,1,,1,,,364521.4872,5024507.934,45.35797236,-75.73772581,1294
18--11695,11/5/2018,3:45 PM,COLOMBINE DRWY @ PARKDALE AVE (0014553),14553,02 - Intersection related,03 - P.D. only,02 - Angle,01 - Clear,01 - Daylight,01 - Dry,02 - Stop sign,01 - Functioning,2,0,0,0,,0,,,,,364754.6951,5030178.567,45.40897576,-75.73406073,1295
18--11696,11/5/2018,4:31 AM,ALESTHER ST btwn DONALD ST & WOLFFDALE CRES (__3ZA8HF),__3ZA8HF,01 - Non intersection,03 - P.D. only,06 - SMV unattended vehicle,01 - Clear,07 - Dark,01 - Dry,10 - No control,,1,0,0,0,,0,,,,,372023.025,5032381.248,45.42813413,-75.64091506,1296
18--11697,11/5/2018,4:45 PM,HIGHWAY 417 btwn HWY417 IC121B RAMP51 & HWY417 IC121A RAMP51 (__3ZA2YW),__3ZA2YW,01 - Non intersection,03 - P.D. only,04 - Sideswipe,01 - Clear,05 - Dusk,02 - Wet,10 - No control,,3,0,0,0,,0,,,,,366935.0331,5029621.339,45.40377181,-75.70627913,1297
18--11698,11/5/2018,4:59 PM,WOODROFFE AVE btwn FALLOWFIELD RD & EARL MULLIGAN DR (__3ZA3IL),__3ZA3IL,01 - Non intersection,03 - P.D. only,03 - Rear end,01 - Clear,05 - Dusk,02 - Wet,10 - No control,,3,0,0,0,,0,,,,,365192.8523,5017645.636,45.29616862,-75.72999447,1298
18--11699,11/5/2018,4:59 PM,HUNT CLUB RD @ MOUNTAIN CRES (0006415),6415,02 - Intersection related,03 - P.D. only,03 - Rear end,02 - Rain,07 - Dark,02 - Wet,02 - Stop sign,01 - Functioning,2,0,0,0,,0,,,,,371332.7312,5023890.506,45.35180369,-75.65088053,1299
18--117,1/2/2018,5:43 AM,HIGHWAY 417 btwn HWY417 IC126 RAMP25 & HWY417 IC124 RAMP57 (__3ZA2R5),__3ZA2R5,01 - Non intersection,03 - P.D. only,07 - SMV other,01 - Clear,07 - Dark,06 - Ice,10 - No control,,1,0,0,0,,0,,,,,363671.9244,5026507.191,45.37603326,-75.74833031,1300
18--1098,1/21/2018,10:24 PM,OTTAWA RIVER PKWY WB btwn TUNNEY'S PASTURE/REMIC RAPIDS ENT & PARKDALE (__3ZA24KB),__3ZA24KB,01 - Non intersection,03 - P.D. only,07 - SMV other,04 - Freezing Rain,07 - Dark,05 - Packed snow,10 - No control,,1,0,0,0,,0,,,,,364630.1465,5030469.18,45.41160129,-75.73561647,1301
18--1170,1/23/2018,Unknown,BURNBANK ST btwn AVONLEA RD & GRENFELL CRES (__3ZA545),__3ZA545,01 - Non intersection,03 - P.D. only,06 - SMV unattended vehicle,04 - Freezing Rain,00 - Unknown,06 - Ice,10 - No control,,1,0,0,0,,0,,,,,365612.9673,5020175.976,45.31890017,-75.72432804,1302
18--10980,10/19/2018,10:05 AM,BRIAN COBURN BLVD @ TENTH LINE RD (0013966),13966,02 - Intersection related,03 - P.D. only,05 - Turning movement,01 - Clear,01 - Daylight,01 - Dry,01 - Traffic signal,01 - Functioning,2,0,0,0,,0,,,,,384428.3389,5035022.308,45.45059377,-75.48197576,1303
18--11700,11/5/2018,5:00 PM,BERRIGAN DR @ LONGFIELDS DR (0010453),10453,03 - At intersection,03 - P.D. only,02 - Angle,02 - Rain,05 - Dusk,02 - Wet,11 - Roundabout,01 - Functioning,2,0,0,0,,0,,,,,364305.2375,5015646.351,45.27825482,-75.74155029,1304
18--10981,10/19/2018,10:23 PM,MERIVALE RD @ WEST HUNT CLUB RD (0000584),584,02 - Intersection related,03 - P.D. only,03 - Rear end,02 - Rain,07 - Dark,02 - Wet,01 - Traffic signal,01 - Functioning,2,0,0,0,,0,,,,,365612.6948,5021942.498,45.33479515,-75.72411454,1305
18--11701,11/5/2018,5:02 PM,REGIONAL ROAD 174 btwn MORIN RD & OLD MONTREAL RD (__3ZA27P),__3ZA27P,01 - Non intersection,03 - P.D. only,07 - SMV other,02 - Rain,07 - Dark,02 - Wet,10 - No control,,1,0,0,0,,0,,,,,392442.5153,5042748.388,45.51914424,-75.3781568,1306
18--10982,10/19/2018,10:30 PM,BANK ST @ FOURTH AVE (0007249),7249,03 - At intersection,02 - Non-fatal injury,07 - SMV other,01 - Clear,07 - Dark,02 - Wet,02 - Stop sign,01 - Functioning,1,0,0,1,02 - Minor,1,,1,,,368367.7163,5029476.565,45.40234054,-75.68799834,1307
18--11702,11/5/2018,5:10 PM,FISHER AVE @ PRINCE OF WALES DR (0000572),572,02 - Intersection related,03 - P.D. only,03 - Rear end,02 - Rain,05 - Dusk,02 - Wet,01 - Traffic signal,01 - Functioning,2,0,0,0,,0,,,,,367161.7043,5023942.511,45.35265493,-75.70410109,1308
18--10983,10/19/2018,10:50 PM,BANK ST @ WILTON CRES (0007712),7712,02 - Intersection related,02 - Non-fatal injury,03 - Rear end,01 - Clear,07 - Dark,02 - Wet,02 - Stop sign,01 - Functioning,5,0,0,0,02 - Minor,6,2,4,,,368577.7106,5028966.546,45.39773245,-75.68538213,1309
18--11703,11/5/2018,5:14 PM,GLADSTONE AVE @ PRESTON ST (0002212),2212,03 - At intersection,02 - Non-fatal injury,07 - SMV other,02 - Rain,07 - Dark,02 - Wet,01 - Traffic signal,01 - Functioning,1,0,0,1,01 - Minimal,1,1,,,,366489.7063,5029712.559,45.40463197,-75.71195583,1310
18--10984,10/19/2018,10:53 AM,MERIVALE RD btwn MEADOWLANDS DR & 210 S OF MEADOWLANDS DR/MERIVALE PL  (__3ZBPLPA),__3ZBPLPA,01 - Non intersection,03 - P.D. only,03 - Rear end,01 - Clear,01 - Daylight,01 - Dry,10 - No control,,2,0,0,0,,0,,,,,364879.5152,5023677.881,45.35047307,-75.73325729,1311
18--11704,11/5/2018,5:18 PM,HIGHWAY 417 btwn HWY417 IC124 RAMP65 & HWY417 IC122 RAMP51 (__3ZA2R8),__3ZA2R8,01 - Non intersection,03 - P.D. only,03 - Rear end,01 - Clear,07 - Dark,02 - Wet,10 - No control,,6,0,0,0,,0,,,,,364768.6458,5028012.694,45.3894865,-75.73414586,1312
18--11705,11/5/2018,5:30 PM,BLAIR RD @ MONTREAL RD (0009277),9277,03 - At intersection,03 - P.D. only,05 - Turning movement,02 - Rain,07 - Dark,02 - Wet,01 - Traffic signal,01 - Functioning,2,0,0,0,,0,,,,,374019.7208,5034439.585,45.44645918,-75.61511161,1313
18--11706,11/5/2018,5:30 PM,HINCKS LANE @ RIVERSIDE DR (0011354),11354,02 - Intersection related,03 - P.D. only,03 - Rear end,02 - Rain,07 - Dark,02 - Wet,01 - Traffic signal,01 - Functioning,2,0,0,0,,0,,,,,370166.7164,5030205.566,45.40873415,-75.66492404,1314
18--11707,11/5/2018,5:30 PM,ELGIN ST @ LISGAR ST (0006935),6935,03 - At intersection,02 - Non-fatal injury,07 - SMV other,02 - Rain,07 - Dark,02 - Wet,01 - Traffic signal,01 - Functioning,1,0,0,1,01 - Minimal,1,1,,,,368074.7114,5031345.576,45.41918385,-75.69150084,1315
18--11708,11/5/2018,5:38 PM,DONALD ST @ ST. LAURENT BLVD (0008630),8630,03 - At intersection,03 - P.D. only,04 - Sideswipe,01 - Clear,07 - Dark,01 - Dry,01 - Traffic signal,01 - Functioning,2,0,0,0,,0,,,,,372093.7128,5032472.585,45.42894914,-75.63999931,1316
18--11709,11/5/2018,5:45 PM,WOODRIDGE CRES btwn BAYSHORE DR & BAYSHORE PS (__6KE4J1A),__6KE4J1A,04 - At/near private drive,03 - P.D. only,05 - Turning movement,02 - Rain,07 - Dark,02 - Wet,10 - No control,,2,0,0,0,,0,,,,,358978.7793,5023818.353,45.35221772,-75.80854205,1317
18--1171,1/23/2018,Unknown,ABETTI RIDGE btwn ESPIN HTS & ESPIN HTS (__6E55NE),__6E55NE,01 - Non intersection,03 - P.D. only,06 - SMV unattended vehicle,01 - Clear,00 - Unknown,06 - Ice,10 - No control,,1,0,0,0,,0,,,,,365110.445,5013397.256,45.25794887,-75.73156122,1318
18--11710,11/5/2018,6:00 PM,EARL ARMSTRONG RD btwn RIVER RD & SPRATT RD (__3ZAZR4),__3ZAZR4,01 - Non intersection,03 - P.D. only,03 - Rear end,01 - Clear,07 - Dark,02 - Wet,10 - No control,,3,0,0,0,,0,,,,,368067.4905,5014807.456,45.27037804,-75.6937084,1319
18--11711,11/5/2018,6:00 PM,HIGHWAY 416 btwn HWY416 IC66 RAMP24 & HWY416 IC57 RAMP62 (__3ZA1OI),__3ZA1OI,01 - Non intersection,03 - P.D. only,07 - SMV other,01 - Clear,07 - Dark,01 - Dry,10 - No control,,1,0,0,0,,0,,,,,362616.6407,5011872.899,45.24444194,-75.76351035,1320
18--11712,11/5/2018,6:24 PM,MAIN ST @ RIVERDALE AVE (0007229),7229,03 - At intersection,02 - Non-fatal injury,02 - Angle,02 - Rain,07 - Dark,02 - Wet,01 - Traffic signal,01 - Functioning,2,0,0,0,03 - Major,2,1,,1,,369431.7413,5029532.494,45.40274635,-75.67440076,1321
18--11713,11/5/2018,6:25 AM,REGIONAL ROAD 174 btwn OR174 IC105 RAMP16 & OR174 IC105 RAMP26 (__3ZA1PU),__3ZA1PU,01 - Non intersection,02 - Non-fatal injury,03 - Rear end,01 - Clear,03 - Dawn,01 - Dry,10 - No control,,2,0,0,0,02 - Minor,1,,1,,,379335.3932,5036998.662,45.46893724,-75.54677855,1322
18--11714,11/5/2018,6:26 PM,ISABELLA ST/HWY 417 O'CONN IC119BR57 @ O'CONNO (0001698),1698,02 - Intersection related,03 - P.D. only,03 - Rear end,02 - Rain,07 - Dark,02 - Wet,01 - Traffic signal,01 - Functioning,2,0,0,0,,0,,,,,368297.7047,5030309.566,45.40984197,-75.68878528,1323
18--11715,11/5/2018,6:30 PM,QUEEN MARY ST @ NORTH RIVER RD (0008261),8261,03 - At intersection,02 - Non-fatal injury,07 - SMV other,02 - Rain,07 - Dark,02 - Wet,02 - Stop sign,01 - Functioning,1,0,0,1,01 - Minimal,1,1,,,,370077.6424,5031924.551,45.42420923,-75.66583415,1324
18--11716,11/5/2018,7:10 AM,HIGHWAY 416 btwn HWY416 IC57 RAMP52 & HWY416 IC57 RAMP24 (__3ZA1ND),__3ZA1ND,01 - Non intersection,03 - P.D. only,07 - SMV other,01 - Clear,03 - Dawn,01 - Dry,10 - No control,,1,0,0,0,,0,,,,,365034.5696,5007566.216,45.20548738,-75.73323376,1325
18--11717,11/5/2018,7:11 AM,BELFAST RD @ ST. LAURENT BLVD (0007658),7658,03 - At intersection,02 - Non-fatal injury,05 - Turning movement,01 - Clear,03 - Dawn,01 - Dry,01 - Traffic signal,01 - Functioning,2,0,0,0,02 - Minor,1,,1,,,372860.7243,5030578.562,45.41183341,-75.63045983,1326
18--11718,11/5/2018,7:19 PM,WOODROFFE AVE @ KNOXDALE RD/MEDHURST DR (0000519),519,02 - Intersection related,03 - P.D. only,03 - Rear end,02 - Rain,07 - Dark,02 - Wet,01 - Traffic signal,01 - Functioning,2,0,0,0,,0,,,,,363419.69,5021826.487,45.33393792,-75.75210553,1327
18--11719,11/5/2018,7:40 AM,BAYSHORE DR btwn WOODRIDGE CRES N & BAYSHORE CS (__3ZAA4OA),__3ZAA4OA,01 - Non intersection,03 - P.D. only,04 - Sideswipe,01 - Clear,01 - Daylight,01 - Dry,10 - No control,,2,0,0,0,,0,,,,,359081.2271,5023861.333,45.35259654,-75.80722994,1328
18--1172,1/23/2018,Unknown,CEDAR CREEK DR btwn HILLMAN MARSH WAY & HILLMAN MARSH WAY (__5GU06B),__5GU06B,01 - Non intersection,03 - P.D. only,06 - SMV unattended vehicle,01 - Clear,00 - Unknown,03 - Loose snow,10 - No control,,1,0,0,0,,0,,,,,375633.9228,5020238.59,45.31852404,-75.59651621,1329
18--11720,11/5/2018,7:40 AM,HIGHWAY 417 btwn HWY417 IC124 RAMP57 & HWY417 IC124 RAMP55 (__3ZA2Y1),__3ZA2Y1,01 - Non intersection,03 - P.D. only,03 - Rear end,01 - Clear,01 - Daylight,01 - Dry,10 - No control,,2,0,0,0,,0,,,,,364449.9133,5027533.101,45.38519843,-75.73827396,1330
18--11721,11/5/2018,7:50 PM,COBBLE HILL DR @ MARAVISTA DR (0013653),13653,02 - Intersection related,03 - P.D. only,06 - SMV unattended vehicle,03 - Snow,07 - Dark,03 - Loose snow,02 - Stop sign,01 - Functioning,1,0,0,0,,0,,,,,361396.5871,5014648.178,45.26951335,-75.77873451,1331
18--11722,11/5/2018,8:35 PM,MCARTHUR AVE @ OLMSTEAD ST (0009808),9808,03 - At intersection,02 - Non-fatal injury,07 - SMV other,01 - Clear,07 - Dark,02 - Wet,01 - Traffic signal,01 - Functioning,1,0,0,1,02 - Minor,1,,1,,,370482.7394,5032723.636,45.43136114,-75.66055151,1332