Anom_ID,Accident_Date,Accident_Time,Location,Geo_ID,Accident_Location,Classification_of_Accident,Initial_Impact_Type,Environment_Condition,Light,Road_Surface_Condition,Traffic_Control,Traffic_Control_Condition,No__of_Vehicles,No__of_Bicycles,No__of_Motorcycles,No__of_Pedestrians,Max_Injury,No__of_Injuries,No__of_Minimal,No__of_Minor,No__of_Major,No__of_Fatal,X,Y,Latitude,Longitude,ObjectId
18--11723,11/5/2018,9:00 AM,BANK ST btwn LAURIER AVE W & GLOUCESTER ST (__3ZA347),__3ZA347,01 - Non intersection,03 - P.D. only,04 - Sideswipe,01 - Clear,01 - Daylight,01 - Dry,10 - No control,,2,0,0,0,,0,,,,,367504.9978,5031227.657,45.41817414,-75.6987947,1333
18--11724,11/5/2018,9:04 PM,DESCHAMPS AVE @ VANIER PKWY (0009243),9243,02 - Intersection related,02 - Non-fatal injury,07 - SMV other,01 - Clear,07 - Dark,02 - Wet,01 - Traffic signal,01 - Functioning,1,0,0,1,02 - Minor,1,,1,,,369851.7123,5033267.591,45.43631441,-75.66854353,1334
18--11725,11/5/2018,9:30 AM,ALBION RD @ BRAMPTON RD (0009610),9610,02 - Intersection related,03 - P.D. only,03 - Rear end,02 - Rain,01 - Daylight,02 - Wet,02 - Stop sign,01 - Functioning,2,0,0,0,,0,,,,,372178.7283,5023566.515,45.34880775,-75.64012891,1335
18--11726,11/6/2018,1:00 AM,RAINBOW CRES btwn BATHGATE DR & BATHGATE DR (__3ZA7U0),__3ZA7U0,01 - Non intersection,03 - P.D. only,06 - SMV unattended vehicle,01 - Clear,00 - Unknown,02 - Wet,10 - No control,,1,0,0,0,,0,,,,,373658.7228,5033217.582,45.43549991,-75.61989695,1336
18--11727,11/6/2018,1:00 PM,ST. JOSEPH BLVD/OLD MONTREAL RD @ TRIM RD (0004118),4118,03 - At intersection,03 - P.D. only,02 - Angle,02 - Rain,01 - Daylight,02 - Wet,11 - Roundabout,01 - Functioning,2,0,0,0,,0,,,,,384682.754,5039285.582,45.48892163,-75.47803065,1337
18--11728,11/6/2018,1:10 PM,RIOCAN AVE @ STRANDHERD DR (0010997),10997,02 - Intersection related,03 - P.D. only,04 - Sideswipe,01 - Clear,01 - Daylight,01 - Dry,01 - Traffic signal,01 - Functioning,2,0,0,0,,0,,,,,364172.2085,5014944.572,45.27195146,-75.74332965,1338
18--11729,11/6/2018,1:25 PM,CHURCHILL AVE @ RICHMOND RD (0002361),2361,03 - At intersection,02 - Non-fatal injury,03 - Rear end,02 - Rain,01 - Daylight,02 - Wet,01 - Traffic signal,01 - Functioning,2,0,0,0,02 - Minor,1,,1,,,363227.6943,5028292.551,45.39213486,-75.75379037,1339
18--1173,1/23/2018,12:39 AM,HAIG DR @ PLEASANT PARK RD (0008323),8323,03 - At intersection,03 - P.D. only,02 - Angle,04 - Freezing Rain,07 - Dark,06 - Ice,02 - Stop sign,01 - Functioning,2,0,0,0,,0,,,,,372402.3878,5028586.55,45.39395458,-75.63658791,1340
18--11730,11/6/2018,1:43 PM,CAMPEAU DR @ KANATA AVE (0012003),12003,02 - Intersection related,03 - P.D. only,03 - Rear end,01 - Clear,01 - Daylight,01 - Dry,01 - Traffic signal,01 - Functioning,2,0,0,0,,0,,,,,350594.8673,5019401.945,45.31307549,-75.91594445,1341
18--11731,11/6/2018,1:45 PM,BANK ST btwn ALTA VISTA DR & WALKLEY RD (__3ZA4TX),__3ZA4TX,01 - Non intersection,03 - P.D. only,04 - Sideswipe,02 - Rain,01 - Daylight,02 - Wet,10 - No control,00 - Unknown,2,0,0,0,,0,,,,,370305.9317,5026043.255,45.37127013,-75.66369824,1342
18--11732,11/6/2018,1:54 PM,HUNT CLUB RD @ RIVERSIDE DR (0002237),2237,02 - Intersection related,03 - P.D. only,03 - Rear end,02 - Rain,01 - Daylight,02 - Wet,01 - Traffic signal,01 - Functioning,2,0,0,0,,0,,,,,368036.7027,5021945.498,45.33460788,-75.6931902,1343
18--11733,11/6/2018,10:40 AM,GALETTA SIDE RD @ UPPER DWYER HILL RD (0001655),1655,03 - At intersection,01 - Fatal injury,02 - Angle,02 - Rain,01 - Daylight,02 - Wet,02 - Stop sign,01 - Functioning,2,0,0,0,04 - Fatal,2,,1,,1,320846.4699,5028844.644,45.39935656,-76.29503638,1344
18--11734,11/6/2018,10:49 AM,GREENBANK RD btwn GIBBARD AVE & WEST HUNT CLUB RD (__3ZA1Y7),__3ZA1Y7,04 - At/near private drive,03 - P.D. only,02 - Angle,02 - Rain,01 - Daylight,02 - Wet,10 - No control,,2,0,0,0,,0,,,,,361463.5679,5020540.019,45.32252298,-75.77720776,1345
18--11735,11/6/2018,10:55 AM,WEST HUNT CLUB RD @ WOODROFFE AVE (0000576),576,02 - Intersection related,03 - P.D. only,03 - Rear end,02 - Rain,01 - Daylight,02 - Wet,01 - Traffic signal,01 - Functioning,2,0,0,0,,0,,,,,363670.6906,5021246.489,45.32869813,-75.74897242,1346
18--11736,11/6/2018,11:00 AM,YORK ST WB btwn BYWARD MARKE SQ & SUSSEX DR (__3ZA1B0),__3ZA1B0,01 - Non intersection,03 - P.D. only,06 - SMV unattended vehicle,01 - Clear,01 - Daylight,01 - Dry,10 - No control,,1,0,0,0,,0,,,,,367843.8403,5032289.572,45.42769845,-75.69432971,1347
18--11737,11/6/2018,11:30 PM,HIGHWAY 417 btwn RAMP & HWY417 IC88 RAMP51 (__3ZA2W2),__3ZA2W2,01 - Non intersection,03 - P.D. only,07 - SMV other,01 - Clear,07 - Dark,01 - Dry,10 - No control,,1,0,0,0,,0,,,,,391662.9114,5023031.795,45.34185451,-75.39161189,1348
18--11738,11/6/2018,11:40 AM,LACOLLE WAY btwn TAYLOR CREEK DR & TAYLOR CREEK DR (__3ZAYGM),__3ZAYGM,01 - Non intersection,03 - P.D. only,06 - SMV unattended vehicle,02 - Rain,01 - Daylight,02 - Wet,10 - No control,,1,0,0,0,,0,,,,,384397.91,5039539.186,45.49123585,-75.48163306,1349
18--11739,11/6/2018,Unknown,NELSON ST btwn OSGOODE ST & SOMERSET ST E (__3ZA7GC),__3ZA7GC,01 - Non intersection,03 - P.D. only,06 - SMV unattended vehicle,02 - Rain,00 - Unknown,02 - Wet,10 - No control,,1,0,0,0,,0,,,,,368996.3456,5031924.445,45.42430834,-75.67965034,1350
18--1174,1/23/2018,2:38 PM,RIOCAN AVE btwn MARKETPLACE AVE & END (__4LZBNN),__4LZBNN,04 - At/near private drive,03 - P.D. only,02 - Angle,02 - Rain,01 - Daylight,02 - Wet,10 - No control,,2,0,0,0,,0,,,,,364341.8108,5014664.271,45.26941497,-75.74120195,1351
18--11740,11/6/2018,12:17 PM,BANK ST SB btwn HUNT CLUB RD & 80 S OF HUNT CLUB RD/TOWNGATE PLAZA SC (__3ZA3HHA),__3ZA3HHA,01 - Non intersection,03 - P.D. only,03 - Rear end,01 - Clear,01 - Daylight,01 - Dry,10 - No control,,2,0,0,0,,0,,,,,371649.412,5024093.028,45.3535958,-75.64681198,1352
18--11741,11/6/2018,12:17 PM,STRANDHERD DR @ LONGFIELDS DR (0010935),10935,02 - Intersection related,03 - P.D. only,99 - Other,02 - Rain,01 - Daylight,02 - Wet,01 - Traffic signal,01 - Functioning,2,0,0,0,,0,,,,,364548.8101,5015173.325,45.27397788,-75.73850294,1353
18--11742,11/6/2018,12:35 AM,CATHERINE ST @ KENT ST (0002707),2707,03 - At intersection,02 - Non-fatal injury,02 - Angle,01 - Clear,07 - Dark,01 - Dry,01 - Traffic signal,01 - Functioning,2,0,0,0,03 - Major,1,,,1,,367907.7075,5030188.564,45.40878851,-75.69378268,1354
18--11743,11/6/2018,12:35 PM,DALY AVE @ WALLER ST (0008233),8233,02 - Intersection related,03 - P.D. only,04 - Sideswipe,01 - Clear,01 - Daylight,01 - Dry,01 - Traffic signal,01 - Functioning,2,0,0,0,,0,,,,,368341.1803,5032120.449,45.42613174,-75.6879964,1355
18--11744,11/6/2018,2:23 PM,PALLADIUM DR @ SILVER SEVEN RD (0011839),11839,02 - Intersection related,02 - Non-fatal injury,03 - Rear end,02 - Rain,01 - Daylight,02 - Wet,01 - Traffic signal,01 - Functioning,2,0,0,0,02 - Minor,1,,1,,,351051.5067,5017887.502,45.2994182,-75.91026222,1356
18--11745,11/6/2018,3:00 PM,HOLLY ACRES RD @ CARLING AVE (0000522),522,03 - At intersection,03 - P.D. only,02 - Angle,01 - Clear,01 - Daylight,01 - Dry,01 - Traffic signal,01 - Functioning,2,0,0,0,,0,,,,,358234.656,5023497.518,45.34938793,-75.81807293,1357
18--11746,11/6/2018,3:26 PM,BRONSON AVE @ BRONSON AVE NB ON RAMP 42 (0011234),11234,02 - Intersection related,02 - Non-fatal injury,07 - SMV other,01 - Clear,01 - Daylight,02 - Wet,03 - Yield sign,01 - Functioning,1,0,0,1,02 - Minor,1,,1,,,367753.234,5028446.589,45.39312865,-75.69597828,1358
18--11747,11/6/2018,3:50 PM,780 W OF TERRY FOX DR @ HAZELDEAN RD (0013520),13520,02 - Intersection related,03 - P.D. only,03 - Rear end,01 - Clear,01 - Daylight,02 - Wet,01 - Traffic signal,01 - Functioning,4,0,0,0,,0,,,,,351618.5658,5016697.734,45.28867479,-75.90314454,1359
18--11748,11/6/2018,4:01 PM,MONTREAL RD @ SAVARD AVE (0009801),9801,03 - At intersection,02 - Non-fatal injury,02 - Angle,01 - Clear,01 - Daylight,02 - Wet,02 - Stop sign,01 - Functioning,2,0,0,0,01 - Minimal,1,1,,,,370159.7055,5033113.587,45.43490002,-75.66462779,1360
18--11749,11/6/2018,4:13 PM,HUNTMAR DR @ MAPLE GROVE RD (0003119),3119,03 - At intersection,03 - P.D. only,02 - Angle,01 - Clear,01 - Daylight,02 - Wet,01 - Traffic signal,01 - Functioning,2,0,0,0,,0,,,,,350267.6051,5016713.454,45.28890494,-75.92036461,1361
18--1175,1/23/2018,2:50 PM,WHYTE SIDE RD btwn HAWTHORNE RD & RAMSAYVILLE RD (__3ZA6GI),__3ZA6GI,04 - At/near private drive,03 - P.D. only,02 - Angle,01 - Clear,01 - Daylight,02 - Wet,10 - No control,,2,0,0,0,,0,,,,,377583.1343,5025372.633,45.36451825,-75.57090204,1362
18--11750,11/6/2018,4:30 PM,MONTMERE AVE btwn PLAINHILL DR & ARROWGRASS WAY (__5UW3C8),__5UW3C8,01 - Non intersection,03 - P.D. only,06 - SMV unattended vehicle,01 - Clear,05 - Dusk,02 - Wet,10 - No control,,1,0,0,0,,0,,,,,386595.7574,5036250.18,45.46139064,-75.45406633,1363
18--11751,11/6/2018,4:30 PM,STANLEY AVE @ SUSSEX DR (0007143),7143,02 - Intersection related,03 - P.D. only,04 - Sideswipe,02 - Rain,05 - Dusk,02 - Wet,01 - Traffic signal,01 - Functioning,2,0,0,0,,0,,,,,367832.096,5033871.926,45.44193697,-75.69427719,1364
18--11752,11/6/2018,4:44 PM,MONA AVE @ MONTREAL RD (0009291),9291,02 - Intersection related,03 - P.D. only,03 - Rear end,01 - Clear,05 - Dusk,02 - Wet,02 - Stop sign,01 - Functioning,2,0,0,0,,0,,,,,370752.7094,5033438.589,45.43776857,-75.65700579,1365
18--11753,11/6/2018,4:45 PM,INNES RD @ LANTHIER DR/PRESTWICK DR (0004251),4251,03 - At intersection,03 - P.D. only,02 - Angle,02 - Rain,05 - Dusk,02 - Wet,01 - Traffic signal,01 - Functioning,2,0,0,0,,0,,,,,383540.7638,5035988.564,45.45938785,-75.49316666,1366
18--11754,11/6/2018,5:00 PM,LOUIS TOSCANO DR btwn CROWBERRY ST & CROSBY PRIV (__5A7UQ9),__5A7UQ9,01 - Non intersection,03 - P.D. only,06 - SMV unattended vehicle,01 - Clear,05 - Dusk,01 - Dry,10 - No control,,1,0,0,0,,0,,,,,384503.0546,5035169.411,45.45190875,-75.48099686,1367
18--11755,11/6/2018,5:00 PM,CARLING AVE @ KIRKWOOD AVE S (0002209),2209,02 - Intersection related,02 - Non-fatal injury,04 - Sideswipe,01 - Clear,07 - Dark,01 - Dry,01 - Traffic signal,01 - Functioning,2,0,0,0,01 - Minimal,1,1,,,,364352.0546,5027337.57,45.3834474,-75.73954709,1368
18--11756,11/6/2018,5:07 PM,FALLOWFIELD RD @ HWY 416 FALLOWFI IC66R24 (0005506),5506,02 - Intersection related,03 - P.D. only,03 - Rear end,01 - Clear,05 - Dusk,02 - Wet,01 - Traffic signal,01 - Functioning,3,0,0,0,,0,,,,,360278.3911,5014851.596,45.27143282,-75.79296095,1369
18--11757,11/6/2018,5:08 PM,RIVERSIDE DR @ TREMBLAY RD/HWY417 IC117 RAMP52 (0010790),10790,02 - Intersection related,02 - Non-fatal injury,07 - SMV other,01 - Clear,07 - Dark,01 - Dry,01 - Traffic signal,01 - Functioning,1,0,0,0,01 - Minimal,1,1,,,,370802.0775,5031015.908,45.41596566,-75.65669951,1370
18--11758,11/6/2018,5:28 PM,STITTSVILLE MAIN ST @ HAZELDEAN RD (0000050),50,03 - At intersection,02 - Non-fatal injury,05 - Turning movement,01 - Clear,07 - Dark,02 - Wet,01 - Traffic signal,01 - Functioning,2,0,0,0,02 - Minor,2,,2,,,349558.3979,5014878.718,45.27244089,-75.92957082,1371
18--11759,11/6/2018,5:30 PM,JEANNE D'ARC BLVD @ OR174 IC105 RAMP52 (0012417),12417,02 - Intersection related,03 - P.D. only,04 - Sideswipe,01 - Clear,07 - Dark,02 - Wet,01 - Traffic signal,01 - Functioning,2,0,0,0,,0,,,,,379455.8675,5036917.603,45.46819507,-75.54525035,1372
18--1176,1/23/2018,3:58 PM,CARLINGWOOD SC @ WOODROFFE AVE (0008879),8879,02 - Intersection related,02 - Non-fatal injury,07 - SMV other,01 - Clear,01 - Daylight,02 - Wet,01 - Traffic signal,01 - Functioning,1,0,0,1,01 - Minimal,1,1,,,,361845.478,5026036.785,45.37195167,-75.77170256,1373
18--11760,11/6/2018,5:36 PM,ST. LAURENT BLVD @ WALKLEY RD (0007653),7653,03 - At intersection,03 - P.D. only,02 - Angle,02 - Rain,07 - Dark,02 - Wet,01 - Traffic signal,01 - Functioning,2,0,0,0,,0,,,,,373902.75,5028046.855,45.3889522,-75.61750325,1374
18--11761,11/6/2018,5:40 PM,MURPHY SIDE RD btwn SECOND LINE RD & DUNROBIN RD (__3ZAC3W),__3ZAC3W,01 - Non intersection,03 - P.D. only,07 - SMV other,01 - Clear,07 - Dark,01 - Dry,10 - No control,,1,0,0,0,,0,,,,,343983.8603,5027546.493,45.38676283,-75.99961061,1375
18--11762,11/6/2018,5:49 AM,BANK ST btwn SPRINGHILL RD & DALMENY RD (__3ZA27C),__3ZA27C,01 - Non intersection,03 - P.D. only,07 - SMV other,99 - Other,07 - Dark,01 - Dry,10 - No control,,1,0,0,0,,0,,,,,385302.319,5005823.272,45.18778193,-75.47554962,1376
18--11763,11/6/2018,5:50 PM,ALBERNI ST @ DEEVY ST (0001144),1144,03 - At intersection,03 - P.D. only,02 - Angle,01 - Clear,07 - Dark,01 - Dry,03 - Yield sign,01 - Functioning,2,0,0,0,,0,,,,,363594.6779,5015403.437,45.27612886,-75.75063502,1377
18--11764,11/6/2018,6:00 PM,ROBERTSON RD btwn HAZELDEAN RD & HAANEL DR (__3ZA41S),__3ZA41S,01 - Non intersection,03 - P.D. only,07 - SMV other,01 - Clear,07 - Dark,02 - Wet,10 - No control,,1,0,0,0,,0,,,,,354106.7385,5018675.226,45.30629852,-75.8712299,1378
18--11765,11/6/2018,6:24 PM,BELFAST RD btwn TRIOLE ST & MICHAEL ST (__3ZA793),__3ZA793,04 - At/near private drive,03 - P.D. only,02 - Angle,01 - Clear,07 - Dark,02 - Wet,10 - No control,,2,0,0,0,,0,,,,,373023.632,5030639.087,45.41236212,-75.62837039,1379
18--11766,11/6/2018,7:10 AM,MONTREAL RD btwn HOCHELAGA ST & BURMA RD (__3ZA2D5),__3ZA2D5,01 - Non intersection,03 - P.D. only,03 - Rear end,02 - Rain,03 - Dawn,02 - Wet,10 - No control,,2,0,0,0,,0,,,,,372989.8898,5034474.491,45.44687447,-75.62827034,1380
18--11767,11/6/2018,7:14 AM,OTTAWA RIVER PKWY EB btwn TUNNEY'S PASTURE/REMIC RAPIDS ENT & ISLAND P (__3ZA24JA),__3ZA24JA,01 - Non intersection,03 - P.D. only,07 - SMV other,02 - Rain,01 - Daylight,02 - Wet,10 - No control,,1,0,0,0,,0,,,,,364077.661,5029978.326,45.4072317,-75.74273336,1381
18--11768,11/6/2018,7:15 AM,HUNT CLUB RD @ RIVERSIDE DR (0002237),2237,02 - Intersection related,03 - P.D. only,03 - Rear end,01 - Clear,03 - Dawn,01 - Dry,01 - Traffic signal,01 - Functioning,2,0,0,0,,0,,,,,368036.804,5021945.279,45.3346059,-75.69318894,1382
18--11769,11/6/2018,7:50 PM,HAZELDEAN RD @ 246 E OF CASTLEFRANK RD/FARMBOY (0011366),11366,03 - At intersection,03 - P.D. only,03 - Rear end,01 - Clear,07 - Dark,02 - Wet,01 - Traffic signal,01 - Functioning,2,0,0,0,,0,,,,,352859.1176,5017840.893,45.29887748,-75.88721979,1383
18--1177,1/23/2018,4:00 AM,HIGHWAY 417 btwn HWY417 IC138 RAMP61 & HWY417 IC134 RAMP36 (__3ZA20I),__3ZA20I,01 - Non intersection,03 - P.D. only,07 - SMV other,04 - Freezing Rain,07 - Dark,06 - Ice,10 - No control,,1,0,0,0,,0,,,,,355432.3004,5021711.72,45.33352704,-75.8540167,1384
18--11770,11/6/2018,8:00 AM,ALBERT ST @ ELGIN ST/MACKENZIE KING BRIDGE (0002226),2226,03 - At intersection,03 - P.D. only,05 - Turning movement,02 - Rain,01 - Daylight,02 - Wet,01 - Traffic signal,01 - Functioning,2,0,0,0,,0,,,,,367850.712,5031711.582,45.42249727,-75.69431589,1385
18--11771,11/6/2018,8:16 PM,CARP RD btwn ARBOURBROOK BLVD & REIS RD (__3ZA3FX),__3ZA3FX,01 - Non intersection,03 - P.D. only,07 - SMV other,01 - Clear,07 - Dark,02 - Wet,10 - No control,,1,0,0,0,,0,,,,,345209.5163,5018298.39,45.30347585,-75.98471479,1386
18--11772,11/6/2018,8:22 AM,HERON RD WB btwn PRINCE OF WALES DR & HERON RD WB ON RAMP/VINCENT MASS (__3ZA37C),__3ZA37C,01 - Non intersection,03 - P.D. only,03 - Rear end,02 - Rain,01 - Daylight,02 - Wet,10 - No control,,2,0,0,0,,0,,,,,367051.2626,5026470.133,45.37540774,-75.70519205,1387
18--11773,11/6/2018,8:25 PM,HIGHWAY 417 btwn HWY417 IC122 RAMP51 & HWY417 IC122 RAMP15 (__3ZA2R0),__3ZA2R0,01 - Non intersection,03 - P.D. only,04 - Sideswipe,01 - Clear,07 - Dark,01 - Dry,10 - No control,,2,0,0,0,,0,,,,,365629.891,5029073.496,45.39895708,-75.72301719,1388
18--11774,11/6/2018,8:40 AM,KING EDWARD AVE @ SOMERSET ST/MARIE CURIE PRIV (0001696),1696,02 - Intersection related,03 - P.D. only,99 - Other,02 - Rain,01 - Daylight,02 - Wet,01 - Traffic signal,01 - Functioning,2,0,0,0,,0,,,,,368957.7101,5031673.578,45.42205468,-75.68017667,1389
18--11775,11/6/2018,8:45 AM,HIGHWAY 417 btwn HWY417 IC129 RAMP25 & TRANSIT (__3ZA2SH),__3ZA2SH,01 - Non intersection,03 - P.D. only,03 - Rear end,01 - Clear,01 - Daylight,01 - Dry,10 - No control,,2,0,0,0,,0,,,,,361836.8489,5024599.999,45.35902429,-75.77197858,1390
18--11776,11/6/2018,9:00 PM,BASELINE RD btwn SOUTHWOOD DR & COBDEN RD (__3ZA4MP),__3ZA4MP,01 - Non intersection,03 - P.D. only,03 - Rear end,01 - Clear,07 - Dark,02 - Wet,10 - No control,,2,0,0,0,,0,,,,,361350.2741,5023033.314,45.34496675,-75.77836793,1391
18--11777,11/6/2018,9:08 AM,BRONSON AVE btwn UNIVERSITY RD & BREWER WAY (__3ZA3BT),__3ZA3BT,01 - Non intersection,02 - Non-fatal injury,07 - SMV other,02 - Rain,01 - Daylight,02 - Wet,10 - No control,,1,0,0,1,02 - Minor,1,,1,,,368100.7517,5027782.991,45.38712646,-75.69162545,1392
18--11778,11/6/2018,9:10 PM,BANK ST @ WELLINGTON ST (0002039),2039,03 - At intersection,02 - Non-fatal injury,05 - Turning movement,01 - Clear,07 - Dark,02 - Wet,01 - Traffic signal,01 - Functioning,2,0,0,0,02 - Minor,1,,1,,,367257.7069,5031628.573,45.42180358,-75.7019033,1393
18--11779,11/6/2018,9:18 PM,TENTH LINE RD btwn LAKEPOINTE DR & BLACKBURN BYPS (__6732GZ),__6732GZ,01 - Non intersection,02 - Non-fatal injury,03 - Rear end,01 - Clear,07 - Dark,02 - Wet,10 - No control,,2,0,0,0,01 - Minimal,1,1,,,,384312.615,5035299.675,45.45310245,-75.48341018,1394
18--1178,1/23/2018,4:05 PM,MONTREAL RD @ SHEFFORD RD (0012423),12423,02 - Intersection related,03 - P.D. only,04 - Sideswipe,01 - Clear,01 - Daylight,02 - Wet,01 - Traffic signal,01 - Functioning,2,0,0,0,,0,,,,,376125.7299,5034853.575,45.44997228,-75.58813226,1395
18--11780,11/6/2018,9:23 PM,HIGHWAY 416 btwn HWY416 IC66 RAMP34 & HWY416 IC72 RAMP53 (__3ZAZM6),__3ZAZM6,01 - Non intersection,03 - P.D. only,07 - SMV other,01 - Clear,07 - Dark,01 - Dry,10 - No control,,1,0,0,0,,0,,,,,359274.0151,5016472.213,45.28609385,-75.80558231,1396
18--11781,11/6/2018,9:44 AM,INNES RD @ JEANNE D'ARC BLVD/MER BLEUE RD (0012475),12475,02 - Intersection related,03 - P.D. only,03 - Rear end,02 - Rain,01 - Daylight,02 - Wet,01 - Traffic signal,01 - Functioning,4,0,0,0,,0,,,,,382637.6208,5035567.826,45.45570361,-75.5047797,1397
18--11782,11/6/2018,9:55 AM,HIGHWAY 417 btwn HIGHWAY 417 & HWY417 IC115 RAMP61 (__3ZA2YH),__3ZA2YH,01 - Non intersection,03 - P.D. only,03 - Rear end,02 - Rain,01 - Daylight,02 - Wet,10 - No control,,2,0,0,0,,0,,,,,372677.0152,5031543.767,45.42053572,-75.63267367,1398
18--11783,11/7/2018,1:15 PM,EAGLESON RD btwn FLEWELLYN RD & FAULKNER TR (__3ZA41A),__3ZA41A,01 - Non intersection,02 - Non-fatal injury,03 - Rear end,02 - Rain,01 - Daylight,02 - Wet,10 - No control,,2,0,0,0,02 - Minor,1,,1,,,355400.9393,5014069.944,45.26476721,-75.85519666,1399
18--11784,11/7/2018,1:23 PM,PRINCE OF WALES DR btwn FAIRPARK DR & WATERBRIDGE DR (__3ZA293),__3ZA293,01 - Non intersection,03 - P.D. only,07 - SMV other,01 - Clear,01 - Daylight,01 - Dry,10 - No control,,1,0,0,0,,0,,,,,367297.35,5015735.719,45.27879934,-75.70340539,1400
18--11785,11/7/2018,1:50 AM,KENT ST @ WELLINGTON ST (0002040),2040,03 - At intersection,03 - P.D. only,07 - SMV other,01 - Clear,07 - Dark,01 - Dry,01 - Traffic signal,01 - Functioning,1,0,0,0,,0,,,,,367097.6975,5031526.573,45.42090008,-75.70396063,1401
18--11786,11/7/2018,10:12 AM,INNES RD btwn TRIM RD & VALIN ST (__5QEFH3),__5QEFH3,04 - At/near private drive,02 - Non-fatal injury,02 - Angle,01 - Clear,01 - Daylight,01 - Dry,10 - No control,,2,0,0,0,01 - Minimal,1,1,,,,386610.1622,5037290.47,45.47074843,-75.45370901,1402
18--11787,11/7/2018,10:25 AM,FREDERICK PL @ JACKSON AVE (0007361),7361,02 - Intersection related,03 - P.D. only,06 - SMV unattended vehicle,01 - Clear,01 - Daylight,01 - Dry,02 - Stop sign,01 - Functioning,1,0,0,0,,0,,,,,367306.7096,5029162.556,45.39961072,-75.70158989,1403
18--11788,11/7/2018,10:50 AM,MILTON RD @ NAVAN RD (0004709),4709,03 - At intersection,03 - P.D. only,02 - Angle,01 - Clear,01 - Daylight,01 - Dry,02 - Stop sign,01 - Functioning,2,0,0,0,,0,,,,,387268.8734,5031812.709,45.42138757,-75.44620413,1404
18--11789,11/7/2018,11:30 AM,WIGGINS PRIV btwn CHAPEL CRES & GOULBURN CRES (2) (__3ZBO9Z),__3ZBO9Z,04 - At/near private drive,03 - P.D. only,05 - Turning movement,01 - Clear,01 - Daylight,01 - Dry,10 - No control,,2,0,0,0,,0,,,,,369781.401,5031389.337,45.41942116,-75.66968994,1405
18--1179,1/23/2018,4:30 PM,BANK ST @ CATHERINE ST (0002708),2708,02 - Intersection related,03 - P.D. only,04 - Sideswipe,02 - Rain,05 - Dusk,02 - Wet,01 - Traffic signal,01 - Functioning,2,0,0,0,,0,,,,,368039.7055,5030267.572,45.40948749,-75.69208641,1406
18--10985,10/19/2018,11:21 PM,BAYSHORE DR btwn CARLING AVE & WOODRIDGE CRES N (__3ZAAD2),__3ZAAD2,04 - At/near private drive,03 - P.D. only,02 - Angle,01 - Clear,07 - Dark,01 - Dry,10 - No control,,2,0,0,0,,0,,,,,359035.3678,5023935.479,45.35326725,-75.80780705,1407
18--10986,10/19/2018,11:44 PM,MURRAY ST @ SUSSEX DR (0011912),11912,02 - Intersection related,03 - P.D. only,03 - Rear end,01 - Clear,07 - Dark,01 - Dry,01 - Traffic signal,01 - Functioning,2,0,0,0,,0,,,,,367707.5296,5032394.498,45.42865481,-75.69605812,1408
18--10987,10/19/2018,11:50 PM,BANTREE ST @ SHEFFIELD RD (0008395),8395,03 - At intersection,02 - Non-fatal injury,07 - SMV other,02 - Rain,07 - Dark,09 - Spilled liquid,03 - Yield sign,01 - Functioning,1,0,0,0,02 - Minor,1,,1,,,374646.7402,5030044.541,45.40685259,-75.60772019,1409
18--10988,10/19/2018,Unknown,PRESTWICK DR btwn ROXDALE AVE & GALLOWAY DR (__3ZBN84),__3ZBN84,01 - Non intersection,03 - P.D. only,06 - SMV unattended vehicle,01 - Clear,00 - Unknown,01 - Dry,10 - No control,,1,0,0,0,,0,,,,,383068.981,5037328.148,45.47149325,-75.49898496,1410
18--10989,10/19/2018,Unknown,FOUR SEASONS DR btwn VIEWMOUNT DR & SHADETREE CRES (__3ZA0A8),__3ZA0A8,01 - Non intersection,03 - P.D. only,06 - SMV unattended vehicle,01 - Clear,00 - Unknown,01 - Dry,10 - No control,,1,0,0,0,,0,,,,,366566.1575,5023855.791,45.35192735,-75.71171193,1411
18--1099,1/21/2018,11:09 PM,MONTREAL RD @ BATHGATE DR/BURMA RD (0007650),7650,03 - At intersection,03 - P.D. only,07 - SMV other,03 - Snow,07 - Dark,05 - Packed snow,01 - Traffic signal,01 - Functioning,1,0,0,0,,0,,,,,373224.4611,5034516.592,45.44723035,-75.62526612,1412
18--10990,10/19/2018,12:35 PM,BOOTH ST @ WELLINGTON ST S (0011393),11393,03 - At intersection,03 - P.D. only,05 - Turning movement,01 - Clear,01 - Daylight,01 - Dry,02 - Stop sign,01 - Functioning,2,0,0,0,,0,,,,,366402.703,5030675.571,45.41330455,-75.7129468,1413
18--10991,10/19/2018,12:55 PM,SUSSEX DR @ 262 N OF KING EDWARD AVE (0008806),8806,03 - At intersection,03 - P.D. only,05 - Turning movement,01 - Clear,01 - Daylight,01 - Dry,01 - Traffic signal,01 - Functioning,2,0,0,0,,0,,,,,367768.7099,5033733.93,45.44070105,-75.69510501,1414
18--10992,10/19/2018,2:02 PM,BARNSDALE RD @ PRINCE OF WALES DR (0001082),1082,03 - At intersection,03 - P.D. only,02 - Angle,01 - Clear,01 - Daylight,01 - Dry,02 - Stop sign,01 - Functioning,2,0,0,0,,0,,,,,366646.6965,5011532.413,45.24103569,-75.71222108,1415