Anom_ID,Accident_Date,Accident_Time,Location,Geo_ID,Accident_Location,Classification_of_Accident,Initial_Impact_Type,Environment_Condition,Light,Road_Surface_Condition,Traffic_Control,Traffic_Control_Condition,No__of_Vehicles,No__of_Bicycles,No__of_Motorcycles,No__of_Pedestrians,Max_Injury,No__of_Injuries,No__of_Minimal,No__of_Minor,No__of_Major,No__of_Fatal,X,Y,Latitude,Longitude,ObjectId
18--10993,10/19/2018,2:08 PM,ALBION RD @ HUNT CLUB RD (0006974),6974,02 - Intersection related,02 - Non-fatal injury,03 - Rear end,01 - Clear,01 - Daylight,01 - Dry,01 - Traffic signal,01 - Functioning,2,0,0,0,01 - Minimal,1,1,,,,371867.7337,5024320.518,45.35562183,-75.64399503,1416
18--10994,10/19/2018,2:30 PM,WELLINGTON ST btwn BOOTH ST & END (__3ZA2GX),__3ZA2GX,01 - Non intersection,03 - P.D. only,04 - Sideswipe,01 - Clear,01 - Daylight,01 - Dry,10 - No control,,2,0,0,0,,0,,,,,366503.3738,5030787.431,45.41430217,-75.71164672,1417
18--10995,10/19/2018,2:40 PM,MERIVALE RD btwn EMERALD PLAZA SC & MEADOWLANDS DR (__3ZA4HZB),__3ZA4HZB,01 - Non intersection,03 - P.D. only,03 - Rear end,01 - Clear,01 - Daylight,01 - Dry,10 - No control,,3,0,0,0,,0,,,,,364804.0538,5023851.371,45.35204057,-75.73419919,1418
18--10996,10/19/2018,3:00 PM,HOLLAND AVE btwn ISLAND PARK DR & CARLING AVE (__3ZA4OI),__3ZA4OI,01 - Non intersection,03 - P.D. only,04 - Sideswipe,01 - Clear,01 - Daylight,01 - Dry,10 - No control,,2,0,0,0,,0,,,,,365429.434,5027937.616,45.38875407,-75.72571699,1419
18--10997,10/19/2018,3:46 PM,RIDEAU ST @ WURTEMBURG ST (0007118),7118,02 - Intersection related,03 - P.D. only,03 - Rear end,01 - Clear,01 - Daylight,01 - Dry,01 - Traffic signal,01 - Functioning,2,0,0,0,,0,,,,,369356.7057,5032925.588,45.43328308,-75.67491462,1420
18--10998,10/19/2018,3:55 PM,HIGHWAY 417 btwn HWY417 IC119A RAMP67 & HWY417 IC118 RAMP76 (__3ZA2YS),__3ZA2YS,01 - Non intersection,03 - P.D. only,03 - Rear end,01 - Clear,01 - Daylight,01 - Dry,10 - No control,,2,0,0,0,,0,,,,,368624.1343,5030552.509,45.4119982,-75.68458395,1421
18--10999,10/19/2018,3:59 PM,IRIS ST @ WOODROFFE AVE (0002736),2736,02 - Intersection related,03 - P.D. only,03 - Rear end,01 - Clear,01 - Daylight,01 - Dry,01 - Traffic signal,01 - Functioning,2,0,0,0,,0,,,,,362282.6918,5024441.52,45.3575619,-75.76630671,1422
18--110,1/2/2018,3:45 PM,KITCHENER AVE @ BANK ST (0011963),11963,02 - Intersection related,02 - Non-fatal injury,03 - Rear end,01 - Clear,01 - Daylight,03 - Loose snow,01 - Traffic signal,01 - Functioning,2,0,0,0,02 - Minor,1,,1,,,370540.8758,5025499.972,45.36635984,-75.66077137,1423
18--1100,1/21/2018,11:23 AM,BASELINE RD @ WOODROFFE AVE (0002225),2225,02 - Intersection related,02 - Non-fatal injury,03 - Rear end,01 - Clear,01 - Daylight,01 - Dry,01 - Traffic signal,01 - Functioning,2,0,0,0,02 - Minor,2,,2,,,362549.6901,5023770.505,45.35150222,-75.76297748,1424
18--11000,10/19/2018,4:30 PM,DONALD ST btwn EVE ST & LOLA ST (__3ZBOX2),__3ZBOX2,04 - At/near private drive,03 - P.D. only,02 - Angle,01 - Clear,01 - Daylight,01 - Dry,10 - No control,,2,0,0,0,,0,,,,,371084.1923,5032358.346,45.42801767,-75.65291474,1425
18--11001,10/19/2018,4:39 PM,BILLINGS BRIDGESC RAMP SB @ RIVERSIDE DR EB (0010763),10763,02 - Intersection related,03 - P.D. only,02 - Angle,01 - Clear,01 - Daylight,01 - Dry,02 - Stop sign,01 - Functioning,2,0,0,0,,0,,,,,369177.2967,5027785.492,45.38705084,-75.67787864,1426
18--11002,10/19/2018,5:00 PM,LENESTER AVE @ MAITLAND AVE (0010867),10867,03 - At intersection,02 - Non-fatal injury,02 - Angle,01 - Clear,01 - Daylight,01 - Dry,02 - Stop sign,01 - Functioning,4,0,0,0,02 - Minor,1,,1,,,363078.6876,5026146.525,45.37283763,-75.7559466,1427
18--11003,10/19/2018,5:50 PM,GALETTA SIDE RD S @ HIGHWAY 15 (0001666),1666,02 - Intersection related,03 - P.D. only,07 - SMV other,01 - Clear,01 - Daylight,01 - Dry,02 - Stop sign,01 - Functioning,1,0,0,0,,0,,,,,318994.4416,5027166.642,45.38429696,-76.31874072,1428
18--11004,10/19/2018,6:28 AM,CARP RD btwn KITTIWAKE DR & HAZELDEAN RD (__3ZA3DY),__3ZA3DY,01 - Non intersection,03 - P.D. only,07 - SMV other,01 - Clear,03 - Dawn,01 - Dry,10 - No control,,1,0,0,0,,0,,,,,348721.6332,5014441.563,45.26855997,-75.94027322,1429
18--11005,10/19/2018,6:59 PM,HIGHWAY 417 btwn HWY417 IC127 RAMP25 & HWY417 IC126 RAMP51 (__3ZA2XA),__3ZA2XA,01 - Non intersection,03 - P.D. only,03 - Rear end,01 - Clear,07 - Dark,01 - Dry,10 - No control,,2,0,0,0,,0,,,,,363101.7399,5025738.535,45.36916467,-75.75570046,1430
18--11006,10/19/2018,7:00 PM,CONROY RD btwn PARK LANE & LYNCH ST (__3ZA3SW),__3ZA3SW,01 - Non intersection,03 - P.D. only,07 - SMV other,01 - Clear,07 - Dark,01 - Dry,10 - No control,,1,0,0,0,,0,,,,,374794.4326,5022986.049,45.3433288,-75.60683407,1431
18--11007,10/19/2018,7:00 PM,LILLICO DR @ UPLANDS DR (0007473),7473,03 - At intersection,03 - P.D. only,05 - Turning movement,99 - Other,07 - Dark,01 - Dry,03 - Yield sign,01 - Functioning,2,0,0,0,,0,,,,,370030.7177,5023280.517,45.34643749,-75.66757607,1432
18--11008,10/19/2018,7:00 PM,DICKSON ST btwn ESQUIMAULT AVE & QUALICUM ST (__3ZBOH3),__3ZBOH3,01 - Non intersection,03 - P.D. only,06 - SMV unattended vehicle,01 - Clear,07 - Dark,01 - Dry,10 - No control,,1,0,0,0,,0,,,,,359718.111,5022284.523,45.3383588,-75.79927732,1433
18--11009,10/19/2018,7:05 PM,ALGOMA RD btwn KENASTON ST & COMSTOCK RD (__3ZA1HA),__3ZA1HA,01 - Non intersection,03 - P.D. only,01 - Approaching,01 - Clear,05 - Dusk,01 - Dry,10 - No control,,2,0,0,0,,0,,,,,373391.6938,5031191.351,45.41729515,-75.6235917,1434
18--1101,1/21/2018,11:30 AM,ROBERTSON RD btwn FITZGERALD RD & MOODIE DR (__3ZA411),__3ZA411,04 - At/near private drive,03 - P.D. only,02 - Angle,01 - Clear,01 - Daylight,01 - Dry,10 - No control,,2,0,0,0,,0,,,,,356858.7147,5020331.238,45.32100095,-75.83596441,1435
18--11010,10/19/2018,7:12 AM,FALLOWFIELD RD @ GREENBANK RD (0000549),549,02 - Intersection related,03 - P.D. only,03 - Rear end,01 - Clear,01 - Daylight,01 - Dry,01 - Traffic signal,01 - Functioning,2,0,0,0,,0,,,,,363080.6755,5016732.455,45.28813019,-75.75702959,1436
18--11011,10/19/2018,7:20 PM,PAUL METIVIER DR @ MARJAN CRES (0011183),11183,03 - At intersection,03 - P.D. only,05 - Turning movement,01 - Clear,07 - Dark,01 - Dry,10 - No control,,2,0,0,0,,0,,,,,366180.8573,5014796.861,45.2704499,-75.717751,1437
18--11012,10/19/2018,7:21 PM,BRITTANY DR @ MONTREAL RD (0007685),7685,02 - Intersection related,03 - P.D. only,02 - Angle,01 - Clear,07 - Dark,01 - Dry,01 - Traffic signal,01 - Functioning,2,0,0,0,,0,,,,,371912.7118,5033994.582,45.44266074,-75.64210472,1438
18--11013,10/19/2018,7:52 AM,WOODROFFE AVE btwn MEADOWLANDS DR/TALLWOOD DR & NORICE ST (__3ZBOCG),__3ZBOCG,01 - Non intersection,03 - P.D. only,05 - Turning movement,01 - Clear,01 - Daylight,01 - Dry,10 - No control,,2,0,0,0,,0,,,,,363123.9636,5022564.86,45.34060639,-75.75579118,1439
18--11014,10/19/2018,8:00 AM,BESSERER ST @ DALHOUSIE ST (0011452),11452,02 - Intersection related,03 - P.D. only,04 - Sideswipe,01 - Clear,01 - Daylight,01 - Dry,01 - Traffic signal,01 - Functioning,2,0,0,0,,0,,,,,368252.6615,5032157.636,45.42647437,-75.68912269,1440
18--11015,10/19/2018,8:10 AM,MCCOOEY LANE @ FISHER AVE (0003055),3055,02 - Intersection related,03 - P.D. only,03 - Rear end,01 - Clear,01 - Daylight,01 - Dry,01 - Traffic signal,01 - Functioning,2,0,0,0,,0,,,,,365997.702,5026425.532,45.37509924,-75.7186479,1441
18--11016,10/19/2018,8:32 PM,HIGHWAY 417 btwn HWY417 IC110 RAMP55 & HWY417 IC104 RAMP51 (__3ZA2W8),__3ZA2W8,01 - Non intersection,03 - P.D. only,99 - Other,01 - Clear,07 - Dark,01 - Dry,10 - No control,,2,0,0,0,,0,,,,,376321.7594,5027661.158,45.38523906,-75.58667036,1442
18--11017,10/19/2018,8:41 AM,ST. LAURENT BLVD/DUNBARTON CRT @ BRITTANY DR (0007139),7139,02 - Intersection related,03 - P.D. only,03 - Rear end,01 - Clear,01 - Daylight,01 - Dry,01 - Traffic signal,01 - Functioning,2,0,0,0,,0,,,,,371331.7168,5034336.594,45.44579354,-75.64948445,1443
18--11018,10/19/2018,9:00 PM,COLMAN ST btwn HARKNESS AVE & END (__3ZA9GE),__3ZA9GE,01 - Non intersection,03 - P.D. only,06 - SMV unattended vehicle,01 - Clear,07 - Dark,01 - Dry,10 - No control,,1,0,0,0,,0,,,,,369068.124,5025345.145,45.36510334,-75.67959026,1444
18--11019,10/19/2018,9:00 PM,BANK ST btwn EUCLID AVE & SUNNYSIDE AVE (__3ZA3N6),__3ZA3N6,01 - Non intersection,03 - P.D. only,03 - Rear end,01 - Clear,07 - Dark,01 - Dry,10 - No control,,2,0,0,0,,0,,,,,368724.913,5028605.001,45.39446596,-75.68354899,1445
18--1102,1/21/2018,Unknown,WELLINGTON ST    W btwn GRANVILLE AVE & GILCHRIST AVE (__3ZA4P3),__3ZA4P3,01 - Non intersection,03 - P.D. only,06 - SMV unattended vehicle,01 - Clear,00 - Unknown,01 - Dry,10 - No control,,1,0,0,0,,0,,,,,364398.0748,5028985.408,45.39827042,-75.73876046,1446
18--11020,10/19/2018,9:19 AM,CARLING AVE @ CLYDE AVE/COLE AVE (0006984),6984,03 - At intersection,03 - P.D. only,05 - Turning movement,01 - Clear,01 - Daylight,01 - Dry,01 - Traffic signal,01 - Functioning,2,0,0,0,,0,,,,,363520.6909,5026850.542,45.37913538,-75.75022024,1447
18--11021,10/19/2018,9:20 AM,HIGHWAY 417 btwn HWY417 IC127 RAMP25 & HWY417 IC126 RAMP51 (__3ZA2XA),__3ZA2XA,01 - Non intersection,03 - P.D. only,03 - Rear end,01 - Clear,01 - Daylight,01 - Dry,10 - No control,,2,0,0,0,,0,,,,,362551.4478,5025160.925,45.36401295,-75.7627926,1448
18--11022,10/19/2018,9:25 AM,CAMPEAU DR @ STONECROFT TER (0011806),11806,02 - Intersection related,03 - P.D. only,01 - Approaching,01 - Clear,01 - Daylight,01 - Dry,02 - Stop sign,01 - Functioning,2,0,0,0,,0,,,,,351315.2088,5019659.086,45.31534196,-75.90673375,1449
18--11023,10/19/2018,9:31 AM,HIGHWAY 417 btwn HWY417 IC127 RAMP35 & HWY417 IC127 RAMP25 (__3ZA2RE),__3ZA2RE,01 - Non intersection,03 - P.D. only,03 - Rear end,01 - Clear,01 - Daylight,01 - Dry,10 - No control,,2,0,0,0,,0,,,,,362304.1148,5024967.038,45.36228871,-75.76597215,1450
18--11024,10/19/2018,9:37 PM,RIVERSIDE DR @ SMYTH RD SOUTH SIDE RAMP (0011480),11480,02 - Intersection related,03 - P.D. only,03 - Rear end,01 - Clear,07 - Dark,01 - Dry,01 - Traffic signal,01 - Functioning,2,0,0,0,,0,,,,,369788.4455,5028997.975,45.39790391,-75.66991517,1451
18--11025,10/19/2018,9:40 AM,ST. CHARLES ST @ ALICE ST (0010012),10012,03 - At intersection,03 - P.D. only,02 - Angle,01 - Clear,01 - Daylight,01 - Dry,02 - Stop sign,01 - Functioning,2,0,0,0,,0,,,,,369637.7104,5033567.59,45.43903355,-75.67123898,1452
18--11026,10/20/2018,1:05 PM,COLONNADE RD @ PRINCE OF WALES DR (0005249),5249,02 - Intersection related,03 - P.D. only,03 - Rear end,01 - Clear,01 - Daylight,01 - Dry,01 - Traffic signal,01 - Functioning,2,0,0,0,,0,,,,,367394.8616,5023266.619,45.34655262,-75.70121123,1453
18--11027,10/20/2018,1:12 PM,WALKLEY RD @ AIRPORT PKWY SB RAMP (0002091),2091,03 - At intersection,02 - Non-fatal injury,05 - Turning movement,01 - Clear,01 - Daylight,01 - Dry,03 - Yield sign,01 - Functioning,2,0,0,0,02 - Minor,1,,1,,,369836.7171,5025651.526,45.36778917,-75.66973955,1454
18--11028,10/20/2018,1:53 PM,GABRIEL ST @ ST. JOSEPH BLVD (0004100),4100,03 - At intersection,03 - P.D. only,99 - Other,01 - Clear,01 - Daylight,01 - Dry,02 - Stop sign,01 - Functioning,2,0,0,0,,0,,,,,381544.7355,5037641.594,45.47448254,-75.51842732,1455
18--11029,10/20/2018,10:19 PM,AUTOPARK PRIV btwn HUNTMAR DR & END (__54OG56),__54OG56,01 - Non intersection,03 - P.D. only,04 - Sideswipe,01 - Clear,07 - Dark,01 - Dry,10 - No control,,2,0,0,0,,0,,,,,349411.3452,5017456.643,45.29564726,-75.93121309,1456
18--1103,1/21/2018,Unknown,LENESTER AVE btwn RIDDELL AVE N & MAITLAND AVE (__3ZBOLB),__3ZBOLB,01 - Non intersection,03 - P.D. only,06 - SMV unattended vehicle,01 - Clear,00 - Unknown,02 - Wet,10 - No control,,1,0,0,0,,0,,,,,363050.3221,5026129.25,45.37268455,-75.75631075,1457
18--11030,10/20/2018,10:45 AM,EAGLESON RD @ MICHAEL COWPLAND DR/STONEHAVEN D (0003544),3544,02 - Intersection related,03 - P.D. only,04 - Sideswipe,01 - Clear,01 - Daylight,01 - Dry,01 - Traffic signal,01 - Functioning,2,0,0,0,,0,,,,,354382.6255,5016623.444,45.28781674,-75.8679171,1458
18--11031,10/20/2018,11:30 AM,MERIVALE RD/LOTTA AVE @ CLYDE AVE (0001112),1112,02 - Intersection related,03 - P.D. only,03 - Rear end,01 - Clear,01 - Daylight,02 - Wet,01 - Traffic signal,01 - Functioning,2,0,0,0,,0,,,,,364521.7365,5024507.546,45.35796884,-75.73772268,1459
18--11032,10/20/2018,11:30 PM,OTTAWA RIVER PKWY @ RIVER ST/SLIDELL ST (0005099),5099,03 - At intersection,03 - P.D. only,05 - Turning movement,01 - Clear,07 - Dark,01 - Dry,01 - Traffic signal,01 - Functioning,2,0,0,0,,0,,,,,365156.7038,5030377.572,45.41073181,-75.72890105,1460
18--11033,10/20/2018,11:35 PM,LIMEBANK RD btwn EARL ARMSTRONG RD & RIDEAU RD (__3ZA6L5),__3ZA6L5,01 - Non intersection,03 - P.D. only,07 - SMV other,01 - Clear,07 - Dark,01 - Dry,10 - No control,,1,0,0,0,,0,,,,,370341.2204,5015488.267,45.27629564,-75.66464477,1461
18--11034,10/20/2018,12:04 PM,PLEASANT PARK RD @ ST. LAURENT BLVD (0008363),8363,02 - Intersection related,03 - P.D. only,03 - Rear end,02 - Rain,01 - Daylight,02 - Wet,01 - Traffic signal,01 - Functioning,3,0,0,0,,0,,,,,373597.7277,5028795.549,45.39571864,-75.62129378,1462
18--11035,10/20/2018,12:19 PM,ROCKDALE RD N @ HIGHWAY 417 (0004640),4640,03 - At intersection,03 - P.D. only,03 - Rear end,01 - Clear,01 - Daylight,02 - Wet,02 - Stop sign,01 - Functioning,2,0,0,0,,0,,,,,395345.8803,5022677.87,45.33820461,-75.34469064,1463
18--11036,10/20/2018,2:07 PM,COOPER ST @ LYON ST (0010861),10861,02 - Intersection related,03 - P.D. only,05 - Turning movement,01 - Clear,01 - Daylight,01 - Dry,02 - Stop sign,01 - Functioning,2,0,0,0,,0,,,,,367321.7051,5030792.563,45.41427571,-75.70119167,1464
18--11037,10/20/2018,2:12 PM,210 W OF MERIVALE RD @ WEST HUNT CLUB RD (0004688),4688,02 - Intersection related,03 - P.D. only,03 - Rear end,01 - Clear,01 - Daylight,01 - Dry,01 - Traffic signal,01 - Functioning,2,0,0,0,,0,,,,,365431.7023,5021829.496,45.33379403,-75.72643738,1465
18--11038,10/20/2018,2:15 PM,BRONSON AVE @ POWELL AVE (0007212),7212,02 - Intersection related,03 - P.D. only,04 - Sideswipe,01 - Clear,01 - Daylight,01 - Dry,01 - Traffic signal,01 - Functioning,2,0,0,0,,0,,,,,367387.8574,5029477.297,45.40243542,-75.70051354,1466
18--11039,10/20/2018,2:49 PM,HIGHWAY 417 btwn HWY417 IC122 RAMP61 & HWY417 IC121B RAMP16 (__3ZA2Y4),__3ZA2Y4,01 - Non intersection,03 - P.D. only,03 - Rear end,01 - Clear,01 - Daylight,01 - Dry,10 - No control,,2,0,0,0,,0,,,,,365767.2446,5029182.551,45.39992638,-75.72124945,1467
18--1104,1/21/2018,Unknown,UPLANDS DR btwn PAUL ANKA DR & SHEARWATER PRIV (__3ZA9BQ),__3ZA9BQ,01 - Non intersection,03 - P.D. only,06 - SMV unattended vehicle,01 - Clear,00 - Unknown,01 - Dry,10 - No control,,1,0,0,0,,0,,,,,369536.9881,5023503.977,45.34849387,-75.67384675,1468
18--11040,10/20/2018,2:53 PM,KANATA AVE @ LORD BYNG WAY/MARITIME WAY (0009115),9115,02 - Intersection related,03 - P.D. only,03 - Rear end,01 - Clear,01 - Daylight,01 - Dry,01 - Traffic signal,01 - Functioning,2,0,0,0,,0,,,,,351429.974,5019331.309,45.31238493,-75.90530094,1469
18--11041,10/20/2018,3:00 PM,HUNT CLUB RD @ DOWNPATRICK RD/MCCARTHY RD (0006931),6931,02 - Intersection related,03 - P.D. only,03 - Rear end,01 - Clear,01 - Daylight,01 - Dry,01 - Traffic signal,01 - Functioning,2,0,0,0,,0,,,,,370507.654,5023400.616,45.34747359,-75.66147447,1470
18--11042,10/20/2018,3:08 PM,ST. JOSEPH BLVD @ DUFORD DR/PLACE D'ORLEANS DR (0003629),3629,02 - Intersection related,02 - Non-fatal injury,03 - Rear end,01 - Clear,01 - Daylight,01 - Dry,01 - Traffic signal,01 - Functioning,2,0,0,0,01 - Minimal,3,3,,,,381996.7358,5037996.589,45.47762665,-75.51259126,1471
18--11043,10/20/2018,3:35 PM,HOLLINGTON ST btwn EMPEROR AVE & DORCHESTER AVE (__3ZA0OS),__3ZA0OS,01 - Non intersection,03 - P.D. only,07 - SMV other,01 - Clear,01 - Daylight,01 - Dry,10 - No control,,1,0,0,0,,0,,,,,365292.6169,5026901.457,45.37944275,-75.72759106,1472
18--11044,10/20/2018,3:40 PM,CARLING AVE @ KIRKWOOD AVE S (0002209),2209,02 - Intersection related,03 - P.D. only,04 - Sideswipe,01 - Clear,01 - Daylight,01 - Dry,01 - Traffic signal,01 - Functioning,2,0,0,0,,0,,,,,364351.7005,5027337.549,45.38344724,-75.73955162,1473
18--11045,10/20/2018,3:41 AM,SUMMITVIEW DR btwn STONEHAVEN DR & END (__3ZAZLQ),__3ZAZLQ,01 - Non intersection,03 - P.D. only,06 - SMV unattended vehicle,02 - Rain,07 - Dark,02 - Wet,10 - No control,,1,0,0,0,,0,,,,,356565.5169,5015747.143,45.27977424,-75.84018267,1474
18--11046,10/20/2018,3:53 PM,KANATA AVE @ GOLDRIDGE DR/EVANSHEN PL (0011838),11838,02 - Intersection related,03 - P.D. only,03 - Rear end,01 - Clear,01 - Daylight,01 - Dry,02 - Stop sign,01 - Functioning,2,0,0,0,,0,,,,,350286.592,5019728.825,45.31603688,-75.91984589,1475
18--11047,10/20/2018,4:00 PM,HAZELDEAN RD @ HUNTMAR DR/IBER RD (0000075),75,02 - Intersection related,03 - P.D. only,03 - Rear end,01 - Clear,01 - Daylight,01 - Dry,01 - Traffic signal,01 - Functioning,2,0,0,0,,0,,,,,350942.5978,5016079.432,45.28315583,-75.911819,1476
18--11048,10/20/2018,4:00 PM,JEANNE D'ARC BLVD  S btwn SAPINIER ST & INNES RD (__3ZA3Y3),__3ZA3Y3,04 - At/near private drive,03 - P.D. only,02 - Angle,01 - Clear,01 - Daylight,01 - Dry,10 - No control,,2,0,0,0,,0,,,,,382603.6696,5035651.532,45.45646051,-75.50520049,1477
18--11049,10/20/2018,4:28 PM,BASELINE RD @ CORDOVA ST (0003208),3208,03 - At intersection,03 - P.D. only,02 - Angle,01 - Clear,01 - Daylight,01 - Dry,01 - Traffic signal,01 - Functioning,2,0,0,0,,0,,,,,363593.6883,5024409.526,45.35716531,-75.74957874,1478
18--1105,1/21/2018,Unknown,ARKOSE ST btwn GABRIOLA WAY & GABRIOLA WAY/BOUNDSTONE WAY (__8JUUHR),__8JUUHR,01 - Non intersection,03 - P.D. only,06 - SMV unattended vehicle,01 - Clear,00 - Unknown,05 - Packed snow,10 - No control,,1,0,0,0,,0,,,,,348570.512,5019882.183,45.31752592,-75.94171885,1479
18--11050,10/20/2018,4:30 PM,HUNT CLUB RD btwn TRANSIT & DAZE ST (__3ZA1VF),__3ZA1VF,01 - Non intersection,02 - Non-fatal injury,03 - Rear end,02 - Rain,01 - Daylight,02 - Wet,10 - No control,,2,0,0,0,01 - Minimal,2,2,,,,371286.6878,5023861.455,45.35154666,-75.651472,1480
18--2797,2/27/2018,4:26 PM,BASELINE RD @ FISHER AVE (0002346),2346,02 - Intersection related,03 - P.D. only,03 - Rear end,01 - Clear,01 - Daylight,01 - Dry,01 - Traffic signal,01 - Functioning,2,0,0,0,,0,,,,,366166.6929,5026028.533,45.37151235,-75.71653981,6439
18--11052,10/20/2018,4:52 PM,BASELINE RD btwn NAVAHO DR & DEERFIELD DR (__3ZA4H4),__3ZA4H4,01 - Non intersection,03 - P.D. only,03 - Rear end,01 - Clear,01 - Daylight,01 - Dry,10 - No control,,2,0,0,0,,0,,,,,363214.4294,5024175.838,45.35509431,-75.75444667,1482
18--11053,10/20/2018,5:00 PM,ALBERT ST @ BOOTH ST (0002162),2162,03 - At intersection,02 - Non-fatal injury,05 - Turning movement,01 - Clear,01 - Daylight,01 - Dry,01 - Traffic signal,01 - Functioning,2,0,0,0,01 - Minimal,1,1,,,,366428.693,5030626.567,45.41286134,-75.7126209,1483
18--11054,10/20/2018,5:15 PM,CATHERINE ST/HWY 417 O'CONN IC119BR76 @ O'CONN (0001697),1697,03 - At intersection,03 - P.D. only,04 - Sideswipe,01 - Clear,01 - Daylight,01 - Dry,01 - Traffic signal,01 - Functioning,2,0,0,0,,0,,,,,368243.7115,5030392.565,45.41059367,-75.68946432,1484
18--11055,10/20/2018,5:30 PM,DUNN ST btwn BELLROCK DR & GRAY CRES (__4H4ECG),__4H4ECG,04 - At/near private drive,03 - P.D. only,06 - SMV unattended vehicle,01 - Clear,01 - Daylight,01 - Dry,10 - No control,,1,0,0,0,,0,,,,,352168.7048,5019876.575,45.31724192,-75.89582786,1485
18--11056,10/20/2018,6:00 PM,CARLING AVE @ MAITLAND AVE/SHERBOURNE RD (0002641),2641,02 - Intersection related,03 - P.D. only,04 - Sideswipe,01 - Clear,01 - Daylight,01 - Dry,01 - Traffic signal,01 - Functioning,2,0,0,0,,0,,,,,362942.6977,5026488.527,45.37592622,-75.75764239,1486
18--11057,10/20/2018,6:05 PM,BRONSON AVE @ HWY 417 BRONSON IC121AR51 (0002693),2693,02 - Intersection related,03 - P.D. only,03 - Rear end,01 - Clear,01 - Daylight,01 - Dry,01 - Traffic signal,01 - Functioning,2,0,0,0,,0,,,,,367288.9687,5029710.695,45.4045443,-75.70174702,1487
18--11058,10/20/2018,6:11 PM,CASTLEFRANK RD @ TERRY FOX DR (0011757),11757,02 - Intersection related,03 - P.D. only,03 - Rear end,01 - Clear,05 - Dusk,01 - Dry,01 - Traffic signal,01 - Functioning,2,0,0,0,,0,,,,,352994.0093,5016304.808,45.28504616,-75.88564919,1488
18--11059,10/20/2018,6:15 PM,ALBERT ST @ PRESTON ST (0002217),2217,03 - At intersection,02 - Non-fatal injury,02 - Angle,01 - Clear,07 - Dark,01 - Dry,01 - Traffic signal,01 - Functioning,2,1,0,0,01 - Minimal,1,1,,,,366160.6966,5030464.571,45.41142729,-75.71606471,1489
18--1106,1/21/2018,2:21 PM,GREGOIRE RD btwn PRESCOTT/RUSSELL RT 300 & SPRINGHILL RD (__3ZA3YL),__3ZA3YL,01 - Non intersection,03 - P.D. only,07 - SMV other,01 - Clear,01 - Daylight,01 - Dry,10 - No control,,1,0,0,0,,0,,,,,392413.6828,5010960.742,45.23315717,-75.38416531,1490
18--11060,10/20/2018,6:28 PM,HIGHWAY 417 btwn HWY417 IC180 RAMP35 & HWY417 IC169 RAMP51 (__5SO6CL),__5SO6CL,01 - Non intersection,03 - P.D. only,04 - Sideswipe,01 - Clear,05 - Dusk,01 - Dry,10 - No control,,2,0,0,0,,0,,,,,320828.1852,5029858.575,45.40848087,-76.29523697,1491
18--11061,10/20/2018,6:30 AM,BASELINE RD/HERON RD @ PRINCE OF WALES DR (0002345),2345,03 - At intersection,02 - Non-fatal injury,02 - Angle,01 - Clear,07 - Dark,02 - Wet,01 - Traffic signal,01 - Functioning,2,0,0,0,01 - Minimal,1,1,,,,366873.7068,5026438.532,45.37513916,-75.70746279,1492
18--11062,10/20/2018,6:34 PM,HIGHWAY 417 btwn HWY417 IC122 RAMP16 & HWY417 IC122 RAMP61 (__3ZA2RA),__3ZA2RA,01 - Non intersection,03 - P.D. only,03 - Rear end,01 - Clear,07 - Dark,01 - Dry,10 - No control,,3,0,0,0,,0,,,,,365610.4063,5029084.118,45.39905435,-75.72326474,1493
18--11063,10/20/2018,6:47 PM,CONROY RD @ JOHNSTON RD (0011908),11908,03 - At intersection,02 - Non-fatal injury,05 - Turning movement,01 - Clear,07 - Dark,01 - Dry,01 - Traffic signal,01 - Functioning,2,0,0,0,02 - Minor,3,,3,,,373396.8065,5026308.459,45.3733606,-75.62420533,1494
18--11064,10/20/2018,6:53 AM,ALBION RD/COLLISTON CRES E @ WALKLEY RD (0011422),11422,02 - Intersection related,03 - P.D. only,99 - Other,01 - Clear,07 - Dark,02 - Wet,01 - Traffic signal,01 - Functioning,2,0,0,0,,0,,,,,371033.7297,5026354.534,45.3740025,-75.65436585,1495
18--11065,10/20/2018,6:59 AM,PRINCE OF WALES DR btwn NORMANDY CRES & FALAISE RD (1) (__3ZA36P),__3ZA36P,01 - Non intersection,03 - P.D. only,07 - SMV other,01 - Clear,03 - Dawn,02 - Wet,10 - No control,,1,0,0,0,,0,,,,,367458.724,5024579.425,45.35835927,-75.70022998,1496
18--11066,10/20/2018,7:30 AM,JOCKVALE RD btwn GOLFLINKS DR & PRINCE OF WALES DR (__3ZA4J7),__3ZA4J7,01 - Non intersection,03 - P.D. only,07 - SMV other,02 - Rain,03 - Dawn,02 - Wet,10 - No control,,1,0,0,0,,0,,,,,366601.7467,5012237.655,45.2473854,-75.71270593,1497
18--11067,10/20/2018,7:39 PM,CARP RD @ RICHARDSON SIDE RD (0005759),5759,03 - At intersection,03 - P.D. only,02 - Angle,01 - Clear,07 - Dark,01 - Dry,01 - Traffic signal,01 - Functioning,2,0,0,0,,0,,,,,346209.5558,5017160.457,45.29317806,-75.97205827,1498