Anom_ID,Accident_Date,Accident_Time,Location,Geo_ID,Accident_Location,Classification_of_Accident,Initial_Impact_Type,Environment_Condition,Light,Road_Surface_Condition,Traffic_Control,Traffic_Control_Condition,No__of_Vehicles,No__of_Bicycles,No__of_Motorcycles,No__of_Pedestrians,Max_Injury,No__of_Injuries,No__of_Minimal,No__of_Minor,No__of_Major,No__of_Fatal,X,Y,Latitude,Longitude,ObjectId
18--11068,10/20/2018,7:51 AM,BLACKBURN BYPASS @ NAVAN RD (0004201),4201,02 - Intersection related,03 - P.D. only,07 - SMV other,01 - Clear,01 - Daylight,02 - Wet,01 - Traffic signal,01 - Functioning,1,0,0,0,,0,,,,,379617.7469,5033274.562,45.43540038,-75.54373454,1499
18--11069,10/20/2018,7:52 AM,MER BLEUE RD @ 210 S OF INNES RD (0012453),12453,03 - At intersection,02 - Non-fatal injury,02 - Angle,01 - Clear,01 - Daylight,02 - Wet,01 - Traffic signal,01 - Functioning,2,0,0,0,02 - Minor,2,,2,,,382729.7144,5035375.791,45.45396558,-75.50363282,1500
18--1125,1/22/2018,2:19 PM,SMYTH RD @ RIVERSIDE HOSPITAL (0009069),9069,03 - At intersection,02 - Non-fatal injury,02 - Angle,01 - Clear,01 - Daylight,02 - Wet,01 - Traffic signal,01 - Functioning,2,0,0,0,02 - Minor,1,,1,,,369987.8867,5029120.227,45.39898535,-75.66735186,1501
18--11250,10/26/2018,Unknown,NUTTING CRES btwn POPLIN ST & POPLIN ST (__86L6X7),__86L6X7,01 - Non intersection,03 - P.D. only,06 - SMV unattended vehicle,01 - Clear,00 - Unknown,01 - Dry,10 - No control,,1,0,0,0,,0,,,,,368229.0753,5014705.218,45.26944356,-75.6916624,1502
18--11251,10/26/2018,12:10 PM,WOODROFFE AVE btwn CARLINGWOOD SC & CARLING AVE (__3ZA4NKB),__3ZA4NKB,01 - Non intersection,03 - P.D. only,04 - Sideswipe,01 - Clear,01 - Daylight,01 - Dry,10 - No control,,2,0,0,0,,0,,,,,361922.9137,5025853.212,45.37029359,-75.77073525,1503
18--11252,10/26/2018,2:04 PM,MONTREAL RD @ SINCLAIR ST (0008675),8675,03 - At intersection,03 - P.D. only,05 - Turning movement,01 - Clear,01 - Daylight,01 - Dry,01 - Traffic signal,01 - Functioning,2,0,0,0,,0,,,,,375968.7319,5034756.595,45.44911572,-75.59015318,1504
18--11253,10/26/2018,2:05 PM,HUNT CLUB RD @ LINDBERGH PRIV (0011417),11417,03 - At intersection,03 - P.D. only,05 - Turning movement,01 - Clear,01 - Daylight,01 - Dry,01 - Traffic signal,01 - Functioning,2,0,0,0,,0,,,,,368362.8986,5022133.937,45.33627394,-75.68900463,1505
18--11254,10/26/2018,2:30 PM,MERIVALE RD/LOTTA AVE @ CLYDE AVE (0001112),1112,02 - Intersection related,03 - P.D. only,03 - Rear end,01 - Clear,01 - Daylight,01 - Dry,01 - Traffic signal,01 - Functioning,2,0,0,0,,0,,,,,364521.699,5024507.525,45.35796866,-75.73772316,1506
18--11255,10/26/2018,2:31 PM,MCARTHUR AVE @ CARMEN AVE (0009811),9811,03 - At intersection,02 - Non-fatal injury,02 - Angle,01 - Clear,01 - Daylight,01 - Dry,02 - Stop sign,01 - Functioning,2,0,0,0,02 - Minor,1,,1,,,370904.7101,5032766.574,45.43170772,-75.6551534,1507
18--11256,10/26/2018,2:34 AM,"MCARTHUR AVE btwn EGLISE, RUE DE L & MAY ST (__3ZA3XI)",__3ZA3XI,01 - Non intersection,03 - P.D. only,07 - SMV other,01 - Clear,07 - Dark,01 - Dry,10 - No control,,1,0,0,0,,0,,,,,371465.9415,5032826.909,45.43219731,-75.64797324,1508
18--11257,10/26/2018,2:51 PM,ALBERT ST btwn KENT ST & BANK ST (__3ZA3CA),__3ZA3CA,04 - At/near private drive,03 - P.D. only,05 - Turning movement,01 - Clear,01 - Daylight,01 - Dry,10 - No control,,2,0,0,0,,0,,,,,367357.9648,5031405.986,45.41979185,-75.70065057,1509
18--11258,10/26/2018,3:10 PM,LEIGHTON TER @ RICHMOND RD (0002037),2037,03 - At intersection,03 - P.D. only,02 - Angle,01 - Clear,01 - Daylight,01 - Dry,02 - Stop sign,01 - Functioning,2,0,0,0,,0,,,,,364061.6898,5028822.552,45.39683363,-75.74307626,1510
18--11259,10/26/2018,3:38 PM,DUROCHER ST @ MONTREAL RD (0009800),9800,03 - At intersection,03 - P.D. only,05 - Turning movement,01 - Clear,01 - Daylight,01 - Dry,02 - Stop sign,01 - Functioning,2,0,0,0,,0,,,,,370136.7079,5033101.586,45.43479419,-75.66492328,1511
18--1126,1/22/2018,2:27 PM,COOPER ST @ LYON ST (0010861),10861,03 - At intersection,02 - Non-fatal injury,03 - Rear end,03 - Snow,01 - Daylight,03 - Loose snow,02 - Stop sign,01 - Functioning,2,0,0,0,02 - Minor,1,,1,,,367321.706,5030792.563,45.41427571,-75.70119166,1512
18--11260,10/26/2018,4:09 PM,CORKSTOWN RD @ MARCH RD (0003153),3153,02 - Intersection related,03 - P.D. only,04 - Sideswipe,01 - Clear,01 - Daylight,01 - Dry,02 - Stop sign,01 - Functioning,2,0,0,0,,0,,,,,352657.6131,5020883.486,45.32626915,-75.88949505,1513
18--11261,10/26/2018,4:22 PM,ST. JOSEPH BLVD/OLD MONTREAL RD @ TRIM RD (0004118),4118,03 - At intersection,02 - Non-fatal injury,02 - Angle,01 - Clear,01 - Daylight,01 - Dry,11 - Roundabout,01 - Functioning,2,0,0,0,01 - Minimal,3,3,,,,384682.7536,5039285.582,45.48892163,-75.47803065,1514
18--11262,10/26/2018,4:37 PM,FALLOWFIELD RD @ VIA PARK PL/275 W OF WOODROFFE AVE (0010154),10154,03 - At intersection,02 - Non-fatal injury,01 - Approaching,01 - Clear,01 - Daylight,01 - Dry,01 - Traffic signal,01 - Functioning,2,0,0,0,02 - Minor,1,,1,,,364847.237,5017766.021,45.29728146,-75.73438607,1515
18--11263,10/26/2018,4:45 PM,HIGHWAY 417 btwn HWY417 IC121A RAMP16 & HWY417 IC121A RAMP61 (__3ZA2YY),__3ZA2YY,01 - Non intersection,03 - P.D. only,03 - Rear end,01 - Clear,01 - Daylight,01 - Dry,10 - No control,,2,0,0,0,,0,,,,,367508.4352,5029869.216,45.405951,-75.69892361,1516
18--11264,10/26/2018,5:03 PM,BANKFIELD RD @ PRINCE OF WALES DR (0003618),3618,02 - Intersection related,02 - Non-fatal injury,03 - Rear end,01 - Clear,05 - Dusk,01 - Dry,01 - Traffic signal,01 - Functioning,3,0,0,0,02 - Minor,1,,1,,,366379.6901,5008975.386,45.21805092,-75.71593819,1517
18--11265,10/26/2018,5:10 PM,CARLING AVE @ CONNAUGHT AVE (0002143),2143,03 - At intersection,03 - P.D. only,03 - Rear end,01 - Clear,05 - Dusk,01 - Dry,01 - Traffic signal,01 - Functioning,2,0,0,0,,0,,,,,360770.6761,5025117.514,45.36376679,-75.78552758,1518
18--11266,10/26/2018,5:15 PM,WEST HUNT CLUB RD @ WOODROFFE AVE (0000576),576,02 - Intersection related,03 - P.D. only,03 - Rear end,01 - Clear,01 - Daylight,01 - Dry,01 - Traffic signal,01 - Functioning,2,0,0,0,,0,,,,,363670.6908,5021246.489,45.32869813,-75.74897241,1519
18--11267,10/26/2018,5:15 PM,HIGHWAY 417 btwn HWY417 IC124 RAMP65 & HWY417 IC122 RAMP51 (__3ZA2R8),__3ZA2R8,01 - Non intersection,03 - P.D. only,03 - Rear end,01 - Clear,01 - Daylight,01 - Dry,10 - No control,,2,0,0,0,,0,,,,,364912.4019,5028288.147,45.39195264,-75.73227657,1520
18--11268,10/26/2018,5:19 PM,PARKDALE AVE @ WELLINGTON ST (0002260),2260,02 - Intersection related,03 - P.D. only,02 - Angle,01 - Clear,01 - Daylight,01 - Dry,01 - Traffic signal,01 - Functioning,3,1,0,0,,0,,,,,365149.7005,5029270.556,45.40077174,-75.72912601,1521
18--11269,10/26/2018,5:33 PM,CARLING AVE @ PINECREST  RD/GREENVIEW AVE (0001630),1630,03 - At intersection,02 - Non-fatal injury,05 - Turning movement,01 - Clear,05 - Dusk,01 - Dry,01 - Traffic signal,01 - Functioning,2,0,0,0,01 - Minimal,1,1,,,,360006.6751,5024632.528,45.35946349,-75.79533358,1522
18--1127,1/22/2018,2:48 PM,GLADSTONE AVE btwn ARTHUR ST & CAMBRIDGE ST N (__3ZA32M),__3ZA32M,01 - Non intersection,03 - P.D. only,06 - SMV unattended vehicle,01 - Clear,01 - Daylight,02 - Wet,10 - No control,,1,0,0,0,,0,,,,,367002.635,5030000.612,45.4071784,-75.70536781,1523
18--11270,10/26/2018,5:33 PM,EARL ARMSTRONG RD btwn RIVER RD & SPRATT RD (__3ZAZR4),__3ZAZR4,01 - Non intersection,03 - P.D. only,05 - Turning movement,01 - Clear,01 - Daylight,01 - Dry,10 - No control,,2,0,0,0,,0,,,,,368383.024,5015003.378,45.27211247,-75.6896625,1524
18--11271,10/26/2018,5:40 PM,HWY 417 TERRYFO IC140R36 @ TERRY FOX DR (0011778),11778,02 - Intersection related,03 - P.D. only,03 - Rear end,01 - Clear,05 - Dusk,01 - Dry,10 - No control,,2,0,0,0,,0,,,,,350691.1479,5018849.25,45.30809591,-75.91476776,1525
18--11272,10/26/2018,6:28 AM,HIGHWAY 417 btwn HWY417 IC126 RAMP25 & HWY417 IC124 RAMP57 (__3ZA2R5),__3ZA2R5,01 - Non intersection,03 - P.D. only,03 - Rear end,01 - Clear,07 - Dark,01 - Dry,10 - No control,,2,0,0,0,,0,,,,,363917.9913,5026833.479,45.37894843,-75.74514976,1526
18--11273,10/26/2018,6:38 AM,SHEFFIELD RD @ WALKLEY RD (0005156),5156,03 - At intersection,03 - P.D. only,05 - Turning movement,01 - Clear,07 - Dark,01 - Dry,01 - Traffic signal,01 - Functioning,2,0,0,0,,0,,,,,375257.7356,5028784.539,45.39545451,-75.6000958,1527
18--11274,10/26/2018,7:00 AM,CENTREPOINTE DR btwn PALISADE ST & DALECROFT CRES (__3ZBO9O),__3ZBO9O,01 - Non intersection,03 - P.D. only,06 - SMV unattended vehicle,01 - Clear,03 - Dawn,01 - Dry,10 - No control,,1,0,0,0,,0,,,,,362194.6867,5022257.497,45.3379174,-75.76768335,1528
18--11275,10/26/2018,7:00 PM,HIGHWAY 417 btwn HWY417 IC155 RAMP25 & RAMP (__3ZAZN1),__3ZAZN1,01 - Non intersection,03 - P.D. only,07 - SMV other,01 - Clear,07 - Dark,01 - Dry,10 - No control,,1,0,0,0,,0,,,,,341085.9216,5018666.269,45.30701131,-76.03726839,1529
18--11276,10/26/2018,7:00 PM,HIGHWAY 417 btwn HWY417 IC124 RAMP65 & HWY417 IC122 RAMP51 (__3ZA2R8),__3ZA2R8,01 - Non intersection,03 - P.D. only,03 - Rear end,01 - Clear,07 - Dark,01 - Dry,10 - No control,,3,0,0,0,,0,,,,,365175.8378,5028732.732,45.39593026,-75.72885801,1530
18--11277,10/26/2018,7:19 PM,GREENBANK RD btwn WEST HUNT CLUB RD & FALLOWFIELD RD (__3ZA1NE),__3ZA1NE,01 - Non intersection,03 - P.D. only,03 - Rear end,01 - Clear,07 - Dark,01 - Dry,10 - No control,,2,0,0,0,,0,,,,,362684.3335,5017651.299,45.29643071,-75.76197456,1531
18--11278,10/26/2018,7:35 PM,DAVIDSON RD btwn CONROY RD & HAWTHORNE RD (__3ZA8PL),__3ZA8PL,01 - Non intersection,03 - P.D. only,05 - Turning movement,01 - Clear,07 - Dark,01 - Dry,10 - No control,,2,0,0,0,,0,,,,,375276.1154,5023921.714,45.35169928,-75.60055497,1532
18--11279,10/26/2018,7:56 PM,PRINCE OF WALES DR @ STRANDHERD DR (0013339),13339,02 - Intersection related,03 - P.D. only,04 - Sideswipe,01 - Clear,07 - Dark,01 - Dry,01 - Traffic signal,01 - Functioning,2,0,0,0,,0,,,,,367175.4039,5014823.937,45.27060602,-75.70507413,1533
18--1128,1/22/2018,3:47 PM,MAYFIELD ST @ MCARTHUR AVE (0009190),9190,03 - At intersection,03 - P.D. only,02 - Angle,03 - Snow,01 - Daylight,03 - Loose snow,02 - Stop sign,01 - Functioning,2,0,0,0,,0,,,,,370065.7069,5032674.584,45.43095883,-75.66588726,1534
18--11280,10/26/2018,8:17 PM,WOODRIDGE CRES btwn 220 W OF BAYSHORE DR/BAYSHORE SC & BAYSHORE DR (__3ZAA4NB),__3ZAA4NB,01 - Non intersection,02 - Non-fatal injury,03 - Rear end,01 - Clear,07 - Dark,01 - Dry,10 - No control,,2,0,0,0,02 - Minor,1,,1,,,359059.0568,5023388.286,45.34834177,-75.80756477,1535
18--11281,10/26/2018,8:18 AM,BRONSON AVE @ IMPERIAL AVE/PLYMOUTH ST (0010859),10859,02 - Intersection related,03 - P.D. only,04 - Sideswipe,01 - Clear,01 - Daylight,01 - Dry,10 - No control,,3,0,0,0,,0,,,,,367318.7097,5029643.713,45.40393896,-75.70137563,1536
18--11282,10/26/2018,8:57 PM,BRONSON AVE btwn FINDLAY AVE & BRONSON AVE SB OFF RAMP 34 (__3ZA3N5),__3ZA3N5,01 - Non intersection,03 - P.D. only,07 - SMV other,01 - Clear,07 - Dark,01 - Dry,10 - No control,,1,0,0,0,,0,,,,,367745.0348,5028524.113,45.39382692,-75.6960731,1537
18--11283,10/26/2018,9:00 PM,BRIDGESTONE DR/STEEPLE CHASE DR @ STONEHAVEN D (0002781),2781,03 - At intersection,03 - P.D. only,02 - Angle,01 - Clear,07 - Dark,01 - Dry,11 - Roundabout,01 - Functioning,2,0,0,0,,0,,,,,355105.6322,5016984.447,45.29101374,-75.85866412,1538
18--11284,10/26/2018,9:08 AM,DORION AVE btwn ALTA VISTA DR & BLAIR ST (__3ZA96S),__3ZA96S,01 - Non intersection,03 - P.D. only,07 - SMV other,01 - Clear,01 - Daylight,01 - Dry,10 - No control,,1,0,0,0,,0,,,,,370701.2024,5030124.573,45.40795529,-75.65810741,1539
18--11285,10/26/2018,9:19 PM,ST. JOSEPH BLVD @ TENTH LINE RD (0009163),9163,03 - At intersection,03 - P.D. only,05 - Turning movement,01 - Clear,07 - Dark,01 - Dry,01 - Traffic signal,01 - Functioning,2,0,0,0,,0,,,,,382890.8044,5038666.453,45.48355406,-75.50105064,1540
18--11286,10/26/2018,9:21 AM,BASELINE RD @ ST. HELEN'S PL (0002193),2193,03 - At intersection,02 - Non-fatal injury,03 - Rear end,01 - Clear,01 - Daylight,01 - Dry,02 - Stop sign,01 - Functioning,3,0,0,0,02 - Minor,1,,1,,,364105.6937,5024731.527,45.36001951,-75.74300563,1541
18--11287,10/26/2018,9:46 AM,MONTREAL RD btwn BURMA RD & MONTREAL RD (__3ZA2D6),__3ZA2D6,01 - Non intersection,02 - Non-fatal injury,04 - Sideswipe,01 - Clear,01 - Daylight,01 - Dry,10 - No control,,2,1,0,0,01 - Minimal,1,1,,,,373521.8616,5034489.244,45.44695511,-75.62146844,1542
18--11288,10/27/2018,1:08 PM,MCARTHUR AVE @ VANIER PKWY (0004626),4626,02 - Intersection related,02 - Non-fatal injury,03 - Rear end,01 - Clear,01 - Daylight,01 - Dry,01 - Traffic signal,01 - Functioning,3,0,0,0,02 - Minor,1,,1,,,370218.4053,5032690.853,45.43109095,-75.66393378,1543
18--11289,10/27/2018,1:10 PM,POULIN AVE @ RICHMOND RD (0002748),2748,02 - Intersection related,03 - P.D. only,04 - Sideswipe,01 - Clear,01 - Daylight,01 - Dry,01 - Traffic signal,01 - Functioning,2,0,0,0,,0,,,,,360325.6791,5024900.514,45.36184962,-75.79123196,1544
18--1129,1/22/2018,3:50 PM,GALETTA SIDE RD btwn LOGGERS WAY & JOHN SHAW RD (__3ZA4RA),__3ZA4RA,01 - Non intersection,03 - P.D. only,07 - SMV other,01 - Clear,01 - Daylight,02 - Wet,10 - No control,,1,0,0,0,,0,,,,,325153.8957,5032692.803,45.43387214,-76.23985864,1545
18--11290,10/27/2018,1:40 PM,ST. JOSEPH BLVD btwn MARENGER ST & JEANNE D'ARC BLVD S (__3ZA2BS),__3ZA2BS,01 - Non intersection,03 - P.D. only,03 - Rear end,01 - Clear,01 - Daylight,01 - Dry,10 - No control,,2,0,0,0,,0,,,,,379780.1343,5036420.017,45.46368344,-75.5411799,1546
18--11291,10/27/2018,1:50 PM,GREENBANK RD btwn HIGHBURY PARK DR & WESSEX RD (__3ZA4JG),__3ZA4JG,01 - Non intersection,03 - P.D. only,06 - SMV unattended vehicle,01 - Clear,01 - Daylight,01 - Dry,10 - No control,,1,0,0,0,,0,,,,,363646.736,5015453.891,45.27657849,-75.7499656,1547
18--11292,10/27/2018,10:18 PM,GRANT CARMAN DR @ MEADOWLANDS DR (0001111),1111,03 - At intersection,03 - P.D. only,07 - SMV other,03 - Snow,07 - Dark,04 - Slush,01 - Traffic signal,01 - Functioning,1,0,0,0,,0,,,,,365051.694,5023901.507,45.35247045,-75.73103287,1548
18--11293,10/27/2018,10:25 PM,MOODIE DR btwn BRIDE PRIV & MCKENNA CASEY DR (__3ZA4Y1),__3ZA4Y1,01 - Non intersection,02 - Non-fatal injury,07 - SMV other,03 - Snow,07 - Dark,04 - Slush,10 - No control,,1,0,0,0,02 - Minor,2,,2,,,360182.3788,5013052.527,45.25525214,-75.79438505,1549
18--11294,10/27/2018,10:36 PM,CARLING AVE @ CLYDE AVE/COLE AVE (0006984),6984,02 - Intersection related,03 - P.D. only,04 - Sideswipe,03 - Snow,07 - Dark,02 - Wet,01 - Traffic signal,01 - Functioning,2,0,0,0,,0,,,,,363520.6906,5026850.542,45.37913538,-75.75022024,1550
18--11295,10/27/2018,10:40 AM,ALBERT ST @ METCALFE ST (0002117),2117,02 - Intersection related,03 - P.D. only,04 - Sideswipe,01 - Clear,01 - Daylight,01 - Dry,01 - Traffic signal,01 - Functioning,2,0,0,0,,0,,,,,367691.7011,5031613.582,45.42162981,-75.69636009,1551
18--11296,10/27/2018,10:49 PM,HARTHILL WAY btwn TARTAN DR & BROXBURN CRES (__67PTP5),__67PTP5,01 - Non intersection,03 - P.D. only,02 - Angle,03 - Snow,07 - Dark,04 - Slush,10 - No control,,2,0,0,0,,0,,,,,362668.7128,5013728.77,45.26113693,-75.76263102,1552
18--11297,10/27/2018,11:17 PM,CASTLEFRANK RD @ KATIMAVIK RD (0003228),3228,03 - At intersection,02 - Non-fatal injury,04 - Sideswipe,03 - Snow,07 - Dark,04 - Slush,01 - Traffic signal,01 - Functioning,2,0,0,0,03 - Major,1,,,1,,351950.4523,5018943.516,45.30886072,-75.89870024,1553
18--11298,10/27/2018,11:30 AM,UPPER LORNE PL btwn SOMERSET ST W & END (__3ZA4GN),__3ZA4GN,01 - Non intersection,03 - P.D. only,99 - Other,01 - Clear,01 - Daylight,01 - Dry,10 - No control,,2,0,0,0,,0,,,,,366623.3791,5030371.071,45.41054528,-75.71016584,1554
18--11299,10/27/2018,11:34 PM,TERRY FOX DR @ HALKIRK AVE/WINCHESTER DR (0012574),12574,02 - Intersection related,03 - P.D. only,03 - Rear end,04 - Freezing Rain,07 - Dark,04 - Slush,01 - Traffic signal,01 - Functioning,2,0,0,0,,0,,,,,352511.8926,5016870.008,45.29016487,-75.89174025,1555
18--113,1/2/2018,5:02 AM,BANK ST @ WELLINGTON ST (0002039),2039,02 - Intersection related,03 - P.D. only,99 - Other,01 - Clear,07 - Dark,05 - Packed snow,01 - Traffic signal,01 - Functioning,2,0,0,0,,0,,,,,367256.6617,5031627.877,45.42179741,-75.70191674,1556
18--1130,1/22/2018,3:56 PM,BANK ST btwn WILTON CRES & ECHO DR (__3ZA3NA),__3ZA3NA,04 - At/near private drive,03 - P.D. only,03 - Rear end,03 - Snow,01 - Daylight,03 - Loose snow,10 - No control,,2,0,0,0,,0,,,,,368579.7128,5028961.526,45.3976871,-75.68535721,1557
18--11300,10/27/2018,11:49 AM,ALBION RD @ HUNT CLUB RD (0006974),6974,02 - Intersection related,03 - P.D. only,04 - Sideswipe,01 - Clear,01 - Daylight,01 - Dry,01 - Traffic signal,01 - Functioning,2,0,0,0,,0,,,,,371867.7334,5024320.518,45.35562183,-75.64399503,1558
18--11301,10/27/2018,11:58 PM,8TH LINE RD btwn PARKWAY RD & ADAM BAKER WAY (__3ZA204),__3ZA204,01 - Non intersection,02 - Non-fatal injury,07 - SMV other,04 - Freezing Rain,07 - Dark,04 - Slush,10 - No control,,1,0,0,0,02 - Minor,1,,1,,,383259.1295,5016670.127,45.28560655,-75.49983592,1559
18--11302,10/27/2018,Unknown,CLARENCE ST btwn WILLIAM ST & DALHOUSIE ST (__3ZA82W),__3ZA82W,01 - Non intersection,03 - P.D. only,06 - SMV unattended vehicle,02 - Rain,00 - Unknown,02 - Wet,10 - No control,,1,0,0,0,,0,,,,,367987.0797,5032469.313,45.42930277,-75.6924763,1560
18--11303,10/27/2018,12:00 PM,CARLING AVE @ FAIRLAWN AVE/WOODROFFE AVE E (0002393),2393,02 - Intersection related,03 - P.D. only,04 - Sideswipe,01 - Clear,01 - Daylight,01 - Dry,01 - Traffic signal,01 - Functioning,3,0,0,0,,0,,,,,361934.6841,5025830.528,45.37008852,-75.77058762,1561
18--11304,10/27/2018,12:02 PM,PRESTON ST @ WILLOW ST (0006479),6479,03 - At intersection,03 - P.D. only,02 - Angle,01 - Clear,01 - Daylight,01 - Dry,02 - Stop sign,01 - Functioning,2,0,0,0,,0,,,,,366423.6951,5029861.562,45.40597847,-75.71278038,1562
18--11305,10/27/2018,12:17 AM,RIDEAU ST btwn AUGUSTA ST & COBOURG ST (__3ZA3W7),__3ZA3W7,04 - At/near private drive,03 - P.D. only,05 - Turning movement,01 - Clear,07 - Dark,01 - Dry,10 - No control,,2,0,0,0,,0,,,,,369104.5253,5032772.914,45.43193261,-75.67815729,1563
18--11306,10/27/2018,12:50 PM,TERRY FOX DR btwn CAMPEAU DR & DIDSBURY RD (__3ZA1EJ),__3ZA1EJ,01 - Non intersection,03 - P.D. only,04 - Sideswipe,01 - Clear,01 - Daylight,01 - Dry,10 - No control,,2,0,0,0,,0,,,,,350505.0299,5018991.423,45.30938736,-75.91712802,1564
18--11307,10/27/2018,2:01 PM,METCALFE ST @ WELLINGTON ST (0002227),2227,02 - Intersection related,03 - P.D. only,03 - Rear end,01 - Clear,01 - Daylight,01 - Dry,01 - Traffic signal,01 - Functioning,2,0,0,0,,0,,,,,367565.6986,5031817.582,45.42347666,-75.69794402,1565
18--11308,10/27/2018,2:10 PM,CLARENCE ST btwn DALHOUSIE ST & CUMBERLAND ST (__3ZA7AK),__3ZA7AK,01 - Non intersection,03 - P.D. only,06 - SMV unattended vehicle,01 - Clear,01 - Daylight,01 - Dry,10 - No control,,1,0,0,0,,0,,,,,368060.3988,5032514.035,45.42969854,-75.69153364,1566
18--11309,10/27/2018,2:14 PM,BASELINE RD/HWY 416 RICHMOND IC75R53 @ RICHMON (0000148),148,02 - Intersection related,03 - P.D. only,03 - Rear end,01 - Clear,01 - Daylight,01 - Dry,01 - Traffic signal,01 - Functioning,2,0,0,0,,0,,,,,358635.6655,5021821.487,45.33427628,-75.81313805,1567
18--1131,1/22/2018,4:19 PM,OGILVIE RD @ BATHGATE DR/CITYPARK DR W (0012430),12430,03 - At intersection,03 - P.D. only,05 - Turning movement,03 - Snow,01 - Daylight,03 - Loose snow,01 - Traffic signal,01 - Functioning,2,0,0,0,,0,,,,,373828.7218,5032800.577,45.43173116,-75.61778287,1568
18--11310,10/27/2018,2:30 PM,BASELINE RD btwn ST. HELEN'S PL & CLYDE AVE (__3ZA4IN),__3ZA4IN,01 - Non intersection,03 - P.D. only,03 - Rear end,01 - Clear,01 - Daylight,01 - Dry,10 - No control,,3,0,0,0,,0,,,,,364114.6428,5024737.343,45.36007109,-75.74289071,1569
18--11311,10/27/2018,2:49 PM,CROSSKEYS PL/HELENE CAMPBELL RD @ STRANDHERD DR (0015337),15337,02 - Intersection related,03 - P.D. only,03 - Rear end,01 - Clear,01 - Daylight,01 - Dry,01 - Traffic signal,01 - Functioning,2,0,0,0,,0,,,,,360982.3112,5014901.733,45.27182808,-75.78398493,1570
18--11312,10/27/2018,3:04 PM,BANK ST @ KILBORN AVE/BELANGER AVE (0007208),7208,02 - Intersection related,03 - P.D. only,03 - Rear end,01 - Clear,01 - Daylight,01 - Dry,01 - Traffic signal,01 - Functioning,2,0,0,0,,0,,,,,369653.7196,5027427.548,45.38378622,-75.67184222,1571
18--11313,10/27/2018,4:30 PM,HIGHWAY 417 btwn HWY417 IC131 RAMP66 & HWY417 IC130 RAMP26 (__3ZA29A),__3ZA29A,01 - Non intersection,03 - P.D. only,04 - Sideswipe,01 - Clear,01 - Daylight,01 - Dry,10 - No control,,2,0,0,0,,0,,,,,358928.3566,5023039.819,45.34521635,-75.80927074,1572
18--11314,10/27/2018,5:50 PM,CARLING AVE @ RICHMOND RD (0010847),10847,03 - At intersection,03 - P.D. only,02 - Angle,01 - Clear,07 - Dark,01 - Dry,01 - Traffic signal,01 - Functioning,3,0,0,0,,0,,,,,360245.6795,5024781.512,45.36078518,-75.79226641,1573
18--11315,10/27/2018,6:11 PM,ISLAND PARK DR @ RICHMOND RD (0002125),2125,02 - Intersection related,03 - P.D. only,04 - Sideswipe,01 - Clear,01 - Daylight,01 - Dry,01 - Traffic signal,01 - Functioning,2,0,0,0,,0,,,,,364130.6868,5028867.556,45.39723272,-75.74218966,1574
18--11316,10/27/2018,6:30 PM,BLAIR RD @ INNES RD (0004165),4165,02 - Intersection related,03 - P.D. only,03 - Rear end,02 - Rain,07 - Dark,02 - Wet,01 - Traffic signal,01 - Functioning,2,0,0,0,,0,,,,,375578.7351,5031439.555,45.41931053,-75.59561528,1575
18--11317,10/27/2018,6:33 PM,KEDEY ST btwn PIGOTT ST & FITZROY ST (__3ZACA9),__3ZACA9,01 - Non intersection,03 - P.D. only,07 - SMV other,03 - Snow,07 - Dark,02 - Wet,10 - No control,,1,0,0,0,,0,,,,,327095.8151,5036835.436,45.47108999,-76.21485164,1576
18--11318,10/27/2018,6:45 PM,LEES AVE @  TRANSITWAY/HWY 417 NICHOLAS IC118R (0012210),12210,02 - Intersection related,03 - P.D. only,03 - Rear end,03 - Snow,07 - Dark,02 - Wet,01 - Traffic signal,01 - Functioning,2,0,0,0,,0,,,,,369365.4746,5031279.83,45.41847437,-75.67501829,1577
18--11319,10/27/2018,6:45 PM,HAWTHORNE AVE @ MAIN ST (0006919),6919,03 - At intersection,03 - P.D. only,05 - Turning movement,02 - Rain,07 - Dark,02 - Wet,01 - Traffic signal,01 - Functioning,2,0,0,0,,0,,,,,368970.7102,5030632.567,45.41268684,-75.68014614,1578
18--1132,1/22/2018,4:30 PM,OLD TENTH LINE RD/OR174 IC101 RAMP63 @ ST. JOS (0009233),9233,02 - Intersection related,03 - P.D. only,07 - SMV other,03 - Snow,05 - Dusk,06 - Ice,01 - Traffic signal,01 - Functioning,1,0,0,0,,0,,,,,383120.0925,5038786.291,45.48460657,-75.49809888,1579
18--11320,10/27/2018,7:00 PM,MCCARTHY RD btwn CAHILL DR W & PLANTE DR (__3ZA9CK),__3ZA9CK,01 - Non intersection,03 - P.D. only,06 - SMV unattended vehicle,01 - Clear,07 - Dark,01 - Dry,10 - No control,,1,0,0,0,,0,,,,,370392.2214,5023661.642,45.34983303,-75.66291278,1580
18--11321,10/27/2018,7:24 PM,CLYDE AVE @ STARWOOD RD (0001670),1670,03 - At intersection,03 - P.D. only,05 - Turning movement,02 - Rain,07 - Dark,04 - Slush,02 - Stop sign,01 - Functioning,2,0,0,0,,0,,,,,364459.6952,5024657.521,45.35932358,-75.73849639,1581