Anom_ID,Accident_Date,Accident_Time,Location,Geo_ID,Accident_Location,Classification_of_Accident,Initial_Impact_Type,Environment_Condition,Light,Road_Surface_Condition,Traffic_Control,Traffic_Control_Condition,No__of_Vehicles,No__of_Bicycles,No__of_Motorcycles,No__of_Pedestrians,Max_Injury,No__of_Injuries,No__of_Minimal,No__of_Minor,No__of_Major,No__of_Fatal,X,Y,Latitude,Longitude,ObjectId
18--11322,10/27/2018,7:30 PM,BRIDGESTONE DR @ BRIDLE PARK DR/EQUESTRIAN DR  (0011875),11875,03 - At intersection,03 - P.D. only,02 - Angle,03 - Snow,07 - Dark,04 - Slush,02 - Stop sign,01 - Functioning,2,0,0,0,,0,,,,,355295.6318,5016272.431,45.28459325,-75.85631448,1582
18--11323,10/27/2018,7:44 PM,ABBOTT ST @ STITTSVILLE MAIN ST (0000082),82,03 - At intersection,03 - P.D. only,05 - Turning movement,03 - Snow,07 - Dark,04 - Slush,01 - Traffic signal,01 - Functioning,2,0,0,0,,0,,,,,350248.5839,5013331.417,45.25847347,-75.92091668,1583
18--11324,10/27/2018,8:00 PM,BRONSON AVE @ SOMERSET ST (0002218),2218,02 - Intersection related,03 - P.D. only,03 - Rear end,02 - Rain,07 - Dark,02 - Wet,01 - Traffic signal,01 - Functioning,2,0,0,0,,0,,,,,366967.696,5030476.572,45.41146405,-75.70575408,1584
18--11325,10/27/2018,8:11 PM,INDUSTRIAL AVE @ ALTA VISTA DR/SANDFORD FLEMIN (0006979),6979,03 - At intersection,03 - P.D. only,05 - Turning movement,03 - Snow,07 - Dark,04 - Slush,01 - Traffic signal,01 - Functioning,2,0,0,0,,0,,,,,370884.724,5030557.57,45.41183392,-75.65570512,1585
18--11326,10/27/2018,8:16 PM,HUNTMAR DR @ RICHARDSON SIDE RD (0011853),11853,03 - At intersection,03 - P.D. only,02 - Angle,03 - Snow,07 - Dark,04 - Slush,02 - Stop sign,01 - Functioning,2,0,0,0,,0,,,,,348208.5858,5018982.463,45.30945243,-75.94641373,1586
18--11327,10/27/2018,8:30 PM,BLEEKS RD btwn DWYER HILL RD & BAYBERRY LANE (__3ZACSU),__3ZACSU,01 - Non intersection,03 - P.D. only,03 - Rear end,03 - Snow,07 - Dark,02 - Wet,10 - No control,,2,0,0,0,,0,,,,,348323.4589,5002440.289,45.16059168,-75.94639604,1587
18--11328,10/27/2018,8:35 PM,KIRKWOOD AVE @ LAPERRIERE AVE (0006742),6742,02 - Intersection related,02 - Non-fatal injury,03 - Rear end,02 - Rain,07 - Dark,04 - Slush,01 - Traffic signal,01 - Functioning,3,0,0,0,02 - Minor,1,,1,,,364519.6942,5026958.543,45.38002271,-75.73745245,1588
18--11329,10/27/2018,9:00 PM,ISABELLA ST/HWY417 IC119AR75 @ METCALFE ST (0011380),11380,02 - Intersection related,03 - P.D. only,04 - Sideswipe,02 - Rain,07 - Dark,02 - Wet,01 - Traffic signal,01 - Functioning,2,0,0,0,,0,,,,,368448.7062,5030399.565,45.41063804,-75.68684474,1589
18--1133,1/22/2018,4:30 PM,HERZBERG RD @ MARCH RD (0003170),3170,03 - At intersection,03 - P.D. only,04 - Sideswipe,03 - Snow,05 - Dusk,04 - Slush,01 - Traffic signal,01 - Functioning,2,0,0,0,,0,,,,,352323.6221,5021528.488,45.3320957,-75.89369351,1590
18--11330,10/27/2018,9:20 PM,WEST HUNT CLUB RD EB btwn 354 E OF WOODROFFE AVE/REC PATH & CLEOPATRA  (__3ZBOG1B),__3ZBOG1B,01 - Non intersection,03 - P.D. only,07 - SMV other,03 - Snow,07 - Dark,04 - Slush,10 - No control,,1,0,0,0,,0,,,,,364122.653,5021437.483,45.33037862,-75.74318424,1591
18--11331,10/27/2018,9:39 PM,CHURCHILL AVE @ RICHMOND RD (0002361),2361,03 - At intersection,02 - Non-fatal injury,07 - SMV other,03 - Snow,07 - Dark,02 - Wet,01 - Traffic signal,01 - Functioning,1,0,0,2,01 - Minimal,2,2,,,,363227.6937,5028292.551,45.39213486,-75.75379038,1592
18--11332,10/27/2018,9:45 AM,ST. JOSEPH BLVD/OLD MONTREAL RD @ TRIM RD (0004118),4118,03 - At intersection,03 - P.D. only,04 - Sideswipe,02 - Rain,01 - Daylight,02 - Wet,11 - Roundabout,01 - Functioning,2,0,0,0,,0,,,,,384682.7535,5039285.582,45.48892163,-75.47803065,1593
18--11333,10/28/2018,1:47 AM,FLORENCE ST @ PERCY ST (0007318),7318,02 - Intersection related,03 - P.D. only,06 - SMV unattended vehicle,03 - Snow,07 - Dark,03 - Loose snow,10 - No control,,1,0,0,0,,0,,,,,367288.7121,5030276.562,45.40963583,-75.70167858,1594
18--11334,10/28/2018,1:57 PM,RAYMOND ST/HWY 417 ROCHEST IC121BR16 @ ROCHEST (0006495),6495,03 - At intersection,03 - P.D. only,02 - Angle,01 - Clear,01 - Daylight,04 - Slush,01 - Traffic signal,01 - Functioning,2,0,0,0,,0,,,,,366737.6993,5029618.56,45.40376429,-75.7088,1595
18--11335,10/28/2018,10:00 AM,FALLOWFIELD RD @ SHEA RD (0000130),130,02 - Intersection related,03 - P.D. only,07 - SMV other,03 - Snow,01 - Daylight,06 - Ice,02 - Stop sign,01 - Functioning,1,0,0,0,,0,,,,,354014.6101,5011021.384,45.23743375,-75.87316329,1596
18--11336,10/28/2018,10:14 PM,COLONEL BY DR @ HAWTHORNE AVE/PRETORIA BRIDGE (0002122),2122,03 - At intersection,03 - P.D. only,02 - Angle,02 - Rain,07 - Dark,02 - Wet,01 - Traffic signal,01 - Functioning,2,0,0,0,,0,,,,,368767.71,5030525.567,45.41174268,-75.68275331,1597
18--11337,10/28/2018,10:15 AM,HIGHWAY 417 btwn HWY417 IC139 RAMP61 & HWY417 IC138 RAMP36 (__3ZA2QS),__3ZA2QS,01 - Non intersection,03 - P.D. only,04 - Sideswipe,03 - Snow,01 - Daylight,03 - Loose snow,10 - No control,,2,0,0,0,,0,,,,,352178.3979,5019658.33,45.31527744,-75.89572511,1598
18--11338,10/28/2018,10:29 AM,LAURIER AVE @ MARLBOROUGH AVE (0007761),7761,03 - At intersection,02 - Non-fatal injury,02 - Angle,03 - Snow,01 - Daylight,02 - Wet,02 - Stop sign,01 - Functioning,2,0,0,0,01 - Minimal,1,1,,,,369324.7116,5032387.586,45.4284453,-75.67539399,1599
18--11339,10/28/2018,10:40 AM,HIGHWAY 417 btwn Continuation of HIGHWAY 417 & HWY417 IC144 RAMP16 (__3ZA2Q6),__3ZA2Q6,01 - Non intersection,03 - P.D. only,07 - SMV other,03 - Snow,01 - Daylight,04 - Slush,10 - No control,,1,0,0,0,,0,,,,,347137.2983,5015626.984,45.27932402,-75.9603616,1600
18--1143,1/22/2018,5:57 PM,CLARENCE ST @ COBOURG ST (0007621),7621,03 - At intersection,02 - Non-fatal injury,07 - SMV other,03 - Snow,07 - Dark,03 - Loose snow,02 - Stop sign,01 - Functioning,1,0,0,1,02 - Minor,1,,1,,,368948.6641,5033055.894,45.43449307,-75.6801122,1601
18--11430,10/30/2018,10:15 AM,ST. JOSEPH BLVD @ JEANNE D'ARC BLVD (0012421),12421,03 - At intersection,03 - P.D. only,04 - Sideswipe,01 - Clear,01 - Daylight,01 - Dry,11 - Roundabout,01 - Functioning,2,0,0,0,,0,,,,,379860.7428,5036471.581,45.46413872,-75.54014138,1602
18--11431,10/30/2018,10:15 PM,JOHN SHAW RD btwn RABBIT PATH & KINBURN SIDE RD (__3ZACZ1),__3ZACZ1,01 - Non intersection,03 - P.D. only,07 - SMV other,01 - Clear,07 - Dark,01 - Dry,10 - No control,,1,0,0,0,,0,,,,,328428.9419,5030852.592,45.41721014,-76.19808938,1603
18--11432,10/30/2018,10:32 AM,HUNT CLUB RD @ RIVERSIDE DR (0002237),2237,02 - Intersection related,03 - P.D. only,03 - Rear end,01 - Clear,01 - Daylight,01 - Dry,01 - Traffic signal,01 - Functioning,2,0,0,0,,0,,,,,368036.7033,5021945.499,45.33460788,-75.6931902,1604
18--11433,10/30/2018,10:45 AM,HERON RD btwn JEFFERSON ST & TURN LANE (__3ZA3BI),__3ZA3BI,04 - At/near private drive,03 - P.D. only,02 - Angle,01 - Clear,01 - Daylight,01 - Dry,10 - No control,,2,0,0,0,,0,,,,,372159.8383,5027094.359,45.38055182,-75.63988904,1605
18--11434,10/30/2018,10:45 AM,HIGHWAY 417 btwn HWY417 IC121A RAMP16 & HWY417 IC121A RAMP61 (__3ZA2YY),__3ZA2YY,01 - Non intersection,03 - P.D. only,03 - Rear end,01 - Clear,01 - Daylight,01 - Dry,10 - No control,,2,0,0,0,,0,,,,,367013.5163,5029668.003,45.40418471,-75.70527078,1606
18--11435,10/30/2018,11:10 AM,BANK ST @ PARKWAY RD (0005709),5709,02 - Intersection related,03 - P.D. only,03 - Rear end,01 - Clear,01 - Daylight,01 - Dry,01 - Traffic signal,01 - Functioning,2,0,0,0,,0,,,,,378746.7659,5014207.442,45.26393756,-75.55771639,1607
18--11436,10/30/2018,11:41 PM,ELGIN ST btwn LISGAR ST & COOPER ST (__3ZA340),__3ZA340,01 - Non intersection,03 - P.D. only,04 - Sideswipe,01 - Clear,07 - Dark,01 - Dry,10 - No control,,2,0,0,0,,0,,,,,368112.1112,5031284.064,45.418627,-75.69103091,1608
18--11437,10/30/2018,11:49 AM,HIGHWAY 417 btwn HWY417 IC121A RAMP16 & HWY417 IC121A RAMP61 (__3ZA2YY),__3ZA2YY,01 - Non intersection,03 - P.D. only,04 - Sideswipe,01 - Clear,01 - Daylight,01 - Dry,10 - No control,,2,0,0,0,,0,,,,,367263.3258,5029760.078,45.40499092,-75.70206831,1609
18--11438,10/30/2018,12:02 PM,HEATHERINGTON RD btwn ALBION RD N & BANNERHILL PRIV (__3ZA9YH),__3ZA9YH,04 - At/near private drive,03 - P.D. only,02 - Angle,01 - Clear,01 - Daylight,01 - Dry,10 - No control,,2,0,0,0,,0,,,,,371502.7921,5026253.228,45.37304649,-75.64839148,1610
18--11439,10/30/2018,12:13 PM,HAIG DR @ SMYTH RD (0007736),7736,02 - Intersection related,03 - P.D. only,03 - Rear end,01 - Clear,01 - Daylight,01 - Dry,01 - Traffic signal,01 - Functioning,3,0,0,0,,0,,,,,372564.725,5029298.549,45.40034515,-75.63441698,1611
18--1144,1/22/2018,6:00 PM,RIDEAU ST btwn 88 W OF WILLIAM ST & WILLIAM ST (__3ZA25UB),__3ZA25UB,01 - Non intersection,03 - P.D. only,03 - Rear end,04 - Freezing Rain,07 - Dark,05 - Packed snow,10 - No control,,2,0,0,0,,0,,,,,368048.1514,5032125.523,45.42620395,-75.69174004,1612
18--11440,10/30/2018,12:29 PM,MERIVALE RD btwn VIEWMOUNT DR & COLONNADE RD (__3ZA33F),__3ZA33F,01 - Non intersection,02 - Non-fatal injury,03 - Rear end,01 - Clear,01 - Daylight,01 - Dry,10 - No control,,2,0,0,0,01 - Minimal,1,1,,,,365324.7823,5022636.991,45.341069,-75.72770262,1613
18--11441,10/30/2018,12:30 PM,ALBION RD @ HUNT CLUB RD (0006974),6974,02 - Intersection related,03 - P.D. only,03 - Rear end,01 - Clear,01 - Daylight,01 - Dry,01 - Traffic signal,01 - Functioning,2,0,0,0,,0,,,,,371867.733,5024320.518,45.35562183,-75.64399504,1614
18--11442,10/30/2018,12:45 PM,NORMAN ST @ ROCHESTER ST (0006126),6126,03 - At intersection,03 - P.D. only,02 - Angle,02 - Rain,01 - Daylight,02 - Wet,02 - Stop sign,01 - Functioning,2,0,0,0,,0,,,,,366889.7003,5029270.556,45.40061958,-75.70690232,1615
18--11443,10/30/2018,12:48 PM,WELLINGTON ST @ HAMILTON AVE (0006106),6106,02 - Intersection related,03 - P.D. only,04 - Sideswipe,01 - Clear,01 - Daylight,01 - Dry,02 - Stop sign,01 - Functioning,2,0,0,0,,0,,,,,365077.6926,5029231.562,45.40042708,-75.73005048,1616
18--11444,10/30/2018,12:56 PM,PRINCE OF WALES DR @ FALAISE RD/KOCHAR DR N (0006962),6962,02 - Intersection related,03 - P.D. only,03 - Rear end,01 - Clear,01 - Daylight,01 - Dry,01 - Traffic signal,01 - Functioning,2,0,0,0,,0,,,,,367460.706,5024904.514,45.36128418,-75.70016347,1617
18--11445,10/30/2018,2:30 PM,BANK ST @ LEITRIM RD (0004125),4125,02 - Intersection related,03 - P.D. only,03 - Rear end,01 - Clear,01 - Daylight,01 - Dry,01 - Traffic signal,01 - Functioning,2,0,0,0,,0,,,,,375357.7546,5021619.497,45.3309767,-75.59984152,1618
18--11446,10/30/2018,3:19 PM,IRIS ST @ WOODROFFE AVE (0002736),2736,02 - Intersection related,03 - P.D. only,03 - Rear end,01 - Clear,01 - Daylight,01 - Dry,01 - Traffic signal,01 - Functioning,2,0,0,0,,0,,,,,362282.6924,5024441.52,45.3575619,-75.7663067,1619
18--11447,10/30/2018,3:20 PM,BASELINE RD btwn LOBLAWS SC & MERIVALE RD (__3ZA4ISC),__3ZA4ISC,01 - Non intersection,03 - P.D. only,03 - Rear end,01 - Clear,01 - Daylight,01 - Dry,10 - No control,,2,0,0,0,,0,,,,,364949.4416,5025260.745,45.36470945,-75.73217235,1620
18--11448,10/30/2018,3:47 PM,SUSSEX DR btwn BOTELER ST & LADY GREY DR (__3ZA3UB),__3ZA3UB,01 - Non intersection,03 - P.D. only,04 - Sideswipe,01 - Clear,01 - Daylight,01 - Dry,10 - No control,,2,0,0,0,,0,,,,,367452.6372,5032962.505,45.43378843,-75.69924299,1621
18--11449,10/30/2018,4:00 PM,BIRCH AVE EXT./ROCKCLIFFE PKWY @ ROCKCLIFFE PK (0008782),8782,02 - Intersection related,03 - P.D. only,03 - Rear end,01 - Clear,01 - Daylight,01 - Dry,02 - Stop sign,01 - Functioning,3,0,0,0,,0,,,,,370128.7013,5035705.616,45.45822486,-75.66467985,1622
18--1145,1/22/2018,6:10 PM,HIGHWAY 417 btwn HWY417 IC155 RAMP25 & RAMP (__3ZAZN1),__3ZAZN1,01 - Non intersection,02 - Non-fatal injury,07 - SMV other,04 - Freezing Rain,07 - Dark,05 - Packed snow,10 - No control,,1,0,0,0,01 - Minimal,1,1,,,,343192.762,5016691.221,45.28912698,-76.01055505,1623
18--11450,10/30/2018,4:10 PM,BANK ST @ KILBORN AVE/BELANGER AVE (0007208),7208,02 - Intersection related,03 - P.D. only,04 - Sideswipe,01 - Clear,01 - Daylight,01 - Dry,01 - Traffic signal,01 - Functioning,2,0,0,0,,0,,,,,369653.72,5027427.548,45.38378622,-75.67184221,1624
18--11451,10/30/2018,4:43 PM,ORLEANS BLVD @ MAPLE RUN AVE/BEAUSEJOUR DR S (0003628),3628,03 - At intersection,03 - P.D. only,02 - Angle,01 - Clear,01 - Daylight,01 - Dry,01 - Traffic signal,01 - Functioning,2,0,0,0,,0,,,,,380572.6745,5035315.456,45.45365995,-75.53121683,1625
18--11452,10/30/2018,5:07 PM,MERIVALE RD/LOTTA AVE @ CLYDE AVE (0001112),1112,03 - At intersection,03 - P.D. only,05 - Turning movement,01 - Clear,01 - Daylight,01 - Dry,01 - Traffic signal,01 - Functioning,2,0,0,0,,0,,,,,364521.6983,5024507.526,45.35796867,-75.73772317,1626
18--11453,10/30/2018,5:10 PM,HIGHWAY 417 btwn HIGHWAY 417 & HWY417 IC115 RAMP25 (__3ZA2RX),__3ZA2RX,01 - Non intersection,03 - P.D. only,03 - Rear end,01 - Clear,01 - Daylight,01 - Dry,10 - No control,,2,0,0,0,,0,,,,,372762.2251,5031538.336,45.42047858,-75.63158574,1627
18--11454,10/30/2018,5:12 PM,MARCH RD btwn TERRY FOX DR & SOLANDT RD (__3ZA3CE),__3ZA3CE,01 - Non intersection,03 - P.D. only,03 - Rear end,01 - Clear,01 - Daylight,01 - Dry,10 - No control,,4,0,0,0,,0,,,,,349998.628,5023250.996,45.34774883,-75.92319689,1628
18--11455,10/30/2018,5:16 PM,ALBION RD/COLLISTON CRES E @ WALKLEY RD (0011422),11422,03 - At intersection,02 - Non-fatal injury,05 - Turning movement,01 - Clear,01 - Daylight,01 - Dry,01 - Traffic signal,01 - Functioning,2,0,0,0,02 - Minor,1,,1,,,371033.7697,5026354.684,45.37400385,-75.65436532,1629
18--11456,10/30/2018,5:21 PM,FALLOWFIELD RD @ MOODIE DR (0010412),10412,02 - Intersection related,03 - P.D. only,04 - Sideswipe,01 - Clear,05 - Dusk,01 - Dry,01 - Traffic signal,01 - Functioning,2,0,0,0,,0,,,,,359501.6562,5014636.413,45.26955743,-75.80288293,1630
18--11457,10/30/2018,5:38 PM,PRINCE OF WALES DR btwn BLAZER AVE & DEAKIN ST (__3ZA29V),__3ZA29V,01 - Non intersection,03 - P.D. only,03 - Rear end,01 - Clear,01 - Daylight,01 - Dry,10 - No control,,2,0,0,0,,0,,,,,367363.7496,5021405.841,45.32981246,-75.70184349,1631
18--11458,10/30/2018,5:43 PM,GLADSTONE AVE @ LEBRETON ST (0005746),5746,03 - At intersection,03 - P.D. only,02 - Angle,01 - Clear,01 - Daylight,01 - Dry,02 - Stop sign,01 - Functioning,2,0,0,0,,0,,,,,366855.7006,5029922.569,45.40648923,-75.70725452,1632
18--11459,10/30/2018,5:53 PM,BASELINE RD btwn FISHER AVE & LEXINGTON ST (__3ZA4JR),__3ZA4JR,01 - Non intersection,02 - Non-fatal injury,03 - Rear end,01 - Clear,05 - Dusk,01 - Dry,10 - No control,,2,0,0,0,01 - Minimal,1,1,,,,366294.1389,5026109.117,45.37222625,-75.71490284,1633
18--1146,1/22/2018,6:13 PM,CEDARVIEW RD @ FALLOWFIELD RD (0001603),1603,03 - At intersection,03 - P.D. only,05 - Turning movement,03 - Snow,07 - Dark,03 - Loose snow,01 - Traffic signal,01 - Functioning,3,0,0,0,,0,,,,,361294.6675,5015664.442,45.27866597,-75.77991763,1634
18--11460,10/30/2018,6:17 AM,JOSHUA ST @ RENAUD RD (0013257),13257,03 - At intersection,02 - Non-fatal injury,07 - SMV other,01 - Clear,07 - Dark,01 - Dry,02 - Stop sign,01 - Functioning,1,0,0,1,02 - Minor,1,,1,,,381156.4263,5032327.413,45.42671233,-75.52421798,1635
18--11461,10/30/2018,6:30 PM,HUNT CLUB RD @ BRIDLE PATH DR/DAZE ST (0008214),8214,02 - Intersection related,03 - P.D. only,03 - Rear end,01 - Clear,07 - Dark,02 - Wet,01 - Traffic signal,01 - Functioning,2,0,0,0,,0,,,,,371291.7288,5023864.504,45.35157362,-75.65140726,1636
18--11462,10/30/2018,6:34 PM,HUNT CLUB RD @ MAC ST (0006898),6898,02 - Intersection related,03 - P.D. only,03 - Rear end,01 - Clear,07 - Dark,01 - Dry,02 - Stop sign,00 - Unknown,2,0,0,0,,0,,,,,371197.6162,5023807.443,45.35106912,-75.65261589,1637
18--11463,10/30/2018,6:54 AM,PERTH ST btwn SHEA RD & EAGLESON RD (__3ZA4YB),__3ZA4YB,01 - Non intersection,02 - Non-fatal injury,03 - Rear end,01 - Clear,03 - Dawn,01 - Dry,10 - No control,,4,0,0,0,02 - Minor,2,1,1,,,357937.6739,5007347.137,45.20408681,-75.82359153,1638
18--11464,10/30/2018,7:05 AM,EAGLESON RD btwn PERTH ST & BARNSDALE RD (__3ZA4YA),__3ZA4YA,01 - Non intersection,03 - P.D. only,07 - SMV other,01 - Clear,07 - Dark,02 - Wet,10 - No control,,1,0,0,0,,0,,,,,358190.4979,5006990.818,45.20086145,-75.82041164,1639
18--11465,10/30/2018,7:25 AM,CARLING AVE @ MERIVALE RD (0002148),2148,03 - At intersection,03 - P.D. only,05 - Turning movement,01 - Clear,01 - Daylight,01 - Dry,01 - Traffic signal,01 - Functioning,2,0,0,0,,0,,,,,364894.7035,5027700.544,45.38666703,-75.73257414,1640
18--11466,10/30/2018,7:44 AM,HWY417 IC110 RAMP54 btwn HWY417 IC110 RAMP58 & HIGHWAY 417 (__3ZAYAO),__3ZAYAO,01 - Non intersection,02 - Non-fatal injury,03 - Rear end,01 - Clear,01 - Daylight,01 - Dry,10 - No control,,3,0,0,0,02 - Minor,2,,2,,,375608.83,5029610.366,45.40284945,-75.59549354,1641
18--11467,10/30/2018,8:00 PM,ST. LAURENT BLVD @ MCARTHUR AVE (0008246),8246,02 - Intersection related,03 - P.D. only,05 - Turning movement,01 - Clear,07 - Dark,01 - Dry,01 - Traffic signal,01 - Functioning,2,0,0,0,,0,,,,,371921.7193,5032887.576,45.43269957,-75.64214054,1642
18--11468,10/30/2018,8:02 AM,WALKLEY EXTENSION RD btwn HWY417 IC110 RAMP65 & HWY417 IC110 RAMP56 (__3ZAZE6),__3ZAZE6,01 - Non intersection,03 - P.D. only,04 - Sideswipe,01 - Clear,01 - Daylight,01 - Dry,10 - No control,,2,0,0,0,,0,,,,,375783.5275,5029068.119,45.39795291,-75.59334029,1643
18--11469,10/30/2018,8:25 AM,BRONSON AVE @ SUNNYSIDE AVE/UNIVERSITY RD - CA (0007209),7209,02 - Intersection related,03 - P.D. only,04 - Sideswipe,01 - Clear,01 - Daylight,01 - Dry,01 - Traffic signal,01 - Functioning,2,0,0,0,,0,,,,,367922.7095,5028091.548,45.38991883,-75.69385942,1644
18--1147,1/22/2018,6:21 PM,SOMERSET ST    W btwn BECKINGTON PRIV & BANK ST (__3ZAZQ1),__3ZAZQ1,04 - At/near private drive,03 - P.D. only,02 - Angle,03 - Snow,07 - Dark,03 - Loose snow,10 - No control,,3,0,0,0,,0,,,,,367685.5409,5030910.066,45.41530036,-75.69652859,1645
18--11470,10/30/2018,8:30 AM,CARLING AVE @ WYLIE AVE (0002394),2394,03 - At intersection,03 - P.D. only,05 - Turning movement,01 - Clear,01 - Daylight,01 - Dry,02 - Stop sign,01 - Functioning,2,0,0,0,,0,,,,,359140.6686,5024077.505,45.35453705,-75.80644761,1646
18--11471,10/30/2018,8:40 AM,INNES RD WB btwn INNES RD W & INNES RD (__3ZA3J8),__3ZA3J8,01 - Non intersection,03 - P.D. only,04 - Sideswipe,01 - Clear,01 - Daylight,01 - Dry,10 - No control,,2,0,0,0,,0,,,,,377079.0794,5032195.02,45.42595436,-75.57633607,1647
18--11472,10/30/2018,8:45 PM,COPELAND RD @ MUNSTER RD (0005283),5283,02 - Intersection related,03 - P.D. only,07 - SMV other,01 - Clear,07 - Dark,01 - Dry,10 - No control,,1,0,0,0,,0,,,,,349806.5406,5001833.337,45.15503701,-75.92758735,1648
18--11473,10/30/2018,9:15 PM,CARLING AVE @ SCRIVENS ST (0002720),2720,03 - At intersection,02 - Non-fatal injury,05 - Turning movement,01 - Clear,07 - Dark,01 - Dry,01 - Traffic signal,01 - Functioning,2,0,0,0,01 - Minimal,1,1,,,,359423.6681,5024258.512,45.35614376,-75.80281594,1649
18--11474,10/30/2018,9:33 AM,BANK ST @ HUNT CLUB RD (0002119),2119,02 - Intersection related,03 - P.D. only,03 - Rear end,01 - Clear,01 - Daylight,01 - Dry,01 - Traffic signal,01 - Functioning,2,0,0,0,,0,,,,,371608.7368,5024096.506,45.35363097,-75.64733059,1650
18--11475,10/31/2018,1:11 PM,HAWTHORNE RD @ HUNT CLUB RD (0007651),7651,02 - Intersection related,03 - P.D. only,03 - Rear end,02 - Rain,01 - Daylight,02 - Wet,01 - Traffic signal,01 - Functioning,2,0,0,0,,0,,,,,375507.7502,5026406.529,45.37403317,-75.59724359,1651
18--11476,10/31/2018,1:15 PM,BANK ST @ HERON RD (0002155),2155,02 - Intersection related,03 - P.D. only,03 - Rear end,01 - Clear,01 - Daylight,02 - Wet,01 - Traffic signal,01 - Functioning,2,0,0,0,,0,,,,,369995.7198,5026851.542,45.37857176,-75.66755153,1652
18--11477,10/31/2018,1:43 AM,SEYTON DR @ WIFFEN PRIV (0010470),10470,02 - Intersection related,03 - P.D. only,06 - SMV unattended vehicle,01 - Clear,07 - Dark,01 - Dry,02 - Stop sign,01 - Functioning,1,0,0,0,,0,,,,,357193.7924,5019583.741,45.31424996,-75.83176968,1653
18--11478,10/31/2018,10:23 AM,RAMSAYVILLE RD @ RIDGE RD (0009270),9270,03 - At intersection,03 - P.D. only,02 - Angle,02 - Rain,01 - Daylight,02 - Wet,02 - Stop sign,01 - Functioning,2,0,0,0,,0,,,,,376683.7466,5028863.536,45.39602034,-75.58187325,1654
18--11479,10/31/2018,10:40 AM,HIGHWAY 417 btwn HWY417 IC140 RAMP35 & HWY417 IC140 RAMP25 (__3ZA2QP),__3ZA2QP,01 - Non intersection,03 - P.D. only,07 - SMV other,02 - Rain,01 - Daylight,02 - Wet,10 - No control,,1,0,0,0,,0,,,,,350952.7701,5018558.874,45.30546588,-75.91145861,1655
18--1148,1/22/2018,6:23 PM,BEATRICE DR @ STRANDHERD DR (0005447),5447,03 - At intersection,03 - P.D. only,05 - Turning movement,03 - Snow,07 - Dark,03 - Loose snow,01 - Traffic signal,01 - Functioning,2,0,0,0,,0,,,,,365527.3772,5015321.482,45.27522716,-75.72601414,1656
18--11480,10/31/2018,10:43 AM,BANTREE ST btwn OLD INNES RD & EDINBURGH PL (__3ZA78D),__3ZA78D,01 - Non intersection,03 - P.D. only,07 - SMV other,02 - Rain,01 - Daylight,02 - Wet,10 - No control,,1,0,0,0,,0,,,,,374079.6594,5029800.606,45.40471414,-75.61499795,1657
18--11481,10/31/2018,10:54 AM,BASELINE RD @ WOODROFFE AVE (0002225),2225,02 - Intersection related,03 - P.D. only,03 - Rear end,02 - Rain,01 - Daylight,02 - Wet,01 - Traffic signal,01 - Functioning,2,0,0,0,,0,,,,,362549.69,5023770.505,45.35150222,-75.76297748,1658
18--11482,10/31/2018,11:06 AM,LAURIER AVE   W btwn ELGIN ST & QUEEN ELIZABETH DRWY/LAURIER AVE WB ON (__3ZA35Z),__3ZA35Z,01 - Non intersection,02 - Non-fatal injury,05 - Turning movement,02 - Rain,01 - Daylight,02 - Wet,10 - No control,,2,0,0,0,01 - Minimal,1,1,,,,368035.2591,5031600.766,45.42148353,-75.69197214,1659
18--11483,10/31/2018,11:20 AM,BANK ST @ CATHERINE ST (0002708),2708,02 - Intersection related,03 - P.D. only,03 - Rear end,02 - Rain,01 - Daylight,02 - Wet,01 - Traffic signal,01 - Functioning,2,0,0,0,,0,,,,,368039.7059,5030267.572,45.40948749,-75.6920864,1660
18--11484,10/31/2018,11:28 AM,MAIN ST @ MASON TER (0007232),7232,02 - Intersection related,03 - P.D. only,03 - Rear end,02 - Rain,01 - Daylight,02 - Wet,02 - Stop sign,01 - Functioning,2,0,0,0,,0,,,,,369384.709,5029649.562,45.40380402,-75.67498616,1661
18--11485,10/31/2018,11:45 AM,FISHER AVE btwn 220 S OF TRENT ST & MCCOOEY LANE (__3ZA30SB),__3ZA30SB,01 - Non intersection,03 - P.D. only,04 - Sideswipe,02 - Rain,01 - Daylight,02 - Wet,10 - No control,,2,0,0,0,,0,,,,,365958.8265,5026518.199,45.37593643,-75.71913273,1662
18--11486,10/31/2018,12:39 AM,CAVAN ST @ LAROSE AVE (0003070),3070,03 - At intersection,03 - P.D. only,02 - Angle,01 - Clear,07 - Dark,01 - Dry,02 - Stop sign,01 - Functioning,2,0,0,0,,0,,,,,364480.6953,5026737.541,45.37803749,-75.73797709,1663
18--11487,10/31/2018,12:48 AM,DONALD B. MUNRO DR btwn FARMLAND RD & THOMAS ARGUE RD (__3ZBNAX),__3ZBNAX,01 - Non intersection,03 - P.D. only,07 - SMV other,01 - Clear,07 - Dark,01 - Dry,10 - No control,,1,0,0,0,,0,,,,,339314.1476,5022854.141,45.34478494,-76.05957009,1664
18--11488,10/31/2018,2:10 PM,BONGARD AVE btwn MERIVALE RD & GIFFORD ST (__3ZA52E),__3ZA52E,01 - Non intersection,03 - P.D. only,06 - SMV unattended vehicle,02 - Rain,01 - Daylight,02 - Wet,10 - No control,,1,0,0,0,,0,,,,,366347.8406,5021615.009,45.33178435,-75.7147767,1665