Anom_ID,Accident_Date,Accident_Time,Location,Geo_ID,Accident_Location,Classification_of_Accident,Initial_Impact_Type,Environment_Condition,Light,Road_Surface_Condition,Traffic_Control,Traffic_Control_Condition,No__of_Vehicles,No__of_Bicycles,No__of_Motorcycles,No__of_Pedestrians,Max_Injury,No__of_Injuries,No__of_Minimal,No__of_Minor,No__of_Major,No__of_Fatal,X,Y,Latitude,Longitude,ObjectId
18--11489,10/31/2018,2:19 PM,MAITLAND AVE/HWY 417 MAITLAND IC126R53 @ HWY 4 (0008229),8229,02 - Intersection related,02 - Non-fatal injury,03 - Rear end,02 - Rain,01 - Daylight,02 - Wet,01 - Traffic signal,01 - Functioning,2,0,0,0,01 - Minimal,1,1,,,,363229.7323,5025774.521,45.36947781,-75.75406235,1666
18--1149,1/22/2018,6:40 PM,BASELINE RD btwn HIGHGATE RD & TURN LANE (__5U3DNG),__5U3DNG,01 - Non intersection,02 - Non-fatal injury,04 - Sideswipe,04 - Freezing Rain,07 - Dark,06 - Ice,10 - No control,,2,0,0,0,01 - Minimal,1,1,,,,362232.7562,5023570.106,45.34972507,-75.76704525,1667
18--11490,10/31/2018,2:29 PM,TRIM RD @ DAIRY DR/TAYLOR CREEK DR (0012921),12921,03 - At intersection,03 - P.D. only,02 - Angle,02 - Rain,01 - Daylight,02 - Wet,11 - Roundabout,01 - Functioning,2,0,0,0,,0,,,,,384535.0505,5039595.391,45.49172588,-75.47986965,1668
18--11491,10/31/2018,2:35 PM,MACKENZIE KING BR/WALLER ST @ NICHOLAS ST/WALL (0011251),11251,02 - Intersection related,03 - P.D. only,03 - Rear end,01 - Clear,01 - Daylight,01 - Dry,01 - Traffic signal,01 - Functioning,2,0,0,0,,0,,,,,368372.1454,5031992.638,45.42497893,-75.68761723,1669
18--11492,10/31/2018,2:56 PM,GRANT CARMAN DR @ MEADOWLANDS DR (0001111),1111,03 - At intersection,03 - P.D. only,05 - Turning movement,02 - Rain,01 - Daylight,02 - Wet,01 - Traffic signal,01 - Functioning,2,0,0,0,,0,,,,,365051.8019,5023901.894,45.35247393,-75.73103144,1670
18--11493,10/31/2018,3:43 PM,MARCH RD @ SOLANDT RD (0003172),3172,02 - Intersection related,03 - P.D. only,03 - Rear end,02 - Rain,01 - Daylight,02 - Wet,01 - Traffic signal,01 - Functioning,3,0,0,0,,0,,,,,350489.6083,5022710.503,45.34285355,-75.91698148,1671
18--11494,10/31/2018,3:45 PM,HIGHWAY 417 btwn HWY417 IC104 RAMP15 & HWY417 IC96 RAMP51 (__3ZA2W4),__3ZA2W4,01 - Non intersection,03 - P.D. only,07 - SMV other,02 - Rain,01 - Daylight,02 - Wet,10 - No control,,1,0,0,0,,0,,,,,381027.2318,5025691.206,45.36701849,-75.52689421,1672
18--11495,10/31/2018,3:51 PM,BANK ST @ SUNNYSIDE AVE (0007219),7219,02 - Intersection related,02 - Non-fatal injury,03 - Rear end,02 - Rain,01 - Daylight,02 - Wet,01 - Traffic signal,01 - Functioning,4,0,0,0,01 - Minimal,2,2,,,,368734.7081,5028581.549,45.39425405,-75.68342694,1673
18--11496,10/31/2018,3:56 PM,LEITRIM RD btwn HAWTHORNE RD & RAMSAYVILLE RD (__3ZA2B0),__3ZA2B0,01 - Non intersection,03 - P.D. only,03 - Rear end,02 - Rain,01 - Daylight,02 - Wet,10 - No control,,2,0,0,0,,0,,,,,378353.6069,5023476.931,45.34738133,-75.5613501,1674
18--11497,10/31/2018,4:08 PM,RIVERSIDE DR @ SMYTH RD SOUTH SIDE RAMP (0011480),11480,03 - At intersection,02 - Non-fatal injury,05 - Turning movement,02 - Rain,01 - Daylight,02 - Wet,01 - Traffic signal,01 - Functioning,4,0,0,0,01 - Minimal,2,2,,,,369788.1731,5028998.051,45.39790462,-75.66991864,1675
18--11498,10/31/2018,4:10 PM,PAMILLA ST @ ROCHESTER ST (0006133),6133,03 - At intersection,03 - P.D. only,02 - Angle,02 - Rain,01 - Daylight,02 - Wet,02 - Stop sign,01 - Functioning,2,0,0,0,,0,,,,,366920.7057,5029197.559,45.39996002,-75.70651551,1676
18--11499,10/31/2018,4:26 PM,BLAIR RD btwn OR174 IC112 RAMP15 & MEADOWBROOK RD (__3ZA2E1),__3ZA2E1,01 - Non intersection,02 - Non-fatal injury,03 - Rear end,02 - Rain,01 - Daylight,02 - Wet,10 - No control,,2,0,0,0,01 - Minimal,1,1,,,,375099.2652,5032427.952,45.42825193,-75.60159995,1677
18--115,1/2/2018,5:11 AM,HIGHWAY 417 btwn HWY417 IC122 RAMP51 & HWY417 IC122 RAMP15 (__3ZA2R0),__3ZA2R0,01 - Non intersection,03 - P.D. only,07 - SMV other,01 - Clear,07 - Dark,06 - Ice,10 - No control,,1,0,0,0,,0,,,,,365320.3496,5028865.085,45.39710867,-75.72699618,1678
18--1150,1/22/2018,6:56 PM,CYRVILLE RD @ LABRIE AVE (0012383),12383,03 - At intersection,03 - P.D. only,02 - Angle,03 - Snow,07 - Dark,03 - Loose snow,02 - Stop sign,01 - Functioning,2,0,0,0,,0,,,,,373401.7229,5031681.559,45.42170482,-75.62339532,1679
18--11500,10/31/2018,4:36 AM,HIGHWAY 417 btwn HWY417 IC180 RAMP35 & HWY417 IC169 RAMP51 (__5SO6CL),__5SO6CL,01 - Non intersection,03 - P.D. only,07 - SMV other,01 - Clear,07 - Dark,02 - Wet,10 - No control,,1,0,0,0,,0,,,,,319339.9845,5030894.111,45.41783166,-76.31421836,1680
18--11501,10/31/2018,4:40 PM,FALLOWFIELD RD btwn HWY416 IC66 RAMP24 & HWY416 IC66 RAMP62 (__3ZAZM1),__3ZAZM1,01 - Non intersection,03 - P.D. only,03 - Rear end,02 - Rain,01 - Daylight,02 - Wet,10 - No control,,2,0,0,0,,0,,,,,360283.9408,5014853.217,45.27144697,-75.79289004,1681
18--11502,10/31/2018,4:50 PM,KENT ST @ SLATER ST (0002114),2114,03 - At intersection,03 - P.D. only,05 - Turning movement,01 - Clear,01 - Daylight,01 - Dry,01 - Traffic signal,01 - Functioning,2,0,0,0,,0,,,,,367261.7078,5031252.587,45.41842022,-75.70189984,1682
18--11503,10/31/2018,5:01 PM,CONROY RD btwn HUNT CLUB RD & CONROY RD (__3ZA2TB),__3ZA2TB,01 - Non intersection,03 - P.D. only,04 - Sideswipe,02 - Rain,05 - Dusk,02 - Wet,10 - No control,,2,0,0,0,,0,,,,,373801.6913,5025322.293,45.36444774,-75.6191744,1683
18--11504,10/31/2018,5:06 PM,BANK ST @ WALKLEY RD (0011423),11423,02 - Intersection related,03 - P.D. only,03 - Rear end,02 - Rain,01 - Daylight,02 - Wet,01 - Traffic signal,01 - Functioning,2,0,0,0,,0,,,,,370337.8522,5025947.735,45.37040769,-75.66330343,1684
18--1134,1/22/2018,4:36 PM,EAGLESON RD btwn RUSHMORE RD & BROWNLEE RD (__3ZA42L),__3ZA42L,01 - Non intersection,02 - Non-fatal injury,07 - SMV other,03 - Snow,05 - Dusk,06 - Ice,10 - No control,,1,0,0,0,01 - Minimal,1,1,,,,356749.6429,5010526.105,45.23278061,-75.83838171,1685
18--11505,10/31/2018,5:11 PM,AMBASSADOR AVE @ CITY PARK DR (0012492),12492,02 - Intersection related,02 - Non-fatal injury,03 - Rear end,02 - Rain,05 - Dusk,02 - Wet,02 - Stop sign,01 - Functioning,2,0,0,0,01 - Minimal,1,1,,,,374192.7944,5032622.879,45.4300963,-75.61315546,1686
18--11506,10/31/2018,5:20 PM,RIDEAU ST btwn CHARLOTTE ST & WURTEMBURG ST (__3ZA3XQ),__3ZA3XQ,01 - Non intersection,03 - P.D. only,04 - Sideswipe,02 - Rain,05 - Dusk,02 - Wet,10 - No control,,2,0,0,0,,0,,,,,369258.7871,5032865.189,45.43274866,-75.67617388,1687
18--11507,10/31/2018,5:40 PM,HERON RD EB btwn BRONSON AVE RAMP 52 & HERON RD SPLIT (__5FD5QU),__5FD5QU,01 - Non intersection,03 - P.D. only,04 - Sideswipe,02 - Rain,05 - Dusk,02 - Wet,10 - No control,,2,0,0,0,,0,,,,,368757.6904,5026705.901,45.37737544,-75.68337648,1688
18--11508,10/31/2018,5:46 PM,COLONEL BY DR @ MAIN ST (0002626),2626,02 - Intersection related,03 - P.D. only,03 - Rear end,02 - Rain,05 - Dusk,02 - Wet,02 - Stop sign,01 - Functioning,2,0,0,0,,0,,,,,368859.7038,5030914.575,45.41523442,-75.68152757,1689
18--11509,10/31/2018,5:46 PM,BRONSON AVE @ IMPERIAL AVE/PLYMOUTH ST (0010859),10859,03 - At intersection,03 - P.D. only,05 - Turning movement,01 - Clear,05 - Dusk,02 - Wet,10 - No control,,2,0,0,0,,0,,,,,367318.703,5029643.552,45.40393751,-75.70137574,1690
18--1151,1/22/2018,7:07 PM,400 E OF TRAINYARDS DR @ INDUSTRIAL AVE (0014364),14364,03 - At intersection,03 - P.D. only,05 - Turning movement,03 - Snow,07 - Dark,05 - Packed snow,01 - Traffic signal,01 - Functioning,2,0,0,0,,0,,,,,372091.6332,5030434.623,45.41061269,-75.64030422,1691
18--11510,10/31/2018,5:50 PM,OGILVIE RD btwn BATHGATE DR & CITY PARK DR (2) (__3ZA2G8B),__3ZA2G8B,01 - Non intersection,03 - P.D. only,04 - Sideswipe,02 - Rain,05 - Dusk,02 - Wet,10 - No control,,2,0,0,0,,0,,,,,374162.5146,5032995.287,45.43345003,-75.61348993,1692
18--11511,10/31/2018,6:12 PM,HIGHWAY 417 btwn HWY417 IC124 RAMP65 & HWY417 IC122 RAMP51 (__3ZA2R8),__3ZA2R8,01 - Non intersection,03 - P.D. only,03 - Rear end,02 - Rain,05 - Dusk,02 - Wet,10 - No control,,4,0,0,0,,0,,,,,365081.2757,5028589.096,45.394646,-75.73008323,1693
18--11512,10/31/2018,6:20 PM,HIGHWAY 417 btwn HWY417 IC124 RAMP65 & HWY417 IC122 RAMP51 (__3ZA2R8),__3ZA2R8,01 - Non intersection,03 - P.D. only,04 - Sideswipe,02 - Rain,07 - Dark,02 - Wet,10 - No control,,2,0,0,0,,0,,,,,364672.7794,5027846.843,45.3880024,-75.73539017,1694
18--11513,10/31/2018,6:24 PM,CARLING AVE btwn DEFENSE  RESEARCH COMPLEX & RIFLE RD (__3ZA4Z6B),__3ZA4Z6B,01 - Non intersection,03 - P.D. only,07 - SMV other,02 - Rain,07 - Dark,02 - Wet,10 - No control,,1,0,0,0,,0,,,,,353826.5395,5023274.199,45.34770049,-75.87434744,1695
18--11514,10/31/2018,6:30 AM,SLACK RD @ WOODROFFE AVE (0000102),102,03 - At intersection,03 - P.D. only,03 - Rear end,02 - Rain,03 - Dawn,02 - Wet,01 - Traffic signal,01 - Functioning,2,0,0,0,,0,,,,,364233.6832,5019974.478,45.31720522,-75.74194347,1696
18--11515,10/31/2018,6:30 PM,MCCORDICK RD btwn MACKEY RD & COWELL RD (__3ZA0NM),__3ZA0NM,01 - Non intersection,03 - P.D. only,07 - SMV other,02 - Rain,07 - Dark,02 - Wet,10 - No control,,1,0,0,0,,0,,,,,366960.9626,4995761.377,45.09909867,-75.71018231,1697
18--11516,10/31/2018,6:32 AM,BOOTH ST @ WELLINGTON ST S (0011393),11393,03 - At intersection,03 - P.D. only,03 - Rear end,02 - Rain,07 - Dark,02 - Wet,02 - Stop sign,01 - Functioning,3,0,0,0,,0,,,,,366402.7023,5030675.572,45.41330456,-75.71294681,1698
18--11517,10/31/2018,6:45 AM,HIGHWAY 417 btwn HWY417 IC134 RAMP25 & HWY417 IC131 RAMP53 (__3ZA2LE),__3ZA2LE,01 - Non intersection,03 - P.D. only,03 - Rear end,02 - Rain,07 - Dark,02 - Wet,10 - No control,,3,0,0,0,,0,,,,,357449.3058,5022641.367,45.34174363,-75.82818592,1699
18--11518,10/31/2018,6:45 AM,HIGHWAY 417 btwn HIGHWAY 417 & Continuation of HIGHWAY 417 (__3ZAZOB),__3ZAZOB,01 - Non intersection,03 - P.D. only,03 - Rear end,02 - Rain,03 - Dawn,02 - Wet,10 - No control,,2,0,0,0,,0,,,,,352989.2192,5020231.341,45.32037834,-75.88532856,1700
18--11519,10/31/2018,6:45 PM,DALHOUSIE ST @ RIDEAU ST (0007646),7646,02 - Intersection related,03 - P.D. only,03 - Rear end,02 - Rain,05 - Dusk,02 - Wet,01 - Traffic signal,01 - Functioning,2,0,0,0,,0,,,,,368206.709,5032227.581,45.42710788,-75.68970087,1701
18--11340,10/28/2018,10:40 AM,HIGHWAY 416 btwn HWY416 IC66 RAMP34 & HWY416 IC66 RAMP63 (__3ZAZM2),__3ZAZM2,01 - Non intersection,03 - P.D. only,07 - SMV other,03 - Snow,01 - Daylight,04 - Slush,10 - No control,,1,0,0,0,,0,,,,,359837.3881,5015107.368,45.27376894,-75.79855249,1702
18--11341,10/28/2018,10:51 AM,FLEWELLYN RD btwn ORMROD RD & DWYER HILL RD (__3ZAC6N),__3ZAC6N,01 - Non intersection,02 - Non-fatal injury,07 - SMV other,03 - Snow,01 - Daylight,04 - Slush,10 - No control,,1,0,0,0,02 - Minor,2,,2,,,343694.9705,5003879.842,45.17381587,-76.00515439,1703
18--11342,10/28/2018,11:00 AM,HIGHWAY 416 btwn HWY416 IC57 RAMP24 & HWY416 IC49 RAMP42 (__3ZAZGI),__3ZAZGI,01 - Non intersection,03 - P.D. only,07 - SMV other,03 - Snow,01 - Daylight,04 - Slush,10 - No control,,1,0,0,0,,0,,,,,365282.3451,5007148.782,45.20171005,-75.73013061,1704
18--11343,10/28/2018,11:29 AM,HWY417 IC139 RAMP61 btwn KANATA AVE & HIGHWAY 417 (__4BCL4G),__4BCL4G,01 - Non intersection,02 - Non-fatal injury,07 - SMV other,03 - Snow,01 - Daylight,04 - Slush,10 - No control,,1,0,0,0,02 - Minor,1,,1,,,352010.5459,5019519.9,45.31404312,-75.89787901,1705
18--11344,10/28/2018,11:58 AM,FLEWELLYN RD @ MUNSTER RD W (0010482),10482,03 - At intersection,03 - P.D. only,07 - SMV other,03 - Snow,01 - Daylight,04 - Slush,02 - Stop sign,01 - Functioning,1,0,0,0,,0,,,,,346126.3398,5006050.44,45.19320991,-75.97404247,1706
18--11345,10/28/2018,Unknown,SPRINGCREEK CRES btwn STONEMEADOW DR & REDSTONE LANE (__3ZA4WX),__3ZA4WX,04 - At/near private drive,03 - P.D. only,06 - SMV unattended vehicle,02 - Rain,00 - Unknown,02 - Wet,10 - No control,,1,0,0,0,,0,,,,,356090.8819,5016830.742,45.28955946,-75.84612009,1707
18--11346,10/28/2018,12:09 AM,ANDERSON RD btwn NINTH LINE RD & MITCH OWENS RD (__3ZA20R),__3ZA20R,01 - Non intersection,03 - P.D. only,07 - SMV other,03 - Snow,07 - Dark,03 - Loose snow,10 - No control,,1,0,0,0,,0,,,,,382484.7112,5019883.552,45.31460505,-75.50920291,1708
18--11347,10/28/2018,12:45 PM,CLYDE AVE btwn STARWOOD RD & LOTTA AVE (__3ZA4HC),__3ZA4HC,01 - Non intersection,02 - Non-fatal injury,05 - Turning movement,02 - Rain,01 - Daylight,02 - Wet,10 - No control,,2,0,0,0,02 - Minor,2,,2,,,364463.7421,5024647.73,45.35923514,-75.73844592,1709
18--11348,10/28/2018,2:30 PM,NORICE ST @ WOODROFFE AVE (0001542),1542,02 - Intersection related,03 - P.D. only,04 - Sideswipe,01 - Clear,01 - Daylight,02 - Wet,01 - Traffic signal,01 - Functioning,2,0,0,0,,0,,,,,363194.6837,5022397.492,45.33909455,-75.75490863,1710
18--11349,10/28/2018,2:38 PM,MONTREAL RD @ GRANVILLE ST/LAFONTAINE AVE (0009348),9348,03 - At intersection,02 - Non-fatal injury,07 - SMV other,03 - Snow,01 - Daylight,02 - Wet,01 - Traffic signal,01 - Functioning,1,0,0,1,02 - Minor,1,,1,,,370826.7767,5033474.506,45.43808474,-75.65605437,1711
18--1135,1/22/2018,4:37 PM,INNES RD btwn 473 E OF PAGE RD/BUILDERS' WAREHOUSE SC & GREENVALE LANE (__3ZAYFDB),__3ZAYFDB,01 - Non intersection,03 - P.D. only,04 - Sideswipe,03 - Snow,05 - Dusk,03 - Loose snow,10 - No control,,2,0,0,0,,0,,,,,381323.0442,5034794.831,45.44889402,-75.52170546,1712
18--11350,10/28/2018,2:43 AM,LAURIER AVE @ NELSON ST (0008234),8234,02 - Intersection related,02 - Non-fatal injury,07 - SMV other,02 - Rain,07 - Dark,02 - Wet,01 - Traffic signal,01 - Functioning,1,0,0,0,02 - Minor,1,,1,,,368877.713,5032117.58,45.42605698,-75.68114103,1713
18--11351,10/28/2018,3:00 PM,WOODROFFE AVE @ KNOXDALE RD/MEDHURST DR (0000519),519,02 - Intersection related,03 - P.D. only,05 - Turning movement,01 - Clear,01 - Daylight,02 - Wet,01 - Traffic signal,01 - Functioning,2,0,0,0,,0,,,,,363419.6897,5021826.487,45.33393792,-75.75210553,1714
18--11352,10/28/2018,3:08 PM,WOODROFFE AVE btwn FALLOWFIELD RD & EARL MULLIGAN DR (__3ZA3IL),__3ZA3IL,01 - Non intersection,03 - P.D. only,04 - Sideswipe,01 - Clear,01 - Daylight,04 - Slush,10 - No control,,2,0,0,0,,0,,,,,365101.1766,5017866.212,45.29816122,-75.7311364,1715
18--11353,10/28/2018,3:12 AM,KANATA AVE @ HWY 417 CASTLEFR IC139R15 (0012626),12626,03 - At intersection,03 - P.D. only,07 - SMV other,02 - Rain,07 - Dark,02 - Wet,01 - Traffic signal,01 - Functioning,1,0,0,0,,0,,,,,351715.399,5019145.689,45.31069567,-75.90167852,1716
18--11354,10/28/2018,3:15 PM,BREWER RD @ BRONSON AVE (0002240),2240,02 - Intersection related,03 - P.D. only,03 - Rear end,02 - Rain,01 - Daylight,02 - Wet,01 - Traffic signal,01 - Functioning,2,0,0,0,,0,,,,,368109.047,5027766.436,45.38697675,-75.69152165,1717
18--11355,10/28/2018,3:16 PM,ROTHBOURNE RD @ MOONSTONE RD (0005993),5993,02 - Intersection related,02 - Non-fatal injury,07 - SMV other,01 - Clear,01 - Daylight,02 - Wet,02 - Stop sign,00 - Unknown,1,0,0,0,01 - Minimal,1,1,,,,347245.4713,5013963.165,45.26434579,-75.9591251,1718
18--11356,10/28/2018,3:40 AM,HWY417 IC124 RAMP57 btwn HIGHWAY 417 & CARLING AVE (__3ZAY88),__3ZAY88,01 - Non intersection,03 - P.D. only,07 - SMV other,02 - Rain,07 - Dark,02 - Wet,10 - No control,,1,0,0,0,,0,,,,,364196.814,5027123.561,45.38153496,-75.74155502,1719
18--11357,10/28/2018,3:40 PM,HWY417 IC127 RAMP63 btwn HIGHWAY 417 & WOODROFFE AVE (__3ZAY81),__3ZAY81,01 - Non intersection,03 - P.D. only,04 - Sideswipe,01 - Clear,01 - Daylight,02 - Wet,10 - No control,,2,0,0,0,,0,,,,,361993.7122,5024804.492,45.36085152,-75.76995286,1720
18--11358,10/28/2018,6:00 PM,METCALFE ST @ SOMERSET ST (0002689),2689,02 - Intersection related,03 - P.D. only,05 - Turning movement,01 - Clear,07 - Dark,02 - Wet,01 - Traffic signal,01 - Functioning,2,0,0,0,,0,,,,,368010.7044,5031104.573,45.41702117,-75.69234953,1721
18--11359,10/28/2018,7:00 PM,HIGHWAY 416 btwn HWY416 IC66 RAMP24 & HWY416 IC57 RAMP62 (__3ZA1OI),__3ZA1OI,01 - Non intersection,03 - P.D. only,07 - SMV other,03 - Snow,07 - Dark,04 - Slush,10 - No control,,1,0,0,0,,0,,,,,361338.7338,5012284.729,45.24825144,-75.77974067,1722
18--1136,1/22/2018,4:43 PM,MANN AVE @ RUSSELL AVE (0006976),6976,03 - At intersection,03 - P.D. only,02 - Angle,03 - Snow,05 - Dusk,03 - Loose snow,02 - Stop sign,01 - Functioning,2,0,0,0,,0,,,,,369470.7145,5031504.581,45.42048687,-75.67364424,1723
18--11360,10/28/2018,7:01 PM,OTTAWA RIVER PKWY WB btwn TRANSIT & TURN LANE (__3ZA23O),__3ZA23O,01 - Non intersection,02 - Non-fatal injury,07 - SMV other,02 - Rain,07 - Dark,02 - Wet,10 - No control,,1,0,0,0,02 - Minor,1,,1,,,362658.0136,5028798.195,45.39673186,-75.76100614,1724
18--11361,10/28/2018,7:03 PM,HIGHWAY 417 btwn HWY417 IC118 RAMP76 & HWY417 IC118 RAMP67 (__3ZA2YR),__3ZA2YR,01 - Non intersection,03 - P.D. only,04 - Sideswipe,02 - Rain,05 - Dusk,02 - Wet,10 - No control,,3,0,0,0,,0,,,,,369279.0034,5030939.17,45.41541721,-75.67616764,1725
18--11362,10/28/2018,8:15 PM,RIDEAU VALLEY DR E @ ROGER STEVENS DR E (0003678),3678,02 - Intersection related,03 - P.D. only,03 - Rear end,03 - Snow,07 - Dark,02 - Wet,02 - Stop sign,01 - Functioning,2,0,0,0,,0,,,,,372212.7031,5002825.333,45.16217929,-75.64250889,1726
18--11363,10/28/2018,9:41 AM,OLD ALMONTE RD btwn CORKERY RD & HOWIE RD (__3ZACBG),__3ZACBG,01 - Non intersection,03 - P.D. only,07 - SMV other,03 - Snow,01 - Daylight,04 - Slush,10 - No control,,1,0,0,0,,0,,,,,339456.17,5013523.414,45.26081559,-76.05841013,1727
18--11364,10/28/2018,9:48 AM,BESSERER ST @ DALHOUSIE ST (0011452),11452,02 - Intersection related,03 - P.D. only,05 - Turning movement,02 - Rain,01 - Daylight,02 - Wet,01 - Traffic signal,01 - Functioning,2,0,0,0,,0,,,,,368252.7014,5032157.574,45.42647381,-75.68912219,1728
18--11365,10/28/2018,9:50 AM,CHAMPLAIN ST @ REGIONAL RD 174 (0012349),12349,03 - At intersection,03 - P.D. only,02 - Angle,03 - Snow,01 - Daylight,02 - Wet,02 - Stop sign,01 - Functioning,2,0,0,0,,0,,,,,381577.7371,5038228.581,45.47976012,-75.51791354,1729
18--11366,10/28/2018,9:57 AM,HARRY DOUGLAS DR @ IBER RD (0010266),10266,03 - At intersection,01 - Fatal injury,02 - Angle,03 - Snow,01 - Daylight,03 - Loose snow,02 - Stop sign,01 - Functioning,3,0,0,0,04 - Fatal,4,1,1,1,1,351693.6002,5015205.437,45.27524166,-75.90232905,1730
18--11367,10/28/2018,9:57 AM,HIGHWAY 416 btwn HWY416 IC66 RAMP24 & HWY416 IC57 RAMP62 (__3ZA1OI),__3ZA1OI,01 - Non intersection,03 - P.D. only,07 - SMV other,03 - Snow,01 - Daylight,04 - Slush,10 - No control,,1,0,0,0,,0,,,,,360413.039,5014231.935,45.26584641,-75.79131446,1731
18--11368,10/29/2018,10:15 PM,HUNT CLUB RD @ LORRY GREENBERG DR/SABLE RIDGE  (0008203),8203,03 - At intersection,03 - P.D. only,05 - Turning movement,02 - Rain,07 - Dark,02 - Wet,01 - Traffic signal,01 - Functioning,2,0,0,0,,0,,,,,372823.7386,5024807.504,45.35991145,-75.63172764,1732
18--11369,10/29/2018,11:03 AM,BASELINE RD @ CLYDE AVE (0002343),2343,02 - Intersection related,03 - P.D. only,04 - Sideswipe,01 - Clear,01 - Daylight,02 - Wet,01 - Traffic signal,01 - Functioning,3,0,0,0,,0,,,,,364358.7031,5024890.513,45.3614286,-75.73975727,1733
18--1137,1/22/2018,4:49 PM,BLACKBURN AVE @ TEMPLETON ST (0007311),7311,03 - At intersection,03 - P.D. only,02 - Angle,01 - Clear,05 - Dusk,01 - Dry,02 - Stop sign,01 - Functioning,2,0,0,0,,0,,,,,369512.7539,5031781.275,45.42297257,-75.67307077,1734
18--11370,10/29/2018,11:06 PM,BASELINE RD btwn COBDEN RD & BARBARA ANN PRIV (__3ZA1RV),__3ZA1RV,01 - Non intersection,03 - P.D. only,04 - Sideswipe,01 - Clear,07 - Dark,01 - Dry,10 - No control,,2,0,0,0,,0,,,,,361720.0363,5023259.622,45.34697315,-75.77362377,1735
18--11371,10/29/2018,11:15 AM,PRINCE OF WALES DR @ WEST HUNT CLUB RD (0000567),567,02 - Intersection related,03 - P.D. only,03 - Rear end,02 - Rain,01 - Daylight,02 - Wet,01 - Traffic signal,01 - Functioning,2,0,0,0,,0,,,,,367458.7105,5021891.504,45.3341739,-75.70057067,1736
18--11372,10/29/2018,11:35 AM,KENT ST @ SLATER ST (0002114),2114,03 - At intersection,03 - P.D. only,05 - Turning movement,01 - Clear,01 - Daylight,02 - Wet,01 - Traffic signal,01 - Functioning,2,0,0,0,,0,,,,,367261.7073,5031252.586,45.41842021,-75.70189985,1737
18--11373,10/29/2018,11:59 AM,BREWER RD @ BRONSON AVE (0002240),2240,02 - Intersection related,02 - Non-fatal injury,03 - Rear end,01 - Clear,01 - Daylight,01 - Dry,01 - Traffic signal,01 - Functioning,2,0,0,0,01 - Minimal,1,1,,,,368109.0473,5027766.436,45.38697675,-75.69152164,1738
18--11374,10/29/2018,Unknown,SOMERSET ST    W btwn PRESTON ST & ROCHESTER ST (__3ZA321),__3ZA321,01 - Non intersection,03 - P.D. only,06 - SMV unattended vehicle,01 - Clear,00 - Unknown,02 - Wet,10 - No control,,1,0,0,0,,0,,,,,366405.6414,5030169.782,45.40875334,-75.71297247,1739
18--11375,10/29/2018,Unknown,ATTWOOD CRES btwn DEER PARK RD & DEER PARK RD (__3ZAAO8),__3ZAAO8,01 - Non intersection,03 - P.D. only,06 - SMV unattended vehicle,01 - Clear,00 - Unknown,02 - Wet,10 - No control,,1,0,0,0,,0,,,,,366235.0564,5025215.955,45.36419494,-75.71576815,1740
18--11376,10/29/2018,Unknown,FONTENAY CRES btwn FONTENAY CRT & HOLMES CRES (__3ZA9D6),__3ZA9D6,01 - Non intersection,03 - P.D. only,06 - SMV unattended vehicle,01 - Clear,00 - Unknown,01 - Dry,10 - No control,,1,0,0,0,,0,,,,,371552.2557,5024420.17,45.35654857,-75.64800766,1741
18--11377,10/29/2018,12:00 PM,GREEN VALLEY CRES @ PRINCE OF WALES DR (0003083),3083,02 - Intersection related,03 - P.D. only,99 - Other,01 - Clear,01 - Daylight,01 - Dry,02 - Stop sign,01 - Functioning,2,0,0,0,,0,,,,,366994.7176,5026707.538,45.37754888,-75.70588403,1742
18--11378,10/29/2018,12:15 PM,BEECHWOOD AVE btwn CORONA AVE & OAKHILL RD (__3ZBN9V),__3ZBN9V,04 - At/near private drive,03 - P.D. only,02 - Angle,02 - Rain,01 - Daylight,02 - Wet,10 - No control,,2,0,0,0,,0,,,,,369709.765,5034208.602,45.44479442,-75.67023352,1743
18--11379,10/29/2018,12:17 PM,RICHMOND RD btwn CLIFTON RD & KIRKWOOD AVE (__3ZA4OD),__3ZA4OD,01 - Non intersection,03 - P.D. only,04 - Sideswipe,01 - Clear,01 - Daylight,01 - Dry,10 - No control,,2,0,0,0,,0,,,,,363735.4891,5028615.014,45.39499377,-75.74726711,1744
18--1138,1/22/2018,4:50 PM,STITTSVILLE MAIN ST btwn ORVILLE ST & ELM CRES (__3ZA3DW),__3ZA3DW,01 - Non intersection,03 - P.D. only,03 - Rear end,03 - Snow,05 - Dusk,03 - Loose snow,10 - No control,,2,0,0,0,,0,,,,,350346.5488,5013209.818,45.25737295,-75.91967967,1745
18--11380,10/29/2018,12:34 AM,PORTOBELLO BLVD @ CAPREOL ST/MARTELLO DR (0013014),13014,03 - At intersection,03 - P.D. only,02 - Angle,01 - Clear,07 - Dark,02 - Wet,02 - Stop sign,01 - Functioning,2,0,0,0,,0,,,,,385688.7739,5035639.881,45.45600536,-75.46576254,1746
18--11381,10/29/2018,12:40 PM,CROWNRIDGE DR @ HOPE SIDE RD (0010357),10357,02 - Intersection related,03 - P.D. only,07 - SMV other,02 - Rain,01 - Daylight,02 - Wet,02 - Stop sign,01 - Functioning,1,0,0,0,,0,,,,,356074.7927,5014981.066,45.27291689,-75.84651629,1747
18--11382,10/29/2018,12:54 PM,EAGLESON RD @ PALOMINO DR S/ROTHESAY DR (0003134),3134,02 - Intersection related,03 - P.D. only,03 - Rear end,01 - Clear,01 - Daylight,02 - Wet,01 - Traffic signal,01 - Functioning,2,0,0,0,,0,,,,,354124.6345,5017288.449,45.29381876,-75.87113966,1748