Anom_ID,Accident_Date,Accident_Time,Location,Geo_ID,Accident_Location,Classification_of_Accident,Initial_Impact_Type,Environment_Condition,Light,Road_Surface_Condition,Traffic_Control,Traffic_Control_Condition,No__of_Vehicles,No__of_Bicycles,No__of_Motorcycles,No__of_Pedestrians,Max_Injury,No__of_Injuries,No__of_Minimal,No__of_Minor,No__of_Major,No__of_Fatal,X,Y,Latitude,Longitude,ObjectId
18--11383,10/29/2018,2:09 PM,ARIZONA AVE @ JEFFERSON ST (0008036),8036,02 - Intersection related,02 - Non-fatal injury,02 - Angle,"07 - Fog, mist, smoke, dust",01 - Daylight,02 - Wet,02 - Stop sign,01 - Functioning,2,1,0,0,02 - Minor,1,,1,,,371790.7278,5027214.547,45.38166862,-75.64458534,1749
18--11384,10/29/2018,2:15 PM,CAMERON ST @ REGIONAL RD 174 (0012883),12883,02 - Intersection related,03 - P.D. only,03 - Rear end,02 - Rain,01 - Daylight,02 - Wet,01 - Traffic signal,01 - Functioning,2,0,0,0,,0,,,,,389860.774,5042617.564,45.51828699,-75.41122025,1750
18--11385,10/29/2018,2:40 PM,INNES RD @ STAR TOP RD/WINDMILL LANE (0008734),8734,02 - Intersection related,03 - P.D. only,03 - Rear end,02 - Rain,01 - Daylight,02 - Wet,01 - Traffic signal,01 - Functioning,2,0,0,0,,0,,,,,374147.7254,5030666.56,45.41249882,-75.61400675,1751
18--11386,10/29/2018,3:35 PM,HAWTHORNE AVE @ MAIN ST (0006919),6919,02 - Intersection related,03 - P.D. only,03 - Rear end,01 - Clear,01 - Daylight,01 - Dry,01 - Traffic signal,01 - Functioning,2,0,0,0,,0,,,,,368970.71,5030632.567,45.41268684,-75.68014614,1752
18--11387,10/29/2018,3:36 PM,CASTLEFRANK RD @ KATIMAVIK RD (0003228),3228,03 - At intersection,02 - Non-fatal injury,05 - Turning movement,02 - Rain,01 - Daylight,02 - Wet,01 - Traffic signal,01 - Functioning,2,0,0,0,03 - Major,2,,1,1,,351950.4526,5018943.516,45.30886072,-75.89870024,1753
18--11388,10/29/2018,3:45 PM,HERZBERG RD @ CARLING AVE (0003193),3193,02 - Intersection related,03 - P.D. only,03 - Rear end,01 - Clear,01 - Daylight,02 - Wet,01 - Traffic signal,01 - Functioning,2,0,0,0,,0,,,,,352037.6201,5022300.493,45.33906167,-75.89726843,1754
18--11389,10/29/2018,3:45 PM,PRINCE OF WALES DR btwn NORMANDY CRES & FALAISE RD (1) (__3ZA36P),__3ZA36P,01 - Non intersection,03 - P.D. only,03 - Rear end,02 - Rain,01 - Daylight,02 - Wet,10 - No control,,2,0,0,0,,0,,,,,367465.3889,5024864.008,45.36091929,-75.70010884,1755
18--1139,1/22/2018,5:03 PM,TENTH LINE RD @ VANGUARD DR (0004632),4632,03 - At intersection,03 - P.D. only,03 - Rear end,03 - Snow,05 - Dusk,05 - Packed snow,01 - Traffic signal,01 - Functioning,2,0,0,0,,0,,,,,384072.7636,5035874.563,45.45830202,-75.4863836,1756
18--11390,10/29/2018,4:03 PM,BRIAN COBURN BLVD @ NANTES ST (0013816),13816,02 - Intersection related,02 - Non-fatal injury,03 - Rear end,01 - Clear,01 - Daylight,02 - Wet,02 - Stop sign,01 - Functioning,2,0,0,0,01 - Minimal,1,1,,,,386131.2701,5035613.092,45.45571297,-75.46011018,1757
18--11391,10/29/2018,4:38 PM,ANDERSON RD @ RIDGE RD (0003631),3631,03 - At intersection,02 - Non-fatal injury,02 - Angle,02 - Rain,05 - Dusk,02 - Wet,02 - Stop sign,01 - Functioning,2,0,0,0,02 - Minor,1,,1,,,379029.7581,5028508.532,45.39258147,-75.55196656,1758
18--11392,10/29/2018,4:47 PM,COLONEL BY DR/MACKENZIE AVE @ DALY AVE (0008541),8541,02 - Intersection related,03 - P.D. only,04 - Sideswipe,02 - Rain,01 - Daylight,02 - Wet,01 - Traffic signal,01 - Functioning,3,0,0,0,,0,,,,,368002.7114,5031904.58,45.42422009,-75.69234902,1759
18--11393,10/29/2018,5:15 PM,HIGHWAY 417 btwn HWY417 IC124 RAMP65 & HWY417 IC122 RAMP51 (__3ZA2R8),__3ZA2R8,01 - Non intersection,03 - P.D. only,03 - Rear end,01 - Clear,01 - Daylight,01 - Dry,10 - No control,,3,0,0,0,,0,,,,,364972.3746,5028396.383,45.39292138,-75.7314975,1760
18--11394,10/29/2018,5:30 PM,BROPHY DR btwn HWY416 IC57 RAMP53 & HWY416 IC57 RAMP34 (__3ZA1XQ),__3ZA1XQ,01 - Non intersection,03 - P.D. only,07 - SMV other,02 - Rain,01 - Daylight,02 - Wet,10 - No control,,1,0,0,0,,0,,,,,364388.8359,5007829.605,45.20791227,-75.74142151,1761
18--3042,3/7/2018,6:34 PM,PRINCE OF WALES DR @ MEADOWLANDS DR/HOG'S BACK (0001629),1629,02 - Intersection related,03 - P.D. only,03 - Rear end,01 - Clear,07 - Dark,02 - Wet,01 - Traffic signal,01 - Functioning,3,0,0,0,,0,,,,,367371.9186,5025693.477,45.36839102,-75.70119678,6630
18--11396,10/29/2018,5:45 PM,WILLIAM ST @ CLARENCE ST (0008499),8499,03 - At intersection,02 - Non-fatal injury,07 - SMV other,02 - Rain,01 - Daylight,02 - Wet,02 - Stop sign,01 - Functioning,1,0,0,1,01 - Minimal,1,1,,,,367943.7074,5032442.597,45.42906631,-75.69303396,1763
18--11397,10/29/2018,5:50 AM,HIGHWAY 417 btwn HWY417 IC145 RAMP55 & HWY417 IC144 RAMP51 (__3ZA2Q4),__3ZA2Q4,01 - Non intersection,03 - P.D. only,04 - Sideswipe,02 - Rain,07 - Dark,02 - Wet,10 - No control,,2,0,0,0,,0,,,,,346807.8325,5015268.259,45.27611583,-75.9645912,1764
18--11398,10/29/2018,6:00 PM,INDUSTRIAL AVE/INNES RD @ ST. LAURENT BLVD (0002203),2203,03 - At intersection,03 - P.D. only,05 - Turning movement,02 - Rain,05 - Dusk,02 - Wet,01 - Traffic signal,01 - Functioning,2,0,0,0,,0,,,,,373099.7274,5030005.566,45.40665457,-75.62748608,1765
18--11399,10/29/2018,6:01 PM,STITTSVILLE MAIN ST/HUNTLEY RD @ FLEWELLYN RD (0004602),4602,03 - At intersection,03 - P.D. only,05 - Turning movement,02 - Rain,07 - Dark,02 - Wet,02 - Stop sign,01 - Functioning,2,0,0,0,,0,,,,,351416.5964,5010740.397,45.23508214,-75.90627817,1766
18--114,1/2/2018,5:05 PM,HIGHWAY 417 btwn HWY417 IC126 RAMP61 & HWY417 IC124 RAMP76 (__3ZA2Y2),__3ZA2Y2,01 - Non intersection,03 - P.D. only,03 - Rear end,01 - Clear,05 - Dusk,04 - Slush,10 - No control,,2,0,0,0,,0,,,,,363669.3504,5026528.735,45.37622733,-75.7483606,1767
18--1140,1/22/2018,5:26 PM,CUMBERLAND ST btwn CLARENCE ST & YORK ST (__3ZA7AT),__3ZA7AT,01 - Non intersection,03 - P.D. only,06 - SMV unattended vehicle,03 - Snow,05 - Dusk,06 - Ice,10 - No control,,1,0,0,0,,0,,,,,368218.1137,5032598.535,45.43044456,-75.68950737,1768
18--11400,10/29/2018,6:03 PM,INNES RD @ TENTH LINE RD (0004633),4633,03 - At intersection,02 - Non-fatal injury,05 - Turning movement,02 - Rain,07 - Dark,02 - Wet,01 - Traffic signal,01 - Functioning,2,0,0,0,01 - Minimal,2,2,,,,383951.7607,5036159.561,45.46087989,-75.48788467,1769
18--11401,10/29/2018,6:10 AM,CEDARVIEW RD btwn WOODSIA AVE & FALLOWFIELD RD (__3ZA4Y7),__3ZA4Y7,01 - Non intersection,02 - Non-fatal injury,07 - SMV other,02 - Rain,07 - Dark,02 - Wet,10 - No control,,1,0,0,0,01 - Minimal,1,1,,,,361213.3606,5015848.068,45.28032478,-75.78093301,1770
18--11402,10/29/2018,6:10 PM,BARRAN ST btwn FALLOWFIELD RD & ST. REMY DR (__3ZAB9K),__3ZAB9K,04 - At/near private drive,03 - P.D. only,06 - SMV unattended vehicle,01 - Clear,05 - Dusk,02 - Wet,10 - No control,,1,0,0,0,,0,,,,,362361.9199,5016120.74,45.28268519,-75.76626259,1771
18--11403,10/29/2018,6:15 PM,HIGHWAY 417 btwn HWY417 IC127 RAMP67 & HWY417 IC126 RAMP16 (__3ZA2X0),__3ZA2X0,01 - Non intersection,03 - P.D. only,03 - Rear end,02 - Rain,07 - Dark,02 - Wet,10 - No control,,2,0,0,0,,0,,,,,362775.7887,5025365.311,45.36583348,-75.75990511,1772
18--11404,10/29/2018,6:18 PM,MCARTHUR AVE @ VANIER PKWY (0004626),4626,02 - Intersection related,03 - P.D. only,03 - Rear end,02 - Rain,07 - Dark,02 - Wet,01 - Traffic signal,01 - Functioning,3,0,0,0,,0,,,,,370218.7051,5032690.586,45.43108852,-75.66392999,1773
18--11405,10/29/2018,6:23 PM,LAURIER AVE @ NICHOLAS ST (0010711),10711,02 - Intersection related,03 - P.D. only,03 - Rear end,02 - Rain,05 - Dusk,02 - Wet,01 - Traffic signal,01 - Functioning,3,0,0,0,,0,,,,,368373.6375,5031798.27,45.42322993,-75.68762325,1774
18--11406,10/29/2018,6:24 PM,CONSTANCE BAY RD SOUTH EXTENSION @ DUNROBIN RD (0014569),14569,03 - At intersection,03 - P.D. only,02 - Angle,01 - Clear,07 - Dark,02 - Wet,02 - Stop sign,01 - Functioning,2,0,0,0,,0,,,,,336795.6011,5037200.646,45.4739992,-76.09077687,1775
18--11407,10/29/2018,6:39 PM,FIRST AVE btwn LYON ST S & BANK ST (__3ZA93N),__3ZA93N,01 - Non intersection,03 - P.D. only,07 - SMV other,02 - Rain,07 - Dark,02 - Wet,10 - No control,,1,0,0,0,,0,,,,,368064.7129,5029577.97,45.4032804,-75.69185545,1776
18--11408,10/29/2018,6:46 PM,MONTREAL RD btwn CARSON'S RD/CODD'S RD & DEN HAAG DR/LANG'S RD (__3ZA2DU),__3ZA2DU,01 - Non intersection,03 - P.D. only,03 - Rear end,02 - Rain,07 - Dark,02 - Wet,10 - No control,,2,0,0,0,,0,,,,,372400.3991,5034228.298,45.44471661,-75.63583927,1777
18--11409,10/29/2018,6:49 PM,WOODROFFE AVE @ KNOXDALE RD/MEDHURST DR (0000519),519,02 - Intersection related,02 - Non-fatal injury,03 - Rear end,02 - Rain,07 - Dark,02 - Wet,01 - Traffic signal,01 - Functioning,2,0,0,0,01 - Minimal,1,1,,,,363419.6896,5021826.487,45.33393792,-75.75210553,1778
18--1141,1/22/2018,5:30 PM,BROAD ST @ OTTAWA RIVER PKWY (0011719),11719,03 - At intersection,03 - P.D. only,03 - Rear end,03 - Snow,05 - Dusk,03 - Loose snow,01 - Traffic signal,01 - Functioning,3,0,0,0,,0,,,,,366125.3727,5030906.587,45.41540753,-75.71646097,1779
18--11410,10/29/2018,7:00 PM,BANK ST btwn GLADSTONE AVE & MCLEOD ST (__3ZA3PF),__3ZA3PF,01 - Non intersection,03 - P.D. only,04 - Sideswipe,01 - Clear,07 - Dark,01 - Dry,10 - No control,,2,0,0,0,,0,,,,,367939.2246,5030509.793,45.41167599,-75.69333894,1780
18--11411,10/29/2018,7:01 PM,SILVER SEVEN RD btwn FRANK NIGHBOR PL & 280 N OF PALLADIUM DR/COSTCO S (__3ZAZH2A),__3ZAZH2A,04 - At/near private drive,03 - P.D. only,02 - Angle,02 - Rain,07 - Dark,02 - Wet,10 - No control,,2,0,0,0,,0,,,,,350820.9874,5018149.388,45.30178986,-75.91317703,1781
18--11412,10/29/2018,7:18 AM,FALLOWFIELD RD btwn MOODIE DR & HWY416 IC66 RAMP53 (__3ZA4Y6),__3ZA4Y6,01 - Non intersection,03 - P.D. only,03 - Rear end,02 - Rain,01 - Daylight,02 - Wet,10 - No control,,2,0,0,0,,0,,,,,359550.6265,5014650.064,45.26967645,-75.8022574,1782
18--11413,10/29/2018,7:20 AM,HIGHWAY 416 btwn HWY416 IC66 RAMP62 & HWY416 IC72 RAMP24 (__3ZAZMZ),__3ZAZMZ,01 - Non intersection,03 - P.D. only,07 - SMV other,01 - Clear,01 - Daylight,02 - Wet,10 - No control,,1,0,0,0,,0,,,,,360321.6544,5018004.226,45.29979705,-75.79205685,1783
18--11414,10/29/2018,7:27 AM,MARCH RD btwn MORGAN'S GRANT WAY & TERRY FOX DR (__3ZA3CF),__3ZA3CF,01 - Non intersection,03 - P.D. only,03 - Rear end,02 - Rain,01 - Daylight,02 - Wet,10 - No control,,4,0,0,0,,0,,,,,349695.8918,5023580.693,45.35073496,-75.92703013,1784
18--11415,10/29/2018,7:30 AM,HIGHWAY 417 btwn HWY417 IC118 RAMP67 & HWY417 IC117 RAMP36 (__3ZA2YO),__3ZA2YO,01 - Non intersection,03 - P.D. only,03 - Rear end,02 - Rain,01 - Daylight,02 - Wet,10 - No control,,3,0,0,0,,0,,,,,370125.82,5031111.659,45.41689065,-75.66532635,1785
18--11416,10/29/2018,7:34 PM,HEMLOCK RD @ ST. LAURENT BLVD (0007183),7183,03 - At intersection,02 - Non-fatal injury,02 - Angle,03 - Snow,07 - Dark,02 - Wet,01 - Traffic signal,01 - Functioning,2,1,0,0,01 - Minimal,1,1,,,,371145.8407,5034781.546,45.44981468,-75.65180036,1786
18--11417,10/29/2018,8:15 PM,ISLAND PARK DR btwn MAILES AVE & RICHMOND RD (__3ZA236),__3ZA236,01 - Non intersection,03 - P.D. only,01 - Approaching,02 - Rain,07 - Dark,02 - Wet,10 - No control,,2,0,0,0,,0,,,,,364124.2444,5028875.849,45.39730789,-75.74227094,1787
18--11418,10/29/2018,8:22 AM,GREENBANK RD @ MALVERN DR/FOXFIELD DR (0009821),9821,02 - Intersection related,03 - P.D. only,03 - Rear end,02 - Rain,01 - Daylight,02 - Wet,01 - Traffic signal,01 - Functioning,3,0,0,0,,0,,,,,363311.6864,5016194.433,45.28326986,-75.75414832,1788
18--11419,10/29/2018,8:40 AM,OGILVIE RD btwn LASSITER TER & LASSITER TER (__3ZA70K),__3ZA70K,01 - Non intersection,03 - P.D. only,03 - Rear end,02 - Rain,01 - Daylight,02 - Wet,10 - No control,,2,0,0,0,,0,,,,,375486.3937,5034950.235,45.45090692,-75.59629097,1789
18--1142,1/22/2018,5:56 PM,IRIS ST @ WOODROFFE AVE (0002736),2736,02 - Intersection related,03 - P.D. only,01 - Approaching,03 - Snow,07 - Dark,03 - Loose snow,01 - Traffic signal,01 - Functioning,2,0,0,0,,0,,,,,362282.6922,5024441.52,45.3575619,-75.76630671,1790
18--11420,10/29/2018,8:41 AM,STRANDHERD DR @ LONGFIELDS DR (0010935),10935,03 - At intersection,03 - P.D. only,03 - Rear end,02 - Rain,01 - Daylight,02 - Wet,01 - Traffic signal,01 - Functioning,2,0,0,0,,0,,,,,364548.8103,5015173.324,45.27397787,-75.73850293,1791
18--11421,10/29/2018,8:45 PM,HOLLY ACRES RD @ TRANSITWAY - BAYSHORE/278 N O (0009787),9787,03 - At intersection,03 - P.D. only,05 - Turning movement,01 - Clear,07 - Dark,02 - Wet,01 - Traffic signal,01 - Functioning,2,0,0,0,,0,,,,,358496.6748,5022986.456,45.34476937,-75.8147848,1792
18--11422,10/29/2018,9:06 PM,AIRPORT PKWY @ BROOKFIELD RD RAMP 34 (0002634),2634,02 - Intersection related,03 - P.D. only,03 - Rear end,02 - Rain,07 - Dark,02 - Wet,10 - No control,,2,0,0,0,,0,,,,,368762.7195,5026514.53,45.37565308,-75.68333707,1793
18--11423,10/29/2018,9:25 PM,BRONSON AVE @ CATHERINE ST/RAYMOND ST (0007198),7198,03 - At intersection,03 - P.D. only,05 - Turning movement,01 - Clear,07 - Dark,02 - Wet,01 - Traffic signal,01 - Functioning,2,0,0,0,,0,,,,,367252.7085,5029796.567,45.40532019,-75.7021993,1794
18--11424,10/29/2018,9:30 AM,SILVER SPRUCE WAY btwn ASPER TRAIL CIR & MEADOWBREEZE DR (e___2HR5),e___2HR5,04 - At/near private drive,03 - P.D. only,99 - Other,01 - Clear,01 - Daylight,02 - Wet,10 - No control,,2,0,0,0,,0,,,,,356364.0973,5015437.039,45.27699867,-75.84278206,1795
18--11425,10/29/2018,9:39 AM,BANK ST @ JOHNSTON RD (0006967),6967,02 - Intersection related,03 - P.D. only,03 - Rear end,01 - Clear,01 - Daylight,02 - Wet,01 - Traffic signal,01 - Functioning,2,0,0,0,,0,,,,,370851.7301,5024839.528,45.36038816,-75.6568918,1796
18--11426,10/29/2018,9:50 AM,COLONEL BY DR @ HOG'S BACK RD (0002635),2635,02 - Intersection related,03 - P.D. only,04 - Sideswipe,02 - Rain,01 - Daylight,02 - Wet,01 - Traffic signal,01 - Functioning,3,0,0,0,,0,,,,,367602.7099,5025873.537,45.36999051,-75.69822786,1797
18--11427,10/30/2018,1:10 PM,FALLOWFIELD RD @ GREENBANK RD (0000549),549,02 - Intersection related,03 - P.D. only,03 - Rear end,01 - Clear,01 - Daylight,01 - Dry,01 - Traffic signal,01 - Functioning,2,0,0,0,,0,,,,,363080.676,5016732.455,45.28813019,-75.75702958,1798
18--11428,10/30/2018,1:27 PM,BANK ST @ SNAKE ISLAND RD/VICTORIA ST (0001080),1080,02 - Intersection related,03 - P.D. only,03 - Rear end,01 - Clear,01 - Daylight,01 - Dry,01 - Traffic signal,01 - Functioning,2,0,0,0,,0,,,,,383696.7884,5010121.406,45.22663588,-75.49529736,1799
18--11429,10/30/2018,10:00 AM,HIGHWAY 417 btwn HWY417 IC121B RAMP16 & HWY417 IC121A RAMP16 (__3ZA2YX),__3ZA2YX,01 - Non intersection,03 - P.D. only,03 - Rear end,01 - Clear,01 - Daylight,01 - Dry,10 - No control,,3,0,0,0,,0,,,,,366935.0301,5029639.936,45.40393914,-75.70627682,1800
18--1107,1/21/2018,2:30 PM,GREENBANK RD @ WEST HUNT CLUB RD (0005167),5167,02 - Intersection related,03 - P.D. only,04 - Sideswipe,01 - Clear,01 - Daylight,01 - Dry,01 - Traffic signal,01 - Functioning,2,0,0,0,,0,,,,,361479.6763,5020502.479,45.3221839,-75.7770066,1801
18--11070,10/20/2018,7:53 AM,RENAUD RD @ SADDLERIDGE DR (0013678),13678,03 - At intersection,03 - P.D. only,02 - Angle,01 - Clear,01 - Daylight,02 - Wet,02 - Stop sign,01 - Functioning,2,0,0,0,,0,,,,,381580.8351,5032591.7,45.42904372,-75.51875393,1802
18--11071,10/20/2018,8:19 AM,DE MAZENOD AVE btwn JEREMIAH KEALEY ST & TELMON ST (e___2IY3),e___2IY3,01 - Non intersection,03 - P.D. only,06 - SMV unattended vehicle,01 - Clear,01 - Daylight,01 - Dry,10 - No control,,1,0,0,0,,0,,,,,369415.665,5030154.391,45.40834344,-75.6745246,1803
18--11072,10/20/2018,8:31 PM,STRANDHERD DR @ WOODROFFE AVE (0009688),9688,03 - At intersection,03 - P.D. only,02 - Angle,01 - Clear,07 - Dark,01 - Dry,01 - Traffic signal,01 - Functioning,2,0,0,0,,0,,,,,366106.1542,5015395.15,45.2758398,-75.71862906,1804
18--11073,10/20/2018,8:50 AM,RICHMOND RD @ HOLLY ACRES RD/NANAIMO DR (0001068),1068,02 - Intersection related,03 - P.D. only,03 - Rear end,01 - Clear,01 - Daylight,02 - Wet,01 - Traffic signal,01 - Functioning,2,0,0,0,,0,,,,,359058.5577,5022748.493,45.34258494,-75.80764133,1805
18--11074,10/20/2018,9:00 PM,CONSTANCE BAY RD btwn BAILLIE AVE & BAYVIEW DR (__3ZAC7J),__3ZAC7J,04 - At/near private drive,03 - P.D. only,07 - SMV other,01 - Clear,07 - Dark,01 - Dry,10 - No control,,1,0,0,0,,0,,,,,338191.2039,5038605.822,45.48657794,-76.07283209,1806
18--11075,10/21/2018,10:01 AM,BANK ST btwn JOHNSTON RD & SOUTHKEYS SC (__3ZA37TA),__3ZA37TA,01 - Non intersection,03 - P.D. only,07 - SMV other,01 - Clear,01 - Daylight,01 - Dry,10 - No control,,1,0,0,0,,0,,,,,370975.5714,5024623.033,45.35842853,-75.65534021,1807
18--11076,10/21/2018,11:30 AM,VIEWMOUNT DR @ MERIVALE RD (0001528),1528,03 - At intersection,03 - P.D. only,02 - Angle,01 - Clear,01 - Daylight,01 - Dry,01 - Traffic signal,01 - Functioning,2,0,0,0,,0,,,,,365193.6968,5022948.495,45.34388317,-75.72933709,1808
18--11077,10/21/2018,11:32 PM,QUEEN ELIZABETH DRWY btwn THIRD AVE & SECOND AVE (__3ZA22M),__3ZA22M,01 - Non intersection,03 - P.D. only,03 - Rear end,01 - Clear,07 - Dark,01 - Dry,10 - No control,,2,0,0,0,,0,,,,,368816.3625,5029876.378,45.40589705,-75.6822161,1809
18--11078,10/21/2018,11:42 PM,LIMEBANK RD btwn RIDEAU RD & MITCH OWENS RD (__3ZA6LY),__3ZA6LY,01 - Non intersection,03 - P.D. only,07 - SMV other,01 - Clear,07 - Dark,01 - Dry,10 - No control,,1,0,0,0,,0,,,,,371462.4511,5012561.865,45.24985899,-75.65074839,1810
18--11079,10/21/2018,11:58 AM,MONTREAL RD @ BATHGATE DR/BURMA RD (0007650),7650,02 - Intersection related,03 - P.D. only,04 - Sideswipe,01 - Clear,01 - Daylight,01 - Dry,01 - Traffic signal,01 - Functioning,2,0,0,0,,0,,,,,373224.7222,5034516.592,45.44723033,-75.62526278,1811
18--1108,1/21/2018,2:34 PM,MCARTHUR AVE btwn LAFONTAINE AVE & EASTWOOD PL (__3ZA3W0),__3ZA3W0,01 - Non intersection,03 - P.D. only,04 - Sideswipe,01 - Clear,01 - Daylight,01 - Dry,10 - No control,,2,0,0,0,,0,,,,,371006.2595,5032777.034,45.43179223,-75.65385429,1812
18--11080,10/21/2018,12:15 PM,ISABELLA ST/HWY417 IC119AR75 @ METCALFE ST (0011380),11380,02 - Intersection related,03 - P.D. only,04 - Sideswipe,01 - Clear,01 - Daylight,01 - Dry,01 - Traffic signal,01 - Functioning,2,0,0,0,,0,,,,,368448.7068,5030399.565,45.41063804,-75.68684473,1813
18--11081,10/21/2018,3:20 PM,CUMBERLAND ST @ RIDEAU ST (0007759),7759,03 - At intersection,03 - P.D. only,02 - Angle,01 - Clear,01 - Daylight,01 - Dry,01 - Traffic signal,01 - Functioning,2,0,0,0,,0,,,,,368374.5112,5032329.974,45.42801394,-75.68754346,1814
18--11082,10/21/2018,4:00 PM,OTTAWA RIVER PKWY @ ISLAND PARK DR (0002127),2127,02 - Intersection related,03 - P.D. only,03 - Rear end,01 - Clear,01 - Daylight,01 - Dry,01 - Traffic signal,01 - Functioning,2,0,0,0,,0,,,,,363298.6947,5029453.563,45.40257552,-75.75274598,1815
18--11083,10/21/2018,4:04 PM,780 W OF TERRY FOX DR @ HAZELDEAN RD (0013520),13520,02 - Intersection related,03 - P.D. only,03 - Rear end,01 - Clear,01 - Daylight,01 - Dry,01 - Traffic signal,01 - Functioning,2,0,0,0,,0,,,,,351618.5658,5016697.734,45.28867479,-75.90314454,1816
18--11084,10/21/2018,4:04 PM,MERIVALE RD btwn CALDWELL AVE & CENTRAL PARK DR (__3ZA3GW),__3ZA3GW,04 - At/near private drive,03 - P.D. only,02 - Angle,01 - Clear,01 - Daylight,01 - Dry,10 - No control,,2,0,0,0,,0,,,,,364927.5304,5026072.561,45.37201592,-75.73235322,1817
18--11085,10/21/2018,5:05 PM,DUNROBIN RD @ PORCUPINE TR (0001685),1685,03 - At intersection,03 - P.D. only,05 - Turning movement,01 - Clear,01 - Daylight,01 - Dry,02 - Stop sign,01 - Functioning,2,0,0,0,,0,,,,,341946.6017,5031874.588,45.42581923,-76.02529999,1818
18--11086,10/21/2018,6:23 PM,LYNDA LANE @ SMYTH RD (0002250),2250,02 - Intersection related,03 - P.D. only,04 - Sideswipe,01 - Clear,05 - Dusk,01 - Dry,02 - Stop sign,01 - Functioning,2,0,0,0,,0,,,,,371611.7225,5029191.548,45.39947399,-75.64660315,1819
18--11087,10/21/2018,7:04 PM,CANON SMITH DR btwn AYLWIN RD & FITZROY ST (__3ZA4RQ),__3ZA4RQ,01 - Non intersection,03 - P.D. only,07 - SMV other,01 - Clear,05 - Dusk,01 - Dry,10 - No control,,1,0,0,0,,0,,,,,327668.2775,5038002.04,45.48156899,-76.20747602,1820
18--11088,10/21/2018,7:41 PM,MEADOWLANDS DR btwn LAIRD ST & ROWLEY AVE (__3ZA4HL),__3ZA4HL,01 - Non intersection,02 - Non-fatal injury,05 - Turning movement,01 - Clear,07 - Dark,01 - Dry,10 - No control,,2,0,0,0,01 - Minimal,2,2,,,,364225.7239,5023375.238,45.34780563,-75.74163669,1821
18--11089,10/21/2018,8:30 PM,STRANDHERD DR @ WOODROFFE AVE (0009688),9688,03 - At intersection,03 - P.D. only,02 - Angle,01 - Clear,07 - Dark,01 - Dry,01 - Traffic signal,01 - Functioning,2,0,0,0,,0,,,,,366106.0777,5015395.186,45.27584013,-75.71863003,1822
18--1109,1/21/2018,2:49 PM,STEEPLE CHASE DR btwn STONEHAVEN DR & SPRUCE MEADOWS DR (__3ZA56P),__3ZA56P,01 - Non intersection,02 - Non-fatal injury,01 - Approaching,01 - Clear,01 - Daylight,02 - Wet,10 - No control,,2,0,0,0,02 - Minor,2,1,1,,,355124.3535,5017133.814,45.29235643,-75.85841031,1823
18--11090,10/21/2018,9:28 PM,MACKENZIE KING BR/WALLER ST @ NICHOLAS ST/WALL (0011251),11251,03 - At intersection,03 - P.D. only,02 - Angle,01 - Clear,07 - Dark,01 - Dry,01 - Traffic signal,01 - Functioning,2,0,0,0,,0,,,,,368372.1454,5031992.638,45.42497893,-75.68761723,1824
18--11091,10/22/2018,1:10 PM,FALLOWFIELD RD @ GREENBANK RD (0000549),549,02 - Intersection related,03 - P.D. only,03 - Rear end,01 - Clear,01 - Daylight,01 - Dry,01 - Traffic signal,01 - Functioning,3,0,0,0,,0,,,,,363080.6021,5016732.551,45.28813105,-75.75703051,1825
18--11092,10/22/2018,1:20 PM,CARLING AVE @ WOODROFFE AVE W (0011470),11470,02 - Intersection related,03 - P.D. only,04 - Sideswipe,01 - Clear,01 - Daylight,01 - Dry,01 - Traffic signal,01 - Functioning,2,0,0,0,,0,,,,,361767.793,5025725.588,45.36915787,-75.77273017,1826
18--11093,10/22/2018,10:03 AM,DONALD ST @ ST. LAURENT BLVD (0008630),8630,02 - Intersection related,03 - P.D. only,04 - Sideswipe,01 - Clear,01 - Daylight,01 - Dry,01 - Traffic signal,01 - Functioning,2,0,0,0,,0,,,,,372093.7123,5032472.585,45.42894914,-75.63999932,1827
18--11094,10/22/2018,10:32 AM,COLONEL BY DR @ HOG'S BACK RD (0002635),2635,03 - At intersection,02 - Non-fatal injury,05 - Turning movement,01 - Clear,01 - Daylight,01 - Dry,01 - Traffic signal,01 - Functioning,2,0,0,0,02 - Minor,1,,1,,,367602.7097,5025873.537,45.36999051,-75.69822787,1828
18--11095,10/22/2018,11:30 AM,TERRY FOX DR btwn INNOVATION DR & MARCH RD (__3ZACVM),__3ZACVM,04 - At/near private drive,03 - P.D. only,05 - Turning movement,01 - Clear,01 - Daylight,01 - Dry,10 - No control,,2,0,0,0,,0,,,,,349851.9125,5023387.871,45.3489899,-75.92505663,1829
18--11096,10/22/2018,11:45 AM,HAZELDEAN RD @ TERRY FOX DR (0003682),3682,02 - Intersection related,03 - P.D. only,03 - Rear end,01 - Clear,01 - Daylight,01 - Dry,01 - Traffic signal,01 - Functioning,2,0,0,0,,0,,,,,352207.6107,5017242.45,45.2935368,-75.8955836,1830
18--11097,10/22/2018,11:58 AM,BORRISOKANE RD/TARTAN DR @ STRANDHERD DR (0010634),10634,03 - At intersection,02 - Non-fatal injury,05 - Turning movement,01 - Clear,01 - Daylight,01 - Dry,01 - Traffic signal,01 - Functioning,2,0,0,0,01 - Minimal,2,2,,,,362291.2127,5013545.407,45.25951797,-75.76746199,1831