Anom_ID,Accident_Date,Accident_Time,Location,Geo_ID,Accident_Location,Classification_of_Accident,Initial_Impact_Type,Environment_Condition,Light,Road_Surface_Condition,Traffic_Control,Traffic_Control_Condition,No__of_Vehicles,No__of_Bicycles,No__of_Motorcycles,No__of_Pedestrians,Max_Injury,No__of_Injuries,No__of_Minimal,No__of_Minor,No__of_Major,No__of_Fatal,X,Y,Latitude,Longitude,ObjectId
18--11098,10/22/2018,Unknown,IONA ST btwn MAYFAIR AVE & CLARENDON AVE (__3ZA0K8),__3ZA0K8,01 - Non intersection,03 - P.D. only,06 - SMV unattended vehicle,01 - Clear,00 - Unknown,01 - Dry,10 - No control,,1,0,0,0,,0,,,,,364667.6657,5028527.01,45.39412285,-75.73537295,1832
18--11099,10/22/2018,12:07 PM,LAURIER AVE @ NICHOLAS ST (0010711),10711,02 - Intersection related,03 - P.D. only,04 - Sideswipe,01 - Clear,01 - Daylight,01 - Dry,01 - Traffic signal,01 - Functioning,2,0,0,0,,0,,,,,368373.7624,5031798.393,45.42323103,-75.68762164,1833
18--111,1/2/2018,4:58 PM,HIGHWAY 417 btwn HWY417 IC169 RAMP25 & HWY417 IC163 RAMP51 (__5SPOUW),__5SPOUW,01 - Non intersection,03 - P.D. only,04 - Sideswipe,03 - Snow,05 - Dusk,03 - Loose snow,10 - No control,,2,0,0,0,,0,,,,,326829.7553,5023922.686,45.35490351,-76.21883149,1834
18--1110,1/21/2018,3:24 PM,DEAKIN ST @ PRINCE OF WALES DR (0001073),1073,03 - At intersection,02 - Non-fatal injury,03 - Rear end,01 - Clear,01 - Daylight,01 - Dry,01 - Traffic signal,01 - Functioning,2,0,0,0,02 - Minor,1,,1,,,367390.7111,5021523.487,45.33086861,-75.70148469,1835
18--11100,10/22/2018,12:08 PM,FINDLAY CREEK DR btwn DEVONWOOD CIRC & BANK ST (__45KVBB),__45KVBB,04 - At/near private drive,02 - Non-fatal injury,02 - Angle,99 - Other,01 - Daylight,01 - Dry,10 - No control,,2,0,0,0,02 - Minor,1,,1,,,375829.907,5020449.454,45.32040151,-75.59398651,1836
18--11101,10/22/2018,12:19 PM,NAVAHO DR @ WOODROFFE AVE/TRANSITWAY N BASELIN (0010359),10359,02 - Intersection related,03 - P.D. only,03 - Rear end,01 - Clear,01 - Daylight,01 - Dry,01 - Traffic signal,01 - Functioning,2,0,0,0,,0,,,,,362706.2419,5023492.801,45.34899055,-75.7610122,1837
18--11102,10/22/2018,2:33 PM,BEAUDRY ST @ DONALD ST (0008622),8622,02 - Intersection related,02 - Non-fatal injury,02 - Angle,01 - Clear,01 - Daylight,01 - Dry,02 - Stop sign,01 - Functioning,2,1,0,0,01 - Minimal,1,1,,,,370835.7117,5032328.581,45.42777337,-75.65609386,1838
18--11103,10/22/2018,2:40 PM,HIGHWAY 417 btwn HWY417 IC118 RAMP35 & HWY417 IC117 RAMP51 (__3ZA2YP),__3ZA2YP,01 - Non intersection,03 - P.D. only,07 - SMV other,01 - Clear,01 - Daylight,01 - Dry,10 - No control,,1,0,0,0,,0,,,,,370328.785,5031118.303,45.41693145,-75.66273244,1839
18--11104,10/22/2018,3:00 PM,WALKLEY RD @ GLENHAVEN PRIV (0011424),11424,02 - Intersection related,02 - Non-fatal injury,07 - SMV other,01 - Clear,01 - Daylight,01 - Dry,01 - Traffic signal,01 - Functioning,1,0,0,2,02 - Minor,2,,2,,,370213.3694,5025873.678,45.36975297,-75.66490229,1840
18--11105,10/22/2018,3:22 PM,COLONEL BY DR @ HOG'S BACK RD (0002635),2635,03 - At intersection,02 - Non-fatal injury,04 - Sideswipe,02 - Rain,01 - Daylight,02 - Wet,01 - Traffic signal,01 - Functioning,3,0,0,0,01 - Minimal,1,1,,,,367602.7099,5025873.537,45.36999051,-75.69822786,1841
18--11106,10/22/2018,3:52 PM,FABLE ST @ PHYLIS ST (0000836),836,02 - Intersection related,03 - P.D. only,05 - Turning movement,01 - Clear,01 - Daylight,01 - Dry,02 - Stop sign,01 - Functioning,2,0,0,0,,0,,,,,362378.6777,5015759.441,45.27943283,-75.76609091,1842
18--11107,10/22/2018,3:57 PM,ST. JOSEPH BLVD @ JEANNE D'ARC BLVD (0012421),12421,03 - At intersection,03 - P.D. only,04 - Sideswipe,01 - Clear,01 - Daylight,01 - Dry,11 - Roundabout,01 - Functioning,2,0,0,0,,0,,,,,379860.7422,5036471.58,45.46413871,-75.54014138,1843
18--11108,10/22/2018,5:02 AM,HIGHWAY 416 btwn HWY416 IC57 RAMP52 & HWY416 IC57 RAMP24 (__3ZA1ND),__3ZA1ND,01 - Non intersection,03 - P.D. only,07 - SMV other,01 - Clear,07 - Dark,01 - Dry,10 - No control,,1,0,0,0,,0,,,,,364761.2561,5008025.176,45.20964045,-75.7366574,1844
18--11109,10/22/2018,5:02 PM,BANK ST btwn HOLMWOOD AVE & LANSDOWNE PARK (__3ZA3NFA),__3ZA3NFA,01 - Non intersection,03 - P.D. only,04 - Sideswipe,01 - Clear,01 - Daylight,01 - Dry,10 - No control,,2,1,0,0,,0,,,,,368503.5494,5029146.283,45.39935642,-75.68630607,1845
18--1111,1/21/2018,3:30 PM,BRONSON AVE @ IMPERIAL AVE/PLYMOUTH ST (0010859),10859,03 - At intersection,03 - P.D. only,05 - Turning movement,01 - Clear,01 - Daylight,01 - Dry,10 - No control,,2,0,0,0,,0,,,,,367318.7033,5029643.552,45.40393751,-75.70137573,1846
18--11110,10/22/2018,5:11 PM,BESSERER ST @ DALHOUSIE ST (0011452),11452,02 - Intersection related,03 - P.D. only,07 - SMV other,01 - Clear,05 - Dusk,02 - Wet,01 - Traffic signal,01 - Functioning,1,0,0,0,,0,,,,,368252.7012,5032157.575,45.42647382,-75.68912219,1847
18--11111,10/22/2018,5:36 PM,MCCORDICK RD @ ROGER STEVENS DR (0003719),3719,03 - At intersection,03 - P.D. only,02 - Angle,01 - Clear,05 - Dusk,01 - Dry,02 - Stop sign,01 - Functioning,2,0,0,0,,0,,,,,364681.6418,4998309.267,45.12222184,-75.73883608,1848
18--11112,10/22/2018,6:05 PM,FRANKTOWN RD btwn CONLEY RD & JOY'S RD (__3ZA42P),__3ZA42P,01 - Non intersection,03 - P.D. only,07 - SMV other,01 - Clear,05 - Dusk,01 - Dry,10 - No control,,1,0,0,0,,0,,,,,353174.9361,5002935.485,45.1647319,-75.88464228,1849
18--11113,10/22/2018,6:07 PM,MERIVALE RD btwn SHILLINGTON AVE & RAVEN AVE (__3ZBODC),__3ZBODC,01 - Non intersection,02 - Non-fatal injury,03 - Rear end,01 - Clear,05 - Dusk,01 - Dry,10 - No control,,2,0,0,0,02 - Minor,1,,1,,,364844.5996,5026815.446,45.37870738,-75.73332158,1850
18--11114,10/22/2018,6:23 AM,DUNROBIN RD btwn KINBURN SIDE RD & VANCES SIDE RD (__3ZA3FG),__3ZA3FG,04 - At/near private drive,03 - P.D. only,02 - Angle,01 - Clear,07 - Dark,01 - Dry,10 - No control,,2,0,0,0,,0,,,,,338036.7698,5035921.606,45.46243213,-76.07498928,1851
18--11115,10/22/2018,6:45 AM,JOHN SUTHERLAND DR @ RICHMOND RD (0000578),578,03 - At intersection,03 - P.D. only,05 - Turning movement,01 - Clear,03 - Dawn,01 - Dry,01 - Traffic signal,01 - Functioning,2,0,0,0,,0,,,,,358786.6646,5022150.494,45.3372251,-75.81117578,1852
18--11116,10/22/2018,7:00 PM,DES EPINETTES AVE @ JEANNE D'ARC BLVD (0004221),4221,03 - At intersection,03 - P.D. only,05 - Turning movement,02 - Rain,05 - Dusk,02 - Wet,01 - Traffic signal,01 - Functioning,2,0,0,0,,0,,,,,382226.679,5035958.624,45.45926534,-75.50997162,1853
18--11117,10/22/2018,7:02 AM,BLAIR RD @ INNES RD (0004165),4165,02 - Intersection related,03 - P.D. only,03 - Rear end,01 - Clear,03 - Dawn,01 - Dry,01 - Traffic signal,01 - Functioning,2,0,0,0,,0,,,,,375578.7735,5031439.517,45.41931019,-75.59561479,1854
18--11118,10/22/2018,7:02 PM,RICHMOND RD btwn STINSON AVE & STAFFORD RD (__3ZBOCU),__3ZBOCU,04 - At/near private drive,03 - P.D. only,05 - Turning movement,01 - Clear,05 - Dusk,01 - Dry,10 - No control,,2,0,0,0,,0,,,,,358120.2639,5021076.047,45.32760811,-75.81979363,1855
18--11119,10/22/2018,7:18 PM,REGIONAL ROAD 174 btwn OR174 IC101 RAMP26 & OR174 IC101 RAMP61 (__3ZA11T),__3ZA11T,01 - Non intersection,03 - P.D. only,04 - Sideswipe,02 - Rain,07 - Dark,02 - Wet,10 - No control,,2,0,0,0,,0,,,,,383104.3992,5039143.529,45.48782243,-75.49824264,1856
18--1112,1/21/2018,3:36 PM,AIRPORT PKWY btwn AIRPORT PARKWAY PRIV & RAMP (__3ZA23H),__3ZA23H,01 - Non intersection,03 - P.D. only,05 - Turning movement,01 - Clear,01 - Daylight,01 - Dry,10 - No control,,2,0,0,0,,0,,,,,370902.9236,5021118.217,45.32690007,-75.6567357,1857
18--11120,10/22/2018,7:45 AM,EARL ARMSTRONG RD @ SHORELINE DR (0013041),13041,02 - Intersection related,03 - P.D. only,03 - Rear end,01 - Clear,01 - Daylight,01 - Dry,01 - Traffic signal,01 - Functioning,2,0,0,0,,0,,,,,368839.9948,5015288.26,45.27463434,-75.68380246,1858
18--11121,10/22/2018,7:45 AM,RICHMOND RD btwn BROADVIEW AVE & GOLDEN AVE (__3ZA304),__3ZA304,04 - At/near private drive,03 - P.D. only,02 - Angle,01 - Clear,01 - Daylight,01 - Dry,10 - No control,,2,0,0,0,,0,,,,,362696.6623,5027880.538,45.38847173,-75.76062022,1859
18--11122,10/22/2018,8:15 PM,CARLING AVE @ HOLLAND AVE (0002146),2146,02 - Intersection related,03 - P.D. only,03 - Rear end,01 - Clear,07 - Dark,01 - Dry,01 - Traffic signal,01 - Functioning,2,0,0,0,,0,,,,,365416.6987,5028038.547,45.38966333,-75.72586721,1860
18--11123,10/22/2018,9:30 AM,LEITRIM RD @ LIMEBANK RD (0012318),12318,02 - Intersection related,03 - P.D. only,03 - Rear end,01 - Clear,01 - Daylight,01 - Dry,01 - Traffic signal,01 - Functioning,2,0,0,0,,0,,,,,369321.6239,5017960.099,45.2986311,-75.67731722,1861
18--11124,10/23/2018,1:36 PM,MONTREAL RD btwn AVIATION PKWY & DEN HAAG DR/LANG'S RD (__3ZA2CGB),__3ZA2CGB,04 - At/near private drive,03 - P.D. only,02 - Angle,01 - Clear,01 - Daylight,01 - Dry,10 - No control,,2,0,0,0,,0,,,,,372340.6681,5034199.915,45.44446701,-75.63660664,1862
18--11125,10/23/2018,10:45 AM,OSGOODE MAIN ST @ NIXON DR (0005772),5772,03 - At intersection,03 - P.D. only,02 - Angle,01 - Clear,01 - Daylight,01 - Dry,02 - Stop sign,01 - Functioning,2,0,0,0,,0,,,,,374401.7075,5000468.316,45.14075862,-75.61499629,1863
18--11126,10/23/2018,10:50 PM,HIGHWAY 417 btwn HWY417 IC121B RAMP51 & HWY417 IC121A RAMP51 (__3ZA2YW),__3ZA2YW,01 - Non intersection,03 - P.D. only,03 - Rear end,01 - Clear,07 - Dark,01 - Dry,10 - No control,,2,0,0,0,,0,,,,,367002.5129,5029641.613,45.40394824,-75.70541466,1864
18--11127,10/23/2018,11:09 PM,HIGHWAY 417 btwn HWY417 IC121B RAMP51 & HWY417 IC121A RAMP51 (__3ZA2YW),__3ZA2YW,01 - Non intersection,02 - Non-fatal injury,03 - Rear end,01 - Clear,07 - Dark,01 - Dry,10 - No control,,2,0,0,0,02 - Minor,1,,1,,,366774.7697,5029573.949,45.40335961,-75.70833211,1865
18--11128,10/23/2018,11:38 AM,COLONNADE RD @ MERIVALE RD (0004569),4569,03 - At intersection,02 - Non-fatal injury,02 - Angle,01 - Clear,01 - Daylight,01 - Dry,01 - Traffic signal,01 - Functioning,2,1,0,0,02 - Minor,1,,1,,,365363.6945,5022544.497,45.34023339,-75.72721746,1866
18--11129,10/23/2018,11:40 AM,BANK ST @ PORTLAND AVE (0006964),6964,02 - Intersection related,03 - P.D. only,03 - Rear end,01 - Clear,01 - Daylight,01 - Dry,02 - Stop sign,01 - Functioning,2,0,0,0,,0,,,,,370106.7175,5026552.523,45.37587095,-75.66617396,1867
18--1113,1/21/2018,5:19 PM,SECOND LINE RD btwn MALEY LANE & WILD ACRE LANE (__3ZAC4W),__3ZAC4W,01 - Non intersection,03 - P.D. only,07 - SMV other,03 - Snow,05 - Dusk,02 - Wet,10 - No control,,1,0,0,0,,0,,,,,346482.4233,5024922.598,45.36300815,-75.96792603,1868
18--11130,10/23/2018,11:55 AM,HELENIUM LANE @ WILLOW ASTER CIR (0017582),17582,02 - Intersection related,03 - P.D. only,99 - Other,01 - Clear,01 - Daylight,08 - Loose sand or gravel,10 - No control,,2,0,0,0,,0,,,,,383493.713,5033813.012,45.43981944,-75.49411621,1869
18--11131,10/23/2018,Unknown,VIEWMOUNT DR btwn FARM GATE CRES & OLD COUNTRY GT (__3ZA0AF),__3ZA0AF,01 - Non intersection,03 - P.D. only,06 - SMV unattended vehicle,01 - Clear,00 - Unknown,01 - Dry,10 - No control,,1,0,0,0,,0,,,,,366773.2318,5023995.834,45.35316916,-75.70905185,1870
18--11132,10/23/2018,12:41 PM,GREEN VALLEY CRES @ PRINCE OF WALES DR (0003083),3083,03 - At intersection,03 - P.D. only,02 - Angle,01 - Clear,01 - Daylight,01 - Dry,02 - Stop sign,01 - Functioning,2,0,0,0,,0,,,,,366994.7174,5026707.538,45.37754888,-75.70588404,1871
18--11133,10/23/2018,2:00 PM,HAZELDEAN RD @ TERRY FOX DR (0003682),3682,02 - Intersection related,03 - P.D. only,03 - Rear end,01 - Clear,01 - Daylight,01 - Dry,01 - Traffic signal,01 - Functioning,2,0,0,0,,0,,,,,352207.6112,5017242.451,45.29353681,-75.89558359,1872
18--11134,10/23/2018,2:23 PM,CARLING AVE @ KIRKWOOD AVE S (0002209),2209,02 - Intersection related,03 - P.D. only,04 - Sideswipe,01 - Clear,01 - Daylight,01 - Dry,01 - Traffic signal,01 - Functioning,2,0,0,0,,0,,,,,364351.6639,5027337.583,45.38344755,-75.73955208,1873
18--11135,10/23/2018,2:30 PM,HIGHWAY 417 btwn HWY417 IC124 RAMP76 & HWY417 IC124 RAMP67 (__3ZA2R7),__3ZA2R7,01 - Non intersection,02 - Non-fatal injury,03 - Rear end,01 - Clear,01 - Daylight,01 - Dry,10 - No control,,3,0,0,0,01 - Minimal,1,1,,,,364341.7884,5027420.454,45.38419405,-75.73966818,1874
18--11136,10/23/2018,3:15 PM,DONALD ST @ ST. LAURENT BLVD (0008630),8630,02 - Intersection related,03 - P.D. only,03 - Rear end,01 - Clear,01 - Daylight,01 - Dry,01 - Traffic signal,01 - Functioning,2,0,0,0,,0,,,,,372093.7132,5032472.584,45.42894914,-75.63999931,1875
18--11137,10/23/2018,3:20 PM,"MONTREAL RD btwn EGLISE, RUE DE L & ST. LAURENT BLVD (__3ZA3ML)",__3ZA3ML,04 - At/near private drive,02 - Non-fatal injury,02 - Angle,01 - Clear,01 - Daylight,01 - Dry,10 - No control,,2,0,0,0,01 - Minimal,2,2,,,,371454.8341,5033774.596,45.44072522,-75.64798687,1876
18--11138,10/23/2018,3:31 PM,HIGHWAY 417 btwn HWY417 IC119A RAMP75 & HWY417 IC118 RAMP57 (__3ZA2R2),__3ZA2R2,01 - Non intersection,03 - P.D. only,03 - Rear end,01 - Clear,01 - Daylight,01 - Dry,10 - No control,,4,0,0,0,,0,,,,,369015.1861,5030740.463,45.41365357,-75.67956391,1877
18--11139,10/23/2018,4:22 PM,HWY 417 VANIER IC117R26 @ VANIER PKWY (0002389),2389,02 - Intersection related,03 - P.D. only,04 - Sideswipe,01 - Clear,01 - Daylight,01 - Dry,10 - No control,,2,0,0,0,,0,,,,,370801.7206,5031359.567,45.41905779,-75.65665804,1878
18--1114,1/21/2018,7:10 AM,REGIONAL ROAD 174 btwn OR174 IC109 RAMP56 & OR174 IC109 RAMP86 (__3ZA28W),__3ZA28W,01 - Non intersection,03 - P.D. only,07 - SMV other,01 - Clear,03 - Dawn,01 - Dry,10 - No control,,1,0,0,0,,0,,,,,376418.7619,5034911.414,45.45046271,-75.58437803,1879
18--11140,10/23/2018,4:32 PM,CUMMINGS AVE/LABELLE ST @ CYRVILLE RD (0008791),8791,03 - At intersection,02 - Non-fatal injury,02 - Angle,01 - Clear,01 - Daylight,01 - Dry,01 - Traffic signal,01 - Functioning,2,1,0,0,01 - Minimal,1,1,,,,372860.5582,5031871.679,45.42346828,-75.63028334,1880
18--11141,10/23/2018,4:40 PM,BLAIR RD @ INNES RD (0004165),4165,02 - Intersection related,03 - P.D. only,03 - Rear end,01 - Clear,01 - Daylight,01 - Dry,01 - Traffic signal,01 - Functioning,2,0,0,0,,0,,,,,375578.7066,5031439.627,45.41931118,-75.59561563,1881
18--11142,10/23/2018,4:41 PM,PRINCE OF WALES DR btwn WATERBEND LANE & TURN LANE (__3ZA1H4),__3ZA1H4,01 - Non intersection,03 - P.D. only,03 - Rear end,01 - Clear,01 - Daylight,01 - Dry,10 - No control,,3,0,0,0,,0,,,,,367432.1907,5021717.786,45.33261318,-75.70093097,1882
18--11143,10/23/2018,4:49 PM,CARP RD @ STITTSVILLE MAIN ST (0005253),5253,02 - Intersection related,03 - P.D. only,03 - Rear end,01 - Clear,01 - Daylight,01 - Dry,01 - Traffic signal,01 - Functioning,2,0,0,0,,0,,,,,349524.7862,5014330.203,45.2675073,-75.93004857,1883
18--11144,10/23/2018,5:05 PM,PORTOBELLO BLVD btwn INNES RD & CHAREST WAY (__4BQ966),__4BQ966,04 - At/near private drive,02 - Non-fatal injury,02 - Angle,01 - Clear,01 - Daylight,01 - Dry,10 - No control,,2,1,0,0,01 - Minimal,1,1,,,,385659.4231,5036816.609,45.46659581,-75.46594422,1884
18--11145,10/23/2018,5:07 PM,PARKDALE AVE @ SCOTT ST (0002213),2213,02 - Intersection related,03 - P.D. only,04 - Sideswipe,01 - Clear,01 - Daylight,01 - Dry,01 - Traffic signal,01 - Functioning,2,0,0,0,,0,,,,,364949.7347,5029726.48,45.40489125,-75.73162442,1885
18--11146,10/23/2018,5:13 PM,MONTREAL RD @ PALACE ST (0004699),4699,03 - At intersection,03 - P.D. only,05 - Turning movement,01 - Clear,01 - Daylight,01 - Dry,10 - No control,,2,0,0,0,,0,,,,,369955.7157,5032998.585,45.43388432,-75.66724995,1886
18--11147,10/23/2018,5:30 PM,HIGHWAY 417 btwn HWY417 IC129 RAMP76 & HWY417 IC129 RAMP26 (__3ZA2RG),__3ZA2RG,01 - Non intersection,03 - P.D. only,04 - Sideswipe,01 - Clear,05 - Dusk,01 - Dry,10 - No control,,2,0,0,0,,0,,,,,360333.5687,5023458.999,45.34887828,-75.79129319,1887
18--11148,10/23/2018,5:35 PM,REGIONAL ROAD 174 btwn OR174 IC101 RAMP26 & OR174 IC101 RAMP61 (__3ZA11T),__3ZA11T,01 - Non intersection,02 - Non-fatal injury,07 - SMV other,01 - Clear,01 - Daylight,01 - Dry,10 - No control,,1,0,0,0,03 - Major,1,,,1,,382802.5614,5038944.787,45.48606813,-75.50213507,1888
18--11149,10/23/2018,6:00 AM,BOUNDARY RD btwn MITCH OWENS RD & DEVINE RD (__3ZA3X6),__3ZA3X6,01 - Non intersection,03 - P.D. only,07 - SMV other,01 - Clear,07 - Dark,01 - Dry,10 - No control,,1,0,0,0,,0,,,,,388073.7624,5022143.22,45.33429509,-75.43755159,1889
18--1115,1/21/2018,7:45 PM,MOODIE DR @ WEST HUNT CLUB RD (0010414),10414,02 - Intersection related,03 - P.D. only,03 - Rear end,04 - Freezing Rain,07 - Dark,02 - Wet,01 - Traffic signal,01 - Functioning,2,0,0,0,,0,,,,,357907.6513,5018498.456,45.30443082,-75.82278206,1890
18--11150,10/23/2018,6:25 PM,KINBURN SIDE RD btwn WOODKILTON RD & DUNROBIN RD (__3ZA3GH),__3ZA3GH,01 - Non intersection,03 - P.D. only,07 - SMV other,01 - Clear,07 - Dark,01 - Dry,10 - No control,,1,0,0,0,,0,,,,,337705.2614,5035649.196,45.45999661,-76.07924652,1891
18--11151,10/23/2018,6:40 PM,BOTELER ST @ PARENT AVE (0007704),7704,02 - Intersection related,03 - P.D. only,02 - Angle,01 - Clear,07 - Dark,01 - Dry,02 - Stop sign,01 - Functioning,2,0,0,0,,0,,,,,367555.7021,5032990.585,45.43403184,-75.69792228,1892
18--11152,10/23/2018,7:00 PM,FALLOWFIELD RD @ GREENBANK RD (0000549),549,02 - Intersection related,03 - P.D. only,03 - Rear end,01 - Clear,07 - Dark,01 - Dry,01 - Traffic signal,01 - Functioning,2,0,0,0,,0,,,,,363080.5901,5016732.397,45.28812967,-75.75703068,1893
18--11153,10/23/2018,7:07 PM,BANK ST btwn BLAIS RD & RIDEAU RD (__3ZA29L),__3ZA29L,01 - Non intersection,03 - P.D. only,03 - Rear end,01 - Clear,07 - Dark,01 - Dry,10 - No control,,2,0,0,0,,0,,,,,376564.9869,5018766.013,45.30517986,-75.58485531,1894
18--11154,10/23/2018,7:30 AM,HIGHWAY 417 btwn HWY417 IC117 RAMP61 & HWY417 IC115 RAMP36 (__3ZA2RZ),__3ZA2RZ,01 - Non intersection,02 - Non-fatal injury,03 - Rear end,01 - Clear,01 - Daylight,01 - Dry,10 - No control,,2,0,0,0,01 - Minimal,1,1,,,,371731.6439,5031441.18,45.41970377,-75.64476611,1895
18--11155,10/23/2018,7:30 AM,HIGHWAY 417 btwn HWY417 IC117 RAMP36 & HWY417 IC117 RAMP26 (__3ZAZE0),__3ZAZE0,01 - Non intersection,03 - P.D. only,03 - Rear end,01 - Clear,01 - Daylight,01 - Dry,10 - No control,,2,0,0,0,,0,,,,,370751.6606,5031195.388,45.4175853,-75.65731959,1896
18--11156,10/23/2018,8:11 AM,DEVINE RD @ FRONTIER RD (0004650),4650,03 - At intersection,02 - Non-fatal injury,02 - Angle,99 - Other,01 - Daylight,01 - Dry,02 - Stop sign,01 - Functioning,2,0,0,0,02 - Minor,1,,1,,,389637.838,5021965.471,45.33250852,-75.41763035,1897
18--11157,10/23/2018,8:15 AM,BANK ST @ RIVERSIDE DR S (0002704),2704,02 - Intersection related,03 - P.D. only,03 - Rear end,01 - Clear,01 - Daylight,01 - Dry,01 - Traffic signal,01 - Functioning,2,0,0,0,,0,,,,,369304.6703,5027894.667,45.38802144,-75.67623794,1898
18--11158,10/23/2018,8:38 AM,RIDDELL DR btwn MARCH VALLEY RD & SIXTH LINE RD (__3ZA42B),__3ZA42B,01 - Non intersection,03 - P.D. only,07 - SMV other,01 - Clear,01 - Daylight,01 - Dry,10 - No control,,1,0,0,0,,0,,,,,350062.3812,5028984.207,45.39933317,-75.92185792,1899
18--11159,10/24/2018,1:27 PM,WOODROFFE AVE btwn DAVID DR & TURN LANE (__3ZA33G),__3ZA33G,01 - Non intersection,03 - P.D. only,03 - Rear end,01 - Clear,01 - Daylight,01 - Dry,10 - No control,,2,0,0,0,,0,,,,,363032.7083,5022786.124,45.34260489,-75.75692945,1900
18--1116,1/21/2018,8:49 PM,MACLAREN ST btwn MACDONALD ST & CENTRAL AVE (2) (__3ZA9UB),__3ZA9UB,01 - Non intersection,03 - P.D. only,03 - Rear end,01 - Clear,07 - Dark,01 - Dry,10 - No control,,2,1,0,0,,0,,,,,368525.3847,5031319.511,45.41890842,-75.68574627,1901
18--11160,10/24/2018,10:09 AM,DALHOUSIE ST @ RIDEAU ST (0007646),7646,02 - Intersection related,02 - Non-fatal injury,07 - SMV other,01 - Clear,01 - Daylight,01 - Dry,01 - Traffic signal,01 - Functioning,1,1,0,1,02 - Minor,1,,1,,,368206.7091,5032227.582,45.42710789,-75.68970087,1902
18--11161,10/24/2018,10:46 PM,SERENA WAY btwn WOODROFFE AVE & TACOM CIRC (__6XB3ZK),__6XB3ZK,01 - Non intersection,03 - P.D. only,06 - SMV unattended vehicle,01 - Clear,07 - Dark,01 - Dry,10 - No control,,1,0,0,0,,0,,,,,366289.6745,5015053.711,45.27275152,-75.71633253,1903
18--11162,10/24/2018,11:00 AM,FARLANE BLVD btwn SUNNYCREST DR & ENCORE PRIV (__5GOKLC),__5GOKLC,01 - Non intersection,03 - P.D. only,06 - SMV unattended vehicle,01 - Clear,01 - Daylight,01 - Dry,10 - No control,,1,0,0,0,,0,,,,,365411.2508,5025431.089,45.3662024,-75.72625684,1904
18--11163,10/24/2018,11:00 AM,RED WILLOW DR btwn OAK MEADOWS DR & CRESTDALE ST (__3ZBO9P),__3ZBO9P,04 - At/near private drive,03 - P.D. only,06 - SMV unattended vehicle,01 - Clear,01 - Daylight,01 - Dry,10 - No control,,1,0,0,0,,0,,,,,380350.7969,5035013.323,45.45096562,-75.53409963,1905
18--11164,10/24/2018,11:15 AM,BANK ST @ MCLEOD ST (0007255),7255,02 - Intersection related,03 - P.D. only,99 - Other,01 - Clear,01 - Daylight,01 - Dry,02 - Stop sign,01 - Functioning,2,0,0,0,,0,,,,,367948.7097,5030487.574,45.41147521,-75.69322062,1906
18--11165,10/24/2018,Unknown,UXBRIDGE CRES btwn GLAMORGAN DR & GLAMORGAN DR (__3ZACHH),__3ZACHH,01 - Non intersection,03 - P.D. only,06 - SMV unattended vehicle,01 - Clear,00 - Unknown,01 - Dry,10 - No control,,1,0,0,0,,0,,,,,353353.5227,5016376.003,45.28566205,-75.88105961,1907
18--11166,10/24/2018,12:02 PM,STRANDHERD DR @ WOODROFFE AVE (0009688),9688,02 - Intersection related,03 - P.D. only,03 - Rear end,01 - Clear,01 - Daylight,01 - Dry,01 - Traffic signal,01 - Functioning,2,0,0,0,,0,,,,,366106.154,5015395.149,45.27583979,-75.71862907,1908
18--11167,10/24/2018,12:20 PM,BRONSON AVE @ FIFTH AVE/MADAWASKA DR (0006977),6977,02 - Intersection related,03 - P.D. only,04 - Sideswipe,01 - Clear,01 - Daylight,01 - Dry,01 - Traffic signal,01 - Functioning,2,0,0,0,,0,,,,,367613.7128,5028938.553,45.39756773,-75.69769739,1909
18--11168,10/24/2018,12:34 PM,BOURASSA ST @ ST. LAURENT BLVD (0007731),7731,03 - At intersection,02 - Non-fatal injury,03 - Rear end,01 - Clear,01 - Daylight,01 - Dry,01 - Traffic signal,01 - Functioning,2,0,0,0,01 - Minimal,1,1,,,,373236.7321,5029693.557,45.40383388,-75.62577938,1910
18--11169,10/24/2018,12:43 PM,CARLING AVE @ CLYDE AVE/COLE AVE (0006984),6984,03 - At intersection,03 - P.D. only,05 - Turning movement,01 - Clear,01 - Daylight,01 - Dry,01 - Traffic signal,01 - Functioning,2,0,0,0,,0,,,,,363520.6582,5026850.648,45.37913633,-75.75022064,1911
18--1117,1/21/2018,9:32 PM,MARCH RD @ TERRY FOX DR (0003173),3173,03 - At intersection,03 - P.D. only,02 - Angle,01 - Clear,07 - Dark,01 - Dry,01 - Traffic signal,01 - Functioning,2,0,0,0,,0,,,,,349864.2602,5023400.206,45.3491001,-75.92489794,1912
18--11170,10/24/2018,2:06 PM,PRINCE OF WALES DR @ WEST HUNT CLUB RD (0000567),567,02 - Intersection related,03 - P.D. only,03 - Rear end,01 - Clear,01 - Daylight,01 - Dry,01 - Traffic signal,01 - Functioning,2,0,0,0,,0,,,,,367458.7099,5021891.503,45.33417389,-75.70057068,1913
18--11171,10/24/2018,2:15 PM,MONTREAL RD @ PARK ST (0009794),9794,02 - Intersection related,03 - P.D. only,04 - Sideswipe,01 - Clear,01 - Daylight,01 - Dry,02 - Stop sign,01 - Functioning,2,0,0,0,,0,,,,,370513.7145,5033314.586,45.43667535,-75.6600768,1914