Anom_ID,Accident_Date,Accident_Time,Location,Geo_ID,Accident_Location,Classification_of_Accident,Initial_Impact_Type,Environment_Condition,Light,Road_Surface_Condition,Traffic_Control,Traffic_Control_Condition,No__of_Vehicles,No__of_Bicycles,No__of_Motorcycles,No__of_Pedestrians,Max_Injury,No__of_Injuries,No__of_Minimal,No__of_Minor,No__of_Major,No__of_Fatal,X,Y,Latitude,Longitude,ObjectId
18--11172,10/24/2018,2:25 PM,TENTH LINE RD @ TENTH LINE RD (0009412),9412,02 - Intersection related,02 - Non-fatal injury,03 - Rear end,01 - Clear,01 - Daylight,01 - Dry,01 - Traffic signal,01 - Functioning,2,0,0,0,01 - Minimal,1,1,,,,383530.6997,5037154.969,45.46988325,-75.49310851,1915
18--11173,10/24/2018,2:28 PM,ST. LAURENT BLVD btwn MCARTHUR AVE & DONALD ST (__3ZBOF4),__3ZBOF4,01 - Non intersection,03 - P.D. only,03 - Rear end,01 - Clear,01 - Daylight,01 - Dry,10 - No control,,2,0,0,0,,0,,,,,372037.5707,5032612.259,45.43021127,-75.64069765,1916
18--11174,10/24/2018,2:54 PM,MERIVALE RD @ WOODFIELD DR/ROYDON PL (0009776),9776,03 - At intersection,03 - P.D. only,05 - Turning movement,01 - Clear,01 - Daylight,01 - Dry,01 - Traffic signal,01 - Functioning,2,0,0,0,,0,,,,,365462.7013,5022298.499,45.33801138,-75.72598443,1917
18--11175,10/24/2018,3:13 PM,LAURIER AVE @ NICHOLAS ST (0010711),10711,02 - Intersection related,03 - P.D. only,03 - Rear end,01 - Clear,01 - Daylight,01 - Dry,01 - Traffic signal,01 - Functioning,3,0,0,0,,0,,,,,368373.6371,5031798.27,45.42322993,-75.68762325,1918
18--11176,10/24/2018,4:15 PM,KNOXDALE RD @ WEST HUNT CLUB RD (0005165),5165,02 - Intersection related,03 - P.D. only,03 - Rear end,01 - Clear,01 - Daylight,01 - Dry,01 - Traffic signal,01 - Functioning,2,0,0,0,,0,,,,,361863.6852,5020584.477,45.3228906,-75.77209922,1919
18--11177,10/24/2018,4:43 PM,RICHARDSON SIDE RD @ TERRY FOX DR (0013651),13651,03 - At intersection,02 - Non-fatal injury,05 - Turning movement,01 - Clear,01 - Daylight,01 - Dry,01 - Traffic signal,01 - Functioning,2,0,0,0,01 - Minimal,1,1,,,,348803.086,5019506.072,45.31412702,-75.93878598,1920
18--11178,10/24/2018,4:45 PM,NORTHSIDE RD W @ RICHMOND RD (0010416),10416,03 - At intersection,03 - P.D. only,05 - Turning movement,01 - Clear,01 - Daylight,01 - Dry,10 - No control,,2,0,0,0,,0,,,,,358175.6601,5021108.485,45.32789578,-75.81908349,1921
18--11179,10/24/2018,5:23 PM,CARLING AVE EB btwn CARLING AVE EB OFF RAMP/OTTAWA RIVER PKWY & TRANSI (__3ZGKXW),__3ZGKXW,01 - Non intersection,03 - P.D. only,03 - Rear end,01 - Clear,01 - Daylight,01 - Dry,10 - No control,,2,0,0,0,,0,,,,,361117.0194,5025315.222,45.36551802,-75.78108428,1922
18--1118,1/22/2018,1:02 PM,MERIVALE RD/LOTTA AVE @ CLYDE AVE (0001112),1112,02 - Intersection related,03 - P.D. only,03 - Rear end,01 - Clear,01 - Daylight,01 - Dry,01 - Traffic signal,01 - Functioning,2,0,0,0,,0,,,,,364521.6984,5024507.526,45.35796867,-75.73772317,1923
18--11180,10/24/2018,5:33 PM,RICHMOND RD @ BELLFIELD ST/RIDGEVALLEY DR (0000521),521,03 - At intersection,03 - P.D. only,03 - Rear end,01 - Clear,01 - Daylight,01 - Dry,02 - Stop sign,01 - Functioning,2,0,0,0,,0,,,,,359492.6735,5023528.511,45.34956983,-75.80201601,1924
18--11181,10/24/2018,5:43 PM,CLARENCE ST btwn WILLIAM ST & DALHOUSIE ST (__3ZA82W),__3ZA82W,01 - Non intersection,03 - P.D. only,06 - SMV unattended vehicle,01 - Clear,01 - Daylight,01 - Dry,10 - No control,,1,0,0,0,,0,,,,,367952.5774,5032448.054,45.42911461,-75.69291992,1925
18--11182,10/24/2018,5:46 PM,AVIATION PKWY @ OGILVIE RD (0004114),4114,02 - Intersection related,02 - Non-fatal injury,03 - Rear end,01 - Clear,05 - Dusk,01 - Dry,01 - Traffic signal,01 - Functioning,2,1,0,0,01 - Minimal,1,1,,,,373110.7139,5032376.586,45.4279868,-75.62701706,1926
18--11183,10/24/2018,5:49 PM,MERIVALE RD btwn 210 S OF MEADOWLANDS DR/MERIVALE PL SC & FAMILY BROWN (__3ZBPLPB),__3ZBPLPB,01 - Non intersection,03 - P.D. only,04 - Sideswipe,01 - Clear,01 - Daylight,01 - Dry,10 - No control,,2,0,0,0,,0,,,,,364951.7503,5023511.881,45.34897323,-75.73235569,1927
18--11184,10/24/2018,6:00 PM,COLONEL BY DR @ MAIN ST (0002626),2626,02 - Intersection related,03 - P.D. only,03 - Rear end,01 - Clear,01 - Daylight,01 - Dry,02 - Stop sign,01 - Functioning,2,0,0,0,,0,,,,,368859.7036,5030914.574,45.41523441,-75.68152757,1928
18--11185,10/24/2018,6:24 PM,HUNTMAR DR @ PALLADIUM DR S (0011818),11818,03 - At intersection,02 - Non-fatal injury,05 - Turning movement,01 - Clear,07 - Dark,01 - Dry,01 - Traffic signal,01 - Functioning,2,0,0,0,02 - Minor,1,,1,,,349675.6063,5017365.436,45.29480973,-75.92785223,1929
18--11186,10/24/2018,6:30 PM,HIGHWAY 417 btwn HWY417 IC121B RAMP16 & HWY417 IC121A RAMP16 (__3ZA2YX),__3ZA2YX,01 - Non intersection,03 - P.D. only,03 - Rear end,01 - Clear,07 - Dark,01 - Dry,10 - No control,,7,0,0,0,,0,,,,,366911.1228,5029631.812,45.40386816,-75.70658321,1930
18--11187,10/24/2018,6:40 AM,HWY417 IC131 RAMP55 btwn HIGHWAY 417 & HWY416 IC75B RAMP25 (__3ZAYG7),__3ZAYG7,01 - Non intersection,03 - P.D. only,03 - Rear end,01 - Clear,07 - Dark,01 - Dry,10 - No control,,2,0,0,0,,0,,,,,358541.5549,5022829.177,45.34335073,-75.81422923,1931
18--11188,10/24/2018,7:05 PM,TENTH LINE RD btwn ST. JOSEPH BLVD & OR174 IC101 RAMP26 (__3ZA11V),__3ZA11V,07 - Overpass or bridge,03 - P.D. only,03 - Rear end,01 - Clear,07 - Dark,01 - Dry,10 - No control,,2,0,0,0,,0,,,,,382800.5969,5038857.765,45.4852854,-75.50217402,1932
18--11189,10/24/2018,7:08 AM,RIVER RD @ TEWSLEY (0013247),13247,02 - Intersection related,03 - P.D. only,03 - Rear end,01 - Clear,01 - Daylight,01 - Dry,01 - Traffic signal,01 - Functioning,2,0,0,0,,0,,,,,367969.141,5015644.859,45.27792175,-75.69485511,1933
18--1119,1/22/2018,10:51 AM,HOLLAND AVE @ INGLEWOOD PL (0006647),6647,03 - At intersection,03 - P.D. only,02 - Angle,01 - Clear,01 - Daylight,02 - Wet,02 - Stop sign,01 - Functioning,2,0,0,0,,0,,,,,365341.6965,5028208.553,45.39119949,-75.72680412,1934
18--11190,10/24/2018,7:22 PM,FAUBERT ST @ REGIONAL RD 174 (0012886),12886,03 - At intersection,02 - Non-fatal injury,03 - Rear end,01 - Clear,07 - Dark,01 - Dry,02 - Stop sign,01 - Functioning,3,0,0,0,01 - Minimal,3,3,,,,390281.776,5042682.57,45.51882035,-75.40582107,1935
18--11191,10/24/2018,7:26 PM,RAYMOND ST btwn LEBRETON ST N & BELL ST N (__3ZAAIL),__3ZAAIL,01 - Non intersection,02 - Non-fatal injury,07 - SMV other,01 - Clear,07 - Dark,01 - Dry,10 - No control,,1,1,0,1,01 - Minimal,1,1,,,,367041.1442,5029717.478,45.40462741,-75.70491164,1936
18--11192,10/24/2018,7:30 AM,HIGHWAY 417 btwn HWY417 IC134 RAMP25 & HWY417 IC131 RAMP53 (__3ZA2LE),__3ZA2LE,01 - Non intersection,02 - Non-fatal injury,03 - Rear end,01 - Clear,01 - Daylight,01 - Dry,10 - No control,,2,0,0,0,02 - Minor,1,,1,,,357352.3647,5022613.196,45.34149742,-75.82942581,1937
18--11193,10/24/2018,7:30 AM,WOODROFFE AVE/HWY 417 WOODROFF IC127R25 @ HWY  (0002348),2348,02 - Intersection related,03 - P.D. only,04 - Sideswipe,01 - Clear,01 - Daylight,01 - Dry,01 - Traffic signal,01 - Functioning,2,0,0,0,,0,,,,,362179.7707,5024694.395,45.35984568,-75.7675909,1938
18--11194,10/24/2018,7:35 PM,HIGHWAY 417 btwn HWY417 IC123 RAMP62 & HWY417 IC122 RAMP16 (__3ZA2R9),__3ZA2R9,01 - Non intersection,02 - Non-fatal injury,03 - Rear end,01 - Clear,07 - Dark,01 - Dry,10 - No control,,2,0,0,0,02 - Minor,1,,1,,,364969.3736,5028423.574,45.39316629,-75.73153251,1939
18--11195,10/24/2018,7:39 PM,REGIONAL ROAD 174 btwn CAMERON ST & WEST ST (__3ZA27V),__3ZA27V,01 - Non intersection,03 - P.D. only,03 - Rear end,01 - Clear,07 - Dark,01 - Dry,10 - No control,,2,0,0,0,,0,,,,,389881.1352,5042620.594,45.51831177,-75.41095915,1940
18--11196,10/24/2018,7:45 PM,BRONSON AVE btwn PLYMOUTH ST & RENFREW AVE (__3ZA3B1),__3ZA3B1,01 - Non intersection,03 - P.D. only,03 - Rear end,01 - Clear,07 - Dark,01 - Dry,10 - No control,,2,0,0,0,,0,,,,,367332.375,5029610.468,45.40363861,-75.7012053,1941
18--11197,10/24/2018,8:00 AM,CARP RD/HWY 417 CARP IC144R63 @ HWY 417 CARP I (0001100),1100,02 - Intersection related,03 - P.D. only,03 - Rear end,01 - Clear,01 - Daylight,01 - Dry,01 - Traffic signal,01 - Functioning,2,0,0,0,,0,,,,,347300.5773,5015926.448,45.28200886,-75.95825487,1942
18--11198,10/24/2018,8:09 AM,WOODROFFE AVE @ SPORTSPLEX S (0010592),10592,03 - At intersection,03 - P.D. only,05 - Turning movement,01 - Clear,01 - Daylight,01 - Dry,01 - Traffic signal,01 - Functioning,2,0,0,0,,0,,,,,363832.1331,5020899.449,45.32556193,-75.74695441,1943
18--11199,10/24/2018,8:27 AM,REGIONAL ROAD 174 btwn OR174 IC105 RAMP35 & OR174 IC105 RAMP25 (__3ZA27E),__3ZA27E,01 - Non intersection,03 - P.D. only,03 - Rear end,01 - Clear,01 - Daylight,01 - Dry,10 - No control,,2,0,0,0,,0,,,,,379495.4989,5037049.999,45.46938203,-75.54472347,1944
18--3432,3/16/2018,5:31 PM,BASELINE RD @ FISHER AVE (0002346),2346,02 - Intersection related,03 - P.D. only,03 - Rear end,01 - Clear,01 - Daylight,01 - Dry,01 - Traffic signal,01 - Functioning,2,0,0,0,,0,,,,,366166.6938,5026028.533,45.37151235,-75.7165398,7657
18--1120,1/22/2018,11:15 PM,RICHMOND RD btwn HOPE SIDE RD & KHYMER CRT (__3ZBOCM),__3ZBOCM,01 - Non intersection,03 - P.D. only,07 - SMV other,04 - Freezing Rain,07 - Dark,06 - Ice,10 - No control,,1,0,0,0,,0,,,,,357248.6569,5014743.938,45.27069659,-75.83158176,1946
18--11200,10/24/2018,8:30 AM,CAMPEAU DR btwn TERRY FOX DR & HERLIHEY WAY (__5ZYNI8),__5ZYNI8,04 - At/near private drive,03 - P.D. only,04 - Sideswipe,01 - Clear,01 - Daylight,01 - Dry,10 - No control,,2,0,0,0,,0,,,,,350474.6616,5019082.649,45.31021021,-75.91750687,1947
18--11201,10/24/2018,8:30 PM,CAMERON ST @ REGIONAL RD 174 (0012883),12883,02 - Intersection related,03 - P.D. only,03 - Rear end,01 - Clear,07 - Dark,01 - Dry,01 - Traffic signal,01 - Functioning,2,0,0,0,,0,,,,,389860.7736,5042617.564,45.51828699,-75.41122025,1948
18--11202,10/24/2018,8:38 PM,FALLOWFIELD RD @ MERIVALE RD (0000587),587,02 - Intersection related,03 - P.D. only,04 - Sideswipe,01 - Clear,07 - Dark,01 - Dry,01 - Traffic signal,01 - Functioning,2,0,0,0,,0,,,,,366891.7122,5018844.469,45.30680751,-75.708186,1949
18--11203,10/24/2018,8:45 AM,FALLOWFIELD RD @ STRANDHERD DR (0005238),5238,02 - Intersection related,02 - Non-fatal injury,03 - Rear end,01 - Clear,01 - Daylight,01 - Dry,01 - Traffic signal,01 - Functioning,2,0,0,0,02 - Minor,2,,2,,,360752.2248,5014962.154,45.27239009,-75.78691023,1950
18--11204,10/24/2018,8:55 PM,LYON ST @ WELLINGTON ST (0002388),2388,03 - At intersection,03 - P.D. only,04 - Sideswipe,02 - Rain,07 - Dark,02 - Wet,01 - Traffic signal,01 - Functioning,2,0,0,0,,0,,,,,366935.2707,5031426.166,45.4200111,-75.70604858,1951
18--11205,10/24/2018,9:59 PM,MARCH RD btwn JACOB'S GT & BEARHILL RD (__3ZA2Q0),__3ZA2Q0,01 - Non intersection,03 - P.D. only,07 - SMV other,01 - Clear,07 - Dark,01 - Dry,10 - No control,,1,0,0,0,,0,,,,,338121.5479,5017946.135,45.30067808,-76.0751185,1952
18--11206,10/25/2018,11:00 PM,VIA VERONA AVE btwn CHARING CROSS WAY & ELM PARK AVE (__87LHNA),__87LHNA,01 - Non intersection,03 - P.D. only,06 - SMV unattended vehicle,01 - Clear,07 - Dark,01 - Dry,10 - No control,,1,0,0,0,,0,,,,,363935.0769,5015929.216,45.28083127,-75.74623422,1953
18--11207,10/25/2018,11:45 AM,BEAUSOLEIL DR btwn YORK ST & COBOURG ST (__3ZBOXL),__3ZBOXL,01 - Non intersection,03 - P.D. only,03 - Rear end,01 - Clear,01 - Daylight,01 - Dry,10 - No control,,2,0,0,0,,0,,,,,368696.1783,5032721.513,45.43150755,-75.6833823,1954
18--11208,10/25/2018,Unknown,NORTHWESTERN AVE btwn PONTIAC ST & CLEARVIEW AVE (__3ZAAIV),__3ZAAIV,01 - Non intersection,03 - P.D. only,06 - SMV unattended vehicle,01 - Clear,00 - Unknown,01 - Dry,10 - No control,,1,0,0,0,,0,,,,,363975.734,5029778.785,45.4054449,-75.7440593,1955
18--11209,10/25/2018,12:14 PM,TRIM RD btwn ST. JOSEPH BLVD & WATTERS RD (__3ZA2GC),__3ZA2GC,01 - Non intersection,03 - P.D. only,07 - SMV other,01 - Clear,01 - Daylight,01 - Dry,10 - No control,,1,0,0,0,,0,,,,,384961.2407,5038722.213,45.48382106,-75.47456041,1956
18--1121,1/22/2018,11:50 PM,HIGHWAY 417 btwn Continuation of HIGHWAY 417 & HWY417 IC134 RAMP51 (__3ZA29B),__3ZA29B,01 - Non intersection,03 - P.D. only,07 - SMV other,04 - Freezing Rain,07 - Dark,03 - Loose snow,10 - No control,,1,0,0,0,,0,,,,,355221.0928,5021538.747,45.33198581,-75.8567288,1957
18--11210,10/25/2018,12:42 PM,INDUSTRIAL AVE @ ALTA VISTA DR/SANDFORD FLEMIN (0006979),6979,02 - Intersection related,02 - Non-fatal injury,03 - Rear end,01 - Clear,01 - Daylight,01 - Dry,01 - Traffic signal,01 - Functioning,2,0,0,0,02 - Minor,1,,1,,,370884.7244,5030557.57,45.41183392,-75.65570511,1958
18--11211,10/25/2018,12:52 PM,ST. LAURENT BLVD btwn HWY417 IC115 RAMP36 & TRANSIT (__3ZA1KA),__3ZA1KA,01 - Non intersection,03 - P.D. only,03 - Rear end,01 - Clear,01 - Daylight,01 - Dry,10 - No control,,2,0,0,0,,0,,,,,372435.5298,5031641.39,45.42143747,-75.63574559,1959
18--11212,10/25/2018,2:07 PM,BEVERLY ST @ STITTSVILLE MAIN ST (0000083),83,02 - Intersection related,03 - P.D. only,07 - SMV other,01 - Clear,01 - Daylight,01 - Dry,01 - Traffic signal,01 - Functioning,1,0,0,0,,0,,,,,349843.5835,5013825.425,45.26294478,-75.92603194,1960
18--11213,10/25/2018,3:07 PM,HUNT CLUB RD @ MOUNTAIN CRES (0006415),6415,02 - Intersection related,02 - Non-fatal injury,03 - Rear end,01 - Clear,01 - Daylight,01 - Dry,02 - Stop sign,01 - Functioning,2,0,0,0,01 - Minimal,1,1,,,,371332.73,5023890.517,45.35180379,-75.65088055,1961
18--11214,10/25/2018,4:00 PM,HIGHWAY 417 btwn HWY417 IC124 RAMP65 & HWY417 IC122 RAMP51 (__3ZA2R8),__3ZA2R8,01 - Non intersection,03 - P.D. only,03 - Rear end,01 - Clear,01 - Daylight,01 - Dry,10 - No control,,4,0,0,0,,0,,,,,364970.0961,5028391.365,45.39287642,-75.73152721,1962
18--11215,10/25/2018,4:20 PM,BASELINE RD @ MERIVALE RD (0002342),2342,02 - Intersection related,03 - P.D. only,04 - Sideswipe,01 - Clear,01 - Daylight,01 - Dry,01 - Traffic signal,01 - Functioning,2,0,0,0,,0,,,,,365054.6963,5025325.515,45.3652832,-75.73082096,1963
18--11216,10/25/2018,4:28 PM,CHARLOTTE ST @ RIDEAU ST (0002622),2622,02 - Intersection related,03 - P.D. only,04 - Sideswipe,01 - Clear,01 - Daylight,01 - Dry,01 - Traffic signal,01 - Functioning,2,0,0,0,,0,,,,,369249.7086,5032859.592,45.43269914,-75.67629063,1964
18--11217,10/25/2018,4:30 PM,PORTOBELLO BLVD btwn SUMMER DAYS WALK/STORMWIND AVE & SUMMER SKY ST (__8IAXFZ),__8IAXFZ,01 - Non intersection,03 - P.D. only,04 - Sideswipe,01 - Clear,01 - Daylight,01 - Dry,10 - No control,,2,0,0,0,,0,,,,,385902.2095,5035128.164,45.45137668,-75.46311839,1965
18--11218,10/25/2018,4:34 PM,TENTH LINE RD @ CHARLEMAGNE BLVD N/TOMPKINS AV (0009222),9222,02 - Intersection related,03 - P.D. only,03 - Rear end,01 - Clear,01 - Daylight,01 - Dry,01 - Traffic signal,01 - Functioning,2,0,0,0,,0,,,,,383183.9301,5037977.883,45.47732609,-75.4974114,1966
18--11219,10/25/2018,4:59 PM,PRESTON ST @ SOMERSET ST (0002215),2215,03 - At intersection,03 - P.D. only,05 - Turning movement,01 - Clear,05 - Dusk,01 - Dry,01 - Traffic signal,01 - Functioning,2,0,0,0,,0,,,,,366307.698,5030127.568,45.40838213,-75.71422887,1967
18--1122,1/22/2018,Unknown,CLEARBROOK DR btwn KENTMARE CRES & CHAPMAN MILLS DR (__4FP84A),__4FP84A,01 - Non intersection,03 - P.D. only,06 - SMV unattended vehicle,01 - Clear,00 - Unknown,02 - Wet,10 - No control,,1,0,0,0,,0,,,,,365885.0134,5015156.706,45.27371354,-75.72147667,1968
18--11220,10/25/2018,5:00 PM,CAMBRIAN RD/GOLFLINKS DR W @ LONGFIELDS DR (0009702),9702,03 - At intersection,03 - P.D. only,01 - Approaching,01 - Clear,01 - Daylight,01 - Dry,11 - Roundabout,01 - Functioning,2,0,0,0,,0,,,,,365382.6904,5013223.416,45.25636127,-75.72811394,1969
18--11221,10/25/2018,5:08 PM,MACKENZIE AVE @ RIDEAU ST (0002136),2136,02 - Intersection related,03 - P.D. only,05 - Turning movement,01 - Clear,01 - Daylight,01 - Dry,01 - Traffic signal,01 - Functioning,2,0,0,0,,0,,,,,367869.6991,5032009.58,45.42517685,-75.69403513,1970
18--11222,10/25/2018,5:30 AM,BANK ST btwn SCRIVENS DR & JOHN QUINN RD (__3ZA278),__3ZA278,01 - Non intersection,03 - P.D. only,07 - SMV other,01 - Clear,07 - Dark,01 - Dry,10 - No control,,1,0,0,0,,0,,,,,383402.7017,5010722.472,45.23207684,-75.49894686,1971
18--11223,10/25/2018,5:47 PM,CATHERINE ST btwn TO BE DETERMINED & METCALFE ST (2) (__3ZBOE6),__3ZBOE6,01 - Non intersection,03 - P.D. only,04 - Sideswipe,01 - Clear,01 - Daylight,01 - Dry,10 - No control,,2,0,0,0,,0,,,,,368384.9467,5030480.928,45.41137591,-75.68764873,1972
18--11224,10/25/2018,6:13 PM,CHURCHILL AVE @ WILMONT AVE (0007103),7103,02 - Intersection related,03 - P.D. only,03 - Rear end,01 - Clear,07 - Dark,01 - Dry,02 - Stop sign,01 - Functioning,2,0,0,0,,0,,,,,363131.6915,5028506.552,45.39406841,-75.75499107,1973
18--11225,10/25/2018,6:15 PM,DUNROBIN RD btwn VANCES SIDE RD & PORCUPINE TR (__3ZA3H0),__3ZA3H0,01 - Non intersection,03 - P.D. only,07 - SMV other,01 - Clear,07 - Dark,01 - Dry,10 - No control,,1,0,0,0,,0,,,,,340229.3598,5033609.551,45.44151996,-76.04711923,1974
18--11226,10/25/2018,6:22 PM,MONTREAL RD @ MONTFORT HOSPITAL (0011388),11388,02 - Intersection related,03 - P.D. only,04 - Sideswipe,01 - Clear,07 - Dark,01 - Dry,01 - Traffic signal,01 - Functioning,2,0,0,0,,0,,,,,372222.4248,5034144.244,45.44397753,-75.63812563,1975
18--11227,10/25/2018,6:25 PM,HIGHWAY 416 btwn HWY416 IC57 RAMP24 & HWY416 IC49 RAMP42 (__3ZAZGI),__3ZAZGI,01 - Non intersection,03 - P.D. only,07 - SMV other,01 - Clear,07 - Dark,01 - Dry,10 - No control,,1,0,0,0,,0,,,,,369108.0048,5001453.313,45.15012344,-75.6821732,1976
18--11228,10/25/2018,6:32 PM,BLAIR RD btwn BEAVERPOND DR & INNES RD (__3ZA2EZ),__3ZA2EZ,01 - Non intersection,03 - P.D. only,03 - Rear end,01 - Clear,05 - Dusk,01 - Dry,10 - No control,,2,0,0,0,,0,,,,,375567.33,5031468.154,45.41956901,-75.59575688,1977
18--11229,10/25/2018,6:36 PM,ALBION RD @ LESTER RD (0004175),4175,03 - At intersection,03 - P.D. only,02 - Angle,01 - Clear,07 - Dark,01 - Dry,01 - Traffic signal,01 - Functioning,2,0,0,0,,0,,,,,372694.7432,5022332.496,45.33765472,-75.63371377,1978
18--1123,1/22/2018,Unknown,SPRINGFIELD RD btwn SCHOOLHOUSE PRIV & BEECHWOOD AVE (__3ZAZIH),__3ZAZIH,01 - Non intersection,03 - P.D. only,06 - SMV unattended vehicle,03 - Snow,00 - Unknown,03 - Loose snow,10 - No control,,1,0,0,0,,0,,,,,369231.2763,5033681.576,45.44009673,-75.67641859,1979
18--11230,10/25/2018,6:39 PM,8TH LINE RD btwn FOREST GREEN CRES & PANA RD (__3ZA20Z),__3ZA20Z,01 - Non intersection,03 - P.D. only,07 - SMV other,01 - Clear,07 - Dark,01 - Dry,10 - No control,,1,0,0,0,,0,,,,,384583.3933,5013463.387,45.25660523,-75.48347263,1980
18--11231,10/25/2018,6:40 PM,HIGHWAY 417 btwn HWY417 IC118 RAMP67 & HWY417 IC117 RAMP36 (__3ZA2YO),__3ZA2YO,01 - Non intersection,03 - P.D. only,03 - Rear end,01 - Clear,05 - Dusk,01 - Dry,10 - No control,,2,0,0,0,,0,,,,,370056.7814,5031118.828,45.4169616,-75.66620742,1981
18--11232,10/25/2018,6:45 AM,OTTAWA RIVER PKWY OFFR-EB @ PARKDALE AVE (0011241),11241,02 - Intersection related,02 - Non-fatal injury,03 - Rear end,01 - Clear,07 - Dark,01 - Dry,03 - Yield sign,01 - Functioning,2,0,0,0,01 - Minimal,1,1,,,,364684.068,5030331.424,45.41035718,-75.73494437,1982
18--11233,10/25/2018,6:50 AM,OGILVIE RD btwn CUMMINGS AVE & BEAULIEU PL (__54PO0D),__54PO0D,04 - At/near private drive,02 - Non-fatal injury,02 - Angle,01 - Clear,07 - Dark,01 - Dry,10 - No control,,2,1,0,0,01 - Minimal,1,1,,,,372764.0948,5032178.668,45.4262398,-75.63147351,1983
18--11234,10/25/2018,7:05 AM,HWY417 IC131 RAMP51 btwn HIGHWAY 417 & HWY416 IC75C RAMP24 (__3ZAY6A),__3ZAY6A,01 - Non intersection,03 - P.D. only,03 - Rear end,01 - Clear,03 - Dawn,01 - Dry,10 - No control,,3,0,0,0,,0,,,,,358388.3856,5022703.498,45.34223158,-75.81619722,1984
18--11235,10/25/2018,7:13 AM,BLAIR RD @ REGIONAL RD 174 N/OR174 IC112 RAMP61 (0003617),3617,02 - Intersection related,03 - P.D. only,03 - Rear end,01 - Clear,01 - Daylight,01 - Dry,01 - Traffic signal,01 - Functioning,2,0,0,0,,0,,,,,374634.731,5032991.575,45.43336963,-75.60745588,1985
18--11236,10/25/2018,7:15 PM,PRESTONE DR @ ST. JOSEPH BLVD (0003551),3551,02 - Intersection related,03 - P.D. only,03 - Rear end,01 - Clear,07 - Dark,01 - Dry,01 - Traffic signal,01 - Functioning,2,0,0,0,,0,,,,,382325.7449,5038273.585,45.48008237,-75.50833989,1986
18--11237,10/25/2018,7:55 AM,BLAIR RD btwn APPLEFORD ST & DUNHAM ST (__3ZA2E4),__3ZA2E4,04 - At/near private drive,03 - P.D. only,02 - Angle,01 - Clear,01 - Daylight,01 - Dry,10 - No control,,2,0,0,0,,0,,,,,374286.6463,5033762.452,45.44034024,-75.61179533,1987
18--11238,10/25/2018,8:13 AM,RICHMOND RD btwn EDGEWORTH AVE/MCEWEN AVE & REGINA LANE (__3ZA4L9),__3ZA4L9,01 - Non intersection,03 - P.D. only,03 - Rear end,01 - Clear,01 - Daylight,01 - Dry,10 - No control,,3,0,0,0,,0,,,,,360999.016,5025803.864,45.36992426,-75.78253495,1988
18--11239,10/25/2018,8:29 AM,CROYDON AVE @ RICHMOND RD (0002652),2652,02 - Intersection related,02 - Non-fatal injury,07 - SMV other,01 - Clear,01 - Daylight,01 - Dry,01 - Traffic signal,01 - Functioning,1,0,0,1,02 - Minor,1,,1,,,360545.6865,5025272.52,45.36517946,-75.78838189,1989
18--1124,1/22/2018,Unknown,HOLMWOOD AVE btwn BANK ST & ADELAIDE ST (__3ZA9NT),__3ZA9NT,01 - Non intersection,03 - P.D. only,06 - SMV unattended vehicle,01 - Clear,00 - Unknown,02 - Wet,10 - No control,,1,0,0,0,,0,,,,,368527.3312,5029224.843,45.40006112,-75.68599218,1990
18--11240,10/25/2018,8:37 PM,REGIONAL ROAD 174 btwn Continuation of REGIONAL ROAD 174 & TO BE DETER (__3ZA1L5),__3ZA1L5,01 - Non intersection,03 - P.D. only,05 - Turning movement,01 - Clear,07 - Dark,01 - Dry,10 - No control,,2,0,0,0,,0,,,,,384681.8089,5040353.455,45.4985294,-75.47786893,1991
18--11241,10/25/2018,9:30 AM,HIGHWAY 417 btwn HWY417 IC124 RAMP55 & HWY417 IC124 RAMP65 (__3ZAZPV),__3ZAZPV,01 - Non intersection,03 - P.D. only,03 - Rear end,01 - Clear,01 - Daylight,01 - Dry,10 - No control,,2,0,0,0,,0,,,,,364480.362,5027573.101,45.38555574,-75.73788033,1992
18--11242,10/25/2018,9:51 AM,GREENBANK RD @ STRANDHERD DR (0005563),5563,02 - Intersection related,03 - P.D. only,03 - Rear end,01 - Clear,01 - Daylight,01 - Dry,01 - Traffic signal,01 - Functioning,2,0,0,0,,0,,,,,363933.6832,5014784.417,45.27053048,-75.74638835,1993
18--11243,10/25/2018,9:59 AM,HIGHWAY 417 btwn HWY417 IC129 RAMP25 & TRANSIT (__3ZA2SH),__3ZA2SH,01 - Non intersection,03 - P.D. only,03 - Rear end,01 - Clear,01 - Daylight,01 - Dry,10 - No control,,2,0,0,0,,0,,,,,361799.4713,5024571.229,45.35876846,-75.77245895,1994
18--11244,10/26/2018,1:38 PM,MARCH RD @ SOLANDT RD (0003172),3172,02 - Intersection related,03 - P.D. only,03 - Rear end,01 - Clear,01 - Daylight,01 - Dry,01 - Traffic signal,01 - Functioning,2,0,0,0,,0,,,,,350489.6081,5022710.502,45.34285354,-75.91698149,1995
18--11245,10/26/2018,1:42 PM,PRINCE OF WALES DR @ WEST HUNT CLUB RD (0000567),567,03 - At intersection,03 - P.D. only,03 - Rear end,01 - Clear,01 - Daylight,01 - Dry,01 - Traffic signal,01 - Functioning,2,0,0,0,,0,,,,,367458.7108,5021891.504,45.3341739,-75.70057066,1996