Anom_ID,Accident_Date,Accident_Time,Location,Geo_ID,Accident_Location,Classification_of_Accident,Initial_Impact_Type,Environment_Condition,Light,Road_Surface_Condition,Traffic_Control,Traffic_Control_Condition,No__of_Vehicles,No__of_Bicycles,No__of_Motorcycles,No__of_Pedestrians,Max_Injury,No__of_Injuries,No__of_Minimal,No__of_Minor,No__of_Major,No__of_Fatal,X,Y,Latitude,Longitude,ObjectId
18--11246,10/26/2018,10:40 PM,HWY417 IC131 RAMP55 btwn HIGHWAY 417 & HWY416 IC75B RAMP25 (__3ZAYG7),__3ZAYG7,01 - Non intersection,03 - P.D. only,07 - SMV other,01 - Clear,07 - Dark,01 - Dry,10 - No control,,1,0,0,0,,0,,,,,358420.0169,5022778.114,45.34290056,-75.81578554,1997
18--11247,10/26/2018,11:14 AM,PRINCE OF WALES DR btwn ORMOND RD & PHELAN RD W (__3ZA4KS),__3ZA4KS,01 - Non intersection,02 - Non-fatal injury,02 - Angle,01 - Clear,01 - Daylight,01 - Dry,10 - No control,,2,0,0,0,02 - Minor,2,,2,,,367037.6745,5002449.367,45.15927155,-75.70837565,1998
18--11248,10/26/2018,11:47 AM,ST. LAURENT BLVD btwn HWY417 IC115 RAMP35 & HWY417 IC115 RAMP26 (__3ZAZEA),__3ZAZEA,01 - Non intersection,03 - P.D. only,04 - Sideswipe,01 - Clear,01 - Daylight,01 - Dry,10 - No control,,2,0,0,0,,0,,,,,372484.7826,5031523.429,45.42037135,-75.63513251,1999
18--11249,10/26/2018,11:50 AM,BRONSON AVE btwn FOURTH AVE & MADAWASKA DR (__3ZA3NE),__3ZA3NE,01 - Non intersection,03 - P.D. only,03 - Rear end,01 - Clear,01 - Daylight,01 - Dry,10 - No control,,2,0,0,0,,0,,,,,367595.0156,5028982.794,45.39796747,-75.69793055,2000
18--11880,11/9/2018,11:47 PM,ALBION RD btwn KILLYMOON WAY & MITCH OWENS RD (__3ZA3TS),__3ZA3TS,01 - Non intersection,03 - P.D. only,07 - SMV other,03 - Snow,07 - Dark,02 - Wet,10 - No control,,1,0,0,0,,0,,,,,375891.4639,5014839.586,45.26991976,-75.59400559,2001
18--11881,11/9/2018,Unknown,PARK ST btwn SHAKESPEARE ST & MONTFORT ST (__3ZA8WI),__3ZA8WI,01 - Non intersection,03 - P.D. only,06 - SMV unattended vehicle,03 - Snow,00 - Unknown,04 - Slush,10 - No control,,1,0,0,0,,0,,,,,370375.7834,5033598.255,45.43924063,-75.66180179,2002
18--11882,11/9/2018,Unknown,LOCKHART AVE btwn NEEPAWA AVE & SAVILLE ROW (__3ZAAC0),__3ZAAC0,01 - Non intersection,03 - P.D. only,06 - SMV unattended vehicle,03 - Snow,00 - Unknown,04 - Slush,10 - No control,,1,0,0,0,,0,,,,,361911.4568,5026299.204,45.37430752,-75.77082994,2003
18--11883,11/9/2018,Unknown,ANDERSON ST btwn PRESTON ST & ROCHESTER ST (__3ZBOM1),__3ZBOM1,01 - Non intersection,03 - P.D. only,06 - SMV unattended vehicle,01 - Clear,00 - Unknown,01 - Dry,10 - No control,,1,0,0,0,,0,,,,,366404.9355,5030025.905,45.40745884,-75.71299947,2004
18--11884,11/9/2018,12:11 PM,HIGHLAND AVE @ WELLESLEY AVE (0006706),6706,03 - At intersection,02 - Non-fatal injury,02 - Angle,01 - Clear,01 - Daylight,01 - Dry,03 - Yield sign,01 - Functioning,2,0,0,0,02 - Minor,1,,1,,,363258.6993,5026786.934,45.37858495,-75.75357274,2005
18--11885,11/9/2018,12:20 PM,WOODROFFE AVE btwn HWY417 IC127 RAMP63 & HWY417 IC127 RAMP35 (__3ZA25N),__3ZA25N,01 - Non intersection,03 - P.D. only,04 - Sideswipe,02 - Rain,01 - Daylight,02 - Wet,10 - No control,,2,0,0,0,,0,,,,,362122.3308,5024845.31,45.3612083,-75.76830652,2006
18--11886,11/9/2018,12:38 PM,ALBERT ST @ BAY ST (0006357),6357,03 - At intersection,02 - Non-fatal injury,02 - Angle,01 - Clear,01 - Daylight,01 - Dry,01 - Traffic signal,01 - Functioning,2,0,0,0,01 - Minimal,1,1,,,,366942.6374,5031143.763,45.41746946,-75.70599007,2007
18--11887,11/9/2018,12:47 PM,BASELINE RD @ CLYDE AVE (0002343),2343,02 - Intersection related,03 - P.D. only,03 - Rear end,01 - Clear,01 - Daylight,01 - Dry,01 - Traffic signal,01 - Functioning,2,0,0,0,,0,,,,,364358.5373,5024890.629,45.36142966,-75.73975938,2008
18--11888,11/9/2018,12:58 PM,RICHMOND RD @ BELLFIELD ST/RIDGEVALLEY DR (0000521),521,03 - At intersection,03 - P.D. only,02 - Angle,03 - Snow,01 - Daylight,02 - Wet,02 - Stop sign,01 - Functioning,2,0,0,0,,0,,,,,359492.6626,5023528.54,45.34957009,-75.80201615,2009
18--11889,11/9/2018,2:05 PM,ALBION RD @ BANK ST (0012409),12409,02 - Intersection related,03 - P.D. only,04 - Sideswipe,03 - Snow,01 - Daylight,02 - Wet,01 - Traffic signal,01 - Functioning,2,0,0,0,,0,,,,,371946.6281,5024129.597,45.35389643,-75.64301412,2010
18--1189,1/23/2018,8:20 AM,HIGHWAY 7 btwn HWY 7 HAZELDEAN RD IC RAMP 52 & HAZELDEAN RD IC RAMP 62 (__7JQ7JA),__7JQ7JA,01 - Non intersection,02 - Non-fatal injury,07 - SMV other,02 - Rain,01 - Daylight,04 - Slush,10 - No control,,1,0,0,0,02 - Minor,1,,1,,,346355.7951,5012915.845,45.25497468,-75.97054919,2011
18--11890,11/9/2018,2:09 PM,WALKLEY RD @ AIRPORT PKWY SB RAMP (0002091),2091,03 - At intersection,03 - P.D. only,05 - Turning movement,02 - Rain,01 - Daylight,02 - Wet,03 - Yield sign,01 - Functioning,2,0,0,0,,0,,,,,369836.5525,5025651.711,45.36779085,-75.66974163,2012
18--11891,11/9/2018,2:20 PM,BASELINE RD @ WOODROFFE AVE (0002225),2225,02 - Intersection related,03 - P.D. only,04 - Sideswipe,02 - Rain,01 - Daylight,02 - Wet,01 - Traffic signal,01 - Functioning,2,0,0,0,,0,,,,,362549.6118,5023770.493,45.35150211,-75.76297848,2013
18--11892,11/9/2018,2:25 PM,HAZEL ST @ MAIN ST (0007202),7202,03 - At intersection,02 - Non-fatal injury,07 - SMV other,03 - Snow,01 - Daylight,02 - Wet,01 - Traffic signal,01 - Functioning,1,0,0,1,02 - Minor,1,,1,,,369166.545,5030173.81,45.40854112,-75.67770428,2014
18--11893,11/9/2018,2:30 PM,SELKIRK ST btwn NORTH RIVER RD & DUNDAS ST (__3ZA7B6),__3ZA7B6,04 - At/near private drive,03 - P.D. only,02 - Angle,03 - Snow,01 - Daylight,02 - Wet,10 - No control,,2,0,0,0,,0,,,,,369884.9322,5032770.8,45.43184139,-75.66818465,2015
18--11894,11/9/2018,2:32 PM,HIGHWAY 417 btwn HWY417 IC126 RAMP25 & HWY417 IC124 RAMP57 (__3ZA2R5),__3ZA2R5,01 - Non intersection,03 - P.D. only,03 - Rear end,03 - Snow,01 - Daylight,02 - Wet,10 - No control,,2,0,0,0,,0,,,,,363808.0332,5026687.197,45.37764148,-75.74657113,2016
18--11895,11/9/2018,2:48 PM,RICHMOND RD @ NORTHSIDE RD E (0010417),10417,02 - Intersection related,03 - P.D. only,03 - Rear end,02 - Rain,01 - Daylight,02 - Wet,01 - Traffic signal,01 - Functioning,2,0,0,0,,0,,,,,358329.0475,5021226.634,45.32894721,-75.81711408,2017
18--11896,11/9/2018,3:03 PM,PENHILL AVE btwn MIMOSA AVE & CHOMLEY CRES (__3ZA97S),__3ZA97S,01 - Non intersection,03 - P.D. only,06 - SMV unattended vehicle,01 - Clear,01 - Daylight,01 - Dry,10 - No control,,1,0,0,0,,0,,,,,371518.8648,5030252.571,45.4090295,-75.64764555,2018
18--11897,11/9/2018,3:32 PM,KING EDWARD AVE @ ST. PATRICK ST (0002714),2714,02 - Intersection related,03 - P.D. only,05 - Turning movement,03 - Snow,01 - Daylight,02 - Wet,01 - Traffic signal,01 - Functioning,2,0,0,0,,0,,,,,368248.575,5032823.626,45.43246708,-75.6890891,2019
18--11898,11/9/2018,3:49 PM,FALLOWFIELD RD btwn CONLEY RD & HUNTLEY RD (__3ZA3ER),__3ZA3ER,01 - Non intersection,02 - Non-fatal injury,07 - SMV other,03 - Snow,01 - Daylight,02 - Wet,10 - No control,,1,0,0,1,02 - Minor,1,,1,,,352032.2735,5009280.521,45.22190461,-75.89857572,2020
18--11899,11/9/2018,3:51 PM,CORKSTOWN RD btwn MARCH RD & MOODIE DR (__3ZA2LR),__3ZA2LR,01 - Non intersection,03 - P.D. only,07 - SMV other,03 - Snow,01 - Daylight,03 - Loose snow,10 - No control,,1,0,0,0,,0,,,,,354958.742,5021525.39,45.33188443,-75.86007701,2021
18--119,1/2/2018,6:00 PM,ALBION RD @ RIDEAU RD (0009356),9356,03 - At intersection,03 - P.D. only,02 - Angle,03 - Snow,07 - Dark,03 - Loose snow,01 - Traffic signal,01 - Functioning,2,0,0,0,,0,,,,,375092.4038,5016675.853,45.28652223,-75.60392757,2022
18--1190,1/23/2018,8:40 AM,BOUNDARY RD btwn DEVINE RD & PARKWAY RD (__3ZA3X5),__3ZA3X5,01 - Non intersection,03 - P.D. only,07 - SMV other,04 - Freezing Rain,01 - Daylight,04 - Slush,10 - No control,,1,0,0,0,,0,,,,,388727.6999,5020496.401,45.31940053,-75.42948894,2023
18--11900,11/9/2018,3:57 PM,MITCH OWENS RD btwn OLD PRESCOTT RD & TURN LANE (__3ZA2CQ),__3ZA2CQ,01 - Non intersection,03 - P.D. only,03 - Rear end,03 - Snow,05 - Dusk,02 - Wet,10 - No control,,2,0,0,0,,0,,,,,377417.4177,5015751.896,45.27797247,-75.57442782,2024
18--11901,11/9/2018,3:58 PM,REGIONAL ROAD 174 btwn OR174 IC105 RAMP51 & OR174 IC105 RAMP35 (__3ZA2XC),__3ZA2XC,01 - Non intersection,03 - P.D. only,04 - Sideswipe,03 - Snow,01 - Daylight,04 - Slush,10 - No control,,2,0,0,0,,0,,,,,379377.3629,5036984.306,45.4688036,-75.54624406,2025
18--11902,11/9/2018,4:10 PM,8TH LINE RD @ PARKWAY RD (0001611),1611,03 - At intersection,02 - Non-fatal injury,02 - Angle,03 - Snow,05 - Dusk,02 - Wet,02 - Stop sign,01 - Functioning,3,0,0,0,02 - Minor,3,,3,,,383165.8787,5016891.41,45.28760792,-75.50098951,2026
18--11903,11/9/2018,4:15 PM,ASHTON STATION RD @ ORMROD RD (0000406),406,03 - At intersection,03 - P.D. only,05 - Turning movement,03 - Snow,05 - Dusk,02 - Wet,02 - Stop sign,01 - Functioning,2,0,0,0,,0,,,,,341251.561,5002312.516,45.15984249,-76.03635432,2027
18--11904,11/9/2018,4:25 PM,KINBURN SIDE RD @ STONECREST RD (0002367),2367,03 - At intersection,03 - P.D. only,02 - Angle,03 - Snow,05 - Dusk,03 - Loose snow,02 - Stop sign,01 - Functioning,2,0,0,0,,0,,,,,334899.7198,5033077.604,45.43698312,-76.11527695,2028
18--11905,11/9/2018,4:30 PM,HIGHWAY 417 btwn HWY 417 ANDERSON IC104R61 & HWY 417 BOUNDARY IC96R16 (__3ZA2W5),__3ZA2W5,01 - Non intersection,03 - P.D. only,07 - SMV other,03 - Snow,05 - Dusk,03 - Loose snow,10 - No control,,1,0,0,0,,0,,,,,384906.3076,5025042.681,45.36075098,-75.47748736,2029
18--11906,11/9/2018,4:45 PM,MARCH RD btwn CORKSTOWN RD & HWY417 IC138 RAMP62 (__3ZA417),__3ZA417,01 - Non intersection,03 - P.D. only,04 - Sideswipe,03 - Snow,05 - Dusk,04 - Slush,10 - No control,,2,0,0,0,,0,,,,,352694.667,5020800.523,45.32552011,-75.88903042,2030
18--11907,11/9/2018,4:52 PM,MITCH OWENS RD btwn LIMEBANK RD & DOWNEY RD (__3ZA3H4),__3ZA3H4,01 - Non intersection,03 - P.D. only,07 - SMV other,03 - Snow,05 - Dusk,04 - Slush,10 - No control,,1,0,0,0,,0,,,,,371964.1554,5012293.916,45.24740033,-75.6443938,2031
18--11908,11/9/2018,4:56 PM,MONTREAL RD btwn NORTH RIVER RD & MONTGOMERY ST (__3ZA3XR),__3ZA3XR,01 - Non intersection,03 - P.D. only,03 - Rear end,03 - Snow,05 - Dusk,02 - Wet,10 - No control,,2,0,0,0,,0,,,,,369747.8945,5032888.555,45.43291365,-75.66992033,2032
18--11909,11/9/2018,5:00 PM,PRINCE OF WALES DR @ MERIVALE RD (0000564),564,02 - Intersection related,03 - P.D. only,04 - Sideswipe,03 - Snow,07 - Dark,02 - Wet,01 - Traffic signal,01 - Functioning,2,0,0,0,,0,,,,,367449.7269,5017616.405,45.29570799,-75.70122589,2033
18--1191,1/23/2018,9:45 AM,HIGHWAY 417 btwn HWY417 IC131 RAMP55 & HWY417 IC130 RAMP35 (__3ZA1MT),__3ZA1MT,01 - Non intersection,03 - P.D. only,04 - Sideswipe,02 - Rain,01 - Daylight,04 - Slush,10 - No control,,3,0,0,0,,0,,,,,358840.7949,5022989.082,45.34476657,-75.81039357,2034
18--11910,11/9/2018,5:05 PM,HIGHWAY 417 btwn HWY417 IC163 RAMP61 & HWY417 IC155 RAMP36 (__3ZA2QB),__3ZA2QB,01 - Non intersection,03 - P.D. only,07 - SMV other,03 - Snow,07 - Dark,03 - Loose snow,10 - No control,,1,0,0,0,,0,,,,,338421.1031,5019637.984,45.31588788,-76.07118422,2035
18--11911,11/9/2018,5:20 PM,HERZBERG RD @ CARLING AVE (0003193),3193,02 - Intersection related,03 - P.D. only,03 - Rear end,02 - Rain,07 - Dark,02 - Wet,01 - Traffic signal,01 - Functioning,3,0,0,0,,0,,,,,352037.6123,5022300.489,45.33906163,-75.89726853,2036
18--11912,11/9/2018,5:25 PM,UPPER DWYER HILL RD btwn MARCH RD & OLD ALMONTE RD (__3ZA4QB),__3ZA4QB,01 - Non intersection,03 - P.D. only,07 - SMV other,03 - Snow,07 - Dark,03 - Loose snow,10 - No control,,1,0,0,0,,0,,,,,334750.797,5013570.829,45.26145833,-76.11836183,2037
18--11913,11/9/2018,5:30 AM,DRAKE AVE btwn LINDSAY ST & BLAIR ST (__3ZBN67),__3ZBN67,01 - Non intersection,03 - P.D. only,06 - SMV unattended vehicle,01 - Clear,07 - Dark,01 - Dry,10 - No control,,1,0,0,0,,0,,,,,371067.9503,5030216.571,45.40874842,-75.65341033,2038
18--11914,11/9/2018,5:30 PM,HAWTHORNE RD/RUSSELL RD @ WALKLEY RD (0002618),2618,02 - Intersection related,03 - P.D. only,03 - Rear end,03 - Snow,07 - Dark,06 - Ice,01 - Traffic signal,01 - Functioning,2,0,0,0,,0,,,,,374674.7842,5028499.513,45.3929484,-75.60758086,2039
18--11915,11/9/2018,5:37 PM,BRONSON AVE btwn CARLING AVE & FIRST AVE (__3ZA3OQ),__3ZA3OQ,01 - Non intersection,03 - P.D. only,04 - Sideswipe,02 - Rain,07 - Dark,02 - Wet,10 - No control,,2,0,0,0,,0,,,,,367472.5932,5029278.715,45.40064106,-75.69945648,2040
18--11916,11/9/2018,5:52 PM,INNES RD @ SOUTHPARK DR (0004142),4142,03 - At intersection,02 - Non-fatal injury,07 - SMV other,03 - Snow,07 - Dark,03 - Loose snow,01 - Traffic signal,01 - Functioning,1,0,0,1,01 - Minimal,1,1,,,,377839.842,5032754.613,45.43091019,-75.56653248,2041
18--11917,11/9/2018,6:02 PM,BLACKLEAF DR @ JOCKVALE RD (0013602),13602,02 - Intersection related,03 - P.D. only,07 - SMV other,03 - Snow,07 - Dark,03 - Loose snow,02 - Stop sign,00 - Unknown,1,0,0,0,,0,,,,,365567.3359,5012899.706,45.25343261,-75.72580116,2042
18--11918,11/9/2018,6:04 PM,TRIM RD btwn ST. JOSEPH BLVD & WATTERS RD (__3ZA2GC),__3ZA2GC,01 - Non intersection,03 - P.D. only,07 - SMV other,03 - Snow,07 - Dark,04 - Slush,10 - No control,,1,0,0,0,,0,,,,,384769.4242,5039102.318,45.48726288,-75.47695187,2043
18--11919,11/9/2018,6:05 PM,HIGHWAY 417 btwn HWY417 IC144 RAMP25 & HWY417 IC142 RAMP51 (__3ZA20J),__3ZA20J,01 - Non intersection,03 - P.D. only,07 - SMV other,03 - Snow,07 - Dark,03 - Loose snow,10 - No control,,1,0,0,0,,0,,,,,347982.1712,5016339.749,45.28568635,-75.94953118,2044
18--1192,1/24/2018,1:06 PM,CARLING AVE @ KIRKWOOD AVE N (0002358),2358,02 - Intersection related,03 - P.D. only,04 - Sideswipe,01 - Clear,01 - Daylight,01 - Dry,01 - Traffic signal,01 - Functioning,2,0,0,0,,0,,,,,364275.6921,5027493.534,45.38485722,-75.74050333,2045
18--11920,11/9/2018,6:09 PM,BANK ST @ SOMERSET ST (0010858),10858,03 - At intersection,02 - Non-fatal injury,07 - SMV other,02 - Rain,07 - Dark,02 - Wet,01 - Traffic signal,01 - Functioning,1,0,0,1,01 - Minimal,1,1,,,,367694.6534,5030915.634,45.41534964,-75.69641146,2046
18--11921,11/9/2018,6:30 PM,BLAIR RD @ INNES RD (0004165),4165,02 - Intersection related,03 - P.D. only,03 - Rear end,03 - Snow,07 - Dark,04 - Slush,01 - Traffic signal,01 - Functioning,2,0,0,0,,0,,,,,375578.7354,5031439.555,45.41931053,-75.59561527,2047
18--11922,11/9/2018,7:18 AM,ALBION RD @ HUNT CLUB RD (0006974),6974,02 - Intersection related,03 - P.D. only,03 - Rear end,01 - Clear,01 - Daylight,01 - Dry,01 - Traffic signal,01 - Functioning,2,0,0,0,,0,,,,,371867.6259,5024320.667,45.35562318,-75.64399639,2048
18--11923,11/9/2018,7:20 PM,CEDARVIEW RD btwn WOODSIA AVE & FALLOWFIELD RD (__3ZA4Y7),__3ZA4Y7,01 - Non intersection,03 - P.D. only,03 - Rear end,03 - Snow,07 - Dark,02 - Wet,10 - No control,,2,0,0,0,,0,,,,,361091.5315,5016130.738,45.28287803,-75.78245371,2049
18--11924,11/9/2018,7:32 AM,WOODROFFE AVE @ CLARIDGE DR/STONEWAY DR N (0009791),9791,03 - At intersection,02 - Non-fatal injury,07 - SMV other,01 - Clear,01 - Daylight,01 - Dry,01 - Traffic signal,01 - Functioning,1,0,0,1,02 - Minor,1,,1,,,365576.4619,5016707.396,45.28769332,-75.72521888,2050
18--11925,11/9/2018,7:45 PM,HIGHWAY 7 btwn HWY417 IC145 RAMP55 & RAMP (__7JQ7JU),__7JQ7JU,01 - Non intersection,02 - Non-fatal injury,99 - Other,03 - Snow,07 - Dark,04 - Slush,10 - No control,,2,0,0,0,01 - Minimal,1,1,,,,346191.6511,5013899.912,45.26383942,-75.97255843,2051
18--11926,11/9/2018,8:05 AM,JEANNE D'ARC BLVD @ VORLAGE DR W/VOYAGEUR WAY (0004394),4394,03 - At intersection,03 - P.D. only,05 - Turning movement,01 - Clear,01 - Daylight,01 - Dry,01 - Traffic signal,01 - Functioning,2,0,0,0,,0,,,,,379267.607,5037741.439,45.47562741,-75.54753276,2052
18--11927,11/9/2018,8:21 PM,BERRIGAN DR btwn WESSEX RD & EDGEWARE DR (1) (__3ZAZKGA),__3ZAZKGA,01 - Non intersection,03 - P.D. only,03 - Rear end,03 - Snow,07 - Dark,04 - Slush,10 - No control,,2,0,0,0,,0,,,,,363756.7868,5015290.161,45.27509603,-75.7485825,2053
18--11928,11/9/2018,8:23 PM,FORTUNE DR @ PRIORY LANE E (0003584),3584,03 - At intersection,03 - P.D. only,02 - Angle,03 - Snow,07 - Dark,02 - Wet,02 - Stop sign,01 - Functioning,2,0,0,0,,0,,,,,380142.7149,5037739.383,45.47551504,-75.53634172,2054
18--11929,11/9/2018,8:25 PM,HANNAH ST @ MONTFORT ST (0010014),10014,03 - At intersection,03 - P.D. only,02 - Angle,03 - Snow,07 - Dark,04 - Slush,02 - Stop sign,01 - Functioning,2,0,0,0,,0,,,,,370140.6637,5033529.724,45.43864603,-75.6648159,2055
18--1193,1/24/2018,10:06 AM,OSGOODE ST btwn KING EDWARD AVE & HENDERSON AVE (__3ZA8HJ),__3ZA8HJ,01 - Non intersection,03 - P.D. only,06 - SMV unattended vehicle,03 - Snow,01 - Daylight,06 - Ice,10 - No control,,1,0,0,0,,0,,,,,368854.7526,5031855.678,45.42370258,-75.68146847,2056
18--11930,11/9/2018,8:31 PM,BARNSDALE RD @ TWIN ELM RD N (0000840),840,02 - Intersection related,03 - P.D. only,07 - SMV other,03 - Snow,07 - Dark,03 - Loose snow,02 - Stop sign,03 - Obscured,1,0,0,0,,0,,,,,360185.4961,5007832.478,45.20828098,-75.79492637,2057
18--11931,11/9/2018,8:38 PM,HIGHWAY 417 btwn Continuation of HIGHWAY 417 & HWY417 IC134 RAMP51 (__3ZA29B),__3ZA29B,01 - Non intersection,02 - Non-fatal injury,05 - Turning movement,03 - Snow,07 - Dark,04 - Slush,10 - No control,,2,0,0,0,02 - Minor,1,,1,,,355864.3912,5021916.718,45.33534032,-75.84848315,2058
18--11932,11/9/2018,8:39 PM,HIGHWAY 417 btwn HWY417 IC119B RAMP57 & HWY417 IC119A RAMP75 (__3ZA1QN),__3ZA1QN,01 - Non intersection,03 - P.D. only,04 - Sideswipe,03 - Snow,07 - Dark,04 - Slush,10 - No control,,2,0,0,0,,0,,,,,368475.4317,5030454.226,45.41112743,-75.68649628,2059
18--11933,11/9/2018,8:45 AM,BANK ST btwn AYLMER AVE & EUCLID AVE (__3ZA3N7),__3ZA3N7,01 - Non intersection,02 - Non-fatal injury,04 - Sideswipe,01 - Clear,01 - Daylight,01 - Dry,10 - No control,,2,1,0,0,01 - Minimal,1,1,,,,368674.8749,5028726.898,45.39556732,-75.68417223,2060
18--11934,11/9/2018,9:05 PM,EAGLESON RD btwn FAULKNER TR & FALLOWFIELD RD (__3ZA410),__3ZA410,01 - Non intersection,03 - P.D. only,07 - SMV other,03 - Snow,07 - Dark,02 - Wet,10 - No control,,1,0,0,0,,0,,,,,355685.2661,5013308.672,45.2578966,-75.85165171,2061
18--11935,11/9/2018,9:07 PM,EARL ARMSTRONG RD @ SPRATT RD (0013063),13063,03 - At intersection,02 - Non-fatal injury,05 - Turning movement,03 - Snow,07 - Dark,03 - Loose snow,01 - Traffic signal,01 - Functioning,2,0,0,0,03 - Major,3,2,,1,,368396.7152,5015011.506,45.27218437,-75.68948699,2062
18--11936,11/9/2018,9:08 PM,HWY417 IC145 RAMP55 btwn HIGHWAY 7 & HIGHWAY 417 (__3ZAY8K),__3ZAY8K,01 - Non intersection,03 - P.D. only,03 - Rear end,03 - Snow,07 - Dark,03 - Loose snow,10 - No control,,2,0,0,0,,0,,,,,346153.9771,5014204.73,45.26658452,-75.9730131,2063
18--11937,11/9/2018,9:20 PM,BASELINE RD/HERON RD @ PRINCE OF WALES DR (0002345),2345,02 - Intersection related,03 - P.D. only,03 - Rear end,03 - Snow,07 - Dark,02 - Wet,01 - Traffic signal,01 - Functioning,2,0,0,0,,0,,,,,366873.4988,5026438.565,45.37513947,-75.70746544,2064
18--11938,11/9/2018,9:30 AM,WEST HUNT CLUB RD EB btwn CEDARVIEW RD & GREENBANK RD (__3ZA198),__3ZA198,01 - Non intersection,03 - P.D. only,03 - Rear end,01 - Clear,01 - Daylight,01 - Dry,10 - No control,,2,0,0,0,,0,,,,,361050.4939,5020243.469,45.31988784,-75.78251014,2065
18--11939,11/10/2018,1:00 PM,STRANDHERD DR @ LONGFIELDS DR (0010935),10935,02 - Intersection related,03 - P.D. only,03 - Rear end,01 - Clear,01 - Daylight,01 - Dry,01 - Traffic signal,01 - Functioning,2,0,0,0,,0,,,,,364548.5418,5015173.397,45.27397855,-75.73850635,2066
18--1194,1/24/2018,10:15 AM,MERIVALE RD btwn 210 S OF MEADOWLANDS DR/MERIVALE PL SC & FAMILY BROWN (__3ZBPLPB),__3ZBPLPB,04 - At/near private drive,03 - P.D. only,04 - Sideswipe,01 - Clear,01 - Daylight,01 - Dry,10 - No control,,2,0,0,0,,0,,,,,364975.9746,5023454.575,45.34845552,-75.73205354,2067
18--11940,11/10/2018,1:07 PM,CYRVILLE RD @ INNES RD (0009352),9352,02 - Intersection related,03 - P.D. only,03 - Rear end,03 - Snow,01 - Daylight,02 - Wet,01 - Traffic signal,01 - Functioning,2,0,0,0,,0,,,,,375047.8021,5031119.596,45.41648523,-75.60244412,2068
18--11941,11/10/2018,1:30 PM,CYRVILLE RD btwn CYRVILLE RD & OGILVIE RD (__3ZA2CD),__3ZA2CD,04 - At/near private drive,03 - P.D. only,02 - Angle,03 - Snow,01 - Daylight,02 - Wet,10 - No control,,2,0,0,0,,0,,,,,372335.3921,5032077.474,45.42537083,-75.63696523,2069
18--11942,11/10/2018,10:15 AM,DUNROBIN RD btwn MARCH RD & RIDDELL DR (__3ZBOB5),__3ZBOB5,01 - Non intersection,03 - P.D. only,07 - SMV other,01 - Clear,01 - Daylight,01 - Dry,10 - No control,,1,0,0,0,,0,,,,,347178.2326,5026147.168,45.37398541,-75.95893941,2070
18--11943,11/10/2018,10:22 PM,HIGHWAY 416 btwn HWY416 IC66 RAMP34 & HWY416 IC72 RAMP53 (__3ZAZM6),__3ZAZM6,01 - Non intersection,03 - P.D. only,07 - SMV other,01 - Clear,07 - Dark,01 - Dry,10 - No control,,1,0,0,0,,0,,,,,360264.8272,5018188.162,45.3014566,-75.79276081,2071
18--11944,11/10/2018,11:04 PM,WEST HUNT CLUB RD EB btwn ROYDON PL/SUNDERLAND ST & 545 E OF ROYDON PL (__3ZA3JPA),__3ZA3JPA,04 - At/near private drive,03 - P.D. only,99 - Other,01 - Clear,07 - Dark,01 - Dry,10 - No control,,2,0,0,0,,0,,,,,366135.0244,5022257.787,45.33758661,-75.71741188,2072
18--11945,11/10/2018,11:09 PM,DALY AVE btwn CUMBERLAND ST & END (__3ZA1IM),__3ZA1IM,01 - Non intersection,03 - P.D. only,99 - Other,01 - Clear,07 - Dark,01 - Dry,10 - No control,,2,0,0,0,,0,,,,,368414.2239,5032163.192,45.42650968,-75.68705754,2073
18--11946,11/10/2018,11:55 PM,ROGER STEVENS DR btwn DWYER HILL RD & MALAKOFF RD (__3ZA4ZQ),__3ZA4ZQ,01 - Non intersection,03 - P.D. only,07 - SMV other,01 - Clear,07 - Dark,01 - Dry,10 - No control,,1,0,0,0,,0,,,,,356592.5132,4991245.076,45.05929378,-75.8423807,2074
18--11947,11/10/2018,Unknown,CAVENDISH RD btwn PLEASANT PARK RD & MOUNTBATTEN AVE (__3ZA8GG),__3ZA8GG,01 - Non intersection,03 - P.D. only,06 - SMV unattended vehicle,03 - Snow,00 - Unknown,02 - Wet,10 - No control,,1,0,0,0,,0,,,,,370185.6652,5028412.623,45.39260014,-75.66491968,2075
18--11948,11/10/2018,12:00 PM,BELCOURT BLVD @ INNES RD (0004202),4202,02 - Intersection related,03 - P.D. only,03 - Rear end,02 - Rain,01 - Daylight,02 - Wet,01 - Traffic signal,01 - Functioning,2,0,0,0,,0,,,,,382121.6312,5035266.89,45.45305333,-75.51142339,2076
18--11949,11/10/2018,12:19 PM,PETRICHOR CRES btwn GERRY LALONDE DR E & GERRY LALONDE DR W (e___2HQR),e___2HQR,01 - Non intersection,03 - P.D. only,06 - SMV unattended vehicle,03 - Snow,01 - Daylight,04 - Slush,10 - No control,,1,0,0,0,,0,,,,,383733.9969,5035224.988,45.45249607,-75.4908188,2077
18--1195,1/24/2018,10:31 AM,RICHMOND RD @ HOLLY ACRES RD/NANAIMO DR (0001068),1068,03 - At intersection,03 - P.D. only,05 - Turning movement,01 - Clear,01 - Daylight,02 - Wet,01 - Traffic signal,01 - Functioning,2,0,0,0,,0,,,,,359058.6715,5022748.497,45.34258496,-75.80763987,2078
18--11950,11/10/2018,12:30 PM,STRANDHERD DR btwn GREENBANK RD & Continuation of STRANDHERD DR (__5U4IBT),__5U4IBT,01 - Non intersection,03 - P.D. only,03 - Rear end,01 - Clear,01 - Daylight,01 - Dry,10 - No control,,2,0,0,0,,0,,,,,363967.3131,5014805.185,45.27071452,-75.74595732,2079