Anom_ID,Accident_Date,Accident_Time,Location,Geo_ID,Accident_Location,Classification_of_Accident,Initial_Impact_Type,Environment_Condition,Light,Road_Surface_Condition,Traffic_Control,Traffic_Control_Condition,No__of_Vehicles,No__of_Bicycles,No__of_Motorcycles,No__of_Pedestrians,Max_Injury,No__of_Injuries,No__of_Minimal,No__of_Minor,No__of_Major,No__of_Fatal,X,Y,Latitude,Longitude,ObjectId
18--11951,11/10/2018,12:59 PM,AVIATION PKWY @ MONTREAL RD (0008799),8799,02 - Intersection related,03 - P.D. only,03 - Rear end,03 - Snow,01 - Daylight,02 - Wet,01 - Traffic signal,01 - Functioning,2,0,0,0,,0,,,,,372146.596,5034108.653,45.44366461,-75.63909973,2080
18--11952,11/10/2018,3:21 PM,HERON RD EB btwn BRONSON AVE RAMP 52 & HERON RD SPLIT (__5FD5QU),__5FD5QU,01 - Non intersection,02 - Non-fatal injury,03 - Rear end,01 - Clear,01 - Daylight,01 - Dry,10 - No control,,2,0,0,0,02 - Minor,1,,1,,,368758.8684,5026706.237,45.37737835,-75.6833614,2081
18--11953,11/10/2018,4:18 PM,BEECHWOOD AVE btwn ST. PATRICK ST & MACKAY ST (__3ZBOFT),__3ZBOFT,01 - Non intersection,03 - P.D. only,06 - SMV unattended vehicle,01 - Clear,01 - Daylight,01 - Dry,10 - No control,,1,0,0,0,,0,,,,,369177.5188,5033577.104,45.43916168,-75.67711933,2082
18--11954,11/10/2018,4:24 PM,ALTA VISTA DR btwn DALE AVE & 75 S OF CALEDON ST (__3ZA97HB),__3ZA97HB,01 - Non intersection,03 - P.D. only,06 - SMV unattended vehicle,01 - Clear,05 - Dusk,01 - Dry,10 - No control,,1,0,0,0,,0,,,,,370701.7608,5030208.325,45.4087088,-75.65808908,2083
18--11955,11/10/2018,4:36 PM,MAITLAND AVE/HWY 417 MAITLAND IC126R53 @ HWY 4 (0008229),8229,03 - At intersection,02 - Non-fatal injury,02 - Angle,01 - Clear,05 - Dusk,01 - Dry,01 - Traffic signal,01 - Functioning,2,0,0,0,02 - Minor,1,,1,,,363229.7516,5025774.535,45.36947793,-75.7540621,2084
18--11956,11/10/2018,5:02 PM,LYON ST @ SLATER ST (0002207),2207,02 - Intersection related,03 - P.D. only,04 - Sideswipe,01 - Clear,07 - Dark,01 - Dry,01 - Traffic signal,00 - Unknown,2,0,0,0,,0,,,,,367102.5913,5031152.663,45.41753532,-75.70394538,2085
18--11957,11/10/2018,5:08 PM,INDUSTRIAL AVE btwn NEIGHBORHOOD WAY & TRAINYARDS DR (__6N4VKM),__6N4VKM,04 - At/near private drive,02 - Non-fatal injury,05 - Turning movement,01 - Clear,07 - Dark,01 - Dry,10 - No control,,2,0,0,0,01 - Minimal,1,1,,,,371554.1013,5030552.27,45.4117227,-75.64715486,2086
18--11958,11/10/2018,5:10 PM,CYRVILLE RD @ ST. LAURENT BLVD (0002647),2647,03 - At intersection,02 - Non-fatal injury,07 - SMV other,06 - Strong wind,07 - Dark,01 - Dry,01 - Traffic signal,01 - Functioning,1,0,0,1,02 - Minor,1,,1,,,372241.8428,5032111.667,45.42568751,-75.63815588,2087
18--11959,11/10/2018,5:25 PM,MERIVALE RD @ BASIL MACDONALD WAY/MERIVALE MAL (0010301),10301,02 - Intersection related,03 - P.D. only,03 - Rear end,03 - Snow,07 - Dark,03 - Loose snow,01 - Traffic signal,00 - Unknown,3,0,0,0,,0,,,,,365097.1421,5023171.209,45.34589543,-75.73054193,2088
18--1196,1/24/2018,10:31 AM,BREWER WAY btwn HOPEWELL AVE & BRONSON AVE (__3ZA5WX),__3ZA5WX,01 - Non intersection,03 - P.D. only,07 - SMV other,01 - Clear,01 - Daylight,06 - Ice,10 - No control,,1,0,0,0,,0,,,,,368179.9555,5027807.64,45.38734108,-75.69061092,2089
18--11960,11/10/2018,5:29 PM,CUMMINGS AVE/LABELLE ST @ CYRVILLE RD (0008791),8791,03 - At intersection,02 - Non-fatal injury,07 - SMV other,01 - Clear,07 - Dark,01 - Dry,01 - Traffic signal,01 - Functioning,1,0,0,1,02 - Minor,1,,1,,,372860.7151,5031871.616,45.4234677,-75.63028135,2090
18--11961,11/10/2018,5:37 PM,WOODROFFE AVE @ KNOXDALE RD/MEDHURST DR (0000519),519,02 - Intersection related,03 - P.D. only,03 - Rear end,01 - Clear,07 - Dark,01 - Dry,01 - Traffic signal,01 - Functioning,2,0,0,0,,0,,,,,363419.7779,5021826.643,45.33393932,-75.75210439,2091
18--11962,11/10/2018,5:40 PM,HIGHWAY 417 btwn HWY417 IC118 RAMP35 & HWY417 IC117 RAMP51 (__3ZA2YP),__3ZA2YP,01 - Non intersection,03 - P.D. only,04 - Sideswipe,01 - Clear,07 - Dark,01 - Dry,10 - No control,,2,0,0,0,,0,,,,,369943.7141,5031124.154,45.41702005,-75.66765123,2092
18--11963,11/10/2018,6:00 PM,BONNEVILLE CRES btwn BELLETERRE ST & BELLETERRE ST (__3ZAZWO),__3ZAZWO,01 - Non intersection,03 - P.D. only,06 - SMV unattended vehicle,01 - Clear,07 - Dark,01 - Dry,10 - No control,,1,0,0,0,,0,,,,,381843.657,5037400.644,45.47228176,-75.51464243,2093
18--11964,11/10/2018,6:15 PM,DALY AVE @ KING EDWARD AVE (0007755),7755,02 - Intersection related,03 - P.D. only,04 - Sideswipe,02 - Rain,07 - Dark,02 - Wet,02 - Stop sign,01 - Functioning,2,0,0,0,,0,,,,,368591.6945,5032273.58,45.42748675,-75.68477553,2094
18--11965,11/10/2018,6:35 PM,CARLING AVE @ FAIRLAWN AVE/WOODROFFE AVE E (0002393),2393,02 - Intersection related,03 - P.D. only,03 - Rear end,01 - Clear,07 - Dark,01 - Dry,01 - Traffic signal,01 - Functioning,2,0,0,0,,0,,,,,361934.6841,5025830.528,45.37008852,-75.77058762,2095
18--11966,11/10/2018,6:45 PM,CARLING AVE @ RICHMOND RD (0010847),10847,02 - Intersection related,03 - P.D. only,99 - Other,01 - Clear,07 - Dark,01 - Dry,01 - Traffic signal,01 - Functioning,2,0,0,0,,0,,,,,360245.7882,5024781.603,45.36078599,-75.79226501,2096
18--11967,11/10/2018,6:53 PM,BRONSON AVE btwn RENFREW AVE & POWELL AVE (__3ZA3BZ),__3ZA3BZ,04 - At/near private drive,03 - P.D. only,02 - Angle,01 - Clear,07 - Dark,01 - Dry,10 - No control,,2,0,0,0,,0,,,,,367363.1027,5029535.585,45.40296209,-75.70082232,2097
18--11968,11/10/2018,9:06 AM,TERRY FOX DR @ WESTPHALIAN AVE (0014366),14366,02 - Intersection related,03 - P.D. only,03 - Rear end,01 - Clear,01 - Daylight,02 - Wet,01 - Traffic signal,01 - Functioning,2,0,0,0,,0,,,,,353455.2261,5015759.789,45.28011017,-75.87982363,2098
18--11969,11/10/2018,9:33 AM,RICHMOND RD @ HOLLY ACRES RD/NANAIMO DR (0001068),1068,02 - Intersection related,03 - P.D. only,07 - SMV other,01 - Clear,01 - Daylight,01 - Dry,01 - Traffic signal,01 - Functioning,1,0,0,0,,0,,,,,359058.754,5022748.47,45.34258471,-75.80763882,2099
18--1197,1/24/2018,10:51 AM,CARLING AVE @ RICHMOND RD (0010847),10847,02 - Intersection related,02 - Non-fatal injury,03 - Rear end,01 - Clear,01 - Daylight,01 - Dry,01 - Traffic signal,01 - Functioning,2,0,0,0,02 - Minor,1,,1,,,360245.6788,5024781.512,45.36078518,-75.79226642,2100
18--12150,11/14/2018,5:24 PM,ROCKCLIFFE PKWY/AVIATION/ROCKCLIFFE PKWY EB ON (0001667),1667,02 - Intersection related,03 - P.D. only,03 - Rear end,01 - Clear,07 - Dark,00 - Unknown,03 - Yield sign,01 - Functioning,3,0,0,0,,0,,,,,372070.7324,5035607.795,45.45716044,-75.63986438,2101
18--12151,11/14/2018,5:31 PM,REGIONAL ROAD 174 btwn OR174 IC109 RAMP54 & OR174 IC109 RAMP55 (__3ZA28X),__3ZA28X,01 - Non intersection,03 - P.D. only,03 - Rear end,01 - Clear,07 - Dark,01 - Dry,10 - No control,,4,0,0,0,,0,,,,,376429.7676,5034895.332,45.45031689,-75.58423969,2102
18--12152,11/14/2018,5:34 AM,EAGLESON RD @ 146 N OF ABBEYHILL DR/HAZELDEAN  (0011577),11577,02 - Intersection related,02 - Non-fatal injury,04 - Sideswipe,05 - Drifting Snow,07 - Dark,02 - Wet,01 - Traffic signal,01 - Functioning,3,0,0,0,02 - Minor,1,,1,,,353773.3898,5018172.335,45.30179673,-75.87553026,2103
18--12153,11/14/2018,5:35 PM,MARCH RD btwn DUNROBIN RD & MURPHY CRT (__3ZA3DI),__3ZA3DI,01 - Non intersection,03 - P.D. only,07 - SMV other,01 - Clear,07 - Dark,01 - Dry,10 - No control,,1,0,0,0,,0,,,,,347691.3541,5025779.129,45.37064249,-75.95242043,2104
18--12154,11/14/2018,5:45 PM,BASELINE RD @ CORDOVA ST (0003208),3208,02 - Intersection related,03 - P.D. only,03 - Rear end,01 - Clear,07 - Dark,01 - Dry,01 - Traffic signal,01 - Functioning,2,0,0,0,,0,,,,,363593.7229,5024409.541,45.35716544,-75.7495783,2105
18--12155,11/14/2018,5:57 AM,BANK ST btwn GLADSTONE AVE & MCLEOD ST (__3ZA3PF),__3ZA3PF,04 - At/near private drive,03 - P.D. only,05 - Turning movement,01 - Clear,07 - Dark,05 - Packed snow,10 - No control,,2,0,0,0,,0,,,,,367919.3406,5030556.325,45.41209646,-75.69358699,2106
18--12156,11/14/2018,6:00 PM,HIGHWAY 417 btwn HWY417 IC118 RAMP76 & HWY417 IC118 RAMP67 (__3ZA2YR),__3ZA2YR,01 - Non intersection,03 - P.D. only,03 - Rear end,01 - Clear,07 - Dark,01 - Dry,10 - No control,,2,0,0,0,,0,,,,,369350.2374,5030987.425,45.41584482,-75.67525127,2107
18--12157,11/14/2018,6:17 PM,HUNTMAR DR btwn PALLADIUM DR & MAPLE GROVE RD (__3ZA1EH),__3ZA1EH,01 - Non intersection,03 - P.D. only,03 - Rear end,01 - Clear,07 - Dark,06 - Ice,10 - No control,,3,0,0,0,,0,,,,,350253.4148,5016729.051,45.2890462,-75.92054407,2108
18--12158,11/14/2018,6:21 PM,CARLING AVE @ CROYDON AVE (0002642),2642,03 - At intersection,02 - Non-fatal injury,07 - SMV other,01 - Clear,07 - Dark,01 - Dry,01 - Traffic signal,01 - Functioning,1,0,0,1,01 - Minimal,1,1,,,,360658.3973,5025042.628,45.36310193,-75.78696919,2109
18--12159,11/14/2018,6:30 AM,HWY417 IC131 RAMP55 btwn HIGHWAY 417 & HWY416 IC75B RAMP25 (__3ZAYG7),__3ZAYG7,01 - Non intersection,03 - P.D. only,03 - Rear end,03 - Snow,03 - Dawn,03 - Loose snow,10 - No control,,3,0,0,0,,0,,,,,358210.6658,5022739.105,45.34256553,-75.81846097,2110
18--1216,1/24/2018,5:55 PM,GEORGE ST @ PRESTON ST (0006190),6190,03 - At intersection,03 - P.D. only,03 - Rear end,05 - Drifting Snow,07 - Dark,06 - Ice,01 - Traffic signal,01 - Functioning,2,0,0,0,,0,,,,,366618.7011,5029416.56,45.40195727,-75.71034527,2111
18--12160,11/14/2018,6:51 AM,REGIONAL ROAD 174 btwn OR174 IC112 RAMP36 & OR174 IC112 RAMP26 (__3ZAZFK),__3ZAZFK,01 - Non intersection,02 - Non-fatal injury,03 - Rear end,01 - Clear,03 - Dawn,01 - Dry,10 - No control,,4,0,0,0,01 - Minimal,1,1,,,,374650.3243,5032731.583,45.43102881,-75.60729349,2112
18--12161,11/14/2018,7:00 PM,MARCH RD @ TERRY FOX DR (0003173),3173,02 - Intersection related,02 - Non-fatal injury,03 - Rear end,01 - Clear,07 - Dark,01 - Dry,01 - Traffic signal,01 - Functioning,2,0,0,0,01 - Minimal,1,1,,,,349864.6413,5023399.553,45.3490942,-75.92489314,2113
18--12162,11/14/2018,7:15 PM,INNES RD @ JEANNE D'ARC BLVD/MER BLEUE RD (0012475),12475,02 - Intersection related,03 - P.D. only,03 - Rear end,01 - Clear,07 - Dark,01 - Dry,01 - Traffic signal,01 - Functioning,2,0,0,0,,0,,,,,382637.7868,5035567.459,45.45570029,-75.50477764,2114
18--12163,11/14/2018,7:30 AM,AVIATION PKWY @ HEMLOCK RD NB ONRAMP (0011237),11237,02 - Intersection related,02 - Non-fatal injury,04 - Sideswipe,01 - Clear,01 - Daylight,01 - Dry,03 - Yield sign,01 - Functioning,2,0,0,0,02 - Minor,1,,1,,,371560.5221,5035248.252,45.45397438,-75.6464361,2115
18--12164,11/14/2018,7:41 AM,WEST HUNT CLUB RD @ WOODROFFE AVE (0000576),576,02 - Intersection related,02 - Non-fatal injury,03 - Rear end,05 - Drifting Snow,01 - Daylight,06 - Ice,01 - Traffic signal,01 - Functioning,2,0,0,0,03 - Major,3,,2,1,,363670.682,5021246.561,45.32869878,-75.74897252,2116
18--12165,11/14/2018,7:46 AM,FERNBANK RD @ SHEA RD (0000399),399,03 - At intersection,03 - P.D. only,02 - Angle,01 - Clear,01 - Daylight,01 - Dry,11 - Roundabout,01 - Functioning,2,0,0,0,,0,,,,,352115.7236,5013182.301,45.25700859,-75.89714201,2117
18--12166,11/14/2018,7:56 PM,CENTRAL PARK DR N @ MERIVALE RD (0011433),11433,03 - At intersection,03 - P.D. only,05 - Turning movement,01 - Clear,07 - Dark,01 - Dry,01 - Traffic signal,01 - Functioning,2,0,0,0,,0,,,,,364952.8436,5025873.627,45.37022377,-75.7320543,2118
18--12167,11/14/2018,8:01 PM,MERIVALE RD btwn WITHROW AVE & ROSSLAND AVE (__3ZA4H5),__3ZA4H5,04 - At/near private drive,03 - P.D. only,03 - Rear end,01 - Clear,07 - Dark,01 - Dry,10 - No control,,2,0,0,0,,0,,,,,364647.6156,5024214.677,45.35532292,-75.73615158,2119
18--12168,11/14/2018,8:02 AM,EARL ARMSTRONG RD @ SPRATT RD (0013063),13063,02 - Intersection related,03 - P.D. only,03 - Rear end,01 - Clear,01 - Daylight,01 - Dry,01 - Traffic signal,01 - Functioning,2,0,0,0,,0,,,,,368396.749,5015011.486,45.27218418,-75.68948656,2120
18--12169,11/14/2018,8:13 AM,MORRISON DR @ BASELINE RD (0002570),2570,02 - Intersection related,03 - P.D. only,04 - Sideswipe,01 - Clear,01 - Daylight,01 - Dry,01 - Traffic signal,01 - Functioning,2,0,0,0,,0,,,,,360099.6533,5022309.843,45.33855666,-75.7944066,2121
18--1217,1/24/2018,6:00 PM,HIGHWAY 417 btwn HWY417 IC138 RAMP61 & HWY417 IC134 RAMP36 (__3ZA20I),__3ZA20I,01 - Non intersection,03 - P.D. only,07 - SMV other,01 - Clear,07 - Dark,01 - Dry,10 - No control,,1,0,0,0,,0,,,,,355435.2002,5021713.286,45.33354092,-75.85397954,2122
18--12170,11/14/2018,8:21 PM,BELCOURT BLVD @ INNES RD (0004202),4202,02 - Intersection related,03 - P.D. only,03 - Rear end,01 - Clear,07 - Dark,01 - Dry,01 - Traffic signal,01 - Functioning,2,0,0,0,,0,,,,,382121.4678,5035266.894,45.45305338,-75.51142548,2123
18--12171,11/14/2018,8:30 AM,ST. JOSEPH BLVD btwn HART RD & R.C.M.P. COMPLEX (__3ZA2BHA),__3ZA2BHA,01 - Non intersection,03 - P.D. only,03 - Rear end,01 - Clear,01 - Daylight,01 - Dry,10 - No control,,3,0,0,0,,0,,,,,377687.4878,5035668.295,45.45714145,-75.56804777,2124
18--12172,11/14/2018,8:40 AM,HIGHWAY 417 btwn HWY417 IC112 RAMP64 & HIGHWAY 417 (__3ZA2U1),__3ZA2U1,01 - Non intersection,03 - P.D. only,03 - Rear end,01 - Clear,01 - Daylight,01 - Dry,10 - No control,,3,0,0,0,,0,,,,,374955.443,5030707.598,45.41278755,-75.60368269,2125
18--12173,11/14/2018,8:41 PM,INDUSTRIAL AVE @ RIVERSIDE DR (0011905),11905,03 - At intersection,03 - P.D. only,05 - Turning movement,01 - Clear,07 - Dark,01 - Dry,01 - Traffic signal,01 - Functioning,2,0,0,0,,0,,,,,370684.815,5030592.622,45.41216815,-75.65825418,2126
18--12174,11/14/2018,8:47 AM,MCCARTHY RD @ PLANTE DR S (0007478),7478,03 - At intersection,02 - Non-fatal injury,02 - Angle,01 - Clear,01 - Daylight,01 - Dry,02 - Stop sign,00 - Unknown,2,0,0,0,02 - Minor,1,,1,,,370418.6506,5023606.507,45.34933447,-75.66258285,2127
18--12175,11/14/2018,9:30 AM,CARLING AVE btwn DEFENSE  RESEARCH COMPLEX & RIFLE RD (__3ZA4Z6B),__3ZA4Z6B,04 - At/near private drive,03 - P.D. only,03 - Rear end,01 - Clear,01 - Daylight,01 - Dry,10 - No control,,2,0,0,0,,0,,,,,353551.075,5023100.803,45.34615944,-75.87787966,2128
18--12176,11/14/2018,9:34 AM,HIGHWAY 417 btwn HWY417 IC130 RAMP35 & HWY417 IC130 RAMP25 (__3ZA298),__3ZA298,01 - Non intersection,03 - P.D. only,03 - Rear end,01 - Clear,01 - Daylight,01 - Dry,10 - No control,,2,0,0,0,,0,,,,,359209.3518,5023062.938,45.34540264,-75.80568269,2129
18--12177,11/15/2018,1:09 PM,BRONSON AVE @ GLADSTONE AVE (0002110),2110,02 - Intersection related,02 - Non-fatal injury,03 - Rear end,01 - Clear,01 - Daylight,01 - Dry,01 - Traffic signal,01 - Functioning,6,0,0,0,02 - Minor,2,1,1,,,367133.6008,5030081.717,45.4078965,-75.70368464,2130
18--12178,11/15/2018,1:15 PM,STITTSVILLE MAIN ST @ HAZELDEAN RD (0000050),50,02 - Intersection related,03 - P.D. only,03 - Rear end,01 - Clear,01 - Daylight,01 - Dry,01 - Traffic signal,01 - Functioning,2,0,0,0,,0,,,,,349558.3704,5014878.739,45.27244108,-75.92957116,2131
18--12179,11/15/2018,10:12 PM,HUNT CLUB RD btwn BILLY BISHOP PRIV & HUNT CLUB PL (__3ZA36H),__3ZA36H,01 - Non intersection,03 - P.D. only,03 - Rear end,01 - Clear,07 - Dark,01 - Dry,10 - No control,,2,0,0,0,,0,,,,,368999.7877,5022513.545,45.33963158,-75.68083017,2132
18--1218,1/24/2018,6:06 PM,BASELINE RD btwn MARSON ST & FISHER AVE (__3ZA4JL),__3ZA4JL,01 - Non intersection,02 - Non-fatal injury,03 - Rear end,01 - Clear,07 - Dark,01 - Dry,10 - No control,,2,0,0,0,02 - Minor,1,,1,,,365997.7396,5025919.946,45.37055008,-75.71871006,2133
18--12180,11/15/2018,10:54 AM,WEST HUNT CLUB RD @ 545 E OF ROYDON PL/SUNDERLAND ST (0010375),10375,02 - Intersection related,03 - P.D. only,03 - Rear end,01 - Clear,01 - Daylight,01 - Dry,01 - Traffic signal,01 - Functioning,2,0,0,0,,0,,,,,366352.8215,5022407.732,45.33891672,-75.71461457,2134
18--12181,11/15/2018,11:10 PM,CONSTELLATION CRES btwn TURN LANE & CENTREPOINTE DR (__3ZA0AQ),__3ZA0AQ,04 - At/near private drive,03 - P.D. only,03 - Rear end,03 - Snow,07 - Dark,04 - Slush,10 - No control,,2,0,0,0,,0,,,,,362439.5668,5023372.003,45.34792558,-75.76442925,2135
18--12182,11/15/2018,11:12 AM,PRINCE OF WALES DR btwn WATERBEND LANE & TURN LANE (__3ZA1H4),__3ZA1H4,04 - At/near private drive,03 - P.D. only,02 - Angle,01 - Clear,01 - Daylight,01 - Dry,10 - No control,,2,0,0,0,,0,,,,,367432.9507,5021722.958,45.33265965,-75.70092062,2136
18--12183,11/15/2018,11:17 AM,EAGLESON RD @ HAZELDEAN RD/ROBERTSON RD (0002715),2715,02 - Intersection related,03 - P.D. only,04 - Sideswipe,01 - Clear,01 - Daylight,01 - Dry,01 - Traffic signal,01 - Functioning,2,0,0,0,,0,,,,,353673.5756,5018424.751,45.30407497,-75.87677805,2137
18--12184,11/15/2018,11:45 AM,ALLEN BLVD @ MCARTHUR AVE (0009809),9809,02 - Intersection related,03 - P.D. only,05 - Turning movement,01 - Clear,01 - Daylight,01 - Dry,01 - Traffic signal,01 - Functioning,2,0,0,0,,0,,,,,370750.3239,5032749.552,45.43156914,-75.65712858,2138
18--12185,11/15/2018,11:51 AM,CARLING AVE EB btwn MERIVALE RD EXTENSION & VISCOUNT AVE (__3ZA26Q),__3ZA26Q,01 - Non intersection,03 - P.D. only,99 - Other,01 - Clear,01 - Daylight,01 - Dry,10 - No control,,2,0,0,0,,0,,,,,365041.2344,5027793.016,45.38748648,-75.73069178,2139
18--12186,11/15/2018,12:10 PM,CARLING AVE @ MAITLAND AVE/SHERBOURNE RD (0002641),2641,02 - Intersection related,03 - P.D. only,03 - Rear end,01 - Clear,01 - Daylight,01 - Dry,01 - Traffic signal,01 - Functioning,2,0,0,0,,0,,,,,362942.4904,5026488.781,45.37592852,-75.75764501,2140
18--12187,11/15/2018,12:29 PM,RIVERSIDE DR RAMP 42A @ RIVERSIDE DR (0010862),10862,02 - Intersection related,03 - P.D. only,03 - Rear end,01 - Clear,01 - Daylight,01 - Dry,03 - Yield sign,01 - Functioning,2,0,0,0,,0,,,,,368441.6794,5027266.822,45.38245122,-75.68733866,2141
18--12188,11/15/2018,2:10 PM,EAGLESON RD @ PERTH ST/RICHMOND RD (0009376),9376,02 - Intersection related,03 - P.D. only,03 - Rear end,01 - Clear,01 - Daylight,01 - Dry,01 - Traffic signal,01 - Functioning,2,0,0,0,,0,,,,,358015.6311,5007410.314,45.20464941,-75.8225925,2142
18--12189,11/15/2018,2:14 PM,CYR AVE @ MCARTHUR AVE (0009813),9813,03 - At intersection,02 - Non-fatal injury,05 - Turning movement,01 - Clear,01 - Daylight,01 - Dry,02 - Stop sign,01 - Functioning,2,1,0,0,01 - Minimal,1,1,,,,370354.62,5032708.587,45.43123776,-75.66219075,2143
18--1219,1/24/2018,6:08 PM,CUMMINGS AVE @ MONTREAL RD (0007748),7748,03 - At intersection,03 - P.D. only,05 - Turning movement,01 - Clear,07 - Dark,01 - Dry,01 - Traffic signal,01 - Functioning,2,0,0,0,,0,,,,,372007.7073,5034040.586,45.44306554,-75.64088426,2144
18--12190,11/15/2018,2:29 PM,MERIVALE RD @ WEST HUNT CLUB RD (0000584),584,02 - Intersection related,03 - P.D. only,03 - Rear end,01 - Clear,01 - Daylight,01 - Dry,01 - Traffic signal,01 - Functioning,2,0,0,0,,0,,,,,365612.7018,5021942.475,45.33479494,-75.72411445,2145
18--12191,11/15/2018,2:30 PM,BANK ST @ RIVERSIDE DR S (0002704),2704,02 - Intersection related,03 - P.D. only,04 - Sideswipe,01 - Clear,01 - Daylight,01 - Dry,01 - Traffic signal,01 - Functioning,2,0,0,0,,0,,,,,369304.6858,5027894.394,45.38801898,-75.67623778,2146
18--12192,11/15/2018,4:06 PM,HIGHWAY 417 btwn HWY417 IC124 RAMP65 & HWY417 IC122 RAMP51 (__3ZA2R8),__3ZA2R8,01 - Non intersection,03 - P.D. only,03 - Rear end,01 - Clear,01 - Daylight,01 - Dry,10 - No control,,2,0,0,0,,0,,,,,364871.8596,5028211.421,45.39126576,-75.73280365,2147
18--12193,11/15/2018,4:20 PM,FERNBANK RD @ ROMINA ST/TEMPLEFORD AVE (0012540),12540,03 - At intersection,03 - P.D. only,02 - Angle,01 - Clear,01 - Daylight,01 - Dry,02 - Stop sign,01 - Functioning,2,0,0,0,,0,,,,,354467.3975,5015279.949,45.27572168,-75.86697094,2148
18--12194,11/15/2018,4:27 PM,FALLOWFIELD RD @ STEEPLE HILL CRES (0000635),635,03 - At intersection,02 - Non-fatal injury,05 - Turning movement,01 - Clear,05 - Dusk,01 - Dry,02 - Stop sign,01 - Functioning,2,0,0,0,02 - Minor,2,1,1,,,358398.6347,5013997.393,45.26389235,-75.81700777,2149
18--12195,11/15/2018,4:53 PM,WOODROFFE AVE @ KNOXDALE RD/MEDHURST DR (0000519),519,03 - At intersection,02 - Non-fatal injury,05 - Turning movement,01 - Clear,07 - Dark,01 - Dry,01 - Traffic signal,01 - Functioning,3,0,0,0,02 - Minor,1,,1,,,363419.6769,5021826.669,45.33393956,-75.75210567,2150
18--12196,11/15/2018,4:55 PM,BASELINE RD btwn NAVAHO DR & COLLEGE SQUARE SC (__3ZAZDQB),__3ZAZDQB,01 - Non intersection,02 - Non-fatal injury,03 - Rear end,01 - Clear,07 - Dark,01 - Dry,10 - No control,,2,0,0,0,02 - Minor,2,,2,,,363028.9784,5024062.317,45.35408828,-75.75682678,2151
18--12197,11/15/2018,5:00 PM,BANK ST @ WILTON CRES (0007712),7712,02 - Intersection related,03 - P.D. only,03 - Rear end,01 - Clear,07 - Dark,01 - Dry,02 - Stop sign,01 - Functioning,2,0,0,0,,0,,,,,368577.7813,5028966.493,45.39773197,-75.68538124,2152
18--12198,11/15/2018,5:06 PM,RICHMOND RD btwn CROYDON AVE & ASSALY RD (__3ZA2XS),__3ZA2XS,04 - At/near private drive,03 - P.D. only,02 - Angle,01 - Clear,07 - Dark,01 - Dry,10 - No control,,2,0,0,0,,0,,,,,360719.0245,5025516.536,45.36736129,-75.78614171,2153
18--12199,11/15/2018,5:15 PM,GREENBANK RD btwn LARKIN DR & MALVERN DR (__3ZA4KJ),__3ZA4KJ,01 - Non intersection,03 - P.D. only,03 - Rear end,01 - Clear,07 - Dark,02 - Wet,10 - No control,,3,0,0,0,,0,,,,,363178.8254,5016501.567,45.28604451,-75.75580563,2154
18--122,1/2/2018,6:20 AM,HERZBERG RD @ MARCH RD (0003170),3170,03 - At intersection,03 - P.D. only,02 - Angle,01 - Clear,07 - Dark,05 - Packed snow,01 - Traffic signal,01 - Functioning,2,0,0,0,,0,,,,,352323.9706,5021526.398,45.33207687,-75.89368927,2155
18--1220,1/24/2018,6:20 PM,ST. JOSEPH BLVD @ JEANNE D'ARC BLVD (0012421),12421,03 - At intersection,03 - P.D. only,02 - Angle,01 - Clear,07 - Dark,02 - Wet,11 - Roundabout,01 - Functioning,2,0,0,0,,0,,,,,379860.3941,5036470.884,45.46413248,-75.54014594,2156
18--12200,11/15/2018,5:15 PM,BLACKLEAF DR @ CHEYENNE WAY (0011055),11055,03 - At intersection,02 - Non-fatal injury,07 - SMV other,01 - Clear,07 - Dark,01 - Dry,02 - Stop sign,01 - Functioning,1,0,0,1,02 - Minor,1,,1,,,365179.1499,5012611.895,45.25087629,-75.73078131,2157
18--12201,11/15/2018,5:20 PM,HALTON TERR/MAXWELL BRIDGE RD @ MARCH RD (0011852),11852,02 - Intersection related,03 - P.D. only,04 - Sideswipe,01 - Clear,07 - Dark,01 - Dry,01 - Traffic signal,01 - Functioning,2,0,0,0,,0,,,,,348932.6147,5024422.565,45.35835877,-75.93669559,2158
18--12202,11/15/2018,5:20 PM,HIGHWAY 417 btwn HWY417 IC126 RAMP25 & HWY417 IC124 RAMP57 (__3ZA2R5),__3ZA2R5,01 - Non intersection,03 - P.D. only,03 - Rear end,01 - Clear,07 - Dark,01 - Dry,10 - No control,,2,0,0,0,,0,,,,,363708.4738,5026555.21,45.37646226,-75.74785796,2159
18--12203,11/15/2018,5:25 PM,HIGHWAY 417 btwn HWY417 IC124 RAMP65 & HWY417 IC122 RAMP51 (__3ZA2R8),__3ZA2R8,01 - Non intersection,03 - P.D. only,03 - Rear end,01 - Clear,07 - Dark,01 - Dry,10 - No control,,2,0,0,0,,0,,,,,365029.7315,5028498.272,45.39383322,-75.73075259,2160
18--12204,11/15/2018,5:44 PM,CUMBERLAND ST @ LAURIER AVE (0007751),7751,02 - Intersection related,03 - P.D. only,03 - Rear end,01 - Clear,07 - Dark,01 - Dry,01 - Traffic signal,01 - Functioning,2,0,0,0,,0,,,,,368597.6406,5031948.666,45.42456275,-75.68474163,2161
18--12205,11/15/2018,5:45 PM,COBOURG ST @ ST. PATRICK ST (0011483),11483,02 - Intersection related,03 - P.D. only,03 - Rear end,01 - Clear,07 - Dark,01 - Dry,01 - Traffic signal,01 - Functioning,3,0,0,0,,0,,,,,368802.4825,5033234.522,45.43611369,-75.68195714,2162