Anom_ID,Accident_Date,Accident_Time,Location,Geo_ID,Accident_Location,Classification_of_Accident,Initial_Impact_Type,Environment_Condition,Light,Road_Surface_Condition,Traffic_Control,Traffic_Control_Condition,No__of_Vehicles,No__of_Bicycles,No__of_Motorcycles,No__of_Pedestrians,Max_Injury,No__of_Injuries,No__of_Minimal,No__of_Minor,No__of_Major,No__of_Fatal,X,Y,Latitude,Longitude,ObjectId
18--12206,11/15/2018,6:02 PM,MARCH RD btwn CARLING AVE/STATION RD & 280 S OF CARLING AVE/STATION RD (__3ZA42DA),__3ZA42DA,01 - Non intersection,03 - P.D. only,03 - Rear end,01 - Clear,07 - Dark,01 - Dry,10 - No control,,2,0,0,0,,0,,,,,350910.9907,5022242.693,45.33861652,-75.91164835,2163
18--12207,11/15/2018,6:17 AM,OTTAWA RIVER PKWY EB btwn TUNNEY'S PASTURE/REMIC RAPIDS ENT & ISLAND P (__3ZA24JA),__3ZA24JA,01 - Non intersection,03 - P.D. only,05 - Turning movement,01 - Clear,07 - Dark,01 - Dry,10 - No control,,2,0,0,0,,0,,,,,363372.5654,5029576.137,45.40367224,-75.75178789,2164
18--12208,11/15/2018,6:19 PM,BOOTH ST btwn NORMAN ST & CARLING AVE (__3ZA4PF),__3ZA4PF,01 - Non intersection,03 - P.D. only,04 - Sideswipe,01 - Clear,07 - Dark,01 - Dry,10 - No control,,2,0,0,0,,0,,,,,367022.4772,5029268.801,45.400592,-75.70520669,2165
18--12209,11/15/2018,6:22 PM,BILBERRY DR E @ JEANNE D'ARC BLVD (0003851),3851,02 - Intersection related,02 - Non-fatal injury,02 - Angle,01 - Clear,07 - Dark,01 - Dry,02 - Stop sign,01 - Functioning,2,0,0,0,02 - Minor,1,,1,,,381173.5772,5038632.783,45.48344111,-75.52301965,2166
18--1221,1/24/2018,6:30 PM,CUMBERLAND ST btwn RIDEAU ST & BESSERER ST (__3ZA8Z5),__3ZA8Z5,01 - Non intersection,03 - P.D. only,99 - Other,04 - Freezing Rain,07 - Dark,02 - Wet,10 - No control,,2,0,0,0,,0,,,,,368382.5249,5032313.946,45.427869,-75.68744312,2167
18--12210,11/15/2018,6:26 AM,FALLOWFIELD RD @ WOODROFFE AVE (0010372),10372,02 - Intersection related,03 - P.D. only,03 - Rear end,01 - Clear,03 - Dawn,01 - Dry,01 - Traffic signal,01 - Functioning,2,0,0,0,,0,,,,,365085.082,5017903.374,45.29849699,-75.73133707,2168
18--12211,11/15/2018,6:26 PM,FOX HOLLOW CRES btwn HUNTER'S POINT CRES & HUNTER'S POINT CRES (__3ZA9WV),__3ZA9WV,01 - Non intersection,03 - P.D. only,06 - SMV unattended vehicle,01 - Clear,07 - Dark,02 - Wet,10 - No control,,1,0,0,0,,0,,,,,371479.6295,5023415.58,45.3475165,-75.64907,2169
18--12212,11/15/2018,6:30 PM,GLADSTONE AVE btwn BANK ST & O'CONNOR ST (__3ZA3QP),__3ZA3QP,01 - Non intersection,03 - P.D. only,06 - SMV unattended vehicle,01 - Clear,07 - Dark,01 - Dry,10 - No control,,1,0,0,0,,0,,,,,367930.1886,5030570.693,45.41222476,-75.69344657,2170
18--12213,11/15/2018,6:47 AM,BRONSON AVE btwn BRONSON AVE SB ON RAMP 43 & SUNNYSIDE AVE/UNIVERSITY  (__3ZA3NU),__3ZA3NU,01 - Non intersection,02 - Non-fatal injury,03 - Rear end,01 - Clear,03 - Dawn,01 - Dry,10 - No control,,3,0,0,0,02 - Minor,2,1,1,,,367900.5169,5028132.238,45.39028695,-75.69413761,2171
18--12214,11/15/2018,7:18 PM,GREENBANK RD @ BERRIGAN DR/WESSEX RD (0004726),4726,03 - At intersection,03 - P.D. only,02 - Angle,01 - Clear,07 - Dark,01 - Dry,01 - Traffic signal,01 - Functioning,2,0,0,0,,0,,,,,363723.7099,5015276.439,45.27497533,-75.74900567,2172
18--12215,11/15/2018,7:38 PM,VANIER PKWY/CRICHTON ST @ BEECHWOOD AVE/ST. PA (0001604),1604,02 - Intersection related,03 - P.D. only,03 - Rear end,01 - Clear,07 - Dark,01 - Dry,01 - Traffic signal,01 - Functioning,2,0,0,0,,0,,,,,369127.5866,5033487.385,45.43835902,-75.67776923,2173
18--12216,11/15/2018,7:40 AM,HIGHWAY 417 btwn HWY417 IC123 RAMP62 & HWY417 IC122 RAMP16 (__3ZA2R9),__3ZA2R9,01 - Non intersection,03 - P.D. only,03 - Rear end,01 - Clear,01 - Daylight,01 - Dry,10 - No control,,2,0,0,0,,0,,,,,364872.0713,5028245.182,45.39156951,-75.73279684,2174
18--12217,11/15/2018,7:58 AM,DUMAURIER AVE btwn RAMSEY CRES & RAMSEY CRES (__3ZAA3A),__3ZAA3A,01 - Non intersection,03 - P.D. only,01 - Approaching,01 - Clear,01 - Daylight,01 - Dry,10 - No control,,2,0,0,0,,0,,,,,360140.4263,5023347.732,45.34789237,-75.79377029,2175
18--12218,11/15/2018,8:02 AM,PRESLAND RD @ VANIER PKWY (0012076),12076,02 - Intersection related,03 - P.D. only,03 - Rear end,01 - Clear,01 - Daylight,01 - Dry,01 - Traffic signal,01 - Functioning,2,0,0,0,,0,,,,,370433.0415,5031751.685,45.4226206,-75.66131612,2176
18--12219,11/15/2018,8:04 PM,HAZELDEAN RD @ TERRY FOX DR (0003682),3682,02 - Intersection related,02 - Non-fatal injury,04 - Sideswipe,01 - Clear,07 - Dark,01 - Dry,01 - Traffic signal,01 - Functioning,2,0,0,0,01 - Minimal,3,3,,,,352207.6372,5017242.264,45.29353512,-75.89558328,2177
18--1222,1/24/2018,6:37 PM,PRINCE OF WALES DR @ FALAISE RD/KOCHAR DR N (0006962),6962,02 - Intersection related,03 - P.D. only,03 - Rear end,01 - Clear,07 - Dark,06 - Ice,01 - Traffic signal,01 - Functioning,3,0,0,0,,0,,,,,367460.7062,5024904.514,45.36128418,-75.70016347,2178
18--12220,11/15/2018,8:07 AM,HAWTHORNE RD @ RIDEAU RD (0009409),9409,03 - At intersection,03 - P.D. only,05 - Turning movement,01 - Clear,01 - Daylight,01 - Dry,02 - Stop sign,01 - Functioning,2,0,0,0,,0,,,,,378618.5807,5018940.551,45.30653745,-75.55864546,2179
18--12221,11/15/2018,8:50 AM,INDUSTRIAL AVE/INNES RD @ ST. LAURENT BLVD (0002203),2203,02 - Intersection related,03 - P.D. only,04 - Sideswipe,01 - Clear,01 - Daylight,01 - Dry,01 - Traffic signal,01 - Functioning,2,0,0,0,,0,,,,,373099.5654,5030005.71,45.40665589,-75.62748813,2180
18--12222,11/15/2018,8:54 AM,GREENFIELD AVE @ HWY 417 NICHOLAS IC118R43 (0002658),2658,02 - Intersection related,03 - P.D. only,03 - Rear end,01 - Clear,01 - Daylight,01 - Dry,01 - Traffic signal,01 - Functioning,2,0,0,0,,0,,,,,369099.8727,5031195.099,45.41773645,-75.67842271,2181
18--12223,11/15/2018,8:55 PM,WEST HUNT CLUB RD WB btwn MERIVALE RD & ROYDON PL (__3ZA3JR),__3ZA3JR,04 - At/near private drive,03 - P.D. only,02 - Angle,01 - Clear,07 - Dark,01 - Dry,10 - No control,,2,0,0,0,,0,,,,,365712.6517,5022004.667,45.33534587,-75.72283169,2182
18--12224,11/15/2018,9:18 PM,WALKLEY RD @ HEATHERINGTON RD (0006928),6928,03 - At intersection,03 - P.D. only,05 - Turning movement,01 - Clear,07 - Dark,01 - Dry,01 - Traffic signal,01 - Functioning,2,0,0,0,,0,,,,,371766.6913,5026794.679,45.3778931,-75.64494917,2183
18--12225,11/15/2018,9:32 AM,MONTREAL RD @ DUCHARME BLVD/CANTIN ST (0009319),9319,02 - Intersection related,03 - P.D. only,03 - Rear end,01 - Clear,01 - Daylight,01 - Dry,01 - Traffic signal,01 - Functioning,2,0,0,0,,0,,,,,371017.703,5033565.591,45.43888623,-75.65360199,2184
18--12226,11/16/2018,1:05 PM,ST. LAURENT BLVD btwn HEMLOCK RD & MEADOW PARK PL (__3ZA3UG),__3ZA3UG,04 - At/near private drive,03 - P.D. only,05 - Turning movement,01 - Clear,01 - Daylight,01 - Dry,10 - No control,,2,0,0,0,,0,,,,,371166.9133,5034730.664,45.44935487,-75.65153785,2185
18--12227,11/16/2018,1:18 AM,HIGHWAY 417 btwn HWY417 IC126 RAMP61 & HWY417 IC124 RAMP76 (__3ZA2Y2),__3ZA2Y2,01 - Non intersection,03 - P.D. only,07 - SMV other,03 - Snow,07 - Dark,03 - Loose snow,10 - No control,,1,0,0,0,,0,,,,,364039.6658,5027027.119,45.3806805,-75.74357306,2186
18--12240,11/16/2018,11:05 AM,WOODROFFE AVE @ GEORGINA DR/LENESTER AVE (0002351),2351,02 - Intersection related,03 - P.D. only,03 - Rear end,03 - Snow,01 - Daylight,02 - Wet,01 - Traffic signal,01 - Functioning,2,0,0,0,,0,,,,,361909.5953,5025370.549,45.36595172,-75.77096107,2187
18--12228,11/16/2018,10:00 AM,CONROY RD @ HUNT CLUB RD (0002257),2257,02 - Intersection related,03 - P.D. only,03 - Rear end,03 - Snow,01 - Daylight,03 - Loose snow,01 - Traffic signal,01 - Functioning,2,0,0,0,,0,,,,,373763.5598,5025404.579,45.36519187,-75.61964962,2188
18--12229,11/16/2018,10:05 PM,CONROY RD @ HUNT CLUB RD (0002257),2257,02 - Intersection related,03 - P.D. only,07 - SMV other,03 - Snow,07 - Dark,06 - Ice,01 - Traffic signal,01 - Functioning,1,0,0,0,,0,,,,,373763.7397,5025404.666,45.36519264,-75.61964731,2189
18--1223,1/24/2018,6:57 AM,CARLING AVE @ HOLLAND AVE (0002146),2146,03 - At intersection,02 - Non-fatal injury,03 - Rear end,01 - Clear,03 - Dawn,06 - Ice,01 - Traffic signal,01 - Functioning,2,0,0,0,01 - Minimal,1,1,,,,365416.6988,5028038.547,45.38966333,-75.72586721,2190
18--12230,11/16/2018,10:15 AM,BASELINE RD @ NAVAHO DR (0003158),3158,02 - Intersection related,03 - P.D. only,07 - SMV other,03 - Snow,01 - Daylight,04 - Slush,01 - Traffic signal,01 - Functioning,1,0,0,0,,0,,,,,363085.5641,5024097.582,45.35440089,-75.75610048,2191
18--12231,11/16/2018,10:21 AM,MERIVALE RD @ WEST HUNT CLUB RD (0000584),584,02 - Intersection related,03 - P.D. only,03 - Rear end,03 - Snow,01 - Daylight,03 - Loose snow,01 - Traffic signal,01 - Functioning,2,0,0,0,,0,,,,,365612.5118,5021942.254,45.33479297,-75.7241169,2192
18--12232,11/16/2018,10:26 AM,WESSEX RD btwn AMHERST CRES & GLACIER ST (__3ZAAA2),__3ZAAA2,04 - At/near private drive,03 - P.D. only,06 - SMV unattended vehicle,03 - Snow,01 - Daylight,03 - Loose snow,10 - No control,,1,0,0,0,,0,,,,,363406.8271,5015090.99,45.27333314,-75.75306595,2193
18--12233,11/16/2018,10:27 PM,RIDEAU RD btwn SPRATT RD & LIMEBANK RD (__3ZA6L4),__3ZA6L4,01 - Non intersection,03 - P.D. only,07 - SMV other,03 - Snow,07 - Dark,03 - Loose snow,10 - No control,,1,0,0,0,,0,,,,,370669.9,5013984.991,45.2627387,-75.66065543,2194
18--12234,11/16/2018,10:29 AM,PINECREST RD/HWY 417 PINECRE IC129R63 @ TRANSI (0008264),8264,03 - At intersection,03 - P.D. only,02 - Angle,03 - Snow,01 - Daylight,03 - Loose snow,01 - Traffic signal,01 - Functioning,2,0,0,0,,0,,,,,360387.9021,5023678.07,45.35084518,-75.79057523,2195
18--12235,11/16/2018,10:42 AM,WEST HUNT CLUB RD @ CLEOPATRA DR/LANCELOT DR (0000114),114,02 - Intersection related,03 - P.D. only,07 - SMV other,03 - Snow,01 - Daylight,03 - Loose snow,01 - Traffic signal,01 - Functioning,1,0,0,0,,0,,,,,365235.7315,5021732.565,45.33293876,-75.72894926,2196
18--12236,11/16/2018,10:44 AM,GLADSTONE AVE @ LYON ST (0002705),2705,03 - At intersection,03 - P.D. only,02 - Angle,03 - Snow,01 - Daylight,04 - Slush,01 - Traffic signal,01 - Functioning,2,0,0,0,,0,,,,,367583.3977,5030361.498,45.41037369,-75.69790339,2197
18--12237,11/16/2018,10:47 AM,BRIAN COBURN BLVD @ NAVAN RD (0017228),17228,02 - Intersection related,02 - Non-fatal injury,03 - Rear end,01 - Clear,01 - Daylight,01 - Dry,11 - Roundabout,01 - Functioning,2,0,0,0,01 - Minimal,1,1,,,,381168.997,5032906.816,45.43192398,-75.52396751,2198
18--12238,11/16/2018,10:47 AM,HERON RD btwn JEFFERSON ST & TURN LANE (__3ZA3BI),__3ZA3BI,01 - Non intersection,03 - P.D. only,03 - Rear end,01 - Clear,01 - Daylight,01 - Dry,10 - No control,,2,0,0,0,,0,,,,,372190.3952,5027097.742,45.38057932,-75.63949844,2199
18--12239,11/16/2018,10:58 PM,RAMSAYVILLE RD @ RIDGE RD (0009270),9270,03 - At intersection,02 - Non-fatal injury,03 - Rear end,03 - Snow,07 - Dark,05 - Packed snow,02 - Stop sign,01 - Functioning,2,0,0,0,02 - Minor,1,,1,,,376683.8121,5028863.28,45.39601803,-75.58187245,2200
18--1224,1/24/2018,7:05 AM,DONALD B. MUNRO DR btwn JOHN SHAW RD & WILLIAM HODGINS LANE (__3ZACD8),__3ZACD8,01 - Non intersection,03 - P.D. only,07 - SMV other,01 - Clear,03 - Dawn,06 - Ice,10 - No control,,1,0,0,0,,0,,,,,335163.5775,5023428.678,45.35014685,-76.11249833,2201
18--11970,11/11/2018,1:00 PM,FAIRMONT AVE @ WELLINGTON ST (0006497),6497,02 - Intersection related,03 - P.D. only,04 - Sideswipe,01 - Clear,01 - Daylight,01 - Dry,01 - Traffic signal,01 - Functioning,2,0,0,0,,0,,,,,365555.3077,5029697.992,45.40458262,-75.72389283,2202
18--12420,11/19/2018,4:45 PM,CARLING AVE btwn DEFENSE  RESEARCH COMPLEX & RIFLE RD (__3ZA4Z6B),__3ZA4Z6B,01 - Non intersection,02 - Non-fatal injury,03 - Rear end,03 - Snow,05 - Dusk,03 - Loose snow,10 - No control,,3,0,0,0,02 - Minor,1,,1,,,353360.6626,5022981.268,45.34509706,-75.88032114,2203
18--12421,11/19/2018,4:45 PM,HIGHWAY 417 btwn HWY417 IC115 RAMP25 & REGIONAL ROAD 174 (__3ZA2RY),__3ZA2RY,01 - Non intersection,03 - P.D. only,03 - Rear end,03 - Snow,05 - Dusk,02 - Wet,10 - No control,,2,0,0,0,,0,,,,,373282.7958,5031705.009,45.42192746,-75.62491155,2204
18--12422,11/19/2018,4:51 AM,AIRPORT PKWY btwn RAMP & AIRPORT PKWY (2) (__3ZA22Z),__3ZA22Z,01 - Non intersection,03 - P.D. only,07 - SMV other,03 - Snow,07 - Dark,03 - Loose snow,10 - No control,,1,0,0,0,,0,,,,,370933.8244,5023891.933,45.35185426,-75.6559708,2205
18--12241,11/16/2018,11:25 PM,BROPHY DR btwn MOODIE DR & WILLIAM MCEWEN DR (__3ZA4KN),__3ZA4KN,01 - Non intersection,03 - P.D. only,07 - SMV other,03 - Snow,07 - Dark,04 - Slush,10 - No control,,1,0,0,0,,0,,,,,362833.7063,5006914.672,45.19980933,-75.76132352,2206
18--12423,11/19/2018,5:04 PM,MANOTICK STATION RD @ MITCH OWENS RD (0005775),5775,02 - Intersection related,03 - P.D. only,03 - Rear end,01 - Clear,07 - Dark,02 - Wet,01 - Traffic signal,01 - Functioning,3,0,0,0,,0,,,,,373508.777,5013268.376,45.25601921,-75.6245844,2207
18--12242,11/16/2018,11:44 AM,CENTRAL PARK DR N @ MERIVALE RD (0011433),11433,03 - At intersection,03 - P.D. only,05 - Turning movement,03 - Snow,01 - Daylight,02 - Wet,01 - Traffic signal,01 - Functioning,2,0,0,0,,0,,,,,364952.9477,5025873.838,45.37022566,-75.73205295,2208
18--12424,11/19/2018,5:08 PM,BANK ST @ MITCH OWENS RD (0001640),1640,03 - At intersection,02 - Non-fatal injury,05 - Turning movement,01 - Clear,07 - Dark,01 - Dry,01 - Traffic signal,01 - Functioning,3,0,0,0,02 - Minor,1,,1,,,377758.718,5015947.452,45.27969667,-75.57004948,2209
18--12243,11/16/2018,Unknown,CUMMINGS AVE btwn SNOW ST & BURLEIGH PRIV (__4BQ6XN),__4BQ6XN,01 - Non intersection,03 - P.D. only,07 - SMV other,03 - Snow,00 - Unknown,04 - Slush,10 - No control,,1,0,0,0,,0,,,,,372544.1685,5032684.44,45.43081183,-75.63421409,2210
18--12425,11/19/2018,5:31 PM,MITCH OWENS RD @ DOZOIS RD/LIMEBANK RD (0012469),12469,02 - Intersection related,03 - P.D. only,03 - Rear end,03 - Snow,07 - Dark,02 - Wet,01 - Traffic signal,01 - Functioning,2,0,0,0,,0,,,,,371673.6614,5012108.475,45.24575943,-75.64811894,2211
18--12244,11/16/2018,12:02 AM,BRIDLE PATH DR @ SARATOGA PL (0008737),8737,03 - At intersection,03 - P.D. only,07 - SMV other,03 - Snow,07 - Dark,03 - Loose snow,02 - Stop sign,00 - Unknown,1,0,0,0,,0,,,,,371706.7575,5023557.522,45.34877202,-75.64615263,2212
18--12426,11/19/2018,5:35 PM,BANK ST btwn SALE BARN RD & GREY'S CREEK RD (__3ZA28J),__3ZA28J,01 - Non intersection,03 - P.D. only,07 - SMV other,03 - Snow,07 - Dark,02 - Wet,10 - No control,,1,0,0,0,,0,,,,,380252.3626,5013213.216,45.25483208,-75.53868464,2213
18--12245,11/16/2018,12:03 AM,QUEEN ELIZABETH DRWY btwn QUEEN ELIZABETH PL & FIFTH AVE (__3ZA22J),__3ZA22J,01 - Non intersection,02 - Non-fatal injury,07 - SMV other,03 - Snow,07 - Dark,05 - Packed snow,10 - No control,,1,0,0,0,01 - Minimal,1,1,,,,368649.694,5028854.843,45.39672083,-75.68447726,2214
18--12246,11/16/2018,12:05 AM,HIGHWAY 417 btwn HWY417 IC127 RAMP25 & HWY417 IC126 RAMP51 (__3ZA2XA),__3ZA2XA,01 - Non intersection,03 - P.D. only,07 - SMV other,03 - Snow,07 - Dark,03 - Loose snow,10 - No control,,1,0,0,0,,0,,,,,362750.9237,5025313.37,45.36536817,-75.76022859,2215
18--12247,11/16/2018,12:43 AM,HIGHWAY 417 btwn HWY417 IC130 RAMP26 & HIGHWAY 417 (__3ZA2UV),__3ZA2UV,01 - Non intersection,03 - P.D. only,07 - SMV other,03 - Snow,07 - Dark,03 - Loose snow,10 - No control,,1,0,0,0,,0,,,,,359511.6411,5023117.776,45.34587256,-75.8018194,2216
18--12248,11/16/2018,12:44 PM,WEST HUNT CLUB RD @ WOODROFFE AVE (0000576),576,02 - Intersection related,03 - P.D. only,07 - SMV other,03 - Snow,01 - Daylight,06 - Ice,01 - Traffic signal,01 - Functioning,1,0,0,0,,0,,,,,363670.3977,5021246.712,45.32870016,-75.74897613,2217
18--12249,11/16/2018,12:50 PM,MAY ST @ MUTUAL ST (0008431),8431,02 - Intersection related,02 - Non-fatal injury,07 - SMV other,03 - Snow,01 - Daylight,03 - Loose snow,02 - Stop sign,01 - Functioning,1,0,0,0,02 - Minor,1,,1,,,371665.7811,5032936.813,45.4331671,-75.64540455,2218
18--1225,1/24/2018,7:29 AM,BREWER RD @ BRONSON AVE (0002240),2240,02 - Intersection related,02 - Non-fatal injury,04 - Sideswipe,01 - Clear,03 - Dawn,06 - Ice,01 - Traffic signal,01 - Functioning,2,0,0,0,02 - Minor,1,,1,,,368109.0468,5027766.436,45.38697675,-75.69152165,2219
18--12250,11/16/2018,2:00 PM,HIGHWAY 417 btwn HWY417 IC138 RAMP61 & HWY417 IC134 RAMP36 (__3ZA20I),__3ZA20I,01 - Non intersection,03 - P.D. only,07 - SMV other,03 - Snow,01 - Daylight,06 - Ice,10 - No control,,1,0,0,0,,0,,,,,354496.6243,5021162.684,45.32865362,-75.86600874,2220
18--12251,11/16/2018,2:01 AM,HIGHWAY 417 btwn HWY417 IC123 RAMP62 & HWY417 IC122 RAMP16 (__3ZA2R9),__3ZA2R9,01 - Non intersection,03 - P.D. only,07 - SMV other,03 - Snow,07 - Dark,03 - Loose snow,10 - No control,,1,0,0,0,,0,,,,,365045.8888,5028564.423,45.39442705,-75.73053817,2221
18--12252,11/16/2018,2:15 PM,BRANT ST @ MCARTHUR AVE (0004649),4649,02 - Intersection related,03 - P.D. only,04 - Sideswipe,03 - Snow,01 - Daylight,03 - Loose snow,01 - Traffic signal,01 - Functioning,2,0,0,0,,0,,,,,371262.7169,5032805.714,45.43202595,-75.65057314,2222
18--12253,11/16/2018,2:15 PM,PLEASANT PARK RD @ ALTA VISTA DR (0008005),8005,02 - Intersection related,03 - P.D. only,03 - Rear end,03 - Snow,01 - Daylight,02 - Wet,01 - Traffic signal,01 - Functioning,2,0,0,0,,0,,,,,370365.6242,5028467.404,45.39307621,-75.66261428,2223
18--12254,11/16/2018,2:20 PM,KINBURN SIDE RD @ UPPER DWYER HILL RD (0011481),11481,03 - At intersection,02 - Non-fatal injury,02 - Angle,03 - Snow,01 - Daylight,06 - Ice,02 - Stop sign,01 - Functioning,2,0,0,0,01 - Minimal,1,1,,,,325038.3609,5024357.756,45.35887252,-76.24167722,2224
18--12255,11/16/2018,2:27 PM,DALY AVE @ WALLER ST (0008233),8233,02 - Intersection related,03 - P.D. only,03 - Rear end,03 - Snow,01 - Daylight,03 - Loose snow,01 - Traffic signal,01 - Functioning,3,0,0,0,,0,,,,,368341.2997,5032120.547,45.42613261,-75.68799486,2225
18--12256,11/16/2018,2:30 PM,ELMSMERE RD @ MONTREAL RD (0012320),12320,03 - At intersection,03 - P.D. only,02 - Angle,03 - Snow,01 - Daylight,04 - Slush,01 - Traffic signal,01 - Functioning,2,0,0,0,,0,,,,,374927.7278,5034314.572,45.44524388,-75.60352311,2226
18--12257,11/16/2018,2:32 AM,HWY416 IC49 RAMP34 btwn HIGHWAY 416 & ROGER STEVENS DR (__3ZAY4W),__3ZAY4W,01 - Non intersection,03 - P.D. only,07 - SMV other,03 - Snow,07 - Dark,03 - Loose snow,10 - No control,,1,0,0,0,,0,,,,,369038.6075,5001093.721,45.14689412,-75.68310189,2227
18--12258,11/16/2018,2:34 AM,STATION RD btwn MARCH RD & END (__3ZA2UD),__3ZA2UD,01 - Non intersection,03 - P.D. only,07 - SMV other,03 - Snow,07 - Dark,03 - Loose snow,10 - No control,,1,0,0,0,,0,,,,,350434.5227,5022023.907,45.33667899,-75.91774769,2228
18--11971,11/11/2018,1:08 PM,MONTREAL RD @ VANIER PKWY (0004630),4630,02 - Intersection related,03 - P.D. only,03 - Rear end,01 - Clear,01 - Daylight,01 - Dry,01 - Traffic signal,01 - Functioning,2,0,0,0,,0,,,,,370072.4821,5033065.673,45.43447706,-75.66574884,2229
18--12259,11/16/2018,2:35 PM,BLACKBURN BYPASS @ NAVAN RD (0004201),4201,02 - Intersection related,03 - P.D. only,03 - Rear end,03 - Snow,01 - Daylight,06 - Ice,01 - Traffic signal,01 - Functioning,2,0,0,0,,0,,,,,379617.6541,5033274.756,45.43540213,-75.5437357,2230
18--1226,1/24/2018,7:29 AM,HIGHWAY 417 btwn HWY417 IC124 RAMP65 & HWY417 IC122 RAMP51 (__3ZA2R8),__3ZA2R8,01 - Non intersection,02 - Non-fatal injury,04 - Sideswipe,01 - Clear,03 - Dawn,02 - Wet,10 - No control,,2,0,0,0,02 - Minor,1,,1,,,365057.8684,5028548.673,45.3942843,-75.7303871,2231
18--12260,11/16/2018,2:40 PM,HIGHWAY 417 btwn HWY417 IC130 RAMP26 & HIGHWAY 417 (__3ZA2UV),__3ZA2UV,01 - Non intersection,03 - P.D. only,07 - SMV other,03 - Snow,01 - Daylight,03 - Loose snow,10 - No control,,1,0,0,0,,0,,,,,359624.436,5023131.633,45.34598844,-75.80037859,2232
18--12261,11/16/2018,2:44 PM,FISHER AVE @ VIEWMOUNT DR (0005076),5076,02 - Intersection related,03 - P.D. only,07 - SMV other,03 - Snow,01 - Daylight,03 - Loose snow,01 - Traffic signal,01 - Functioning,1,0,0,0,,0,,,,,366918.8606,5024209.708,45.35508067,-75.70716654,2233
18--12262,11/16/2018,2:50 PM,STONEHAVEN DR @ STONEMEADOW DR (0011882),11882,02 - Intersection related,03 - P.D. only,03 - Rear end,03 - Snow,01 - Daylight,04 - Slush,02 - Stop sign,01 - Functioning,2,0,0,0,,0,,,,,355950.507,5016618.826,45.28766283,-75.84793139,2234
18--12263,11/16/2018,3:13 PM,CENTREPOINTE DR btwn Continuation of CENTREPOINTE DR & HEMMINGWOOD WAY (__3ZAA3T),__3ZAA3T,01 - Non intersection,03 - P.D. only,07 - SMV other,03 - Snow,01 - Daylight,03 - Loose snow,10 - No control,,1,0,0,0,,0,,,,,362279.2589,5023269.369,45.34701524,-75.76648679,2235
18--12264,11/16/2018,3:13 PM,BANK ST @ WALKLEY RD (0011423),11423,02 - Intersection related,02 - Non-fatal injury,03 - Rear end,03 - Snow,01 - Daylight,03 - Loose snow,01 - Traffic signal,01 - Functioning,2,0,0,0,02 - Minor,1,,1,,,370337.8364,5025947.618,45.37040663,-75.66330365,2236
18--12265,11/16/2018,3:14 PM,BELFAST RD @ TREMBLAY RD (0002698),2698,03 - At intersection,03 - P.D. only,02 - Angle,03 - Snow,01 - Daylight,03 - Loose snow,01 - Traffic signal,01 - Functioning,2,0,0,0,,0,,,,,371558.744,5031320.747,45.41863668,-75.64699145,2237
18--12266,11/16/2018,3:15 PM,HUNTLEY RD btwn MANSFIELD RD & BROWNLEE RD (__3ZA42J),__3ZA42J,01 - Non intersection,03 - P.D. only,07 - SMV other,03 - Snow,01 - Daylight,03 - Loose snow,10 - No control,,1,0,0,0,,0,,,,,354971.2863,5008518.307,45.21484277,-75.86123136,2238
18--12267,11/16/2018,3:17 PM,LEITRIM RD @ ALBION RD (0012479),12479,02 - Intersection related,03 - P.D. only,03 - Rear end,03 - Snow,01 - Daylight,04 - Slush,01 - Traffic signal,01 - Functioning,2,0,0,0,,0,,,,,373497.6236,5020419.57,45.32036472,-75.62373627,2239
18--12268,11/16/2018,3:19 PM,ST. LAURENT BLVD @ WALKLEY RD (0007653),7653,02 - Intersection related,03 - P.D. only,03 - Rear end,03 - Snow,01 - Daylight,06 - Ice,01 - Traffic signal,01 - Functioning,2,0,0,0,,0,,,,,373902.7714,5028046.804,45.38895174,-75.61750299,2240
18--12269,11/16/2018,3:23 PM,BASSANO ST @ WITHROW AVE (0001413),1413,02 - Intersection related,02 - Non-fatal injury,02 - Angle,03 - Snow,01 - Daylight,03 - Loose snow,02 - Stop sign,01 - Functioning,2,0,0,0,02 - Minor,1,,1,,,364134.8479,5023912.782,45.35265008,-75.7427318,2241
18--1227,1/24/2018,7:35 AM,JEANNE D'ARC BLVD  S btwn JEANNE D'ARC BLVD N & OR174 IC105 RAMP35 (__3ZA1PW),__3ZA1PW,01 - Non intersection,03 - P.D. only,03 - Rear end,01 - Clear,03 - Dawn,06 - Ice,10 - No control,,2,0,0,0,,0,,,,,379404.4443,5037007.399,45.46900848,-75.54589426,2242
18--12270,11/16/2018,3:30 PM,RENAUD RD btwn IDA ST & Continuation of RENAUD RD (__3ZA6FE),__3ZA6FE,01 - Non intersection,03 - P.D. only,03 - Rear end,03 - Snow,01 - Daylight,06 - Ice,10 - No control,,2,0,0,0,,0,,,,,379744.1662,5032024.475,45.42413945,-75.54230922,2243
18--12271,11/16/2018,3:48 PM,BARNSDALE RD @ TWIN ELM RD N (0000840),840,03 - At intersection,02 - Non-fatal injury,07 - SMV other,03 - Snow,01 - Daylight,03 - Loose snow,02 - Stop sign,01 - Functioning,1,0,0,0,02 - Minor,1,,1,,,360185.6309,5007832.193,45.2082784,-75.79492469,2244