Anom_ID,Accident_Date,Accident_Time,Location,Geo_ID,Accident_Location,Classification_of_Accident,Initial_Impact_Type,Environment_Condition,Light,Road_Surface_Condition,Traffic_Control,Traffic_Control_Condition,No__of_Vehicles,No__of_Bicycles,No__of_Motorcycles,No__of_Pedestrians,Max_Injury,No__of_Injuries,No__of_Minimal,No__of_Minor,No__of_Major,No__of_Fatal,X,Y,Latitude,Longitude,ObjectId
18--12272,11/16/2018,3:48 PM,BASELINE RD @ GREENBANK RD (0002357),2357,02 - Intersection related,03 - P.D. only,04 - Sideswipe,03 - Snow,01 - Daylight,03 - Loose snow,01 - Traffic signal,01 - Functioning,2,0,0,0,,0,,,,,360597.8214,5022584.264,45.34098646,-75.7880198,2245
18--12273,11/16/2018,3:50 PM,PINECREST RD @ RICHMOND RD (0002353),2353,02 - Intersection related,03 - P.D. only,03 - Rear end,03 - Snow,01 - Daylight,04 - Slush,01 - Traffic signal,01 - Functioning,2,0,0,0,,0,,,,,360072.5104,5024471.649,45.35801071,-75.7945113,2246
18--12274,11/16/2018,3:53 PM,RICHMOND RD @ WEST HUNT CLUB RD (0000598),598,02 - Intersection related,03 - P.D. only,03 - Rear end,03 - Snow,01 - Daylight,04 - Slush,01 - Traffic signal,01 - Functioning,2,0,0,0,,0,,,,,357145.4995,5018152.501,45.30137508,-75.83253673,2247
18--12275,11/16/2018,4:00 PM,MARAVISTA DR @ STRANDHERD DR (0013565),13565,03 - At intersection,03 - P.D. only,07 - SMV other,03 - Snow,01 - Daylight,03 - Loose snow,01 - Traffic signal,01 - Functioning,1,0,0,0,,0,,,,,361288.4381,5014584.958,45.26895318,-75.78011984,2248
18--12276,11/16/2018,4:02 PM,WALKLEY RD @ HEATHERINGTON RD (0006928),6928,02 - Intersection related,02 - Non-fatal injury,03 - Rear end,03 - Snow,05 - Dusk,03 - Loose snow,01 - Traffic signal,00 - Unknown,2,0,0,0,02 - Minor,1,,1,,,371766.8519,5026794.533,45.37789177,-75.64494714,2249
18--12277,11/16/2018,4:04 AM,ALBION RD btwn LESTER RD & LEITRIM RD (__3ZA3SQ),__3ZA3SQ,01 - Non intersection,02 - Non-fatal injury,07 - SMV other,03 - Snow,07 - Dark,03 - Loose snow,10 - No control,,1,0,0,0,02 - Minor,1,,1,,,373293.6908,5020904.132,45.32474458,-75.62627018,2250
18--12278,11/16/2018,4:08 PM,LEES AVE @ KING EDWARD AVE/MANN AVE (0011413),11413,02 - Intersection related,03 - P.D. only,03 - Rear end,03 - Snow,01 - Daylight,03 - Loose snow,01 - Traffic signal,01 - Functioning,2,0,0,0,,0,,,,,369178.7883,5031334.752,45.41898574,-75.67739624,2251
18--12279,11/16/2018,4:09 PM,ALBION RD @ MITCH OWENS RD (0004212),4212,02 - Intersection related,02 - Non-fatal injury,03 - Rear end,03 - Snow,01 - Daylight,05 - Packed snow,01 - Traffic signal,01 - Functioning,2,0,0,0,01 - Minimal,1,1,,,,375907.0159,5014804.403,45.26960162,-75.59381246,2252
18--1228,1/24/2018,7:49 PM,HARDING RD @ WALKLEY RD (0007652),7652,03 - At intersection,03 - P.D. only,05 - Turning movement,01 - Clear,07 - Dark,01 - Dry,01 - Traffic signal,01 - Functioning,2,0,0,0,,0,,,,,373148.7308,5027608.535,45.38508238,-75.62719224,2253
18--12280,11/16/2018,4:14 PM,MILTON RD btwn PERRAULT RD & RUSSELL RD (__3ZBOGV),__3ZBOGV,01 - Non intersection,03 - P.D. only,07 - SMV other,03 - Snow,05 - Dusk,03 - Loose snow,10 - No control,,1,0,0,0,,0,,,,,388687.2447,5028168.405,45.3884311,-75.42870317,2254
18--12281,11/16/2018,4:20 PM,TENTH LINE RD @ CHARLEMAGNE BLVD S/DES EPINETT (0003686),3686,02 - Intersection related,03 - P.D. only,99 - Other,03 - Snow,05 - Dusk,06 - Ice,01 - Traffic signal,01 - Functioning,2,0,0,0,,0,,,,,383640.9751,5036900.456,45.46758093,-75.49173924,2255
18--12282,11/16/2018,4:21 AM,REGIONAL ROAD 174 EB btwn HWY417 IC113 RAMP65 & OR174 BLAIR IC112 RAMP51 (__3ZAZFJ),__3ZAZFJ,01 - Non intersection,03 - P.D. only,04 - Sideswipe,03 - Snow,07 - Dark,03 - Loose snow,10 - No control,,2,0,0,0,,0,,,,,374623.2546,5032690.225,45.4306594,-75.60764527,2256
18--12283,11/16/2018,4:27 PM,BASELINE RD @ CENTREPOINTE DR E/HIGHGATE RD (0011468),11468,02 - Intersection related,03 - P.D. only,03 - Rear end,03 - Snow,05 - Dusk,04 - Slush,01 - Traffic signal,01 - Functioning,3,0,0,0,,0,,,,,362061.7223,5023465.629,45.34879897,-75.7692399,2257
18--12284,11/16/2018,4:36 PM,BASELINE RD @ NAVAHO DR (0003158),3158,02 - Intersection related,03 - P.D. only,03 - Rear end,03 - Snow,05 - Dusk,06 - Ice,01 - Traffic signal,01 - Functioning,2,0,0,0,,0,,,,,363085.4332,5024097.613,45.35440118,-75.75610215,2258
18--12285,11/16/2018,4:40 AM,HIGHWAY 417 btwn HWY417 IC124 RAMP55 & HWY417 IC124 RAMP65 (__3ZAZPV),__3ZAZPV,01 - Non intersection,03 - P.D. only,07 - SMV other,03 - Snow,07 - Dark,03 - Loose snow,10 - No control,,1,0,0,0,,0,,,,,364513.7895,5027619.012,45.38596599,-75.73744795,2259
18--12286,11/16/2018,4:42 PM,CARLING AVE @ CARLINGWOOD SC (0008881),8881,03 - At intersection,03 - P.D. only,05 - Turning movement,03 - Snow,05 - Dusk,04 - Slush,01 - Traffic signal,01 - Functioning,2,0,0,0,,0,,,,,362072.6603,5025919.219,45.37087529,-75.768816,2260
18--12287,11/16/2018,5:05 AM,BRONSON AVE btwn GLADSTONE AVE & MCLEOD ST (__3ZA30A),__3ZA30A,04 - At/near private drive,03 - P.D. only,02 - Angle,03 - Snow,07 - Dark,05 - Packed snow,10 - No control,,2,0,0,0,,0,,,,,367137.6294,5030071.702,45.40780603,-75.70363445,2261
18--12288,11/16/2018,5:08 PM,HERON RD btwn BANK ST & EDGE HILL PL (__3ZA3AD),__3ZA3AD,01 - Non intersection,03 - P.D. only,07 - SMV other,03 - Snow,07 - Dark,04 - Slush,10 - No control,,1,0,0,0,,0,,,,,370002.7543,5026852.643,45.37858102,-75.66746157,2262
18--12289,11/16/2018,5:20 PM,CONROY RD @ THURSTON DR (0011389),11389,03 - At intersection,03 - P.D. only,05 - Turning movement,03 - Snow,07 - Dark,03 - Loose snow,01 - Traffic signal,01 - Functioning,2,0,0,0,,0,,,,,373204.3768,5026795.318,45.37775996,-75.62659441,2263
18--1229,1/24/2018,8:00 AM,CARLING AVE @ FISHER AVE (0002147),2147,02 - Intersection related,03 - P.D. only,03 - Rear end,01 - Clear,01 - Daylight,05 - Packed snow,10 - No control,,2,0,0,0,,0,,,,,365330.6908,5027972.822,45.38907939,-75.72697358,2264
18--12290,11/16/2018,5:30 AM,HIGHWAY 416 btwn HWY416 IC75B RAMP25 & HWY416 IC75A RAMP26 (__3ZAZLE),__3ZAZLE,01 - Non intersection,03 - P.D. only,07 - SMV other,03 - Snow,07 - Dark,03 - Loose snow,10 - No control,,1,0,0,0,,0,,,,,358725.7582,5022006.474,45.33593388,-75.81196853,2265
18--12291,11/16/2018,5:31 PM,HAWTHORNE RD @ STEVENAGE DR (0008802),8802,02 - Intersection related,03 - P.D. only,04 - Sideswipe,03 - Snow,07 - Dark,03 - Loose snow,01 - Traffic signal,01 - Functioning,2,0,0,0,,0,,,,,375136.6846,5027313.506,45.38223105,-75.60185137,2266
18--12292,11/16/2018,5:59 AM,HAWTHORNE AVE @ MAIN ST (0006919),6919,02 - Intersection related,03 - P.D. only,02 - Angle,03 - Snow,07 - Dark,05 - Packed snow,01 - Traffic signal,01 - Functioning,2,0,0,0,,0,,,,,368970.6595,5030632.657,45.41268766,-75.68014677,2267
18--12293,11/16/2018,6:00 PM,IBER RD btwn HUNTMAR DR & HARRY DOUGLAS DR (__3ZA4XQ),__3ZA4XQ,01 - Non intersection,03 - P.D. only,07 - SMV other,03 - Snow,07 - Dark,04 - Slush,10 - No control,,1,0,0,0,,0,,,,,351235.7415,5015739.647,45.28007903,-75.90811429,2268
18--12294,11/16/2018,6:01 PM,GARFIELD AVE @ MAITLAND AVE (0002031),2031,02 - Intersection related,03 - P.D. only,04 - Sideswipe,03 - Snow,07 - Dark,04 - Slush,01 - Traffic signal,01 - Functioning,2,0,0,0,,0,,,,,363342.8093,5025562.384,45.36755959,-75.75264403,2269
18--12295,11/16/2018,6:20 AM,HIGHWAY 7 btwn TO BE DETERMINED & RAMP (__7JQ7L1),__7JQ7L1,01 - Non intersection,03 - P.D. only,07 - SMV other,03 - Snow,03 - Dawn,03 - Loose snow,10 - No control,,1,0,0,0,,0,,,,,345941.7433,5011492.123,45.24218771,-75.97594211,2270
18--12296,11/16/2018,6:23 PM,FLEWELLYN RD btwn POPLARWOOD AVE & SHEA RD (__3ZABGI),__3ZABGI,01 - Non intersection,03 - P.D. only,07 - SMV other,03 - Snow,07 - Dark,03 - Loose snow,10 - No control,,1,0,0,0,,0,,,,,352623.0577,5011835.283,45.24485339,-75.89080793,2271
18--12297,11/16/2018,6:25 PM,HIGHWAY 417 btwn HWY417 IC134 RAMP61 & HWY417 IC131 RAMP66 (__3ZA297),__3ZA297,01 - Non intersection,03 - P.D. only,07 - SMV other,03 - Snow,07 - Dark,02 - Wet,10 - No control,,1,0,0,0,,0,,,,,357433.6336,5022698.546,45.34225931,-75.8283798,2272
18--12298,11/16/2018,6:26 AM,INNES RD @ ORLEANS BLVD (0003611),3611,02 - Intersection related,03 - P.D. only,03 - Rear end,03 - Snow,07 - Dark,03 - Loose snow,01 - Traffic signal,01 - Functioning,2,0,0,0,,0,,,,,380460.778,5034296.276,45.44450228,-75.53280402,2273
18--12299,11/16/2018,6:27 PM,LONGFIELDS DR @ WOODROFFE AVE (0000096),96,03 - At intersection,02 - Non-fatal injury,05 - Turning movement,03 - Snow,07 - Dark,05 - Packed snow,01 - Traffic signal,01 - Functioning,2,0,0,0,01 - Minimal,1,1,,,,365421.3108,5017106.956,45.29130194,-75.72714774,2274
18--123,1/2/2018,6:24 AM,MARCH RD btwn PETER ROBINSON RD & CORKERY RD (__3ZA2RJ),__3ZA2RJ,01 - Non intersection,03 - P.D. only,07 - SMV other,01 - Clear,07 - Dark,06 - Ice,10 - No control,,1,0,0,0,,0,,,,,335855.0838,5016055.317,45.28376731,-76.10413575,2275
18--1230,1/24/2018,8:03 PM,HIGHWAY 417 btwn HWY417 IC138 RAMP61 & HWY417 IC134 RAMP36 (__3ZA20I),__3ZA20I,01 - Non intersection,03 - P.D. only,07 - SMV other,02 - Rain,07 - Dark,04 - Slush,10 - No control,,1,0,0,0,,0,,,,,355292.5401,5021629.068,45.3327934,-75.85580812,2276
18--12300,11/16/2018,6:29 AM,HIGHWAY 417 btwn HWY417 IC120A RAMP52 & HWY417 IC119B RAMP57 (__3ZA2R1),__3ZA2R1,01 - Non intersection,03 - P.D. only,07 - SMV other,03 - Snow,07 - Dark,03 - Loose snow,10 - No control,,1,0,0,0,,0,,,,,368097.8266,5030205.25,45.40892148,-75.69135196,2277
18--12301,11/16/2018,6:38 PM,INNES RD btwn BELCOURT BLVD & 260 E OF BELCOURT BLVD/WALMART SC (__3ZA3JWA),__3ZA3JWA,01 - Non intersection,03 - P.D. only,03 - Rear end,03 - Snow,07 - Dark,03 - Loose snow,10 - No control,,3,0,0,0,,0,,,,,382186.473,5035304.397,45.45338361,-75.51058859,2278
18--12302,11/16/2018,6:39 AM,BOOTH ST @ SIR JOHN A. MACDONALD PKWY/WELLINGTON ST (0012252),12252,02 - Intersection related,03 - P.D. only,03 - Rear end,03 - Snow,07 - Dark,03 - Loose snow,01 - Traffic signal,01 - Functioning,2,0,0,0,,0,,,,,366264.2082,5031006.528,45.41629459,-75.7146748,2279
18--12303,11/16/2018,6:45 AM,HWY417 IC122 RAMP51 btwn HIGHWAY 417 & PARKDALE AVE (__3ZAYA8),__3ZAYA8,01 - Non intersection,03 - P.D. only,03 - Rear end,03 - Snow,03 - Dawn,02 - Wet,10 - No control,,2,0,0,0,,0,,,,,365281.3337,5028808.569,45.39660352,-75.7275014,2280
18--12304,11/16/2018,6:49 AM,ST. LAURENT BLVD @ COVENTRY RD/OGILVIE RD (0002151),2151,02 - Intersection related,03 - P.D. only,02 - Angle,03 - Snow,03 - Dawn,03 - Loose snow,01 - Traffic signal,01 - Functioning,2,0,0,0,,0,,,,,372305.827,5031951.449,45.42423977,-75.63736027,2281
18--12305,11/16/2018,7:00 PM,BLACKBURN BYPASS @ INNES RD E (0009245),9245,02 - Intersection related,03 - P.D. only,03 - Rear end,03 - Snow,07 - Dark,04 - Slush,01 - Traffic signal,01 - Functioning,2,0,0,0,,0,,,,,379791.8164,5033781.422,45.43994209,-75.54143281,2282
18--12306,11/16/2018,7:04 AM,HIGHWAY 417 btwn HWY417 IC138 RAMP36 & HIGHWAY 417 (__3ZA29F),__3ZA29F,01 - Non intersection,03 - P.D. only,07 - SMV other,03 - Snow,03 - Dawn,03 - Loose snow,10 - No control,,1,0,0,0,,0,,,,,352929.9393,5020249.319,45.32054417,-75.88608291,2283
18--12307,11/16/2018,7:23 AM,CARLING AVE @ CLYDE AVE/COLE AVE (0006984),6984,03 - At intersection,02 - Non-fatal injury,02 - Angle,03 - Snow,01 - Daylight,03 - Loose snow,01 - Traffic signal,01 - Functioning,3,0,0,0,01 - Minimal,1,1,,,,363520.8767,5026850.366,45.37913378,-75.75021789,2284
18--12308,11/16/2018,7:26 PM,COPERNICUS ST btwn LAURIER AVE E & UNIVERSITE PRIV (__3ZA8HY),__3ZA8HY,01 - Non intersection,03 - P.D. only,07 - SMV other,03 - Snow,07 - Dark,02 - Wet,10 - No control,,1,0,0,0,,0,,,,,368671.2424,5031981.229,45.42484903,-75.68379696,2285
18--12309,11/16/2018,7:35 PM,CHAMPLAIN BRIDGE/ISLAND PARK DR btwn BATE ISLAND & PROVINCIAL BOUNDARY (__3ZA2ZEA),__3ZA2ZEA,07 - Overpass or bridge,02 - Non-fatal injury,01 - Approaching,03 - Snow,07 - Dark,04 - Slush,10 - No control,,2,0,0,0,02 - Minor,1,,1,,,362899.615,5030130.273,45.40869767,-75.7577636,2286
18--1231,1/24/2018,8:10 PM,FRANK KENNY RD btwn WILHAVEN DR & INNES RD (__3ZA6JA),__3ZA6JA,01 - Non intersection,03 - P.D. only,07 - SMV other,01 - Clear,07 - Dark,01 - Dry,10 - No control,,1,0,0,0,,0,,,,,387009.4301,5039798.193,45.49326339,-75.44818375,2287
18--12310,11/16/2018,7:50 AM,AIRPORT PKWY btwn RAMP & AIRPORT PKWY (2) (__3ZA22Z),__3ZA22Z,01 - Non intersection,03 - P.D. only,01 - Approaching,03 - Snow,01 - Daylight,03 - Loose snow,10 - No control,,2,0,0,0,,0,,,,,370947.6022,5023867.326,45.35163155,-75.65579828,2288
18--12311,11/16/2018,7:53 AM,MONTREAL RD btwn AVIATION PKWY & DEN HAAG DR/LANG'S RD (__3ZA2CGB),__3ZA2CGB,01 - Non intersection,03 - P.D. only,03 - Rear end,03 - Snow,01 - Daylight,03 - Loose snow,10 - No control,,3,0,0,0,,0,,,,,372367.5076,5034212.521,45.44457784,-75.63626185,2289
18--12312,11/16/2018,7:54 AM,BOTELER ST @ SUSSEX DR (0011436),11436,02 - Intersection related,03 - P.D. only,03 - Rear end,03 - Snow,01 - Daylight,03 - Loose snow,01 - Traffic signal,01 - Functioning,2,0,0,0,,0,,,,,367450.9318,5032952.056,45.43369456,-75.69926611,2290
18--12313,11/16/2018,8:09 PM,ABERDEEN ST @ PRESTON ST (0005695),5695,03 - At intersection,03 - P.D. only,02 - Angle,03 - Snow,07 - Dark,02 - Wet,02 - Stop sign,01 - Functioning,2,0,0,0,,0,,,,,366651.6634,5029341.43,45.40127836,-75.70993369,2291
18--12314,11/16/2018,8:11 AM,CARLING AVE EB btwn EDGEWORTH AVE & FOX CRES (__3ZA4V0),__3ZA4V0,01 - Non intersection,03 - P.D. only,03 - Rear end,03 - Snow,01 - Daylight,03 - Loose snow,10 - No control,,2,0,0,0,,0,,,,,361277.3957,5025417.357,45.36642412,-75.77902548,2292
18--12315,11/16/2018,8:15 AM,HERZBERG RD @ MARCH RD (0003170),3170,02 - Intersection related,03 - P.D. only,07 - SMV other,03 - Snow,01 - Daylight,05 - Packed snow,01 - Traffic signal,01 - Functioning,1,0,0,0,,0,,,,,352323.7818,5021528.451,45.33209536,-75.89369148,2293
18--12316,11/16/2018,8:20 AM,AVIATION PKWY @ OGILVIE RD (0004114),4114,03 - At intersection,03 - P.D. only,02 - Angle,03 - Snow,01 - Daylight,03 - Loose snow,01 - Traffic signal,01 - Functioning,2,0,0,0,,0,,,,,373110.7658,5032376.675,45.4279876,-75.62701638,2294
18--12317,11/16/2018,8:20 AM,FALLOWFIELD RD @ WOODROFFE AVE (0010372),10372,02 - Intersection related,03 - P.D. only,99 - Other,03 - Snow,01 - Daylight,02 - Wet,01 - Traffic signal,01 - Functioning,2,0,0,0,,0,,,,,365085.1414,5017903.379,45.29849703,-75.73133632,2295
18--12318,11/16/2018,8:22 AM,UPLANDS DR btwn CAHILL DR W & HUNT CLUB RD (__3ZA91M),__3ZA91M,01 - Non intersection,03 - P.D. only,03 - Rear end,03 - Snow,01 - Daylight,03 - Loose snow,10 - No control,,2,0,0,0,,0,,,,,370150.4576,5023137.272,45.34513747,-75.66606713,2296
18--12319,11/16/2018,8:23 AM,MITCH OWENS RD btwn JOHN QUINN RD & RAMSAYVILLE RD (__3ZA2CO),__3ZA2CO,01 - Non intersection,03 - P.D. only,07 - SMV other,03 - Snow,01 - Daylight,05 - Packed snow,10 - No control,,1,0,0,0,,0,,,,,381136.0132,5018033.223,45.29810474,-75.52668677,2297
18--1232,1/24/2018,8:35 AM,BROADVIEW AVE @ RICHMOND RD (0006612),6612,03 - At intersection,03 - P.D. only,05 - Turning movement,01 - Clear,01 - Daylight,01 - Dry,02 - Stop sign,01 - Functioning,2,0,0,0,,0,,,,,362679.6919,5027865.55,45.38833827,-75.76083868,2298
18--12320,11/16/2018,8:25 AM,BANK ST btwn FOURTH AVE & FIFTH AVE (__3ZA3OW),__3ZA3OW,01 - Non intersection,02 - Non-fatal injury,04 - Sideswipe,03 - Snow,01 - Daylight,03 - Loose snow,10 - No control,,2,0,0,0,01 - Minimal,2,2,,,,368397.4942,5029403.824,45.40168334,-75.68762738,2299
18--12321,11/16/2018,8:30 AM,BRAEMAR ST @ HEMLOCK RD (0007184),7184,02 - Intersection related,03 - P.D. only,04 - Sideswipe,03 - Snow,01 - Daylight,03 - Loose snow,02 - Stop sign,01 - Functioning,2,0,0,0,,0,,,,,370891.623,5034757.614,45.44962344,-75.65505327,2300
18--12322,11/16/2018,8:34 AM,BANK ST btwn HOPEWELL AVE & GLEN AVE (__3ZA3N3),__3ZA3N3,01 - Non intersection,03 - P.D. only,04 - Sideswipe,03 - Snow,01 - Daylight,03 - Loose snow,10 - No control,,2,0,0,0,,0,,,,,368804.2125,5028435.729,45.39293566,-75.68255824,2301
18--12323,11/16/2018,8:40 AM,COLONEL BY DR @ UNIVERSITY RD - CARLETON (0007131),7131,02 - Intersection related,03 - P.D. only,03 - Rear end,03 - Snow,01 - Daylight,03 - Loose snow,01 - Traffic signal,01 - Functioning,2,0,0,0,,0,,,,,367345.714,5026848.534,45.37878628,-75.70138501,2302
18--12324,11/16/2018,8:45 AM,HIGHWAY 417 btwn HWY417 IC122 RAMP61 & HWY417 IC121B RAMP16 (__3ZA2Y4),__3ZA2Y4,01 - Non intersection,02 - Non-fatal injury,04 - Sideswipe,03 - Snow,01 - Daylight,03 - Loose snow,10 - No control,,3,0,0,0,02 - Minor,1,,1,,,365789.923,5029195.394,45.40003997,-75.72095821,2303
18--12325,11/16/2018,8:55 AM,BEAVERPOND DR @ BLAIR RD (0004166),4166,02 - Intersection related,03 - P.D. only,03 - Rear end,03 - Snow,01 - Daylight,04 - Slush,01 - Traffic signal,01 - Functioning,2,0,0,0,,0,,,,,375399.7581,5031874.587,45.42324279,-75.59783955,2304
18--12326,11/16/2018,9:01 AM,MERIVALE RD/LOTTA AVE @ CLYDE AVE (0001112),1112,03 - At intersection,03 - P.D. only,05 - Turning movement,03 - Snow,01 - Daylight,03 - Loose snow,01 - Traffic signal,01 - Functioning,2,0,0,0,,0,,,,,364521.623,5024507.765,45.35797082,-75.7377241,2305
18--12327,11/16/2018,9:22 AM,BRONSON AVE btwn FOURTH AVE & MADAWASKA DR (__3ZA3NE),__3ZA3NE,01 - Non intersection,03 - P.D. only,03 - Rear end,03 - Snow,01 - Daylight,03 - Loose snow,10 - No control,,2,0,0,0,,0,,,,,367600.4826,5028969.633,45.39784856,-75.69786241,2306
18--12328,11/16/2018,9:25 PM,BRITANNIA RD btwn ROWATT ST & JAMIESON ST (__3ZAAES),__3ZAAES,04 - At/near private drive,03 - P.D. only,06 - SMV unattended vehicle,03 - Snow,07 - Dark,03 - Loose snow,10 - No control,,1,0,0,0,,0,,,,,359673.0543,5025791.739,45.36992023,-75.79946291,2307
18--12329,11/16/2018,9:28 AM,MARCH RD btwn HERZBERG RD & CORKSTOWN RD (__3ZA2XV),__3ZA2XV,01 - Non intersection,03 - P.D. only,07 - SMV other,03 - Snow,01 - Daylight,05 - Packed snow,10 - No control,,1,0,0,0,,0,,,,,352547.7275,5021135.869,45.32854763,-75.89087241,2308
18--1233,1/24/2018,8:45 AM,MARCH RD btwn RICHARDSON SIDE RD & HERZBERG RD (__3ZA42C),__3ZA42C,01 - Non intersection,02 - Non-fatal injury,03 - Rear end,01 - Clear,01 - Daylight,02 - Wet,10 - No control,,3,0,0,0,02 - Minor,3,2,1,,,351896.8319,5021663.055,45.33333534,-75.8991254,2309
18--12427,11/19/2018,5:50 AM,HIGHWAY 417 btwn HWY417 IC142 RAMP35 & HWY417 IC142 RAMP25 (__3ZA1ZO),__3ZA1ZO,01 - Non intersection,02 - Non-fatal injury,07 - SMV other,01 - Clear,07 - Dark,04 - Slush,10 - No control,,1,0,0,0,02 - Minor,1,,1,,,349085.391,5017344.985,45.29466315,-75.93537872,2310
18--12428,11/19/2018,5:59 PM,"MCARTHUR AVE @ EGLISE, RUE DE L/MOORVALE ST (0007763)",7763,02 - Intersection related,03 - P.D. only,03 - Rear end,01 - Clear,07 - Dark,03 - Loose snow,01 - Traffic signal,01 - Functioning,2,0,0,0,,0,,,,,371445.7156,5032824.555,45.43217806,-75.64823203,2311
18--12429,11/19/2018,6:38 PM,OTTAWA RIVER PKWY EB btwn TUNNEY'S PASTURE/REMIC RAPIDS ENT & ISLAND P (__3ZA24JA),__3ZA24JA,01 - Non intersection,03 - P.D. only,04 - Sideswipe,01 - Clear,07 - Dark,02 - Wet,10 - No control,,2,0,0,0,,0,,,,,363366.0551,5029565.257,45.40357489,-75.75187234,2312
18--1243,1/25/2018,11:06 AM,INNES RD EB btwn INNES RD E & ORLEANS BLVD (__3ZA3J0),__3ZA3J0,01 - Non intersection,03 - P.D. only,99 - Other,01 - Clear,01 - Daylight,01 - Dry,10 - No control,,2,0,0,0,,0,,,,,379860.389,5033866.582,45.44070094,-75.54054343,2313
18--12430,11/19/2018,6:54 PM,MERIVALE RD btwn CLYDE AVE & GILBEY DR (__3ZA4HD),__3ZA4HD,04 - At/near private drive,03 - P.D. only,03 - Rear end,03 - Snow,07 - Dark,03 - Loose snow,10 - No control,,2,0,0,0,,0,,,,,364669.0547,5024697.254,45.35966325,-75.73581952,2314
18--12431,11/19/2018,7:19 AM,PRINCE OF WALES DR btwn STRANDHERD DR & BARNSTONE DR (__3ZA1YI),__3ZA1YI,01 - Non intersection,02 - Non-fatal injury,03 - Rear end,01 - Clear,01 - Daylight,02 - Wet,10 - No control,,2,0,0,0,02 - Minor,1,,1,,,367189.3186,5014852.414,45.27086102,-75.70489323,2315
18--12432,11/19/2018,7:45 AM,BRONSON AVE @ RAMP 34/42A (0011430),11430,02 - Intersection related,03 - P.D. only,03 - Rear end,01 - Clear,01 - Daylight,02 - Wet,10 - No control,,2,0,0,0,,0,,,,,368415.9884,5027186.197,45.38172811,-75.68767707,2316
18--12433,11/19/2018,7:45 AM,HIGHWAY 417 btwn HWY417 IC127 RAMP67 & HWY417 IC126 RAMP16 (__3ZA2X0),__3ZA2X0,01 - Non intersection,03 - P.D. only,04 - Sideswipe,01 - Clear,01 - Daylight,02 - Wet,10 - No control,,2,0,0,0,,0,,,,,362453.9542,5025110.081,45.36356349,-75.76404296,2317
18--12434,11/19/2018,8:00 PM,CLARENCE ST @ DALHOUSIE ST (0008415),8415,03 - At intersection,03 - P.D. only,04 - Sideswipe,03 - Snow,07 - Dark,02 - Wet,01 - Traffic signal,01 - Functioning,2,0,0,0,,0,,,,,368042.6531,5032503.659,45.42960678,-75.69176174,2318
18--12435,11/19/2018,8:20 PM,INNES RD btwn O'TOOLE RD & DUNNING RD (__3ZBN92),__3ZBN92,01 - Non intersection,02 - Non-fatal injury,07 - SMV other,03 - Snow,07 - Dark,03 - Loose snow,10 - No control,,1,0,0,0,01 - Minimal,1,1,,,,389115.5974,5038306.799,45.47959424,-75.42149757,2319
18--12436,11/19/2018,8:30 AM,HIGHWAY 417 btwn HWY417 IC138 RAMP61 & HWY417 IC134 RAMP36 (__3ZA20I),__3ZA20I,01 - Non intersection,03 - P.D. only,04 - Sideswipe,01 - Clear,01 - Daylight,02 - Wet,10 - No control,,2,0,0,0,,0,,,,,354370.4277,5021089.102,45.32800044,-75.86762593,2320
18--12437,11/19/2018,8:30 PM,WOODROFFE AVE @ ALGONQUIN COLLEGE/TRANSITWAY S (0004682),4682,02 - Intersection related,03 - P.D. only,03 - Rear end,01 - Clear,07 - Dark,01 - Dry,01 - Traffic signal,01 - Functioning,2,0,0,0,,0,,,,,362823.753,5023270.393,45.34697962,-75.75953876,2321
18--12438,11/19/2018,9:16 AM,MCARTHUR AVE btwn MAY ST & ST. LAURENT BLVD (__3ZA3XL),__3ZA3XL,01 - Non intersection,02 - Non-fatal injury,03 - Rear end,01 - Clear,01 - Daylight,02 - Wet,10 - No control,,2,0,0,0,01 - Minimal,1,1,,,,371703.282,5032853.734,45.432416,-75.6449366,2322
18--12439,11/19/2018,9:42 AM,HOLLY ACRES RD @ CARLING AVE (0000522),522,03 - At intersection,02 - Non-fatal injury,02 - Angle,01 - Clear,01 - Daylight,01 - Dry,01 - Traffic signal,01 - Functioning,2,0,0,0,02 - Minor,1,,1,,,358234.7416,5023497.469,45.34938749,-75.81807185,2323
18--1244,1/25/2018,11:54 AM,SCALA AVE @ PORTOBELLO BLVD (0013032),13032,03 - At intersection,03 - P.D. only,02 - Angle,01 - Clear,01 - Daylight,06 - Ice,02 - Stop sign,01 - Functioning,2,0,0,0,,0,,,,,385641.7235,5036380.493,45.46267411,-75.46624225,2324
18--12440,11/19/2018,9:51 PM,MACDONALD-CARTIER BR RAMP NB-3 btwn MACDONALD-CARTIER BR RAMP NB-1/NB- (__7TTQA0),__7TTQA0,07 - Overpass or bridge,03 - P.D. only,07 - SMV other,03 - Snow,07 - Dark,03 - Loose snow,10 - No control,,1,0,0,0,,0,,,,,367923.5662,5033296.691,45.43675296,-75.69318184,2325
18--12441,11/19/2018,9:56 PM,OR174 IC112 RAMP15 btwn BLAIR RD & REGIONAL ROAD 174 (__3ZAYAH),__3ZAYAH,01 - Non intersection,03 - P.D. only,07 - SMV other,02 - Rain,07 - Dark,03 - Loose snow,10 - No control,,1,0,0,0,,0,,,,,374961.1754,5032698.538,45.43070037,-75.60332592,2326