Anom_ID,Accident_Date,Accident_Time,Location,Geo_ID,Accident_Location,Classification_of_Accident,Initial_Impact_Type,Environment_Condition,Light,Road_Surface_Condition,Traffic_Control,Traffic_Control_Condition,No__of_Vehicles,No__of_Bicycles,No__of_Motorcycles,No__of_Pedestrians,Max_Injury,No__of_Injuries,No__of_Minimal,No__of_Minor,No__of_Major,No__of_Fatal,X,Y,Latitude,Longitude,ObjectId
18--12442,11/20/2018,1:35 PM,OSGOODE ST btwn CHAPEL ST & BLACKBURN AVE (__3ZBOXA),__3ZBOXA,04 - At/near private drive,03 - P.D. only,02 - Angle,03 - Snow,01 - Daylight,02 - Wet,10 - No control,,2,0,0,0,,0,,,,,369268.549,5032108.732,45.42594145,-75.67614815,2327
18--12443,11/20/2018,1:45 PM,BANK ST @ WALKLEY RD (0011423),11423,02 - Intersection related,03 - P.D. only,03 - Rear end,03 - Snow,01 - Daylight,03 - Loose snow,01 - Traffic signal,01 - Functioning,3,0,0,0,,0,,,,,370337.6409,5025947.726,45.37040762,-75.66330613,2328
18--12444,11/20/2018,1:54 AM,FALLOWFIELD RD btwn ORR ST & GREENBANK RD (__3ZA3HG),__3ZA3HG,01 - Non intersection,02 - Non-fatal injury,07 - SMV other,03 - Snow,07 - Dark,06 - Ice,10 - No control,,1,0,0,0,01 - Minimal,1,1,,,,363007.3145,5016673.705,45.28760763,-75.75797162,2329
18--12445,11/20/2018,10:02 AM,NELSON ST @ WILBROD ST (0007771),7771,02 - Intersection related,03 - P.D. only,03 - Rear end,03 - Snow,01 - Daylight,04 - Slush,02 - Stop sign,01 - Functioning,2,0,0,0,,0,,,,,368813.6884,5032223.763,45.42701824,-75.68194533,2330
18--12446,11/20/2018,10:06 AM,KENT ST @ WELLINGTON ST (0002040),2040,03 - At intersection,02 - Non-fatal injury,02 - Angle,03 - Snow,01 - Daylight,03 - Loose snow,01 - Traffic signal,01 - Functioning,2,0,0,0,02 - Minor,1,,1,,,367097.8348,5031526.629,45.42090057,-75.70395886,2331
18--12447,11/20/2018,10:30 AM,PRINCE OF WALES DR @ WEST HUNT CLUB RD (0000567),567,02 - Intersection related,03 - P.D. only,03 - Rear end,03 - Snow,01 - Daylight,04 - Slush,01 - Traffic signal,01 - Functioning,2,0,0,0,,0,,,,,367458.3472,5021891.82,45.33417677,-75.70057526,2332
18--12448,11/20/2018,11:10 AM,HERON RD btwn FINN CRT & BAYCREST DR (__3ZBOFO),__3ZBOFO,04 - At/near private drive,02 - Non-fatal injury,01 - Approaching,01 - Clear,01 - Daylight,02 - Wet,10 - No control,,2,0,0,0,02 - Minor,2,,2,,,371019.2109,5026965.728,45.37950318,-75.65446924,2333
18--12449,11/20/2018,11:11 AM,ANDERSON RD btwn INNES RD & DESJARDINS ST (__3ZBOG0),__3ZBOG0,01 - Non intersection,02 - Non-fatal injury,07 - SMV other,03 - Snow,01 - Daylight,03 - Loose snow,10 - No control,,1,0,0,0,01 - Minimal,1,1,,,,376609.6197,5031624.761,45.42087186,-75.58241771,2334
18--1245,1/25/2018,Unknown,ST. CLAIRE AVE btwn BASSANO ST & PENDER ST (__3ZAAXX),__3ZAAXX,01 - Non intersection,03 - P.D. only,06 - SMV unattended vehicle,01 - Clear,00 - Unknown,01 - Dry,10 - No control,,1,0,0,0,,0,,,,,364007.1091,5024293.705,45.35608838,-75.74431632,2335
18--12450,11/20/2018,11:15 PM,RAMSAYVILLE RD @ RIDGE RD (0009270),9270,02 - Intersection related,03 - P.D. only,03 - Rear end,03 - Snow,07 - Dark,03 - Loose snow,02 - Stop sign,01 - Functioning,2,0,0,0,,0,,,,,376683.7106,5028863.769,45.39602244,-75.58187367,2336
18--12451,11/20/2018,11:18 AM,O'MEARA ST btwn HILDA ST & HILDA ST (__3ZAAK1),__3ZAAK1,01 - Non intersection,03 - P.D. only,06 - SMV unattended vehicle,03 - Snow,01 - Daylight,04 - Slush,10 - No control,,1,0,0,0,,0,,,,,365574.9266,5029961.324,45.40695032,-75.72360977,2337
18--12452,11/20/2018,Unknown,WEST RIDGE DR btwn ABBOTT ST W & ELIZA CRES (__3EWFDF),__3EWFDF,01 - Non intersection,03 - P.D. only,06 - SMV unattended vehicle,03 - Snow,00 - Unknown,02 - Wet,10 - No control,,1,0,0,0,,0,,,,,349648.5311,5012779.172,45.25354268,-75.92861171,2338
18--12453,11/20/2018,Unknown,EDINBURGH PL btwn BANTREE ST & END (__3ZBO01),__3ZBO01,01 - Non intersection,03 - P.D. only,06 - SMV unattended vehicle,03 - Snow,00 - Unknown,05 - Packed snow,10 - No control,,1,0,0,0,,0,,,,,374248.2666,5029677.068,45.4035859,-75.61286176,2339
18--12454,11/20/2018,12:10 AM,KING EDWARD AVE SB btwn YORK ST & GEORGE ST (__3ZBOFW),__3ZBOFW,01 - Non intersection,03 - P.D. only,04 - Sideswipe,01 - Clear,07 - Dark,01 - Dry,10 - No control,,4,0,0,0,,0,,,,,368399.7912,5032581.758,45.4302771,-75.6871879,2340
18--12455,11/20/2018,12:10 AM,YORK ST EB btwn CUMBERLAND ST & KING EDWARD AVE (__3ZA7AQ),__3ZA7AQ,01 - Non intersection,03 - P.D. only,06 - SMV unattended vehicle,03 - Snow,07 - Dark,03 - Loose snow,10 - No control,,1,0,0,0,,0,,,,,368271.98,5032527.108,45.42979699,-75.68882822,2341
18--12456,11/20/2018,12:10 PM,CARLING AVE @ WYLIE AVE (0002394),2394,02 - Intersection related,03 - P.D. only,02 - Angle,03 - Snow,01 - Daylight,03 - Loose snow,02 - Stop sign,01 - Functioning,2,0,0,0,,0,,,,,359140.6071,5024077.53,45.35453728,-75.80644839,2342
18--12457,11/20/2018,12:20 PM,HEMLOCK RD @ LANSDOWNE RD (0010754),10754,02 - Intersection related,03 - P.D. only,04 - Sideswipe,03 - Snow,01 - Daylight,03 - Loose snow,02 - Stop sign,00 - Unknown,2,0,0,0,,0,,,,,369849.375,5034511.704,45.44750863,-75.66840895,2343
18--12458,11/20/2018,12:40 PM,ALBERT ST @ ELGIN ST/MACKENZIE KING BRIDGE (0002226),2226,02 - Intersection related,03 - P.D. only,04 - Sideswipe,03 - Snow,01 - Daylight,03 - Loose snow,01 - Traffic signal,01 - Functioning,2,0,0,0,,0,,,,,367851.0144,5031711.412,45.42249572,-75.69431205,2344
18--12459,11/20/2018,2:19 PM,BESSERER ST @ WALLER ST (0008859),8859,02 - Intersection related,03 - P.D. only,04 - Sideswipe,01 - Clear,01 - Daylight,02 - Wet,01 - Traffic signal,01 - Functioning,2,0,0,0,,0,,,,,368315.955,5032192.006,45.42677787,-75.6883095,2345
18--1246,1/25/2018,Unknown,SPRINGFIELD RD btwn RIDEAU TER & PUTMAN AVE (__3ZA8AF),__3ZA8AF,01 - Non intersection,03 - P.D. only,06 - SMV unattended vehicle,01 - Clear,00 - Unknown,05 - Packed snow,10 - No control,,1,0,0,0,,0,,,,,369167.0606,5034021.484,45.443161,-75.67719488,2346
18--12460,11/20/2018,2:28 PM,EAGLESON RD btwn FALLOWFIELD RD & AKINS RD (__3ZA418),__3ZA418,01 - Non intersection,03 - P.D. only,07 - SMV other,03 - Snow,01 - Daylight,06 - Ice,10 - No control,,1,0,0,0,,0,,,,,356024.8924,5012439.694,45.25005268,-75.84741425,2347
18--12461,11/20/2018,3:16 PM,NAVAHO DR @ WOODROFFE AVE/TRANSITWAY N BASELIN (0010359),10359,03 - At intersection,03 - P.D. only,05 - Turning movement,01 - Clear,01 - Daylight,01 - Dry,01 - Traffic signal,01 - Functioning,2,0,0,0,,0,,,,,362706.2642,5023492.955,45.34899193,-75.76101189,2348
18--12462,11/20/2018,3:32 PM,RICHMOND RD @ HOLLY ACRES RD/NANAIMO DR (0001068),1068,02 - Intersection related,03 - P.D. only,03 - Rear end,01 - Clear,01 - Daylight,02 - Wet,01 - Traffic signal,01 - Functioning,2,0,0,0,,0,,,,,359058.7659,5022748.486,45.34258486,-75.80763867,2349
18--12463,11/20/2018,3:40 PM,HIGHWAY 417 btwn HWY417 IC127 RAMP67 & HWY417 IC126 RAMP16 (__3ZA2X0),__3ZA2X0,01 - Non intersection,03 - P.D. only,03 - Rear end,01 - Clear,01 - Daylight,02 - Wet,10 - No control,,2,0,0,0,,0,,,,,362587.6317,5025215.839,45.36450408,-75.76232433,2350
18--12464,11/20/2018,3:56 PM,HWY 417 MAITLAND IC126R26/62 @ MAITLAND AVE (0008228),8228,03 - At intersection,03 - P.D. only,05 - Turning movement,01 - Clear,01 - Daylight,04 - Slush,01 - Traffic signal,01 - Functioning,2,0,0,0,,0,,,,,363145.6624,5025983.56,45.37136572,-75.75511084,2351
18--12465,11/20/2018,4:00 PM,CARLING AVE @ KIRKWOOD AVE N (0002358),2358,03 - At intersection,03 - P.D. only,05 - Turning movement,01 - Clear,01 - Daylight,02 - Wet,01 - Traffic signal,01 - Functioning,2,0,0,0,,0,,,,,364275.7404,5027493.614,45.38485794,-75.7405027,2352
18--12466,11/20/2018,4:13 AM,INNES RD btwn BELCOURT BLVD & 260 E OF BELCOURT BLVD/WALMART SC (__3ZA3JWA),__3ZA3JWA,01 - Non intersection,03 - P.D. only,04 - Sideswipe,02 - Rain,07 - Dark,03 - Loose snow,10 - No control,,2,0,0,0,,0,,,,,382209.4047,5035317.896,45.45350252,-75.51029333,2353
18--12467,11/20/2018,4:16 PM,BEARBROOK RD/ROCKCLIFFE PKWY @ ST. JOSEPH BLVD (0012382),12382,02 - Intersection related,03 - P.D. only,04 - Sideswipe,01 - Clear,05 - Dusk,04 - Slush,01 - Traffic signal,01 - Functioning,2,0,0,0,,0,,,,,377128.693,5035239.609,45.45334248,-75.57525472,2354
18--12468,11/20/2018,4:24 PM,LEITRIM RD btwn HAWTHORNE RD & RAMSAYVILLE RD (__3ZA2B0),__3ZA2B0,01 - Non intersection,03 - P.D. only,01 - Approaching,03 - Snow,05 - Dusk,02 - Wet,10 - No control,,2,0,0,0,,0,,,,,377298.6814,5022860.536,45.34194515,-75.57490104,2355
18--12469,11/20/2018,4:25 PM,HIGHWAY 417 btwn HWY417 IC121A RAMP61 & HWY417 IC120B RAMP36 (__3ZA2YV),__3ZA2YV,01 - Non intersection,02 - Non-fatal injury,03 - Rear end,01 - Clear,05 - Dusk,01 - Dry,10 - No control,,2,0,0,0,01 - Minimal,1,1,,,,367541.6682,5029886.041,45.40609941,-75.69849697,2356
18--1247,1/25/2018,Unknown,MAPLE VIEW CRES btwn MEADOW GLADE GDN & MEADOW GLADE GDN (__3ZA00Y),__3ZA00Y,01 - Non intersection,03 - P.D. only,06 - SMV unattended vehicle,01 - Clear,00 - Unknown,01 - Dry,10 - No control,,1,0,0,0,,0,,,,,362602.9218,5022119.718,45.33664416,-75.76249108,2357
18--12470,11/20/2018,4:37 PM,BELISLE ST/DIEPPE ST @ MCARTHUR AVE (0009320),9320,02 - Intersection related,03 - P.D. only,03 - Rear end,01 - Clear,05 - Dusk,02 - Wet,02 - Stop sign,00 - Unknown,3,0,0,0,,0,,,,,371324.7791,5032811.704,45.43207395,-75.64977923,2358
18--12471,11/20/2018,4:51 PM,STRANDHERD DR btwn Continuation of STRANDHERD DR & MCKENNA CASEY DR (__3ZAZM9),__3ZAZM9,05 - At railway crossing,03 - P.D. only,03 - Rear end,01 - Clear,05 - Dusk,02 - Wet,10 - No control,,2,0,0,0,,0,,,,,361868.9963,5013638.344,45.2603886,-75.77283065,2359
18--12472,11/20/2018,5:00 PM,BARNSDALE RD btwn MOODIE DR & TRAIL RD (__3ZA1CA),__3ZA1CA,04 - At/near private drive,03 - P.D. only,05 - Turning movement,03 - Snow,05 - Dusk,02 - Wet,10 - No control,,2,0,0,0,,0,,,,,363492.1128,5009734.018,45.22512364,-75.75261154,2360
18--12473,11/20/2018,5:03 PM,HAZELDEAN RD @ HUNTMAR DR/IBER RD (0000075),75,02 - Intersection related,02 - Non-fatal injury,03 - Rear end,01 - Clear,05 - Dusk,06 - Ice,01 - Traffic signal,01 - Functioning,2,0,0,0,01 - Minimal,1,1,,,,350942.4276,5016079.349,45.28315509,-75.91182118,2361
18--12474,11/20/2018,5:17 PM,PRINCE OF WALES DR @ FALLOWFIELD RD (0000566),566,02 - Intersection related,03 - P.D. only,03 - Rear end,01 - Clear,05 - Dusk,01 - Dry,01 - Traffic signal,01 - Functioning,2,0,0,0,,0,,,,,367399.8941,5019166.497,45.30965997,-75.70166545,2362
18--12510,11/20/2018,9:10 AM,ESQUIMAULT AVE @ QUEENSLINE DR (0000740),740,02 - Intersection related,03 - P.D. only,03 - Rear end,03 - Snow,01 - Daylight,04 - Slush,02 - Stop sign,01 - Functioning,2,0,0,0,,0,,,,,359690.443,5022563.501,45.34087122,-75.79959937,2363
18--12475,11/20/2018,5:18 PM,WOODROFFE AVE @ SPORTSPLEX N (0005568),5568,02 - Intersection related,03 - P.D. only,04 - Sideswipe,01 - Clear,07 - Dark,03 - Loose snow,01 - Traffic signal,01 - Functioning,2,0,0,0,,0,,,,,363763.5169,5021067.332,45.32707829,-75.74780965,2364
18--12476,11/20/2018,6:30 AM,BELFAST RD @ ST. LAURENT BLVD (0007658),7658,03 - At intersection,03 - P.D. only,05 - Turning movement,03 - Snow,07 - Dark,03 - Loose snow,01 - Traffic signal,01 - Functioning,2,0,0,0,,0,,,,,372860.7654,5030578.711,45.41183475,-75.63045928,2365
18--12477,11/20/2018,6:34 PM,FALLOWFIELD RD @ MERIVALE RD (0000587),587,02 - Intersection related,03 - P.D. only,03 - Rear end,03 - Snow,07 - Dark,02 - Wet,01 - Traffic signal,01 - Functioning,2,0,0,0,,0,,,,,366891.5894,5018844.476,45.30680758,-75.70818757,2366
18--12478,11/20/2018,6:44 AM,SECOND LINE RD btwn WILD ACRE LANE & SHARNE LANE (__3ZBNBH),__3ZBNBH,01 - Non intersection,03 - P.D. only,07 - SMV other,03 - Snow,03 - Dawn,03 - Loose snow,10 - No control,,1,0,0,0,,0,,,,,347027.155,5024337.602,45.3577116,-75.96102284,2367
18--12479,11/20/2018,7:08 AM,TARA DR @ MAITLAND AVE (0003218),3218,02 - Intersection related,03 - P.D. only,04 - Sideswipe,03 - Snow,03 - Dawn,03 - Loose snow,02 - Stop sign,00 - Unknown,2,0,0,0,,0,,,,,363495.2893,5025387.338,45.36597179,-75.75071843,2368
18--1248,1/25/2018,Unknown,QUEEN MARY ST btwn EDITH AVE & LOLA ST (__3ZA8JE),__3ZA8JE,01 - Non intersection,03 - P.D. only,06 - SMV unattended vehicle,01 - Clear,00 - Unknown,06 - Ice,10 - No control,,1,0,0,0,,0,,,,,371074.3162,5032038.263,45.42513864,-75.65308401,2369
18--12480,11/20/2018,7:10 PM,UPPER DWYER HILL RD btwn MARCH RD & OLD ALMONTE RD (__3ZA4QB),__3ZA4QB,01 - Non intersection,03 - P.D. only,07 - SMV other,01 - Clear,07 - Dark,06 - Ice,10 - No control,,1,0,0,0,,0,,,,,335991.8313,5012174.192,45.24883661,-76.10263639,2370
18--12481,11/20/2018,7:18 AM,NAVAHO DR @ WOODROFFE AVE/TRANSITWAY N BASELIN (0010359),10359,02 - Intersection related,02 - Non-fatal injury,03 - Rear end,03 - Snow,03 - Dawn,04 - Slush,01 - Traffic signal,01 - Functioning,2,0,0,0,01 - Minimal,1,1,,,,362706.0931,5023492.384,45.34898681,-75.76101414,2371
18--12482,11/20/2018,7:30 AM,HARVEST VALLEY AVE/SWEETVALLEY DR @ TENTH LINE RD (0013489),13489,02 - Intersection related,03 - P.D. only,03 - Rear end,03 - Snow,01 - Daylight,04 - Slush,02 - Stop sign,01 - Functioning,2,0,0,0,,0,,,,,384697.1996,5034388.902,45.44486428,-75.47864187,2372
18--12483,11/20/2018,7:45 AM,PRINCE OF WALES DR @ MELFA CRES N (0007178),7178,02 - Intersection related,03 - P.D. only,03 - Rear end,03 - Snow,01 - Daylight,04 - Slush,02 - Stop sign,01 - Functioning,2,0,0,0,,0,,,,,367409.3985,5025381.445,45.36558008,-75.7007579,2373
18--12484,11/20/2018,7:48 PM,ROBERTSON RD btwn HAANEL DR & MILL HILL RD (__3ZA41V),__3ZA41V,01 - Non intersection,03 - P.D. only,07 - SMV other,01 - Clear,07 - Dark,02 - Wet,10 - No control,,1,0,0,0,,0,,,,,355428.0753,5019465.467,45.31331524,-75.85430025,2374
18--12485,11/20/2018,7:50 AM,TRENTON AVE @ MERIVALE RD (0002734),2734,03 - At intersection,03 - P.D. only,02 - Angle,03 - Snow,01 - Daylight,03 - Loose snow,02 - Stop sign,01 - Functioning,2,0,0,0,,0,,,,,364887.4123,5026361.634,45.37462039,-75.7328302,2375
18--12486,11/20/2018,7:54 PM,MACKENZIE AVE @ RIDEAU ST (0002136),2136,03 - At intersection,03 - P.D. only,04 - Sideswipe,01 - Clear,07 - Dark,02 - Wet,01 - Traffic signal,01 - Functioning,2,0,0,0,,0,,,,,367869.5764,5032009.702,45.42517796,-75.69403669,2376
18--12487,11/20/2018,8:00 AM,GREY NUNS DR btwn JEANNE D'ARC BLVD S & HARVEST CRES (__3ZA6EB),__3ZA6EB,01 - Non intersection,03 - P.D. only,06 - SMV unattended vehicle,03 - Snow,01 - Daylight,04 - Slush,10 - No control,,1,0,0,0,,0,,,,,379696.8916,5036735.289,45.46652894,-75.54219619,2377
18--12488,11/20/2018,8:14 AM,CLEGG ST @ MARLOWE CRES (0007764),7764,03 - At intersection,03 - P.D. only,02 - Angle,03 - Snow,01 - Daylight,04 - Slush,03 - Yield sign,01 - Functioning,2,0,0,0,,0,,,,,369334.5483,5029962.563,45.40662492,-75.67558588,2378
18--11972,11/11/2018,1:25 PM,PALLADIUM DR @ SILVER SEVEN RD (0011839),11839,02 - Intersection related,03 - P.D. only,04 - Sideswipe,01 - Clear,01 - Daylight,01 - Dry,01 - Traffic signal,01 - Functioning,2,0,0,0,,0,,,,,351051.3956,5017887.54,45.29941855,-75.91026364,2379
18--12489,11/20/2018,8:20 AM,BOOTH ST @ RAYMOND ST (0006498),6498,02 - Intersection related,03 - P.D. only,03 - Rear end,03 - Snow,01 - Daylight,04 - Slush,01 - Traffic signal,01 - Functioning,2,0,0,0,,0,,,,,366860.6207,5029641.642,45.40396109,-75.70722703,2380
18--1249,1/25/2018,Unknown,MCARTHUR AVE btwn OLMSTEAD ST & CRETE PL (__3ZA3W2),__3ZA3W2,01 - Non intersection,03 - P.D. only,06 - SMV unattended vehicle,01 - Clear,00 - Unknown,01 - Dry,10 - No control,,1,0,0,0,,0,,,,,370522.8302,5032723.654,45.43135754,-75.66003919,2381
18--12490,11/20/2018,8:20 AM,HOG'S BACK RD btwn PRINCE OF WALES DR & COLONEL BY DR (__3ZA22U),__3ZA22U,04 - At/near private drive,03 - P.D. only,02 - Angle,03 - Snow,01 - Daylight,04 - Slush,10 - No control,,2,0,0,0,,0,,,,,367426.5478,5025725.907,45.36867793,-75.70049534,2382
18--12491,11/20/2018,8:21 AM,NAVAN RD @ TENTH LINE RD (0004718),4718,02 - Intersection related,03 - P.D. only,03 - Rear end,03 - Snow,01 - Daylight,03 - Loose snow,01 - Traffic signal,01 - Functioning,3,0,0,0,,0,,,,,385757.7454,5031832.517,45.42174228,-75.46550703,2383
18--12492,11/20/2018,8:30 AM,HAZELDEAN RD @ HUNTMAR DR/IBER RD (0000075),75,02 - Intersection related,03 - P.D. only,03 - Rear end,03 - Snow,01 - Daylight,03 - Loose snow,01 - Traffic signal,01 - Functioning,2,0,0,0,,0,,,,,350942.6177,5016079.419,45.28315571,-75.91181875,2384
18--12493,11/20/2018,8:30 AM,CLEROUX CRES W @ INNES RD (0004132),4132,02 - Intersection related,03 - P.D. only,07 - SMV other,03 - Snow,01 - Daylight,03 - Loose snow,01 - Traffic signal,01 - Functioning,1,0,0,0,,0,,,,,379015.767,5033439.63,45.43694969,-75.55140266,2385
18--12494,11/20/2018,8:30 AM,COLONEL BY DR/SUSSEX DR @ RIDEAU ST (0007647),7647,02 - Intersection related,03 - P.D. only,03 - Rear end,03 - Snow,01 - Daylight,02 - Wet,01 - Traffic signal,01 - Functioning,2,0,0,0,,0,,,,,367921.6724,5032044.641,45.42548763,-75.69336654,2386
18--12495,11/20/2018,8:30 AM,FELICITY CRES btwn FOUNTAINHEAD DR & SADDLERIDGE DR (__67PTI0),__67PTI0,01 - Non intersection,03 - P.D. only,06 - SMV unattended vehicle,03 - Snow,01 - Daylight,05 - Packed snow,10 - No control,,1,0,0,0,,0,,,,,381541.8135,5032073.069,45.42438176,-75.51933336,2387
18--12496,11/20/2018,8:30 PM,LEES AVE @ KING EDWARD AVE/MANN AVE (0011413),11413,02 - Intersection related,03 - P.D. only,03 - Rear end,01 - Clear,07 - Dark,04 - Slush,01 - Traffic signal,01 - Functioning,2,0,0,0,,0,,,,,369178.8727,5031334.857,45.41898667,-75.67739515,2388
18--12497,11/20/2018,8:36 AM,BOOTH ST @ WILLOW ST (0005748),5748,02 - Intersection related,02 - Non-fatal injury,01 - Approaching,03 - Snow,01 - Daylight,03 - Loose snow,01 - Traffic signal,00 - Unknown,2,0,0,0,02 - Minor,1,,1,,,366710.6416,5029982.576,45.407042,-75.7090999,2389
18--12498,11/20/2018,8:36 AM,INNES RD @ EASTPARK DR E/RONDEL ST (0003146),3146,03 - At intersection,03 - P.D. only,02 - Angle,03 - Snow,01 - Daylight,03 - Loose snow,02 - Stop sign,01 - Functioning,2,0,0,0,,0,,,,,378794.7638,5033314.706,45.43584914,-75.55424583,2390
18--12499,11/20/2018,8:37 AM,BELFAST RD @ ST. LAURENT BLVD (0007658),7658,02 - Intersection related,03 - P.D. only,03 - Rear end,03 - Snow,01 - Daylight,03 - Loose snow,01 - Traffic signal,01 - Functioning,2,0,0,0,,0,,,,,372860.4986,5030578.591,45.41183369,-75.63046271,2391
18--125,1/2/2018,6:30 AM,HWY417 IC131 RAMP63 btwn HWY417 IC131 RAMP53 & HWY417 IC131 RAMP66 (__3ZAY4Q),__3ZAY4Q,01 - Non intersection,03 - P.D. only,07 - SMV other,03 - Snow,07 - Dark,06 - Ice,10 - No control,,1,0,0,0,,0,,,,,358552.0915,5022862.243,45.34364745,-75.81409119,2392
18--1250,1/25/2018,12:32 AM,REGIONAL ROAD 174 btwn OR174 IC109 RAMP64 & OR174 IC105 RAMP16 (__3ZA2XD),__3ZA2XD,01 - Non intersection,02 - Non-fatal injury,07 - SMV other,01 - Clear,07 - Dark,01 - Dry,10 - No control,,1,0,0,1,03 - Major,1,,,1,,378706.0664,5036635.194,45.4657339,-75.55488046,2393
18--12500,11/20/2018,8:45 AM,HAWTHORNE RD/RUSSELL RD @ WALKLEY RD (0002618),2618,02 - Intersection related,03 - P.D. only,03 - Rear end,04 - Freezing Rain,01 - Daylight,03 - Loose snow,01 - Traffic signal,01 - Functioning,3,0,0,0,,0,,,,,374674.741,5028499.69,45.39295,-75.60758139,2394
18--12501,11/20/2018,8:47 AM,MCCARTHY RD @ WALKLEY RD (0006969),6969,02 - Intersection related,02 - Non-fatal injury,02 - Angle,03 - Snow,01 - Daylight,03 - Loose snow,01 - Traffic signal,01 - Functioning,2,0,0,0,02 - Minor,3,1,2,,,369249.6333,5025300.698,45.36468675,-75.67727926,2395
18--12502,11/20/2018,8:48 AM,DALHOUSIE ST btwn YORK ST & GEORGE ST (__3ZBOX1),__3ZBOX1,01 - Non intersection,03 - P.D. only,06 - SMV unattended vehicle,03 - Snow,01 - Daylight,03 - Loose snow,10 - No control,,1,0,0,0,,0,,,,,368095.9427,5032416.456,45.42881734,-75.69109198,2396
18--12503,11/20/2018,8:52 AM,BLAIR RD @ REGIONAL RD 174 N/OR174 IC112 RAMP61 (0003617),3617,02 - Intersection related,03 - P.D. only,03 - Rear end,03 - Snow,01 - Daylight,03 - Loose snow,01 - Traffic signal,01 - Functioning,2,0,0,0,,0,,,,,374634.6406,5032991.709,45.43337085,-75.60745702,2397
18--12504,11/20/2018,8:52 AM,LEITRIM RD btwn RAMSAYVILLE RD & ANDERSON RD (__3ZA2BA),__3ZA2BA,01 - Non intersection,02 - Non-fatal injury,01 - Approaching,03 - Snow,01 - Daylight,03 - Loose snow,10 - No control,,2,0,0,0,01 - Minimal,1,1,,,,378989.0431,5024025.814,45.35225295,-75.55315979,2398
18--12505,11/20/2018,8:52 AM,REGIONAL ROAD 174 btwn OR174 IC102 RAMP26 & REGIONAL ROAD 174 (__3ZA1SH),__3ZA1SH,01 - Non intersection,03 - P.D. only,03 - Rear end,03 - Snow,01 - Daylight,04 - Slush,10 - No control,,2,0,0,0,,0,,,,,381533.6647,5038229.115,45.47976977,-75.51847712,2399
18--12506,11/20/2018,9:00 AM,HIGHWAY 417 btwn HWY417 IC180 RAMP61 & HWY417 IC169 RAMP36 (__5DVYB1),__5DVYB1,98 - Other,02 - Non-fatal injury,07 - SMV other,03 - Snow,01 - Daylight,04 - Slush,10 - No control,,1,0,0,0,02 - Minor,1,,1,,,319440.9746,5030925.502,45.41811203,-76.31292705,2400
18--12507,11/20/2018,9:00 PM,BANK ST @ EXHIBITION WAY (0009013),9013,02 - Intersection related,03 - P.D. only,03 - Rear end,03 - Snow,07 - Dark,02 - Wet,01 - Traffic signal,01 - Functioning,2,0,0,0,,0,,,,,368529.3633,5029086.415,45.3988154,-75.68598411,2401
18--12508,11/20/2018,9:03 PM,PRINCE OF WALES DR btwn STRATTON DR & THIRD LINE RD S (__3ZBOC5),__3ZBOC5,01 - Non intersection,03 - P.D. only,07 - SMV other,01 - Clear,07 - Dark,01 - Dry,10 - No control,,1,0,0,0,,0,,,,,366858.4322,5001601.781,45.15166064,-75.71076058,2402
18--12509,11/20/2018,9:08 AM,PRINCE OF WALES DR btwn BASELINE RD/HERON RD & GREEN VALLEY CRES (__3ZA3G7),__3ZA3G7,01 - Non intersection,03 - P.D. only,03 - Rear end,03 - Snow,01 - Daylight,04 - Slush,10 - No control,,2,0,0,0,,0,,,,,366898.9222,5026531.005,45.37596897,-75.70712925,2403
18--1251,1/25/2018,12:34 PM,DALHOUSIE ST @ MURRAY ST (0008241),8241,02 - Intersection related,03 - P.D. only,04 - Sideswipe,01 - Clear,01 - Daylight,01 - Dry,01 - Traffic signal,01 - Functioning,2,0,0,0,,0,,,,,368000.6991,5032573.595,45.43023984,-75.69228888,2404
18--12600,11/22/2018,12:42 PM,BAYVIEW RD @ SCOTT ST/ALBERT ST (0005646),5646,02 - Intersection related,03 - P.D. only,03 - Rear end,01 - Clear,01 - Daylight,01 - Dry,01 - Traffic signal,01 - Functioning,2,0,0,0,,0,,,,,365519.1445,5030071.453,45.40794607,-75.72430875,2405
18--12330,11/16/2018,9:35 AM,FLEWELLYN RD @ SHEA RD (0000398),398,03 - At intersection,03 - P.D. only,03 - Rear end,03 - Snow,01 - Daylight,03 - Loose snow,02 - Stop sign,00 - Unknown,2,0,0,0,,0,,,,,352993.7229,5012174.402,45.24787961,-75.88605363,2406
18--12060,11/12/2018,8:24 AM,HALIFAX DR @ WALKLEY RD (0008803),8803,02 - Intersection related,03 - P.D. only,03 - Rear end,03 - Snow,01 - Daylight,06 - Ice,01 - Traffic signal,01 - Functioning,2,0,0,0,,0,,,,,373643.5775,5027899.542,45.38765227,-75.62083325,2407
18--12601,11/22/2018,2:00 PM,CARLING AVE @ FAIRLAWN AVE/WOODROFFE AVE E (0002393),2393,02 - Intersection related,03 - P.D. only,04 - Sideswipe,01 - Clear,01 - Daylight,02 - Wet,01 - Traffic signal,01 - Functioning,2,0,0,0,,0,,,,,361934.6841,5025830.528,45.37008852,-75.77058762,2408