Anom_ID,Accident_Date,Accident_Time,Location,Geo_ID,Accident_Location,Classification_of_Accident,Initial_Impact_Type,Environment_Condition,Light,Road_Surface_Condition,Traffic_Control,Traffic_Control_Condition,No__of_Vehicles,No__of_Bicycles,No__of_Motorcycles,No__of_Pedestrians,Max_Injury,No__of_Injuries,No__of_Minimal,No__of_Minor,No__of_Major,No__of_Fatal,X,Y,Latitude,Longitude,ObjectId
18--12061,11/12/2018,8:37 AM,PRINCE OF WALES DR btwn HARTWELL LOCKS/548 N OF RIDEAUVIEW TER & FAIRC (__3ZA30ZB),__3ZA30ZB,04 - At/near private drive,03 - P.D. only,03 - Rear end,01 - Clear,01 - Daylight,06 - Ice,10 - No control,,2,0,0,0,,0,,,,,367055.4473,5027217.659,45.38213343,-75.70504438,2409
18--12602,11/22/2018,2:07 PM,NORTHVIEW RD btwn WALLFORD WAY & GREENCREST PL (__3ZAANL),__3ZAANL,01 - Non intersection,03 - P.D. only,04 - Sideswipe,01 - Clear,01 - Daylight,03 - Loose snow,10 - No control,,2,0,0,0,,0,,,,,365191.976,5024904.466,45.36148286,-75.72912014,2410
18--12511,11/20/2018,9:20 AM,RENAUD RD @ RENAUD RD N (0003684),3684,02 - Intersection related,03 - P.D. only,07 - SMV other,03 - Snow,01 - Daylight,03 - Loose snow,10 - No control,,1,0,0,0,,0,,,,,379764.8365,5032027.904,45.42416808,-75.54204459,2411
18--12062,11/12/2018,8:40 PM,LAURIER AVE @ NELSON ST (0008234),8234,03 - At intersection,03 - P.D. only,02 - Angle,01 - Clear,07 - Dark,01 - Dry,01 - Traffic signal,01 - Functioning,2,0,0,0,,0,,,,,368877.5668,5032117.422,45.42605557,-75.68114292,2412
18--12603,11/22/2018,2:20 PM,HIGHWAY 417 btwn HWY417 IC124 RAMP65 & HWY417 IC122 RAMP51 (__3ZA2R8),__3ZA2R8,01 - Non intersection,03 - P.D. only,03 - Rear end,01 - Clear,01 - Daylight,01 - Dry,10 - No control,,2,0,0,0,,0,,,,,364668.7421,5027839.908,45.38794035,-75.73544257,2413
18--12512,11/20/2018,9:24 AM,HAZELDEAN RD btwn 246 E OF CASTLEFRANK RD & IRWIN GT (__3ZA41NB),__3ZA41NB,01 - Non intersection,03 - P.D. only,03 - Rear end,03 - Snow,01 - Daylight,03 - Loose snow,10 - No control,,2,0,0,0,,0,,,,,353052.3367,5018013.178,45.30041449,-75.88473951,2414
18--11790,11/7/2018,12:15 PM,MERIVALE RD @ WOODFIELD DR/ROYDON PL (0009776),9776,02 - Intersection related,03 - P.D. only,03 - Rear end,02 - Rain,01 - Daylight,02 - Wet,01 - Traffic signal,01 - Functioning,2,0,0,0,,0,,,,,365462.7011,5022298.499,45.33801138,-75.72598443,2415
18--12063,11/12/2018,8:46 AM,DELSON DR @ BARNWELL CRES W/VILLEROY CRES S (0010135),10135,03 - At intersection,03 - P.D. only,02 - Angle,01 - Clear,01 - Daylight,01 - Dry,02 - Stop sign,01 - Functioning,2,0,0,0,,0,,,,,389143.1941,5031233.895,45.41595654,-75.42235716,2416
18--12064,11/12/2018,9:30 PM,HIGHWAY 417 btwn HWY417 IC104 RAMP15 & HWY417 IC96 RAMP51 (__3ZA2W4),__3ZA2W4,01 - Non intersection,03 - P.D. only,07 - SMV other,01 - Clear,07 - Dark,01 - Dry,10 - No control,,1,0,0,0,,0,,,,,381148.9258,5025663.869,45.36675929,-75.52534514,2417
18--12065,11/13/2018,1:41 PM,OLD INNES RD @ BANTREE ST (0007674),7674,03 - At intersection,02 - Non-fatal injury,02 - Angle,03 - Snow,01 - Daylight,02 - Wet,02 - Stop sign,01 - Functioning,2,0,0,0,01 - Minimal,1,1,,,,373727.8712,5030352.488,45.40971444,-75.61941412,2418
18--12066,11/13/2018,10:03 AM,LAURIER AVE @ WALLER ST/TRANSITWAY (0002020),2020,02 - Intersection related,02 - Non-fatal injury,02 - Angle,03 - Snow,01 - Daylight,02 - Wet,01 - Traffic signal,01 - Functioning,2,0,0,1,01 - Minimal,1,1,,,,368454.2586,5031858.97,45.42376876,-75.68658529,2419
18--12067,11/13/2018,10:31 AM,BRONSON AVE @ RENFREW AVE (0007197),7197,03 - At intersection,03 - P.D. only,02 - Angle,03 - Snow,01 - Daylight,02 - Wet,02 - Stop sign,01 - Functioning,2,0,0,0,,0,,,,,367356.7087,5029551.701,45.40310767,-75.70090195,2420
18--12068,11/13/2018,10:45 PM,HIGHWAY 417 btwn HWY417 IC126 RAMP61 & HWY417 IC124 RAMP76 (__3ZA2Y2),__3ZA2Y2,01 - Non intersection,03 - P.D. only,03 - Rear end,01 - Clear,07 - Dark,01 - Dry,10 - No control,,2,0,0,0,,0,,,,,364082.5893,5027088.156,45.38122607,-75.74301769,2421
18--12069,11/13/2018,10:51 PM,HIGHWAY 416 btwn HWY416 IC42 RAMP43 & END (__3ZAZJE),__3ZAZJE,01 - Non intersection,02 - Non-fatal injury,07 - SMV other,01 - Clear,07 - Dark,01 - Dry,10 - No control,,1,0,0,0,02 - Minor,1,,1,,,371995.3825,4994276.963,45.08528153,-75.64642078,2422
18--1207,1/24/2018,3:24 PM,HIGHWAY 417 btwn HWY417 IC118 RAMP67 & HWY417 IC117 RAMP36 (__3ZA2YO),__3ZA2YO,01 - Non intersection,03 - P.D. only,03 - Rear end,01 - Clear,01 - Daylight,01 - Dry,10 - No control,,2,0,0,0,,0,,,,,369927.2839,5031144.516,45.41720479,-75.66785845,2423
18--12070,11/13/2018,11:45 AM,EARL MULLIGAN DR @ SHANDON AVE (0000334),334,03 - At intersection,03 - P.D. only,02 - Angle,02 - Rain,01 - Daylight,02 - Wet,02 - Stop sign,01 - Functioning,2,0,0,0,,0,,,,,364963.6716,5017342.47,45.29346041,-75.73295302,2424
18--12071,11/13/2018,Unknown,LARCH ST btwn PRESTON ST & END (__3ZAAJQ),__3ZAAJQ,01 - Non intersection,03 - P.D. only,06 - SMV unattended vehicle,03 - Snow,00 - Unknown,02 - Wet,10 - No control,,1,0,0,0,,0,,,,,366400.9178,5029816.52,45.4055752,-75.71307695,2425
18--12072,11/13/2018,12:15 PM,LAURIER AVE   E btwn RANGE RD & CHARLOTTE ST (__3ZA2JE),__3ZA2JE,01 - Non intersection,03 - P.D. only,05 - Turning movement,01 - Clear,01 - Daylight,02 - Wet,10 - No control,,2,0,0,0,,0,,,,,369443.2283,5032463.973,45.42912165,-75.67386951,2426
18--12073,11/13/2018,12:35 PM,AIRPORT PKWY @ HUNT CLUB RD (0010856),10856,02 - Intersection related,03 - P.D. only,03 - Rear end,03 - Snow,01 - Daylight,02 - Wet,01 - Traffic signal,01 - Functioning,2,0,0,0,,0,,,,,371018.5888,5023702.99,45.35014621,-75.65491442,2427
18--12074,11/13/2018,12:40 PM,BATHGATE DR @ LEIGH CRES N (0009504),9504,02 - Intersection related,03 - P.D. only,03 - Rear end,01 - Clear,01 - Daylight,01 - Dry,02 - Stop sign,01 - Functioning,2,0,0,0,,0,,,,,373771.5194,5033069.519,45.4341566,-75.61847618,2428
18--12075,11/13/2018,2:04 PM,RICHMOND RD @ LYNHAR RD/STAFFORD RD (0000155),155,02 - Intersection related,03 - P.D. only,03 - Rear end,03 - Snow,01 - Daylight,02 - Wet,01 - Traffic signal,01 - Functioning,2,0,0,0,,0,,,,,358137.4715,5021086.506,45.32770091,-75.819573,2429
18--12076,11/13/2018,2:10 PM,SHILLINGTON AVE @ SILVER ST (0011309),11309,03 - At intersection,03 - P.D. only,02 - Angle,01 - Clear,01 - Daylight,01 - Dry,02 - Stop sign,01 - Functioning,2,0,0,0,,0,,,,,365076.0592,5026949.826,45.37989663,-75.73035006,2430
18--12331,11/16/2018,9:50 AM,HIGHWAY 417 btwn HWY417 IC140 RAMP36 & HWY417 IC140 RAMP16 (__3ZA20N),__3ZA20N,01 - Non intersection,03 - P.D. only,07 - SMV other,03 - Snow,01 - Daylight,04 - Slush,10 - No control,,1,0,0,0,,0,,,,,350518.4811,5018349.911,45.30361398,-75.91701566,2431
18--11973,11/11/2018,1:27 PM,LYNDA LANE @ PLEASANT PARK RD (0007522),7522,02 - Intersection related,02 - Non-fatal injury,03 - Rear end,01 - Clear,01 - Daylight,01 - Dry,02 - Stop sign,01 - Functioning,2,0,0,0,02 - Minor,2,1,1,,,371528.8173,5028596.636,45.39412912,-75.64774247,2432
18--12077,11/13/2018,2:15 PM,BELANGER AVE btwn CLEMENTINE BLVD & BANK ST (__3ZBOUA),__3ZBOUA,04 - At/near private drive,03 - P.D. only,06 - SMV unattended vehicle,03 - Snow,01 - Daylight,02 - Wet,10 - No control,,1,0,0,0,,0,,,,,369646.6379,5027425.76,45.38377079,-75.67193287,2433
18--12078,11/13/2018,2:42 PM,CYRVILLE RD @ OGILVIE RD (0003554),3554,02 - Intersection related,03 - P.D. only,99 - Other,03 - Snow,01 - Daylight,02 - Wet,01 - Traffic signal,01 - Functioning,2,0,0,0,,0,,,,,372453.8262,5032005.629,45.42471296,-75.6354618,2434
18--12079,11/13/2018,2:48 PM,CATHERINE ST/HWY 417 O'CONN IC119BR76 @ O'CONN (0001697),1697,03 - At intersection,03 - P.D. only,04 - Sideswipe,01 - Clear,01 - Daylight,02 - Wet,01 - Traffic signal,01 - Functioning,2,0,0,0,,0,,,,,368243.7111,5030392.494,45.41059303,-75.68946434,2435
18--1208,1/24/2018,3:30 PM,CARP RD @ ECHOWOODS AVE/KITTIWAKE DR (0009789),9789,02 - Intersection related,03 - P.D. only,03 - Rear end,01 - Clear,01 - Daylight,01 - Dry,01 - Traffic signal,01 - Functioning,2,0,0,0,,0,,,,,348596.3468,5014562.765,45.26965841,-75.94185908,2436
18--12080,11/13/2018,2:49 PM,JOCKVALE RD btwn WEYBRIDGE DR & TARTAN DR (__3ZAAA4),__3ZAAA4,01 - Non intersection,03 - P.D. only,03 - Rear end,03 - Snow,01 - Daylight,04 - Slush,10 - No control,,2,0,0,0,,0,,,,,363243.7416,5014820.404,45.27091197,-75.75517612,2437
18--12081,11/13/2018,2:54 PM,INNES RD @ PAGE RD (0012476),12476,02 - Intersection related,02 - Non-fatal injury,03 - Rear end,02 - Rain,01 - Daylight,02 - Wet,01 - Traffic signal,01 - Functioning,2,0,0,0,01 - Minimal,1,1,,,,380887.7307,5034540.652,45.44665464,-75.52730914,2438
18--12082,11/13/2018,3:20 PM,WALKLEY RD @ DON REID DR/RYDER ST (0008218),8218,02 - Intersection related,03 - P.D. only,03 - Rear end,04 - Freezing Rain,01 - Daylight,02 - Wet,01 - Traffic signal,01 - Functioning,2,0,0,0,,0,,,,,372601.8039,5027284.452,45.38221956,-75.63422016,2439
18--12083,11/13/2018,3:22 PM,RIVERSIDE DR NB btwn FROBISHER LANE & HINCKS LANE (__3ZAZR1),__3ZAZR1,01 - Non intersection,03 - P.D. only,03 - Rear end,02 - Rain,01 - Daylight,02 - Wet,10 - No control,,2,0,0,0,,0,,,,,370167.8516,5029825.309,45.40531264,-75.66495995,2440
18--12084,11/13/2018,3:36 AM,BANK ST @ EXHIBITION WAY (0009013),9013,03 - At intersection,03 - P.D. only,07 - SMV other,03 - Snow,07 - Dark,02 - Wet,01 - Traffic signal,01 - Functioning,1,0,0,0,,0,,,,,368529.1409,5029086.557,45.3988167,-75.68598693,2441
18--12085,11/13/2018,3:40 PM,MERIVALE RD @ WOODFIELD DR/ROYDON PL (0009776),9776,02 - Intersection related,03 - P.D. only,03 - Rear end,01 - Clear,01 - Daylight,01 - Dry,01 - Traffic signal,01 - Functioning,2,0,0,0,,0,,,,,365462.7335,5022298.666,45.33801288,-75.725984,2442
18--12086,11/13/2018,3:45 PM,BEECHWOOD AVE @ CHARLEVOIX ST/MACKAY ST (0002248),2248,03 - At intersection,03 - P.D. only,03 - Rear end,01 - Clear,01 - Daylight,01 - Dry,01 - Traffic signal,01 - Functioning,2,0,0,0,,0,,,,,369186.0252,5033592.551,45.43929988,-75.67700859,2443
18--12087,11/13/2018,4:14 PM,VANCES SIDE RD btwn DUNROBIN RD & GREENLAND RD (__3ZBOB7),__3ZBOB7,01 - Non intersection,03 - P.D. only,07 - SMV other,01 - Clear,01 - Daylight,01 - Dry,10 - No control,,1,0,0,0,,0,,,,,340606.3189,5034044.152,45.4454114,-76.04226923,2444
18--12088,11/13/2018,4:18 PM,HWY416 IC72 RAMP63 btwn WEST HUNT CLUB RD & HIGHWAY 416 (__3ZAY4E),__3ZAY4E,01 - Non intersection,03 - P.D. only,07 - SMV other,01 - Clear,01 - Daylight,06 - Ice,10 - No control,,1,0,0,0,,0,,,,,359375.3355,5019423.204,45.31263927,-75.80396599,2445
18--12089,11/13/2018,4:25 PM,EARL ARMSTRONG RD @ SPRATT RD (0013063),13063,03 - At intersection,02 - Non-fatal injury,05 - Turning movement,01 - Clear,05 - Dusk,02 - Wet,01 - Traffic signal,01 - Functioning,2,0,0,0,02 - Minor,1,,1,,,368396.5609,5015011.206,45.27218168,-75.689489,2446
18--1209,1/24/2018,3:34 PM,STRANDHERD DR @ WOODROFFE AVE (0009688),9688,02 - Intersection related,03 - P.D. only,03 - Rear end,01 - Clear,01 - Daylight,01 - Dry,01 - Traffic signal,01 - Functioning,2,0,0,0,,0,,,,,366106.1537,5015395.149,45.27583979,-75.71862907,2447
18--12090,11/13/2018,4:30 PM,BRONSON AVE @ NEPEAN ST (0002163),2163,02 - Intersection related,03 - P.D. only,04 - Sideswipe,04 - Freezing Rain,05 - Dusk,06 - Ice,10 - No control,,2,0,0,0,,0,,,,,366860.6941,5030728.598,45.41374121,-75.70708926,2448
18--12091,11/13/2018,4:55 PM,BRONSON/HERON RAMP 34/BRONSON/HERON RAMP 36 @  (0002515),2515,03 - At intersection,03 - P.D. only,03 - Rear end,03 - Snow,05 - Dusk,02 - Wet,10 - No control,,2,0,0,0,,0,,,,,368626.1742,5026792.343,45.37816521,-75.68504436,2449
18--12092,11/13/2018,5:14 AM,HERON RD EB btwn HERON RD EB ON RAMP/VINCENT MASSEY PARK & RIVERSIDE D (__3ZA37D),__3ZA37D,01 - Non intersection,03 - P.D. only,07 - SMV other,02 - Rain,07 - Dark,04 - Slush,10 - No control,,1,0,0,0,,0,,,,,367917.2346,5026604.621,45.37654036,-75.69411945,2450
18--12093,11/13/2018,5:15 PM,CANON SMITH DR btwn OLD BIRCH RD & AYLWIN RD (__3ZACAP),__3ZACAP,01 - Non intersection,03 - P.D. only,07 - SMV other,01 - Clear,07 - Dark,06 - Ice,10 - No control,,1,0,0,0,,0,,,,,327499.3083,5038202.124,45.48337493,-76.20962815,2451
18--12094,11/13/2018,5:15 PM,HAWTHORNE RD @ HUNT CLUB RD (0007651),7651,02 - Intersection related,03 - P.D. only,03 - Rear end,02 - Rain,05 - Dusk,02 - Wet,01 - Traffic signal,01 - Functioning,2,0,0,0,,0,,,,,375507.7483,5026406.532,45.37403319,-75.59724361,2452
18--12095,11/13/2018,5:16 PM,EASTPARK DR W @ INNES RD W (0004131),4131,02 - Intersection related,03 - P.D. only,02 - Angle,03 - Snow,07 - Dark,02 - Wet,02 - Stop sign,01 - Functioning,2,0,0,0,,0,,,,,378561.7248,5033177.602,45.43464019,-75.55724452,2453
18--12096,11/13/2018,5:29 PM,BANTREE ST @ INNES RD (0007684),7684,03 - At intersection,03 - P.D. only,04 - Sideswipe,01 - Clear,07 - Dark,01 - Dry,01 - Traffic signal,01 - Functioning,2,0,0,0,,0,,,,,373705.5208,5030406.896,45.41020617,-75.61969202,2454
18--12097,11/13/2018,5:30 PM,HIGHWAY 417 btwn HWY417 IC124 RAMP67 & HWY417 IC123 RAMP62 (__3ZA2YZ),__3ZA2YZ,01 - Non intersection,03 - P.D. only,03 - Rear end,01 - Clear,07 - Dark,01 - Dry,10 - No control,,4,0,0,0,,0,,,,,364715.3787,5027952.795,45.3889521,-75.73483334,2455
18--12098,11/13/2018,5:40 PM,BANK ST @ DALMENY RD/MARVELVILLE RD (0001081),1081,03 - At intersection,02 - Non-fatal injury,02 - Angle,03 - Snow,07 - Dark,03 - Loose snow,02 - Stop sign,01 - Functioning,3,0,0,0,02 - Minor,1,,1,,,385828.7473,5004368.221,45.17462985,-75.46908784,2456
18--12099,11/13/2018,5:50 PM,HIGHWAY 417 btwn HWY417 IC124 RAMP65 & HWY417 IC122 RAMP51 (__3ZA2R8),__3ZA2R8,01 - Non intersection,03 - P.D. only,03 - Rear end,01 - Clear,07 - Dark,02 - Wet,10 - No control,,2,0,0,0,,0,,,,,364902.1749,5028268.369,45.39177556,-75.73240958,2457
18--121,1/2/2018,6:14 AM,HIGHWAY 417 btwn HWY417 IC118 RAMP35 & HWY417 IC117 RAMP51 (__3ZA2YP),__3ZA2YP,01 - Non intersection,02 - Non-fatal injury,04 - Sideswipe,01 - Clear,07 - Dark,06 - Ice,10 - No control,,2,0,0,0,01 - Minimal,1,1,,,,369828.6571,5031136.582,45.41714258,-75.66911953,2458
18--1210,1/24/2018,3:45 PM,HUNT CLUB RD btwn MOUNTAIN CRES & TURN LANE (__3ZA3HU),__3ZA3HU,04 - At/near private drive,03 - P.D. only,02 - Angle,01 - Clear,01 - Daylight,01 - Dry,10 - No control,,2,0,0,0,,0,,,,,371533.0347,5024019.974,45.35294956,-75.64830698,2459
18--12100,11/13/2018,6:01 PM,HAWTHORNE RD btwn LEITRIM RD & LOUISEIZE RD (__3ZBO24),__3ZBO24,01 - Non intersection,03 - P.D. only,07 - SMV other,01 - Clear,07 - Dark,01 - Dry,10 - No control,,1,0,0,0,,0,,,,,377118.4078,5022521.193,45.33891051,-75.57725067,2460
18--12101,11/13/2018,6:16 PM,DAIRY DR @ SOUTH FRONTAGE (0013868),13868,02 - Intersection related,03 - P.D. only,03 - Rear end,01 - Clear,07 - Dark,01 - Dry,02 - Stop sign,01 - Functioning,2,0,0,0,,0,,,,,384734.3019,5039695.615,45.4926048,-75.47730451,2461
18--12102,11/13/2018,6:29 AM,GREENBANK RD @ IRIS ST/HWY 417 IC129 RAMP51 (0009073),9073,03 - At intersection,02 - Non-fatal injury,07 - SMV other,03 - Snow,07 - Dark,02 - Wet,01 - Traffic signal,01 - Functioning,1,0,0,1,01 - Minimal,1,1,,,,360531.0797,5023312.577,45.34754511,-75.7887893,2462
18--12103,11/13/2018,6:45 AM,HAWTHORNE RD @ HUNT CLUB RD (0007651),7651,02 - Intersection related,03 - P.D. only,03 - Rear end,03 - Snow,03 - Dawn,02 - Wet,01 - Traffic signal,01 - Functioning,2,0,0,0,,0,,,,,375507.7634,5026406.528,45.37403316,-75.59724342,2463
18--12104,11/13/2018,6:45 PM,CARLING AVE @ MAITLAND AVE/SHERBOURNE RD (0002641),2641,02 - Intersection related,03 - P.D. only,04 - Sideswipe,01 - Clear,07 - Dark,02 - Wet,01 - Traffic signal,01 - Functioning,2,0,0,0,,0,,,,,362942.4879,5026488.548,45.37592642,-75.75764507,2464
18--12105,11/13/2018,6:50 PM,INDUSTRIAL AVE @ RIVERSIDE DR (0011905),11905,02 - Intersection related,02 - Non-fatal injury,03 - Rear end,01 - Clear,07 - Dark,06 - Ice,01 - Traffic signal,01 - Functioning,3,0,0,0,02 - Minor,1,,1,,,370684.7249,5030592.707,45.41216892,-75.65825532,2465
18--12106,11/13/2018,6:55 PM,HIGHWAY 417 btwn TRANSIT & HWY417 IC127 RAMP16 (__3ZA2SJ),__3ZA2SJ,01 - Non intersection,03 - P.D. only,03 - Rear end,01 - Clear,07 - Dark,01 - Dry,10 - No control,,2,0,0,0,,0,,,,,361629.9498,5024469.242,45.35786455,-75.77463427,2466
18--12107,11/13/2018,7:05 AM,PARKDALE AVE/SPENCER ST @ OXFORD ST (0005645),5645,02 - Intersection related,03 - P.D. only,03 - Rear end,03 - Snow,03 - Dawn,02 - Wet,02 - Stop sign,01 - Functioning,2,0,0,0,,0,,,,,365059.5042,5029474.633,45.40261575,-75.73025309,2467
18--12108,11/13/2018,7:15 AM,DAVID MANCHESTER RD btwn NORTHSHIRE DR & OLD ALMONTE RD (__3ZAC44),__3ZAC44,01 - Non intersection,02 - Non-fatal injury,07 - SMV other,03 - Snow,01 - Daylight,03 - Loose snow,10 - No control,,1,0,0,0,01 - Minimal,2,2,,,,343104.8663,5016537.028,45.28774428,-76.01168745,2468
18--12109,11/13/2018,7:19 PM,CRESTWAY DR btwn STRANDHERD DR & GROVEHURST DR (__30LKUO),__30LKUO,04 - At/near private drive,02 - Non-fatal injury,07 - SMV other,01 - Clear,07 - Dark,01 - Dry,10 - No control,,1,0,0,1,01 - Minimal,1,1,,,,366344.3032,5015529.212,45.27702528,-75.71557743,2469
18--1211,1/24/2018,3:49 PM,NICHOLAS ST NB btwn LAURIER AVE E & WALLER ST (__5D2DO8),__5D2DO8,01 - Non intersection,03 - P.D. only,03 - Rear end,01 - Clear,01 - Daylight,01 - Dry,10 - No control,,3,0,0,0,,0,,,,,368451.9078,5031735.101,45.42265444,-75.68663133,2470
18--12110,11/13/2018,7:35 AM,HIGHWAY 417 btwn Continuation of HIGHWAY 417 & HWY417 IC134 RAMP51 (__3ZA29B),__3ZA29B,01 - Non intersection,03 - P.D. only,03 - Rear end,03 - Snow,01 - Daylight,02 - Wet,10 - No control,,2,0,0,0,,0,,,,,355090.1247,5021462.468,45.33130884,-75.85840734,2471
18--12111,11/13/2018,7:56 AM,IRIS ST @ WOODROFFE AVE (0002736),2736,02 - Intersection related,03 - P.D. only,01 - Approaching,03 - Snow,01 - Daylight,02 - Wet,01 - Traffic signal,01 - Functioning,2,0,0,0,,0,,,,,362282.8287,5024441.383,45.35756065,-75.76630498,2472
18--12112,11/13/2018,7:56 AM,HIGHWAY 416 btwn HWY416 IC66 RAMP62 & HWY416 IC72 RAMP24 (__3ZAZMZ),__3ZAZMZ,01 - Non intersection,03 - P.D. only,07 - SMV other,03 - Snow,01 - Daylight,03 - Loose snow,10 - No control,,1,0,0,0,,0,,,,,359523.0262,5015670.706,45.27886246,-75.80249661,2473
18--12113,11/13/2018,8:00 PM,LEXINGTON ST btwn CHANDLER AVE & HUDSON AVE (__3ZAA48),__3ZAA48,04 - At/near private drive,03 - P.D. only,06 - SMV unattended vehicle,01 - Clear,07 - Dark,06 - Ice,10 - No control,,1,0,0,0,,0,,,,,366495.4272,5025926.665,45.3705669,-75.71235602,2474
18--12114,11/13/2018,8:07 AM,BASELINE RD @ MERIVALE RD (0002342),2342,02 - Intersection related,03 - P.D. only,03 - Rear end,01 - Clear,01 - Daylight,01 - Dry,01 - Traffic signal,01 - Functioning,2,0,0,0,,0,,,,,365054.8625,5025325.775,45.36528553,-75.73081881,2475
18--12115,11/13/2018,8:10 AM,JOHNSTON RD @ TAPIOLA CRES W (0007068),7068,02 - Intersection related,03 - P.D. only,03 - Rear end,03 - Snow,01 - Daylight,02 - Wet,02 - Stop sign,01 - Functioning,2,0,0,0,,0,,,,,371570.6092,5025266.448,45.36416134,-75.6476591,2476
18--12116,11/13/2018,8:12 AM,INNES RD @ PAGE RD (0012476),12476,02 - Intersection related,03 - P.D. only,03 - Rear end,03 - Snow,01 - Daylight,03 - Loose snow,01 - Traffic signal,01 - Functioning,2,0,0,0,,0,,,,,380887.7898,5034540.483,45.44665312,-75.52730841,2477
18--12117,11/13/2018,8:30 AM,HIGHWAY 417 btwn HWY417 IC180 RAMP61 & HWY417 IC169 RAMP36 (__5DVYB1),__5DVYB1,01 - Non intersection,03 - P.D. only,07 - SMV other,03 - Snow,01 - Daylight,03 - Loose snow,10 - No control,,1,0,0,0,,0,,,,,323555.5383,5027037.123,45.3830242,-76.26050209,2478
18--12118,11/13/2018,8:30 PM,MARCH RD btwn PETER ROBINSON RD & CORKERY RD (__3ZA2RJ),__3ZA2RJ,01 - Non intersection,03 - P.D. only,07 - SMV other,01 - Clear,07 - Dark,01 - Dry,10 - No control,,1,0,0,0,,0,,,,,335065.4927,5015323.573,45.27721709,-76.11424519,2479
18--12119,11/13/2018,8:33 AM,HUNT CLUB RD @ RIVERSIDE DR (0002237),2237,02 - Intersection related,03 - P.D. only,03 - Rear end,03 - Snow,01 - Daylight,02 - Wet,01 - Traffic signal,01 - Functioning,2,0,0,0,,0,,,,,368036.7031,5021945.498,45.33460788,-75.6931902,2480
18--1212,1/24/2018,4:00 PM,HIGHWAY 417 btwn HWY417 IC119B RAMP57 & HWY417 IC119A RAMP75 (__3ZA1QN),__3ZA1QN,01 - Non intersection,03 - P.D. only,03 - Rear end,01 - Clear,01 - Daylight,01 - Dry,10 - No control,,3,0,0,0,,0,,,,,368408.6572,5030414.391,45.41077508,-75.68735443,2481
18--12120,11/13/2018,8:45 AM,KING EDWARD AVE @ LAURIER AVE (0002170),2170,02 - Intersection related,03 - P.D. only,03 - Rear end,03 - Snow,01 - Daylight,03 - Loose snow,01 - Traffic signal,01 - Functioning,2,0,0,0,,0,,,,,368739.9261,5032034.596,45.42532293,-75.68291242,2482
18--12121,11/13/2018,8:50 AM,INDUSTRIAL AVE btwn TRAINYARDS DR & RUSSELL RD (__3ZA3R9),__3ZA3R9,04 - At/near private drive,03 - P.D. only,05 - Turning movement,03 - Snow,01 - Daylight,02 - Wet,10 - No control,,2,0,0,0,,0,,,,,371981.5188,5030471.914,45.41095879,-75.64170577,2483
18--12122,11/13/2018,9:13 PM,BESSERER ST @ DALHOUSIE ST (0011452),11452,03 - At intersection,03 - P.D. only,04 - Sideswipe,01 - Clear,07 - Dark,01 - Dry,01 - Traffic signal,01 - Functioning,2,0,0,0,,0,,,,,368252.924,5032157.466,45.42647282,-75.68911936,2484
18--12123,11/13/2018,9:30 AM,COLONEL BY DR @ UNIVERSITY RD - CARLETON (0007131),7131,02 - Intersection related,03 - P.D. only,04 - Sideswipe,01 - Clear,01 - Daylight,04 - Slush,01 - Traffic signal,01 - Functioning,2,0,0,0,,0,,,,,367345.7184,5026848.573,45.37878663,-75.70138495,2485
18--12124,11/14/2018,1:13 PM,BLAIR RD @ OGILVIE RD (0004120),4120,02 - Intersection related,03 - P.D. only,04 - Sideswipe,01 - Clear,01 - Daylight,01 - Dry,01 - Traffic signal,01 - Functioning,2,0,0,0,,0,,,,,374507.6817,5033198.507,45.43524417,-75.60905018,2486
18--12125,11/14/2018,1:23 PM,ROBERTSON RD btwn HAANEL DR & MILL HILL RD (__3ZA41V),__3ZA41V,01 - Non intersection,03 - P.D. only,04 - Sideswipe,03 - Snow,01 - Daylight,02 - Wet,10 - No control,,2,0,0,0,,0,,,,,355097.9069,5019267.542,45.311558,-75.85853098,2487
18--12126,11/14/2018,10:05 AM,BRIDGE ST/MAPLE AVE @ MANOTICK MAIN ST (0008225),8225,02 - Intersection related,03 - P.D. only,04 - Sideswipe,01 - Clear,01 - Daylight,01 - Dry,01 - Traffic signal,01 - Functioning,2,0,0,0,,0,,,,,368699.6206,5009932.261,45.22645426,-75.68627985,2488
18--12127,11/14/2018,10:13 PM,O'CONNOR ST btwn ARGYLE AVE & CATHERINE ST (__3ZA3P5),__3ZA3P5,01 - Non intersection,03 - P.D. only,04 - Sideswipe,01 - Clear,07 - Dark,01 - Dry,10 - No control,,2,0,0,0,,0,,,,,368187.4565,5030481.587,45.41139976,-75.6901715,2489
18--12128,11/14/2018,10:27 AM,CARLING AVE @ CROYDON AVE (0002642),2642,02 - Intersection related,02 - Non-fatal injury,04 - Sideswipe,01 - Clear,01 - Daylight,02 - Wet,01 - Traffic signal,01 - Functioning,2,0,0,0,01 - Minimal,1,1,,,,360658.6397,5025042.728,45.36310281,-75.78696608,2490
18--12129,11/14/2018,11:01 AM,OLD ALMONTE RD @ UPPER DWYER HILL RD (0005799),5799,03 - At intersection,02 - Non-fatal injury,03 - Rear end,01 - Clear,01 - Daylight,01 - Dry,02 - Stop sign,00 - Unknown,2,0,0,0,02 - Minor,1,,1,,,336938.3092,5011105.38,45.2391762,-76.09064826,2491