Anom_ID,Accident_Date,Accident_Time,Location,Geo_ID,Accident_Location,Classification_of_Accident,Initial_Impact_Type,Environment_Condition,Light,Road_Surface_Condition,Traffic_Control,Traffic_Control_Condition,No__of_Vehicles,No__of_Bicycles,No__of_Motorcycles,No__of_Pedestrians,Max_Injury,No__of_Injuries,No__of_Minimal,No__of_Minor,No__of_Major,No__of_Fatal,X,Y,Latitude,Longitude,ObjectId
18--1213,1/24/2018,4:35 PM,CATHERINE ST @ KENT ST (0002707),2707,03 - At intersection,03 - P.D. only,04 - Sideswipe,01 - Clear,01 - Daylight,06 - Ice,01 - Traffic signal,01 - Functioning,2,0,0,0,,0,,,,,367907.7067,5030188.565,45.40878852,-75.69378269,2492
18--12130,11/14/2018,11:28 PM,GEORGE ST btwn DALHOUSIE ST & CUMBERLAND ST (__3ZA81O),__3ZA81O,01 - Non intersection,03 - P.D. only,04 - Sideswipe,01 - Clear,07 - Dark,01 - Dry,10 - No control,,2,0,0,0,,0,,,,,368173.0167,5032324.922,45.42798677,-75.69011887,2493
18--12131,11/14/2018,12:00 PM,PENDER ST @ RITA AVE (0001982),1982,03 - At intersection,03 - P.D. only,02 - Angle,01 - Clear,01 - Daylight,01 - Dry,02 - Stop sign,01 - Functioning,2,0,0,0,,0,,,,,364266.7173,5024086.57,45.35420263,-75.74102805,2494
18--12132,11/14/2018,12:00 PM,RIVERSIDE DR @ PLEASANT PARK RD (0007296),7296,03 - At intersection,03 - P.D. only,02 - Angle,01 - Clear,01 - Daylight,06 - Ice,01 - Traffic signal,01 - Functioning,2,0,0,0,,0,,,,,369561.094,5028415.057,45.39268008,-75.67289531,2495
18--12133,11/14/2018,12:02 AM,KANATA AVE @ LORD BYNG WAY/MARITIME WAY (0009115),9115,03 - At intersection,02 - Non-fatal injury,07 - SMV other,01 - Clear,07 - Dark,01 - Dry,01 - Traffic signal,01 - Functioning,1,0,0,0,02 - Minor,1,,1,,,351430.3452,5019331.703,45.31238845,-75.90529617,2496
18--12134,11/14/2018,12:30 PM,HAZELDEAN RD btwn TERRY FOX DR & EDGEWATER ST (__3ZA3DL),__3ZA3DL,01 - Non intersection,03 - P.D. only,04 - Sideswipe,01 - Clear,01 - Daylight,01 - Dry,10 - No control,,2,0,0,0,,0,,,,,352265.6116,5017296.952,45.2940233,-75.89483895,2497
18--12135,11/14/2018,12:30 PM,NICHOLAS ST NB btwn HWY417 IC118 RAMP52 & WALLER ST/TRANSITWAY (__6KCFNL),__6KCFNL,01 - Non intersection,02 - Non-fatal injury,03 - Rear end,01 - Clear,01 - Daylight,01 - Dry,10 - No control,,2,0,0,0,01 - Minimal,1,1,,,,369022.7048,5031337.691,45.41902653,-75.67939002,2498
18--12136,11/14/2018,12:40 PM,TERRY FOX DR S @ DIDSBURY RD/CENTRUM KANATA SC (0011820),11820,03 - At intersection,03 - P.D. only,02 - Angle,01 - Clear,01 - Daylight,01 - Dry,01 - Traffic signal,01 - Functioning,2,0,0,0,,0,,,,,350623.391,5018915.721,45.30869846,-75.91562565,2499
18--12137,11/14/2018,12:45 AM,ROCKY HARBOUR CRES btwn GOLDENEYE WAY & HOLLOW TRAIL GT (__3EX1YQ),__3EX1YQ,01 - Non intersection,03 - P.D. only,06 - SMV unattended vehicle,03 - Snow,07 - Dark,03 - Loose snow,10 - No control,,1,0,0,0,,0,,,,,368962.2128,5016226.341,45.28306392,-75.68212367,2500
18--12138,11/14/2018,2:40 PM,ALTA VISTA DR @ VALOUR DR (0012073),12073,02 - Intersection related,03 - P.D. only,03 - Rear end,01 - Clear,01 - Daylight,01 - Dry,02 - Stop sign,01 - Functioning,2,0,0,0,,0,,,,,370439.714,5029581.706,45.40309535,-75.66151985,2501
18--12139,11/14/2018,3:04 PM,BEGIN ST btwn MONTREAL RD & LEVIS AVE (__3ZA8TP),__3ZA8TP,01 - Non intersection,03 - P.D. only,04 - Sideswipe,01 - Clear,01 - Daylight,01 - Dry,10 - No control,,2,0,0,0,,0,,,,,370475.6503,5033276.623,45.43633735,-75.66056833,2502
18--1214,1/24/2018,5:15 PM,JEANNE D'ARC BLVD @ PADDLER WAY/VORLAGE DR E (0003297),3297,02 - Intersection related,03 - P.D. only,03 - Rear end,01 - Clear,05 - Dusk,02 - Wet,01 - Traffic signal,01 - Functioning,2,0,0,0,,0,,,,,379612.7244,5037995.597,45.47787724,-75.5430805,2503
18--12140,11/14/2018,3:10 PM,GLADSTONE AVE btwn BANK ST & O'CONNOR ST (__3ZA3QP),__3ZA3QP,04 - At/near private drive,03 - P.D. only,02 - Angle,01 - Clear,01 - Daylight,01 - Dry,10 - No control,,2,0,0,0,,0,,,,,368066.7588,5030653.996,45.41296196,-75.69169123,2504
18--12141,11/14/2018,3:33 PM,HIGHWAY 416 btwn HWY416 IC49 RAMP24 & HWY416 IC42 RAMP42 (__3ZA29T),__3ZA29T,01 - Non intersection,02 - Non-fatal injury,07 - SMV other,01 - Clear,01 - Daylight,01 - Dry,10 - No control,,1,0,0,0,02 - Minor,2,,2,,,369581.5313,4999892.784,45.13603841,-75.67635405,2505
18--12142,11/14/2018,3:35 PM,HIGHWAY 417 btwn HWY417 IC117 RAMP61 & HWY417 IC115 RAMP36 (__3ZA2RZ),__3ZA2RZ,01 - Non intersection,03 - P.D. only,03 - Rear end,01 - Clear,01 - Daylight,01 - Dry,10 - No control,,2,0,0,0,,0,,,,,371703.2611,5031438.038,45.41967821,-75.64512916,2506
18--12143,11/14/2018,4:12 PM,BEATRICE DR btwn CALAVERAS AVE & GLEESON WAY (__3ZADKO),__3ZADKO,01 - Non intersection,02 - Non-fatal injury,06 - SMV unattended vehicle,01 - Clear,01 - Daylight,01 - Dry,10 - No control,,1,0,0,0,02 - Minor,1,,1,,,365305.4325,5015840.699,45.27991819,-75.72877933,2507
18--12144,11/14/2018,4:15 PM,BANK ST @ DAVIDSON RD/LESTER RD (0008797),8797,02 - Intersection related,02 - Non-fatal injury,03 - Rear end,01 - Clear,05 - Dusk,01 - Dry,01 - Traffic signal,01 - Functioning,2,0,0,0,02 - Minor,1,,1,,,373672.6996,5022923.392,45.34287606,-75.62115499,2508
18--12145,11/14/2018,4:30 PM,NICHOLAS ST btwn BESSERER ST & DALY AVE (__3ZA3VO),__3ZA3VO,01 - Non intersection,03 - P.D. only,06 - SMV unattended vehicle,01 - Clear,05 - Dusk,01 - Dry,10 - No control,,1,0,0,0,,0,,,,,368205.2485,5032081.081,45.42578985,-75.68973839,2509
18--12146,11/14/2018,4:34 PM,BAY ST @ WELLINGTON ST (0010737),10737,03 - At intersection,03 - P.D. only,05 - Turning movement,01 - Clear,05 - Dusk,01 - Dry,01 - Traffic signal,01 - Functioning,2,0,0,0,,0,,,,,366814.7908,5031351.308,45.41934824,-75.70759732,2510
18--12147,11/14/2018,4:45 PM,HAZELDEAN RD @ HUNTMAR DR/IBER RD (0000075),75,02 - Intersection related,03 - P.D. only,03 - Rear end,01 - Clear,05 - Dusk,01 - Dry,01 - Traffic signal,01 - Functioning,3,0,0,0,,0,,,,,350942.733,5016079.574,45.28315709,-75.91181727,2511
18--12148,11/14/2018,5:00 PM,HIGHWAY 417 btwn HIGHWAY 417 & HWY417 IC110 RAMP66 (__3ZA282),__3ZA282,01 - Non intersection,03 - P.D. only,07 - SMV other,01 - Clear,07 - Dark,01 - Dry,10 - No control,,1,0,0,0,,0,,,,,375514.2159,5029858.584,45.40509235,-75.59666639,2512
18--12149,11/14/2018,5:02 PM,BARNSDALE RD @ RIDEAU VALLEY DR (0010400),10400,03 - At intersection,03 - P.D. only,05 - Turning movement,01 - Clear,07 - Dark,02 - Wet,02 - Stop sign,01 - Functioning,2,0,0,0,,0,,,,,367139.7596,5011811.415,45.24350265,-75.70590626,2513
18--1215,1/24/2018,5:16 PM,LEITRIM RD @ RIVER RD (0004194),4194,03 - At intersection,02 - Non-fatal injury,02 - Angle,01 - Clear,05 - Dusk,01 - Dry,02 - Stop sign,01 - Functioning,2,0,0,0,01 - Minimal,1,1,,,,368019.7033,5017177.458,45.29170736,-75.69401545,2514
18--12513,11/20/2018,9:25 AM,INDUSTRIAL AVE/INNES RD @ ST. LAURENT BLVD (0002203),2203,02 - Intersection related,03 - P.D. only,03 - Rear end,03 - Snow,01 - Daylight,03 - Loose snow,01 - Traffic signal,01 - Functioning,2,0,0,0,,0,,,,,373099.7741,5030005.488,45.40665387,-75.62748549,2515
18--12514,11/20/2018,9:25 PM,HIGHWAY 417 btwn HWY417 IC155 RAMP51 & HWY417 IC155 RAMP35 (__3ZAZNR),__3ZAZNR,01 - Non intersection,03 - P.D. only,07 - SMV other,01 - Clear,07 - Dark,01 - Dry,10 - No control,,1,0,0,0,,0,,,,,339321.8224,5019367.227,45.31340778,-76.05971532,2516
18--12604,11/22/2018,2:37 PM,INNES RD btwn PAGE RD & 473 E OF PAGE RD/BUILDERS' WAREHOUSE SC (__3ZAYFDA),__3ZAYFDA,04 - At/near private drive,03 - P.D. only,02 - Angle,01 - Clear,01 - Daylight,01 - Dry,10 - No control,,2,0,0,0,,0,,,,,380951.832,5034577.959,45.44698332,-75.52648403,2517
18--12515,11/20/2018,9:29 AM,LARKIN DR btwn SHANEL PL & TRIPP CRES (__3ZABLZ),__3ZABLZ,01 - Non intersection,03 - P.D. only,03 - Rear end,03 - Snow,01 - Daylight,04 - Slush,10 - No control,,2,0,0,0,,0,,,,,362982.2138,5016396.27,45.28511334,-75.75832411,2518
18--12605,11/22/2018,2:38 PM,ST. JOSEPH BLVD @ 193 E OF PLACE D'ORLEAN-W/PL (0009226),9226,02 - Intersection related,03 - P.D. only,02 - Angle,01 - Clear,01 - Daylight,01 - Dry,01 - Traffic signal,01 - Functioning,3,0,0,0,,0,,,,,381759.9473,5037805.016,45.47592918,-75.51564954,2519
18--12516,11/20/2018,9:43 PM,CHELTONIA WAY btwn INSMILL CRES & GOLDRIDGE DR (__3ZA47U),__3ZA47U,04 - At/near private drive,03 - P.D. only,05 - Turning movement,03 - Snow,07 - Dark,05 - Packed snow,10 - No control,,2,0,0,0,,0,,,,,349532.5052,5019350.205,45.3126784,-75.92949752,2520
18--12606,11/22/2018,3:00 PM,PAUL ANKA DR btwn UPLANDS DR & MCCARTHY RD (__3ZA9CH),__3ZA9CH,04 - At/near private drive,03 - P.D. only,03 - Rear end,01 - Clear,01 - Daylight,03 - Loose snow,10 - No control,,2,0,0,0,,0,,,,,369483.8028,5023609.657,45.34944966,-75.67451159,2521
18--12332,11/16/2018,9:52 AM,HWY417 IC145 RAMP55 btwn HIGHWAY 7 & HIGHWAY 417 (__3ZAY8K),__3ZAY8K,01 - Non intersection,03 - P.D. only,07 - SMV other,03 - Snow,01 - Daylight,03 - Loose snow,10 - No control,,1,0,0,0,,0,,,,,346149.4056,5014241.932,45.26691955,-75.97306826,2522
18--12517,11/20/2018,9:52 AM,AIRPORT PKWY btwn AIRPORT PARKWAY PRIV & RAMP (__3ZA23H),__3ZA23H,01 - Non intersection,02 - Non-fatal injury,01 - Approaching,03 - Snow,01 - Daylight,03 - Loose snow,10 - No control,,2,0,0,0,02 - Minor,2,,2,,,371174.4651,5021398.651,45.32939771,-75.65323447,2523
18--12607,11/22/2018,3:28 PM,ALTA VISTA DR btwn HERON RD & RIDGEMONT AVE (__3ZA862),__3ZA862,01 - Non intersection,03 - P.D. only,03 - Rear end,03 - Snow,01 - Daylight,06 - Ice,10 - No control,,2,0,0,0,,0,,,,,370503.4195,5026800.717,45.37806703,-75.66107645,2524
18--12518,11/20/2018,9:58 AM,BANTREE ST btwn BLACKWELL ST & SHEFFIELD RD (__3ZA79L),__3ZA79L,01 - Non intersection,03 - P.D. only,06 - SMV unattended vehicle,03 - Snow,01 - Daylight,05 - Packed snow,10 - No control,,1,0,0,0,,0,,,,,374542.3516,5030001.711,45.40647763,-75.60905964,2525
18--12519,11/21/2018,1:37 PM,CLEGG ST @ MAIN ST (0007200),7200,02 - Intersection related,03 - P.D. only,04 - Sideswipe,01 - Clear,01 - Daylight,04 - Slush,01 - Traffic signal,01 - Functioning,2,0,0,0,,0,,,,,369271.5897,5029921.898,45.40626484,-75.6763954,2526
18--1252,1/25/2018,12:50 PM,HAWTHORNE RD/RUSSELL RD @ WALKLEY RD (0002618),2618,03 - At intersection,03 - P.D. only,03 - Rear end,01 - Clear,01 - Daylight,01 - Dry,01 - Traffic signal,01 - Functioning,2,0,0,0,,0,,,,,374674.7442,5028499.541,45.39294866,-75.60758137,2527
18--12520,11/21/2018,1:45 PM,BANK ST @ WALKLEY RD (0011423),11423,03 - At intersection,03 - P.D. only,02 - Angle,03 - Snow,01 - Daylight,02 - Wet,01 - Traffic signal,01 - Functioning,2,0,0,0,,0,,,,,370337.8066,5025947.772,45.37040802,-75.66330401,2528
18--12521,11/21/2018,1:53 AM,MARCH RD btwn RICHARDSON SIDE RD & HERZBERG RD (__3ZA42C),__3ZA42C,01 - Non intersection,03 - P.D. only,07 - SMV other,01 - Clear,07 - Dark,06 - Ice,10 - No control,,1,0,0,0,,0,,,,,352312.1109,5021536.255,45.33216637,-75.89383962,2529
18--12522,11/21/2018,1:55 PM,MERIVALE RD btwn CLYDE AVE & RITA AVE (__3ZA4H7),__3ZA4H7,01 - Non intersection,03 - P.D. only,04 - Sideswipe,02 - Rain,01 - Daylight,02 - Wet,10 - No control,,3,0,0,0,,0,,,,,364560.1254,5024417.995,45.35715981,-75.73724356,2530
18--12523,11/21/2018,10:00 AM,ROBERTSON RD @ WESTCLIFFE RD (0010387),10387,02 - Intersection related,03 - P.D. only,99 - Other,03 - Snow,01 - Daylight,02 - Wet,01 - Traffic signal,01 - Functioning,2,0,0,0,,0,,,,,356395.4448,5020053.668,45.31853754,-75.84190218,2531
18--12524,11/21/2018,10:39 AM,BANK ST @ RIVERSIDE DR N (0010778),10778,03 - At intersection,03 - P.D. only,02 - Angle,01 - Clear,01 - Daylight,02 - Wet,01 - Traffic signal,01 - Functioning,2,0,0,0,,0,,,,,369225.5289,5027983.392,45.38882705,-75.67723693,2532
18--12525,11/21/2018,10:57 AM,ROGER GUINDON AVE @ SMYTH RD (0006971),6971,03 - At intersection,02 - Non-fatal injury,05 - Turning movement,01 - Clear,01 - Daylight,02 - Wet,01 - Traffic signal,01 - Functioning,2,0,0,0,01 - Minimal,1,1,,,,371933.9398,5029226.378,45.39975655,-75.64248314,2533
18--12526,11/21/2018,11:00 AM,COLONY HEIGHTS RD @ BANKFIELD RD (0000585),585,03 - At intersection,03 - P.D. only,02 - Angle,01 - Clear,01 - Daylight,02 - Wet,02 - Stop sign,00 - Unknown,2,0,0,0,,0,,,,,368240.7055,5010048.467,45.22754136,-75.69210844,2534
18--12527,11/21/2018,11:01 AM,FISHER AVE @ MEADOWLANDS DR (0002120),2120,03 - At intersection,02 - Non-fatal injury,02 - Angle,01 - Clear,01 - Daylight,02 - Wet,01 - Traffic signal,01 - Functioning,2,0,0,0,01 - Minimal,1,1,,,,366575.0795,5025045.518,45.3626315,-75.7114494,2535
18--12528,11/21/2018,11:11 AM,SCOTT ST btwn TUNNEY'S PASTURE DRWY & PARKDALE AVE (__3ZA31N),__3ZA31N,01 - Non intersection,03 - P.D. only,07 - SMV other,01 - Clear,01 - Daylight,01 - Dry,10 - No control,,1,0,0,0,,0,,,,,364743.3655,5029599.202,45.40376373,-75.7342759,2536
18--12529,11/21/2018,11:29 PM,YORK ST WB btwn BYWARD MARKE SQ & SUSSEX DR (__3ZA1B0),__3ZA1B0,01 - Non intersection,03 - P.D. only,04 - Sideswipe,01 - Clear,07 - Dark,01 - Dry,10 - No control,,2,0,0,0,,0,,,,,367862.0315,5032301.086,45.42780041,-75.69409578,2537
18--1253,1/25/2018,2:25 PM,INNES RD btwn 260 E OF BELCOURT BLVD/WALMART SC & JEANNE D'ARC BLVD/ME (__3ZA3JWB),__3ZA3JWB,01 - Non intersection,03 - P.D. only,03 - Rear end,01 - Clear,01 - Daylight,06 - Ice,10 - No control,,3,0,0,0,,0,,,,,382506.8853,5035493.573,45.4550501,-75.50646275,2538
18--12530,11/21/2018,11:37 AM,RIVERSIDE DR NB btwn RIVERSIDE DR SPLIT & DATA CENTRE RD (__5FDUZU),__5FDUZU,01 - Non intersection,02 - Non-fatal injury,03 - Rear end,03 - Snow,01 - Daylight,06 - Ice,10 - No control,,2,0,0,0,01 - Minimal,1,1,,,,368782.08,5027563.222,45.38508713,-75.682954,2539
18--12531,11/21/2018,Unknown,CHARLEVOIX ST btwn BARRETTE ST & LAVAL ST (__3ZA8VW),__3ZA8VW,01 - Non intersection,03 - P.D. only,06 - SMV unattended vehicle,01 - Clear,00 - Unknown,05 - Packed snow,10 - No control,,1,0,0,0,,0,,,,,369275.5939,5033508.571,45.43853601,-75.67587483,2540
18--12532,11/21/2018,Unknown,ECCLES ST btwn BOOTH ST & LEBRETON ST N (__3ZA0WH),__3ZA0WH,01 - Non intersection,03 - P.D. only,06 - SMV unattended vehicle,01 - Clear,00 - Unknown,05 - Packed snow,10 - No control,,1,0,0,0,,0,,,,,366636.0045,5030174.301,45.40877369,-75.71002924,2541
18--12533,11/21/2018,12:09 AM,CAMPBELL AVE @ DOBBIE ST (0002558),2558,03 - At intersection,03 - P.D. only,02 - Angle,03 - Snow,07 - Dark,06 - Ice,10 - No control,,2,0,0,0,,0,,,,,363573.5641,5026523.681,45.37618989,-75.74958409,2542
18--12534,11/21/2018,12:32 PM,RICHMOND RD btwn PATRICIA AVE & LEIGHTON TER (__3ZA4PL),__3ZA4PL,01 - Non intersection,03 - P.D. only,06 - SMV unattended vehicle,01 - Clear,01 - Daylight,01 - Dry,10 - No control,,1,0,0,0,,0,,,,,363996.1854,5028780.703,45.39646262,-75.74391787,2543
18--12535,11/21/2018,12:40 PM,INDUSTRIAL AVE @ RIVERSIDE DR (0011905),11905,02 - Intersection related,03 - P.D. only,03 - Rear end,01 - Clear,01 - Daylight,02 - Wet,01 - Traffic signal,01 - Functioning,2,0,0,0,,0,,,,,370684.6917,5030592.729,45.41216913,-75.65825574,2544
18--12536,11/21/2018,12:50 PM,DALHOUSIE ST @ MURRAY ST (0008241),8241,02 - Intersection related,03 - P.D. only,02 - Angle,03 - Snow,01 - Daylight,03 - Loose snow,01 - Traffic signal,01 - Functioning,2,0,0,0,,0,,,,,368000.6623,5032573.608,45.43023996,-75.69228935,2545
18--12537,11/21/2018,12:53 PM,BRONSON AVE btwn BREWER WAY & RIVERSIDE DR RAMPS 34B & 42A-3 (__3ZA3BR),__3ZA3BR,01 - Non intersection,03 - P.D. only,04 - Sideswipe,01 - Clear,01 - Daylight,01 - Dry,10 - No control,,2,0,0,0,,0,,,,,368205.1638,5027590.505,45.38538508,-75.69031693,2546
18--12538,11/21/2018,12:55 PM,ST. LAURENT BLVD btwn BOURASSA ST & SMYTH RD (__3ZA3R6),__3ZA3R6,01 - Non intersection,02 - Non-fatal injury,03 - Rear end,01 - Clear,01 - Daylight,02 - Wet,10 - No control,,2,0,0,0,01 - Minimal,1,1,,,,373240.0345,5029685.71,45.40376295,-75.62573829,2547
18--12539,11/21/2018,2:00 PM,ELGIN ST @ SOMERSET ST (0006936),6936,03 - At intersection,03 - P.D. only,05 - Turning movement,01 - Clear,01 - Daylight,03 - Loose snow,01 - Traffic signal,01 - Functioning,2,0,0,0,,0,,,,,368164.7967,5031198.567,45.41785296,-75.69036878,2548
18--1254,1/25/2018,3:19 PM,ISLAND PARK DR btwn SCOTT ST & MAILES AVE (__3ZA237),__3ZA237,01 - Non intersection,03 - P.D. only,03 - Rear end,01 - Clear,01 - Daylight,01 - Dry,10 - No control,,2,0,0,0,,0,,,,,363889.8149,5028995.414,45.39840353,-75.74525064,2549
18--12540,11/21/2018,2:05 PM,WOODROFFE AVE/HWY 417 WOODROFF IC127R25 @ HWY  (0002348),2348,02 - Intersection related,03 - P.D. only,04 - Sideswipe,01 - Clear,01 - Daylight,01 - Dry,01 - Traffic signal,00 - Unknown,2,0,0,0,,0,,,,,362179.7372,5024694.371,45.35984546,-75.76759133,2550
18--12541,11/21/2018,2:32 PM,BANK ST btwn BANK ST EXTENSION NB & JOHNSTON RD (__3ZA37U),__3ZA37U,04 - At/near private drive,02 - Non-fatal injury,02 - Angle,01 - Clear,01 - Daylight,01 - Dry,10 - No control,,2,0,0,0,02 - Minor,1,,1,,,370571.3719,5025432.476,45.36574968,-75.66039109,2551
18--12542,11/21/2018,2:43 PM,MOORVALE ST btwn MCARTHUR AVE & ROPER AVE (__3ZAZAV),__3ZAZAV,01 - Non intersection,03 - P.D. only,02 - Angle,01 - Clear,01 - Daylight,01 - Dry,10 - No control,,2,0,0,0,,0,,,,,371462.0405,5032682.119,45.43089493,-75.6480427,2552
18--12543,11/21/2018,3:00 PM,IRIS ST @ WOODROFFE AVE (0002736),2736,02 - Intersection related,02 - Non-fatal injury,03 - Rear end,01 - Clear,01 - Daylight,05 - Packed snow,01 - Traffic signal,01 - Functioning,3,0,0,0,01 - Minimal,1,1,,,,362282.4628,5024441.338,45.35756028,-75.76630965,2553
18--12544,11/21/2018,3:10 PM,HWY 416 ACRES IC75R24 @ HOLLY ACRES RD (0005257),5257,02 - Intersection related,03 - P.D. only,04 - Sideswipe,01 - Clear,01 - Daylight,04 - Slush,01 - Traffic signal,01 - Functioning,2,0,0,0,,0,,,,,358757.8359,5022868.808,45.34369073,-75.81146524,2554
18--12545,11/21/2018,3:23 PM,CARLING AVE WB btwn CONNAUGHT AVE & OTTAWA RIVER PKWY WB RAMP/CARLING  (__3ZA265),__3ZA265,01 - Non intersection,03 - P.D. only,03 - Rear end,01 - Clear,01 - Daylight,03 - Loose snow,10 - No control,,2,0,0,0,,0,,,,,360816.1606,5025145.552,45.36401544,-75.78494383,2555
18--12546,11/21/2018,4:10 PM,CUMMINGS AVE @ OGILVIE RD (0009923),9923,03 - At intersection,03 - P.D. only,05 - Turning movement,01 - Clear,01 - Daylight,05 - Packed snow,01 - Traffic signal,01 - Functioning,2,0,0,0,,0,,,,,372748.446,5032170.626,45.42616896,-75.63167457,2556
18--12547,11/21/2018,4:51 PM,LACASSE AVE @ MONTREAL RD (0009797),9797,03 - At intersection,03 - P.D. only,05 - Turning movement,03 - Snow,05 - Dusk,05 - Packed snow,01 - Traffic signal,01 - Functioning,2,0,0,0,,0,,,,,370686.6966,5033406.798,45.43748875,-75.65785372,2557
18--12548,11/21/2018,5:00 PM,RIVERSIDE DR btwn HERON RD & RIVERSIDE DR RAMP 34 (__5FDVSE),__5FDVSE,01 - Non intersection,02 - Non-fatal injury,03 - Rear end,01 - Clear,05 - Dusk,01 - Dry,10 - No control,,2,0,0,0,01 - Minimal,1,1,,,,368111.8419,5026751.778,45.37784688,-75.69161608,2558
18--12549,11/21/2018,5:08 PM,CARP RD @ HAZELDEAN RD (0000086),86,02 - Intersection related,02 - Non-fatal injury,03 - Rear end,01 - Clear,07 - Dark,06 - Ice,01 - Traffic signal,01 - Functioning,2,0,0,0,01 - Minimal,1,1,,,,348804.2832,5014360.279,45.26782338,-75.9392272,2559
18--1255,1/25/2018,3:23 PM,CARLING AVE @ IROQUOIS RD (0003145),3145,03 - At intersection,03 - P.D. only,05 - Turning movement,01 - Clear,01 - Daylight,01 - Dry,01 - Traffic signal,01 - Functioning,2,0,0,0,,0,,,,,362213.686,5026025.531,45.37182034,-75.76700336,2560
18--12550,11/21/2018,5:26 PM,HAWTHORNE RD btwn DAVIDSON RD & LEITRIM RD (__3ZBPIY),__3ZBPIY,01 - Non intersection,02 - Non-fatal injury,03 - Rear end,01 - Clear,07 - Dark,06 - Ice,10 - No control,,2,0,0,0,02 - Minor,1,,1,,,376935.0379,5022953.769,45.3428215,-75.57952701,2561
18--12551,11/21/2018,5:47 PM,AIRPORT PKWY btwn RAMP & TO BE DETERMINED (__3ZA222),__3ZA222,01 - Non intersection,03 - P.D. only,04 - Sideswipe,03 - Snow,07 - Dark,04 - Slush,10 - No control,,2,0,0,0,,0,,,,,369108.8054,5026118.799,45.37206073,-75.67897029,2562
18--12552,11/21/2018,5:55 PM,KING EDWARD AVE @ ST. PATRICK ST (0002714),2714,03 - At intersection,03 - P.D. only,05 - Turning movement,03 - Snow,07 - Dark,04 - Slush,01 - Traffic signal,01 - Functioning,2,0,0,0,,0,,,,,368248.6029,5032823.684,45.4324676,-75.68908874,2563
18--12553,11/21/2018,6:05 PM,HIGHWAY 417 btwn HWY417 IC120B RAMP36 & HWY417 IC119B RAMP76 (__3ZA2YU),__3ZA2YU,01 - Non intersection,03 - P.D. only,04 - Sideswipe,01 - Clear,07 - Dark,01 - Dry,10 - No control,,2,0,0,0,,0,,,,,367939.4104,5030119.399,45.40816333,-75.69338657,2564
18--12554,11/21/2018,6:20 AM,HIGHWAY 417 btwn HWY 417 ANDERSON IC104R61 & HWY 417 BOUNDARY IC96R16 (__3ZA2W5),__3ZA2W5,01 - Non intersection,03 - P.D. only,04 - Sideswipe,03 - Snow,07 - Dark,04 - Slush,10 - No control,,2,0,0,0,,0,,,,,385832.4798,5024383.155,45.35471066,-75.46577533,2565
18--12555,11/21/2018,6:30 AM,RUSSLAND RD btwn Continuation of RUSSLAND RD & GARLANDSIDE RD (__3ZA3KY),__3ZA3KY,01 - Non intersection,03 - P.D. only,07 - SMV other,03 - Snow,03 - Dawn,05 - Packed snow,10 - No control,,1,0,0,0,,0,,,,,400071.3876,5024230.404,45.35154649,-75.28411038,2566
18--12556,11/21/2018,6:30 PM,HIGHWAY 417 btwn HWY417 IC122 RAMP61 & HWY417 IC121B RAMP16 (__3ZA2Y4),__3ZA2Y4,01 - Non intersection,03 - P.D. only,03 - Rear end,01 - Clear,07 - Dark,01 - Dry,10 - No control,,2,0,0,0,,0,,,,,366563.7606,5029530.964,45.40299149,-75.71103267,2567
18--12557,11/21/2018,6:59 PM,BAYSHORE DR @ WOODRIDGE CRES S (0000360),360,02 - Intersection related,03 - P.D. only,03 - Rear end,05 - Drifting Snow,07 - Dark,03 - Loose snow,01 - Traffic signal,01 - Functioning,2,0,0,0,,0,,,,,359233.8058,5023509.587,45.34941969,-75.8053215,2568
18--12558,11/21/2018,7:05 AM,PARKGLEN DR @ WOODROFFE AVE (0001099),1099,02 - Intersection related,03 - P.D. only,03 - Rear end,03 - Snow,03 - Dawn,04 - Slush,02 - Stop sign,00 - Unknown,2,0,0,0,,0,,,,,362888.6579,5023126.875,45.34568289,-75.75872741,2569
18--12559,11/21/2018,7:11 PM,BLACKBURN BYPASS WB btwn NAVAN RD & INNES RD E (__3ZA3J9),__3ZA3J9,01 - Non intersection,03 - P.D. only,03 - Rear end,01 - Clear,07 - Dark,06 - Ice,10 - No control,,3,0,0,0,,0,,,,,379760.5009,5033665.945,45.43890647,-75.54185063,2570
18--1256,1/25/2018,3:35 PM,PRINCE OF WALES DR btwn FISHER AVE & NE/OT BOUNDARY (__3ZA2TZ),__3ZA2TZ,04 - At/near private drive,02 - Non-fatal injury,05 - Turning movement,01 - Clear,01 - Daylight,01 - Dry,10 - No control,,2,0,0,0,01 - Minimal,1,1,,,,367163.9459,5024012.605,45.35328543,-75.70406364,2571
18--12560,11/21/2018,7:19 AM,GREENBANK RD btwn WEST HUNT CLUB RD & FALLOWFIELD RD (__3ZA1NE),__3ZA1NE,01 - Non intersection,02 - Non-fatal injury,05 - Turning movement,03 - Snow,03 - Dawn,03 - Loose snow,10 - No control,,2,0,0,0,02 - Minor,2,,2,,,361871.2723,5019603.258,45.31406098,-75.7721155,2572
18--12561,11/21/2018,7:28 PM,BANK ST btwn CAHILL DR & TURN LANE (2) (__5AFHMD),__5AFHMD,01 - Non intersection,03 - P.D. only,04 - Sideswipe,01 - Clear,07 - Dark,01 - Dry,10 - No control,,2,0,0,0,,0,,,,,371541.4567,5024131.951,45.3539563,-75.64818439,2573
18--12562,11/21/2018,7:40 PM,HWY417 IC138 RAMP35 btwn HIGHWAY 417 & EAGLESON RD (__3ZAY6O),__3ZAY6O,01 - Non intersection,03 - P.D. only,07 - SMV other,01 - Clear,07 - Dark,06 - Ice,10 - No control,,1,0,0,0,,0,,,,,352840.3406,5020108.704,45.31928503,-75.88723935,2574