Anom_ID,Accident_Date,Accident_Time,Location,Geo_ID,Accident_Location,Classification_of_Accident,Initial_Impact_Type,Environment_Condition,Light,Road_Surface_Condition,Traffic_Control,Traffic_Control_Condition,No__of_Vehicles,No__of_Bicycles,No__of_Motorcycles,No__of_Pedestrians,Max_Injury,No__of_Injuries,No__of_Minimal,No__of_Minor,No__of_Major,No__of_Fatal,X,Y,Latitude,Longitude,ObjectId
18--12563,11/21/2018,8:00 AM,MACKAY ST @ THE MEWS LANE (0011948),11948,03 - At intersection,03 - P.D. only,02 - Angle,03 - Snow,01 - Daylight,02 - Wet,02 - Stop sign,01 - Functioning,2,0,0,0,,0,,,,,368800.881,5033716.581,45.44045122,-75.68191493,2575
18--12564,11/21/2018,8:15 AM,PRINCE OF WALES DR btwn FISHER AVE & NE/OT BOUNDARY (__3ZA2TZ),__3ZA2TZ,04 - At/near private drive,03 - P.D. only,05 - Turning movement,05 - Drifting Snow,01 - Daylight,04 - Slush,10 - No control,,2,0,0,0,,0,,,,,367160.8141,5023967.09,45.35287617,-75.70410935,2576
18--12565,11/21/2018,8:15 AM,SLATER ST btwn BANK ST & O'CONNOR ST (__3ZA35K),__3ZA35K,01 - Non intersection,03 - P.D. only,03 - Rear end,01 - Clear,01 - Daylight,02 - Wet,10 - No control,,2,0,0,0,,0,,,,,367443.1759,5031365.782,45.41942249,-75.69956698,2577
18--12566,11/21/2018,8:20 AM,LONGFIELDS DR btwn NORTH HARROW DR & WHITECHAPEL CRES (__3ZAZKF),__3ZAZKF,04 - At/near private drive,03 - P.D. only,02 - Angle,01 - Clear,01 - Daylight,02 - Wet,10 - No control,,2,0,0,0,,0,,,,,364214.4295,5015843.039,45.2800323,-75.74268408,2578
18--12567,11/21/2018,8:27 AM,ANDERSON RD btwn RUSSELL RD & HWY417 IC104 RAMP61 (__3ZA2CK),__3ZA2CK,01 - Non intersection,02 - Non-fatal injury,05 - Turning movement,03 - Snow,01 - Daylight,02 - Wet,10 - No control,,2,0,0,0,01 - Minimal,1,1,,,,379932.5577,5026247.825,45.3721448,-75.54078203,2579
18--12568,11/21/2018,8:44 AM,BAY ST @ WELLINGTON ST (0010737),10737,02 - Intersection related,03 - P.D. only,04 - Sideswipe,03 - Snow,01 - Daylight,04 - Slush,01 - Traffic signal,01 - Functioning,2,0,0,0,,0,,,,,366814.893,5031351.516,45.4193501,-75.70759598,2580
18--12569,11/21/2018,9:04 AM,HIGHWAY 417 btwn HWY417 IC134 RAMP25 & HWY417 IC131 RAMP53 (__3ZA2LE),__3ZA2LE,01 - Non intersection,03 - P.D. only,03 - Rear end,03 - Snow,01 - Daylight,02 - Wet,10 - No control,,2,0,0,0,,0,,,,,357437.8088,5022638.117,45.34171525,-75.82833296,2581
18--1257,1/25/2018,4:00 PM,INNES RD @ JEANNE D'ARC BLVD/MER BLEUE RD (0012475),12475,03 - At intersection,03 - P.D. only,05 - Turning movement,01 - Clear,01 - Daylight,01 - Dry,01 - Traffic signal,01 - Functioning,2,0,0,0,,0,,,,,382637.7539,5035567.554,45.45570115,-75.50477805,2582
18--12570,11/21/2018,9:21 AM,PINEGLADE CRES btwn ORLEANS BLVD & LONGLEAF DR (__3ZA5UZ),__3ZA5UZ,01 - Non intersection,03 - P.D. only,01 - Approaching,03 - Snow,01 - Daylight,05 - Packed snow,10 - No control,,2,0,0,0,,0,,,,,380455.1284,5034168.472,45.44335301,-75.53289587,2583
18--12571,11/21/2018,9:23 PM,CATHERINE ST @ METCALFE ST (0011239),11239,02 - Intersection related,03 - P.D. only,04 - Sideswipe,01 - Clear,07 - Dark,01 - Dry,01 - Traffic signal,01 - Functioning,2,0,0,0,,0,,,,,368393.85,5030486.665,45.41142672,-75.68753426,2584
18--12572,11/21/2018,9:26 AM,COVENTRY RD btwn ST. LAURENT SC WEST & ST. LAURENT SC EAST (__3ZA2CAB),__3ZA2CAB,01 - Non intersection,03 - P.D. only,04 - Sideswipe,01 - Clear,01 - Daylight,03 - Loose snow,10 - No control,,2,0,0,0,,0,,,,,371907.9564,5031912.965,45.42393179,-75.64244923,2585
18--12573,11/21/2018,9:34 AM,GREENBANK RD @ STRANDHERD DR (0005563),5563,03 - At intersection,03 - P.D. only,05 - Turning movement,01 - Clear,01 - Daylight,02 - Wet,01 - Traffic signal,01 - Functioning,2,0,0,0,,0,,,,,363933.6515,5014784.412,45.27053044,-75.74638875,2586
18--12574,11/22/2018,1:20 PM,VANIER PKWY/CRICHTON ST @ BEECHWOOD AVE/ST. PA (0001604),1604,03 - At intersection,03 - P.D. only,07 - SMV other,01 - Clear,01 - Daylight,01 - Dry,01 - Traffic signal,01 - Functioning,1,0,0,0,,0,,,,,369127.8224,5033487.187,45.43835722,-75.67776624,2587
18--12575,11/22/2018,1:45 PM,BURNT LANDS RD @ MARCH RD (0010824),10824,03 - At intersection,03 - P.D. only,05 - Turning movement,01 - Clear,01 - Daylight,01 - Dry,02 - Stop sign,02 - Not functioning,2,0,0,0,,0,,,,,332996.5077,5013490.686,45.26080965,-76.14071937,2588
18--12576,11/22/2018,1:48 PM,MITCH OWENS RD @ DOZOIS RD/LIMEBANK RD (0012469),12469,03 - At intersection,02 - Non-fatal injury,02 - Angle,01 - Clear,01 - Daylight,01 - Dry,01 - Traffic signal,01 - Functioning,2,0,0,0,02 - Minor,2,,2,,,371673.705,5012108.54,45.24576001,-75.64811838,2589
18--12577,11/22/2018,10:00 AM,NICHOLAS ST SB btwn Continuation of WALLER ST & HWY417 IC118 RAMP35 (__6KCDVW),__6KCDVW,01 - Non intersection,03 - P.D. only,04 - Sideswipe,01 - Clear,01 - Daylight,01 - Dry,10 - No control,,2,0,0,0,,0,,,,,368923.7944,5031380.806,45.41942353,-75.68064811,2590
18--12578,11/22/2018,10:13 AM,BERRIGAN DR btwn WESSEX RD & EDGEWARE DR (1) (__3ZAZKGA),__3ZAZKGA,04 - At/near private drive,03 - P.D. only,03 - Rear end,01 - Clear,01 - Daylight,01 - Dry,10 - No control,,2,0,0,0,,0,,,,,363802.4211,5015309.246,45.27526392,-75.74799866,2591
18--12579,11/22/2018,10:27 AM,HILDA ST @ O'MEARA ST (0005967),5967,03 - At intersection,03 - P.D. only,02 - Angle,01 - Clear,01 - Daylight,01 - Dry,02 - Stop sign,01 - Functioning,2,0,0,0,,0,,,,,365571.604,5029956.42,45.40690648,-75.72365282,2592
18--1258,1/25/2018,4:02 PM,CAHILL DR @ SOUTHGATE RD (0007024),7024,03 - At intersection,03 - P.D. only,02 - Angle,01 - Clear,01 - Daylight,02 - Wet,02 - Stop sign,01 - Functioning,2,0,0,0,,0,,,,,371428.6846,5024424.911,45.35660298,-75.64958405,2593
18--12580,11/22/2018,10:30 AM,MERIVALE RD @ EMERALD PLAZA SC (0005311),5311,02 - Intersection related,03 - P.D. only,03 - Rear end,01 - Clear,01 - Daylight,02 - Wet,01 - Traffic signal,01 - Functioning,2,0,0,0,,0,,,,,364737.3515,5024005.604,45.35343404,-75.73503171,2594
18--12581,11/22/2018,10:30 AM,MALAHAT WAY btwn ABBOTT ST    E & EGO TERR (e___2HYB),e___2HYB,01 - Non intersection,03 - P.D. only,06 - SMV unattended vehicle,01 - Clear,01 - Daylight,06 - Ice,10 - No control,,1,0,0,0,,0,,,,,352500.2965,5015963.421,45.28200795,-75.89197523,2595
18--12582,11/22/2018,10:39 AM,FALLOWFIELD RD btwn MUNSTER RD & CONLEY RD (__3ZA3EQ),__3ZA3EQ,01 - Non intersection,03 - P.D. only,07 - SMV other,01 - Clear,01 - Daylight,02 - Wet,10 - No control,,1,0,0,0,,0,,,,,349407.3971,5006987.552,45.20144256,-75.9322028,2596
18--12583,11/22/2018,10:42 PM,GRANDEUR AVE btwn CROFT ST & END (__3ZABW1),__3ZABW1,01 - Non intersection,03 - P.D. only,07 - SMV other,01 - Clear,07 - Dark,05 - Packed snow,10 - No control,,1,0,0,0,,0,,,,,359386.7212,5024812.053,45.3611274,-75.80322634,2597
18--12584,11/22/2018,10:45 PM,RIDEAU ST @ WALLER ST (0011913),11913,03 - At intersection,03 - P.D. only,02 - Angle,01 - Clear,07 - Dark,01 - Dry,01 - Traffic signal,01 - Functioning,2,0,0,0,,0,,,,,368282.7032,5032274.537,45.42752348,-75.68872375,2598
18--12585,11/22/2018,11:00 AM,BOYD AVE @ CARLING AVE (0003071),3071,02 - Intersection related,03 - P.D. only,02 - Angle,01 - Clear,01 - Daylight,01 - Dry,02 - Stop sign,01 - Functioning,2,0,0,0,,0,,,,,363383.7304,5026747.672,45.37822123,-75.75198109,2599
18--12586,11/22/2018,11:00 AM,WALKLEY RD @ GLENHAVEN PRIV (0011424),11424,03 - At intersection,03 - P.D. only,02 - Angle,01 - Clear,01 - Daylight,01 - Dry,01 - Traffic signal,01 - Functioning,2,0,0,0,,0,,,,,370213.2571,5025873.472,45.36975113,-75.66490375,2600
18--11974,11/11/2018,1:48 AM,HERON RD btwn BANK ST & EDGE HILL PL (__3ZA3AD),__3ZA3AD,01 - Non intersection,03 - P.D. only,03 - Rear end,01 - Clear,07 - Dark,01 - Dry,10 - No control,,2,0,0,0,,0,,,,,370191.8061,5026878.465,45.37879573,-75.66504451,2601
18--12587,11/22/2018,11:15 AM,CONROY RD @ WALKLEY RD (0002648),2648,02 - Intersection related,03 - P.D. only,03 - Rear end,01 - Clear,01 - Daylight,01 - Dry,01 - Traffic signal,01 - Functioning,2,0,0,0,,0,,,,,372903.7302,5027463.719,45.38380325,-75.6303405,2602
18--12588,11/22/2018,11:20 PM,THOMAS A. DOLAN PKWY btwn SECOND LINE RD & WOODKILTON RD (__3ZAC89),__3ZAC89,01 - Non intersection,03 - P.D. only,07 - SMV other,01 - Clear,07 - Dark,01 - Dry,10 - No control,,1,0,0,0,,0,,,,,341192.5804,5030477.925,45.41329132,-76.03503854,2603
18--12589,11/22/2018,11:30 AM,HUNT CLUB RD @ BRIDLE PATH DR/DAZE ST (0008214),8214,02 - Intersection related,03 - P.D. only,03 - Rear end,01 - Clear,01 - Daylight,01 - Dry,01 - Traffic signal,01 - Functioning,2,0,0,0,,0,,,,,371291.614,5023864.664,45.35157507,-75.6514087,2604
18--1259,1/25/2018,4:03 PM,CHRYSLER ST @ FOURTH AVE (0007590),7590,03 - At intersection,03 - P.D. only,02 - Angle,01 - Clear,01 - Daylight,06 - Ice,02 - Stop sign,01 - Functioning,2,0,0,0,,0,,,,,367763.6611,5029118.955,45.39917746,-75.69575931,2605
18--11791,11/7/2018,12:24 PM,RIDEAU ST btwn KING EDWARD AVE & NELSON ST (__3ZA3VG),__3ZA3VG,01 - Non intersection,02 - Non-fatal injury,99 - Other,01 - Clear,01 - Daylight,01 - Dry,10 - No control,,2,0,0,0,02 - Minor,4,,4,,,368602.2218,5032469.46,45.42924825,-75.68461563,2606
18--12590,11/22/2018,11:39 AM,ST. LAURENT BLVD btwn DUNBARTON CRT & MONTREAL RD (__3ZA3RU),__3ZA3RU,01 - Non intersection,03 - P.D. only,04 - Sideswipe,01 - Clear,01 - Daylight,01 - Dry,10 - No control,,3,0,0,0,,0,,,,,371513.3926,5033890.482,45.44176232,-75.64722272,2607
18--12591,11/22/2018,11:43 AM,KING EDWARD AVE @ LAURIER AVE (0002170),2170,02 - Intersection related,03 - P.D. only,03 - Rear end,01 - Clear,01 - Daylight,06 - Ice,01 - Traffic signal,01 - Functioning,2,0,0,0,,0,,,,,368739.6669,5032034.511,45.42532219,-75.68291575,2608
18--12592,11/22/2018,11:49 AM,HAWTHORNE RD @ HUNT CLUB RD (0007651),7651,02 - Intersection related,03 - P.D. only,03 - Rear end,01 - Clear,01 - Daylight,01 - Dry,01 - Traffic signal,01 - Functioning,2,0,0,0,,0,,,,,375507.7801,5026406.529,45.37403316,-75.59724321,2609
18--12593,11/22/2018,Unknown,STONEWAY DR btwn LEWISTON AVE & WINDHURST DR (__3ZA1A4),__3ZA1A4,01 - Non intersection,03 - P.D. only,06 - SMV unattended vehicle,01 - Clear,00 - Unknown,04 - Slush,10 - No control,,1,0,0,0,,0,,,,,366247.8235,5016132.675,45.28246364,-75.7167323,2610
18--12594,11/22/2018,Unknown,GLYNN AVE btwn EDITH AVE & LOLA ST (__3ZA8LH),__3ZA8LH,01 - Non intersection,03 - P.D. only,06 - SMV unattended vehicle,01 - Clear,00 - Unknown,05 - Packed snow,10 - No control,,1,0,0,0,,0,,,,,371007.8859,5032175.25,45.42637748,-75.65391441,2611
18--12595,11/22/2018,12:11 AM,KING EDWARD AVE @ RIDEAU ST (0002121),2121,02 - Intersection related,03 - P.D. only,03 - Rear end,01 - Clear,07 - Dark,01 - Dry,01 - Traffic signal,01 - Functioning,2,0,0,0,,0,,,,,368511.8285,5032413.48,45.4287528,-75.68577797,2612
18--12596,11/22/2018,12:15 PM,INDUSTRIAL AVE btwn TRAINYARDS DR & RUSSELL RD (__3ZA3R9),__3ZA3R9,04 - At/near private drive,03 - P.D. only,02 - Angle,01 - Clear,01 - Daylight,05 - Packed snow,10 - No control,,2,0,0,0,,0,,,,,371811.368,5030518.63,45.41139544,-75.64387298,2613
18--12597,11/22/2018,12:31 PM,JEANNE D'ARC BLVD @ OR174 IC105 RAMP52 (0012417),12417,02 - Intersection related,03 - P.D. only,03 - Rear end,01 - Clear,01 - Daylight,06 - Ice,01 - Traffic signal,00 - Unknown,2,0,0,0,,0,,,,,379455.8065,5036917.65,45.4681955,-75.54525113,2614
18--12598,11/22/2018,12:36 PM,ELGIN ST @ GILMOUR ST (0006953),6953,03 - At intersection,03 - P.D. only,02 - Angle,01 - Clear,01 - Daylight,02 - Wet,01 - Traffic signal,01 - Functioning,2,0,0,0,,0,,,,,368252.8167,5031054.916,45.41655246,-75.68926274,2615
18--12599,11/22/2018,12:37 PM,DALHOUSIE ST @ RIDEAU ST (0007646),7646,02 - Intersection related,03 - P.D. only,04 - Sideswipe,01 - Clear,01 - Daylight,01 - Dry,01 - Traffic signal,01 - Functioning,2,0,0,0,,0,,,,,368206.7378,5032227.649,45.42710849,-75.68970049,2616
18--126,1/2/2018,6:35 AM,HIGHWAY 417 btwn HWY417 IC118 RAMP57 & HWY417 IC118 RAMP35 (__3ZA2YQ),__3ZA2YQ,01 - Non intersection,03 - P.D. only,03 - Rear end,01 - Clear,07 - Dark,06 - Ice,10 - No control,,2,0,0,0,,0,,,,,369402.136,5031001.439,45.41596612,-75.6745864,2617
18--1260,1/25/2018,4:06 PM,ST. DENIS ST btwn BRADLEY AVE & STE. ANNE ST (__3ZA8YQ),__3ZA8YQ,04 - At/near private drive,03 - P.D. only,02 - Angle,01 - Clear,01 - Daylight,04 - Slush,10 - No control,,2,0,0,0,,0,,,,,370465.3404,5033774.167,45.440815,-75.66063372,2618
18--12333,11/16/2018,9:58 AM,HUNT CLUB RD btwn ESSON ST & BLOHM DR (__3ZA2F1),__3ZA2F1,01 - Non intersection,03 - P.D. only,07 - SMV other,01 - Clear,01 - Daylight,04 - Slush,10 - No control,,1,0,0,0,,0,,,,,374649.487,5025912.986,45.36967857,-75.60826986,2619
18--12608,11/22/2018,3:30 AM,FLEWELLYN RD btwn DWYER HILL RD & MUNSTER RD (__3ZAC6O),__3ZAC6O,01 - Non intersection,03 - P.D. only,07 - SMV other,02 - Rain,07 - Dark,03 - Loose snow,10 - No control,,1,0,0,0,,0,,,,,346082.261,5006010.918,45.19285685,-75.97460671,2620
18--12334,11/16/2018,9:58 AM,FINDLAY CREEK DR btwn DEVONWOOD CIRC & BANK ST (__45KVBB),__45KVBB,04 - At/near private drive,03 - P.D. only,02 - Angle,03 - Snow,01 - Daylight,04 - Slush,10 - No control,,2,0,0,0,,0,,,,,375728.7604,5020388.979,45.31986761,-75.59528518,2621
18--12609,11/22/2018,3:30 PM,LEITRIM RD @ RIVER RD (0004194),4194,03 - At intersection,03 - P.D. only,02 - Angle,01 - Clear,01 - Daylight,01 - Dry,02 - Stop sign,01 - Functioning,2,0,0,0,,0,,,,,368019.6847,5017177.467,45.29170744,-75.69401569,2622
18--12335,11/17/2018,1:00 PM,WILBROD ST btwn NELSON ST & FRIEL ST (__3ZA8ZT),__3ZA8ZT,01 - Non intersection,02 - Non-fatal injury,07 - SMV other,01 - Clear,01 - Daylight,02 - Wet,10 - No control,,1,0,0,1,02 - Minor,1,,1,,,368827.8131,5032232.093,45.42709189,-75.68176376,2623
18--1261,1/25/2018,4:30 PM,CARLING AVE @ BROADVIEW AVE (0006707),6707,03 - At intersection,03 - P.D. only,05 - Turning movement,01 - Clear,01 - Daylight,02 - Wet,01 - Traffic signal,01 - Functioning,2,0,0,0,,0,,,,,363180.6862,5026638.542,45.37725624,-75.75458631,2624
18--12336,11/17/2018,1:35 PM,LAURIER AVE @ NICHOLAS ST (0010711),10711,02 - Intersection related,03 - P.D. only,03 - Rear end,01 - Clear,01 - Daylight,01 - Dry,01 - Traffic signal,00 - Unknown,2,0,0,0,,0,,,,,368373.5078,5031798.293,45.42323015,-75.6876249,2625
18--12610,11/22/2018,3:35 PM,QUEENSBURY DR btwn DOULTON GT & GRENADIER WAY (__3ZBO8J),__3ZBO8J,04 - At/near private drive,03 - P.D. only,02 - Angle,01 - Clear,01 - Daylight,01 - Dry,10 - No control,,2,0,0,0,,0,,,,,365574.483,5016238.348,45.28347302,-75.72530155,2626
18--12337,11/17/2018,1:37 AM,KILBIRNIE DR btwn BROOKWOOD CIRC & Continuation of KILBIRNIE DR (__51NJY6),__51NJY6,01 - Non intersection,02 - Non-fatal injury,01 - Approaching,01 - Clear,07 - Dark,02 - Wet,10 - No control,,2,0,0,0,02 - Minor,1,,1,,,365721.7637,5012177.23,45.24691841,-75.72392242,2627
18--12611,11/22/2018,3:36 PM,INVERNESS AVE @ WIGAN DR (0001912),1912,03 - At intersection,03 - P.D. only,02 - Angle,01 - Clear,01 - Daylight,05 - Packed snow,03 - Yield sign,01 - Functioning,2,0,0,0,,0,,,,,365827.5959,5024604.566,45.35872937,-75.72104448,2628
18--12338,11/17/2018,10:00 PM,BAYSHORE DR btwn WOODRIDGE CRES N & BAYSHORE CS (__3ZAA4OA),__3ZAA4OA,04 - At/near private drive,03 - P.D. only,03 - Rear end,01 - Clear,07 - Dark,02 - Wet,10 - No control,,3,0,0,0,,0,,,,,359098.8402,5023832.462,45.35233539,-75.80700834,2629
18--12339,11/17/2018,10:04 AM,BASELINE RD @ NAVAHO DR (0003158),3158,02 - Intersection related,03 - P.D. only,03 - Rear end,03 - Snow,01 - Daylight,03 - Loose snow,01 - Traffic signal,01 - Functioning,2,0,0,0,,0,,,,,363085.849,5024097.814,45.35440295,-75.75609682,2630
18--12612,11/22/2018,3:40 PM,CYRVILLE RD btwn STAR TOP RD & MEADOWBROOK RD (__3ZA3SN),__3ZA3SN,04 - At/near private drive,03 - P.D. only,02 - Angle,01 - Clear,01 - Daylight,06 - Ice,10 - No control,,2,0,0,0,,0,,,,,374608.4868,5031250.213,45.41770442,-75.60803806,2631
18--1234,1/24/2018,8:48 AM,BYRON AVE @ TWEEDSMUIR AVE (0006667),6667,03 - At intersection,03 - P.D. only,02 - Angle,01 - Clear,01 - Daylight,01 - Dry,02 - Stop sign,01 - Functioning,2,0,0,0,,0,,,,,363592.3417,5028305.249,45.39221859,-75.74913217,2632
18--12613,11/22/2018,3:54 PM,CARLING AVE WB btwn MERIVALE RD & HARMER AVE S (__3ZA4UH),__3ZA4UH,04 - At/near private drive,02 - Non-fatal injury,05 - Turning movement,01 - Clear,01 - Daylight,01 - Dry,10 - No control,,2,0,0,0,02 - Minor,1,,1,,,365068.3808,5027829.459,45.38781206,-75.73034069,2633
18--12614,11/22/2018,3:56 PM,REGIONAL ROAD 174 btwn OR174 IC112 RAMP26 & OR174 IC112 RAMP61 (__3ZA2XF),__3ZA2XF,01 - Non intersection,03 - P.D. only,03 - Rear end,01 - Clear,01 - Daylight,01 - Dry,10 - No control,,2,0,0,0,,0,,,,,374816.1374,5032858.311,45.43215246,-75.60515659,2634
18--12615,11/22/2018,3:56 PM,BASELINE RD @ MERIVALE RD (0002342),2342,02 - Intersection related,02 - Non-fatal injury,03 - Rear end,01 - Clear,01 - Daylight,01 - Dry,01 - Traffic signal,01 - Functioning,3,0,0,0,01 - Minimal,2,2,,,,365054.7719,5025325.551,45.36528352,-75.73081999,2635
18--12616,11/22/2018,4:03 PM,ALBION RD @ BRIDLE PATH DR (0009630),9630,02 - Intersection related,03 - P.D. only,03 - Rear end,01 - Clear,01 - Daylight,01 - Dry,01 - Traffic signal,01 - Functioning,2,0,0,0,,0,,,,,372106.6237,5023740.522,45.35038033,-75.64102531,2636
18--12617,11/22/2018,4:11 PM,HUNT CLUB RD @ PIKE ST/MAPLE PARK PRIV (0010869),10869,02 - Intersection related,03 - P.D. only,03 - Rear end,01 - Clear,01 - Daylight,06 - Ice,01 - Traffic signal,01 - Functioning,2,0,0,0,,0,,,,,373296.6193,5025088.658,45.36239512,-75.62565341,2637
18--12618,11/22/2018,4:14 PM,WELLINGTON ST btwn KENT ST & BANK ST (__3ZA15A),__3ZA15A,01 - Non intersection,03 - P.D. only,03 - Rear end,01 - Clear,01 - Daylight,01 - Dry,10 - No control,,2,0,0,0,,0,,,,,367253.0479,5031625.592,45.42177717,-75.7019632,2638
18--12619,11/22/2018,4:30 PM,RIVERGATE WAY btwn MALHOTRA CRT & RIVERGATE WAY (__3ZA1KX),__3ZA1KX,01 - Non intersection,03 - P.D. only,03 - Rear end,01 - Clear,05 - Dusk,05 - Packed snow,10 - No control,,2,0,0,0,,0,,,,,368058.8816,5023151.88,45.34546065,-75.69275302,2639
18--1262,1/25/2018,4:44 PM,CEDARVIEW RD @ MARAVISTA DR (0000764),764,03 - At intersection,03 - P.D. only,02 - Angle,01 - Clear,05 - Dusk,01 - Dry,02 - Stop sign,01 - Functioning,2,0,0,0,,0,,,,,361665.9305,5014805.036,45.27090304,-75.77528432,2640
18--12620,11/22/2018,4:45 PM,HIGHWAY 417 btwn HWY417 IC118 RAMP57 & HWY417 IC118 RAMP35 (__3ZA2YQ),__3ZA2YQ,01 - Non intersection,03 - P.D. only,04 - Sideswipe,01 - Clear,05 - Dusk,01 - Dry,10 - No control,,2,0,0,0,,0,,,,,369327.3866,5030951.838,45.41552673,-75.67554786,2641
18--12621,11/22/2018,5:18 PM,TERON RD @ PARKWAY (THE)/PENFIELD DR S (0003447),3447,02 - Intersection related,03 - P.D. only,03 - Rear end,01 - Clear,07 - Dark,02 - Wet,01 - Traffic signal,01 - Functioning,3,0,0,0,,0,,,,,352293.7615,5020788.451,45.32543872,-75.89414545,2642
18--12622,11/22/2018,5:20 PM,SADDLE CRES btwn ESSON ST & TO BE DETERMINED (__3ZA46L),__3ZA46L,01 - Non intersection,03 - P.D. only,06 - SMV unattended vehicle,01 - Clear,07 - Dark,01 - Dry,10 - No control,,1,0,0,0,,0,,,,,374712.9569,5026053.555,45.37093702,-75.60743978,2643
18--12623,11/22/2018,5:23 AM,JOHN QUINN RD btwn COOPER HILL RD & STONE SCHOOL RD (__3ZA64I),__3ZA64I,01 - Non intersection,03 - P.D. only,07 - SMV other,01 - Clear,07 - Dark,01 - Dry,10 - No control,,1,0,0,0,,0,,,,,382841.4786,5012323.028,45.24654025,-75.50584217,2644
18--12624,11/22/2018,5:24 PM,OGILVIE RD @ ELMLEA GT/SHOPPERS CITY EAST SC (0008800),8800,03 - At intersection,03 - P.D. only,02 - Angle,01 - Clear,07 - Dark,04 - Slush,01 - Traffic signal,01 - Functioning,2,0,0,0,,0,,,,,374988.7488,5033486.534,45.43778755,-75.60286124,2645
18--12625,11/22/2018,5:25 PM,OR174 IC112 RAMP15 btwn BLAIR RD & REGIONAL ROAD 174 (__3ZAYAH),__3ZAYAH,01 - Non intersection,03 - P.D. only,03 - Rear end,01 - Clear,07 - Dark,01 - Dry,10 - No control,,3,0,0,0,,0,,,,,375082.0842,5033024.965,45.43362524,-75.60173428,2646
18--12626,11/22/2018,5:25 PM,HIGHWAY 417 btwn HWY417 IC129 RAMP51 & HWY417 IC129 RAMP35 (__3ZA2X9),__3ZA2X9,01 - Non intersection,02 - Non-fatal injury,03 - Rear end,01 - Clear,07 - Dark,01 - Dry,10 - No control,,2,0,0,0,01 - Minimal,1,1,,,,360334.1388,5023431.856,45.34863401,-75.79128897,2647
18--11792,11/7/2018,12:44 PM,RICHARDSON SIDE RD @ TERRY FOX DR (0013651),13651,03 - At intersection,02 - Non-fatal injury,05 - Turning movement,01 - Clear,01 - Daylight,02 - Wet,01 - Traffic signal,01 - Functioning,2,0,0,0,02 - Minor,5,2,3,,,348803.086,5019506.072,45.31412702,-75.93878598,2648
18--11975,11/11/2018,12:22 PM,ST. LAURENT BLVD @ MCARTHUR AVE (0008246),8246,02 - Intersection related,03 - P.D. only,03 - Rear end,01 - Clear,01 - Daylight,01 - Dry,01 - Traffic signal,01 - Functioning,2,0,0,0,,0,,,,,371921.6832,5032887.404,45.43269802,-75.64214103,2649
18--12627,11/22/2018,5:30 PM,HOLLAND AVE/TUNNEY'S PASTURE @ SCOTT ST (0006494),6494,02 - Intersection related,03 - P.D. only,04 - Sideswipe,01 - Clear,07 - Dark,05 - Packed snow,01 - Traffic signal,01 - Functioning,2,0,0,0,,0,,,,,364737.6184,5029595.332,45.4037294,-75.73434978,2650
18--12628,11/22/2018,5:30 PM,RIVERSIDE DR SB btwn RIVERSIDE DR SPLIT & DATA CENTRE RD (__3ZA3BO),__3ZA3BO,01 - Non intersection,03 - P.D. only,03 - Rear end,01 - Clear,07 - Dark,01 - Dry,10 - No control,,2,0,0,0,,0,,,,,368674.5458,5027490.384,45.38444157,-75.68433649,2651
18--12629,11/22/2018,5:34 PM,AVENUE L @ TREMBLAY RD (0002697),2697,03 - At intersection,03 - P.D. only,05 - Turning movement,01 - Clear,07 - Dark,03 - Loose snow,02 - Stop sign,00 - Unknown,2,0,0,0,,0,,,,,371495.8956,5031313.616,45.41857852,-75.64779537,2652
18--1263,1/25/2018,4:49 PM,CHARLEMAGNE BLVD btwn CANTEVAL TER & TENTH LINE RD (__3ZA5TH),__3ZA5TH,04 - At/near private drive,03 - P.D. only,02 - Angle,01 - Clear,05 - Dusk,01 - Dry,10 - No control,,2,0,0,0,,0,,,,,383665.0169,5036912.999,45.46769107,-75.49142982,2653
18--12630,11/22/2018,5:44 PM,HIGHWAY 417 btwn HWY417 IC115 RAMP36 & HWY417 IC115 RAMP26 (__3ZA2R4),__3ZA2R4,01 - Non intersection,03 - P.D. only,04 - Sideswipe,01 - Clear,07 - Dark,01 - Dry,10 - No control,,2,0,0,0,,0,,,,,372040.5877,5031475.31,45.41998123,-75.6408143,2654
18--12631,11/22/2018,6:00 PM,HIGHWAY 417 btwn HWY417 IC124 RAMP65 & HWY417 IC122 RAMP51 (__3ZA2R8),__3ZA2R8,01 - Non intersection,03 - P.D. only,03 - Rear end,01 - Clear,07 - Dark,01 - Dry,10 - No control,,3,0,0,0,,0,,,,,364886.6957,5028239.536,45.39151746,-75.73261077,2655
18--12632,11/22/2018,6:00 PM,HIGHWAY 417 btwn HWY417 IC124 RAMP65 & HWY417 IC122 RAMP51 (__3ZA2R8),__3ZA2R8,01 - Non intersection,03 - P.D. only,03 - Rear end,01 - Clear,07 - Dark,01 - Dry,10 - No control,,2,0,0,0,,0,,,,,365175.9583,5028732.966,45.39593236,-75.72885644,2656
18--12633,11/22/2018,6:05 PM,ASSALY RD @ RICHMOND RD (0002682),2682,02 - Intersection related,03 - P.D. only,03 - Rear end,01 - Clear,07 - Dark,01 - Dry,01 - Traffic signal,01 - Functioning,4,0,0,0,,0,,,,,360729.669,5025528.543,45.36746848,-75.78600447,2657