Anom_ID,Accident_Date,Accident_Time,Location,Geo_ID,Accident_Location,Classification_of_Accident,Initial_Impact_Type,Environment_Condition,Light,Road_Surface_Condition,Traffic_Control,Traffic_Control_Condition,No__of_Vehicles,No__of_Bicycles,No__of_Motorcycles,No__of_Pedestrians,Max_Injury,No__of_Injuries,No__of_Minimal,No__of_Minor,No__of_Major,No__of_Fatal,X,Y,Latitude,Longitude,ObjectId
18--12634,11/22/2018,6:08 PM,INNES RD @ JEANNE D'ARC BLVD/MER BLEUE RD (0012475),12475,03 - At intersection,03 - P.D. only,05 - Turning movement,01 - Clear,07 - Dark,01 - Dry,01 - Traffic signal,01 - Functioning,2,0,0,0,,0,,,,,382637.7191,5035567.605,45.45570161,-75.50477848,2658
18--12635,11/22/2018,6:13 PM,REGIONAL ROAD 174 btwn QUIGLEY HILL RD & CAMERON ST (__3ZA27U),__3ZA27U,01 - Non intersection,02 - Non-fatal injury,03 - Rear end,01 - Clear,07 - Dark,01 - Dry,10 - No control,,2,0,0,0,02 - Minor,1,,1,,,388458.5403,5042404.317,45.51653809,-75.42920208,2659
18--12636,11/22/2018,6:30 PM,BANK ST @ RIVERDALE AVE (0007210),7210,02 - Intersection related,03 - P.D. only,04 - Sideswipe,01 - Clear,07 - Dark,01 - Dry,01 - Traffic signal,01 - Functioning,2,0,0,0,,0,,,,,369077.4594,5028116.827,45.39004126,-75.67911032,2660
18--12637,11/22/2018,6:51 AM,BLACKBURN BYPASS WB btwn 1700 W OF NAVAN RD & INNES RD W (__3ZA3J5A),__3ZA3J5A,01 - Non intersection,03 - P.D. only,04 - Sideswipe,01 - Clear,03 - Dawn,01 - Dry,10 - No control,,2,0,0,0,,0,,,,,377346.4473,5032156.614,45.42558112,-75.57292544,2661
18--12638,11/22/2018,6:52 AM,INNES RD WB btwn INNES RD E/BLACKBURN BYPASS & ORLEANS BLVD (__3ZA1ZJ),__3ZA1ZJ,01 - Non intersection,03 - P.D. only,03 - Rear end,01 - Clear,03 - Dawn,01 - Dry,10 - No control,,2,0,0,0,,0,,,,,380243.3823,5034166.842,45.44336123,-75.5356025,2662
18--12639,11/22/2018,6:53 AM,GALETTA SIDE RD btwn STONECREST RD & TORBOLTON RIDGE RD (__3ZA4RP),__3ZA4RP,01 - Non intersection,03 - P.D. only,07 - SMV other,01 - Clear,03 - Dawn,06 - Ice,10 - No control,,1,0,0,0,,0,,,,,331090.0971,5037843.503,45.48002195,-76.16371435,2663
18--1264,1/25/2018,4:53 PM,HWY 417 VANIER IC117R63 @ VANIER PKWY (0002101),2101,02 - Intersection related,03 - P.D. only,03 - Rear end,01 - Clear,05 - Dusk,01 - Dry,01 - Traffic signal,01 - Functioning,3,0,0,0,,0,,,,,370799.7254,5031397.56,45.41939983,-75.65667844,2664
18--12640,11/22/2018,7:07 PM,HIGHWAY 7 btwn UPPER DWYER HILL RD & HIGHWAY 7 (__7JQ7LM),__7JQ7LM,01 - Non intersection,03 - P.D. only,07 - SMV other,01 - Clear,07 - Dark,01 - Dry,10 - No control,,1,0,0,0,,0,,,,,341144.3422,5007336.717,45.20505901,-76.03735201,2665
18--12641,11/22/2018,7:11 PM,BASELINE RD @ CLYDE AVE (0002343),2343,03 - At intersection,03 - P.D. only,03 - Rear end,03 - Snow,07 - Dark,04 - Slush,01 - Traffic signal,01 - Functioning,2,0,0,0,,0,,,,,364358.5795,5024890.665,45.36142998,-75.73975883,2666
18--12642,11/22/2018,7:15 AM,HUNT CLUB RD @ RIVERSIDE DR (0002237),2237,02 - Intersection related,03 - P.D. only,04 - Sideswipe,01 - Clear,01 - Daylight,01 - Dry,01 - Traffic signal,01 - Functioning,2,0,0,0,,0,,,,,368036.5237,5021945.479,45.33460772,-75.69319249,2667
18--12643,11/22/2018,7:15 PM,COLONEL BY DR btwn RIDEAU ST & MACKENZIE AVE (__3ZA8JW),__3ZA8JW,04 - At/near private drive,03 - P.D. only,02 - Angle,01 - Clear,07 - Dark,02 - Wet,10 - No control,,2,0,0,0,,0,,,,,367991.6592,5031923.73,45.42439339,-75.69248778,2668
18--12644,11/22/2018,7:18 AM,FALLOWFIELD RD btwn MUNSTER RD & CONLEY RD (__3ZA3EQ),__3ZA3EQ,01 - Non intersection,03 - P.D. only,01 - Approaching,01 - Clear,01 - Daylight,01 - Dry,10 - No control,,2,0,0,0,,0,,,,,347485.2049,5005316.676,45.18652617,-75.95681186,2669
18--12645,11/22/2018,7:35 PM,MCRAE AVE @ RICHMOND RD (0006867),6867,02 - Intersection related,02 - Non-fatal injury,05 - Turning movement,01 - Clear,07 - Dark,01 - Dry,01 - Traffic signal,01 - Functioning,2,0,0,0,02 - Minor,1,,1,,,363609.4294,5028538.495,45.39431586,-75.74888615,2670
18--12646,11/22/2018,7:44 PM,GREENBANK RD @ STRANDHERD DR (0005563),5563,02 - Intersection related,03 - P.D. only,05 - Turning movement,01 - Clear,07 - Dark,01 - Dry,01 - Traffic signal,01 - Functioning,2,0,0,0,,0,,,,,363933.5667,5014784.332,45.27052972,-75.74638984,2671
18--12647,11/22/2018,7:47 AM,SHEA RD btwn ABBOTT ST E & FERNBANK RD (__3ZAZRN),__3ZAZRN,01 - Non intersection,02 - Non-fatal injury,07 - SMV other,01 - Clear,01 - Daylight,03 - Loose snow,10 - No control,,1,0,0,0,01 - Minimal,1,1,,,,351985.1157,5013201.891,45.25719364,-75.89880415,2672
18--12648,11/22/2018,7:50 AM,GREENBANK RD @ LISA AVE (0002753),2753,02 - Intersection related,03 - P.D. only,03 - Rear end,01 - Clear,01 - Daylight,06 - Ice,01 - Traffic signal,01 - Functioning,2,0,0,0,,0,,,,,360554.5796,5022893.657,45.34377381,-75.78853665,2673
18--12649,11/22/2018,8:02 PM,ADIRONDACK DR @ WOODROFFE AVE (0005644),5644,02 - Intersection related,03 - P.D. only,03 - Rear end,01 - Clear,07 - Dark,01 - Dry,02 - Stop sign,01 - Functioning,3,0,0,0,,0,,,,,362457.9641,5024005.474,45.353624,-75.76412062,2674
18--1265,1/25/2018,5:04 PM,CONSTELLATION CRES @ BASELINE RD (0011415),11415,02 - Intersection related,03 - P.D. only,04 - Sideswipe,01 - Clear,05 - Dusk,01 - Dry,01 - Traffic signal,01 - Functioning,2,0,0,0,,0,,,,,362273.388,5023596.318,45.34995759,-75.7665237,2675
18--12650,11/22/2018,8:19 AM,PLACE D'ORLEANS DR @ PLACE D'ORLEANS SC N (0009234),9234,03 - At intersection,03 - P.D. only,02 - Angle,01 - Clear,01 - Daylight,02 - Wet,01 - Traffic signal,01 - Functioning,2,0,0,0,,0,,,,,381414.0787,5037940.267,45.47718409,-75.5200516,2676
18--12651,11/22/2018,8:29 AM,BRONSON AVE @ SUNNYSIDE AVE/UNIVERSITY RD - CA (0007209),7209,02 - Intersection related,02 - Non-fatal injury,03 - Rear end,01 - Clear,01 - Daylight,01 - Dry,01 - Traffic signal,01 - Functioning,2,0,0,0,01 - Minimal,2,2,,,,367922.6236,5028091.295,45.38991656,-75.69386055,2677
18--12652,11/22/2018,8:30 AM,FISHER AVE btwn KINTYRE PRIV & FOREST PARK AVE (__3ZA4IZ),__3ZA4IZ,01 - Non intersection,03 - P.D. only,03 - Rear end,01 - Clear,01 - Daylight,02 - Wet,10 - No control,,2,0,0,0,,0,,,,,366504.8026,5025216.253,45.36417393,-75.71232507,2678
18--12653,11/22/2018,8:30 AM,TERRY FOX DR btwn OLD SECOND LINE RD & STATEWOOD DR (__8IAYLI),__8IAYLI,01 - Non intersection,03 - P.D. only,03 - Rear end,01 - Clear,01 - Daylight,03 - Loose snow,10 - No control,,2,0,0,0,,0,,,,,348858.094,5022466.772,45.34076476,-75.93782097,2679
18--12654,11/22/2018,8:32 AM,GATESHEAD AVE @ MERSEY DR (0009128),9128,03 - At intersection,03 - P.D. only,02 - Angle,01 - Clear,01 - Daylight,05 - Packed snow,02 - Stop sign,01 - Functioning,2,0,0,0,,0,,,,,349389.448,5023672.319,45.35157899,-75.93093257,2680
18--12655,11/22/2018,8:35 AM,RUSSELL RD S @ ST. LAURENT BLVD (0007734),7734,02 - Intersection related,02 - Non-fatal injury,03 - Rear end,01 - Clear,01 - Daylight,06 - Ice,01 - Traffic signal,01 - Functioning,2,0,0,0,01 - Minimal,1,1,,,,373569.7221,5029260.655,45.3999062,-75.62158659,2681
18--12656,11/22/2018,8:40 AM,BANKFIELD RD @ HWY 416 BANKFIEL IC57R24 (0001602),1602,02 - Intersection related,03 - P.D. only,03 - Rear end,01 - Clear,01 - Daylight,01 - Dry,02 - Stop sign,01 - Functioning,2,0,0,0,,0,,,,,364911.6936,5008139.375,45.2106552,-75.73472863,2682
18--12657,11/22/2018,9:07 PM,CORLEY PRIV btwn FAIRLEA CRES & END (__3ZA5MS),__3ZA5MS,04 - At/near private drive,03 - P.D. only,02 - Angle,01 - Clear,07 - Dark,05 - Packed snow,10 - No control,,2,0,0,0,,0,,,,,371976.5788,5026606.817,45.3761827,-75.64229513,2683
18--12658,11/22/2018,9:12 AM,LESTER RD btwn ALBION RD & UPLANDS DR (__3ZA2SC),__3ZA2SC,04 - At/near private drive,03 - P.D. only,04 - Sideswipe,01 - Clear,01 - Daylight,01 - Dry,10 - No control,,2,0,0,0,,0,,,,,371480.0745,5021425.239,45.32960798,-75.64933254,2684
18--12659,11/22/2018,9:15 PM,ST. JOSEPH BLVD @ REGIONAL RD 174/TRANSITWAY (0012428),12428,02 - Intersection related,03 - P.D. only,03 - Rear end,01 - Clear,07 - Dark,01 - Dry,01 - Traffic signal,01 - Functioning,2,0,0,0,,0,,,,,376556.2853,5035056.365,45.45175278,-75.58259892,2685
18--1266,1/25/2018,5:27 AM,CROSSKEYS PL/HELENE CAMPBELL RD @ STRANDHERD DR (0015337),15337,03 - At intersection,03 - P.D. only,07 - SMV other,01 - Clear,07 - Dark,02 - Wet,01 - Traffic signal,01 - Functioning,1,0,0,0,,0,,,,,360982.3112,5014901.733,45.27182808,-75.78398493,2686
18--12660,11/22/2018,9:17 AM,ROSEBELLA AVE @ SIXTH ST (0009394),9394,03 - At intersection,03 - P.D. only,02 - Angle,01 - Clear,01 - Daylight,04 - Slush,02 - Stop sign,01 - Functioning,2,0,0,0,,0,,,,,373543.7993,5023751.525,45.35033993,-75.62268452,2687
18--12661,11/22/2018,9:33 AM,SHEA RD btwn MOORE ST & PERTH ST (__3ZACHW),__3ZACHW,01 - Non intersection,03 - P.D. only,03 - Rear end,01 - Clear,01 - Daylight,01 - Dry,10 - No control,,2,0,0,0,,0,,,,,357280.9037,5007245.455,45.20322105,-75.83196192,2688
18--12662,11/22/2018,9:35 AM,GREENBANK RD @ STRANDHERD DR (0005563),5563,03 - At intersection,03 - P.D. only,05 - Turning movement,01 - Clear,01 - Daylight,02 - Wet,01 - Traffic signal,01 - Functioning,2,0,0,0,,0,,,,,363933.5614,5014784.686,45.27053291,-75.74638987,2689
18--12663,11/22/2018,9:41 AM,INNES RD @ JEANNE D'ARC BLVD/MER BLEUE RD (0012475),12475,02 - Intersection related,03 - P.D. only,03 - Rear end,01 - Clear,01 - Daylight,01 - Dry,01 - Traffic signal,01 - Functioning,2,0,0,0,,0,,,,,382637.5378,5035567.626,45.45570182,-75.5047808,2690
18--12664,11/22/2018,9:55 PM,RICHMOND RD btwn FALLOWFIELD RD & RUSHMORE RD (__3ZAB47),__3ZAB47,01 - Non intersection,03 - P.D. only,03 - Rear end,01 - Clear,07 - Dark,01 - Dry,10 - No control,,2,0,0,0,,0,,,,,357923.0233,5013074.07,45.2556202,-75.82316664,2691
18--12665,11/23/2018,1:08 PM,CARLING AVE @ CLYDE AVE/COLE AVE (0006984),6984,03 - At intersection,02 - Non-fatal injury,07 - SMV other,01 - Clear,01 - Daylight,01 - Dry,01 - Traffic signal,01 - Functioning,1,0,0,1,02 - Minor,1,,1,,,363520.6776,5026850.774,45.37913746,-75.75022038,2692
18--12666,11/23/2018,1:20 PM,MEADOWLANDS DR btwn PRINCE OF WALES DR & DEBRA AVE (__3ZA3GTB),__3ZA3GTB,04 - At/near private drive,03 - P.D. only,02 - Angle,01 - Clear,01 - Daylight,01 - Dry,10 - No control,,2,0,0,0,,0,,,,,367357.3374,5025684.816,45.36831439,-75.70138401,2693
18--12667,11/23/2018,1:34 AM,BRONSON AVE @ COOPER ST (0005110),5110,03 - At intersection,02 - Non-fatal injury,07 - SMV other,01 - Clear,07 - Dark,02 - Wet,10 - No control,,1,0,0,0,02 - Minor,1,,1,,,366931.4437,5030560.84,45.41222549,-75.70620657,2694
18--12668,11/23/2018,10:04 AM,HIGHWAY 417 btwn HWY417 IC121A RAMP16 & HWY417 IC121A RAMP61 (__3ZA2YY),__3ZA2YY,01 - Non intersection,03 - P.D. only,03 - Rear end,01 - Clear,01 - Daylight,01 - Dry,10 - No control,,2,0,0,0,,0,,,,,367507.0611,5029868.359,45.40594341,-75.69894127,2695
18--12669,11/23/2018,10:31 AM,MADELEINE MEILLEUR PRIV @ VANIER PKWY (0013514),13514,02 - Intersection related,03 - P.D. only,03 - Rear end,01 - Clear,01 - Daylight,01 - Dry,01 - Traffic signal,01 - Functioning,2,0,0,0,,0,,,,,369654.8152,5033359.306,45.43715791,-75.67104781,2696
18--1267,1/25/2018,5:51 PM,LOGGERS WAY btwn KINGDON MINE RD & GALETTA SIDE RD (__3ZAC1V),__3ZAC1V,01 - Non intersection,03 - P.D. only,07 - SMV other,01 - Clear,07 - Dark,01 - Dry,10 - No control,,1,0,0,0,,0,,,,,324114.5786,5033610.96,45.44216361,-76.2531059,2697
18--12670,11/23/2018,10:37 PM,RIVER RD btwn KILBY LANE & WATERFRONT CRT (__3ZA38T),__3ZA38T,04 - At/near private drive,03 - P.D. only,07 - SMV other,01 - Clear,07 - Dark,01 - Dry,10 - No control,,1,0,0,0,,0,,,,,372696.7139,5006667.701,45.19670621,-75.63583009,2698
18--12671,11/23/2018,10:44 AM,ST. JOSEPH BLVD btwn ST. JEAN ST & BELCOURT BLVD (__3ZA2AP),__3ZA2AP,04 - At/near private drive,03 - P.D. only,02 - Angle,01 - Clear,01 - Daylight,01 - Dry,10 - No control,,3,0,0,0,,0,,,,,381126.996,5037303.989,45.47149083,-75.52382191,2699
18--12672,11/23/2018,11:19 AM,MCARTHUR AVE @ VANIER PKWY (0004626),4626,02 - Intersection related,02 - Non-fatal injury,03 - Rear end,01 - Clear,01 - Daylight,02 - Wet,01 - Traffic signal,01 - Functioning,2,0,0,0,01 - Minimal,1,1,,,,370218.7543,5032690.635,45.43108896,-75.66392935,2700
18--12673,11/23/2018,11:22 AM,BASELINE RD/HERON RD @ PRINCE OF WALES DR (0002345),2345,02 - Intersection related,03 - P.D. only,03 - Rear end,01 - Clear,01 - Daylight,01 - Dry,01 - Traffic signal,01 - Functioning,2,0,0,0,,0,,,,,366873.5518,5026438.617,45.37513993,-75.70746476,2701
18--12674,11/23/2018,11:30 PM,HIGHWAY 417 btwn HWY417 IC96 RAMP61 & HWY417 IC88 RAMP16 (__3ZA27Z),__3ZA27Z,01 - Non intersection,03 - P.D. only,04 - Sideswipe,01 - Clear,07 - Dark,01 - Dry,10 - No control,,2,0,0,0,,0,,,,,391980.8703,5022999.828,45.34152746,-75.38756107,2702
18--12675,11/23/2018,Unknown,MARITIME WAY btwn CANADIAN SHIELD AVE & GREAT LAKES AVE (__6REWQM),__6REWQM,01 - Non intersection,03 - P.D. only,06 - SMV unattended vehicle,01 - Clear,00 - Unknown,01 - Dry,10 - No control,,1,0,0,0,,0,,,,,351784.9821,5019527.677,45.31412823,-75.90075494,2703
18--12676,11/23/2018,Unknown,DALY AVE btwn NELSON ST & FRIEL ST (__3ZA81Y),__3ZA81Y,01 - Non intersection,03 - P.D. only,06 - SMV unattended vehicle,03 - Snow,00 - Unknown,05 - Packed snow,10 - No control,,1,0,0,0,,0,,,,,368744.9823,5032366.971,45.42831305,-75.68280466,2704
18--12677,11/23/2018,Unknown,CYMBELINE DR btwn OBERON ST & SEYTON DR (__3ZBNDI),__3ZBNDI,01 - Non intersection,03 - P.D. only,06 - SMV unattended vehicle,02 - Rain,00 - Unknown,03 - Loose snow,10 - No control,,1,0,0,0,,0,,,,,356861.7737,5020041.163,45.31839059,-75.83595588,2705
18--12678,11/23/2018,Unknown,CANYON WALK DR btwn OTTER TAIL CRES & MOUNTAIN MEADOWS CRES (__3ZAZ4S),__3ZAZ4S,01 - Non intersection,03 - P.D. only,06 - SMV unattended vehicle,01 - Clear,00 - Unknown,02 - Wet,10 - No control,,1,0,0,0,,0,,,,,368448.9211,5016403.136,45.28470136,-75.68864327,2706
18--12679,11/23/2018,12:08 PM,CARLING AVE @ MOODIE DR/JAMES CUMMINGS AVE W (0000158),158,02 - Intersection related,03 - P.D. only,03 - Rear end,01 - Clear,01 - Daylight,01 - Dry,01 - Traffic signal,01 - Functioning,2,0,0,0,,0,,,,,356001.718,5023937.339,45.35351206,-75.84652199,2707
18--1268,1/25/2018,5:57 PM,NICHOLAS ST btwn BESSERER ST & DALY AVE (__3ZA3VO),__3ZA3VO,01 - Non intersection,03 - P.D. only,04 - Sideswipe,01 - Clear,07 - Dark,01 - Dry,10 - No control,,2,0,0,0,,0,,,,,368207.8906,5032077.247,45.42575512,-75.68970512,2708
18--12680,11/23/2018,12:30 PM,HWY 417 TERRYFO IC140R61 @ TERRY FOX DR (0011777),11777,02 - Intersection related,03 - P.D. only,02 - Angle,01 - Clear,01 - Daylight,02 - Wet,01 - Traffic signal,01 - Functioning,2,0,0,0,,0,,,,,350809.6929,5018709.529,45.30683091,-75.91326905,2709
18--12681,11/23/2018,12:45 PM,STRANDHERD DR @ WOODROFFE AVE (0009688),9688,02 - Intersection related,03 - P.D. only,03 - Rear end,01 - Clear,01 - Daylight,01 - Dry,01 - Traffic signal,01 - Functioning,2,0,0,0,,0,,,,,366106.034,5015395.285,45.27584102,-75.71863058,2710
18--12682,11/23/2018,2:00 PM,INNES RD @ TENTH LINE RD (0004633),4633,02 - Intersection related,03 - P.D. only,03 - Rear end,01 - Clear,01 - Daylight,01 - Dry,01 - Traffic signal,01 - Functioning,2,0,0,0,,0,,,,,383951.7683,5036159.561,45.46087989,-75.48788457,2711
18--12683,11/23/2018,2:19 PM,KING EDWARD AVE @ LAURIER AVE (0002170),2170,02 - Intersection related,03 - P.D. only,03 - Rear end,01 - Clear,01 - Daylight,01 - Dry,01 - Traffic signal,01 - Functioning,2,0,0,0,,0,,,,,368739.779,5032034.457,45.42532169,-75.68291432,2712
18--12684,11/23/2018,2:32 PM,WOODRIDGE CRES btwn 220 W OF BAYSHORE DR/BAYSHORE SC & BAYSHORE DR (__3ZAA4NB),__3ZAA4NB,04 - At/near private drive,03 - P.D. only,02 - Angle,01 - Clear,01 - Daylight,01 - Dry,10 - No control,,2,0,0,0,,0,,,,,359138.4765,5023437.468,45.34877816,-75.80654592,2713
18--12685,11/23/2018,2:37 PM,HWY416 IC72 RAMP34 btwn HIGHWAY 416 & WEST HUNT CLUB RD (__3ZAY4D),__3ZAY4D,01 - Non intersection,03 - P.D. only,07 - SMV other,01 - Clear,01 - Daylight,01 - Dry,10 - No control,,1,0,0,0,,0,,,,,359351.0563,5019700.807,45.31513905,-75.80424505,2714
18--12686,11/23/2018,2:51 PM,RIDGEWOOD AVE @ RIVERSIDE DR (0007180),7180,02 - Intersection related,03 - P.D. only,03 - Rear end,01 - Clear,01 - Daylight,01 - Dry,01 - Traffic signal,01 - Functioning,2,0,0,0,,0,,,,,368280.4993,5025609.541,45.36755408,-75.68960964,2715
18--12687,11/23/2018,2:53 PM,HIGHWAY 7 btwn TO BE DETERMINED & RAMP (__7JQ7L1),__7JQ7L1,01 - Non intersection,03 - P.D. only,04 - Sideswipe,01 - Clear,01 - Daylight,01 - Dry,10 - No control,,2,0,0,0,,0,,,,,345786.1592,5011346.074,45.24088257,-75.97793587,2716
18--12688,11/23/2018,2:55 PM,HIGHWAY 417 btwn HWY417 IC118 RAMP76 & HWY417 IC118 RAMP67 (__3ZA2YR),__3ZA2YR,01 - Non intersection,03 - P.D. only,03 - Rear end,01 - Clear,01 - Daylight,01 - Dry,10 - No control,,2,0,0,0,,0,,,,,369722.4333,5031154.657,45.41731508,-75.67047425,2717
18--12689,11/23/2018,3:00 PM,MERIVALE RD @ EMERALD PLAZA SC (0005311),5311,02 - Intersection related,03 - P.D. only,04 - Sideswipe,01 - Clear,01 - Daylight,01 - Dry,01 - Traffic signal,01 - Functioning,2,0,0,0,,0,,,,,364737.1742,5024005.602,45.35343404,-75.73503397,2718
18--1269,1/25/2018,6:02 PM,EVE ST @ STEVENS AVE (0009298),9298,03 - At intersection,03 - P.D. only,02 - Angle,01 - Clear,07 - Dark,06 - Ice,02 - Stop sign,01 - Functioning,2,0,0,0,,0,,,,,370892.7078,5032570.584,45.42994542,-75.65533308,2719
18--12690,11/23/2018,3:01 PM,LEMIEUX ST @ ST. LAURENT BLVD (0002021),2021,02 - Intersection related,03 - P.D. only,03 - Rear end,01 - Clear,01 - Daylight,01 - Dry,01 - Traffic signal,01 - Functioning,2,0,0,0,,0,,,,,372391.5899,5031742.661,45.42235291,-75.6362931,2720
18--11976,11/11/2018,2:00 PM,GREENBANK RD @ STRANDHERD DR (0005563),5563,02 - Intersection related,03 - P.D. only,04 - Sideswipe,01 - Clear,01 - Daylight,01 - Dry,01 - Traffic signal,01 - Functioning,2,0,0,0,,0,,,,,363933.355,5014784.353,45.27052993,-75.74639254,2721
18--11793,11/7/2018,12:45 PM,AVIATION PKWY @ MONTREAL RD (0008799),8799,03 - At intersection,03 - P.D. only,05 - Turning movement,01 - Clear,01 - Daylight,01 - Dry,01 - Traffic signal,01 - Functioning,2,0,0,0,,0,,,,,372146.7162,5034108.583,45.44366397,-75.6390982,2722
18--12340,11/17/2018,10:28 AM,BROOKFIELD RD btwn KALADAR AVE & TRAVERSE DR (__3ZA9YQ),__3ZA9YQ,04 - At/near private drive,03 - P.D. only,02 - Angle,01 - Clear,01 - Daylight,01 - Dry,10 - No control,,2,0,0,0,,0,,,,,369779.3887,5026394.621,45.37448063,-75.67037358,2723
18--12341,11/17/2018,10:39 PM,BANK ST @ HUNT CLUB RD (0002119),2119,03 - At intersection,03 - P.D. only,02 - Angle,01 - Clear,07 - Dark,02 - Wet,01 - Traffic signal,01 - Functioning,2,0,0,0,,0,,,,,371608.8244,5024096.586,45.35363168,-75.64732946,2724
18--12342,11/17/2018,10:55 AM,BANK ST btwn WALKLEY RD & SURREY AVE (__3ZA4TW),__3ZA4TW,04 - At/near private drive,03 - P.D. only,02 - Angle,01 - Clear,01 - Daylight,02 - Wet,10 - No control,,2,0,0,0,,0,,,,,370339.6495,5025942.586,45.37036119,-75.66328117,2725
18--12343,11/17/2018,11:10 AM,HWY417 IC130 RAMP61 btwn HWY417 IC130 RAMP66 & RAMP (__3ZAY7M),__3ZAY7M,01 - Non intersection,03 - P.D. only,04 - Sideswipe,01 - Clear,01 - Daylight,01 - Dry,10 - No control,,2,0,0,0,,0,,,,,359458.6527,5023187.37,45.3465029,-75.80248785,2726
18--12344,11/17/2018,11:29 AM,DIAMONDVIEW RD btwn MARCH RD & MCGEE SIDE RD (__3ZBNAT),__3ZBNAT,01 - Non intersection,02 - Non-fatal injury,01 - Approaching,03 - Snow,01 - Daylight,03 - Loose snow,10 - No control,,2,0,0,0,02 - Minor,1,,1,,,342296.3597,5017721.502,45.29844631,-76.02190442,2727
18--12345,11/17/2018,11:53 PM,CARLING AVE @ KIRKWOOD AVE N (0002358),2358,03 - At intersection,03 - P.D. only,07 - SMV other,03 - Snow,07 - Dark,02 - Wet,01 - Traffic signal,01 - Functioning,1,0,0,0,,0,,,,,364275.7927,5027493.358,45.38485563,-75.74050207,2728
18--12346,11/17/2018,11:54 AM,COVENTRY RD @ LOLA ST (0007175),7175,02 - Intersection related,03 - P.D. only,04 - Sideswipe,01 - Clear,01 - Daylight,01 - Dry,01 - Traffic signal,00 - Unknown,2,0,0,0,,0,,,,,371263.9627,5031614.498,45.4213078,-75.65071797,2729
18--12347,11/17/2018,Unknown,VERBENA CRES btwn HAZELNUT CRES & HAZELNUT CRES (__727TFR),__727TFR,01 - Non intersection,03 - P.D. only,06 - SMV unattended vehicle,01 - Clear,00 - Unknown,01 - Dry,10 - No control,,1,0,0,0,,0,,,,,374105.955,5019299.889,45.31023043,-75.61613433,2730
18--12348,11/17/2018,12:15 PM,HIGHWAY 417 btwn REGIONAL ROAD 174 & HWY417 IC113 RAMP85 (__3ZA289),__3ZA289,01 - Non intersection,03 - P.D. only,04 - Sideswipe,01 - Clear,01 - Daylight,01 - Dry,10 - No control,,2,0,0,0,,0,,,,,373832.9267,5031762.13,45.42238734,-75.61787469,2731
18--12349,11/17/2018,12:23 PM,APPLE HILL DR btwn CRYSTAL RIDGE PL & FLINTHILL WAY (1) (__3ZAZGT),__3ZAZGT,04 - At/near private drive,03 - P.D. only,06 - SMV unattended vehicle,01 - Clear,01 - Daylight,04 - Slush,10 - No control,,1,0,0,0,,0,,,,,372797.6684,5024253.279,45.35492727,-75.63213661,2732
18--1235,1/24/2018,8:49 AM,NAVAHO DR @ WOODROFFE AVE/TRANSITWAY N BASELIN (0010359),10359,03 - At intersection,02 - Non-fatal injury,05 - Turning movement,01 - Clear,01 - Daylight,01 - Dry,01 - Traffic signal,01 - Functioning,2,0,0,0,02 - Minor,1,,1,,,362706.242,5023492.801,45.34899055,-75.7610122,2733
18--12350,11/17/2018,2:26 PM,DES PERES BLANCS AVE @ LAVERGNE ST (0009955),9955,03 - At intersection,03 - P.D. only,02 - Angle,01 - Clear,01 - Daylight,02 - Wet,02 - Stop sign,01 - Functioning,2,0,0,0,,0,,,,,370292.4828,5033911.67,45.44206841,-75.66282473,2734
18--12351,11/17/2018,2:35 PM,BASELINE RD @ CLYDE AVE (0002343),2343,02 - Intersection related,03 - P.D. only,04 - Sideswipe,01 - Clear,01 - Daylight,01 - Dry,01 - Traffic signal,01 - Functioning,2,0,0,0,,0,,,,,364358.8261,5024890.581,45.3614292,-75.73975569,2735
18--12352,11/17/2018,2:45 PM,ST. LAURENT BLVD btwn HWY417 IC115 RAMP26 & HWY417 IC115 RAMP51 (__3ZAZEC),__3ZAZEC,01 - Non intersection,03 - P.D. only,03 - Rear end,03 - Snow,01 - Daylight,04 - Slush,10 - No control,,2,0,0,0,,0,,,,,372501.5909,5031482.787,45.42000405,-75.63492335,2736
18--12353,11/17/2018,2:50 PM,BRIAN COBURN BLVD @ TENTH LINE RD (0013966),13966,02 - Intersection related,03 - P.D. only,03 - Rear end,01 - Clear,01 - Daylight,02 - Wet,01 - Traffic signal,01 - Functioning,2,0,0,0,,0,,,,,384428.3389,5035022.308,45.45059377,-75.48197576,2737
18--12354,11/17/2018,3:26 PM,MERIVALE RD btwn EMERALD PLAZA SC & MEADOWLANDS DR (__3ZA4HZB),__3ZA4HZB,01 - Non intersection,03 - P.D. only,03 - Rear end,01 - Clear,01 - Daylight,02 - Wet,10 - No control,,3,0,0,0,,0,,,,,364790.9277,5023881.947,45.35231681,-75.73436299,2738
18--12355,11/17/2018,3:36 PM,BEATON RD btwn INNES RD & SARSFIELD RD (__3ZA5GS),__3ZA5GS,01 - Non intersection,03 - P.D. only,07 - SMV other,01 - Clear,01 - Daylight,06 - Ice,10 - No control,,1,0,0,0,,0,,,,,392529.8197,5039703.25,45.49173708,-75.37758414,2739
18--12356,11/17/2018,3:44 PM,HUNT CLUB RD @ LORRY GREENBERG DR/SABLE RIDGE  (0008203),8203,02 - Intersection related,03 - P.D. only,03 - Rear end,01 - Clear,01 - Daylight,01 - Dry,01 - Traffic signal,01 - Functioning,2,0,0,0,,0,,,,,372823.986,5024807.752,45.35991366,-75.63172445,2740