Anom_ID,Accident_Date,Accident_Time,Location,Geo_ID,Accident_Location,Classification_of_Accident,Initial_Impact_Type,Environment_Condition,Light,Road_Surface_Condition,Traffic_Control,Traffic_Control_Condition,No__of_Vehicles,No__of_Bicycles,No__of_Motorcycles,No__of_Pedestrians,Max_Injury,No__of_Injuries,No__of_Minimal,No__of_Minor,No__of_Major,No__of_Fatal,X,Y,Latitude,Longitude,ObjectId
18--12357,11/17/2018,4:18 PM,STITTSVILLE MAIN ST @ HAZELDEAN RD (0000050),50,02 - Intersection related,03 - P.D. only,03 - Rear end,01 - Clear,01 - Daylight,01 - Dry,01 - Traffic signal,01 - Functioning,2,0,0,0,,0,,,,,349558.3426,5014878.745,45.27244114,-75.92957152,2741
18--12358,11/17/2018,4:23 PM,MERIVALE RD @ EMERALD PLAZA SC (0005311),5311,02 - Intersection related,03 - P.D. only,03 - Rear end,01 - Clear,05 - Dusk,01 - Dry,01 - Traffic signal,01 - Functioning,2,0,0,0,,0,,,,,364737.3623,5024005.543,45.35343349,-75.73503158,2742
18--12359,11/17/2018,4:29 PM,BRONSON AVE @ SUNNYSIDE AVE/UNIVERSITY RD - CA (0007209),7209,02 - Intersection related,03 - P.D. only,03 - Rear end,01 - Clear,05 - Dusk,02 - Wet,01 - Traffic signal,01 - Functioning,2,0,0,0,,0,,,,,367922.6633,5028091.49,45.38991832,-75.69386002,2743
18--1236,1/24/2018,9:31 AM,ISLAND PARK DR btwn CLEARVIEW AVE & SUNNYMEDE AVE (__3ZA230),__3ZA230,01 - Non intersection,03 - P.D. only,03 - Rear end,03 - Snow,01 - Daylight,02 - Wet,10 - No control,,2,0,0,0,,0,,,,,363583.3992,5029350.868,45.40162764,-75.74912176,2744
18--12360,11/17/2018,5:00 PM,BELCOURT BLVD @ INNES RD (0004202),4202,02 - Intersection related,03 - P.D. only,04 - Sideswipe,01 - Clear,05 - Dusk,01 - Dry,01 - Traffic signal,00 - Unknown,2,0,0,0,,0,,,,,382121.6935,5035266.592,45.45305064,-75.51142264,2745
18--12361,11/17/2018,5:13 PM,ALTA VISTA DR @ SMYTH RD (0011353),11353,03 - At intersection,03 - P.D. only,05 - Turning movement,01 - Clear,05 - Dusk,02 - Wet,01 - Traffic signal,01 - Functioning,2,0,0,0,,0,,,,,370432.532,5029081.604,45.39859629,-75.66167814,2746
18--12362,11/17/2018,5:25 PM,STITTSVILLE MAIN ST @ HAZELDEAN RD (0000050),50,03 - At intersection,03 - P.D. only,05 - Turning movement,01 - Clear,07 - Dark,02 - Wet,01 - Traffic signal,01 - Functioning,2,0,0,0,,0,,,,,349558.3232,5014878.699,45.27244073,-75.92957177,2747
18--12363,11/17/2018,5:40 PM,KING EDWARD AVE @ RIDEAU ST (0002121),2121,02 - Intersection related,03 - P.D. only,04 - Sideswipe,01 - Clear,07 - Dark,02 - Wet,01 - Traffic signal,01 - Functioning,2,0,0,0,,0,,,,,368511.8093,5032413.589,45.42875378,-75.6857782,2748
18--12364,11/17/2018,5:52 PM,HIGHWAY 417 btwn HWY417 IC121A RAMP16 & HWY417 IC121A RAMP61 (__3ZA2YY),__3ZA2YY,01 - Non intersection,03 - P.D. only,03 - Rear end,01 - Clear,07 - Dark,01 - Dry,10 - No control,,2,0,0,0,,0,,,,,367161.5398,5029719.182,45.40463203,-75.70337361,2749
18--12365,11/17/2018,6:20 PM,HIGHWAY 417 btwn HWY417 IC122 RAMP16 & HWY417 IC122 RAMP61 (__3ZA2RA),__3ZA2RA,01 - Non intersection,03 - P.D. only,03 - Rear end,01 - Clear,07 - Dark,01 - Dry,10 - No control,,3,0,0,0,,0,,,,,365222.3094,5028812.273,45.39664195,-75.72825477,2750
18--12366,11/17/2018,6:30 PM,GLADSTONE AVE btwn LORETTA AVE N & PRESTON ST (__3ZA31H),__3ZA31H,01 - Non intersection,03 - P.D. only,04 - Sideswipe,01 - Clear,07 - Dark,02 - Wet,10 - No control,,2,0,0,0,,0,,,,,366413.0346,5029680.164,45.40434724,-75.71293922,2751
18--12367,11/17/2018,6:30 PM,HIGHWAY 417 btwn HWY417 IC126 RAMP61 & HWY417 IC124 RAMP76 (__3ZA2Y2),__3ZA2Y2,01 - Non intersection,03 - P.D. only,04 - Sideswipe,01 - Clear,07 - Dark,01 - Dry,10 - No control,,2,0,0,0,,0,,,,,364047.5571,5027038.27,45.38078017,-75.74347097,2752
18--12368,11/17/2018,6:45 PM,HIGHWAY 417 btwn HWY417 IC122 RAMP16 & HWY417 IC122 RAMP61 (__3ZA2RA),__3ZA2RA,01 - Non intersection,03 - P.D. only,03 - Rear end,01 - Clear,07 - Dark,01 - Dry,10 - No control,,2,0,0,0,,0,,,,,365605.5468,5029080.604,45.39902315,-75.72332724,2753
18--12369,11/17/2018,6:58 PM,8TH LINE RD btwn FOREST GREEN CRES & PANA RD (__3ZA20Z),__3ZA20Z,01 - Non intersection,03 - P.D. only,07 - SMV other,01 - Clear,07 - Dark,01 - Dry,10 - No control,,1,0,0,0,,0,,,,,384720.6365,5013105.38,45.25336852,-75.48178185,2754
18--1237,1/24/2018,9:42 AM,HAWTHORNE RD btwn RUSSELL RD & AGES DR (__3ZA1LV),__3ZA1LV,04 - At/near private drive,03 - P.D. only,02 - Angle,01 - Clear,01 - Daylight,01 - Dry,10 - No control,,2,0,0,0,,0,,,,,374922.9987,5027836.558,45.38695865,-75.60450534,2755
18--12370,11/17/2018,7:01 PM,HUNT CLUB RD btwn RAMP & TRANSIT (__3ZA36M),__3ZA36M,01 - Non intersection,03 - P.D. only,03 - Rear end,01 - Clear,07 - Dark,01 - Dry,10 - No control,,2,0,0,0,,0,,,,,371110.9535,5023758.271,45.35063488,-75.65372838,2756
18--11794,11/7/2018,2:14 PM,LEMIEUX ST @ ST. LAURENT BLVD (0002021),2021,03 - At intersection,03 - P.D. only,02 - Angle,01 - Clear,01 - Daylight,01 - Dry,01 - Traffic signal,01 - Functioning,2,0,0,0,,0,,,,,372391.7254,5031742.564,45.42235202,-75.63629138,2757
18--11977,11/11/2018,2:34 PM,ST. LAURENT BLVD @ COVENTRY RD/OGILVIE RD (0002151),2151,03 - At intersection,02 - Non-fatal injury,02 - Angle,01 - Clear,01 - Daylight,01 - Dry,01 - Traffic signal,01 - Functioning,3,0,0,0,02 - Minor,1,,1,,,372306.063,5031951.946,45.42424422,-75.63735719,2758
18--12371,11/17/2018,8:00 PM,ALBION RD @ BANK ST (0012409),12409,02 - Intersection related,03 - P.D. only,03 - Rear end,01 - Clear,07 - Dark,02 - Wet,01 - Traffic signal,01 - Functioning,2,0,0,0,,0,,,,,371946.7069,5024129.593,45.35389639,-75.64301312,2759
18--12372,11/17/2018,8:12 PM,GREENBANK RD btwn JOCKVALE RD & CAMBRIAN RD (__3ZA2WE),__3ZA2WE,01 - Non intersection,03 - P.D. only,07 - SMV other,03 - Snow,07 - Dark,03 - Loose snow,10 - No control,,1,0,0,0,,0,,,,,364371.5192,5013401.669,45.25805154,-75.74097479,2760
18--12373,11/17/2018,8:50 AM,SEYTON DR btwn CYMBELINE DR & LOVELL LANE (__3ZABFQ),__3ZABFQ,01 - Non intersection,03 - P.D. only,06 - SMV unattended vehicle,03 - Snow,01 - Daylight,04 - Slush,10 - No control,,1,0,0,0,,0,,,,,357041.0696,5019938.045,45.31744941,-75.83368001,2761
18--12374,11/17/2018,9:02 PM,WOODROFFE AVE @ KNOXDALE RD/MEDHURST DR (0000519),519,02 - Intersection related,03 - P.D. only,03 - Rear end,01 - Clear,07 - Dark,01 - Dry,01 - Traffic signal,01 - Functioning,2,0,0,0,,0,,,,,363419.5825,5021826.663,45.33393951,-75.75210688,2762
18--12375,11/17/2018,9:05 PM,HIGHWAY 417 btwn HWY417 IC129 RAMP25 & HWY417 IC129 RAMP35 (__3ZAYFR),__3ZAYFR,01 - Non intersection,03 - P.D. only,04 - Sideswipe,01 - Clear,07 - Dark,01 - Dry,10 - No control,,2,0,0,0,,0,,,,,360794.121,5023789.599,45.35181639,-75.78537875,2763
18--12376,11/18/2018,1:00 PM,KING EDWARD AVE @ MURRAY ST (0002713),2713,02 - Intersection related,03 - P.D. only,03 - Rear end,01 - Clear,01 - Daylight,01 - Dry,01 - Traffic signal,01 - Functioning,3,0,0,0,,0,,,,,368291.6306,5032753.65,45.43183355,-75.6885479,2764
18--12377,11/18/2018,1:10 AM,MANN AVE btwn TURN LANE & RUSSELL AVE (__3ZBOFH),__3ZBOFH,01 - Non intersection,03 - P.D. only,06 - SMV unattended vehicle,01 - Clear,07 - Dark,01 - Dry,10 - No control,,1,0,0,0,,0,,,,,369253.3697,5031375.829,45.41934847,-75.676438,2765
18--12378,11/18/2018,1:25 AM,ROBERTSON RD btwn HAZELDEAN RD & HAANEL DR (__3ZA41S),__3ZA41S,01 - Non intersection,03 - P.D. only,07 - SMV other,01 - Clear,07 - Dark,01 - Dry,10 - No control,,1,0,0,0,,0,,,,,354953.2943,5019181.135,45.31079084,-75.86038391,2766
18--12379,11/18/2018,10:23 AM,GREENBANK RD @ KILBIRNIE DR (0013622),13622,03 - At intersection,03 - P.D. only,02 - Angle,01 - Clear,01 - Daylight,01 - Dry,02 - Stop sign,01 - Functioning,2,0,0,0,,0,,,,,365285.2559,5011656.861,45.24227377,-75.72954585,2767
18--1238,1/24/2018,9:45 AM,ASHTON STATION RD @ COPELAND RD (0005443),5443,03 - At intersection,02 - Non-fatal injury,02 - Angle,01 - Clear,01 - Daylight,06 - Ice,02 - Stop sign,01 - Functioning,2,0,0,0,02 - Minor,1,,1,,,345200.5059,4997747.382,45.11854752,-75.98649651,2768
18--12380,11/18/2018,11:00 AM,ARGYLE AVE @ O'CONNOR ST (0007254),7254,02 - Intersection related,03 - P.D. only,04 - Sideswipe,01 - Clear,01 - Daylight,01 - Dry,01 - Traffic signal,01 - Functioning,2,0,0,0,,0,,,,,368184.8317,5030485.909,45.41143888,-75.69020447,2769
18--12381,11/18/2018,11:00 AM,KENASTON ST btwn LOUIS LANE & MARCHAND ST (__3ZA7XE),__3ZA7XE,04 - At/near private drive,03 - P.D. only,07 - SMV other,01 - Clear,01 - Daylight,03 - Loose snow,10 - No control,,1,0,0,0,,0,,,,,373133.3121,5031187.188,45.41728297,-75.62689328,2770
18--12382,11/18/2018,2:00 PM,MULKINS ST N @ STITTSVILLE MAIN ST (0000006),6,03 - At intersection,03 - P.D. only,03 - Rear end,01 - Clear,01 - Daylight,06 - Ice,02 - Stop sign,00 - Unknown,2,0,0,0,,0,,,,,349902.623,5013759.388,45.26234678,-75.92528567,2771
18--12383,11/18/2018,3:33 PM,CAVAN ST @ LAPERRIERE AVE (0006732),6732,03 - At intersection,02 - Non-fatal injury,02 - Angle,01 - Clear,01 - Daylight,02 - Wet,02 - Stop sign,01 - Functioning,2,0,0,0,02 - Minor,1,,1,,,364391.4737,5026880.606,45.37933236,-75.73909893,2772
18--12384,11/18/2018,3:35 PM,LEIGHTON TER @ RICHMOND RD (0002037),2037,02 - Intersection related,03 - P.D. only,04 - Sideswipe,01 - Clear,01 - Daylight,03 - Loose snow,02 - Stop sign,00 - Unknown,2,0,0,0,,0,,,,,364061.5788,5028822.526,45.3968334,-75.74307768,2773
18--12385,11/18/2018,4:48 PM,MEADOWLANDS DR/TALLWOOD DR @ WOODROFFE AVE (0000095),95,03 - At intersection,03 - P.D. only,05 - Turning movement,01 - Clear,05 - Dusk,01 - Dry,01 - Traffic signal,01 - Functioning,2,0,0,0,,0,,,,,363056.4647,5022730.723,45.34210443,-75.75663286,2774
18--12386,11/18/2018,5:00 PM,HIGHWAY 417 btwn HWY417 IC122 RAMP16 & HWY417 IC122 RAMP61 (__3ZA2RA),__3ZA2RA,01 - Non intersection,03 - P.D. only,03 - Rear end,01 - Clear,07 - Dark,01 - Dry,10 - No control,,3,0,0,0,,0,,,,,365633.0408,5029099.705,45.39919263,-75.72297373,2775
18--12387,11/18/2018,5:11 PM,GEORGE ST @ DALHOUSIE ST (0008516),8516,02 - Intersection related,03 - P.D. only,04 - Sideswipe,01 - Clear,07 - Dark,01 - Dry,01 - Traffic signal,01 - Functioning,2,0,0,0,,0,,,,,368157.8177,5032315.605,45.42790432,-75.69031428,2776
18--12388,11/18/2018,5:24 PM,LEITRIM RD btwn HAWTHORNE RD & RAMSAYVILLE RD (__3ZA2B0),__3ZA2B0,01 - Non intersection,03 - P.D. only,07 - SMV other,01 - Clear,07 - Dark,01 - Dry,10 - No control,,1,0,0,0,,0,,,,,378750.0721,5023707.993,45.34941861,-75.55625678,2777
18--12389,11/18/2018,5:25 PM,HIGHWAY 417 btwn HWY417 IC122 RAMP15 & HWY417 IC121B RAMP51 (__3ZA2RB),__3ZA2RB,01 - Non intersection,02 - Non-fatal injury,03 - Rear end,01 - Clear,07 - Dark,01 - Dry,10 - No control,,3,0,0,0,01 - Minimal,1,1,,,,365993.5522,5029280.829,45.40079092,-75.71834684,2778
18--1239,1/24/2018,9:47 PM,TRIM RD @ DAIRY DR/TAYLOR CREEK DR (0012921),12921,02 - Intersection related,03 - P.D. only,02 - Angle,01 - Clear,07 - Dark,01 - Dry,11 - Roundabout,01 - Functioning,2,0,0,0,,0,,,,,384533.3088,5039595.391,45.49172608,-75.47989193,2779
18--12390,11/18/2018,6:11 PM,JEANNE D'ARC BLVD @ ORLEANS BLVD N (0003792),3792,03 - At intersection,02 - Non-fatal injury,05 - Turning movement,01 - Clear,07 - Dark,01 - Dry,01 - Traffic signal,01 - Functioning,2,0,0,0,02 - Minor,2,,2,,,380028.5788,5038105.327,45.47881982,-75.53774531,2780
18--12391,11/18/2018,6:30 PM,PARKDALE AVE @ SCOTT ST (0002213),2213,02 - Intersection related,03 - P.D. only,03 - Rear end,01 - Clear,07 - Dark,01 - Dry,01 - Traffic signal,01 - Functioning,2,0,0,0,,0,,,,,364949.4987,5029726.643,45.40489274,-75.73162742,2781
18--12392,11/18/2018,6:55 PM,FLEWELLYN RD btwn DWYER HILL RD & MUNSTER RD (__3ZAC6O),__3ZAC6O,01 - Non intersection,03 - P.D. only,07 - SMV other,01 - Clear,07 - Dark,01 - Dry,10 - No control,,1,0,0,0,,0,,,,,345807.7084,5005767.32,45.19068084,-75.97812079,2782
18--12393,11/18/2018,7:05 PM,BRONSON AVE @ HWY 417 BRONSON IC121AR51 (0002693),2693,02 - Intersection related,02 - Non-fatal injury,03 - Rear end,01 - Clear,07 - Dark,02 - Wet,01 - Traffic signal,01 - Functioning,2,0,0,0,01 - Minimal,2,2,,,,367288.7913,5029710.385,45.40454153,-75.70174933,2783
18--12394,11/18/2018,7:28 AM,KING EDWARD AVE @ OSGOODE ST/THOMAS MORE PRIV (0007750),7750,03 - At intersection,02 - Non-fatal injury,01 - Approaching,01 - Clear,01 - Daylight,02 - Wet,01 - Traffic signal,01 - Functioning,2,0,0,0,01 - Minimal,1,1,,,,368849.4777,5031852.545,45.42367488,-75.68153628,2784
18--12395,11/18/2018,7:35 AM,HIGHWAY 417 btwn HWY417 IC155 RAMP25 & RAMP (__3ZAZN1),__3ZAZN1,01 - Non intersection,02 - Non-fatal injury,07 - SMV other,01 - Clear,01 - Daylight,01 - Dry,10 - No control,,1,0,0,0,02 - Minor,1,,1,,,342719.9513,5017160.305,45.29337367,-76.01654654,2785
18--12396,11/18/2018,8:47 PM,HAWTHORNE AVE @ MAIN ST (0006919),6919,03 - At intersection,03 - P.D. only,05 - Turning movement,01 - Clear,07 - Dark,01 - Dry,01 - Traffic signal,01 - Functioning,2,0,0,0,,0,,,,,368970.8466,5030632.636,45.41268745,-75.68014438,2786
18--12397,11/19/2018,1:15 PM,MALOJA WAY btwn CAMPOBELLO DR & MILBANK LANE (__7JQ6E3),__7JQ6E3,01 - Non intersection,03 - P.D. only,06 - SMV unattended vehicle,01 - Clear,01 - Daylight,04 - Slush,10 - No control,,1,0,0,0,,0,,,,,349740.11,5016605.123,45.28796407,-75.92709876,2787
18--12398,11/19/2018,1:22 PM,HIGHWAY 417 btwn HWY417 IC129 RAMP61 & TRANSIT (__3ZA2SI),__3ZA2SI,01 - Non intersection,03 - P.D. only,03 - Rear end,01 - Clear,01 - Daylight,01 - Dry,10 - No control,,4,0,0,0,,0,,,,,361381.6355,5024277.951,45.3561634,-75.77782534,2788
18--12399,11/19/2018,1:26 PM,OTTAWA RIVER PKWY @ ISLAND PARK DR (0002127),2127,02 - Intersection related,03 - P.D. only,03 - Rear end,01 - Clear,01 - Daylight,02 - Wet,01 - Traffic signal,01 - Functioning,2,0,0,0,,0,,,,,363299.2651,5029453.669,45.40257642,-75.75273869,2789
18--124,1/2/2018,6:28 PM,FALLOWFIELD RD btwn EAGLESON RD & RICHMOND RD (__3ZA4Y2),__3ZA4Y2,01 - Non intersection,03 - P.D. only,01 - Approaching,03 - Snow,07 - Dark,03 - Loose snow,10 - No control,,2,0,0,0,,0,,,,,357286.2824,5013275.279,45.2574785,-75.83125747,2790
18--1240,1/25/2018,1:07 PM,HWY417 IC118 RAMP76 btwn HIGHWAY 417 & HWY417 IC118 RAMP43 (__3ZAY9N),__3ZAY9N,01 - Non intersection,03 - P.D. only,07 - SMV other,01 - Clear,01 - Daylight,01 - Dry,10 - No control,,1,0,0,0,,0,,,,,369382.7465,5031051.911,45.41642204,-75.6748275,2791
18--12400,11/19/2018,1:45 PM,HIGHWAY 417 btwn HWY417 IC127 RAMP67 & HWY417 IC126 RAMP16 (__3ZA2X0),__3ZA2X0,01 - Non intersection,03 - P.D. only,03 - Rear end,01 - Clear,01 - Daylight,01 - Dry,10 - No control,,2,0,0,0,,0,,,,,362507.7044,5025152.518,45.36394091,-75.76335193,2792
18--12401,11/19/2018,10:10 AM,CUMBERLAND ST @ ST. PATRICK ST (0008238),8238,02 - Intersection related,03 - P.D. only,04 - Sideswipe,01 - Clear,01 - Daylight,02 - Wet,01 - Traffic signal,01 - Functioning,2,0,0,0,,0,,,,,368128.5601,5032748.71,45.43180389,-75.69063245,2793
18--12402,11/19/2018,10:15 AM,ARMSTRONG ST @ MERTON ST (0006546),6546,03 - At intersection,03 - P.D. only,02 - Angle,01 - Clear,01 - Daylight,02 - Wet,02 - Stop sign,01 - Functioning,2,0,0,0,,0,,,,,365452.9542,5029674.748,45.40438235,-75.72520306,2794
18--12403,11/19/2018,10:34 AM,ROSEHILL AVE @ HUNTMAR DR (0010609),10609,03 - At intersection,02 - Non-fatal injury,03 - Rear end,01 - Clear,01 - Daylight,02 - Wet,11 - Roundabout,00 - Unknown,2,0,0,0,01 - Minimal,1,1,,,,350500.4392,5016458.374,45.28659455,-75.91742002,2795
18--12404,11/19/2018,11:00 AM,BURNTWOOD AVE btwn NOTTINGHAM CRT & QUEENSBURY DR (__3ZA6K6),__3ZA6K6,04 - At/near private drive,03 - P.D. only,06 - SMV unattended vehicle,03 - Snow,01 - Daylight,06 - Ice,10 - No control,,1,0,0,0,,0,,,,,365279.703,5016309.142,45.28413544,-75.72905017,2796
18--12405,11/19/2018,11:20 AM,RIDGEWOOD AVE @ RIVERSIDE DR (0007180),7180,02 - Intersection related,03 - P.D. only,03 - Rear end,01 - Clear,01 - Daylight,04 - Slush,01 - Traffic signal,01 - Functioning,2,0,0,0,,0,,,,,368280.607,5025609.529,45.36755396,-75.68960827,2797
18--12406,11/19/2018,11:35 AM,HIGHWAY 7 btwn HAZELDEAN IC RAMP 53 & HIGHWAY 7 (__7JQ7LK),__7JQ7LK,01 - Non intersection,03 - P.D. only,07 - SMV other,01 - Clear,01 - Daylight,02 - Wet,10 - No control,,1,0,0,0,,0,,,,,342358.278,5008431.156,45.21484377,-76.02181714,2798
18--12407,11/19/2018,11:39 AM,CARLING AVE @ MERIVALE RD (0002148),2148,02 - Intersection related,03 - P.D. only,05 - Turning movement,01 - Clear,01 - Daylight,02 - Wet,01 - Traffic signal,01 - Functioning,2,0,0,0,,0,,,,,364894.6084,5027700.635,45.38666785,-75.73257535,2799
18--12408,11/19/2018,11:39 AM,CITY PARK DR btwn AMBASSADOR AVE & OGILVIE RD (__3ZA4B7),__3ZA4B7,01 - Non intersection,03 - P.D. only,04 - Sideswipe,01 - Clear,01 - Daylight,02 - Wet,10 - No control,,2,0,0,0,,0,,,,,374246.329,5032883.759,45.43243824,-75.61243458,2800
18--12409,11/19/2018,Unknown,CAMBRIDGE ST    N btwn CHRISTIE ST & GLADSTONE AVE (__3ZA0VQ),__3ZA0VQ,01 - Non intersection,03 - P.D. only,06 - SMV unattended vehicle,03 - Snow,00 - Unknown,04 - Slush,10 - No control,,1,0,0,0,,0,,,,,367006.6333,5030176.278,45.40875863,-75.70529457,2801
18--1241,1/25/2018,1:27 PM,BRIDGE ST/MAPLE AVE @ MANOTICK MAIN ST (0008225),8225,03 - At intersection,03 - P.D. only,05 - Turning movement,01 - Clear,01 - Daylight,01 - Dry,01 - Traffic signal,01 - Functioning,2,0,0,0,,0,,,,,368699.7026,5009932.389,45.2264554,-75.68627879,2802
18--12410,11/19/2018,Unknown,AVE. DU PERE CHARLEBOIS AVE btwn DONALD ST & AVE. MONSEIGNEUR LEMIEUX  (__3ZA8ZV),__3ZA8ZV,01 - Non intersection,03 - P.D. only,06 - SMV unattended vehicle,01 - Clear,00 - Unknown,04 - Slush,10 - No control,,1,0,0,0,,0,,,,,371181.5403,5032347.872,45.4279142,-75.65167222,2803
18--12411,11/19/2018,12:03 PM,INNES RD @ ORCHARDVIEW AVE/ESPRIT DR (0012279),12279,03 - At intersection,03 - P.D. only,02 - Angle,"07 - Fog, mist, smoke, dust",01 - Daylight,02 - Wet,01 - Traffic signal,01 - Functioning,2,0,0,0,,0,,,,,384844.8451,5036560.611,45.46438641,-75.4764013,2804
18--12412,11/19/2018,12:45 PM,MAY ST btwn MCARTHUR AVE & STRABY AVE (__3ZA7BT),__3ZA7BT,01 - Non intersection,03 - P.D. only,06 - SMV unattended vehicle,01 - Clear,01 - Daylight,01 - Dry,10 - No control,,1,0,0,0,,0,,,,,371689.8708,5032848.179,45.43236731,-75.64510874,2805
18--12413,11/19/2018,12:53 PM,YORK ST btwn WILLIAM ST & DALHOUSIE ST (__3ZA817),__3ZA817,01 - Non intersection,03 - P.D. only,04 - Sideswipe,01 - Clear,01 - Daylight,02 - Wet,10 - No control,,2,0,0,0,,0,,,,,368044.1328,5032388.032,45.42856628,-75.69175768,2806
18--12414,11/19/2018,12:58 PM,BAY ST @ SPARKS ST (0005128),5128,02 - Intersection related,03 - P.D. only,05 - Turning movement,01 - Clear,01 - Daylight,02 - Wet,01 - Traffic signal,01 - Functioning,2,0,0,0,,0,,,,,366856.5897,5031279.607,45.41869939,-75.70707231,2807
18--12415,11/19/2018,3:04 PM,BANK ST btwn COOPER ST & SOMERSET ST W (__3ZA3RT),__3ZA3RT,01 - Non intersection,03 - P.D. only,04 - Sideswipe,03 - Snow,01 - Daylight,03 - Loose snow,10 - No control,,2,0,0,0,,0,,,,,367649.6496,5030988.949,45.41601335,-75.69697706,2808
18--12416,11/19/2018,3:15 PM,ALFRED ST @ MONTREAL RD (0009799),9799,03 - At intersection,03 - P.D. only,03 - Rear end,01 - Clear,01 - Daylight,01 - Dry,02 - Stop sign,01 - Functioning,2,0,0,0,,0,,,,,370944.555,5033530.432,45.43857681,-75.65454159,2809
18--12417,11/19/2018,3:15 PM,HIGHWAY 417 btwn HWY417 IC124 RAMP67 & HWY417 IC123 RAMP62 (__3ZA2YZ),__3ZA2YZ,01 - Non intersection,03 - P.D. only,03 - Rear end,01 - Clear,01 - Daylight,01 - Dry,10 - No control,,3,0,0,0,,0,,,,,364710.8343,5027946.468,45.38889555,-75.73489214,2810
18--12418,11/19/2018,3:40 PM,BASELINE RD @ LOBLAWS SC (0009097),9097,03 - At intersection,03 - P.D. only,05 - Turning movement,01 - Clear,01 - Daylight,02 - Wet,01 - Traffic signal,01 - Functioning,2,0,0,0,,0,,,,,364742.9096,5025129.389,45.36354522,-75.7348245,2811
18--12419,11/19/2018,3:49 PM,BANK ST @ HERON RD (0002155),2155,02 - Intersection related,03 - P.D. only,03 - Rear end,03 - Snow,01 - Daylight,02 - Wet,01 - Traffic signal,01 - Functioning,3,0,0,0,,0,,,,,369995.8057,5026851.402,45.3785705,-75.66755045,2812
18--1242,1/25/2018,10:00 AM,NORTHSIDE RD W @ RICHMOND RD (0010416),10416,02 - Intersection related,03 - P.D. only,04 - Sideswipe,01 - Clear,01 - Daylight,01 - Dry,10 - No control,,3,0,0,0,,0,,,,,358175.6601,5021108.484,45.32789577,-75.81908349,2813
18--11978,11/11/2018,2:40 PM,HIGHWAY 417 btwn HWY417 IC123 RAMP62 & HWY417 IC122 RAMP16 (__3ZA2R9),__3ZA2R9,01 - Non intersection,02 - Non-fatal injury,03 - Rear end,01 - Clear,01 - Daylight,01 - Dry,10 - No control,,2,0,0,0,01 - Minimal,1,1,,,,364916.3138,5028327.083,45.39230265,-75.73222187,2814
18--11979,11/11/2018,3:14 AM,LEMOINE ST @ LEVIS AVE (0009988),9988,02 - Intersection related,02 - Non-fatal injury,07 - SMV other,01 - Clear,07 - Dark,01 - Dry,02 - Stop sign,00 - Unknown,1,0,0,0,03 - Major,3,,1,2,,371138.7175,5033259.592,45.43612152,-75.65209658,2815
18--1198,1/24/2018,11:05 AM,KING EDWARD AVE @ RIDEAU ST (0002121),2121,02 - Intersection related,03 - P.D. only,03 - Rear end,01 - Clear,01 - Daylight,06 - Ice,01 - Traffic signal,01 - Functioning,3,0,0,0,,0,,,,,368511.7066,5032413.59,45.4287538,-75.68577951,2816
18--11980,11/11/2018,3:25 PM,MONTREAL RD/HANNAH ST @ CODY AVE (0009349),9349,02 - Intersection related,03 - P.D. only,03 - Rear end,01 - Clear,01 - Daylight,01 - Dry,01 - Traffic signal,01 - Functioning,2,0,0,0,,0,,,,,370254.4015,5033169.701,45.43539605,-75.66341013,2817
18--11981,11/11/2018,3:41 PM,INDUSTRIAL AVE @ ALTA VISTA DR/SANDFORD FLEMIN (0006979),6979,02 - Intersection related,03 - P.D. only,03 - Rear end,01 - Clear,01 - Daylight,01 - Dry,01 - Traffic signal,01 - Functioning,2,0,0,0,,0,,,,,370884.6856,5030557.537,45.41183363,-75.65570561,2818
18--11982,11/11/2018,5:14 PM,RICHARDSON SIDE RD btwn SPRUCE RIDGE RD & WILDMEADOW CIRC (__4KGCD7),__4KGCD7,01 - Non intersection,03 - P.D. only,07 - SMV other,01 - Clear,07 - Dark,01 - Dry,10 - No control,,1,0,0,0,,0,,,,,343410.2968,5014587.084,45.27018109,-76.00794563,2819
18--11983,11/11/2018,5:15 PM,ISLAND PARK DR @ SCOTT ST (0002126),2126,02 - Intersection related,03 - P.D. only,03 - Rear end,01 - Clear,05 - Dusk,01 - Dry,01 - Traffic signal,01 - Functioning,2,0,0,0,,0,,,,,363833.5365,5029040.811,45.39881675,-75.74596399,2820
18--11984,11/11/2018,5:30 PM,HUNT CLUB RD @ RIVERSIDE DR (0002237),2237,03 - At intersection,03 - P.D. only,03 - Rear end,01 - Clear,07 - Dark,01 - Dry,01 - Traffic signal,01 - Functioning,2,0,0,0,,0,,,,,368036.8064,5021945.805,45.33461063,-75.69318884,2821
18--11985,11/11/2018,5:34 PM,WALKLEY RD @ GLENHAVEN PRIV (0011424),11424,02 - Intersection related,03 - P.D. only,04 - Sideswipe,01 - Clear,07 - Dark,01 - Dry,01 - Traffic signal,01 - Functioning,2,0,0,0,,0,,,,,370213.1226,5025873.278,45.3697494,-75.6649055,2822
18--11986,11/11/2018,5:47 PM,GREENBANK RD @ STRANDHERD DR (0005563),5563,03 - At intersection,03 - P.D. only,05 - Turning movement,01 - Clear,07 - Dark,01 - Dry,01 - Traffic signal,01 - Functioning,2,0,0,0,,0,,,,,363933.6336,5014784.338,45.27052977,-75.74638899,2823