Anom_ID,Accident_Date,Accident_Time,Location,Geo_ID,Accident_Location,Classification_of_Accident,Initial_Impact_Type,Environment_Condition,Light,Road_Surface_Condition,Traffic_Control,Traffic_Control_Condition,No__of_Vehicles,No__of_Bicycles,No__of_Motorcycles,No__of_Pedestrians,Max_Injury,No__of_Injuries,No__of_Minimal,No__of_Minor,No__of_Major,No__of_Fatal,X,Y,Latitude,Longitude,ObjectId
18--11987,11/11/2018,6:00 PM,INDUSTRIAL AVE @ TRAINYARDS DR (0011906),11906,02 - Intersection related,03 - P.D. only,03 - Rear end,01 - Clear,07 - Dark,01 - Dry,01 - Traffic signal,01 - Functioning,2,0,0,0,,0,,,,,371686.0617,5030539.38,45.41159412,-75.64547088,2824
18--11988,11/11/2018,6:07 PM,BESSERER ST @ WALLER ST (0008859),8859,03 - At intersection,03 - P.D. only,05 - Turning movement,01 - Clear,07 - Dark,01 - Dry,01 - Traffic signal,01 - Functioning,2,0,0,0,,0,,,,,368315.8193,5032192.116,45.42677888,-75.68831122,2825
18--11989,11/11/2018,6:30 PM,HUNT CLUB RD btwn RIVERSIDE DR & LINDBERGH PRIV (__4B3PLN),__4B3PLN,01 - Non intersection,03 - P.D. only,04 - Sideswipe,01 - Clear,07 - Dark,01 - Dry,10 - No control,,2,0,0,0,,0,,,,,368166.4983,5022013.29,45.33520615,-75.69152568,2826
18--1199,1/24/2018,11:14 AM,IRIS ST @ WOODROFFE AVE (0002736),2736,02 - Intersection related,03 - P.D. only,03 - Rear end,01 - Clear,01 - Daylight,01 - Dry,01 - Traffic signal,01 - Functioning,4,0,0,0,,0,,,,,362282.6919,5024441.52,45.3575619,-75.76630671,2827
18--11990,11/11/2018,7:45 AM,CONROY RD @ WALKLEY RD (0002648),2648,03 - At intersection,03 - P.D. only,02 - Angle,01 - Clear,01 - Daylight,01 - Dry,01 - Traffic signal,01 - Functioning,2,0,0,0,,0,,,,,372903.7281,5027463.782,45.38380381,-75.63034052,2828
18--11991,11/11/2018,7:47 AM,OTTAWA RIVER PKWY WB btwn WOODROFFE AVE & TRANSIT (__3ZA23K),__3ZA23K,01 - Non intersection,03 - P.D. only,03 - Rear end,01 - Clear,03 - Dawn,03 - Loose snow,10 - No control,,2,0,0,0,,0,,,,,361413.6818,5027112.539,45.38166623,-75.77709152,2829
18--11992,11/11/2018,9:17 AM,AMIENS ST btwn TAMMY ST & ROXDALE AVE (__3ZA6BD),__3ZA6BD,04 - At/near private drive,03 - P.D. only,05 - Turning movement,01 - Clear,01 - Daylight,01 - Dry,10 - No control,,2,0,0,0,,0,,,,,383218.117,5037511.427,45.4731255,-75.49704864,2830
18--11993,11/12/2018,1:00 AM,ARMSTRONG ST btwn HOLLAND AVE & HINTON AVE N (__3ZA05B),__3ZA05B,01 - Non intersection,03 - P.D. only,06 - SMV unattended vehicle,04 - Freezing Rain,07 - Dark,04 - Slush,10 - No control,,1,0,0,0,,0,,,,,364916.1998,5029329.195,45.40131945,-75.7321012,2831
18--11994,11/12/2018,1:00 PM,CARSON'S RD btwn BERMUDA AVE & CHARLESWOOD AVE (__3ZA7WC),__3ZA7WC,01 - Non intersection,03 - P.D. only,02 - Angle,01 - Clear,01 - Daylight,01 - Dry,10 - No control,,2,0,0,0,,0,,,,,372919.497,5034048.275,45.44304647,-75.62922914,2832
18--11995,11/12/2018,1:22 PM,ROBERTSON RD btwn MOODIE DR & VANIER RD (__3ZBOCN),__3ZBOCN,04 - At/near private drive,02 - Non-fatal injury,02 - Angle,01 - Clear,01 - Daylight,01 - Dry,10 - No control,,2,0,0,0,01 - Minimal,2,2,,,,357282.0611,5020581.143,45.3232181,-75.83053829,2833
18--11996,11/12/2018,1:36 PM,SHEFFIELD RD btwn TO BE DETERMINED & WALKLEY RD (__3ZA1UL),__3ZA1UL,01 - Non intersection,02 - Non-fatal injury,03 - Rear end,03 - Snow,01 - Daylight,03 - Loose snow,10 - No control,,3,0,0,0,02 - Minor,1,,1,,,375201.4571,5028887.645,45.39638786,-75.6007998,2834
18--11997,11/12/2018,10:22 PM,FLORENCE ST btwn PERCY ST & BAY ST (__3ZA979),__3ZA979,01 - Non intersection,03 - P.D. only,06 - SMV unattended vehicle,03 - Snow,07 - Dark,02 - Wet,10 - No control,,1,0,0,0,,0,,,,,367307.3406,5030287.535,45.4097329,-75.70143922,2835
18--11998,11/12/2018,11:00 PM,HIGHWAY 417 btwn HWY417 IC163 RAMP16 & HWY417 IC169 RAMP61 (__5SPO79),__5SPO79,01 - Non intersection,03 - P.D. only,07 - SMV other,03 - Snow,07 - Dark,02 - Wet,10 - No control,,1,0,0,0,,0,,,,,329010.7072,5022416.854,45.3412813,-76.19106984,2836
18--11999,11/12/2018,11:15 AM,BRADLEY GREEN CRT @ HAZELDEAN RD (0000072),72,03 - At intersection,03 - P.D. only,02 - Angle,01 - Clear,01 - Daylight,01 - Dry,02 - Stop sign,01 - Functioning,2,0,0,0,,0,,,,,350397.6269,5015586.586,45.2787566,-75.91881068,2837
18--120,1/2/2018,6:10 AM,HIGHWAY 417 btwn HWY417 IC118 RAMP67 & HWY417 IC117 RAMP36 (__3ZA2YO),__3ZA2YO,01 - Non intersection,03 - P.D. only,03 - Rear end,01 - Clear,07 - Dark,06 - Ice,10 - No control,,5,0,0,0,,0,,,,,370104.1207,5031113.405,45.41690839,-75.66560334,2838
18--1200,1/24/2018,11:29 PM,ARLINGTON AVE @ BELL ST (0005956),5956,02 - Intersection related,02 - Non-fatal injury,07 - SMV other,01 - Clear,07 - Dark,03 - Loose snow,02 - Stop sign,01 - Functioning,1,0,0,1,02 - Minor,1,,1,,,367028.051,5029785.869,45.40524394,-75.70507025,2839
18--12000,11/12/2018,11:30 AM,KING EDWARD AVE @ MURRAY ST (0002713),2713,02 - Intersection related,03 - P.D. only,03 - Rear end,01 - Clear,01 - Daylight,01 - Dry,01 - Traffic signal,01 - Functioning,2,0,0,0,,0,,,,,368291.4103,5032753.725,45.43183425,-75.68855071,2840
18--12001,11/12/2018,11:31 AM,FISHER AVE @ VIEWMOUNT DR (0005076),5076,03 - At intersection,02 - Non-fatal injury,02 - Angle,01 - Clear,01 - Daylight,01 - Dry,01 - Traffic signal,01 - Functioning,2,0,0,0,02 - Minor,1,,1,,,366918.7582,5024209.446,45.35507833,-75.70716788,2841
18--12002,11/12/2018,Unknown,GLEN AVE btwn SENECA ST & LEONARD AVE (__3ZA83G),__3ZA83G,01 - Non intersection,03 - P.D. only,06 - SMV unattended vehicle,01 - Clear,00 - Unknown,01 - Dry,10 - No control,,1,0,0,0,,0,,,,,368311.3841,5028140.908,45.39032782,-75.6888898,2842
18--12003,11/12/2018,12:30 PM,MERIVALE RD btwn CLYDE AVE & GILBEY DR (__3ZA4HD),__3ZA4HD,01 - Non intersection,03 - P.D. only,03 - Rear end,01 - Clear,01 - Daylight,01 - Dry,10 - No control,,2,0,0,0,,0,,,,,364565.1264,5024533.661,45.35820013,-75.73716575,2843
18--12004,11/12/2018,12:30 PM,OTTAWA RIVER PKWY @ REMIC RAPIDS ENT/TUNNEY'S  (0011322),11322,02 - Intersection related,03 - P.D. only,05 - Turning movement,01 - Clear,01 - Daylight,01 - Dry,01 - Traffic signal,01 - Functioning,2,0,0,0,,0,,,,,364263.2709,5030245.247,45.40961766,-75.74033023,2844
18--12005,11/12/2018,2:50 PM,TERRY FOX DR btwn HUNTSVILLE DR & OLD SECOND LINE RD (__8IAYIU),__8IAYIU,05 - At railway crossing,02 - Non-fatal injury,03 - Rear end,01 - Clear,01 - Daylight,01 - Dry,10 - No control,,2,0,0,0,01 - Minimal,1,1,,,,348641.848,5022281.531,45.33911146,-75.94059654,2845
18--12006,11/12/2018,3:40 PM,WENTWORTH AVE btwn LAWN AVE & CARLING AVE (__3ZABY1),__3ZABY1,01 - Non intersection,03 - P.D. only,06 - SMV unattended vehicle,01 - Clear,01 - Daylight,01 - Dry,10 - No control,,1,0,0,0,,0,,,,,361261.0204,5025637.834,45.36840927,-75.77920931,2846
18--12007,11/12/2018,3:42 PM,BRONSON AVE btwn RENFREW AVE & POWELL AVE (__3ZA3BZ),__3ZA3BZ,01 - Non intersection,03 - P.D. only,04 - Sideswipe,01 - Clear,01 - Daylight,01 - Dry,10 - No control,,2,0,0,0,,0,,,,,367367.2436,5029527.325,45.4028874,-75.70077048,2847
18--12008,11/12/2018,3:45 PM,PINECREST RD @ RICHMOND RD (0002353),2353,02 - Intersection related,03 - P.D. only,03 - Rear end,01 - Clear,01 - Daylight,01 - Dry,01 - Traffic signal,01 - Functioning,2,0,0,0,,0,,,,,360072.5839,5024471.331,45.35800785,-75.79451039,2848
18--12009,11/12/2018,3:56 PM,JAMIE AVE btwn MERIVALE RD & SUNDERLAND ST (__3ZA0XW),__3ZA0XW,04 - At/near private drive,02 - Non-fatal injury,05 - Turning movement,01 - Clear,01 - Daylight,03 - Loose snow,10 - No control,,2,0,0,0,01 - Minimal,1,1,,,,365758.8141,5021831.43,45.33378309,-75.72226411,2849
18--1201,1/24/2018,11:42 PM,MARCH RD btwn CORKERY RD & GREY FOX DR (__3ZA2LC),__3ZA2LC,01 - Non intersection,03 - P.D. only,07 - SMV other,01 - Clear,07 - Dark,01 - Dry,10 - No control,,1,0,0,0,,0,,,,,336339.7284,5016462.594,45.28741063,-76.09793217,2850
18--12010,11/12/2018,4:47 PM,BEAUSEJOUR DR N @ ORLEANS BLVD (0003637),3637,02 - Intersection related,03 - P.D. only,03 - Rear end,01 - Clear,05 - Dusk,01 - Dry,01 - Traffic signal,01 - Functioning,2,0,0,0,,0,,,,,381055.8781,5035895.496,45.45882613,-75.52494984,2851
18--12011,11/12/2018,5:09 PM,ST. JOSEPH BLVD @ JEANNE D'ARC BLVD (0012421),12421,03 - At intersection,03 - P.D. only,02 - Angle,01 - Clear,05 - Dusk,01 - Dry,11 - Roundabout,00 - Unknown,2,0,0,0,,0,,,,,379860.7124,5036471.553,45.46413847,-75.54014177,2852
18--12012,11/12/2018,5:11 AM,HUNT CLUB RD @ RIVERSIDE DR (0002237),2237,02 - Intersection related,02 - Non-fatal injury,03 - Rear end,03 - Snow,07 - Dark,06 - Ice,01 - Traffic signal,01 - Functioning,2,0,0,0,02 - Minor,1,,1,,,368036.6216,5021945.286,45.33460598,-75.69319126,2853
18--12013,11/12/2018,5:14 AM,HIGHWAY 417 btwn HWY417 IC134 RAMP25 & HWY417 IC131 RAMP53 (__3ZA2LE),__3ZA2LE,01 - Non intersection,03 - P.D. only,07 - SMV other,03 - Snow,07 - Dark,06 - Ice,10 - No control,,1,0,0,0,,0,,,,,357449.997,5022641.351,45.34174344,-75.8281771,2854
18--12014,11/12/2018,5:15 AM,HIGHWAY 417 btwn HWY417 IC126 RAMP25 & HWY417 IC124 RAMP57 (__3ZA2R5),__3ZA2R5,01 - Non intersection,03 - P.D. only,04 - Sideswipe,01 - Clear,07 - Dark,03 - Loose snow,10 - No control,,2,0,0,0,,0,,,,,363807.8202,5026685.525,45.37762645,-75.74657404,2855
18--12015,11/12/2018,5:15 PM,BANTREE ST @ INNES RD (0007684),7684,02 - Intersection related,03 - P.D. only,03 - Rear end,01 - Clear,07 - Dark,01 - Dry,01 - Traffic signal,01 - Functioning,2,0,0,0,,0,,,,,373705.7225,5030406.556,45.41020309,-75.61968949,2856
18--12016,11/12/2018,5:15 PM,TERRY FOX DR S @ DIDSBURY RD/CENTRUM KANATA SC (0011820),11820,02 - Intersection related,03 - P.D. only,03 - Rear end,03 - Snow,05 - Dusk,02 - Wet,01 - Traffic signal,01 - Functioning,2,0,0,0,,0,,,,,350623.7986,5018915.828,45.30869939,-75.91562044,2857
18--12017,11/12/2018,5:20 AM,HIGHWAY 416 btwn HWY416 IC75B RAMP25 & HWY416 IC75A RAMP26 (__3ZAZLE),__3ZAZLE,01 - Non intersection,03 - P.D. only,07 - SMV other,03 - Snow,07 - Dark,03 - Loose snow,10 - No control,,1,0,0,0,,0,,,,,358785.3183,5021874.285,45.33473986,-75.81122309,2858
18--12018,11/12/2018,5:22 AM,HIGHWAY 417 btwn HWY417 IC129 RAMP25 & TRANSIT (__3ZA2SH),__3ZA2SH,01 - Non intersection,03 - P.D. only,07 - SMV other,03 - Snow,07 - Dark,03 - Loose snow,10 - No control,,1,0,0,0,,0,,,,,360900.2606,5023872.606,45.35255481,-75.78401484,2859
18--12019,11/12/2018,5:23 AM,HIGHWAY 417 btwn HWY417 IC112 RAMP55 & HIGHWAY 417 (__3ZAZPP),__3ZAZPP,01 - Non intersection,03 - P.D. only,07 - SMV other,03 - Snow,07 - Dark,06 - Ice,10 - No control,,1,0,0,0,,0,,,,,374963.6549,5030661.658,45.41237339,-75.60358433,2860
18--1202,1/24/2018,Unknown,BANK ST btwn HOPEWELL AVE & GLEN AVE (__3ZA3N3),__3ZA3N3,01 - Non intersection,03 - P.D. only,06 - SMV unattended vehicle,01 - Clear,00 - Unknown,01 - Dry,10 - No control,,1,0,0,0,,0,,,,,368775.7194,5028490.123,45.39342769,-75.68291505,2861
18--12020,11/12/2018,5:24 AM,HIGHWAY 417 btwn HWY417 IC124 RAMP67 & HWY417 IC123 RAMP62 (__3ZA2YZ),__3ZA2YZ,01 - Non intersection,02 - Non-fatal injury,04 - Sideswipe,03 - Snow,07 - Dark,03 - Loose snow,10 - No control,,3,0,0,0,02 - Minor,1,,1,,,364697.0125,5027922.571,45.38868172,-75.73507154,2862
18--12021,11/12/2018,5:24 AM,HIGHWAY 417 btwn HWY417 IC124 RAMP67 & HWY417 IC123 RAMP62 (__3ZA2YZ),__3ZA2YZ,01 - Non intersection,03 - P.D. only,07 - SMV other,03 - Snow,07 - Dark,03 - Loose snow,10 - No control,,1,0,0,0,,0,,,,,364654.9265,5027854.056,45.38806883,-75.73561727,2863
18--12022,11/12/2018,5:58 AM,BANK ST @ RIVERSIDE DR S (0002704),2704,02 - Intersection related,03 - P.D. only,03 - Rear end,03 - Snow,07 - Dark,02 - Wet,01 - Traffic signal,01 - Functioning,2,0,0,0,,0,,,,,369304.6356,5027894.829,45.3880229,-75.67623836,2864
18--12023,11/12/2018,6:00 AM,HIGHWAY 417 btwn HWY417 IC112 RAMP55 & HIGHWAY 417 (__3ZAZPP),__3ZAZPP,01 - Non intersection,03 - P.D. only,07 - SMV other,03 - Snow,07 - Dark,06 - Ice,10 - No control,,1,0,0,0,,0,,,,,375021.2216,5030640.151,45.4121741,-75.60285201,2865
18--12024,11/12/2018,6:00 AM,HIGHWAY 417 btwn HWY417 IC126 RAMP61 & HWY417 IC124 RAMP76 (__3ZA2Y2),__3ZA2Y2,01 - Non intersection,03 - P.D. only,07 - SMV other,01 - Clear,07 - Dark,03 - Loose snow,10 - No control,,1,0,0,0,,0,,,,,363767.1101,5026659.294,45.37739386,-75.74709693,2866
18--12025,11/12/2018,6:00 AM,HIGHWAY 417 btwn HIGHWAY 417 & HIGHWAY 417 (2) (__3ZA2UZ),__3ZA2UZ,01 - Non intersection,03 - P.D. only,07 - SMV other,03 - Snow,07 - Dark,06 - Ice,10 - No control,,1,0,0,0,,0,,,,,375426.5201,5030090.548,45.40718829,-75.59775329,2867
18--12026,11/12/2018,6:03 PM,HUNTMAR DR @ PALLADIUM DR S (0011818),11818,03 - At intersection,03 - P.D. only,05 - Turning movement,01 - Clear,07 - Dark,01 - Dry,01 - Traffic signal,01 - Functioning,2,0,0,0,,0,,,,,349675.6042,5017365.441,45.29480977,-75.92785226,2868
18--12027,11/12/2018,6:20 AM,HIGHWAY 417 btwn HWY417 IC138 RAMP61 & HWY417 IC134 RAMP36 (__3ZA20I),__3ZA20I,01 - Non intersection,03 - P.D. only,03 - Rear end,03 - Snow,03 - Dawn,06 - Ice,10 - No control,,2,0,0,0,,0,,,,,355692.3211,5021864.505,45.33488301,-75.85068377,2869
18--12028,11/12/2018,6:20 AM,HIGHWAY 417 btwn HWY417 IC96 RAMP61 & HWY417 IC88 RAMP16 (__3ZA27Z),__3ZA27Z,01 - Non intersection,03 - P.D. only,04 - Sideswipe,03 - Snow,03 - Dawn,03 - Loose snow,10 - No control,,2,0,0,0,,0,,,,,394795.0713,5022461.957,45.33633294,-75.35175647,2870
18--12029,11/12/2018,6:30 AM,RIDEAU ST @ WURTEMBURG ST (0007118),7118,02 - Intersection related,03 - P.D. only,04 - Sideswipe,03 - Snow,03 - Dawn,02 - Wet,01 - Traffic signal,01 - Functioning,2,0,0,0,,0,,,,,369356.6371,5032925.637,45.43328352,-75.67491549,2871
18--1203,1/24/2018,Unknown,KINCARDINE DR btwn TO BE DETERMINED & NAIRN ST (__3ZA1JX),__3ZA1JX,01 - Non intersection,03 - P.D. only,06 - SMV unattended vehicle,01 - Clear,99 - Other,06 - Ice,10 - No control,,1,0,0,0,,0,,,,,352038.0165,5016994.337,45.29131563,-75.89776933,2872
18--12030,11/12/2018,6:40 AM,CARLING AVE @ PINECREST  RD/GREENVIEW AVE (0001630),1630,02 - Intersection related,03 - P.D. only,03 - Rear end,01 - Clear,03 - Dawn,03 - Loose snow,01 - Traffic signal,01 - Functioning,2,0,0,0,,0,,,,,360006.8816,5024632.355,45.35946191,-75.79533096,2873
18--12031,11/12/2018,6:40 AM,BANKFIELD RD @ HWY 416 BANKFIEL IC57R24 (0001602),1602,02 - Intersection related,03 - P.D. only,03 - Rear end,01 - Clear,03 - Dawn,02 - Wet,02 - Stop sign,01 - Functioning,2,0,0,0,,0,,,,,364911.5623,5008139.401,45.21065545,-75.7347303,2874
18--12032,11/12/2018,6:45 AM,CARLING AVE @ BROADVIEW AVE (0006707),6707,02 - Intersection related,03 - P.D. only,03 - Rear end,03 - Snow,03 - Dawn,03 - Loose snow,01 - Traffic signal,01 - Functioning,2,0,0,0,,0,,,,,363180.5895,5026638.519,45.37725604,-75.75458755,2875
18--12033,11/12/2018,6:56 AM,JOHN SUTHERLAND DR @ RICHMOND RD (0000578),578,02 - Intersection related,03 - P.D. only,02 - Angle,03 - Snow,03 - Dawn,06 - Ice,01 - Traffic signal,01 - Functioning,2,0,0,0,,0,,,,,358786.5475,5022150.574,45.33722582,-75.81117726,2876
18--12034,11/12/2018,6:56 AM,RIVERSIDE DR @ WALKLEY RD (0002158),2158,02 - Intersection related,03 - P.D. only,03 - Rear end,04 - Freezing Rain,03 - Dawn,06 - Ice,01 - Traffic signal,01 - Functioning,2,0,0,0,,0,,,,,368418.6165,5024853.602,45.36073981,-75.68794394,2877
18--12035,11/12/2018,7:02 AM,SMYTH RD E/LANCASTER RD @ ST. LAURENT BLVD N/R (0002256),2256,03 - At intersection,03 - P.D. only,01 - Approaching,01 - Clear,03 - Dawn,06 - Ice,01 - Traffic signal,01 - Functioning,2,0,0,0,,0,,,,,373364.7001,5029424.559,45.40140104,-75.62418229,2878
18--12036,11/12/2018,7:05 AM,BANK ST @ HERON RD (0002155),2155,02 - Intersection related,03 - P.D. only,07 - SMV other,03 - Snow,03 - Dawn,03 - Loose snow,01 - Traffic signal,01 - Functioning,1,0,0,0,,0,,,,,369995.5021,5026851.686,45.37857308,-75.66755429,2879
18--12037,11/12/2018,7:08 AM,OLD TENTH LINE RD/OR174 IC101 RAMP63 @ ST. JOS (0009233),9233,02 - Intersection related,03 - P.D. only,07 - SMV other,03 - Snow,03 - Dawn,06 - Ice,01 - Traffic signal,01 - Functioning,1,0,0,0,,0,,,,,383119.6158,5038785.526,45.48459974,-75.4981051,2880
18--12038,11/12/2018,7:08 AM,OLD TENTH LINE RD/OR174 IC101 RAMP63 @ ST. JOS (0009233),9233,03 - At intersection,03 - P.D. only,07 - SMV other,03 - Snow,03 - Dawn,06 - Ice,01 - Traffic signal,01 - Functioning,1,0,0,0,,0,,,,,383119.6757,5038785.621,45.48460059,-75.49810432,2881
18--12039,11/12/2018,7:10 AM,BANTON ST @ WALKLEY RD (0006399),6399,02 - Intersection related,03 - P.D. only,04 - Sideswipe,04 - Freezing Rain,03 - Dawn,06 - Ice,01 - Traffic signal,01 - Functioning,2,0,0,0,,0,,,,,374247.8051,5028249.313,45.39073969,-75.61306866,2882
18--1204,1/24/2018,12:21 PM,CADBORO RD btwn OGDEN ST & OGILVIE RD (__3ZA7US),__3ZA7US,04 - At/near private drive,02 - Non-fatal injury,07 - SMV other,01 - Clear,01 - Daylight,06 - Ice,10 - No control,,1,0,0,1,03 - Major,1,,,1,,373516.8389,5032884.534,45.43251728,-75.62175668,2883
18--12040,11/12/2018,7:20 AM,HAWTHORNE RD btwn HAWTHORNE RD & WHYTE SIDE RD (__3ZA2PE),__3ZA2PE,01 - Non intersection,03 - P.D. only,07 - SMV other,01 - Clear,01 - Daylight,05 - Packed snow,10 - No control,,1,0,0,0,,0,,,,,375554.7815,5026290.617,45.3729855,-75.5966598,2884
18--12041,11/12/2018,7:28 AM,BOOTHFIELD ST @ SPRATT RD (0015816),15816,03 - At intersection,03 - P.D. only,02 - Angle,01 - Clear,01 - Daylight,06 - Ice,02 - Stop sign,01 - Functioning,2,0,0,0,,0,,,,,370053.7049,5016973.479,45.28968606,-75.66811361,2885
18--12042,11/12/2018,7:30 AM,STONEHENGE CRES btwn SAXONY CRES & Continuation of STONEHENGE CRES (__7NLYH5),__7NLYH5,01 - Non intersection,03 - P.D. only,06 - SMV unattended vehicle,01 - Clear,01 - Daylight,06 - Ice,10 - No control,,1,0,0,0,,0,,,,,375010.6907,5031422.793,45.41921695,-75.60287503,2886
18--12043,11/12/2018,7:30 AM,CARLING AVE EB btwn CONNAUGHT AVE & CARLING AVE EB ON RAMP/OTTAWA RIVE (__3ZBOBU),__3ZBOBU,01 - Non intersection,03 - P.D. only,03 - Rear end,01 - Clear,01 - Daylight,06 - Ice,10 - No control,,2,0,1,0,,0,,,,,360823.4493,5025129.592,45.36387125,-75.78485261,2887
18--12044,11/12/2018,7:30 PM,TENTH LINE RD @ VANGUARD DR (0004632),4632,02 - Intersection related,03 - P.D. only,03 - Rear end,04 - Freezing Rain,07 - Dark,05 - Packed snow,01 - Traffic signal,01 - Functioning,2,0,0,0,,0,,,,,384072.6876,5035874.815,45.45830429,-75.48638453,2888
18--12045,11/12/2018,7:31 AM,BANK ST @ HUNT CLUB RD (0002119),2119,03 - At intersection,02 - Non-fatal injury,07 - SMV other,01 - Clear,01 - Daylight,06 - Ice,01 - Traffic signal,01 - Functioning,1,0,0,0,01 - Minimal,1,1,,,,371608.6365,5024096.558,45.35363144,-75.64733186,2889
18--12046,11/12/2018,7:32 AM,COVENTRY RD @ LOLA ST (0007175),7175,02 - Intersection related,03 - P.D. only,03 - Rear end,01 - Clear,01 - Daylight,06 - Ice,01 - Traffic signal,01 - Functioning,2,0,0,0,,0,,,,,371263.6789,5031614.431,45.42130722,-75.6507216,2890
18--12047,11/12/2018,7:35 AM,GREGOIRE RD @ MARVELVILLE RD (0001674),1674,03 - At intersection,02 - Non-fatal injury,02 - Angle,01 - Clear,01 - Daylight,01 - Dry,02 - Stop sign,01 - Functioning,2,0,0,0,02 - Minor,1,,1,,,393291.1374,5008915.299,45.21464434,-75.37335594,2891
18--12048,11/12/2018,7:35 AM,CAHILL DR    W btwn YORKBERRY GT & TWYFORD ST (__3ZA9B3),__3ZA9B3,04 - At/near private drive,03 - P.D. only,02 - Angle,03 - Snow,01 - Daylight,06 - Ice,10 - No control,,2,0,0,0,,0,,,,,370282.9139,5023464.604,45.34807036,-75.66433371,2892
18--12049,11/12/2018,7:45 AM,CHARLEMAGNE BLVD @ MERKLEY DR (0004807),4807,02 - Intersection related,02 - Non-fatal injury,03 - Rear end,01 - Clear,01 - Daylight,06 - Ice,02 - Stop sign,01 - Functioning,2,0,0,0,01 - Minimal,1,1,,,,384681.9689,5037802.572,45.47557903,-75.47828191,2893
18--1205,1/24/2018,2:59 PM,RIVERSIDE DR @ WALKLEY RD (0002158),2158,02 - Intersection related,03 - P.D. only,03 - Rear end,01 - Clear,01 - Daylight,01 - Dry,01 - Traffic signal,01 - Functioning,2,0,0,0,,0,,,,,368418.7237,5024853.529,45.36073914,-75.68794258,2894
18--12050,11/12/2018,7:49 AM,UNIVERSITY RD btwn CAMPUS AVE & CAMPUS AVE (__3ZA87W),__3ZA87W,01 - Non intersection,03 - P.D. only,06 - SMV unattended vehicle,01 - Clear,01 - Daylight,06 - Ice,10 - No control,,1,0,0,0,,0,,,,,367929.336,5027401.005,45.38370492,-75.69386313,2895
18--12051,11/12/2018,7:50 AM,MCCARTHY RD @ PAUL ANKA DR (0007479),7479,02 - Intersection related,03 - P.D. only,03 - Rear end,03 - Snow,01 - Daylight,03 - Loose snow,01 - Traffic signal,01 - Functioning,2,0,0,0,,0,,,,,369699.8283,5023876.647,45.351832,-75.67171995,2896
18--12052,11/12/2018,7:51 AM,ALBION RD @ CAHILL DR (0007499),7499,02 - Intersection related,02 - Non-fatal injury,03 - Rear end,03 - Snow,01 - Daylight,06 - Ice,02 - Stop sign,01 - Functioning,2,0,0,0,02 - Minor,1,,1,,,371725.7262,5024668.315,45.35876475,-75.64576022,2897
18--12053,11/12/2018,7:52 AM,MARVELVILLE RD btwn 8TH LINE RD & 9TH LINE RD (__3ZA3YM),__3ZA3YM,01 - Non intersection,03 - P.D. only,07 - SMV other,03 - Snow,01 - Daylight,06 - Ice,10 - No control,,1,0,0,0,,0,,,,,387676.3879,5005412.21,45.18380846,-75.44541123,2898
18--12054,11/12/2018,7:52 AM,COLONNADE RD @ MERIVALE RD (0004569),4569,02 - Intersection related,03 - P.D. only,04 - Sideswipe,01 - Clear,01 - Daylight,06 - Ice,01 - Traffic signal,01 - Functioning,2,0,0,0,,0,,,,,365363.6883,5022544.496,45.34023339,-75.72721754,2899
18--12055,11/12/2018,8:00 AM,RIVERSIDE DR @ HERON RD (0002236),2236,02 - Intersection related,02 - Non-fatal injury,03 - Rear end,01 - Clear,01 - Daylight,06 - Ice,01 - Traffic signal,01 - Functioning,2,0,0,0,01 - Minimal,1,1,,,,368121.2599,5026647.344,45.37690636,-75.69150924,2900
18--12056,11/12/2018,8:00 AM,AIRPORT PKWY/BROOKFIELD RD @ FLANNERY DR/AIRPORT PKWY RAMPS 52A/53 (0006850),6850,03 - At intersection,03 - P.D. only,07 - SMV other,03 - Snow,01 - Daylight,06 - Ice,11 - Roundabout,01 - Functioning,1,0,0,0,,0,,,,,368694.6041,5026294.386,45.3736785,-75.68423514,2901
18--12057,11/12/2018,8:00 AM,SAVILLE ROW @ WOODROFFE AVE (0002760),2760,02 - Intersection related,03 - P.D. only,03 - Rear end,01 - Clear,01 - Daylight,06 - Ice,01 - Traffic signal,01 - Functioning,2,0,0,0,,0,,,,,361779.6887,5026185.697,45.37329692,-75.77252525,2902
18--12058,11/12/2018,8:02 AM,TENTH LINE RD @ VANGUARD DR (0004632),4632,02 - Intersection related,03 - P.D. only,02 - Angle,01 - Clear,01 - Daylight,05 - Packed snow,01 - Traffic signal,01 - Functioning,2,0,0,0,,0,,,,,384072.7664,5035874.768,45.45830386,-75.48638353,2903
18--12059,11/12/2018,8:15 AM,CROYDON AVE @ REGINA ST (0002786),2786,02 - Intersection related,03 - P.D. only,03 - Rear end,03 - Snow,01 - Daylight,06 - Ice,02 - Stop sign,01 - Functioning,2,0,0,0,,0,,,,,360421.4586,5025394.726,45.36628893,-75.78995383,2904
18--1206,1/24/2018,3:03 PM,MARCH RD btwn HALTON TERR/MAXWELL BRIDGE RD & KLONDIKE RD (__3ZA3CG),__3ZA3CG,01 - Non intersection,03 - P.D. only,04 - Sideswipe,03 - Snow,01 - Daylight,05 - Packed snow,10 - No control,,2,0,0,0,,0,,,,,349040.9693,5024304.139,45.35728632,-75.93532323,2905
18--11795,11/7/2018,2:15 PM,LEMIEUX ST @ ST. LAURENT BLVD (0002021),2021,03 - At intersection,03 - P.D. only,04 - Sideswipe,01 - Clear,01 - Daylight,01 - Dry,01 - Traffic signal,01 - Functioning,2,0,0,0,,0,,,,,372391.5453,5031742.538,45.42235181,-75.63629369,2906