Anom_ID,Accident_Date,Accident_Time,Location,Geo_ID,Accident_Location,Classification_of_Accident,Initial_Impact_Type,Environment_Condition,Light,Road_Surface_Condition,Traffic_Control,Traffic_Control_Condition,No__of_Vehicles,No__of_Bicycles,No__of_Motorcycles,No__of_Pedestrians,Max_Injury,No__of_Injuries,No__of_Minimal,No__of_Minor,No__of_Major,No__of_Fatal,X,Y,Latitude,Longitude,ObjectId
18--11796,11/7/2018,2:16 PM,BANK ST btwn BANK ST EXTENSION NB & JOHNSTON RD (__3ZA37U),__3ZA37U,01 - Non intersection,02 - Non-fatal injury,03 - Rear end,01 - Clear,01 - Daylight,02 - Wet,10 - No control,,2,0,0,0,01 - Minimal,1,1,,,,370761.1668,5025026.925,45.36208282,-75.65802265,2907
18--11797,11/7/2018,2:16 PM,BAYSHORE DR btwn WOODRIDGE CRES S & BAYSHORE CS (__3ZAA4OB),__3ZAA4OB,01 - Non intersection,03 - P.D. only,05 - Turning movement,02 - Rain,01 - Daylight,02 - Wet,10 - No control,,2,0,0,0,,0,,,,,359217.105,5023535.388,45.34965315,-75.80553178,2908
18--11798,11/7/2018,2:55 PM,KING EDWARD AVE @ TEMPLETON ST (0007695),7695,02 - Intersection related,03 - P.D. only,04 - Sideswipe,01 - Clear,01 - Daylight,01 - Dry,01 - Traffic signal,00 - Unknown,2,0,0,0,,0,,,,,369059.6716,5031507.445,45.42055052,-75.67889558,2909
18--11799,11/7/2018,3:34 PM,KNOXDALE RD @ WEST HUNT CLUB RD (0005165),5165,03 - At intersection,02 - Non-fatal injury,05 - Turning movement,01 - Clear,01 - Daylight,01 - Dry,01 - Traffic signal,01 - Functioning,2,0,0,0,01 - Minimal,1,1,,,,361863.6624,5020584.564,45.32289139,-75.7720995,2910
18--118,1/2/2018,5:45 PM,MEADOW PARK PL @ ST. LAURENT BLVD (0007686),7686,03 - At intersection,03 - P.D. only,03 - Rear end,03 - Snow,07 - Dark,03 - Loose snow,02 - Stop sign,01 - Functioning,2,0,0,0,,0,,,,,371210.705,5034624.603,45.44839642,-75.65099238,2911
18--1180,1/23/2018,5:14 PM,BLAIR RD @ REGIONAL RD 174 S/OR174 IC112 RAMP15 (0012435),12435,03 - At intersection,02 - Non-fatal injury,05 - Turning movement,02 - Rain,05 - Dusk,02 - Wet,01 - Traffic signal,01 - Functioning,3,0,0,0,01 - Minimal,1,1,,,,374907.89,5032661.54,45.43037283,-75.60401211,2912
18--11800,11/7/2018,3:42 PM,BANK ST @ GLADSTONE AVE (0002253),2253,02 - Intersection related,03 - P.D. only,04 - Sideswipe,01 - Clear,01 - Daylight,01 - Dry,01 - Traffic signal,01 - Functioning,2,0,0,0,,0,,,,,367916.7552,5030562.672,45.4121538,-75.69361921,2913
18--11801,11/7/2018,3:45 PM,KING EDWARD AVE @ ST. ANDREW ST (0011434),11434,02 - Intersection related,03 - P.D. only,04 - Sideswipe,01 - Clear,01 - Daylight,01 - Dry,01 - Traffic signal,01 - Functioning,2,0,0,0,,0,,,,,368160.7504,5032968.741,45.43378074,-75.69019277,2914
18--11802,11/7/2018,3:55 PM,HAZELDEAN RD @ TERRY FOX DR (0003682),3682,02 - Intersection related,03 - P.D. only,03 - Rear end,01 - Clear,01 - Daylight,01 - Dry,01 - Traffic signal,01 - Functioning,2,0,0,0,,0,,,,,352207.6051,5017242.353,45.29353592,-75.89558368,2915
18--11803,11/7/2018,3:57 PM,CYRVILLE RD @ INNES RD (0009352),9352,02 - Intersection related,03 - P.D. only,03 - Rear end,01 - Clear,01 - Daylight,02 - Wet,01 - Traffic signal,01 - Functioning,3,0,0,0,,0,,,,,375047.7252,5031119.564,45.41648495,-75.6024451,2916
18--11804,11/7/2018,4:00 PM,HIGHWAY 417 btwn HWY417 IC119A RAMP67 & HWY417 IC118 RAMP76 (__3ZA2YS),__3ZA2YS,01 - Non intersection,03 - P.D. only,03 - Rear end,01 - Clear,01 - Daylight,01 - Dry,10 - No control,,3,0,0,0,,0,,,,,368908.6569,5030695.625,45.4132599,-75.68093065,2917
18--11805,11/7/2018,4:20 PM,LANCASTER RD @ WALKLEY RD (0003130),3130,02 - Intersection related,03 - P.D. only,03 - Rear end,01 - Clear,05 - Dusk,02 - Wet,01 - Traffic signal,01 - Functioning,3,0,0,0,,0,,,,,374908.5338,5028602.587,45.39385245,-75.60458121,2918
18--11806,11/7/2018,4:31 PM,WOODROFFE AVE @ SPORTSPLEX N (0005568),5568,02 - Intersection related,03 - P.D. only,03 - Rear end,02 - Rain,05 - Dusk,02 - Wet,01 - Traffic signal,01 - Functioning,2,0,0,0,,0,,,,,363763.4531,5021067.391,45.32707883,-75.74781045,2919
18--11807,11/7/2018,4:54 PM,FALLOWFIELD RD btwn WOODROFFE AVE & VIA PARK PL/275 W OF WOODROFFE AVE (__3ZA3IKD),__3ZA3IKD,05 - At railway crossing,02 - Non-fatal injury,03 - Rear end,01 - Clear,07 - Dark,01 - Dry,10 - No control,,2,0,0,0,01 - Minimal,2,2,,,,365020.7115,5017866.005,45.29816626,-75.73216229,2920
18--11808,11/7/2018,5:07 PM,STITTSVILLE MAIN ST @ WEST RIDGE DR/PARADE DR (0014816),14816,03 - At intersection,02 - Non-fatal injury,05 - Turning movement,01 - Clear,07 - Dark,02 - Wet,02 - Stop sign,01 - Functioning,2,0,0,0,02 - Minor,2,1,1,,,350901.8066,5011480.048,45.24177169,-75.91276577,2921
18--11809,11/7/2018,5:11 PM,BASELINE RD @ GREENBANK RD (0002357),2357,02 - Intersection related,03 - P.D. only,03 - Rear end,01 - Clear,07 - Dark,01 - Dry,01 - Traffic signal,01 - Functioning,3,0,0,0,,0,,,,,360597.655,5022584.438,45.34098804,-75.7880219,2922
18--1181,1/23/2018,5:27 PM,FAIRMONT AVE btwn WELLINGTON ST W & DUHAMEL ST (__3ZAAHH),__3ZAAHH,01 - Non intersection,03 - P.D. only,04 - Sideswipe,01 - Clear,05 - Dusk,02 - Wet,10 - No control,,2,0,0,0,,0,,,,,365582.436,5029654.779,45.40419145,-75.72355164,2923
18--11810,11/7/2018,5:37 PM,CARLING AVE WB btwn BRITANNIA RD & RICHMOND RD (__3ZA4VX),__3ZA4VX,01 - Non intersection,03 - P.D. only,03 - Rear end,01 - Clear,07 - Dark,01 - Dry,10 - No control,,2,0,0,0,,0,,,,,360212.487,5024761.45,45.36060729,-75.79269231,2924
18--11811,11/7/2018,5:39 PM,SMYTH RD btwn RIVERSIDE HOSPITAL & SMYTH RD SOUTH SIDE RAMP (__3ZA1M4A),__3ZA1M4A,01 - Non intersection,02 - Non-fatal injury,04 - Sideswipe,01 - Clear,07 - Dark,01 - Dry,10 - No control,,2,1,0,0,02 - Minor,1,,1,,,369937.4566,5029120.555,45.39899299,-75.6679959,2925
18--11812,11/7/2018,5:45 PM,HOG'S BACK RD btwn PRINCE OF WALES DR & COLONEL BY DR (__3ZA22U),__3ZA22U,04 - At/near private drive,03 - P.D. only,02 - Angle,01 - Clear,07 - Dark,01 - Dry,10 - No control,,3,0,0,0,,0,,,,,367470.1415,5025774.051,45.36910723,-75.69993276,2926
18--11813,11/7/2018,6:00 PM,SMYTH RD @ SOUTH HAVEN PL/GENERAL HOSPITAL ENTRANCE W (0007242),7242,02 - Intersection related,03 - P.D. only,03 - Rear end,02 - Rain,07 - Dark,02 - Wet,01 - Traffic signal,01 - Functioning,2,0,0,0,,0,,,,,371120.6109,5029136.722,45.39902738,-75.65288288,2927
18--11814,11/7/2018,6:35 PM,OLD SECOND LINE RD @ TERRY FOX DR (0013616),13616,02 - Intersection related,03 - P.D. only,03 - Rear end,01 - Clear,07 - Dark,01 - Dry,01 - Traffic signal,01 - Functioning,2,0,0,0,,0,,,,,348795.2,5022408.413,45.34024358,-75.93862864,2928
18--11815,11/7/2018,7:07 PM,INNES RD @ LANTHIER DR/PRESTWICK DR (0004251),4251,03 - At intersection,03 - P.D. only,05 - Turning movement,01 - Clear,07 - Dark,01 - Dry,01 - Traffic signal,01 - Functioning,2,0,0,0,,0,,,,,383540.78,5035988.763,45.45938964,-75.49316642,2929
18--11816,11/7/2018,7:15 AM,HIGHWAY 417 btwn HWY417 IC131 RAMP53 & HWY417 IC131 RAMP51 (__3ZA1MU),__3ZA1MU,01 - Non intersection,03 - P.D. only,03 - Rear end,01 - Clear,01 - Daylight,01 - Dry,10 - No control,,2,0,0,0,,0,,,,,357960.4656,5022729.628,45.34249926,-75.82165441,2930
18--11817,11/7/2018,7:24 PM,HUNT CLUB RD @ MAC ST (0006898),6898,02 - Intersection related,03 - P.D. only,03 - Rear end,01 - Clear,07 - Dark,02 - Wet,02 - Stop sign,01 - Functioning,2,0,0,0,,0,,,,,371197.9361,5023807.528,45.35106985,-75.6526118,2931
18--11818,11/7/2018,7:40 AM,HIGHWAY 7 btwn HWY417 IC145 RAMP55 & RAMP (__7JQ7JU),__7JQ7JU,01 - Non intersection,03 - P.D. only,07 - SMV other,01 - Clear,01 - Daylight,01 - Dry,10 - No control,,1,0,0,0,,0,,,,,346203.2869,5013828.938,45.26320008,-75.97241608,2932
18--11819,11/7/2018,7:50 AM,PARKDALE AVE btwn EMMERSON AVE & COLOMBINE DRWY (__3ZA326),__3ZA326,01 - Non intersection,03 - P.D. only,03 - Rear end,01 - Clear,01 - Daylight,01 - Dry,10 - No control,,2,0,0,0,,0,,,,,364726.8039,5030243.532,45.40956269,-75.73440912,2933
18--1182,1/23/2018,6:00 PM,STRANDHERD DR btwn FALLOWFIELD RD & MARAVISTA DR (__6NFZTL),__6NFZTL,01 - Non intersection,03 - P.D. only,07 - SMV other,02 - Rain,07 - Dark,02 - Wet,10 - No control,,1,0,0,0,,0,,,,,360878.2265,5014939.889,45.27217972,-75.78530702,2934
18--11820,11/7/2018,8:03 PM,WOODROFFE AVE @ KNOXDALE RD/MEDHURST DR (0000519),519,02 - Intersection related,03 - P.D. only,04 - Sideswipe,01 - Clear,07 - Dark,01 - Dry,01 - Traffic signal,01 - Functioning,2,0,0,0,,0,,,,,363419.6823,5021826.481,45.33393787,-75.75210563,2935
18--11821,11/7/2018,8:09 AM,BRONSON AVE btwn KIPPEWA DR & FOURTH AVE (__3ZA3NG),__3ZA3NG,01 - Non intersection,03 - P.D. only,03 - Rear end,01 - Clear,01 - Daylight,01 - Dry,10 - No control,,2,0,0,0,,0,,,,,367578.7353,5029021.71,45.39831909,-75.69813352,2936
18--11822,11/7/2018,8:10 AM,STRANDHERD DR btwn CRESTHAVEN DR & CRESTWAY DR (__44ZGJV),__44ZGJV,01 - Non intersection,02 - Non-fatal injury,03 - Rear end,01 - Clear,01 - Daylight,01 - Dry,10 - No control,,2,0,0,0,02 - Minor,1,,1,,,366729.504,5015181.26,45.2738606,-75.71071166,2937
18--11823,11/7/2018,8:22 PM,HUNT CLUB RD @ DOWNPATRICK RD/MCCARTHY RD (0006931),6931,03 - At intersection,03 - P.D. only,05 - Turning movement,01 - Clear,07 - Dark,01 - Dry,01 - Traffic signal,01 - Functioning,2,0,0,0,,0,,,,,370507.6452,5023400.544,45.34747294,-75.6614746,2938
18--11824,11/7/2018,8:30 AM,CARLING AVE @ HWY 417 CARLING IC124R67 (0002104),2104,02 - Intersection related,03 - P.D. only,03 - Rear end,01 - Clear,01 - Daylight,01 - Dry,03 - Yield sign,01 - Functioning,2,0,0,0,,0,,,,,364332.6955,5027522.542,45.38511339,-75.73977197,2939
18--11825,11/7/2018,8:30 AM,MONTREAL RD btwn OR174 IC109 RAMP56 & OR174 IC109 RAMP66 (__3ZA2DH),__3ZA2DH,01 - Non intersection,03 - P.D. only,03 - Rear end,01 - Clear,01 - Daylight,01 - Dry,10 - No control,,2,0,0,0,,0,,,,,376180.7521,5034879.82,45.4502028,-75.5874251,2940
18--11826,11/7/2018,8:45 PM,HAWTHORNE RD @ HUNT CLUB RD (0007651),7651,02 - Intersection related,03 - P.D. only,03 - Rear end,02 - Rain,07 - Dark,02 - Wet,01 - Traffic signal,01 - Functioning,2,0,0,0,,0,,,,,375507.7499,5026406.529,45.37403317,-75.59724359,2941
18--11827,11/7/2018,9:46 PM,KING EDWARD AVE @ ST. ANDREW ST (0011434),11434,02 - Intersection related,03 - P.D. only,04 - Sideswipe,01 - Clear,07 - Dark,01 - Dry,01 - Traffic signal,01 - Functioning,2,0,0,0,,0,,,,,368160.7005,5032968.583,45.43377932,-75.69019342,2942
18--11828,11/8/2018,1:52 PM,RESEARCH RD @ UPLANDS DR (0008656),8656,02 - Intersection related,02 - Non-fatal injury,04 - Sideswipe,01 - Clear,01 - Daylight,01 - Dry,01 - Traffic signal,01 - Functioning,2,0,0,0,02 - Minor,1,,1,,,370831.7031,5021555.526,45.33084156,-75.65758582,2943
18--11829,11/8/2018,10:54 AM,DONALD ST @ ST. LAURENT BLVD (0008630),8630,02 - Intersection related,03 - P.D. only,02 - Angle,01 - Clear,01 - Daylight,01 - Dry,01 - Traffic signal,01 - Functioning,2,0,0,0,,0,,,,,372093.7126,5032472.585,45.42894914,-75.63999932,2944
18--1183,1/23/2018,6:14 PM,KING EDWARD AVE @ LAURIER AVE (0002170),2170,03 - At intersection,03 - P.D. only,03 - Rear end,02 - Rain,07 - Dark,02 - Wet,01 - Traffic signal,01 - Functioning,2,0,0,0,,0,,,,,368739.7071,5032034.583,45.42532283,-75.68291522,2945
18--11830,11/8/2018,10:55 AM,FRENCH HILL RD @ SARSFIELD RD (0004788),4788,03 - At intersection,03 - P.D. only,02 - Angle,01 - Clear,01 - Daylight,01 - Dry,02 - Stop sign,01 - Functioning,2,0,0,0,,0,,,,,393601.8704,5038169.564,45.4778034,-75.36414837,2946
18--11831,11/8/2018,11:06 PM,PALLADIUM DR btwn HUNTMAR DR & FRANK FINNIGAN WAY (__3ZA56Z),__3ZA56Z,01 - Non intersection,03 - P.D. only,03 - Rear end,01 - Clear,07 - Dark,01 - Dry,10 - No control,,2,0,0,0,,0,,,,,349749.5685,5017430.857,45.29539368,-75.92690336,2947
18--11832,11/8/2018,12:07 AM,SECOND LINE RD    S btwn CENTURY RD E & CARSONBY RD E (__3ZBPI3),__3ZBPI3,01 - Non intersection,02 - Non-fatal injury,07 - SMV other,01 - Clear,07 - Dark,01 - Dry,10 - No control,,1,0,0,0,01 - Minimal,1,1,,,,366913.9909,5004857.238,45.1809487,-75.70964907,2948
18--11833,11/8/2018,12:15 PM,RUSSELL RD @ SOUTHVALE CRES N (0002650),2650,02 - Intersection related,03 - P.D. only,03 - Rear end,01 - Clear,01 - Daylight,01 - Dry,01 - Traffic signal,01 - Functioning,2,0,0,0,,0,,,,,373798.4641,5029097.678,45.3984173,-75.61868795,2949
18--11834,11/8/2018,12:35 PM,GREENBANK RD @ IRIS ST/HWY 417 IC129 RAMP51 (0009073),9073,02 - Intersection related,03 - P.D. only,04 - Sideswipe,01 - Clear,01 - Daylight,01 - Dry,01 - Traffic signal,01 - Functioning,2,0,0,0,,0,,,,,360531.4922,5023312.554,45.34754488,-75.78878404,2950
18--11835,11/8/2018,12:40 AM,RICHMOND RD btwn WEST HUNT CLUB RD & SEYTON DR (__3ZA41P),__3ZA41P,01 - Non intersection,03 - P.D. only,07 - SMV other,01 - Clear,07 - Dark,01 - Dry,10 - No control,,1,0,0,0,,0,,,,,357169.8518,5018260.479,45.30234487,-75.83221483,2951
18--11836,11/8/2018,3:23 PM,LEBOUTILLIER AVE @ MONTREAL RD (0013729),13729,03 - At intersection,02 - Non-fatal injury,05 - Turning movement,01 - Clear,01 - Daylight,01 - Dry,02 - Stop sign,01 - Functioning,2,1,0,0,02 - Minor,1,,1,,,372514.306,5034284.098,45.44520765,-75.63437564,2952
18--11837,11/8/2018,4:00 PM,OTTAWA RIVER PKWY WB RAMP/CARLING AVE WB btwn CARLING AVE & OTTAWA RIV (__3ZAY0V),__3ZAY0V,01 - Non intersection,03 - P.D. only,03 - Rear end,01 - Clear,01 - Daylight,01 - Dry,10 - No control,,2,0,0,0,,0,,,,,360895.9521,5025445.376,45.36670686,-75.78389132,2953
18--11838,11/8/2018,4:12 AM,LAURIER AVE @ NICHOLAS ST (0010711),10711,03 - At intersection,03 - P.D. only,05 - Turning movement,01 - Clear,07 - Dark,01 - Dry,01 - Traffic signal,01 - Functioning,2,0,0,0,,0,,,,,368373.6367,5031798.27,45.42322994,-75.68762326,2954
18--11839,11/8/2018,4:20 PM,CHARLOTTE ST @ WILBROD ST (0007739),7739,03 - At intersection,03 - P.D. only,02 - Angle,01 - Clear,01 - Daylight,01 - Dry,02 - Stop sign,01 - Functioning,2,0,0,0,,0,,,,,369415.7148,5032590.586,45.43026341,-75.67420448,2955
18--1184,1/23/2018,6:19 AM,CHAMPLAIN ST @ JEANNE D'ARC BLVD (0004106),4106,03 - At intersection,03 - P.D. only,05 - Turning movement,04 - Freezing Rain,07 - Dark,04 - Slush,01 - Traffic signal,01 - Functioning,2,0,0,0,,0,,,,,381379.7446,5038723.599,45.48423561,-75.52036856,2956
18--11840,11/8/2018,5:05 PM,BLACKBURN BYPASS EB btwn 1700 W OF NAVAN RD & NAVAN RD (__3ZA3J6B),__3ZA3J6B,01 - Non intersection,03 - P.D. only,03 - Rear end,01 - Clear,05 - Dusk,01 - Dry,10 - No control,,2,0,0,0,,0,,,,,379336.4538,5033059.554,45.43349593,-75.54736188,2957
18--11841,11/8/2018,5:20 PM,BASELINE RD @ ROCKWAY CRES (0002187),2187,02 - Intersection related,03 - P.D. only,03 - Rear end,01 - Clear,05 - Dusk,01 - Dry,02 - Stop sign,01 - Functioning,2,0,0,0,,0,,,,,361184.651,5022932.507,45.34407302,-75.78049275,2958
18--11842,11/8/2018,5:21 PM,CARLING AVE @ EDGEWORTH AVE (0002718),2718,03 - At intersection,02 - Non-fatal injury,05 - Turning movement,01 - Clear,07 - Dark,01 - Dry,01 - Traffic signal,01 - Functioning,2,0,0,0,02 - Minor,1,,1,,,361262.5162,5025424.5,45.36648959,-75.7792146,2959
18--11843,11/8/2018,5:21 PM,REGIONAL ROAD 174 EB btwn HWY417 IC113 RAMP65 & OR174 BLAIR IC112 RAMP51 (__3ZAZFJ),__3ZAZFJ,01 - Non intersection,03 - P.D. only,03 - Rear end,01 - Clear,07 - Dark,01 - Dry,10 - No control,,3,0,0,0,,0,,,,,374390.517,5032515.289,45.42910861,-75.61064406,2960
18--11844,11/8/2018,5:25 PM,CENTREPOINTE DR @ TALLWOOD DR (0004573),4573,02 - Intersection related,03 - P.D. only,05 - Turning movement,01 - Clear,07 - Dark,01 - Dry,01 - Traffic signal,01 - Functioning,2,0,0,0,,0,,,,,362670.711,5022576.59,45.34074948,-75.76157279,2961
18--11845,11/8/2018,5:25 PM,SOMERSET ST    W btwn METCALFE ST & ELGIN ST (__3ZA341),__3ZA341,04 - At/near private drive,03 - P.D. only,02 - Angle,01 - Clear,07 - Dark,01 - Dry,10 - No control,,2,0,0,0,,0,,,,,368035.1218,5031119.463,45.41715294,-75.69203566,2962
18--11846,11/8/2018,5:39 PM,CANAAN RD @ REGIONAL RD 174 (0012882),12882,02 - Intersection related,02 - Non-fatal injury,03 - Rear end,01 - Clear,07 - Dark,01 - Dry,01 - Traffic signal,01 - Functioning,3,0,0,0,02 - Minor,3,,3,,,395771.8325,5043413.584,45.52470226,-75.33542604,2963
18--11847,11/8/2018,5:39 PM,WEST HUNT CLUB RD btwn MOODIE DR & RICHMOND RD (__3ZA4YH),__3ZA4YH,01 - Non intersection,03 - P.D. only,03 - Rear end,01 - Clear,07 - Dark,01 - Dry,10 - No control,,2,0,0,0,,0,,,,,357713.7005,5018405.555,45.30360952,-75.82526503,2964
18--11848,11/8/2018,6:00 PM,BASELINE RD btwn CORDOVA ST & BASSANO ST (__3ZBOCA),__3ZBOCA,01 - Non intersection,03 - P.D. only,03 - Rear end,01 - Clear,07 - Dark,02 - Wet,10 - No control,,2,0,0,0,,0,,,,,363676.6049,5024461.609,45.35762699,-75.74851431,2965
18--11849,11/8/2018,6:07 AM,BANK ST btwn SPRINGHILL RD & DALMENY RD (__3ZA27C),__3ZA27C,01 - Non intersection,03 - P.D. only,07 - SMV other,01 - Clear,07 - Dark,01 - Dry,10 - No control,,1,0,0,0,,0,,,,,385135.1055,5006266.122,45.19178553,-75.47760585,2966
18--1185,1/23/2018,6:50 AM,HIGHWAY 417 btwn HWY417 IC144 RAMP25 & HWY417 IC142 RAMP51 (__3ZA20J),__3ZA20J,01 - Non intersection,02 - Non-fatal injury,99 - Other,02 - Rain,07 - Dark,04 - Slush,10 - No control,,2,0,0,0,01 - Minimal,2,2,,,,348384.7088,5016706.379,45.28896057,-75.94436783,2967
18--11850,11/8/2018,6:07 PM,WEST HUNT CLUB RD btwn MOODIE DR & HWY416 IC72 RAMP53 (__3ZA4YJ),__3ZA4YJ,01 - Non intersection,03 - P.D. only,03 - Rear end,01 - Clear,07 - Dark,01 - Dry,10 - No control,,3,0,0,0,,0,,,,,358039.7967,5018574.518,45.30510523,-75.82108892,2968
18--11851,11/8/2018,6:17 PM,PRINCE OF WALES DR @ NORMANDY CRES/MELFA CRES  (0006963),6963,02 - Intersection related,03 - P.D. only,03 - Rear end,01 - Clear,07 - Dark,01 - Dry,02 - Stop sign,01 - Functioning,2,0,0,0,,0,,,,,367427.0649,5025222.736,45.36415047,-75.70055251,2969
18--11852,11/8/2018,6:30 AM,REGIONAL ROAD 174 btwn Continuation of REGIONAL ROAD 174 & OR174 IC112 (__3ZA2YI),__3ZA2YI,01 - Non intersection,03 - P.D. only,03 - Rear end,01 - Clear,03 - Dawn,01 - Dry,10 - No control,,2,0,0,0,,0,,,,,374373.0287,5032524.55,45.42919368,-75.61086623,2970
18--11853,11/8/2018,6:30 PM,CARP RD btwn ECHOWOODS AVE/KITTIWAKE DR & ROTHBOURNE RD (__4YT2RX),__4YT2RX,01 - Non intersection,03 - P.D. only,03 - Rear end,01 - Clear,07 - Dark,01 - Dry,10 - No control,,2,0,0,0,,0,,,,,348368.4964,5014768.609,45.27152482,-75.94474461,2971
18--11854,11/8/2018,6:45 PM,HIGHWAY 417 btwn HWY417 IC121A RAMP16 & HWY417 IC121A RAMP61 (__3ZA2YY),__3ZA2YY,01 - Non intersection,03 - P.D. only,03 - Rear end,01 - Clear,07 - Dark,01 - Dry,10 - No control,,3,0,0,0,,0,,,,,367236.4587,5029749.269,45.40489607,-75.70241285,2972
18--11855,11/8/2018,7:22 PM,ST. LAURENT BLVD @ COVENTRY RD/OGILVIE RD (0002151),2151,02 - Intersection related,02 - Non-fatal injury,05 - Turning movement,01 - Clear,07 - Dark,01 - Dry,01 - Traffic signal,00 - Unknown,2,1,0,0,01 - Minimal,1,1,,,,372305.7451,5031951.642,45.42424151,-75.63736129,2973
18--11856,11/8/2018,7:32 AM,LEITRIM RD btwn 810 W OF HAWTHORNE & BANK ST (__3ZA3SPA),__3ZA3SPA,04 - At/near private drive,03 - P.D. only,02 - Angle,01 - Clear,03 - Dawn,01 - Dry,10 - No control,,2,0,0,0,,0,,,,,375401.9294,5021645.435,45.33120564,-75.59927432,2974
18--11857,11/8/2018,7:38 AM,HWY 417 MAITLAND IC126R26/62 @ MAITLAND AVE (0008228),8228,03 - At intersection,03 - P.D. only,05 - Turning movement,01 - Clear,01 - Daylight,01 - Dry,01 - Traffic signal,01 - Functioning,2,0,0,0,,0,,,,,363145.6889,5025983.519,45.37136535,-75.75511051,2975
18--11858,11/8/2018,8:10 AM,IVY CRES E @ MACKAY ST E (0008619),8619,02 - Intersection related,03 - P.D. only,04 - Sideswipe,01 - Clear,01 - Daylight,01 - Dry,02 - Stop sign,00 - Unknown,2,0,0,0,,0,,,,,368992.6994,5033658.6,45.43991194,-75.67947084,2976
18--11859,11/8/2018,8:12 AM,UPMINSTER WAY btwn TOTTERIDGE AVE & GOSPEL OAK DR (__4V7QV8),__4V7QV8,04 - At/near private drive,03 - P.D. only,02 - Angle,01 - Clear,01 - Daylight,01 - Dry,10 - No control,,2,0,0,0,,0,,,,,364846.5418,5016311.445,45.2841933,-75.73457101,2977
18--1186,1/23/2018,7:27 AM,CARP RD/HWY 417 CARP IC144R63 @ HWY 417 CARP I (0001100),1100,02 - Intersection related,02 - Non-fatal injury,03 - Rear end,04 - Freezing Rain,03 - Dawn,06 - Ice,01 - Traffic signal,01 - Functioning,2,0,0,0,01 - Minimal,1,1,,,,347300.5773,5015926.448,45.28200886,-75.95825487,2978
18--11860,11/8/2018,8:51 PM,HAWTHORNE RD @ HUNT CLUB RD (0007651),7651,02 - Intersection related,03 - P.D. only,03 - Rear end,03 - Snow,07 - Dark,04 - Slush,01 - Traffic signal,01 - Functioning,2,0,0,0,,0,,,,,375507.7647,5026406.892,45.37403643,-75.59724335,2979
18--11861,11/8/2018,9:00 PM,UPPER DWYER HILL RD btwn RITCHIE SIDE RD & HANSON SIDE RD (__3ZAC18),__3ZAC18,01 - Non intersection,03 - P.D. only,07 - SMV other,01 - Clear,07 - Dark,01 - Dry,10 - No control,,1,0,0,0,,0,,,,,323464.8933,5026052.233,45.37416404,-76.26169679,2980
18--11862,11/8/2018,9:05 AM,CARLING AVE @ WOODROFFE AVE W (0011470),11470,02 - Intersection related,03 - P.D. only,03 - Rear end,01 - Clear,01 - Daylight,01 - Dry,01 - Traffic signal,01 - Functioning,2,0,0,0,,0,,,,,361767.8032,5025725.667,45.36915858,-75.77273003,2981
18--11863,11/8/2018,9:20 AM,BANTREE ST @ INNES RD (0007684),7684,03 - At intersection,03 - P.D. only,02 - Angle,01 - Clear,01 - Daylight,01 - Dry,01 - Traffic signal,01 - Functioning,2,0,0,0,,0,,,,,373705.7236,5030406.556,45.41020309,-75.61968948,2982
18--11864,11/8/2018,9:25 AM,BELFAST RD @ ST. LAURENT BLVD (0007658),7658,02 - Intersection related,03 - P.D. only,04 - Sideswipe,01 - Clear,01 - Daylight,01 - Dry,01 - Traffic signal,01 - Functioning,2,0,0,0,,0,,,,,372860.5776,5030578.809,45.41183565,-75.63046167,2983
18--11865,11/8/2018,9:31 PM,HWY 417 PALLADI IC142R36 @ PALLADIUM DR (0010683),10683,02 - Intersection related,03 - P.D. only,03 - Rear end,01 - Clear,07 - Dark,01 - Dry,01 - Traffic signal,01 - Functioning,2,0,0,0,,0,,,,,348774.0957,5017374.242,45.29494596,-75.93934483,2984
18--11866,11/9/2018,1:25 AM,OLD CARP RD btwn HUNTMAR DR & SECOND LINE RD (__3ZACVV),__3ZACVV,01 - Non intersection,03 - P.D. only,07 - SMV other,01 - Clear,07 - Dark,01 - Dry,10 - No control,,1,0,0,0,,0,,,,,345541.6846,5022472.426,45.34101608,-75.98013589,2985
18--11867,11/9/2018,1:40 PM,DEAKIN ST @ PRINCE OF WALES DR (0001073),1073,03 - At intersection,02 - Non-fatal injury,05 - Turning movement,03 - Snow,01 - Daylight,02 - Wet,01 - Traffic signal,01 - Functioning,2,1,0,0,02 - Minor,1,,1,,,367390.5728,5021523.555,45.33086924,-75.70148644,2986
18--11868,11/9/2018,10:05 PM,BANK ST btwn RIDEAU RD & TURN LANE (__3ZBPH9),__3ZBPH9,01 - Non intersection,02 - Non-fatal injury,07 - SMV other,03 - Snow,07 - Dark,03 - Loose snow,10 - No control,,1,0,0,0,01 - Minimal,1,1,,,,377552.0348,5016405.73,45.28384149,-75.57261639,2987
18--11869,11/9/2018,10:15 AM,BRONSON AVE @ FIRST AVE (0007719),7719,03 - At intersection,03 - P.D. only,02 - Angle,01 - Clear,01 - Daylight,01 - Dry,02 - Stop sign,01 - Functioning,2,0,0,0,,0,,,,,367489.7326,5029236.672,45.40026123,-75.69924291,2988
18--1187,1/23/2018,7:59 PM,FAIRMONT AVE @ WELLINGTON ST (0006497),6497,03 - At intersection,02 - Non-fatal injury,07 - SMV other,04 - Freezing Rain,07 - Dark,04 - Slush,01 - Traffic signal,01 - Functioning,1,0,0,1,01 - Minimal,1,1,,,,365555.8394,5029699.284,45.4045942,-75.72388587,2989