Anom_ID,Accident_Date,Accident_Time,Location,Geo_ID,Accident_Location,Classification_of_Accident,Initial_Impact_Type,Environment_Condition,Light,Road_Surface_Condition,Traffic_Control,Traffic_Control_Condition,No__of_Vehicles,No__of_Bicycles,No__of_Motorcycles,No__of_Pedestrians,Max_Injury,No__of_Injuries,No__of_Minimal,No__of_Minor,No__of_Major,No__of_Fatal,X,Y,Latitude,Longitude,ObjectId
18--11870,11/9/2018,10:16 AM,RIDEAU ST btwn NICHOLAS ST & DALHOUSIE ST (__3ZA25T),__3ZA25T,01 - Non intersection,03 - P.D. only,04 - Sideswipe,01 - Clear,01 - Daylight,01 - Dry,10 - No control,,2,0,0,0,,0,,,,,368200.2014,5032223.029,45.42706751,-75.68978461,2990
18--11871,11/9/2018,10:19 PM,KING EDWARD AVE @ RIDEAU ST (0002121),2121,02 - Intersection related,03 - P.D. only,04 - Sideswipe,02 - Rain,07 - Dark,02 - Wet,01 - Traffic signal,01 - Functioning,2,0,0,0,,0,,,,,368511.6921,5032413.666,45.42875449,-75.68577969,2991
18--11872,11/9/2018,10:29 PM,HIGHWAY 417 btwn HIGHWAY 417 & Continuation of HIGHWAY 417 (__3ZAZOB),__3ZAZOB,01 - Non intersection,03 - P.D. only,07 - SMV other,03 - Snow,07 - Dark,04 - Slush,10 - No control,,1,0,0,0,,0,,,,,353008.0397,5020242.847,45.32048058,-75.88508739,2992
18--11873,11/9/2018,10:30 PM,CONROY RD @ DAVIDSON RD N (0009364),9364,02 - Intersection related,03 - P.D. only,03 - Rear end,03 - Snow,07 - Dark,04 - Slush,02 - Stop sign,01 - Functioning,2,0,0,0,,0,,,,,374573.7512,5023515.511,45.34811466,-75.60957505,2993
18--11874,11/9/2018,10:45 PM,HAIG DR @ RUSSELL RD (0008394),8394,02 - Intersection related,02 - Non-fatal injury,07 - SMV other,03 - Snow,07 - Dark,02 - Wet,01 - Traffic signal,01 - Functioning,1,0,0,1,02 - Minor,1,,1,,,372730.7842,5029659.594,45.40357758,-75.63224636,2994
18--11875,11/9/2018,10:53 PM,STAGECOACH RD btwn OLD STAGECOACH RD & BLANCHFIELD RD (__30LJDU),__30LJDU,01 - Non intersection,03 - P.D. only,07 - SMV other,03 - Snow,07 - Dark,04 - Slush,10 - No control,,1,0,0,0,,0,,,,,377799.6386,5000964.482,45.14488008,-75.57172382,2995
18--11876,11/9/2018,11:02 PM,ABBOTT ST @ ROBERT GRANT AVE (0017398),17398,03 - At intersection,03 - P.D. only,07 - SMV other,03 - Snow,07 - Dark,03 - Loose snow,11 - Roundabout,01 - Functioning,1,0,0,0,,0,,,,,352212.6695,5015106.84,45.27431965,-75.89572316,2996
18--11877,11/9/2018,11:05 AM,BROCKINGTON CRES W @ MEDHURST DR W (0001036),1036,03 - At intersection,03 - P.D. only,02 - Angle,01 - Clear,01 - Daylight,01 - Dry,02 - Stop sign,01 - Functioning,2,0,0,0,,0,,,,,363559.8951,5021894.659,45.3345396,-75.75030879,2997
18--11878,11/9/2018,11:17 PM,SHEA RD btwn FERNBANK RD & FLEWELLYN RD (__3ZABGL),__3ZABGL,01 - Non intersection,03 - P.D. only,07 - SMV other,03 - Snow,07 - Dark,03 - Loose snow,10 - No control,,1,0,0,0,,0,,,,,352441.2629,5012809.233,45.25362964,-75.89303025,2998
18--11879,11/9/2018,11:32 PM,CHAMBERLAIN AVE @ PERCY ST (0007715),7715,03 - At intersection,03 - P.D. only,02 - Angle,03 - Snow,07 - Dark,02 - Wet,01 - Traffic signal,01 - Functioning,2,0,0,0,,0,,,,,367558.7438,5029824.665,45.40554564,-75.69828667,2999
18--1188,1/23/2018,8:15 AM,DUNROBIN RD btwn DUNROBIN RD & MURPHY SIDE RD (__3ZA3EB),__3ZA3EB,01 - Non intersection,03 - P.D. only,07 - SMV other,04 - Freezing Rain,01 - Daylight,04 - Slush,10 - No control,,1,0,0,0,,0,,,,,342443.1717,5031370.262,45.42125464,-76.01899304,3000
18--13230,12/4/2018,8:00 AM,MERIVALE RD @ MACFARLANE RD (0010373),10373,03 - At intersection,03 - P.D. only,02 - Angle,01 - Clear,01 - Daylight,01 - Dry,02 - Stop sign,01 - Functioning,2,0,0,0,,0,,,,,366153.2007,5020632.396,45.32295998,-75.71738144,3001
18--13231,12/4/2018,8:21 PM,BANK ST @ FOURTH AVE (0007249),7249,03 - At intersection,03 - P.D. only,05 - Turning movement,01 - Clear,07 - Dark,01 - Dry,02 - Stop sign,00 - Unknown,2,0,0,0,,0,,,,,368367.9126,5029476.526,45.40234017,-75.68799583,3002
18--13232,12/4/2018,8:30 PM,MERIVALE RD btwn SLACK RD & CAPITAL DR (__3ZA3IU),__3ZA3IU,01 - Non intersection,03 - P.D. only,07 - SMV other,02 - Rain,07 - Dark,02 - Wet,10 - No control,,1,0,0,0,,0,,,,,366042.4207,5020899.157,45.32536993,-75.71876142,3003
18--13233,12/4/2018,8:43 AM,GLEN MEADOWS CIRC btwn Continuation of GLEN MEADOWS CIRC & SAWYER WAY (__3ZAZLM),__3ZAZLM,01 - Non intersection,03 - P.D. only,06 - SMV unattended vehicle,01 - Clear,01 - Daylight,02 - Wet,10 - No control,,1,0,0,0,,0,,,,,356427.6034,5016008.347,45.28213474,-75.84191326,3004
18--13234,12/4/2018,8:47 PM,WEST RIDGE DR btwn LANDSWOOD WAY & FERNBANK RD (__5QCYVK),__5QCYVK,01 - Non intersection,03 - P.D. only,01 - Approaching,03 - Snow,07 - Dark,04 - Slush,10 - No control,,2,0,0,0,,0,,,,,350321.2941,5011785.307,45.24455631,-75.92013188,3005
18--13235,12/4/2018,9:26 AM,STRANDHERD DR btwn FALLOWFIELD RD & MARAVISTA DR (__6NFZTL),__6NFZTL,04 - At/near private drive,03 - P.D. only,02 - Angle,01 - Clear,01 - Daylight,01 - Dry,10 - No control,,2,0,0,0,,0,,,,,361144.9098,5014794.359,45.27084891,-75.78192504,3006
18--13236,12/4/2018,9:31 AM,RICHMOND RD @ WESTMINSTER AVE (0006900),6900,03 - At intersection,03 - P.D. only,02 - Angle,01 - Clear,01 - Daylight,01 - Dry,02 - Stop sign,01 - Functioning,2,0,0,0,,0,,,,,362367.5254,5027578.427,45.3857805,-75.76485841,3007
18--13237,12/4/2018,9:34 AM,NICHOLAS ST/NICHOLAS ST SB @ SB RAMP FROM WALL (0008232),8232,02 - Intersection related,03 - P.D. only,04 - Sideswipe,01 - Clear,01 - Daylight,01 - Dry,01 - Traffic signal,01 - Functioning,2,0,0,0,,0,,,,,368321.2494,5031893.755,45.42409383,-75.68828031,3008
18--13238,12/5/2018,1:01 PM,BANK ST @ WALKLEY RD (0011423),11423,03 - At intersection,02 - Non-fatal injury,05 - Turning movement,03 - Snow,01 - Daylight,02 - Wet,01 - Traffic signal,01 - Functioning,4,0,0,0,01 - Minimal,1,1,,,,370337.8314,5025947.879,45.37040898,-75.66330368,3009
18--13239,12/5/2018,1:05 PM,HWY417 IC129 RAMP61 btwn HWY417 IC129 RAMP63 & HIGHWAY 417 (__3ZAY5C),__3ZAY5C,01 - Non intersection,03 - P.D. only,07 - SMV other,03 - Snow,01 - Daylight,06 - Ice,10 - No control,,1,0,0,0,,0,,,,,360581.2763,5023713.51,45.35114871,-75.78810354,3010
18--1324,1/26/2018,7:46 PM,JEANNE D'ARC BLVD @ GREY NUNS DR/YOUVILLE DR (0003147),3147,03 - At intersection,03 - P.D. only,05 - Turning movement,01 - Clear,07 - Dark,01 - Dry,01 - Traffic signal,01 - Functioning,2,0,0,0,,0,,,,,379669.8711,5036701.319,45.46622621,-75.54254686,3011
18--13240,12/5/2018,1:10 PM,HWY417 IC131 RAMP55 btwn HIGHWAY 417 & HWY416 IC75B RAMP25 (__3ZAYG7),__3ZAYG7,01 - Non intersection,03 - P.D. only,07 - SMV other,03 - Snow,01 - Daylight,02 - Wet,10 - No control,,1,0,0,0,,0,,,,,358472.348,5022797.466,45.34307069,-75.81511572,3012
18--13241,12/5/2018,1:15 PM,HIGHWAY 417 btwn HWY417 IC118 RAMP76 & HWY417 IC118 RAMP67 (__3ZA2YR),__3ZA2YR,01 - Non intersection,03 - P.D. only,04 - Sideswipe,03 - Snow,01 - Daylight,05 - Packed snow,10 - No control,,3,0,0,0,,0,,,,,369718.1335,5031153.319,45.41730344,-75.67052936,3013
18--13242,12/5/2018,1:21 PM,HIGHWAY 417 btwn HWY417 IC124 RAMP57 & HWY417 IC124 RAMP55 (__3ZA2Y1),__3ZA2Y1,01 - Non intersection,03 - P.D. only,07 - SMV other,03 - Snow,01 - Daylight,06 - Ice,10 - No control,,1,0,0,0,,0,,,,,364371.4572,5027431.424,45.38429023,-75.73928803,3014
18--13243,12/5/2018,1:25 PM,HWY417 IC131 RAMP66 btwn TRANSIT & HWY417 IC130 RAMP36 (__6KES9I),__6KES9I,01 - Non intersection,02 - Non-fatal injury,99 - Other,03 - Snow,01 - Daylight,06 - Ice,10 - No control,,3,0,0,0,01 - Minimal,1,1,,,,357890.3953,5022805.416,45.34318651,-75.82254033,3015
18--13244,12/5/2018,1:34 PM,HIGHWAY 417 btwn HWY417 IC122 RAMP16 & HWY417 IC122 RAMP61 (__3ZA2RA),__3ZA2RA,01 - Non intersection,03 - P.D. only,03 - Rear end,03 - Snow,01 - Daylight,06 - Ice,10 - No control,,2,0,0,0,,0,,,,,365352.3397,5028908.575,45.39749722,-75.72658229,3016
18--13245,12/5/2018,1:35 PM,BLACKBURN BYPASS @ INNES RD E (0009245),9245,02 - Intersection related,02 - Non-fatal injury,07 - SMV other,03 - Snow,01 - Daylight,03 - Loose snow,01 - Traffic signal,01 - Functioning,1,0,0,0,01 - Minimal,1,1,,,,379792.1462,5033781.583,45.4399435,-75.54142857,3017
18--13246,12/5/2018,1:40 PM,BRONSON AVE @ HOLMWOOD AVE (0007215),7215,02 - Intersection related,03 - P.D. only,03 - Rear end,03 - Snow,01 - Daylight,04 - Slush,01 - Traffic signal,01 - Functioning,2,0,0,0,,0,,,,,367700.5558,5028729.434,45.39567834,-75.69661495,3018
18--13247,12/5/2018,1:40 PM,HIGHWAY 417 btwn HWY417 IC117 RAMP61 & HWY417 IC115 RAMP36 (__3ZA2RZ),__3ZA2RZ,01 - Non intersection,03 - P.D. only,03 - Rear end,03 - Snow,01 - Daylight,03 - Loose snow,10 - No control,,2,0,0,0,,0,,,,,371798.2805,5031448.523,45.41976346,-75.64391374,3019
18--13248,12/5/2018,1:43 PM,NORTHSIDE RD @ CASSIDY RD (0000643),643,03 - At intersection,03 - P.D. only,02 - Angle,03 - Snow,01 - Daylight,06 - Ice,10 - No control,,2,0,0,0,,0,,,,,358853.9887,5021476.603,45.33115621,-75.81039044,3020
18--13249,12/5/2018,10:04 PM,AVIATION PKWY @ OGILVIE RD (0004114),4114,03 - At intersection,03 - P.D. only,02 - Angle,01 - Clear,07 - Dark,02 - Wet,01 - Traffic signal,01 - Functioning,2,0,0,0,,0,,,,,373110.6445,5032376.506,45.42798609,-75.62701796,3021
18--1325,1/26/2018,7:50 PM,SLATER ST btwn KENT ST & BANK ST (__3ZA349),__3ZA349,01 - Non intersection,03 - P.D. only,04 - Sideswipe,01 - Clear,07 - Dark,02 - Wet,10 - No control,,2,0,0,0,,0,,,,,367304.5254,5031279.372,45.4186574,-75.7013494,3022
18--13250,12/5/2018,10:06 AM,MARIER AVE @ MONTREAL RD (0009346),9346,03 - At intersection,03 - P.D. only,05 - Turning movement,01 - Clear,01 - Daylight,01 - Dry,01 - Traffic signal,01 - Functioning,2,0,0,0,,0,,,,,370419.895,5033261.474,45.43620628,-75.66128291,3023
18--13251,12/5/2018,10:30 AM,LAURIER AVE @ WALLER ST/TRANSITWAY (0002020),2020,02 - Intersection related,03 - P.D. only,03 - Rear end,02 - Rain,01 - Daylight,02 - Wet,01 - Traffic signal,01 - Functioning,2,0,0,0,,0,,,,,368454.4237,5031859.062,45.42376957,-75.68658317,3024
18--13252,12/5/2018,11:00 AM,ST. LAURENT BLVD @ MCARTHUR AVE (0008246),8246,02 - Intersection related,02 - Non-fatal injury,03 - Rear end,01 - Clear,01 - Daylight,01 - Dry,01 - Traffic signal,01 - Functioning,2,0,0,0,01 - Minimal,1,1,,,,371921.5323,5032887.662,45.43270036,-75.64214292,3025
18--13253,12/5/2018,11:00 AM,HIGHWAY 417 btwn HWY417 IC122 RAMP15 & HWY417 IC121B RAMP51 (__3ZA2RB),__3ZA2RB,01 - Non intersection,03 - P.D. only,04 - Sideswipe,01 - Clear,01 - Daylight,01 - Dry,10 - No control,,2,0,0,0,,0,,,,,366380.239,5029451.171,45.40228971,-75.71338671,3026
18--13254,12/5/2018,11:15 PM,FLEWELLYN RD btwn CONLEY RD & NO NAME (__5RG4JY),__5RG4JY,01 - Non intersection,03 - P.D. only,07 - SMV other,03 - Snow,07 - Dark,02 - Wet,10 - No control,,1,0,0,0,,0,,,,,348873.581,5008490.777,45.21500285,-75.9388643,3027
18--13255,12/5/2018,Unknown,LEATHER LEAF TERR btwn BLUEHEART BAY & SILVER SAGE AVE (e___1G9N),e___1G9N,01 - Non intersection,03 - P.D. only,06 - SMV unattended vehicle,03 - Snow,00 - Unknown,05 - Packed snow,10 - No control,,1,0,0,0,,0,,,,,364584.4185,5016495.544,45.28587216,-75.73788988,3028
18--13256,12/5/2018,Unknown,MATTINGLY WAY btwn BALLINVILLE CIR & SOUTHBRIDGE ST (__86L64Z),__86L64Z,01 - Non intersection,03 - P.D. only,06 - SMV unattended vehicle,01 - Clear,00 - Unknown,03 - Loose snow,10 - No control,,1,0,0,0,,0,,,,,367665.5,5014540.5,45.26801204,-75.69886472,3029
18--13257,12/5/2018,12:00 PM,CEDARVIEW RD @ WEST HUNT CLUB RD (0010267),10267,02 - Intersection related,02 - Non-fatal injury,03 - Rear end,01 - Clear,01 - Daylight,06 - Ice,01 - Traffic signal,01 - Functioning,2,0,0,0,01 - Minimal,1,1,,,,359718.3667,5019554.568,45.31379455,-75.79957686,3030
18--13258,12/5/2018,12:41 PM,LEITRIM RD @ LIMEBANK RD (0012318),12318,03 - At intersection,02 - Non-fatal injury,02 - Angle,01 - Clear,01 - Daylight,02 - Wet,01 - Traffic signal,01 - Functioning,2,0,0,0,02 - Minor,2,,2,,,369321.624,5017960.093,45.29863104,-75.67731722,3031
18--13259,12/5/2018,2:00 PM,JOCKVALE RD btwn END & STRANDHERD DR (__8IAYNB),__8IAYNB,04 - At/near private drive,03 - P.D. only,02 - Angle,03 - Snow,01 - Daylight,02 - Wet,10 - No control,,2,0,0,0,,0,,,,,363600.675,5014510.475,45.26809346,-75.75066434,3032
18--1326,1/26/2018,8:00 AM,WELLINGTON ST btwn BANK ST & O'CONNOR ST (__3ZA3MF),__3ZA3MF,01 - Non intersection,03 - P.D. only,04 - Sideswipe,01 - Clear,01 - Daylight,01 - Dry,10 - No control,,2,0,0,0,,0,,,,,367301.164,5031654.768,45.42203539,-75.70134472,3033
18--13260,12/5/2018,2:15 PM,RIVERSIDE DR @ HERON RD (0002236),2236,02 - Intersection related,03 - P.D. only,03 - Rear end,03 - Snow,01 - Daylight,03 - Loose snow,01 - Traffic signal,01 - Functioning,2,0,0,0,,0,,,,,368121.1802,5026647.431,45.37690715,-75.69151024,3034
18--13261,12/5/2018,2:15 PM,HIGHWAY 417 btwn HIGHWAY 417 & HIGHWAY 417 (2) (__3ZA2UZ),__3ZA2UZ,01 - Non intersection,03 - P.D. only,99 - Other,03 - Snow,01 - Daylight,05 - Packed snow,10 - No control,,3,0,0,0,,0,,,,,375179.5311,5030584.145,45.41165429,-75.60083769,3035
18--13262,12/5/2018,2:16 PM,BRONSON AVE btwn BREWER WAY & RIVERSIDE DR RAMPS 34B & 42A-3 (__3ZA3BR),__3ZA3BR,01 - Non intersection,03 - P.D. only,03 - Rear end,03 - Snow,01 - Daylight,05 - Packed snow,10 - No control,,2,0,0,0,,0,,,,,368173.2817,5027648.542,45.38591016,-75.69071657,3036
18--13263,12/5/2018,2:20 PM,HIGHWAY 417 btwn HWY417 IC110 RAMP64 & HWY417 IC104 RAMP16 (__3ZA2W9),__3ZA2W9,01 - Non intersection,03 - P.D. only,07 - SMV other,03 - Snow,01 - Daylight,03 - Loose snow,10 - No control,,1,0,0,0,,0,,,,,379258.8536,5026136.839,45.37121812,-75.54939875,3037
18--13264,12/5/2018,2:30 PM,SCALA AVE @ PORTOBELLO BLVD (0013032),13032,02 - Intersection related,03 - P.D. only,03 - Rear end,03 - Snow,01 - Daylight,03 - Loose snow,02 - Stop sign,01 - Functioning,2,0,0,0,,0,,,,,385640.6215,5036379.801,45.46266802,-75.46625645,3038
18--13265,12/5/2018,2:30 PM,COLONEL BY DR btwn CLEGG ST & ECHO DR N (__3ZA22H),__3ZA22H,01 - Non intersection,03 - P.D. only,07 - SMV other,03 - Snow,01 - Daylight,06 - Ice,10 - No control,,1,0,0,0,,0,,,,,368867.1667,5030324.189,45.40992165,-75.68150897,3039
18--13266,12/5/2018,2:33 PM,HARDING RD @ WALKLEY RD (0007652),7652,03 - At intersection,02 - Non-fatal injury,05 - Turning movement,03 - Snow,01 - Daylight,03 - Loose snow,01 - Traffic signal,01 - Functioning,2,0,0,0,02 - Minor,2,,2,,,373148.7958,5027608.686,45.38508373,-75.62719139,3040
18--13267,12/5/2018,2:40 PM,HIGHWAY 417 btwn HWY417 IC112 RAMP64 & HIGHWAY 417 (__3ZA2U1),__3ZA2U1,01 - Non intersection,03 - P.D. only,07 - SMV other,03 - Snow,01 - Daylight,05 - Packed snow,10 - No control,,1,0,0,0,,0,,,,,374951.0548,5030708.598,45.41279699,-75.60373861,3041
18--13268,12/5/2018,2:47 PM,CARLING AVE @ PRESTON ST (0002161),2161,02 - Intersection related,03 - P.D. only,04 - Sideswipe,03 - Snow,01 - Daylight,04 - Slush,01 - Traffic signal,01 - Functioning,2,0,0,0,,0,,,,,366829.6683,5028935.618,45.39761122,-75.70771118,3042
18--13269,12/5/2018,2:50 PM,HIGHWAY 417 btwn HWY417 IC126 RAMP25 & HWY417 IC124 RAMP57 (__3ZA2R5),__3ZA2R5,01 - Non intersection,03 - P.D. only,03 - Rear end,03 - Snow,01 - Daylight,02 - Wet,10 - No control,,3,0,0,0,,0,,,,,363900.0391,5026808.922,45.37872899,-75.74538191,3043
18--1327,1/26/2018,8:00 PM,GREENBANK RD @ WEST HUNT CLUB RD (0005167),5167,02 - Intersection related,03 - P.D. only,04 - Sideswipe,01 - Clear,07 - Dark,01 - Dry,01 - Traffic signal,01 - Functioning,2,0,0,0,,0,,,,,361479.6768,5020502.48,45.32218391,-75.77700659,3044
18--13270,12/5/2018,2:55 PM,HIGHWAY 416 btwn HWY416 IC66 RAMP53 & HWY416 IC57 RAMP34 (__3ZAZLC),__3ZAZLC,01 - Non intersection,03 - P.D. only,07 - SMV other,03 - Snow,01 - Daylight,06 - Ice,10 - No control,,1,0,0,0,,0,,,,,360750.5513,5013398.201,45.25831761,-75.78710772,3045
18--13271,12/5/2018,3:00 PM,HIGHWAY 416 btwn HWY416 IC66 RAMP53 & HWY416 IC57 RAMP34 (__3ZAZLC),__3ZAZLC,01 - Non intersection,03 - P.D. only,07 - SMV other,03 - Snow,01 - Daylight,06 - Ice,10 - No control,,1,0,0,0,,0,,,,,360526.4574,5013933.726,45.26315411,-75.78990272,3046
18--13272,12/5/2018,3:25 PM,BLACKBURN BYPASS @ INNES RD E (0009245),9245,02 - Intersection related,03 - P.D. only,03 - Rear end,03 - Snow,01 - Daylight,06 - Ice,01 - Traffic signal,01 - Functioning,2,0,0,0,,0,,,,,379791.8302,5033781.584,45.43994354,-75.54143261,3047
18--13273,12/5/2018,3:39 PM,SHEFFIELD RD btwn INNES PARK WAY & BANTREE ST (__3ZA79N),__3ZA79N,01 - Non intersection,03 - P.D. only,01 - Approaching,03 - Snow,01 - Daylight,06 - Ice,10 - No control,,2,0,0,0,,0,,,,,374456.6277,5030459.091,45.41060144,-75.61008998,3048
18--13274,12/5/2018,3:40 PM,HIGHWAY 417 btwn HWY417 IC110 RAMP55 & HWY417 IC104 RAMP51 (__3ZA2W8),__3ZA2W8,01 - Non intersection,03 - P.D. only,04 - Sideswipe,03 - Snow,01 - Daylight,05 - Packed snow,10 - No control,,2,0,0,0,,0,,,,,379216.5385,5026088.961,45.37079184,-75.54994611,3049
18--13275,12/5/2018,3:45 PM,BRONSON AVE RAMP 24A/42A-1 btwn BRONSON AVE RAMP 42A-3/42B & TO BE DET (__3ZAYCQ),__3ZAYCQ,01 - Non intersection,03 - P.D. only,07 - SMV other,03 - Snow,01 - Daylight,06 - Ice,10 - No control,,1,0,0,0,,0,,,,,368527.9274,5027084.921,45.38080669,-75.68626092,3050
18--13276,12/5/2018,3:55 PM,BASELINE RD @ GREENBANK RD (0002357),2357,02 - Intersection related,03 - P.D. only,03 - Rear end,03 - Snow,01 - Daylight,03 - Loose snow,01 - Traffic signal,01 - Functioning,2,0,0,0,,0,,,,,360597.4205,5022584.292,45.34098674,-75.78802491,3051
18--13277,12/5/2018,4:39 PM,MAIN ST @ TORONTO ST (0007688),7688,03 - At intersection,03 - P.D. only,02 - Angle,03 - Snow,05 - Dusk,05 - Packed snow,02 - Stop sign,01 - Functioning,2,0,0,0,,0,,,,,369513.7695,5029341.551,45.40102073,-75.67337811,3052
18--13278,12/5/2018,4:40 PM,BLAIS RD btwn BANK ST & HAWTHORNE RD (__3ZA6G4),__3ZA6G4,01 - Non intersection,03 - P.D. only,07 - SMV other,"07 - Fog, mist, smoke, dust",05 - Dusk,06 - Ice,10 - No control,,1,0,0,0,,0,,,,,376283.3845,5019801.257,45.31452328,-75.58829651,3053
18--13279,12/5/2018,4:45 PM,HEMLOCK RD @ ST. LAURENT BLVD (0007183),7183,02 - Intersection related,03 - P.D. only,03 - Rear end,03 - Snow,05 - Dusk,04 - Slush,01 - Traffic signal,01 - Functioning,2,0,0,0,,0,,,,,371145.8149,5034781.731,45.44981635,-75.65180066,3054
18--1328,1/26/2018,8:15 AM,CAMPEAU DR @ KANATA AVE (0012003),12003,02 - Intersection related,02 - Non-fatal injury,03 - Rear end,01 - Clear,01 - Daylight,01 - Dry,01 - Traffic signal,01 - Functioning,2,0,0,0,01 - Minimal,1,1,,,,350594.8677,5019401.944,45.31307548,-75.91594444,3055
18--13280,12/5/2018,4:50 PM,MARCH RD btwn HALTON TERR/MAXWELL BRIDGE RD & MAXWELL RD (__3ZA2GD),__3ZA2GD,01 - Non intersection,03 - P.D. only,07 - SMV other,03 - Snow,07 - Dark,03 - Loose snow,10 - No control,,1,0,0,0,,0,,,,,348725.2877,5024650.494,45.36042275,-75.93932151,3056
18--13281,12/5/2018,5:00 PM,WOLFFDALE CRES btwn OKEE ST & BARRY ST (__3ZA1NJ),__3ZA1NJ,01 - Non intersection,03 - P.D. only,06 - SMV unattended vehicle,03 - Snow,07 - Dark,05 - Packed snow,10 - No control,,1,0,0,0,,0,,,,,371846.0482,5032269.625,45.42714679,-75.64319169,3057
18--13282,12/5/2018,5:30 PM,BANK ST @ WALKLEY RD (0011423),11423,02 - Intersection related,03 - P.D. only,03 - Rear end,03 - Snow,07 - Dark,03 - Loose snow,01 - Traffic signal,01 - Functioning,2,0,0,0,,0,,,,,370337.8672,5025947.798,45.37040825,-75.66330323,3058
18--13283,12/5/2018,5:37 PM,DALMENY RD S @ GORDON MURDOCK (0005292),5292,03 - At intersection,02 - Non-fatal injury,02 - Angle,01 - Clear,07 - Dark,02 - Wet,02 - Stop sign,01 - Functioning,2,0,0,0,01 - Minimal,1,1,,,,377317.7249,4998780.306,45.12527684,-75.57816783,3059
18--13284,12/5/2018,5:47 PM,BASELINE RD/HERON RD @ PRINCE OF WALES DR (0002345),2345,03 - At intersection,03 - P.D. only,05 - Turning movement,02 - Rain,07 - Dark,02 - Wet,01 - Traffic signal,01 - Functioning,2,0,0,0,,0,,,,,366873.5585,5026438.572,45.37513953,-75.70746468,3060
18--13285,12/5/2018,6:05 PM,INNES RD @ STAR TOP RD/WINDMILL LANE (0008734),8734,02 - Intersection related,02 - Non-fatal injury,03 - Rear end,03 - Snow,07 - Dark,06 - Ice,01 - Traffic signal,01 - Functioning,2,0,0,0,01 - Minimal,1,1,,,,374147.7296,5030666.214,45.41249571,-75.61400674,3061
18--13286,12/5/2018,6:14 PM,CLOVER ST @ HERON RD (0006837),6837,03 - At intersection,02 - Non-fatal injury,05 - Turning movement,03 - Snow,07 - Dark,02 - Wet,01 - Traffic signal,01 - Functioning,2,0,0,0,01 - Minimal,1,1,,,,369292.5771,5026764.452,45.37785323,-75.67654001,3062
18--13287,12/5/2018,6:26 PM,HALTON TERR/MAXWELL BRIDGE RD @ MARCH RD (0011852),11852,03 - At intersection,03 - P.D. only,05 - Turning movement,03 - Snow,07 - Dark,03 - Loose snow,01 - Traffic signal,01 - Functioning,2,0,0,0,,0,,,,,348932.5592,5024422.654,45.35835957,-75.93669629,3063
18--13288,12/5/2018,6:30 PM,HAZELDEAN RD @ TERRY FOX DR (0003682),3682,02 - Intersection related,03 - P.D. only,03 - Rear end,01 - Clear,07 - Dark,02 - Wet,01 - Traffic signal,01 - Functioning,2,0,0,0,,0,,,,,352207.6005,5017242.373,45.29353611,-75.89558374,3064
18--13289,12/5/2018,6:30 PM,HIGHWAY 417 btwn HWY417 IC104 RAMP15 & HWY417 IC96 RAMP51 (__3ZA2W4),__3ZA2W4,01 - Non intersection,02 - Non-fatal injury,07 - SMV other,01 - Clear,07 - Dark,01 - Dry,10 - No control,,1,0,0,0,02 - Minor,1,,1,,,382591.5579,5025425.072,45.36445214,-75.50696914,3065
18--1329,1/26/2018,8:24 AM,PARKDALE AVE @ SHERWOOD DR (0006383),6383,03 - At intersection,03 - P.D. only,02 - Angle,01 - Clear,01 - Daylight,01 - Dry,01 - Traffic signal,01 - Functioning,2,0,0,0,,0,,,,,365380.3546,5028746.939,45.39604043,-75.72624434,3066
18--13290,12/5/2018,6:32 PM,SECOND LINE RD btwn THOMAS A. DOLAN PKWY & MURPHY SIDE RD (__3ZBNBL),__3ZBNBL,01 - Non intersection,03 - P.D. only,07 - SMV other,03 - Snow,07 - Dark,03 - Loose snow,10 - No control,,1,0,0,0,,0,,,,,341823.7414,5029693.357,45.40619846,-76.02703386,3067
18--13291,12/5/2018,6:40 PM,GEORGE ST btwn DALHOUSIE ST & CUMBERLAND ST (__3ZA81O),__3ZA81O,04 - At/near private drive,03 - P.D. only,06 - SMV unattended vehicle,01 - Clear,07 - Dark,01 - Dry,10 - No control,,1,0,0,0,,0,,,,,368259.7928,5032376.916,45.42844673,-75.68900331,3068
18--13292,12/5/2018,6:45 PM,EAGLESON RD @ HAZELDEAN RD/ROBERTSON RD (0002715),2715,02 - Intersection related,03 - P.D. only,03 - Rear end,02 - Rain,07 - Dark,02 - Wet,01 - Traffic signal,01 - Functioning,2,0,0,0,,0,,,,,353673.5925,5018424.445,45.30407222,-75.87677787,3069
18--13293,12/5/2018,7:00 PM,FALLOWFIELD RD @ VIA PARK PL/275 W OF WOODROFFE AVE (0010154),10154,02 - Intersection related,03 - P.D. only,03 - Rear end,03 - Snow,07 - Dark,04 - Slush,01 - Traffic signal,01 - Functioning,2,0,0,0,,0,,,,,364847.6455,5017766.272,45.29728368,-75.73438083,3070
18--13294,12/5/2018,7:00 PM,DONALD ST btwn QUILL ST & BEAUDRY ST (__3ZA8Z9),__3ZA8Z9,04 - At/near private drive,03 - P.D. only,02 - Angle,03 - Snow,07 - Dark,02 - Wet,10 - No control,,2,0,0,0,,0,,,,,370784.3675,5032322.935,45.42772741,-75.6567507,3071
18--13295,12/5/2018,7:02 PM,BRONSON AVE @ SUNNYSIDE AVE/UNIVERSITY RD - CA (0007209),7209,03 - At intersection,02 - Non-fatal injury,07 - SMV other,01 - Clear,07 - Dark,01 - Dry,01 - Traffic signal,01 - Functioning,1,0,0,1,01 - Minimal,1,1,,,,367922.6313,5028091.645,45.38991971,-75.69386041,3072