Anom_ID,Accident_Date,Accident_Time,Location,Geo_ID,Accident_Location,Classification_of_Accident,Initial_Impact_Type,Environment_Condition,Light,Road_Surface_Condition,Traffic_Control,Traffic_Control_Condition,No__of_Vehicles,No__of_Bicycles,No__of_Motorcycles,No__of_Pedestrians,Max_Injury,No__of_Injuries,No__of_Minimal,No__of_Minor,No__of_Major,No__of_Fatal,X,Y,Latitude,Longitude,ObjectId
18--13296,12/5/2018,7:13 AM,VIEWMOUNT DR @ MERIVALE RD (0001528),1528,03 - At intersection,02 - Non-fatal injury,07 - SMV other,01 - Clear,03 - Dawn,01 - Dry,01 - Traffic signal,01 - Functioning,1,0,0,1,01 - Minimal,1,1,,,,365193.8236,5022948.536,45.34388353,-75.72933547,3073
18--13297,12/5/2018,7:15 PM,HILLIARD AVE btwn MILLBROOK CRES & VANSON AVE (__3ZAAPS),__3ZAAPS,01 - Non intersection,03 - P.D. only,02 - Angle,03 - Snow,07 - Dark,03 - Loose snow,10 - No control,,2,0,0,0,,0,,,,,366287.7614,5025507.599,45.36681448,-75.71505913,3074
18--13298,12/5/2018,7:30 PM,SHEFFIELD RD btwn INNES PARK WAY & BANTREE ST (__3ZA79N),__3ZA79N,01 - Non intersection,03 - P.D. only,07 - SMV other,03 - Snow,07 - Dark,03 - Loose snow,10 - No control,,1,0,0,0,,0,,,,,374193.6071,5030479.843,45.41081429,-75.61344692,3075
18--13299,12/5/2018,7:36 AM,BAY ST @ SOMERSET ST (0007204),7204,03 - At intersection,03 - P.D. only,02 - Angle,01 - Clear,03 - Dawn,01 - Dry,02 - Stop sign,01 - Functioning,2,0,0,0,,0,,,,,367244.615,5030644.624,45.41295148,-75.70219526,3076
18--133,1/2/2018,7:17 AM,HIGHWAY 417 btwn HWY417 IC124 RAMP65 & HWY417 IC122 RAMP51 (__3ZA2R8),__3ZA2R8,01 - Non intersection,03 - P.D. only,07 - SMV other,03 - Snow,03 - Dawn,06 - Ice,10 - No control,,1,0,0,0,,0,,,,,364729.966,5027943.463,45.38886688,-75.7346482,3077
18--1330,1/26/2018,8:25 PM,PRINCE OF WALES DR @ WEST HUNT CLUB RD (0000567),567,02 - Intersection related,03 - P.D. only,99 - Other,01 - Clear,07 - Dark,01 - Dry,01 - Traffic signal,01 - Functioning,2,0,0,0,,0,,,,,367459.0587,5021891.503,45.33417386,-75.70056623,3078
18--13300,12/5/2018,8:00 AM,HARCOURT AVE btwn BYRON AVE & MIDWAY AVE (__3ZAACY),__3ZAACY,01 - Non intersection,03 - P.D. only,06 - SMV unattended vehicle,03 - Snow,01 - Daylight,03 - Loose snow,10 - No control,,1,0,0,0,,0,,,,,361476.3543,5026153.508,45.37303189,-75.77640138,3079
18--13301,12/5/2018,8:10 AM,MERIVALE RD @ THAMES ST (0006168),6168,03 - At intersection,03 - P.D. only,03 - Rear end,01 - Clear,01 - Daylight,01 - Dry,02 - Stop sign,00 - Unknown,2,0,0,0,,0,,,,,364913.5866,5027526.789,45.38510199,-75.73235418,3080
18--13302,12/5/2018,8:39 PM,AVIATION PKWY @ OGILVIE RD (0004114),4114,03 - At intersection,03 - P.D. only,02 - Angle,01 - Clear,07 - Dark,02 - Wet,01 - Traffic signal,01 - Functioning,2,0,0,0,,0,,,,,373110.7715,5032376.654,45.42798741,-75.62701631,3081
18--13303,12/5/2018,8:42 AM,DALHOUSIE ST @ RIDEAU ST (0007646),7646,02 - Intersection related,02 - Non-fatal injury,07 - SMV other,01 - Clear,01 - Daylight,01 - Dry,01 - Traffic signal,00 - Unknown,1,0,0,0,01 - Minimal,1,1,,,,368206.6137,5032227.602,45.42710807,-75.68970208,3082
18--13304,12/5/2018,9:27 AM,BASELINE RD btwn NAVAHO DR & DEERFIELD DR (__3ZA4H4),__3ZA4H4,01 - Non intersection,03 - P.D. only,04 - Sideswipe,01 - Clear,01 - Daylight,01 - Dry,10 - No control,,2,0,0,0,,0,,,,,363180.9962,5024155.58,45.35491481,-75.75487574,3083
18--13305,12/5/2018,9:35 AM,HWY417 IC144 RAMP16 btwn CARP RD & HIGHWAY 417 (__3ZAY8V),__3ZAY8V,01 - Non intersection,03 - P.D. only,07 - SMV other,03 - Snow,01 - Daylight,02 - Wet,10 - No control,,1,0,0,0,,0,,,,,347453.067,5015960.465,45.28230572,-75.95630828,3084
18--13306,12/6/2018,1:21 AM,VICTORIA ST btwn 9TH LINE RD & YORKS CORNERS RD (__3ZA3X9),__3ZA3X9,01 - Non intersection,03 - P.D. only,07 - SMV other,"07 - Fog, mist, smoke, dust",07 - Dark,02 - Wet,10 - No control,,1,0,0,0,,0,,,,,388400.226,5013001.331,45.25200485,-75.43492799,3085
18--13307,12/6/2018,1:54 PM,MONTREAL RD btwn MONTGOMERY ST & PALACE ST (__3ZA3KD),__3ZA3KD,04 - At/near private drive,03 - P.D. only,02 - Angle,01 - Clear,01 - Daylight,02 - Wet,10 - No control,,2,0,0,0,,0,,,,,369901.5757,5032969.336,45.43362619,-75.66794571,3086
18--13308,12/6/2018,10:00 AM,BOOTH ST btwn MIDDLE ST & VIMY PLACE PRIV (__5VHJ3U),__5VHJ3U,01 - Non intersection,03 - P.D. only,04 - Sideswipe,01 - Clear,01 - Daylight,01 - Dry,10 - No control,,2,0,0,0,,0,,,,,366138.2042,5031259.619,45.41858289,-75.71625309,3087
18--13309,12/6/2018,10:15 AM,ALTA VISTA DR @ SMYTH RD (0011353),11353,02 - Intersection related,03 - P.D. only,04 - Sideswipe,01 - Clear,01 - Daylight,02 - Wet,01 - Traffic signal,01 - Functioning,2,0,0,0,,0,,,,,370432.9145,5029081.961,45.39859947,-75.6616732,3088
18--1331,1/26/2018,8:30 AM,SMYTH RD @ GENERAL HOSPITAL E (0008855),8855,02 - Intersection related,03 - P.D. only,03 - Rear end,01 - Clear,01 - Daylight,03 - Loose snow,01 - Traffic signal,01 - Functioning,2,0,0,0,,0,,,,,371516.7172,5029181.552,45.39939311,-75.64781789,3089
18--13310,12/6/2018,11:58 PM,CARLING AVE btwn MOODIE DR & GRANDVIEW RD (__3ZBOCP),__3ZBOCP,01 - Non intersection,03 - P.D. only,07 - SMV other,"07 - Fog, mist, smoke, dust",07 - Dark,01 - Dry,10 - No control,,1,0,0,0,,0,,,,,355909.4465,5023975.163,45.35385913,-75.84769565,3090
18--13311,12/6/2018,Unknown,NUTGROVE AVE btwn BAYNES SOUND WAY & GREENDALE (__7JQ6BU),__7JQ6BU,01 - Non intersection,03 - P.D. only,06 - SMV unattended vehicle,01 - Clear,00 - Unknown,01 - Dry,10 - No control,,1,0,0,0,,0,,,,,364193.9419,5012309.752,45.24824144,-75.74336766,3091
18--13312,12/6/2018,12:30 AM,HIGHWAY 417 btwn RAMP & HWY417 IC88 RAMP51 (__3ZA2W2),__3ZA2W2,01 - Non intersection,03 - P.D. only,07 - SMV other,"07 - Fog, mist, smoke, dust",07 - Dark,02 - Wet,10 - No control,,1,0,0,0,,0,,,,,393851.157,5022453.227,45.33637482,-75.36379901,3092
18--13313,12/6/2018,12:50 PM,WELLINGTON ST @ PINHEY ST (0006513),6513,03 - At intersection,03 - P.D. only,02 - Angle,01 - Clear,01 - Daylight,01 - Dry,02 - Stop sign,01 - Functioning,2,0,0,0,,0,,,,,365455.1412,5029547.21,45.40323461,-75.72519081,3093
18--13314,12/6/2018,2:05 PM,TERMINAL AVE btwn RAILMARKET PRIV & STEAMLINE ST (__6N4T9G),__6N4T9G,01 - Non intersection,03 - P.D. only,04 - Sideswipe,01 - Clear,01 - Daylight,02 - Wet,10 - No control,,2,0,0,0,,0,,,,,371285.8697,5030884.98,45.41474182,-75.6505365,3094
18--13315,12/6/2018,2:10 PM,BILL LEATHEM DR @ LEIKIN DR S (0005135),5135,03 - At intersection,02 - Non-fatal injury,02 - Angle,01 - Clear,01 - Daylight,01 - Dry,02 - Stop sign,01 - Functioning,2,0,0,0,01 - Minimal,1,1,,,,366925.6356,5017439.464,45.29416243,-75.70792949,3095
18--13316,12/6/2018,2:35 PM,LYON ST @ SLATER ST (0002207),2207,02 - Intersection related,02 - Non-fatal injury,03 - Rear end,01 - Clear,01 - Daylight,02 - Wet,01 - Traffic signal,01 - Functioning,2,0,0,0,02 - Minor,1,,1,,,367102.5176,5031152.612,45.41753487,-75.70394633,3096
18--13317,12/6/2018,3:17 PM,SHEFFIELD RD @ WALKLEY RD (0005156),5156,02 - Intersection related,03 - P.D. only,04 - Sideswipe,01 - Clear,01 - Daylight,02 - Wet,01 - Traffic signal,01 - Functioning,2,0,0,0,,0,,,,,375257.6718,5028784.571,45.3954548,-75.60009661,3097
18--13318,12/6/2018,3:29 PM,STRANDHERD DR @ LONGFIELDS DR (0010935),10935,02 - Intersection related,03 - P.D. only,03 - Rear end,01 - Clear,01 - Daylight,01 - Dry,01 - Traffic signal,01 - Functioning,2,0,0,0,,0,,,,,364548.9573,5015173.326,45.27397788,-75.73850106,3098
18--13319,12/6/2018,3:30 PM,WOODROFFE AVE btwn FIRESTATION & BASELINE RD (__3ZA34KB),__3ZA34KB,01 - Non intersection,03 - P.D. only,03 - Rear end,01 - Clear,01 - Daylight,02 - Wet,10 - No control,,2,0,0,0,,0,,,,,362510.0642,5023876.259,45.35245704,-75.76347082,3099
18--1332,1/26/2018,8:37 PM,BAY ST @ SPARKS ST (0005128),5128,03 - At intersection,03 - P.D. only,02 - Angle,01 - Clear,07 - Dark,02 - Wet,01 - Traffic signal,01 - Functioning,2,0,0,0,,0,,,,,366856.3501,5031280.287,45.41870553,-75.70707528,3100
18--13500,12/9/2018,4:59 PM,MOODIE DR @ WEST HUNT CLUB RD (0010414),10414,02 - Intersection related,03 - P.D. only,03 - Rear end,01 - Clear,07 - Dark,01 - Dry,01 - Traffic signal,01 - Functioning,2,0,0,0,,0,,,,,357907.7851,5018498.543,45.30443159,-75.82278035,3101
18--13501,12/9/2018,5:00 PM,COURTYARD CRES btwn COURTYARD CRES & SABLE RIDGE DR (1) (__3ZA1L8),__3ZA1L8,01 - Non intersection,03 - P.D. only,06 - SMV unattended vehicle,01 - Clear,07 - Dark,05 - Packed snow,10 - No control,,1,0,0,0,,0,,,,,372623.8332,5024482.78,45.35700907,-75.63432355,3102
18--13502,12/9/2018,5:00 PM,CLEARVIEW AVE @ ISLAND PARK DR (0006144),6144,03 - At intersection,03 - P.D. only,02 - Angle,01 - Clear,07 - Dark,01 - Dry,02 - Stop sign,01 - Functioning,2,0,0,0,,0,,,,,363546.8447,5029364.874,45.40175673,-75.74958699,3103
18--13503,12/9/2018,5:44 PM,EAGLESON RD @ FALLOWFIELD RD (0000118),118,02 - Intersection related,03 - P.D. only,07 - SMV other,01 - Clear,07 - Dark,03 - Loose snow,01 - Traffic signal,01 - Functioning,1,0,0,0,,0,,,,,355961.7864,5012594.404,45.25144939,-75.84820222,3104
18--13504,12/9/2018,8:05 PM,PALLADIUM DR btwn CYCLONE TAYLOR BLVD & SILVER SEVEN RD (__3ZA561),__3ZA561,01 - Non intersection,03 - P.D. only,03 - Rear end,01 - Clear,07 - Dark,02 - Wet,10 - No control,,4,0,0,0,,0,,,,,350694.4011,5017704.337,45.29779345,-75.91483227,3105
18--13505,12/9/2018,9:30 AM,HAWTHORNE AVE @ MAIN ST (0006919),6919,02 - Intersection related,02 - Non-fatal injury,04 - Sideswipe,01 - Clear,01 - Daylight,01 - Dry,01 - Traffic signal,01 - Functioning,2,0,0,0,01 - Minimal,1,1,,,,368970.6441,5030632.58,45.41268696,-75.68014698,3106
18--13506,12/9/2018,9:34 PM,CHAMPLAIN BRIDGE/ISLAND PARK DR btwn BATE ISLAND & OTTAWA RIVER PKWY (__3ZA2ZEB),__3ZA2ZEB,07 - Overpass or bridge,03 - P.D. only,04 - Sideswipe,01 - Clear,07 - Dark,01 - Dry,10 - No control,,2,0,0,0,,0,,,,,363142.8492,5029584.008,45.40376225,-75.75472113,3107
18--13507,12/9/2018,9:41 PM,HIGHWAY 417 btwn HWY417 IC117 RAMP61 & HWY417 IC115 RAMP36 (__3ZA2RZ),__3ZA2RZ,01 - Non intersection,02 - Non-fatal injury,04 - Sideswipe,01 - Clear,07 - Dark,02 - Wet,10 - No control,,2,0,0,0,02 - Minor,1,,1,,,371287.8188,5031390.45,45.41928964,-75.6504434,3108
18--13508,12/10/2018,1:00 PM,ST. LAURENT BLVD @ COVENTRY RD/OGILVIE RD (0002151),2151,02 - Intersection related,03 - P.D. only,03 - Rear end,01 - Clear,01 - Daylight,01 - Dry,01 - Traffic signal,00 - Unknown,3,0,0,0,,0,,,,,372305.6727,5031951.584,45.424241,-75.63736222,3109
18--13509,12/10/2018,1:10 PM,TERRY FOX DR @ FERNBANK RD (0011863),11863,02 - Intersection related,03 - P.D. only,03 - Rear end,01 - Clear,01 - Daylight,01 - Dry,01 - Traffic signal,01 - Functioning,2,0,0,0,,0,,,,,354303.4486,5015130.625,45.27438959,-75.86907529,3110
18--1351,1/27/2018,11:07 AM,STITTSVILLE MAIN ST @ HOBIN ST/WILDPINE CRT (0000052),52,02 - Intersection related,03 - P.D. only,03 - Rear end,01 - Clear,01 - Daylight,01 - Dry,01 - Traffic signal,01 - Functioning,2,0,0,0,,0,,,,,349665.5768,5014034.434,45.2648369,-75.9282812,3111
18--13510,12/10/2018,10:00 AM,HOLLAND AVE @ ISLAND PARK DR/N.C.C. DRIVEWAY (0010787),10787,02 - Intersection related,02 - Non-fatal injury,02 - Angle,01 - Clear,01 - Daylight,01 - Dry,01 - Traffic signal,01 - Functioning,3,0,0,0,03 - Major,2,,1,1,,365425.6977,5027917.531,45.38857367,-75.72576717,3112
18--13511,12/10/2018,10:05 AM,RENAUD RD @ NAVAN RD (0003685),3685,02 - Intersection related,03 - P.D. only,03 - Rear end,01 - Clear,01 - Daylight,01 - Dry,01 - Traffic signal,01 - Functioning,2,0,0,0,,0,,,,,381816.6712,5032736.523,45.43032079,-75.51571778,3113
18--13512,12/10/2018,10:16 AM,TALLTREE CRES btwn ABBOTT ST E & ABBOTT ST E (__54POFG),__54POFG,01 - Non intersection,03 - P.D. only,06 - SMV unattended vehicle,01 - Clear,01 - Daylight,01 - Dry,10 - No control,,1,0,0,0,,0,,,,,351723.4953,5014713.119,45.27080964,-75.90199458,3114
18--13513,12/10/2018,10:18 AM,DUNDONALD DR @ RIVER MIST RD (0014076),14076,02 - Intersection related,03 - P.D. only,04 - Sideswipe,01 - Clear,01 - Daylight,01 - Dry,11 - Roundabout,01 - Functioning,2,0,0,0,,0,,,,,364756.3412,5011926.383,45.24474418,-75.73625,3115
18--13514,12/10/2018,10:30 PM,CRESTWAY DR @ PRINCE OF WALES DR (0010323),10323,03 - At intersection,03 - P.D. only,05 - Turning movement,01 - Clear,07 - Dark,01 - Dry,01 - Traffic signal,01 - Functioning,2,0,0,0,,0,,,,,367370.5233,5016577.128,45.28636375,-75.70236672,3116
18--13515,12/10/2018,10:40 AM,TERON RD @ BEAVERBROOK RD/PENFIELD DR N (0002572),2572,03 - At intersection,03 - P.D. only,07 - SMV other,01 - Clear,01 - Daylight,01 - Dry,01 - Traffic signal,01 - Functioning,1,0,0,0,,0,,,,,351884.7373,5021213.302,45.32928918,-75.89932248,3117
18--13516,12/10/2018,10:51 AM,NICHOLAS ST btwn DALY AVE & SB RAMP FROM WALLER/NICHOLAS/MACKENZIE KIN (__3ZA3VJ),__3ZA3VJ,01 - Non intersection,02 - Non-fatal injury,04 - Sideswipe,01 - Clear,01 - Daylight,01 - Dry,10 - No control,,2,0,0,0,02 - Minor,1,,1,,,368231.6444,5032040.753,45.4254246,-75.6894063,3118
18--13517,12/10/2018,11:25 AM,ST. JOSEPH BLVD btwn ST. JEAN ST & BELCOURT BLVD (__3ZA2AP),__3ZA2AP,04 - At/near private drive,03 - P.D. only,01 - Approaching,01 - Clear,01 - Daylight,01 - Dry,10 - No control,,2,0,0,0,,0,,,,,381119.4544,5037299.052,45.47144724,-75.52391911,3119
18--13518,12/10/2018,11:26 AM,BRONSON AVE @ FIFTH AVE/MADAWASKA DR (0006977),6977,02 - Intersection related,03 - P.D. only,03 - Rear end,01 - Clear,01 - Daylight,01 - Dry,01 - Traffic signal,00 - Unknown,2,0,0,0,,0,,,,,367613.646,5028938.55,45.39756771,-75.69769825,3120
18--13519,12/10/2018,11:45 AM,O'CONNOR ST btwn COOPER ST & SOMERSET ST W (__3ZA34V),__3ZA34V,01 - Non intersection,03 - P.D. only,04 - Sideswipe,01 - Clear,01 - Daylight,01 - Dry,10 - No control,,2,0,0,0,,0,,,,,367852.9083,5031017.704,45.41625379,-75.69437662,3121
18--1352,1/27/2018,11:10 PM,NAVAHO DR @ WOODROFFE AVE/TRANSITWAY N BASELIN (0010359),10359,02 - Intersection related,02 - Non-fatal injury,03 - Rear end,01 - Clear,07 - Dark,02 - Wet,01 - Traffic signal,01 - Functioning,2,0,0,0,01 - Minimal,1,1,,,,362706.2417,5023492.801,45.34899055,-75.7610122,3122
18--13520,12/10/2018,11:52 AM,VIEWMOUNT DR btwn FARM GATE CRES & OLD COUNTRY GT (__3ZA0AF),__3ZA0AF,04 - At/near private drive,03 - P.D. only,06 - SMV unattended vehicle,01 - Clear,01 - Daylight,02 - Wet,10 - No control,,1,0,0,0,,0,,,,,366775.8846,5023986.59,45.35308575,-75.70901916,3123
18--13521,12/10/2018,12:17 PM,ST. JOSEPH BLVD @ JEANNE D'ARC BLVD (0012421),12421,03 - At intersection,03 - P.D. only,04 - Sideswipe,01 - Clear,01 - Daylight,01 - Dry,11 - Roundabout,01 - Functioning,2,0,0,0,,0,,,,,379860.6667,5036471.591,45.46413881,-75.54014235,3124
18--13522,12/10/2018,12:43 AM,BRIAN COBURN BLVD btwn GERRY LALONDE DR & STRASBOURG ST (__6ZT4QS),__6ZT4QS,01 - Non intersection,02 - Non-fatal injury,07 - SMV other,01 - Clear,07 - Dark,02 - Wet,10 - No control,,1,0,0,0,01 - Minimal,1,1,,,,383815.2891,5034745.908,45.44817655,-75.48985658,3125
18--13523,12/10/2018,2:18 PM,DONALD ST @ EDITH AVE (0008623),8623,02 - Intersection related,02 - Non-fatal injury,03 - Rear end,01 - Clear,01 - Daylight,01 - Dry,02 - Stop sign,00 - Unknown,2,0,0,0,01 - Minimal,2,2,,,,370900.8218,5032336.738,45.42784061,-75.65526078,3126
18--13524,12/10/2018,2:22 PM,COVENTRY RD @ VANIER PKWY (0002139),2139,03 - At intersection,03 - P.D. only,03 - Rear end,01 - Clear,01 - Daylight,01 - Dry,01 - Traffic signal,01 - Functioning,3,0,0,0,,0,,,,,370676.1266,5031611.746,45.42133863,-75.65822893,3127
18--13525,12/10/2018,2:25 PM,DEVONSHIRE PL @ KIRKWOOD AVE (0006987),6987,02 - Intersection related,03 - P.D. only,03 - Rear end,01 - Clear,01 - Daylight,01 - Dry,02 - Stop sign,01 - Functioning,2,0,0,0,,0,,,,,364141.7022,5027801.511,45.38763971,-75.74217718,3128
18--13526,12/10/2018,2:40 PM,RIVERSIDE DR @ SMYTH RD NORTH SIDE RAMP (0011479),11479,02 - Intersection related,03 - P.D. only,03 - Rear end,03 - Snow,01 - Daylight,02 - Wet,01 - Traffic signal,01 - Functioning,2,0,0,0,,0,,,,,369937.5239,5029316.689,45.40075773,-75.66796914,3129
18--13527,12/10/2018,2:45 PM,HOLLAND AVE/TUNNEY'S PASTURE @ SCOTT ST (0006494),6494,03 - At intersection,03 - P.D. only,05 - Turning movement,01 - Clear,01 - Daylight,01 - Dry,01 - Traffic signal,01 - Functioning,2,0,0,0,,0,,,,,364737.6922,5029595.539,45.40373126,-75.73434881,3130
18--13528,12/10/2018,3:17 PM,INDUSTRIAL AVE btwn RUSSELL RD & ST. LAURENT BLVD (__3ZA3R7),__3ZA3R7,04 - At/near private drive,03 - P.D. only,02 - Angle,01 - Clear,01 - Daylight,01 - Dry,10 - No control,,2,0,0,0,,0,,,,,372591.4217,5030207.591,45.40852172,-75.63395104,3131
18--13529,12/10/2018,3:20 PM,CHAMPLAIN BRIDGE/ISLAND PARK DR btwn BATE ISLAND & OTTAWA RIVER PKWY (__3ZA2ZEB),__3ZA2ZEB,07 - Overpass or bridge,03 - P.D. only,03 - Rear end,01 - Clear,01 - Daylight,01 - Dry,10 - No control,,3,0,0,0,,0,,,,,363138.6889,5029595.567,45.4038666,-75.7547729,3132
18--1353,1/27/2018,11:20 AM,CATHERINE ST @ KENT ST (0002707),2707,03 - At intersection,03 - P.D. only,05 - Turning movement,01 - Clear,01 - Daylight,02 - Wet,01 - Traffic signal,01 - Functioning,2,0,0,0,,0,,,,,367907.707,5030188.564,45.40878851,-75.69378269,3133
18--13530,12/10/2018,3:23 PM,INNES RD @ TENTH LINE RD (0004633),4633,02 - Intersection related,03 - P.D. only,03 - Rear end,01 - Clear,01 - Daylight,01 - Dry,01 - Traffic signal,01 - Functioning,2,0,0,0,,0,,,,,383951.5305,5036159.466,45.46087906,-75.48788763,3134
18--13531,12/10/2018,3:27 PM,INNES RD @ ORCHARDVIEW AVE/ESPRIT DR (0012279),12279,02 - Intersection related,02 - Non-fatal injury,03 - Rear end,01 - Clear,01 - Daylight,01 - Dry,01 - Traffic signal,01 - Functioning,2,0,0,0,01 - Minimal,1,1,,,,384844.4556,5036560.622,45.46438655,-75.47640628,3135
18--13532,12/10/2018,4:05 PM,PARKDALE AVE @ SCOTT ST (0002213),2213,02 - Intersection related,03 - P.D. only,03 - Rear end,01 - Clear,05 - Dusk,01 - Dry,01 - Traffic signal,01 - Functioning,2,0,0,0,,0,,,,,364949.6109,5029726.522,45.40489164,-75.731626,3136
18--13533,12/10/2018,4:30 AM,RIDEAU VALLEY DR    N btwn RIDEAU NARROWS DR & PHELAN RD E (__3ZA395),__3ZA395,01 - Non intersection,03 - P.D. only,07 - SMV other,01 - Clear,07 - Dark,01 - Dry,10 - No control,,1,0,0,0,,0,,,,,372485.815,5005721.249,45.18821041,-75.63864253,3137
18--13534,12/10/2018,4:45 PM,BRITTANY DR @ MONTREAL RD (0007685),7685,03 - At intersection,03 - P.D. only,03 - Rear end,01 - Clear,05 - Dusk,02 - Wet,01 - Traffic signal,01 - Functioning,2,0,0,0,,0,,,,,371912.8095,5033994.66,45.44266144,-75.64210346,3138
18--13535,12/10/2018,5:14 PM,ROBINSON AVE btwn LEES AVE & HURDMAN RD (__3ZA5XX),__3ZA5XX,01 - Non intersection,03 - P.D. only,01 - Approaching,01 - Clear,07 - Dark,01 - Dry,10 - No control,,2,0,0,0,,0,,,,,369594.4844,5031198.924,45.41772523,-75.67210308,3139
18--13536,12/10/2018,5:15 PM,HIGHWAY 417 btwn HWY417 IC117 RAMP51 & HWY417 IC117 RAMP35 (__3ZA2YN),__3ZA2YN,01 - Non intersection,03 - P.D. only,03 - Rear end,01 - Clear,07 - Dark,01 - Dry,10 - No control,,2,0,0,0,,0,,,,,370771.0114,5031184.394,45.41748456,-75.65707384,3140
18--13537,12/10/2018,5:15 PM,HIGHWAY 417 btwn HWY417 IC117 RAMP51 & HWY417 IC117 RAMP35 (__3ZA2YN),__3ZA2YN,01 - Non intersection,03 - P.D. only,03 - Rear end,01 - Clear,07 - Dark,01 - Dry,10 - No control,,2,0,0,0,,0,,,,,370778.2678,5031186.207,45.41750018,-75.65698089,3141
18--13538,12/10/2018,5:15 PM,HIGHWAY 417 btwn HWY417 IC117 RAMP51 & HWY417 IC117 RAMP35 (__3ZA2YN),__3ZA2YN,01 - Non intersection,03 - P.D. only,03 - Rear end,01 - Clear,07 - Dark,01 - Dry,10 - No control,,2,0,0,0,,0,,,,,370769.4481,5031184.002,45.41748118,-75.65709386,3142
18--13539,12/10/2018,5:36 PM,DALMENY RD @ RIVER RD (0012900),12900,02 - Intersection related,03 - P.D. only,03 - Rear end,01 - Clear,07 - Dark,01 - Dry,02 - Stop sign,01 - Functioning,2,0,0,0,,0,,,,,374387.765,4996968.167,45.10926582,-75.61566032,3143
18--1354,1/27/2018,11:21 AM,BASELINE RD @ CENTREPOINTE DR E/HIGHGATE RD (0011468),11468,02 - Intersection related,03 - P.D. only,04 - Sideswipe,01 - Clear,01 - Daylight,01 - Dry,01 - Traffic signal,01 - Functioning,2,0,0,0,,0,,,,,362061.6862,5023465.506,45.34879787,-75.76924037,3144
18--13540,12/10/2018,5:42 PM,AVIATION PKWY @ OGILVIE RD (0004114),4114,02 - Intersection related,03 - P.D. only,07 - SMV other,04 - Freezing Rain,07 - Dark,05 - Packed snow,01 - Traffic signal,01 - Functioning,1,0,0,0,,0,,,,,373110.7141,5032376.585,45.42798679,-75.62701706,3145
18--13541,12/10/2018,5:46 PM,BANTREE ST @ INNES RD (0007684),7684,02 - Intersection related,03 - P.D. only,03 - Rear end,01 - Clear,07 - Dark,01 - Dry,01 - Traffic signal,00 - Unknown,2,0,0,0,,0,,,,,373705.4963,5030406.639,45.41020386,-75.61969237,3146
18--13542,12/10/2018,6:02 PM,BASELINE RD @ 207 E OF CLYDE AVE (0008213),8213,03 - At intersection,02 - Non-fatal injury,05 - Turning movement,01 - Clear,07 - Dark,01 - Dry,01 - Traffic signal,01 - Functioning,2,0,0,0,02 - Minor,2,1,1,,,364535.4141,5025000.915,45.36240694,-75.73748848,3147
18--13543,12/10/2018,6:40 PM,HIGHWAY 417 btwn HWY417 IC145 RAMP55 & HWY417 IC144 RAMP51 (__3ZA2Q4),__3ZA2Q4,01 - Non intersection,03 - P.D. only,04 - Sideswipe,01 - Clear,07 - Dark,01 - Dry,10 - No control,,2,0,0,0,,0,,,,,346708.9629,5015177.582,45.27530578,-75.96585894,3148
18--13544,12/10/2018,6:44 AM,OTTAWA RIVER PKWY EB btwn TURN LANE & TRANSIT (__3ZA23J),__3ZA23J,01 - Non intersection,02 - Non-fatal injury,03 - Rear end,01 - Clear,07 - Dark,01 - Dry,10 - No control,,2,0,0,0,01 - Minimal,1,1,,,,361439.7792,5027045.327,45.38105935,-75.77676601,3149
18--13545,12/10/2018,7:00 PM,MARAVISTA DR @ STRANDHERD DR (0013565),13565,02 - Intersection related,03 - P.D. only,04 - Sideswipe,01 - Clear,07 - Dark,01 - Dry,01 - Traffic signal,01 - Functioning,2,0,0,0,,0,,,,,361288.4381,5014584.958,45.26895318,-75.78011984,3150
18--13546,12/10/2018,7:00 PM,HIGHWAY 417 btwn HWY417 IC155 RAMP61 & HWY417 IC145 RAMP56 (__3ZA2Q2),__3ZA2Q2,01 - Non intersection,03 - P.D. only,07 - SMV other,01 - Clear,07 - Dark,01 - Dry,10 - No control,,1,0,0,0,,0,,,,,344410.3371,5015387.561,45.27732852,-75.99513762,3151
18--13547,12/10/2018,7:05 PM,FAIRLAWN AVE btwn WOODROFFE AVE & FOX CRES (__3ZA4NJ),__3ZA4NJ,04 - At/near private drive,03 - P.D. only,05 - Turning movement,01 - Clear,07 - Dark,01 - Dry,10 - No control,,2,0,0,0,,0,,,,,361972.7217,5025736.9,45.36924297,-75.77011289,3152
18--13548,12/10/2018,7:15 PM,ST. JOSEPH BLVD/OLD MONTREAL RD @ TRIM RD (0004118),4118,03 - At intersection,03 - P.D. only,04 - Sideswipe,01 - Clear,07 - Dark,01 - Dry,11 - Roundabout,01 - Functioning,2,0,0,0,,0,,,,,384683.067,5039285.856,45.48892406,-75.4780266,3153
18--13549,12/10/2018,7:48 AM,MERIVALE RD btwn VIEWMOUNT DR & COLONNADE RD (__3ZA33F),__3ZA33F,01 - Non intersection,03 - P.D. only,03 - Rear end,01 - Clear,03 - Dawn,01 - Dry,10 - No control,,2,0,0,0,,0,,,,,365326.3269,5022632.993,45.34103289,-75.7276834,3154