Anom_ID,Accident_Date,Accident_Time,Location,Geo_ID,Accident_Location,Classification_of_Accident,Initial_Impact_Type,Environment_Condition,Light,Road_Surface_Condition,Traffic_Control,Traffic_Control_Condition,No__of_Vehicles,No__of_Bicycles,No__of_Motorcycles,No__of_Pedestrians,Max_Injury,No__of_Injuries,No__of_Minimal,No__of_Minor,No__of_Major,No__of_Fatal,X,Y,Latitude,Longitude,ObjectId
18--1355,1/27/2018,Unknown,JAVA ST btwn CLARENDON AVE & HARMER AVE N (__3ZBON4),__3ZBON4,01 - Non intersection,03 - P.D. only,06 - SMV unattended vehicle,01 - Clear,00 - Unknown,05 - Packed snow,10 - No control,,1,0,0,0,,0,,,,,364791.6726,5028667.914,45.39538006,-75.73377215,3155
18--13550,12/10/2018,7:50 AM,NORICE ST @ WOODROFFE AVE (0001542),1542,02 - Intersection related,03 - P.D. only,03 - Rear end,01 - Clear,03 - Dawn,01 - Dry,01 - Traffic signal,01 - Functioning,2,0,0,0,,0,,,,,363194.588,5022397.248,45.33909236,-75.75490988,3156
18--13551,12/10/2018,8:07 PM,YORK ST WB btwn BYWARD MARKE SQ & SUSSEX DR (__3ZA1B0),__3ZA1B0,04 - At/near private drive,03 - P.D. only,02 - Angle,01 - Clear,07 - Dark,01 - Dry,10 - No control,,2,0,0,0,,0,,,,,367923.2527,5032337.896,45.42812609,-75.69330876,3157
18--13552,12/10/2018,8:10 AM,HWY417 IC139 RAMP15 btwn KANATA AVE & HIGHWAY 417 (__4BCL5L),__4BCL5L,01 - Non intersection,03 - P.D. only,07 - SMV other,01 - Clear,01 - Daylight,06 - Ice,10 - No control,,1,0,0,0,,0,,,,,351722.796,5019153.438,45.3107649,-75.90158346,3158
18--13553,12/10/2018,8:22 AM,SHEFFIELD RD @ WALKLEY RD (0005156),5156,02 - Intersection related,03 - P.D. only,03 - Rear end,01 - Clear,01 - Daylight,01 - Dry,01 - Traffic signal,01 - Functioning,2,0,0,0,,0,,,,,375257.7431,5028784.667,45.39545566,-75.60009569,3159
18--13554,12/10/2018,8:30 AM,KNOXDALE RD btwn CONOVER ST & SKIPTON RD (__3ZA4YS),__3ZA4YS,04 - At/near private drive,03 - P.D. only,99 - Other,01 - Clear,01 - Daylight,01 - Dry,10 - No control,,2,0,0,0,,0,,,,,362066.6602,5021053.053,45.32709031,-75.7694561,3160
18--13555,12/10/2018,8:40 PM,HIGHWAY 417 btwn HWY417 IC163 RAMP61 & HWY417 IC155 RAMP36 (__3ZA2QB),__3ZA2QB,01 - Non intersection,03 - P.D. only,07 - SMV other,01 - Clear,07 - Dark,01 - Dry,10 - No control,,1,0,0,0,,0,,,,,333388.7394,5020957.391,45.32798355,-76.13529123,3161
18--13556,12/10/2018,8:45 AM,STITTSVILLE MAIN ST btwn WARNER COLPITTS LANE & MULKINS ST (__3ZA3DF),__3ZA3DF,01 - Non intersection,03 - P.D. only,03 - Rear end,01 - Clear,01 - Daylight,01 - Dry,10 - No control,,2,0,0,0,,0,,,,,349945.439,5013709.366,45.26189391,-75.92474466,3162
18--13557,12/10/2018,9:05 AM,HAZELDEAN RD @ EDGEWATER ST (0003176),3176,03 - At intersection,03 - P.D. only,03 - Rear end,01 - Clear,01 - Daylight,01 - Dry,01 - Traffic signal,01 - Functioning,2,0,0,0,,0,,,,,352323.4413,5017351.464,45.29450991,-75.89409647,3163
18--13558,12/10/2018,9:09 AM,MAXIME ST btwn RIDGEBROOK DR & CYRVILLE RD (__3ZA7XA),__3ZA7XA,01 - Non intersection,03 - P.D. only,06 - SMV unattended vehicle,01 - Clear,01 - Daylight,01 - Dry,10 - No control,,1,0,0,0,,0,,,,,374747.4253,5031452.476,45.4195104,-75.60623431,3164
18--13559,12/10/2018,9:13 AM,SALTER CRES @ TERON RD (0012113),12113,02 - Intersection related,03 - P.D. only,03 - Rear end,01 - Clear,01 - Daylight,01 - Dry,02 - Stop sign,00 - Unknown,2,0,0,0,,0,,,,,352520.4291,5020552.596,45.32330108,-75.89127686,3165
18--1356,1/27/2018,Unknown,ROCHEFORT CIRC btwn Continuation of ROCHEFORT CIRC & Continuation of R (__6ZT4KS),__6ZT4KS,01 - Non intersection,03 - P.D. only,06 - SMV unattended vehicle,01 - Clear,00 - Unknown,06 - Ice,10 - No control,,1,0,0,0,,0,,,,,384115.4044,5034914.988,45.44966379,-75.48599321,3166
18--13560,12/10/2018,9:15 AM,EAST SHORE RD @ REGIONAL RD 174 (0012880),12880,03 - At intersection,03 - P.D. only,03 - Rear end,01 - Clear,01 - Daylight,01 - Dry,02 - Stop sign,01 - Functioning,2,0,0,0,,0,,,,,391771.7193,5042805.378,45.51974096,-75.38673138,3167
18--13561,12/11/2018,1:00 AM,MONTREAL RD btwn MONA AVE & LAFONTAINE AVE (__3ZA2GN),__3ZA2GN,01 - Non intersection,02 - Non-fatal injury,03 - Rear end,01 - Clear,07 - Dark,01 - Dry,10 - No control,,2,0,0,0,01 - Minimal,2,2,,,,370813.9527,5033469.348,45.43803954,-75.65621896,3168
18--13562,12/11/2018,1:24 PM,VIEWMOUNT DR btwn MERIVALE RD & GRANT CARMAN DR (__3ZA0AL),__3ZA0AL,04 - At/near private drive,03 - P.D. only,05 - Turning movement,03 - Snow,01 - Daylight,02 - Wet,10 - No control,,2,0,0,0,,0,,,,,365297.5864,5023011.254,45.34443891,-75.72800383,3169
18--13563,12/11/2018,1:50 PM,KING EDWARD AVE @ SUSSEX DR (0002653),2653,03 - At intersection,03 - P.D. only,05 - Turning movement,03 - Snow,01 - Daylight,02 - Wet,01 - Traffic signal,01 - Functioning,2,0,0,0,,0,,,,,367663.7346,5033503.653,45.43863854,-75.69647613,3170
18--13564,12/11/2018,10:04 PM,TERRY FOX DR btwn HAZELDEAN RD & 135 S OF HAZELDEAN RD/SOBEY'S SC (__3ZBPL2A),__3ZBPL2A,01 - Non intersection,03 - P.D. only,04 - Sideswipe,01 - Clear,07 - Dark,02 - Wet,10 - No control,,2,0,0,0,,0,,,,,352233.56,5017210.898,45.29325113,-75.8952558,3171
18--13565,12/11/2018,10:15 AM,GREENBANK RD @ STRANDHERD DR (0005563),5563,02 - Intersection related,03 - P.D. only,02 - Angle,03 - Snow,01 - Daylight,05 - Packed snow,01 - Traffic signal,01 - Functioning,2,0,0,0,,0,,,,,363933.67,5014784.41,45.27053042,-75.74638852,3172
18--13566,12/11/2018,10:31 AM,ALBION RD @ BANK ST (0012409),12409,02 - Intersection related,03 - P.D. only,03 - Rear end,01 - Clear,01 - Daylight,04 - Slush,01 - Traffic signal,01 - Functioning,2,0,0,0,,0,,,,,371946.4632,5024129.617,45.35389663,-75.64301622,3173
18--13567,12/11/2018,10:32 PM,RUSSELL RD btwn CARLSBAD LANE & MILTON RD (__3ZA3XY),__3ZA3XY,01 - Non intersection,03 - P.D. only,07 - SMV other,01 - Clear,07 - Dark,05 - Packed snow,10 - No control,,1,0,0,0,,0,,,,,389629.4675,5025327.972,45.36276218,-75.4171604,3174
18--13568,12/11/2018,10:55 AM,ALGOMA RD btwn COMSTOCK RD & STAR TOP RD (__3ZA797),__3ZA797,04 - At/near private drive,03 - P.D. only,05 - Turning movement,01 - Clear,01 - Daylight,02 - Wet,10 - No control,,2,0,0,0,,0,,,,,373763.6594,5031148.056,45.41686904,-75.61884565,3175
18--13569,12/11/2018,11:05 PM,LILLICO DR @ UPLANDS DR (0007473),7473,02 - Intersection related,03 - P.D. only,04 - Sideswipe,01 - Clear,07 - Dark,02 - Wet,03 - Yield sign,01 - Functioning,2,0,0,0,,0,,,,,370030.6764,5023280.448,45.34643688,-75.66757661,3176
18--1357,1/27/2018,Unknown,FIRST AVE btwn PERCY ST & LYON ST S (__3ZA92Y),__3ZA92Y,04 - At/near private drive,03 - P.D. only,06 - SMV unattended vehicle,01 - Clear,00 - Unknown,01 - Dry,10 - No control,,1,0,0,0,,0,,,,,368002.9007,5029543.07,45.40297197,-75.69264943,3177
18--13570,12/11/2018,11:10 AM,RIVERSIDE DR @ BROOKFIELD RD/HOG'S BACK RD (0001627),1627,02 - Intersection related,03 - P.D. only,03 - Rear end,03 - Snow,01 - Daylight,03 - Loose snow,01 - Traffic signal,01 - Functioning,2,0,0,0,,0,,,,,368167.6802,5026222.592,45.37308036,-75.6909711,3178
18--13571,12/11/2018,11:11 AM,ST. JOSEPH BLVD/OLD MONTREAL RD @ TRIM RD (0004118),4118,03 - At intersection,03 - P.D. only,07 - SMV other,04 - Freezing Rain,01 - Daylight,06 - Ice,11 - Roundabout,01 - Functioning,1,0,0,0,,0,,,,,384682.5673,5039285.787,45.4889235,-75.478033,3179
18--13572,12/11/2018,11:30 AM,AYLMER AVE btwn BARTON ST & GALT ST (__3ZBOTK),__3ZBOTK,04 - At/near private drive,03 - P.D. only,02 - Angle,03 - Snow,01 - Daylight,04 - Slush,10 - No control,,2,0,0,0,,0,,,,,368525.4533,5028639.583,45.3947953,-75.68609177,3180
18--13573,12/11/2018,11:36 PM,BRONSON AVE btwn BREWER WAY & RIVERSIDE DR RAMPS 34B & 42A-3 (__3ZA3BR),__3ZA3BR,01 - Non intersection,02 - Non-fatal injury,07 - SMV other,03 - Snow,07 - Dark,04 - Slush,10 - No control,,1,0,0,1,03 - Major,1,,,1,,368413.8523,5027190.654,45.38176841,-75.68770377,3181
18--13574,12/11/2018,11:38 AM,GLADSTONE AVE btwn KENT ST & BANK ST (__3ZA3PA),__3ZA3PA,01 - Non intersection,03 - P.D. only,06 - SMV unattended vehicle,03 - Snow,01 - Daylight,05 - Packed snow,10 - No control,,1,0,0,0,,0,,,,,367909.0236,5030558.142,45.41211374,-75.69371856,3182
18--13575,12/11/2018,11:48 AM,EAGLESON RD @ HAZELDEAN RD/ROBERTSON RD (0002715),2715,02 - Intersection related,03 - P.D. only,03 - Rear end,03 - Snow,01 - Daylight,02 - Wet,01 - Traffic signal,01 - Functioning,2,0,0,0,,0,,,,,353673.6175,5018424.618,45.30407377,-75.87677753,3183
18--13576,12/11/2018,Unknown,O'CONNOR ST btwn LAURIER AVE W & GLOUCESTER ST (__3ZBOES),__3ZBOES,01 - Non intersection,03 - P.D. only,06 - SMV unattended vehicle,01 - Clear,00 - Unknown,02 - Wet,10 - No control,,1,0,0,0,,0,,,,,367653.2161,5031332.536,45.41910451,-75.69688767,3184
18--13577,12/11/2018,Unknown,O'CONNOR ST btwn SOMERSET ST W & MACLAREN ST (__3ZA34Q),__3ZA34Q,01 - Non intersection,03 - P.D. only,06 - SMV unattended vehicle,01 - Clear,00 - Unknown,05 - Packed snow,10 - No control,,1,0,0,0,,0,,,,,367864.058,5030998.988,45.41608438,-75.69423657,3185
18--13578,12/11/2018,12:04 PM,MERIVALE RD/LOTTA AVE @ CLYDE AVE (0001112),1112,02 - Intersection related,03 - P.D. only,03 - Rear end,03 - Snow,01 - Daylight,04 - Slush,01 - Traffic signal,01 - Functioning,2,0,0,0,,0,,,,,364521.7411,5024507.483,45.35796828,-75.73772263,3186
18--13579,12/11/2018,12:20 PM,STRANDHERD DR btwn FALLOWFIELD RD & MARAVISTA DR (__6NFZTL),__6NFZTL,01 - Non intersection,03 - P.D. only,03 - Rear end,01 - Clear,01 - Daylight,03 - Loose snow,10 - No control,,2,0,0,0,,0,,,,,361262.2039,5014636.855,45.26942226,-75.78044824,3187
18--1358,1/27/2018,Unknown,DALHOUSIE ST btwn ST. PATRICK ST & MURRAY ST (__3ZA7A8),__3ZA7A8,01 - Non intersection,03 - P.D. only,06 - SMV unattended vehicle,01 - Clear,00 - Unknown,01 - Dry,10 - No control,,1,0,0,0,,0,,,,,367977.5032,5032609.735,45.43056711,-75.69258066,3188
18--13580,12/11/2018,12:35 PM,HIGHWAY 416 btwn HWY416 IC66 RAMP24 & HWY416 IC57 RAMP62 (__3ZA1OI),__3ZA1OI,01 - Non intersection,03 - P.D. only,07 - SMV other,03 - Snow,01 - Daylight,02 - Wet,10 - No control,,1,0,0,0,,0,,,,,362180.9824,5011971.219,45.24536228,-75.76904813,3189
18--13581,12/11/2018,12:46 PM,GARFIELD AVE @ MAITLAND AVE (0002031),2031,02 - Intersection related,03 - P.D. only,03 - Rear end,03 - Snow,01 - Daylight,02 - Wet,01 - Traffic signal,01 - Functioning,2,0,0,0,,0,,,,,363342.7305,5025562.633,45.36756183,-75.752645,3190
18--13582,12/11/2018,12:50 PM,BANK ST btwn FIFTH AVE & REGENT ST (__3ZA3OU),__3ZA3OU,01 - Non intersection,03 - P.D. only,06 - SMV unattended vehicle,03 - Snow,01 - Daylight,03 - Loose snow,10 - No control,,1,0,0,0,,0,,,,,368410.1951,5029372.875,45.40140371,-75.68746915,3191
18--13583,12/11/2018,12:55 PM,TREMBLAY RD @ TRAIN STATION (0011360),11360,02 - Intersection related,03 - P.D. only,04 - Sideswipe,01 - Clear,01 - Daylight,02 - Wet,01 - Traffic signal,01 - Functioning,2,0,0,0,,0,,,,,371168.2123,5031283.985,45.41834307,-75.65198586,3192
18--13584,12/11/2018,12:55 PM,ST. ANDRE DR btwn ST. LOUIS DR & END (__3ZA7J6),__3ZA7J6,01 - Non intersection,03 - P.D. only,02 - Angle,03 - Snow,01 - Daylight,03 - Loose snow,10 - No control,,2,0,0,0,,0,,,,,379729.0692,5038347.9,45.4810345,-75.54153882,3193
18--13585,12/11/2018,3:09 PM,CHARLEMAGNE BLVD @ GARDENWAY DR/BOTTRIELL WAY  (0003748),3748,03 - At intersection,03 - P.D. only,05 - Turning movement,03 - Snow,01 - Daylight,04 - Slush,01 - Traffic signal,01 - Functioning,2,0,0,0,,0,,,,,384049.7417,5037034.816,45.46874352,-75.48649087,3194
18--13586,12/11/2018,3:15 PM,SUSSEX DR btwn 262 N OF KING EDWARD AVE & STANLEY AVE (__3ZBOGCB),__3ZBOGCB,01 - Non intersection,03 - P.D. only,04 - Sideswipe,01 - Clear,01 - Daylight,01 - Dry,10 - No control,,2,0,0,0,,0,,,,,367790.1583,5033780.225,45.44111566,-75.69482495,3195
18--13587,12/11/2018,3:30 PM,NICHOLAS ST btwn DALY AVE & SB RAMP FROM WALLER/NICHOLAS/MACKENZIE KIN (__3ZA3VJ),__3ZA3VJ,01 - Non intersection,03 - P.D. only,04 - Sideswipe,01 - Clear,01 - Daylight,01 - Dry,10 - No control,,2,0,0,0,,0,,,,,368294.0721,5031944.738,45.42455503,-75.68862099,3196
18--13588,12/11/2018,3:40 PM,EAGLESON RD btwn MICHAEL COWPLAND DR/STONEHAVEN DR & 240 N OF CADENCE  (__3ZA41IA),__3ZA41IA,04 - At/near private drive,03 - P.D. only,02 - Angle,03 - Snow,01 - Daylight,03 - Loose snow,10 - No control,,2,0,0,0,,0,,,,,354457.4934,5016435.981,45.28612462,-75.8669815,3197
18--13589,12/11/2018,4:00 PM,DONALD ST @ ST. LAURENT BLVD (0008630),8630,02 - Intersection related,03 - P.D. only,03 - Rear end,03 - Snow,05 - Dusk,04 - Slush,01 - Traffic signal,01 - Functioning,2,0,0,0,,0,,,,,372093.7319,5032472.584,45.42894913,-75.63999907,3198
18--1359,1/27/2018,Unknown,STIRLING AVE btwn ARMSTRONG ST & WELLINGTON ST W (__3ZA0GC),__3ZA0GC,01 - Non intersection,03 - P.D. only,06 - SMV unattended vehicle,01 - Clear,00 - Unknown,06 - Ice,10 - No control,,1,0,0,0,,0,,,,,365378.1896,5029507.805,45.40288671,-75.72617854,3199
18--13590,12/11/2018,4:00 PM,NAVY PRIV @ PRINCE OF WALES DR (0006476),6476,02 - Intersection related,03 - P.D. only,02 - Angle,01 - Clear,05 - Dusk,02 - Wet,02 - Stop sign,01 - Functioning,2,0,0,0,,0,,,,,366840.5039,5028678.923,45.39530059,-75.70760508,3200
18--12691,11/23/2018,3:06 PM,BAYSHORE DR @ WOODRIDGE CRES S (0000360),360,03 - At intersection,03 - P.D. only,04 - Sideswipe,01 - Clear,01 - Daylight,02 - Wet,01 - Traffic signal,01 - Functioning,2,0,0,0,,0,,,,,359233.4313,5023509.763,45.34942131,-75.80532626,3201
18--12692,11/23/2018,3:14 AM,MCARTHUR AVE btwn IRWIN MILLER ST & BRANT ST (__3ZA3WB),__3ZA3WB,01 - Non intersection,03 - P.D. only,07 - SMV other,01 - Clear,07 - Dark,03 - Loose snow,10 - No control,,1,0,0,0,,0,,,,,371089.509,5032785.762,45.43186287,-75.65278926,3202
18--12693,11/23/2018,3:17 PM,CARDEVCO RD @ RICHARDSON SIDE RD (0005696),5696,02 - Intersection related,03 - P.D. only,03 - Rear end,01 - Clear,01 - Daylight,06 - Ice,02 - Stop sign,01 - Functioning,2,0,0,0,,0,,,,,345937.4795,5016909.659,45.29093727,-75.9755477,3203
18--12694,11/23/2018,4:04 PM,REGIONAL ROAD 174 btwn OR174 IC112 RAMP51 & OR174 IC112 RAMP15 (__3ZA2XE),__3ZA2XE,01 - Non intersection,02 - Non-fatal injury,03 - Rear end,01 - Clear,05 - Dusk,06 - Ice,10 - No control,,3,0,0,0,02 - Minor,5,,5,,,374912.701,5032906.602,45.43257728,-75.60391574,3204
18--12695,11/23/2018,4:05 PM,BRONSON AVE @ FIRST AVE (0007719),7719,02 - Intersection related,03 - P.D. only,02 - Angle,01 - Clear,01 - Daylight,01 - Dry,02 - Stop sign,01 - Functioning,2,0,0,0,,0,,,,,367489.7492,5029236.508,45.40025975,-75.69924272,3205
18--12696,11/23/2018,4:30 PM,FIELD ST btwn MAJOR ST & BERWICK AVE (__3ZAAXU),__3ZAAXU,04 - At/near private drive,03 - P.D. only,06 - SMV unattended vehicle,01 - Clear,05 - Dusk,05 - Packed snow,10 - No control,,1,0,0,0,,0,,,,,362594.6648,5024209.493,45.35544849,-75.76235223,3206
18--12697,11/23/2018,4:30 PM,CYRVILLE RD @ STAR TOP RD (0004210),4210,02 - Intersection related,03 - P.D. only,03 - Rear end,01 - Clear,05 - Dusk,01 - Dry,01 - Traffic signal,01 - Functioning,2,0,0,0,,0,,,,,373829.6785,5031518.659,45.42019703,-75.6179503,3207
18--12698,11/23/2018,4:40 PM,INNES RD btwn PRESTWICK DR & TENTH LINE RD (__3ZA3Y7),__3ZA3Y7,01 - Non intersection,03 - P.D. only,03 - Rear end,04 - Freezing Rain,05 - Dusk,04 - Slush,10 - No control,,2,0,0,0,,0,,,,,383654.1872,5036035.96,45.45980149,-75.49170898,3208
18--12699,11/23/2018,4:43 PM,MAITLAND AVE btwn AMESBROOKE DR & HENRY FARM DR (__3ZA4I3),__3ZA4I3,01 - Non intersection,03 - P.D. only,03 - Rear end,01 - Clear,05 - Dusk,01 - Dry,10 - No control,,3,0,0,0,,0,,,,,363840.5494,5025155.063,45.36385281,-75.74633911,3209
18--127,1/2/2018,6:35 AM,HIGHWAY 417 btwn HWY417 IC118 RAMP35 & HWY417 IC117 RAMP51 (__3ZA2YP),__3ZA2YP,01 - Non intersection,03 - P.D. only,03 - Rear end,01 - Clear,07 - Dark,06 - Ice,10 - No control,,2,0,0,0,,0,,,,,369817.8501,5031136.398,45.41714193,-75.66925763,3210
18--1270,1/25/2018,6:43 PM,INNES RD EB btwn INNES RD & INNES RD W (__3ZA3HD),__3ZA3HD,01 - Non intersection,03 - P.D. only,03 - Rear end,01 - Clear,07 - Dark,01 - Dry,10 - No control,,2,0,0,0,,0,,,,,376770.2362,5032121.626,45.42532585,-75.58029303,3211
18--12700,11/23/2018,4:43 PM,ST. LAURENT BLVD btwn HWY417 IC115 RAMP36 & TRANSIT (__3ZA1KA),__3ZA1KA,01 - Non intersection,02 - Non-fatal injury,03 - Rear end,01 - Clear,05 - Dusk,01 - Dry,10 - No control,,2,0,0,0,01 - Minimal,1,1,,,,372411.8281,5031696.677,45.42193721,-75.63604083,3212
18--12701,11/23/2018,4:45 PM,HAZELDEAN RD @ CARBROOKE ST/IRWIN GATE (0003187),3187,02 - Intersection related,03 - P.D. only,03 - Rear end,01 - Clear,05 - Dusk,01 - Dry,01 - Traffic signal,01 - Functioning,2,0,0,0,,0,,,,,353417.8118,5018265.531,45.30266002,-75.8800549,3213
18--12702,11/23/2018,4:50 PM,HIGHWAY 417 btwn HWY417 IC123 RAMP62 & HWY417 IC122 RAMP16 (__3ZA2R9),__3ZA2R9,01 - Non intersection,03 - P.D. only,03 - Rear end,01 - Clear,05 - Dusk,01 - Dry,10 - No control,,2,0,0,0,,0,,,,,364900.7417,5028299.035,45.39205161,-75.73242415,3214
18--12703,11/23/2018,5:25 PM,CARLING AVE @ CONNAUGHT AVE (0002143),2143,03 - At intersection,03 - P.D. only,05 - Turning movement,01 - Clear,07 - Dark,01 - Dry,01 - Traffic signal,01 - Functioning,2,0,0,0,,0,,,,,360770.5545,5025117.61,45.36376767,-75.78552912,3215
18--12704,11/23/2018,5:30 PM,HIGHWAY 417 btwn HWY417 IC126 RAMP25 & HWY417 IC124 RAMP57 (__3ZA2R5),__3ZA2R5,01 - Non intersection,03 - P.D. only,03 - Rear end,01 - Clear,07 - Dark,01 - Dry,10 - No control,,2,0,0,0,,0,,,,,363365.4144,5026094.769,45.37234803,-75.75229236,3216
18--12705,11/23/2018,5:31 PM,CASTLEFRANK RD @ HAZELDEAN RD (0003608),3608,03 - At intersection,03 - P.D. only,05 - Turning movement,01 - Clear,07 - Dark,02 - Wet,01 - Traffic signal,01 - Functioning,2,0,0,0,,0,,,,,352677.761,5017676.852,45.29741378,-75.88954789,3217
18--12706,11/23/2018,5:39 PM,PARKDALE AVE @ SHERWOOD DR (0006383),6383,03 - At intersection,02 - Non-fatal injury,02 - Angle,01 - Clear,07 - Dark,01 - Dry,01 - Traffic signal,01 - Functioning,2,0,0,0,01 - Minimal,1,1,,,,365380.5229,5028745.451,45.39602702,-75.72624238,3218
18--12707,11/23/2018,5:42 PM,CAMBRIAN RD/GOLFLINKS DR W @ LONGFIELDS DR (0009702),9702,03 - At intersection,03 - P.D. only,02 - Angle,01 - Clear,07 - Dark,01 - Dry,11 - Roundabout,01 - Functioning,2,0,0,0,,0,,,,,365382.554,5013223.504,45.25636208,-75.72811567,3219
18--12708,11/23/2018,5:44 PM,HIGHWAY 417 btwn HWY417 IC117 RAMP26 & HWY417 IC117 RAMP61 (__3ZA2YM),__3ZA2YM,01 - Non intersection,03 - P.D. only,04 - Sideswipe,01 - Clear,07 - Dark,01 - Dry,10 - No control,,2,0,0,0,,0,,,,,371169.525,5031372.811,45.41914216,-75.65195712,3220
18--12709,11/23/2018,5:45 PM,ROCKCLIFFE PKWY/AVIATION/ROCKCLIFFE PKWY EB ON (0001667),1667,02 - Intersection related,03 - P.D. only,03 - Rear end,01 - Clear,07 - Dark,01 - Dry,03 - Yield sign,01 - Functioning,2,0,0,0,,0,,,,,372070.7086,5035607.607,45.45715875,-75.63986471,3221
18--1271,1/25/2018,6:45 PM,ELMGROVE AVE @ WINONA AVE (0006871),6871,02 - Intersection related,03 - P.D. only,02 - Angle,01 - Clear,07 - Dark,06 - Ice,02 - Stop sign,01 - Functioning,2,0,0,0,,0,,,,,363230.1647,5028485.383,45.39386972,-75.75373599,3222
18--12710,11/23/2018,5:52 PM,BASELINE RD @ CORDOVA ST (0003208),3208,02 - Intersection related,03 - P.D. only,07 - SMV other,01 - Clear,07 - Dark,02 - Wet,01 - Traffic signal,01 - Functioning,1,0,0,0,,0,,,,,363593.349,5024409.311,45.3571634,-75.7495831,3223
18--12711,11/23/2018,6:00 AM,HIGHWAY 417 btwn HWY417 IC122 RAMP16 & HWY417 IC122 RAMP61 (__3ZA2RA),__3ZA2RA,01 - Non intersection,02 - Non-fatal injury,07 - SMV other,01 - Clear,07 - Dark,01 - Dry,10 - No control,,1,0,0,0,02 - Minor,1,,1,,,365532.5289,5029029.802,45.39857238,-75.72426607,3224
18--12712,11/23/2018,6:00 PM,BRONSON AVE @ RENFREW AVE (0007197),7197,03 - At intersection,03 - P.D. only,03 - Rear end,01 - Clear,07 - Dark,06 - Ice,02 - Stop sign,01 - Functioning,2,0,0,0,,0,,,,,367356.6889,5029551.87,45.40310919,-75.70090218,3225
18--12713,11/23/2018,6:20 AM,SCRIVENS ST btwn AHEARN AVE & WALTER ST (__3ZABV3),__3ZABV3,01 - Non intersection,03 - P.D. only,06 - SMV unattended vehicle,01 - Clear,03 - Dawn,05 - Packed snow,10 - No control,,1,0,0,0,,0,,,,,359359.4384,5024411.986,45.35752972,-75.80361873,3226
18--12714,11/23/2018,6:25 PM,BRONSON AVE RAMP 62 btwn BRONSON AVE RAMP 42C/52 & HERON RD WB (__5FD5OG),__5FD5OG,01 - Non intersection,03 - P.D. only,03 - Rear end,01 - Clear,07 - Dark,06 - Ice,10 - No control,,2,0,0,0,,0,,,,,368762.9155,5026799.726,45.37821917,-75.68329762,3227
18--12715,11/23/2018,6:30 PM,CARLING AVE btwn MOODIE DR & GRANDVIEW RD (__3ZBOCP),__3ZBOCP,01 - Non intersection,03 - P.D. only,04 - Sideswipe,01 - Clear,07 - Dark,02 - Wet,10 - No control,,2,0,0,0,,0,,,,,355900.8034,5023978.963,45.35389395,-75.84780556,3228
18--12716,11/23/2018,6:35 PM,HIGHWAY 417 btwn HWY417 IC121B RAMP16 & HWY417 IC121A RAMP16 (__3ZA2YX),__3ZA2YX,01 - Non intersection,03 - P.D. only,03 - Rear end,01 - Clear,07 - Dark,01 - Dry,10 - No control,,2,0,0,0,,0,,,,,366917.5036,5029634.061,45.40388783,-75.70650142,3229
18--12717,11/23/2018,6:42 PM,BELCOURT BLVD @ INNES RD (0004202),4202,02 - Intersection related,03 - P.D. only,03 - Rear end,01 - Clear,07 - Dark,06 - Ice,01 - Traffic signal,01 - Functioning,2,0,0,0,,0,,,,,382121.5782,5035266.781,45.45305235,-75.51142409,3230
18--12718,11/23/2018,6:45 AM,HIGHWAY 417 btwn HWY417 IC124 RAMP65 & HWY417 IC122 RAMP51 (__3ZA2R8),__3ZA2R8,01 - Non intersection,03 - P.D. only,03 - Rear end,01 - Clear,07 - Dark,01 - Dry,10 - No control,,2,0,0,0,,0,,,,,365117.4709,5028651.595,45.39520524,-75.72961335,3231
18--12719,11/23/2018,6:45 PM,JOCKVALE RD/RIDEAU VALLEY DR @ PRINCE OF WALES (0004638),4638,03 - At intersection,03 - P.D. only,05 - Turning movement,01 - Clear,07 - Dark,01 - Dry,01 - Traffic signal,01 - Functioning,2,0,0,0,,0,,,,,366709.3404,5012195.545,45.24699704,-75.71134066,3232
18--1272,1/25/2018,6:50 AM,GLOUCESTER ST @ METCALFE ST (0006945),6945,02 - Intersection related,03 - P.D. only,04 - Sideswipe,01 - Clear,07 - Dark,01 - Dry,01 - Traffic signal,01 - Functioning,2,0,0,0,,0,,,,,367833.7115,5031386.58,45.41957454,-75.69457469,3233
18--12720,11/23/2018,7:00 AM,WEST HUNT CLUB RD @ ROYDON PL/SUNDERLAND ST (0009775),9775,02 - Intersection related,03 - P.D. only,04 - Sideswipe,01 - Clear,03 - Dawn,01 - Dry,01 - Traffic signal,00 - Unknown,2,0,0,0,,0,,,,,365973.5264,5022169.781,45.33680884,-75.71948316,3234
18--12721,11/23/2018,7:00 PM,HIGHWAY 417 btwn HWY417 IC126 RAMP25 & HWY417 IC124 RAMP57 (__3ZA2R5),__3ZA2R5,01 - Non intersection,03 - P.D. only,03 - Rear end,01 - Clear,07 - Dark,01 - Dry,10 - No control,,3,0,0,0,,0,,,,,363680.3877,5026518.582,45.37613505,-75.7482209,3235
18--12722,11/23/2018,7:20 AM,BRITTANY DR @ MONTREAL RD (0007685),7685,02 - Intersection related,03 - P.D. only,04 - Sideswipe,01 - Clear,01 - Daylight,05 - Packed snow,01 - Traffic signal,01 - Functioning,2,0,0,0,,0,,,,,371912.6118,5033994.705,45.44266186,-75.64210598,3236
18--12723,11/23/2018,7:37 AM,PRINCE OF WALES DR @ RIDEAU HEIGHTS DR/WELLSME (0009786),9786,03 - At intersection,03 - P.D. only,02 - Angle,01 - Clear,01 - Daylight,01 - Dry,02 - Stop sign,01 - Functioning,2,0,0,0,,0,,,,,367388.3105,5022362.138,45.33841486,-75.70140925,3237