Anom_ID,Accident_Date,Accident_Time,Location,Geo_ID,Accident_Location,Classification_of_Accident,Initial_Impact_Type,Environment_Condition,Light,Road_Surface_Condition,Traffic_Control,Traffic_Control_Condition,No__of_Vehicles,No__of_Bicycles,No__of_Motorcycles,No__of_Pedestrians,Max_Injury,No__of_Injuries,No__of_Minimal,No__of_Minor,No__of_Major,No__of_Fatal,X,Y,Latitude,Longitude,ObjectId
18--12724,11/23/2018,7:40 AM,WOODROFFE AVE btwn TECUMSEH ST & DOMALATCHY PL (__3ZA3GR),__3ZA3GR,01 - Non intersection,03 - P.D. only,03 - Rear end,01 - Clear,01 - Daylight,01 - Dry,10 - No control,,2,0,0,0,,0,,,,,362374.2524,5024214.904,45.35551531,-75.76516455,3238
18--3445,3/16/2018,8:07 PM,BASELINE RD @ FISHER AVE (0002346),2346,02 - Intersection related,03 - P.D. only,03 - Rear end,01 - Clear,07 - Dark,03 - Loose snow,01 - Traffic signal,01 - Functioning,2,0,0,0,,0,,,,,366166.6936,5026028.532,45.37151234,-75.7165398,7671
18--12726,11/23/2018,7:51 PM,STAGECOACH RD btwn LAKESHORE DR & OLD PRESCOTT RD (__3ZA2CX),__3ZA2CX,01 - Non intersection,03 - P.D. only,07 - SMV other,01 - Clear,07 - Dark,01 - Dry,10 - No control,,1,0,0,0,,0,,,,,377543.7771,5009600.221,45.22260878,-75.57371767,3240
18--12727,11/23/2018,7:54 AM,MARCH RD @ MORGAN'S GRANT WAY/SHIRLEY'S BROOK  (0002651),2651,02 - Intersection related,03 - P.D. only,03 - Rear end,01 - Clear,01 - Daylight,06 - Ice,01 - Traffic signal,01 - Functioning,2,0,0,0,,0,,,,,349661.5572,5023617.665,45.35106984,-75.92746494,3241
18--12728,11/23/2018,8:10 AM,BANK ST @ ROSEBERY AVE (0007239),7239,03 - At intersection,02 - Non-fatal injury,05 - Turning movement,01 - Clear,01 - Daylight,01 - Dry,02 - Stop sign,01 - Functioning,2,0,0,0,01 - Minimal,1,1,,,,368122.8006,5030065.629,45.40766295,-75.69105088,3242
18--12729,11/23/2018,8:10 AM,AIRPORT PKWY @ HUNT CLUB RD (0010856),10856,02 - Intersection related,03 - P.D. only,03 - Rear end,01 - Clear,01 - Daylight,01 - Dry,01 - Traffic signal,01 - Functioning,2,0,0,0,,0,,,,,371018.5282,5023703.121,45.35014739,-75.65491518,3243
18--1273,1/25/2018,7:05 AM,MITCH OWENS RD @ STAGECOACH RD (0003576),3576,02 - Intersection related,03 - P.D. only,03 - Rear end,01 - Clear,03 - Dawn,01 - Dry,01 - Traffic signal,01 - Functioning,2,0,0,0,,0,,,,,375399.7549,5014484.458,45.26677396,-75.60032167,3244
18--12730,11/23/2018,8:15 AM,ST. LAURENT BLVD btwn TREMBLAY RD & SHORE ST (__3ZA2GT),__3ZA2GT,01 - Non intersection,02 - Non-fatal injury,03 - Rear end,01 - Clear,01 - Daylight,01 - Dry,10 - No control,,2,0,0,0,01 - Minimal,1,1,,,,372673.6039,5031044.14,45.41604064,-75.63278607,3245
18--12731,11/23/2018,8:21 AM,LANCASTER RD @ WALKLEY RD (0003130),3130,02 - Intersection related,03 - P.D. only,03 - Rear end,01 - Clear,01 - Daylight,01 - Dry,01 - Traffic signal,01 - Functioning,4,0,0,0,,0,,,,,374908.7734,5028602.639,45.39385289,-75.60457814,3246
18--12732,11/23/2018,8:24 AM,FISHER AVE @ MEADOWLANDS DR (0002120),2120,03 - At intersection,03 - P.D. only,05 - Turning movement,01 - Clear,01 - Daylight,01 - Dry,01 - Traffic signal,01 - Functioning,2,0,0,0,,0,,,,,366575.0401,5025045.49,45.36263125,-75.7114499,3247
18--12733,11/23/2018,8:31 AM,HWY 417 TERRYFO IC140R61 @ TERRY FOX DR (0011777),11777,02 - Intersection related,03 - P.D. only,03 - Rear end,01 - Clear,01 - Daylight,06 - Ice,01 - Traffic signal,01 - Functioning,2,0,0,0,,0,,,,,350809.4494,5018709.513,45.30683078,-75.91327216,3248
18--12734,11/23/2018,8:38 AM,SECOND AVE @ BRONSON AVE (0007717),7717,03 - At intersection,02 - Non-fatal injury,02 - Angle,01 - Clear,01 - Daylight,06 - Ice,02 - Stop sign,01 - Functioning,2,0,0,0,02 - Minor,1,,1,,,367519.818,5029162.59,45.39959197,-75.69886808,3249
18--12735,11/23/2018,8:45 AM,HIGHWAY 417 btwn HWY417 IC121A RAMP16 & HWY417 IC121A RAMP61 (__3ZA2YY),__3ZA2YY,01 - Non intersection,03 - P.D. only,04 - Sideswipe,01 - Clear,01 - Daylight,01 - Dry,10 - No control,,3,0,0,0,,0,,,,,367514.4737,5029872.067,45.40597611,-75.69884611,3250
18--12736,11/23/2018,9:00 AM,SUNNYCREST DR @ ZENA ST (0001361),1361,02 - Intersection related,03 - P.D. only,03 - Rear end,01 - Clear,01 - Daylight,06 - Ice,03 - Yield sign,01 - Functioning,2,0,0,0,,0,,,,,365673.8008,5025609.718,45.36778691,-75.72288352,3251
18--12737,11/23/2018,9:01 PM,LENESTER AVE @ MAITLAND AVE (0010867),10867,02 - Intersection related,03 - P.D. only,04 - Sideswipe,01 - Clear,07 - Dark,01 - Dry,02 - Stop sign,00 - Unknown,2,0,0,0,,0,,,,,363078.8442,5026146.631,45.37283857,-75.75594458,3252
18--12738,11/23/2018,9:02 PM,KING EDWARD AVE NB btwn ST. ANDREW ST & GUIGUES AVE (__3ZA3LH),__3ZA3LH,01 - Non intersection,03 - P.D. only,03 - Rear end,01 - Clear,07 - Dark,01 - Dry,10 - No control,,2,0,0,0,,0,,,,,368203.6398,5032937.058,45.43349178,-75.68964874,3253
18--12739,11/23/2018,9:05 AM,IRIS ST @ WOODROFFE AVE (0002736),2736,02 - Intersection related,03 - P.D. only,03 - Rear end,01 - Clear,01 - Daylight,01 - Dry,01 - Traffic signal,01 - Functioning,2,0,0,0,,0,,,,,362282.6731,5024441.716,45.35756366,-75.76630693,3254
18--1274,1/25/2018,7:25 AM,MERIVALE RD btwn BENTLEY AVE & JAMIE AVE (__3ZBOG2),__3ZBOG2,01 - Non intersection,03 - P.D. only,03 - Rear end,01 - Clear,03 - Dawn,02 - Wet,10 - No control,,2,0,0,0,,0,,,,,365745.1594,5021622.995,45.33190881,-75.72246397,3255
18--12740,11/23/2018,9:10 AM,NATIONAL CAPITAL COMM DRWY btwn MORNINGSIDE LANE & MAPLE DR (__3ZAZX9),__3ZAZX9,01 - Non intersection,02 - Non-fatal injury,03 - Rear end,01 - Clear,01 - Daylight,01 - Dry,10 - No control,,3,0,0,0,01 - Minimal,1,1,,,,366521.6328,5027919.741,45.38849783,-75.71177235,3256
18--12741,11/23/2018,9:15 AM,TERRY FOX DR btwn COPE DR & TRANS CANADA TRAIL (__355BDZB),__355BDZB,01 - Non intersection,03 - P.D. only,03 - Rear end,01 - Clear,01 - Daylight,01 - Dry,10 - No control,,2,0,0,0,,0,,,,,353316.4483,5015920.447,45.28156541,-75.88157673,3257
18--12742,11/23/2018,9:17 AM,TERRY FOX DR btwn COPE DR & TRANS CANADA TRAIL (__355BDZB),__355BDZB,01 - Non intersection,03 - P.D. only,03 - Rear end,01 - Clear,01 - Daylight,01 - Dry,10 - No control,,2,0,0,0,,0,,,,,353666.3481,5015520.782,45.27794488,-75.87715629,3258
18--12743,11/23/2018,9:30 AM,JEANNE D'ARC BLVD @ OR174 IC105 RAMP52 (0012417),12417,02 - Intersection related,03 - P.D. only,03 - Rear end,01 - Clear,01 - Daylight,01 - Dry,01 - Traffic signal,01 - Functioning,2,0,0,0,,0,,,,,379455.5578,5036917.532,45.46819446,-75.54525432,3259
18--12744,11/23/2018,9:41 PM,ALESTHER ST @ DONALD ST (0008493),8493,02 - Intersection related,03 - P.D. only,03 - Rear end,01 - Clear,07 - Dark,02 - Wet,02 - Stop sign,00 - Unknown,2,0,0,0,,0,,,,,371992.5478,5032460.753,45.42885241,-75.64129365,3260
18--12745,11/23/2018,9:44 AM,MONTREAL RD btwn MONTREAL SQUARE SC & CENTER ST (__3ZA3AWB),__3ZA3AWB,01 - Non intersection,02 - Non-fatal injury,03 - Rear end,01 - Clear,01 - Daylight,06 - Ice,10 - No control,,2,0,0,0,01 - Minimal,1,1,,,,371814.7923,5033948.041,45.44225138,-75.64336261,3261
18--12746,11/23/2018,9:46 AM,EARL ARMSTRONG RD @ SHORELINE DR (0013041),13041,03 - At intersection,02 - Non-fatal injury,02 - Angle,01 - Clear,01 - Daylight,06 - Ice,01 - Traffic signal,01 - Functioning,2,0,0,0,02 - Minor,2,,2,,,368839.8835,5015288.222,45.274634,-75.68380388,3262
18--12747,11/23/2018,9:47 AM,FISHER AVE @ MEADOWLANDS DR (0002120),2120,02 - Intersection related,02 - Non-fatal injury,03 - Rear end,01 - Clear,01 - Daylight,01 - Dry,01 - Traffic signal,01 - Functioning,3,0,0,0,02 - Minor,1,,1,,,366574.9955,5025045.574,45.36263201,-75.71145046,3263
18--12748,11/23/2018,9:55 AM,HIGHWAY 417 btwn HWY417 IC115 RAMP61 & REGIONAL ROAD 174 (__3ZA2XG),__3ZA2XG,01 - Non intersection,02 - Non-fatal injury,03 - Rear end,01 - Clear,01 - Daylight,01 - Dry,10 - No control,,2,0,0,0,01 - Minimal,2,2,,,,373251.8795,5031716.619,45.42203495,-75.62530495,3264
18--12749,11/24/2018,1:07 PM,MERIVALE RD btwn WITHROW AVE & RITA AVE (__3ZBOCB),__3ZBOCB,01 - Non intersection,03 - P.D. only,03 - Rear end,01 - Clear,01 - Daylight,01 - Dry,10 - No control,,3,0,0,0,,0,,,,,364627.2927,5024264.021,45.35576864,-75.73640497,3265
18--1275,1/25/2018,7:30 AM,EDGEWATER ST btwn TERRY FOX DR & HAZELDEAN RD (__3ZBNCU),__3ZBNCU,04 - At/near private drive,03 - P.D. only,05 - Turning movement,01 - Clear,03 - Dawn,01 - Dry,10 - No control,,2,0,0,0,,0,,,,,351872.8815,5017668.06,45.29738905,-75.89981055,3266
18--12750,11/24/2018,1:15 PM,LAWSON AVE btwn FRANCES ST & KING GEORGE ST (__3ZA8KE),__3ZA8KE,01 - Non intersection,03 - P.D. only,07 - SMV other,01 - Clear,01 - Daylight,02 - Wet,10 - No control,,1,0,0,0,,0,,,,,371656.1976,5032244.934,45.4269428,-75.64562095,3267
18--12751,11/24/2018,1:32 PM,HWY 417 CASTLEFR IC139R61 @ KANATA AVE (0012625),12625,02 - Intersection related,03 - P.D. only,03 - Rear end,01 - Clear,01 - Daylight,01 - Dry,01 - Traffic signal,01 - Functioning,2,0,0,0,,0,,,,,351616.2119,5019224.884,45.3114149,-75.90293592,3268
18--12752,11/24/2018,1:40 PM,CHAMPLAIN ST @ PLACE D'ORLEANS DR (0003595),3595,02 - Intersection related,03 - P.D. only,05 - Turning movement,01 - Clear,01 - Daylight,03 - Loose snow,01 - Traffic signal,01 - Functioning,2,0,0,0,,0,,,,,381597.0515,5038180.779,45.47932791,-75.51767399,3269
18--12753,11/24/2018,1:45 PM,CARLING AVE @ CHAMPAGNE AVE (0002024),2024,02 - Intersection related,03 - P.D. only,04 - Sideswipe,01 - Clear,01 - Daylight,01 - Dry,01 - Traffic signal,01 - Functioning,2,0,0,0,,0,,,,,366627.8297,5028810.789,45.39650589,-75.71030461,3270
18--12754,11/24/2018,1:50 PM,BLAIR RD btwn LAURA PRIV & BEAVERPOND DR (__3ZBN93),__3ZBN93,01 - Non intersection,02 - Non-fatal injury,03 - Rear end,01 - Clear,01 - Daylight,01 - Dry,10 - No control,,2,0,0,0,02 - Minor,1,,1,,,375387.4406,5031907.791,45.42354279,-75.59799218,3271
18--12755,11/24/2018,10:07 PM,KANATA AVE btwn TERRY FOX DR & RICHARDSON SIDE RD (__4WKBJF),__4WKBJF,01 - Non intersection,03 - P.D. only,07 - SMV other,04 - Freezing Rain,07 - Dark,02 - Wet,10 - No control,,1,0,0,0,,0,,,,,349335.8922,5019714.779,45.31597144,-75.93197216,3272
18--12756,11/24/2018,10:09 PM,INNES RD btwn O'TOOLE RD & DUNNING RD (__3ZBN92),__3ZBN92,01 - Non intersection,03 - P.D. only,07 - SMV other,04 - Freezing Rain,07 - Dark,06 - Ice,10 - No control,,1,0,0,0,,0,,,,,389223.676,5038349.284,45.47996341,-75.42010805,3273
18--12757,11/24/2018,10:19 PM,QUEEN ELIZABETH DRWY @ SOMERSET ST (0007135),7135,02 - Intersection related,02 - Non-fatal injury,03 - Rear end,02 - Rain,07 - Dark,02 - Wet,02 - Stop sign,01 - Functioning,2,0,0,0,02 - Minor,1,,1,,,368570.726,5031473.655,45.42029122,-75.68514702,3274
18--12758,11/24/2018,10:30 AM,CHURCHILL AVE @ MADISON AVE (0006692),6692,02 - Intersection related,03 - P.D. only,02 - Angle,01 - Clear,01 - Daylight,01 - Dry,02 - Stop sign,01 - Functioning,2,0,0,0,,0,,,,,363193.8096,5028366.554,45.39280355,-75.75421434,3275
18--12759,11/24/2018,10:34 AM,MERIVALE RD/LOTTA AVE @ CLYDE AVE (0001112),1112,03 - At intersection,03 - P.D. only,05 - Turning movement,01 - Clear,01 - Daylight,01 - Dry,01 - Traffic signal,01 - Functioning,2,0,0,0,,0,,,,,364521.6982,5024507.526,45.35796867,-75.73772317,3276
18--1276,1/25/2018,7:44 AM,REGIONAL RD 174 @ TRIM RD (0012835),12835,02 - Intersection related,03 - P.D. only,03 - Rear end,01 - Clear,03 - Dawn,06 - Ice,01 - Traffic signal,01 - Functioning,3,0,0,0,,0,,,,,384351.853,5039990.34,45.49530015,-75.48214909,3277
18--12760,11/24/2018,10:40 AM,HWY 416 ACRES IC75R24 @ HOLLY ACRES RD (0005257),5257,02 - Intersection related,03 - P.D. only,04 - Sideswipe,01 - Clear,01 - Daylight,02 - Wet,01 - Traffic signal,01 - Functioning,2,0,0,0,,0,,,,,358757.6635,5022868.512,45.34368808,-75.81146747,3278
18--12761,11/24/2018,11:10 AM,KANATA AVE btwn EARL GREY DR & MARITIME WAY (__3ZBPN5),__3ZBPN5,01 - Non intersection,03 - P.D. only,03 - Rear end,01 - Clear,01 - Daylight,01 - Dry,10 - No control,,2,0,0,0,,0,,,,,351067.0011,5019296.95,45.31209977,-75.9099331,3279
18--12762,11/24/2018,11:30 PM,HAWTHORNE RD btwn HAWTHORNE RD & WHYTE SIDE RD (__3ZA2PE),__3ZA2PE,01 - Non intersection,03 - P.D. only,07 - SMV other,04 - Freezing Rain,07 - Dark,06 - Ice,10 - No control,,1,0,0,0,,0,,,,,375903.6108,5025435.406,45.36525542,-75.59232988,3280
18--12763,11/24/2018,11:30 PM,CANAAN RD btwn Continuation of CANAAN RD & Continuation of CANAAN RD ( (__3AU196),__3AU196,01 - Non intersection,03 - P.D. only,07 - SMV other,05 - Drifting Snow,07 - Dark,06 - Ice,10 - No control,,1,0,0,0,,0,,,,,397840.2016,5038712.975,45.48214032,-75.30984507,3281
18--12764,11/24/2018,11:35 AM,INDUSTRIAL AVE btwn RUSSELL RD & ST. LAURENT BLVD (__3ZA3R7),__3ZA3R7,04 - At/near private drive,03 - P.D. only,05 - Turning movement,01 - Clear,01 - Daylight,01 - Dry,10 - No control,,2,0,0,0,,0,,,,,372626.953,5030175.623,45.40823064,-75.63350157,3282
18--12765,11/24/2018,Unknown,YORK ST WB btwn BYWARD MARKE SQ & SUSSEX DR (__3ZA1B0),__3ZA1B0,01 - Non intersection,03 - P.D. only,06 - SMV unattended vehicle,01 - Clear,00 - Unknown,01 - Dry,10 - No control,,1,0,0,0,,0,,,,,367821.6111,5032275.828,45.42757679,-75.69461552,3283
18--12766,11/24/2018,Unknown,GRACEWOOD CRES btwn CREEKVIEW WAY W & FINDLAY CREEK W (__727TGL),__727TGL,04 - At/near private drive,03 - P.D. only,06 - SMV unattended vehicle,01 - Clear,00 - Unknown,03 - Loose snow,10 - No control,,1,0,0,0,,0,,,,,374314.907,5019607.188,45.31297475,-75.61342676,3284
18--12767,11/24/2018,Unknown,SIBLINGS PL btwn <Dead End> & WALKLEY RD (__3Z067X),__3Z067X,01 - Non intersection,03 - P.D. only,06 - SMV unattended vehicle,04 - Freezing Rain,00 - Unknown,02 - Wet,10 - No control,,1,0,0,0,,0,,,,,370538.589,5026108.97,45.37183962,-75.66071952,3285
18--12768,11/24/2018,12:44 PM,COVENTRY RD btwn BELFAST RD & ST. LAURENT SC WEST (__3ZA2CAA),__3ZA2CAA,04 - At/near private drive,02 - Non-fatal injury,05 - Turning movement,01 - Clear,01 - Daylight,01 - Dry,10 - No control,,2,0,0,0,01 - Minimal,1,1,,,,371555.7893,5031645.634,45.42156016,-75.64698518,3286
18--12769,11/24/2018,2:06 PM,ISABELLA ST/HWY 417 O'CONN IC119BR57 @ O'CONNO (0001698),1698,03 - At intersection,03 - P.D. only,04 - Sideswipe,01 - Clear,01 - Daylight,01 - Dry,01 - Traffic signal,01 - Functioning,2,0,0,0,,0,,,,,368297.9085,5030309.387,45.40984034,-75.6887827,3287
18--1277,1/25/2018,8:05 AM,SHEFFIELD RD @ WALKLEY RD (0005156),5156,02 - Intersection related,02 - Non-fatal injury,03 - Rear end,01 - Clear,01 - Daylight,06 - Ice,01 - Traffic signal,01 - Functioning,3,0,0,0,01 - Minimal,4,4,,,,375257.7351,5028784.538,45.3954545,-75.60009581,3288
18--12770,11/24/2018,3:14 PM,GREENBANK RD @ BERRIGAN DR/WESSEX RD (0004726),4726,03 - At intersection,03 - P.D. only,05 - Turning movement,01 - Clear,01 - Daylight,01 - Dry,01 - Traffic signal,01 - Functioning,2,0,0,0,,0,,,,,363723.613,5015276.474,45.27497565,-75.7490069,3289
18--12771,11/24/2018,3:44 AM,FIFTH AVE btwn BANK ST & HOWICK PL (__3ZA92S),__3ZA92S,04 - At/near private drive,03 - P.D. only,02 - Angle,01 - Clear,07 - Dark,01 - Dry,10 - No control,,2,0,0,0,,0,,,,,368404.0384,5029403.206,45.40167718,-75.68754387,3290
18--12772,11/24/2018,4:12 PM,HUNT CLUB RD @ RIVERSIDE DR (0002237),2237,02 - Intersection related,03 - P.D. only,03 - Rear end,01 - Clear,01 - Daylight,01 - Dry,01 - Traffic signal,01 - Functioning,2,0,0,0,,0,,,,,368036.65,5021945.788,45.33461049,-75.69319084,3291
18--12773,11/24/2018,4:30 PM,BASELINE RD @ GREENBANK RD (0002357),2357,02 - Intersection related,03 - P.D. only,03 - Rear end,01 - Clear,05 - Dusk,02 - Wet,01 - Traffic signal,01 - Functioning,2,0,0,0,,0,,,,,360597.683,5022584.478,45.3409884,-75.78802154,3292
18--12774,11/24/2018,4:40 AM,MCARTHUR AVE btwn CRETE PL & ALLEN BLVD (__3ZA3W3),__3ZA3W3,01 - Non intersection,03 - P.D. only,01 - Approaching,01 - Clear,07 - Dark,01 - Dry,10 - No control,,2,0,0,0,,0,,,,,370563.306,5032728.281,45.43139536,-75.65952133,3293
18--12775,11/24/2018,4:40 AM,MCARTHUR AVE btwn CRETE PL & ALLEN BLVD (__3ZA3W3),__3ZA3W3,01 - Non intersection,03 - P.D. only,99 - Other,01 - Clear,07 - Dark,02 - Wet,10 - No control,,2,0,0,0,,0,,,,,370741.1144,5032748.516,45.43156069,-75.65724641,3294
18--12776,11/24/2018,4:40 AM,CARMEN AVE btwn MCARTHUR AVE & STEVENS AVE (__3ZA7AO),__3ZA7AO,01 - Non intersection,03 - P.D. only,06 - SMV unattended vehicle,01 - Clear,07 - Dark,01 - Dry,10 - No control,,1,0,0,0,,0,,,,,370935.4711,5032605.775,45.43025801,-75.6547819,3295
18--12777,11/24/2018,4:47 AM,VANIER PKWY/CRICHTON ST @ BEECHWOOD AVE/ST. PA (0001604),1604,02 - Intersection related,03 - P.D. only,07 - SMV other,01 - Clear,07 - Dark,02 - Wet,01 - Traffic signal,01 - Functioning,1,0,0,0,,0,,,,,369127.8365,5033487.186,45.43835721,-75.67776606,3296
18--12778,11/24/2018,5:10 PM,FERNBANK RD btwn BLACK'S SIDE RD & WEST RIDGE DR (__5RG1P8),__5RG1P8,01 - Non intersection,03 - P.D. only,07 - SMV other,01 - Clear,05 - Dusk,01 - Dry,10 - No control,,1,0,0,0,,0,,,,,350183.9896,5011491.371,45.24192023,-75.92190766,3297
18--12779,11/24/2018,5:31 PM,TERRY FOX DR @ 329 N OF CAMPEAU DR/SIGNATURE C (0012719),12719,03 - At intersection,02 - Non-fatal injury,05 - Turning movement,02 - Rain,07 - Dark,02 - Wet,01 - Traffic signal,01 - Functioning,2,0,0,0,01 - Minimal,1,1,,,,350061.1137,5019030.551,45.30976819,-75.92278537,3298
18--1278,1/25/2018,8:05 AM,MONTREAL RD @ GRANVILLE ST/LAFONTAINE AVE (0009348),9348,03 - At intersection,03 - P.D. only,02 - Angle,01 - Clear,01 - Daylight,01 - Dry,01 - Traffic signal,01 - Functioning,3,0,0,0,,0,,,,,370826.365,5033475.985,45.43809809,-75.65605943,3299
18--12780,11/24/2018,5:31 PM,PERCY ST @ GLOUCESTER ST (0005123),5123,03 - At intersection,02 - Non-fatal injury,02 - Angle,05 - Drifting Snow,07 - Dark,02 - Wet,02 - Stop sign,01 - Functioning,2,0,0,0,01 - Minimal,2,2,,,,366941.6971,5030856.569,45.41488546,-75.7060383,3300
18--12961,11/29/2018,10:12 PM,HIGHWAY 417 btwn HWY417 IC155 RAMP25 & RAMP (__3ZAZN1),__3ZAZN1,01 - Non intersection,03 - P.D. only,07 - SMV other,01 - Clear,07 - Dark,01 - Dry,10 - No control,,1,0,0,0,,0,,,,,341020.5495,5018738.793,45.30766728,-76.03809671,3301
18--12962,11/29/2018,11:02 AM,HAZELDEAN RD @ HUNTMAR DR/IBER RD (0000075),75,02 - Intersection related,03 - P.D. only,04 - Sideswipe,01 - Clear,01 - Daylight,02 - Wet,01 - Traffic signal,01 - Functioning,2,0,0,0,,0,,,,,350942.624,5016079.479,45.28315625,-75.91181867,3302
18--12963,11/29/2018,11:19 AM,MONTREAL RD btwn FOXVIEW PL & HOCHELAGA ST (__3ZA2D4),__3ZA2D4,04 - At/near private drive,03 - P.D. only,02 - Angle,03 - Snow,01 - Daylight,02 - Wet,10 - No control,,2,0,0,0,,0,,,,,372943.6416,5034458.251,45.44673287,-75.62886376,3303
18--12964,11/29/2018,11:36 AM,RIVERSIDE DR btwn OLD RIVERSIDE DR & RIVERGATE WAY (__3ZA36N),__3ZA36N,06 - Underpass or tunnel,03 - P.D. only,07 - SMV other,01 - Clear,01 - Daylight,01 - Dry,10 - No control,,1,0,0,0,,0,,,,,368066.3348,5023684.207,45.35024974,-75.69258982,3304
18--12965,11/29/2018,11:39 PM,MCCORDICK RD btwn EAGLESON RD & DOBSON LANE (__3ZABAJ),__3ZABAJ,01 - Non intersection,02 - Non-fatal injury,07 - SMV other,01 - Clear,07 - Dark,01 - Dry,10 - No control,,1,0,0,0,02 - Minor,2,,2,,,359094.9135,5004706.061,45.18023351,-75.80914926,3305
18--12966,11/29/2018,11:44 AM,WEST HUNT CLUB RD btwn MOODIE DR & RICHMOND RD (__3ZA4YH),__3ZA4YH,01 - Non intersection,03 - P.D. only,03 - Rear end,01 - Clear,01 - Daylight,01 - Dry,10 - No control,,2,0,0,0,,0,,,,,357732.3752,5018410.364,45.30365139,-75.8250264,3306
18--12967,11/29/2018,11:58 AM,ROYDON PL btwn WOODFIELD DR & WEST HUNT CLUB RD (__3ZAYGP),__3ZAYGP,04 - At/near private drive,02 - Non-fatal injury,02 - Angle,01 - Clear,01 - Daylight,01 - Dry,10 - No control,,2,0,0,0,01 - Minimal,1,1,,,,365944.142,5022218.012,45.33724538,-75.71985208,3307
18--12968,11/29/2018,Unknown,MELWOOD AVE btwn CARLING AVE & CEDAR LANE TER (__3ZAA5Q),__3ZAA5Q,01 - Non intersection,03 - P.D. only,06 - SMV unattended vehicle,01 - Clear,00 - Unknown,04 - Slush,10 - No control,,1,0,0,0,,0,,,,,362587.1714,5026013.354,45.37168007,-75.76223692,3308
18--12969,11/29/2018,Unknown,MARLOWE CRES btwn CLEGG ST & LETCHWORTH RD (__3ZA89A),__3ZA89A,01 - Non intersection,03 - P.D. only,06 - SMV unattended vehicle,01 - Clear,00 - Unknown,05 - Packed snow,10 - No control,,1,0,0,0,,0,,,,,369352.6952,5029921.194,45.40625103,-75.6753595,3309
18--1297,1/26/2018,11:29 PM,INNES RD EB btwn INNES RD E & ORLEANS BLVD (__3ZA3J0),__3ZA3J0,01 - Non intersection,03 - P.D. only,07 - SMV other,01 - Clear,07 - Dark,02 - Wet,10 - No control,,1,0,0,0,,0,,,,,379966.1643,5033974.058,45.44165656,-75.53917514,3310
18--12970,11/29/2018,Unknown,EMPRESS AVE btwn PRIMROSE AVE & SOMERSET ST W (__3ZA0WZ),__3ZA0WZ,01 - Non intersection,03 - P.D. only,06 - SMV unattended vehicle,01 - Clear,00 - Unknown,01 - Dry,10 - No control,,1,0,0,0,,0,,,,,366734.5334,5030361.051,45.4104453,-75.70874717,3311
18--12971,11/29/2018,Unknown,BOOTH ST btwn PRIMROSE AVE & ELM ST (__3ZA33J),__3ZA33J,01 - Non intersection,03 - P.D. only,06 - SMV unattended vehicle,01 - Clear,00 - Unknown,01 - Dry,10 - No control,,1,0,0,0,,0,,,,,366502.3227,5030459.95,45.41135568,-75.71170114,3312
18--12972,11/29/2018,12:48 PM,HUNT CLUB RD @ RIVERSIDE DR (0002237),2237,02 - Intersection related,03 - P.D. only,04 - Sideswipe,01 - Clear,01 - Daylight,01 - Dry,01 - Traffic signal,01 - Functioning,2,0,0,0,,0,,,,,368036.8305,5021945.656,45.33460929,-75.69318855,3313
18--12973,11/29/2018,2:00 PM,CUMBERLAND ST @ MURRAY ST (0008237),8237,03 - At intersection,02 - Non-fatal injury,07 - SMV other,03 - Snow,01 - Daylight,02 - Wet,01 - Traffic signal,01 - Functioning,1,0,0,1,01 - Minimal,1,1,,,,368170.6447,5032679.619,45.43117842,-75.69010353,3314
18--12974,11/29/2018,2:15 PM,MONTREAL RD btwn ST. LAURENT BLVD & HILLSIDE DR (__3ZA1MC),__3ZA1MC,04 - At/near private drive,03 - P.D. only,02 - Angle,01 - Clear,01 - Daylight,01 - Dry,10 - No control,,2,0,0,0,,0,,,,,371654.6987,5033870.089,45.44156534,-75.64541942,3315
18--12975,11/29/2018,2:24 PM,ALPINE AVE @ CARLING AVE (0011382),11382,03 - At intersection,03 - P.D. only,05 - Turning movement,01 - Clear,01 - Daylight,01 - Dry,01 - Traffic signal,01 - Functioning,2,0,0,0,,0,,,,,360496.5194,5024942.556,45.36221436,-75.78904667,3316
18--12976,11/29/2018,2:45 PM,INNES RD @ JEANNE D'ARC BLVD/MER BLEUE RD (0012475),12475,02 - Intersection related,03 - P.D. only,04 - Sideswipe,01 - Clear,01 - Daylight,02 - Wet,01 - Traffic signal,01 - Functioning,2,0,0,0,,0,,,,,382637.7406,5035567.704,45.4557025,-75.50477819,3317
18--12977,11/29/2018,3:00 PM,INNES RD btwn PRESTWICK DR & TENTH LINE RD (__3ZA3Y7),__3ZA3Y7,01 - Non intersection,03 - P.D. only,03 - Rear end,01 - Clear,01 - Daylight,02 - Wet,10 - No control,,3,0,0,0,,0,,,,,383576.1651,5036003.514,45.45951837,-75.49271167,3318
18--12978,11/29/2018,3:25 PM,HIGHWAY 417 btwn HWY417 IC121A RAMP16 & HWY417 IC121A RAMP61 (__3ZA2YY),__3ZA2YY,01 - Non intersection,03 - P.D. only,03 - Rear end,01 - Clear,01 - Daylight,01 - Dry,10 - No control,,2,0,0,0,,0,,,,,367233.7194,5029748.082,45.40488563,-75.70244799,3319
18--12979,11/29/2018,3:31 PM,GREENBANK RD btwn BATEMAN DR/BELLMAN DR & GREENBANK SQUARE SC (__3ZA4YOA),__3ZA4YOA,01 - Non intersection,03 - P.D. only,03 - Rear end,01 - Clear,01 - Daylight,01 - Dry,10 - No control,,4,0,0,0,,0,,,,,361261.8954,5021005.61,45.32672862,-75.77972697,3320