Anom_ID,Accident_Date,Accident_Time,Location,Geo_ID,Accident_Location,Classification_of_Accident,Initial_Impact_Type,Environment_Condition,Light,Road_Surface_Condition,Traffic_Control,Traffic_Control_Condition,No__of_Vehicles,No__of_Bicycles,No__of_Motorcycles,No__of_Pedestrians,Max_Injury,No__of_Injuries,No__of_Minimal,No__of_Minor,No__of_Major,No__of_Fatal,X,Y,Latitude,Longitude,ObjectId
18--1298,1/26/2018,Unknown,CUMMINGS AVE btwn QUEBEC ST & BURN ST (__3ZA7VR),__3ZA7VR,01 - Non intersection,03 - P.D. only,06 - SMV unattended vehicle,01 - Clear,00 - Unknown,03 - Loose snow,10 - No control,,1,0,0,0,,0,,,,,372279.0168,5033353.973,45.4368616,-75.63751064,3321
18--12980,11/29/2018,3:35 PM,MONTREAL RD btwn OR174 IC109 RAMP56 & OR174 IC109 RAMP66 (__3ZA2DH),__3ZA2DH,01 - Non intersection,02 - Non-fatal injury,03 - Rear end,02 - Rain,01 - Daylight,02 - Wet,10 - No control,,2,1,0,0,02 - Minor,1,,1,,,376294.9321,5034934.123,45.45067971,-75.58595765,3322
18--12981,11/29/2018,3:35 PM,WOODROFFE AVE @ ALGONQUIN COLLEGE/TRANSITWAY S (0004682),4682,03 - At intersection,03 - P.D. only,05 - Turning movement,01 - Clear,01 - Daylight,01 - Dry,01 - Traffic signal,01 - Functioning,2,0,0,0,,0,,,,,362823.5541,5023270.523,45.34698081,-75.75954129,3323
18--12982,11/29/2018,3:40 PM,RIVERSIDE DR btwn HUNT CLUB RD & KIMBERWICK CRES (__3ZBOEN),__3ZBOEN,01 - Non intersection,03 - P.D. only,03 - Rear end,01 - Clear,01 - Daylight,01 - Dry,10 - No control,,4,0,0,0,,0,,,,,368147.4291,5022524.671,45.33980917,-75.69170349,3324
18--12983,11/29/2018,3:50 PM,GAMBLE DR @ MOORE ST (0010073),10073,03 - At intersection,03 - P.D. only,02 - Angle,01 - Clear,01 - Daylight,01 - Dry,10 - No control,,2,0,0,0,,0,,,,,357178.6153,5007169.081,45.20254142,-75.83327191,3325
18--12984,11/29/2018,3:50 PM,MAIN ST @ TORONTO ST (0007688),7688,02 - Intersection related,03 - P.D. only,03 - Rear end,01 - Clear,01 - Daylight,02 - Wet,02 - Stop sign,00 - Unknown,2,0,0,0,,0,,,,,369513.6189,5029341.649,45.40102163,-75.67338002,3326
18--12985,11/29/2018,3:58 PM,INNES RD btwn INDUSTRIAL AVE & BANTREE ST (__3ZA2XQ),__3ZA2XQ,01 - Non intersection,03 - P.D. only,04 - Sideswipe,01 - Clear,01 - Daylight,01 - Dry,10 - No control,,2,0,0,0,,0,,,,,373228.9953,5030081.158,45.40732209,-75.62582441,3327
18--12986,11/29/2018,4:00 PM,ALERT RD/AIRPORT PKWY/UPLANDS DR RAMP 62 @ LES (0003652),3652,03 - At intersection,03 - P.D. only,05 - Turning movement,01 - Clear,05 - Dusk,02 - Wet,01 - Traffic signal,01 - Functioning,2,0,0,0,,0,,,,,371306.7294,5021353.767,45.32898134,-75.65155333,3328
18--12987,11/29/2018,4:00 PM,HIGHWAY 417 btwn HWY417 IC124 RAMP55 & HWY417 IC124 RAMP65 (__3ZAZPV),__3ZAZPV,01 - Non intersection,03 - P.D. only,03 - Rear end,01 - Clear,01 - Daylight,01 - Dry,10 - No control,,3,0,0,0,,0,,,,,364581.8483,5027710.585,45.38678415,-75.73656782,3329
18--12988,11/29/2018,4:24 PM,HIGHWAY 417 btwn HWY417 IC124 RAMP55 & HWY417 IC124 RAMP65 (__3ZAZPV),__3ZAZPV,01 - Non intersection,03 - P.D. only,04 - Sideswipe,01 - Clear,05 - Dusk,02 - Wet,10 - No control,,2,0,0,0,,0,,,,,364548.8282,5027665.712,45.3863832,-75.73699489,3330
18--12989,11/29/2018,4:31 PM,REGIONAL ROAD 174 btwn OR174 IC105 RAMP26 & OR174 IC105 RAMP63 (__3ZA2XB),__3ZA2XB,01 - Non intersection,03 - P.D. only,07 - SMV other,01 - Clear,05 - Dusk,02 - Wet,10 - No control,,1,0,0,0,,0,,,,,379353.7143,5037009.845,45.4690359,-75.54654258,3331
18--1299,1/26/2018,Unknown,BLAKE BLVD btwn JEANNE MANCE ST & LACASSE AVE (__3ZA7DS),__3ZA7DS,01 - Non intersection,03 - P.D. only,06 - SMV unattended vehicle,01 - Clear,00 - Unknown,01 - Dry,10 - No control,,1,0,0,0,,0,,,,,370724.5816,5033011.966,45.43393265,-75.65742241,3332
18--12990,11/29/2018,4:39 PM,HAWTHORNE RD @ HUNT CLUB RD (0007651),7651,03 - At intersection,03 - P.D. only,05 - Turning movement,01 - Clear,05 - Dusk,02 - Wet,01 - Traffic signal,01 - Functioning,3,0,0,0,,0,,,,,375507.7275,5026406.494,45.37403285,-75.59724389,3333
18--12991,11/29/2018,4:45 PM,HIGHWAY 417 btwn HWY417 IC115 RAMP25 & REGIONAL ROAD 174 (__3ZA2RY),__3ZA2RY,01 - Non intersection,03 - P.D. only,03 - Rear end,03 - Snow,05 - Dusk,02 - Wet,10 - No control,,2,0,0,0,,0,,,,,373183.0251,5031656.166,45.42149775,-75.62619307,3334
18--12992,11/29/2018,4:46 PM,LABELLE ST/RAMP @ LEMIEUX ST/HWY417 IC115 RAMP (0012538),12538,03 - At intersection,03 - P.D. only,04 - Sideswipe,01 - Clear,05 - Dusk,02 - Wet,02 - Stop sign,01 - Functioning,2,0,0,0,,0,,,,,372541.7274,5031688.703,45.4218529,-75.63438224,3335
18--12993,11/29/2018,5:00 PM,BANK ST @ WELLINGTON ST (0002039),2039,02 - Intersection related,03 - P.D. only,05 - Turning movement,01 - Clear,07 - Dark,01 - Dry,01 - Traffic signal,01 - Functioning,2,0,0,0,,0,,,,,367257.5681,5031628.726,45.42180497,-75.70190505,3336
18--12994,11/29/2018,5:09 PM,TERRY FOX DR btwn INNOVATION DR & MARCH RD (__3ZACVM),__3ZACVM,01 - Non intersection,03 - P.D. only,03 - Rear end,01 - Clear,07 - Dark,01 - Dry,10 - No control,,2,0,0,0,,0,,,,,349524.5611,5023085.042,45.34628593,-75.9292614,3337
18--12995,11/29/2018,5:22 PM,HAWTHORNE RD btwn LEITRIM RD & LOUISEIZE RD (__3ZBO24),__3ZBO24,01 - Non intersection,03 - P.D. only,07 - SMV other,01 - Clear,07 - Dark,02 - Wet,10 - No control,,1,0,0,0,,0,,,,,377142.9025,5022463.466,45.33838859,-75.57694661,3338
18--12996,11/29/2018,5:30 PM,HIGHWAY 417 btwn HWY417 IC127 RAMP67 & HWY417 IC126 RAMP16 (__3ZA2X0),__3ZA2X0,01 - Non intersection,03 - P.D. only,03 - Rear end,01 - Clear,07 - Dark,01 - Dry,10 - No control,,2,0,0,0,,0,,,,,362381.9922,5025053.465,45.36305998,-75.76496808,3339
18--12997,11/29/2018,5:56 AM,STAGECOACH RD btwn OLD STAGECOACH RD & BLANCHFIELD RD (__30LJDU),__30LJDU,01 - Non intersection,03 - P.D. only,07 - SMV other,01 - Clear,07 - Dark,06 - Ice,10 - No control,,1,0,0,0,,0,,,,,377878.4981,5001666.078,45.15118475,-75.57061857,3340
18--12998,11/29/2018,6:10 PM,OTTAWA RIVER PKWY @ WOODROFFE AVE (0002637),2637,03 - At intersection,03 - P.D. only,02 - Angle,01 - Clear,07 - Dark,01 - Dry,02 - Stop sign,01 - Functioning,2,0,0,0,,0,,,,,361426.682,5027002.537,45.38067539,-75.77693814,3341
18--12999,11/29/2018,6:15 PM,HWY417 IC117 RAMP52 btwn HWY417 IC117 RAMP51 & RIVERSIDE DR (__3ZAY9I),__3ZAY9I,01 - Non intersection,03 - P.D. only,04 - Sideswipe,01 - Clear,07 - Dark,01 - Dry,10 - No control,,2,0,0,0,,0,,,,,370736.1112,5031020.487,45.41601308,-75.65754165,3342
18--13,1/1/2018,Unknown,FLOWERTREE CRES btwn Continuation of FLOWERTREE CRES & Continuation of (__3ZAZU2),__3ZAZU2,01 - Non intersection,03 - P.D. only,06 - SMV unattended vehicle,01 - Clear,00 - Unknown,05 - Packed snow,10 - No control,,1,0,0,0,,0,,,,,356219.5587,5015641.453,45.27884861,-75.84460301,3343
18--130,1/2/2018,6:48 AM,HIGHWAY 417 btwn HWY417 IC118 RAMP67 & HWY417 IC117 RAMP36 (__3ZA2YO),__3ZA2YO,01 - Non intersection,03 - P.D. only,07 - SMV other,01 - Clear,07 - Dark,06 - Ice,10 - No control,,1,0,0,0,,0,,,,,369835.3762,5031155.406,45.41731133,-75.66903121,3344
18--1300,1/26/2018,12:20 PM,CONROY RD @ WALKLEY RD (0002648),2648,02 - Intersection related,03 - P.D. only,04 - Sideswipe,01 - Clear,01 - Daylight,01 - Dry,01 - Traffic signal,01 - Functioning,2,0,0,0,,0,,,,,372903.7229,5027463.531,45.38380156,-75.63034062,3345
18--13000,11/29/2018,6:34 PM,RIVERSIDE DR @ RIVERSIDE HOSPITAL (0011960),11960,02 - Intersection related,02 - Non-fatal injury,03 - Rear end,01 - Clear,07 - Dark,01 - Dry,01 - Traffic signal,01 - Functioning,3,0,0,0,01 - Minimal,1,1,,,,369715.1454,5028627.461,45.39457695,-75.67090008,3346
18--13001,11/29/2018,6:40 AM,CYRVILLE RD @ INNES RD (0009352),9352,02 - Intersection related,02 - Non-fatal injury,03 - Rear end,01 - Clear,03 - Dawn,02 - Wet,01 - Traffic signal,01 - Functioning,2,0,0,0,01 - Minimal,1,1,,,,375047.9043,5031119.57,45.41648498,-75.60244282,3347
18--13002,11/29/2018,6:45 AM,HIGHWAY 417 btwn HWY417 IC117 RAMP61 & HWY417 IC115 RAMP36 (__3ZA2RZ),__3ZA2RZ,01 - Non intersection,02 - Non-fatal injury,03 - Rear end,01 - Clear,03 - Dawn,02 - Wet,10 - No control,,2,0,0,0,01 - Minimal,1,1,,,,371804.007,5031449.378,45.4197706,-75.64384046,3348
18--13003,11/29/2018,6:53 AM,DES EPINETTES AVE @ JEANNE D'ARC BLVD (0004221),4221,03 - At intersection,02 - Non-fatal injury,07 - SMV other,01 - Clear,03 - Dawn,02 - Wet,01 - Traffic signal,01 - Functioning,1,0,0,1,01 - Minimal,1,1,,,,382226.7046,5035958.546,45.45926463,-75.5099713,3349
18--13004,11/29/2018,7:14 PM,GREENBANK RD @ HIGHBURY PARK DR (0005310),5310,02 - Intersection related,03 - P.D. only,02 - Angle,01 - Clear,07 - Dark,02 - Wet,01 - Traffic signal,01 - Functioning,2,0,0,0,,0,,,,,363615.9184,5015523.131,45.27720409,-75.75035014,3350
18--13005,11/29/2018,7:30 AM,HIGHWAY 417 btwn HWY417 IC110 RAMP64 & HWY417 IC104 RAMP16 (__3ZA2W9),__3ZA2W9,01 - Non intersection,02 - Non-fatal injury,03 - Rear end,01 - Clear,01 - Daylight,02 - Wet,10 - No control,,2,0,0,0,01 - Minimal,1,1,,,,379103.9498,5026172.605,45.37155636,-75.55137072,3351
18--13006,11/29/2018,7:39 AM,WOODROFFE AVE btwn FIRESTATION & BASELINE RD (__3ZA34KB),__3ZA34KB,01 - Non intersection,03 - P.D. only,03 - Rear end,01 - Clear,01 - Daylight,01 - Dry,10 - No control,,3,0,0,0,,0,,,,,362548.8675,5023772.237,45.35151787,-75.76298778,3352
18--13007,11/29/2018,7:40 PM,MUNSTER RD btwn FLEWELLYN RD & FALLOWFIELD RD (__3ZBNAA),__3ZBNAA,01 - Non intersection,03 - P.D. only,07 - SMV other,01 - Clear,07 - Dark,02 - Wet,10 - No control,,1,0,0,0,,0,,,,,346276.3532,5005917.095,45.19200119,-75.97214443,3353
18--13008,11/29/2018,7:45 AM,HIGHWAY 417 btwn HWY417 IC134 RAMP51 & HWY417 IC134 RAMP35 (__3ZAZET),__3ZAZET,01 - Non intersection,03 - P.D. only,03 - Rear end,01 - Clear,01 - Daylight,01 - Dry,10 - No control,,2,0,0,0,,0,,,,,356221.4427,5022127.178,45.33720799,-75.84390605,3354
18--13009,11/29/2018,7:47 PM,ALTA VISTA DR btwn BANK ST & EDGE HILL PL (__3ZA0TQ),__3ZA0TQ,04 - At/near private drive,02 - Non-fatal injury,02 - Angle,01 - Clear,07 - Dark,01 - Dry,10 - No control,,2,0,0,0,02 - Minor,2,1,1,,,370296.7814,5026222.843,45.37288686,-75.66379123,3355
18--1301,1/26/2018,12:28 AM,PRINCE OF WALES DR @ WEST HUNT CLUB RD (0000567),567,03 - At intersection,02 - Non-fatal injury,03 - Rear end,01 - Clear,07 - Dark,01 - Dry,01 - Traffic signal,01 - Functioning,2,0,0,0,01 - Minimal,1,1,,,,367458.71,5021891.503,45.33417389,-75.70057067,3356
18--13010,11/29/2018,7:51 AM,HOLLY ACRES RD @ TRANSITWAY - BAYSHORE/278 N O (0009787),9787,03 - At intersection,02 - Non-fatal injury,05 - Turning movement,01 - Clear,01 - Daylight,01 - Dry,01 - Traffic signal,01 - Functioning,2,0,0,0,02 - Minor,1,,1,,,358496.6893,5022986.392,45.34476879,-75.81478463,3357
18--13011,11/29/2018,8:14 PM,OGILVIE RD @ MATHESON RD/PALMERSTON DR (0012348),12348,03 - At intersection,03 - P.D. only,05 - Turning movement,01 - Clear,07 - Dark,01 - Dry,01 - Traffic signal,01 - Functioning,2,0,0,0,,0,,,,,373380.3356,5032536.442,45.42939872,-75.62354955,3358
18--13012,11/29/2018,8:18 PM,WALKLEY RD btwn BANTON ST & MELFORT ST (__3ZBPHC),__3ZBPHC,01 - Non intersection,03 - P.D. only,07 - SMV other,03 - Snow,07 - Dark,03 - Loose snow,10 - No control,,1,0,0,0,,0,,,,,374286.3817,5028272.35,45.39094314,-75.61257281,3359
18--13013,11/29/2018,8:31 AM,WOODROFFE AVE btwn GEORGINA DR & HWY417 IC127 RAMP36 (__3ZA4L6),__3ZA4L6,01 - Non intersection,02 - Non-fatal injury,03 - Rear end,01 - Clear,01 - Daylight,01 - Dry,10 - No control,,2,0,0,0,02 - Minor,1,,1,,,361934.4052,5025309.076,45.36539657,-75.77065149,3360
18--13014,11/29/2018,9:33 AM,ELGIN ST @ WELLINGTON ST W (0002113),2113,02 - Intersection related,03 - P.D. only,04 - Sideswipe,01 - Clear,01 - Daylight,01 - Dry,01 - Traffic signal,01 - Functioning,2,0,0,0,,0,,,,,367664.6695,5031877.7,45.42400869,-75.69667177,3361
18--13015,11/29/2018,9:40 PM,HIGHWAY 417 btwn HWY417 IC117 RAMP61 & HWY417 IC115 RAMP36 (__3ZA2RZ),__3ZA2RZ,01 - Non intersection,03 - P.D. only,04 - Sideswipe,01 - Clear,07 - Dark,01 - Dry,10 - No control,,2,0,0,0,,0,,,,,371393.5492,5031402.927,45.41939185,-75.64909088,3362
18--13016,11/30/2018,1:00 PM,CARLING AVE @ MAITLAND AVE/SHERBOURNE RD (0002641),2641,02 - Intersection related,03 - P.D. only,03 - Rear end,01 - Clear,01 - Daylight,01 - Dry,01 - Traffic signal,01 - Functioning,2,0,0,0,,0,,,,,362942.8034,5026488.498,45.37592595,-75.75764105,3363
18--13017,11/30/2018,1:14 PM,BRADLEY AVE @ MONTREAL RD (0009343),9343,02 - Intersection related,03 - P.D. only,03 - Rear end,01 - Clear,01 - Daylight,01 - Dry,02 - Stop sign,00 - Unknown,2,0,0,0,,0,,,,,370656.6393,5033392.35,45.43736159,-75.6582398,3364
18--13018,11/30/2018,1:45 PM,CARP RD btwn NEIL AVE & MCCOOEYE LANE (__3ZA3EK),__3ZA3EK,01 - Non intersection,03 - P.D. only,01 - Approaching,01 - Clear,01 - Daylight,01 - Dry,10 - No control,,2,0,0,0,,0,,,,,349302.9277,5014355.104,45.26774544,-75.93287345,3365
18--13019,11/30/2018,10:00 PM,BASELINE RD @ WOODROFFE AVE (0002225),2225,02 - Intersection related,03 - P.D. only,03 - Rear end,01 - Clear,07 - Dark,01 - Dry,01 - Traffic signal,01 - Functioning,2,0,0,0,,0,,,,,362549.691,5023770.554,45.35150266,-75.76297746,3366
18--1302,1/26/2018,12:32 PM,OLD MONTREAL RD E @ REGIONAL RD 174 (0012877),12877,02 - Intersection related,02 - Non-fatal injury,03 - Rear end,03 - Snow,01 - Daylight,04 - Slush,02 - Stop sign,01 - Functioning,2,0,0,0,01 - Minimal,2,2,,,,394616.8126,5043035.555,45.52145107,-75.35027827,3367
18--13020,11/30/2018,10:07 PM,ALPINE AVE @ CARLING AVE (0011382),11382,03 - At intersection,03 - P.D. only,05 - Turning movement,01 - Clear,07 - Dark,01 - Dry,01 - Traffic signal,01 - Functioning,2,0,0,0,,0,,,,,360496.6213,5024942.404,45.36221299,-75.78904539,3368
18--13021,11/30/2018,10:08 AM,ALTA VISTA DR btwn EDGE HILL PL & AYERS AVE (__3ZA0TT),__3ZA0TT,04 - At/near private drive,02 - Non-fatal injury,03 - Rear end,01 - Clear,01 - Daylight,01 - Dry,10 - No control,,2,0,0,0,01 - Minimal,2,2,,,,370439.627,5026362.607,45.37413104,-75.66194912,3369
18--13022,11/30/2018,10:59 AM,MILTON RD btwn PERRAULT RD & RUSSELL RD (__3ZBOGV),__3ZBOGV,04 - At/near private drive,03 - P.D. only,05 - Turning movement,01 - Clear,01 - Daylight,01 - Dry,10 - No control,,2,0,0,0,,0,,,,,389640.9381,5025606.132,45.36526341,-75.41696624,3370
18--13023,11/30/2018,10:59 AM,BANK ST @ JOHNSTON RD (0006967),6967,03 - At intersection,03 - P.D. only,02 - Angle,01 - Clear,01 - Daylight,01 - Dry,01 - Traffic signal,01 - Functioning,2,0,0,0,,0,,,,,370851.7604,5024839.34,45.36038646,-75.65689144,3371
18--13024,11/30/2018,11:00 AM,KANATA AVE @ LORD BYNG WAY/MARITIME WAY (0009115),9115,02 - Intersection related,03 - P.D. only,99 - Other,01 - Clear,01 - Daylight,01 - Dry,01 - Traffic signal,01 - Functioning,2,0,0,0,,0,,,,,351429.8952,5019331.308,45.31238493,-75.90530194,3372
18--13025,11/30/2018,11:02 PM,TRIM RD btwn PINNACLE ST & WALL RD (2) (__3ZA6UHB),__3ZA6UHB,01 - Non intersection,03 - P.D. only,07 - SMV other,01 - Clear,07 - Dark,01 - Dry,10 - No control,,1,0,0,0,,0,,,,,387154.1792,5035838.858,45.45762438,-75.44699581,3373
18--13026,11/30/2018,11:40 AM,TENTH LINE RD @ CHARLEMAGNE BLVD N/TOMPKINS AV (0009222),9222,02 - Intersection related,03 - P.D. only,03 - Rear end,01 - Clear,01 - Daylight,01 - Dry,01 - Traffic signal,01 - Functioning,2,0,0,0,,0,,,,,383183.8806,5037977.822,45.47732555,-75.49741204,3374
18--13027,11/30/2018,11:45 AM,HOLLAND AVE btwn WELLINGTON ST W & BYRON AVE (__3ZA4PY),__3ZA4PY,04 - At/near private drive,03 - P.D. only,04 - Sideswipe,01 - Clear,01 - Daylight,01 - Dry,10 - No control,,2,0,0,0,,0,,,,,364937.4462,5029136.096,45.39958016,-75.73185338,3375
18--13028,11/30/2018,11:47 AM,BANK ST btwn ALTA VISTA DR & WALKLEY RD (__3ZA4TX),__3ZA4TX,04 - At/near private drive,03 - P.D. only,02 - Angle,99 - Other,01 - Daylight,01 - Dry,10 - No control,,2,0,0,0,,0,,,,,370286.7094,5026101.641,45.37179726,-75.66393588,3376
18--13029,11/30/2018,11:52 PM,JOLIFFE ST btwn AUDREY AVE & TAWNEY RD (__3ZBOZ9),__3ZBOZ9,01 - Non intersection,03 - P.D. only,06 - SMV unattended vehicle,01 - Clear,07 - Dark,01 - Dry,10 - No control,,1,0,0,0,,0,,,,,373975.9472,5028501.953,45.39303974,-75.61650478,3377
18--1303,1/26/2018,2:00 PM,SPRINGRIDGE DR btwn TRIM RD & PEPPERGRASS RD (__4VGRNP),__4VGRNP,04 - At/near private drive,03 - P.D. only,06 - SMV unattended vehicle,01 - Clear,01 - Daylight,01 - Dry,10 - No control,,1,0,0,0,,0,,,,,385728.4043,5038142.785,45.47851944,-75.46484378,3378
18--13030,11/30/2018,11:57 PM,KING EDWARD AVE @ LAURIER AVE (0002170),2170,03 - At intersection,03 - P.D. only,05 - Turning movement,01 - Clear,07 - Dark,01 - Dry,01 - Traffic signal,01 - Functioning,2,0,0,0,,0,,,,,368739.6418,5032034.542,45.42532247,-75.68291606,3379
18--13031,11/30/2018,Unknown,PHYLIS ST btwn MELVILLE DR & FABLE ST (__3ZAB8J),__3ZAB8J,04 - At/near private drive,03 - P.D. only,06 - SMV unattended vehicle,01 - Clear,00 - Unknown,01 - Dry,10 - No control,,1,0,0,0,,0,,,,,362262.2136,5015691.23,45.27882859,-75.76758316,3380
18--13032,11/30/2018,Unknown,ERINDALE DR btwn FORLAN DR & AINSLEY DR (__3ZBOKS),__3ZBOKS,01 - Non intersection,03 - P.D. only,06 - SMV unattended vehicle,00 - Unknown,00 - Unknown,99 - Other,10 - No control,,1,0,0,0,,0,,,,,363759.083,5024771.853,45.3604116,-75.74742467,3381
18--13033,11/30/2018,Unknown,BRONSON AVE btwn FOURTH AVE & MADAWASKA DR (__3ZA3NE),__3ZA3NE,01 - Non intersection,03 - P.D. only,06 - SMV unattended vehicle,01 - Clear,00 - Unknown,01 - Dry,10 - No control,,1,0,0,0,,0,,,,,367591.9815,5028990.832,45.39804007,-75.69796828,3382
18--13034,11/30/2018,Unknown,DONALD ST btwn EVE ST & LOLA ST (__3ZBOX2),__3ZBOX2,01 - Non intersection,03 - P.D. only,06 - SMV unattended vehicle,01 - Clear,00 - Unknown,01 - Dry,10 - No control,,1,0,0,0,,0,,,,,371077.7388,5032357.245,45.42800838,-75.65299735,3383
18--13035,11/30/2018,12:31 AM,WOODPARK WAY btwn WOODFORD WAY & MASONBROOK ST (__3ZA5AR),__3ZA5AR,01 - Non intersection,03 - P.D. only,06 - SMV unattended vehicle,01 - Clear,07 - Dark,01 - Dry,10 - No control,,1,0,0,0,,0,,,,,364932.2048,5016910.794,45.2895789,-75.7334065,3384
18--13036,11/30/2018,2:15 PM,BATHGATE DR @ MATHESON RD (0009316),9316,03 - At intersection,03 - P.D. only,02 - Angle,01 - Clear,01 - Daylight,01 - Dry,02 - Stop sign,01 - Functioning,2,0,0,0,,0,,,,,373641.7905,5033372.655,45.43689684,-75.62009165,3385
18--13037,11/30/2018,2:30 PM,DALY AVE @ KING EDWARD AVE (0007755),7755,03 - At intersection,02 - Non-fatal injury,02 - Angle,01 - Clear,01 - Daylight,01 - Dry,02 - Stop sign,01 - Functioning,2,0,0,0,01 - Minimal,1,1,,,,368591.7711,5032273.425,45.42748535,-75.68477457,3386
18--13038,11/30/2018,2:49 PM,BASELINE RD @ PENDER ST (0003211),3211,03 - At intersection,03 - P.D. only,04 - Sideswipe,01 - Clear,01 - Daylight,01 - Dry,02 - Stop sign,00 - Unknown,2,0,0,0,,0,,,,,363935.6234,5024624.723,45.35907287,-75.74518904,3387
18--13039,11/30/2018,3:00 AM,ISABELLA ST/HWY 417 O'CONN IC119BR57 @ O'CONNO (0001698),1698,03 - At intersection,03 - P.D. only,04 - Sideswipe,01 - Clear,07 - Dark,01 - Dry,01 - Traffic signal,01 - Functioning,2,0,0,0,,0,,,,,368297.5388,5030309.519,45.40984157,-75.68878741,3388
18--1304,1/26/2018,2:10 PM,MURRAY ST @ SUSSEX DR (0011912),11912,02 - Intersection related,03 - P.D. only,03 - Rear end,01 - Clear,01 - Daylight,01 - Dry,01 - Traffic signal,01 - Functioning,2,0,0,0,,0,,,,,367707.5287,5032394.497,45.4286548,-75.69605813,3389
18--13040,11/30/2018,3:10 PM,CYRVILLE RD @ INNES RD (0009352),9352,02 - Intersection related,03 - P.D. only,03 - Rear end,01 - Clear,01 - Daylight,01 - Dry,01 - Traffic signal,01 - Functioning,2,0,0,0,,0,,,,,375047.814,5031119.622,45.41648546,-75.60244396,3390
18--13041,11/30/2018,3:10 PM,BANTREE ST @ INNES RD (0007684),7684,02 - Intersection related,03 - P.D. only,07 - SMV other,03 - Snow,01 - Daylight,03 - Loose snow,01 - Traffic signal,01 - Functioning,1,0,0,0,,0,,,,,373705.9139,5030406.68,45.41020419,-75.61968703,3391
18--13042,11/30/2018,3:20 PM,BANK ST @ HUNT CLUB RD (0002119),2119,02 - Intersection related,03 - P.D. only,03 - Rear end,01 - Clear,01 - Daylight,01 - Dry,01 - Traffic signal,01 - Functioning,2,0,0,0,,0,,,,,371608.5979,5024096.791,45.35363354,-75.64733232,3392
18--13043,11/30/2018,3:32 PM,SMYTH RD @ GENERAL HOSPITAL E (0008855),8855,03 - At intersection,02 - Non-fatal injury,05 - Turning movement,01 - Clear,01 - Daylight,01 - Dry,01 - Traffic signal,01 - Functioning,2,0,0,0,01 - Minimal,1,1,,,,371516.8749,5029181.551,45.39939309,-75.64781587,3393
18--13044,11/30/2018,3:59 PM,CARLING AVE @ WOODROFFE AVE W (0011470),11470,02 - Intersection related,03 - P.D. only,03 - Rear end,01 - Clear,01 - Daylight,01 - Dry,01 - Traffic signal,01 - Functioning,2,0,0,0,,0,,,,,361767.7959,5025725.757,45.36915939,-75.77273012,3394
18--13045,11/30/2018,4:42 PM,HWY 416 ACRES IC75R24 @ HOLLY ACRES RD (0005257),5257,02 - Intersection related,03 - P.D. only,03 - Rear end,01 - Clear,05 - Dusk,01 - Dry,01 - Traffic signal,01 - Functioning,2,0,0,0,,0,,,,,358757.6573,5022868.661,45.34368942,-75.81146754,3395
18--13046,11/30/2018,5:00 PM,HIGHWAY 417 btwn HWY417 IC115 RAMP51 & HWY417 IC115 RAMP35 (__3ZAZEB),__3ZAZEB,01 - Non intersection,03 - P.D. only,03 - Rear end,01 - Clear,07 - Dark,01 - Dry,10 - No control,,2,0,0,0,,0,,,,,372135.3291,5031462.1,45.41985326,-75.63960566,3396
18--13047,11/30/2018,5:05 PM,GALETTA SIDE RD btwn HOMESTEADERS RD & CARP RD (__3ZA4RU),__3ZA4RU,01 - Non intersection,03 - P.D. only,07 - SMV other,01 - Clear,07 - Dark,01 - Dry,10 - No control,,1,0,0,0,,0,,,,,327411.8949,5034694.453,45.45181444,-76.21090772,3397
18--13048,11/30/2018,5:06 PM,LONGFIELDS DR @ WOODROFFE AVE (0000096),96,02 - Intersection related,03 - P.D. only,03 - Rear end,01 - Clear,05 - Dusk,01 - Dry,01 - Traffic signal,01 - Functioning,3,0,0,0,,0,,,,,365421.0457,5017106.99,45.29130226,-75.72715112,3398
18--13049,11/30/2018,5:10 PM,HIGHWAY 417 btwn HWY417 IC126 RAMP61 & HWY417 IC124 RAMP76 (__3ZA2Y2),__3ZA2Y2,01 - Non intersection,03 - P.D. only,03 - Rear end,01 - Clear,07 - Dark,01 - Dry,10 - No control,,2,0,0,0,,0,,,,,363686.2518,5026551.58,45.37643146,-75.7481421,3399
18--1305,1/26/2018,2:18 PM,JEANNE D'ARC BLVD @ GREY NUNS DR/YOUVILLE DR (0003147),3147,03 - At intersection,03 - P.D. only,01 - Approaching,01 - Clear,01 - Daylight,01 - Dry,01 - Traffic signal,01 - Functioning,2,0,0,0,,0,,,,,379670.7427,5036700.583,45.46621949,-75.54253583,3400
18--13140,12/3/2018,Unknown,TREMBLAY RD @ TRIOLE ST (0008701),8701,02 - Intersection related,03 - P.D. only,03 - Rear end,03 - Snow,00 - Unknown,02 - Wet,02 - Stop sign,01 - Functioning,2,0,0,0,,0,,,,,372707.6669,5031281.545,45.41817339,-75.63231819,3401
18--13050,11/30/2018,5:15 PM,ST. JOSEPH BLVD btwn ST. JOSEPH BLVD & PLACE D'ORLEANS DR (__3ZA2AV),__3ZA2AV,04 - At/near private drive,03 - P.D. only,05 - Turning movement,01 - Clear,07 - Dark,01 - Dry,10 - No control,,2,0,0,0,,0,,,,,381877.4641,5037900.047,45.47677123,-75.51413177,3402