Anom_ID,Accident_Date,Accident_Time,Location,Geo_ID,Accident_Location,Classification_of_Accident,Initial_Impact_Type,Environment_Condition,Light,Road_Surface_Condition,Traffic_Control,Traffic_Control_Condition,No__of_Vehicles,No__of_Bicycles,No__of_Motorcycles,No__of_Pedestrians,Max_Injury,No__of_Injuries,No__of_Minimal,No__of_Minor,No__of_Major,No__of_Fatal,X,Y,Latitude,Longitude,ObjectId
18--13410,12/7/2018,6:32 AM,KITCHENER AVE @ BANK ST (0011963),11963,03 - At intersection,03 - P.D. only,07 - SMV other,01 - Clear,07 - Dark,01 - Dry,01 - Traffic signal,01 - Functioning,1,0,0,0,,0,,,,,370540.6371,5025500.111,45.36636112,-75.6607744,3403
18--12781,11/24/2018,6:00 PM,HUNT CLUB RD @ DOWNPATRICK RD/MCCARTHY RD (0006931),6931,02 - Intersection related,03 - P.D. only,02 - Angle,04 - Freezing Rain,07 - Dark,04 - Slush,01 - Traffic signal,01 - Functioning,2,0,0,0,,0,,,,,370507.7311,5023400.563,45.34747311,-75.6614735,3404
18--13141,12/3/2018,Unknown,WENTWORTH AVE btwn LAWN AVE & CARLING AVE (__3ZABY1),__3ZABY1,01 - Non intersection,03 - P.D. only,06 - SMV unattended vehicle,01 - Clear,00 - Unknown,01 - Dry,10 - No control,,1,0,0,0,,0,,,,,361290.5351,5025564.899,45.36775063,-75.77884089,3405
18--13142,12/3/2018,12:00 PM,SHINLEAF CRES btwn COMPASS ST N & TOURNESOLS CRT (e___2HPZ),e___2HPZ,01 - Non intersection,03 - P.D. only,06 - SMV unattended vehicle,01 - Clear,01 - Daylight,01 - Dry,10 - No control,,1,0,0,0,,0,,,,,382109.163,5033380.038,45.43607836,-75.51187922,3406
18--13143,12/3/2018,12:03 PM,FLEWELLYN RD btwn MUNSTER RD & CONLEY RD (__3ZACRD),__3ZACRD,04 - At/near private drive,03 - P.D. only,02 - Angle,03 - Snow,01 - Daylight,04 - Slush,10 - No control,,2,0,0,0,,0,,,,,347712.5444,5007453.797,45.20574327,-75.95373503,3407
18--13144,12/3/2018,12:32 AM,KENT ST @ QUEEN ST (0003137),3137,02 - Intersection related,03 - P.D. only,05 - Turning movement,02 - Rain,07 - Dark,02 - Wet,01 - Traffic signal,01 - Functioning,2,0,0,0,,0,,,,,367179.9224,5031386.696,45.41963419,-75.70292777,3408
18--13145,12/3/2018,2:15 PM,HIGHWAY 417 btwn HWY417 IC119A RAMP75 & HWY417 IC118 RAMP57 (__3ZA2R2),__3ZA2R2,01 - Non intersection,03 - P.D. only,99 - Other,01 - Clear,01 - Daylight,01 - Dry,10 - No control,,2,0,0,0,,0,,,,,368901.4607,5030669.815,45.41302833,-75.68102594,3409
18--13146,12/3/2018,2:38 PM,RICHMOND RD @ CAMBRIAN RD N (0000845),845,03 - At intersection,03 - P.D. only,02 - Angle,01 - Clear,01 - Daylight,02 - Wet,02 - Stop sign,01 - Functioning,2,0,0,0,,0,,,,,359113.6074,5009588.588,45.22416627,-75.80837929,3410
18--13147,12/3/2018,3:20 PM,AIRPORT PKWY @ HUNT CLUB RD (0010856),10856,02 - Intersection related,03 - P.D. only,03 - Rear end,01 - Clear,01 - Daylight,02 - Wet,01 - Traffic signal,01 - Functioning,2,0,0,0,,0,,,,,371018.3877,5023703.242,45.35014849,-75.65491696,3411
18--13148,12/3/2018,3:40 PM,HIGHWAY 417 btwn HWY417 IC118 RAMP57 & HWY417 IC118 RAMP35 (__3ZA2YQ),__3ZA2YQ,01 - Non intersection,03 - P.D. only,03 - Rear end,01 - Clear,01 - Daylight,01 - Dry,10 - No control,,2,0,0,0,,0,,,,,369296.0079,5030931.023,45.41534234,-75.67595146,3412
18--13149,12/3/2018,4:15 PM,HUNT CLUB RD @ RIVERSIDE DR (0002237),2237,02 - Intersection related,03 - P.D. only,03 - Rear end,01 - Clear,05 - Dusk,01 - Dry,01 - Traffic signal,01 - Functioning,2,0,0,0,,0,,,,,368036.5255,5021945.482,45.33460775,-75.69319247,3413
18--1315,1/26/2018,6:10 AM,HIGHWAY 417 btwn HWY417 IC118 RAMP57 & HWY417 IC118 RAMP35 (__3ZA2YQ),__3ZA2YQ,01 - Non intersection,03 - P.D. only,04 - Sideswipe,01 - Clear,07 - Dark,06 - Ice,10 - No control,,2,0,0,0,,0,,,,,369580.6693,5031100.609,45.41684191,-75.67229251,3414
18--13150,12/3/2018,4:59 PM,HIGHWAY 417 btwn HWY417 IC119A RAMP75 & HWY417 IC118 RAMP57 (__3ZA2R2),__3ZA2R2,01 - Non intersection,03 - P.D. only,03 - Rear end,01 - Clear,07 - Dark,01 - Dry,10 - No control,,2,0,0,0,,0,,,,,368659.7678,5030549.515,45.41196801,-75.68412913,3415
18--13151,12/3/2018,5:03 PM,LAURIER AVE @ LYON ST (0002206),2206,02 - Intersection related,03 - P.D. only,03 - Rear end,01 - Clear,07 - Dark,02 - Wet,01 - Traffic signal,01 - Functioning,2,0,0,0,,0,,,,,367153.6749,5031068.691,45.41677521,-75.70330336,3416
18--13152,12/3/2018,5:33 PM,MARCH RD btwn DUNROBIN RD & MURPHY CRT (__3ZA3DI),__3ZA3DI,01 - Non intersection,03 - P.D. only,07 - SMV other,01 - Clear,07 - Dark,02 - Wet,10 - No control,,1,0,0,0,,0,,,,,347277.0076,5026062.715,45.3732195,-75.95768563,3417
18--13153,12/3/2018,5:43 AM,INNES RD @ STONEHENGE CRES W (0009354),9354,03 - At intersection,02 - Non-fatal injury,02 - Angle,01 - Clear,07 - Dark,03 - Loose snow,01 - Traffic signal,01 - Functioning,2,0,0,0,02 - Minor,1,,1,,,375199.6272,5031216.414,45.41734108,-75.60049066,3418
18--13154,12/3/2018,5:54 PM,YORK ST btwn WILLIAM ST & DALHOUSIE ST (__3ZA817),__3ZA817,04 - At/near private drive,03 - P.D. only,02 - Angle,01 - Clear,07 - Dark,01 - Dry,10 - No control,,2,0,0,0,,0,,,,,368045.7076,5032388.757,45.42857266,-75.69173746,3419
18--13155,12/3/2018,6:00 AM,HIGHWAY 417 btwn HIGHWAY 417 & HIGHWAY 417 (1) (__3ZA2UX),__3ZA2UX,01 - Non intersection,03 - P.D. only,04 - Sideswipe,"07 - Fog, mist, smoke, dust",07 - Dark,02 - Wet,10 - No control,,2,0,0,0,,0,,,,,375148.9727,5030559.938,45.41143956,-75.60123151,3420
18--13156,12/3/2018,6:20 PM,REGIONAL ROAD 174 btwn OR174 IC105 RAMP51 & OR174 IC105 RAMP35 (__3ZA2XC),__3ZA2XC,01 - Non intersection,02 - Non-fatal injury,07 - SMV other,02 - Rain,07 - Dark,04 - Slush,10 - No control,,1,0,0,0,01 - Minimal,1,1,,,,379234.0381,5036903.176,45.46808894,-75.54808905,3421
18--13157,12/3/2018,6:35 PM,PARKDALE AVE @ SCOTT ST (0002213),2213,03 - At intersection,03 - P.D. only,01 - Approaching,01 - Clear,07 - Dark,02 - Wet,01 - Traffic signal,01 - Functioning,2,0,0,0,,0,,,,,364949.65,5029726.675,45.40489301,-75.73162548,3422
18--13158,12/3/2018,6:59 PM,ALTA VISTA DR @ BANK ST (0011318),11318,02 - Intersection related,03 - P.D. only,03 - Rear end,01 - Clear,07 - Dark,02 - Wet,01 - Traffic signal,01 - Functioning,3,0,0,0,,0,,,,,370247.8381,5026200.897,45.37269397,-75.66441894,3423
18--13159,12/3/2018,7:09 PM,ALBERT ST btwn PRESTON ST & Continuation of ALBERT ST (__3ZA33O),__3ZA33O,01 - Non intersection,03 - P.D. only,99 - Other,01 - Clear,07 - Dark,01 - Dry,10 - No control,,2,0,0,0,,0,,,,,366228.677,5030508.138,45.41181333,-75.71519086,3424
18--1316,1/26/2018,6:30 AM,HIGHWAY 417 btwn HWY417 IC124 RAMP65 & HWY417 IC122 RAMP51 (__3ZA2R8),__3ZA2R8,01 - Non intersection,03 - P.D. only,03 - Rear end,01 - Clear,07 - Dark,01 - Dry,10 - No control,,3,0,0,0,,0,,,,,365034.039,5028507.127,45.39391253,-75.7306965,3425
18--13160,12/3/2018,7:20 AM,KENNEVALE DR @ STRANDHERD DR (0010896),10896,02 - Intersection related,03 - P.D. only,03 - Rear end,02 - Rain,03 - Dawn,02 - Wet,01 - Traffic signal,01 - Functioning,2,0,0,0,,0,,,,,361491.787,5014099.55,45.26456908,-75.77758401,3426
18--13161,12/3/2018,7:30 AM,HIGHWAY 417 btwn HWY417 IC180 RAMP61 & HWY417 IC169 RAMP36 (__5DVYB1),__5DVYB1,01 - Non intersection,03 - P.D. only,07 - SMV other,03 - Snow,03 - Dawn,03 - Loose snow,10 - No control,,1,0,0,0,,0,,,,,320059.7587,5030725.895,45.41630264,-76.30502685,3427
18--13162,12/3/2018,7:30 AM,HIGHWAY 417 btwn HWY417 IC163 RAMP61 & HWY417 IC155 RAMP36 (__3ZA2QB),__3ZA2QB,01 - Non intersection,03 - P.D. only,07 - SMV other,03 - Snow,03 - Dawn,03 - Loose snow,10 - No control,,1,0,0,0,,0,,,,,338845.8307,5019528.081,45.31487846,-76.0657748,3428
18--13163,12/3/2018,7:48 AM,CYRVILLE RD @ INNES RD (0009352),9352,02 - Intersection related,03 - P.D. only,03 - Rear end,03 - Snow,03 - Dawn,02 - Wet,01 - Traffic signal,01 - Functioning,2,0,0,0,,0,,,,,375047.755,5031119.544,45.41648476,-75.60244473,3429
18--13164,12/3/2018,7:56 PM,RUSSELL RD @ SOUTHVALE CRES N (0002650),2650,03 - At intersection,03 - P.D. only,02 - Angle,01 - Clear,07 - Dark,01 - Dry,01 - Traffic signal,01 - Functioning,2,0,0,0,,0,,,,,373798.7154,5029097.523,45.39841588,-75.61868477,3430
18--13165,12/3/2018,8:05 AM,RAMSAYVILLE RD btwn LEITRIM RD & EIGHTH LINE RD (__3ZBO27),__3ZBO27,04 - At/near private drive,03 - P.D. only,02 - Angle,03 - Snow,01 - Daylight,02 - Wet,10 - No control,,2,0,0,0,,0,,,,,379213.3554,5022698.791,45.34028937,-75.55049704,3431
18--13166,12/3/2018,8:18 AM,MONTREAL RD btwn GRANVILLE ST & ALFRED ST (__3ZA3LG),__3ZA3LG,04 - At/near private drive,03 - P.D. only,02 - Angle,03 - Snow,01 - Daylight,03 - Loose snow,10 - No control,,3,0,0,0,,0,,,,,370860.3291,5033490.87,45.43822881,-75.65562336,3432
18--13167,12/3/2018,8:19 AM,ABBOTT ST @ IBER RD (0010542),10542,02 - Intersection related,03 - P.D. only,04 - Sideswipe,03 - Snow,01 - Daylight,04 - Slush,10 - No control,,2,0,0,0,,0,,,,,351978.4339,5014876.345,45.27226134,-75.89873024,3433
18--13168,12/3/2018,8:30 AM,HAZELDEAN RD @ HWY 7 HAZELDEAN IC RAMP 24 (0010663),10663,03 - At intersection,03 - P.D. only,02 - Angle,03 - Snow,01 - Daylight,04 - Slush,02 - Stop sign,01 - Functioning,2,0,0,0,,0,,,,,346573.2405,5012282.647,45.24926401,-75.96783211,3434
18--13169,12/3/2018,8:36 AM,HAWTHORNE RD @ HUNT CLUB RD (0007651),7651,02 - Intersection related,03 - P.D. only,99 - Other,02 - Rain,01 - Daylight,02 - Wet,01 - Traffic signal,01 - Functioning,2,0,0,0,,0,,,,,375507.8043,5026406.681,45.37403453,-75.59724288,3435
18--1317,1/26/2018,6:43 PM,CYRVILLE RD @ INNES RD (0009352),9352,02 - Intersection related,03 - P.D. only,03 - Rear end,01 - Clear,07 - Dark,02 - Wet,01 - Traffic signal,01 - Functioning,2,0,0,0,,0,,,,,375047.7244,5031119.564,45.41648495,-75.60244511,3436
18--13170,12/3/2018,8:44 PM,BASELINE RD btwn MORLEY BLVD & PRINCE OF WALES DR (__3ZA4JU),__3ZA4JU,01 - Non intersection,03 - P.D. only,07 - SMV other,03 - Snow,07 - Dark,06 - Ice,10 - No control,,1,0,0,0,,0,,,,,366718.8047,5026372,45.37455422,-75.70944868,3437
18--13171,12/3/2018,9:07 AM,ASHTON STATION RD @ HIGHWAY 7 (0000066),66,03 - At intersection,03 - P.D. only,02 - Angle,03 - Snow,01 - Daylight,05 - Packed snow,02 - Stop sign,01 - Functioning,2,0,0,0,,0,,,,,339963.3981,5003788.497,45.17318972,-76.05263465,3438
18--13172,12/3/2018,9:24 AM,MARCH RD btwn KLONDIKE RD & MORGAN'S GRANT WAY (__3ZA2EW),__3ZA2EW,01 - Non intersection,03 - P.D. only,07 - SMV other,03 - Snow,01 - Daylight,06 - Ice,10 - No control,,1,0,0,0,,0,,,,,349468.1291,5023835.621,45.35304341,-75.92991371,3439
18--13173,12/3/2018,9:46 AM,JINKINSON RD btwn FERNBANK RD & HAZELDEAN RD (__7JQ7K3),__7JQ7K3,01 - Non intersection,03 - P.D. only,07 - SMV other,03 - Snow,01 - Daylight,04 - Slush,10 - No control,,1,0,0,0,,0,,,,,346934.5944,5012350.234,45.24985065,-75.96322314,3440
18--13174,12/3/2018,9:51 AM,COHEN AVE btwn HEARST WAY & ANGUS DR (__3ZA1ID),__3ZA1ID,01 - Non intersection,03 - P.D. only,07 - SMV other,03 - Snow,01 - Daylight,03 - Loose snow,10 - No control,,1,0,0,0,,0,,,,,352782.0006,5019855.83,45.3170136,-75.88800793,3441
18--13175,12/4/2018,1:06 PM,DONALD ST @ QUILL ST (0007960),7960,02 - Intersection related,03 - P.D. only,03 - Rear end,01 - Clear,01 - Daylight,01 - Dry,01 - Traffic signal,01 - Functioning,2,0,0,0,,0,,,,,370699.6335,5032313.726,45.42765254,-75.65783468,3442
18--13176,12/4/2018,1:06 PM,THOMAS A. DOLAN PKWY btwn TORWOOD DR & STONERIDGE RD (__3ZAC2A),__3ZAC2A,01 - Non intersection,03 - P.D. only,07 - SMV other,01 - Clear,01 - Daylight,01 - Dry,10 - No control,,1,0,0,0,,0,,,,,345744.8912,5034464.258,45.44890946,-75.97654781,3443
18--13177,12/4/2018,1:17 PM,NICHOLAS ST SB btwn RAMP & LAURIER AVE E (__3ZAZP6),__3ZAZP6,01 - Non intersection,03 - P.D. only,04 - Sideswipe,01 - Clear,01 - Daylight,01 - Dry,10 - No control,,2,0,0,0,,0,,,,,368363.6467,5031817.049,45.42339981,-75.68774848,3444
18--13178,12/4/2018,1:18 PM,CASTLEFRANK RD @ HAZELDEAN RD (0003608),3608,03 - At intersection,03 - P.D. only,05 - Turning movement,01 - Clear,01 - Daylight,01 - Dry,01 - Traffic signal,01 - Functioning,2,0,0,0,,0,,,,,352677.744,5017676.813,45.29741343,-75.88954811,3445
18--13179,12/4/2018,1:36 PM,CARLING AVE @ CARLINGWOOD SC (0008881),8881,03 - At intersection,03 - P.D. only,05 - Turning movement,01 - Clear,01 - Daylight,01 - Dry,01 - Traffic signal,01 - Functioning,2,0,0,0,,0,,,,,362073.0642,5025919.077,45.37087398,-75.76881086,3446
18--1318,1/26/2018,6:45 AM,MARCH RD btwn MARCH RD & BEACHVALE LANE (__3ZA3FO),__3ZA3FO,01 - Non intersection,03 - P.D. only,01 - Approaching,01 - Clear,07 - Dark,01 - Dry,10 - No control,,2,0,0,0,,0,,,,,344180.084,5023580.536,45.35106498,-75.99742102,3447
18--13180,12/4/2018,1:55 PM,AHEARN AVE @ DOANE ST (0002790),2790,03 - At intersection,03 - P.D. only,01 - Approaching,03 - Snow,01 - Daylight,02 - Wet,03 - Yield sign,00 - Unknown,2,0,0,0,,0,,,,,359390.7208,5024533.538,45.35862101,-75.80320606,3448
18--13181,12/4/2018,10:15 AM,LYON ST @ SLATER ST (0002207),2207,02 - Intersection related,03 - P.D. only,04 - Sideswipe,01 - Clear,01 - Daylight,02 - Wet,01 - Traffic signal,01 - Functioning,2,0,0,0,,0,,,,,367102.6912,5031152.691,45.41753556,-75.7039441,3449
18--13182,12/4/2018,10:36 AM,DIAMONDVIEW RD @ DONALD B. MUNRO DR (0011597),11597,03 - At intersection,03 - P.D. only,02 - Angle,01 - Clear,01 - Daylight,01 - Dry,02 - Stop sign,01 - Functioning,2,0,0,0,,0,,,,,338123.6568,5022171.505,45.33869985,-76.07480732,3450
18--13183,12/4/2018,11:00 AM,MAIN ST @ OBLATE AVE (0002597),2597,03 - At intersection,03 - P.D. only,02 - Angle,01 - Clear,01 - Daylight,01 - Dry,01 - Traffic signal,01 - Functioning,2,0,0,0,,0,,,,,369107.5473,5030311.535,45.40978575,-75.67843995,3451
18--13184,12/4/2018,11:03 AM,QUEEN MARY ST @ VANIER PKWY (0007648),7648,02 - Intersection related,01 - Fatal injury,02 - Angle,01 - Clear,01 - Daylight,01 - Dry,01 - Traffic signal,01 - Functioning,2,0,0,0,04 - Fatal,1,,,,1,370363.7371,5031957.524,45.42447915,-75.66217422,3452
18--13185,12/4/2018,Unknown,MCCOOEYE LANE btwn NEIL AVE & CARP RD (__3ZBNBZ),__3ZBNBZ,01 - Non intersection,03 - P.D. only,06 - SMV unattended vehicle,01 - Clear,00 - Unknown,01 - Dry,10 - No control,,1,0,0,0,,0,,,,,349279.325,5014548.382,45.26948612,-75.93315691,3453
18--13186,12/4/2018,Unknown,MANN AVE btwn TURN LANE & RUSSELL AVE (__3ZBOFH),__3ZBOFH,01 - Non intersection,03 - P.D. only,06 - SMV unattended vehicle,01 - Clear,00 - Unknown,01 - Dry,10 - No control,,1,0,0,0,,0,,,,,369263.7753,5031381.585,45.4193993,-75.6763043,3454
18--13187,12/4/2018,Unknown,WELLINGTON ST    W btwn HOLLAND AVE & HINTON AVE N (__3ZA4QR),__3ZA4QR,01 - Non intersection,03 - P.D. only,06 - SMV unattended vehicle,01 - Clear,00 - Unknown,01 - Dry,10 - No control,,1,0,0,0,,0,,,,,364990.2678,5029185.777,45.40002264,-75.73117268,3455
18--13188,12/4/2018,Unknown,UPPER LORNE PL btwn SOMERSET ST W & END (__3ZA4GN),__3ZA4GN,01 - Non intersection,03 - P.D. only,06 - SMV unattended vehicle,01 - Clear,00 - Unknown,06 - Ice,10 - No control,,1,0,0,0,,0,,,,,366623.0608,5030371.773,45.41055163,-75.71016982,3456
18--13189,12/4/2018,12:18 PM,HAZELDEAN RD btwn KINCARDINE DR & TERRY FOX DR (__3ZAZ88),__3ZAZ88,04 - At/near private drive,02 - Non-fatal injury,02 - Angle,01 - Clear,01 - Daylight,01 - Dry,10 - No control,,2,0,0,0,02 - Minor,2,,2,,,352181.1655,5017217.67,45.2933156,-75.89592311,3457
18--1319,1/26/2018,6:49 AM,HIGHWAY 417 btwn HWY417 IC122 RAMP15 & HWY417 IC121B RAMP51 (__3ZA2RB),__3ZA2RB,01 - Non intersection,03 - P.D. only,03 - Rear end,01 - Clear,07 - Dark,01 - Dry,10 - No control,,2,0,0,0,,0,,,,,366124.9712,5029348.123,45.40138491,-75.71665996,3458
18--13190,12/4/2018,12:55 PM,ST. LAURENT BLVD @ WALKLEY RD (0007653),7653,02 - Intersection related,03 - P.D. only,02 - Angle,01 - Clear,01 - Daylight,01 - Dry,01 - Traffic signal,01 - Functioning,2,0,0,0,,0,,,,,373902.5628,5028046.918,45.38895279,-75.61750564,3459
18--13191,12/4/2018,2:00 PM,ST. JOSEPH BLVD/OLD MONTREAL RD @ TRIM RD (0004118),4118,02 - Intersection related,03 - P.D. only,03 - Rear end,01 - Clear,01 - Daylight,01 - Dry,11 - Roundabout,01 - Functioning,2,0,0,0,,0,,,,,384682.7324,5039285.847,45.48892402,-75.47803088,3460
18--13192,12/4/2018,2:12 PM,MAITLAND AVE btwn CARLING AVE & DUNCAN PL (__3ZA4JY),__3ZA4JY,04 - At/near private drive,03 - P.D. only,02 - Angle,01 - Clear,01 - Daylight,02 - Wet,10 - No control,,2,0,0,0,,0,,,,,362955.6101,5026456.194,45.37563422,-75.75748135,3461
18--13193,12/4/2018,2:26 PM,WOODROFFE AVE btwn SAVILLE ROW & FLOWER AVE (__3ZA4NN),__3ZA4NN,01 - Non intersection,03 - P.D. only,03 - Rear end,01 - Clear,01 - Daylight,01 - Dry,10 - No control,,2,0,0,0,,0,,,,,361802.0216,5026136.503,45.37285246,-75.77224582,3462
18--13194,12/4/2018,2:45 PM,CARLING AVE @ FAIRLAWN AVE/WOODROFFE AVE E (0002393),2393,02 - Intersection related,03 - P.D. only,04 - Sideswipe,01 - Clear,01 - Daylight,02 - Wet,01 - Traffic signal,01 - Functioning,2,0,0,0,,0,,,,,361934.6841,5025830.528,45.37008852,-75.77058762,3463
18--13195,12/4/2018,2:46 PM,FALAISE RD @ FISHER AVE (0003207),3207,03 - At intersection,03 - P.D. only,05 - Turning movement,01 - Clear,01 - Daylight,01 - Dry,02 - Stop sign,01 - Functioning,2,0,0,0,,0,,,,,366775.5577,5024561.571,45.35825935,-75.70895125,3464
18--13196,12/4/2018,3:02 PM,GREENBANK RD @ WEST HUNT CLUB RD (0005167),5167,02 - Intersection related,03 - P.D. only,03 - Rear end,02 - Rain,01 - Daylight,02 - Wet,01 - Traffic signal,01 - Functioning,2,0,0,0,,0,,,,,361479.3203,5020502.669,45.32218564,-75.77701112,3465
18--13197,12/4/2018,3:15 PM,COVENTRY RD @ VANIER PKWY (0002139),2139,02 - Intersection related,03 - P.D. only,03 - Rear end,01 - Clear,01 - Daylight,01 - Dry,01 - Traffic signal,01 - Functioning,2,0,0,0,,0,,,,,370676.3791,5031611.627,45.42133754,-75.65822572,3466
18--13198,12/4/2018,3:15 PM,CORKSTOWN RD @ MARCH RD (0003153),3153,03 - At intersection,03 - P.D. only,05 - Turning movement,01 - Clear,01 - Daylight,01 - Dry,02 - Stop sign,00 - Unknown,2,0,0,0,,0,,,,,352657.6316,5020883.598,45.32627016,-75.8894948,3467
18--13199,12/4/2018,3:30 PM,OLD INNES RD @ BANTREE ST (0007674),7674,03 - At intersection,03 - P.D. only,02 - Angle,01 - Clear,01 - Daylight,01 - Dry,02 - Stop sign,01 - Functioning,2,0,0,0,,0,,,,,373727.6696,5030352.592,45.40971539,-75.61941669,3468
18--132,1/2/2018,7:16 AM,WELLINGTON ST btwn LYON ST N & KENT ST (__3ZA4TE),__3ZA4TE,01 - Non intersection,03 - P.D. only,05 - Turning movement,03 - Snow,03 - Dawn,04 - Slush,10 - No control,,2,0,0,0,,0,,,,,367006.0602,5031469.431,45.42039409,-75.70513867,3469
18--1320,1/26/2018,6:50 AM,HIGHWAY 417 btwn HWY417 IC122 RAMP15 & HWY417 IC121B RAMP51 (__3ZA2RB),__3ZA2RB,01 - Non intersection,03 - P.D. only,04 - Sideswipe,01 - Clear,07 - Dark,01 - Dry,10 - No control,,2,0,0,0,,0,,,,,366281.9012,5029415.57,45.40197802,-75.71464718,3470
18--13200,12/4/2018,3:35 PM,APPLECROSS CRES btwn MARCONI AVE & STRATHCARRON CRES (1) (__6ZT32Q),__6ZT32Q,01 - Non intersection,02 - Non-fatal injury,07 - SMV other,01 - Clear,01 - Daylight,01 - Dry,10 - No control,,1,0,0,1,02 - Minor,1,,1,,,349768.0548,5024406.837,45.35816416,-75.92603408,3471
18--13201,12/4/2018,3:45 PM,HWY 417 WALKLEY IC110R57 @ WALKLEY EXTENSION R (0004164),4164,03 - At intersection,03 - P.D. only,02 - Angle,01 - Clear,01 - Daylight,01 - Dry,02 - Stop sign,01 - Functioning,2,0,0,0,,0,,,,,375656.7486,5028998.59,45.39734016,-75.5949694,3472
18--13202,12/4/2018,3:53 PM,PRINCE OF WALES DR btwn BASELINE RD/HERON RD & GREEN VALLEY CRES (__3ZA3G7),__3ZA3G7,01 - Non intersection,03 - P.D. only,03 - Rear end,01 - Clear,01 - Daylight,01 - Dry,10 - No control,,2,0,0,0,,0,,,,,366938.109,5026603.513,45.37661791,-75.70661984,3473
18--13203,12/4/2018,4:05 PM,ST. LAURENT BLVD btwn QUEEN MARY ST & CYRVILLE RD (__3ZBOFG),__3ZBOFG,01 - Non intersection,02 - Non-fatal injury,03 - Rear end,01 - Clear,05 - Dusk,01 - Dry,10 - No control,,2,0,0,0,01 - Minimal,1,1,,,,372232.0044,5032135.328,45.42590134,-75.63827835,3474
18--13204,12/4/2018,4:09 PM,WOODROFFE AVE btwn WOODROFFE AVE & NAVAHO DR (__3ZA2TY),__3ZA2TY,01 - Non intersection,03 - P.D. only,03 - Rear end,01 - Clear,05 - Dusk,01 - Dry,10 - No control,,2,0,0,0,,0,,,,,362612.4463,5023613.654,45.35008571,-75.76219497,3475
18--13205,12/4/2018,4:10 PM,RIDDELL DR btwn MARCH VALLEY RD & SIXTH LINE RD (__3ZA42B),__3ZA42B,01 - Non intersection,03 - P.D. only,07 - SMV other,01 - Clear,05 - Dusk,01 - Dry,10 - No control,,1,0,0,0,,0,,,,,348384.0285,5027433.782,45.38548866,-75.94343165,3476
18--13206,12/4/2018,4:15 PM,REGENCY TER btwn BLOOMSBURY CRES & END (__3ZABJA),__3ZABJA,01 - Non intersection,03 - P.D. only,06 - SMV unattended vehicle,01 - Clear,05 - Dusk,01 - Dry,10 - No control,,1,0,0,0,,0,,,,,361908.2879,5023488.158,45.3490142,-75.77119523,3477
18--13207,12/4/2018,4:35 PM,MERIVALE RD @ WOODFIELD DR/ROYDON PL (0009776),9776,02 - Intersection related,03 - P.D. only,03 - Rear end,01 - Clear,05 - Dusk,01 - Dry,01 - Traffic signal,01 - Functioning,2,0,0,0,,0,,,,,365462.532,5022298.734,45.33801351,-75.72598656,3478
18--13208,12/4/2018,4:55 PM,PRINCE OF WALES DR btwn COLONNADE RD & STEPHANIE AVE (__3ZA29R),__3ZA29R,01 - Non intersection,03 - P.D. only,03 - Rear end,01 - Clear,07 - Dark,01 - Dry,10 - No control,,2,0,0,0,,0,,,,,367433.581,5023170.723,45.34568631,-75.70072931,3479
18--13209,12/4/2018,5:11 PM,HIGHWAY 417 btwn HWY417 IC126 RAMP16 & HWY417 IC126 RAMP61 (__3ZA2RC),__3ZA2RC,01 - Non intersection,03 - P.D. only,03 - Rear end,01 - Clear,07 - Dark,01 - Dry,10 - No control,,2,0,0,0,,0,,,,,363065.171,5025734.787,45.36913398,-75.75616772,3480
18--1321,1/26/2018,7:03 AM,HAZELDEAN RD @ 246 E OF CASTLEFRANK RD/FARMBOY (0011366),11366,03 - At intersection,02 - Non-fatal injury,07 - SMV other,01 - Clear,03 - Dawn,01 - Dry,01 - Traffic signal,01 - Functioning,1,0,0,1,03 - Major,1,,,1,,352859.466,5017841.59,45.29888372,-75.88721528,3481
18--13210,12/4/2018,5:15 PM,WEST HUNT CLUB RD btwn MOODIE DR & HWY416 IC72 RAMP53 (__3ZA4YJ),__3ZA4YJ,01 - Non intersection,03 - P.D. only,03 - Rear end,01 - Clear,07 - Dark,01 - Dry,10 - No control,,3,0,0,0,,0,,,,,359074.0079,5019185.478,45.31052355,-75.80783476,3482
18--13211,12/4/2018,5:17 PM,CARLING AVE WB btwn POULIN AVE & ALPINE AVE (__3ZA4VZ),__3ZA4VZ,01 - Non intersection,03 - P.D. only,04 - Sideswipe,01 - Clear,07 - Dark,01 - Dry,10 - No control,,2,0,0,0,,0,,,,,360478.7378,5024931.066,45.36211239,-75.78927493,3483
18--13212,12/4/2018,5:24 PM,HUNT CLUB RD btwn NORTH BOWESVILLE RD & BILLY BISHOP PRIV (__5G43Y1),__5G43Y1,01 - Non intersection,03 - P.D. only,04 - Sideswipe,01 - Clear,07 - Dark,01 - Dry,10 - No control,,2,0,0,0,,0,,,,,368840.2206,5022417.761,45.33878432,-75.68287839,3484
18--13213,12/4/2018,5:30 PM,BRONSON AVE @ LAKESIDE AVE (0007223),7223,02 - Intersection related,03 - P.D. only,03 - Rear end,01 - Clear,07 - Dark,01 - Dry,02 - Stop sign,01 - Functioning,2,0,0,0,,0,,,,,367655.571,5028838.805,45.39666647,-75.69717551,3485
18--13214,12/4/2018,5:30 PM,FISHER AVE @ VIEWMOUNT DR (0005076),5076,02 - Intersection related,03 - P.D. only,04 - Sideswipe,01 - Clear,07 - Dark,01 - Dry,01 - Traffic signal,01 - Functioning,2,0,0,0,,0,,,,,366918.7839,5024209.556,45.35507931,-75.70716754,3486
18--13215,12/4/2018,5:30 PM,HIGHWAY 417 btwn HWY417 IC138 RAMP61 & HWY417 IC134 RAMP36 (__3ZA20I),__3ZA20I,01 - Non intersection,02 - Non-fatal injury,03 - Rear end,01 - Clear,07 - Dark,01 - Dry,10 - No control,,2,0,0,0,01 - Minimal,1,1,,,,355874.8802,5021971.91,45.33583618,-75.84834363,3487