Anom_ID,Accident_Date,Accident_Time,Location,Geo_ID,Accident_Location,Classification_of_Accident,Initial_Impact_Type,Environment_Condition,Light,Road_Surface_Condition,Traffic_Control,Traffic_Control_Condition,No__of_Vehicles,No__of_Bicycles,No__of_Motorcycles,No__of_Pedestrians,Max_Injury,No__of_Injuries,No__of_Minimal,No__of_Minor,No__of_Major,No__of_Fatal,X,Y,Latitude,Longitude,ObjectId
18--13216,12/4/2018,5:41 PM,INNES RD btwn BLACKBURN BYPASS & CLEROUX CRES (__3ZA3KN),__3ZA3KN,01 - Non intersection,03 - P.D. only,07 - SMV other,01 - Clear,07 - Dark,01 - Dry,10 - No control,,1,0,0,0,,0,,,,,379706.2814,5033807.395,45.44018494,-75.54252204,3488
18--13217,12/4/2018,5:43 PM,CLEMOW AVE @ PERCY ST (0007769),7769,03 - At intersection,03 - P.D. only,02 - Angle,01 - Clear,07 - Dark,01 - Dry,02 - Stop sign,01 - Functioning,2,0,0,0,,0,,,,,367710.5257,5029570.693,45.40324685,-75.69638032,3489
18--13218,12/4/2018,5:58 PM,HIGHWAY 417 btwn HWY417 IC121B RAMP51 & HWY417 IC121A RAMP51 (__3ZA2YW),__3ZA2YW,01 - Non intersection,03 - P.D. only,04 - Sideswipe,01 - Clear,07 - Dark,01 - Dry,10 - No control,,2,0,0,0,,0,,,,,366789.2129,5029577.992,45.40339471,-75.70814712,3490
18--13219,12/4/2018,6:28 PM,BAYSWATER AVE @ SOMERSET ST (0006486),6486,02 - Intersection related,03 - P.D. only,03 - Rear end,01 - Clear,07 - Dark,01 - Dry,01 - Traffic signal,01 - Functioning,2,0,0,0,,0,,,,,365812.5206,5029911.635,45.40648256,-75.72058098,3491
18--1322,1/26/2018,7:29 AM,GREENBANK RD @ BELLMAN DR/BATEMAN DR (0000153),153,02 - Intersection related,03 - P.D. only,03 - Rear end,01 - Clear,03 - Dawn,01 - Dry,01 - Traffic signal,01 - Functioning,4,0,0,0,,0,,,,,361256.6755,5021017.489,45.32683593,-75.7797922,3492
18--13220,12/4/2018,6:29 AM,KING EDWARD AVE btwn THOMAS MORE PRIV & MARIE CURIE PRIV (__3ZA3US),__3ZA3US,01 - Non intersection,03 - P.D. only,06 - SMV unattended vehicle,01 - Clear,07 - Dark,02 - Wet,10 - No control,,1,0,0,0,,0,,,,,368953.1409,5031681.178,45.42212348,-75.68023406,3493
18--13221,12/4/2018,6:40 AM,ELGIN ST @ WELLINGTON ST W (0002113),2113,03 - At intersection,03 - P.D. only,05 - Turning movement,03 - Snow,07 - Dark,02 - Wet,01 - Traffic signal,01 - Functioning,2,0,0,0,,0,,,,,367664.693,5031877.649,45.42400823,-75.69667148,3494
18--13222,12/4/2018,6:51 AM,HIGHWAY 417 btwn REGIONAL ROAD 174 & HWY417 IC113 RAMP62 (__3ZA280),__3ZA280,01 - Non intersection,03 - P.D. only,03 - Rear end,01 - Clear,07 - Dark,01 - Dry,10 - No control,,2,0,0,0,,0,,,,,373296.6561,5031737.674,45.42222001,-75.62472992,3495
18--13223,12/4/2018,6:54 PM,CARLING AVE @ PINECREST  RD/GREENVIEW AVE (0001630),1630,03 - At intersection,03 - P.D. only,05 - Turning movement,01 - Clear,07 - Dark,01 - Dry,01 - Traffic signal,01 - Functioning,2,0,0,0,,0,,,,,360006.7956,5024632.521,45.35946341,-75.79533204,3496
18--13224,12/4/2018,7:00 PM,GLADSTONE AVE @ KENT ST (0002251),2251,03 - At intersection,03 - P.D. only,02 - Angle,01 - Clear,07 - Dark,01 - Dry,01 - Traffic signal,01 - Functioning,2,0,0,0,,0,,,,,367744.5056,5030459.789,45.41124361,-75.69583279,3497
18--13225,12/4/2018,7:17 AM,RICHMOND RD btwn NEW ORCHARD AVE & WOODROFFE AVE (__3ZA4L0),__3ZA4L0,04 - At/near private drive,03 - P.D. only,05 - Turning movement,01 - Clear,03 - Dawn,01 - Dry,10 - No control,,2,0,0,0,,0,,,,,361485.4863,5026521.342,45.37634089,-75.77624258,3498
18--13226,12/4/2018,7:23 AM,BARNSDALE RD @ PRINCE OF WALES DR (0001082),1082,03 - At intersection,03 - P.D. only,05 - Turning movement,01 - Clear,03 - Dawn,01 - Dry,02 - Stop sign,01 - Functioning,2,0,0,0,,0,,,,,366646.7696,5011532.599,45.24103736,-75.71222012,3499
18--13227,12/4/2018,7:30 AM,RAMSAYVILLE RD @ RUSSELL RD S (0012422),12422,03 - At intersection,02 - Non-fatal injury,05 - Turning movement,01 - Clear,03 - Dawn,01 - Dry,02 - Stop sign,01 - Functioning,2,0,0,0,01 - Minimal,1,1,,,,377831.876,5026129.68,45.37130387,-75.56761529,3500
18--13228,12/4/2018,7:30 AM,STRANDHERD DR @ WOODROFFE AVE (0009688),9688,02 - Intersection related,03 - P.D. only,03 - Rear end,01 - Clear,03 - Dawn,01 - Dry,01 - Traffic signal,01 - Functioning,2,0,0,0,,0,,,,,366106.1026,5015395.136,45.27583968,-75.71862972,3501
18--13229,12/4/2018,7:30 AM,HIGHWAY 417 btwn HWY417 IC134 RAMP25 & HWY417 IC131 RAMP53 (__3ZA2LE),__3ZA2LE,01 - Non intersection,03 - P.D. only,03 - Rear end,01 - Clear,03 - Dawn,01 - Dry,10 - No control,,2,0,0,0,,0,,,,,356944.031,5022494.719,45.34046182,-75.83464833,3502
18--1323,1/26/2018,7:40 PM,CARLING AVE @ FISHER AVE (0002147),2147,02 - Intersection related,03 - P.D. only,03 - Rear end,01 - Clear,07 - Dark,02 - Wet,10 - No control,,2,0,0,0,,0,,,,,365330.6933,5027972.55,45.38907694,-75.72697358,3503
18--12871,11/26/2018,8:10 AM,HIGHWAY 417 btwn HWY417 IC110 RAMP64 & HWY417 IC104 RAMP16 (__3ZA2W9),__3ZA2W9,01 - Non intersection,02 - Non-fatal injury,03 - Rear end,01 - Clear,01 - Daylight,01 - Dry,10 - No control,,3,0,0,0,01 - Minimal,1,1,,,,375969.4477,5028329.151,45.39128519,-75.59107247,3504
18--12782,11/24/2018,6:15 PM,HUNTER'S RUN DR @ JEANNE D'ARC BLVD (0012419),12419,02 - Intersection related,03 - P.D. only,03 - Rear end,04 - Freezing Rain,07 - Dark,06 - Ice,01 - Traffic signal,01 - Functioning,2,0,0,0,,0,,,,,380567.6651,5036174.72,45.46139148,-75.53114847,3505
18--12872,11/26/2018,8:15 AM,HWY417 IC117 RAMP36 btwn HIGHWAY 417 & VANIER PKWY (__3ZAYAX),__3ZAYAX,01 - Non intersection,03 - P.D. only,03 - Rear end,01 - Clear,01 - Daylight,01 - Dry,10 - No control,,2,0,0,0,,0,,,,,370768.251,5031387.713,45.4193142,-75.65708188,3506
18--13051,11/30/2018,5:15 PM,CAMPEAU DR/HWY 417 MARCH IC138R63 @ MARCH RD (0009710),9710,02 - Intersection related,03 - P.D. only,03 - Rear end,05 - Drifting Snow,07 - Dark,02 - Wet,01 - Traffic signal,01 - Functioning,2,0,0,0,,0,,,,,352841.6844,5020476.419,45.32259371,-75.88718654,3507
18--12873,11/26/2018,8:28 PM,BLACKBURN BYPASS @ INNES RD E (0009245),9245,02 - Intersection related,02 - Non-fatal injury,03 - Rear end,01 - Clear,07 - Dark,02 - Wet,01 - Traffic signal,01 - Functioning,2,0,0,0,02 - Minor,1,,1,,,379791.568,5033781.668,45.43994433,-75.54143595,3508
18--12783,11/24/2018,6:31 AM,HIGHWAY 417 btwn HWY417 IC155 RAMP61 & HWY417 IC145 RAMP56 (__3ZA2Q2),__3ZA2Q2,01 - Non intersection,03 - P.D. only,07 - SMV other,01 - Clear,07 - Dark,01 - Dry,10 - No control,,1,0,0,0,,0,,,,,341711.2053,5018025.968,45.30121701,-76.02934248,3509
18--13411,12/7/2018,6:35 AM,BEAUDELAIRE DR btwn HARVEST VALLEY AVE & OAKCREST WAY (__7JQ69T),__7JQ69T,01 - Non intersection,02 - Non-fatal injury,07 - SMV other,01 - Clear,07 - Dark,01 - Dry,10 - No control,,1,0,0,1,02 - Minor,1,,1,,,385321.613,5034639.879,45.44705069,-75.47061996,3510
18--13052,11/30/2018,5:15 PM,HIGHWAY 417 btwn HWY417 IC121A RAMP51 & HWY417 IC120A RAMP52 (__3ZA2R6),__3ZA2R6,01 - Non intersection,03 - P.D. only,03 - Rear end,01 - Clear,07 - Dark,01 - Dry,10 - No control,,2,0,0,0,,0,,,,,367676.4796,5029928.088,45.40646564,-75.69676961,3511
18--12874,11/26/2018,8:30 PM,HAWTHORNE RD btwn DAVIDSON RD & LEITRIM RD (__3ZBPIY),__3ZBPIY,01 - Non intersection,03 - P.D. only,07 - SMV other,02 - Rain,07 - Dark,04 - Slush,10 - No control,,1,0,0,0,,0,,,,,376298.0369,5024473.029,45.3565563,-75.58743471,3512
18--12784,11/24/2018,7:03 PM,MONTREAL RD @ VANIER PKWY (0004630),4630,02 - Intersection related,02 - Non-fatal injury,07 - SMV other,02 - Rain,07 - Dark,02 - Wet,01 - Traffic signal,01 - Functioning,1,0,0,1,02 - Minor,1,,1,,,370072.5763,5033065.752,45.43447776,-75.66574762,3513
18--12785,11/24/2018,7:50 AM,MAITLAND AVE btwn CAMEO DR & CLYDE AVE (__3ZA4I2),__3ZA4I2,01 - Non intersection,03 - P.D. only,07 - SMV other,01 - Clear,01 - Daylight,01 - Dry,10 - No control,,1,0,0,0,,0,,,,,364229.1469,5025154.577,45.3638156,-75.7413791,3514
18--12786,11/24/2018,8:00 PM,SIXTH LINE RD btwn BERRY SIDE RD & RIDDELL DR (__3ZBPHD),__3ZBPHD,01 - Non intersection,03 - P.D. only,07 - SMV other,02 - Rain,07 - Dark,02 - Wet,10 - No control,,1,0,0,0,,0,,,,,350153.4377,5029116.242,45.40051534,-75.92068277,3515
18--12787,11/24/2018,8:00 PM,GRAPHITE RD btwn DOLOMITE ST & CINNABAR WAY (2) (__37BZE6),__37BZE6,04 - At/near private drive,03 - P.D. only,06 - SMV unattended vehicle,02 - Rain,07 - Dark,02 - Wet,10 - No control,,1,0,0,0,,0,,,,,351420.7078,5014888.311,45.27240621,-75.90583672,3516
18--12788,11/24/2018,8:01 PM,ST. LAURENT BLVD @ COVENTRY RD/OGILVIE RD (0002151),2151,02 - Intersection related,03 - P.D. only,04 - Sideswipe,02 - Rain,07 - Dark,02 - Wet,01 - Traffic signal,01 - Functioning,2,0,0,0,,0,,,,,372305.9735,5031951.785,45.42424278,-75.63735835,3517
18--12789,11/24/2018,8:29 PM,BLAIR RD @ MEADOWBROOK RD (0004163),4163,02 - Intersection related,03 - P.D. only,03 - Rear end,04 - Freezing Rain,07 - Dark,06 - Ice,01 - Traffic signal,00 - Unknown,2,0,0,0,,0,,,,,375194.8517,5032311.658,45.42719596,-75.60039517,3518
18--1279,1/25/2018,8:17 AM,CRAIG HENRY DR btwn BAINBRIDGE AVE & SHOREHAM AVE (__3ZBNFO),__3ZBNFO,01 - Non intersection,03 - P.D. only,04 - Sideswipe,01 - Clear,01 - Daylight,06 - Ice,10 - No control,,2,0,0,0,,0,,,,,361555.1216,5021681.171,45.33278366,-75.77590919,3519
18--12790,11/24/2018,9:00 AM,PUTMAN AVE btwn CHAPLEAU AVE & BEECHWOOD AVE (__3ZA8A0),__3ZA8A0,01 - Non intersection,03 - P.D. only,07 - SMV other,01 - Clear,01 - Daylight,01 - Dry,10 - No control,,1,0,0,0,,0,,,,,369562.0856,5033935.88,45.44235428,-75.67215706,3520
18--12791,11/24/2018,9:05 PM,LEITRIM RD btwn LIMEBANK RD & HIGH RD (__3ZBOEL),__3ZBOEL,01 - Non intersection,03 - P.D. only,07 - SMV other,02 - Rain,07 - Dark,02 - Wet,10 - No control,,1,0,0,0,,0,,,,,369449.5567,5017934.075,45.29838518,-75.67568957,3521
18--12792,11/24/2018,9:30 PM,EARL ARMSTRONG RD btwn BOWESVILLE RD & HIGH RD (__3ZA7ZZ),__3ZA7ZZ,01 - Non intersection,03 - P.D. only,07 - SMV other,04 - Freezing Rain,07 - Dark,06 - Ice,10 - No control,,1,0,0,0,,0,,,,,372676.9026,5017531.964,45.29446271,-75.63459913,3522
18--12793,11/24/2018,9:42 AM,REGIONAL ROAD 174 EB btwn HWY417 IC113 RAMP65 & OR174 BLAIR IC112 RAMP51 (__3ZAZFJ),__3ZAZFJ,01 - Non intersection,03 - P.D. only,07 - SMV other,01 - Clear,01 - Daylight,01 - Dry,10 - No control,,1,0,0,0,,0,,,,,374389.3531,5032514.744,45.42910383,-75.61065901,3523
18--12794,11/25/2018,1:11 AM,BAYSHORE DR btwn CARLING AVE & WOODRIDGE CRES N (__3ZAAD2),__3ZAAD2,01 - Non intersection,03 - P.D. only,04 - Sideswipe,04 - Freezing Rain,07 - Dark,02 - Wet,10 - No control,,2,0,0,0,,0,,,,,359069.4801,5023880.855,45.3527731,-75.80737771,3524
18--12795,11/25/2018,1:55 PM,BRONSON AVE @ GLADSTONE AVE (0002110),2110,03 - At intersection,02 - Non-fatal injury,02 - Angle,03 - Snow,01 - Daylight,03 - Loose snow,01 - Traffic signal,01 - Functioning,2,0,0,0,02 - Minor,2,1,1,,,367133.6116,5030081.625,45.40789568,-75.70368451,3525
18--12796,11/25/2018,10:02 PM,RIDEAU RD btwn DOWNEY RD & BOWESVILLE RD (__3ZA6L7),__3ZA6L7,01 - Non intersection,03 - P.D. only,07 - SMV other,01 - Clear,07 - Dark,02 - Wet,10 - No control,,1,0,0,0,,0,,,,,372635.2446,5015059.191,45.27221733,-75.63546821,3526
18--12797,11/25/2018,10:02 PM,RIDEAU RD btwn DOWNEY RD & BOWESVILLE RD (__3ZA6L7),__3ZA6L7,01 - Non intersection,03 - P.D. only,07 - SMV other,01 - Clear,07 - Dark,02 - Wet,10 - No control,,1,0,0,0,,0,,,,,372691.0916,5015092.004,45.27250719,-75.63475206,3527
18--12798,11/25/2018,10:32 AM,BRONSON AVE @ GILMOUR ST (0006761),6761,02 - Intersection related,03 - P.D. only,03 - Rear end,01 - Clear,01 - Daylight,02 - Wet,10 - No control,,2,0,0,0,,0,,,,,367031.4335,5030321.461,45.41006274,-75.70495944,3528
18--12799,11/25/2018,11:17 PM,TERRY FOX DR btwn KANATA AVE & Continuation of TERRY FOX DR (__4V3NPM),__4V3NPM,01 - Non intersection,02 - Non-fatal injury,07 - SMV other,01 - Clear,07 - Dark,06 - Ice,10 - No control,,1,0,0,0,02 - Minor,1,,1,,,349651.0205,5019033.639,45.30982229,-75.92801475,3529
18--128,1/2/2018,6:40 AM,HIGHWAY 417 btwn HWY417 IC117 RAMP36 & HWY417 IC117 RAMP26 (__3ZAZE0),__3ZAZE0,01 - Non intersection,02 - Non-fatal injury,03 - Rear end,01 - Clear,07 - Dark,06 - Ice,10 - No control,,2,0,0,0,02 - Minor,1,,1,,,370645.1721,5031174.325,45.41740581,-75.65868289,3530
18--1280,1/25/2018,8:20 AM,BEAVERBROOK RD @ WESLOCK WAY (0003542),3542,02 - Intersection related,03 - P.D. only,03 - Rear end,01 - Clear,01 - Daylight,01 - Dry,02 - Stop sign,01 - Functioning,2,0,0,0,,0,,,,,350927.6112,5020877.486,45.32633099,-75.91156352,3531
18--12800,11/25/2018,Unknown,PINEGLADE CRES btwn ORLEANS BLVD & LONGLEAF DR (__3ZA5UZ),__3ZA5UZ,01 - Non intersection,03 - P.D. only,06 - SMV unattended vehicle,01 - Clear,00 - Unknown,04 - Slush,10 - No control,,1,0,0,0,,0,,,,,380517.9356,5034024.624,45.44205197,-75.53211525,3532
18--12801,11/25/2018,Unknown,DUVERNAY DR btwn Continuation of DUVERNAY DR & LAMOUREUX DR (__3ZBO4D),__3ZBO4D,01 - Non intersection,03 - P.D. only,06 - SMV unattended vehicle,01 - Clear,00 - Unknown,04 - Slush,10 - No control,,1,0,0,0,,0,,,,,383544.1401,5036896.651,45.46755762,-75.49297804,3533
18--12802,11/25/2018,12:02 PM,EAGLESON RD btwn PALOMINO DR/ROTHESAY DR & EAGLESON BUSINESS CENTRE (__3ZA41JA),__3ZA41JA,04 - At/near private drive,02 - Non-fatal injury,07 - SMV other,01 - Clear,01 - Daylight,02 - Wet,10 - No control,,1,0,0,1,01 - Minimal,1,1,,,,354257.0282,5016946.378,45.29073142,-75.86948593,3534
18--12803,11/25/2018,12:29 PM,PRINCE OF WALES DR btwn MAPLEHILL WAY & LODGE RD (__3ZA29Y),__3ZA29Y,04 - At/near private drive,03 - P.D. only,02 - Angle,01 - Clear,01 - Daylight,02 - Wet,10 - No control,,2,0,0,0,,0,,,,,366912.7629,5013356.509,45.25742543,-75.70860444,3535
18--12804,11/25/2018,12:39 PM,BANK ST @ RIVERSIDE DR S (0002704),2704,02 - Intersection related,02 - Non-fatal injury,03 - Rear end,"07 - Fog, mist, smoke, dust",01 - Daylight,02 - Wet,01 - Traffic signal,01 - Functioning,2,0,0,0,02 - Minor,1,,1,,,369304.5947,5027894.611,45.38802094,-75.67623891,3536
18--12805,11/25/2018,2:00 PM,INNES RD btwn PRESTWICK DR & TENTH LINE RD (__3ZA3Y7),__3ZA3Y7,01 - Non intersection,03 - P.D. only,03 - Rear end,02 - Rain,01 - Daylight,02 - Wet,10 - No control,,2,0,0,0,,0,,,,,383859.0557,5036120.99,45.46054336,-75.48907611,3537
18--12806,11/25/2018,2:10 PM,GREENBANK RD @ STRANDHERD DR (0005563),5563,02 - Intersection related,03 - P.D. only,03 - Rear end,01 - Clear,01 - Daylight,02 - Wet,01 - Traffic signal,01 - Functioning,2,0,0,0,,0,,,,,363933.6188,5014784.534,45.27053154,-75.74638915,3538
18--12807,11/25/2018,2:45 AM,CUMMINGS AVE @ DONALD ST (0009936),9936,02 - Intersection related,03 - P.D. only,07 - SMV other,04 - Freezing Rain,07 - Dark,06 - Ice,01 - Traffic signal,01 - Functioning,1,0,0,0,,0,,,,,372650.576,5032411.696,45.42834749,-75.63289192,3539
18--12808,11/25/2018,3:00 AM,BROOKFIELD RD RAMP 52 @ BROOKFIELD RD RAMP 53 (0002633),2633,02 - Intersection related,03 - P.D. only,07 - SMV other,04 - Freezing Rain,07 - Dark,06 - Ice,02 - Stop sign,00 - Unknown,1,0,0,0,,0,,,,,368707.8453,5026302.486,45.37375017,-75.68406506,3540
18--12809,11/25/2018,3:02 AM,RIVERSIDE DR btwn LEOPOLDS DR & QUESNEL DR (__3ZA37Q),__3ZA37Q,01 - Non intersection,03 - P.D. only,07 - SMV other,04 - Freezing Rain,07 - Dark,06 - Ice,10 - No control,,1,0,0,0,,0,,,,,368053.3052,5024074.667,45.35376419,-75.69270614,3541
18--1281,1/25/2018,8:37 AM,MAPLE GROVE RD @ TERRY FOX DR (0003177),3177,03 - At intersection,03 - P.D. only,05 - Turning movement,01 - Clear,01 - Daylight,01 - Dry,01 - Traffic signal,01 - Functioning,2,0,0,0,,0,,,,,351553.6084,5017864.464,45.29917767,-75.90386261,3542
18--12810,11/25/2018,3:08 PM,MADELON DR btwn CROXLEY WAY & CLARIDGE DR (__4O3JTS),__4O3JTS,04 - At/near private drive,03 - P.D. only,02 - Angle,01 - Clear,01 - Daylight,04 - Slush,10 - No control,,2,0,0,0,,0,,,,,364582.22,5015711.256,45.27881534,-75.73801239,3543
18--12811,11/25/2018,3:13 PM,SHERWOOD DR btwn PARKDALE AVE & WARWICK PL (__3ZA01N),__3ZA01N,01 - Non intersection,03 - P.D. only,05 - Turning movement,01 - Clear,01 - Daylight,02 - Wet,10 - No control,,2,0,0,0,,0,,,,,365396.6441,5028747.877,45.39604746,-75.72603619,3544
18--12812,11/25/2018,3:43 AM,HIGHWAY 417 btwn HWY417 IC119A RAMP75 & HWY417 IC118 RAMP57 (__3ZA2R2),__3ZA2R2,01 - Non intersection,03 - P.D. only,04 - Sideswipe,04 - Freezing Rain,07 - Dark,02 - Wet,10 - No control,,2,0,0,0,,0,,,,,368942.5575,5030694.142,45.41324345,-75.68049777,3545
18--12813,11/25/2018,4:13 PM,CATHERINE ST @ PERCY ST (0007199),7199,02 - Intersection related,03 - P.D. only,99 - Other,02 - Rain,01 - Daylight,02 - Wet,01 - Traffic signal,01 - Functioning,2,0,0,0,,0,,,,,367491.815,5029937.508,45.40656696,-75.69912722,3546
18--12814,11/25/2018,4:20 AM,RIVERSIDE DR @ SMYTH RD NORTH SIDE RAMP (0011479),11479,03 - At intersection,03 - P.D. only,07 - SMV other,02 - Rain,07 - Dark,04 - Slush,01 - Traffic signal,01 - Functioning,1,0,0,0,,0,,,,,369937.409,5029317.019,45.40076071,-75.66797056,3547
18--12815,11/25/2018,4:45 PM,LEITRIM RD btwn RIVER RD & LIMEBANK RD (__3ZA38L),__3ZA38L,01 - Non intersection,03 - P.D. only,07 - SMV other,01 - Clear,05 - Dusk,02 - Wet,10 - No control,,1,0,0,0,,0,,,,,368471.0068,5017431.375,45.29395132,-75.68822979,3548
18--12816,11/25/2018,5:30 PM,HUNT CLUB RD @ RIVERSIDE DR (0002237),2237,02 - Intersection related,03 - P.D. only,03 - Rear end,01 - Clear,07 - Dark,02 - Wet,01 - Traffic signal,01 - Functioning,2,0,0,0,,0,,,,,368036.6962,5021945.369,45.33460672,-75.6931903,3549
18--12817,11/25/2018,5:30 PM,HUNTMAR DR btwn CAMPEAU DR & RICHARDSON SIDE RD (__3ZBN0Y),__3ZBN0Y,01 - Non intersection,03 - P.D. only,07 - SMV other,01 - Clear,07 - Dark,02 - Wet,10 - No control,,1,0,0,0,,0,,,,,348280.8722,5018902.894,45.30873197,-75.94549889,3550
18--12818,11/25/2018,5:35 PM,INNES RD @ ORCHARDVIEW AVE/ESPRIT DR (0012279),12279,03 - At intersection,03 - P.D. only,02 - Angle,02 - Rain,07 - Dark,02 - Wet,01 - Traffic signal,01 - Functioning,2,0,0,0,,0,,,,,384844.5858,5036560.627,45.46438658,-75.47640462,3551
18--12819,11/25/2018,5:40 AM,HOLLAND AVE @ WELLINGTON ST (0002364),2364,03 - At intersection,03 - P.D. only,02 - Angle,02 - Rain,07 - Dark,06 - Ice,01 - Traffic signal,01 - Functioning,2,0,0,0,,0,,,,,364929.8331,5029153.461,45.39973706,-75.7319485,3552
18--1282,1/25/2018,8:39 AM,BEECHWOOD AVE btwn SPRINGFIELD RD & LOYER ST (__3ZA3MO),__3ZA3MO,01 - Non intersection,03 - P.D. only,06 - SMV unattended vehicle,01 - Clear,01 - Daylight,02 - Wet,10 - No control,,1,0,0,0,,0,,,,,369245.1451,5033659.114,45.43989334,-75.67624428,3553
18--12820,11/25/2018,6:25 AM,BANK ST @ MARCHE WAY (0014936),14936,02 - Intersection related,02 - Non-fatal injury,07 - SMV other,04 - Freezing Rain,03 - Dawn,06 - Ice,02 - Stop sign,01 - Functioning,1,0,0,1,02 - Minor,1,,1,,,368506.2197,5029140.087,45.39930043,-75.68627276,3554
18--12821,11/25/2018,6:30 AM,HIGHWAY 417 btwn HWY 417 ANDERSON IC104R61 & HWY 417 BOUNDARY IC96R16 (__3ZA2W5),__3ZA2W5,01 - Non intersection,03 - P.D. only,07 - SMV other,02 - Rain,07 - Dark,04 - Slush,10 - No control,,1,0,0,0,,0,,,,,385671.4225,5024498.085,45.3557633,-75.46781178,3555
18--12822,11/25/2018,6:42 PM,KING EDWARD AVE @ RIDEAU ST (0002121),2121,03 - At intersection,03 - P.D. only,02 - Angle,01 - Clear,07 - Dark,02 - Wet,01 - Traffic signal,01 - Functioning,2,0,0,0,,0,,,,,368511.5542,5032413.41,45.4287522,-75.68578149,3556
18--12823,11/25/2018,7:02 AM,REGIONAL ROAD 174 btwn QUIGLEY HILL RD & REGIONAL ROAD 174 DIVIDED (__3ZA2Y5),__3ZA2Y5,01 - Non intersection,02 - Non-fatal injury,07 - SMV other,02 - Rain,03 - Dawn,06 - Ice,10 - No control,,1,0,0,0,02 - Minor,1,,1,,,387356.694,5042389.095,45.51653247,-75.44330543,3557
18--12824,11/25/2018,7:14 AM,AIRPORT PKWY btwn RAMP & RAMP (1) (__3ZA223),__3ZA223,01 - Non intersection,03 - P.D. only,07 - SMV other,04 - Freezing Rain,01 - Daylight,06 - Ice,10 - No control,,1,0,0,0,,0,,,,,368914.7634,5026234.539,45.3731199,-75.68143235,3558
18--12825,11/25/2018,8:30 AM,GEORGINA DR @ WINNINGTON AVE (0003025),3025,02 - Intersection related,03 - P.D. only,03 - Rear end,01 - Clear,01 - Daylight,02 - Wet,02 - Stop sign,00 - Unknown,2,0,0,0,,0,,,,,361800.5889,5025327.453,45.36557282,-75.77235746,3559
18--12826,11/26/2018,1:00 PM,HAZELDEAN RD @ TERRY FOX DR (0003682),3682,02 - Intersection related,03 - P.D. only,02 - Angle,02 - Rain,01 - Daylight,02 - Wet,01 - Traffic signal,01 - Functioning,2,0,0,0,,0,,,,,352207.7964,5017242.365,45.29353602,-75.89558124,3560
18--12827,11/26/2018,1:05 PM,INNES RD @ TENTH LINE RD (0004633),4633,02 - Intersection related,03 - P.D. only,03 - Rear end,02 - Rain,01 - Daylight,02 - Wet,01 - Traffic signal,01 - Functioning,2,0,0,0,,0,,,,,383951.6662,5036159.77,45.46088178,-75.48788584,3561
18--12828,11/26/2018,1:07 AM,PRINCE OF WALES DR @ RIDEAU SHORE CRT (0000583),583,02 - Intersection related,02 - Non-fatal injury,07 - SMV other,01 - Clear,07 - Dark,02 - Wet,02 - Stop sign,00 - Unknown,1,0,0,0,02 - Minor,1,,1,,,367235.6134,5023622.516,45.34976911,-75.70319831,3562
18--12829,11/26/2018,1:25 PM,TENTH LINE RD @ CHARLEMAGNE BLVD S/DES EPINETT (0003686),3686,02 - Intersection related,03 - P.D. only,03 - Rear end,02 - Rain,01 - Daylight,02 - Wet,01 - Traffic signal,01 - Functioning,2,0,0,0,,0,,,,,383640.9751,5036900.456,45.46758093,-75.49173924,3563
18--1283,1/25/2018,8:48 AM,HIGHWAY 417 btwn HWY417 IC119B RAMP57 & HWY417 IC119A RAMP75 (__3ZA1QN),__3ZA1QN,01 - Non intersection,03 - P.D. only,04 - Sideswipe,01 - Clear,01 - Daylight,01 - Dry,10 - No control,,2,0,0,0,,0,,,,,368422.6907,5030423.599,45.41085665,-75.68717397,3564
18--12830,11/26/2018,1:34 PM,CARLING AVE btwn DEFENSE  RESEARCH COMPLEX & RIFLE RD (__3ZA4Z6B),__3ZA4Z6B,01 - Non intersection,03 - P.D. only,07 - SMV other,02 - Rain,01 - Daylight,02 - Wet,10 - No control,,1,0,0,0,,0,,,,,353473.5324,5023051.928,45.34572505,-75.87887395,3565
18--12831,11/26/2018,10:16 AM,ALBERT ST btwn COMMISSIONER ST & BRONSON AVE (__3ZA337),__3ZA337,01 - Non intersection,03 - P.D. only,04 - Sideswipe,02 - Rain,01 - Daylight,02 - Wet,10 - No control,,2,0,0,0,,0,,,,,366735.93,5031011.558,45.41629825,-75.70864758,3566
18--12832,11/26/2018,10:23 PM,BANK ST btwn CENOTE RD & STONE SCHOOL RD (__3ZAZBJ),__3ZAZBJ,01 - Non intersection,03 - P.D. only,07 - SMV other,02 - Rain,07 - Dark,02 - Wet,10 - No control,,1,0,0,0,,0,,,,,381297.0106,5012161.634,45.24525765,-75.52553884,3567
18--12833,11/26/2018,10:57 AM,PRINCE OF WALES DR btwn MEADOWLANDS DR & NESBITT PL (__3ZA36V),__3ZA36V,04 - At/near private drive,03 - P.D. only,02 - Angle,02 - Rain,01 - Daylight,02 - Wet,10 - No control,,2,0,0,0,,0,,,,,367374.051,5025672.944,45.36820607,-75.70117216,3568
18--12834,11/26/2018,11:42 AM,MONTREAL RD @ BATHGATE DR/BURMA RD (0007650),7650,02 - Intersection related,03 - P.D. only,03 - Rear end,02 - Rain,01 - Daylight,04 - Slush,01 - Traffic signal,01 - Functioning,2,0,0,0,,0,,,,,373224.5674,5034516.794,45.44723216,-75.62526473,3569