Anom_ID,Accident_Date,Accident_Time,Location,Geo_ID,Accident_Location,Classification_of_Accident,Initial_Impact_Type,Environment_Condition,Light,Road_Surface_Condition,Traffic_Control,Traffic_Control_Condition,No__of_Vehicles,No__of_Bicycles,No__of_Motorcycles,No__of_Pedestrians,Max_Injury,No__of_Injuries,No__of_Minimal,No__of_Minor,No__of_Major,No__of_Fatal,X,Y,Latitude,Longitude,ObjectId
18--12835,11/26/2018,11:50 AM,IRVING AVE btwn WELLINGTON ST W & LAUREL ST (__3ZAAH8),__3ZAAH8,01 - Non intersection,02 - Non-fatal injury,07 - SMV other,01 - Clear,01 - Daylight,06 - Ice,10 - No control,,1,0,0,1,01 - Minimal,1,1,,,,365682.869,5029675.301,45.40436737,-75.72226627,3570
18--12836,11/26/2018,Unknown,CRICHTON ST btwn UNION ST & QUEEN VICTORIA ST (__3ZA8YC),__3ZA8YC,01 - Non intersection,03 - P.D. only,06 - SMV unattended vehicle,02 - Rain,00 - Unknown,02 - Wet,10 - No control,,1,0,0,0,,0,,,,,368247.8373,5033820.938,45.44144059,-75.68896998,3571
18--12837,11/26/2018,Unknown,ARTHUR ST btwn PRIMROSE AVE & SOMERSET ST W (__3ZA0W4),__3ZA0W4,01 - Non intersection,03 - P.D. only,06 - SMV unattended vehicle,02 - Rain,00 - Unknown,02 - Wet,10 - No control,,1,0,0,0,,0,,,,,366754.1672,5030568.648,45.41231146,-75.70847026,3572
18--12838,11/26/2018,Unknown,BEAVERWOOD RD btwn Continuation of BEAVERWOOD RD & ANN ST (__3ZA908),__3ZA908,01 - Non intersection,03 - P.D. only,06 - SMV unattended vehicle,02 - Rain,00 - Unknown,02 - Wet,10 - No control,,1,0,0,0,,0,,,,,368835.7016,5009686.116,45.2242271,-75.68457879,3573
18--12839,11/26/2018,12:00 PM,RIVERSIDE DR @ TREMBLAY RD/HWY417 IC117 RAMP52 (0010790),10790,02 - Intersection related,03 - P.D. only,03 - Rear end,02 - Rain,01 - Daylight,02 - Wet,01 - Traffic signal,01 - Functioning,2,0,0,0,,0,,,,,370801.8811,5031016.169,45.41596802,-75.65670198,3574
18--1284,1/25/2018,9:00 AM,BRIDGESTONE DR @ EAGLESON RD (0010095),10095,03 - At intersection,03 - P.D. only,02 - Angle,01 - Clear,01 - Daylight,01 - Dry,02 - Stop sign,01 - Functioning,2,0,0,0,,0,,,,,354872.691,5015403.907,45.27680833,-75.86179315,3575
18--12840,11/26/2018,12:17 PM,BLAIR RD btwn OR174 IC112 RAMP15 & MEADOWBROOK RD (__3ZA2E1),__3ZA2E1,04 - At/near private drive,03 - P.D. only,02 - Angle,01 - Clear,01 - Daylight,02 - Wet,10 - No control,,2,0,0,0,,0,,,,,375166.4681,5032346.217,45.42750976,-75.60075291,3576
18--12841,11/26/2018,12:30 PM,SMIRLE AVE btwn SCOTT ST & SPENCER ST (__3ZA05Z),__3ZA05Z,01 - Non intersection,03 - P.D. only,04 - Sideswipe,02 - Rain,01 - Daylight,02 - Wet,10 - No control,,2,0,0,0,,0,,,,,364583.1837,5029266.67,45.40078538,-75.73636221,3577
18--12842,11/26/2018,2:30 PM,COLDREY AVE @ KIRKWOOD AVE (0006736),6736,02 - Intersection related,03 - P.D. only,04 - Sideswipe,02 - Rain,01 - Daylight,02 - Wet,01 - Traffic signal,01 - Functioning,2,0,0,0,,0,,,,,364438.7712,5027136.642,45.38163211,-75.73846413,3578
18--12843,11/26/2018,2:30 PM,BRIDGE ST @ SOUTH RIVER DR (0008831),8831,02 - Intersection related,03 - P.D. only,03 - Rear end,02 - Rain,01 - Daylight,02 - Wet,02 - Stop sign,01 - Functioning,2,0,0,0,,0,,,,,369102.6939,5010408.101,45.23069915,-75.68108602,3579
18--12844,11/26/2018,2:43 PM,CROSSKEYS PL/HELENE CAMPBELL RD @ STRANDHERD DR (0015337),15337,02 - Intersection related,03 - P.D. only,03 - Rear end,02 - Rain,01 - Daylight,02 - Wet,01 - Traffic signal,01 - Functioning,2,0,0,0,,0,,,,,360982.3112,5014901.733,45.27182808,-75.78398493,3580
18--12845,11/26/2018,3:05 PM,BOOTH ST @ WILLOW ST (0005748),5748,02 - Intersection related,03 - P.D. only,04 - Sideswipe,02 - Rain,01 - Daylight,02 - Wet,01 - Traffic signal,01 - Functioning,2,0,0,0,,0,,,,,366710.7283,5029982.636,45.40704253,-75.70909878,3581
18--12846,11/26/2018,3:06 PM,BUTTONBUSH WAY btwn FLAT SEDGE CRES & WHITE ALDER AVE (__67PTMY),__67PTMY,01 - Non intersection,03 - P.D. only,06 - SMV unattended vehicle,03 - Snow,01 - Daylight,08 - Loose sand or gravel,10 - No control,,1,0,0,0,,0,,,,,375320.488,5020739.183,45.32305974,-75.60044228,3582
18--12847,11/26/2018,3:15 PM,MONTREAL RD @ ST. LAURENT BLVD (0002604),2604,02 - Intersection related,03 - P.D. only,04 - Sideswipe,02 - Rain,01 - Daylight,02 - Wet,01 - Traffic signal,01 - Functioning,2,0,0,0,,0,,,,,371545.4772,5033817.697,45.44110438,-75.64682251,3583
18--12848,11/26/2018,3:40 PM,BANK ST @ SOUTHKEYS SC (0009010),9010,03 - At intersection,02 - Non-fatal injury,02 - Angle,02 - Rain,01 - Daylight,02 - Wet,01 - Traffic signal,01 - Functioning,2,0,0,0,01 - Minimal,2,2,,,,371083.7469,5024521.81,45.35750754,-75.65397319,3584
18--12849,11/26/2018,3:45 PM,BASELINE RD @ GREENBANK RD (0002357),2357,02 - Intersection related,03 - P.D. only,04 - Sideswipe,02 - Rain,01 - Daylight,02 - Wet,01 - Traffic signal,01 - Functioning,2,0,0,0,,0,,,,,360597.5703,5022584.506,45.34098866,-75.78802297,3585
18--1285,1/25/2018,9:04 AM,HEMMINGWOOD WAY @ THORNBURY CRES E (0001153),1153,02 - Intersection related,03 - P.D. only,04 - Sideswipe,01 - Clear,01 - Daylight,01 - Dry,02 - Stop sign,01 - Functioning,2,0,0,0,,0,,,,,362277.6938,5023177.507,45.3461888,-75.76651743,3586
18--12850,11/26/2018,3:55 PM,RIVERSIDE DR @ UPLANDS DR/KIMBERWICK CRES N (0006890),6890,02 - Intersection related,03 - P.D. only,99 - Other,02 - Rain,01 - Daylight,02 - Wet,01 - Traffic signal,01 - Functioning,2,0,0,0,,0,,,,,368194.5614,5022793.771,45.34222622,-75.69106767,3587
18--12851,11/26/2018,4:00 PM,ESTERBROOK DR btwn ROLLING MEADOW CRES & ROLLING MEADOW CRES (__67PTLR),__67PTLR,01 - Non intersection,03 - P.D. only,06 - SMV unattended vehicle,02 - Rain,05 - Dusk,02 - Wet,10 - No control,,1,0,0,0,,0,,,,,381712.4572,5032487.628,45.4280929,-75.51708833,3588
18--12852,11/26/2018,4:49 PM,HOLLAND AVE @ TYNDALL ST (0006087),6087,03 - At intersection,02 - Non-fatal injury,07 - SMV other,02 - Rain,05 - Dusk,02 - Wet,01 - Traffic signal,01 - Functioning,1,0,0,1,01 - Minimal,1,1,,,,365031.6206,5028917.699,45.39760698,-75.73067725,3589
18--12853,11/26/2018,4:57 PM,CARLING AVE btwn PRESTON ST & BOOTH ST (__3ZA25F),__3ZA25F,01 - Non intersection,03 - P.D. only,03 - Rear end,02 - Rain,07 - Dark,02 - Wet,10 - No control,,2,0,0,0,,0,,,,,366914.5773,5028971.307,45.39792481,-75.70662227,3590
18--12854,11/26/2018,5:07 PM,CAVAN ST @ CHATELAIN AVE (0002567),2567,03 - At intersection,03 - P.D. only,02 - Angle,02 - Rain,07 - Dark,02 - Wet,02 - Stop sign,01 - Functioning,2,0,0,0,,0,,,,,364568.5846,5026597.842,45.37677301,-75.7368719,3591
18--12855,11/26/2018,5:10 PM,ARGYLE AVE S @ ELGIN ST (0007284),7284,03 - At intersection,02 - Non-fatal injury,07 - SMV other,02 - Rain,07 - Dark,02 - Wet,02 - Stop sign,01 - Functioning,1,0,0,1,02 - Minor,1,,1,,,368509.5925,5030645.799,45.41284803,-75.68603513,3592
18--12856,11/26/2018,5:16 PM,PALLADIUM DR @ SILVER SEVEN RD (0011839),11839,02 - Intersection related,03 - P.D. only,05 - Turning movement,02 - Rain,05 - Dusk,02 - Wet,01 - Traffic signal,01 - Functioning,2,0,0,0,,0,,,,,351051.5486,5017887.502,45.2994182,-75.91026169,3593
18--12857,11/26/2018,5:20 PM,ALTA VISTA DR @ SMYTH RD (0011353),11353,03 - At intersection,03 - P.D. only,05 - Turning movement,02 - Rain,07 - Dark,02 - Wet,01 - Traffic signal,01 - Functioning,2,0,0,0,,0,,,,,370432.4922,5029081.455,45.39859496,-75.66167866,3594
18--12858,11/26/2018,5:25 PM,ISLAND PARK DR @ RICHMOND RD (0002125),2125,02 - Intersection related,03 - P.D. only,04 - Sideswipe,02 - Rain,07 - Dark,02 - Wet,01 - Traffic signal,01 - Functioning,2,0,0,0,,0,,,,,364130.4653,5028867.602,45.39723315,-75.74219248,3595
18--12859,11/26/2018,5:30 PM,MAJESTIC DR @ WOODROFFE AVE (0000562),562,02 - Intersection related,03 - P.D. only,03 - Rear end,02 - Rain,07 - Dark,02 - Wet,01 - Traffic signal,01 - Functioning,2,0,0,0,,0,,,,,363527.7057,5021571.401,45.33163364,-75.7507578,3596
18--1286,1/25/2018,9:04 PM,BANK ST @ WELLINGTON ST (0002039),2039,03 - At intersection,03 - P.D. only,03 - Rear end,01 - Clear,07 - Dark,06 - Ice,01 - Traffic signal,01 - Functioning,2,0,0,0,,0,,,,,367257.707,5031628.573,45.42180358,-75.70190329,3597
18--12860,11/26/2018,5:43 PM,HIGHWAY 417 btwn HWY417 IC123 RAMP62 & HWY417 IC122 RAMP16 (__3ZA2R9),__3ZA2R9,01 - Non intersection,03 - P.D. only,03 - Rear end,01 - Clear,07 - Dark,01 - Dry,10 - No control,,2,0,0,0,,0,,,,,364837.4715,5028182.411,45.39100768,-75.73324632,3598
18--12861,11/26/2018,5:44 PM,BANK ST btwn JOHNSTON RD & SOUTHKEYS SC (__3ZA37TA),__3ZA37TA,01 - Non intersection,03 - P.D. only,04 - Sideswipe,02 - Rain,07 - Dark,02 - Wet,10 - No control,,2,0,0,0,,0,,,,,370945.2443,5024662.818,45.35878936,-75.65572193,3599
18--12862,11/26/2018,6:15 AM,RIVERSIDE DR @ TREMBLAY RD/HWY417 IC117 RAMP52 (0010790),10790,02 - Intersection related,03 - P.D. only,04 - Sideswipe,"07 - Fog, mist, smoke, dust",07 - Dark,02 - Wet,01 - Traffic signal,00 - Unknown,2,0,0,0,,0,,,,,370802.201,5031016.024,45.41596669,-75.65669792,3600
18--12863,11/26/2018,6:15 PM,HIGHWAY 417 btwn HWY417 IC126 RAMP25 & HWY417 IC124 RAMP57 (__3ZA2R5),__3ZA2R5,01 - Non intersection,03 - P.D. only,03 - Rear end,02 - Rain,07 - Dark,02 - Wet,10 - No control,,2,0,0,0,,0,,,,,363508.8371,5026291.695,45.37410794,-75.75043802,3601
18--12864,11/26/2018,6:28 AM,REGIONAL ROAD 174 btwn OR174 IC109 RAMP64 & OR174 IC105 RAMP16 (__3ZA2XD),__3ZA2XD,01 - Non intersection,03 - P.D. only,03 - Rear end,02 - Rain,07 - Dark,02 - Wet,10 - No control,,3,0,0,0,,0,,,,,378705.8215,5036634.714,45.46572961,-75.55488367,3602
18--12865,11/26/2018,6:39 PM,BANK ST @ HERON RD (0002155),2155,02 - Intersection related,03 - P.D. only,04 - Sideswipe,01 - Clear,07 - Dark,01 - Dry,01 - Traffic signal,01 - Functioning,2,0,0,0,,0,,,,,369995.5147,5026851.786,45.37857398,-75.66755412,3603
18--12866,11/26/2018,6:48 PM,CARLING AVE @ BAYSHORE DR/BIRCHDALE AVE (0000021),21,02 - Intersection related,02 - Non-fatal injury,07 - SMV other,02 - Rain,07 - Dark,02 - Wet,01 - Traffic signal,01 - Functioning,1,0,0,1,01 - Minimal,1,1,,,,359004.7,5023990.594,45.35376555,-75.80819238,3604
18--12867,11/26/2018,7:10 AM,OTTAWA RIVER PKWY EB btwn TUNNEY'S PASTURE/REMIC RAPIDS ENT & ISLAND P (__3ZA24JA),__3ZA24JA,01 - Non intersection,03 - P.D. only,07 - SMV other,01 - Clear,03 - Dawn,01 - Dry,10 - No control,,1,0,0,0,,0,,,,,363386.45,5029599.772,45.40388374,-75.75160774,3605
18--12868,11/26/2018,7:10 PM,BRONSON AVE btwn PLYMOUTH ST & RENFREW AVE (__3ZA3B1),__3ZA3B1,04 - At/near private drive,03 - P.D. only,02 - Angle,02 - Rain,07 - Dark,02 - Wet,10 - No control,,2,0,0,0,,0,,,,,367324.6678,5029628.882,45.40380498,-75.70130141,3606
18--12869,11/26/2018,7:50 AM,HIGHWAY 417 btwn HWY417 IC119A RAMP67 & HWY417 IC118 RAMP76 (__3ZA2YS),__3ZA2YS,01 - Non intersection,03 - P.D. only,03 - Rear end,03 - Snow,01 - Daylight,02 - Wet,10 - No control,,2,0,0,0,,0,,,,,368745.1229,5030615.727,45.41255597,-75.68303016,3607
18--1287,1/25/2018,9:14 AM,ALBION RD/COLLISTON CRES E @ WALKLEY RD (0011422),11422,03 - At intersection,02 - Non-fatal injury,07 - SMV other,01 - Clear,01 - Daylight,01 - Dry,01 - Traffic signal,01 - Functioning,1,0,0,1,01 - Minimal,1,1,,,,371032.9457,5026355.057,45.37400728,-75.65437579,3608
18--12870,11/26/2018,7:56 AM,ALTA VISTA DR @ KILBORN AVE (0008082),8082,03 - At intersection,02 - Non-fatal injury,05 - Turning movement,01 - Clear,01 - Daylight,01 - Dry,01 - Traffic signal,01 - Functioning,2,0,0,0,01 - Minimal,1,1,,,,370365.6967,5027751.653,45.38663613,-75.66270846,3609
18--13320,12/6/2018,3:30 PM,MEADOWLANDS DR btwn BAYNE AVE & MERIVALE RD (__3ZA4HT),__3ZA4HT,01 - Non intersection,03 - P.D. only,03 - Rear end,01 - Clear,01 - Daylight,01 - Dry,10 - No control,,2,0,0,0,,0,,,,,364797.0172,5023692.227,45.35060922,-75.7343083,3610
18--13053,11/30/2018,5:24 PM,WALKLEY RD btwn BAYCREST DR & HEATHERINGTON RD (__3ZA361),__3ZA361,01 - Non intersection,03 - P.D. only,03 - Rear end,01 - Clear,07 - Dark,01 - Dry,10 - No control,,3,0,0,0,,0,,,,,371599.191,5026696.056,45.37702172,-75.64710097,3611
18--13321,12/6/2018,3:35 PM,LYNHAR RD @ EATON ST (0000916),916,03 - At intersection,03 - P.D. only,02 - Angle,01 - Clear,01 - Daylight,01 - Dry,02 - Stop sign,01 - Functioning,2,0,0,0,,0,,,,,358239.6396,5020905.67,45.32606597,-75.81828925,3612
18--12875,11/26/2018,8:37 PM,TERMINAL AVE btwn RAILMARKET PRIV & STEAMLINE ST (__6N4T9G),__6N4T9G,04 - At/near private drive,02 - Non-fatal injury,05 - Turning movement,02 - Rain,07 - Dark,02 - Wet,10 - No control,,2,0,0,0,01 - Minimal,2,2,,,,371252.9616,5030880.736,45.41470676,-75.65095748,3613
18--12876,11/26/2018,8:48 AM,ST. JOSEPH BLVD @ JEANNE D'ARC BLVD (0012421),12421,03 - At intersection,03 - P.D. only,04 - Sideswipe,01 - Clear,01 - Daylight,02 - Wet,11 - Roundabout,01 - Functioning,2,0,0,0,,0,,,,,379860.8934,5036471.715,45.46413991,-75.54013943,3614
18--13412,12/7/2018,6:45 AM,OTTAWA RIVER PKWY @ RIVER ST/SLIDELL ST (0005099),5099,03 - At intersection,01 - Fatal injury,02 - Angle,99 - Other,07 - Dark,01 - Dry,01 - Traffic signal,01 - Functioning,2,1,0,0,04 - Fatal,2,,,1,1,365156.7032,5030377.572,45.41073181,-75.72890106,3615
18--13054,11/30/2018,5:26 PM,MAITLAND AVE/HWY 417 MAITLAND IC126R53 @ HWY 4 (0008229),8229,03 - At intersection,03 - P.D. only,05 - Turning movement,01 - Clear,07 - Dark,01 - Dry,01 - Traffic signal,01 - Functioning,2,0,0,0,,0,,,,,363229.5334,5025774.545,45.36947804,-75.75406489,3616
18--13322,12/6/2018,3:50 PM,ABBOTT ST    E btwn IBER RD & ROBERT GRANT AVE (e___2JIL),e___2JIL,04 - At/near private drive,02 - Non-fatal injury,07 - SMV other,01 - Clear,01 - Daylight,01 - Dry,10 - No control,,1,0,0,1,01 - Minimal,1,1,,,,352089.9162,5014986.326,45.27324349,-75.89729905,3617
18--12877,11/26/2018,9:50 AM,ALBION RD @ HUNT CLUB RD (0006974),6974,03 - At intersection,02 - Non-fatal injury,05 - Turning movement,02 - Rain,01 - Daylight,02 - Wet,01 - Traffic signal,01 - Functioning,2,0,0,0,02 - Minor,2,1,1,,,371867.5408,5024320.439,45.35562113,-75.6439975,3618
18--13413,12/7/2018,6:47 PM,MONTREAL RD @ VANIER PKWY (0004630),4630,02 - Intersection related,03 - P.D. only,03 - Rear end,01 - Clear,07 - Dark,01 - Dry,01 - Traffic signal,01 - Functioning,2,0,0,0,,0,,,,,370072.5525,5033065.812,45.4344783,-75.66574792,3619
18--13055,11/30/2018,5:27 PM,MERIVALE RD btwn COLDREY AVE & THAMES ST (__3ZA4NW),__3ZA4NW,01 - Non intersection,03 - P.D. only,04 - Sideswipe,01 - Clear,07 - Dark,01 - Dry,10 - No control,,2,0,0,0,,0,,,,,364906.1305,5027469.974,45.38459142,-75.73245631,3620
18--13323,12/6/2018,3:56 AM,REGIONAL ROAD 174 btwn TRANSIT & OR174 IC105 RAMP51 (__3ZA28H),__3ZA28H,01 - Non intersection,03 - P.D. only,07 - SMV other,01 - Clear,07 - Dark,01 - Dry,10 - No control,,1,0,0,0,,0,,,,,376732.1366,5035446.729,45.45524694,-75.58029387,3621
18--13324,12/6/2018,4:00 PM,RICHMOND RD @ WOODROFFE AVE (0011466),11466,02 - Intersection related,03 - P.D. only,03 - Rear end,01 - Clear,05 - Dusk,02 - Wet,01 - Traffic signal,01 - Functioning,2,0,0,0,,0,,,,,361584.6152,5026654.55,45.37753145,-75.77496169,3622
18--13325,12/6/2018,4:05 PM,HUNT CLUB RD btwn BILLY BISHOP PRIV & HUNT CLUB PL (__3ZA36H),__3ZA36H,01 - Non intersection,03 - P.D. only,04 - Sideswipe,01 - Clear,05 - Dusk,02 - Wet,10 - No control,,2,0,0,0,,0,,,,,369240.6891,5022656.503,45.3408958,-75.67773804,3623
18--13326,12/6/2018,4:22 PM,HIGHWAY 417 btwn HWY417 IC119A RAMP75 & HWY417 IC118 RAMP57 (__3ZA2R2),__3ZA2R2,01 - Non intersection,03 - P.D. only,04 - Sideswipe,01 - Clear,05 - Dusk,01 - Dry,10 - No control,,2,0,0,0,,0,,,,,368640.9101,5030540.55,45.41188907,-75.68437119,3624
18--13327,12/6/2018,4:23 PM,RAVEN AVE @ KIRKWOOD AVE (0006712),6712,03 - At intersection,02 - Non-fatal injury,02 - Angle,01 - Clear,05 - Dusk,02 - Wet,02 - Stop sign,01 - Functioning,2,1,0,0,01 - Minimal,1,1,,,,364690.6505,5026773.597,45.378344,-75.73529218,3625
18--13328,12/6/2018,4:35 PM,HIGHWAY 417 btwn HWY417 IC124 RAMP57 & HWY417 IC124 RAMP55 (__3ZA2Y1),__3ZA2Y1,01 - Non intersection,03 - P.D. only,03 - Rear end,01 - Clear,05 - Dusk,01 - Dry,10 - No control,,2,0,0,0,,0,,,,,364442.7619,5027523.736,45.38511477,-75.73836641,3626
18--13329,12/6/2018,4:42 PM,WOODROFFE AVE btwn GRENFELL CRES & 260 N OF FALLOWFIELD RD/TRANSITWAY  (__3ZA3IO),__3ZA3IO,01 - Non intersection,03 - P.D. only,03 - Rear end,01 - Clear,05 - Dusk,02 - Wet,10 - No control,,2,0,0,0,,0,,,,,364974.6703,5018185.591,45.30104583,-75.7327105,3627
18--1333,1/26/2018,8:39 AM,CAHILL DR @ MCCARTHY RD (0007022),7022,03 - At intersection,03 - P.D. only,02 - Angle,01 - Clear,01 - Daylight,01 - Dry,02 - Stop sign,01 - Functioning,2,0,0,0,,0,,,,,370271.3851,5023734.815,45.35050271,-75.66444504,3628
18--13330,12/6/2018,5:00 PM,KIRKWOOD AVE @ LAPERRIERE AVE (0006742),6742,02 - Intersection related,03 - P.D. only,03 - Rear end,03 - Snow,07 - Dark,04 - Slush,01 - Traffic signal,01 - Functioning,2,0,0,0,,0,,,,,364519.5718,5026958.58,45.38002305,-75.73745401,3629
18--13331,12/6/2018,5:00 PM,ORLEANS BLVD @ ST. JOSEPH BLVD (0004144),4144,02 - Intersection related,03 - P.D. only,05 - Turning movement,01 - Clear,07 - Dark,02 - Wet,01 - Traffic signal,01 - Functioning,2,0,0,0,,0,,,,,380631.7736,5036980.668,45.4686358,-75.53020449,3630
18--13332,12/6/2018,5:00 PM,CARLING AVE @ WOODROFFE AVE W (0011470),11470,02 - Intersection related,02 - Non-fatal injury,07 - SMV other,01 - Clear,07 - Dark,02 - Wet,01 - Traffic signal,02 - Not functioning,1,0,0,1,02 - Minor,1,,1,,,361768.011,5025725.656,45.36915846,-75.77272738,3631
18--13333,12/6/2018,5:30 PM,HIGHWAY 417 btwn HWY417 IC138 RAMP61 & HWY417 IC134 RAMP36 (__3ZA20I),__3ZA20I,01 - Non intersection,03 - P.D. only,03 - Rear end,01 - Clear,07 - Dark,01 - Dry,10 - No control,,3,0,0,0,,0,,,,,355200.574,5021575.948,45.33232203,-75.85698678,3632
18--13334,12/6/2018,5:45 PM,CARLING AVE btwn BAYFIELD AVE & BURKE RD (__3ZA4Z2),__3ZA4Z2,01 - Non intersection,03 - P.D. only,07 - SMV other,01 - Clear,07 - Dark,01 - Dry,10 - No control,,1,0,0,0,,0,,,,,352562.6484,5022489.464,45.34072651,-75.89055144,3633
18--13335,12/6/2018,5:49 PM,HIGHWAY 417 btwn HWY417 IC134 RAMP36 & HWY417 IC134 RAMP26 (__3ZA29C),__3ZA29C,01 - Non intersection,03 - P.D. only,04 - Sideswipe,01 - Clear,07 - Dark,01 - Dry,10 - No control,,2,0,0,0,,0,,,,,356142.6231,5022128.073,45.33722181,-75.84491157,3634
18--13336,12/6/2018,6:00 PM,CARLING AVE @ FAIRLAWN AVE/WOODROFFE AVE E (0002393),2393,02 - Intersection related,03 - P.D. only,03 - Rear end,03 - Snow,07 - Dark,06 - Ice,01 - Traffic signal,01 - Functioning,2,0,0,0,,0,,,,,361934.6841,5025830.528,45.37008852,-75.77058762,3635
18--13337,12/6/2018,6:01 PM,KENT ST @ LISGAR ST (0007733),7733,03 - At intersection,02 - Non-fatal injury,07 - SMV other,01 - Clear,07 - Dark,01 - Dry,02 - Stop sign,01 - Functioning,1,0,0,1,02 - Minor,1,,1,,,367437.8271,5030963.656,45.41580476,-75.69968644,3636
18--13338,12/6/2018,6:05 PM,BEECHWOOD AVE btwn MACKAY ST & SPRINGFIELD RD (__3ZA3MM),__3ZA3MM,01 - Non intersection,03 - P.D. only,04 - Sideswipe,01 - Clear,07 - Dark,02 - Wet,10 - No control,,2,0,0,0,,0,,,,,369231.8138,5033648.693,45.43980081,-75.67641603,3637
18--13339,12/6/2018,6:06 PM,ROSS AVE @ SCOTT ST (0006155),6155,02 - Intersection related,03 - P.D. only,04 - Sideswipe,01 - Clear,07 - Dark,01 - Dry,02 - Stop sign,01 - Functioning,2,0,0,0,,0,,,,,364356.4471,5029362.769,45.40166938,-75.73924656,3638
18--1334,1/26/2018,8:41 AM,CENTREPOINTE DR @ CONSTELLATION CRES S (0010246),10246,03 - At intersection,03 - P.D. only,02 - Angle,01 - Clear,01 - Daylight,01 - Dry,02 - Stop sign,01 - Functioning,2,0,0,0,,0,,,,,362377.0259,5023120.746,45.34566992,-75.76525655,3639
18--13340,12/6/2018,6:21 AM,MARCH RD @ MORGAN'S GRANT WAY/SHIRLEY'S BROOK  (0002651),2651,03 - At intersection,03 - P.D. only,02 - Angle,03 - Snow,07 - Dark,02 - Wet,01 - Traffic signal,01 - Functioning,2,0,0,0,,0,,,,,349661.5759,5023617.485,45.35106822,-75.92746472,3640
18--13341,12/6/2018,6:30 PM,HIGHWAY 417 btwn HWY417 IC144 RAMP61 & HWY417 IC142 RAMP16 (__3ZA20K),__3ZA20K,01 - Non intersection,03 - P.D. only,04 - Sideswipe,01 - Clear,07 - Dark,01 - Dry,10 - No control,,2,0,0,0,,0,,,,,348606.6622,5016964.542,45.29126981,-75.94151563,3641
18--13342,12/6/2018,6:45 AM,HUNTMAR DR btwn BRADLEY SIDE RD & RICHARDSON SIDE RD (__3ZACWB),__3ZACWB,01 - Non intersection,03 - P.D. only,07 - SMV other,03 - Snow,07 - Dark,03 - Loose snow,10 - No control,,1,0,0,0,,0,,,,,348200.834,5018991.621,45.30953531,-75.94651178,3642
18--13343,12/6/2018,6:48 PM,SECOND LINE RD btwn PANANDRICK VIEW DR & THOMAS FULLER DR (__3ZAC4T),__3ZAC4T,01 - Non intersection,03 - P.D. only,07 - SMV other,01 - Clear,07 - Dark,02 - Wet,10 - No control,,1,0,0,0,,0,,,,,347267.2176,5024081.562,45.35539319,-75.95798088,3643
18--13344,12/6/2018,7:08 PM,MARCH RD btwn DUNROBIN RD & MURPHY CRT (__3ZA3DI),__3ZA3DI,01 - Non intersection,03 - P.D. only,07 - SMV other,01 - Clear,07 - Dark,01 - Dry,10 - No control,,1,0,0,0,,0,,,,,347540.6073,5025943.1,45.37212715,-75.95433069,3644
18--13345,12/6/2018,7:40 AM,ROBERTSON RD btwn WESTCLIFFE RD & FITZGERALD RD (__3ZA41Z),__3ZA41Z,01 - Non intersection,03 - P.D. only,03 - Rear end,01 - Clear,03 - Dawn,02 - Wet,10 - No control,,2,0,0,0,,0,,,,,356615.8118,5020184,45.31969405,-75.83907796,3645
18--13346,12/6/2018,8:06 PM,ALBION RD @ HIGH RD (0004208),4208,02 - Intersection related,02 - Non-fatal injury,03 - Rear end,01 - Clear,07 - Dark,01 - Dry,02 - Stop sign,01 - Functioning,2,0,0,0,02 - Minor,1,,1,,,374626.702,5017746.322,45.29620038,-75.60971283,3646
18--13347,12/6/2018,8:06 PM,HIGHWAY 417 btwn HWY417 IC155 RAMP61 & HWY417 IC145 RAMP56 (__3ZA2Q2),__3ZA2Q2,01 - Non intersection,03 - P.D. only,07 - SMV other,01 - Clear,07 - Dark,02 - Wet,10 - No control,,1,0,0,0,,0,,,,,342751.8962,5017177.383,45.29352563,-76.01613797,3647
18--13348,12/6/2018,8:10 PM,HIGHWAY 417 btwn HWY417 IC155 RAMP61 & HWY417 IC145 RAMP56 (__3ZA2Q2),__3ZA2Q2,01 - Non intersection,03 - P.D. only,07 - SMV other,01 - Clear,07 - Dark,02 - Wet,10 - No control,,1,0,0,0,,0,,,,,341959.0572,5017764.318,45.2988495,-76.02620182,3648
18--13349,12/6/2018,8:20 AM,MONTEREY DR btwn COSTELLO AVE & ABINGDON DR (__3ZAAF9),__3ZAAF9,04 - At/near private drive,03 - P.D. only,02 - Angle,01 - Clear,01 - Daylight,01 - Dry,10 - No control,,2,0,0,0,,0,,,,,360097.7692,5022140.982,45.3370374,-75.79444951,3649
18--1335,1/26/2018,8:45 AM,HIGHWAY 417 btwn HWY417 IC123 RAMP62 & HWY417 IC122 RAMP16 (__3ZA2R9),__3ZA2R9,01 - Non intersection,03 - P.D. only,03 - Rear end,01 - Clear,01 - Daylight,01 - Dry,10 - No control,,2,0,0,0,,0,,,,,364966.9829,5028419.243,45.39312753,-75.73156357,3650
18--13350,12/6/2018,8:24 AM,INNES RD btwn ORCHARDVIEW AVE & PORTOBELLO BLVD (__3ZA1VW),__3ZA1VW,01 - Non intersection,03 - P.D. only,03 - Rear end,01 - Clear,01 - Daylight,01 - Dry,10 - No control,,3,0,0,0,,0,,,,,385026.0963,5036643.022,45.46510707,-75.47407042,3651
18--13351,12/6/2018,8:27 AM,CHARING RD btwn ARDELL GRV & COLFAX ST (__3ZA53U),__3ZA53U,01 - Non intersection,03 - P.D. only,06 - SMV unattended vehicle,03 - Snow,01 - Daylight,02 - Wet,10 - No control,,1,0,0,0,,0,,,,,362273.4946,5021474.475,45.33086535,-75.76676883,3652
18--13352,12/6/2018,8:27 PM,GILMOUR ST @ O'CONNOR ST (0007286),7286,03 - At intersection,03 - P.D. only,05 - Turning movement,01 - Clear,07 - Dark,01 - Dry,01 - Traffic signal,01 - Functioning,2,0,0,0,,0,,,,,367943.7318,5030868.558,45.41490363,-75.6932354,3653