Anom_ID,Accident_Date,Accident_Time,Location,Geo_ID,Accident_Location,Classification_of_Accident,Initial_Impact_Type,Environment_Condition,Light,Road_Surface_Condition,Traffic_Control,Traffic_Control_Condition,No__of_Vehicles,No__of_Bicycles,No__of_Motorcycles,No__of_Pedestrians,Max_Injury,No__of_Injuries,No__of_Minimal,No__of_Minor,No__of_Major,No__of_Fatal,X,Y,Latitude,Longitude,ObjectId
18--13353,12/6/2018,8:37 PM,PARENT AVE btwn GUIGUES AVE & ST. PATRICK ST (__3ZBOXQ),__3ZBOXQ,01 - Non intersection,03 - P.D. only,06 - SMV unattended vehicle,01 - Clear,07 - Dark,02 - Wet,10 - No control,,1,0,0,0,,0,,,,,367794.4812,5032600.442,45.4305,-75.69492067,3654
18--13354,12/6/2018,8:50 AM,RIVERSIDE DR NB btwn INDUSTRIAL AVE & TREMBLAY RD (__3ZA4SE),__3ZA4SE,01 - Non intersection,03 - P.D. only,03 - Rear end,03 - Snow,01 - Daylight,02 - Wet,10 - No control,,2,0,0,0,,0,,,,,370727.4953,5030724.004,45.41334625,-75.65769138,3655
18--13355,12/6/2018,8:54 AM,FISHER AVE btwn MCCOOEY LANE & BASELINE RD (__3ZA4JS),__3ZA4JS,01 - Non intersection,02 - Non-fatal injury,07 - SMV other,01 - Clear,01 - Daylight,02 - Wet,10 - No control,,1,0,0,0,02 - Minor,1,,1,,,366144.7909,5026083.467,45.37200855,-75.71681258,3656
18--13356,12/6/2018,9:02 AM,RICHARDSON SIDE RD/TERON RD @ STEACIE DR (0003464),3464,03 - At intersection,03 - P.D. only,05 - Turning movement,01 - Clear,01 - Daylight,02 - Wet,02 - Stop sign,01 - Functioning,2,0,0,0,,0,,,,,351408.7327,5021708.723,45.33377886,-75.90534806,3657
18--13357,12/6/2018,9:21 AM,OGILVIE RD @ MATHESON RD/PALMERSTON DR (0012348),12348,02 - Intersection related,03 - P.D. only,03 - Rear end,01 - Clear,01 - Daylight,02 - Wet,01 - Traffic signal,01 - Functioning,2,0,0,0,,0,,,,,373380.0566,5032536.467,45.42939897,-75.62355311,3658
18--13358,12/6/2018,9:45 PM,BANK ST @ EXHIBITION WAY (0009013),9013,02 - Intersection related,03 - P.D. only,03 - Rear end,01 - Clear,07 - Dark,02 - Wet,01 - Traffic signal,01 - Functioning,2,0,0,0,,0,,,,,368529.0999,5029086.315,45.39881452,-75.68598749,3659
18--13359,12/7/2018,1:02 PM,THURSTON DR btwn ST. LAURENT BLVD & THOMAS SPRATT PL (__3ZBO1K),__3ZBO1K,01 - Non intersection,03 - P.D. only,05 - Turning movement,01 - Clear,01 - Daylight,01 - Dry,10 - No control,,2,0,0,0,,0,,,,,373716.695,5027427.901,45.38340146,-75.61996546,3660
18--1336,1/26/2018,8:48 AM,FROBISHER LANE btwn RIVERSIDE DR & RIVERSIDE DR (2) (__3ZAZRZ),__3ZAZRZ,01 - Non intersection,03 - P.D. only,03 - Rear end,01 - Clear,01 - Daylight,01 - Dry,10 - No control,,2,0,0,0,,0,,,,,370137.8236,5029592.861,45.40322396,-75.6653743,3661
18--13360,12/7/2018,1:15 PM,AVIATION PKWY @ MONTREAL RD (0008799),8799,02 - Intersection related,03 - P.D. only,03 - Rear end,01 - Clear,01 - Daylight,01 - Dry,01 - Traffic signal,01 - Functioning,2,0,0,0,,0,,,,,372146.6435,5034108.685,45.44366489,-75.63909912,3662
18--13361,12/7/2018,1:40 PM,RIDEAU ST btwn CHARLOTTE ST & WURTEMBURG ST (__3ZA3XQ),__3ZA3XQ,01 - Non intersection,03 - P.D. only,04 - Sideswipe,01 - Clear,01 - Daylight,01 - Dry,10 - No control,,2,0,0,0,,0,,,,,369332.6367,5032910.725,45.43315157,-75.67522416,3663
18--13362,12/7/2018,10:00 AM,HWY 417 TERRYFO IC140R52 @ TERRY FOX DR (0003180),3180,02 - Intersection related,02 - Non-fatal injury,03 - Rear end,01 - Clear,01 - Daylight,06 - Ice,01 - Traffic signal,01 - Functioning,2,0,0,0,01 - Minimal,1,1,,,,351052.6903,5018433.325,45.30432959,-75.91019621,3664
18--13363,12/7/2018,10:28 PM,COVENTRY RD @ VANIER PKWY (0002139),2139,03 - At intersection,03 - P.D. only,03 - Rear end,01 - Clear,07 - Dark,01 - Dry,01 - Traffic signal,01 - Functioning,2,0,0,0,,0,,,,,370676.3851,5031611.705,45.42133824,-75.65822564,3665
18--13364,12/7/2018,10:32 PM,SCRIVENS DR btwn MITCHELL ST & MITCHELL ST (__3ZAZWK),__3ZAZWK,01 - Non intersection,03 - P.D. only,07 - SMV other,01 - Clear,07 - Dark,01 - Dry,10 - No control,,1,0,0,0,,0,,,,,382992.9462,5009938.028,45.22506442,-75.5042878,3666
18--13365,12/7/2018,10:40 AM,EMOND ST @ MONTREAL RD (0009802),9802,02 - Intersection related,02 - Non-fatal injury,07 - SMV other,01 - Clear,01 - Daylight,01 - Dry,02 - Stop sign,00 - Unknown,1,0,0,1,02 - Minor,1,,1,,,370194.716,5033134.592,45.43508574,-75.66417757,3667
18--13366,12/7/2018,11:00 AM,HIGHWAY 417 btwn HWY417 IC112 RAMP66 & HWY417 IC113 RAMP65 (__3ZA284),__3ZA284,01 - Non intersection,03 - P.D. only,03 - Rear end,01 - Clear,01 - Daylight,01 - Dry,10 - No control,,2,0,0,0,,0,,,,,374217.3843,5031212.458,45.41740363,-75.61303999,3668
18--13367,12/7/2018,11:30 AM,JOCKVALE RD @ STRANDHERD DR (0010541),10541,03 - At intersection,03 - P.D. only,05 - Turning movement,01 - Clear,01 - Daylight,01 - Dry,01 - Traffic signal,01 - Functioning,2,0,0,0,,0,,,,,363560.5181,5014577.635,45.26870113,-75.7511681,3669
18--13368,12/7/2018,11:52 AM,WESTERN AVE @ WELLINGTON ST (0005641),5641,02 - Intersection related,02 - Non-fatal injury,04 - Sideswipe,01 - Clear,01 - Daylight,01 - Dry,01 - Traffic signal,01 - Functioning,2,0,0,0,01 - Minimal,1,1,,,,364337.6555,5028968.556,45.39812393,-75.73953416,3670
18--13369,12/7/2018,Unknown,JOLLIET AVE btwn BEECHWOOD AVE & GARNEAU ST (__3ZA2P3),__3ZA2P3,01 - Non intersection,03 - P.D. only,06 - SMV unattended vehicle,01 - Clear,00 - Unknown,05 - Packed snow,10 - No control,,1,0,0,0,,0,,,,,369710.6347,5034114.175,45.44394473,-75.67023486,3671
18--1337,1/26/2018,8:50 AM,HIGHWAY 417 btwn HWY417 IC123 RAMP62 & HWY417 IC122 RAMP16 (__3ZA2R9),__3ZA2R9,01 - Non intersection,03 - P.D. only,03 - Rear end,01 - Clear,01 - Daylight,01 - Dry,10 - No control,,2,0,0,0,,0,,,,,364921.0935,5028336.534,45.39238727,-75.73215968,3672
18--13370,12/7/2018,Unknown,SOUTHDOWN CRT btwn TO BE DETERMINED & FARRIERS LANE (__3ZA9WT),__3ZA9WT,01 - Non intersection,03 - P.D. only,06 - SMV unattended vehicle,01 - Clear,07 - Dark,01 - Dry,10 - No control,,1,0,0,0,,0,,,,,371641.3283,5023329.511,45.34672669,-75.64701834,3673
18--13371,12/7/2018,Unknown,BOAKE ST btwn LEJEUNE DR & LEJEUNE DR (__3ZAYGH),__3ZAYGH,01 - Non intersection,03 - P.D. only,06 - SMV unattended vehicle,01 - Clear,07 - Dark,01 - Dry,10 - No control,,1,0,0,0,,0,,,,,385027.1344,5036840.93,45.46688754,-75.47402484,3674
18--13372,12/7/2018,12:01 AM,PALMADEO DR btwn CALAVERAS AVE & RODEO DR (__37AAW2),__37AAW2,01 - Non intersection,03 - P.D. only,06 - SMV unattended vehicle,01 - Clear,99 - Other,03 - Loose snow,10 - No control,,1,0,0,0,,0,,,,,365069.675,5015869.01,45.28019319,-75.73178066,3675
18--13373,12/7/2018,12:20 PM,BRIAN COBURN BLVD @ FERN CASEY ST (0017234),17234,03 - At intersection,02 - Non-fatal injury,07 - SMV other,01 - Clear,01 - Daylight,01 - Dry,11 - Roundabout,01 - Functioning,1,0,0,0,01 - Minimal,1,1,,,,382289.8384,5033944.239,45.44113458,-75.50948146,3676
18--13374,12/7/2018,12:25 PM,HIGHWAY 417 btwn HWY417 IC124 RAMP65 & HWY417 IC122 RAMP51 (__3ZA2R8),__3ZA2R8,01 - Non intersection,02 - Non-fatal injury,03 - Rear end,01 - Clear,01 - Daylight,01 - Dry,10 - No control,,2,0,0,0,02 - Minor,2,1,1,,,365167.7688,5028722.443,45.39583838,-75.72896232,3677
18--13375,12/7/2018,12:30 AM,HWY417 IC144 RAMP35 btwn HIGHWAY 417 & CARP RD (__3ZAY8O),__3ZAY8O,01 - Non intersection,03 - P.D. only,07 - SMV other,01 - Clear,07 - Dark,02 - Wet,10 - No control,,1,0,0,0,,0,,,,,347425.2928,5015624.136,45.27928099,-75.95669119,3678
18--13376,12/7/2018,12:30 PM,HIGHWAY 417 btwn HWY417 IC124 RAMP65 & HWY417 IC122 RAMP51 (__3ZA2R8),__3ZA2R8,01 - Non intersection,03 - P.D. only,03 - Rear end,01 - Clear,01 - Daylight,01 - Dry,10 - No control,,2,0,0,0,,0,,,,,365151.5383,5028701.886,45.39565481,-75.72917212,3679
18--13377,12/7/2018,12:31 PM,BLANCHFIELD RD @ SNAKE ISLAND RD (0001700),1700,03 - At intersection,02 - Non-fatal injury,03 - Rear end,01 - Clear,01 - Daylight,01 - Dry,02 - Stop sign,01 - Functioning,3,0,0,0,02 - Minor,2,1,1,,,376781.7749,5005553.366,45.18627446,-75.58400395,3680
18--13378,12/7/2018,12:33 AM,BRUYERE ST @ KING EDWARD AVE (0011437),11437,03 - At intersection,03 - P.D. only,07 - SMV other,01 - Clear,07 - Dark,01 - Dry,02 - Stop sign,00 - Unknown,1,0,0,0,,0,,,,,368140.5749,5033039.65,45.43442058,-75.69044148,3681
18--13379,12/7/2018,12:35 PM,HIGHWAY 417 btwn HWY417 IC126 RAMP25 & HWY417 IC124 RAMP57 (__3ZA2R5),__3ZA2R5,01 - Non intersection,03 - P.D. only,03 - Rear end,01 - Clear,01 - Daylight,01 - Dry,10 - No control,,3,0,0,0,,0,,,,,363774.8224,5026642.717,45.37724405,-75.74700044,3682
18--1338,1/26/2018,8:51 AM,BAYCREST DR @ WALKLEY RD (0006958),6958,02 - Intersection related,03 - P.D. only,03 - Rear end,01 - Clear,01 - Daylight,01 - Dry,01 - Traffic signal,01 - Functioning,2,0,0,0,,0,,,,,371421.731,5026590.526,45.37608909,-75.64938078,3683
18--13380,12/7/2018,12:35 PM,HIGHWAY 417 btwn HWY417 IC126 RAMP25 & HWY417 IC124 RAMP57 (__3ZA2R5),__3ZA2R5,01 - Non intersection,03 - P.D. only,03 - Rear end,01 - Clear,01 - Daylight,01 - Dry,10 - No control,,2,0,0,0,,0,,,,,363781.0993,5026650.985,45.37731792,-75.74691932,3684
18--13381,12/7/2018,12:45 PM,ST. JOSEPH BLVD @ 193 E OF PLACE D'ORLEAN-W/PL (0009226),9226,02 - Intersection related,03 - P.D. only,04 - Sideswipe,01 - Clear,01 - Daylight,01 - Dry,01 - Traffic signal,01 - Functioning,2,0,0,0,,0,,,,,381759.9255,5037805.249,45.47593128,-75.51564979,3685
18--13382,12/7/2018,12:46 PM,RIVERSIDE DR NB btwn TREMBLAY RD & HWY417 IC117 RAMP25 (__3ZAZPQ),__3ZAZPQ,01 - Non intersection,03 - P.D. only,03 - Rear end,01 - Clear,01 - Daylight,01 - Dry,10 - No control,,4,0,0,0,,0,,,,,370818.9624,5031033.401,45.41612146,-75.65648145,3686
18--13383,12/7/2018,12:50 PM,HIGHWAY 417 btwn HWY417 IC155 RAMP25 & RAMP (__3ZAZN1),__3ZAZN1,01 - Non intersection,02 - Non-fatal injury,07 - SMV other,01 - Clear,01 - Daylight,01 - Dry,10 - No control,,1,0,0,0,01 - Minimal,1,1,,,,341760.0013,5017910.7,45.30017721,-76.0287289,3687
18--13384,12/7/2018,2:03 PM,NAVAHO DR @ WOODROFFE AVE/TRANSITWAY N BASELIN (0010359),10359,03 - At intersection,03 - P.D. only,05 - Turning movement,01 - Clear,01 - Daylight,01 - Dry,01 - Traffic signal,01 - Functioning,2,0,0,0,,0,,,,,362706.3004,5023492.872,45.34899118,-75.76101144,3688
18--13385,12/7/2018,2:15 PM,CARP RD @ REIS RD (0001691),1691,02 - Intersection related,03 - P.D. only,03 - Rear end,01 - Clear,01 - Daylight,02 - Wet,02 - Stop sign,01 - Functioning,2,0,0,0,,0,,,,,345276.2803,5018223.336,45.30279664,-75.9838696,3689
18--13386,12/7/2018,2:20 PM,HOLLY ACRES RD @ TRANSITWAY - BAYSHORE/278 N O (0009787),9787,02 - Intersection related,03 - P.D. only,03 - Rear end,01 - Clear,01 - Daylight,01 - Dry,01 - Traffic signal,01 - Functioning,2,0,0,0,,0,,,,,358496.5763,5022986.41,45.34476896,-75.81478607,3690
18--13387,12/7/2018,2:35 PM,ALBERT ST @ PRESTON ST (0002217),2217,03 - At intersection,03 - P.D. only,02 - Angle,01 - Clear,01 - Daylight,01 - Dry,01 - Traffic signal,01 - Functioning,2,0,0,0,,0,,,,,366160.7182,5030464.54,45.41142701,-75.71606444,3691
18--13388,12/7/2018,2:39 PM,METCALFE ST btwn LAURIER AVE W & GLOUCESTER ST (__3ZA35L),__3ZA35L,01 - Non intersection,02 - Non-fatal injury,07 - SMV other,01 - Clear,01 - Daylight,01 - Dry,10 - No control,,1,0,0,1,02 - Minor,1,,1,,,367800.1539,5031439.958,45.42005784,-75.69499661,3692
18--13389,12/7/2018,3:01 PM,HERZBERG RD @ MARCH RD (0003170),3170,02 - Intersection related,02 - Non-fatal injury,04 - Sideswipe,01 - Clear,01 - Daylight,01 - Dry,01 - Traffic signal,01 - Functioning,2,0,0,0,02 - Minor,1,,1,,,352323.5192,5021528.54,45.33209618,-75.89369482,3693
18--1339,1/26/2018,8:55 AM,HWY417 IC117 RAMP36 btwn HIGHWAY 417 & VANIER PKWY (__3ZAYAX),__3ZAYAX,01 - Non intersection,03 - P.D. only,03 - Rear end,01 - Clear,01 - Daylight,01 - Dry,10 - No control,,2,0,0,0,,0,,,,,370767.8888,5031444.96,45.41982932,-75.65707885,3694
18--13390,12/7/2018,3:40 PM,CARLING AVE @ WOODROFFE AVE W (0011470),11470,02 - Intersection related,03 - P.D. only,03 - Rear end,01 - Clear,01 - Daylight,01 - Dry,01 - Traffic signal,01 - Functioning,3,0,0,0,,0,,,,,361767.3859,5025725.481,45.36915694,-75.77273538,3695
18--13391,12/7/2018,3:56 PM,OTTAWA RIVER PKWY WB btwn TRANSIT & TURN LANE (__3ZA23O),__3ZA23O,01 - Non intersection,03 - P.D. only,03 - Rear end,01 - Clear,01 - Daylight,01 - Dry,10 - No control,,2,0,0,0,,0,,,,,363224.7148,5029365.412,45.40178853,-75.75370135,3696
18--13392,12/7/2018,3:57 PM,VANIER PKWY NB btwn QUEEN MARY ST & PRESLAND RD (__3ZA4TMA),__3ZA4TMA,01 - Non intersection,03 - P.D. only,03 - Rear end,01 - Clear,01 - Daylight,01 - Dry,10 - No control,,3,0,0,0,,0,,,,,370393.3246,5031839.102,45.42341086,-75.66181194,3697
18--13393,12/7/2018,4:30 PM,PRINCE OF WALES DR btwn CRESTWAY DR & WINDING WAY (__3ZA26E),__3ZA26E,04 - At/near private drive,03 - P.D. only,02 - Angle,01 - Clear,05 - Dusk,01 - Dry,10 - No control,,2,0,0,0,,0,,,,,367375.3292,5016630.125,45.28684018,-75.70229878,3698
18--13394,12/7/2018,4:31 PM,ALBERT ST @ ELGIN ST/MACKENZIE KING BRIDGE (0002226),2226,03 - At intersection,03 - P.D. only,04 - Sideswipe,01 - Clear,05 - Dusk,01 - Dry,01 - Traffic signal,01 - Functioning,2,0,0,0,,0,,,,,367850.5085,5031711.787,45.42249914,-75.69431846,3699
18--13395,12/7/2018,4:45 PM,HIGHWAY 417 btwn HWY417 IC124 RAMP76 & HWY417 IC124 RAMP67 (__3ZA2R7),__3ZA2R7,01 - Non intersection,03 - P.D. only,03 - Rear end,01 - Clear,05 - Dusk,01 - Dry,10 - No control,,2,0,0,0,,0,,,,,364212.5126,5027257.314,45.38273712,-75.74133848,3700
18--13396,12/7/2018,4:55 PM,FALLOWFIELD RD @ WOODROFFE AVE (0010372),10372,02 - Intersection related,03 - P.D. only,03 - Rear end,01 - Clear,05 - Dusk,01 - Dry,01 - Traffic signal,01 - Functioning,2,0,0,0,,0,,,,,365085.0869,5017903.278,45.29849612,-75.73133702,3701
18--13397,12/7/2018,4:55 PM,HIGHWAY 417 btwn HWY417 IC118 RAMP57 & HWY417 IC118 RAMP35 (__3ZA2YQ),__3ZA2YQ,01 - Non intersection,02 - Non-fatal injury,03 - Rear end,01 - Clear,07 - Dark,01 - Dry,10 - No control,,4,0,0,0,01 - Minimal,1,1,,,,369362.6143,5030975.378,45.41573528,-75.67509473,3702
18--13398,12/7/2018,5:00 PM,AIRPORT PKWY @ HUNT CLUB RD (0010856),10856,02 - Intersection related,03 - P.D. only,03 - Rear end,01 - Clear,07 - Dark,01 - Dry,01 - Traffic signal,01 - Functioning,3,0,0,0,,0,,,,,371018.6222,5023703.147,45.35014762,-75.65491398,3703
18--13399,12/7/2018,5:10 PM,SMYTH RD E/LANCASTER RD @ ST. LAURENT BLVD N/R (0002256),2256,02 - Intersection related,02 - Non-fatal injury,03 - Rear end,01 - Clear,07 - Dark,01 - Dry,01 - Traffic signal,00 - Unknown,2,0,0,0,01 - Minimal,1,1,,,,373364.6532,5029424.421,45.4013998,-75.62418291,3704
18--134,1/2/2018,7:20 AM,HIGHWAY 417 btwn HWY417 IC123 RAMP62 & HWY417 IC122 RAMP16 (__3ZA2R9),__3ZA2R9,01 - Non intersection,03 - P.D. only,07 - SMV other,01 - Clear,03 - Dawn,06 - Ice,10 - No control,,1,0,0,0,,0,,,,,364819.0707,5028149.056,45.39070913,-75.73348536,3705
18--1340,1/26/2018,9:14 AM,INNES RD @ TENTH LINE RD (0004633),4633,02 - Intersection related,03 - P.D. only,03 - Rear end,01 - Clear,01 - Daylight,02 - Wet,01 - Traffic signal,01 - Functioning,2,0,0,0,,0,,,,,383951.7605,5036159.561,45.46087989,-75.48788467,3706
18--13400,12/7/2018,5:15 PM,NAUGHTON ST @ PRINCE ALBERT ST (0008555),8555,03 - At intersection,03 - P.D. only,02 - Angle,01 - Clear,07 - Dark,01 - Dry,02 - Stop sign,01 - Functioning,2,0,0,0,,0,,,,,371341.5976,5031996.645,45.42473881,-75.64967443,3707
18--13401,12/7/2018,5:18 PM,ALBION RD btwn LESTER RD & LEITRIM RD (__3ZA3SQ),__3ZA3SQ,01 - Non intersection,03 - P.D. only,03 - Rear end,01 - Clear,07 - Dark,01 - Dry,10 - No control,,2,0,0,0,,0,,,,,372732.1727,5022242.536,45.33684166,-75.6332486,3708
18--13402,12/7/2018,5:19 PM,MERIVALE RD/LOTTA AVE @ CLYDE AVE (0001112),1112,03 - At intersection,03 - P.D. only,05 - Turning movement,01 - Clear,07 - Dark,01 - Dry,01 - Traffic signal,01 - Functioning,2,0,0,0,,0,,,,,364521.6165,5024507.497,45.35796841,-75.73772421,3709
18--13403,12/7/2018,5:20 PM,WOODROFFE AVE @ TECUMSEH ST (0005767),5767,02 - Intersection related,03 - P.D. only,03 - Rear end,01 - Clear,07 - Dark,01 - Dry,02 - Stop sign,01 - Functioning,2,0,0,0,,0,,,,,362368.6301,5024229.5,45.35564711,-75.7652346,3710
18--13404,12/7/2018,5:21 PM,LEITRIM RD @ ALBION RD (0012479),12479,02 - Intersection related,03 - P.D. only,03 - Rear end,01 - Clear,07 - Dark,01 - Dry,01 - Traffic signal,01 - Functioning,2,0,0,0,,0,,,,,373497.6768,5020419.522,45.32036429,-75.62373559,3711
18--13405,12/7/2018,5:50 PM,LACASSE AVE btwn BLAKE BLVD & MCARTHUR AVE (__3ZBOXM),__3ZBOXM,04 - At/near private drive,03 - P.D. only,06 - SMV unattended vehicle,01 - Clear,07 - Dark,01 - Dry,10 - No control,,1,0,0,0,,0,,,,,370811.5506,5032856.436,45.43252506,-75.65633184,3712
18--13406,12/7/2018,5:50 PM,MAPLE GROVE RD @ TERRY FOX DR (0003177),3177,02 - Intersection related,03 - P.D. only,03 - Rear end,01 - Clear,07 - Dark,01 - Dry,01 - Traffic signal,01 - Functioning,2,0,0,0,,0,,,,,351553.5485,5017864.584,45.29917875,-75.90386336,3713
18--13407,12/7/2018,6:00 PM,HIGHWAY 417 btwn HWY417 IC122 RAMP51 & HWY417 IC122 RAMP15 (__3ZA2R0),__3ZA2R0,01 - Non intersection,03 - P.D. only,03 - Rear end,01 - Clear,07 - Dark,01 - Dry,10 - No control,,2,0,0,0,,0,,,,,365185.4446,5028744.227,45.39603286,-75.72873391,3714
18--13408,12/7/2018,6:10 AM,GRAMMOND CIR btwn Continuation of GRAMMOND CIR & Continuation of GRAMMOND CIR (__8PNLNB),__8PNLNB,04 - At/near private drive,03 - P.D. only,06 - SMV unattended vehicle,01 - Clear,07 - Dark,01 - Dry,10 - No control,,1,0,0,0,,0,,,,,383559.034,5034738.896,45.44814238,-75.4931332,3715
18--13409,12/7/2018,6:16 AM,TENTH LINE RD btwn ST. JOSEPH BLVD & OLD TENTH LINE RD (__3ZA1TE),__3ZA1TE,01 - Non intersection,03 - P.D. only,03 - Rear end,01 - Clear,07 - Dark,06 - Ice,10 - No control,,2,0,0,0,,0,,,,,382976.3199,5038494.418,45.48199668,-75.49998426,3716
18--1341,1/26/2018,9:15 AM,QUEEN ELIZABETH DRWY btwn PRESTON ST & CRESCENT HGTS (__3ZA217),__3ZA217,01 - Non intersection,03 - P.D. only,03 - Rear end,01 - Clear,01 - Daylight,06 - Ice,10 - No control,,2,0,0,0,,0,,,,,366904.3163,5028781.94,45.39622185,-75.70677716,3717
18--13414,12/7/2018,6:50 PM,HIGHWAY 417 btwn HWY417 IC155 RAMP61 & HWY417 IC145 RAMP56 (__3ZA2Q2),__3ZA2Q2,01 - Non intersection,03 - P.D. only,07 - SMV other,01 - Clear,07 - Dark,01 - Dry,10 - No control,,1,0,0,0,,0,,,,,343596.5779,5016299.574,45.28558059,-76.00543788,3718
18--13056,11/30/2018,5:30 PM,BAYSHORE DR @ WOODRIDGE CRES S (0000360),360,02 - Intersection related,02 - Non-fatal injury,03 - Rear end,01 - Clear,07 - Dark,02 - Wet,01 - Traffic signal,01 - Functioning,2,0,0,0,01 - Minimal,1,1,,,,359233.7197,5023509.407,45.34941808,-75.80532262,3719
18--13415,12/7/2018,7:50 AM,HIGHWAY 417 btwn HWY417 IC118 RAMP76 & HWY417 IC118 RAMP67 (__3ZA2YR),__3ZA2YR,01 - Non intersection,03 - P.D. only,04 - Sideswipe,01 - Clear,03 - Dawn,01 - Dry,10 - No control,,2,0,0,0,,0,,,,,369264.4186,5030929.664,45.41533302,-75.67635521,3720
18--13416,12/7/2018,7:55 AM,HIGHWAY 417 btwn HWY417 IC118 RAMP76 & HWY417 IC118 RAMP67 (__3ZA2YR),__3ZA2YR,01 - Non intersection,03 - P.D. only,03 - Rear end,01 - Clear,01 - Daylight,01 - Dry,10 - No control,,2,0,0,0,,0,,,,,369355.6069,5030990.159,45.41586892,-75.67518231,3721
18--12878,11/27/2018,10:31 AM,NEWMARKET ST btwn LIVERPOOL CRT & BANTREE ST (__3ZA1YY),__3ZA1YY,04 - At/near private drive,03 - P.D. only,99 - Other,01 - Clear,01 - Daylight,02 - Wet,10 - No control,,2,0,0,0,,0,,,,,373576.8985,5030429.693,45.41042394,-75.62133187,3722
18--13057,11/30/2018,5:30 PM,HERON RD btwn BANK ST & EDGE HILL PL (__3ZA3AD),__3ZA3AD,01 - Non intersection,03 - P.D. only,04 - Sideswipe,01 - Clear,07 - Dark,01 - Dry,10 - No control,,2,0,0,0,,0,,,,,370086.4864,5026865.543,45.37868929,-75.66639085,3723
18--13417,12/7/2018,7:59 PM,CLEMENTINE BLVD @ HERON RD (0006858),6858,03 - At intersection,03 - P.D. only,05 - Turning movement,01 - Clear,07 - Dark,01 - Dry,01 - Traffic signal,01 - Functioning,2,0,0,0,,0,,,,,369547.5684,5026786.272,45.37802604,-75.67328169,3724
18--12879,11/27/2018,10:53 AM,BESSERER ST @ NICHOLAS ST (0007614),7614,02 - Intersection related,03 - P.D. only,04 - Sideswipe,03 - Snow,01 - Daylight,02 - Wet,01 - Traffic signal,00 - Unknown,2,0,0,0,,0,,,,,368185.704,5032111.572,45.42606597,-75.6899842,3725
18--13058,11/30/2018,5:35 PM,HIGHWAY 417 btwn HWY417 IC104 RAMP15 & HWY417 IC96 RAMP51 (__3ZA2W4),__3ZA2W4,01 - Non intersection,03 - P.D. only,03 - Rear end,01 - Clear,07 - Dark,01 - Dry,10 - No control,,2,0,0,0,,0,,,,,380657.202,5025772.469,45.36778979,-75.5316048,3726
18--13418,12/7/2018,8:04 AM,CARLING AVE @ BAYSHORE DR/BIRCHDALE AVE (0000021),21,03 - At intersection,03 - P.D. only,05 - Turning movement,01 - Clear,01 - Daylight,01 - Dry,01 - Traffic signal,01 - Functioning,2,0,0,0,,0,,,,,359004.9002,5023990.611,45.35376568,-75.80818982,3727
18--1288,1/25/2018,9:22 PM,MEADOWLANDS DR btwn CHESTERTON DR & TIVERTON DR (__3ZA4H3),__3ZA4H3,04 - At/near private drive,03 - P.D. only,07 - SMV other,01 - Clear,07 - Dark,01 - Dry,10 - No control,,1,0,0,0,,0,,,,,365166.4243,5024204.712,45.35518878,-75.72953172,3728
18--12880,11/27/2018,11:04 AM,ERIN CRES N @ LILLICO DR N (0007002),7002,03 - At intersection,03 - P.D. only,02 - Angle,03 - Snow,01 - Daylight,03 - Loose snow,02 - Stop sign,01 - Functioning,2,0,0,0,,0,,,,,369795.6017,5023130.725,45.34511153,-75.6705958,3729
18--12881,11/27/2018,Unknown,CRAIG HENRY DR btwn BERTONA ST & SOVEREIGN AVE (__3ZAAYX),__3ZAAYX,01 - Non intersection,03 - P.D. only,06 - SMV unattended vehicle,04 - Freezing Rain,00 - Unknown,06 - Ice,10 - No control,,1,0,0,0,,0,,,,,362615.4692,5021853.766,45.3342501,-75.76236207,3730
18--12882,11/27/2018,3:15 PM,OLD TENTH LINE RD/OR174 IC101 RAMP63 @ ST. JOS (0009233),9233,02 - Intersection related,03 - P.D. only,03 - Rear end,01 - Clear,01 - Daylight,01 - Dry,01 - Traffic signal,01 - Functioning,2,0,0,0,,0,,,,,383119.6814,5038785.363,45.48459827,-75.49810429,3731
18--12883,11/27/2018,4:19 AM,HIGHWAY 417 btwn HIGHWAY 417 & HIGHWAY 417 (1) (__3ZA2UX),__3ZA2UX,01 - Non intersection,03 - P.D. only,07 - SMV other,03 - Snow,07 - Dark,03 - Loose snow,10 - No control,,1,0,0,0,,0,,,,,375371.2112,5030157.625,45.40779739,-75.59845016,3732
18--12884,11/27/2018,4:23 PM,TRIOLE ST btwn SHORE ST & END (__3ZA40A),__3ZA40A,01 - Non intersection,03 - P.D. only,06 - SMV unattended vehicle,01 - Clear,05 - Dusk,02 - Wet,10 - No control,,1,0,0,0,,0,,,,,372897.4136,5030819.033,45.41399349,-75.62995792,3733
18--12885,11/27/2018,4:30 PM,CENTURY RD S @ MCCORDICK RD S (0003724),3724,03 - At intersection,03 - P.D. only,02 - Angle,02 - Rain,05 - Dusk,02 - Wet,02 - Stop sign,01 - Functioning,2,0,0,0,,0,,,,,360469.7243,5003123.337,45.16588459,-75.79183397,3734
18--12886,11/27/2018,4:30 PM,CARP RD btwn ECHOWOODS AVE/KITTIWAKE DR & ROTHBOURNE RD (__4YT2RX),__4YT2RX,01 - Non intersection,03 - P.D. only,07 - SMV other,02 - Rain,05 - Dusk,04 - Slush,10 - No control,,1,0,0,0,,0,,,,,348255.895,5014872.814,45.27246946,-75.94617046,3735
18--12887,11/27/2018,4:36 PM,PRINCE OF WALES DR btwn BLAZER AVE & WATERFORD DR (__3ZA27L),__3ZA27L,01 - Non intersection,03 - P.D. only,04 - Sideswipe,01 - Clear,05 - Dusk,02 - Wet,10 - No control,,2,0,0,0,,0,,,,,367353.1952,5021103.651,45.32709435,-75.70201631,3736