Anom_ID,Accident_Date,Accident_Time,Location,Geo_ID,Accident_Location,Classification_of_Accident,Initial_Impact_Type,Environment_Condition,Light,Road_Surface_Condition,Traffic_Control,Traffic_Control_Condition,No__of_Vehicles,No__of_Bicycles,No__of_Motorcycles,No__of_Pedestrians,Max_Injury,No__of_Injuries,No__of_Minimal,No__of_Minor,No__of_Major,No__of_Fatal,X,Y,Latitude,Longitude,ObjectId
18--12888,11/27/2018,4:43 PM,HAWTHORNE RD @ HUNT CLUB RD (0007651),7651,02 - Intersection related,02 - Non-fatal injury,03 - Rear end,03 - Snow,05 - Dusk,02 - Wet,01 - Traffic signal,01 - Functioning,2,0,0,0,01 - Minimal,1,1,,,,375507.5311,5026406.791,45.37403555,-75.59724635,3737
18--12889,11/27/2018,4:49 AM,MARVELVILLE RD btwn 8TH LINE RD & 9TH LINE RD (__3ZA3YM),__3ZA3YM,01 - Non intersection,02 - Non-fatal injury,07 - SMV other,02 - Rain,07 - Dark,03 - Loose snow,10 - No control,,1,0,0,0,02 - Minor,1,,1,,,388596.6873,5005992.742,45.188923,-75.43360506,3738
18--1289,1/25/2018,9:23 AM,COOPER ST @ KENT ST (0011445),11445,03 - At intersection,03 - P.D. only,02 - Angle,01 - Clear,01 - Daylight,02 - Wet,02 - Stop sign,01 - Functioning,2,0,0,0,,0,,,,,367483.053,5030888.865,45.41512777,-75.69911816,3739
18--12890,11/27/2018,4:50 PM,CONSTELLATION CRES @ BASELINE RD (0011415),11415,02 - Intersection related,03 - P.D. only,03 - Rear end,03 - Snow,05 - Dusk,02 - Wet,01 - Traffic signal,01 - Functioning,2,0,0,0,,0,,,,,362273.4503,5023596.351,45.34995788,-75.7665229,3740
18--12891,11/27/2018,4:55 PM,LIVERPOOL CRT @ NEWMARKET ST (0007617),7617,02 - Intersection related,03 - P.D. only,03 - Rear end,02 - Rain,07 - Dark,04 - Slush,02 - Stop sign,01 - Functioning,2,0,0,0,,0,,,,,373498.8385,5030383.689,45.41001769,-75.62233543,3741
18--12892,11/27/2018,5:40 AM,HIGHWAY 417 btwn HIGHWAY 417 & HWY417 IC115 RAMP25 (__3ZA2RX),__3ZA2RX,01 - Non intersection,03 - P.D. only,99 - Other,03 - Snow,07 - Dark,02 - Wet,10 - No control,,3,0,0,0,,0,,,,,372662.1899,5031525.827,45.42037574,-75.63286555,3742
18--12893,11/27/2018,5:42 PM,CARP RD @ HOBIN ST/MCCOOEYE LANE (0009339),9339,03 - At intersection,03 - P.D. only,07 - SMV other,03 - Snow,07 - Dark,04 - Slush,01 - Traffic signal,01 - Functioning,1,0,0,0,,0,,,,,349415.4435,5014324.338,45.26746147,-75.93144243,3743
18--12894,11/27/2018,5:43 AM,HIGHWAY 417 btwn HWY417 IC96 RAMP61 & HWY417 IC88 RAMP16 (__3ZA27Z),__3ZA27Z,01 - Non intersection,03 - P.D. only,07 - SMV other,03 - Snow,07 - Dark,03 - Loose snow,10 - No control,,1,0,0,0,,0,,,,,395013.8634,5022472.484,45.33639955,-75.34896355,3744
18--12895,11/27/2018,6:17 PM,PAUL ANKA DR N @ SAMPLE RD N (0007394),7394,03 - At intersection,03 - P.D. only,02 - Angle,01 - Clear,07 - Dark,03 - Loose snow,02 - Stop sign,01 - Functioning,2,0,0,0,,0,,,,,369489.7472,5023258.539,45.34628984,-75.67448167,3745
18--12896,11/27/2018,6:25 PM,DUNNING RD btwn WILHAVEN DR & INNES RD (__3ZA3MY),__3ZA3MY,01 - Non intersection,02 - Non-fatal injury,07 - SMV other,01 - Clear,07 - Dark,02 - Wet,10 - No control,,1,0,0,1,02 - Minor,1,,1,,,391650.3653,5039354.512,45.48870956,-75.38889544,3746
18--12897,11/27/2018,7:00 PM,BASELINE RD/HERON RD @ PRINCE OF WALES DR (0002345),2345,02 - Intersection related,03 - P.D. only,03 - Rear end,03 - Snow,07 - Dark,04 - Slush,01 - Traffic signal,01 - Functioning,2,0,0,0,,0,,,,,366873.47,5026438.9,45.37514249,-75.70746577,3747
18--12898,11/27/2018,7:05 AM,AVIATION PKWY btwn MONTREAL RD & LA CITE PRIV (1) (__3ZAZZJ),__3ZAZZJ,01 - Non intersection,02 - Non-fatal injury,07 - SMV other,03 - Snow,03 - Dawn,06 - Ice,10 - No control,,1,0,0,1,03 - Major,1,,,1,,372162.4585,5034060.972,45.44323407,-75.63890351,3748
18--12899,11/27/2018,7:06 PM,PICKFORD DR btwn BUJOLD CRT & DECARLO GDN (__3ZBNDR),__3ZBNDR,01 - Non intersection,02 - Non-fatal injury,01 - Approaching,03 - Snow,07 - Dark,05 - Packed snow,10 - No control,,2,0,0,0,02 - Minor,1,,1,,,352802.5369,5018770.974,45.30725043,-75.88785112,3749
18--129,1/2/2018,6:47 PM,ROGER STEVENS DR btwn JAMES CRAIG ST & TRAILWOOD DR (__3ZA390),__3ZA390,01 - Non intersection,03 - P.D. only,01 - Approaching,03 - Snow,07 - Dark,02 - Wet,10 - No control,,2,0,0,0,,0,,,,,367175.5075,4999784.118,45.13527713,-75.7069553,3750
18--1290,1/25/2018,9:40 AM,PARKFIELD CRES btwn ASHGROVE CRES & ASHGROVE CRES (__3ZAAFQ),__3ZAAFQ,01 - Non intersection,03 - P.D. only,01 - Approaching,01 - Clear,01 - Daylight,05 - Packed snow,10 - No control,,2,0,0,0,,0,,,,,361506.3948,5022187.332,45.33734202,-75.77647281,3751
18--12900,11/27/2018,7:36 AM,SOUTHMORE DR @ WALKLEY RD (0006644),6644,02 - Intersection related,03 - P.D. only,01 - Approaching,03 - Snow,01 - Daylight,02 - Wet,02 - Stop sign,00 - Unknown,2,0,0,0,,0,,,,,369710.8131,5025574.473,45.36710754,-75.6713568,3752
18--12901,11/27/2018,7:50 AM,FRANK KENNY RD btwn FRENCH HILL RD & WALL RD (__3ZBO6S),__3ZBO6S,01 - Non intersection,03 - P.D. only,07 - SMV other,03 - Snow,01 - Daylight,03 - Loose snow,10 - No control,,1,0,0,0,,0,,,,,388620.384,5035927.707,45.4582494,-75.42823662,3753
18--12902,11/27/2018,7:52 AM,COLONNADE RD @ PRINCE OF WALES DR (0005249),5249,02 - Intersection related,03 - P.D. only,04 - Sideswipe,03 - Snow,01 - Daylight,04 - Slush,01 - Traffic signal,01 - Functioning,2,0,0,0,,0,,,,,367394.6633,5023266.826,45.3465545,-75.70121373,3754
18--12903,11/27/2018,7:59 AM,"OLD MONTREAL RD btwn GRAND-CH-NE, COUR DU CRT & TED KELLY LANE (__3ZA24E)",__3ZA24E,01 - Non intersection,03 - P.D. only,01 - Approaching,03 - Snow,01 - Daylight,04 - Slush,10 - No control,,2,0,0,0,,0,,,,,385532.8809,5040045.625,45.49566191,-75.46703142,3755
18--12904,11/27/2018,8:09 PM,BILLINGS BRIDGE NB RAMP @ RIVERSIDE DR EB (0011443),11443,02 - Intersection related,03 - P.D. only,04 - Sideswipe,03 - Snow,07 - Dark,02 - Wet,10 - No control,,2,0,0,0,,0,,,,,369366.4628,5028027.876,45.38921432,-75.67543147,3756
18--12905,11/27/2018,8:16 AM,FROBISHER LANE W @ RIVERSIDE DR (0011961),11961,02 - Intersection related,03 - P.D. only,03 - Rear end,03 - Snow,01 - Daylight,04 - Slush,01 - Traffic signal,01 - Functioning,3,0,0,0,,0,,,,,370118.8128,5029601.164,45.40330044,-75.66561602,3757
18--12906,11/27/2018,8:20 AM,GREY NUNS DR @ LUMBERMAN WAY (0003831),3831,02 - Intersection related,03 - P.D. only,02 - Angle,03 - Snow,01 - Daylight,03 - Loose snow,02 - Stop sign,01 - Functioning,2,0,0,0,,0,,,,,380128.8903,5036818.668,45.46723267,-75.53665967,3758
18--12907,11/27/2018,8:20 AM,HWY 417 ST.LAURE IC115R51 @ ST. LAURENT BLVD (0002712),2712,02 - Intersection related,03 - P.D. only,03 - Rear end,03 - Snow,01 - Daylight,04 - Slush,01 - Traffic signal,01 - Functioning,2,0,0,0,,0,,,,,372530.7603,5031410.51,45.41935091,-75.6345606,3759
18--12908,11/27/2018,8:33 AM,HIGHWAY 416 btwn HWY416 IC72 RAMP63 & HWY416 IC72 RAMP53 (__3ZA1NF),__3ZA1NF,01 - Non intersection,02 - Non-fatal injury,07 - SMV other,03 - Snow,01 - Daylight,03 - Loose snow,10 - No control,,1,0,0,0,02 - Minor,1,,1,,,359723.5408,5019143.68,45.31009695,-75.79955642,3760
18--12909,11/27/2018,8:35 AM,HIGHWAY 417 btwn HWY417 IC144 RAMP25 & HWY417 IC142 RAMP51 (__3ZA20J),__3ZA20J,01 - Non intersection,03 - P.D. only,03 - Rear end,03 - Snow,01 - Daylight,02 - Wet,10 - No control,,2,0,0,0,,0,,,,,347992.1036,5016349.02,45.28576916,-75.94940377,3761
18--1291,1/26/2018,1:38 PM,TENTH LINE RD @ CHARLEMAGNE BLVD S/DES EPINETT (0003686),3686,02 - Intersection related,03 - P.D. only,03 - Rear end,01 - Clear,01 - Daylight,01 - Dry,01 - Traffic signal,01 - Functioning,4,0,0,0,,0,,,,,383640.9751,5036900.456,45.46758093,-75.49173924,3762
18--12910,11/27/2018,8:46 PM,HIGHWAY 417 btwn HWY417 IC144 RAMP16 & HWY417 IC144 RAMP61 (__3ZA2QU),__3ZA2QU,01 - Non intersection,03 - P.D. only,04 - Sideswipe,03 - Snow,07 - Dark,02 - Wet,10 - No control,,2,0,0,0,,0,,,,,347399.9861,5015864.591,45.28144623,-75.9569931,3763
18--12911,11/27/2018,8:49 AM,ALBION RD @ KITCHENER AVE (0012080),12080,03 - At intersection,03 - P.D. only,02 - Angle,03 - Snow,01 - Daylight,04 - Slush,02 - Stop sign,01 - Functioning,2,0,0,0,,0,,,,,371219.9105,5025903.571,45.36992727,-75.6520497,3764
18--12912,11/27/2018,9:15 AM,BASELINE RD @ ROCKWAY CRES (0002187),2187,03 - At intersection,03 - P.D. only,03 - Rear end,03 - Snow,01 - Daylight,04 - Slush,02 - Stop sign,01 - Functioning,2,0,0,0,,0,,,,,361184.7219,5022932.579,45.34407366,-75.78049184,3765
18--12913,11/27/2018,9:30 AM,MONTREAL RD btwn VANIER PKWY & DUROCHER ST (__3ZA3LN),__3ZA3LN,04 - At/near private drive,03 - P.D. only,02 - Angle,03 - Snow,01 - Daylight,04 - Slush,10 - No control,,2,0,0,0,,0,,,,,370123.0686,5033094.014,45.43472734,-75.6650986,3766
18--12914,11/28/2018,1:20 PM,PARKDALE AVE btwn RUSKIN ST & INGLEWOOD PL (__3ZBOD1),__3ZBOD1,01 - Non intersection,03 - P.D. only,99 - Other,01 - Clear,01 - Daylight,01 - Dry,10 - No control,,2,0,0,0,,0,,,,,365512.9874,5028439.147,45.3932595,-75.72458834,3767
18--12915,11/28/2018,1:37 PM,HAZELDEAN RD btwn TERRY FOX DR & EDGEWATER ST (__3ZA3DL),__3ZA3DL,01 - Non intersection,03 - P.D. only,03 - Rear end,01 - Clear,01 - Daylight,01 - Dry,10 - No control,,2,0,0,0,,0,,,,,352244.0859,5017276.725,45.29384275,-75.89511531,3768
18--12916,11/28/2018,10:15 PM,LIMEBANK RD @ RIDEAU RD (0004455),4455,02 - Intersection related,03 - P.D. only,03 - Rear end,01 - Clear,07 - Dark,06 - Ice,02 - Stop sign,00 - Unknown,2,0,0,0,,0,,,,,370882.6227,5014019.457,45.26302887,-75.65794053,3769
18--12917,11/28/2018,10:44 AM,FINDLAY CREEK DR @ KELLY FARM DR (0013112),13112,03 - At intersection,03 - P.D. only,05 - Turning movement,01 - Clear,01 - Daylight,01 - Dry,02 - Stop sign,02 - Not functioning,2,0,0,0,,0,,,,,375339.8925,5020047.744,45.31683649,-75.60029327,3770
18--12918,11/28/2018,11:10 AM,MOUNTSHANNON DR btwn MONTANA WAY & EARL MULLIGAN DR (__3ZA1AV),__3ZA1AV,04 - At/near private drive,03 - P.D. only,06 - SMV unattended vehicle,01 - Clear,01 - Daylight,02 - Wet,10 - No control,,1,0,0,0,,0,,,,,364696.3127,5017268.908,45.29282134,-75.73637025,3771
18--12919,11/28/2018,11:12 AM,ALPINE AVE @ CARLING AVE (0011382),11382,03 - At intersection,03 - P.D. only,05 - Turning movement,01 - Clear,01 - Daylight,01 - Dry,01 - Traffic signal,01 - Functioning,2,0,0,0,,0,,,,,360496.8952,5024942.499,45.36221382,-75.78904188,3772
18--1292,1/26/2018,10:15 AM,BOOTH ST btwn ORANGEVILLE ST & DANIEL MCCANN ST (__3ZA3Z3),__3ZA3Z3,01 - Non intersection,02 - Non-fatal injury,04 - Sideswipe,01 - Clear,01 - Daylight,01 - Dry,10 - No control,,2,0,0,0,01 - Minimal,1,1,,,,366899.8573,5029552.583,45.40315628,-75.70673708,3773
18--12920,11/28/2018,11:30 AM,SILVER SEVEN RD btwn FRANK NIGHBOR PL & 280 N OF PALLADIUM DR/COSTCO S (__3ZAZH2A),__3ZAZH2A,04 - At/near private drive,03 - P.D. only,02 - Angle,01 - Clear,01 - Daylight,01 - Dry,10 - No control,,2,0,0,0,,0,,,,,350817.0841,5018153.924,45.30183094,-75.91322638,3774
18--12921,11/28/2018,Unknown,GRENADIER WAY btwn QUEENSBURY DR & FIELDCREST AVE (__3ZA599),__3ZA599,01 - Non intersection,03 - P.D. only,06 - SMV unattended vehicle,03 - Snow,07 - Dark,04 - Slush,10 - No control,,1,0,0,0,,0,,,,,365692.6663,5016237.555,45.28345565,-75.72379529,3775
18--12922,11/28/2018,12:01 PM,MAPLE GROVE RD @ TERRY FOX DR (0003177),3177,02 - Intersection related,03 - P.D. only,03 - Rear end,03 - Snow,01 - Daylight,02 - Wet,01 - Traffic signal,01 - Functioning,3,0,0,0,,0,,,,,351553.5278,5017864.54,45.29917835,-75.90386363,3776
18--12923,11/28/2018,12:15 PM,AMIENS ST btwn PRESTWICK DR & TAMMY ST (__3ZA6B9),__3ZA6B9,01 - Non intersection,03 - P.D. only,07 - SMV other,01 - Clear,01 - Daylight,04 - Slush,10 - No control,,1,0,0,0,,0,,,,,383082.8259,5037464.918,45.47272223,-75.49878613,3777
18--12924,11/28/2018,12:15 PM,KING EDWARD AVE @ ST. PATRICK ST (0002714),2714,02 - Intersection related,03 - P.D. only,03 - Rear end,01 - Clear,01 - Daylight,01 - Dry,01 - Traffic signal,01 - Functioning,2,0,0,0,,0,,,,,368248.4766,5032823.657,45.43246737,-75.68909036,3778
18--12925,11/28/2018,12:22 PM,BAY ST @ WELLINGTON ST (0010737),10737,02 - Intersection related,03 - P.D. only,05 - Turning movement,01 - Clear,01 - Daylight,02 - Wet,01 - Traffic signal,01 - Functioning,2,0,0,0,,0,,,,,366814.6172,5031351.686,45.41935165,-75.70759949,3779
18--12926,11/28/2018,12:28 PM,HAWTHORNE RD/RUSSELL RD @ WALKLEY RD (0002618),2618,02 - Intersection related,03 - P.D. only,99 - Other,02 - Rain,01 - Daylight,02 - Wet,01 - Traffic signal,01 - Functioning,2,0,0,0,,0,,,,,374674.7105,5028499.423,45.3929476,-75.60758182,3780
18--12927,11/28/2018,12:58 PM,CATHERINE ST @ METCALFE ST (0011239),11239,03 - At intersection,03 - P.D. only,02 - Angle,01 - Clear,01 - Daylight,02 - Wet,01 - Traffic signal,01 - Functioning,2,0,0,0,,0,,,,,368393.6904,5030486.413,45.41142447,-75.68753633,3781
18--12928,11/28/2018,2:00 PM,CYRVILLE RD btwn STAR TOP RD & MEADOWBROOK RD (__3ZA3SN),__3ZA3SN,01 - Non intersection,03 - P.D. only,03 - Rear end,02 - Rain,01 - Daylight,02 - Wet,10 - No control,,2,0,0,0,,0,,,,,374593.8736,5031254.524,45.41774466,-75.60822414,3782
18--12929,11/28/2018,2:10 PM,HIGHWAY 417 btwn HWY417 IC113 RAMP85 & HWY417 IC112 RAMP54 (__3ZA287),__3ZA287,01 - Non intersection,03 - P.D. only,07 - SMV other,01 - Clear,01 - Daylight,02 - Wet,10 - No control,,1,0,0,0,,0,,,,,374140.6595,5031372.411,45.41885041,-75.6139977,3783
18--1293,1/26/2018,10:16 AM,WOODROFFE AVE @ FIRESTATION (0008642),8642,02 - Intersection related,03 - P.D. only,03 - Rear end,01 - Clear,01 - Daylight,01 - Dry,01 - Traffic signal,01 - Functioning,3,0,0,0,,0,,,,,362495.5188,5023913.198,45.35279062,-75.76365213,3784
18--12930,11/28/2018,2:21 PM,GRANT CARMAN DR @ VIEWMOUNT DR (0001527),1527,02 - Intersection related,02 - Non-fatal injury,03 - Rear end,01 - Clear,01 - Daylight,02 - Wet,02 - Stop sign,00 - Unknown,2,0,0,0,01 - Minimal,1,1,,,,365434.8051,5023081.498,45.34505911,-75.72624437,3785
18--12931,11/28/2018,2:25 PM,BRONSON AVE @ IMPERIAL AVE/PLYMOUTH ST (0010859),10859,02 - Intersection related,03 - P.D. only,03 - Rear end,01 - Clear,01 - Daylight,02 - Wet,10 - No control,,2,0,0,0,,0,,,,,367318.6817,5029643.689,45.40393875,-75.70137599,3786
18--12932,11/28/2018,3:29 PM,STITTSVILLE MAIN ST @ KIMPTON DR/HORSESHOE CRE (0010599),10599,02 - Intersection related,03 - P.D. only,99 - Other,01 - Clear,01 - Daylight,02 - Wet,02 - Stop sign,01 - Functioning,2,0,0,0,,0,,,,,349349.087,5015274.554,45.27601605,-75.93220275,3787
18--12933,11/28/2018,3:56 PM,BRUYERE ST @ PARENT AVE (0008428),8428,03 - At intersection,02 - Non-fatal injury,07 - SMV other,01 - Clear,01 - Daylight,02 - Wet,02 - Stop sign,00 - Unknown,1,0,0,1,01 - Minimal,1,1,,,,367687.4971,5032763.626,45.4319779,-75.69626696,3788
18--12934,11/28/2018,4:00 PM,MITCH OWENS RD @ STAGECOACH RD (0003576),3576,02 - Intersection related,03 - P.D. only,03 - Rear end,01 - Clear,01 - Daylight,01 - Dry,01 - Traffic signal,01 - Functioning,2,0,0,0,,0,,,,,375399.7315,5014484.465,45.26677402,-75.60032196,3789
18--12935,11/28/2018,4:16 PM,RIVERSIDE DR @ 175 S OF HUNT CLUB  RD/RUNWAY C (0011890),11890,02 - Intersection related,03 - P.D. only,03 - Rear end,02 - Rain,01 - Daylight,02 - Wet,01 - Traffic signal,01 - Functioning,2,0,0,0,,0,,,,,368028.4107,5021766.363,45.3329968,-75.69331887,3790
18--12936,11/28/2018,4:26 PM,BASELINE RD @ COLLEGE SQUARE SC (0008826),8826,02 - Intersection related,03 - P.D. only,03 - Rear end,03 - Snow,05 - Dusk,04 - Slush,01 - Traffic signal,01 - Functioning,2,0,0,0,,0,,,,,362759.6284,5023897.363,45.35262635,-75.76028353,3791
18--12937,11/28/2018,4:59 PM,BATHGATE DR btwn THE ROCKERY PRIV & ROMULUS PRIV (__3ZA5BU),__3ZA5BU,01 - Non intersection,02 - Non-fatal injury,06 - SMV unattended vehicle,01 - Clear,07 - Dark,02 - Wet,10 - No control,,1,0,0,0,02 - Minor,1,,1,,,373260.775,5034324.103,45.44549488,-75.62482872,3792
18--12938,11/28/2018,5:00 PM,ORLEANS BLVD btwn BROKEN OAK DR & JEANNE D'ARC BLVD N (__3ZA6BR),__3ZA6BR,04 - At/near private drive,03 - P.D. only,02 - Angle,01 - Clear,05 - Dusk,02 - Wet,10 - No control,,2,0,0,0,,0,,,,,380002.1723,5038170.925,45.47941286,-75.53807299,3793
18--12939,11/28/2018,5:10 PM,MOODIE DR @ WEST HUNT CLUB RD (0010414),10414,02 - Intersection related,03 - P.D. only,03 - Rear end,02 - Rain,07 - Dark,04 - Slush,01 - Traffic signal,01 - Functioning,2,0,0,0,,0,,,,,357907.5707,5018498.673,45.30443278,-75.82278307,3794
18--1294,1/26/2018,10:57 AM,BASELINE RD btwn MERIVALE RD & FARLANE BLVD (__3ZA4ID),__3ZA4ID,04 - At/near private drive,03 - P.D. only,02 - Angle,01 - Clear,01 - Daylight,01 - Dry,10 - No control,,2,0,0,0,,0,,,,,365183.7317,5025405.809,45.36599457,-75.7291641,3795
18--12940,11/28/2018,5:30 PM,DWYER HILL RD btwn UPPER DWYER HILL RD & RAMP (__7JQ7L9),__7JQ7L9,01 - Non intersection,03 - P.D. only,07 - SMV other,03 - Snow,07 - Dark,04 - Slush,10 - No control,,1,0,0,0,,0,,,,,341131.5355,5007094.055,45.20287605,-76.03753272,3796
18--12941,11/28/2018,5:34 PM,HUNTMAR DR @ RICHARDSON SIDE RD (0011853),11853,03 - At intersection,03 - P.D. only,02 - Angle,04 - Freezing Rain,07 - Dark,02 - Wet,02 - Stop sign,01 - Functioning,2,0,0,0,,0,,,,,348208.4616,5018982.578,45.30945347,-75.9464153,3797
18--12942,11/28/2018,5:57 PM,RUSSELL RD btwn ST. LAURENT BLVD & SOUTHVALE CRES (__3ZA3RV),__3ZA3RV,01 - Non intersection,03 - P.D. only,04 - Sideswipe,01 - Clear,07 - Dark,02 - Wet,10 - No control,,2,0,0,0,,0,,,,,373575.4797,5029256.226,45.39986578,-75.62151367,3798
18--12943,11/28/2018,6:15 PM,TERRY FOX DR btwn OLD SECOND LINE RD & STATEWOOD DR (__8IAYLI),__8IAYLI,01 - Non intersection,02 - Non-fatal injury,07 - SMV other,03 - Snow,07 - Dark,02 - Wet,10 - No control,,1,0,0,0,01 - Minimal,3,3,,,,348912.751,5022517.405,45.34121694,-75.93711907,3799
18--12944,11/28/2018,6:28 PM,BAYSHORE DR btwn CARLING AVE & WOODRIDGE CRES N (__3ZAAD2),__3ZAAD2,01 - Non intersection,03 - P.D. only,05 - Turning movement,01 - Clear,07 - Dark,02 - Wet,10 - No control,,2,0,0,0,,0,,,,,359069.594,5023880.449,45.35276944,-75.8073763,3800
18--12945,11/28/2018,6:30 PM,HIGHWAY 417 btwn HWY417 IC163 RAMP15 & HWY417 IC155 RAMP51 (__3ZAZNS),__3ZAZNS,01 - Non intersection,02 - Non-fatal injury,07 - SMV other,03 - Snow,07 - Dark,02 - Wet,10 - No control,,1,0,0,0,01 - Minimal,1,1,,,,334766.4532,5020547.84,45.32424073,-76.1177408,3801
18--12946,11/28/2018,6:37 PM,HAWTHORNE AVE @ MAIN ST (0006919),6919,03 - At intersection,02 - Non-fatal injury,07 - SMV other,01 - Clear,07 - Dark,02 - Wet,01 - Traffic signal,01 - Functioning,1,0,0,1,02 - Minor,1,,1,,,368970.6392,5030632.686,45.41268792,-75.68014703,3802
18--12947,11/28/2018,6:43 PM,FLEWELLYN RD @ SHEA RD (0000398),398,03 - At intersection,03 - P.D. only,02 - Angle,01 - Clear,07 - Dark,01 - Dry,02 - Stop sign,00 - Unknown,2,0,0,0,,0,,,,,352993.7174,5012174.391,45.24787951,-75.8860537,3803
18--12948,11/28/2018,6:55 PM,HAIG DR @ HAMLET RD (0008379),8379,03 - At intersection,02 - Non-fatal injury,07 - SMV other,01 - Clear,07 - Dark,06 - Ice,02 - Stop sign,01 - Functioning,1,0,0,1,02 - Minor,1,,1,,,372568.745,5029211.498,45.39956151,-75.6343776,3804
18--12949,11/28/2018,7:00 AM,INNES RD btwn BLAIR RD & ANDERSON RD (__3ZA3JZ),__3ZA3JZ,01 - Non intersection,03 - P.D. only,03 - Rear end,01 - Clear,03 - Dawn,02 - Wet,10 - No control,,3,0,0,0,,0,,,,,375620.6429,5031468.058,45.41956275,-75.59507577,3805
18--1295,1/26/2018,11:07 AM,INDUSTRIAL AVE/INNES RD @ ST. LAURENT BLVD (0002203),2203,03 - At intersection,03 - P.D. only,02 - Angle,01 - Clear,01 - Daylight,01 - Dry,01 - Traffic signal,01 - Functioning,2,0,0,0,,0,,,,,373098.6821,5030004.173,45.40664214,-75.62749962,3806
18--12950,11/28/2018,7:24 PM,MARCH RD btwn SECOND LINE RD & DUNROBIN RD (__3ZA3FQ),__3ZA3FQ,01 - Non intersection,03 - P.D. only,07 - SMV other,02 - Rain,07 - Dark,02 - Wet,10 - No control,,1,0,0,0,,0,,,,,346996.1902,5026063.236,45.37324115,-75.96127069,3807
18--12951,11/28/2018,7:25 PM,FALLOWFIELD RD @ WOODROFFE AVE (0010372),10372,02 - Intersection related,03 - P.D. only,03 - Rear end,01 - Clear,07 - Dark,02 - Wet,01 - Traffic signal,01 - Functioning,2,0,0,0,,0,,,,,365085.0444,5017903.299,45.29849632,-75.73133756,3808
18--12952,11/28/2018,7:46 AM,ELGIN ST @ LAURIER AVE (0002232),2232,03 - At intersection,02 - Non-fatal injury,05 - Turning movement,01 - Clear,01 - Daylight,02 - Wet,01 - Traffic signal,01 - Functioning,2,1,0,0,02 - Minor,1,,1,,,367948.644,5031549.46,45.42102972,-75.69308538,3809
18--12953,11/28/2018,7:49 AM,BRIDGESTONE DR @ GRASSY PLAINS DR (0011813),11813,02 - Intersection related,02 - Non-fatal injury,03 - Rear end,03 - Snow,01 - Daylight,04 - Slush,02 - Stop sign,00 - Unknown,2,0,0,0,01 - Minimal,1,1,,,,355318.7773,5015648.316,45.27897567,-75.85608299,3810
18--12954,11/28/2018,8:30 AM,JOHNSTON RD btwn ROWALLEN PL & ALLANFORD AVE (__3EX182),__3EX182,04 - At/near private drive,03 - P.D. only,02 - Angle,03 - Snow,01 - Daylight,04 - Slush,10 - No control,,2,0,0,0,,0,,,,,373227.9621,5026226.801,45.37264238,-75.62637207,3811
18--12955,11/28/2018,9:04 AM,CONSTELLATION CRES @ BASELINE RD (0011415),11415,02 - Intersection related,03 - P.D. only,03 - Rear end,01 - Clear,01 - Daylight,02 - Wet,01 - Traffic signal,01 - Functioning,3,0,0,0,,0,,,,,362273.5136,5023596.401,45.34995833,-75.76652209,3812
18--12956,11/28/2018,9:46 AM,MERIVALE RD @ WEST HUNT CLUB RD (0000584),584,02 - Intersection related,03 - P.D. only,03 - Rear end,03 - Snow,01 - Daylight,03 - Loose snow,01 - Traffic signal,01 - Functioning,2,0,0,0,,0,,,,,365612.6845,5021942.51,45.33479526,-75.72411467,3813
18--12957,11/28/2018,9:53 PM,MONTREAL RD @ ST. LAURENT BLVD (0002604),2604,03 - At intersection,02 - Non-fatal injury,05 - Turning movement,01 - Clear,07 - Dark,02 - Wet,01 - Traffic signal,01 - Functioning,2,0,0,0,02 - Minor,1,,1,,,371545.6136,5033817.528,45.44110284,-75.64682079,3814
18--12958,11/28/2018,9:55 AM,HUNT CLUB RD @ LORRY GREENBERG DR/SABLE RIDGE  (0008203),8203,02 - Intersection related,03 - P.D. only,03 - Rear end,03 - Snow,01 - Daylight,06 - Ice,01 - Traffic signal,01 - Functioning,3,0,0,0,,0,,,,,372823.7208,5024807.549,45.35991186,-75.63172787,3815
18--12959,11/29/2018,1:19 PM,LONGFIELDS DR btwn DEERCROFT AVE & STRANDHERD DR (__4VGUPF),__4VGUPF,01 - Non intersection,03 - P.D. only,04 - Sideswipe,01 - Clear,01 - Daylight,01 - Dry,10 - No control,,2,0,0,0,,0,,,,,364543.5949,5015183.87,45.27407321,-75.73856813,3816
18--1296,1/26/2018,11:24 AM,KIRKWOOD AVE @ MERIVALE RD (0002243),2243,03 - At intersection,03 - P.D. only,04 - Sideswipe,01 - Clear,01 - Daylight,01 - Dry,01 - Traffic signal,01 - Functioning,2,0,0,0,,0,,,,,364853.7014,5026646.543,45.37718684,-75.73322592,3817
18--12960,11/29/2018,10:00 PM,CYCLONE TAYLOR BLVD @ PALLADIUM DR (0003236),3236,03 - At intersection,03 - P.D. only,04 - Sideswipe,01 - Clear,07 - Dark,01 - Dry,01 - Traffic signal,01 - Functioning,2,0,0,0,,0,,,,,350163.4892,5017572.49,45.29664153,-75.92161328,3818
18--13419,12/7/2018,8:29 PM,HAIG DR @ SMYTH RD (0007736),7736,03 - At intersection,03 - P.D. only,05 - Turning movement,01 - Clear,07 - Dark,01 - Dry,01 - Traffic signal,01 - Functioning,2,0,0,0,,0,,,,,372564.8177,5029298.612,45.40034571,-75.63441579,3819