Anom_ID,Accident_Date,Accident_Time,Location,Geo_ID,Accident_Location,Classification_of_Accident,Initial_Impact_Type,Environment_Condition,Light,Road_Surface_Condition,Traffic_Control,Traffic_Control_Condition,No__of_Vehicles,No__of_Bicycles,No__of_Motorcycles,No__of_Pedestrians,Max_Injury,No__of_Injuries,No__of_Minimal,No__of_Minor,No__of_Major,No__of_Fatal,X,Y,Latitude,Longitude,ObjectId
18--1342,1/26/2018,9:25 AM,PINECREST RD @ RICHMOND RD (0002353),2353,03 - At intersection,03 - P.D. only,03 - Rear end,01 - Clear,01 - Daylight,01 - Dry,01 - Traffic signal,01 - Functioning,2,0,0,0,,0,,,,,360072.6705,5024471.512,45.35800947,-75.79450927,3820
18--13420,12/7/2018,8:40 AM,WEST HUNT CLUB RD @ WOODROFFE AVE (0000576),576,02 - Intersection related,03 - P.D. only,03 - Rear end,01 - Clear,01 - Daylight,01 - Dry,01 - Traffic signal,01 - Functioning,2,0,0,0,,0,,,,,363670.5704,5021246.522,45.32869844,-75.74897394,3821
18--13421,12/7/2018,8:45 AM,DELMAR DR @ PLAYFAIR DR (0007345),7345,03 - At intersection,03 - P.D. only,02 - Angle,01 - Clear,01 - Daylight,01 - Dry,02 - Stop sign,01 - Functioning,2,0,0,0,,0,,,,,372075.496,5028257.629,45.39102656,-75.64080732,3822
18--13422,12/7/2018,8:56 AM,CARP RD @ RICHARDSON SIDE RD (0005759),5759,03 - At intersection,03 - P.D. only,02 - Angle,01 - Clear,01 - Daylight,06 - Ice,01 - Traffic signal,01 - Functioning,2,0,0,0,,0,,,,,346209.4952,5017160.51,45.29317854,-75.97205904,3823
18--13423,12/7/2018,9:47 AM,WOODROFFE AVE @ QUEENSBURY DR/RIDEAUCREST DR (0000043),43,03 - At intersection,03 - P.D. only,05 - Turning movement,01 - Clear,01 - Daylight,01 - Dry,01 - Traffic signal,01 - Functioning,2,0,0,0,,0,,,,,365727.8243,5016328.301,45.28426913,-75.72333603,3824
18--13424,12/8/2018,1:00 PM,HIGHWAY 417 btwn HWY417 IC124 RAMP65 & HWY417 IC122 RAMP51 (__3ZA2R8),__3ZA2R8,01 - Non intersection,03 - P.D. only,03 - Rear end,05 - Drifting Snow,01 - Daylight,01 - Dry,10 - No control,,2,0,0,0,,0,,,,,365084.7536,5028596.02,45.394708,-75.73003797,3825
18--13425,12/8/2018,1:15 AM,MITCH OWENS RD btwn ALBION RD & TRANQUIL GT (__3ZA3TT),__3ZA3TT,01 - Non intersection,03 - P.D. only,07 - SMV other,01 - Clear,07 - Dark,01 - Dry,10 - No control,,1,0,0,0,,0,,,,,376069.6981,5014907.277,45.27051078,-75.59172473,3826
18--13426,12/8/2018,1:23 PM,BANK ST btwn RIVERSIDE DR & RIVERSIDE DR (__3ZA3NQ),__3ZA3NQ,01 - Non intersection,03 - P.D. only,03 - Rear end,01 - Clear,01 - Daylight,01 - Dry,10 - No control,,3,0,0,0,,0,,,,,369269.4815,5027934.147,45.38837991,-75.67668211,3827
18--13427,12/8/2018,1:31 PM,MONTREAL RD @ OLMSTEAD ST (0009345),9345,02 - Intersection related,02 - Non-fatal injury,03 - Rear end,01 - Clear,01 - Daylight,01 - Dry,01 - Traffic signal,01 - Functioning,3,0,0,0,02 - Minor,3,1,2,,,370332.7897,5033213.607,45.43578376,-75.6624025,3828
18--13428,12/8/2018,1:35 AM,HWY417 IC96 RAMP51 btwn HIGHWAY 417 & BOUNDARY RD (__3ZAY04),__3ZAY04,01 - Non intersection,03 - P.D. only,07 - SMV other,01 - Clear,07 - Dark,01 - Dry,10 - No control,,1,0,0,0,,0,,,,,387484.8805,5023585.104,45.34733759,-75.44482259,3829
18--13429,12/8/2018,10:00 PM,HIGHWAY 417 btwn HWY417 IC115 RAMP36 & HWY417 IC115 RAMP26 (__3ZA2R4),__3ZA2R4,01 - Non intersection,03 - P.D. only,04 - Sideswipe,03 - Snow,07 - Dark,06 - Ice,10 - No control,,3,0,0,0,,0,,,,,372287.6547,5031502.009,45.42019767,-75.63765403,3830
18--1343,1/26/2018,9:30 AM,HIGHWAY 417 btwn HWY417 IC138 RAMP61 & HWY417 IC134 RAMP36 (__3ZA20I),__3ZA20I,01 - Non intersection,03 - P.D. only,04 - Sideswipe,01 - Clear,01 - Daylight,01 - Dry,10 - No control,,2,0,0,0,,0,,,,,354905.663,5021402.891,45.33078595,-75.86076655,3831
18--13430,12/8/2018,10:25 PM,PAUL ANKA DR @ UPLANDS DR (0007476),7476,03 - At intersection,02 - Non-fatal injury,07 - SMV other,03 - Snow,07 - Dark,03 - Loose snow,02 - Stop sign,01 - Functioning,1,0,0,1,03 - Major,1,,,1,,369457.6201,5023575.394,45.34914378,-75.67485018,3832
18--13431,12/8/2018,10:32 PM,BOOTH ST @ SIR JOHN A. MACDONALD PKWY/WELLINGTON ST (0012252),12252,03 - At intersection,03 - P.D. only,05 - Turning movement,03 - Snow,07 - Dark,05 - Packed snow,01 - Traffic signal,01 - Functioning,2,0,0,0,,0,,,,,366264.455,5031006.711,45.41629621,-75.71467163,3833
18--13432,12/8/2018,10:40 PM,ST. JOSEPH BLVD @ JEANNE D'ARC BLVD (0012421),12421,03 - At intersection,03 - P.D. only,02 - Angle,03 - Snow,07 - Dark,03 - Loose snow,11 - Roundabout,01 - Functioning,2,0,0,0,,0,,,,,379860.578,5036471.681,45.46413963,-75.54014347,3834
18--13433,12/8/2018,11:51 AM,MONTCREST DR @ TALCY CRES N (0004818),4818,02 - Intersection related,03 - P.D. only,07 - SMV other,01 - Clear,01 - Daylight,01 - Dry,02 - Stop sign,01 - Functioning,1,0,0,0,,0,,,,,384584.6863,5038888.681,45.48536192,-75.47934956,3835
18--13434,12/8/2018,Unknown,AVIATION PKWY @ OGILVIE RD (0004114),4114,02 - Intersection related,03 - P.D. only,07 - SMV other,03 - Snow,00 - Unknown,06 - Ice,01 - Traffic signal,01 - Functioning,1,0,0,0,,0,,,,,373111.1709,5032376.13,45.42798266,-75.62701128,3836
18--13435,12/8/2018,12:18 AM,MEADOWLANDS DR btwn CHESTERTON DR & TIVERTON DR (__3ZA4H3),__3ZA4H3,01 - Non intersection,03 - P.D. only,03 - Rear end,01 - Clear,07 - Dark,01 - Dry,10 - No control,,3,0,0,0,,0,,,,,365189.9476,5024297.014,45.35601727,-75.72922024,3837
18--13436,12/8/2018,12:20 PM,JOCKVALE RD @ LONGFIELDS DR (0013613),13613,03 - At intersection,03 - P.D. only,02 - Angle,01 - Clear,01 - Daylight,01 - Dry,02 - Stop sign,01 - Functioning,2,0,0,0,,0,,,,,364829.2929,5014001.028,45.26340567,-75.73507021,3838
18--13437,12/8/2018,12:23 AM,BASELINE RD @ ROCKWAY CRES (0002187),2187,03 - At intersection,02 - Non-fatal injury,03 - Rear end,01 - Clear,07 - Dark,01 - Dry,02 - Stop sign,00 - Unknown,2,0,0,0,02 - Minor,1,,1,,,361184.5641,5022932.658,45.34407439,-75.78049384,3839
18--13438,12/8/2018,2:17 PM,MONTREAL RD btwn OLMSTEAD ST & Continuation of MONTREAL RD (__3ZA3L2),__3ZA3L2,01 - Non intersection,02 - Non-fatal injury,07 - SMV other,01 - Clear,01 - Daylight,02 - Wet,10 - No control,,1,0,0,1,01 - Minimal,1,1,,,,370338.1872,5033215.829,45.43580325,-75.66233322,3840
18--13439,12/8/2018,2:29 PM,ISABELLA ST/HWY 417 O'CONN IC119BR57 @ O'CONNO (0001698),1698,03 - At intersection,03 - P.D. only,04 - Sideswipe,01 - Clear,01 - Daylight,02 - Wet,01 - Traffic signal,01 - Functioning,2,0,0,0,,0,,,,,368297.6358,5030309.482,45.40984122,-75.68878617,3841
18--1344,1/26/2018,9:42 PM,FALLOWFIELD RD btwn RICHMOND RD & STEEPLE HILL CRES (__3ZA4Y4),__3ZA4Y4,01 - Non intersection,03 - P.D. only,03 - Rear end,01 - Clear,07 - Dark,01 - Dry,10 - No control,,2,0,0,0,,0,,,,,357809.7398,5013580.617,45.26018675,-75.82455583,3842
18--13440,12/8/2018,2:40 AM,HUNT CLUB RD @ RIVERSIDE DR (0002237),2237,02 - Intersection related,03 - P.D. only,03 - Rear end,01 - Clear,07 - Dark,01 - Dry,01 - Traffic signal,01 - Functioning,2,0,0,0,,0,,,,,368036.6742,5021945.374,45.33460676,-75.69319058,3843
18--13441,12/8/2018,2:58 PM,BANK ST btwn ALTA VISTA DR & WALKLEY RD (__3ZA4TX),__3ZA4TX,04 - At/near private drive,03 - P.D. only,03 - Rear end,01 - Clear,01 - Daylight,01 - Dry,10 - No control,,2,0,0,0,,0,,,,,370301.1862,5026057.913,45.37140246,-75.66375687,3844
18--13442,12/8/2018,3:02 AM,CRESTWAY DR @ PRINCE OF WALES DR (0010323),10323,03 - At intersection,02 - Non-fatal injury,07 - SMV other,01 - Clear,07 - Dark,01 - Dry,01 - Traffic signal,00 - Unknown,1,0,0,0,03 - Major,1,,,1,,367370.7256,5016576.978,45.28636238,-75.70236416,3845
18--13443,12/8/2018,3:30 AM,YORK ST WB btwn BYWARD MARKE SQ & SUSSEX DR (__3ZA1B0),__3ZA1B0,01 - Non intersection,03 - P.D. only,02 - Angle,01 - Clear,07 - Dark,01 - Dry,10 - No control,,2,0,0,0,,0,,,,,367899.8743,5032323.949,45.42800271,-75.69360929,3846
18--13444,12/8/2018,4:00 PM,OR174 IC112 RAMP61 btwn OR174 IC112 RAMP36 & REGIONAL ROAD 174 (__3ZAY87),__3ZAY87,01 - Non intersection,02 - Non-fatal injury,03 - Rear end,01 - Clear,05 - Dusk,01 - Dry,10 - No control,,2,0,0,0,02 - Minor,4,3,1,,,375097.7799,5033081.632,45.43413352,-75.60152561,3847
18--13445,12/8/2018,4:04 PM,ROBERTSON RD btwn WESTCLIFFE RD & FITZGERALD RD (__3ZA41Z),__3ZA41Z,01 - Non intersection,03 - P.D. only,01 - Approaching,01 - Clear,05 - Dusk,01 - Dry,10 - No control,,2,0,0,0,,0,,,,,356543.3696,5020141.002,45.31931249,-75.8400064,3848
18--13446,12/8/2018,4:40 PM,HIGHWAY 417 btwn HWY417 IC122 RAMP61 & HWY417 IC121B RAMP16 (__3ZA2Y4),__3ZA2Y4,01 - Non intersection,03 - P.D. only,03 - Rear end,03 - Snow,05 - Dusk,03 - Loose snow,10 - No control,,2,0,0,0,,0,,,,,365756.204,5029176.474,45.39987266,-75.72139121,3849
18--13447,12/8/2018,4:50 PM,CARLING AVE @ MAITLAND AVE/SHERBOURNE RD (0002641),2641,02 - Intersection related,03 - P.D. only,04 - Sideswipe,01 - Clear,05 - Dusk,01 - Dry,01 - Traffic signal,01 - Functioning,2,0,0,0,,0,,,,,362942.6047,5026488.694,45.37592773,-75.75764356,3850
18--13448,12/8/2018,5:00 PM,ST. LAURENT BLVD @ COVENTRY RD/OGILVIE RD (0002151),2151,02 - Intersection related,03 - P.D. only,04 - Sideswipe,01 - Clear,07 - Dark,02 - Wet,01 - Traffic signal,01 - Functioning,2,0,0,0,,0,,,,,372305.8567,5031951.591,45.42424104,-75.63735987,3851
18--13449,12/8/2018,5:12 PM,CANON SMITH DR btwn AYLWIN RD & FITZROY ST (__3ZA4RQ),__3ZA4RQ,01 - Non intersection,03 - P.D. only,07 - SMV other,03 - Snow,07 - Dark,03 - Loose snow,10 - No control,,1,0,0,0,,0,,,,,327698.5425,5037966.133,45.4812449,-76.20709056,3852
18--1345,1/26/2018,9:52 AM,GLADSTONE AVE btwn O'CONNOR ST & METCALFE ST (__3ZA3QY),__3ZA3QY,04 - At/near private drive,03 - P.D. only,05 - Turning movement,01 - Clear,01 - Daylight,01 - Dry,10 - No control,,2,0,0,0,,0,,,,,368152.3631,5030704.366,45.41340743,-75.69059117,3853
18--13450,12/8/2018,5:18 PM,HIGHWAY 417 btwn HWY417 IC126 RAMP25 & HWY417 IC124 RAMP57 (__3ZA2R5),__3ZA2R5,01 - Non intersection,03 - P.D. only,03 - Rear end,01 - Clear,07 - Dark,01 - Dry,10 - No control,,3,0,0,0,,0,,,,,363387.6889,5026125.174,45.37261975,-75.7520044,3854
18--13451,12/8/2018,5:23 PM,BANK ST @ GLEN AVE (0007710),7710,02 - Intersection related,02 - Non-fatal injury,03 - Rear end,01 - Clear,07 - Dark,01 - Dry,01 - Traffic signal,01 - Functioning,2,0,0,0,01 - Minimal,1,1,,,,368804.7275,5028434.625,45.39292568,-75.68255181,3855
18--13452,12/8/2018,5:35 PM,BAYSHORE DR btwn WOODRIDGE CRES S & BAYSHORE CS (__3ZAA4OB),__3ZAA4OB,01 - Non intersection,02 - Non-fatal injury,05 - Turning movement,01 - Clear,07 - Dark,01 - Dry,10 - No control,,2,0,0,0,01 - Minimal,1,1,,,,359224.9982,5023523.193,45.34954281,-75.8054324,3856
18--13453,12/8/2018,5:40 PM,HIGHWAY 417 btwn HWY417 IC120B RAMP36 & HWY417 IC119B RAMP76 (__3ZA2YU),__3ZA2YU,01 - Non intersection,03 - P.D. only,03 - Rear end,03 - Snow,07 - Dark,03 - Loose snow,10 - No control,,4,0,0,0,,0,,,,,367757.2104,5030002.896,45.40713148,-75.69572884,3857
18--13454,12/8/2018,5:46 PM,DUNROBIN RD btwn BUCKHAMS BAY RD & KILMAURS SIDE RD (__3ZA4EB),__3ZA4EB,01 - Non intersection,03 - P.D. only,07 - SMV other,03 - Snow,07 - Dark,03 - Loose snow,10 - No control,,1,0,0,0,,0,,,,,335013.6085,5039022.567,45.4904727,-76.11345589,3858
18--13455,12/8/2018,5:50 PM,HIGHWAY 417 btwn HWY417 IC129 RAMP25 & TRANSIT (__3ZA2SH),__3ZA2SH,01 - Non intersection,03 - P.D. only,03 - Rear end,03 - Snow,07 - Dark,03 - Loose snow,10 - No control,,2,0,0,0,,0,,,,,361459.2626,5024302.475,45.3563778,-75.77683182,3859
18--13456,12/8/2018,6:00 PM,CUMMINGS AVE @ OGILVIE RD (0009923),9923,02 - Intersection related,03 - P.D. only,04 - Sideswipe,03 - Snow,07 - Dark,03 - Loose snow,01 - Traffic signal,01 - Functioning,2,0,0,0,,0,,,,,372748.5449,5032170.491,45.42616774,-75.63167333,3860
18--13457,12/8/2018,6:16 PM,HIGHWAY 417 btwn HWY417 IC127 RAMP25 & HWY417 IC126 RAMP51 (__3ZA2XA),__3ZA2XA,01 - Non intersection,03 - P.D. only,04 - Sideswipe,03 - Snow,07 - Dark,02 - Wet,10 - No control,,2,0,0,0,,0,,,,,363130.5776,5025779.702,45.36953268,-75.75532748,3861
18--13458,12/8/2018,7:00 PM,"OLD MONTREAL RD btwn GRAND-CH-NE, COUR DU CRT & TED KELLY LANE (__3ZA24E)",__3ZA24E,01 - Non intersection,03 - P.D. only,07 - SMV other,03 - Snow,07 - Dark,03 - Loose snow,10 - No control,,1,0,0,0,,0,,,,,386280.3127,5040827.216,45.50260696,-75.4573399,3862
18--13459,12/8/2018,7:00 PM,SOMERSET ST    W btwn ARTHUR ST & CAMBRIDGE ST N (__3ZA33I),__3ZA33I,04 - At/near private drive,03 - P.D. only,02 - Angle,03 - Snow,07 - Dark,03 - Loose snow,10 - No control,,2,0,0,0,,0,,,,,366846.3792,5030401.466,45.41079904,-75.70731331,3863
18--1346,1/27/2018,1:23 PM,EDGAR BRAULT ST btwn ST. JOSEPH BLVD & RIDGEGATE ST (__3ZA68R),__3ZA68R,01 - Non intersection,03 - P.D. only,01 - Approaching,01 - Clear,01 - Daylight,01 - Dry,10 - No control,,2,0,0,0,,0,,,,,381495.8735,5037448.635,45.47275182,-75.51908229,3864
18--13460,12/8/2018,7:09 PM,BRONSON AVE @ SUNNYSIDE AVE/UNIVERSITY RD - CA (0007209),7209,02 - Intersection related,03 - P.D. only,03 - Rear end,03 - Snow,07 - Dark,05 - Packed snow,01 - Traffic signal,01 - Functioning,2,0,0,0,,0,,,,,367922.5521,5028091.825,45.38992134,-75.69386139,3865
18--13461,12/8/2018,7:47 AM,HIGHWAY 417 btwn HWY417 IC117 RAMP26 & HWY417 IC117 RAMP61 (__3ZA2YM),__3ZA2YM,01 - Non intersection,02 - Non-fatal injury,07 - SMV other,01 - Clear,03 - Dawn,01 - Dry,10 - No control,,1,0,0,0,02 - Minor,1,,1,,,370937.6929,5031269.945,45.41823857,-75.65493286,3866
18--13462,12/8/2018,8:00 PM,HIGHWAY 417 btwn HWY417 IC121A RAMP16 & HWY417 IC121A RAMP61 (__3ZA2YY),__3ZA2YY,01 - Non intersection,03 - P.D. only,04 - Sideswipe,03 - Snow,07 - Dark,00 - Unknown,10 - No control,,4,0,0,0,,0,,,,,367446.9559,5029839.238,45.40568677,-75.69971271,3867
18--13463,12/8/2018,8:17 AM,ROGER STEVENS DR btwn DWYER HILL RD & MALAKOFF RD (__3ZA4ZQ),__3ZA4ZQ,01 - Non intersection,03 - P.D. only,07 - SMV other,01 - Clear,01 - Daylight,01 - Dry,10 - No control,,1,0,0,0,,0,,,,,355815.7218,4990606.309,45.05360217,-75.85230802,3868
18--13464,12/8/2018,8:27 AM,GREENBANK RD @ LARKIN DR (0001101),1101,03 - At intersection,02 - Non-fatal injury,05 - Turning movement,01 - Clear,01 - Daylight,01 - Dry,01 - Traffic signal,01 - Functioning,2,0,0,0,02 - Minor,1,,1,,,363176.5973,5016506.681,45.28609071,-75.75583343,3869
18--13465,12/8/2018,8:27 PM,HIGHWAY 417 btwn HWY417 IC117 RAMP61 & HWY417 IC115 RAMP36 (__3ZA2RZ),__3ZA2RZ,01 - Non intersection,02 - Non-fatal injury,07 - SMV other,03 - Snow,07 - Dark,06 - Ice,10 - No control,,1,0,0,0,02 - Minor,1,,1,,,371597.0246,5031426.16,45.41958149,-75.64648808,3870
18--13466,12/8/2018,8:40 PM,HIGHWAY 417 btwn HWY417 IC122 RAMP15 & HWY417 IC121B RAMP51 (__3ZA2RB),__3ZA2RB,01 - Non intersection,03 - P.D. only,07 - SMV other,03 - Snow,07 - Dark,06 - Ice,10 - No control,,1,0,0,0,,0,,,,,366534.3144,5029500.781,45.40272251,-75.71141256,3871
18--13467,12/8/2018,8:47 PM,BRADY AVE @ FORESTBROOK ST (0012729),12729,03 - At intersection,03 - P.D. only,02 - Angle,03 - Snow,07 - Dark,03 - Loose snow,02 - Stop sign,01 - Functioning,2,0,0,0,,0,,,,,348759.9763,5022911.287,45.34477078,-75.93903338,3872
18--13468,12/8/2018,8:49 PM,INDUSTRIAL AVE/INNES RD @ ST. LAURENT BLVD (0002203),2203,03 - At intersection,02 - Non-fatal injury,05 - Turning movement,01 - Clear,07 - Dark,01 - Dry,01 - Traffic signal,01 - Functioning,2,0,0,0,02 - Minor,2,,2,,,373099.8153,5030005.7,45.40665577,-75.62748494,3873
18--13469,12/8/2018,8:55 PM,HIGHWAY 417 btwn HWY417 IC122 RAMP15 & HWY417 IC121B RAMP51 (__3ZA2RB),__3ZA2RB,01 - Non intersection,03 - P.D. only,03 - Rear end,03 - Snow,07 - Dark,06 - Ice,10 - No control,,7,0,0,0,,0,,,,,365732.7178,5029142.138,45.39956576,-75.72169542,3874
18--1347,1/27/2018,1:30 PM,INDUSTRIAL AVE @ TRAINYARDS DR (0011906),11906,03 - At intersection,02 - Non-fatal injury,05 - Turning movement,01 - Clear,01 - Daylight,01 - Dry,01 - Traffic signal,01 - Functioning,2,0,0,0,02 - Minor,1,,1,,,371685.9551,5030539.478,45.41159501,-75.64547223,3875
18--13470,12/8/2018,8:55 PM,HIGHWAY 417 btwn HWY417 IC122 RAMP15 & HWY417 IC121B RAMP51 (__3ZA2RB),__3ZA2RB,01 - Non intersection,03 - P.D. only,03 - Rear end,03 - Snow,07 - Dark,06 - Ice,10 - No control,,2,0,0,0,,0,,,,,365681.8147,5029107.298,45.39925671,-75.72234986,3876
18--13471,12/8/2018,9:00 AM,ARMSTRONG ST @ PARKDALE AVE (0006267),6267,02 - Intersection related,03 - P.D. only,02 - Angle,01 - Clear,01 - Daylight,01 - Dry,01 - Traffic signal,01 - Functioning,2,0,0,0,,0,,,,,365090.6891,5029404.687,45.4019837,-75.72986333,3877
18--13472,12/8/2018,9:00 PM,HIGHWAY 417 btwn HWY417 IC122 RAMP51 & HWY417 IC122 RAMP15 (__3ZA2R0),__3ZA2R0,01 - Non intersection,03 - P.D. only,03 - Rear end,03 - Snow,07 - Dark,06 - Ice,10 - No control,,2,0,0,0,,0,,,,,365326.1431,5028869.464,45.39714757,-75.72692166,3878
18--13473,12/8/2018,9:03 PM,RIVERSIDE DR @ BROOKFIELD RD/HOG'S BACK RD (0001627),1627,03 - At intersection,02 - Non-fatal injury,05 - Turning movement,01 - Clear,07 - Dark,05 - Packed snow,01 - Traffic signal,01 - Functioning,2,0,0,0,02 - Minor,2,1,1,,,368167.6802,5026222.633,45.37308073,-75.69097109,3879
18--13474,12/8/2018,9:05 PM,HIGHWAY 417 btwn HWY417 IC124 RAMP65 & HWY417 IC122 RAMP51 (__3ZA2R8),__3ZA2R8,01 - Non intersection,03 - P.D. only,04 - Sideswipe,03 - Snow,07 - Dark,06 - Ice,10 - No control,,2,0,0,0,,0,,,,,364912.0132,5028287.328,45.39194531,-75.73228164,3880
18--13475,12/8/2018,9:15 PM,HIGHWAY 417 btwn HWY417 IC117 RAMP61 & HWY417 IC115 RAMP36 (__3ZA2RZ),__3ZA2RZ,01 - Non intersection,03 - P.D. only,07 - SMV other,01 - Clear,07 - Dark,03 - Loose snow,10 - No control,,1,0,0,0,,0,,,,,371954.0223,5031465.827,45.41990422,-75.64192158,3881
18--13059,11/30/2018,5:45 AM,HIGHWAY 417 btwn HWY417 IC163 RAMP51 & HWY417 IC163 RAMP15 (__34IVFY),__34IVFY,01 - Non intersection,03 - P.D. only,07 - SMV other,01 - Clear,07 - Dark,01 - Dry,10 - No control,,1,0,0,0,,0,,,,,330655.383,5021624.573,45.33409324,-76.17012541,3882
18--13476,12/8/2018,9:25 PM,KING EDWARD AVE btwn BOLTON ST & RAMP (__3ZA3LU),__3ZA3LU,01 - Non intersection,03 - P.D. only,07 - SMV other,03 - Snow,07 - Dark,06 - Ice,10 - No control,,1,0,0,0,,0,,,,,368057.1008,5033145.765,45.43538292,-75.69149462,3883
18--13477,12/8/2018,9:30 PM,HIGHWAY 417 btwn HWY417 IC121B RAMP51 & HWY417 IC121A RAMP51 (__3ZA2YW),__3ZA2YW,01 - Non intersection,03 - P.D. only,04 - Sideswipe,03 - Snow,07 - Dark,06 - Ice,10 - No control,,2,0,0,0,,0,,,,,366655.4702,5029537.171,45.40303925,-75.70986051,3884
18--13478,12/8/2018,9:30 PM,HOLLAND AVE/TUNNEY'S PASTURE @ SCOTT ST (0006494),6494,02 - Intersection related,02 - Non-fatal injury,03 - Rear end,03 - Snow,07 - Dark,03 - Loose snow,01 - Traffic signal,01 - Functioning,2,0,0,0,01 - Minimal,1,1,,,,364737.8509,5029595.666,45.40373239,-75.73434677,3885
18--13479,12/8/2018,9:35 PM,HIGHWAY 417 btwn HWY417 IC117 RAMP25 & HWY417 IC115 RAMP51 (__3ZA2R3),__3ZA2R3,01 - Non intersection,02 - Non-fatal injury,07 - SMV other,03 - Snow,07 - Dark,06 - Ice,10 - No control,,1,0,0,0,01 - Minimal,1,1,,,,371650.6235,5031410.349,45.41943411,-75.64580543,3886
18--1348,1/27/2018,1:41 PM,SUSSEX DR @ YORK ST (0011350),11350,03 - At intersection,03 - P.D. only,04 - Sideswipe,01 - Clear,01 - Daylight,02 - Wet,01 - Traffic signal,01 - Functioning,2,0,0,0,,0,,,,,367805.1728,5032236.262,45.42722227,-75.69483063,3887
18--13480,12/8/2018,9:45 PM,HIGHWAY 417 btwn HWY417 IC121B RAMP16 & HWY417 IC121A RAMP16 (__3ZA2YX),__3ZA2YX,01 - Non intersection,03 - P.D. only,03 - Rear end,03 - Snow,07 - Dark,06 - Ice,10 - No control,,2,0,0,0,,0,,,,,366594.5902,5029539.775,45.40306805,-75.71063779,3888
18--13481,12/8/2018,9:50 PM,LEITRIM RD N @ RAMSAYVILLE RD (0004149),4149,02 - Intersection related,03 - P.D. only,03 - Rear end,03 - Snow,07 - Dark,03 - Loose snow,02 - Stop sign,01 - Functioning,2,0,0,0,,0,,,,,378726.6992,5023873.323,45.35090863,-75.5565303,3889
18--13482,12/8/2018,9:55 PM,HIGHWAY 417 btwn HWY417 IC122 RAMP61 & HWY417 IC121B RAMP16 (__3ZA2Y4),__3ZA2Y4,01 - Non intersection,03 - P.D. only,07 - SMV other,03 - Snow,07 - Dark,03 - Loose snow,10 - No control,,1,0,0,0,,0,,,,,366357.7351,5029461.947,45.40238864,-75.7136728,3890
18--13483,12/8/2018,9:55 PM,HIGHWAY 417 btwn HWY417 IC122 RAMP61 & HWY417 IC121B RAMP16 (__3ZA2Y4),__3ZA2Y4,01 - Non intersection,03 - P.D. only,03 - Rear end,03 - Snow,07 - Dark,03 - Loose snow,10 - No control,,2,0,0,0,,0,,,,,366204.6345,5029402.555,45.4018677,-75.71563569,3891
18--13484,12/9/2018,1:14 AM,AIRPORT PKWY @ HUNT CLUB RD (0010856),10856,02 - Intersection related,03 - P.D. only,07 - SMV other,01 - Clear,07 - Dark,02 - Wet,01 - Traffic signal,01 - Functioning,1,0,0,0,,0,,,,,371018.5849,5023703.066,45.35014689,-75.65491446,3892
18--13485,12/9/2018,10:16 AM,CONROY RD @ HUNT CLUB RD (0002257),2257,02 - Intersection related,02 - Non-fatal injury,03 - Rear end,01 - Clear,01 - Daylight,01 - Dry,01 - Traffic signal,01 - Functioning,2,0,0,0,01 - Minimal,1,1,,,,373763.8324,5025404.544,45.36519153,-75.61964614,3893
18--13486,12/9/2018,11:00 AM,GREENBANK RD @ WEST HUNT CLUB RD (0005167),5167,02 - Intersection related,03 - P.D. only,03 - Rear end,01 - Clear,01 - Daylight,01 - Dry,01 - Traffic signal,01 - Functioning,2,0,0,0,,0,,,,,361479.8447,5020502.699,45.32218586,-75.77700443,3894
18--13487,12/9/2018,11:14 AM,CARLING AVE @ EDGEWORTH AVE (0002718),2718,03 - At intersection,02 - Non-fatal injury,05 - Turning movement,01 - Clear,01 - Daylight,02 - Wet,01 - Traffic signal,01 - Functioning,2,0,0,0,02 - Minor,2,1,1,,,361262.5814,5025424.635,45.3664908,-75.77921375,3895
18--13488,12/9/2018,11:38 AM,ALTA VISTA DR btwn BANK ST & EDGE HILL PL (__3ZA0TQ),__3ZA0TQ,04 - At/near private drive,03 - P.D. only,02 - Angle,01 - Clear,01 - Daylight,01 - Dry,10 - No control,,2,0,0,0,,0,,,,,370300.1842,5026226.015,45.37291508,-75.66374737,3896
18--13489,12/9/2018,11:42 AM,YORK ST WB btwn BYWARD MARKE SQ & SUSSEX DR (__3ZA1B0),__3ZA1B0,01 - Non intersection,03 - P.D. only,04 - Sideswipe,01 - Clear,01 - Daylight,01 - Dry,10 - No control,,2,0,0,0,,0,,,,,367816.7541,5032273.173,45.42755334,-75.69467792,3897
18--1349,1/27/2018,1:51 PM,TAYLOR CREEK DR btwn LACOLLE WAY & TRIM RD (__3ZA499),__3ZA499,01 - Non intersection,03 - P.D. only,06 - SMV unattended vehicle,04 - Freezing Rain,01 - Daylight,06 - Ice,10 - No control,,1,0,0,0,,0,,,,,384435.9329,5039569.338,45.4915028,-75.48114178,3898
18--13490,12/9/2018,Unknown,HALMONT DR btwn PALMERSTON DR & END (__3ZA2KA),__3ZA2KA,01 - Non intersection,03 - P.D. only,06 - SMV unattended vehicle,01 - Clear,00 - Unknown,02 - Wet,10 - No control,,1,0,0,0,,0,,,,,373705.6597,5032508.524,45.42911555,-75.61939633,3899
18--13491,12/9/2018,12:06 AM,PRINCE OF WALES DR btwn WILLIAM MCEWEN DR & CARSONBY RD W (__3ZAZ7Y),__3ZAZ7Y,04 - At/near private drive,03 - P.D. only,03 - Rear end,01 - Clear,07 - Dark,02 - Wet,10 - No control,,2,0,0,0,,0,,,,,365993.9593,5005099.495,45.18320897,-75.72132493,3900
18--13492,12/9/2018,12:25 PM,ROCKDALE RD btwn COLONIAL RD & HUISMANS RD (__3ZBO67),__3ZBO67,01 - Non intersection,02 - Non-fatal injury,07 - SMV other,05 - Drifting Snow,01 - Daylight,03 - Loose snow,10 - No control,,1,0,0,0,01 - Minimal,1,1,,,,391457.2795,5032570.491,45.42769898,-75.39256074,3901