Anom_ID,Accident_Date,Accident_Time,Location,Geo_ID,Accident_Location,Classification_of_Accident,Initial_Impact_Type,Environment_Condition,Light,Road_Surface_Condition,Traffic_Control,Traffic_Control_Condition,No__of_Vehicles,No__of_Bicycles,No__of_Motorcycles,No__of_Pedestrians,Max_Injury,No__of_Injuries,No__of_Minimal,No__of_Minor,No__of_Major,No__of_Fatal,X,Y,Latitude,Longitude,ObjectId
18--13493,12/9/2018,2:25 PM,HIGHWAY 417 btwn HWY417 IC124 RAMP67 & HWY417 IC123 RAMP62 (__3ZA2YZ),__3ZA2YZ,01 - Non intersection,03 - P.D. only,03 - Rear end,01 - Clear,01 - Daylight,01 - Dry,10 - No control,,4,0,0,0,,0,,,,,364639.8586,5027830.372,45.38785701,-75.73581255,3902
18--13494,12/9/2018,2:34 PM,OR174 IC112 RAMP51 btwn REGIONAL ROAD 174 & OR174 IC112 RAMP52 (__3ZAY62),__3ZAY62,01 - Non intersection,02 - Non-fatal injury,07 - SMV other,01 - Clear,01 - Daylight,01 - Dry,10 - No control,,1,0,0,0,01 - Minimal,1,1,,,,374978.3601,5032868.884,45.43223133,-75.60308205,3903
18--13495,12/9/2018,3:30 AM,ST. LAURENT BLVD @ MCARTHUR AVE (0008246),8246,02 - Intersection related,03 - P.D. only,07 - SMV other,03 - Snow,07 - Dark,03 - Loose snow,01 - Traffic signal,01 - Functioning,1,0,0,0,,0,,,,,371921.7178,5032887.715,45.43270082,-75.64214054,3904
18--13496,12/9/2018,3:58 PM,DUNNING RD btwn GIROUX RD & COLONIAL RD (__3ZA3K7),__3ZA3K7,01 - Non intersection,02 - Non-fatal injury,07 - SMV other,05 - Drifting Snow,01 - Daylight,05 - Packed snow,10 - No control,,1,0,0,0,01 - Minimal,1,1,,,,393609.291,5034667.513,45.44629547,-75.3646861,3905
18--13497,12/9/2018,4:00 AM,CARLING AVE/STATION RD @ MARCH RD (0002681),2681,02 - Intersection related,03 - P.D. only,07 - SMV other,01 - Clear,07 - Dark,05 - Packed snow,01 - Traffic signal,01 - Functioning,1,0,0,0,,0,,,,,350907.5134,5022246.523,45.33865121,-75.91169236,3906
18--13498,12/9/2018,4:26 PM,BIRCH AVE btwn POND ST & FARNHAM CRES (__3ZBOVQ),__3ZBOVQ,01 - Non intersection,03 - P.D. only,99 - Other,01 - Clear,05 - Dusk,01 - Dry,10 - No control,,2,0,0,0,,0,,,,,370254.2474,5035007.843,45.45193487,-75.6631676,3907
18--13499,12/9/2018,4:49 PM,INNES RD @ ORLEANS BLVD (0003611),3611,03 - At intersection,03 - P.D. only,05 - Turning movement,01 - Clear,05 - Dusk,02 - Wet,01 - Traffic signal,01 - Functioning,2,0,0,0,,0,,,,,380460.862,5034296.415,45.44450352,-75.53280292,3908
18--135,1/2/2018,7:34 AM,REGIONAL ROAD 174 btwn OR174 IC105 RAMP51 & OR174 IC105 RAMP35 (__3ZA2XC),__3ZA2XC,01 - Non intersection,03 - P.D. only,07 - SMV other,01 - Clear,03 - Dawn,01 - Dry,10 - No control,,1,0,0,0,,0,,,,,379327.8619,5036954.704,45.46854255,-75.54688152,3909
18--1350,1/27/2018,10:07 AM,MERIVALE RD @ 210 S OF MEADOWLANDS DR (0005419),5419,03 - At intersection,03 - P.D. only,05 - Turning movement,01 - Clear,01 - Daylight,02 - Wet,01 - Traffic signal,01 - Functioning,2,0,0,0,,0,,,,,364943.6802,5023530.535,45.34914177,-75.7324564,3910
18--1306,1/26/2018,2:30 PM,BANK ST btwn ALTA VISTA DR & ERIE AVE (__3ZA36X),__3ZA36X,04 - At/near private drive,03 - P.D. only,05 - Turning movement,01 - Clear,01 - Daylight,01 - Dry,10 - No control,,2,0,0,0,,0,,,,,370235.7889,5026230.859,45.37296468,-75.66456879,3911
18--13060,11/30/2018,6:00 PM,HIGHWAY 416 btwn HWY416 IC66 RAMP34 & HWY416 IC72 RAMP53 (__3ZAZM6),__3ZAZM6,01 - Non intersection,03 - P.D. only,04 - Sideswipe,01 - Clear,07 - Dark,01 - Dry,10 - No control,,2,0,0,0,,0,,,,,359386.2037,5016768.995,45.28875563,-75.80411962,3912
18--13061,11/30/2018,6:05 AM,DONALD B. MUNRO DR btwn PANMURE RD & THOMAS A. DOLAN PKWY (__3ZACEJ),__3ZACEJ,01 - Non intersection,03 - P.D. only,07 - SMV other,01 - Clear,07 - Dark,02 - Wet,10 - No control,,1,0,0,0,,0,,,,,334169.6502,5023950.678,45.35488638,-76.1251516,3913
18--13062,11/30/2018,6:24 PM,CARLING AVE EB btwn FOX CRES & WOODROFFE AVE (__3ZA4VE),__3ZA4VE,04 - At/near private drive,03 - P.D. only,05 - Turning movement,01 - Clear,07 - Dark,02 - Wet,10 - No control,,2,0,0,0,,0,,,,,361743.9555,5025710.237,45.36902168,-75.77303624,3914
18--13063,11/30/2018,6:30 PM,HIGHWAY 417 btwn HWY417 IC127 RAMP67 & HWY417 IC126 RAMP16 (__3ZA2X0),__3ZA2X0,01 - Non intersection,03 - P.D. only,03 - Rear end,01 - Clear,07 - Dark,01 - Dry,10 - No control,,2,0,0,0,,0,,,,,362522.0035,5025163.873,45.3640419,-75.76316809,3915
18--13064,11/30/2018,6:35 AM,HIGHWAY 417 btwn HWY417 IC110 RAMP55 & HWY417 IC110 RAMP65 (__3ZA28Z),__3ZA28Z,01 - Non intersection,03 - P.D. only,07 - SMV other,01 - Clear,07 - Dark,01 - Dry,10 - No control,,1,0,0,0,,0,,,,,375806.741,5028934.842,45.3967514,-75.59306301,3916
18--13065,11/30/2018,6:55 AM,MCLEOD ST E @ METCALFE ST E (0007267),7267,02 - Intersection related,03 - P.D. only,03 - Rear end,01 - Clear,03 - Dawn,02 - Wet,10 - No control,,2,0,0,0,,0,,,,,368377.706,5030749.53,45.41379336,-75.68770658,3917
18--13066,11/30/2018,7:00 PM,MERIVALE RD btwn LEIKIN DR & BECKSTEAD RD (__3ZA1W2),__3ZA1W2,01 - Non intersection,03 - P.D. only,03 - Rear end,01 - Clear,07 - Dark,01 - Dry,10 - No control,,3,0,0,0,,0,,,,,367172.3338,5018157.759,45.30060372,-75.70469417,3918
18--13067,11/30/2018,7:27 AM,ANCASTER AVE @ RICHMOND RD (0017252),17252,02 - Intersection related,02 - Non-fatal injury,03 - Rear end,01 - Clear,01 - Daylight,01 - Dry,02 - Stop sign,01 - Functioning,3,0,0,0,01 - Minimal,2,2,,,,361485.5156,5026521.368,45.37634112,-75.7762422,3919
18--13068,11/30/2018,7:55 AM,EARL ARMSTRONG RD @ BOWESVILLE RD (0009411),9411,03 - At intersection,03 - P.D. only,02 - Angle,01 - Clear,01 - Daylight,02 - Wet,02 - Stop sign,01 - Functioning,2,0,0,0,,0,,,,,372560.7273,5017440.462,45.29365061,-75.63609264,3920
18--13069,11/30/2018,8:00 AM,AQUAVIEW DR/LAKERIDGE DR @ BRIAN COBURN BLVD (0013114),13114,03 - At intersection,03 - P.D. only,02 - Angle,01 - Clear,01 - Daylight,01 - Dry,02 - Stop sign,01 - Functioning,2,0,0,0,,0,,,,,384776.4778,5035179.299,45.45196648,-75.4775001,3921
18--1307,1/26/2018,3:30 PM,HWY417 IC130 RAMP36 btwn RICHMOND RD & HWY417 IC131 RAMP66 (__3ZAY7U),__3ZAY7U,01 - Non intersection,03 - P.D. only,04 - Sideswipe,01 - Clear,01 - Daylight,01 - Dry,10 - No control,,2,0,0,0,,0,,,,,359238.0438,5023182.567,45.34647684,-75.80530342,3922
18--13070,11/30/2018,8:10 AM,FARLANE BLVD btwn SUNNYCREST DR & ENCORE PRIV (__5GOKLC),__5GOKLC,01 - Non intersection,03 - P.D. only,99 - Other,01 - Clear,01 - Daylight,01 - Dry,10 - No control,,2,0,0,0,,0,,,,,365454.5697,5025361.624,45.36557362,-75.72571243,3923
18--13071,11/30/2018,8:16 AM,CAMEO DR @ MAITLAND AVE (0003215),3215,03 - At intersection,03 - P.D. only,02 - Angle,01 - Clear,01 - Daylight,01 - Dry,02 - Stop sign,01 - Functioning,2,0,0,0,,0,,,,,364152.8731,5025146.04,45.36374525,-75.74235369,3924
18--13072,11/30/2018,8:22 AM,MARCHURST RD btwn RIDGETOP RD & JOHN ASELFORD DRWY (__3ZAC8N),__3ZAC8N,01 - Non intersection,03 - P.D. only,07 - SMV other,01 - Clear,01 - Daylight,01 - Dry,10 - No control,,1,0,0,0,,0,,,,,341061.3644,5028655.519,45.3968996,-76.03684896,3925
18--13073,11/30/2018,8:50 AM,BRONSON AVE @ CARLING AVE/GLEBE AVE (0002134),2134,02 - Intersection related,03 - P.D. only,04 - Sideswipe,01 - Clear,01 - Daylight,01 - Dry,01 - Traffic signal,01 - Functioning,2,0,0,0,,0,,,,,367447.7071,5029335.562,45.40115478,-75.69976711,3926
18--13074,11/30/2018,8:52 AM,TERRY FOX DR S @ DIDSBURY RD/CENTRUM KANATA SC (0011820),11820,02 - Intersection related,03 - P.D. only,99 - Other,01 - Clear,01 - Daylight,01 - Dry,01 - Traffic signal,01 - Functioning,2,0,0,0,,0,,,,,350623.2166,5018915.662,45.30869794,-75.91562788,3927
18--13075,11/30/2018,9:10 AM,CAHILL DR @ HUNT CLUB RD (0011394),11394,02 - Intersection related,03 - P.D. only,03 - Rear end,01 - Clear,01 - Daylight,01 - Dry,01 - Traffic signal,01 - Functioning,2,0,0,0,,0,,,,,372407.6482,5024542.557,45.3575678,-75.63707436,3928
18--13076,11/30/2018,9:19 PM,WEST HUNT CLUB RD @ WOODROFFE AVE (0000576),576,02 - Intersection related,03 - P.D. only,03 - Rear end,01 - Clear,07 - Dark,01 - Dry,01 - Traffic signal,01 - Functioning,2,0,0,0,,0,,,,,363670.8929,5021246.35,45.32869686,-75.74896985,3929
18--13077,11/30/2018,9:46 AM,LIMEBANK RD btwn RIDEAU RD & MITCH OWENS RD (__3ZA6LY),__3ZA6LY,01 - Non intersection,03 - P.D. only,07 - SMV other,01 - Clear,01 - Daylight,01 - Dry,10 - No control,,1,0,0,0,,0,,,,,370984.5134,5013716.603,45.26029426,-75.65668267,3930
18--13078,12/1/2018,1:15 PM,FAIRDALE AVE @ HAIG DR (0008339),8339,03 - At intersection,03 - P.D. only,02 - Angle,01 - Clear,01 - Daylight,01 - Dry,02 - Stop sign,01 - Functioning,2,0,0,0,,0,,,,,372370.4767,5028727.683,45.39522751,-75.6369761,3931
18--13079,12/1/2018,1:15 PM,MERIVALE RD @ EMERALD PLAZA SC (0005311),5311,02 - Intersection related,03 - P.D. only,03 - Rear end,01 - Clear,01 - Daylight,01 - Dry,01 - Traffic signal,01 - Functioning,2,0,0,0,,0,,,,,364736.9651,5024005.593,45.35343398,-75.73503664,3932
18--1308,1/26/2018,3:37 PM,MONTREAL RD @ OGILVIE RD (0009279),9279,03 - At intersection,02 - Non-fatal injury,03 - Rear end,01 - Clear,01 - Daylight,01 - Dry,01 - Traffic signal,01 - Functioning,2,0,0,0,01 - Minimal,1,1,,,,375654.7352,5034556.586,45.44734806,-75.59419573,3933
18--13080,12/1/2018,1:15 PM,HIGHWAY 417 btwn HWY417 IC122 RAMP61 & HWY417 IC121B RAMP16 (__3ZA2Y4),__3ZA2Y4,01 - Non intersection,03 - P.D. only,04 - Sideswipe,01 - Clear,01 - Daylight,01 - Dry,10 - No control,,2,0,0,0,,0,,,,,366518.8785,5029515.884,45.40285977,-75.71160783,3934
18--13081,12/1/2018,1:46 AM,CHAMPLAIN ST @ JEANNE D'ARC BLVD (0004106),4106,03 - At intersection,02 - Non-fatal injury,02 - Angle,01 - Clear,07 - Dark,01 - Dry,01 - Traffic signal,01 - Functioning,2,0,0,0,03 - Major,4,,3,1,,381379.7477,5038723.566,45.48423531,-75.52036852,3935
18--13082,12/1/2018,1:56 PM,CARLING AVE @ WOODROFFE AVE W (0011470),11470,02 - Intersection related,03 - P.D. only,03 - Rear end,01 - Clear,01 - Daylight,01 - Dry,01 - Traffic signal,01 - Functioning,2,0,0,0,,0,,,,,361767.7069,5025725.659,45.36915851,-75.77273126,3936
18--13083,12/1/2018,10:40 AM,BRIDLEWOOD DR @ STONEHAVEN DR (0003692),3692,02 - Intersection related,03 - P.D. only,04 - Sideswipe,01 - Clear,01 - Daylight,01 - Dry,02 - Stop sign,00 - Unknown,2,0,0,0,,0,,,,,354796.017,5016897.366,45.29025226,-75.86261987,3937
18--13084,12/1/2018,10:45 PM,BORRISOKANE RD btwn CAMBRIAN RD & STRANDHERD DR (__3ZA1CC),__3ZA1CC,01 - Non intersection,03 - P.D. only,07 - SMV other,01 - Clear,07 - Dark,01 - Dry,10 - No control,,1,0,0,0,,0,,,,,362378.1368,5013066.477,45.25520141,-75.76641001,3938
18--13085,12/1/2018,10:58 PM,EARL ARMSTRONG RD btwn RIVER RD & SPRATT RD (__3ZAZR4),__3ZAZR4,01 - Non intersection,03 - P.D. only,07 - SMV other,01 - Clear,07 - Dark,02 - Wet,10 - No control,,1,0,0,0,,0,,,,,367601.5938,5014674.177,45.26922057,-75.69966214,3939
18--13086,12/1/2018,11:12 AM,WALKLEY RD btwn BAYCREST DR & HEATHERINGTON RD (__3ZA361),__3ZA361,01 - Non intersection,03 - P.D. only,03 - Rear end,01 - Clear,01 - Daylight,01 - Dry,10 - No control,,2,0,0,0,,0,,,,,371612.6336,5026704.15,45.37709326,-75.64692826,3940
18--13087,12/1/2018,11:27 AM,GRANGE AVE btwn SPENCER ST & WELLINGTON ST W (__3ZA03A),__3ZA03A,01 - Non intersection,02 - Non-fatal injury,07 - SMV other,01 - Clear,01 - Daylight,01 - Dry,10 - No control,,1,0,0,1,02 - Minor,1,,1,,,364583.6233,5029066.479,45.39898406,-75.73638086,3941
18--13088,12/1/2018,Unknown,LAURIER AVE   W btwn LYON ST N & KENT ST (__3ZA3CQ),__3ZA3CQ,01 - Non intersection,03 - P.D. only,06 - SMV unattended vehicle,01 - Clear,00 - Unknown,01 - Dry,10 - No control,,1,0,0,0,,0,,,,,367190.4005,5031090.696,45.41696993,-75.70283137,3942
18--13089,12/1/2018,Unknown,CUMMINGS AVE btwn CLARKE AVE & QUEBEC ST (__3ZA7RC),__3ZA7RC,01 - Non intersection,03 - P.D. only,06 - SMV unattended vehicle,02 - Rain,07 - Dark,02 - Wet,10 - No control,,1,0,0,0,,0,,,,,372197.659,5033558.527,45.43870992,-75.6385224,3943
18--1309,1/26/2018,4:00 PM,CARLING AVE @ PRESTON ST (0002161),2161,02 - Intersection related,03 - P.D. only,03 - Rear end,01 - Clear,01 - Daylight,01 - Dry,01 - Traffic signal,01 - Functioning,2,0,0,0,,0,,,,,366829.7094,5028935.553,45.39761063,-75.70771067,3944
18--13090,12/1/2018,2:37 AM,CHAPEL ST btwn WILBROD ST & LAURIER AVE E (__3ZA8Z4),__3ZA8Z4,01 - Non intersection,03 - P.D. only,01 - Approaching,01 - Clear,07 - Dark,02 - Wet,10 - No control,,2,0,0,0,,0,,,,,369059.4846,5032361.729,45.42823706,-75.67878653,3945
18--13091,12/1/2018,3:02 PM,METCALFE ST @ SOMERSET ST (0002689),2689,03 - At intersection,02 - Non-fatal injury,07 - SMV other,01 - Clear,01 - Daylight,01 - Dry,01 - Traffic signal,01 - Functioning,1,0,0,1,01 - Minimal,1,1,,,,368010.585,5031104.652,45.41702189,-75.69235104,3946
18--13092,12/1/2018,3:15 PM,BANK ST btwn WALKLEY RD & SURREY AVE (__3ZA4TW),__3ZA4TW,01 - Non intersection,03 - P.D. only,04 - Sideswipe,01 - Clear,01 - Daylight,01 - Dry,10 - No control,,2,0,0,0,,0,,,,,370347.479,5025918.46,45.37014338,-75.66318443,3947
18--13093,12/1/2018,4:20 AM,COOPER ST btwn METCALFE ST & ELGIN ST (__3ZA9UY),__3ZA9UY,01 - Non intersection,03 - P.D. only,06 - SMV unattended vehicle,01 - Clear,07 - Dark,01 - Dry,10 - No control,,1,0,0,0,,0,,,,,367996.0389,5031198.441,45.41786709,-75.69252485,3948
18--13094,12/1/2018,4:23 AM,UPLANDS DR btwn BREADNER BLVD & RESEARCH RD (__3ZA35A),__3ZA35A,01 - Non intersection,03 - P.D. only,07 - SMV other,01 - Clear,07 - Dark,01 - Dry,10 - No control,,1,0,0,0,,0,,,,,370663.3868,5021948.516,45.3343934,-75.65968062,3949
18--13095,12/1/2018,5:01 PM,BOOTH ST @ SIR JOHN A. MACDONALD PKWY/WELLINGTON ST (0012252),12252,02 - Intersection related,03 - P.D. only,03 - Rear end,01 - Clear,07 - Dark,01 - Dry,01 - Traffic signal,01 - Functioning,2,0,0,0,,0,,,,,366264.2599,5031006.689,45.41629603,-75.71467412,3950
18--13096,12/1/2018,5:07 PM,ALBION RD @ CAHILL DR (0007499),7499,02 - Intersection related,02 - Non-fatal injury,07 - SMV other,01 - Clear,07 - Dark,01 - Dry,02 - Stop sign,01 - Functioning,1,0,0,1,02 - Minor,1,,1,,,371725.5058,5024668.588,45.35876723,-75.645763,3951
18--13097,12/1/2018,5:15 PM,BLAIR RD @ INNES RD (0004165),4165,02 - Intersection related,03 - P.D. only,04 - Sideswipe,01 - Clear,07 - Dark,01 - Dry,01 - Traffic signal,01 - Functioning,2,0,0,0,,0,,,,,375578.634,5031439.77,45.41931248,-75.59561654,3952
18--13098,12/1/2018,5:30 PM,HIGHWAY 416 btwn HWY416 IC66 RAMP24 & HWY416 IC57 RAMP62 (__3ZA1OI),__3ZA1OI,01 - Non intersection,03 - P.D. only,07 - SMV other,01 - Clear,07 - Dark,01 - Dry,10 - No control,,1,0,0,0,,0,,,,,360776.0421,5013414.244,45.25845994,-75.78678115,3953
18--13099,12/1/2018,5:50 PM,BANK ST btwn ALTA VISTA DR & WALKLEY RD (__3ZA4TX),__3ZA4TX,01 - Non intersection,03 - P.D. only,04 - Sideswipe,01 - Clear,07 - Dark,01 - Dry,10 - No control,,2,0,0,0,,0,,,,,370288.1761,5026095.802,45.37174459,-75.66391793,3954
18--131,1/2/2018,7:05 PM,ALTA VISTA DR @ ROGER RD (0007583),7583,03 - At intersection,02 - Non-fatal injury,03 - Rear end,03 - Snow,07 - Dark,04 - Slush,02 - Stop sign,01 - Functioning,2,0,0,0,01 - Minimal,2,2,,,,370405.7185,5028878.547,45.39677177,-75.66204759,3955
18--1310,1/26/2018,4:00 PM,PRINCE OF WALES DR btwn BARNSTONE DR & FAIRPARK DR (__4N784B),__4N784B,01 - Non intersection,03 - P.D. only,99 - Other,01 - Clear,01 - Daylight,01 - Dry,10 - No control,,2,0,0,0,,0,,,,,367241.1435,5015018.616,45.2723519,-75.70421193,3956
18--13100,12/1/2018,6:16 PM,EAGLESON RD @ HWY 417 EAGLESO IC138R51/PARK AN (0009698),9698,02 - Intersection related,02 - Non-fatal injury,07 - SMV other,01 - Clear,07 - Dark,01 - Dry,01 - Traffic signal,01 - Functioning,1,0,0,1,02 - Minor,1,,1,,,353037.1475,5020013.959,45.318419,-75.88473842,3957
18--13101,12/1/2018,6:50 PM,LEITRIM RD btwn HAWTHORNE RD & RAMSAYVILLE RD (__3ZA2B0),__3ZA2B0,01 - Non intersection,03 - P.D. only,07 - SMV other,01 - Clear,07 - Dark,02 - Wet,10 - No control,,1,0,0,0,,0,,,,,378706.4973,5023682.682,45.34919547,-75.55681658,3958
18--13102,12/1/2018,7:12 PM,RIVERSIDE DR @ 175 S OF HUNT CLUB  RD/RUNWAY C (0011890),11890,03 - At intersection,03 - P.D. only,02 - Angle,01 - Clear,07 - Dark,01 - Dry,01 - Traffic signal,01 - Functioning,3,0,0,0,,0,,,,,368028.4433,5021766.239,45.33299568,-75.69331847,3959
18--13103,12/1/2018,8:42 PM,MARCH RD btwn TALL FOREST DR & TALL FOREST DR (__3ZA3FM),__3ZA3FM,01 - Non intersection,03 - P.D. only,07 - SMV other,01 - Clear,07 - Dark,01 - Dry,10 - No control,,1,0,0,0,,0,,,,,343675.8624,5023123.961,45.34698469,-76.00389167,3960
18--13104,12/1/2018,9:20 AM,ISLAND PARK DR btwn CLEARVIEW AVE & OTTAWA RIVER PKWY (__3ZA23A),__3ZA23A,01 - Non intersection,03 - P.D. only,03 - Rear end,01 - Clear,01 - Daylight,01 - Dry,10 - No control,,2,0,0,0,,0,,,,,363435.207,5029404.655,45.40212403,-75.75100816,3961
18--13105,12/1/2018,9:46 PM,INNES RD @ STAR TOP RD/WINDMILL LANE (0008734),8734,03 - At intersection,03 - P.D. only,07 - SMV other,01 - Clear,07 - Dark,01 - Dry,01 - Traffic signal,01 - Functioning,1,0,0,0,,0,,,,,374147.766,5030666.464,45.41249796,-75.61400624,3962
18--13106,12/2/2018,1:05 PM,BASELINE RD @ WOODROFFE AVE (0002225),2225,02 - Intersection related,03 - P.D. only,03 - Rear end,02 - Rain,01 - Daylight,02 - Wet,01 - Traffic signal,01 - Functioning,2,0,0,0,,0,,,,,362549.7698,5023770.457,45.35150178,-75.76297647,3963
18--13107,12/2/2018,1:10 PM,WEST HUNT CLUB RD @ WOODROFFE AVE (0000576),576,02 - Intersection related,03 - P.D. only,03 - Rear end,02 - Rain,01 - Daylight,02 - Wet,01 - Traffic signal,01 - Functioning,2,0,0,0,,0,,,,,363670.7024,5021246.507,45.32869829,-75.74897226,3964
18--13108,12/2/2018,1:28 PM,RIOCAN AVE @ STRANDHERD DR (0010997),10997,02 - Intersection related,03 - P.D. only,03 - Rear end,02 - Rain,01 - Daylight,02 - Wet,01 - Traffic signal,00 - Unknown,2,0,0,0,,0,,,,,364172.3995,5014944.602,45.27195171,-75.74332721,3965
18--13109,12/2/2018,1:40 PM,BANK ST @ HERON RD (0002155),2155,02 - Intersection related,03 - P.D. only,04 - Sideswipe,02 - Rain,01 - Daylight,02 - Wet,01 - Traffic signal,01 - Functioning,2,0,0,0,,0,,,,,369995.7099,5026851.547,45.37857181,-75.66755166,3966
18--1311,1/26/2018,4:36 PM,EMMERSON AVE @ FORWARD AVE (0006323),6323,03 - At intersection,03 - P.D. only,02 - Angle,01 - Clear,05 - Dusk,06 - Ice,10 - No control,,2,0,0,0,,0,,,,,364786.0234,5030300.589,45.410071,-75.73364569,3967
18--13110,12/2/2018,10:30 PM,BOUNDARY RD @ MITCH OWENS RD (0001708),1708,02 - Intersection related,02 - Non-fatal injury,03 - Rear end,"07 - Fog, mist, smoke, dust",07 - Dark,01 - Dry,02 - Stop sign,01 - Functioning,2,0,0,0,01 - Minimal,1,1,,,,388065.7376,5022162.618,45.33447057,-75.4376507,3968
18--13111,12/2/2018,10:48 AM,RICHMOND RD btwn CHURCHILL AVE N & WINONA AVE (__3ZA4OX),__3ZA4OX,01 - Non intersection,02 - Non-fatal injury,04 - Sideswipe,02 - Rain,01 - Daylight,02 - Wet,10 - No control,,2,0,0,0,01 - Minimal,1,1,,,,363235.9051,5028298.137,45.39218443,-75.75368486,3969
18--13112,12/2/2018,11:19 AM,INNES RD @ JEANNE D'ARC BLVD/MER BLEUE RD (0012475),12475,02 - Intersection related,03 - P.D. only,03 - Rear end,04 - Freezing Rain,01 - Daylight,06 - Ice,01 - Traffic signal,01 - Functioning,2,0,0,0,,0,,,,,382637.7152,5035567.489,45.45570057,-75.50477855,3970
18--13113,12/2/2018,11:25 AM,SHERWAY DR N @ TEDWYN DR N (0001268),1268,02 - Intersection related,03 - P.D. only,03 - Rear end,02 - Rain,01 - Daylight,02 - Wet,02 - Stop sign,00 - Unknown,2,0,0,0,,0,,,,,363099.6444,5015696.468,45.27880678,-75.7569095,3971
18--13114,12/2/2018,11:29 PM,BANK ST btwn FRANK ST & GLADSTONE AVE (__3ZA3QO),__3ZA3QO,01 - Non intersection,03 - P.D. only,01 - Approaching,01 - Clear,07 - Dark,02 - Wet,10 - No control,,2,0,0,0,,0,,,,,367913.6405,5030570.652,45.41222588,-75.69365798,3972
18--13115,12/2/2018,Unknown,CHAPEL ST btwn RIDEAU ST & BESSERER ST (__3ZBOXR),__3ZBOXR,01 - Non intersection,03 - P.D. only,06 - SMV unattended vehicle,01 - Clear,00 - Unknown,02 - Wet,10 - No control,,1,0,0,0,,0,,,,,368899.9839,5032626.375,45.43063289,-75.68079023,3973
18--13116,12/2/2018,Unknown,HOLT CRES btwn ADAMS AVE & ADAMS AVE (__3ZA74O),__3ZA74O,01 - Non intersection,03 - P.D. only,06 - SMV unattended vehicle,01 - Clear,00 - Unknown,02 - Wet,10 - No control,,1,0,0,0,,0,,,,,372599.4062,5028363.561,45.39192917,-75.63410254,3974
18--13117,12/2/2018,12:00 PM,RIVERSIDE DR SB btwn RIVERSIDE DR SPLIT & DATA CENTRE RD (__3ZA3BO),__3ZA3BO,01 - Non intersection,03 - P.D. only,03 - Rear end,02 - Rain,01 - Daylight,02 - Wet,10 - No control,,2,0,0,0,,0,,,,,368682.6359,5027499.651,45.38452422,-75.68423199,3975
18--13118,12/2/2018,12:40 PM,MCARTHUR AVE btwn MAY ST & ST. LAURENT BLVD (__3ZA3XL),__3ZA3XL,04 - At/near private drive,03 - P.D. only,05 - Turning movement,02 - Rain,01 - Daylight,02 - Wet,10 - No control,,2,0,0,0,,0,,,,,371890.6124,5032876.43,45.43260227,-75.64253958,3976
18--13119,12/2/2018,12:45 PM,HWY 417 ST.LAURE IC115R51 @ ST. LAURENT BLVD (0002712),2712,02 - Intersection related,03 - P.D. only,04 - Sideswipe,02 - Rain,01 - Daylight,02 - Wet,01 - Traffic signal,01 - Functioning,2,0,0,0,,0,,,,,372530.8883,5031410.709,45.41935269,-75.63455894,3977
18--1312,1/26/2018,4:54 PM,INNES RD @ PAGE RD (0012476),12476,03 - At intersection,03 - P.D. only,05 - Turning movement,01 - Clear,05 - Dusk,01 - Dry,01 - Traffic signal,01 - Functioning,2,0,0,0,,0,,,,,380887.7491,5034540.555,45.44665377,-75.52730892,3978
18--13120,12/2/2018,12:53 AM,MILTON RD @ SMITH RD (0004068),4068,03 - At intersection,03 - P.D. only,02 - Angle,01 - Clear,07 - Dark,01 - Dry,02 - Stop sign,01 - Functioning,2,0,0,0,,0,,,,,387572.7905,5031062.715,45.41460396,-75.44244729,3979
18--13121,12/2/2018,12:54 PM,RANGE RD @ SOMERSET ST (0008545),8545,03 - At intersection,02 - Non-fatal injury,07 - SMV other,01 - Clear,01 - Daylight,02 - Wet,02 - Stop sign,01 - Functioning,1,0,0,1,01 - Minimal,1,1,,,,369608.6857,5032071.638,45.42557626,-75.67180684,3980
18--13122,12/2/2018,2:42 PM,CARP RD @ HAZELDEAN RD (0000086),86,02 - Intersection related,03 - P.D. only,03 - Rear end,04 - Freezing Rain,01 - Daylight,04 - Slush,01 - Traffic signal,01 - Functioning,4,0,0,0,,0,,,,,348804.563,5014360.53,45.26782562,-75.93922362,3981
18--13123,12/2/2018,3:00 AM,HIGHWAY 417 btwn HWY417 IC122 RAMP61 & HWY417 IC121B RAMP16 (__3ZA2Y4),__3ZA2Y4,01 - Non intersection,03 - P.D. only,03 - Rear end,03 - Snow,07 - Dark,04 - Slush,10 - No control,,2,0,0,0,,0,,,,,365686.1352,5029134.143,45.39949788,-75.72229136,3982
18--13124,12/2/2018,3:02 PM,INNES RD @ ORLEANS BLVD (0003611),3611,03 - At intersection,02 - Non-fatal injury,07 - SMV other,02 - Rain,01 - Daylight,02 - Wet,01 - Traffic signal,01 - Functioning,1,0,0,1,02 - Minor,1,,1,,,380460.8959,5034296.436,45.44450371,-75.53280248,3983
18--13125,12/2/2018,3:33 PM,BRIAN COBURN BLVD btwn FERN CASEY ST & MER BLEUE RD (e___2IA9),e___2IA9,01 - Non intersection,03 - P.D. only,05 - Turning movement,02 - Rain,01 - Daylight,02 - Wet,10 - No control,,2,0,0,0,,0,,,,,382328.915,5033975.933,45.4414154,-75.50897704,3984
18--13126,12/2/2018,4:10 AM,HIGHWAY 417 btwn HWY417 IC129 RAMP61 & TRANSIT (__3ZA2SI),__3ZA2SI,01 - Non intersection,03 - P.D. only,07 - SMV other,02 - Rain,07 - Dark,02 - Wet,10 - No control,,1,0,0,0,,0,,,,,360997.1364,5023974.814,45.35346671,-75.78276693,3985