Anom_ID,Accident_Date,Accident_Time,Location,Geo_ID,Accident_Location,Classification_of_Accident,Initial_Impact_Type,Environment_Condition,Light,Road_Surface_Condition,Traffic_Control,Traffic_Control_Condition,No__of_Vehicles,No__of_Bicycles,No__of_Motorcycles,No__of_Pedestrians,Max_Injury,No__of_Injuries,No__of_Minimal,No__of_Minor,No__of_Major,No__of_Fatal,X,Y,Latitude,Longitude,ObjectId
18--3479,3/18/2018,3:06 PM,BASELINE RD @ FISHER AVE (0002346),2346,02 - Intersection related,03 - P.D. only,05 - Turning movement,01 - Clear,01 - Daylight,01 - Dry,01 - Traffic signal,01 - Functioning,2,0,0,0,,0,,,,,366166.6936,5026028.533,45.37151235,-75.7165398,7709
18--13128,12/2/2018,4:22 AM,PARKDALE AVE @ WELLINGTON ST (0002260),2260,03 - At intersection,03 - P.D. only,02 - Angle,01 - Clear,07 - Dark,02 - Wet,01 - Traffic signal,01 - Functioning,2,0,0,0,,0,,,,,365149.7113,5029270.519,45.4007714,-75.72912588,3987
18--13129,12/2/2018,5:32 PM,NAVAHO DR @ WOODROFFE AVE/TRANSITWAY N BASELIN (0010359),10359,02 - Intersection related,03 - P.D. only,03 - Rear end,02 - Rain,07 - Dark,02 - Wet,01 - Traffic signal,01 - Functioning,2,0,0,0,,0,,,,,362706.249,5023492.9,45.34899144,-75.76101209,3988
18--1313,1/26/2018,5:06 PM,STITTSVILLE MAIN ST @ HAZELDEAN RD (0000050),50,02 - Intersection related,03 - P.D. only,03 - Rear end,01 - Clear,05 - Dusk,01 - Dry,01 - Traffic signal,01 - Functioning,2,0,0,0,,0,,,,,349558.3983,5014878.716,45.27244087,-75.92957081,3989
18--13130,12/2/2018,5:50 AM,HIGHWAY 417 btwn HWY417 IC122 RAMP51 & HWY417 IC122 RAMP15 (__3ZA2R0),__3ZA2R0,01 - Non intersection,03 - P.D. only,07 - SMV other,02 - Rain,07 - Dark,02 - Wet,10 - No control,,1,0,0,0,,0,,,,,365234.1558,5028795.002,45.39648552,-75.72810559,3990
18--13131,12/2/2018,5:55 AM,BANK ST btwn CLAREY AVE & HOLMWOOD AVE (__3ZA3OP),__3ZA3OP,04 - At/near private drive,03 - P.D. only,02 - Angle,02 - Rain,07 - Dark,02 - Wet,10 - No control,,2,0,0,0,,0,,,,,368477.5109,5029208.497,45.39991857,-75.68663059,3991
18--13132,12/2/2018,6:10 PM,BRONSON AVE btwn RAYMOND ST & HWY417 IC121A RAMP51 (__3ZA3O9),__3ZA3O9,01 - Non intersection,03 - P.D. only,04 - Sideswipe,02 - Rain,07 - Dark,02 - Wet,10 - No control,,2,0,0,0,,0,,,,,367271.8841,5029751.43,45.40491235,-75.70196008,3992
18--13133,12/2/2018,6:15 PM,BANK ST btwn RANDALL AVE & 73 N OF EVANS BLVD (__3ZA3BJA),__3ZA3BJA,04 - At/near private drive,03 - P.D. only,02 - Angle,02 - Rain,07 - Dark,02 - Wet,10 - No control,,2,0,0,0,,0,,,,,369869.4547,5027133.23,45.38111804,-75.66912645,3993
18--13134,12/2/2018,8:46 AM,GREENBANK RD btwn CANFIELD RD & BELLMAN DR (__3ZA4YT),__3ZA4YT,04 - At/near private drive,03 - P.D. only,02 - Angle,02 - Rain,01 - Daylight,02 - Wet,10 - No control,,2,0,0,0,,0,,,,,361143.5643,5021277.645,45.3291859,-75.78120542,3994
18--13135,12/3/2018,1:36 PM,ELGIN ST @ NEPEAN ST (0006946),6946,02 - Intersection related,03 - P.D. only,04 - Sideswipe,02 - Rain,01 - Daylight,02 - Wet,01 - Traffic signal,01 - Functioning,2,0,0,0,,0,,,,,368029.7776,5031411.451,45.41978063,-75.69206647,3995
18--13136,12/3/2018,10:00 PM,REGIONAL ROAD 174 EB btwn HWY417 IC113 RAMP65 & OR174 BLAIR IC112 RAMP51 (__3ZAZFJ),__3ZAZFJ,01 - Non intersection,03 - P.D. only,04 - Sideswipe,01 - Clear,07 - Dark,01 - Dry,10 - No control,,2,0,0,0,,0,,,,,374745.2286,5032779.697,45.43145223,-75.6060739,3996
18--13137,12/3/2018,10:28 AM,WALKLEY RD btwn COLLISTON CRES & CEDARWOOD DR (__3ZA370),__3ZA370,01 - Non intersection,02 - Non-fatal injury,07 - SMV other,02 - Rain,01 - Daylight,02 - Wet,10 - No control,,1,0,0,0,02 - Minor,1,,1,,,371080.1028,5026382.966,45.37425394,-75.65377003,3997
18--13138,12/3/2018,10:30 AM,HIGHWAY 417 btwn HWY417 IC118 RAMP67 & HWY417 IC117 RAMP36 (__3ZA2YO),__3ZA2YO,01 - Non intersection,03 - P.D. only,04 - Sideswipe,02 - Rain,01 - Daylight,02 - Wet,10 - No control,,2,0,0,0,,0,,,,,369948.8575,5031140.088,45.41716294,-75.66758342,3998
18--13139,12/3/2018,11:55 PM,ANDERSON RD btwn DOLMAN RIDGE RD & RIDGE RD (__3ZA2B6),__3ZA2B6,01 - Non intersection,03 - P.D. only,01 - Approaching,01 - Clear,07 - Dark,01 - Dry,10 - No control,,2,0,0,0,,0,,,,,379020.3175,5028533.392,45.39280614,-75.55208338,3999
18--1314,1/26/2018,5:49 PM,GREENBANK RD btwn HWY 417 IC129 RAMP57/IRIS ST & HWY417 IC129 RAMP25 (__3ZAZPR),__3ZAZPR,01 - Non intersection,03 - P.D. only,03 - Rear end,01 - Clear,07 - Dark,01 - Dry,10 - No control,,2,0,0,0,,0,,,,,360526.3328,5023327.22,45.34767725,-75.78884822,4000
18--14130,12/20/2018,1:46 PM,MONTREAL RD @ OLMSTEAD ST (0009345),9345,02 - Intersection related,03 - P.D. only,03 - Rear end,01 - Clear,01 - Daylight,01 - Dry,01 - Traffic signal,01 - Functioning,2,0,0,0,,0,,,,,370332.6801,5033213.75,45.43578506,-75.66240388,4001
18--14131,12/20/2018,1:55 PM,ST. JOSEPH BLVD @ TENTH LINE RD (0009163),9163,03 - At intersection,03 - P.D. only,02 - Angle,01 - Clear,01 - Daylight,01 - Dry,01 - Traffic signal,01 - Functioning,2,0,0,0,,0,,,,,382890.7343,5038666.178,45.4835516,-75.50105158,4002
18--14132,12/20/2018,10:17 AM,MERIVALE RD btwn BURRIS LANE & OT/NE BOUNDARY (__3ZAZ7D),__3ZAZ7D,01 - Non intersection,02 - Non-fatal injury,03 - Rear end,01 - Clear,01 - Daylight,01 - Dry,10 - No control,,2,0,0,0,01 - Minimal,1,1,,,,364940.8543,5025169.241,45.36388685,-75.7322931,4003
18--14133,12/20/2018,10:30 AM,TERRY FOX DR @ EDGEWATER ST/WALTER BAKER PL (0002699),2699,02 - Intersection related,03 - P.D. only,03 - Rear end,01 - Clear,01 - Daylight,01 - Dry,01 - Traffic signal,01 - Functioning,2,0,0,0,,0,,,,,351777.4547,5017613.551,45.29690495,-75.90103236,4004
18--14134,12/20/2018,11:13 AM,WOODROFFE AVE btwn KNOXDALE RD/MEDHURST DR & NORICE ST (__3ZA3JO),__3ZA3JO,01 - Non intersection,02 - Non-fatal injury,03 - Rear end,01 - Clear,01 - Daylight,01 - Dry,10 - No control,,2,0,0,0,02 - Minor,1,,1,,,363369.0183,5021953.97,45.33508924,-75.75273688,4005
18--14135,12/20/2018,11:26 AM,HIGHWAY 417 btwn HWY417 IC122 RAMP61 & HWY417 IC121B RAMP16 (__3ZA2Y4),__3ZA2Y4,01 - Non intersection,03 - P.D. only,03 - Rear end,01 - Clear,01 - Daylight,01 - Dry,10 - No control,,2,0,0,0,,0,,,,,365732.1404,5029162.678,45.39975063,-75.72170026,4006
18--14136,12/20/2018,11:29 AM,PRINCE OF WALES DR btwn 187 N OF MEADOWLANDS DR & MEADOWLANDS DR/HOG'S (__3ZA36WA),__3ZA36WA,01 - Non intersection,03 - P.D. only,04 - Sideswipe,01 - Clear,01 - Daylight,01 - Dry,10 - No control,,2,0,0,0,,0,,,,,367352.5212,5025762.05,45.36900975,-75.70143571,4007
18--14137,12/20/2018,Unknown,STIRLING AVE btwn LADOUCEUR ST & ARMSTRONG ST (__3ZAAHS),__3ZAAHS,01 - Non intersection,03 - P.D. only,06 - SMV unattended vehicle,02 - Rain,00 - Unknown,02 - Wet,10 - No control,,1,0,0,0,,0,,,,,365355.3572,5029559.458,45.40335345,-75.72646383,4008
18--14138,12/20/2018,Unknown,AQUAVIEW DR btwn CROWBERRY ST & LOUIS TOSCANO DR (__5JY42H),__5JY42H,01 - Non intersection,03 - P.D. only,06 - SMV unattended vehicle,02 - Rain,00 - Unknown,02 - Wet,10 - No control,,1,0,0,0,,0,,,,,384578.9932,5035323.084,45.4532827,-75.48000121,4009
18--14139,12/20/2018,12:02 AM,REGIONAL ROAD 174 btwn TRANSIT & OR174 IC105 RAMP51 (__3ZA28H),__3ZA28H,01 - Non intersection,03 - P.D. only,07 - SMV other,01 - Clear,07 - Dark,01 - Dry,10 - No control,,1,0,0,0,,0,,,,,378973.3538,5036752.5,45.466761,-75.55144513,4010
18--1414,1/28/2018,7:51 AM,HUNTMAR DR btwn OLD CARP RD & BRADLEY SIDE RD (__3ZACWD),__3ZACWD,01 - Non intersection,02 - Non-fatal injury,07 - SMV other,01 - Clear,03 - Dawn,06 - Ice,10 - No control,,1,0,0,0,01 - Minimal,1,1,,,,346341.4511,5021100.829,45.32862712,-75.97004644,4011
18--14140,12/20/2018,12:30 PM,KING EDWARD AVE NB btwn ST. ANDREW ST & GUIGUES AVE (__3ZA3LH),__3ZA3LH,01 - Non intersection,03 - P.D. only,03 - Rear end,01 - Clear,01 - Daylight,01 - Dry,10 - No control,,3,0,0,0,,0,,,,,368206.4208,5032933.991,45.43346393,-75.68961359,4012
18--14141,12/20/2018,12:38 PM,COVENTRY RD btwn LOLA ST & BELFAST RD (__3ZA3ME),__3ZA3ME,04 - At/near private drive,03 - P.D. only,02 - Angle,01 - Clear,01 - Daylight,01 - Dry,10 - No control,,2,0,0,0,,0,,,,,371333.1481,5031620.518,45.42135538,-75.64983319,4013
18--14142,12/20/2018,12:49 PM,PRINCE OF WALES DR @ WEST HUNT CLUB RD (0000567),567,02 - Intersection related,03 - P.D. only,02 - Angle,01 - Clear,01 - Daylight,01 - Dry,01 - Traffic signal,01 - Functioning,2,0,0,0,,0,,,,,367458.778,5021891.482,45.33417369,-75.70056981,4014
18--14143,12/20/2018,12:54 AM,HOLLAND AVE btwn FISHER AVE & ISLAND PARK DR (__3ZA4NG),__3ZA4NG,01 - Non intersection,02 - Non-fatal injury,07 - SMV other,01 - Clear,07 - Dark,01 - Dry,10 - No control,,1,0,0,0,02 - Minor,1,,1,,,365408.5658,5027872.658,45.3881714,-75.72599144,4015
18--14144,12/20/2018,2:42 PM,HAWTHORNE RD btwn BLAIS RD & RIDEAU RD (__3ZA6GZ),__3ZA6GZ,01 - Non intersection,03 - P.D. only,05 - Turning movement,01 - Clear,01 - Daylight,01 - Dry,10 - No control,,2,0,0,0,,0,,,,,377903.6021,5020656.416,45.32205079,-75.56750866,4016
18--14145,12/20/2018,3:06 PM,INNES RD @ TRIM RD (0012870),12870,03 - At intersection,03 - P.D. only,05 - Turning movement,01 - Clear,01 - Daylight,01 - Dry,01 - Traffic signal,01 - Functioning,2,0,0,0,,0,,,,,386566.7566,5037273.568,45.47060144,-75.45426686,4017
18--14146,12/20/2018,3:15 PM,MEADOWLANDS DR @ MERIVALE RD (0000625),625,02 - Intersection related,03 - P.D. only,03 - Rear end,01 - Clear,01 - Daylight,01 - Dry,01 - Traffic signal,01 - Functioning,2,0,0,0,,0,,,,,364858.7299,5023725.548,45.35090375,-75.73351674,4018
18--14147,12/20/2018,3:30 PM,ELGIN ST @ GLADSTONE AVE (0007272),7272,03 - At intersection,03 - P.D. only,02 - Angle,01 - Clear,01 - Daylight,01 - Dry,01 - Traffic signal,01 - Functioning,2,0,0,0,,0,,,,,368384.5604,5030844.711,45.41464915,-75.68760674,4019
18--14148,12/20/2018,3:46 PM,GREEN VALLEY CRES btwn PRINCE OF WALES DR & END (__3ZA0EO),__3ZA0EO,04 - At/near private drive,03 - P.D. only,06 - SMV unattended vehicle,01 - Clear,01 - Daylight,01 - Dry,10 - No control,,1,0,0,0,,0,,,,,367099.3585,5026659.233,45.37710495,-75.70455418,4020
18--14149,12/20/2018,3:50 PM,HIGHWAY 417 btwn HWY417 IC119B RAMP57 & HWY417 IC119A RAMP75 (__3ZA1QN),__3ZA1QN,01 - Non intersection,03 - P.D. only,03 - Rear end,01 - Clear,01 - Daylight,02 - Wet,10 - No control,,2,0,0,0,,0,,,,,368363.1594,5030386.087,45.41052454,-75.68793928,4021
18--1415,1/28/2018,8:00 AM,HOLMWOOD AVE btwn MONK ST & BANK ST (__3ZA9NN),__3ZA9NN,04 - At/near private drive,03 - P.D. only,02 - Angle,01 - Clear,01 - Daylight,02 - Wet,10 - No control,,2,0,0,0,,0,,,,,368470.9066,5029190.59,45.39975805,-75.68671726,4022
18--14150,12/20/2018,4:15 PM,MONTREAL RD btwn LAPORTE ST & MISS OTTAWA ST (__3ZA2D8),__3ZA2D8,01 - Non intersection,03 - P.D. only,04 - Sideswipe,01 - Clear,05 - Dusk,01 - Dry,10 - No control,,2,0,0,0,,0,,,,,375738.0784,5034610.809,45.44782747,-75.59312259,4023
18--14151,12/20/2018,4:25 PM,AVONCOURT WAY @ WALKLEY RD (0006645),6645,02 - Intersection related,03 - P.D. only,03 - Rear end,01 - Clear,05 - Dusk,01 - Dry,01 - Traffic signal,01 - Functioning,2,0,0,0,,0,,,,,369605.7403,5025515.698,45.36658843,-75.67270571,4024
18--14152,12/20/2018,4:29 PM,BANK ST @ WALKLEY RD (0011423),11423,02 - Intersection related,03 - P.D. only,03 - Rear end,01 - Clear,05 - Dusk,01 - Dry,01 - Traffic signal,01 - Functioning,2,0,0,0,,0,,,,,370338.0054,5025947.912,45.37040926,-75.66330145,4025
18--14153,12/20/2018,4:31 PM,ALBION RD btwn LEITRIM RD & QUINN RD (__3ZA3SC),__3ZA3SC,04 - At/near private drive,03 - P.D. only,02 - Angle,01 - Clear,05 - Dusk,01 - Dry,10 - No control,,2,0,0,0,,0,,,,,373503.7146,5020405.915,45.32024126,-75.62366048,4026
18--14154,12/20/2018,5:14 PM,HIGHWAY 417 btwn HWY417 IC119A RAMP75 & HWY417 IC118 RAMP57 (__3ZA2R2),__3ZA2R2,01 - Non intersection,03 - P.D. only,03 - Rear end,01 - Clear,07 - Dark,01 - Dry,10 - No control,,2,0,0,0,,0,,,,,369017.157,5030741.615,45.41366376,-75.67953858,4027
18--14155,12/20/2018,5:20 PM,EAGLESON RD @ 300 N OF MICHAEL COWPLAND/EAGLES (0012143),12143,02 - Intersection related,03 - P.D. only,03 - Rear end,01 - Clear,07 - Dark,01 - Dry,01 - Traffic signal,01 - Functioning,2,0,0,0,,0,,,,,354273.074,5016903.929,45.29034833,-75.86928561,4028
18--14156,12/20/2018,5:33 PM,KING EDWARD AVE @ SUSSEX DR (0002653),2653,02 - Intersection related,03 - P.D. only,03 - Rear end,01 - Clear,07 - Dark,01 - Dry,01 - Traffic signal,01 - Functioning,3,0,0,0,,0,,,,,367663.6996,5033503.597,45.43863804,-75.69647659,4029
18--14157,12/20/2018,5:59 PM,ALBION RD @ LESTER RD (0004175),4175,03 - At intersection,02 - Non-fatal injury,05 - Turning movement,01 - Clear,07 - Dark,01 - Dry,01 - Traffic signal,01 - Functioning,2,0,0,0,02 - Minor,1,,1,,,372694.723,5022332.572,45.3376554,-75.63371402,4030
18--14158,12/20/2018,6:00 PM,HIGHWAY 417 btwn HWY417 IC124 RAMP67 & HWY417 IC123 RAMP62 (__3ZA2YZ),__3ZA2YZ,01 - Non intersection,03 - P.D. only,03 - Rear end,01 - Clear,07 - Dark,01 - Dry,10 - No control,,3,0,0,0,,0,,,,,364611.4554,5027786.107,45.38746115,-75.73618061,4031
18--14159,12/20/2018,6:22 PM,HIGHWAY 417 btwn HWY417 IC122 RAMP16 & HWY417 IC122 RAMP61 (__3ZA2RA),__3ZA2RA,01 - Non intersection,03 - P.D. only,03 - Rear end,01 - Clear,07 - Dark,01 - Dry,10 - No control,,2,0,0,0,,0,,,,,365364.1947,5028916.573,45.39756815,-75.7264299,4032
18--1416,1/28/2018,9:55 PM,RICHMOND RD @ TANGLEWOOD DR (0001507),1507,02 - Intersection related,02 - Non-fatal injury,06 - SMV unattended vehicle,01 - Clear,07 - Dark,02 - Wet,02 - Stop sign,00 - Unknown,1,0,0,0,01 - Minimal,1,1,,,,357589.6546,5020180.479,45.31958982,-75.82665761,4033
18--14160,12/20/2018,6:30 AM,8TH LINE RD btwn PANA RD & ANDREW SIMPSON DR (__3ZA20Y),__3ZA20Y,01 - Non intersection,03 - P.D. only,07 - SMV other,01 - Clear,07 - Dark,01 - Dry,10 - No control,,1,0,0,0,,0,,,,,384764.4587,5012995.057,45.25237093,-75.48124138,4034
18--14161,12/20/2018,6:30 PM,COLONEL BY DR/MACKENZIE AVE @ DALY AVE (0008541),8541,03 - At intersection,03 - P.D. only,03 - Rear end,03 - Snow,07 - Dark,03 - Loose snow,01 - Traffic signal,01 - Functioning,2,0,0,0,,0,,,,,368002.7115,5031904.58,45.42422009,-75.69234902,4035
18--14162,12/20/2018,6:56 AM,RENAUD RD @ RENAUD RD N (0003684),3684,02 - Intersection related,03 - P.D. only,07 - SMV other,01 - Clear,03 - Dawn,06 - Ice,10 - No control,,1,0,0,0,,0,,,,,379764.55,5032027.703,45.42416631,-75.54204828,4036
18--14163,12/20/2018,7:00 AM,ST. JOSEPH BLVD @ FOREST VALLEY DR/YOUVILLE DR (0004440),4440,02 - Intersection related,03 - P.D. only,03 - Rear end,01 - Clear,03 - Dawn,02 - Wet,01 - Traffic signal,01 - Functioning,2,0,0,0,,0,,,,,379164.8156,5036156.714,45.46138021,-75.54908712,4037
18--14164,12/20/2018,7:00 AM,HOWIE RD btwn MANION RD & OLD ALMONTE RD (__3ZACCK),__3ZACCK,01 - Non intersection,03 - P.D. only,07 - SMV other,01 - Clear,03 - Dawn,01 - Dry,10 - No control,,1,0,0,0,,0,,,,,339839.9868,5014141.756,45.26636075,-76.05347606,4038
18--14165,12/20/2018,7:00 PM,CARP RD btwn KINBURN SIDE RD & BAIRD SIDE RD (__3ZA4Q9),__3ZA4Q9,01 - Non intersection,03 - P.D. only,07 - SMV other,01 - Clear,07 - Dark,01 - Dry,10 - No control,,1,0,0,0,,0,,,,,332331.3652,5030671.156,45.41543483,-76.14823854,4039
18--14166,12/20/2018,7:10 AM,PAUL METIVIER DR @ TEMAGAMI DR (0011125),11125,03 - At intersection,02 - Non-fatal injury,07 - SMV other,01 - Clear,03 - Dawn,01 - Dry,02 - Stop sign,01 - Functioning,1,0,0,1,01 - Minimal,1,1,,,,365553.1792,5014522.807,45.26803848,-75.72578303,4040
18--14167,12/20/2018,7:20 AM,OGILVIE RD @ ELMRIDGE DR/JASMINE CRES N (0008801),8801,03 - At intersection,02 - Non-fatal injury,02 - Angle,01 - Clear,03 - Dawn,01 - Dry,01 - Traffic signal,01 - Functioning,2,0,0,0,02 - Minor,1,,1,,,375420.4137,5034060.59,45.4429091,-75.5972621,4041
18--14168,12/20/2018,7:27 PM,NORICE ST @ VIEWMOUNT DR (0001936),1936,03 - At intersection,02 - Non-fatal injury,02 - Angle,01 - Clear,07 - Dark,02 - Wet,02 - Stop sign,01 - Functioning,2,0,0,0,01 - Minimal,1,1,,,,363881.6767,5022844.547,45.34305959,-75.74609026,4042
18--14169,12/20/2018,7:46 PM,CARLING AVE btwn BAYFIELD AVE & BURKE RD (__3ZA4Z2),__3ZA4Z2,01 - Non intersection,02 - Non-fatal injury,07 - SMV other,01 - Clear,07 - Dark,01 - Dry,10 - No control,,1,0,0,0,01 - Minimal,1,1,,,,352825.8047,5022657.202,45.34221788,-75.88717749,4043
18--1417,1/29/2018,1:15 PM,CYR AVE @ MONTREAL RD (0009803),9803,03 - At intersection,03 - P.D. only,05 - Turning movement,01 - Clear,01 - Daylight,01 - Dry,02 - Stop sign,01 - Functioning,2,0,0,0,,0,,,,,370220.7091,5033148.59,45.43520926,-75.66384352,4044
18--14170,12/20/2018,7:47 AM,HIGHWAY 417 btwn HWY417 IC142 RAMP16 & HWY417 IC142 RAMP61 (__3ZAZW4),__3ZAZW4,01 - Non intersection,03 - P.D. only,04 - Sideswipe,01 - Clear,03 - Dawn,01 - Dry,10 - No control,,2,0,0,0,,0,,,,,349082.4616,5017398.318,45.29514324,-75.9354113,4045
18--14171,12/20/2018,7:50 PM,ROCKCLIFFE PKWY/AVIATION/ROCKCLIFFE PKWY EB ON (0001667),1667,02 - Intersection related,03 - P.D. only,03 - Rear end,01 - Clear,07 - Dark,01 - Dry,03 - Yield sign,01 - Functioning,2,0,0,0,,0,,,,,372070.9223,5035608.514,45.45716689,-75.63986186,4046
18--14172,12/20/2018,7:52 PM,CHESTNUT ST @ LEES AVE (0011428),11428,03 - At intersection,03 - P.D. only,02 - Angle,01 - Clear,07 - Dark,01 - Dry,02 - Stop sign,01 - Functioning,2,0,0,0,,0,,,,,369378.7339,5030783.52,45.41400753,-75.67491393,4047
18--14173,12/20/2018,8:11 PM,OLD ALMONTE RD btwn MIDVALE DR & NORTHSHIRE DR (__3ZAC5Z),__3ZAC5Z,01 - Non intersection,03 - P.D. only,07 - SMV other,01 - Clear,07 - Dark,01 - Dry,10 - No control,,1,0,0,0,,0,,,,,343270.5813,5016130.676,45.28407869,-76.00960649,4048
18--14174,12/20/2018,8:33 AM,LAURIER AVE @ NICHOLAS ST (0010711),10711,02 - Intersection related,03 - P.D. only,03 - Rear end,01 - Clear,01 - Daylight,02 - Wet,01 - Traffic signal,01 - Functioning,2,0,0,0,,0,,,,,368373.6908,5031799.909,45.42324468,-75.68762235,4049
18--14175,12/20/2018,8:45 AM,HWY417 IC124 RAMP67 btwn CARLING AVE & HIGHWAY 417 (__3ZAYA7),__3ZAYA7,01 - Non intersection,03 - P.D. only,03 - Rear end,01 - Clear,01 - Daylight,02 - Wet,10 - No control,,2,0,0,0,,0,,,,,364487.0216,5027644.91,45.3862013,-75.73778661,4050
18--14176,12/20/2018,8:46 PM,MARCH RD btwn DUNROBIN RD & MURPHY CRT (__3ZA3DI),__3ZA3DI,01 - Non intersection,03 - P.D. only,07 - SMV other,01 - Clear,07 - Dark,01 - Dry,10 - No control,,1,0,0,0,,0,,,,,347215.18,5026064.543,45.37323969,-75.9584748,4051
18--14177,12/20/2018,9:01 AM,ARGYLE AVE @ QUEEN ELIZABETH DRWY (0007132),7132,02 - Intersection related,03 - P.D. only,03 - Rear end,01 - Clear,01 - Daylight,02 - Wet,02 - Stop sign,01 - Functioning,2,0,0,0,,0,,,,,368693.7535,5030753.682,45.41380193,-75.68366851,4052
18--14178,12/20/2018,9:25 AM,MERIVALE RD btwn SLACK RD & CAPITAL DR (__3ZA3IU),__3ZA3IU,04 - At/near private drive,03 - P.D. only,05 - Turning movement,01 - Clear,01 - Daylight,01 - Dry,10 - No control,,2,0,0,0,,0,,,,,366043.8709,5020896.001,45.32534141,-75.71874331,4053
18--14179,12/20/2018,9:40 AM,RICHARDSON AVE @ CARLING AVE (0002772),2772,02 - Intersection related,03 - P.D. only,03 - Rear end,01 - Clear,01 - Daylight,02 - Wet,02 - Stop sign,01 - Functioning,2,0,0,0,,0,,,,,361467.5412,5025556.394,45.36765981,-75.77658239,4054
18--1418,1/29/2018,1:52 PM,CARLING AVE @ RICHMOND RD (0010847),10847,03 - At intersection,02 - Non-fatal injury,05 - Turning movement,01 - Clear,01 - Daylight,01 - Dry,01 - Traffic signal,01 - Functioning,2,0,0,0,02 - Minor,1,,1,,,360245.6795,5024781.512,45.36078518,-75.79226641,4055
18--14180,12/20/2018,9:55 AM,MARCH RD @ MORGAN'S GRANT WAY/SHIRLEY'S BROOK  (0002651),2651,03 - At intersection,03 - P.D. only,05 - Turning movement,01 - Clear,01 - Daylight,01 - Dry,01 - Traffic signal,01 - Functioning,2,0,0,0,,0,,,,,349661.7534,5023617.372,45.35106719,-75.92746246,4056
18--14181,12/20/2018,9:57 AM,NOTRE DAME ST W @ ST. JOSEPH BLVD (0003639),3639,02 - Intersection related,03 - P.D. only,04 - Sideswipe,01 - Clear,01 - Daylight,01 - Dry,02 - Stop sign,01 - Functioning,4,0,0,0,,0,,,,,379544.7408,5036267.592,45.46233726,-75.54421278,4057
18--14182,12/21/2018,1:10 PM,HAWTHORNE RD @ STEVENAGE DR (0008802),8802,02 - Intersection related,03 - P.D. only,03 - Rear end,04 - Freezing Rain,01 - Daylight,02 - Wet,01 - Traffic signal,01 - Functioning,2,0,0,0,,0,,,,,375136.396,5027313.737,45.38223316,-75.60185502,4058
18--14183,12/21/2018,1:50 PM,LOLA ST btwn QUEEN MARY ST & PRINCE ALBERT ST (__3ZA8JY),__3ZA8JY,04 - At/near private drive,03 - P.D. only,02 - Angle,01 - Clear,01 - Daylight,02 - Wet,10 - No control,,2,0,0,0,,0,,,,,371131.982,5032025.114,45.42501487,-75.65234895,4059
18--14184,12/21/2018,1:58 PM,MARAVISTA DR @ STRANDHERD DR (0013565),13565,02 - Intersection related,03 - P.D. only,03 - Rear end,02 - Rain,01 - Daylight,02 - Wet,01 - Traffic signal,01 - Functioning,2,0,0,0,,0,,,,,361288.4381,5014584.958,45.26895318,-75.78011984,4060
18--14185,12/21/2018,1:59 PM,EARL ARMSTRONG RD @ HIGH RD (0013001),13001,02 - Intersection related,03 - P.D. only,07 - SMV other,02 - Rain,01 - Daylight,02 - Wet,10 - No control,00 - Unknown,1,0,0,0,,0,,,,,373764.0885,5018174.872,45.30014154,-75.6206502,4061
18--14186,12/21/2018,10:00 AM,DANFORTH AVE btwn ROOSEVELT AVE & CHURCHILL AVE N (__3ZA4A5),__3ZA4A5,04 - At/near private drive,03 - P.D. only,02 - Angle,01 - Clear,01 - Daylight,01 - Dry,10 - No control,,2,0,0,0,,0,,,,,363055.1614,5028094.47,45.39036693,-75.75601708,4062
18--14187,12/21/2018,10:00 PM,HWY417 IC131 RAMP63 btwn HWY417 IC131 RAMP53 & HWY417 IC131 RAMP66 (__3ZAY4Q),__3ZAY4Q,01 - Non intersection,03 - P.D. only,04 - Sideswipe,02 - Rain,07 - Dark,02 - Wet,10 - No control,,2,0,0,0,,0,,,,,358617.9256,5022918.715,45.34415054,-75.81324502,4063
18--14188,12/21/2018,10:18 PM,LADY SLIPPER WAY @ WHITETAIL DR (0001717),1717,02 - Intersection related,03 - P.D. only,06 - SMV unattended vehicle,02 - Rain,07 - Dark,06 - Ice,10 - No control,,1,0,0,0,,0,,,,,343313.3424,5012708.531,45.25328228,-76.00932681,4064
18--14189,12/21/2018,11:06 PM,CYRVILLE RD @ ST. LAURENT BLVD (0002647),2647,02 - Intersection related,03 - P.D. only,99 - Other,02 - Rain,07 - Dark,02 - Wet,01 - Traffic signal,01 - Functioning,2,0,0,0,,0,,,,,372241.7501,5032111.57,45.42568664,-75.63815708,4065
18--1419,1/29/2018,1:54 PM,BANK ST @ GILMOUR ST (0007270),7270,02 - Intersection related,03 - P.D. only,04 - Sideswipe,01 - Clear,01 - Daylight,02 - Wet,01 - Traffic signal,01 - Functioning,2,0,0,0,,0,,,,,367786.7049,5030774.571,45.41407212,-75.69525349,4066
18--14190,12/21/2018,11:23 AM,INNES RD @ TENTH LINE RD (0004633),4633,02 - Intersection related,03 - P.D. only,03 - Rear end,01 - Clear,01 - Daylight,02 - Wet,01 - Traffic signal,01 - Functioning,2,0,0,0,,0,,,,,383951.8146,5036159.349,45.46087797,-75.48788401,4067
18--14191,12/21/2018,11:48 PM,DALHOUSIE ST @ ST. PATRICK ST (0008242),8242,03 - At intersection,03 - P.D. only,05 - Turning movement,02 - Rain,07 - Dark,02 - Wet,01 - Traffic signal,01 - Functioning,2,0,0,0,,0,,,,,367957.7005,5032640.581,45.43084644,-75.69282976,4068