Anom_ID,Accident_Date,Accident_Time,Location,Geo_ID,Accident_Location,Classification_of_Accident,Initial_Impact_Type,Environment_Condition,Light,Road_Surface_Condition,Traffic_Control,Traffic_Control_Condition,No__of_Vehicles,No__of_Bicycles,No__of_Motorcycles,No__of_Pedestrians,Max_Injury,No__of_Injuries,No__of_Minimal,No__of_Minor,No__of_Major,No__of_Fatal,X,Y,Latitude,Longitude,ObjectId
18--14192,12/21/2018,11:55 AM,ST. LAURENT BLVD @ COVENTRY RD/OGILVIE RD (0002151),2151,02 - Intersection related,03 - P.D. only,03 - Rear end,01 - Clear,01 - Daylight,02 - Wet,01 - Traffic signal,01 - Functioning,2,0,0,0,,0,,,,,372305.833,5031951.404,45.42423936,-75.6373602,4069
18--14193,12/21/2018,Unknown,INWOOD DR btwn KLUANE RDG & STEEPLE CHASE DR (__3ZA2VG),__3ZA2VG,01 - Non intersection,03 - P.D. only,06 - SMV unattended vehicle,02 - Rain,00 - Unknown,02 - Wet,10 - No control,,1,0,0,0,,0,,,,,354985.011,5017835.968,45.29868452,-75.86011564,4070
18--14194,12/21/2018,Unknown,REGATTA AVE btwn CAMBRIAN RD & SUNSET COVE CIRC (__61W6VP),__61W6VP,01 - Non intersection,03 - P.D. only,06 - SMV unattended vehicle,03 - Snow,00 - Unknown,03 - Loose snow,10 - No control,,1,0,0,0,,0,,,,,364593.3115,5012614.437,45.25094919,-75.73824381,4071
18--14195,12/21/2018,12:06 PM,CEDARVIEW RD @ JOCKVALE RD (0000788),788,02 - Intersection related,03 - P.D. only,03 - Rear end,01 - Clear,01 - Daylight,01 - Dry,11 - Roundabout,01 - Functioning,2,0,0,0,,0,,,,,361474.4592,5015252.404,45.27494395,-75.77767322,4072
18--14196,12/21/2018,12:23 PM,ISABELLA ST btwn CHAMBERLAIN AVE & O'CONNOR ST (__3ZA3PM),__3ZA3PM,01 - Non intersection,03 - P.D. only,03 - Rear end,02 - Rain,01 - Daylight,02 - Wet,10 - No control,,2,0,0,0,,0,,,,,368085.2331,5030171.559,45.40861948,-75.69151716,4073
18--14197,12/21/2018,12:25 PM,ROBERTSON RD @ VANIER RD (0000640),640,02 - Intersection related,03 - P.D. only,02 - Angle,01 - Clear,01 - Daylight,01 - Dry,01 - Traffic signal,01 - Functioning,2,0,0,0,,0,,,,,357395.7093,5020645.567,45.32378928,-75.82908185,4074
18--14198,12/21/2018,2:42 PM,HAZELDEAN RD @ HUNTMAR DR/IBER RD (0000075),75,03 - At intersection,03 - P.D. only,05 - Turning movement,02 - Rain,01 - Daylight,02 - Wet,01 - Traffic signal,01 - Functioning,2,0,0,0,,0,,,,,350942.4719,5016079.377,45.28315534,-75.91182061,4075
18--14199,12/21/2018,2:58 AM,BRONSON AVE btwn UNIVERSITY RD & BREWER WAY (__3ZA3BT),__3ZA3BT,01 - Non intersection,03 - P.D. only,07 - SMV other,02 - Rain,07 - Dark,06 - Ice,10 - No control,,1,0,0,0,,0,,,,,367944.6008,5028054.007,45.38957908,-75.69358468,4076
18--142,1/2/2018,7:55 AM,HIGHWAY 417 btwn HWY417 IC117 RAMP51 & HWY417 IC117 RAMP35 (__3ZA2YN),__3ZA2YN,01 - Non intersection,03 - P.D. only,04 - Sideswipe,01 - Clear,01 - Daylight,06 - Ice,10 - No control,,2,0,0,0,,0,,,,,370756.2859,5031180.703,45.41745273,-75.65726246,4077
18--1420,1/29/2018,11:30 AM,WOODROFFE AVE btwn CLARIDGE DR & QUEENSBURY DR (__3ZA4KI),__3ZA4KI,04 - At/near private drive,03 - P.D. only,02 - Angle,01 - Clear,01 - Daylight,01 - Dry,10 - No control,,2,0,0,0,,0,,,,,365708.5377,5016376.53,45.28470477,-75.72357594,4078
18--14200,12/21/2018,3:07 PM,HAWTHORNE RD @ HUNT CLUB RD (0007651),7651,02 - Intersection related,02 - Non-fatal injury,02 - Angle,01 - Clear,01 - Daylight,01 - Dry,01 - Traffic signal,01 - Functioning,2,0,0,0,02 - Minor,1,,1,,,375507.7006,5026406.603,45.37403384,-75.59724421,4079
18--14201,12/21/2018,3:08 PM,CYRVILLE RD @ MEADOWBROOK RD (0012477),12477,02 - Intersection related,03 - P.D. only,04 - Sideswipe,02 - Rain,01 - Daylight,02 - Wet,01 - Traffic signal,01 - Functioning,2,0,0,0,,0,,,,,374629.6718,5031242.355,45.4176316,-75.60776852,4080
18--14202,12/21/2018,3:10 PM,HAZELDEAN RD @ FRINGEWOOD DR (0000073),73,02 - Intersection related,03 - P.D. only,03 - Rear end,02 - Rain,01 - Daylight,02 - Wet,01 - Traffic signal,01 - Functioning,2,0,0,0,,0,,,,,350755.6819,5015910.592,45.2816488,-75.91421714,4081
18--14203,12/21/2018,3:18 PM,RIVERSIDE DR @ BROOKFIELD RD/HOG'S BACK RD (0001627),1627,03 - At intersection,02 - Non-fatal injury,05 - Turning movement,02 - Rain,01 - Daylight,02 - Wet,01 - Traffic signal,01 - Functioning,2,1,0,0,02 - Minor,1,,1,,,368167.8761,5026222.646,45.37308083,-75.69096859,4082
18--14204,12/21/2018,3:24 PM,RIOCAN AVE @ STRANDHERD DR (0010997),10997,03 - At intersection,03 - P.D. only,02 - Angle,02 - Rain,01 - Daylight,04 - Slush,01 - Traffic signal,01 - Functioning,2,0,0,0,,0,,,,,364172.2092,5014944.573,45.27195147,-75.74332964,4083
18--14205,12/21/2018,4:20 PM,MARCH RD @ TERRY FOX DR (0003173),3173,02 - Intersection related,02 - Non-fatal injury,03 - Rear end,02 - Rain,05 - Dusk,02 - Wet,01 - Traffic signal,01 - Functioning,2,0,0,0,01 - Minimal,1,1,,,,349864.6058,5023399.469,45.34909345,-75.9248936,4084
18--14206,12/21/2018,4:40 PM,STRANDHERD DR btwn CEDARVIEW RD & MADRID AVE (__6O5O8S),__6O5O8S,01 - Non intersection,02 - Non-fatal injury,03 - Rear end,02 - Rain,05 - Dusk,02 - Wet,10 - No control,,3,0,0,0,02 - Minor,1,,1,,,362368.0543,5013559.877,45.25964189,-75.7664813,4085
18--14207,12/21/2018,4:42 PM,HIGHWAY 417 btwn HWY417 IC112 RAMP55 & HIGHWAY 417 (__3ZAZPP),__3ZAZPP,01 - Non intersection,03 - P.D. only,03 - Rear end,02 - Rain,05 - Dusk,02 - Wet,10 - No control,,2,0,0,0,,0,,,,,375063.071,5030616.8,45.4119598,-75.60232073,4086
18--14208,12/21/2018,4:45 PM,LANDSWOOD WAY btwn WEST RIDGE DR & WEST RIDGE DR (__589R1D),__589R1D,04 - At/near private drive,03 - P.D. only,06 - SMV unattended vehicle,02 - Rain,05 - Dusk,02 - Wet,10 - No control,,1,0,0,0,,0,,,,,350000.4459,5011845.016,45.24511427,-75.92421334,4087
18--14209,12/21/2018,4:49 PM,DWYER HILL RD btwn ROGER STEVENS DR & FLOOD RD (__3ZBOCI),__3ZBOCI,01 - Non intersection,03 - P.D. only,07 - SMV other,02 - Rain,05 - Dusk,02 - Wet,10 - No control,,1,0,0,0,,0,,,,,354494.3221,4989183.826,45.04089571,-75.86922409,4088
18--1421,1/29/2018,Unknown,KLONDIKE RD btwn PENRITH ST & FLAMBOROUGH WAY (__4V7T22),__4V7T22,01 - Non intersection,03 - P.D. only,06 - SMV unattended vehicle,03 - Snow,00 - Unknown,03 - Loose snow,10 - No control,,1,0,0,0,,0,,,,,348901.6486,5023722.137,45.35205811,-75.9371533,4089
18--14210,12/21/2018,4:51 PM,HWY417 IC110 RAMP57 btwn HWY417 IC110 RAMP58 & WALKLEY EXTENSION RD (__3ZAY7N),__3ZAY7N,01 - Non intersection,03 - P.D. only,07 - SMV other,"07 - Fog, mist, smoke, dust",07 - Dark,02 - Wet,10 - No control,,1,0,0,0,,0,,,,,375617.108,5029083.974,45.39811242,-75.5954634,4090
18--14211,12/21/2018,5:15 PM,JEANNE D'ARC BLVD N/OR174 IC105 RAMP63 @ TRANS (0012413),12413,02 - Intersection related,03 - P.D. only,03 - Rear end,01 - Clear,07 - Dark,02 - Wet,01 - Traffic signal,01 - Functioning,2,0,0,0,,0,,,,,379342.5278,5037116.519,45.46999687,-75.54666944,4091
18--14212,12/21/2018,5:30 PM,REGIONAL ROAD 174 btwn OR174 IC105 RAMP51 & OR174 IC105 RAMP35 (__3ZA2XC),__3ZA2XC,01 - Non intersection,03 - P.D. only,03 - Rear end,02 - Rain,07 - Dark,02 - Wet,10 - No control,,2,0,0,0,,0,,,,,379367.7303,5036978.71,45.46875428,-75.54636808,4092
18--14213,12/21/2018,5:34 AM,CROYDON AVE @ RICHMOND RD (0002652),2652,03 - At intersection,02 - Non-fatal injury,07 - SMV other,02 - Rain,07 - Dark,02 - Wet,01 - Traffic signal,01 - Functioning,1,0,0,1,02 - Minor,1,,1,,,360545.3716,5025272.482,45.36517914,-75.78838591,4093
18--14214,12/21/2018,5:35 PM,HOLLAND AVE @ KENILWORTH ST (0006299),6299,03 - At intersection,03 - P.D. only,02 - Angle,02 - Rain,07 - Dark,02 - Wet,01 - Traffic signal,01 - Functioning,2,0,0,0,,0,,,,,365214.6337,5028496.514,45.39380148,-75.72839147,4094
18--14215,12/21/2018,6:00 PM,BASELINE RD @ MERIVALE RD (0002342),2342,02 - Intersection related,03 - P.D. only,03 - Rear end,01 - Clear,07 - Dark,01 - Dry,01 - Traffic signal,01 - Functioning,2,0,0,0,,0,,,,,365054.7404,5025325.524,45.36528328,-75.7308204,4095
18--14216,12/21/2018,6:00 PM,HIGHWAY 417 btwn HWY417 IC96 RAMP61 & HWY417 IC88 RAMP16 (__3ZA27Z),__3ZA27Z,01 - Non intersection,03 - P.D. only,07 - SMV other,02 - Rain,07 - Dark,02 - Wet,10 - No control,,1,0,0,0,,0,,,,,389236.4966,5023600.747,45.34726965,-75.42247072,4096
18--14217,12/21/2018,6:07 PM,WEST HUNT CLUB RD btwn PRINCE OF WALES DR & HUNT CLUB RD (__3ZA2T4),__3ZA2T4,01 - Non intersection,03 - P.D. only,03 - Rear end,02 - Rain,07 - Dark,02 - Wet,10 - No control,,2,0,0,0,,0,,,,,367662.57,5021882.017,45.3340703,-75.69797119,4097
18--14218,12/21/2018,6:30 PM,GREENBANK RD @ IRIS ST/HWY 417 IC129 RAMP51 (0009073),9073,02 - Intersection related,03 - P.D. only,04 - Sideswipe,02 - Rain,07 - Dark,02 - Wet,01 - Traffic signal,01 - Functioning,2,0,0,0,,0,,,,,360531.2639,5023312.275,45.34754238,-75.78878698,4098
18--14219,12/21/2018,6:45 PM,CONSTANCE BAY RD @ DUNROBIN RD (0002322),2322,03 - At intersection,02 - Non-fatal injury,07 - SMV other,02 - Rain,07 - Dark,02 - Wet,03 - Yield sign,01 - Functioning,1,0,0,0,02 - Minor,1,,1,,,336735.4549,5037257.41,45.47451273,-76.09154243,4099
18--1422,1/29/2018,Unknown,KING EDWARD AVE btwn MANN AVE & TEMPLETON ST (__3ZA3CB),__3ZA3CB,01 - Non intersection,03 - P.D. only,06 - SMV unattended vehicle,01 - Clear,00 - Unknown,01 - Dry,10 - No control,,1,0,0,0,,0,,,,,369109.4231,5031426.226,45.41981517,-75.67827053,4100
18--13681,12/12/2018,6:29 PM,HIGHWAY 417 btwn HWY417 IC127 RAMP16 & HWY417 IC127 RAMP63 (__3ZA2UP),__3ZA2UP,01 - Non intersection,03 - P.D. only,03 - Rear end,01 - Clear,07 - Dark,01 - Dry,10 - No control,,2,0,0,0,,0,,,,,361870.0107,5024658.395,45.35954703,-75.77154859,4101
18--14310,12/24/2018,11:44 AM,KING EDWARD AVE @ LAURIER AVE (0002170),2170,02 - Intersection related,03 - P.D. only,04 - Sideswipe,03 - Snow,01 - Daylight,02 - Wet,01 - Traffic signal,01 - Functioning,2,0,0,0,,0,,,,,368739.6313,5032034.566,45.42532268,-75.68291619,4102
18--13591,12/11/2018,4:07 PM,MAIN ST btwn EVELYN AVE & SPRINGHURST AVE (__3ZA3PZ),__3ZA3PZ,01 - Non intersection,03 - P.D. only,04 - Sideswipe,03 - Snow,05 - Dusk,02 - Wet,10 - No control,,2,0,0,0,,0,,,,,369077.6504,5030382.37,45.41042584,-75.67881262,4103
18--13771,12/13/2018,9:30 AM,BEVERLY ST @ WEST RIDGE DR (0005561),5561,02 - Intersection related,03 - P.D. only,07 - SMV other,04 - Freezing Rain,01 - Daylight,04 - Slush,02 - Stop sign,01 - Functioning,1,0,0,0,,0,,,,,349122.8986,5013175.091,45.25713861,-75.93527284,4104
18--13682,12/12/2018,6:30 PM,JOCKVALE RD @ EXETER DR/TARTAN DR (0010065),10065,02 - Intersection related,03 - P.D. only,03 - Rear end,03 - Snow,07 - Dark,03 - Loose snow,11 - Roundabout,01 - Functioning,2,0,0,0,,0,,,,,363323.7935,5014773.527,45.27048351,-75.75416152,4105
18--14311,12/24/2018,11:46 AM,CHRYSALIS WAY @ MERIDIAN PL (0009824),9824,03 - At intersection,03 - P.D. only,02 - Angle,03 - Snow,01 - Daylight,04 - Slush,03 - Yield sign,01 - Functioning,2,0,0,0,,0,,,,,362757.014,5022756.52,45.34236135,-75.76045058,4106
18--13592,12/11/2018,4:15 PM,HIGHWAY 417 btwn HWY417 IC121A RAMP16 & HWY417 IC121A RAMP61 (__3ZA2YY),__3ZA2YY,01 - Non intersection,03 - P.D. only,04 - Sideswipe,01 - Clear,05 - Dusk,02 - Wet,10 - No control,,2,0,0,0,,0,,,,,367029.4525,5029673.152,45.40422962,-75.70506658,4107
18--13683,12/12/2018,6:31 PM,GREENBANK RD btwn JOCKVALE RD & CAMBRIAN RD (__3ZA2WE),__3ZA2WE,01 - Non intersection,03 - P.D. only,03 - Rear end,01 - Clear,07 - Dark,01 - Dry,10 - No control,,4,0,0,0,,0,,,,,364335.7124,5013842.555,45.26202167,-75.74137815,4108
18--13772,12/13/2018,9:33 PM,HAWTHORNE RD/RUSSELL RD @ WALKLEY RD (0002618),2618,02 - Intersection related,02 - Non-fatal injury,03 - Rear end,01 - Clear,07 - Dark,01 - Dry,01 - Traffic signal,01 - Functioning,2,0,0,0,01 - Minimal,1,1,,,,374674.7538,5028499.444,45.39294778,-75.60758126,4109
18--14312,12/24/2018,12:00 PM,CAMINITI CRES btwn WILKIE DR & WILKIE DR (__3ZBN82),__3ZBN82,01 - Non intersection,03 - P.D. only,06 - SMV unattended vehicle,01 - Clear,01 - Daylight,05 - Packed snow,10 - No control,,1,0,0,0,,0,,,,,384308.1258,5037489.567,45.47280558,-75.48311339,4110
18--13593,12/11/2018,4:30 PM,CYRVILLE RD @ INNES RD (0009352),9352,02 - Intersection related,03 - P.D. only,04 - Sideswipe,01 - Clear,05 - Dusk,02 - Wet,01 - Traffic signal,00 - Unknown,2,0,0,0,,0,,,,,375047.702,5031119.589,45.41648517,-75.6024454,4111
18--13684,12/12/2018,6:56 PM,HAZELDEAN RD @ JOHNWOODS ST/VICTOR ST (0004683),4683,02 - Intersection related,02 - Non-fatal injury,03 - Rear end,01 - Clear,07 - Dark,01 - Dry,01 - Traffic signal,01 - Functioning,2,0,0,0,01 - Minimal,1,1,,,,350186.5789,5015396.565,45.27706039,-75.92151795,4112
18--13773,12/13/2018,9:36 AM,VANIER PKWY/CRICHTON ST @ BEECHWOOD AVE/ST. PA (0001604),1604,02 - Intersection related,03 - P.D. only,04 - Sideswipe,01 - Clear,01 - Daylight,01 - Dry,01 - Traffic signal,00 - Unknown,2,0,0,0,,0,,,,,369127.8188,5033487.148,45.43835687,-75.67776629,4113
18--14313,12/24/2018,12:02 PM,CHESTERTON DR btwn WOODMOUNT CRES & WOODMOUNT CRES (__3ZAAVA),__3ZAAVA,04 - At/near private drive,03 - P.D. only,02 - Angle,03 - Snow,01 - Daylight,03 - Loose snow,10 - No control,,2,0,0,0,,0,,,,,365524.4779,5023879.466,45.35223135,-75.72500218,4114
18--13594,12/11/2018,5:00 PM,NORICE ST @ WOODROFFE AVE (0001542),1542,02 - Intersection related,02 - Non-fatal injury,03 - Rear end,02 - Rain,07 - Dark,02 - Wet,01 - Traffic signal,01 - Functioning,2,0,0,0,01 - Minimal,2,2,,,,363194.8247,5022397.474,45.33909437,-75.75490683,4115
18--13685,12/12/2018,7:00 AM,HIGHWAY 417 btwn HWY417 IC129 RAMP25 & HWY417 IC129 RAMP35 (__3ZAYFR),__3ZAYFR,01 - Non intersection,03 - P.D. only,03 - Rear end,01 - Clear,03 - Dawn,01 - Dry,10 - No control,,2,0,0,0,,0,,,,,360453.6725,5023522.783,45.34944269,-75.7897534,4116
18--13774,12/13/2018,9:37 AM,DALY AVE @ WALLER ST (0008233),8233,03 - At intersection,03 - P.D. only,05 - Turning movement,01 - Clear,01 - Daylight,01 - Dry,01 - Traffic signal,01 - Functioning,2,0,0,0,,0,,,,,368341.2135,5032120.407,45.42613136,-75.68799598,4117
18--14314,12/24/2018,12:45 PM,BLACKBURN BYPASS EB btwn 1700 W OF NAVAN RD & NAVAN RD (__3ZA3J6B),__3ZA3J6B,01 - Non intersection,03 - P.D. only,07 - SMV other,03 - Snow,01 - Daylight,03 - Loose snow,10 - No control,,1,0,0,0,,0,,,,,379591.3271,5033220.024,45.43491251,-75.54408046,4118
18--13595,12/11/2018,5:15 PM,DONALD ST @ ST. LAURENT BLVD (0008630),8630,02 - Intersection related,03 - P.D. only,03 - Rear end,03 - Snow,07 - Dark,04 - Slush,01 - Traffic signal,01 - Functioning,2,0,0,0,,0,,,,,372093.5693,5032472.69,45.4289501,-75.64000113,4119
18--13596,12/11/2018,5:30 PM,CARLINGWOOD SC @ WOODROFFE AVE (0008879),8879,03 - At intersection,03 - P.D. only,02 - Angle,03 - Snow,07 - Dark,02 - Wet,01 - Traffic signal,01 - Functioning,2,0,0,0,,0,,,,,361845.7155,5026036.54,45.37194945,-75.77169956,4120
18--13597,12/11/2018,5:30 PM,DWYER HILL RD btwn ROGER STEVENS DR & FLOOD RD (__3ZBOCI),__3ZBOCI,01 - Non intersection,03 - P.D. only,07 - SMV other,03 - Snow,07 - Dark,03 - Loose snow,10 - No control,,1,0,0,0,,0,,,,,354408.2108,4989275.845,45.04172979,-75.87030796,4121
18--13598,12/11/2018,5:31 PM,MERIVALE RD @ SHILLINGTON AVE (0011308),11308,03 - At intersection,03 - P.D. only,05 - Turning movement,03 - Snow,07 - Dark,03 - Loose snow,01 - Traffic signal,01 - Functioning,2,0,0,0,,0,,,,,364844.7728,5026809.832,45.37865685,-75.73332005,4122
18--13599,12/11/2018,5:42 PM,AYLWIN RD btwn TO BE DETERMINED & FERRY RD (__3ZBOBY),__3ZBOBY,01 - Non intersection,03 - P.D. only,07 - SMV other,03 - Snow,07 - Dark,03 - Loose snow,10 - No control,,1,0,0,0,,0,,,,,328342.228,5038783.219,45.4885759,-76.19881772,4123
18--136,1/2/2018,7:35 PM,MONTREAL RD @ VANIER PKWY (0004630),4630,02 - Intersection related,03 - P.D. only,04 - Sideswipe,03 - Snow,07 - Dark,03 - Loose snow,01 - Traffic signal,00 - Unknown,2,0,0,0,,0,,,,,370072.7098,5033065.592,45.43447631,-75.66574594,4124
18--1360,1/27/2018,Unknown,LENORE PL btwn COUPAL ST & END (__3ZA8TG),__3ZA8TG,01 - Non intersection,03 - P.D. only,06 - SMV unattended vehicle,01 - Clear,00 - Unknown,02 - Wet,10 - No control,,1,0,0,0,,0,,,,,369618.1102,5033321.213,45.43681857,-75.67152193,4125
18--13600,12/11/2018,5:50 AM,LANCASTER RD @ WALKLEY RD (0003130),3130,03 - At intersection,03 - P.D. only,05 - Turning movement,01 - Clear,07 - Dark,06 - Ice,01 - Traffic signal,01 - Functioning,2,0,0,0,,0,,,,,374908.8442,5028602.356,45.39385034,-75.60457728,4126
18--13601,12/11/2018,5:50 PM,HIGHWAY 417 btwn HWY417 IC124 RAMP67 & HWY417 IC123 RAMP62 (__3ZA2YZ),__3ZA2YZ,01 - Non intersection,03 - P.D. only,03 - Rear end,03 - Snow,07 - Dark,02 - Wet,10 - No control,,3,0,0,0,,0,,,,,364750.7575,5028019.935,45.38955318,-75.73437341,4127
18--13602,12/11/2018,5:57 AM,COLONEL BY DR/SUSSEX DR @ RIDEAU ST (0007647),7647,03 - At intersection,03 - P.D. only,04 - Sideswipe,01 - Clear,07 - Dark,01 - Dry,01 - Traffic signal,01 - Functioning,2,0,0,0,,0,,,,,367921.6263,5032044.512,45.42548647,-75.69336715,4128
18--13603,12/11/2018,5:57 PM,MEADOWLANDS DR @ MERIVALE RD (0000625),625,02 - Intersection related,03 - P.D. only,03 - Rear end,03 - Snow,07 - Dark,02 - Wet,01 - Traffic signal,01 - Functioning,2,0,0,0,,0,,,,,364858.4655,5023725.536,45.35090367,-75.73352011,4129
18--13604,12/11/2018,6:21 PM,TERON RD @ BEAVERBROOK RD/PENFIELD DR N (0002572),2572,02 - Intersection related,02 - Non-fatal injury,07 - SMV other,03 - Snow,07 - Dark,02 - Wet,01 - Traffic signal,01 - Functioning,1,0,0,1,01 - Minimal,1,1,,,,351884.7542,5021213.473,45.32929072,-75.89932224,4130
18--13605,12/11/2018,6:30 PM,MARCH RD btwn MURPHY CRT & MAXWELL RD (__3ZA3DH),__3ZA3DH,01 - Non intersection,03 - P.D. only,07 - SMV other,03 - Snow,07 - Dark,03 - Loose snow,10 - No control,,1,0,0,0,,0,,,,,347890.3414,5025562.187,45.36867819,-75.94989907,4131
18--13606,12/11/2018,6:46 AM,OTTAWA RIVER PKWY @ ISLAND PARK DR (0002127),2127,02 - Intersection related,02 - Non-fatal injury,03 - Rear end,03 - Snow,07 - Dark,02 - Wet,01 - Traffic signal,01 - Functioning,2,0,0,0,01 - Minimal,1,1,,,,363298.491,5029453.626,45.4025761,-75.75274858,4132
18--13607,12/11/2018,6:50 AM,JOHN QUINN RD btwn STONE SCHOOL RD & BANK ST (__3ZA645),__3ZA645,01 - Non intersection,03 - P.D. only,07 - SMV other,03 - Snow,07 - Dark,03 - Loose snow,10 - No control,,1,0,0,0,,0,,,,,383366.172,5010993.207,45.23451685,-75.49936927,4133
18--13608,12/11/2018,6:50 AM,BANK ST btwn QUEENSDALE AVE & LESTER RD (__3ZA2LF),__3ZA2LF,04 - At/near private drive,03 - P.D. only,02 - Angle,01 - Clear,07 - Dark,01 - Dry,10 - No control,,2,0,0,0,,0,,,,,373397.7997,5023387.243,45.34707656,-75.62459809,4134
18--13609,12/11/2018,6:54 PM,COVENTRY RD @ VANIER PKWY (0002139),2139,02 - Intersection related,03 - P.D. only,03 - Rear end,03 - Snow,07 - Dark,02 - Wet,01 - Traffic signal,01 - Functioning,2,0,0,0,,0,,,,,370676.3083,5031611.688,45.42133809,-75.65822662,4135
18--1361,1/27/2018,12:10 PM,GRANGE AVE @ WELLINGTON ST (0006097),6097,02 - Intersection related,03 - P.D. only,04 - Sideswipe,01 - Clear,01 - Daylight,06 - Ice,02 - Stop sign,01 - Functioning,2,0,0,0,,0,,,,,364593.7061,5029043.554,45.39877693,-75.73625486,4136
18--13610,12/11/2018,7:15 PM,COLONNADE RD @ MERIVALE RD (0004569),4569,02 - Intersection related,03 - P.D. only,03 - Rear end,03 - Snow,07 - Dark,03 - Loose snow,01 - Traffic signal,01 - Functioning,2,0,0,0,,0,,,,,365363.3604,5022544.452,45.34023302,-75.72722173,4137
18--13611,12/11/2018,7:19 AM,RIDEAU VALLEY DR btwn BARNSDALE RD & BANKFIELD RD (__3ZAZ7W),__3ZAZ7W,01 - Non intersection,03 - P.D. only,07 - SMV other,03 - Snow,03 - Dawn,04 - Slush,10 - No control,,1,0,0,0,,0,,,,,368323.1142,5010265.482,45.22948663,-75.69103141,4138
18--13612,12/11/2018,7:21 PM,HUNT CLUB RD @ LORRY GREENBERG DR/SABLE RIDGE  (0008203),8203,03 - At intersection,03 - P.D. only,05 - Turning movement,03 - Snow,07 - Dark,02 - Wet,01 - Traffic signal,01 - Functioning,2,0,0,0,,0,,,,,372823.9496,5024807.518,45.35991156,-75.63172495,4139
18--13613,12/11/2018,7:26 AM,HIGHWAY 417 btwn HWY417 IC117 RAMP51 & HWY417 IC117 RAMP35 (__3ZA2YN),__3ZA2YN,01 - Non intersection,03 - P.D. only,03 - Rear end,01 - Clear,03 - Dawn,00 - Unknown,10 - No control,,3,0,0,0,,0,,,,,371027.6396,5031295.463,45.41845966,-75.65378027,4140
18--13614,12/11/2018,7:50 AM,ST. PATRICK ST btwn SUSSEX DR & PARENT AVE (__3ZA3WI),__3ZA3WI,01 - Non intersection,03 - P.D. only,04 - Sideswipe,03 - Snow,03 - Dawn,02 - Wet,10 - No control,,2,0,0,0,,0,,,,,367705.0462,5032485.71,45.42947573,-75.6960782,4141
18--13615,12/11/2018,7:52 PM,HIGHWAY 416 btwn HWY416 IC57 RAMP53 & HWY416 IC49 RAMP34 (__3ZAZJC),__3ZAZJC,01 - Non intersection,03 - P.D. only,07 - SMV other,01 - Clear,07 - Dark,02 - Wet,10 - No control,,1,0,0,0,,0,,,,,369009.0276,5001676.359,45.15213943,-75.68340314,4142
18--13616,12/11/2018,8:14 AM,INDUSTRIAL AVE btwn RUSSELL RD & ST. LAURENT BLVD (__3ZA3R7),__3ZA3R7,01 - Non intersection,03 - P.D. only,03 - Rear end,03 - Snow,01 - Daylight,02 - Wet,10 - No control,,2,0,0,0,,0,,,,,372735.5382,5030033.561,45.4069419,-75.63213412,4143
18--13617,12/11/2018,8:28 PM,ALTA VISTA DR btwn EDGE HILL PL & AYERS AVE (__3ZA0TT),__3ZA0TT,01 - Non intersection,03 - P.D. only,03 - Rear end,03 - Snow,07 - Dark,04 - Slush,10 - No control,,2,0,0,0,,0,,,,,370437.3908,5026360.408,45.37411147,-75.66197796,4144
18--13618,12/11/2018,9:05 AM,ELGIN ST @ SLATER ST (0002228),2228,03 - At intersection,03 - P.D. only,07 - SMV other,03 - Snow,01 - Daylight,04 - Slush,01 - Traffic signal,01 - Functioning,1,0,0,0,,0,,,,,367890.5937,5031646.732,45.42191018,-75.69381462,4145
18--13619,12/11/2018,9:09 AM,HIGHWAY 417 btwn HWY417 IC122 RAMP61 & HWY417 IC121B RAMP16 (__3ZA2Y4),__3ZA2Y4,01 - Non intersection,03 - P.D. only,07 - SMV other,03 - Snow,01 - Daylight,06 - Ice,10 - No control,,1,0,0,0,,0,,,,,366188.1778,5029395.9,45.40180926,-75.71584671,4146
18--1362,1/27/2018,12:37 PM,ALBION RD @ WYLDEWOOD ST (0009604),9604,02 - Intersection related,03 - P.D. only,03 - Rear end,01 - Clear,01 - Daylight,01 - Dry,02 - Stop sign,01 - Functioning,2,0,0,0,,0,,,,,372292.7364,5023293.508,45.34634037,-75.63871139,4147
18--13620,12/11/2018,9:13 AM,ALBERT ST btwn BRONSON AVE & BAY ST (__3ZA339),__3ZA339,01 - Non intersection,02 - Non-fatal injury,03 - Rear end,03 - Snow,01 - Daylight,06 - Ice,10 - No control,,2,0,0,0,02 - Minor,1,,1,,,366902.828,5031119.426,45.41725402,-75.70650174,4148
18--13621,12/11/2018,9:14 AM,WALKLEY RD btwn BANFF AVE & AYERS AVE (__3ZA1RR),__3ZA1RR,01 - Non intersection,03 - P.D. only,03 - Rear end,03 - Snow,01 - Daylight,03 - Loose snow,10 - No control,,2,0,0,0,,0,,,,,370531.8469,5026060.364,45.37140292,-75.66081206,4149
18--13622,12/11/2018,9:40 AM,FAIRMONT AVE @ WELLINGTON ST (0006497),6497,02 - Intersection related,03 - P.D. only,04 - Sideswipe,03 - Snow,01 - Daylight,03 - Loose snow,01 - Traffic signal,01 - Functioning,2,0,0,0,,0,,,,,365555.4908,5029697.89,45.40458169,-75.7238905,4150
18--13623,12/11/2018,9:43 AM,BASELINE RD @ MERIVALE RD (0002342),2342,02 - Intersection related,03 - P.D. only,03 - Rear end,03 - Snow,01 - Daylight,03 - Loose snow,01 - Traffic signal,01 - Functioning,2,0,0,0,,0,,,,,365054.6707,5025325.822,45.36528597,-75.73082125,4151