Anom_ID,Accident_Date,Accident_Time,Location,Geo_ID,Accident_Location,Classification_of_Accident,Initial_Impact_Type,Environment_Condition,Light,Road_Surface_Condition,Traffic_Control,Traffic_Control_Condition,No__of_Vehicles,No__of_Bicycles,No__of_Motorcycles,No__of_Pedestrians,Max_Injury,No__of_Injuries,No__of_Minimal,No__of_Minor,No__of_Major,No__of_Fatal,X,Y,Latitude,Longitude,ObjectId
18--13624,12/12/2018,1:10 PM,JEANNE D'ARC BLVD @ ORLEANS BLVD N (0003792),3792,03 - At intersection,02 - Non-fatal injury,05 - Turning movement,01 - Clear,01 - Daylight,01 - Dry,01 - Traffic signal,01 - Functioning,2,0,0,0,02 - Minor,1,,1,,,380028.8131,5038105.341,45.47881992,-75.53774231,4152
18--13625,12/12/2018,1:15 AM,DUNROBIN RD @ GALETTA SIDE RD (0002366),2366,02 - Intersection related,03 - P.D. only,07 - SMV other,03 - Snow,07 - Dark,04 - Slush,02 - Stop sign,00 - Unknown,1,0,0,0,,0,,,,,333686.5627,5040339.672,45.50238053,-76.13035583,4153
18--13626,12/12/2018,1:18 PM,TREMBLAY RD @ TRIOLE ST (0008701),8701,03 - At intersection,03 - P.D. only,02 - Angle,01 - Clear,01 - Daylight,02 - Wet,02 - Stop sign,01 - Functioning,2,0,0,0,,0,,,,,372707.7276,5031281.488,45.41817288,-75.63231742,4154
18--13627,12/12/2018,1:23 PM,CARLING AVE btwn MARCH RD & SCHNEIDER RD (__3ZA42E),__3ZA42E,04 - At/near private drive,02 - Non-fatal injury,02 - Angle,01 - Clear,01 - Daylight,02 - Wet,10 - No control,,2,0,0,0,01 - Minimal,1,1,,,,351362.8569,5022195.877,45.33816542,-75.90588749,4155
18--13628,12/12/2018,1:25 PM,HWY417 IC126 RAMP52 btwn MAITLAND AVE & HWY417 IC126 RAMP51 (__3ZAYAD),__3ZAYAD,01 - Non intersection,03 - P.D. only,03 - Rear end,01 - Clear,01 - Daylight,01 - Dry,10 - No control,,2,0,0,0,,0,,,,,363220.8712,5025820.033,45.36988806,-75.75417008,4156
18--13629,12/12/2018,1:30 PM,HUNT CLUB RD @ UPLANDS DR (0010844),10844,02 - Intersection related,03 - P.D. only,03 - Rear end,03 - Snow,01 - Daylight,06 - Ice,01 - Traffic signal,01 - Functioning,2,0,0,0,,0,,,,,370156.8331,5023121.841,45.34499803,-75.66598782,4157
18--1363,1/27/2018,2:01 PM,FRANK NIGHBOR PL @ SILVER SEVEN RD (0009107),9107,03 - At intersection,02 - Non-fatal injury,02 - Angle,01 - Clear,01 - Daylight,02 - Wet,02 - Stop sign,01 - Functioning,2,0,0,0,01 - Minimal,2,2,,,,350759.8066,5018219.849,45.3024279,-75.91395059,4158
18--13630,12/12/2018,1:45 PM,BLACKBURN BYPASS @ NAVAN RD (0004201),4201,02 - Intersection related,02 - Non-fatal injury,03 - Rear end,01 - Clear,01 - Daylight,02 - Wet,01 - Traffic signal,01 - Functioning,2,0,0,0,01 - Minimal,2,2,,,,379617.8108,5033274.488,45.4353997,-75.54373374,4159
18--13631,12/12/2018,10:20 AM,ELGIN ST @ LAURIER AVE (0002232),2232,03 - At intersection,03 - P.D. only,05 - Turning movement,01 - Clear,01 - Daylight,01 - Dry,01 - Traffic signal,01 - Functioning,2,0,0,0,,0,,,,,367948.5572,5031549.539,45.42103044,-75.69308648,4160
18--13632,12/12/2018,10:30 AM,TRIM RD @ 150 S OF INNES RD (0013490),13490,02 - Intersection related,03 - P.D. only,03 - Rear end,03 - Snow,01 - Daylight,03 - Loose snow,01 - Traffic signal,01 - Functioning,2,0,0,0,,0,,,,,386620.6709,5037139.655,45.46939032,-75.45359975,4161
18--13633,12/12/2018,11:00 AM,BARNSDALE RD @ GREENBANK RD (0001069),1069,03 - At intersection,03 - P.D. only,02 - Angle,01 - Clear,01 - Daylight,01 - Dry,02 - Stop sign,01 - Functioning,2,0,0,0,,0,,,,,365590.9938,5010927.378,45.23568352,-75.7257409,4162
18--13634,12/12/2018,11:06 AM,GREENBANK RD btwn JOCKVALE RD & CAMBRIAN RD (__3ZA2WE),__3ZA2WE,07 - Overpass or bridge,03 - P.D. only,01 - Approaching,01 - Clear,01 - Daylight,06 - Ice,10 - No control,,2,0,0,0,,0,,,,,364372.9508,5013404.704,45.25807872,-75.74095619,4163
18--13635,12/12/2018,11:18 AM,DALMENY RD btwn CAMPBELLCROFT RD & BANK ST (__3ZA2AJ),__3ZA2AJ,01 - Non intersection,03 - P.D. only,07 - SMV other,03 - Snow,01 - Daylight,02 - Wet,10 - No control,,1,0,0,0,,0,,,,,385775.0239,5004336.33,45.17434908,-75.46977641,4164
18--13636,12/12/2018,11:20 AM,BRONSON AVE @ COMMISSIONER ST/SLATER ST (0001679),1679,03 - At intersection,03 - P.D. only,02 - Angle,01 - Clear,01 - Daylight,01 - Dry,01 - Traffic signal,01 - Functioning,2,0,0,0,,0,,,,,366768.6327,5030948.555,45.41572847,-75.7082377,4165
18--13637,12/12/2018,11:20 AM,BANK ST @ WILTON CRES (0007712),7712,02 - Intersection related,03 - P.D. only,03 - Rear end,01 - Clear,01 - Daylight,01 - Dry,02 - Stop sign,01 - Functioning,2,0,0,0,,0,,,,,368577.6251,5028966.537,45.39773238,-75.68538323,4166
18--13638,12/12/2018,11:40 AM,CAHILL DR @ SOUTHGATE RD (0007024),7024,03 - At intersection,03 - P.D. only,02 - Angle,01 - Clear,01 - Daylight,02 - Wet,02 - Stop sign,01 - Functioning,2,0,0,0,,0,,,,,371429.5524,5024423.619,45.35659127,-75.64957315,4167
18--13639,12/12/2018,Unknown,GEORGE ST btwn BY WARD MARKET SQ & WILLIAM ST (__3ZA8ZU),__3ZA8ZU,01 - Non intersection,03 - P.D. only,04 - Sideswipe,01 - Clear,00 - Unknown,01 - Dry,10 - No control,,2,0,0,0,,0,,,,,368035.9232,5032223.61,45.42708761,-75.6918837,4168
18--1364,1/27/2018,2:05 PM,PRINCE OF WALES DR @ FALLOWFIELD RD (0000566),566,02 - Intersection related,03 - P.D. only,03 - Rear end,01 - Clear,01 - Daylight,01 - Dry,01 - Traffic signal,01 - Functioning,2,0,0,0,,0,,,,,367399.7103,5019166.469,45.30965973,-75.7016678,4169
18--13640,12/12/2018,Unknown,CAMBRIDGE ST    N btwn GLADSTONE AVE & ARLINGTON AVE (__3ZAAJT),__3ZAAJT,01 - Non intersection,03 - P.D. only,04 - Sideswipe,01 - Clear,00 - Unknown,05 - Packed snow,10 - No control,,2,0,0,0,,0,,,,,367053.3595,5029989.423,45.40707321,-75.70472128,4170
18--13641,12/12/2018,Unknown,RIOJA ST btwn OVERBERG WAY & TULUM CRES (__7OBPUY),__7OBPUY,01 - Non intersection,03 - P.D. only,06 - SMV unattended vehicle,01 - Clear,00 - Unknown,04 - Slush,10 - No control,,1,0,0,0,,0,,,,,354493,5015018.1,45.27336369,-75.86667086,4171
18--13642,12/12/2018,Unknown,MONSON CRES btwn FILLMORE CRES & FILLMORE CRES (__3ZA7UL),__3ZA7UL,04 - At/near private drive,03 - P.D. only,06 - SMV unattended vehicle,01 - Clear,00 - Unknown,01 - Dry,10 - No control,,1,0,0,0,,0,,,,,375485.8229,5036277.551,45.46284935,-75.59610747,4172
18--13643,12/12/2018,Unknown,HIGHWAY 416 btwn HWY416 IC66 RAMP53 & HWY416 IC57 RAMP34 (__3ZAZLC),__3ZAZLC,01 - Non intersection,03 - P.D. only,07 - SMV other,01 - Clear,07 - Dark,02 - Wet,10 - No control,,1,0,0,0,,0,,,,,364254.109,5008823.371,45.21686565,-75.74301784,4173
18--13644,12/12/2018,12:06 AM,EARL ARMSTRONG RD @ BOWESVILLE RD (0009411),9411,03 - At intersection,03 - P.D. only,02 - Angle,03 - Snow,07 - Dark,06 - Ice,02 - Stop sign,01 - Functioning,2,0,0,0,,0,,,,,372560.7512,5017440.466,45.29365064,-75.63609234,4174
18--13645,12/12/2018,12:15 PM,MERIVALE RD @ MACFARLANE RD (0010373),10373,02 - Intersection related,03 - P.D. only,03 - Rear end,01 - Clear,01 - Daylight,01 - Dry,02 - Stop sign,01 - Functioning,2,0,0,0,,0,,,,,366153.105,5020632.375,45.32295979,-75.71738266,4175
18--13646,12/12/2018,12:30 PM,MARCH VALLEY RD @ TERRY FOX DR (0011772),11772,02 - Intersection related,03 - P.D. only,03 - Rear end,01 - Clear,01 - Daylight,04 - Slush,02 - Stop sign,01 - Functioning,2,0,0,0,,0,,,,,350754.5432,5023783.827,45.35249423,-75.91350125,4176
18--13647,12/12/2018,12:37 PM,GREENBANK RD NB btwn TO BE DETERMINED & HWY417 IC129 RAMP51 (__6KDGSL),__6KDGSL,04 - At/near private drive,03 - P.D. only,02 - Angle,01 - Clear,01 - Daylight,01 - Dry,10 - No control,,2,0,0,0,,0,,,,,360544.0051,5023286.94,45.34731341,-75.78862725,4177
18--13648,12/12/2018,2:00 PM,LISGAR ST @ METCALFE ST (0006941),6941,02 - Intersection related,03 - P.D. only,03 - Rear end,01 - Clear,01 - Daylight,01 - Dry,01 - Traffic signal,01 - Functioning,2,0,0,0,,0,,,,,367915.5539,5031251.536,45.41835208,-75.69354633,4178
18--13649,12/12/2018,2:15 PM,MEADOWLANDS DR/TALLWOOD DR @ WOODROFFE AVE (0000095),95,03 - At intersection,03 - P.D. only,02 - Angle,01 - Clear,01 - Daylight,01 - Dry,01 - Traffic signal,01 - Functioning,2,0,0,0,,0,,,,,363056.4731,5022730.581,45.34210315,-75.75663277,4179
18--1365,1/27/2018,2:08 PM,INDUSTRIAL AVE btwn TRAINYARDS DR & RUSSELL RD (__3ZA3R9),__3ZA3R9,04 - At/near private drive,03 - P.D. only,02 - Angle,01 - Clear,01 - Daylight,01 - Dry,10 - No control,,2,0,0,0,,0,,,,,372312.5722,5030354.375,45.40986937,-75.63749289,4180
18--13650,12/12/2018,2:29 PM,CUMBERLAND ST @ YORK ST (0008416),8416,03 - At intersection,03 - P.D. only,02 - Angle,01 - Clear,01 - Daylight,01 - Dry,01 - Traffic signal,01 - Functioning,2,0,0,0,,0,,,,,368262.7158,5032521.806,45.42975013,-75.68894729,4181
18--13651,12/12/2018,2:40 PM,HIGHWAY 417 btwn HWY417 IC119A RAMP67 & HWY417 IC118 RAMP76 (__3ZA2YS),__3ZA2YS,01 - Non intersection,03 - P.D. only,04 - Sideswipe,01 - Clear,01 - Daylight,01 - Dry,10 - No control,,2,0,0,0,,0,,,,,369133.9545,5030840.299,45.41454095,-75.6780336,4182
18--13652,12/12/2018,2:42 PM,MACKENZIE AVE @ MURRAY ST (0011914),11914,03 - At intersection,03 - P.D. only,02 - Angle,01 - Clear,01 - Daylight,02 - Wet,01 - Traffic signal,01 - Functioning,2,0,0,0,,0,,,,,367639.6991,5032383.578,45.42856266,-75.69692628,4183
18--13653,12/12/2018,2:55 PM,HIGHWAY 417 btwn HWY417 IC126 RAMP25 & HWY417 IC124 RAMP57 (__3ZA2R5),__3ZA2R5,01 - Non intersection,03 - P.D. only,03 - Rear end,01 - Clear,01 - Daylight,01 - Dry,10 - No control,,2,0,0,0,,0,,,,,363832.0661,5026718.105,45.37791756,-75.7462606,4184
18--13654,12/12/2018,2:56 PM,MOODIE DR btwn WEST HUNT CLUB RD & ALTI PL (__3ZBOCW),__3ZBOCW,04 - At/near private drive,03 - P.D. only,03 - Rear end,01 - Clear,01 - Daylight,01 - Dry,10 - No control,,2,0,0,0,,0,,,,,359338.1071,5015013.5,45.27296321,-75.80492563,4185
18--13655,12/12/2018,3:10 PM,COLONEL BY DR/MACKENZIE AVE @ DALY AVE (0008541),8541,03 - At intersection,03 - P.D. only,03 - Rear end,01 - Clear,01 - Daylight,01 - Dry,01 - Traffic signal,01 - Functioning,2,0,0,0,,0,,,,,368002.7113,5031904.58,45.42422009,-75.69234902,4186
18--13656,12/12/2018,3:28 PM,BASELINE RD @ CLYDE AVE (0002343),2343,02 - Intersection related,03 - P.D. only,04 - Sideswipe,01 - Clear,01 - Daylight,01 - Dry,01 - Traffic signal,01 - Functioning,2,0,0,0,,0,,,,,364358.7879,5024890.69,45.36143018,-75.73975617,4187
18--13657,12/12/2018,3:30 PM,ROCKCLIFFE PKWY btwn LISGAR RD & ACACIA AVE (__3ZBPHK),__3ZBPHK,01 - Non intersection,02 - Non-fatal injury,07 - SMV other,01 - Clear,01 - Daylight,01 - Dry,10 - No control,,1,0,0,0,01 - Minimal,1,1,,,,368416.7626,5035301.525,45.45474699,-75.68661944,4188
18--13658,12/12/2018,3:40 PM,ROCKCLIFFE PKWY btwn PRINCESS AVE & BUENA VISTA RD (__3ZA8D1),__3ZA8D1,01 - Non intersection,03 - P.D. only,03 - Rear end,01 - Clear,01 - Daylight,01 - Dry,10 - No control,00 - Unknown,2,0,0,0,,0,,,,,368483.33,5034751.476,45.4497918,-75.68583964,4189
18--13659,12/12/2018,3:56 PM,HWY 416 ACRES IC75R24 @ HOLLY ACRES RD (0005257),5257,02 - Intersection related,03 - P.D. only,04 - Sideswipe,01 - Clear,01 - Daylight,02 - Wet,01 - Traffic signal,01 - Functioning,2,0,0,0,,0,,,,,358757.6491,5022868.632,45.34368916,-75.81146764,4190
18--1366,1/27/2018,2:15 PM,INNES RD @ ORLEANS BLVD (0003611),3611,03 - At intersection,02 - Non-fatal injury,03 - Rear end,01 - Clear,01 - Daylight,02 - Wet,01 - Traffic signal,01 - Functioning,2,0,0,0,01 - Minimal,1,1,,,,380460.7951,5034296.403,45.44450342,-75.53280378,4191
18--13660,12/12/2018,4:25 PM,HAWTHORNE RD @ LEITRIM RD (0009269),9269,02 - Intersection related,03 - P.D. only,03 - Rear end,03 - Snow,05 - Dusk,03 - Loose snow,01 - Traffic signal,01 - Functioning,2,0,0,0,,0,,,,,377038.3833,5022709.512,45.34061316,-75.57824412,4192
18--13661,12/12/2018,4:40 PM,TEDDER AVE btwn CUNNINGHAM AVE & SUMMIT AVE (__3ZA9TN),__3ZA9TN,01 - Non intersection,03 - P.D. only,06 - SMV unattended vehicle,01 - Clear,05 - Dusk,06 - Ice,10 - No control,,1,0,0,0,,0,,,,,370513.8147,5028236.296,45.3909829,-75.66075262,4193
18--13662,12/12/2018,4:49 PM,HIGHWAY 417 btwn HWY417 IC113 RAMP85 & HWY417 IC112 RAMP54 (__3ZA287),__3ZA287,01 - Non intersection,03 - P.D. only,03 - Rear end,01 - Clear,05 - Dusk,01 - Dry,10 - No control,,2,0,0,0,,0,,,,,374007.1489,5031637.533,45.42124906,-75.61566619,4194
18--13663,12/12/2018,4:50 PM,INNES RD @ 260 E OF BELCOURT BLVD/WALMART SC (0012533),12533,02 - Intersection related,03 - P.D. only,03 - Rear end,01 - Clear,05 - Dusk,01 - Dry,01 - Traffic signal,01 - Functioning,2,0,0,0,,0,,,,,382346.8477,5035399.087,45.45421777,-75.50852353,4195
18--13664,12/12/2018,4:50 PM,HWY417 IC112 RAMP64 btwn HWY417 IC112 RAMP68 & HIGHWAY 417 (__3ZAYAQ),__3ZAYAQ,01 - Non intersection,03 - P.D. only,04 - Sideswipe,01 - Clear,07 - Dark,01 - Dry,10 - No control,,2,0,0,0,,0,,,,,374697.4615,5030851.978,45.41411243,-75.60695783,4196
18--13665,12/12/2018,4:52 PM,PRINCE OF WALES DR @ RIDEAU HEIGHTS LANE (0010334),10334,02 - Intersection related,03 - P.D. only,03 - Rear end,01 - Clear,05 - Dusk,01 - Dry,02 - Stop sign,00 - Unknown,4,0,0,0,,0,,,,,367478.536,5022691.57,45.34137097,-75.70021641,4197
18--13666,12/12/2018,5:00 PM,BLAIR PL @ OGILVIE RD (0004162),4162,02 - Intersection related,03 - P.D. only,03 - Rear end,03 - Snow,07 - Dark,06 - Ice,01 - Traffic signal,01 - Functioning,2,0,0,0,,0,,,,,374799.895,5033371.55,45.43677192,-75.60529118,4198
18--13667,12/12/2018,5:00 PM,HIGHWAY 417 btwn HWY417 IC113 RAMP85 & HWY417 IC112 RAMP54 (__3ZA287),__3ZA287,01 - Non intersection,03 - P.D. only,03 - Rear end,03 - Snow,07 - Dark,04 - Slush,10 - No control,,2,0,0,0,,0,,,,,373991.7615,5031652.535,45.42138556,-75.61586068,4199
18--13668,12/12/2018,5:09 PM,GREENBANK RD btwn CANFIELD RD & BELLMAN DR (__3ZA4YT),__3ZA4YT,04 - At/near private drive,03 - P.D. only,02 - Angle,03 - Snow,07 - Dark,05 - Packed snow,10 - No control,,2,0,0,0,,0,,,,,361117.429,5021338.973,45.32973983,-75.78153184,4200
18--13669,12/12/2018,5:21 PM,BASELINE RD/HERON RD @ PRINCE OF WALES DR (0002345),2345,02 - Intersection related,03 - P.D. only,03 - Rear end,01 - Clear,07 - Dark,01 - Dry,01 - Traffic signal,01 - Functioning,2,0,0,0,,0,,,,,366873.6271,5026438.515,45.37513901,-75.70746381,4201
18--1367,1/27/2018,2:22 PM,ST. LAURENT BLVD @ MCARTHUR AVE (0008246),8246,03 - At intersection,03 - P.D. only,05 - Turning movement,01 - Clear,01 - Daylight,02 - Wet,01 - Traffic signal,01 - Functioning,2,0,0,0,,0,,,,,371921.7193,5032887.575,45.43269956,-75.64214054,4202
18--13670,12/12/2018,5:35 PM,NICHOLAS ST NB btwn HWY417 IC118 RAMP52 & WALLER ST/TRANSITWAY (__6KCFNL),__6KCFNL,01 - Non intersection,03 - P.D. only,04 - Sideswipe,01 - Clear,07 - Dark,01 - Dry,10 - No control,,2,0,0,0,,0,,,,,368538.5585,5031676.031,45.42211506,-75.68553183,4203
18--13671,12/12/2018,5:45 PM,CARLING AVE WB btwn POULIN AVE & ALPINE AVE (__3ZA4VZ),__3ZA4VZ,01 - Non intersection,03 - P.D. only,03 - Rear end,01 - Clear,07 - Dark,01 - Dry,10 - No control,,2,0,0,0,,0,,,,,360416.0873,5024891.112,45.36175786,-75.79007908,4204
18--13672,12/12/2018,5:45 PM,GREENBANK RD btwn MALVERN DR & HIGHBURY PARK DR (__3ZAZK0),__3ZAZK0,01 - Non intersection,03 - P.D. only,03 - Rear end,03 - Snow,07 - Dark,06 - Ice,10 - No control,,2,0,0,0,,0,,,,,363395.0227,5016007.917,45.28158465,-75.75310814,4205
18--13673,12/12/2018,5:49 PM,ST. LAURENT BLVD @ WALKLEY RD (0007653),7653,03 - At intersection,02 - Non-fatal injury,07 - SMV other,01 - Clear,07 - Dark,01 - Dry,01 - Traffic signal,01 - Functioning,1,0,0,2,02 - Minor,2,,2,,,373902.8091,5028047.004,45.38895354,-75.61750248,4206
18--13674,12/12/2018,5:50 PM,KENT ST @ SOMERSET ST (0008857),8857,03 - At intersection,02 - Non-fatal injury,07 - SMV other,01 - Clear,07 - Dark,01 - Dry,01 - Traffic signal,01 - Functioning,1,0,0,1,01 - Minimal,1,1,,,,367526.5384,5030815.733,45.41446585,-75.69857193,4207
18--13675,12/12/2018,5:50 PM,PRINCE OF WALES DR @ WEST HUNT CLUB RD (0000567),567,02 - Intersection related,03 - P.D. only,03 - Rear end,01 - Clear,07 - Dark,02 - Wet,01 - Traffic signal,01 - Functioning,3,0,0,0,,0,,,,,367458.7314,5021891.668,45.33417537,-75.70057038,4208
18--3712,3/26/2018,7:07 AM,BASELINE RD @ FISHER AVE (0002346),2346,02 - Intersection related,03 - P.D. only,04 - Sideswipe,01 - Clear,01 - Daylight,01 - Dry,01 - Traffic signal,01 - Functioning,2,0,0,0,,0,,,,,366166.6931,5026028.533,45.37151235,-75.7165398,7454
18--13677,12/12/2018,6:10 AM,BASELINE RD/HERON RD @ PRINCE OF WALES DR (0002345),2345,02 - Intersection related,03 - P.D. only,03 - Rear end,01 - Clear,07 - Dark,01 - Dry,01 - Traffic signal,01 - Functioning,2,0,0,0,,0,,,,,366873.6845,5026438.566,45.37513946,-75.70746307,4210
18--13678,12/12/2018,6:20 AM,EARL ARMSTRONG RD btwn RIVER RD & SPRATT RD (__3ZAZR4),__3ZAZR4,01 - Non intersection,03 - P.D. only,07 - SMV other,01 - Clear,07 - Dark,03 - Loose snow,10 - No control,,1,0,0,0,,0,,,,,367707.2369,5014654.062,45.26903013,-75.69831851,4211
18--13679,12/12/2018,6:23 PM,STAGECOACH RD btwn SNAKE ISLAND RD & HERBERTS CORNERS RD (__3ZA2CV),__3ZA2CV,01 - Non intersection,02 - Non-fatal injury,03 - Rear end,01 - Clear,07 - Dark,01 - Dry,10 - No control,,2,0,0,0,02 - Minor,3,2,1,,,378061.8428,5006588.988,45.19546091,-75.56756458,4212
18--1368,1/27/2018,2:59 AM,MONTREAL RD btwn PALACE ST & VANIER PKWY (__3ZA3LL),__3ZA3LL,04 - At/near private drive,03 - P.D. only,05 - Turning movement,01 - Clear,07 - Dark,01 - Dry,10 - No control,,2,0,0,0,,0,,,,,370010.7583,5033030.171,45.43416339,-75.66654235,4213
18--13680,12/12/2018,6:26 PM,BLAIR RD @ OGILVIE RD (0004120),4120,02 - Intersection related,03 - P.D. only,03 - Rear end,01 - Clear,07 - Dark,03 - Loose snow,01 - Traffic signal,01 - Functioning,2,0,0,0,,0,,,,,374507.6732,5033198.543,45.43524449,-75.60905028,4214
18--13861,12/14/2018,6:40 AM,MONTREAL RD @ ST. LAURENT BLVD (0002604),2604,03 - At intersection,03 - P.D. only,05 - Turning movement,01 - Clear,07 - Dark,01 - Dry,01 - Traffic signal,01 - Functioning,2,0,0,0,,0,,,,,371545.4248,5033817.774,45.44110507,-75.64682317,4215
18--13951,12/16/2018,3:22 PM,ST. LAURENT BLVD btwn SHORE ST & BELFAST RD (__3ZA2GU),__3ZA2GU,04 - At/near private drive,03 - P.D. only,05 - Turning movement,01 - Clear,01 - Daylight,01 - Dry,10 - No control,,2,0,0,0,,0,,,,,372851.6389,5030601.314,45.41203901,-75.63057275,4216
18--14220,12/21/2018,7:00 PM,BOUNDARY RD @ MITCH OWENS RD (0001708),1708,02 - Intersection related,03 - P.D. only,07 - SMV other,"07 - Fog, mist, smoke, dust",07 - Dark,06 - Ice,02 - Stop sign,00 - Unknown,1,0,0,0,,0,,,,,388065.736,5022162.307,45.33446777,-75.43765077,4217
18--13686,12/12/2018,7:16 PM,HIGHWAY 416 btwn HWY416 IC75A RAMP43 & HWY416 IC72 RAMP34 (__3ZAZLD),__3ZAZLD,01 - Non intersection,03 - P.D. only,04 - Sideswipe,01 - Clear,07 - Dark,01 - Dry,10 - No control,,2,0,0,0,,0,,,,,358881.299,5021590.998,45.33218344,-75.81002955,4218
18--14221,12/21/2018,7:30 PM,ALBION RD btwn MORY ST & BADEN AVE (__3ZA8OP),__3ZA8OP,01 - Non intersection,03 - P.D. only,99 - Other,03 - Snow,07 - Dark,02 - Wet,10 - No control,,2,0,0,0,,0,,,,,372487.03,5022824.024,45.34209739,-75.63629649,4219
18--13862,12/14/2018,6:43 AM,ORMROD RD btwn ASHTON STATION RD & WORLEY ST (__3ZACC2),__3ZACC2,01 - Non intersection,03 - P.D. only,07 - SMV other,01 - Clear,07 - Dark,06 - Ice,10 - No control,,1,0,0,0,,0,,,,,341451.8526,5002237.658,45.15915849,-76.03381229,4220
18--14315,12/24/2018,3:00 AM,WALL RD btwn TRIM RD & FRANK KENNY RD (__3ZA6UI),__3ZA6UI,01 - Non intersection,03 - P.D. only,01 - Approaching,04 - Freezing Rain,07 - Dark,06 - Ice,10 - No control,,2,0,0,0,,0,,,,,388559.223,5035040.452,45.45027416,-75.42916962,4221
18--14316,12/24/2018,3:00 PM,LONGFIELDS DR @ VIA CAMPANALE AVE (0015386),15386,02 - Intersection related,03 - P.D. only,07 - SMV other,02 - Rain,01 - Daylight,05 - Packed snow,02 - Stop sign,01 - Functioning,1,0,0,0,,0,,,,,364035.3282,5016248.2,45.28369305,-75.7449184,4222
18--13775,12/13/2018,9:51 AM,FERNBANK RD @ JINKINSON RD (0005435),5435,03 - At intersection,03 - P.D. only,02 - Angle,01 - Clear,01 - Daylight,01 - Dry,02 - Stop sign,01 - Functioning,2,0,0,0,,0,,,,,345895.8655,5007661.36,45.2077193,-75.97684275,4223
18--14222,12/21/2018,7:30 PM,MERIVALE RD/LOTTA AVE @ CLYDE AVE (0001112),1112,03 - At intersection,03 - P.D. only,05 - Turning movement,02 - Rain,07 - Dark,02 - Wet,01 - Traffic signal,01 - Functioning,2,0,0,0,,0,,,,,364521.5345,5024507.484,45.3579683,-75.73772526,4224
18--13863,12/14/2018,7:01 PM,CASTLEFRANK RD @ HAZELDEAN RD (0003608),3608,03 - At intersection,03 - P.D. only,05 - Turning movement,01 - Clear,07 - Dark,01 - Dry,01 - Traffic signal,01 - Functioning,2,0,0,0,,0,,,,,352677.7791,5017676.796,45.29741327,-75.88954766,4225
18--13687,12/12/2018,7:36 AM,HEMLOCK RD @ ST. LAURENT BLVD (0007183),7183,03 - At intersection,03 - P.D. only,05 - Turning movement,01 - Clear,03 - Dawn,01 - Dry,01 - Traffic signal,01 - Functioning,2,0,0,0,,0,,,,,371145.5684,5034781.76,45.44981663,-75.65180381,4226
18--14317,12/24/2018,3:24 AM,GRENON AVE @ MICHELE DR (0002874),2874,02 - Intersection related,03 - P.D. only,03 - Rear end,01 - Clear,07 - Dark,02 - Wet,02 - Stop sign,01 - Functioning,2,0,0,0,,0,,,,,359672.8091,5024156.632,45.35520759,-75.7996476,4227
18--13776,12/13/2018,9:52 PM,DUNROBIN RD btwn LILLIAN WAY & HARWOOD LANE (__3ZBOB6),__3ZBOB6,01 - Non intersection,03 - P.D. only,07 - SMV other,01 - Clear,07 - Dark,01 - Dry,10 - No control,,1,0,0,0,,0,,,,,345979.7286,5027478.104,45.38603295,-75.97412954,4228
18--14223,12/21/2018,7:39 AM,AIRPORT PKWY btwn RAMP & AIRPORT PKWY (2) (__3ZA22Z),__3ZA22Z,01 - Non intersection,03 - P.D. only,03 - Rear end,02 - Rain,03 - Dawn,02 - Wet,10 - No control,,2,0,0,0,,0,,,,,371021.8142,5023691.244,45.35004022,-75.65487484,4229
18--14224,12/21/2018,7:55 AM,INNES RD btwn KEYSTONE CRT & CLEROUX CRES (__3ZA2A8),__3ZA2A8,04 - At/near private drive,03 - P.D. only,02 - Angle,02 - Rain,01 - Daylight,02 - Wet,10 - No control,,2,0,0,0,,0,,,,,379384.4866,5033653.046,45.43883063,-75.54665814,4230
18--14225,12/21/2018,8:18 AM,HIGHWAY 417 btwn HWY417 IC124 RAMP57 & HWY417 IC124 RAMP55 (__3ZA2Y1),__3ZA2Y1,01 - Non intersection,03 - P.D. only,04 - Sideswipe,02 - Rain,01 - Daylight,02 - Wet,10 - No control,,2,0,0,0,,0,,,,,364002.1218,5026949.09,45.37998158,-75.74406177,4231
18--14226,12/21/2018,8:30 AM,CRICHTON ST btwn SCHOOL LANE & UNION ST (__3ZA5BN),__3ZA5BN,01 - Non intersection,03 - P.D. only,06 - SMV unattended vehicle,02 - Rain,01 - Daylight,02 - Wet,10 - No control,,1,0,0,0,,0,,,,,368175.3262,5033852.134,45.44172786,-75.68989276,4232
18--14227,12/21/2018,8:35 PM,MERIVALE RD/LOTTA AVE @ CLYDE AVE (0001112),1112,02 - Intersection related,03 - P.D. only,03 - Rear end,02 - Rain,07 - Dark,02 - Wet,01 - Traffic signal,01 - Functioning,2,0,0,0,,0,,,,,364521.7714,5024507.356,45.35796713,-75.73772225,4233
18--14228,12/21/2018,9:02 PM,BRANTHAVEN ST E @ SOUTHFIELD WAY (0013441),13441,03 - At intersection,03 - P.D. only,02 - Angle,02 - Rain,07 - Dark,02 - Wet,02 - Stop sign,01 - Functioning,2,0,0,0,,0,,,,,384784.7668,5034841.678,45.44892793,-75.47744903,4234
18--14229,12/21/2018,9:16 PM,PRESTON ST @ PRINCE OF WALES DR/QUEEN ELIZABET (0006904),6904,03 - At intersection,03 - P.D. only,05 - Turning movement,02 - Rain,07 - Dark,02 - Wet,01 - Traffic signal,01 - Functioning,2,0,0,0,,0,,,,,366900.8667,5028776.571,45.39617385,-75.70682189,4235