Anom_ID,Accident_Date,Accident_Time,Location,Geo_ID,Accident_Location,Classification_of_Accident,Initial_Impact_Type,Environment_Condition,Light,Road_Surface_Condition,Traffic_Control,Traffic_Control_Condition,No__of_Vehicles,No__of_Bicycles,No__of_Motorcycles,No__of_Pedestrians,Max_Injury,No__of_Injuries,No__of_Minimal,No__of_Minor,No__of_Major,No__of_Fatal,X,Y,Latitude,Longitude,ObjectId
18--1423,1/29/2018,Unknown,BAYSWATER AVE btwn OAKVALE AVE & BEECH ST (__3ZA034),__3ZA034,01 - Non intersection,03 - P.D. only,06 - SMV unattended vehicle,01 - Clear,00 - Unknown,01 - Dry,10 - No control,,1,0,0,0,,0,,,,,366158.2957,5029118.475,45.39931568,-75.71626289,4236
18--14230,12/21/2018,9:31 PM,RICHMOND RD @ WEST HUNT CLUB RD (0000598),598,02 - Intersection related,03 - P.D. only,07 - SMV other,02 - Rain,07 - Dark,02 - Wet,01 - Traffic signal,01 - Functioning,1,0,0,0,,0,,,,,357145.648,5018152.515,45.30137519,-75.83253484,4237
18--14231,12/22/2018,1:54 PM,CYRVILLE RD @ OGILVIE RD (0003554),3554,02 - Intersection related,03 - P.D. only,04 - Sideswipe,01 - Clear,01 - Daylight,01 - Dry,01 - Traffic signal,01 - Functioning,2,0,0,0,,0,,,,,372453.7193,5032005.57,45.42471243,-75.63546318,4238
18--14232,12/22/2018,1:57 AM,CLARENCE ST @ PARENT AVE (0008509),8509,03 - At intersection,03 - P.D. only,01 - Approaching,01 - Clear,07 - Dark,01 - Dry,02 - Stop sign,01 - Functioning,2,0,0,0,,0,,,,,367906.0647,5032417.375,45.42884277,-75.69351821,4239
18--14233,12/22/2018,10:00 AM,MUTUAL ST btwn MAY ST & ST. LAURENT BLVD (__3ZA7C3),__3ZA7C3,04 - At/near private drive,03 - P.D. only,02 - Angle,04 - Freezing Rain,01 - Daylight,05 - Packed snow,10 - No control,,2,0,0,0,,0,,,,,371774.6638,5032949.608,45.4332718,-75.64401136,4240
18--14234,12/22/2018,10:21 PM,MACLARENS SIDE RD @ WOODKILTON RD (0002069),2069,02 - Intersection related,03 - P.D. only,07 - SMV other,01 - Clear,07 - Dark,06 - Ice,02 - Stop sign,01 - Functioning,1,0,0,0,,0,,,,,330899.5366,5041370.75,45.51176829,-76.16596424,4241
18--14235,12/22/2018,10:54 PM,CORKSTOWN RD btwn MARCH RD & MOODIE DR (__3ZA2LR),__3ZA2LR,01 - Non intersection,03 - P.D. only,03 - Rear end,01 - Clear,07 - Dark,02 - Wet,10 - No control,,3,0,0,0,,0,,,,,356326.0354,5022557.824,45.34107531,-75.84252678,4242
18--14236,12/22/2018,10:55 AM,NIXON DR btwn BUCKLES ST & DALMENY RD (__3ZA726),__3ZA726,01 - Non intersection,02 - Non-fatal injury,07 - SMV other,05 - Drifting Snow,01 - Daylight,06 - Ice,10 - No control,,1,0,0,0,02 - Minor,2,,2,,,374947.2901,4999269.834,45.12992081,-75.60822801,4243
18--14237,12/22/2018,11:56 AM,BOURASSA ST @ ST. LAURENT BLVD (0007731),7731,02 - Intersection related,03 - P.D. only,05 - Turning movement,01 - Clear,01 - Daylight,05 - Packed snow,01 - Traffic signal,01 - Functioning,2,0,0,0,,0,,,,,373236.7321,5029693.556,45.40383387,-75.62577938,4244
18--14238,12/22/2018,Unknown,BLACK RIVERS PL btwn BRIDLE PARK DR & END (__3ZA2VT),__3ZA2VT,01 - Non intersection,03 - P.D. only,06 - SMV unattended vehicle,01 - Clear,00 - Unknown,01 - Dry,10 - No control,,1,0,0,0,,0,,,,,355545.9285,5016442.769,45.28610796,-75.85310665,4245
18--14239,12/22/2018,Unknown,STEDMAN ST btwn MEANDERING BROOK DR & WILD IRIS AVE (__589WF7),__589WF7,01 - Non intersection,03 - P.D. only,06 - SMV unattended vehicle,01 - Clear,00 - Unknown,02 - Wet,10 - No control,,1,0,0,0,,0,,,,,372782.5893,5022794.58,45.34180388,-75.63252956,4246
18--1424,1/29/2018,12:00 PM,ALBERT ST @ BAY ST (0006357),6357,03 - At intersection,03 - P.D. only,02 - Angle,01 - Clear,01 - Daylight,01 - Dry,01 - Traffic signal,01 - Functioning,2,0,0,0,,0,,,,,366940.9532,5031144.283,45.41747429,-75.70601152,4247
18--14240,12/22/2018,Unknown,ROLLAND AVE btwn SIENNA PRIV & SIENNA PRIV (__3ZAZQ8),__3ZAZQ8,01 - Non intersection,03 - P.D. only,06 - SMV unattended vehicle,01 - Clear,00 - Unknown,01 - Dry,10 - No control,,1,0,0,0,,0,,,,,370913.2421,5030417.371,45.41056977,-75.65535962,4248
18--14241,12/22/2018,Unknown,MARKLAND CRES btwn ROBLYN WAY & LEWISTON AVE (__3ZA5A4),__3ZA5A4,04 - At/near private drive,03 - P.D. only,06 - SMV unattended vehicle,01 - Clear,00 - Unknown,03 - Loose snow,10 - No control,,1,0,0,0,,0,,,,,366114.5674,5016160.782,45.28272818,-75.71842726,4249
18--14242,12/22/2018,12:00 PM,SAGINAW CRES @ VIEWMOUNT DR (0004589),4589,03 - At intersection,03 - P.D. only,02 - Angle,01 - Clear,01 - Daylight,05 - Packed snow,02 - Stop sign,01 - Functioning,2,0,0,0,,0,,,,,365993.6331,5023209.7,45.34616412,-75.71909801,4250
18--14243,12/22/2018,12:14 PM,ADIRONDACK DR @ WOODROFFE AVE (0005644),5644,03 - At intersection,03 - P.D. only,05 - Turning movement,01 - Clear,01 - Daylight,06 - Ice,02 - Stop sign,01 - Functioning,2,0,0,0,,0,,,,,362457.686,5024005.512,45.35362436,-75.76412417,4251
18--14244,12/22/2018,12:46 PM,ELGIN ST @ QUEEN ST (0007144),7144,02 - Intersection related,03 - P.D. only,03 - Rear end,03 - Snow,01 - Daylight,04 - Slush,01 - Traffic signal,01 - Functioning,2,0,0,0,,0,,,,,367804.6256,5031779.52,45.42311271,-75.69489605,4252
18--14245,12/22/2018,2:00 PM,VANIER PKWY NB btwn MCARTHUR AVE & VANIER PKWY (__3ZA4SQ),__3ZA4SQ,01 - Non intersection,03 - P.D. only,04 - Sideswipe,02 - Rain,01 - Daylight,02 - Wet,10 - No control,,2,0,0,0,,0,,,,,370242.4123,5032582.507,45.43011385,-75.6636414,4253
18--14246,12/22/2018,2:00 PM,ISABELLA ST/HWY 417 O'CONN IC119BR57 @ O'CONNO (0001698),1698,03 - At intersection,03 - P.D. only,02 - Angle,01 - Clear,01 - Daylight,02 - Wet,01 - Traffic signal,01 - Functioning,2,0,0,0,,0,,,,,368297.6697,5030309.681,45.40984301,-75.68878572,4254
18--14247,12/22/2018,2:20 PM,RIOCAN AVE btwn STRANDHERD DR & MARKETPLACE AVE (__4LZBMJ),__4LZBMJ,01 - Non intersection,03 - P.D. only,04 - Sideswipe,01 - Clear,01 - Daylight,04 - Slush,10 - No control,,2,0,0,0,,0,,,,,364182.4243,5014932.718,45.27184393,-75.74320088,4255
18--14248,12/22/2018,2:37 AM,HUNT CLUB RD @ UPLANDS DR (0010844),10844,02 - Intersection related,03 - P.D. only,04 - Sideswipe,04 - Freezing Rain,07 - Dark,02 - Wet,01 - Traffic signal,01 - Functioning,2,0,0,0,,0,,,,,370156.7912,5023121.684,45.34499662,-75.66598838,4256
18--14249,12/22/2018,2:53 PM,STARWOOD RD btwn CORDOVA ST & END (__3ZAAW2),__3ZAAW2,04 - At/near private drive,03 - P.D. only,02 - Angle,01 - Clear,01 - Daylight,01 - Dry,10 - No control,,2,0,0,0,,0,,,,,363564.9539,5024113.69,45.35450582,-75.74998063,4257
18--1425,1/29/2018,12:05 PM,INDUSTRIAL AVE/INNES RD @ ST. LAURENT BLVD (0002203),2203,02 - Intersection related,03 - P.D. only,03 - Rear end,01 - Clear,01 - Daylight,02 - Wet,01 - Traffic signal,01 - Functioning,3,0,0,0,,0,,,,,373099.7274,5030005.566,45.40665457,-75.62748608,4258
18--13952,12/16/2018,4:31 AM,FISHER AVE btwn APPLEBY PRIV & TURN LANE (__3ZA34M),__3ZA34M,01 - Non intersection,03 - P.D. only,07 - SMV other,01 - Clear,07 - Dark,01 - Dry,10 - No control,,1,0,0,0,,0,,,,,367056.2744,5023975.609,45.35296211,-75.70544235,4259
18--14250,12/22/2018,3:11 PM,STITTSVILLE MAIN ST @ HAZELDEAN RD (0000050),50,02 - Intersection related,03 - P.D. only,03 - Rear end,04 - Freezing Rain,01 - Daylight,04 - Slush,01 - Traffic signal,01 - Functioning,2,0,0,0,,0,,,,,349558.3936,5014878.754,45.27244122,-75.92957087,4260
18--14251,12/22/2018,3:42 PM,HWY417 IC140 RAMP51 btwn HIGHWAY 417 & HWY417 IC140 RAMP53 (__3ZAYB3),__3ZAYB3,01 - Non intersection,03 - P.D. only,03 - Rear end,01 - Clear,01 - Daylight,01 - Dry,10 - No control,,2,0,0,0,,0,,,,,350892.4063,5018357.088,45.30365412,-75.91224709,4261
18--14252,12/22/2018,3:54 PM,CLEARBROOK DR @ CHAPMAN MILLS DR (0010970),10970,03 - At intersection,02 - Non-fatal injury,05 - Turning movement,03 - Snow,05 - Dusk,05 - Packed snow,01 - Traffic signal,01 - Functioning,2,0,0,0,01 - Minimal,1,1,,,,365923.2069,5015084.722,45.27306251,-75.7209988,4262
18--14253,12/22/2018,3:57 PM,GREENBANK RD @ STRANDHERD DR (0005563),5563,02 - Intersection related,03 - P.D. only,03 - Rear end,01 - Clear,01 - Daylight,06 - Ice,01 - Traffic signal,01 - Functioning,3,0,0,0,,0,,,,,363933.6754,5014784.346,45.27052984,-75.74638845,4263
18--14254,12/22/2018,4:04 PM,REGIONAL ROAD 174 btwn QUIGLEY HILL RD & REGIONAL ROAD 174 DIVIDED (__3ZA2Y5),__3ZA2Y5,01 - Non intersection,03 - P.D. only,03 - Rear end,01 - Clear,05 - Dusk,02 - Wet,10 - No control,,2,0,0,0,,0,,,,,388175.4713,5042388.519,45.51642987,-75.43282731,4264
18--14255,12/22/2018,4:05 PM,RICHMOND RD @ NORTHSIDE RD E (0010417),10417,02 - Intersection related,03 - P.D. only,03 - Rear end,03 - Snow,05 - Dusk,02 - Wet,01 - Traffic signal,01 - Functioning,2,0,0,0,,0,,,,,358329.2197,5021226.582,45.32894673,-75.81711189,4265
18--14256,12/22/2018,4:06 AM,BUTTERCUP LANE btwn DREW HENRY DR & WILD CHERRY DR (__3ZA4CH),__3ZA4CH,01 - Non intersection,03 - P.D. only,06 - SMV unattended vehicle,03 - Snow,07 - Dark,04 - Slush,10 - No control,,1,0,0,0,,0,,,,,376043.3464,5001290.639,45.14799413,-75.59400781,4266
18--14257,12/22/2018,4:11 AM,WALDEN DR btwn BURGER GT & SLADE CRES (__3ZA5J1),__3ZA5J1,01 - Non intersection,03 - P.D. only,07 - SMV other,03 - Snow,07 - Dark,03 - Loose snow,10 - No control,,1,0,0,0,,0,,,,,350471.3105,5021141.617,45.32873754,-75.91735975,4267
18--14258,12/22/2018,4:39 AM,WALKLEY RD btwn SPRINGLAND DR & MCCARTHY RD (__3ZA37W),__3ZA37W,01 - Non intersection,03 - P.D. only,04 - Sideswipe,03 - Snow,07 - Dark,03 - Loose snow,10 - No control,,2,0,0,0,,0,,,,,368838.9297,5025044.817,45.36242204,-75.68255465,4268
18--14259,12/22/2018,4:48 PM,PARKDALE AVE @ HWY 417 PARKDAL IC122R15/HWY 41 (0002363),2363,03 - At intersection,03 - P.D. only,02 - Angle,01 - Clear,05 - Dusk,02 - Wet,01 - Traffic signal,01 - Functioning,2,0,0,0,,0,,,,,365336.6385,5028845.706,45.39693289,-75.72679053,4269
18--1426,1/29/2018,12:32 PM,ST. LAURENT BLVD btwn TO BE DETERMINED & DWELLINGHAM PRIV (__3ZA1L3),__3ZA1L3,01 - Non intersection,02 - Non-fatal injury,07 - SMV other,01 - Clear,01 - Daylight,01 - Dry,10 - No control,,1,0,0,1,02 - Minor,1,,1,,,373492.4004,5029081.297,45.39830001,-75.6225991,4270
18--14260,12/22/2018,4:50 PM,FLEWELLYN RD btwn MUNSTER RD & CONLEY RD (__3ZACRD),__3ZACRD,01 - Non intersection,03 - P.D. only,07 - SMV other,01 - Clear,07 - Dark,02 - Wet,10 - No control,,1,0,0,0,,0,,,,,346224.2903,5006138.747,45.19399879,-75.97278858,4271
18--14261,12/22/2018,5:01 AM,MCARTHUR AVE @ VANIER PKWY (0004626),4626,02 - Intersection related,03 - P.D. only,07 - SMV other,03 - Snow,07 - Dark,05 - Packed snow,01 - Traffic signal,01 - Functioning,1,0,0,0,,0,,,,,370218.6757,5032690.788,45.43109034,-75.66393034,4272
18--14262,12/22/2018,5:18 PM,SAVILLE ROW btwn NEEPAWA AVE & PRINCE CHARLES RD (__3ZAADJ),__3ZAADJ,01 - Non intersection,02 - Non-fatal injury,07 - SMV other,03 - Snow,07 - Dark,04 - Slush,10 - No control,,1,0,0,1,03 - Major,1,,,1,,362065.0218,5026482.556,45.37594477,-75.7688482,4273
18--14263,12/22/2018,5:30 PM,INDUSTRIAL AVE btwn NEIGHBORHOOD WAY & TRAINYARDS DR (__6N4VKM),__6N4VKM,04 - At/near private drive,02 - Non-fatal injury,02 - Angle,01 - Clear,07 - Dark,04 - Slush,10 - No control,,2,0,0,0,01 - Minimal,1,1,,,,371390.7062,5030554.047,45.41175426,-75.64924191,4274
18--14040,12/18/2018,6:30 PM,RIVERSIDE DR RAMP 42A @ RIVERSIDE DR RAMP 42B (0002522),2522,02 - Intersection related,03 - P.D. only,03 - Rear end,01 - Clear,07 - Dark,01 - Dry,03 - Yield sign,01 - Functioning,2,0,0,0,,0,,,,,368481.301,5027090.318,45.38085949,-75.68685554,4275
18--14264,12/22/2018,6:30 AM,CARLING AVE EB btwn RICHMOND RD & DUNDEE AVE (__3ZA4VY),__3ZA4VY,01 - Non intersection,03 - P.D. only,04 - Sideswipe,03 - Snow,07 - Dark,03 - Loose snow,10 - No control,,2,0,0,0,,0,,,,,360277.3158,5024783.948,45.3608046,-75.79186234,4276
18--14265,12/22/2018,6:50 AM,HIGHWAY 417 btwn HWY417 IC110 RAMP55 & HWY417 IC104 RAMP51 (__3ZA2W8),__3ZA2W8,01 - Non intersection,03 - P.D. only,07 - SMV other,03 - Snow,07 - Dark,03 - Loose snow,10 - No control,,1,0,0,0,,0,,,,,375930.4472,5028107.702,45.38929667,-75.59160241,4277
18--14266,12/22/2018,6:56 AM,PRINCESS AVE btwn PRINCESS AVE WEST SPLIT & PRINCESS AVE EAST SPLIT (__3ZA8DY),__3ZA8DY,04 - At/near private drive,03 - P.D. only,07 - SMV other,03 - Snow,07 - Dark,03 - Loose snow,10 - No control,,1,0,0,0,,0,,,,,368612.486,5034358.625,45.4462453,-75.68423956,4278
18--14267,12/22/2018,7:03 AM,BANKFIELD RD @ HWY 416 BANKFIEL IC57R24 (0001602),1602,02 - Intersection related,03 - P.D. only,07 - SMV other,03 - Snow,07 - Dark,03 - Loose snow,02 - Stop sign,00 - Unknown,1,0,0,0,,0,,,,,364911.6884,5008139.463,45.210656,-75.73472869,4279
18--14268,12/22/2018,7:20 AM,RIVERSIDE DR btwn HOG'S BACK RD & RIDGEWOOD AVE (__3ZA372),__3ZA372,04 - At/near private drive,03 - P.D. only,03 - Rear end,03 - Snow,03 - Dawn,05 - Packed snow,10 - No control,,2,0,0,0,,0,,,,,368209.7812,5025956.522,45.37068252,-75.6904678,4280
18--14269,12/22/2018,7:36 PM,EAGLESON RD @ HAZELDEAN RD/ROBERTSON RD (0002715),2715,02 - Intersection related,03 - P.D. only,03 - Rear end,01 - Clear,07 - Dark,01 - Dry,01 - Traffic signal,01 - Functioning,2,0,0,0,,0,,,,,353673.4783,5018424.33,45.30407119,-75.87677933,4281
18--1427,1/29/2018,3:37 PM,DUNNING RD btwn MARKET ST & LOOKOUT DR (__3ZA2Z1),__3ZA2Z1,01 - Non intersection,03 - P.D. only,03 - Rear end,01 - Clear,01 - Daylight,01 - Dry,10 - No control,,2,0,0,0,,0,,,,,390417.6406,5042206.475,45.51452036,-75.40416545,4282
18--14270,12/22/2018,7:39 PM,WOODKILTON RD btwn TO BE DETERMINED & KILMAURS SIDE RD (__3ZACDL),__3ZACDL,01 - Non intersection,02 - Non-fatal injury,07 - SMV other,05 - Drifting Snow,07 - Dark,03 - Loose snow,10 - No control,,1,0,0,0,02 - Minor,1,,1,,,333058.6208,5039171.363,45.4918935,-76.13845835,4283
18--14271,12/22/2018,8:04 AM,FALLOWFIELD RD @ STRANDHERD DR (0005238),5238,03 - At intersection,03 - P.D. only,05 - Turning movement,03 - Snow,01 - Daylight,03 - Loose snow,01 - Traffic signal,01 - Functioning,2,0,0,0,,0,,,,,360752.2244,5014962.155,45.2723901,-75.78691023,4284
18--14272,12/22/2018,8:30 PM,INNES RD @ ORCHARDVIEW AVE/ESPRIT DR (0012279),12279,02 - Intersection related,03 - P.D. only,03 - Rear end,01 - Clear,07 - Dark,01 - Dry,01 - Traffic signal,01 - Functioning,2,0,0,0,,0,,,,,384844.693,5036560.506,45.46438548,-75.47640327,4285
18--14273,12/22/2018,9:03 PM,MOODIE DR @ CORKSTOWN RD (0000577),577,03 - At intersection,03 - P.D. only,05 - Turning movement,01 - Clear,07 - Dark,02 - Wet,01 - Traffic signal,01 - Functioning,2,0,0,0,,0,,,,,356345.6201,5022761.414,45.34290579,-75.84225568,4286
18--14274,12/23/2018,1:00 AM,REGIONAL ROAD 174 btwn OR174 IC105 RAMP25 & OR174 IC102 RAMP51 (__3ZA27G),__3ZA27G,01 - Non intersection,03 - P.D. only,07 - SMV other,01 - Clear,07 - Dark,01 - Dry,10 - No control,,1,0,0,0,,0,,,,,380203.5103,5037451.708,45.47292021,-75.53560839,4287
18--14275,12/23/2018,1:46 PM,FALLOWFIELD RD @ MOODIE DR (0010412),10412,03 - At intersection,02 - Non-fatal injury,05 - Turning movement,01 - Clear,01 - Daylight,01 - Dry,01 - Traffic signal,01 - Functioning,2,0,0,0,01 - Minimal,1,1,,,,359501.3722,5014636.453,45.26955781,-75.80288655,4288
18--14276,12/23/2018,1:57 PM,INNES RD @ TENTH LINE RD (0004633),4633,02 - Intersection related,03 - P.D. only,03 - Rear end,01 - Clear,01 - Daylight,01 - Dry,01 - Traffic signal,01 - Functioning,2,0,0,0,,0,,,,,383951.5575,5036159.716,45.46088131,-75.48788724,4289
18--14277,12/23/2018,10:01 AM,CEDARWOOD DR btwn WALKLEY RD & BAYCREST DR (__3ZA9YT),__3ZA9YT,04 - At/near private drive,03 - P.D. only,02 - Angle,01 - Clear,01 - Daylight,01 - Dry,10 - No control,,2,0,0,0,,0,,,,,371139.618,5026551.4,45.37576382,-75.65298763,4290
18--14278,12/23/2018,10:09 AM,OGILVIE RD @ ELMLEA GT/SHOPPERS CITY EAST SC (0008800),8800,03 - At intersection,03 - P.D. only,02 - Angle,01 - Clear,01 - Daylight,01 - Dry,01 - Traffic signal,01 - Functioning,2,0,0,0,,0,,,,,374988.7454,5033486.594,45.43778809,-75.60286127,4291
18--14279,12/23/2018,11:00 PM,BLACKBURN AVE btwn LAURIER AVE E & OSGOODE ST (__3ZA8KC),__3ZA8KC,01 - Non intersection,03 - P.D. only,07 - SMV other,03 - Snow,07 - Dark,03 - Loose snow,10 - No control,,1,0,0,0,,0,,,,,369244.8488,5032213.116,45.42688285,-75.67643733,4292
18--1428,1/29/2018,3:52 PM,NASHDALE DR W @ PARKWAY RD W (0001824),1824,03 - At intersection,03 - P.D. only,02 - Angle,01 - Clear,01 - Daylight,01 - Dry,02 - Stop sign,01 - Functioning,2,0,0,0,,0,,,,,383287.8035,5016966.468,45.28826964,-75.49942357,4293
18--14280,12/23/2018,11:56 AM,REGIONAL ROAD 174 btwn OR174 IC109 RAMP64 & OR174 IC105 RAMP16 (__3ZA2XD),__3ZA2XD,01 - Non intersection,03 - P.D. only,99 - Other,01 - Clear,01 - Daylight,01 - Dry,10 - No control,,2,0,0,0,,0,,,,,376646.4285,5035372.062,45.45458396,-75.58140048,4294
18--14281,12/23/2018,12:00 PM,BILLINGS BRIDGESC RAMP NB @ RIVERSIDE DR EB (0008853),8853,03 - At intersection,03 - P.D. only,02 - Angle,01 - Clear,01 - Daylight,01 - Dry,02 - Stop sign,01 - Functioning,2,0,0,0,,0,,,,,369082.7994,5027762.526,45.38685288,-75.67908828,4295
18--14282,12/23/2018,12:23 PM,MARCH RD btwn RICHARDSON SIDE RD & HERZBERG RD (__3ZA42C),__3ZA42C,01 - Non intersection,03 - P.D. only,07 - SMV other,01 - Clear,01 - Daylight,01 - Dry,10 - No control,,1,0,0,0,,0,,,,,351456.3733,5021766.532,45.33429587,-75.90473483,4296
18--14283,12/23/2018,12:27 PM,MER BLEUE RD @ 210 S OF INNES RD (0012453),12453,03 - At intersection,03 - P.D. only,05 - Turning movement,01 - Clear,01 - Daylight,02 - Wet,01 - Traffic signal,01 - Functioning,2,0,0,0,,0,,,,,382729.7814,5035375.907,45.45396662,-75.50363194,4297
18--14284,12/23/2018,12:46 AM,RIVERSIDE DR btwn FROBISHER LANE & END (__3ZA241),__3ZA241,04 - At/near private drive,03 - P.D. only,02 - Angle,01 - Clear,07 - Dark,05 - Packed snow,10 - No control,,2,0,0,0,,0,,,,,370052.4519,5029323.45,45.40080786,-75.66650037,4298
18--14285,12/23/2018,2:20 PM,WOODROFFE AVE btwn HWY417 IC127 RAMP26 & HWY417 IC127 RAMP63 (__3ZA4MC),__3ZA4MC,01 - Non intersection,03 - P.D. only,03 - Rear end,01 - Clear,01 - Daylight,06 - Ice,10 - No control,,2,0,0,0,,0,,,,,362089.8343,5024921.319,45.36189487,-75.76871248,4299
18--14286,12/23/2018,2:41 PM,BANK ST @ ST. BERNARD ST (0012406),12406,03 - At intersection,03 - P.D. only,05 - Turning movement,01 - Clear,01 - Daylight,01 - Dry,01 - Traffic signal,01 - Functioning,2,0,0,0,,0,,,,,373004.6154,5023708.576,45.35000614,-75.62957076,4300
18--14287,12/23/2018,2:58 PM,INNES RD btwn BLAIR RD & ANDERSON RD (__3ZA3JZ),__3ZA3JZ,01 - Non intersection,02 - Non-fatal injury,03 - Rear end,01 - Clear,01 - Daylight,01 - Dry,10 - No control,,2,0,0,0,01 - Minimal,1,1,,,,375628.9703,5031473.721,45.41961286,-75.59496856,4301
18--14288,12/23/2018,3:12 PM,BYWARD MARKET @ YORK ST (0007624),7624,03 - At intersection,03 - P.D. only,02 - Angle,01 - Clear,01 - Daylight,02 - Wet,02 - Stop sign,01 - Functioning,2,0,0,0,,0,,,,,367944.5435,5032328.489,45.42803953,-75.69303791,4302
18--14289,12/23/2018,4:04 PM,MEADOWLANDS DR @ MERIVALE RD (0000625),625,03 - At intersection,02 - Non-fatal injury,05 - Turning movement,01 - Clear,05 - Dusk,01 - Dry,01 - Traffic signal,01 - Functioning,2,0,0,0,01 - Minimal,2,2,,,,364858.7122,5023725.628,45.35090447,-75.73351695,4303
18--1429,1/29/2018,3:53 PM,ST. LAURENT BLVD @ MCARTHUR AVE (0008246),8246,02 - Intersection related,03 - P.D. only,03 - Rear end,01 - Clear,01 - Daylight,01 - Dry,01 - Traffic signal,01 - Functioning,2,0,0,0,,0,,,,,371921.7188,5032887.575,45.43269956,-75.64214055,4304
18--14290,12/23/2018,4:10 PM,HIGHWAY 417 btwn TRANSIT & HWY417 IC127 RAMP16 (__3ZA2SJ),__3ZA2SJ,01 - Non intersection,03 - P.D. only,03 - Rear end,01 - Clear,05 - Dusk,00 - Unknown,10 - No control,,3,0,0,0,,0,,,,,361794.0078,5024598.835,45.3590173,-75.77252549,4305
18--14291,12/23/2018,4:31 PM,KANATA AVE @ TERRY FOX DR (0012691),12691,03 - At intersection,02 - Non-fatal injury,05 - Turning movement,01 - Clear,05 - Dusk,01 - Dry,01 - Traffic signal,01 - Functioning,2,0,0,0,02 - Minor,1,,1,,,349305.6678,5019211.721,45.31144669,-75.93240282,4306
18--14292,12/23/2018,5:00 PM,SECOND AVE btwn PERCY ST & LYON ST S (__3ZA92J),__3ZA92J,01 - Non intersection,03 - P.D. only,06 - SMV unattended vehicle,01 - Clear,07 - Dark,01 - Dry,10 - No control,,1,0,0,0,,0,,,,,368016.1102,5029455.722,45.40218484,-75.69249191,4307
18--14293,12/23/2018,5:00 PM,WOODROFFE AVE btwn 260 N OF FALLOWFIELD RD/TRANSITWAY & FALLOWFIELD RD (__3ZA3IOB),__3ZA3IOB,01 - Non intersection,03 - P.D. only,03 - Rear end,01 - Clear,07 - Dark,01 - Dry,10 - No control,,2,0,0,0,,0,,,,,365055.326,5017980.256,45.29919132,-75.7317071,4308
18--14294,12/23/2018,5:16 PM,ALDERWOOD ST @ TRAPPER'S RD (0009613),9613,03 - At intersection,02 - Non-fatal injury,02 - Angle,03 - Snow,07 - Dark,06 - Ice,02 - Stop sign,01 - Functioning,2,0,0,0,01 - Minimal,2,2,,,,372097.7097,5023336.503,45.34674596,-75.64119403,4309
18--14295,12/23/2018,5:19 PM,MERIVALE RD @ 210 S OF MEADOWLANDS DR (0005419),5419,03 - At intersection,03 - P.D. only,04 - Sideswipe,01 - Clear,07 - Dark,01 - Dry,01 - Traffic signal,01 - Functioning,2,0,0,0,,0,,,,,364943.5951,5023530.754,45.34914375,-75.73245746,4310
18--14296,12/23/2018,5:30 PM,BANK ST btwn PARKWAY RD & MEADOW DR (__3ZA28M),__3ZA28M,01 - Non intersection,03 - P.D. only,07 - SMV other,01 - Clear,07 - Dark,01 - Dry,10 - No control,,1,0,0,0,,0,,,,,378914.5283,5014117.153,45.26310752,-75.5555924,4311
18--14297,12/23/2018,5:50 PM,BANK ST btwn WALKLEY RD & SURREY AVE (__3ZA4TW),__3ZA4TW,01 - Non intersection,03 - P.D. only,04 - Sideswipe,01 - Clear,07 - Dark,01 - Dry,10 - No control,,2,0,0,0,,0,,,,,370348.1754,5025916.515,45.37012581,-75.6631758,4312
18--14298,12/23/2018,6:07 AM,RICHMOND RD btwn WEST HUNT CLUB RD & STONEHAVEN DR (__3ZA41H),__3ZA41H,01 - Non intersection,03 - P.D. only,07 - SMV other,01 - Clear,07 - Dark,06 - Ice,10 - No control,,1,0,0,0,,0,,,,,357085.8439,5017878.432,45.29891341,-75.83332626,4313
18--14299,12/23/2018,6:17 PM,CARLING AVE @ KIRKWOOD AVE S (0002209),2209,02 - Intersection related,03 - P.D. only,05 - Turning movement,01 - Clear,07 - Dark,01 - Dry,01 - Traffic signal,01 - Functioning,2,0,0,0,,0,,,,,364351.5207,5027337.505,45.38344686,-75.73955392,4314
18--143,1/2/2018,8:00 AM,OLD MONTREAL RD btwn KING ARTHUR ST & QUIGLEY HILL RD (__3ZA3M1),__3ZA3M1,01 - Non intersection,03 - P.D. only,07 - SMV other,01 - Clear,01 - Daylight,06 - Ice,10 - No control,,1,0,0,0,,0,,,,,387353.5931,5041043.516,45.50442681,-75.44357164,4315
18--1430,1/29/2018,4:18 PM,ST. JOSEPH BLVD @ JEANNE D'ARC BLVD (0012421),12421,03 - At intersection,03 - P.D. only,04 - Sideswipe,01 - Clear,01 - Daylight,01 - Dry,11 - Roundabout,01 - Functioning,2,0,0,0,,0,,,,,379860.7427,5036471.581,45.46413872,-75.54014138,4316
18--14300,12/23/2018,6:51 PM,CHAMPLAIN ST @ JEANNE D'ARC BLVD (0004106),4106,03 - At intersection,03 - P.D. only,05 - Turning movement,01 - Clear,07 - Dark,01 - Dry,01 - Traffic signal,01 - Functioning,2,0,0,0,,0,,,,,381379.5772,5038723.579,45.48423545,-75.5203707,4317
18--14301,12/23/2018,7:34 PM,RIVERSIDE DR btwn MOONEY'S BAY PL & WALKLEY RD (__3ZA36Q),__3ZA36Q,01 - Non intersection,03 - P.D. only,03 - Rear end,01 - Clear,07 - Dark,06 - Ice,10 - No control,,2,0,0,0,,0,,,,,368422.5875,5024871.635,45.3609017,-75.68789094,4318