Anom_ID,Accident_Date,Accident_Time,Location,Geo_ID,Accident_Location,Classification_of_Accident,Initial_Impact_Type,Environment_Condition,Light,Road_Surface_Condition,Traffic_Control,Traffic_Control_Condition,No__of_Vehicles,No__of_Bicycles,No__of_Motorcycles,No__of_Pedestrians,Max_Injury,No__of_Injuries,No__of_Minimal,No__of_Minor,No__of_Major,No__of_Fatal,X,Y,Latitude,Longitude,ObjectId
18--14302,12/23/2018,8:24 PM,EAGLESON RD @ FALLOWFIELD RD (0000118),118,02 - Intersection related,03 - P.D. only,07 - SMV other,05 - Drifting Snow,07 - Dark,05 - Packed snow,01 - Traffic signal,01 - Functioning,1,0,0,0,,0,,,,,355961.6343,5012594.405,45.25144941,-75.84820416,4319
18--14303,12/23/2018,8:28 PM,CARLING AVE @ WOODROFFE AVE W (0011470),11470,03 - At intersection,03 - P.D. only,04 - Sideswipe,01 - Clear,07 - Dark,06 - Ice,01 - Traffic signal,01 - Functioning,2,0,0,0,,0,,,,,361767.4824,5025725.732,45.36915919,-75.77273412,4320
18--14304,12/23/2018,8:45 PM,BEATRICE DR @ STRANDHERD DR (0005447),5447,03 - At intersection,03 - P.D. only,05 - Turning movement,01 - Clear,07 - Dark,01 - Dry,01 - Traffic signal,01 - Functioning,2,0,0,0,,0,,,,,365527.198,5015321.462,45.275227,-75.72601642,4321
18--14305,12/23/2018,9:12 AM,HIGHWAY 417 btwn HWY417 IC127 RAMP25 & HWY417 IC126 RAMP51 (__3ZA2XA),__3ZA2XA,01 - Non intersection,03 - P.D. only,07 - SMV other,01 - Clear,01 - Daylight,01 - Dry,10 - No control,,1,0,0,0,,0,,,,,363214.0776,5025893.692,45.3705514,-75.7542481,4322
18--14306,12/23/2018,9:25 PM,MARAVISTA DR @ STRANDHERD DR (0013565),13565,02 - Intersection related,03 - P.D. only,03 - Rear end,01 - Clear,07 - Dark,03 - Loose snow,01 - Traffic signal,01 - Functioning,2,0,0,0,,0,,,,,361288.4381,5014584.958,45.26895318,-75.78011984,4323
18--14307,12/23/2018,9:50 AM,INNES RD @ TENTH LINE RD (0004633),4633,02 - Intersection related,03 - P.D. only,03 - Rear end,01 - Clear,01 - Daylight,01 - Dry,01 - Traffic signal,01 - Functioning,2,0,0,0,,0,,,,,383951.8457,5036159.463,45.460879,-75.4878836,4324
18--14308,12/24/2018,1:04 PM,HUNT CLUB RD @ BRIDLE PATH DR/DAZE ST (0008214),8214,02 - Intersection related,03 - P.D. only,03 - Rear end,01 - Clear,01 - Daylight,03 - Loose snow,01 - Traffic signal,01 - Functioning,2,0,0,0,,0,,,,,371291.6388,5023864.522,45.35157379,-75.65140841,4325
18--14309,12/24/2018,1:45 PM,ST. LAURENT BLVD @ WALKLEY RD (0007653),7653,02 - Intersection related,03 - P.D. only,03 - Rear end,01 - Clear,01 - Daylight,02 - Wet,01 - Traffic signal,01 - Functioning,2,0,0,0,,0,,,,,373902.4734,5028046.879,45.38895244,-75.61750678,4326
18--1431,1/29/2018,4:25 PM,BASELINE RD btwn 207 E OF CLYDE AVE & LOBLAWS SC (__3ZA4ISB),__3ZA4ISB,01 - Non intersection,03 - P.D. only,03 - Rear end,01 - Clear,01 - Daylight,01 - Dry,10 - No control,,5,0,0,0,,0,,,,,364648.1699,5025070.773,45.3630259,-75.73604085,4327
18--14400,12/27/2018,4:49 PM,HUNT CLUB RD @ UPLANDS DR (0010844),10844,03 - At intersection,03 - P.D. only,05 - Turning movement,01 - Clear,05 - Dusk,04 - Slush,01 - Traffic signal,01 - Functioning,2,0,0,0,,0,,,,,370156.7273,5023121.492,45.3449949,-75.66598922,4328
18--13688,12/12/2018,7:45 PM,TENTH LINE RD @ LAKEPOINTE DR (0013369),13369,02 - Intersection related,03 - P.D. only,03 - Rear end,01 - Clear,07 - Dark,06 - Ice,01 - Traffic signal,01 - Functioning,2,0,0,0,,0,,,,,384262.2198,5035420.721,45.45419724,-75.48403484,4329
18--14401,12/27/2018,5:01 PM,RIVERSIDE DR btwn HUNT CLUB RD & KIMBERWICK CRES (__3ZBOEN),__3ZBOEN,01 - Non intersection,03 - P.D. only,03 - Rear end,01 - Clear,07 - Dark,01 - Dry,10 - No control,,4,0,0,0,,0,,,,,368113.8272,5022383.788,45.33854457,-75.69215023,4330
18--14318,12/24/2018,3:40 PM,GLEESON WAY @ PALMADEO DR (0009719),9719,02 - Intersection related,03 - P.D. only,05 - Turning movement,01 - Clear,01 - Daylight,03 - Loose snow,03 - Yield sign,00 - Unknown,2,0,0,0,,0,,,,,365155.5245,5015728.483,45.27892136,-75.73070358,4331
18--13777,12/14/2018,1:18 AM,GLADWIN CRES btwn BOURASSA ST & END (__3ZBOZY),__3ZBOZY,01 - Non intersection,03 - P.D. only,07 - SMV other,01 - Clear,07 - Dark,01 - Dry,10 - No control,,1,0,0,0,,0,,,,,373343.8225,5029761.109,45.4044312,-75.62440216,4332
18--13689,12/12/2018,7:50 PM,HIGHWAY 417 btwn HWY417 IC124 RAMP67 & HWY417 IC123 RAMP62 (__3ZA2YZ),__3ZA2YZ,01 - Non intersection,03 - P.D. only,04 - Sideswipe,01 - Clear,07 - Dark,01 - Dry,10 - No control,,2,0,0,0,,0,,,,,364739.9758,5027999.591,45.38937105,-75.73451356,4333
18--14402,12/27/2018,5:40 PM,CYRVILLE RD @ MEADOWBROOK RD (0012477),12477,02 - Intersection related,03 - P.D. only,03 - Rear end,01 - Clear,07 - Dark,01 - Dry,01 - Traffic signal,01 - Functioning,2,0,0,0,,0,,,,,374629.7323,5031242.556,45.4176334,-75.60776772,4334
18--14319,12/24/2018,4:40 PM,RICHMOND RD btwn EDGEWORTH AVE/MCEWEN AVE & REGINA LANE (__3ZA4L9),__3ZA4L9,04 - At/near private drive,03 - P.D. only,05 - Turning movement,01 - Clear,05 - Dusk,02 - Wet,10 - No control,,2,0,0,0,,0,,,,,361064.484,5025869.314,45.37050792,-75.78169177,4335
18--14403,12/27/2018,5:53 PM,JOCKVALE RD @ LONGFIELDS DR (0013613),13613,02 - Intersection related,03 - P.D. only,03 - Rear end,01 - Clear,07 - Dark,01 - Dry,02 - Stop sign,01 - Functioning,2,0,0,0,,0,,,,,364829.2929,5014001.028,45.26340567,-75.73507021,4336
18--13864,12/14/2018,7:05 PM,CARLING AVE btwn PRESTON ST & BOOTH ST (__3ZA25F),__3ZA25F,01 - Non intersection,03 - P.D. only,03 - Rear end,04 - Freezing Rain,07 - Dark,08 - Loose sand or gravel,10 - No control,,2,0,0,0,,0,,,,,366859.1046,5028935.734,45.39760966,-75.70733522,4337
18--1432,1/29/2018,4:27 PM,LAROSE AVE @ MERIVALE RD (0011410),11410,02 - Intersection related,02 - Non-fatal injury,04 - Sideswipe,01 - Clear,01 - Daylight,01 - Dry,02 - Stop sign,01 - Functioning,2,0,0,0,02 - Minor,1,,1,,,364846.6985,5026967.543,45.38007574,-75.73327629,4338
18--13778,12/14/2018,1:30 PM,HAWTHORNE RD/RUSSELL RD @ WALKLEY RD (0002618),2618,02 - Intersection related,03 - P.D. only,03 - Rear end,04 - Freezing Rain,01 - Daylight,06 - Ice,01 - Traffic signal,01 - Functioning,2,0,0,0,,0,,,,,374674.559,5028499.593,45.39294914,-75.60758373,4339
18--14041,12/18/2018,6:53 AM,SNAKE ISLAND RD btwn 5TH LINE RD & GREY'S CREEK RD (__3ZA2CW),__3ZA2CW,01 - Non intersection,03 - P.D. only,07 - SMV other,01 - Clear,07 - Dark,01 - Dry,10 - No control,,1,0,0,0,,0,,,,,381027.0641,5008468.486,45.21205758,-75.52954274,4340
18--13953,12/16/2018,4:40 PM,PINECREST RD @ BASELINE RD (0002657),2657,03 - At intersection,02 - Non-fatal injury,02 - Angle,01 - Clear,05 - Dusk,01 - Dry,02 - Stop sign,01 - Functioning,2,0,0,0,02 - Minor,1,,1,,,360782.6803,5022694.636,45.34196486,-75.78564869,4341
18--1369,1/27/2018,3:00 PM,REGIONAL ROAD 174 btwn TRANSIT & OR174 IC109 RAMP56 (__3ZAZ6U),__3ZAZ6U,01 - Non intersection,03 - P.D. only,99 - Other,01 - Clear,01 - Daylight,01 - Dry,10 - No control,,2,0,0,0,,0,,,,,375603.806,5033464.645,45.43752859,-75.59500383,4342
18--13954,12/16/2018,5:00 PM,DWYER HILL RD btwn ROGER STEVENS DR & FLOOD RD (__3ZBOCI),__3ZBOCI,01 - Non intersection,03 - P.D. only,07 - SMV other,02 - Rain,07 - Dark,02 - Wet,10 - No control,,1,0,0,0,,0,,,,,354426.9511,4989255.963,45.04154956,-75.87007206,4343
18--14404,12/27/2018,6:29 AM,HUNT CLUB RD EB btwn 275 E OF HAWTHORNE RD/OC TRANSPO TURNAROUND & HAWTHORNE RD (e___2HF3A),e___2HF3A,01 - Non intersection,03 - P.D. only,04 - Sideswipe,01 - Clear,07 - Dark,01 - Dry,10 - No control,,2,0,0,0,,0,,,,,375552.123,5026425.533,45.37419968,-75.59667441,4344
18--13865,12/14/2018,7:14 PM,CLEARBROOK DR btwn ROSWELL DR & PAUL METIVIER DR (__4FP80W),__4FP80W,01 - Non intersection,03 - P.D. only,06 - SMV unattended vehicle,04 - Freezing Rain,07 - Dark,06 - Ice,10 - No control,,1,0,0,0,,0,,,,,366080.1931,5014779.66,45.27030391,-75.71903588,4345
18--13779,12/14/2018,1:30 PM,FALLOWFIELD RD btwn MCCAFFREY TR & DWYER HILL RD (__3ZAC6M),__3ZAC6M,01 - Non intersection,03 - P.D. only,07 - SMV other,04 - Freezing Rain,01 - Daylight,06 - Ice,10 - No control,,1,0,0,0,,0,,,,,343456.6182,5001793.162,45.1550517,-76.00834829,4346
18--14320,12/24/2018,5:47 PM,HIGHWAY 417 btwn HWY 417 ANDERSON IC104R61 & HWY 417 BOUNDARY IC96R16 (__3ZA2W5),__3ZA2W5,01 - Non intersection,03 - P.D. only,03 - Rear end,01 - Clear,07 - Dark,01 - Dry,10 - No control,,2,0,0,0,,0,,,,,383729.6576,5025339.541,45.36355537,-75.49245688,4347
18--14405,12/27/2018,6:31 PM,PRINCE OF WALES DR btwn STRANDHERD DR & BARNSTONE DR (__3ZA1YI),__3ZA1YI,01 - Non intersection,03 - P.D. only,07 - SMV other,03 - Snow,07 - Dark,06 - Ice,10 - No control,,1,0,0,0,,0,,,,,367229.0883,5014964.271,45.27186398,-75.70437238,4348
18--13690,12/12/2018,7:58 AM,COLONEL BY DR @ OTTAWA UNIV. PED. XING (0008861),8861,03 - At intersection,02 - Non-fatal injury,03 - Rear end,01 - Clear,03 - Dawn,01 - Dry,01 - Traffic signal,01 - Functioning,2,0,0,0,02 - Minor,1,,1,,,368729.7094,5031492.576,45.42044696,-75.68311331,4349
18--13955,12/16/2018,5:03 PM,RUSSELL RD S @ ST. LAURENT BLVD (0007734),7734,02 - Intersection related,02 - Non-fatal injury,07 - SMV other,01 - Clear,07 - Dark,02 - Wet,01 - Traffic signal,01 - Functioning,1,0,0,1,02 - Minor,1,,1,,,373569.8429,5029260.545,45.3999052,-75.62158506,4350
18--14042,12/18/2018,6:54 PM,LAURIER AVE @ NICHOLAS ST (0010711),10711,02 - Intersection related,03 - P.D. only,05 - Turning movement,01 - Clear,07 - Dark,01 - Dry,01 - Traffic signal,01 - Functioning,2,0,0,0,,0,,,,,368373.3866,5031798.167,45.42322903,-75.68762647,4351
18--14406,12/27/2018,6:57 AM,WOODROFFE AVE @ CRESTHAVEN DR/PAUL METIVIER (0010547),10547,03 - At intersection,03 - P.D. only,02 - Angle,01 - Clear,03 - Dawn,02 - Wet,02 - Stop sign,01 - Functioning,2,0,0,0,,0,,,,,366326.8381,5014853.342,45.27094536,-75.71588377,4352
18--13691,12/12/2018,8:00 AM,LAURIER AVE @ NICHOLAS ST (0010711),10711,02 - Intersection related,03 - P.D. only,04 - Sideswipe,01 - Clear,01 - Daylight,02 - Wet,01 - Traffic signal,01 - Functioning,2,0,0,0,,0,,,,,368373.6325,5031798.21,45.4232294,-75.68762332,4353
18--1378,1/27/2018,5:42 PM,INNES RD @ SOUTHPARK DR (0004142),4142,03 - At intersection,03 - P.D. only,07 - SMV other,01 - Clear,07 - Dark,01 - Dry,01 - Traffic signal,01 - Functioning,1,0,0,0,,0,,,,,377839.391,5032754.562,45.43090977,-75.56653825,4354
18--14321,12/24/2018,5:57 AM,RIDDELL DR btwn MARCH VALLEY RD & SIXTH LINE RD (__3ZA42B),__3ZA42B,01 - Non intersection,03 - P.D. only,07 - SMV other,01 - Clear,07 - Dark,01 - Dry,10 - No control,,1,0,0,0,,0,,,,,350002.5981,5028928.543,45.39883616,-75.9226266,4355
18--13866,12/14/2018,7:15 AM,HIGHWAY 417 btwn HWY417 IC96 RAMP61 & HWY417 IC88 RAMP16 (__3ZA27Z),__3ZA27Z,01 - Non intersection,03 - P.D. only,03 - Rear end,01 - Clear,03 - Dawn,01 - Dry,10 - No control,,2,0,0,0,,0,,,,,393405.6651,5022633.743,45.33805531,-75.36944959,4356
18--14322,12/24/2018,6:07 PM,PRINCE OF WALES DR @ RIDEAU HEIGHTS DR/WELLSME (0009786),9786,03 - At intersection,02 - Non-fatal injury,02 - Angle,03 - Snow,07 - Dark,05 - Packed snow,02 - Stop sign,01 - Functioning,2,0,0,0,02 - Minor,1,,1,,,367388.0965,5022362.009,45.33841372,-75.701412,4357
18--14407,12/27/2018,7:36 PM,CAMPEAU DR @ JOURNEYMAN ST (0016431),16431,03 - At intersection,02 - Non-fatal injury,02 - Angle,01 - Clear,07 - Dark,01 - Dry,01 - Traffic signal,01 - Functioning,2,0,0,0,02 - Minor,2,1,1,,,348792.792,5017828.374,45.29903122,-75.93906618,4358
18--13780,12/14/2018,1:35 PM,ST. LAURENT BLVD @ WALKLEY RD (0007653),7653,02 - Intersection related,03 - P.D. only,05 - Turning movement,01 - Clear,01 - Daylight,04 - Slush,01 - Traffic signal,01 - Functioning,2,0,0,0,,0,,,,,373902.7624,5028046.944,45.388953,-75.61750308,4359
18--13692,12/12/2018,8:04 AM,RICHMOND RD @ WEST HUNT CLUB RD (0000598),598,03 - At intersection,03 - P.D. only,02 - Angle,03 - Snow,01 - Daylight,03 - Loose snow,01 - Traffic signal,01 - Functioning,2,0,0,0,,0,,,,,357145.6341,5018152.426,45.30137439,-75.83253502,4360
18--14323,12/24/2018,6:07 PM,BANK ST @ CAHILL DR/DAZE ST (0012178),12178,03 - At intersection,02 - Non-fatal injury,05 - Turning movement,01 - Clear,07 - Dark,03 - Loose snow,01 - Traffic signal,01 - Functioning,2,0,0,0,02 - Minor,1,,1,,,371306.8156,5024316.727,45.35564114,-75.65115391,4361
18--13867,12/14/2018,7:16 PM,BANK ST btwn ALTA VISTA DR & ERIE AVE (__3ZA36X),__3ZA36X,04 - At/near private drive,02 - Non-fatal injury,04 - Sideswipe,04 - Freezing Rain,07 - Dark,06 - Ice,10 - No control,,2,0,0,0,02 - Minor,1,,1,,,370147.7343,5026444.73,45.37489724,-75.66566458,4362
18--14043,12/18/2018,7:00 PM,TOTTERIDGE AVE btwn UPNEY DR & FAIRLOP WAY (__4O3J7G),__4O3J7G,04 - At/near private drive,03 - P.D. only,02 - Angle,01 - Clear,07 - Dark,01 - Dry,10 - No control,,2,0,0,0,,0,,,,,364735.0622,5016148.784,45.28273919,-75.73601159,4363
18--13956,12/16/2018,5:08 PM,MANN AVE @ RUSSELL AVE (0006976),6976,03 - At intersection,02 - Non-fatal injury,07 - SMV other,01 - Clear,07 - Dark,01 - Dry,02 - Stop sign,01 - Functioning,1,0,0,1,02 - Minor,1,,1,,,369470.796,5031504.491,45.42048605,-75.67364321,4364
18--14408,12/27/2018,8:00 AM,COLONNADE RD @ MERIVALE RD (0004569),4569,02 - Intersection related,03 - P.D. only,03 - Rear end,01 - Clear,01 - Daylight,01 - Dry,01 - Traffic signal,01 - Functioning,2,0,0,0,,0,,,,,365363.5616,5022544.544,45.34023383,-75.72721915,4365
18--13781,12/14/2018,1:43 PM,MONTREAL RD btwn THOMSON ST & AVIATION PKWY (__3ZA3UF),__3ZA3UF,01 - Non intersection,03 - P.D. only,04 - Sideswipe,04 - Freezing Rain,01 - Daylight,04 - Slush,10 - No control,,2,0,0,0,,0,,,,,372105.5382,5034088.061,45.44348328,-75.63962733,4366
18--13693,12/12/2018,8:13 AM,BLAIR RD @ OGILVIE RD (0004120),4120,02 - Intersection related,03 - P.D. only,03 - Rear end,01 - Clear,01 - Daylight,02 - Wet,01 - Traffic signal,01 - Functioning,4,0,0,0,,0,,,,,374507.7826,5033198.707,45.43524596,-75.60904886,4367
18--14324,12/24/2018,6:16 AM,GREENBANK RD btwn JOCKVALE RD & CAMBRIAN RD (__3ZA2WE),__3ZA2WE,01 - Non intersection,03 - P.D. only,03 - Rear end,03 - Snow,07 - Dark,03 - Loose snow,10 - No control,,2,0,0,0,,0,,,,,364395.699,5013343.169,45.2575231,-75.74067375,4368
18--13868,12/14/2018,7:16 PM,STITTSVILLE MAIN ST @ HAZELDEAN RD (0000050),50,03 - At intersection,03 - P.D. only,03 - Rear end,02 - Rain,07 - Dark,04 - Slush,01 - Traffic signal,01 - Functioning,2,0,0,0,,0,,,,,349558.5382,5014878.903,45.27244255,-75.92956901,4369
18--13957,12/16/2018,6:05 PM,INNES RD @ JEANNE D'ARC BLVD/MER BLEUE RD (0012475),12475,02 - Intersection related,03 - P.D. only,03 - Rear end,01 - Clear,07 - Dark,02 - Wet,01 - Traffic signal,01 - Functioning,2,0,0,0,,0,,,,,382637.748,5035567.623,45.45570177,-75.50477811,4370
18--14044,12/18/2018,7:02 AM,FALLOWFIELD RD btwn KIMINI DR & SHEA RD (__3ZA42K),__3ZA42K,04 - At/near private drive,03 - P.D. only,03 - Rear end,01 - Clear,03 - Dawn,01 - Dry,10 - No control,,2,0,0,0,,0,,,,,353165.527,5010288.461,45.23089751,-75.88404851,4371
18--14409,12/27/2018,8:00 PM,BEGIN ST btwn MONTREAL RD & LEVIS AVE (__3ZA8TP),__3ZA8TP,01 - Non intersection,03 - P.D. only,06 - SMV unattended vehicle,01 - Clear,07 - Dark,04 - Slush,10 - No control,,1,0,0,0,,0,,,,,370479.8191,5033269.353,45.43627154,-75.66051603,4372
18--13694,12/12/2018,8:15 AM,BANK ST @ CENOTE RD (0010796),10796,02 - Intersection related,03 - P.D. only,03 - Rear end,03 - Snow,01 - Daylight,06 - Ice,02 - Stop sign,00 - Unknown,2,0,0,0,,0,,,,,380723.9125,5012599.541,45.24925979,-75.53277136,4373
18--13782,12/14/2018,1:44 PM,MERIVALE RD btwn CALDWELL AVE & CENTRAL PARK DR (__3ZA3GW),__3ZA3GW,01 - Non intersection,03 - P.D. only,03 - Rear end,04 - Freezing Rain,01 - Daylight,06 - Ice,10 - No control,,2,0,0,0,,0,,,,,364943.3074,5025951.082,45.37092152,-75.73216661,4374
18--13869,12/14/2018,7:20 PM,WHITESTONE DR btwn STATE ST & CEDAR PARK ST (__3ZACFS),__3ZACFS,04 - At/near private drive,03 - P.D. only,06 - SMV unattended vehicle,02 - Rain,07 - Dark,06 - Ice,10 - No control,,1,0,0,0,,0,,,,,364357.379,5025811.817,45.36971847,-75.73966312,4375
18--14325,12/24/2018,7:32 AM,MARCH RD btwn GOLDEN LINE RD & BURNT LANDS RD (__3ZA2QG),__3ZA2QG,01 - Non intersection,03 - P.D. only,07 - SMV other,03 - Snow,03 - Dawn,02 - Wet,10 - No control,,1,0,0,0,,0,,,,,332964.3843,5013467.15,45.26059915,-76.14113002,4376
18--14045,12/18/2018,7:05 PM,CARLING AVE @ KIRKWOOD AVE N (0002358),2358,02 - Intersection related,03 - P.D. only,03 - Rear end,01 - Clear,07 - Dark,01 - Dry,01 - Traffic signal,01 - Functioning,3,0,0,0,,0,,,,,364275.5939,5027493.545,45.38485733,-75.74050458,4377
18--1441,1/29/2018,8:17 AM,HAWTHORNE AVE @ MAIN ST (0006919),6919,03 - At intersection,03 - P.D. only,05 - Turning movement,01 - Clear,01 - Daylight,01 - Dry,01 - Traffic signal,01 - Functioning,2,0,0,0,,0,,,,,368970.7093,5030632.568,45.41268685,-75.68014615,4378
18--13695,12/12/2018,8:32 AM,MITCH OWENS RD btwn RIVER RD & SPRATT RD (__3ZA38F),__3ZA38F,04 - At/near private drive,02 - Non-fatal injury,02 - Angle,01 - Clear,01 - Daylight,02 - Wet,10 - No control,,2,0,0,0,02 - Minor,2,,2,,,369612.3438,5010836.172,45.23450418,-75.67454039,4379
18--13958,12/16/2018,7:43 PM,BRONSON AVE @ SUNNYSIDE AVE/UNIVERSITY RD - CA (0007209),7209,03 - At intersection,02 - Non-fatal injury,07 - SMV other,01 - Clear,07 - Dark,02 - Wet,01 - Traffic signal,01 - Functioning,1,0,0,1,02 - Minor,1,,1,,,367922.7178,5028091.725,45.38992043,-75.69385929,4380
18--14326,12/24/2018,8:15 PM,PORTAL ST btwn CAVENDISH RD & MOUNTBATTEN AVE (__3ZA83Z),__3ZA83Z,04 - At/near private drive,03 - P.D. only,06 - SMV unattended vehicle,01 - Clear,07 - Dark,01 - Dry,10 - No control,,1,0,0,0,,0,,,,,370307.2959,5028152.76,45.39025062,-75.66340093,4381
18--14410,12/27/2018,8:23 PM,ISLAND PARK DR @ RICHMOND RD (0002125),2125,03 - At intersection,03 - P.D. only,05 - Turning movement,01 - Clear,07 - Dark,01 - Dry,01 - Traffic signal,01 - Functioning,2,0,0,0,,0,,,,,364130.6874,5028867.557,45.39723273,-75.74218965,4382
18--13783,12/14/2018,1:46 PM,ST. LAURENT BLVD @ WALKLEY RD (0007653),7653,02 - Intersection related,03 - P.D. only,03 - Rear end,03 - Snow,01 - Daylight,04 - Slush,01 - Traffic signal,01 - Functioning,2,0,0,0,,0,,,,,373902.8413,5028046.982,45.38895333,-75.61750207,4383
18--13696,12/12/2018,8:33 PM,ST. LAURENT BLVD @ WALKLEY RD (0007653),7653,02 - Intersection related,03 - P.D. only,03 - Rear end,01 - Clear,07 - Dark,01 - Dry,01 - Traffic signal,01 - Functioning,2,0,0,0,,0,,,,,373902.6541,5028046.615,45.38895005,-75.61750451,4384
18--13784,12/14/2018,1:48 PM,RIVERSIDE DR @ TREMBLAY RD/HWY417 IC117 RAMP52 (0010790),10790,02 - Intersection related,02 - Non-fatal injury,03 - Rear end,04 - Freezing Rain,01 - Daylight,02 - Wet,01 - Traffic signal,00 - Unknown,2,0,0,0,01 - Minimal,1,1,,,,370802.0905,5031016.016,45.41596663,-75.65669933,4385
18--1387,1/27/2018,9:56 AM,CEDAR CREEK DR btwn HILLMAN MARSH WAY & HILLMAN MARSH WAY (__5GU06B),__5GU06B,01 - Non intersection,02 - Non-fatal injury,06 - SMV unattended vehicle,01 - Clear,01 - Daylight,04 - Slush,10 - No control,,1,0,0,0,02 - Minor,1,,1,,,375642.7135,5020223.848,45.31839051,-75.59640621,4386
18--13959,12/16/2018,8:08 AM,TRIM RD btwn DEMETER ST & VALIN ST (__4BQAS8),__4BQAS8,01 - Non intersection,03 - P.D. only,07 - SMV other,01 - Clear,01 - Daylight,06 - Ice,10 - No control,,1,0,0,0,,0,,,,,386339.0495,5037673.66,45.47422769,-75.45711217,4387
18--14327,12/24/2018,8:17 PM,HIGHWAY 417 btwn HWY 417 ANDERSON IC104R61 & HWY 417 BOUNDARY IC96R16 (__3ZA2W5),__3ZA2W5,01 - Non intersection,03 - P.D. only,07 - SMV other,01 - Clear,07 - Dark,02 - Wet,10 - No control,,1,0,0,0,,0,,,,,383729.8123,5025339.521,45.36355517,-75.49245491,4388
18--14046,12/18/2018,7:10 PM,CARLING AVE @ SCRIVENS ST (0002720),2720,02 - Intersection related,03 - P.D. only,03 - Rear end,01 - Clear,07 - Dark,01 - Dry,01 - Traffic signal,01 - Functioning,2,0,0,0,,0,,,,,359423.5291,5024258.429,45.35614302,-75.80281772,4389
18--14411,12/27/2018,8:40 PM,HWY417 IC118 RAMP76 btwn HIGHWAY 417 & HWY417 IC118 RAMP43 (__3ZAY9N),__3ZAY9N,01 - Non intersection,03 - P.D. only,07 - SMV other,01 - Clear,07 - Dark,01 - Dry,10 - No control,,1,0,0,0,,0,,,,,369340.5356,5030998.118,45.41594193,-75.67537382,4390
18--14328,12/24/2018,9:02 AM,HAWTHORNE RD btwn DAVIDSON RD & LEITRIM RD (__3ZBPIY),__3ZBPIY,01 - Non intersection,03 - P.D. only,07 - SMV other,01 - Clear,01 - Daylight,01 - Dry,10 - No control,,1,0,0,0,,0,,,,,376974.901,5022859.374,45.34196808,-75.57903218,4391
18--14412,12/27/2018,9:01 AM,CARLING AVE @ KIRKWOOD AVE N (0002358),2358,03 - At intersection,02 - Non-fatal injury,02 - Angle,01 - Clear,01 - Daylight,01 - Dry,01 - Traffic signal,01 - Functioning,2,0,0,0,02 - Minor,2,,2,,,364275.6528,5027493.424,45.38485624,-75.74050384,4392
18--13697,12/12/2018,8:34 AM,BLAIR RD @ REGIONAL RD 174 S/OR174 IC112 RAMP15 (0012435),12435,02 - Intersection related,03 - P.D. only,04 - Sideswipe,01 - Clear,01 - Daylight,02 - Wet,01 - Traffic signal,01 - Functioning,2,0,0,0,,0,,,,,374907.768,5032661.627,45.43037362,-75.60401365,4393
18--13870,12/14/2018,7:30 AM,HIGHWAY 417 btwn HWY417 IC124 RAMP55 & HWY417 IC124 RAMP65 (__3ZAZPV),__3ZAZPV,01 - Non intersection,03 - P.D. only,03 - Rear end,01 - Clear,03 - Dawn,01 - Dry,10 - No control,,3,0,0,0,,0,,,,,364586.0123,5027716.103,45.38683344,-75.73651398,4394
18--13785,12/14/2018,1:52 PM,HWY416 IC75A RAMP26 btwn HIGHWAY 417 & HIGHWAY 416 (__3ZAY4Y),__3ZAY4Y,01 - Non intersection,03 - P.D. only,99 - Other,04 - Freezing Rain,01 - Daylight,06 - Ice,10 - No control,,2,0,0,0,,0,,,,,358031.4022,5022783.481,45.34297845,-75.8207435,4395
18--14413,12/28/2018,1:02 PM,HWY 416 ACRES IC75R24 @ HOLLY ACRES RD (0005257),5257,02 - Intersection related,02 - Non-fatal injury,03 - Rear end,01 - Clear,01 - Daylight,02 - Wet,01 - Traffic signal,01 - Functioning,2,0,0,0,01 - Minimal,1,1,,,,358757.8054,5022868.595,45.34368881,-75.81146565,4396
18--13698,12/12/2018,8:36 AM,DORACK DR btwn BONTREY PL & RIDEAU VALLEY DR S (__3ZBOP1),__3ZBOP1,01 - Non intersection,03 - P.D. only,07 - SMV other,01 - Clear,01 - Daylight,05 - Packed snow,10 - No control,,1,0,0,0,,0,,,,,371513.5854,5001771.804,45.15276607,-75.6515414,4397
18--14047,12/18/2018,7:15 AM,BLAIR RD @ INNES RD (0004165),4165,02 - Intersection related,03 - P.D. only,03 - Rear end,01 - Clear,03 - Dawn,01 - Dry,01 - Traffic signal,01 - Functioning,2,0,0,0,,0,,,,,375578.6779,5031439.741,45.41931221,-75.59561598,4398
18--1396,1/28/2018,12:00 PM,FORTUNE DR btwn STE. AGATHE PK & ST. MORITZ CRT (__3ZA673),__3ZA673,01 - Non intersection,03 - P.D. only,06 - SMV unattended vehicle,01 - Clear,01 - Daylight,01 - Dry,10 - No control,,1,0,0,0,,0,,,,,379512.6064,5037226.362,45.47096698,-75.5444779,4399
18--13699,12/12/2018,8:39 PM,HUNTMAR DR btwn OLD CARP RD & BRADLEY SIDE RD (__3ZACWD),__3ZACWD,01 - Non intersection,03 - P.D. only,07 - SMV other,01 - Clear,07 - Dark,01 - Dry,10 - No control,,1,0,0,0,,0,,,,,345287.3217,5022288.04,45.33937164,-75.98339652,4400