Anom_ID,Accident_Date,Accident_Time,Location,Geo_ID,Accident_Location,Classification_of_Accident,Initial_Impact_Type,Environment_Condition,Light,Road_Surface_Condition,Traffic_Control,Traffic_Control_Condition,No__of_Vehicles,No__of_Bicycles,No__of_Motorcycles,No__of_Pedestrians,Max_Injury,No__of_Injuries,No__of_Minimal,No__of_Minor,No__of_Major,No__of_Fatal,X,Y,Latitude,Longitude,ObjectId
18--13822,12/14/2018,2:45 PM,FRANK BENDER ST @ JEANNE D'ARC BLVD (0003635),3635,02 - Intersection related,03 - P.D. only,03 - Rear end,04 - Freezing Rain,01 - Daylight,04 - Slush,01 - Traffic signal,01 - Functioning,2,0,0,0,,0,,,,,381870.5251,5035883.83,45.45863178,-75.51453668,4483
18--13823,12/14/2018,2:45 PM,HIGHWAY 417 btwn HWY417 IC140 RAMP61 & HWY417 IC139 RAMP61 (__4BCL0Z),__4BCL0Z,01 - Non intersection,03 - P.D. only,07 - SMV other,02 - Rain,01 - Daylight,04 - Slush,10 - No control,,1,0,0,0,,0,,,,,351662.4718,5019215.574,45.31132804,-75.90234687,4484
18--13824,12/14/2018,2:55 PM,BESSERER ST @ DALHOUSIE ST (0011452),11452,03 - At intersection,03 - P.D. only,04 - Sideswipe,02 - Rain,01 - Daylight,02 - Wet,01 - Traffic signal,01 - Functioning,2,0,0,0,,0,,,,,368252.7029,5032157.496,45.42647311,-75.68912218,4485
18--13825,12/14/2018,2:55 PM,CANON SMITH DR btwn FITZROY ST & GALETTA SIDE RD (__3ZAC0J),__3ZAC0J,01 - Non intersection,03 - P.D. only,07 - SMV other,04 - Freezing Rain,01 - Daylight,04 - Slush,10 - No control,,1,0,0,0,,0,,,,,328834.4201,5036644.926,45.46931804,-76.19262569,4486
18--13826,12/14/2018,3:00 PM,HIGHWAY 417 btwn HIGHWAY 417 & HWY417 IC140 RAMP51 (__3ZA20L),__3ZA20L,01 - Non intersection,03 - P.D. only,07 - SMV other,02 - Rain,01 - Daylight,04 - Slush,10 - No control,,1,0,0,0,,0,,,,,349967.8887,5018013.06,45.30061851,-75.92406693,4487
18--13827,12/14/2018,3:03 PM,GRANITE RIDGE DR btwn DOLOMITE ST & FELDSPAR CRES (__37BAG7),__37BAG7,04 - At/near private drive,03 - P.D. only,06 - SMV unattended vehicle,04 - Freezing Rain,01 - Daylight,06 - Ice,10 - No control,,1,0,0,0,,0,,,,,351268.8624,5014807.129,45.27168576,-75.90777943,4488
18--13828,12/14/2018,3:05 PM,BAYSHORE DR @ WOODRIDGE CRES N (0001209),1209,02 - Intersection related,03 - P.D. only,03 - Rear end,02 - Rain,01 - Daylight,04 - Slush,01 - Traffic signal,01 - Functioning,2,0,0,0,,0,,,,,359072.9631,5023875.197,45.35272192,-75.80733388,4489
18--13829,12/14/2018,3:07 PM,SHEFFIELD RD btwn INNES PARK WAY & BANTREE ST (__3ZA79N),__3ZA79N,01 - Non intersection,02 - Non-fatal injury,07 - SMV other,03 - Snow,01 - Daylight,03 - Loose snow,10 - No control,,1,0,0,0,02 - Minor,1,,1,,,374613.0613,5030128.76,45.40761371,-75.60813846,4490
18--1383,1/27/2018,9:30 AM,BARNSDALE RD btwn GREENBANK RD & PRINCE OF WALES DR (__3ZABML),__3ZABML,01 - Non intersection,03 - P.D. only,07 - SMV other,01 - Clear,01 - Daylight,01 - Dry,10 - No control,,1,0,0,0,,0,,,,,365767.3438,5011029.137,45.23658391,-75.72348257,4491
18--13830,12/14/2018,3:11 PM,BANK ST btwn RIDEAU RD & TURN LANE (__3ZBPH9),__3ZBPH9,04 - At/near private drive,03 - P.D. only,03 - Rear end,02 - Rain,01 - Daylight,02 - Wet,10 - No control,,2,0,0,0,,0,,,,,377278.0947,5017069.107,45.28983859,-75.57601099,4492
18--13831,12/14/2018,3:14 PM,COLONIAL RD btwn BIRCHGROVE RD & CANAAN RD (__3ZA2UL),__3ZA2UL,01 - Non intersection,03 - P.D. only,07 - SMV other,04 - Freezing Rain,01 - Daylight,06 - Ice,10 - No control,,1,0,0,0,,0,,,,,398221.6554,5035429.109,45.45254599,-75.30559083,4493
18--13832,12/14/2018,3:30 PM,SECOND LINE RD btwn MURPHY SIDE RD & ROYCROFT WAY (__4LKWOX),__4LKWOX,01 - Non intersection,03 - P.D. only,07 - SMV other,04 - Freezing Rain,01 - Daylight,04 - Slush,10 - No control,,1,0,0,0,,0,,,,,344288.7278,5027208.654,45.38370575,-75.99574454,4494
18--13833,12/14/2018,3:38 PM,DIAMONDVIEW RD @ DONALD B. MUNRO DR (0011597),11597,03 - At intersection,02 - Non-fatal injury,02 - Angle,04 - Freezing Rain,01 - Daylight,06 - Ice,02 - Stop sign,01 - Functioning,2,0,0,0,01 - Minimal,1,1,,,,338123.6379,5022171.449,45.33869935,-76.07480757,4495
18--13834,12/14/2018,3:45 PM,STITTSVILLE MAIN ST @ HAZELDEAN RD (0000050),50,03 - At intersection,03 - P.D. only,05 - Turning movement,04 - Freezing Rain,01 - Daylight,02 - Wet,01 - Traffic signal,01 - Functioning,2,0,0,0,,0,,,,,349558.3884,5014878.763,45.2724413,-75.92957093,4496
18--13835,12/14/2018,3:45 PM,SECOND LINE RD btwn MURPHY SIDE RD & ROYCROFT WAY (__4LKWOX),__4LKWOX,01 - Non intersection,03 - P.D. only,07 - SMV other,04 - Freezing Rain,01 - Daylight,04 - Slush,10 - No control,,1,0,0,0,,0,,,,,344300.7928,5027196.335,45.38359422,-75.99559146,4497
18--13836,12/14/2018,3:45 PM,HAZELDEAN RD @ TERRY FOX DR (0003682),3682,02 - Intersection related,03 - P.D. only,03 - Rear end,04 - Freezing Rain,01 - Daylight,06 - Ice,01 - Traffic signal,01 - Functioning,2,0,0,0,,0,,,,,352207.6958,5017242.406,45.2935364,-75.89558252,4498
18--13837,12/14/2018,4:15 PM,BOOTH ST btwn 208 N OF MIDDLE ST/E.B. EDDY N & 148 N OF MIDDLE ST/E.B. (__3ZBPMPB),__3ZBPMPB,01 - Non intersection,03 - P.D. only,04 - Sideswipe,04 - Freezing Rain,05 - Dusk,02 - Wet,10 - No control,,2,0,0,0,,0,,,,,366027.5399,5031434.19,45.42016332,-75.71764528,4499
18--13838,12/14/2018,4:20 PM,BRIDGESTONE DR @ EAGLESON RD (0010095),10095,03 - At intersection,03 - P.D. only,02 - Angle,02 - Rain,05 - Dusk,02 - Wet,02 - Stop sign,01 - Functioning,2,0,0,0,,0,,,,,354872.289,5015403.703,45.27680653,-75.86179829,4500
18--13839,12/14/2018,4:30 PM,CARLING AVE @ IROQUOIS RD (0003145),3145,03 - At intersection,03 - P.D. only,05 - Turning movement,04 - Freezing Rain,05 - Dusk,04 - Slush,01 - Traffic signal,01 - Functioning,2,0,0,0,,0,,,,,362213.6119,5026025.576,45.37182075,-75.7670043,4501
18--1384,1/27/2018,9:30 PM,LEIGHTON TER @ RICHMOND RD (0002037),2037,03 - At intersection,02 - Non-fatal injury,02 - Angle,01 - Clear,07 - Dark,02 - Wet,02 - Stop sign,01 - Functioning,2,0,0,0,02 - Minor,4,1,3,,,364061.6896,5028822.553,45.39683364,-75.74307626,4502
18--13840,12/14/2018,4:33 PM,RIVERSIDE DR RAMP 34 @ RIVERSIDE DR (0010857),10857,02 - Intersection related,03 - P.D. only,02 - Angle,04 - Freezing Rain,05 - Dusk,06 - Ice,03 - Yield sign,01 - Functioning,2,0,0,0,,0,,,,,368340.254,5027182.891,45.38170524,-75.68864447,4503
18--13841,12/14/2018,4:40 PM,BASELINE RD @ MERIVALE RD (0002342),2342,03 - At intersection,03 - P.D. only,05 - Turning movement,02 - Rain,05 - Dusk,02 - Wet,01 - Traffic signal,01 - Functioning,2,0,0,0,,0,,,,,365054.7189,5025325.43,45.36528243,-75.73082068,4504
18--13842,12/14/2018,4:46 PM,RIVER RD btwn LORNE BRIDGE RD & ROGER STEVENS DR (__3ZA2LX),__3ZA2LX,01 - Non intersection,03 - P.D. only,01 - Approaching,04 - Freezing Rain,05 - Dusk,06 - Ice,10 - No control,,2,0,0,0,,0,,,,,373026.5323,5002423.621,45.15848652,-75.63221302,4505
18--13843,12/14/2018,4:49 PM,DUNROBIN RD btwn CROWN POINT RD & GALETTA SIDE RD (__3ZACCA),__3ZACCA,01 - Non intersection,03 - P.D. only,07 - SMV other,03 - Snow,05 - Dusk,04 - Slush,10 - No control,,1,0,0,0,,0,,,,,333652.3574,5040375.786,45.50270691,-76.13079141,4506
18--13844,12/14/2018,4:50 PM,JOHN QUINN RD btwn STONE SCHOOL RD & BANK ST (__3ZA645),__3ZA645,01 - Non intersection,03 - P.D. only,07 - SMV other,04 - Freezing Rain,07 - Dark,06 - Ice,10 - No control,,1,0,0,0,,0,,,,,383447.6299,5010779.291,45.23258305,-75.49836578,4507
18--13845,12/14/2018,5:00 PM,DALMENY RD btwn DALMENY RD & GORDON MURDOCK RD S (__3ZA3T9),__3ZA3T9,01 - Non intersection,03 - P.D. only,01 - Approaching,04 - Freezing Rain,07 - Dark,06 - Ice,10 - No control,,2,0,0,0,,0,,,,,377402.4223,4998955.132,45.12684121,-75.57706594,4508
18--13846,12/14/2018,5:00 PM,HWY417 IC142 RAMP35 btwn HIGHWAY 417 & PALLADIUM DR (__3ZAY5E),__3ZAY5E,01 - Non intersection,03 - P.D. only,07 - SMV other,02 - Rain,07 - Dark,06 - Ice,10 - No control,,1,0,0,0,,0,,,,,348845.9783,5017037.883,45.29191479,-75.93845826,4509
18--13847,12/14/2018,5:07 PM,LEITRIM RD @ ALBION RD (0012479),12479,03 - At intersection,03 - P.D. only,05 - Turning movement,04 - Freezing Rain,07 - Dark,06 - Ice,01 - Traffic signal,01 - Functioning,2,0,0,0,,0,,,,,373497.2832,5020419.109,45.32036061,-75.62374067,4510
18--13848,12/14/2018,5:15 PM,HIGHWAY 416 btwn HWY416 IC72 RAMP62 & HWY416 IC72 RAMP24 (__3ZAZEQ),__3ZAZEQ,01 - Non intersection,03 - P.D. only,04 - Sideswipe,02 - Rain,07 - Dark,02 - Wet,10 - No control,,3,0,0,0,,0,,,,,359531.4886,5019535.184,45.31363472,-75.80196224,4511
18--13849,12/14/2018,5:21 PM,SPRATT RD btwn EARL ARMSTRONG RD & RIDEAU RD (__3ZBO76),__3ZBO76,01 - Non intersection,03 - P.D. only,07 - SMV other,04 - Freezing Rain,07 - Dark,06 - Ice,10 - No control,,1,0,0,0,,0,,,,,368579.1585,5014541.186,45.26793595,-75.68722247,4512
18--1385,1/27/2018,9:41 PM,LYON ST @ WELLINGTON ST (0002388),2388,02 - Intersection related,03 - P.D. only,04 - Sideswipe,01 - Clear,07 - Dark,02 - Wet,01 - Traffic signal,01 - Functioning,2,0,0,0,,0,,,,,366935.2716,5031426.166,45.4200111,-75.70604856,4513
18--13850,12/14/2018,5:23 PM,AIRPORT PKWY btwn RAMP & AIRPORT PKWY (2) (__3ZA22Z),__3ZA22Z,01 - Non intersection,03 - P.D. only,03 - Rear end,02 - Rain,07 - Dark,06 - Ice,10 - No control,,3,0,0,0,,0,,,,,370937.7967,5023884.05,45.35178295,-75.65592117,4514
18--13851,12/14/2018,5:35 PM,HWY417 IC126 RAMP52 btwn MAITLAND AVE & HWY417 IC126 RAMP51 (__3ZAYAD),__3ZAYAD,01 - Non intersection,03 - P.D. only,03 - Rear end,02 - Rain,07 - Dark,02 - Wet,10 - No control,,2,0,0,0,,0,,,,,363221.0768,5025819.85,45.36988639,-75.75416748,4515
18--13852,12/14/2018,5:46 PM,REGIONAL ROAD 174 btwn OR174 IC102 RAMP51 & REGIONAL ROAD 174 (__3ZA1I7),__3ZA1I7,01 - Non intersection,03 - P.D. only,04 - Sideswipe,04 - Freezing Rain,07 - Dark,06 - Ice,10 - No control,,2,0,0,0,,0,,,,,381556.2712,5038216.601,45.47965469,-75.51818995,4516
18--13853,12/14/2018,6:03 PM,HUNT CLUB RD @ DOWNPATRICK RD/MCCARTHY RD (0006931),6931,02 - Intersection related,03 - P.D. only,03 - Rear end,04 - Freezing Rain,07 - Dark,06 - Ice,01 - Traffic signal,01 - Functioning,2,0,0,0,,0,,,,,370507.9513,5023400.623,45.34747363,-75.66147068,4517
18--13854,12/14/2018,6:03 PM,ProposedCANYON WALK DR @ EARL ARMSTRONG RD (0013180),13180,02 - Intersection related,03 - P.D. only,07 - SMV other,04 - Freezing Rain,07 - Dark,03 - Loose snow,01 - Traffic signal,00 - Unknown,1,0,0,0,,0,,,,,369397.2151,5015630.24,45.27766045,-75.67665685,4518
18--13855,12/14/2018,6:05 PM,MADAWASKA BLVD btwn Continuation of MADAWASKA BLVD & OTTAWA ROAD 29 (__5SO0AY),__5SO0AY,01 - Non intersection,02 - Non-fatal injury,03 - Rear end,04 - Freezing Rain,07 - Dark,06 - Ice,10 - No control,,2,0,0,0,01 - Minimal,1,1,,,,318783.2919,5031742.996,45.42548172,-76.32130725,4519
18--13856,12/14/2018,6:06 PM,HIGHWAY 416 btwn HWY416 IC75A RAMP26 & HWY416 IC72 RAMP62 (__3ZAZLF),__3ZAZLF,01 - Non intersection,03 - P.D. only,04 - Sideswipe,02 - Rain,07 - Dark,02 - Wet,10 - No control,,2,0,0,0,,0,,,,,359032.9505,5021310.128,45.32964445,-75.80812569,4520
18--13857,12/14/2018,6:18 PM,CATHERINE ST @ PERCY ST (0007199),7199,02 - Intersection related,03 - P.D. only,03 - Rear end,03 - Snow,07 - Dark,04 - Slush,01 - Traffic signal,01 - Functioning,2,0,0,0,,0,,,,,367491.8934,5029937.546,45.4065673,-75.69912621,4521
18--13858,12/14/2018,6:23 PM,JANET WAY btwn SCALA AVE & MARKWICK CRES (__4CZM96),__4CZM96,01 - Non intersection,03 - P.D. only,01 - Approaching,04 - Freezing Rain,07 - Dark,06 - Ice,10 - No control,,2,0,0,0,,0,,,,,386092.3892,5036813.39,45.4665166,-75.46040876,4522
18--13859,12/14/2018,6:35 PM,CARLING AVE @ GRENON AVE (0002645),2645,02 - Intersection related,03 - P.D. only,04 - Sideswipe,02 - Rain,07 - Dark,06 - Ice,01 - Traffic signal,01 - Functioning,2,0,0,0,,0,,,,,359593.6614,5024350.508,45.35695828,-75.80063621,4523
18--1386,1/27/2018,9:50 AM,HWY417 IC131 RAMP55 btwn HIGHWAY 417 & HWY416 IC75B RAMP25 (__3ZAYG7),__3ZAYG7,01 - Non intersection,03 - P.D. only,07 - SMV other,01 - Clear,01 - Daylight,01 - Dry,10 - No control,,1,0,0,0,,0,,,,,358368.0285,5022763.513,45.34277316,-75.81645047,4524
18--13860,12/14/2018,6:38 PM,RICHARDSON SIDE RD btwn BEAVERTAIL RD & SPRUCE RIDGE RD (__3ZAC5K),__3ZAC5K,01 - Non intersection,02 - Non-fatal injury,07 - SMV other,02 - Rain,07 - Dark,06 - Ice,10 - No control,,1,0,0,0,02 - Minor,1,,1,,,342940.8786,5014148.441,45.26625958,-76.01396142,4525
18--14420,12/28/2018,12:20 PM,REGIONAL ROAD 174 btwn REGIONAL ROAD 174 & OR174 IC102 RAMP15 (__3ZA1QM),__3ZA1QM,01 - Non intersection,03 - P.D. only,99 - Other,04 - Freezing Rain,01 - Daylight,02 - Wet,10 - No control,,2,0,0,0,,0,,,,,381773.3942,5038339.136,45.48073325,-75.51539388,4526
18--13705,12/12/2018,9:21 AM,HIGHWAY 417 btwn HWY417 IC121A RAMP16 & HWY417 IC121A RAMP61 (__3ZA2YY),__3ZA2YY,01 - Non intersection,03 - P.D. only,03 - Rear end,01 - Clear,01 - Daylight,01 - Dry,10 - No control,,3,0,0,0,,0,,,,,367226.0994,5029744.997,45.40485855,-75.70254571,4527
18--13878,12/14/2018,8:14 PM,ProposedCANYON WALK DR @ EARL ARMSTRONG RD (0013180),13180,03 - At intersection,02 - Non-fatal injury,07 - SMV other,04 - Freezing Rain,07 - Dark,06 - Ice,01 - Traffic signal,01 - Functioning,1,0,0,1,02 - Minor,1,,1,,,369397.2416,5015630.206,45.27766015,-75.67665652,4528
18--14336,12/25/2018,12:01 PM,TERRY FOX DR @ FERNBANK RD (0011863),11863,02 - Intersection related,03 - P.D. only,03 - Rear end,01 - Clear,01 - Daylight,01 - Dry,01 - Traffic signal,01 - Functioning,2,0,0,0,,0,,,,,354303.6358,5015130.475,45.27438822,-75.86907292,4529
18--14053,12/18/2018,8:59 PM,MARKETPLACE AVE btwn RIOCAN AVE & Continuation of MARKETPLACE AVE (__4LZBIC),__4LZBIC,01 - Non intersection,03 - P.D. only,07 - SMV other,01 - Clear,07 - Dark,01 - Dry,04 - Ped. crossover,01 - Functioning,1,0,0,0,,0,,,,,364396.4634,5014821.361,45.27082384,-75.74048667,4530
18--13966,12/17/2018,11:20 PM,OTTAWA RIVER PKWY btwn TRANSITWAY - TIME POINT & OTTAWA RIVER PKWY (__3ZA24S),__3ZA24S,01 - Non intersection,02 - Non-fatal injury,07 - SMV other,01 - Clear,07 - Dark,01 - Dry,10 - No control,,1,0,0,0,01 - Minimal,1,1,,,,365475.2944,5030419.8,45.41108421,-75.72482601,4531
18--13706,12/12/2018,9:32 AM,BELFAST RD @ ST. LAURENT BLVD (0007658),7658,03 - At intersection,03 - P.D. only,02 - Angle,01 - Clear,01 - Daylight,02 - Wet,01 - Traffic signal,01 - Functioning,2,0,0,0,,0,,,,,372860.7041,5030578.556,45.41183336,-75.63046009,4532
18--14421,12/28/2018,12:24 PM,ORLEANS BLVD btwn FOREST VALLEY DR & MEADOWGLEN DR (__3ZA2AE),__3ZA2AE,01 - Non intersection,02 - Non-fatal injury,05 - Turning movement,04 - Freezing Rain,01 - Daylight,02 - Wet,10 - No control,,3,0,0,0,02 - Minor,1,,1,,,380260.5058,5034809.19,45.44913874,-75.53528513,4533
18--13879,12/14/2018,8:22 PM,AIRPORT PKWY @ HUNT CLUB RD (0010856),10856,02 - Intersection related,03 - P.D. only,03 - Rear end,02 - Rain,07 - Dark,06 - Ice,01 - Traffic signal,01 - Functioning,3,0,0,0,,0,,,,,371018.5117,5023703.207,45.35014817,-75.65491538,4534
18--13967,12/17/2018,11:30 PM,RIVERSIDE DR @ SMYTH RD NORTH SIDE RAMP (0011479),11479,03 - At intersection,03 - P.D. only,02 - Angle,01 - Clear,07 - Dark,01 - Dry,01 - Traffic signal,01 - Functioning,2,0,0,0,,0,,,,,369937.3426,5029316.999,45.40076054,-75.66797141,4535
18--14054,12/18/2018,9:03 PM,ELGIN ST @ MACLAREN ST (0006937),6937,02 - Intersection related,02 - Non-fatal injury,07 - SMV other,01 - Clear,07 - Dark,01 - Dry,01 - Traffic signal,01 - Functioning,1,0,0,1,02 - Minor,1,,1,,,368208.8509,5031126.54,45.41720089,-75.68981521,4536
18--14337,12/25/2018,12:19 PM,CARLING AVE @ CHURCHILL AVE (0002149),2149,02 - Intersection related,02 - Non-fatal injury,03 - Rear end,01 - Clear,01 - Daylight,01 - Dry,01 - Traffic signal,01 - Functioning,2,0,0,0,01 - Minimal,1,1,,,,363775.5773,5027013.49,45.38058015,-75.74694652,4537
18--13707,12/12/2018,9:35 AM,JINKINSON RD btwn FERNBANK RD & HAZELDEAN RD (__7JQ7K3),__7JQ7K3,01 - Non intersection,03 - P.D. only,01 - Approaching,01 - Clear,01 - Daylight,01 - Dry,10 - No control,,2,0,0,0,,0,,,,,346810.2977,5012228.543,45.24876305,-75.96481684,4538
18--14422,12/28/2018,2:00 PM,ORLEANS BLVD @ ST. JOSEPH BLVD (0004144),4144,02 - Intersection related,02 - Non-fatal injury,03 - Rear end,04 - Freezing Rain,01 - Daylight,02 - Wet,01 - Traffic signal,01 - Functioning,2,0,0,0,01 - Minimal,1,1,,,,380631.6498,5036980.47,45.46863403,-75.53020611,4539
18--1388,1/28/2018,1:01 PM,PARKDALE AVE @ SHERWOOD DR (0006383),6383,02 - Intersection related,03 - P.D. only,03 - Rear end,01 - Clear,01 - Daylight,02 - Wet,01 - Traffic signal,01 - Functioning,2,0,0,0,,0,,,,,365380.7031,5028745.545,45.39602786,-75.72624006,4540
18--13968,12/17/2018,11:42 AM,ST. LAURENT BLVD btwn TRANSIT & HWY417 IC115 RAMP35 (__3ZA1LL),__3ZA1LL,01 - Non intersection,03 - P.D. only,04 - Sideswipe,03 - Snow,01 - Daylight,02 - Wet,10 - No control,,2,0,0,0,,0,,,,,372468.5176,5031560.233,45.42070407,-75.63533526,4541
18--14055,12/18/2018,9:20 PM,ALBION RD    S btwn FONTENAY CRES & SOUTHGATE RD (__3ZA9XH),__3ZA9XH,01 - Non intersection,03 - P.D. only,06 - SMV unattended vehicle,01 - Clear,07 - Dark,01 - Dry,10 - No control,,1,0,0,0,,0,,,,,371764.9686,5024574.038,45.35791273,-75.64527216,4542
18--14056,12/18/2018,9:37 PM,LAURIER AVE   E btwn CUMBERLAND ST & COPERNICUS ST (__3ZA3VI),__3ZA3VI,01 - Non intersection,03 - P.D. only,04 - Sideswipe,01 - Clear,07 - Dark,01 - Dry,10 - No control,,2,0,0,0,,0,,,,,368650.0121,5031980.046,45.42484032,-75.68406839,4543
18--14057,12/19/2018,1:00 AM,HIGHWAY 417 btwn HWY417 IC110 RAMP55 & HWY417 IC110 RAMP65 (__3ZA28Z),__3ZA28Z,01 - Non intersection,03 - P.D. only,04 - Sideswipe,01 - Clear,07 - Dark,01 - Dry,10 - No control,,2,0,0,0,,0,,,,,375806.8415,5028567.593,45.39344708,-75.59311459,4544
18--14058,12/19/2018,1:25 PM,GLADSTONE AVE @ ROCHESTER ST (0006496),6496,03 - At intersection,02 - Non-fatal injury,07 - SMV other,01 - Clear,01 - Daylight,01 - Dry,01 - Traffic signal,01 - Functioning,1,0,0,1,02 - Minor,1,,1,,,366662.6982,5029787.565,45.40529158,-75.70973678,4545
18--14059,12/19/2018,10:11 AM,CARLING AVE EB btwn RIDDELL AVE N & MAITLAND AVE (__3ZA4U8),__3ZA4U8,01 - Non intersection,03 - P.D. only,03 - Rear end,01 - Clear,01 - Daylight,01 - Dry,10 - No control,,2,0,0,0,,0,,,,,362871.367,5026425.147,45.37536185,-75.75856051,4546
18--1406,1/28/2018,3:12 PM,MCLEOD ST btwn BANK ST & O'CONNOR ST (__3ZA8FF),__3ZA8FF,04 - At/near private drive,03 - P.D. only,02 - Angle,01 - Clear,01 - Daylight,04 - Slush,10 - No control,,2,0,0,0,,0,,,,,367994.4061,5030515.961,45.4117265,-75.69263323,4547
18--14060,12/19/2018,10:45 AM,HWY417 IC129 RAMP51 btwn HIGHWAY 417 & ASHLEY ST (__3ZAYBJ),__3ZAYBJ,01 - Non intersection,03 - P.D. only,99 - Other,01 - Clear,01 - Daylight,01 - Dry,10 - No control,,2,0,0,0,,0,,,,,360075.2836,5023239.685,45.3469253,-75.79461363,4548
18--14061,12/19/2018,10:50 AM,MERIVALE RD btwn BASIL MACDONALD WAY & VIEWMOUNT DR (__3ZA1N6B),__3ZA1N6B,01 - Non intersection,02 - Non-fatal injury,03 - Rear end,01 - Clear,01 - Daylight,01 - Dry,10 - No control,,3,0,0,0,02 - Minor,3,,3,,,365099.8897,5023165.738,45.34584596,-75.73050754,4549
18--14062,12/19/2018,10:50 AM,CARLING AVE @ FAIRLAWN AVE/WOODROFFE AVE E (0002393),2393,03 - At intersection,02 - Non-fatal injury,02 - Angle,01 - Clear,01 - Daylight,01 - Dry,01 - Traffic signal,01 - Functioning,2,0,0,0,01 - Minimal,1,1,,,,361934.6841,5025830.528,45.37008852,-75.77058762,4550
18--14063,12/19/2018,11:05 AM,HILLSIDE DR @ MONTREAL RD (0006434),6434,03 - At intersection,02 - Non-fatal injury,05 - Turning movement,01 - Clear,01 - Daylight,01 - Dry,02 - Stop sign,01 - Functioning,2,0,0,0,01 - Minimal,1,1,,,,371705.7115,5033894.582,45.44178083,-75.64476408,4551
18--14064,12/19/2018,11:08 AM,CHIPPEWA AVE @ PENDER ST (0001906),1906,03 - At intersection,03 - P.D. only,02 - Angle,01 - Clear,01 - Daylight,06 - Ice,02 - Stop sign,01 - Functioning,2,0,0,0,,0,,,,,364022.8055,5024485.615,45.35781383,-75.74409301,4552
18--14065,12/19/2018,11:34 AM,MICHAEL ST @ PARISIEN ST E (0012451),12451,02 - Intersection related,03 - P.D. only,01 - Approaching,01 - Clear,01 - Daylight,01 - Dry,02 - Stop sign,00 - Unknown,2,0,0,0,,0,,,,,372857.8752,5031358.59,45.41885201,-75.6303885,4553
18--14066,12/19/2018,11:35 PM,HIGHWAY 417 btwn HWY417 IC180 RAMP61 & HWY417 IC169 RAMP36 (__5DVYB1),__5DVYB1,01 - Non intersection,03 - P.D. only,07 - SMV other,01 - Clear,07 - Dark,01 - Dry,10 - No control,,1,0,0,0,,0,,,,,323782.7878,5026783.812,45.38073865,-76.25761,4554
18--14067,12/19/2018,11:37 PM,DONALD ST @ ST. LAURENT BLVD (0008630),8630,02 - Intersection related,03 - P.D. only,04 - Sideswipe,01 - Clear,07 - Dark,01 - Dry,01 - Traffic signal,01 - Functioning,2,0,0,0,,0,,,,,372093.6004,5032472.364,45.42894717,-75.64000078,4555
18--14068,12/19/2018,11:41 AM,O'CONNOR ST @ SOMERSET ST (0002690),2690,02 - Intersection related,03 - P.D. only,04 - Sideswipe,03 - Snow,01 - Daylight,03 - Loose snow,01 - Traffic signal,01 - Functioning,2,0,0,0,,0,,,,,367855.404,5031012.63,45.41620791,-75.69434539,4556
18--14069,12/19/2018,11:47 AM,ROCKDALE RD N @ HIGHWAY 417 (0004640),4640,02 - Intersection related,02 - Non-fatal injury,03 - Rear end,01 - Clear,01 - Daylight,01 - Dry,02 - Stop sign,01 - Functioning,3,0,0,0,01 - Minimal,2,2,,,,395345.7677,5022677.871,45.33820464,-75.34469208,4557
18--1407,1/28/2018,3:25 PM,TERRY FOX DR btwn CAMPEAU DR & DIDSBURY RD (__3ZA1EJ),__3ZA1EJ,01 - Non intersection,03 - P.D. only,04 - Sideswipe,01 - Clear,01 - Daylight,01 - Dry,10 - No control,,2,0,0,0,,0,,,,,350502.59,5018992.496,45.30939717,-75.91715903,4558
18--14070,12/19/2018,Unknown,ST. ANDREW ST btwn CUMBERLAND ST & KING EDWARD AVE (__3ZA7C9),__3ZA7C9,01 - Non intersection,03 - P.D. only,06 - SMV unattended vehicle,01 - Clear,00 - Unknown,06 - Ice,10 - No control,,1,0,0,0,,0,,,,,368098.3609,5032931.381,45.43345023,-75.69099488,4559
18--14071,12/19/2018,12:21 PM,MCARTHUR AVE @ NORTH RIVER RD (0009202),9202,02 - Intersection related,02 - Non-fatal injury,03 - Rear end,01 - Clear,01 - Daylight,01 - Dry,01 - Traffic signal,01 - Functioning,3,0,0,0,02 - Minor,1,,1,,,369820.7065,5032646.581,45.4307297,-75.6690218,4560
18--14072,12/19/2018,12:34 AM,SOMERSET ST    W btwn BAYSWATER AVE & BREEZEHILL AVE N (__3ZA31E),__3ZA31E,01 - Non intersection,03 - P.D. only,06 - SMV unattended vehicle,01 - Clear,07 - Dark,01 - Dry,10 - No control,,1,0,0,0,,0,,,,,365834.2913,5029921.112,45.40656593,-75.72030171,4561
18--14073,12/19/2018,12:37 PM,INNES RD btwn BELCOURT BLVD & 260 E OF BELCOURT BLVD/WALMART SC (__3ZA3JWA),__3ZA3JWA,01 - Non intersection,03 - P.D. only,03 - Rear end,01 - Clear,01 - Daylight,01 - Dry,10 - No control,,3,0,0,0,,0,,,,,382199.8993,5035312.555,45.45345552,-75.51041568,4562
18--14074,12/19/2018,2:10 PM,NAVAHO DR btwn NAVAHO DR & DEERFIELD DR (__3ZBOKA),__3ZBOKA,04 - At/near private drive,03 - P.D. only,02 - Angle,01 - Clear,01 - Daylight,01 - Dry,10 - No control,,2,0,0,0,,0,,,,,363114.2946,5024046.845,45.35394198,-75.75573981,4563
18--14075,12/19/2018,2:30 PM,ANDERSON RD @ INNES RD (0004200),4200,02 - Intersection related,03 - P.D. only,03 - Rear end,01 - Clear,01 - Daylight,01 - Dry,01 - Traffic signal,01 - Functioning,2,0,0,0,,0,,,,,376280.5425,5031841.828,45.4228586,-75.58659062,4564