Anom_ID,Accident_Date,Accident_Time,Location,Geo_ID,Accident_Location,Classification_of_Accident,Initial_Impact_Type,Environment_Condition,Light,Road_Surface_Condition,Traffic_Control,Traffic_Control_Condition,No__of_Vehicles,No__of_Bicycles,No__of_Motorcycles,No__of_Pedestrians,Max_Injury,No__of_Injuries,No__of_Minimal,No__of_Minor,No__of_Major,No__of_Fatal,X,Y,Latitude,Longitude,ObjectId
18--14076,12/19/2018,2:37 PM,INNES RD @ STAR TOP RD/WINDMILL LANE (0008734),8734,02 - Intersection related,02 - Non-fatal injury,03 - Rear end,01 - Clear,01 - Daylight,02 - Wet,01 - Traffic signal,01 - Functioning,2,0,0,0,01 - Minimal,1,1,,,,374147.7277,5030666.318,45.41249665,-75.61400675,4565
18--14077,12/19/2018,2:55 PM,DYNES RD btwn CLAYMOR AVE & MORLEY BLVD (__3ZAAQE),__3ZAAQE,04 - At/near private drive,03 - P.D. only,04 - Sideswipe,01 - Clear,01 - Daylight,01 - Dry,10 - No control,,2,0,0,0,,0,,,,,366827.9286,5025723.854,45.3687127,-75.70813696,4566
18--14078,12/19/2018,2:55 PM,LEIKIN DR @ RCMP ACCESS/150 N OF BILL LEATHEM DR (0013517),13517,03 - At intersection,03 - P.D. only,02 - Angle,01 - Clear,01 - Daylight,01 - Dry,01 - Traffic signal,01 - Functioning,2,0,0,0,,0,,,,,367032.4796,5017599.92,45.29559674,-75.70654728,4567
18--14079,12/19/2018,3:01 PM,ANDORA AVE btwn STRANDHERD DR & MADRID AVE (__6N4HXO),__6N4HXO,04 - At/near private drive,03 - P.D. only,02 - Angle,01 - Clear,01 - Daylight,01 - Dry,10 - No control,,2,0,0,0,,0,,,,,363293.9911,5014219.715,45.26550277,-75.75460653,4568
18--1408,1/28/2018,3:33 AM,ALBERT ST btwn SCOTT ST & CITY CENTRE AVE (2) (__3ZA32WB),__3ZA32WB,01 - Non intersection,03 - P.D. only,07 - SMV other,01 - Clear,07 - Dark,02 - Wet,10 - No control,,1,0,0,0,,0,,,,,365912.9405,5030324.138,45.41018539,-75.71924712,4569
18--14080,12/19/2018,3:15 AM,HIGHWAY 7 btwn TO BE DETERMINED & RAMP (__7JQ7L1),__7JQ7L1,01 - Non intersection,03 - P.D. only,07 - SMV other,01 - Clear,07 - Dark,01 - Dry,10 - No control,,1,0,0,0,,0,,,,,344870.7599,5010480.552,45.23314688,-75.98966509,4570
18--14081,12/19/2018,3:25 PM,KENNEVALE DR btwn BOURNE ST & CONSTABLE ST (__3ZAB6H),__3ZAB6H,04 - At/near private drive,03 - P.D. only,03 - Rear end,01 - Clear,01 - Daylight,01 - Dry,10 - No control,,2,0,0,0,,0,,,,,362442.2565,5014778.603,45.27060199,-75.76539448,4571
18--14082,12/19/2018,3:29 PM,FRIEL ST @ RIDEAU ST (0011917),11917,02 - Intersection related,03 - P.D. only,04 - Sideswipe,01 - Clear,01 - Daylight,01 - Dry,01 - Traffic signal,01 - Functioning,2,0,0,0,,0,,,,,368771.7026,5032570.585,45.43014265,-75.68243677,4572
18--14083,12/19/2018,3:30 PM,OGILVIE RD @ ELMRIDGE DR/JASMINE CRES N (0008801),8801,03 - At intersection,03 - P.D. only,05 - Turning movement,01 - Clear,01 - Daylight,01 - Dry,01 - Traffic signal,01 - Functioning,2,0,0,0,,0,,,,,375420.5202,5034060.55,45.44290873,-75.59726074,4573
18--14084,12/19/2018,3:30 PM,HIGHWAY 417 btwn HWY417 IC123 RAMP62 & HWY417 IC122 RAMP16 (__3ZA2R9),__3ZA2R9,01 - Non intersection,03 - P.D. only,03 - Rear end,01 - Clear,01 - Daylight,01 - Dry,10 - No control,,2,0,0,0,,0,,,,,364850.4356,5028206.439,45.39122277,-75.73307785,4574
18--14085,12/19/2018,3:40 PM,CRAIGHALL CIRC @ JOHNSTON RD (0012199),12199,03 - At intersection,03 - P.D. only,02 - Angle,01 - Clear,01 - Daylight,01 - Dry,02 - Stop sign,01 - Functioning,2,0,0,0,,0,,,,,372889.398,5025787.666,45.3687242,-75.63075459,4575
18--14086,12/19/2018,4:00 PM,KENNEVALE DR @ STRANDHERD DR (0010896),10896,03 - At intersection,03 - P.D. only,05 - Turning movement,01 - Clear,05 - Dusk,01 - Dry,01 - Traffic signal,01 - Functioning,2,0,0,0,,0,,,,,361492.0217,5014099.366,45.2645674,-75.77758104,4576
18--14087,12/19/2018,4:00 PM,PALMADEO DR btwn RODEO DR & ALAMEDA WAY (__37AAW7),__37AAW7,04 - At/near private drive,03 - P.D. only,05 - Turning movement,01 - Clear,05 - Dusk,01 - Dry,10 - No control,,2,0,0,0,,0,,,,,365090.3719,5015832.644,45.27986419,-75.73152129,4577
18--14088,12/19/2018,4:01 PM,HUNT CLUB RD @ BRIDLE PATH DR/DAZE ST (0008214),8214,02 - Intersection related,03 - P.D. only,03 - Rear end,01 - Clear,05 - Dusk,01 - Dry,01 - Traffic signal,01 - Functioning,3,0,0,0,,0,,,,,371292.0085,5023864.345,45.35157216,-75.65140371,4578
18--14089,12/19/2018,4:12 PM,METCALFE ST @ SLATER ST (0002233),2233,02 - Intersection related,02 - Non-fatal injury,03 - Rear end,01 - Clear,05 - Dusk,01 - Dry,01 - Traffic signal,01 - Functioning,2,0,0,0,02 - Minor,1,,1,,,367731.6964,5031549.576,45.42105031,-75.69585725,4579
18--1409,1/28/2018,4:00 PM,HWY417 IC126 RAMP52 btwn MAITLAND AVE & HWY417 IC126 RAMP51 (__3ZAYAD),__3ZAYAD,01 - Non intersection,03 - P.D. only,03 - Rear end,01 - Clear,01 - Daylight,01 - Dry,10 - No control,,2,0,0,0,,0,,,,,363220.5431,5025820.34,45.36989084,-75.75417424,4580
18--14090,12/19/2018,4:15 PM,MARCH RD btwn CAMPEAU DR/HWY 417 MARCH IC138R63 & HWY417 IC138 RAMP62 (__3ZA415),__3ZA415,01 - Non intersection,03 - P.D. only,04 - Sideswipe,01 - Clear,05 - Dusk,01 - Dry,10 - No control,,2,0,0,0,,0,,,,,352732.4526,5020716.869,45.32476479,-75.88855653,4581
18--14091,12/19/2018,4:30 PM,HWY417 IC119A RAMP67 btwn HWY417 IC119A RAMP66 & HIGHWAY 417 (__3ZAYA2),__3ZAYA2,01 - Non intersection,03 - P.D. only,04 - Sideswipe,01 - Clear,05 - Dusk,01 - Dry,10 - No control,,2,0,0,0,,0,,,,,368497.4,5030517.569,45.41169537,-75.68620746,4582
18--14092,12/19/2018,4:45 PM,RIVERSIDE DR @ HERON RD (0002236),2236,02 - Intersection related,03 - P.D. only,03 - Rear end,01 - Clear,05 - Dusk,01 - Dry,01 - Traffic signal,01 - Functioning,2,0,0,0,,0,,,,,368121.1098,5026647.379,45.37690669,-75.69151115,4583
18--14093,12/19/2018,4:47 PM,HERON RD EB btwn HERON RD EB ON RAMP/VINCENT MASSEY PARK & RIVERSIDE D (__3ZA37D),__3ZA37D,01 - Non intersection,03 - P.D. only,03 - Rear end,01 - Clear,05 - Dusk,01 - Dry,10 - No control,,4,0,0,0,,0,,,,,367924.2276,5026605.946,45.37655165,-75.69403,4584
18--14094,12/19/2018,4:50 PM,BEARBROOK RD @ 43 OF CENTREPARK DR S (0009267),9267,02 - Intersection related,03 - P.D. only,03 - Rear end,01 - Clear,07 - Dark,02 - Wet,01 - Traffic signal,01 - Functioning,2,0,0,0,,0,,,,,377901.7564,5033075.605,45.43379179,-75.56569365,4585
18--14095,12/19/2018,4:50 PM,BANTREE ST @ INNES RD (0007684),7684,02 - Intersection related,03 - P.D. only,04 - Sideswipe,01 - Clear,05 - Dusk,01 - Dry,01 - Traffic signal,01 - Functioning,2,0,0,0,,0,,,,,373705.6732,5030406.546,45.41020301,-75.61969012,4586
18--14096,12/19/2018,4:55 PM,MCKENNA CASEY DR @ STRANDHERD DR (0009659),9659,02 - Intersection related,03 - P.D. only,03 - Rear end,01 - Clear,05 - Dusk,02 - Wet,02 - Stop sign,01 - Functioning,2,0,0,0,,0,,,,,361911.9182,5013611.468,45.26014329,-75.77228687,4587
18--14097,12/19/2018,5:21 PM,OGILVIE RD btwn CYRVILLE RD & MURDOCK GT (__3ZA13S),__3ZA13S,01 - Non intersection,03 - P.D. only,03 - Rear end,01 - Clear,07 - Dark,01 - Dry,10 - No control,,3,0,0,0,,0,,,,,372466.3167,5032013.077,45.42477876,-75.63530118,4588
18--14098,12/19/2018,5:21 PM,MCKENNA CASEY DR btwn MOODIE DR & STRANDHERD DR (__3ZA1OJ),__3ZA1OJ,05 - At railway crossing,03 - P.D. only,03 - Rear end,01 - Clear,07 - Dark,01 - Dry,10 - No control,,2,0,0,0,,0,,,,,361564.906,5013405.167,45.25831506,-75.77673167,4589
18--14099,12/19/2018,5:25 PM,BANK ST btwn CAHILL DR & TURN LANE (1) (__3ZA3HV),__3ZA3HV,04 - At/near private drive,03 - P.D. only,02 - Angle,01 - Clear,07 - Dark,01 - Dry,10 - No control,,2,0,0,0,,0,,,,,371489.5719,5024143.495,45.3540651,-75.64884496,4590
18--141,1/2/2018,7:55 AM,HIGHWAY 417 btwn Continuation of HIGHWAY 417 & HWY417 IC134 RAMP51 (__3ZA29B),__3ZA29B,01 - Non intersection,02 - Non-fatal injury,04 - Sideswipe,01 - Clear,01 - Daylight,06 - Ice,10 - No control,,3,0,0,0,02 - Minor,3,1,2,,,355427.3764,5021660.87,45.33306984,-75.85408472,4591
18--1410,1/28/2018,4:44 AM,BANK ST @ JOHN QUINN RD (0001633),1633,02 - Intersection related,03 - P.D. only,07 - SMV other,03 - Snow,07 - Dark,02 - Wet,02 - Stop sign,01 - Functioning,1,0,0,0,,0,,,,,383422.439,5010701.019,45.23188161,-75.49869892,4592
18--14100,12/19/2018,5:38 PM,COLONEL BY DR @ HOG'S BACK RD (0002635),2635,02 - Intersection related,03 - P.D. only,03 - Rear end,01 - Clear,07 - Dark,01 - Dry,01 - Traffic signal,01 - Functioning,2,0,0,0,,0,,,,,367602.7092,5025873.538,45.36999052,-75.69822787,4593
18--14101,12/19/2018,5:45 PM,HWY417 IC104 RAMP61 btwn ANDERSON RD & HIGHWAY 417 (__3ZAY0E),__3ZAY0E,01 - Non intersection,03 - P.D. only,07 - SMV other,01 - Clear,07 - Dark,01 - Dry,10 - No control,,1,0,0,0,,0,,,,,380030.4741,5026260.211,45.37224574,-75.53953022,4594
18--14102,12/19/2018,5:46 PM,HUNTER'S RUN DR @ JEANNE D'ARC BLVD (0012419),12419,02 - Intersection related,03 - P.D. only,03 - Rear end,01 - Clear,07 - Dark,01 - Dry,01 - Traffic signal,01 - Functioning,2,0,0,0,,0,,,,,380567.7207,5036174.704,45.46139133,-75.53114777,4595
18--14103,12/19/2018,5:54 PM,LEES AVE / GRAHAM AVE @ MAIN ST (0002252),2252,03 - At intersection,03 - P.D. only,05 - Turning movement,01 - Clear,07 - Dark,01 - Dry,01 - Traffic signal,01 - Functioning,2,0,0,0,,0,,,,,369001.704,5030560.567,45.41203617,-75.67975957,4596
18--14104,12/19/2018,6:00 PM,HWY 417 CASTLEFR IC139R61 @ KANATA AVE (0012625),12625,02 - Intersection related,03 - P.D. only,03 - Rear end,01 - Clear,07 - Dark,01 - Dry,01 - Traffic signal,01 - Functioning,2,0,0,0,,0,,,,,351615.7345,5019224.813,45.31141429,-75.90294202,4597
18--14105,12/19/2018,6:25 AM,SHERBOURNE RD btwn BROMLEY RD & CARLING AVE (__3ZBOL0),__3ZBOL0,04 - At/near private drive,03 - P.D. only,05 - Turning movement,01 - Clear,07 - Dark,01 - Dry,10 - No control,,2,0,0,0,,0,,,,,362937.7661,5026502.119,45.37604893,-75.75770375,4598
18--14106,12/19/2018,6:25 AM,HIGHWAY 417 btwn HWY417 IC112 RAMP66 & HWY417 IC112 RAMP56 (__3ZA283),__3ZA283,01 - Non intersection,03 - P.D. only,04 - Sideswipe,01 - Clear,07 - Dark,01 - Dry,10 - No control,,2,0,0,0,,0,,,,,374269.6715,5031079.349,45.41620079,-75.61239076,4599
18--14107,12/19/2018,6:38 PM,THOMAS A. DOLAN PKWY btwn CARP RD & STONECREST RD (__3ZA1XZ),__3ZA1XZ,01 - Non intersection,03 - P.D. only,07 - SMV other,01 - Clear,07 - Dark,01 - Dry,10 - No control,,1,0,0,0,,0,,,,,339190.5707,5028513.912,45.39571976,-76.06075296,4600
18--14108,12/19/2018,6:52 AM,ORLEANS BLVD @ NAVAN RD (0012474),12474,02 - Intersection related,03 - P.D. only,03 - Rear end,01 - Clear,03 - Dawn,01 - Dry,01 - Traffic signal,01 - Functioning,3,0,0,0,,0,,,,,380596.4113,5033091.849,45.43365106,-75.53125589,4601
18--14109,12/19/2018,7:04 AM,STAGECOACH RD btwn FAWN LANE & KAYCOURT DR (__3ZA2L2),__3ZA2L2,01 - Non intersection,03 - P.D. only,07 - SMV other,01 - Clear,03 - Dawn,01 - Dry,10 - No control,,1,0,0,0,,0,,,,,379208.4961,4996667.984,45.10607404,-75.55444989,4602
18--1411,1/28/2018,5:49 PM,BLOHM DR @ HUNT CLUB RD (0011392),11392,03 - At intersection,03 - P.D. only,05 - Turning movement,01 - Clear,07 - Dark,02 - Wet,01 - Traffic signal,01 - Functioning,2,0,0,0,,0,,,,,375129.7457,5026189.518,45.37211864,-75.60210004,4603
18--14110,12/19/2018,7:04 AM,ST. JOSEPH BLVD @ JEANNE D'ARC BLVD (0012421),12421,02 - Intersection related,03 - P.D. only,04 - Sideswipe,01 - Clear,03 - Dawn,01 - Dry,11 - Roundabout,01 - Functioning,2,0,0,0,,0,,,,,379860.8236,5036471.92,45.46414176,-75.54014029,4604
18--14111,12/19/2018,7:19 AM,VALOUR DR @ SMYTH RD (0011904),11904,03 - At intersection,02 - Non-fatal injury,04 - Sideswipe,01 - Clear,03 - Dawn,01 - Dry,01 - Traffic signal,01 - Functioning,3,0,0,0,02 - Minor,2,1,1,,,370666.4314,5029086.044,45.39861428,-75.65869028,4605
18--14112,12/19/2018,7:25 AM,ST. JOSEPH BLVD @ JEANNE D'ARC BLVD (0012421),12421,03 - At intersection,03 - P.D. only,04 - Sideswipe,01 - Clear,03 - Dawn,01 - Dry,11 - Roundabout,01 - Functioning,2,0,0,0,,0,,,,,379860.7142,5036471.407,45.46413715,-75.54014177,4606
18--14113,12/19/2018,7:30 AM,WOODROFFE AVE @ SPORTSPLEX S (0010592),10592,02 - Intersection related,03 - P.D. only,03 - Rear end,01 - Clear,03 - Dawn,01 - Dry,01 - Traffic signal,01 - Functioning,2,0,0,0,,0,,,,,363831.9923,5020899.502,45.32556242,-75.7469562,4607
18--14114,12/19/2018,7:55 AM,NAVAN RD btwn ORLEANS BLVD & PAGE RD (__3ZA3J1),__3ZA3J1,01 - Non intersection,03 - P.D. only,03 - Rear end,01 - Clear,01 - Daylight,01 - Dry,10 - No control,,2,0,0,0,,0,,,,,380665.5801,5033084.266,45.43357534,-75.53037315,4608
18--14115,12/19/2018,7:59 PM,BRONSON AVE @ FIFTH AVE/MADAWASKA DR (0006977),6977,03 - At intersection,03 - P.D. only,05 - Turning movement,01 - Clear,07 - Dark,02 - Wet,01 - Traffic signal,01 - Functioning,3,0,0,0,,0,,,,,367613.6036,5028938.646,45.39756858,-75.69769878,4609
18--14116,12/19/2018,8:05 AM,WOODROFFE AVE @ TECUMSEH ST (0005767),5767,02 - Intersection related,02 - Non-fatal injury,03 - Rear end,01 - Clear,01 - Daylight,01 - Dry,02 - Stop sign,00 - Unknown,3,0,0,0,01 - Minimal,2,2,,,,362368.6231,5024229.606,45.35564806,-75.76523468,4610
18--14117,12/19/2018,8:10 PM,BRONSON AVE @ SOMERSET ST (0002218),2218,02 - Intersection related,03 - P.D. only,04 - Sideswipe,01 - Clear,07 - Dark,01 - Dry,01 - Traffic signal,01 - Functioning,3,0,0,0,,0,,,,,366967.6803,5030476.446,45.41146292,-75.7057543,4611
18--14118,12/19/2018,8:25 PM,PARKDALE AVE btwn GLADSTONE AVE & FOSTER ST (__3ZA4PB),__3ZA4PB,01 - Non intersection,02 - Non-fatal injury,03 - Rear end,01 - Clear,07 - Dark,01 - Dry,10 - No control,,2,0,0,0,01 - Minimal,1,1,,,,365220.7044,5029109.866,45.39931976,-75.72823882,4612
18--14119,12/19/2018,8:35 AM,MOODIE DR btwn WEST HUNT CLUB RD & ALTI PL (__3ZBOCW),__3ZBOCW,01 - Non intersection,03 - P.D. only,07 - SMV other,01 - Clear,01 - Daylight,01 - Dry,10 - No control,,1,0,0,0,,0,,,,,357976.4855,5018335.458,45.30295894,-75.82192185,4613
18--1412,1/28/2018,6:15 PM,REGIONAL ROAD 174 btwn OR174 IC101 RAMP61 & TRIM RD (__3ZA11N),__3ZA11N,01 - Non intersection,03 - P.D. only,03 - Rear end,01 - Clear,07 - Dark,01 - Dry,10 - No control,,2,0,0,0,,0,,,,,384309.6845,5039961.7,45.49504728,-75.48269318,4614
18--14120,12/19/2018,8:54 AM,PINECREST RD @ BASELINE RD (0002657),2657,02 - Intersection related,03 - P.D. only,06 - SMV unattended vehicle,01 - Clear,01 - Daylight,02 - Wet,02 - Stop sign,01 - Functioning,1,0,0,0,,0,,,,,360782.8169,5022694.39,45.34196263,-75.78564697,4615
18--14121,12/19/2018,9:02 AM,OR174 IC109 RAMP65 @ MONTREAL RD (0004119),4119,02 - Intersection related,03 - P.D. only,04 - Sideswipe,01 - Clear,01 - Daylight,06 - Ice,01 - Traffic signal,01 - Functioning,2,0,0,0,,0,,,,,376402.6046,5034982.67,45.45110548,-75.5845742,4616
18--14122,12/19/2018,9:02 PM,HUNT CLUB RD @ DOWNPATRICK RD/MCCARTHY RD (0006931),6931,02 - Intersection related,03 - P.D. only,03 - Rear end,01 - Clear,07 - Dark,01 - Dry,01 - Traffic signal,01 - Functioning,2,0,0,0,,0,,,,,370507.5047,5023400.557,45.34747307,-75.66147639,4617
18--14123,12/19/2018,9:15 AM,MAITLAND AVE @ TERREBONNE DR (0003212),3212,02 - Intersection related,03 - P.D. only,03 - Rear end,01 - Clear,01 - Daylight,06 - Ice,02 - Stop sign,00 - Unknown,2,0,0,0,,0,,,,,364010.5947,5025135.608,45.36366342,-75.74417098,4618
18--14124,12/19/2018,9:15 AM,HIGHWAY 417 btwn HWY417 IC126 RAMP25 & HWY417 IC124 RAMP57 (__3ZA2R5),__3ZA2R5,01 - Non intersection,02 - Non-fatal injury,03 - Rear end,01 - Clear,01 - Daylight,01 - Dry,10 - No control,,4,0,0,0,02 - Minor,1,,1,,,363913.143,5026826.572,45.3788867,-75.74521249,4619
18--14125,12/19/2018,9:23 AM,HAWTHORNE RD/RUSSELL RD @ WALKLEY RD (0002618),2618,02 - Intersection related,03 - P.D. only,03 - Rear end,01 - Clear,01 - Daylight,01 - Dry,01 - Traffic signal,01 - Functioning,2,0,0,0,,0,,,,,374674.4908,5028499.606,45.39294927,-75.6075846,4620
18--14126,12/19/2018,9:30 PM,KINBURN SIDE RD btwn CARP RD & LIMESTONE RD (__3ZA4Q4),__3ZA4Q4,01 - Non intersection,03 - P.D. only,07 - SMV other,01 - Clear,07 - Dark,01 - Dry,10 - No control,,1,0,0,0,,0,,,,,333260.4869,5031628.275,45.42401018,-76.13631233,4621
18--14127,12/20/2018,1:07 PM,KANATA AVE @ EARL GREY DR (0012608),12608,02 - Intersection related,03 - P.D. only,03 - Rear end,01 - Clear,01 - Daylight,01 - Dry,01 - Traffic signal,01 - Functioning,2,0,0,0,,0,,,,,350951.7041,5019284.762,45.31199768,-75.9114046,4622
18--14128,12/20/2018,1:18 AM,CARP RD @ MARCH RD (0001689),1689,03 - At intersection,03 - P.D. only,07 - SMV other,01 - Clear,07 - Dark,01 - Dry,01 - Traffic signal,01 - Functioning,1,0,0,0,,0,,,,,342164.5653,5021732.759,45.33454828,-76.02328224,4623
18--14129,12/20/2018,1:25 PM,BANK ST btwn CHESLEY ST & RIVERDALE AVE (__3ZA3BV),__3ZA3BV,01 - Non intersection,03 - P.D. only,04 - Sideswipe,01 - Clear,01 - Daylight,01 - Dry,10 - No control,,2,0,0,0,,0,,,,,369003.4042,5028197.272,45.39077187,-75.68004551,4624
18--1413,1/28/2018,7:41 PM,GREENBANK RD @ LISA AVE (0002753),2753,03 - At intersection,02 - Non-fatal injury,07 - SMV other,01 - Clear,07 - Dark,01 - Dry,01 - Traffic signal,01 - Functioning,1,0,0,1,02 - Minor,1,,1,,,360553.6298,5022892.795,45.34376613,-75.78854886,4625
18--14338,12/25/2018,12:30 PM,LAVERGNE ST btwn DES PERES BLANCS AVE & PERRIER AVE (__3ZA8A4),__3ZA8A4,01 - Non intersection,03 - P.D. only,06 - SMV unattended vehicle,05 - Drifting Snow,01 - Daylight,04 - Slush,10 - No control,,1,0,0,0,,0,,,,,370351.5645,5033897.905,45.44193902,-75.66207142,4626
18--13708,12/13/2018,1:00 PM,COMET PRIV btwn AIRBUS PRIV & END (1) (__3ZA2NS),__3ZA2NS,04 - At/near private drive,03 - P.D. only,02 - Angle,01 - Clear,01 - Daylight,01 - Dry,10 - No control,,2,0,0,0,,0,,,,,370647.734,5020709.685,45.32324819,-75.66004508,4627
18--14423,12/28/2018,2:59 PM,CLOVER ST @ HERON RD (0006837),6837,02 - Intersection related,03 - P.D. only,03 - Rear end,04 - Freezing Rain,01 - Daylight,06 - Ice,01 - Traffic signal,01 - Functioning,2,0,0,0,,0,,,,,369292.6268,5026764.574,45.37785433,-75.67653936,4628
18--14339,12/25/2018,2:32 PM,ASHTON STATION RD btwn BECKWITH BOUNDARY RD & GRAHAM RD (BECKWITH TWP) (__3ZAC2W),__3ZAC2W,01 - Non intersection,03 - P.D. only,07 - SMV other,01 - Clear,01 - Daylight,06 - Ice,10 - No control,,1,0,0,0,,0,,,,,348111.7275,4994340.217,45.08771529,-75.94979018,4629
18--13709,12/13/2018,1:13 PM,INNES RD @ STONEHENGE CRES W (0009354),9354,02 - Intersection related,03 - P.D. only,04 - Sideswipe,01 - Clear,01 - Daylight,01 - Dry,01 - Traffic signal,01 - Functioning,2,0,0,0,,0,,,,,375199.6995,5031216.538,45.41734219,-75.60048972,4630
18--1434,1/29/2018,5:30 PM,REGIONAL ROAD 174 btwn OLD MONTREAL RD & OLD MONTREAL RD (__3ZA27O),__3ZA27O,01 - Non intersection,03 - P.D. only,03 - Rear end,01 - Clear,05 - Dusk,01 - Dry,10 - No control,,2,0,0,0,,0,,,,,393586.4404,5042828.833,45.51972324,-75.36350262,4631
18--14424,12/28/2018,3:18 PM,REGIONAL ROAD 174 btwn OR174 IC112 RAMP36 & OR174 IC112 RAMP26 (__3ZAZFK),__3ZAZFK,01 - Non intersection,03 - P.D. only,07 - SMV other,04 - Freezing Rain,01 - Daylight,02 - Wet,10 - No control,,1,0,0,0,,0,,,,,374583.9602,5032680.519,45.43057599,-75.60814878,4632
18--14340,12/25/2018,3:26 PM,CAMBRIAN RD @ RIVER MIST RD (0014647),14647,03 - At intersection,03 - P.D. only,02 - Angle,01 - Clear,01 - Daylight,01 - Dry,02 - Stop sign,01 - Functioning,2,0,0,0,,0,,,,,364357.1859,5012611.708,45.25094465,-75.74125207,4633
18--13969,12/17/2018,11:47 AM,MERIVALE RD btwn MEADOWLANDS DR & 210 S OF MEADOWLANDS DR/MERIVALE PL  (__3ZBPLPA),__3ZBPLPA,04 - At/near private drive,03 - P.D. only,02 - Angle,01 - Clear,01 - Daylight,02 - Wet,10 - No control,,2,0,0,0,,0,,,,,364881.8126,5023672.244,45.35042215,-75.73322865,4634
18--14425,12/28/2018,3:30 PM,GREENBANK RD @ WEST HUNT CLUB RD (0005167),5167,02 - Intersection related,03 - P.D. only,04 - Sideswipe,02 - Rain,01 - Daylight,02 - Wet,01 - Traffic signal,01 - Functioning,2,0,0,0,,0,,,,,361479.4397,5020502.544,45.3221845,-75.77700961,4635
18--14426,12/28/2018,3:49 PM,AIRPORT PKWY btwn RAMP & RAMP (4) (__3ZA22T),__3ZA22T,01 - Non intersection,03 - P.D. only,07 - SMV other,02 - Rain,01 - Daylight,02 - Wet,10 - No control,,1,0,0,0,,0,,,,,371311.4479,5021660.452,45.33174036,-75.65145194,4636
18--14427,12/28/2018,4:19 PM,MERIDIAN PL btwn CHRYSALIS WAY & TALLWOOD DR (__3ZBO7F),__3ZBO7F,04 - At/near private drive,03 - P.D. only,02 - Angle,04 - Freezing Rain,05 - Dusk,06 - Ice,10 - No control,,2,0,0,0,,0,,,,,362791.6908,5022688.234,45.34174405,-75.76001614,4637
18--14428,12/28/2018,4:22 PM,ROYDON PL btwn WOODFIELD DR & WEST HUNT CLUB RD (__3ZAYGP),__3ZAYGP,04 - At/near private drive,03 - P.D. only,02 - Angle,02 - Rain,05 - Dusk,04 - Slush,10 - No control,,2,0,0,0,,0,,,,,365907.9183,5022276.931,45.33777868,-75.72030695,4638
18--14429,12/28/2018,4:56 PM,CLARE ST @ KIRKWOOD AVE (0006079),6079,02 - Intersection related,03 - P.D. only,07 - SMV other,02 - Rain,07 - Dark,02 - Wet,01 - Traffic signal,01 - Functioning,1,0,0,1,,0,,,,,364066.6933,5027973.74,45.38919575,-75.74311432,4639
18--1443,1/29/2018,9:00 AM,GOULBURN AVE btwn TEMPLETON ST & MANN AVE (__3ZA9OU),__3ZA9OU,01 - Non intersection,02 - Non-fatal injury,06 - SMV unattended vehicle,01 - Clear,01 - Daylight,01 - Dry,10 - No control,,1,0,0,1,01 - Minimal,1,1,,,,369633.1033,5031728.756,45.42248888,-75.67153997,4640
18--14430,12/28/2018,5:00 PM,MANORGATE PL btwn JACK AARON DR & JACK AARON DR (__3ZBPMG),__3ZBPMG,04 - At/near private drive,03 - P.D. only,06 - SMV unattended vehicle,02 - Rain,07 - Dark,04 - Slush,10 - No control,,1,0,0,0,,0,,,,,362245.2868,5021831.609,45.33408113,-75.76708722,4641
18--14431,12/28/2018,5:33 AM,FALLOWFIELD RD @ TRANSITWAY/VIARAIL (0012845),12845,02 - Intersection related,02 - Non-fatal injury,07 - SMV other,04 - Freezing Rain,07 - Dark,06 - Ice,01 - Traffic signal,01 - Functioning,1,0,0,0,02 - Minor,2,,2,,,364467.7526,5017549.248,45.29536327,-75.73925022,4642
18--14432,12/28/2018,5:47 AM,HIGHWAY 416 btwn HWY416 IC57 RAMP24 & HWY416 IC49 RAMP42 (__3ZAZGI),__3ZAZGI,01 - Non intersection,02 - Non-fatal injury,07 - SMV other,04 - Freezing Rain,07 - Dark,06 - Ice,10 - No control,,1,0,0,0,02 - Minor,1,,1,,,368574.413,5002876.661,45.16297922,-75.68877668,4643
18--14433,12/28/2018,5:59 AM,HIGHWAY 417 btwn HWY417 IC118 RAMP67 & HWY417 IC117 RAMP36 (__3ZA2YO),__3ZA2YO,01 - Non intersection,03 - P.D. only,07 - SMV other,04 - Freezing Rain,07 - Dark,06 - Ice,10 - No control,,1,0,0,0,,0,,,,,370106.7285,5031113.032,45.41690479,-75.66557008,4644
18--14434,12/28/2018,6:55 AM,HIGHWAY 417 btwn HWY417 IC118 RAMP67 & HWY417 IC117 RAMP36 (__3ZA2YO),__3ZA2YO,01 - Non intersection,03 - P.D. only,07 - SMV other,04 - Freezing Rain,07 - Dark,04 - Slush,10 - No control,,1,0,0,0,,0,,,,,370106.7282,5031113.032,45.41690479,-75.66557008,4645
18--14435,12/28/2018,7:07 AM,HIGHWAY 417 btwn HWY417 IC117 RAMP61 & HWY417 IC115 RAMP36 (__3ZA2RZ),__3ZA2RZ,01 - Non intersection,03 - P.D. only,07 - SMV other,04 - Freezing Rain,03 - Dawn,06 - Ice,10 - No control,,1,0,0,0,,0,,,,,371304.9045,5031392.438,45.4193059,-75.65022484,4646
18--14436,12/28/2018,7:10 PM,STRANDHERD DR btwn MADRID AVE & ANDORA AVE (__6O5PID),__6O5PID,01 - Non intersection,03 - P.D. only,03 - Rear end,"07 - Fog, mist, smoke, dust",07 - Dark,02 - Wet,10 - No control,,2,0,0,0,,0,,,,,363227.4624,5014301.896,45.26624776,-75.75544457,4647