Anom_ID,Accident_Date,Accident_Time,Location,Geo_ID,Accident_Location,Classification_of_Accident,Initial_Impact_Type,Environment_Condition,Light,Road_Surface_Condition,Traffic_Control,Traffic_Control_Condition,No__of_Vehicles,No__of_Bicycles,No__of_Motorcycles,No__of_Pedestrians,Max_Injury,No__of_Injuries,No__of_Minimal,No__of_Minor,No__of_Major,No__of_Fatal,X,Y,Latitude,Longitude,ObjectId
18--14437,12/28/2018,7:11 AM,HAWTHORNE RD btwn DAVIDSON RD & LEITRIM RD (__3ZBPIY),__3ZBPIY,01 - Non intersection,03 - P.D. only,07 - SMV other,04 - Freezing Rain,03 - Dawn,04 - Slush,10 - No control,,1,0,0,0,,0,,,,,376981.9534,5022844.041,45.3418294,-75.57894444,4648
18--14438,12/28/2018,8:13 AM,HIGHWAY 417 btwn HWY417 IC115 RAMP25 & REGIONAL ROAD 174 (__3ZA2RY),__3ZA2RY,01 - Non intersection,03 - P.D. only,04 - Sideswipe,04 - Freezing Rain,01 - Daylight,04 - Slush,10 - No control,,3,0,0,0,,0,,,,,373075.6079,5031612.594,45.42111621,-75.62757154,4649
18--1371,1/27/2018,4:30 PM,BARNSDALE RD @ PRINCE OF WALES DR (0001082),1082,03 - At intersection,02 - Non-fatal injury,02 - Angle,02 - Rain,05 - Dusk,02 - Wet,02 - Stop sign,01 - Functioning,2,0,0,0,02 - Minor,1,,1,,,366649.4005,5011531.251,45.241025,-75.71218678,4650
18--14439,12/28/2018,8:35 PM,HIGHWAY 417 btwn HWY417 IC155 RAMP25 & RAMP (__3ZAZN1),__3ZAZN1,01 - Non intersection,03 - P.D. only,07 - SMV other,"07 - Fog, mist, smoke, dust",07 - Dark,02 - Wet,10 - No control,,1,0,0,0,,0,,,,,344967.8839,5014913.592,45.27303191,-75.98806991,4651
18--1444,1/29/2018,9:07 AM,CARP RD @ MARCH RD (0001689),1689,03 - At intersection,03 - P.D. only,02 - Angle,01 - Clear,01 - Daylight,01 - Dry,01 - Traffic signal,01 - Functioning,2,0,0,0,,0,,,,,342164.9037,5021732.508,45.334546,-76.02327794,4652
18--14440,12/28/2018,8:58 PM,HINCKS LANE @ RIVERSIDE DR (0011354),11354,02 - Intersection related,02 - Non-fatal injury,07 - SMV other,01 - Clear,07 - Dark,04 - Slush,01 - Traffic signal,01 - Functioning,1,0,0,0,02 - Minor,1,,1,,,370166.6435,5030205.601,45.40873448,-75.66492496,4653
18--14441,12/28/2018,9:10 AM,RENAUD RD btwn Continuation of RENAUD RD & Continuation of RENAUD RD (__3ZA1DV),__3ZA1DV,01 - Non intersection,03 - P.D. only,07 - SMV other,04 - Freezing Rain,01 - Daylight,06 - Ice,10 - No control,,1,0,0,0,,0,,,,,379887.6577,5031744.117,45.4216016,-75.54051857,4654
18--14442,12/28/2018,9:20 AM,HIGHWAY 417 btwn HWY417 IC163 RAMP15 & HWY417 IC155 RAMP51 (__3ZAZNS),__3ZAZNS,01 - Non intersection,03 - P.D. only,04 - Sideswipe,02 - Rain,01 - Daylight,04 - Slush,10 - No control,,2,0,0,0,,0,,,,,338450.2277,5019599.162,45.31553715,-76.0708154,4655
18--14443,12/28/2018,9:24 AM,CYRVILLE RD @ INNES RD (0009352),9352,02 - Intersection related,03 - P.D. only,03 - Rear end,02 - Rain,01 - Daylight,04 - Slush,01 - Traffic signal,01 - Functioning,3,0,0,0,,0,,,,,375047.5212,5031119.731,45.41648647,-75.60244769,4656
18--14444,12/28/2018,9:32 AM,BLAIR RD @ MEADOWBROOK RD (0004163),4163,03 - At intersection,03 - P.D. only,02 - Angle,01 - Clear,01 - Daylight,04 - Slush,01 - Traffic signal,01 - Functioning,2,0,0,0,,0,,,,,375194.6367,5032311.645,45.42719587,-75.60039791,4657
18--14445,12/28/2018,9:32 AM,HIGHWAY 417 btwn HWY417 IC129 RAMP61 & TRANSIT (__3ZA2SI),__3ZA2SI,01 - Non intersection,03 - P.D. only,04 - Sideswipe,04 - Freezing Rain,01 - Daylight,04 - Slush,10 - No control,,2,0,0,0,,0,,,,,361090.1289,5024046.228,45.35410183,-75.78157205,4658
18--14446,12/28/2018,9:45 AM,HIGHWAY 417 btwn HWY417 IC134 RAMP61 & HWY417 IC131 RAMP66 (__3ZA297),__3ZA297,01 - Non intersection,03 - P.D. only,04 - Sideswipe,02 - Rain,01 - Daylight,06 - Ice,10 - No control,,2,0,0,0,,0,,,,,357180.3129,5022619.605,45.34156795,-75.83162038,4659
18--14447,12/29/2018,1:00 PM,PRINCE OF WALES DR @ WEST HUNT CLUB RD (0000567),567,02 - Intersection related,03 - P.D. only,03 - Rear end,01 - Clear,01 - Daylight,01 - Dry,01 - Traffic signal,01 - Functioning,2,0,0,0,,0,,,,,367458.7159,5021891.63,45.33417503,-75.70057058,4660
18--4061,4/6/2018,8:39 AM,PRINCE OF WALES DR @ MEADOWLANDS DR/HOG'S BACK (0001629),1629,02 - Intersection related,03 - P.D. only,04 - Sideswipe,01 - Clear,01 - Daylight,01 - Dry,01 - Traffic signal,01 - Functioning,2,0,0,0,,0,,,,,367371.919,5025693.477,45.36839102,-75.70119678,7554
18--14449,12/29/2018,1:14 PM,VANIER PKWY SB btwn QUEEN MARY ST & PRESLAND RD (__3ZA4S5A),__3ZA4S5A,01 - Non intersection,03 - P.D. only,04 - Sideswipe,01 - Clear,01 - Daylight,01 - Dry,10 - No control,,2,0,0,0,,0,,,,,370358.9058,5031906.445,45.42402001,-75.66224275,4662
18--1445,1/29/2018,9:18 AM,PARKWAY RD @ SALE BARN RD (0005819),5819,03 - At intersection,02 - Non-fatal injury,02 - Angle,01 - Clear,01 - Daylight,01 - Dry,02 - Stop sign,01 - Functioning,2,0,0,0,02 - Minor,1,,1,,,379603.022,5014729.139,45.26854103,-75.54672829,4663
18--14450,12/29/2018,1:54 PM,CARLING AVE @ CARLINGWOOD SC (0008881),8881,02 - Intersection related,03 - P.D. only,04 - Sideswipe,03 - Snow,01 - Daylight,06 - Ice,01 - Traffic signal,01 - Functioning,2,0,0,0,,0,,,,,362073.0206,5025919.03,45.37087356,-75.76881143,4664
18--14451,12/29/2018,1:54 PM,HIGHWAY 417 btwn HWY417 IC124 RAMP57 & HWY417 IC124 RAMP55 (__3ZA2Y1),__3ZA2Y1,01 - Non intersection,03 - P.D. only,03 - Rear end,01 - Clear,01 - Daylight,01 - Dry,10 - No control,,2,0,0,0,,0,,,,,364461.0295,5027547.387,45.38532602,-75.7381303,4665
18--14452,12/29/2018,10:05 PM,CLARENCE ST @ DALHOUSIE ST (0008415),8415,02 - Intersection related,03 - P.D. only,03 - Rear end,01 - Clear,07 - Dark,01 - Dry,01 - Traffic signal,01 - Functioning,2,0,0,0,,0,,,,,368042.7514,5032503.601,45.42960625,-75.69176049,4666
18--14453,12/29/2018,10:41 AM,IRIS ST btwn TO BE DETERMINED & Continuation of IRIS ST (__3ZAYFV),__3ZAYFV,01 - Non intersection,03 - P.D. only,03 - Rear end,01 - Clear,01 - Daylight,06 - Ice,10 - No control,,2,0,0,0,,0,,,,,360623.3243,5023362.842,45.34799006,-75.78760654,4667
18--14454,12/29/2018,10:55 PM,MONTREAL RD @ VANIER PKWY (0004630),4630,02 - Intersection related,03 - P.D. only,03 - Rear end,03 - Snow,07 - Dark,02 - Wet,01 - Traffic signal,01 - Functioning,2,0,0,0,,0,,,,,370072.7066,5033065.683,45.43447713,-75.66574597,4668
18--14455,12/29/2018,10:59 AM,BANK ST @ WALKLEY RD (0011423),11423,02 - Intersection related,03 - P.D. only,03 - Rear end,01 - Clear,01 - Daylight,02 - Wet,01 - Traffic signal,01 - Functioning,2,0,0,0,,0,,,,,370337.9949,5025947.733,45.37040765,-75.66330161,4669
18--14456,12/29/2018,11:00 AM,CEDARWOOD DR @ WALKLEY RD (0002235),2235,02 - Intersection related,03 - P.D. only,03 - Rear end,01 - Clear,01 - Daylight,01 - Dry,01 - Traffic signal,01 - Functioning,2,0,0,0,,0,,,,,371194.8101,5026455.674,45.37489728,-75.6522959,4670
18--14457,12/29/2018,11:26 AM,MONTREAL RD @ SINCLAIR ST (0008675),8675,03 - At intersection,03 - P.D. only,02 - Angle,01 - Clear,01 - Daylight,02 - Wet,01 - Traffic signal,01 - Functioning,2,0,0,0,,0,,,,,375968.747,5034756.68,45.44911648,-75.59015298,4671
18--14458,12/29/2018,11:59 AM,EAGLESON RD @ MICHAEL COWPLAND DR/STONEHAVEN D (0003544),3544,02 - Intersection related,03 - P.D. only,03 - Rear end,01 - Clear,01 - Daylight,01 - Dry,01 - Traffic signal,01 - Functioning,2,0,0,0,,0,,,,,354382.3312,5016623.401,45.28781637,-75.86792085,4672
18--14459,12/29/2018,12:20 PM,HWY 417 ST.LAURE IC115R51 @ ST. LAURENT BLVD (0002712),2712,02 - Intersection related,03 - P.D. only,03 - Rear end,01 - Clear,01 - Daylight,06 - Ice,01 - Traffic signal,01 - Functioning,2,0,0,0,,0,,,,,372530.7173,5031410.563,45.41935139,-75.63456115,4673
18--1446,1/30/2018,1:20 PM,WOODROFFE AVE @ HWY 417 WOODROFF IC127R26/HWY4 (0002355),2355,02 - Intersection related,03 - P.D. only,03 - Rear end,01 - Clear,01 - Daylight,01 - Dry,01 - Traffic signal,01 - Functioning,2,0,0,0,,0,,,,,362082.687,5024939.518,45.36205921,-75.76880159,4674
18--14460,12/29/2018,12:25 PM,ELGIN ST @ LAURIER AVE (0002232),2232,02 - Intersection related,03 - P.D. only,07 - SMV other,04 - Freezing Rain,01 - Daylight,06 - Ice,01 - Traffic signal,01 - Functioning,1,0,0,0,,0,,,,,367948.64,5031549.499,45.42103007,-75.69308543,4675
18--14461,12/29/2018,2:20 AM,BASELINE RD @ GREENBANK RD (0002357),2357,02 - Intersection related,03 - P.D. only,04 - Sideswipe,02 - Rain,07 - Dark,02 - Wet,01 - Traffic signal,01 - Functioning,2,0,0,0,,0,,,,,360597.7447,5022584.434,45.34098799,-75.78802075,4676
18--14462,12/29/2018,2:46 PM,TENTH LINE RD @ VANGUARD DR (0004632),4632,02 - Intersection related,03 - P.D. only,04 - Sideswipe,01 - Clear,01 - Daylight,01 - Dry,01 - Traffic signal,01 - Functioning,2,0,0,0,,0,,,,,384072.5564,5035874.686,45.45830315,-75.48638623,4677
18--14463,12/29/2018,3:20 PM,HIGHWAY 417 btwn HWY417 IC124 RAMP76 & HWY417 IC124 RAMP67 (__3ZA2R7),__3ZA2R7,01 - Non intersection,03 - P.D. only,03 - Rear end,01 - Clear,01 - Daylight,01 - Dry,10 - No control,,2,0,0,0,,0,,,,,364336.4506,5027413.015,45.38412757,-75.73973723,4678
18--14464,12/29/2018,4:00 PM,CANDLEWOOD ST btwn BOISFRANC CIRC & CHERINGTON CRES (__45I7DO),__45I7DO,04 - At/near private drive,03 - P.D. only,06 - SMV unattended vehicle,04 - Freezing Rain,05 - Dusk,06 - Ice,10 - No control,,1,0,0,0,,0,,,,,385517.8098,5035495.759,45.45472846,-75.46797177,4679
18--14465,12/29/2018,4:15 PM,WOODROFFE AVE btwn CARLING AVE & FOX CRES (__3ZA4NI),__3ZA4NI,04 - At/near private drive,03 - P.D. only,02 - Angle,01 - Clear,05 - Dusk,01 - Dry,10 - No control,,2,0,0,0,,0,,,,,361779.0023,5025695.647,45.36888755,-75.77259054,4680
18--14466,12/29/2018,5:35 PM,BEATRICE DR btwn CONLAN WAY/SETTLER'S RIDGE WAY & GREENPOINTE DR/HERITAGE GLEN DR (__3ZBPNV),__3ZBPNV,04 - At/near private drive,03 - P.D. only,06 - SMV unattended vehicle,01 - Clear,07 - Dark,01 - Dry,10 - No control,,1,0,0,0,,0,,,,,365505.4155,5015457.607,45.27645391,-75.72627737,4681
18--14467,12/29/2018,5:40 PM,WALSH AVE btwn RICHARDSON AVE & WOODLAND AVE (__3ZABYC),__3ZABYC,04 - At/near private drive,03 - P.D. only,06 - SMV unattended vehicle,01 - Clear,07 - Dark,01 - Dry,10 - No control,,1,0,0,0,,0,,,,,361486.0577,5025686.743,45.36883119,-75.77633107,4682
18--14468,12/29/2018,5:52 PM,INNES RD @ ORLEANS BLVD (0003611),3611,02 - Intersection related,02 - Non-fatal injury,03 - Rear end,01 - Clear,07 - Dark,01 - Dry,01 - Traffic signal,00 - Unknown,2,0,0,0,02 - Minor,2,1,1,,,380460.7509,5034296.307,45.44450256,-75.53280436,4683
18--14469,12/29/2018,6:00 AM,RENAUD RD btwn IDA ST & Continuation of RENAUD RD (__3ZA6FE),__3ZA6FE,01 - Non intersection,03 - P.D. only,07 - SMV other,01 - Clear,07 - Dark,01 - Dry,10 - No control,,1,0,0,0,,0,,,,,378532.3984,5031705.049,45.42139424,-75.55783975,4684
18--1447,1/30/2018,1:30 PM,BASELINE RD @ JOHN SUTHERLAND DR/VALLEY STREAM (0000011),11,02 - Intersection related,03 - P.D. only,04 - Sideswipe,01 - Clear,01 - Daylight,01 - Dry,01 - Traffic signal,01 - Functioning,2,0,0,0,,0,,,,,359310.6669,5021789.491,45.33393626,-75.80453021,4685
18--14470,12/29/2018,6:45 PM,HIGHWAY 416 btwn HWY416 IC66 RAMP62 & HWY416 IC72 RAMP24 (__3ZAZMZ),__3ZAZMZ,01 - Non intersection,03 - P.D. only,07 - SMV other,01 - Clear,07 - Dark,01 - Dry,10 - No control,,1,0,0,0,,0,,,,,359420.9247,5016770.32,45.28876485,-75.80367687,4686
18--14471,12/29/2018,7:20 PM,HWY417 IC117 RAMP36 btwn HIGHWAY 417 & VANIER PKWY (__3ZAYAX),__3ZAYAX,01 - Non intersection,03 - P.D. only,03 - Rear end,01 - Clear,07 - Dark,99 - Other,10 - No control,,3,0,0,0,,0,,,,,370768.8073,5031389.844,45.41933332,-75.65707449,4687
18--14472,12/29/2018,7:21 PM,RIVERSIDE DR @ BROOKFIELD RD/HOG'S BACK RD (0001627),1627,03 - At intersection,02 - Non-fatal injury,05 - Turning movement,01 - Clear,07 - Dark,01 - Dry,01 - Traffic signal,01 - Functioning,2,0,0,0,02 - Minor,1,,1,,,368167.5281,5026222.379,45.37307846,-75.69097307,4688
18--14473,12/29/2018,7:50 AM,HWY417 IC138 RAMP36 btwn HIGHWAY 417 & MARCH RD (__3ZAY8W),__3ZAY8W,01 - Non intersection,03 - P.D. only,07 - SMV other,01 - Clear,03 - Dawn,06 - Ice,10 - No control,,1,0,0,0,,0,,,,,352881.4214,5020303.845,45.32103813,-75.88669644,4689
18--14474,12/29/2018,9:30 PM,IPSWICH TER btwn BRADY AVE & BEACON WAY (__3ZA586),__3ZA586,04 - At/near private drive,02 - Non-fatal injury,99 - Other,01 - Clear,07 - Dark,02 - Wet,10 - No control,,2,0,0,1,02 - Minor,1,,1,,,348976.541,5023094.329,45.34640423,-75.93625362,4690
18--14475,12/29/2018,9:33 PM,JOCKVALE RD/RIDEAU VALLEY DR @ PRINCE OF WALES (0004638),4638,02 - Intersection related,02 - Non-fatal injury,03 - Rear end,01 - Clear,07 - Dark,02 - Wet,01 - Traffic signal,01 - Functioning,2,0,0,0,01 - Minimal,1,1,,,,366709.7286,5012195.698,45.24699838,-75.7113357,4691
18--14476,12/29/2018,9:51 AM,BRONSON AVE/BRONSON/HERON RAMP 35 @ HERON RD (0002386),2386,02 - Intersection related,03 - P.D. only,04 - Sideswipe,01 - Clear,01 - Daylight,06 - Ice,01 - Traffic signal,01 - Functioning,2,0,0,0,,0,,,,,368641.5544,5026697.519,45.37731061,-75.68486026,4692
18--14477,12/30/2018,1:09 AM,JEAN TALON ST @ PIE XII ST (0009893),9893,02 - Intersection related,02 - Non-fatal injury,07 - SMV other,01 - Clear,07 - Dark,99 - Other,02 - Stop sign,01 - Functioning,1,0,0,0,02 - Minor,1,,1,,,371124.5507,5033146.689,45.43510701,-75.65229284,4693
18--14478,12/30/2018,1:54 PM,MONTREAL RD btwn ST. LAURENT BLVD & HILLSIDE DR (__3ZA1MC),__3ZA1MC,04 - At/near private drive,02 - Non-fatal injury,05 - Turning movement,01 - Clear,01 - Daylight,03 - Loose snow,10 - No control,,2,0,0,0,02 - Minor,2,,2,,,371590.7755,5033840.089,45.44130152,-75.64624051,4694
18--14479,12/30/2018,10:39 AM,ALTA VISTA DR btwn BANK ST & EDGE HILL PL (__3ZA0TQ),__3ZA0TQ,01 - Non intersection,03 - P.D. only,03 - Rear end,03 - Snow,01 - Daylight,06 - Ice,10 - No control,,2,0,0,0,,0,,,,,370332.6832,5026257.043,45.37319122,-75.66332838,4695
18--1448,1/30/2018,1:36 PM,WOODROFFE AVE/HWY 417 WOODROFF IC127R25 @ HWY  (0002348),2348,03 - At intersection,03 - P.D. only,04 - Sideswipe,01 - Clear,01 - Daylight,01 - Dry,01 - Traffic signal,01 - Functioning,2,0,0,0,,0,,,,,362179.6954,5024694.524,45.35984684,-75.76759185,4696
18--14480,12/30/2018,11:20 AM,ALTA VISTA DR @ VALOUR DR (0012073),12073,02 - Intersection related,03 - P.D. only,02 - Angle,01 - Clear,01 - Daylight,01 - Dry,02 - Stop sign,01 - Functioning,2,0,0,0,,0,,,,,370439.667,5029581.641,45.40309477,-75.66152046,4697
18--14481,12/30/2018,11:25 AM,TERRY FOX DR btwn HAZELDEAN RD & 135 S OF HAZELDEAN RD/SOBEY'S SC (__3ZBPL2A),__3ZBPL2A,01 - Non intersection,03 - P.D. only,04 - Sideswipe,03 - Snow,01 - Daylight,02 - Wet,10 - No control,,2,0,0,0,,0,,,,,352214.0937,5017234.568,45.29346544,-75.8955017,4698
18--14482,12/30/2018,11:58 AM,CATHERINE ST @ KENT ST (0002707),2707,03 - At intersection,03 - P.D. only,05 - Turning movement,03 - Snow,01 - Daylight,02 - Wet,01 - Traffic signal,01 - Functioning,2,0,0,0,,0,,,,,367907.651,5030188.536,45.40878826,-75.69378341,4699
18--14483,12/30/2018,12:15 PM,MERIVALE RD btwn EMERALD PLAZA SC & MEADOWLANDS DR (__3ZA4HZB),__3ZA4HZB,01 - Non intersection,03 - P.D. only,03 - Rear end,03 - Snow,01 - Daylight,02 - Wet,10 - No control,,3,0,0,0,,0,,,,,364818.3943,5023818.351,45.35174223,-75.7340202,4700
18--14484,12/30/2018,2:29 PM,PARKWAY RD @ SALE BARN RD (0005819),5819,03 - At intersection,03 - P.D. only,02 - Angle,01 - Clear,01 - Daylight,01 - Dry,02 - Stop sign,01 - Functioning,2,0,0,0,,0,,,,,379605.412,5014726.243,45.26851472,-75.54669827,4701
18--14485,12/30/2018,2:30 PM,BANTON ST @ WALKLEY RD (0006399),6399,02 - Intersection related,03 - P.D. only,99 - Other,01 - Clear,01 - Daylight,02 - Wet,01 - Traffic signal,01 - Functioning,2,0,0,0,,0,,,,,374247.7551,5028249.497,45.39074135,-75.61306928,4702
18--14486,12/30/2018,2:32 PM,FAIRLEA CRES @ HEATHERINGTON RD N (0007086),7086,03 - At intersection,03 - P.D. only,05 - Turning movement,01 - Clear,01 - Daylight,01 - Dry,03 - Yield sign,01 - Functioning,2,0,0,0,,0,,,,,371809.8577,5026692.446,45.37696912,-75.64441195,4703
18--14487,12/30/2018,3:22 PM,HIGHWAY 417 btwn HWY417 IC124 RAMP65 & HWY417 IC122 RAMP51 (__3ZA2R8),__3ZA2R8,01 - Non intersection,03 - P.D. only,03 - Rear end,03 - Snow,01 - Daylight,02 - Wet,10 - No control,,3,0,0,0,,0,,,,,365175.2837,5028731.964,45.3959234,-75.72886518,4704
18--14488,12/30/2018,4:40 PM,HIGHWAY 417 btwn HWY417 IC124 RAMP65 & HWY417 IC122 RAMP51 (__3ZA2R8),__3ZA2R8,01 - Non intersection,02 - Non-fatal injury,03 - Rear end,03 - Snow,05 - Dusk,02 - Wet,10 - No control,,2,0,0,0,01 - Minimal,1,1,,,,364911.0146,5028285.528,45.3919292,-75.73229461,4705
18--14489,12/30/2018,5:20 PM,BLAIR RD @ OGILVIE RD (0004120),4120,02 - Intersection related,03 - P.D. only,03 - Rear end,01 - Clear,07 - Dark,06 - Ice,01 - Traffic signal,01 - Functioning,2,0,0,0,,0,,,,,374507.7829,5033198.529,45.43524436,-75.60904888,4706
18--1449,1/30/2018,10:32 AM,COLONEL BY DR @ HOG'S BACK RD (0002635),2635,02 - Intersection related,03 - P.D. only,04 - Sideswipe,01 - Clear,01 - Daylight,01 - Dry,01 - Traffic signal,01 - Functioning,2,0,0,0,,0,,,,,367602.7097,5025873.538,45.36999052,-75.69822787,4707
18--14490,12/30/2018,6:56 PM,BORRISOKANE RD/TARTAN DR @ STRANDHERD DR (0010634),10634,02 - Intersection related,03 - P.D. only,03 - Rear end,01 - Clear,07 - Dark,02 - Wet,01 - Traffic signal,01 - Functioning,2,0,0,0,,0,,,,,362291.1211,5013545.642,45.25952009,-75.76746313,4708
18--14341,12/25/2018,3:35 PM,LEOPOLDS DR @ RIVERSIDE DR (0007181),7181,02 - Intersection related,03 - P.D. only,07 - SMV other,01 - Clear,01 - Daylight,05 - Packed snow,02 - Stop sign,01 - Functioning,1,0,0,0,,0,,,,,368044.7037,5024049.512,45.35353863,-75.69281913,4709
18--13710,12/13/2018,1:30 PM,RIDEAU VALLEY DR btwn BARNSDALE RD & BANKFIELD RD (__3ZAZ7W),__3ZAZ7W,01 - Non intersection,03 - P.D. only,07 - SMV other,01 - Clear,01 - Daylight,01 - Dry,10 - No control,,1,0,0,0,,0,,,,,367418.9904,5011248.765,45.23841516,-75.70242056,4710
18--14342,12/25/2018,4:15 PM,HWY417 IC138 RAMP35 btwn HIGHWAY 417 & EAGLESON RD (__3ZAY6O),__3ZAY6O,01 - Non intersection,02 - Non-fatal injury,07 - SMV other,01 - Clear,05 - Dusk,01 - Dry,10 - No control,,1,0,0,0,02 - Minor,1,,1,,,352974.7888,5020124.499,45.31941794,-75.88552301,4711
18--14343,12/25/2018,8:03 AM,BORRISOKANE RD/TARTAN DR @ STRANDHERD DR (0010634),10634,02 - Intersection related,03 - P.D. only,07 - SMV other,01 - Clear,01 - Daylight,01 - Dry,01 - Traffic signal,01 - Functioning,1,0,0,0,,0,,,,,362291.0727,5013545.505,45.25951886,-75.76746376,4712
18--14344,12/25/2018,9:43 PM,LEMIEUX ST @ ST. LAURENT BLVD (0002021),2021,02 - Intersection related,03 - P.D. only,03 - Rear end,01 - Clear,07 - Dark,01 - Dry,01 - Traffic signal,01 - Functioning,2,0,0,0,,0,,,,,372391.7297,5031742.509,45.42235153,-75.63629134,4713
18--14345,12/26/2018,1:20 PM,PALLADIUM DR @ SILVER SEVEN RD (0011839),11839,02 - Intersection related,03 - P.D. only,04 - Sideswipe,03 - Snow,01 - Daylight,04 - Slush,01 - Traffic signal,00 - Unknown,2,0,0,0,,0,,,,,351051.3844,5017887.457,45.29941781,-75.91026379,4714
18--14346,12/26/2018,1:33 PM,CASTLEFRANK RD @ HAZELDEAN RD (0003608),3608,02 - Intersection related,03 - P.D. only,04 - Sideswipe,03 - Snow,01 - Daylight,02 - Wet,01 - Traffic signal,01 - Functioning,2,0,0,0,,0,,,,,352677.7621,5017676.803,45.29741334,-75.88954788,4715
18--14347,12/26/2018,1:40 PM,HIGHWAY 417 btwn HWY417 IC129 RAMP61 & TRANSIT (__3ZA2SI),__3ZA2SI,01 - Non intersection,03 - P.D. only,03 - Rear end,03 - Snow,01 - Daylight,02 - Wet,10 - No control,,3,0,0,0,,0,,,,,360859.455,5023869.082,45.35252636,-75.78453598,4716
18--14348,12/26/2018,1:45 PM,BANK ST @ RIDEAU RD (0009263),9263,02 - Intersection related,03 - P.D. only,02 - Angle,01 - Clear,01 - Daylight,01 - Dry,01 - Traffic signal,01 - Functioning,2,0,0,0,,0,,,,,376954.7521,5017844.473,45.29684829,-75.5800198,4717
18--14349,12/26/2018,10:27 AM,WOODROFFE AVE @ QUEENSBURY DR/RIDEAUCREST DR (0000043),43,03 - At intersection,02 - Non-fatal injury,02 - Angle,01 - Clear,01 - Daylight,01 - Dry,01 - Traffic signal,01 - Functioning,3,0,0,0,02 - Minor,4,,4,,,365727.7585,5016328.475,45.28427071,-75.72333685,4718
18--1435,1/29/2018,5:45 PM,HIGHWAY 417 btwn HWY417 IC122 RAMP51 & HWY417 IC122 RAMP15 (__3ZA2R0),__3ZA2R0,01 - Non intersection,03 - P.D. only,07 - SMV other,01 - Clear,07 - Dark,01 - Dry,10 - No control,,1,0,0,0,,0,,,,,365292.7445,5028845.983,45.39693918,-75.72735108,4719
18--14350,12/26/2018,10:36 AM,WEST HUNT CLUB RD @ WOODROFFE AVE (0000576),576,03 - At intersection,03 - P.D. only,03 - Rear end,01 - Clear,01 - Daylight,01 - Dry,01 - Traffic signal,01 - Functioning,2,0,0,0,,0,,,,,363670.4174,5021246.454,45.32869784,-75.7489759,4720
18--14351,12/26/2018,11:06 PM,CARLING AVE @ BAYSHORE DR/BIRCHDALE AVE (0000021),21,02 - Intersection related,03 - P.D. only,07 - SMV other,01 - Clear,07 - Dark,02 - Wet,01 - Traffic signal,01 - Functioning,1,0,0,0,,0,,,,,359004.899,5023990.447,45.35376421,-75.80818986,4721
18--14352,12/26/2018,11:08 AM,COVENTRY RD @ ST. LAURENT SC WEST (0008973),8973,03 - At intersection,02 - Non-fatal injury,02 - Angle,01 - Clear,01 - Daylight,01 - Dry,01 - Traffic signal,01 - Functioning,2,0,0,0,02 - Minor,2,1,1,,,371921.4236,5031788.783,45.42281316,-75.64229407,4722
18--14353,12/26/2018,11:09 AM,ACCEPTANCE PL @ HOPE SIDE RD (0015272),15272,02 - Intersection related,03 - P.D. only,03 - Rear end,01 - Clear,01 - Daylight,01 - Dry,02 - Stop sign,01 - Functioning,2,0,0,0,,0,,,,,356552.335,5015257.147,45.27536613,-75.84040176,4723
18--14354,12/26/2018,11:47 PM,KENT ST btwn ARLINGTON AVE & CATHERINE ST (__3ZA3PP),__3ZA3PP,01 - Non intersection,03 - P.D. only,04 - Sideswipe,01 - Clear,07 - Dark,01 - Dry,10 - No control,,2,0,0,0,,0,,,,,367897.6881,5030206.291,45.40894892,-75.6939084,4724
18--14355,12/26/2018,Unknown,MEADOWLILLY RD btwn CACHE BAY & Continuation of MEADOWLILLY RD (__5GOBVT),__5GOBVT,01 - Non intersection,03 - P.D. only,06 - SMV unattended vehicle,03 - Snow,00 - Unknown,03 - Loose snow,10 - No control,,1,0,0,0,,0,,,,,375621.1334,5020650.253,45.32222931,-75.59662045,4725
18--14356,12/26/2018,Unknown,ROSSLAND AVE btwn BASSANO ST & PENDER ST (__3ZAAV9),__3ZAAV9,01 - Non intersection,03 - P.D. only,06 - SMV unattended vehicle,01 - Clear,00 - Unknown,05 - Packed snow,10 - No control,,1,0,0,0,,0,,,,,364324.495,5023936.386,45.35284639,-75.74030878,4726
18--14357,12/26/2018,Unknown,FRANK ST btwn O'CONNOR ST & METCALFE ST (__3ZA9TX),__3ZA9TX,01 - Non intersection,03 - P.D. only,06 - SMV unattended vehicle,01 - Clear,00 - Unknown,02 - Wet,10 - No control,,1,0,0,0,,0,,,,,368169.3886,5030771.896,45.4140135,-75.69036498,4727
18--14358,12/26/2018,12:15 PM,HUNTMAR DR btwn CAMPEAU DR & RICHARDSON SIDE RD (__3ZBN0Y),__3ZBN0Y,01 - Non intersection,03 - P.D. only,05 - Turning movement,03 - Snow,01 - Daylight,03 - Loose snow,10 - No control,,2,0,0,0,,0,,,,,348840.8964,5018292.572,45.30320521,-75.93841161,4728
18--14359,12/26/2018,2:00 PM,COLONNADE RD @ MERIVALE RD (0004569),4569,02 - Intersection related,03 - P.D. only,03 - Rear end,01 - Clear,01 - Daylight,01 - Dry,01 - Traffic signal,01 - Functioning,2,0,0,0,,0,,,,,365363.3959,5022544.5,45.34023345,-75.72722127,4729