Anom_ID,Accident_Date,Accident_Time,Location,Geo_ID,Accident_Location,Classification_of_Accident,Initial_Impact_Type,Environment_Condition,Light,Road_Surface_Condition,Traffic_Control,Traffic_Control_Condition,No__of_Vehicles,No__of_Bicycles,No__of_Motorcycles,No__of_Pedestrians,Max_Injury,No__of_Injuries,No__of_Minimal,No__of_Minor,No__of_Major,No__of_Fatal,X,Y,Latitude,Longitude,ObjectId
18--1436,1/29/2018,6:25 PM,CARLING AVE @ BAYSHORE DR/BIRCHDALE AVE (0000021),21,02 - Intersection related,02 - Non-fatal injury,03 - Rear end,01 - Clear,07 - Dark,05 - Packed snow,01 - Traffic signal,01 - Functioning,2,0,0,0,02 - Minor,1,,1,,,359004.8714,5023990.613,45.3537657,-75.80819019,4730
18--14360,12/26/2018,2:05 PM,JEANNE D'ARC BLVD @ ORLEANS BLVD N (0003792),3792,02 - Intersection related,03 - P.D. only,07 - SMV other,03 - Snow,01 - Daylight,03 - Loose snow,01 - Traffic signal,00 - Unknown,1,0,0,0,,0,,,,,380028.5823,5038105.753,45.47882365,-75.5377452,4731
18--14361,12/26/2018,2:15 PM,FOXBAR AVE btwn BANK ST & BANFF AVE (__3ZA0H9),__3ZA0H9,04 - At/near private drive,03 - P.D. only,02 - Angle,03 - Snow,01 - Daylight,05 - Packed snow,10 - No control,,2,0,0,0,,0,,,,,370575.7592,5025680.686,45.36798258,-75.66030205,4732
18--14362,12/26/2018,2:19 PM,HAWTHORNE AVE @ MAIN ST (0006919),6919,03 - At intersection,03 - P.D. only,02 - Angle,03 - Snow,01 - Daylight,03 - Loose snow,01 - Traffic signal,01 - Functioning,2,0,0,0,,0,,,,,368970.6736,5030632.515,45.41268638,-75.68014661,4733
18--14363,12/26/2018,2:23 AM,CONNELLY PL @ CASTLEFRANK RD (0011845),11845,03 - At intersection,03 - P.D. only,07 - SMV other,03 - Snow,07 - Dark,05 - Packed snow,02 - Stop sign,01 - Functioning,1,0,0,0,,0,,,,,353189.5382,5016326.581,45.28522865,-75.88315472,4734
18--14364,12/26/2018,2:50 PM,HAWTHORNE RD btwn STEVENAGE DR & HUNT CLUB RD (__3ZA2E8),__3ZA2E8,01 - Non intersection,03 - P.D. only,04 - Sideswipe,03 - Snow,01 - Daylight,02 - Wet,10 - No control,,2,0,0,0,,0,,,,,375494.6154,5026438.664,45.37432363,-75.59740667,4735
18--14365,12/26/2018,2:50 PM,HWY417 IC118 RAMP52 btwn HWY417 IC118 RAMP57 & HWY417 IC118 RAMP62 (__6KCF0O),__6KCF0O,01 - Non intersection,03 - P.D. only,07 - SMV other,03 - Snow,01 - Daylight,03 - Loose snow,10 - No control,,1,0,0,0,,0,,,,,369342.7792,5030881.074,45.4148886,-75.67536048,4736
18--14366,12/26/2018,3:30 PM,TRIM RD @ WATTERS RD (0012847),12847,03 - At intersection,03 - P.D. only,05 - Turning movement,03 - Snow,01 - Daylight,04 - Slush,01 - Traffic signal,01 - Functioning,2,0,0,0,,0,,,,,384964.4718,5038717.394,45.48377734,-75.47451987,4737
18--14367,12/26/2018,3:33 PM,CHRYSALIS WAY @ MERIDIAN PL (0009824),9824,02 - Intersection related,03 - P.D. only,02 - Angle,03 - Snow,01 - Daylight,06 - Ice,03 - Yield sign,01 - Functioning,2,0,0,0,,0,,,,,362757.0072,5022756.52,45.34236135,-75.76045067,4738
18--14368,12/26/2018,3:55 PM,HWY417 IC124 RAMP67 btwn CARLING AVE & HIGHWAY 417 (__3ZAYA7),__3ZAYA7,01 - Non intersection,03 - P.D. only,03 - Rear end,03 - Snow,01 - Daylight,03 - Loose snow,10 - No control,,2,0,0,0,,0,,,,,364374.6699,5027551.326,45.38536881,-75.73923253,4739
18--14369,12/26/2018,4:00 PM,HAZELDEAN RD @ TERRY FOX DR (0003682),3682,02 - Intersection related,03 - P.D. only,04 - Sideswipe,01 - Clear,05 - Dusk,02 - Wet,01 - Traffic signal,01 - Functioning,2,0,0,0,,0,,,,,352207.3434,5017242.859,45.2935405,-75.89558697,4740
18--1397,1/28/2018,12:12 PM,MITCH OWENS RD @ OLD PRESCOTT RD (0009275),9275,02 - Intersection related,03 - P.D. only,03 - Rear end,01 - Clear,01 - Daylight,01 - Dry,01 - Traffic signal,01 - Functioning,2,0,0,0,,0,,,,,377088.7628,5015548.451,45.27617581,-75.57864589,4741
18--1437,1/29/2018,6:46 AM,ST. JOSEPH BLVD @ JEANNE D'ARC BLVD (0012421),12421,03 - At intersection,03 - P.D. only,04 - Sideswipe,01 - Clear,07 - Dark,01 - Dry,11 - Roundabout,01 - Functioning,2,0,0,0,,0,,,,,379860.7425,5036471.581,45.46413872,-75.54014138,4742
18--14370,12/26/2018,4:51 PM,ALERT RD/AIRPORT PKWY/UPLANDS DR RAMP 62 @ LES (0003652),3652,03 - At intersection,03 - P.D. only,02 - Angle,03 - Snow,05 - Dusk,05 - Packed snow,01 - Traffic signal,01 - Functioning,2,0,0,0,,0,,,,,371306.7079,5021353.782,45.32898148,-75.65155361,4743
18--14371,12/26/2018,5:45 PM,HIGHWAY 417 btwn HWY417 IC124 RAMP67 & HWY417 IC123 RAMP62 (__3ZA2YZ),__3ZA2YZ,01 - Non intersection,03 - P.D. only,04 - Sideswipe,01 - Clear,07 - Dark,02 - Wet,10 - No control,,2,0,0,0,,0,,,,,364746.6006,5028012.091,45.38948296,-75.73442744,4744
18--14372,12/26/2018,6:27 PM,LUCILLE WAY btwn MARKWICK CRES & MARKWICK CRES (__30LP4P),__30LP4P,04 - At/near private drive,03 - P.D. only,02 - Angle,03 - Snow,07 - Dark,03 - Loose snow,10 - No control,,2,0,0,0,,0,,,,,385797.6153,5036794.524,45.4663811,-75.4641809,4745
18--14373,12/26/2018,6:40 AM,HIGHWAY 417 btwn HWY417 IC155 RAMP25 & RAMP (__3ZAZN1),__3ZAZN1,01 - Non intersection,03 - P.D. only,07 - SMV other,01 - Clear,07 - Dark,01 - Dry,10 - No control,,1,0,0,0,,0,,,,,344327.8272,5015436.268,45.27777145,-75.99618535,4746
18--14374,12/26/2018,6:45 PM,HIGHWAY 417 btwn HWY417 IC96 RAMP61 & HWY417 IC88 RAMP16 (__3ZA27Z),__3ZA27Z,01 - Non intersection,03 - P.D. only,07 - SMV other,03 - Snow,07 - Dark,02 - Wet,10 - No control,,1,0,0,0,,0,,,,,393019.4952,5022748.492,45.33913636,-75.37435545,4747
18--14375,12/26/2018,7:22 PM,VAAN DR @ WOODROFFE AVE (0005288),5288,02 - Intersection related,02 - Non-fatal injury,99 - Other,01 - Clear,07 - Dark,06 - Ice,02 - Stop sign,01 - Functioning,2,0,0,0,02 - Minor,1,,1,,,363976.7937,5020575.383,45.32263382,-75.74514793,4748
18--14376,12/26/2018,8:56 AM,TERRY FOX DR @ HALKIRK AVE/WINCHESTER DR (0012574),12574,02 - Intersection related,02 - Non-fatal injury,03 - Rear end,01 - Clear,01 - Daylight,01 - Dry,01 - Traffic signal,01 - Functioning,2,0,0,0,01 - Minimal,1,1,,,,352511.7618,5016870.079,45.29016552,-75.89174191,4749
18--14377,12/27/2018,1:33 PM,BANK ST @ ERIE AVE (0006828),6828,02 - Intersection related,03 - P.D. only,03 - Rear end,01 - Clear,01 - Daylight,01 - Dry,01 - Traffic signal,01 - Functioning,2,0,0,0,,0,,,,,370134.5709,5026479.71,45.37521321,-75.665828,4750
18--14378,12/27/2018,1:35 PM,HWY 416 ACRES IC75R24 @ HOLLY ACRES RD (0005257),5257,02 - Intersection related,03 - P.D. only,03 - Rear end,01 - Clear,01 - Daylight,01 - Dry,01 - Traffic signal,01 - Functioning,2,0,0,0,,0,,,,,358757.797,5022868.555,45.34368846,-75.81146577,4751
18--14379,12/27/2018,1:45 PM,INDUSTRIAL AVE @ RIVERSIDE DR (0011905),11905,02 - Intersection related,03 - P.D. only,03 - Rear end,01 - Clear,01 - Daylight,01 - Dry,01 - Traffic signal,01 - Functioning,2,0,0,0,,0,,,,,370684.7188,5030592.554,45.41216755,-75.65825542,4752
18--1438,1/29/2018,6:53 PM,HUNT CLUB RD EB btwn ALBION RD & DUNSTON TER (__3ZBOG7),__3ZBOG7,01 - Non intersection,03 - P.D. only,03 - Rear end,01 - Clear,07 - Dark,01 - Dry,10 - No control,,2,0,0,0,,0,,,,,371911.4939,5024327.39,45.35567947,-75.64343564,4753
18--14380,12/27/2018,10:10 PM,HIGHWAY 417 btwn HWY417 IC127 RAMP35 & HWY417 IC127 RAMP25 (__3ZA2RE),__3ZA2RE,01 - Non intersection,03 - P.D. only,99 - Other,01 - Clear,07 - Dark,01 - Dry,10 - No control,,2,0,0,0,,0,,,,,362282.4033,5024950.436,45.3621411,-75.76625121,4754
18--14381,12/27/2018,10:11 AM,DATA CENTRE RD btwn HERON RD & RIVERSIDE DR (__5FDU4W),__5FDU4W,04 - At/near private drive,03 - P.D. only,02 - Angle,01 - Clear,01 - Daylight,01 - Dry,10 - No control,,2,0,0,0,,0,,,,,369071.6571,5027149.167,45.38133508,-75.67931041,4755
18--14382,12/27/2018,10:19 PM,HIGHWAY 417 btwn HWY417 IC123 RAMP62 & HWY417 IC122 RAMP16 (__3ZA2R9),__3ZA2R9,01 - Non intersection,03 - P.D. only,07 - SMV other,01 - Clear,07 - Dark,01 - Dry,10 - No control,,1,0,0,0,,0,,,,,364821.5112,5028153.526,45.39074915,-75.73345365,4756
18--14383,12/27/2018,10:20 AM,FERNBANK RD @ JINKINSON RD (0005435),5435,02 - Intersection related,03 - P.D. only,07 - SMV other,01 - Clear,01 - Daylight,02 - Wet,02 - Stop sign,01 - Functioning,1,0,0,0,,0,,,,,345895.5825,5007661.496,45.20772054,-75.97684634,4757
18--14384,12/27/2018,10:45 AM,HIGHWAY 417 btwn HWY417 IC124 RAMP65 & HWY417 IC122 RAMP51 (__3ZA2R8),__3ZA2R8,01 - Non intersection,03 - P.D. only,03 - Rear end,01 - Clear,01 - Daylight,02 - Wet,10 - No control,,5,0,0,0,,0,,,,,364654.5493,5027818.105,45.38774538,-75.73562644,4758
18--14385,12/27/2018,10:46 AM,LIMEBANK RD btwn TOM ROBERTS RD & LEITRIM RD (__3ZA0VJ),__3ZA0VJ,01 - Non intersection,03 - P.D. only,03 - Rear end,01 - Clear,01 - Daylight,02 - Wet,10 - No control,,2,0,0,0,,0,,,,,368986.1986,5018796.954,45.3061917,-75.68148527,4759
18--14386,12/27/2018,11:25 AM,DOVERCOURT AVE btwn CHURCHILL AVE N & TWEEDSMUIR AVE (__3ZA07M),__3ZA07M,04 - At/near private drive,03 - P.D. only,06 - SMV unattended vehicle,01 - Clear,01 - Daylight,05 - Packed snow,10 - No control,,1,0,0,0,,0,,,,,363796.6013,5027515.317,45.38509374,-75.74661812,4760
18--14387,12/27/2018,11:40 PM,AIRPORT PKWY btwn RAMP & TO BE DETERMINED (__3ZA222),__3ZA222,01 - Non intersection,02 - Non-fatal injury,03 - Rear end,01 - Clear,07 - Dark,02 - Wet,10 - No control,,4,0,0,0,02 - Minor,3,1,2,,,369080.0552,5026132.425,45.37218597,-75.67933554,4761
18--14388,12/27/2018,11:48 AM,MERIVALE RD @ 210 S OF MEADOWLANDS DR (0005419),5419,02 - Intersection related,03 - P.D. only,03 - Rear end,01 - Clear,01 - Daylight,04 - Slush,01 - Traffic signal,01 - Functioning,2,0,0,0,,0,,,,,364943.7377,5023530.54,45.34914181,-75.73245566,4762
18--14389,12/27/2018,11:50 AM,TENTH LINE RD @ VANGUARD DR (0004632),4632,02 - Intersection related,03 - P.D. only,04 - Sideswipe,01 - Clear,01 - Daylight,01 - Dry,01 - Traffic signal,01 - Functioning,2,0,0,0,,0,,,,,384072.7386,5035874.56,45.45830199,-75.48638392,4763
18--1439,1/29/2018,7:00 AM,SMYTH RD E/LANCASTER RD @ ST. LAURENT BLVD N/R (0002256),2256,02 - Intersection related,03 - P.D. only,03 - Rear end,01 - Clear,07 - Dark,01 - Dry,01 - Traffic signal,01 - Functioning,2,0,0,0,,0,,,,,373364.7297,5029424.551,45.40140096,-75.62418192,4764
18--14390,12/27/2018,Unknown,GLEBE AVE btwn BANK ST & O'CONNOR ST (__3ZA94Z),__3ZA94Z,01 - Non intersection,03 - P.D. only,06 - SMV unattended vehicle,03 - Snow,00 - Unknown,03 - Loose snow,10 - No control,,1,0,0,0,,0,,,,,368493.1904,5029940.471,45.40650321,-75.68633579,4765
18--14391,12/27/2018,Unknown,CONCORD ST    S btwn LEES AVE & EVELYN AVE (__3ZA8GO),__3ZA8GO,01 - Non intersection,03 - P.D. only,06 - SMV unattended vehicle,03 - Snow,00 - Unknown,02 - Wet,10 - No control,,1,0,0,0,,0,,,,,369272.5913,5030645.934,45.41277936,-75.67628791,4766
18--14392,12/27/2018,12:00 PM,DONALD ST @ 110 E OF ST. LAURENT BLVD  (0013077),13077,02 - Intersection related,03 - P.D. only,03 - Rear end,01 - Clear,01 - Daylight,01 - Dry,01 - Traffic signal,01 - Functioning,2,0,0,0,,0,,,,,372203.7176,5032483.994,45.4290412,-75.63859207,4767
18--14393,12/27/2018,12:27 PM,BORRISOKANE RD btwn CAMBRIAN RD & STRANDHERD DR (__3ZA1CC),__3ZA1CC,01 - Non intersection,03 - P.D. only,03 - Rear end,01 - Clear,01 - Daylight,06 - Ice,10 - No control,,2,0,0,0,,0,,,,,362343.0002,5013155.443,45.25600481,-75.76684734,4768
18--14394,12/27/2018,12:44 PM,GRAY CRES btwn DUNN ST & DRYSDALE ST (__4H4FMQ),__4H4FMQ,04 - At/near private drive,03 - P.D. only,06 - SMV unattended vehicle,03 - Snow,01 - Daylight,03 - Loose snow,10 - No control,,1,0,0,0,,0,,,,,352199.5964,5019791.192,45.31647154,-75.89544204,4769
18--14395,12/27/2018,2:00 PM,HIGHWAY 417 btwn HWY417 IC124 RAMP67 & HWY417 IC123 RAMP62 (__3ZA2YZ),__3ZA2YZ,01 - Non intersection,03 - P.D. only,04 - Sideswipe,01 - Clear,01 - Daylight,01 - Dry,10 - No control,,2,0,0,0,,0,,,,,364762.7575,5028042.582,45.38975593,-75.73421742,4770
18--14396,12/27/2018,2:14 PM,LAURIER AVE @ WALLER ST/TRANSITWAY (0002020),2020,02 - Intersection related,03 - P.D. only,04 - Sideswipe,01 - Clear,01 - Daylight,01 - Dry,01 - Traffic signal,01 - Functioning,3,0,0,0,,0,,,,,368454.2726,5031858.951,45.42376859,-75.68658511,4771
18--14397,12/27/2018,3:15 PM,BANK ST @ WALKLEY RD (0011423),11423,02 - Intersection related,03 - P.D. only,03 - Rear end,01 - Clear,01 - Daylight,01 - Dry,01 - Traffic signal,01 - Functioning,2,0,0,0,,0,,,,,370337.852,5025947.734,45.37040768,-75.66330343,4772
18--14398,12/27/2018,4:20 PM,SHEFFIELD RD @ WALKLEY RD (0005156),5156,03 - At intersection,02 - Non-fatal injury,05 - Turning movement,01 - Clear,05 - Dusk,02 - Wet,01 - Traffic signal,01 - Functioning,3,0,0,0,02 - Minor,1,,1,,,375257.7348,5028784.539,45.39545451,-75.60009581,4773
18--14399,12/27/2018,4:49 PM,BANNON WAY btwn QUEENSDALE AVE & HOGARTH AVE (__3ZA5NT),__3ZA5NT,04 - At/near private drive,03 - P.D. only,02 - Angle,01 - Clear,05 - Dusk,05 - Packed snow,10 - No control,,2,0,0,0,,0,,,,,373084.9607,5023220.036,45.34560262,-75.62861296,4774
18--144,1/2/2018,8:00 AM,HWY417 IC131 RAMP63 btwn HWY417 IC131 RAMP53 & HWY417 IC131 RAMP66 (__3ZAY4Q),__3ZAY4Q,01 - Non intersection,03 - P.D. only,07 - SMV other,01 - Clear,03 - Dawn,06 - Ice,10 - No control,,1,0,0,0,,0,,,,,358576.4006,5022885.788,45.34385745,-75.81377845,4775
18--1440,1/29/2018,7:36 PM,HIGHWAY 7 btwn TO BE DETERMINED & RAMP (__7JQ7L1),__7JQ7L1,01 - Non intersection,03 - P.D. only,07 - SMV other,01 - Clear,07 - Dark,01 - Dry,10 - No control,,1,0,0,0,,0,,,,,345710.0518,5011274.907,45.24024661,-75.97891111,4776
18--13711,12/13/2018,1:44 PM,MURRAY ST btwn CUMBERLAND ST & KING EDWARD AVE (__3ZA3W1),__3ZA3W1,04 - At/near private drive,03 - P.D. only,02 - Angle,01 - Clear,01 - Daylight,01 - Dry,10 - No control,,2,0,0,0,,0,,,,,368280.4166,5032746.418,45.4317695,-75.68869214,4777
18--13712,12/13/2018,1:56 PM,HAMILTON AVE   N btwn BULLMAN ST & PANORAMA PRIV (__3ZBOMF),__3ZBOMF,01 - Non intersection,02 - Non-fatal injury,07 - SMV other,01 - Clear,01 - Daylight,01 - Dry,10 - No control,,1,0,0,1,01 - Minimal,1,1,,,,364930.6984,5029573.887,45.40351989,-75.73188619,4778
18--13713,12/13/2018,10:17 AM,EDGEWATER ST btwn TERRY FOX DR & HAZELDEAN RD (__3ZBNCU),__3ZBNCU,04 - At/near private drive,03 - P.D. only,01 - Approaching,01 - Clear,01 - Daylight,01 - Dry,10 - No control,,2,0,0,0,,0,,,,,352277.0571,5017390.769,45.29486672,-75.89468406,4779
18--13714,12/13/2018,10:21 AM,DALY AVE @ NICHOLAS ST (0011451),11451,02 - Intersection related,02 - Non-fatal injury,05 - Turning movement,01 - Clear,01 - Daylight,01 - Dry,01 - Traffic signal,01 - Functioning,2,0,0,0,01 - Minimal,2,2,,,,368227.6758,5032046.639,45.42547792,-75.68945625,4780
18--13715,12/13/2018,10:21 AM,TERRY FOX DR @ PALLADIUM DR/KATIMAVIK RD (0011858),11858,02 - Intersection related,03 - P.D. only,03 - Rear end,01 - Clear,01 - Daylight,01 - Dry,01 - Traffic signal,01 - Functioning,2,0,0,0,,0,,,,,351269.6719,5018181.83,45.30205225,-75.90745303,4781
18--13716,12/13/2018,10:38 PM,CARLING AVE @ PARKDALE AVE (0008792),8792,02 - Intersection related,03 - P.D. only,03 - Rear end,03 - Snow,07 - Dark,03 - Loose snow,01 - Traffic signal,01 - Functioning,2,0,0,0,,0,,,,,365626.0407,5028172.694,45.3908522,-75.72317743,4782
18--13717,12/13/2018,10:40 AM,ELGIN ST @ SOMERSET ST (0006936),6936,03 - At intersection,03 - P.D. only,02 - Angle,01 - Clear,01 - Daylight,02 - Wet,01 - Traffic signal,01 - Functioning,2,0,0,0,,0,,,,,368164.5725,5031198.531,45.41785266,-75.69037165,4783
18--13718,12/13/2018,10:47 PM,HIGHWAY 417 btwn Continuation of HIGHWAY 417 & HWY417 IC134 RAMP51 (__3ZA29B),__3ZA29B,01 - Non intersection,03 - P.D. only,07 - SMV other,01 - Clear,07 - Dark,01 - Dry,10 - No control,,1,0,0,0,,0,,,,,354685.5486,5021225.447,45.32920497,-75.86359241,4784
18--13719,12/13/2018,11:00 AM,PRETTY ST btwn ORVILLE ST & CARLETON CATHCART ST (__3ZACOL),__3ZACOL,04 - At/near private drive,03 - P.D. only,06 - SMV unattended vehicle,01 - Clear,01 - Daylight,01 - Dry,10 - No control,,1,0,0,0,,0,,,,,350595.9118,5013155.217,45.25686544,-75.91650767,4785
18--1372,1/27/2018,4:30 PM,STONEHAVEN DR btwn EAGLESON RD & BLUEMEADOW WAY (__3ZACLD),__3ZACLD,01 - Non intersection,03 - P.D. only,04 - Sideswipe,01 - Clear,01 - Daylight,02 - Wet,10 - No control,,2,0,0,0,,0,,,,,354429.1656,5016641.977,45.28798022,-75.86732198,4786
18--13720,12/13/2018,11:26 AM,INDUSTRIAL AVE @ ALTA VISTA DR/SANDFORD FLEMIN (0006979),6979,02 - Intersection related,03 - P.D. only,03 - Rear end,01 - Clear,01 - Daylight,01 - Dry,01 - Traffic signal,00 - Unknown,2,0,0,0,,0,,,,,370884.602,5030557.867,45.4118366,-75.65570664,4787
18--13721,12/13/2018,11:28 AM,RIVERSIDE DR @ WALKLEY RD (0002158),2158,03 - At intersection,03 - P.D. only,05 - Turning movement,01 - Clear,01 - Daylight,01 - Dry,01 - Traffic signal,01 - Functioning,2,0,0,0,,0,,,,,368418.7689,5024853.774,45.36074134,-75.68794197,4788
18--13722,12/13/2018,11:35 AM,FEATHERSTON DR btwn JEFFERSON ST & VIRGINIA DR (__3ZA9QT),__3ZA9QT,01 - Non intersection,03 - P.D. only,06 - SMV unattended vehicle,01 - Clear,01 - Daylight,01 - Dry,10 - No control,,1,0,0,0,,0,,,,,371851.4416,5027378.197,45.38313527,-75.64378793,4789
18--13723,12/13/2018,11:35 AM,CAMPEAU DR @ TERRY FOX DR (0008211),8211,02 - Intersection related,03 - P.D. only,03 - Rear end,01 - Clear,01 - Daylight,01 - Dry,01 - Traffic signal,01 - Functioning,2,0,0,0,,0,,,,,350455.7792,5019010.511,45.30956232,-75.91775431,4790
18--13724,12/13/2018,11:39 PM,ST. JOSEPH BLVD @ TENTH LINE RD (0009163),9163,02 - Intersection related,03 - P.D. only,07 - SMV other,01 - Clear,07 - Dark,01 - Dry,01 - Traffic signal,01 - Functioning,1,0,0,0,,0,,,,,382890.5856,5038666.578,45.48355521,-75.50105341,4791
18--13725,12/13/2018,11:45 AM,BARRETTE ST @ ST. CHARLES ST (0010059),10059,03 - At intersection,03 - P.D. only,02 - Angle,01 - Clear,01 - Daylight,01 - Dry,02 - Stop sign,01 - Functioning,2,0,0,0,,0,,,,,369470.7367,5033730.915,45.44051855,-75.67335157,4792
18--13726,12/13/2018,Unknown,HUNT CLUB RD @ LORRY GREENBERG DR/SABLE RIDGE  (0008203),8203,02 - Intersection related,03 - P.D. only,03 - Rear end,01 - Clear,00 - Unknown,01 - Dry,01 - Traffic signal,01 - Functioning,7,0,0,0,,0,,,,,372823.6432,5024807.584,45.35991218,-75.63172885,4793
18--13727,12/13/2018,Unknown,ECHO DR btwn GRAHAM AVE & HAZEL ST (__3ZA96X),__3ZA96X,01 - Non intersection,03 - P.D. only,06 - SMV unattended vehicle,01 - Clear,00 - Unknown,01 - Dry,10 - No control,,1,0,0,0,,0,,,,,368817.3939,5030444.94,45.41101268,-75.68212909,4794
18--13728,12/13/2018,Unknown,BILBERRY DR btwn DU BOIS AVE & QUARRY RIDGE DR (__5RF6QI),__5RF6QI,01 - Non intersection,03 - P.D. only,06 - SMV unattended vehicle,01 - Clear,00 - Unknown,01 - Dry,10 - No control,,1,0,0,0,,0,,,,,380937.6127,5038094.067,45.47861997,-75.52612121,4795
18--13729,12/13/2018,Unknown,HINCHEY AVE btwn LYNDALE AVE & SCOTT ST (__3ZBOM5),__3ZBOM5,01 - Non intersection,03 - P.D. only,06 - SMV unattended vehicle,01 - Clear,00 - Unknown,01 - Dry,10 - No control,,1,0,0,0,,0,,,,,365021.4186,5029964.214,45.40702416,-75.73067975,4796
18--1373,1/27/2018,4:38 PM,MAYO AVE @ PINEGLEN CRES (0000264),264,02 - Intersection related,03 - P.D. only,07 - SMV other,02 - Rain,05 - Dusk,06 - Ice,03 - Yield sign,00 - Unknown,1,0,0,0,,0,,,,,366683.9686,5020797.194,45.32439621,-75.71059104,4797
18--13730,12/13/2018,12:00 PM,BLACKBURN BYPASS @ INNES RD W (0009340),9340,02 - Intersection related,03 - P.D. only,04 - Sideswipe,01 - Clear,01 - Daylight,02 - Wet,01 - Traffic signal,01 - Functioning,2,0,0,0,,0,,,,,377187.4087,5032175.877,45.42577092,-75.57495471,4798
18--13731,12/13/2018,12:15 PM,HIGHWAY 417 btwn HWY417 IC119A RAMP75 & HWY417 IC118 RAMP57 (__3ZA2R2),__3ZA2R2,01 - Non intersection,03 - P.D. only,03 - Rear end,01 - Clear,01 - Daylight,01 - Dry,10 - No control,,2,0,0,0,,0,,,,,368978.9056,5030717.303,45.41344851,-75.68003041,4799
18--13732,12/13/2018,12:57 PM,ST. JOSEPH BLVD btwn FIRST AVE & TAYLOR CREEK DR (__3ZA25H),__3ZA25H,01 - Non intersection,02 - Non-fatal injury,03 - Rear end,01 - Clear,01 - Daylight,02 - Wet,10 - No control,,3,0,0,0,01 - Minimal,2,2,,,,383792.4738,5039107.496,45.48742071,-75.48944719,4800
18--13733,12/13/2018,2:06 PM,VANIER PKWY SB btwn MONTREAL RD & MCARTHUR AVE (__3ZA4SR),__3ZA4SR,01 - Non intersection,03 - P.D. only,04 - Sideswipe,01 - Clear,01 - Daylight,02 - Wet,10 - No control,,2,0,0,0,,0,,,,,370099.4227,5032994.868,45.43383747,-75.66541393,4801
18--13734,12/13/2018,2:12 PM,MONTREAL RD @ VANIER PKWY (0004630),4630,02 - Intersection related,03 - P.D. only,04 - Sideswipe,01 - Clear,01 - Daylight,01 - Dry,01 - Traffic signal,01 - Functioning,2,0,0,0,,0,,,,,370072.5539,5033065.832,45.43447848,-75.6657479,4802
18--13735,12/13/2018,2:14 PM,RIDDELL DR btwn MARCH VALLEY RD & SIXTH LINE RD (__3ZA42B),__3ZA42B,01 - Non intersection,03 - P.D. only,07 - SMV other,01 - Clear,01 - Daylight,01 - Dry,10 - No control,,1,0,0,0,,0,,,,,350003.7514,5028929.255,45.39884249,-75.92261181,4803
18--13736,12/13/2018,2:39 AM,UPPER DWYER HILL RD btwn VAUGHAN SIDE RD & CARROLL SIDE RD (__3ZA4QD),__3ZA4QD,01 - Non intersection,03 - P.D. only,07 - SMV other,01 - Clear,07 - Dark,01 - Dry,10 - No control,,1,0,0,0,,0,,,,,332544.6241,5015937.402,45.2828447,-76.14634046,4804
18--13737,12/13/2018,3:45 PM,EDGAR BRAULT ST @ ST. JOSEPH BLVD (0012414),12414,03 - At intersection,03 - P.D. only,05 - Turning movement,01 - Clear,01 - Daylight,02 - Wet,01 - Traffic signal,01 - Functioning,2,0,0,0,,0,,,,,381419.7774,5037546.518,45.47364084,-75.52004013,4805
18--13738,12/13/2018,3:58 PM,MEADOWLANDS DR/TALLWOOD DR @ WOODROFFE AVE (0000095),95,02 - Intersection related,03 - P.D. only,03 - Rear end,01 - Clear,01 - Daylight,01 - Dry,01 - Traffic signal,01 - Functioning,2,0,0,0,,0,,,,,363056.7848,5022730.722,45.34210439,-75.75662877,4806
18--13739,12/13/2018,4:02 PM,EAGLESON RD @ HOPE SIDE RD/TERRY FOX DR (0000509),509,03 - At intersection,03 - P.D. only,05 - Turning movement,01 - Clear,05 - Dusk,01 - Dry,01 - Traffic signal,01 - Functioning,2,0,0,0,,0,,,,,355188.2643,5014615.899,45.26969511,-75.8578512,4807
18--1374,1/27/2018,5:01 PM,EAGLESON RD @ COPE DR/CADENCE GT (0011923),11923,03 - At intersection,02 - Non-fatal injury,07 - SMV other,02 - Rain,05 - Dusk,02 - Wet,01 - Traffic signal,01 - Functioning,1,0,0,1,02 - Minor,1,,1,,,354620.2739,5016027.427,45.28243684,-75.86494757,4808
18--13740,12/13/2018,4:08 PM,CARLING AVE @ MELROSE AVE (0006992),6992,02 - Intersection related,03 - P.D. only,04 - Sideswipe,01 - Clear,05 - Dusk,01 - Dry,02 - Stop sign,00 - Unknown,2,0,0,0,,0,,,,,365970.5155,5028391.253,45.39278874,-75.71875138,4809
18--13741,12/13/2018,4:22 PM,CHAPLEAU AVE @ PUTMAN AVE (0007682),7682,02 - Intersection related,03 - P.D. only,03 - Rear end,03 - Snow,05 - Dusk,03 - Loose snow,02 - Stop sign,01 - Functioning,2,0,0,0,,0,,,,,369482.7185,5033953.495,45.44252012,-75.67316917,4810
18--13742,12/13/2018,4:26 PM,EARL ARMSTRONG RD @ SPRATT RD (0013063),13063,03 - At intersection,02 - Non-fatal injury,05 - Turning movement,01 - Clear,05 - Dusk,01 - Dry,01 - Traffic signal,01 - Functioning,2,0,0,0,01 - Minimal,1,1,,,,368396.6728,5015011.513,45.27218443,-75.68948753,4811
18--13743,12/13/2018,4:30 PM,BANK ST btwn ST. PAUL AVE & KITCHENER AVE (__3ZA4TR),__3ZA4TR,04 - At/near private drive,02 - Non-fatal injury,02 - Angle,01 - Clear,05 - Dusk,01 - Dry,10 - No control,,2,0,0,0,01 - Minimal,1,1,,,,370510.5184,5025555.987,45.36686669,-75.66115141,4812