Anom_ID,Accident_Date,Accident_Time,Location,Geo_ID,Accident_Location,Classification_of_Accident,Initial_Impact_Type,Environment_Condition,Light,Road_Surface_Condition,Traffic_Control,Traffic_Control_Condition,No__of_Vehicles,No__of_Bicycles,No__of_Motorcycles,No__of_Pedestrians,Max_Injury,No__of_Injuries,No__of_Minimal,No__of_Minor,No__of_Major,No__of_Fatal,X,Y,Latitude,Longitude,ObjectId
18--13744,12/13/2018,4:30 PM,O'CONNOR ST btwn COOPER ST & SOMERSET ST W (__3ZA34V),__3ZA34V,01 - Non intersection,03 - P.D. only,06 - SMV unattended vehicle,01 - Clear,05 - Dusk,01 - Dry,10 - No control,,1,0,0,0,,0,,,,,367810.4187,5031082.673,45.41684219,-75.69491115,4813
18--13745,12/13/2018,5:10 PM,CLEMENTINE BLVD @ HERON RD (0006858),6858,03 - At intersection,03 - P.D. only,05 - Turning movement,01 - Clear,07 - Dark,01 - Dry,01 - Traffic signal,01 - Functioning,2,0,0,0,,0,,,,,369547.7312,5026786.4,45.37802718,-75.67327959,4814
18--13746,12/13/2018,5:40 PM,GREENBANK RD btwn JOCKVALE RD & CAMBRIAN RD (__3ZA2WE),__3ZA2WE,01 - Non intersection,03 - P.D. only,03 - Rear end,02 - Rain,07 - Dark,06 - Ice,10 - No control,,2,0,0,0,,0,,,,,364376.4829,5013749.423,45.26118022,-75.74086986,4815
18--13747,12/13/2018,5:41 PM,CARLING AVE @ PARKDALE AVE (0008792),8792,02 - Intersection related,03 - P.D. only,03 - Rear end,01 - Clear,07 - Dark,01 - Dry,01 - Traffic signal,01 - Functioning,2,0,0,0,,0,,,,,365625.9143,5028172.98,45.39085479,-75.72317901,4816
18--13748,12/13/2018,5:47 PM,BANK ST @ CATHERINE ST (0002708),2708,03 - At intersection,02 - Non-fatal injury,07 - SMV other,01 - Clear,07 - Dark,01 - Dry,01 - Traffic signal,01 - Functioning,1,0,0,1,01 - Minimal,1,1,,,,368039.7417,5030267.692,45.40948856,-75.69208593,4817
18--13749,12/13/2018,6:00 PM,MACLAREN ST @ METCALFE ST (0006950),6950,02 - Intersection related,03 - P.D. only,04 - Sideswipe,01 - Clear,07 - Dark,01 - Dry,01 - Traffic signal,01 - Functioning,2,0,0,0,,0,,,,,368051.5081,5031032.805,45.41637174,-75.69183744,4818
18--1375,1/27/2018,5:35 PM,BRIDGESTONE DR/STEEPLE CHASE DR @ STONEHAVEN D (0002781),2781,03 - At intersection,03 - P.D. only,02 - Angle,01 - Clear,05 - Dusk,01 - Dry,11 - Roundabout,01 - Functioning,2,0,0,0,,0,,,,,355105.6791,5016983.332,45.2910037,-75.85866364,4819
18--13750,12/13/2018,6:16 AM,GEORGE ST @ DALHOUSIE ST (0008516),8516,03 - At intersection,02 - Non-fatal injury,07 - SMV other,01 - Clear,07 - Dark,01 - Dry,01 - Traffic signal,01 - Functioning,1,0,0,1,02 - Minor,1,,1,,,368157.6719,5032315.559,45.42790392,-75.69031615,4820
18--13751,12/13/2018,6:25 AM,TORWOOD DR btwn KERSCOTT HEIGHTS WAY & THOMAS A. DOLAN PKWY (__3ZA2TQ),__3ZA2TQ,01 - Non intersection,03 - P.D. only,07 - SMV other,01 - Clear,07 - Dark,01 - Dry,10 - No control,,1,0,0,0,,0,,,,,345226.6101,5034420.488,45.44854578,-75.983177,4821
18--13752,12/13/2018,6:34 PM,LECLAIR CRES btwn PIMPRENELLE TER & PIMPRENELLE TER (__3ZA6QM),__3ZA6QM,01 - Non intersection,02 - Non-fatal injury,01 - Approaching,01 - Clear,07 - Dark,05 - Packed snow,10 - No control,,2,0,0,0,01 - Minimal,1,1,,,,382574.6985,5035890.286,45.45861184,-75.5055331,4822
18--13753,12/13/2018,6:40 PM,GLOUCESTER ST @ KENT ST (0006973),6973,03 - At intersection,02 - Non-fatal injury,05 - Turning movement,01 - Clear,07 - Dark,01 - Dry,01 - Traffic signal,01 - Functioning,2,0,0,0,01 - Minimal,1,1,,,,367357.7411,5031098.833,45.41702821,-75.70069242,4823
18--13754,12/13/2018,7:00 AM,ALTA VISTA DR @ RANDALL AVE (0008072),8072,02 - Intersection related,02 - Non-fatal injury,03 - Rear end,01 - Clear,03 - Dawn,06 - Ice,01 - Traffic signal,01 - Functioning,2,0,0,0,01 - Minimal,1,1,,,,370408.6254,5027366.445,45.38316614,-75.66221151,4824
18--13755,12/13/2018,7:02 PM,HIGHWAY 417 btwn HWY417 IC163 RAMP61 & HWY417 IC155 RAMP36 (__3ZA2QB),__3ZA2QB,01 - Non intersection,03 - P.D. only,07 - SMV other,01 - Clear,07 - Dark,01 - Dry,10 - No control,,1,0,0,0,,0,,,,,337417.0076,5019899.771,45.31829093,-76.08397324,4825
18--13756,12/13/2018,7:30 PM,BANK ST btwn SOMERSET ST W & MACLAREN ST (__3ZA3RM),__3ZA3RM,04 - At/near private drive,03 - P.D. only,02 - Angle,01 - Clear,07 - Dark,01 - Dry,10 - No control,,2,0,0,0,,0,,,,,367696.8326,5030912.397,45.41532032,-75.69638403,4826
18--13757,12/13/2018,7:33 AM,ALBION RD @ LESTER RD (0004175),4175,02 - Intersection related,03 - P.D. only,03 - Rear end,01 - Clear,03 - Dawn,01 - Dry,01 - Traffic signal,01 - Functioning,2,0,0,0,,0,,,,,372694.6642,5022332.619,45.33765583,-75.63371476,4827
18--13758,12/13/2018,7:49 AM,MEADOWLANDS DR @ MERIVALE RD (0000625),625,02 - Intersection related,03 - P.D. only,03 - Rear end,01 - Clear,03 - Dawn,02 - Wet,01 - Traffic signal,01 - Functioning,4,0,0,0,,0,,,,,364858.6841,5023725.471,45.35090306,-75.73351733,4828
18--13759,12/13/2018,8:03 AM,MEADOWLANDS DR @ MERIVALE RD (0000625),625,02 - Intersection related,03 - P.D. only,03 - Rear end,01 - Clear,01 - Daylight,01 - Dry,01 - Traffic signal,01 - Functioning,2,0,0,0,,0,,,,,364858.6045,5023725.74,45.35090549,-75.73351831,4829
18--1376,1/27/2018,5:40 PM,AIRPORT PKWY btwn RAMP & RAMP (7) (__3ZAZP8),__3ZAZP8,01 - Non intersection,03 - P.D. only,07 - SMV other,04 - Freezing Rain,07 - Dark,06 - Ice,10 - No control,,1,0,0,0,,0,,,,,370812.6047,5024069.549,45.35346381,-75.65749398,4830
18--13760,12/13/2018,8:05 PM,GREENBANK RD btwn JOCKVALE RD & CAMBRIAN RD (__3ZA2WE),__3ZA2WE,07 - Overpass or bridge,03 - P.D. only,01 - Approaching,01 - Clear,07 - Dark,01 - Dry,10 - No control,,2,0,0,0,,0,,,,,364371.6932,5013401.515,45.25805014,-75.74097259,4831
18--13761,12/13/2018,8:10 AM,COLONIAL RD @ DELSON DR (0012889),12889,02 - Intersection related,03 - P.D. only,02 - Angle,01 - Clear,01 - Daylight,01 - Dry,02 - Stop sign,01 - Functioning,2,0,0,0,,0,,,,,389335.1286,5031903.3,45.42195599,-75.41979042,4832
18--13762,12/13/2018,8:40 AM,LANCASTER RD @ WALKLEY RD (0003130),3130,02 - Intersection related,03 - P.D. only,04 - Sideswipe,01 - Clear,01 - Daylight,01 - Dry,01 - Traffic signal,01 - Functioning,2,0,0,0,,0,,,,,374908.6917,5028602.593,45.39385248,-75.60457919,4833
18--13763,12/13/2018,8:46 PM,MARCH RD btwn DUNROBIN RD & MURPHY CRT (__3ZA3DI),__3ZA3DI,01 - Non intersection,03 - P.D. only,07 - SMV other,01 - Clear,07 - Dark,01 - Dry,10 - No control,,1,0,0,0,,0,,,,,347637.5061,5025837.567,45.37117162,-75.95310279,4834
18--13764,12/13/2018,9:00 AM,RUSSELL RD btwn WAY ST & BOUNDARY RD (__3ZA3YD),__3ZA3YD,01 - Non intersection,03 - P.D. only,07 - SMV other,01 - Clear,01 - Daylight,01 - Dry,10 - No control,,1,0,0,0,,0,,,,,385394.6373,5026435.401,45.37322559,-75.47102793,4835
18--13765,12/13/2018,9:00 AM,EAGLESON RD @ PALOMINO DR N (0003687),3687,02 - Intersection related,03 - P.D. only,03 - Rear end,01 - Clear,01 - Daylight,01 - Dry,01 - Traffic signal,01 - Functioning,2,0,0,0,,0,,,,,354009.3851,5017577.531,45.29642806,-75.87258025,4836
18--13766,12/13/2018,9:01 AM,COLONEL BY DR @ UNIVERSITY RD - CARLETON (0007131),7131,02 - Intersection related,03 - P.D. only,03 - Rear end,01 - Clear,01 - Daylight,01 - Dry,01 - Traffic signal,01 - Functioning,2,0,0,0,,0,,,,,367345.7525,5026848.443,45.37878546,-75.70138453,4837
18--13767,12/13/2018,9:02 AM,ST. BERNARD ST btwn BLOOMINGTON ST & SIXTH ST (__3ZA5PM),__3ZA5PM,01 - Non intersection,03 - P.D. only,04 - Sideswipe,01 - Clear,01 - Daylight,01 - Dry,10 - No control,,2,0,0,0,,0,,,,,373377.7334,5023931.837,45.35197857,-75.62477861,4838
18--13768,12/13/2018,9:08 AM,COVENTRY RD @ 230 W OF ST. LAURENT BLVD/ST. LA (0008535),8535,03 - At intersection,03 - P.D. only,04 - Sideswipe,01 - Clear,01 - Daylight,01 - Dry,01 - Traffic signal,01 - Functioning,2,0,0,0,,0,,,,,372081.0885,5031933.589,45.42410072,-75.64023426,4839
18--13769,12/13/2018,9:11 AM,METCALFE ST @ GILMOUR ST (0006949),6949,03 - At intersection,03 - P.D. only,02 - Angle,01 - Clear,01 - Daylight,06 - Ice,01 - Traffic signal,01 - Functioning,2,0,0,0,,0,,,,,368098.6181,5030960.79,45.41571951,-75.69124483,4840
18--1377,1/27/2018,5:40 PM,MANION HEIGHTS CRES btwn LEADON LANE & CORKERY RD (__3ZACBD),__3ZACBD,01 - Non intersection,02 - Non-fatal injury,07 - SMV other,01 - Clear,07 - Dark,06 - Ice,10 - No control,,1,0,0,1,03 - Major,1,,,1,,339308.7535,5012504.317,45.25165243,-76.06035923,4841
18--13770,12/13/2018,9:22 AM,MEADOWLANDS DR/TALLWOOD DR @ WOODROFFE AVE (0000095),95,02 - Intersection related,03 - P.D. only,03 - Rear end,01 - Clear,01 - Daylight,01 - Dry,01 - Traffic signal,01 - Functioning,2,0,0,0,,0,,,,,363056.7203,5022730.487,45.34210228,-75.75662962,4842
18--13970,12/17/2018,Unknown,INNES RD @ STAR TOP RD/WINDMILL LANE (0008734),8734,02 - Intersection related,02 - Non-fatal injury,03 - Rear end,01 - Clear,00 - Unknown,01 - Dry,01 - Traffic signal,01 - Functioning,2,0,0,0,01 - Minimal,1,1,,,,374147.7781,5030666.996,45.41250274,-75.61400601,4843
18--13971,12/17/2018,Unknown,TRIANGLE ST btwn THUNDERBOLT ST/TWIST WAY & WARRIOR ST (e___2HXK),e___2HXK,01 - Non intersection,03 - P.D. only,06 - SMV unattended vehicle,01 - Clear,00 - Unknown,02 - Wet,10 - No control,,1,0,0,0,,0,,,,,352308.496,5015944.908,45.28185435,-75.8944217,4844
18--13972,12/17/2018,Unknown,LISGAR ST btwn LYON ST N & KENT ST (__3ZA9TC),__3ZA9TC,01 - Non intersection,03 - P.D. only,06 - SMV unattended vehicle,01 - Clear,00 - Unknown,02 - Wet,10 - No control,,1,0,0,0,,0,,,,,367397.9444,5030939.514,45.41559111,-75.70019903,4845
18--13973,12/17/2018,12:15 AM,HWY417 IC118 RAMP52 btwn HWY417 IC118 RAMP57 & HWY417 IC118 RAMP62 (__6KCF0O),__6KCF0O,01 - Non intersection,03 - P.D. only,04 - Sideswipe,01 - Clear,07 - Dark,01 - Dry,10 - No control,,2,0,0,0,,0,,,,,369257.5394,5030880.513,45.41489141,-75.67644952,4846
18--13974,12/17/2018,12:22 PM,HAWTHORNE RD/RUSSELL RD @ WALKLEY RD (0002618),2618,02 - Intersection related,03 - P.D. only,04 - Sideswipe,03 - Snow,01 - Daylight,03 - Loose snow,01 - Traffic signal,01 - Functioning,2,0,0,0,,0,,,,,374674.8383,5028499.479,45.39294809,-75.60758018,4847
18--13975,12/17/2018,12:33 PM,DONALD ST btwn ALESTHER ST & ST. LAURENT BLVD (__3ZBOYJ),__3ZBOYJ,01 - Non intersection,03 - P.D. only,04 - Sideswipe,01 - Clear,01 - Daylight,01 - Dry,10 - No control,,2,0,0,0,,0,,,,,372033.652,5032465.443,45.42889066,-75.64076777,4848
18--13976,12/17/2018,12:40 AM,MARCH RD btwn 280 S OF CARLING AVE/STATION RD & RICHARDSON SIDE RD (__3ZA42DB),__3ZA42DB,01 - Non intersection,03 - P.D. only,07 - SMV other,01 - Clear,07 - Dark,02 - Wet,10 - No control,,1,0,0,0,,0,,,,,351289.1579,5021844.714,45.33501047,-75.90686079,4849
18--13977,12/17/2018,12:40 PM,RIVERSIDE DR @ TREMBLAY RD/HWY417 IC117 RAMP52 (0010790),10790,02 - Intersection related,03 - P.D. only,03 - Rear end,01 - Clear,01 - Daylight,02 - Wet,01 - Traffic signal,01 - Functioning,2,0,0,0,,0,,,,,370802.0785,5031015.909,45.41596567,-75.6566995,4850
18--13978,12/17/2018,2:04 PM,MAITLAND AVE/GLENMOUNT AVE @ ERINDALE DR (0002724),2724,03 - At intersection,03 - P.D. only,01 - Approaching,01 - Clear,01 - Daylight,02 - Wet,01 - Traffic signal,01 - Functioning,2,0,0,0,,0,,,,,363697.7802,5025211.628,45.36437379,-75.74815468,4851
18--13979,12/17/2018,2:31 PM,GRAHAM AVE btwn ECHO DR & MAIN ST (__3ZA8FB),__3ZA8FB,04 - At/near private drive,03 - P.D. only,06 - SMV unattended vehicle,03 - Snow,01 - Daylight,06 - Ice,10 - No control,,1,0,0,0,,0,,,,,368908.2769,5030522.23,45.41169979,-75.68095806,4852
18--1398,1/28/2018,12:40 PM,RICHMOND RD @ HOLLY ACRES RD/NANAIMO DR (0001068),1068,03 - At intersection,03 - P.D. only,03 - Rear end,01 - Clear,01 - Daylight,01 - Dry,01 - Traffic signal,01 - Functioning,2,0,0,0,,0,,,,,359058.6723,5022748.496,45.34258495,-75.80763986,4853
18--13980,12/17/2018,2:32 PM,QUEEN ST @ LYON ST (0002159),2159,02 - Intersection related,03 - P.D. only,03 - Rear end,03 - Snow,01 - Daylight,02 - Wet,01 - Traffic signal,01 - Functioning,2,0,0,0,,0,,,,,367018.9347,5031287.837,45.41875902,-75.70499711,4854
18--13981,12/17/2018,2:33 PM,FALLOWFIELD RD @ MOODIE DR (0010412),10412,02 - Intersection related,03 - P.D. only,04 - Sideswipe,01 - Clear,01 - Daylight,01 - Dry,01 - Traffic signal,01 - Functioning,2,0,0,0,,0,,,,,359501.8987,5014636.459,45.26955782,-75.80287984,4855
18--13982,12/17/2018,3:00 PM,KENNEVALE DR @ STRANDHERD DR (0010896),10896,03 - At intersection,03 - P.D. only,05 - Turning movement,03 - Snow,01 - Daylight,02 - Wet,01 - Traffic signal,01 - Functioning,2,0,0,0,,0,,,,,361491.5584,5014099.682,45.26457028,-75.7775869,4856
18--13983,12/17/2018,3:03 PM,CLEMENTINE BLVD @ HERON RD (0006858),6858,03 - At intersection,03 - P.D. only,02 - Angle,01 - Clear,01 - Daylight,02 - Wet,01 - Traffic signal,01 - Functioning,2,0,0,0,,0,,,,,369547.7664,5026786.435,45.37802749,-75.67327914,4857
18--13984,12/17/2018,3:16 PM,LATOUR CRES btwn GARDENWAY DR & GARDENWAY DR (__3ZA5SX),__3ZA5SX,04 - At/near private drive,02 - Non-fatal injury,07 - SMV other,01 - Clear,01 - Daylight,01 - Dry,10 - No control,,1,0,0,1,01 - Minimal,1,1,,,,384041.2895,5036770.45,45.46636596,-75.48664157,4858
18--13985,12/17/2018,3:27 PM,MOODIE DR @ RICHMOND RD N (0001487),1487,02 - Intersection related,03 - P.D. only,03 - Rear end,03 - Snow,01 - Daylight,06 - Ice,02 - Stop sign,01 - Functioning,2,0,0,0,,0,,,,,357393.7062,5019689.56,45.31518718,-75.82920892,4859
18--13986,12/17/2018,3:29 PM,HARMER AVE @ ISLAND PARK DR (0006604),6604,02 - Intersection related,03 - P.D. only,02 - Angle,03 - Snow,01 - Daylight,02 - Wet,02 - Stop sign,01 - Functioning,2,0,0,0,,0,,,,,365188.6987,5028144.546,45.39063678,-75.72876575,4860
18--13987,12/17/2018,3:30 PM,ISLAND PARK DR @ SCOTT ST (0002126),2126,02 - Intersection related,03 - P.D. only,04 - Sideswipe,01 - Clear,01 - Daylight,02 - Wet,01 - Traffic signal,01 - Functioning,2,0,0,0,,0,,,,,363833.5258,5029040.498,45.39881394,-75.74596416,4861
18--13988,12/17/2018,3:46 PM,WOODROFFE AVE btwn ANTHONY AVE & SAVILLE ROW (__3ZA4NP),__3ZA4NP,01 - Non intersection,02 - Non-fatal injury,03 - Rear end,03 - Snow,01 - Daylight,02 - Wet,10 - No control,,2,0,0,0,01 - Minimal,1,1,,,,361761.9244,5026228.271,45.37368144,-75.77274712,4862
18--13989,12/17/2018,4:00 PM,BRONSON AVE btwn BREWER WAY & RIVERSIDE DR RAMPS 34B & 42A-3 (__3ZA3BR),__3ZA3BR,01 - Non intersection,03 - P.D. only,03 - Rear end,01 - Clear,05 - Dusk,02 - Wet,10 - No control,,2,0,0,0,,0,,,,,368184.5276,5027628.034,45.38572462,-75.6905756,4863
18--1399,1/28/2018,2:00 PM,ARGYLE AVE @ O'CONNOR ST (0007254),7254,02 - Intersection related,03 - P.D. only,04 - Sideswipe,01 - Clear,01 - Daylight,01 - Dry,01 - Traffic signal,01 - Functioning,2,0,0,0,,0,,,,,368184.711,5030485.573,45.41143587,-75.69020606,4864
18--13990,12/17/2018,4:02 PM,AVIATION PKWY @ MONTREAL RD (0008799),8799,02 - Intersection related,02 - Non-fatal injury,03 - Rear end,01 - Clear,05 - Dusk,02 - Wet,01 - Traffic signal,01 - Functioning,2,0,0,0,01 - Minimal,1,1,,,,372146.5836,5034108.626,45.44366436,-75.63909989,4865
18--13991,12/17/2018,4:16 PM,BLAIR PL btwn OGILVIE RD & END (__3ZA4B6),__3ZA4B6,04 - At/near private drive,02 - Non-fatal injury,05 - Turning movement,01 - Clear,05 - Dusk,01 - Dry,10 - No control,,3,0,0,0,02 - Minor,1,,1,,,374807.0578,5033353.259,45.43660663,-75.60520224,4866
18--13992,12/17/2018,4:30 PM,LENESTER AVE @ MAITLAND AVE (0010867),10867,03 - At intersection,03 - P.D. only,02 - Angle,01 - Clear,05 - Dusk,01 - Dry,02 - Stop sign,01 - Functioning,2,0,0,0,,0,,,,,363078.6113,5026146.411,45.37283661,-75.75594758,4867
18--13993,12/17/2018,4:53 PM,ORLEANS BLVD @ ST. JOSEPH BLVD (0004144),4144,02 - Intersection related,02 - Non-fatal injury,03 - Rear end,01 - Clear,05 - Dusk,02 - Wet,01 - Traffic signal,01 - Functioning,2,0,0,0,01 - Minimal,1,1,,,,380631.6706,5036980.587,45.46863508,-75.53020582,4868
18--13994,12/17/2018,4:55 PM,BRONSON AVE @ FOURTH AVE (0007224),7224,03 - At intersection,03 - P.D. only,02 - Angle,01 - Clear,05 - Dusk,02 - Wet,02 - Stop sign,01 - Functioning,2,0,0,0,,0,,,,,367583.6223,5029009.574,45.39820945,-75.69807265,4869
18--13995,12/17/2018,4:56 PM,RICHMOND RD btwn STEEPLE HILL CRES & CAMBRIAN RD (__3ZAB9D),__3ZAB9D,01 - Non intersection,03 - P.D. only,01 - Approaching,03 - Snow,05 - Dusk,06 - Ice,10 - No control,,2,0,0,0,,0,,,,,359114.1961,5009743.84,45.22556322,-75.80835485,4870
18--13996,12/17/2018,4:57 PM,BASELINE RD @ NAVAHO DR (0003158),3158,02 - Intersection related,03 - P.D. only,03 - Rear end,03 - Snow,07 - Dark,02 - Wet,01 - Traffic signal,01 - Functioning,2,0,0,0,,0,,,,,363085.6711,5024097.585,45.35440091,-75.75609912,4871
18--13997,12/17/2018,5:00 PM,GREENBANK RD @ STRANDHERD DR (0005563),5563,02 - Intersection related,03 - P.D. only,03 - Rear end,01 - Clear,07 - Dark,02 - Wet,01 - Traffic signal,01 - Functioning,2,0,0,0,,0,,,,,363933.7165,5014784.674,45.27053279,-75.74638789,4872
18--13998,12/17/2018,5:05 PM,HIGHWAY 417 btwn HWY417 IC119A RAMP67 & HWY417 IC118 RAMP76 (__3ZA2YS),__3ZA2YS,01 - Non intersection,03 - P.D. only,03 - Rear end,01 - Clear,07 - Dark,01 - Dry,10 - No control,,2,0,0,0,,0,,,,,368616.4409,5030548.916,45.41196657,-75.6846827,4873
18--13999,12/17/2018,5:13 PM,CARLETON AVE @ SCOTT ST (0006124),6124,03 - At intersection,02 - Non-fatal injury,07 - SMV other,01 - Clear,07 - Dark,02 - Wet,01 - Traffic signal,01 - Functioning,1,0,0,1,02 - Minor,1,,1,,,364114.5422,5029214.417,45.40035508,-75.74235414,4874
18--14,1/1/2018,12:13 PM,BASELINE RD @ CENTREPOINTE DR E/HIGHGATE RD (0011468),11468,03 - At intersection,03 - P.D. only,04 - Sideswipe,01 - Clear,01 - Daylight,01 - Dry,01 - Traffic signal,01 - Functioning,2,0,0,0,,0,,,,,362061.6868,5023465.505,45.34879786,-75.76924036,4875
18--140,1/2/2018,7:55 AM,HIGHWAY 417 btwn HWY417 IC138 RAMP36 & HIGHWAY 417 (__3ZA29F),__3ZA29F,01 - Non intersection,03 - P.D. only,07 - SMV other,05 - Drifting Snow,01 - Daylight,05 - Packed snow,10 - No control,,1,0,0,0,,0,,,,,352913.5636,5020239.887,45.32046042,-75.88629269,4876
18--1400,1/28/2018,2:00 PM,HIGHWAY 417 btwn HIGHWAY 417 & HIGHWAY 417 (2) (__3ZA2UZ),__3ZA2UZ,01 - Non intersection,02 - Non-fatal injury,04 - Sideswipe,01 - Clear,01 - Daylight,02 - Wet,10 - No control,,2,0,0,0,02 - Minor,4,,4,,,375292.3364,5030461.803,45.41054217,-75.59941417,4877
18--14000,12/17/2018,5:17 PM,ROCKDALE RD S @ HIGHWAY 417 (0004639),4639,02 - Intersection related,03 - P.D. only,03 - Rear end,01 - Clear,07 - Dark,02 - Wet,02 - Stop sign,01 - Functioning,2,0,0,0,,0,,,,,395261.4003,5022264.86,45.33449972,-75.34584383,4878
18--14001,12/17/2018,5:27 PM,ST. LAURENT BLVD @ WALKLEY RD (0007653),7653,03 - At intersection,03 - P.D. only,05 - Turning movement,01 - Clear,07 - Dark,02 - Wet,01 - Traffic signal,01 - Functioning,2,0,0,0,,0,,,,,373902.7567,5028047.063,45.38895407,-75.61750314,4879
18--14002,12/17/2018,5:28 PM,HAZELDEAN RD @ TERRY FOX DR (0003682),3682,02 - Intersection related,03 - P.D. only,03 - Rear end,03 - Snow,07 - Dark,06 - Ice,01 - Traffic signal,01 - Functioning,2,0,0,0,,0,,,,,352207.6364,5017242.491,45.29353716,-75.89558327,4880
18--14003,12/17/2018,6:15 AM,FILLMORE CRES btwn BLUE JAY CRES & MONSON CRES (__3ZA7TS),__3ZA7TS,01 - Non intersection,03 - P.D. only,06 - SMV unattended vehicle,01 - Clear,07 - Dark,05 - Packed snow,10 - No control,,1,0,0,0,,0,,,,,375294.484,5036332.844,45.46336618,-75.59854598,4881
18--14004,12/17/2018,6:15 PM,MEADOWBREEZE DR btwn TISBURY PRIV & END (__5VHQVE),__5VHQVE,01 - Non intersection,03 - P.D. only,06 - SMV unattended vehicle,03 - Snow,07 - Dark,02 - Wet,10 - No control,,1,0,0,0,,0,,,,,355775.2797,5015036.649,45.27343881,-75.85032755,4882
18--14005,12/17/2018,6:27 AM,NORTHVIEW RD btwn WALLFORD WAY & GREENCREST PL (__3ZAANL),__3ZAANL,01 - Non intersection,03 - P.D. only,07 - SMV other,03 - Snow,07 - Dark,05 - Packed snow,10 - No control,,1,0,0,0,,0,,,,,365288.343,5025021.525,45.36252783,-75.72787584,4883
18--14006,12/17/2018,7:21 PM,CLYDE AVE @ LAPERRIERE AVE (0003331),3331,02 - Intersection related,02 - Non-fatal injury,07 - SMV other,01 - Clear,07 - Dark,02 - Wet,02 - Stop sign,01 - Functioning,1,0,0,1,02 - Minor,1,,1,,,363698.8982,5026445.654,45.37547729,-75.74799328,4884
18--14007,12/17/2018,7:40 AM,BELFAST RD @ ST. LAURENT BLVD (0007658),7658,03 - At intersection,03 - P.D. only,05 - Turning movement,01 - Clear,03 - Dawn,02 - Wet,01 - Traffic signal,01 - Functioning,4,0,0,0,,0,,,,,372860.7245,5030578.562,45.41183341,-75.63045982,4885
18--14008,12/17/2018,8:41 PM,WALKLEY RD btwn HARDING RD & HALIFAX DR (__3ZA2EK),__3ZA2EK,01 - Non intersection,03 - P.D. only,04 - Sideswipe,01 - Clear,07 - Dark,01 - Dry,10 - No control,,2,0,0,0,,0,,,,,373587.361,5027867.345,45.3873681,-75.62155556,4886
18--14009,12/17/2018,8:44 AM,ELGIN ST @ NEPEAN ST (0006946),6946,02 - Intersection related,03 - P.D. only,04 - Sideswipe,01 - Clear,01 - Daylight,01 - Dry,01 - Traffic signal,01 - Functioning,2,0,0,0,,0,,,,,368029.5244,5031411.529,45.41978136,-75.6920697,4887
18--1401,1/28/2018,2:14 PM,MIRAMICHI ST @ WOODROFFE AVE (0002702),2702,02 - Intersection related,03 - P.D. only,03 - Rear end,01 - Clear,01 - Daylight,01 - Dry,02 - Stop sign,01 - Functioning,3,0,0,0,,0,,,,,362331.6872,5024318.508,45.35645102,-75.76569572,4888
18--14010,12/17/2018,9:00 AM,BURTON RD btwn FRONTIER RD & TO BE DETERMINED (__3ZA6VX),__3ZA6VX,01 - Non intersection,03 - P.D. only,01 - Approaching,01 - Clear,01 - Daylight,02 - Wet,10 - No control,,2,0,0,0,,0,,,,,390324.0835,5020359.138,45.31797292,-75.40915419,4889
18--14011,12/17/2018,9:00 AM,ST. LAURENT BLVD btwn CYRVILLE RD & COVENTRY RD (__3ZA2CE),__3ZA2CE,04 - At/near private drive,03 - P.D. only,04 - Sideswipe,01 - Clear,01 - Daylight,02 - Wet,10 - No control,,2,0,0,0,,0,,,,,372266.0399,5032051.819,45.42514669,-75.6378549,4890
18--14012,12/17/2018,9:19 AM,ESPIN HTS btwn ABETTI RIDGE & ABETTI RIDGE (__6E55NA),__6E55NA,01 - Non intersection,03 - P.D. only,06 - SMV unattended vehicle,03 - Snow,01 - Daylight,06 - Ice,10 - No control,,1,0,0,0,,0,,,,,365187.0894,5013363.035,45.25763438,-75.73058891,4891
18--14013,12/18/2018,1:05 PM,MERIVALE RD @ FAMILY BROWN LANE (0010933),10933,02 - Intersection related,03 - P.D. only,03 - Rear end,01 - Clear,01 - Daylight,01 - Dry,01 - Traffic signal,01 - Functioning,2,0,0,0,,0,,,,,365004.8141,5023385.865,45.3478348,-75.7316939,4892
18--14014,12/18/2018,1:10 PM,CHAMPLAIN ST @ OR174 IC102 RAMP61 (0008676),8676,02 - Intersection related,03 - P.D. only,04 - Sideswipe,01 - Clear,01 - Daylight,01 - Dry,01 - Traffic signal,01 - Functioning,2,0,0,0,,0,,,,,381519.5373,5038374.615,45.4810804,-75.51863507,4893
18--14015,12/18/2018,1:19 PM,BASELINE RD btwn FARLANE BLVD & ZENA ST (__3ZA4JH),__3ZA4JH,01 - Non intersection,03 - P.D. only,07 - SMV other,01 - Clear,01 - Daylight,01 - Dry,10 - No control,,1,0,0,0,,0,,,,,365368.6472,5025524.797,45.36704925,-75.72678917,4894
18--14016,12/18/2018,1:30 PM,FLORA ST btwn BRONSON AVE & PERCY ST (__3ZA89E),__3ZA89E,01 - Non intersection,03 - P.D. only,06 - SMV unattended vehicle,01 - Clear,01 - Daylight,04 - Slush,10 - No control,,1,0,0,0,,0,,,,,367210.0462,5029952.28,45.40672506,-75.70272453,4895