Anom_ID,Accident_Date,Accident_Time,Location,Geo_ID,Accident_Location,Classification_of_Accident,Initial_Impact_Type,Environment_Condition,Light,Road_Surface_Condition,Traffic_Control,Traffic_Control_Condition,No__of_Vehicles,No__of_Bicycles,No__of_Motorcycles,No__of_Pedestrians,Max_Injury,No__of_Injuries,No__of_Minimal,No__of_Minor,No__of_Major,No__of_Fatal,X,Y,Latitude,Longitude,ObjectId
18--14017,12/18/2018,10:20 AM,EAGLESON RD @ HAZELDEAN RD/ROBERTSON RD (0002715),2715,02 - Intersection related,03 - P.D. only,03 - Rear end,01 - Clear,01 - Daylight,01 - Dry,01 - Traffic signal,01 - Functioning,2,0,0,0,,0,,,,,353673.6555,5018424.505,45.30407275,-75.87677706,4896
18--14018,12/18/2018,10:28 AM,BANK ST btwn MASON ST & MEADOW DR (__3ZA28O),__3ZA28O,04 - At/near private drive,02 - Non-fatal injury,05 - Turning movement,01 - Clear,01 - Daylight,01 - Dry,10 - No control,,2,0,0,0,02 - Minor,1,,1,,,378207.3932,5014793.332,45.26926566,-75.56450196,4897
18--14019,12/18/2018,11:45 AM,HAZELDEAN RD @ TERRY FOX DR (0003682),3682,02 - Intersection related,03 - P.D. only,04 - Sideswipe,01 - Clear,01 - Daylight,01 - Dry,01 - Traffic signal,01 - Functioning,2,0,0,0,,0,,,,,352207.671,5017242.461,45.29353689,-75.89558283,4898
18--1402,1/28/2018,2:20 PM,BOOTH ST @ WELLINGTON ST S (0011393),11393,02 - Intersection related,03 - P.D. only,05 - Turning movement,01 - Clear,01 - Daylight,02 - Wet,02 - Stop sign,01 - Functioning,2,0,0,0,,0,,,,,366402.7024,5030675.572,45.41330456,-75.7129468,4899
18--14020,12/18/2018,Unknown,CATHCART ST btwn SUSSEX DR & PARENT AVE (__3ZA7BD),__3ZA7BD,01 - Non intersection,03 - P.D. only,06 - SMV unattended vehicle,01 - Clear,00 - Unknown,02 - Wet,10 - No control,,1,0,0,0,,0,,,,,367587.3079,5032817.713,45.43247356,-75.69754041,4900
18--14021,12/18/2018,Unknown,LEMIEUX ST @ ST. LAURENT BLVD (0002021),2021,02 - Intersection related,03 - P.D. only,03 - Rear end,01 - Clear,00 - Unknown,01 - Dry,01 - Traffic signal,01 - Functioning,2,0,0,0,,0,,,,,372391.7925,5031742.612,45.42235245,-75.63629052,4901
18--14022,12/18/2018,Unknown,HERRIDGE ST btwn ECHO DR & MCGILLIVRAY ST (__3ZA95X),__3ZA95X,01 - Non intersection,03 - P.D. only,06 - SMV unattended vehicle,01 - Clear,00 - Unknown,01 - Dry,10 - No control,,1,0,0,0,,0,,,,,368937.2227,5029930.188,45.40637015,-75.68066531,4902
18--14023,12/18/2018,12:20 PM,COLONEL BY DR btwn OTTAWA UNIV. PED. XING & MAIN ST (__3ZA8HKC),__3ZA8HKC,01 - Non intersection,03 - P.D. only,03 - Rear end,01 - Clear,01 - Daylight,01 - Dry,09 - Traffic controller,01 - Functioning,3,0,0,0,,0,,,,,368894.1522,5031009.481,45.4160852,-75.68107513,4903
18--14024,12/18/2018,12:34 AM,BRONSON AVE @ CATHERINE ST/RAYMOND ST (0007198),7198,03 - At intersection,03 - P.D. only,05 - Turning movement,01 - Clear,07 - Dark,01 - Dry,01 - Traffic signal,01 - Functioning,2,0,0,0,,0,,,,,367252.708,5029796.567,45.40532019,-75.70219931,4904
18--14025,12/18/2018,12:40 PM,BASELINE RD @ GREENBANK RD (0002357),2357,02 - Intersection related,02 - Non-fatal injury,03 - Rear end,01 - Clear,01 - Daylight,01 - Dry,01 - Traffic signal,01 - Functioning,2,0,0,0,01 - Minimal,1,1,,,,360597.7117,5022584.54,45.34098895,-75.78802116,4905
18--14026,12/18/2018,2:25 PM,PRINCE OF WALES DR btwn FALLOWFIELD RD & AMBERWOOD CRES (__3ZA27I),__3ZA27I,01 - Non intersection,03 - P.D. only,07 - SMV other,01 - Clear,01 - Daylight,01 - Dry,10 - No control,,1,0,0,0,,0,,,,,367387.9166,5019284.215,45.31072024,-75.70180332,4906
18--14027,12/18/2018,3:27 PM,EAGLESON RD @ KAKULU RD (0003188),3188,03 - At intersection,02 - Non-fatal injury,02 - Angle,01 - Clear,01 - Daylight,01 - Dry,01 - Traffic signal,01 - Functioning,2,0,0,0,02 - Minor,1,,1,,,353381.7881,5019151.655,45.31063605,-75.88042737,4907
18--14028,12/18/2018,3:40 PM,HIGHWAY 417 btwn HWY417 IC119A RAMP67 & HWY417 IC118 RAMP76 (__3ZA2YS),__3ZA2YS,01 - Non intersection,03 - P.D. only,03 - Rear end,01 - Clear,01 - Daylight,01 - Dry,10 - No control,,2,0,0,0,,0,,,,,368630.7368,5030556.191,45.41203073,-75.68449913,4908
18--14029,12/18/2018,4:00 PM,SLATER ST btwn KENT ST & BANK ST (__3ZA349),__3ZA349,04 - At/near private drive,03 - P.D. only,02 - Angle,01 - Clear,05 - Dusk,01 - Dry,10 - No control,,2,0,0,0,,0,,,,,367407.4692,5031343.564,45.41922577,-75.70002601,4909
18--1403,1/28/2018,2:34 PM,HIGHWAY 417 btwn HWY417 IC126 RAMP61 & HWY417 IC124 RAMP76 (__3ZA2Y2),__3ZA2Y2,01 - Non intersection,03 - P.D. only,07 - SMV other,01 - Clear,01 - Daylight,01 - Dry,10 - No control,,1,0,0,0,,0,,,,,363623.8033,5026468.851,45.37569233,-75.74894922,4910
18--14030,12/18/2018,4:15 PM,HIGHWAY 417 btwn HWY417 IC129 RAMP61 & TRANSIT (__3ZA2SI),__3ZA2SI,01 - Non intersection,03 - P.D. only,03 - Rear end,01 - Clear,05 - Dusk,01 - Dry,10 - No control,,2,0,0,0,,0,,,,,361482.8867,5024354.331,45.35684249,-75.77652438,4911
18--14031,12/18/2018,4:25 PM,SMYTH RD @ RIVERSIDE HOSPITAL (0009069),9069,02 - Intersection related,03 - P.D. only,03 - Rear end,01 - Clear,05 - Dusk,01 - Dry,01 - Traffic signal,01 - Functioning,2,0,0,0,,0,,,,,369988.0136,5029119.691,45.39898051,-75.66735031,4912
18--14032,12/18/2018,4:50 PM,BASELINE RD @ GREENBANK RD (0002357),2357,02 - Intersection related,03 - P.D. only,04 - Sideswipe,01 - Clear,05 - Dusk,01 - Dry,01 - Traffic signal,01 - Functioning,2,0,0,0,,0,,,,,360597.772,5022584.496,45.34098855,-75.7880204,4913
18--14033,12/18/2018,5:00 PM,BASELINE RD btwn MCWATTERS RD & ROCKWAY CRES (__3ZA2LT),__3ZA2LT,01 - Non intersection,03 - P.D. only,03 - Rear end,01 - Clear,07 - Dark,02 - Wet,10 - No control,,2,0,0,0,,0,,,,,361140.6369,5022906.726,45.34384458,-75.78105729,4914
18--14034,12/18/2018,5:00 PM,EARL ARMSTRONG RD @ RIVER RD (0012470),12470,02 - Intersection related,03 - P.D. only,03 - Rear end,01 - Clear,07 - Dark,01 - Dry,01 - Traffic signal,01 - Functioning,3,0,0,0,,0,,,,,367572.6435,5014684.551,45.26931649,-75.70002973,4915
18--14035,12/18/2018,5:00 PM,HIGHWAY 417 btwn HWY417 IC124 RAMP65 & HWY417 IC122 RAMP51 (__3ZA2R8),__3ZA2R8,01 - Non intersection,03 - P.D. only,03 - Rear end,01 - Clear,07 - Dark,01 - Dry,10 - No control,,2,0,0,0,,0,,,,,365048.6507,5028532.365,45.39413836,-75.73050681,4916
18--14036,12/18/2018,5:26 PM,LAURIER AVE   E btwn CUMBERLAND ST & COPERNICUS ST (__3ZA3VI),__3ZA3VI,01 - Non intersection,03 - P.D. only,06 - SMV unattended vehicle,01 - Clear,07 - Dark,01 - Dry,10 - No control,,1,0,0,0,,0,,,,,368611.5452,5031957.189,45.42463817,-75.68456286,4917
18--4237,4/13/2018,1:20 PM,BASELINE RD @ FISHER AVE (0002346),2346,02 - Intersection related,03 - P.D. only,07 - SMV other,01 - Clear,01 - Daylight,01 - Dry,01 - Traffic signal,01 - Functioning,1,0,0,0,,0,,,,,366166.6931,5026028.532,45.37151234,-75.7165398,8643
18--14038,12/18/2018,6:18 PM,FRIEL ST @ LAURIER AVE (0007753),7753,03 - At intersection,03 - P.D. only,02 - Angle,01 - Clear,07 - Dark,01 - Dry,02 - Stop sign,01 - Functioning,2,0,0,0,,0,,,,,368997.8253,5032191.754,45.42671335,-75.67959659,4919
18--14039,12/18/2018,6:28 PM,ALBION RD btwn DEL ZOTTO AVE & HIGH RD (__3ZBOF9),__3ZBOF9,01 - Non intersection,03 - P.D. only,01 - Approaching,01 - Clear,07 - Dark,01 - Dry,10 - No control,,2,0,0,0,,0,,,,,374126.5616,5018932.837,45.30692578,-75.61592291,4920
18--1404,1/28/2018,2:57 PM,RIDGEWOOD AVE @ RIVERSIDE DR (0007180),7180,02 - Intersection related,03 - P.D. only,03 - Rear end,01 - Clear,01 - Daylight,01 - Dry,01 - Traffic signal,01 - Functioning,2,0,0,0,,0,,,,,368280.7047,5025609.532,45.36755398,-75.68960702,4921
18--13880,12/14/2018,8:27 PM,RIVERSIDE DR btwn RIVERSIDE DR & RIVER RD (__7IFXUL),__7IFXUL,01 - Non intersection,02 - Non-fatal injury,07 - SMV other,04 - Freezing Rain,07 - Dark,06 - Ice,10 - No control,,1,0,0,0,01 - Minimal,1,1,,,,368388.3852,5020547.305,45.32199543,-75.68888328,4922
18--13881,12/14/2018,8:28 PM,BAYSHORE DR @ WOODRIDGE CRES S (0000360),360,02 - Intersection related,03 - P.D. only,03 - Rear end,04 - Freezing Rain,07 - Dark,02 - Wet,01 - Traffic signal,01 - Functioning,2,0,0,0,,0,,,,,359233.7454,5023509.665,45.3494204,-75.80532226,4923
18--13882,12/14/2018,8:30 PM,AIRPORT PKWY @ HUNT CLUB RD (0010856),10856,02 - Intersection related,03 - P.D. only,04 - Sideswipe,04 - Freezing Rain,07 - Dark,06 - Ice,01 - Traffic signal,01 - Functioning,2,0,0,0,,0,,,,,371018.3864,5023703.16,45.35014776,-75.65491698,4924
18--13883,12/14/2018,8:31 AM,NICHOLAS ST NB btwn LAURIER AVE E & WALLER ST (__5D2DO8),__5D2DO8,01 - Non intersection,02 - Non-fatal injury,03 - Rear end,01 - Clear,01 - Daylight,01 - Dry,10 - No control,,2,0,0,0,01 - Minimal,2,2,,,,368429.679,5031752.666,45.42281451,-75.68691308,4925
18--13884,12/14/2018,8:32 PM,AIRPORT PKWY @ HUNT CLUB RD (0010856),10856,02 - Intersection related,03 - P.D. only,03 - Rear end,04 - Freezing Rain,07 - Dark,06 - Ice,01 - Traffic signal,01 - Functioning,3,0,0,0,,0,,,,,371018.5281,5023703.06,45.35014684,-75.65491519,4926
18--13885,12/14/2018,8:33 PM,ALBION RD @ HUNT CLUB RD (0006974),6974,03 - At intersection,03 - P.D. only,02 - Angle,04 - Freezing Rain,07 - Dark,06 - Ice,01 - Traffic signal,01 - Functioning,2,0,0,0,,0,,,,,371867.8559,5024320.622,45.35562275,-75.64399346,4927
18--13886,12/14/2018,8:36 PM,OLD ST. PATRICK ST btwn BEAUSOLEIL DR & END (__3ZA7DO),__3ZA7DO,01 - Non intersection,03 - P.D. only,06 - SMV unattended vehicle,01 - Clear,07 - Dark,04 - Slush,10 - No control,,1,0,0,0,,0,,,,,368462.3371,5032947.732,45.43356431,-75.68634132,4928
18--13887,12/14/2018,8:36 PM,HWY417 IC118 RAMP52 btwn HWY417 IC118 RAMP57 & HWY417 IC118 RAMP62 (__6KCF0O),__6KCF0O,01 - Non intersection,03 - P.D. only,07 - SMV other,04 - Freezing Rain,07 - Dark,06 - Ice,10 - No control,,1,0,0,0,,0,,,,,369276.4276,5030886.81,45.41494633,-75.67620739,4929
18--13888,12/14/2018,8:40 AM,ALTA VISTA DR @ RANDALL AVE (0008072),8072,03 - At intersection,02 - Non-fatal injury,03 - Rear end,01 - Clear,01 - Daylight,02 - Wet,01 - Traffic signal,01 - Functioning,2,0,0,0,01 - Minimal,2,2,,,,370408.6017,5027366.714,45.38316857,-75.66221177,4930
18--13889,12/14/2018,8:45 AM,TREMBLAY RD @ TRIOLE ST (0008701),8701,03 - At intersection,03 - P.D. only,99 - Other,01 - Clear,01 - Daylight,02 - Wet,02 - Stop sign,01 - Functioning,2,0,0,0,,0,,,,,372707.6506,5031281.472,45.41817274,-75.63231841,4931
18--1389,1/28/2018,1:27 PM,IRIS ST @ WOODROFFE AVE (0002736),2736,03 - At intersection,03 - P.D. only,05 - Turning movement,01 - Clear,01 - Daylight,01 - Dry,01 - Traffic signal,01 - Functioning,2,0,0,0,,0,,,,,362282.6917,5024441.52,45.3575619,-75.76630671,4932
18--13890,12/14/2018,8:45 PM,LIMEBANK RD/RIVERSIDE DR @ RIVER RD (0013336),13336,03 - At intersection,03 - P.D. only,05 - Turning movement,04 - Freezing Rain,07 - Dark,06 - Ice,01 - Traffic signal,01 - Functioning,2,0,0,0,,0,,,,,368404.0926,5020477.59,45.32136672,-75.68869189,4933
18--13891,12/14/2018,8:47 PM,AIRPORT PKWY @ HUNT CLUB RD (0010856),10856,02 - Intersection related,03 - P.D. only,03 - Rear end,04 - Freezing Rain,07 - Dark,06 - Ice,01 - Traffic signal,00 - Unknown,2,0,0,0,,0,,,,,371018.5774,5023703.23,45.35014837,-75.65491454,4934
18--13892,12/14/2018,8:55 AM,INNES RD @ 298 E OF WILDFLOWER DR/LOBLAWS SC (0012918),12918,03 - At intersection,03 - P.D. only,05 - Turning movement,01 - Clear,01 - Daylight,01 - Dry,01 - Traffic signal,01 - Functioning,2,0,0,0,,0,,,,,383190.8447,5035796.298,45.45769736,-75.49767093,4935
18--13893,12/14/2018,8:56 AM,RUSSELL RD btwn SAND RD & FRANK KENNY RD (__3ZA2ZQ),__3ZA2ZQ,01 - Non intersection,02 - Non-fatal injury,01 - Approaching,01 - Clear,01 - Daylight,01 - Dry,10 - No control,,2,0,0,0,01 - Minimal,1,1,,,,391127.8,5025928.077,45.3679784,-75.39793301,4936
18--13894,12/14/2018,8:56 PM,HWY417 IC131 RAMP63 btwn HWY417 IC131 RAMP53 & HWY417 IC131 RAMP66 (__3ZAY4Q),__3ZAY4Q,01 - Non intersection,03 - P.D. only,07 - SMV other,01 - Clear,07 - Dark,06 - Ice,10 - No control,,1,0,0,0,,0,,,,,358447.6739,5022450.339,45.33994912,-75.81546819,4937
18--13895,12/14/2018,9:03 PM,CONROY RD btwn HUNT CLUB RD & CONROY RD (__3ZA2TB),__3ZA2TB,04 - At/near private drive,03 - P.D. only,03 - Rear end,04 - Freezing Rain,07 - Dark,06 - Ice,10 - No control,,2,0,0,0,,0,,,,,373770.9727,5025388.759,45.3650488,-75.61955721,4938
18--13896,12/14/2018,9:09 AM,CARLING AVE @ KIRKWOOD AVE N (0002358),2358,02 - Intersection related,03 - P.D. only,04 - Sideswipe,01 - Clear,01 - Daylight,01 - Dry,01 - Traffic signal,01 - Functioning,3,0,0,0,,0,,,,,364275.4561,5027493.358,45.38485566,-75.74050636,4939
18--13897,12/14/2018,9:12 AM,BOURASSA ST @ ST. LAURENT BLVD (0007731),7731,02 - Intersection related,03 - P.D. only,04 - Sideswipe,01 - Clear,01 - Daylight,01 - Dry,01 - Traffic signal,01 - Functioning,2,0,0,0,,0,,,,,373236.8869,5029693.574,45.40383402,-75.6257774,4940
18--13898,12/14/2018,9:20 PM,LEMIEUX ST @ ST. LAURENT BLVD (0002021),2021,02 - Intersection related,02 - Non-fatal injury,03 - Rear end,04 - Freezing Rain,07 - Dark,06 - Ice,01 - Traffic signal,01 - Functioning,2,0,0,0,01 - Minimal,1,1,,,,372391.5049,5031742.626,45.4223526,-75.63629419,4941
18--13899,12/14/2018,9:25 PM,HWY416 IC75A RAMP26 btwn HIGHWAY 417 & HIGHWAY 416 (__3ZAY4Y),__3ZAY4Y,01 - Non intersection,03 - P.D. only,07 - SMV other,01 - Clear,07 - Dark,06 - Ice,10 - No control,,1,0,0,0,,0,,,,,358202.45,5022752.399,45.34268578,-75.81856436,4942
18--139,1/2/2018,7:48 AM,HUNT CLUB RD @ RIVERSIDE DR (0002237),2237,02 - Intersection related,03 - P.D. only,03 - Rear end,03 - Snow,03 - Dawn,06 - Ice,01 - Traffic signal,01 - Functioning,2,0,0,0,,0,,,,,368036.7031,5021945.498,45.33460788,-75.6931902,4943
18--1390,1/28/2018,1:37 PM,LEES AVE @ KING EDWARD AVE/MANN AVE (0011413),11413,03 - At intersection,03 - P.D. only,06 - SMV unattended vehicle,01 - Clear,01 - Daylight,02 - Wet,01 - Traffic signal,01 - Functioning,1,0,0,0,,0,,,,,369178.7976,5031334.745,45.41898567,-75.67739613,4944
18--13900,12/14/2018,9:30 AM,INDUSTRIAL AVE @ ALTA VISTA DR/SANDFORD FLEMIN (0006979),6979,02 - Intersection related,03 - P.D. only,03 - Rear end,04 - Freezing Rain,01 - Daylight,06 - Ice,01 - Traffic signal,00 - Unknown,2,0,0,0,,0,,,,,370884.4095,5030557.518,45.41183348,-75.65570914,4945
18--13901,12/14/2018,9:50 AM,CATHERINE ST btwn HWY417 IC121A RAMP61 & PERCY ST (__3ZA3B5),__3ZA3B5,01 - Non intersection,03 - P.D. only,04 - Sideswipe,01 - Clear,01 - Daylight,01 - Dry,10 - No control,,2,0,0,0,,0,,,,,367425.9915,5029898.424,45.40622119,-75.69997298,4946
18--13902,12/14/2018,9:53 PM,HWY417 IC131 RAMP63 btwn HWY417 IC131 RAMP53 & HWY417 IC131 RAMP66 (__3ZAY4Q),__3ZAY4Q,01 - Non intersection,03 - P.D. only,07 - SMV other,04 - Freezing Rain,07 - Dark,06 - Ice,10 - No control,,1,0,0,0,,0,,,,,358433.4461,5022608.087,45.34136963,-75.81563262,4947
18--13903,12/15/2018,1:45 PM,KENT ST btwn SOMERSET ST W & MACLAREN ST (__3ZBOEY),__3ZBOEY,01 - Non intersection,03 - P.D. only,04 - Sideswipe,01 - Clear,01 - Daylight,01 - Dry,10 - No control,,2,0,0,0,,0,,,,,367548.909,5030779.73,45.4141399,-75.69829072,4948
18--13904,12/15/2018,10:09 AM,FISHER AVE @ VIEWMOUNT DR (0005076),5076,02 - Intersection related,02 - Non-fatal injury,07 - SMV other,01 - Clear,01 - Daylight,01 - Dry,01 - Traffic signal,01 - Functioning,1,0,0,0,01 - Minimal,1,1,,,,366918.5469,5024209.588,45.35507962,-75.70717056,4949
18--13905,12/15/2018,10:28 AM,CEDARVIEW RD btwn BRUIN RD & HWY416 IC72 RAMP62 (__3ZAZO7),__3ZAZO7,01 - Non intersection,02 - Non-fatal injury,05 - Turning movement,01 - Clear,01 - Daylight,02 - Wet,10 - No control,,2,0,0,0,01 - Minimal,2,2,,,,359584.1141,5019784.357,45.31587269,-75.80126356,4950
18--13906,12/15/2018,11:00 AM,DOMALATCHY PL @ WOODROFFE AVE (0005078),5078,02 - Intersection related,03 - P.D. only,03 - Rear end,01 - Clear,01 - Daylight,02 - Wet,02 - Stop sign,01 - Functioning,3,0,0,0,,0,,,,,362403.6585,5024139.436,45.35483384,-75.76479805,4951
18--13907,12/15/2018,11:26 PM,BRONSON AVE RAMP 52 btwn HERON RD EB & BRONSON AVE RAMP 62 (__3ZAYBG),__3ZAYBG,01 - Non intersection,03 - P.D. only,07 - SMV other,01 - Clear,07 - Dark,06 - Ice,10 - No control,,1,0,0,0,,0,,,,,368884.5629,5026795.594,45.37817088,-75.68174508,4952
18--13908,12/15/2018,11:58 PM,MCARTHUR AVE btwn IRWIN MILLER ST & BRANT ST (__3ZA3WB),__3ZA3WB,01 - Non intersection,03 - P.D. only,03 - Rear end,01 - Clear,07 - Dark,01 - Dry,10 - No control,,2,0,0,0,,0,,,,,371088.7277,5032785.443,45.43186008,-75.65279929,4953
18--13909,12/15/2018,Unknown,HUMMINGBIRD CRES btwn KENNEVALE DR & KENNEVALE DR (__3ZAB5D),__3ZAB5D,01 - Non intersection,03 - P.D. only,06 - SMV unattended vehicle,01 - Clear,00 - Unknown,01 - Dry,10 - No control,,1,0,0,0,,0,,,,,362338.9313,5014741.509,45.27027668,-75.76671546,4954
18--1391,1/28/2018,1:45 AM,MACKENZIE KING BR/WALLER ST @ NICHOLAS ST/WALL (0011251),11251,02 - Intersection related,02 - Non-fatal injury,03 - Rear end,01 - Clear,07 - Dark,01 - Dry,01 - Traffic signal,01 - Functioning,2,0,0,0,01 - Minimal,2,2,,,,368372.1456,5031992.639,45.42497893,-75.68761723,4955
18--13910,12/15/2018,Unknown,FIRESIDE CRES btwn TAPIOLA CRES & TAPIOLA CRES (__3ZA9F0),__3ZA9F0,04 - At/near private drive,03 - P.D. only,06 - SMV unattended vehicle,01 - Clear,00 - Unknown,01 - Dry,10 - No control,,1,0,0,0,,0,,,,,371898.9279,5025037.521,45.36207019,-75.6434996,4956
18--13911,12/15/2018,Unknown,HIGHWAY 417 btwn HWY417 IC126 RAMP25 & HWY417 IC124 RAMP57 (__3ZA2R5),__3ZA2R5,01 - Non intersection,02 - Non-fatal injury,03 - Rear end,01 - Clear,07 - Dark,01 - Dry,10 - No control,,2,0,0,0,02 - Minor,1,,1,,,363951.1141,5026877.717,45.37934369,-75.74472157,4957
18--13912,12/15/2018,12:00 PM,TERRY FOX DR @ PALLADIUM DR/KATIMAVIK RD (0011858),11858,02 - Intersection related,02 - Non-fatal injury,03 - Rear end,01 - Clear,01 - Daylight,02 - Wet,01 - Traffic signal,01 - Functioning,2,0,0,0,01 - Minimal,1,1,,,,351269.7868,5018181.752,45.30205154,-75.90745157,4958
18--13913,12/15/2018,12:02 AM,DONALD ST @ VANIER PKWY (0007644),7644,02 - Intersection related,02 - Non-fatal injury,03 - Rear end,04 - Freezing Rain,07 - Dark,06 - Ice,01 - Traffic signal,01 - Functioning,2,0,0,0,01 - Minimal,1,1,,,,370311.7376,5032270.496,45.42730002,-75.66279702,4959
18--13914,12/15/2018,12:46 AM,RIDEAU ST @ WALLER ST (0011913),11913,02 - Intersection related,03 - P.D. only,05 - Turning movement,01 - Clear,07 - Dark,01 - Dry,01 - Traffic signal,01 - Functioning,2,0,0,0,,0,,,,,368282.6067,5032274.592,45.42752398,-75.68872498,4960
18--13915,12/15/2018,12:59 AM,CORDOVA ST @ LOTTA AVE (0001422),1422,02 - Intersection related,03 - P.D. only,02 - Angle,01 - Clear,07 - Dark,06 - Ice,02 - Stop sign,01 - Functioning,2,0,0,0,,0,,,,,363799.5836,5024071.631,45.35410767,-75.74699132,4961
18--13916,12/15/2018,2:15 PM,HIGHWAY 417 btwn HWY417 IC123 RAMP62 & HWY417 IC122 RAMP16 (__3ZA2R9),__3ZA2R9,01 - Non intersection,02 - Non-fatal injury,03 - Rear end,01 - Clear,01 - Daylight,01 - Dry,10 - No control,,2,0,0,0,01 - Minimal,1,1,,,,364974.744,5028433.844,45.39325824,-75.73146268,4962
18--13917,12/15/2018,2:35 PM,MEADOWLANDS DR/TALLWOOD DR @ WOODROFFE AVE (0000095),95,02 - Intersection related,03 - P.D. only,03 - Rear end,01 - Clear,01 - Daylight,01 - Dry,01 - Traffic signal,01 - Functioning,2,0,0,0,,0,,,,,363056.5663,5022730.119,45.34209898,-75.75663163,4963
18--13918,12/15/2018,2:44 PM,KANATA AVE @ LORD BYNG WAY/MARITIME WAY (0009115),9115,03 - At intersection,03 - P.D. only,05 - Turning movement,01 - Clear,01 - Daylight,02 - Wet,01 - Traffic signal,01 - Functioning,2,0,0,0,,0,,,,,351429.8199,5019331.538,45.312387,-75.90530288,4964
18--13919,12/15/2018,3:12 AM,AIRPORT PKWY btwn RAMP & RAMP (1) (__3ZA223),__3ZA223,01 - Non intersection,02 - Non-fatal injury,07 - SMV other,04 - Freezing Rain,07 - Dark,06 - Ice,10 - No control,,1,0,0,0,01 - Minimal,1,1,,,,368982.7955,5026178.024,45.37260517,-75.6805712,4965
18--1392,1/28/2018,1:46 AM,ST. JOSEPH BLVD @ JEANNE D'ARC BLVD (0012421),12421,03 - At intersection,03 - P.D. only,02 - Angle,01 - Clear,07 - Dark,01 - Dry,11 - Roundabout,01 - Functioning,2,0,0,0,,0,,,,,379860.3941,5036470.884,45.46413248,-75.54014594,4966
18--13920,12/15/2018,3:15 AM,LYON ST @ SOMERSET ST (0010860),10860,03 - At intersection,03 - P.D. only,02 - Angle,01 - Clear,07 - Dark,02 - Wet,01 - Traffic signal,01 - Functioning,2,0,0,0,,0,,,,,367366.8154,5030716.518,45.41358744,-75.70062503,4967
18--13921,12/15/2018,3:17 PM,CARON ST @ CUMMINGS AVE (0009832),9832,02 - Intersection related,03 - P.D. only,03 - Rear end,01 - Clear,01 - Daylight,02 - Wet,02 - Stop sign,00 - Unknown,2,0,0,0,,0,,,,,372529.9699,5032719.711,45.43113055,-75.63439068,4968
18--13922,12/15/2018,3:30 PM,LEES AVE @ KING EDWARD AVE/MANN AVE (0011413),11413,02 - Intersection related,02 - Non-fatal injury,03 - Rear end,01 - Clear,01 - Daylight,01 - Dry,01 - Traffic signal,01 - Functioning,2,0,0,0,01 - Minimal,1,1,,,,369179.08,5031334.882,45.41898688,-75.6773925,4969
18--13923,12/15/2018,3:35 PM,TERRY FOX DR btwn PALLADIUM DR & MAPLE GROVE RD (__3ZA3DN),__3ZA3DN,01 - Non intersection,02 - Non-fatal injury,03 - Rear end,01 - Clear,01 - Daylight,01 - Dry,10 - No control,,5,0,0,0,02 - Minor,1,,1,,,351544.2544,5017875.428,45.29927695,-75.90398084,4970
18--13924,12/15/2018,3:41 PM,WALKLEY RD btwn BANK ST & BANFF AVE (__3ZA375),__3ZA375,01 - Non intersection,03 - P.D. only,04 - Sideswipe,01 - Clear,01 - Daylight,01 - Dry,10 - No control,,2,0,0,0,,0,,,,,370348.7351,5025954.247,45.37046526,-75.66316365,4971
18--13925,12/15/2018,4:51 AM,AIRPORT PKWY btwn RAMP & RAMP (1) (__3ZA223),__3ZA223,01 - Non intersection,03 - P.D. only,07 - SMV other,01 - Clear,07 - Dark,06 - Ice,10 - No control,,1,0,0,0,,0,,,,,368992.9691,5026169.921,45.37253133,-75.68044238,4972
18--13926,12/15/2018,5:16 PM,HUNT CLUB RD @ BRIDLE PATH DR/DAZE ST (0008214),8214,02 - Intersection related,02 - Non-fatal injury,03 - Rear end,01 - Clear,07 - Dark,02 - Wet,01 - Traffic signal,01 - Functioning,3,0,0,0,02 - Minor,1,,1,,,371291.6143,5023864.349,45.35157223,-75.65140874,4973
18--13927,12/15/2018,5:18 PM,HIGHWAY 417 btwn HWY417 IC126 RAMP25 & HWY417 IC124 RAMP57 (__3ZA2R5),__3ZA2R5,01 - Non intersection,03 - P.D. only,03 - Rear end,01 - Clear,07 - Dark,01 - Dry,10 - No control,,2,0,0,0,,0,,,,,363500.9183,5026279.545,45.37399928,-75.75054056,4974
18--13928,12/15/2018,5:27 AM,ARMSTRONG ST btwn PARKDALE AVE & HINCHEY AVE (__3ZA0G2),__3ZA0G2,01 - Non intersection,02 - Non-fatal injury,07 - SMV other,01 - Clear,07 - Dark,02 - Wet,10 - No control,,1,0,0,1,03 - Major,1,,,1,,365111.1595,5029413.157,45.40205815,-75.72960083,4975
18--13929,12/15/2018,5:32 PM,BESSERER ST @ DALHOUSIE ST (0011452),11452,02 - Intersection related,03 - P.D. only,04 - Sideswipe,01 - Clear,07 - Dark,02 - Wet,01 - Traffic signal,01 - Functioning,2,0,0,0,,0,,,,,368252.854,5032157.788,45.42647572,-75.68912021,4976
18--1393,1/28/2018,11:42 AM,DANIEL AVE btwn CLEARVIEW AVE & SUNNYMEDE AVE (__3ZA05D),__3ZA05D,01 - Non intersection,03 - P.D. only,06 - SMV unattended vehicle,01 - Clear,01 - Daylight,05 - Packed snow,10 - No control,,1,0,0,0,,0,,,,,363735.1919,5029449.291,45.40250047,-75.74717122,4977