Anom_ID,Accident_Date,Accident_Time,Location,Geo_ID,Accident_Location,Classification_of_Accident,Initial_Impact_Type,Environment_Condition,Light,Road_Surface_Condition,Traffic_Control,Traffic_Control_Condition,No__of_Vehicles,No__of_Bicycles,No__of_Motorcycles,No__of_Pedestrians,Max_Injury,No__of_Injuries,No__of_Minimal,No__of_Minor,No__of_Major,No__of_Fatal,X,Y,Latitude,Longitude,ObjectId
18--13930,12/15/2018,6:05 PM,HAZELDEAN RD @ WEST RIDGE DR (0010365),10365,02 - Intersection related,03 - P.D. only,99 - Other,01 - Clear,07 - Dark,02 - Wet,01 - Traffic signal,01 - Functioning,2,0,0,0,,0,,,,,348492.6075,5013885.45,45.26357012,-75.94324065,4978
18--13931,12/15/2018,6:16 PM,MONTREAL RD @ PALACE ST (0004699),4699,02 - Intersection related,02 - Non-fatal injury,07 - SMV other,01 - Clear,07 - Dark,02 - Wet,10 - No control,,1,0,0,2,02 - Minor,2,,2,,,369955.6081,5032998.384,45.43388252,-75.66725136,4979
18--13932,12/15/2018,6:36 PM,WALLER ST btwn BESSERER ST & DALY AVE (__3ZBN03),__3ZBN03,01 - Non intersection,03 - P.D. only,04 - Sideswipe,01 - Clear,07 - Dark,01 - Dry,10 - No control,,2,0,0,0,,0,,,,,368331.7426,5032141.465,45.42632169,-75.68811428,4980
18--13933,12/15/2018,7:40 PM,HWY 417 MAITLAND IC126R26/62 @ MAITLAND AVE (0008228),8228,03 - At intersection,03 - P.D. only,05 - Turning movement,01 - Clear,07 - Dark,02 - Wet,01 - Traffic signal,01 - Functioning,2,0,0,0,,0,,,,,363145.6601,5025983.54,45.37136554,-75.75511087,4981
18--13934,12/15/2018,7:42 PM,BANK ST btwn HERON RD & ANOKA ST (__3ZA360),__3ZA360,01 - Non intersection,03 - P.D. only,03 - Rear end,01 - Clear,07 - Dark,01 - Dry,10 - No control,,2,0,0,0,,0,,,,,370008.7394,5026814.629,45.37823842,-75.66739018,4982
18--13935,12/15/2018,8:06 PM,KING EDWARD AVE btwn MARIE CURIE PRIV & TEMPLETON ST (__3ZA3MD),__3ZA3MD,01 - Non intersection,03 - P.D. only,04 - Sideswipe,01 - Clear,07 - Dark,01 - Dry,10 - No control,,2,0,0,0,,0,,,,,369055.5116,5031514.091,45.4206107,-75.67894787,4983
18--13936,12/15/2018,8:17 PM,BRONSON AVE @ FIFTH AVE/MADAWASKA DR (0006977),6977,02 - Intersection related,03 - P.D. only,03 - Rear end,01 - Clear,07 - Dark,06 - Ice,01 - Traffic signal,01 - Functioning,3,0,0,0,,0,,,,,367613.4897,5028938.658,45.39756869,-75.69770023,4984
18--13937,12/15/2018,8:55 AM,WEST HUNT CLUB RD @ WOODROFFE AVE (0000576),576,02 - Intersection related,03 - P.D. only,03 - Rear end,01 - Clear,01 - Daylight,02 - Wet,01 - Traffic signal,01 - Functioning,3,0,0,0,,0,,,,,363670.2798,5021246.233,45.32869586,-75.74897769,4985
18--13938,12/16/2018,1:10 AM,DEAKIN ST @ PRINCE OF WALES DR (0001073),1073,02 - Intersection related,02 - Non-fatal injury,07 - SMV other,01 - Clear,07 - Dark,02 - Wet,01 - Traffic signal,01 - Functioning,1,0,0,0,01 - Minimal,1,1,,,,367390.7649,5021523.407,45.33086789,-75.70148401,4986
18--13939,12/16/2018,1:16 AM,FROBISHER LANE W @ RIVERSIDE DR (0011961),11961,02 - Intersection related,03 - P.D. only,07 - SMV other,01 - Clear,07 - Dark,06 - Ice,01 - Traffic signal,00 - Unknown,1,0,0,0,,0,,,,,370118.7053,5029601.128,45.40330013,-75.6656174,4987
18--1394,1/28/2018,Unknown,DALHOUSIE ST btwn YORK ST & GEORGE ST (__3ZBOX1),__3ZBOX1,01 - Non intersection,03 - P.D. only,06 - SMV unattended vehicle,01 - Clear,00 - Unknown,01 - Dry,10 - No control,,1,0,0,0,,0,,,,,368125.8828,5032368.635,45.42838435,-75.69071554,4988
18--13940,12/16/2018,1:17 PM,GIBBARD AVE @ GREENBANK RD (0000557),557,02 - Intersection related,03 - P.D. only,03 - Rear end,01 - Clear,01 - Daylight,02 - Wet,02 - Stop sign,00 - Unknown,3,0,0,0,,0,,,,,361429.6364,5020616.511,45.323214,-75.77763181,4989
18--13941,12/16/2018,1:39 PM,KING EDWARD AVE @ WILBROD ST (0002259),2259,02 - Intersection related,03 - P.D. only,03 - Rear end,01 - Clear,01 - Daylight,01 - Dry,01 - Traffic signal,01 - Functioning,2,0,0,0,,0,,,,,368675.6685,5032139.528,45.42627294,-75.68371988,4990
18--13942,12/16/2018,1:52 PM,REGIONAL ROAD 174 btwn OR174 IC105 RAMP16 & OR174 IC105 RAMP26 (__3ZA1PU),__3ZA1PU,01 - Non intersection,03 - P.D. only,99 - Other,01 - Clear,01 - Daylight,01 - Dry,10 - No control,,2,0,0,0,,0,,,,,379134.1591,5036878.737,45.46787969,-75.54936988,4991
18--13943,12/16/2018,11:30 AM,LAJOIE ST btwn MONTREAL RD & LEVIS AVE (__3ZA8UK),__3ZA8UK,01 - Non intersection,03 - P.D. only,06 - SMV unattended vehicle,02 - Rain,01 - Daylight,02 - Wet,10 - No control,,1,0,0,0,,0,,,,,370541.8302,5033314.254,45.43666972,-75.65971752,4992
18--13944,12/16/2018,11:30 AM,TERRY FOX DR @ HALKIRK AVE/WINCHESTER DR (0012574),12574,02 - Intersection related,02 - Non-fatal injury,03 - Rear end,01 - Clear,01 - Daylight,01 - Dry,01 - Traffic signal,01 - Functioning,2,0,0,0,01 - Minimal,1,1,,,,352511.7648,5016870.024,45.29016503,-75.89174188,4993
18--13945,12/16/2018,12:05 PM,BRONSON AVE btwn RENFREW AVE & POWELL AVE (__3ZA3BZ),__3ZA3BZ,04 - At/near private drive,02 - Non-fatal injury,02 - Angle,01 - Clear,01 - Daylight,02 - Wet,10 - No control,,2,0,0,0,02 - Minor,1,,1,,,367363.001,5029536.239,45.40296798,-75.70082354,4994
18--13946,12/16/2018,12:55 PM,REGIONAL ROAD 174 btwn OR174 IC105 RAMP16 & OR174 IC105 RAMP26 (__3ZA1PU),__3ZA1PU,01 - Non intersection,02 - Non-fatal injury,07 - SMV other,01 - Clear,01 - Daylight,01 - Dry,10 - No control,,1,0,0,0,01 - Minimal,1,1,,,,379104.8398,5036861.52,45.46772791,-75.54974739,4995
18--13947,12/16/2018,2:30 AM,LIMEBANK RD btwn LEITRIM RD & SPRATT RD (__4O3KSY),__4O3KSY,01 - Non intersection,03 - P.D. only,03 - Rear end,01 - Clear,07 - Dark,01 - Dry,10 - No control,,2,0,0,0,,0,,,,,369516.414,5017497.442,45.29445028,-75.67489418,4996
18--13948,12/16/2018,2:36 AM,ABACA WAY btwn KITTIWAKE DR & KITTIWAKE DR (__4TYFW7),__4TYFW7,01 - Non intersection,03 - P.D. only,06 - SMV unattended vehicle,04 - Freezing Rain,07 - Dark,06 - Ice,10 - No control,,1,0,0,0,,0,,,,,348403.2989,5014188.066,45.26629872,-75.94435206,4997
18--13949,12/16/2018,3:08 PM,OLMSTEAD ST btwn MONTREAL RD & LEVIS AVE (__3ZA8RF),__3ZA8RF,01 - Non intersection,03 - P.D. only,04 - Sideswipe,01 - Clear,01 - Daylight,01 - Dry,10 - No control,,2,0,0,0,,0,,,,,370369.4301,5033140.535,45.43512285,-75.66194396,4998
18--1395,1/28/2018,Unknown,YORK ST EB btwn BY WARD MARKET SQ & SUSSEX DR (__3ZA8ZZ),__3ZA8ZZ,01 - Non intersection,03 - P.D. only,06 - SMV unattended vehicle,01 - Clear,00 - Unknown,01 - Dry,10 - No control,,1,0,0,0,,0,,,,,367906.0405,5032299.791,45.42778479,-75.69353359,4999
18--13950,12/16/2018,3:20 PM,HIGHWAY 417 btwn HWY417 IC127 RAMP67 & HWY417 IC126 RAMP16 (__3ZA2X0),__3ZA2X0,01 - Non intersection,03 - P.D. only,04 - Sideswipe,01 - Clear,01 - Daylight,01 - Dry,10 - No control,,2,0,0,0,,0,,,,,362929.025,5025542.44,45.36741457,-75.75792829,5000
18--2135,2/10/2018,3:26 PM,JOHNSTON RD @ MACOUN CIRC (0013737),13737,02 - Intersection related,03 - P.D. only,03 - Rear end,03 - Snow,01 - Daylight,02 - Wet,02 - Stop sign,01 - Functioning,2,0,0,0,,0,,,,,372130.42,5025598.581,45.3670962,-75.64046855,5001
18--2136,2/10/2018,3:51 PM,FISHER AVE @ HOLLAND AVE (0002359),2359,02 - Intersection related,03 - P.D. only,04 - Sideswipe,01 - Clear,01 - Daylight,02 - Wet,02 - Stop sign,01 - Functioning,2,0,0,0,,0,,,,,365402.7013,5027821.546,45.38771201,-75.72607261,5002
18--2137,2/10/2018,4:04 PM,LEITRIM RD btwn 810 W OF HAWTHORNE & BANK ST (__3ZA3SPA),__3ZA3SPA,01 - Non intersection,03 - P.D. only,07 - SMV other,03 - Snow,01 - Daylight,04 - Slush,10 - No control,,1,0,0,0,,0,,,,,375811.2267,5021883.78,45.33330887,-75.59401904,5003
18--2138,2/10/2018,4:11 PM,MARQUETTE AVE @ STE. MONIQUE ST (0009952),9952,03 - At intersection,02 - Non-fatal injury,02 - Angle,03 - Snow,01 - Daylight,03 - Loose snow,02 - Stop sign,01 - Functioning,2,0,0,0,02 - Minor,1,,1,,,369991.9734,5033883.288,45.44184113,-75.66666943,5004
18--2139,2/10/2018,4:23 AM,MOODIE DR btwn HWY417 IC134 RAMP66 & HWY417 IC134 RAMP26 (__3ZA4Z1),__3ZA4Z1,01 - Non intersection,02 - Non-fatal injury,99 - Other,03 - Snow,07 - Dark,03 - Loose snow,10 - No control,,2,0,0,0,01 - Minimal,1,1,,,,356390.9366,5022470.92,45.34028857,-75.84170776,5005
18--214,1/4/2018,4:27 PM,BRONSON AVE @ BRONSON AVE SB OFF RAMP 34 (0002019),2019,03 - At intersection,03 - P.D. only,07 - SMV other,01 - Clear,01 - Daylight,03 - Loose snow,10 - No control,,1,0,0,0,,0,,,,,367746.9668,5028476.854,45.39340153,-75.69605446,5006
18--2140,2/10/2018,5:01 PM,BOYER RD @ JEANNE D'ARC BLVD (0003638),3638,02 - Intersection related,03 - P.D. only,07 - SMV other,03 - Snow,01 - Daylight,03 - Loose snow,02 - Stop sign,01 - Functioning,1,0,0,0,,0,,,,,380682.6898,5036193.978,45.46155226,-75.52967488,5007
18--2141,2/10/2018,5:15 PM,KIMWAY CRES @ MERIVALE RD (0000547),547,02 - Intersection related,03 - P.D. only,02 - Angle,03 - Snow,07 - Dark,05 - Packed snow,02 - Stop sign,01 - Functioning,2,0,0,0,,0,,,,,364718.7014,5024784.523,45.36044424,-75.7351753,5008
18--2142,2/10/2018,5:15 PM,JOCKVALE RD/RIDEAU VALLEY DR @ PRINCE OF WALES (0004638),4638,02 - Intersection related,03 - P.D. only,03 - Rear end,03 - Snow,05 - Dusk,03 - Loose snow,01 - Traffic signal,01 - Functioning,2,0,0,0,,0,,,,,366709.697,5012195.397,45.24699567,-75.71133614,5009
18--2143,2/10/2018,5:26 PM,BANK ST @ CAHILL DR/DAZE ST (0012178),12178,02 - Intersection related,03 - P.D. only,04 - Sideswipe,03 - Snow,07 - Dark,03 - Loose snow,01 - Traffic signal,01 - Functioning,2,0,0,0,,0,,,,,371306.8148,5024316.727,45.35564114,-75.65115392,5010
18--1955,2/7/2018,5:07 PM,ST. LAURENT BLVD btwn COVENTRY RD & LEMIEUX ST (__3ZA2C9),__3ZA2C9,01 - Non intersection,03 - P.D. only,03 - Rear end,03 - Snow,01 - Daylight,02 - Wet,10 - No control,,2,0,0,0,,0,,,,,372386.7333,5031754.767,45.4224623,-75.63635349,5011
18--2144,2/10/2018,5:32 PM,RIVER RD btwn HONEY GABLES DR & RYEBURN DR (__3ZA3H8),__3ZA3H8,01 - Non intersection,03 - P.D. only,07 - SMV other,03 - Snow,07 - Dark,05 - Packed snow,10 - No control,,1,0,0,0,,0,,,,,368025.5403,5016045.008,45.28151718,-75.69408535,5012
18--2145,2/10/2018,5:38 AM,BANK ST @ CATHERINE ST (0002708),2708,02 - Intersection related,03 - P.D. only,01 - Approaching,03 - Snow,07 - Dark,03 - Loose snow,01 - Traffic signal,01 - Functioning,2,0,0,0,,0,,,,,368039.7052,5030267.572,45.40948749,-75.69208641,5013
18--2146,2/10/2018,5:38 PM,ORLEANS BLVD @ NAVAN RD (0012474),12474,03 - At intersection,02 - Non-fatal injury,01 - Approaching,03 - Snow,07 - Dark,05 - Packed snow,01 - Traffic signal,01 - Functioning,2,0,0,0,01 - Minimal,1,1,,,,380596.5182,5033091.747,45.43365014,-75.53125454,5014
18--2147,2/10/2018,5:39 PM,HARVEST VALLEY AVE E @ LAKERIDGE DR (0013467),13467,02 - Intersection related,03 - P.D. only,03 - Rear end,03 - Snow,05 - Dusk,03 - Loose snow,02 - Stop sign,01 - Functioning,2,0,0,0,,0,,,,,385101.0767,5034574.453,45.44648742,-75.47344949,5015
18--2148,2/10/2018,5:40 AM,BANK ST btwn TURN LANE & SPRINGHILL RD (__3ZA2LG),__3ZA2LG,01 - Non intersection,03 - P.D. only,01 - Approaching,03 - Snow,07 - Dark,04 - Slush,10 - No control,,2,0,0,0,,0,,,,,384989.099,5006654.184,45.19529373,-75.47940131,5016
18--2149,2/10/2018,5:41 PM,ST. LAURENT BLVD @ MCARTHUR AVE (0008246),8246,02 - Intersection related,03 - P.D. only,05 - Turning movement,03 - Snow,07 - Dark,03 - Loose snow,01 - Traffic signal,01 - Functioning,2,0,0,0,,0,,,,,371921.7187,5032887.574,45.43269955,-75.64214055,5017
18--215,1/4/2018,4:30 PM,GREENBANK RD @ WEST HUNT CLUB RD (0005167),5167,02 - Intersection related,03 - P.D. only,03 - Rear end,01 - Clear,05 - Dusk,03 - Loose snow,01 - Traffic signal,01 - Functioning,2,0,0,0,,0,,,,,361479.6771,5020502.48,45.32218391,-75.77700659,5018
18--2150,2/10/2018,5:51 PM,RIOCAN AVE @ STRANDHERD DR (0010997),10997,03 - At intersection,03 - P.D. only,05 - Turning movement,03 - Snow,05 - Dusk,03 - Loose snow,01 - Traffic signal,01 - Functioning,2,0,0,0,,0,,,,,364172.2089,5014944.573,45.27195147,-75.74332964,5019
18--2151,2/10/2018,5:54 PM,BASELINE RD @ GREENBANK RD (0002357),2357,02 - Intersection related,03 - P.D. only,03 - Rear end,03 - Snow,07 - Dark,04 - Slush,01 - Traffic signal,01 - Functioning,2,0,0,0,,0,,,,,360597.6843,5022584.501,45.3409886,-75.78802152,5020
18--2152,2/10/2018,5:55 PM,HWY417 IC119B RAMP76 btwn HIGHWAY 417 & O'CONNOR ST (__3ZAY7P),__3ZAY7P,01 - Non intersection,03 - P.D. only,99 - Other,03 - Snow,07 - Dark,03 - Loose snow,10 - No control,,2,0,0,0,,0,,,,,368166.9215,5030288.802,45.409667,-75.69045861,5021
18--2153,2/10/2018,6:14 PM,RIVERSIDE DR btwn 175 S OF HUNT CLUB  RD & HUNT CLUB RD (__7JIWK3B),__7JIWK3B,01 - Non intersection,03 - P.D. only,03 - Rear end,03 - Snow,07 - Dark,03 - Loose snow,10 - No control,,2,0,0,0,,0,,,,,368037.926,5021826.716,45.33353899,-75.69318977,5022
18--2154,2/10/2018,6:22 PM,HIGHWAY 417 btwn HWY 417 ANDERSON IC104R61 & HWY 417 BOUNDARY IC96R16 (__3ZA2W5),__3ZA2W5,01 - Non intersection,03 - P.D. only,07 - SMV other,03 - Snow,07 - Dark,03 - Loose snow,10 - No control,,1,0,0,0,,0,,,,,387215.9225,5023907.194,45.35026714,-75.44820062,5023
18--2155,2/10/2018,6:30 PM,HIGHWAY 417 btwn HWY417 IC119B RAMP57 & HWY417 IC119A RAMP75 (__3ZA1QN),__3ZA1QN,01 - Non intersection,03 - P.D. only,03 - Rear end,03 - Snow,07 - Dark,04 - Slush,10 - No control,,2,0,0,0,,0,,,,,368609.1576,5030525.685,45.41175821,-75.68477875,5024
18--2156,2/10/2018,6:56 PM,DEBRA AVE btwn BELLAMY ST & END (__3ZA149),__3ZA149,04 - At/near private drive,03 - P.D. only,06 - SMV unattended vehicle,03 - Snow,07 - Dark,03 - Loose snow,10 - No control,,1,0,0,0,,0,,,,,366933.981,5025483.124,45.36653727,-75.70681348,5025
18--2157,2/10/2018,7:11 PM,GLADSTONE AVE btwn LORETTA AVE N & PRESTON ST (__3ZA31H),__3ZA31H,01 - Non intersection,03 - P.D. only,01 - Approaching,03 - Snow,07 - Dark,03 - Loose snow,10 - No control,,2,0,0,0,,0,,,,,366434.1601,5029687.66,45.40441283,-75.71266844,5026
18--2158,2/10/2018,7:20 PM,ALBION RD @ HUNT CLUB RD (0006974),6974,03 - At intersection,03 - P.D. only,05 - Turning movement,03 - Snow,07 - Dark,05 - Packed snow,01 - Traffic signal,01 - Functioning,3,0,0,0,,0,,,,,371867.734,5024320.518,45.35562183,-75.64399503,5027
18--2159,2/10/2018,7:27 PM,REGIONAL ROAD 174 btwn OR174 IC105 RAMP26 & OR174 IC105 RAMP63 (__3ZA2XB),__3ZA2XB,01 - Non intersection,03 - P.D. only,04 - Sideswipe,03 - Snow,07 - Dark,03 - Loose snow,10 - No control,,2,0,0,0,,0,,,,,379479.8249,5037078.729,45.4696422,-75.54491953,5028
18--216,1/4/2018,4:40 PM,HIGHWAY 417 btwn HWY417 IC126 RAMP61 & HWY417 IC124 RAMP76 (__3ZA2Y2),__3ZA2Y2,01 - Non intersection,03 - P.D. only,04 - Sideswipe,01 - Clear,05 - Dusk,06 - Ice,10 - No control,,2,0,0,0,,0,,,,,364098.703,5027109.691,45.38141847,-75.74280937,5029
18--2160,2/10/2018,7:29 PM,MITCH OWENS RD btwn LIMEBANK RD & DOWNEY RD (__3ZA3H4),__3ZA3H4,01 - Non intersection,03 - P.D. only,07 - SMV other,03 - Snow,07 - Dark,03 - Loose snow,10 - No control,,1,0,0,0,,0,,,,,371927.5013,5012270.36,45.24719188,-75.64486387,5030
18--2161,2/10/2018,7:53 AM,BALLYCASTLE CRES btwn TULLAMORE ST & KILLYMOON WAY (2) (__4BBCDO),__4BBCDO,04 - At/near private drive,03 - P.D. only,02 - Angle,01 - Clear,01 - Daylight,04 - Slush,10 - No control,,2,0,0,0,,0,,,,,375646.8696,5015144.994,45.2726924,-75.59707875,5031
18--2162,2/10/2018,8:04 AM,BANK ST @ JOHNSTON RD (0006967),6967,02 - Intersection related,03 - P.D. only,03 - Rear end,01 - Clear,01 - Daylight,02 - Wet,01 - Traffic signal,01 - Functioning,2,0,0,0,,0,,,,,370851.7306,5024839.527,45.36038815,-75.6568918,5032
18--2163,2/10/2018,9:05 AM,ROGER STEVENS DR btwn DORACK DR & FIRST LINE RD (__3ZA39X),__3ZA39X,04 - At/near private drive,03 - P.D. only,05 - Turning movement,01 - Clear,01 - Daylight,02 - Wet,10 - No control,,2,0,0,0,,0,,,,,371232.0424,5002262.083,45.15720414,-75.65505646,5033
18--2164,2/10/2018,9:21 PM,MACKENZIE AVE @ RIDEAU ST (0002136),2136,03 - At intersection,03 - P.D. only,02 - Angle,03 - Snow,07 - Dark,04 - Slush,01 - Traffic signal,01 - Functioning,2,0,0,0,,0,,,,,367868.6539,5032008.883,45.42517067,-75.69404858,5034
18--2165,2/10/2018,9:25 PM,HAZELDEAN RD @ HUNTMAR DR/IBER RD (0000075),75,02 - Intersection related,03 - P.D. only,03 - Rear end,03 - Snow,07 - Dark,03 - Loose snow,01 - Traffic signal,01 - Functioning,2,0,0,0,,0,,,,,350942.5979,5016079.432,45.28315583,-75.911819,5035
18--2166,2/10/2018,9:25 PM,HIGHWAY 417 btwn HWY417 IC129 RAMP25 & TRANSIT (__3ZA2SH),__3ZA2SH,01 - Non intersection,03 - P.D. only,04 - Sideswipe,03 - Snow,07 - Dark,04 - Slush,10 - No control,,2,0,0,0,,0,,,,,361043.8371,5023987.331,45.3535756,-75.78216952,5036
18--2167,2/10/2018,9:35 AM,BESSERER ST @ NELSON ST (0008520),8520,02 - Intersection related,03 - P.D. only,03 - Rear end,01 - Clear,01 - Daylight,04 - Slush,02 - Stop sign,01 - Functioning,2,0,0,0,,0,,,,,368690.7119,5032425.59,45.42884545,-75.68349055,5037
18--2168,2/10/2018,9:58 PM,BOOTH ST btwn WILLOW ST & BALSAM ST (__3ZA31A),__3ZA31A,01 - Non intersection,03 - P.D. only,03 - Rear end,03 - Snow,07 - Dark,02 - Wet,10 - No control,,2,0,0,0,,0,,,,,366721.4114,5029961.336,45.40684994,-75.708965,5038
18--2169,2/11/2018,1:10 PM,LAJOIE ST @ MONTREAL RD (0009795),9795,02 - Intersection related,02 - Non-fatal injury,03 - Rear end,01 - Clear,01 - Daylight,02 - Wet,01 - Traffic signal,01 - Functioning,2,0,0,0,01 - Minimal,1,1,,,,370534.7053,5033327.477,45.43678936,-75.65980681,5039
18--217,1/4/2018,4:41 AM,HIGHWAY 417 btwn HWY417 IC127 RAMP63 & HWY417 IC127 RAMP67 (__3ZA2RF),__3ZA2RF,01 - Non intersection,03 - P.D. only,07 - SMV other,01 - Clear,07 - Dark,01 - Dry,10 - No control,,1,0,0,0,,0,,,,,362312.4444,5024998.417,45.36257037,-75.76586219,5040
18--2170,2/11/2018,1:20 PM,FAIRMONT AVE @ WELLINGTON ST (0006497),6497,02 - Intersection related,03 - P.D. only,05 - Turning movement,04 - Freezing Rain,01 - Daylight,06 - Ice,01 - Traffic signal,01 - Functioning,2,0,0,0,,0,,,,,365555.4905,5029697.89,45.40458169,-75.7238905,5041
18--2171,2/11/2018,10:01 PM,CARLING AVE EB btwn BROADVIEW AVE & BOYD AVE (__3ZA4UB),__3ZA4UB,01 - Non intersection,02 - Non-fatal injury,07 - SMV other,04 - Freezing Rain,07 - Dark,04 - Slush,10 - No control,,1,0,0,0,02 - Minor,1,,1,,,363374.9752,5026739.18,45.37814555,-75.75209387,5042
18--2172,2/11/2018,11:45 PM,PRINCE OF WALES DR btwn NATIONAL CAPITAL COMM DRWY & HARTWELL LOCKS/54 (__3ZA30ZA),__3ZA30ZA,01 - Non intersection,03 - P.D. only,07 - SMV other,04 - Freezing Rain,07 - Dark,06 - Ice,10 - No control,,1,0,0,0,,0,,,,,366891.7256,5028063.679,45.38976024,-75.70702835,5043
18--2173,2/11/2018,Unknown,CAMBRIDGE ST    S btwn PLYMOUTH ST & POWELL AVE (__3ZBOU2),__3ZBOU2,01 - Non intersection,03 - P.D. only,06 - SMV unattended vehicle,04 - Freezing Rain,00 - Unknown,03 - Loose snow,10 - No control,,1,0,0,0,,0,,,,,367265.521,5029477.65,45.40244952,-75.70207604,5044
18--2174,2/11/2018,12:04 AM,HAWTHORNE RD @ WHYTE SIDE RD (0009314),9314,03 - At intersection,03 - P.D. only,02 - Angle,01 - Clear,07 - Dark,03 - Loose snow,02 - Stop sign,01 - Functioning,2,0,0,0,,0,,,,,376247.7473,5024595.515,45.3576635,-75.5880588,5045
18--2175,2/11/2018,12:08 AM,ELGIN ST @ SLATER ST (0002228),2228,03 - At intersection,03 - P.D. only,07 - SMV other,04 - Freezing Rain,07 - Dark,02 - Wet,01 - Traffic signal,01 - Functioning,1,0,0,0,,0,,,,,367890.6414,5031646.496,45.42190805,-75.69381404,5046
18--2176,2/11/2018,12:56 PM,FALLOWFIELD RD @ GREENBANK RD (0000549),549,02 - Intersection related,02 - Non-fatal injury,05 - Turning movement,01 - Clear,01 - Daylight,02 - Wet,01 - Traffic signal,01 - Functioning,2,0,0,0,01 - Minimal,1,1,,,,363080.6756,5016732.455,45.28813019,-75.75702959,5047
18--2177,2/11/2018,2:10 PM,AVIATION PKWY btwn TO BE DETERMINED & OGILVIE RD (__3ZA21X),__3ZA21X,01 - Non intersection,03 - P.D. only,04 - Sideswipe,01 - Clear,01 - Daylight,01 - Dry,10 - No control,,2,0,0,0,,0,,,,,373104.1196,5032394.306,45.42814688,-75.62709886,5048
18--2178,2/11/2018,2:18 PM,CONROY RD @ WALKLEY RD (0002648),2648,03 - At intersection,03 - P.D. only,05 - Turning movement,02 - Rain,01 - Daylight,02 - Wet,01 - Traffic signal,01 - Functioning,2,0,0,0,,0,,,,,372903.7222,5027463.531,45.38380156,-75.63034063,5049
18--2179,2/11/2018,2:41 PM,WALKLEY RD @ HEATHERINGTON RD (0006928),6928,03 - At intersection,03 - P.D. only,05 - Turning movement,01 - Clear,01 - Daylight,01 - Dry,01 - Traffic signal,01 - Functioning,2,0,0,0,,0,,,,,371766.7245,5026794.527,45.37789173,-75.64494877,5050
18--218,1/4/2018,4:45 PM,WOODROFFE AVE @ DEERFOX DR/STONEWAY DR (0004601),4601,02 - Intersection related,03 - P.D. only,04 - Sideswipe,03 - Snow,05 - Dusk,05 - Packed snow,01 - Traffic signal,01 - Functioning,2,0,0,0,,0,,,,,365885.6979,5015940.439,45.28076547,-75.7213715,5051
18--2180,2/11/2018,2:45 AM,HIGHWAY 417 btwn RAMP & HWY417 IC129 RAMP76 (__3ZA2X8),__3ZA2X8,01 - Non intersection,02 - Non-fatal injury,07 - SMV other,01 - Clear,07 - Dark,02 - Wet,10 - No control,,1,0,0,0,02 - Minor,1,,1,,,359746.9723,5023146.785,45.34611518,-75.79881332,5052
18--2181,2/11/2018,3:38 AM,VIEWMOUNT DR btwn OVERLAKE DR & BISCAYNE CRES (__3ZA0AM),__3ZA0AM,01 - Non intersection,03 - P.D. only,02 - Angle,03 - Snow,07 - Dark,03 - Loose snow,10 - No control,,2,0,0,0,,0,,,,,365793.3876,5023073.279,45.34495407,-75.72166996,5053
18--2182,2/11/2018,3:43 PM,ELGIN ST @ SLATER ST (0002228),2228,02 - Intersection related,03 - P.D. only,02 - Angle,02 - Rain,01 - Daylight,04 - Slush,01 - Traffic signal,01 - Functioning,2,0,0,0,,0,,,,,367890.7072,5031646.575,45.42190876,-75.69381319,5054
18--2183,2/11/2018,4:30 PM,ROCKCLIFFE PKWY btwn LISGAR RD & BUENA VISTA RD (__3ZAZPE),__3ZAZPE,01 - Non intersection,02 - Non-fatal injury,01 - Approaching,03 - Snow,01 - Daylight,03 - Loose snow,10 - No control,,2,0,0,0,01 - Minimal,1,1,,,,368276.2988,5035176.045,45.45363074,-75.68843137,5055
18--2184,2/11/2018,4:45 PM,BRONSON AVE @ FIRST AVE (0007719),7719,02 - Intersection related,03 - P.D. only,04 - Sideswipe,04 - Freezing Rain,05 - Dusk,02 - Wet,02 - Stop sign,00 - Unknown,2,0,0,0,,0,,,,,367489.7068,5029236.562,45.40026024,-75.69924326,5056
18--2185,2/11/2018,4:45 PM,HWY417 IC131 RAMP63 btwn HWY417 IC131 RAMP53 & HWY417 IC131 RAMP66 (__3ZAY4Q),__3ZAY4Q,01 - Non intersection,03 - P.D. only,07 - SMV other,04 - Freezing Rain,01 - Daylight,06 - Ice,10 - No control,,1,0,0,0,,0,,,,,358558.5039,5022868.62,45.34370434,-75.81400868,5057
18--2186,2/11/2018,5:00 PM,ELGIN ST @ LISGAR ST (0006935),6935,02 - Intersection related,03 - P.D. only,03 - Rear end,04 - Freezing Rain,05 - Dusk,06 - Ice,01 - Traffic signal,01 - Functioning,2,0,0,0,,0,,,,,368074.7112,5031345.576,45.41918385,-75.69150084,5058
18--2187,2/11/2018,5:15 PM,HIGHWAY 417 btwn HWY417 IC126 RAMP25 & HWY417 IC124 RAMP57 (__3ZA2R5),__3ZA2R5,01 - Non intersection,03 - P.D. only,07 - SMV other,03 - Snow,07 - Dark,03 - Loose snow,10 - No control,,1,0,0,0,,0,,,,,363426.4077,5026178.32,45.37309471,-75.7515038,5059
18--2188,2/11/2018,5:15 PM,HIGHWAY 417 btwn HWY417 IC126 RAMP25 & HWY417 IC124 RAMP57 (__3ZA2R5),__3ZA2R5,01 - Non intersection,03 - P.D. only,03 - Rear end,03 - Snow,07 - Dark,04 - Slush,10 - No control,,2,0,0,0,,0,,,,,363671.7214,5026507.353,45.37603474,-75.74833288,5060