Anom_ID,Accident_Date,Accident_Time,Location,Geo_ID,Accident_Location,Classification_of_Accident,Initial_Impact_Type,Environment_Condition,Light,Road_Surface_Condition,Traffic_Control,Traffic_Control_Condition,No__of_Vehicles,No__of_Bicycles,No__of_Motorcycles,No__of_Pedestrians,Max_Injury,No__of_Injuries,No__of_Minimal,No__of_Minor,No__of_Major,No__of_Fatal,X,Y,Latitude,Longitude,ObjectId
18--2189,2/11/2018,5:16 PM,CARP RD btwn HWY417 IC144 RAMP16 & HWY417 IC144 RAMP35 (__3ZA3F4),__3ZA3F4,01 - Non intersection,03 - P.D. only,07 - SMV other,04 - Freezing Rain,07 - Dark,04 - Slush,10 - No control,,1,0,0,0,,0,,,,,347389.4088,5015828.149,45.28111895,-75.95713104,5061
18--219,1/4/2018,5:50 PM,HERZBERG RD @ MARCH RD (0003170),3170,03 - At intersection,02 - Non-fatal injury,02 - Angle,01 - Clear,07 - Dark,02 - Wet,01 - Traffic signal,01 - Functioning,3,0,0,0,02 - Minor,4,,4,,,352323.6754,5021527.218,45.33208427,-75.89369295,5062
18--2190,2/11/2018,5:34 PM,CLYDE AVE btwn MAITLAND AVE & BASELINE RD (__3ZA4IR),__3ZA4IR,01 - Non intersection,03 - P.D. only,03 - Rear end,03 - Snow,07 - Dark,04 - Slush,10 - No control,,2,0,0,0,,0,,,,,364350.6969,5024909.287,45.3615982,-75.7398572,5063
18--2191,2/11/2018,5:37 AM,MACFARLANE RD btwn BRIGGS AVE & BELLEDUNE ST (__3ZA3IT),__3ZA3IT,01 - Non intersection,03 - P.D. only,07 - SMV other,01 - Clear,07 - Dark,03 - Loose snow,10 - No control,,1,0,0,0,,0,,,,,366246.6471,5020816.371,45.32460718,-75.71616672,5064
18--2192,2/11/2018,5:57 PM,JEANNE D'ARC BLVD N/OR174 IC105 RAMP63 @ TRANS (0012413),12413,02 - Intersection related,03 - P.D. only,03 - Rear end,04 - Freezing Rain,07 - Dark,06 - Ice,01 - Traffic signal,01 - Functioning,2,0,0,0,,0,,,,,379342.7315,5037116.594,45.46999752,-75.54666683,5065
18--2193,2/11/2018,6:05 PM,HIGHWAY 416 btwn HWY416 IC57 RAMP24 & HWY416 IC49 RAMP42 (__3ZAZGI),__3ZAZGI,01 - Non intersection,03 - P.D. only,07 - SMV other,04 - Freezing Rain,07 - Dark,04 - Slush,10 - No control,,1,0,0,0,,0,,,,,365754.2081,5006346.775,45.19445288,-75.72422297,5066
18--2194,2/11/2018,6:15 PM,REGIONAL ROAD 174 btwn HWY417 IC113 RAMP67 & Continuation of REGIONAL  (__3ZA28A),__3ZA28A,01 - Non intersection,03 - P.D. only,07 - SMV other,03 - Snow,07 - Dark,03 - Loose snow,10 - No control,,1,0,0,0,,0,,,,,373739.9587,5032049.12,45.42497869,-75.61902236,5067
18--2195,2/11/2018,6:19 PM,BLAIR RD btwn OR174 IC112 RAMP15 & MEADOWBROOK RD (__3ZA2E1),__3ZA2E1,01 - Non intersection,03 - P.D. only,07 - SMV other,04 - Freezing Rain,07 - Dark,06 - Ice,10 - No control,,1,0,0,0,,0,,,,,374939.4112,5032622.61,45.4300194,-75.60361486,5068
18--2196,2/11/2018,6:34 PM,CARP RD btwn THOMAS A. DOLAN PKWY & NORMA LANE (__3ZAZ54),__3ZAZ54,01 - Non intersection,03 - P.D. only,07 - SMV other,04 - Freezing Rain,07 - Dark,06 - Ice,10 - No control,,1,0,0,0,,0,,,,,339181.2958,5024250.254,45.35735426,-76.06116827,5069
18--2197,2/11/2018,6:40 PM,PINECREST RD @ QUEENSVIEW DR (0002739),2739,02 - Intersection related,03 - P.D. only,03 - Rear end,03 - Snow,07 - Dark,04 - Slush,01 - Traffic signal,01 - Functioning,2,0,0,0,,0,,,,,360346.6799,5023783.505,45.35179715,-75.79108943,5070
18--2198,2/11/2018,6:50 AM,DONNELLY DR btwn MILL POND LANE & DWYER HILL RD (__3ZA4ZR),__3ZA4ZR,01 - Non intersection,03 - P.D. only,07 - SMV other,01 - Clear,03 - Dawn,05 - Packed snow,10 - No control,,1,0,0,0,,0,,,,,360025.3714,4982816.822,44.98319269,-75.7997214,5071
18--2199,2/11/2018,6:50 PM,BLACKBURN BYPASS @ NAVAN RD (0004201),4201,02 - Intersection related,03 - P.D. only,03 - Rear end,04 - Freezing Rain,07 - Dark,06 - Ice,01 - Traffic signal,01 - Functioning,2,0,0,0,,0,,,,,379617.7472,5033274.562,45.43540038,-75.54373454,5072
18--22,1/1/2018,3:38 PM,BAYSHORE DR btwn WOODRIDGE CRES S & BAYSHORE CS (__3ZAA4OB),__3ZAA4OB,01 - Non intersection,02 - Non-fatal injury,05 - Turning movement,01 - Clear,01 - Daylight,01 - Dry,10 - No control,,2,0,0,0,02 - Minor,1,,1,,,359226.3519,5023517.868,45.34949479,-75.80541571,5073
18--220,1/4/2018,5:56 PM,IRIS ST @ WOODROFFE AVE (0002736),2736,03 - At intersection,03 - P.D. only,05 - Turning movement,03 - Snow,07 - Dark,03 - Loose snow,01 - Traffic signal,01 - Functioning,2,0,0,0,,0,,,,,362282.4308,5024439.952,45.35754781,-75.76631022,5074
18--2200,2/11/2018,6:56 PM,MARCH RD @ TERRY FOX DR (0003173),3173,02 - Intersection related,03 - P.D. only,07 - SMV other,04 - Freezing Rain,07 - Dark,06 - Ice,01 - Traffic signal,01 - Functioning,1,0,0,0,,0,,,,,349864.3473,5023399.509,45.34909382,-75.92489689,5075
18--2201,2/11/2018,7:15 PM,INNES RD @ ORLEANS BLVD (0003611),3611,03 - At intersection,03 - P.D. only,05 - Turning movement,03 - Snow,07 - Dark,03 - Loose snow,01 - Traffic signal,01 - Functioning,2,0,0,0,,0,,,,,380460.7947,5034296.403,45.44450342,-75.53280378,5076
18--2202,2/11/2018,7:31 PM,MCCORDICK RD btwn DOBSON LANE & MCCORDICK RD (__3ZA2O6),__3ZA2O6,01 - Non intersection,03 - P.D. only,07 - SMV other,03 - Snow,07 - Dark,02 - Wet,10 - No control,,1,0,0,0,,0,,,,,359890.6608,5003786.805,45.1719001,-75.79912638,5077
18--2203,2/11/2018,8:09 PM,GREENBANK RD btwn WEST HUNT CLUB RD & FALLOWFIELD RD (__3ZA1NE),__3ZA1NE,01 - Non intersection,03 - P.D. only,01 - Approaching,03 - Snow,07 - Dark,06 - Ice,10 - No control,,2,0,0,0,,0,,,,,361600.6784,5020226.915,45.31969459,-75.77549485,5078
18--2204,2/11/2018,8:11 PM,HIGHWAY 417 btwn HWY417 IC134 RAMP25 & HWY417 IC131 RAMP53 (__3ZA2LE),__3ZA2LE,01 - Non intersection,03 - P.D. only,04 - Sideswipe,04 - Freezing Rain,07 - Dark,04 - Slush,10 - No control,,2,0,0,0,,0,,,,,357148.4479,5022553.371,45.34097435,-75.83203396,5079
18--2205,2/11/2018,8:35 PM,INNES RD @ 298 E OF WILDFLOWER DR/LOBLAWS SC (0012918),12918,02 - Intersection related,03 - P.D. only,03 - Rear end,01 - Clear,07 - Dark,05 - Packed snow,01 - Traffic signal,01 - Functioning,2,0,0,0,,0,,,,,383190.7572,5035796.563,45.45769975,-75.49767201,5080
18--2206,2/11/2018,8:50 PM,HIGHWAY 417 btwn HWY417 IC88 RAMP51 & HWY417 IC88 RAMP15 (__3ZAZE3),__3ZAZE3,01 - Non intersection,03 - P.D. only,07 - SMV other,04 - Freezing Rain,07 - Dark,04 - Slush,10 - No control,,1,0,0,0,,0,,,,,394956.7075,5022431.949,45.33604221,-75.34970004,5081
18--2207,2/11/2018,8:55 PM,GRANT CARMAN DR @ MEADOWLANDS DR (0001111),1111,02 - Intersection related,03 - P.D. only,05 - Turning movement,01 - Clear,07 - Dark,04 - Slush,01 - Traffic signal,01 - Functioning,2,0,0,0,,0,,,,,365051.6935,5023901.507,45.35247045,-75.73103287,5082
18--2208,2/11/2018,9:27 AM,LAURIER AVE @ NICHOLAS ST (0010711),10711,02 - Intersection related,03 - P.D. only,99 - Other,03 - Snow,01 - Daylight,04 - Slush,01 - Traffic signal,01 - Functioning,2,0,0,0,,0,,,,,368371.8948,5031799.664,45.42324264,-75.68764533,5083
18--2209,2/11/2018,9:43 AM,FRASER FIELDS WAY @ STRANDHERD DR (0013567),13567,03 - At intersection,02 - Non-fatal injury,02 - Angle,01 - Clear,01 - Daylight,02 - Wet,02 - Stop sign,01 - Functioning,2,0,0,0,01 - Minimal,1,1,,,,362949.5871,5013991.964,45.26348201,-75.75902158,5084
18--221,1/4/2018,6:16 PM,RIDEAU ST btwn CHARLOTTE ST & WURTEMBURG ST (__3ZA3XQ),__3ZA3XQ,04 - At/near private drive,03 - P.D. only,02 - Angle,01 - Clear,07 - Dark,02 - Wet,10 - No control,,2,0,0,0,,0,,,,,369292.5661,5032884.679,45.43292091,-75.67573965,5085
18--2210,2/11/2018,9:50 PM,HIGHWAY 417 btwn HWY417 IC124 RAMP65 & HWY417 IC122 RAMP51 (__3ZA2R8),__3ZA2R8,01 - Non intersection,03 - P.D. only,07 - SMV other,04 - Freezing Rain,07 - Dark,04 - Slush,10 - No control,,1,0,0,0,,0,,,,,365111.5907,5028641.744,45.39511711,-75.72968965,5086
18--2211,2/12/2018,1:01 PM,DONALD ST @ ST. LAURENT BLVD (0008630),8630,02 - Intersection related,03 - P.D. only,04 - Sideswipe,01 - Clear,01 - Daylight,03 - Loose snow,01 - Traffic signal,01 - Functioning,2,0,0,0,,0,,,,,372093.7129,5032472.585,45.42894914,-75.63999931,5087
18--2212,2/12/2018,10:23 AM,CHARLOTTE ST @ WILBROD ST (0007739),7739,03 - At intersection,03 - P.D. only,05 - Turning movement,01 - Clear,01 - Daylight,02 - Wet,02 - Stop sign,01 - Functioning,2,0,0,0,,0,,,,,369415.7144,5032590.586,45.43026341,-75.67420448,5088
18--2213,2/12/2018,10:27 AM,STONEWAY DR btwn FOREST GATE WAY & MOUNTAIN ASH DR (__3ZACE4),__3ZACE4,01 - Non intersection,03 - P.D. only,06 - SMV unattended vehicle,01 - Clear,01 - Daylight,05 - Packed snow,10 - No control,,1,0,0,0,,0,,,,,366204.7094,5016873.124,45.28912992,-75.71719018,5089
18--2214,2/12/2018,10:43 AM,BARIBEAU ST @ MONTFORT ST (0010015),10015,02 - Intersection related,03 - P.D. only,99 - Other,01 - Clear,01 - Daylight,03 - Loose snow,02 - Stop sign,01 - Functioning,2,0,0,0,,0,,,,,369948.3562,5033506.595,45.43845587,-75.66727677,5090
18--2215,2/12/2018,11:25 AM,MONTREAL RD @ OGILVIE RD (0009279),9279,02 - Intersection related,03 - P.D. only,03 - Rear end,01 - Clear,01 - Daylight,02 - Wet,01 - Traffic signal,01 - Functioning,2,0,0,0,,0,,,,,375654.7349,5034556.586,45.44734806,-75.59419573,5091
18--2216,2/12/2018,11:50 PM,LEES AVE btwn HWY417 IC118 RAMP45 & TRANSIT (__3ZA3CM),__3ZA3CM,04 - At/near private drive,03 - P.D. only,05 - Turning movement,01 - Clear,07 - Dark,02 - Wet,10 - No control,,2,0,0,0,,0,,,,,369657.4339,5030951.522,45.41549337,-75.6713314,5092
18--2217,2/12/2018,Unknown,CLEMOW AVE btwn CAMBRIDGE ST S & BRONSON AVE (__3ZA92H),__3ZA92H,04 - At/near private drive,03 - P.D. only,06 - SMV unattended vehicle,01 - Clear,00 - Unknown,05 - Packed snow,10 - No control,,1,0,0,0,,0,,,,,367408.5151,5029390.589,45.4016534,-75.70026069,5093
18--2218,2/12/2018,Unknown,FULTON AVE btwn AYLMER AVE & WOODBINE PL (__3ZA8GY),__3ZA8GY,01 - Non intersection,03 - P.D. only,06 - SMV unattended vehicle,01 - Clear,00 - Unknown,01 - Dry,10 - No control,,1,0,0,0,,0,,,,,367982.8199,5028278.315,45.39159389,-75.69306791,5094
18--2219,2/12/2018,12:01 AM,HIGHWAY 417 btwn HWY 417 ANDERSON IC104R61 & HWY 417 BOUNDARY IC96R16 (__3ZA2W5),__3ZA2W5,01 - Non intersection,02 - Non-fatal injury,04 - Sideswipe,01 - Clear,07 - Dark,04 - Slush,10 - No control,,2,0,0,0,01 - Minimal,1,1,,,,385786.6711,5024415.778,45.35500947,-75.46635455,5095
18--222,1/4/2018,6:37 PM,FALLOWFIELD RD @ MOODIE DR (0010412),10412,02 - Intersection related,03 - P.D. only,03 - Rear end,05 - Drifting Snow,07 - Dark,06 - Ice,01 - Traffic signal,01 - Functioning,2,0,0,0,,0,,,,,359501.6557,5014636.413,45.26955743,-75.80288294,5096
18--2220,2/12/2018,12:20 PM,CENTER ST btwn MONTREAL RD & PAUL AVE (__3ZA8W2),__3ZA8W2,04 - At/near private drive,03 - P.D. only,04 - Sideswipe,01 - Clear,01 - Daylight,01 - Dry,10 - No control,,2,0,0,0,,0,,,,,371836.4908,5033913.829,45.44194148,-75.64308994,5097
18--2221,2/12/2018,12:21 PM,TREMBLAY RD @ TRAIN STATION (0011360),11360,03 - At intersection,02 - Non-fatal injury,02 - Angle,01 - Clear,01 - Daylight,02 - Wet,01 - Traffic signal,01 - Functioning,2,0,0,0,02 - Minor,1,,1,,,371168.4496,5031284.46,45.41834732,-75.65198276,5098
18--2222,2/12/2018,12:49 PM,ST. LAURENT BLVD @ WALKLEY RD (0007653),7653,02 - Intersection related,03 - P.D. only,03 - Rear end,03 - Snow,01 - Daylight,02 - Wet,01 - Traffic signal,01 - Functioning,2,0,0,0,,0,,,,,373902.7501,5028046.855,45.3889522,-75.61750325,5099
18--2223,2/12/2018,2:24 PM,HWY417 IC131 RAMP66 btwn HWY417 IC130 RAMP36 & HWY417 IC131 RAMP63 (__3ZA1SX),__3ZA1SX,01 - Non intersection,03 - P.D. only,04 - Sideswipe,01 - Clear,01 - Daylight,01 - Dry,10 - No control,,2,0,0,0,,0,,,,,358428.2503,5022887.589,45.343885,-75.81566862,5100
18--2224,2/12/2018,2:58 PM,OR174 IC109 RAMP64 @ REGIONAL RD 174 (0012401),12401,02 - Intersection related,03 - P.D. only,04 - Sideswipe,01 - Clear,01 - Daylight,03 - Loose snow,10 - No control,,2,0,0,0,,0,,,,,376585.7307,5035278.576,45.45374907,-75.58219008,5101
18--1956,2/7/2018,5:11 PM,LAURIER AVE @ O'CONNOR ST (0002224),2224,02 - Intersection related,03 - P.D. only,03 - Rear end,03 - Snow,01 - Daylight,03 - Loose snow,01 - Traffic signal,01 - Functioning,2,0,0,0,,0,,,,,367636.7005,5031358.578,45.41934031,-75.69709535,5102
18--1957,2/7/2018,5:13 PM,MEADOWLANDS DR @ MERIVALE RD (0000625),625,03 - At intersection,02 - Non-fatal injury,05 - Turning movement,03 - Snow,05 - Dusk,04 - Slush,01 - Traffic signal,01 - Functioning,2,0,0,0,01 - Minimal,1,1,,,,364858.7004,5023725.51,45.35090341,-75.73351712,5103
18--1958,2/7/2018,5:14 PM,MERIVALE RD @ BENTLEY AVE/CAMELOT DR (0009792),9792,02 - Intersection related,03 - P.D. only,99 - Other,03 - Snow,05 - Dusk,02 - Wet,01 - Traffic signal,01 - Functioning,2,0,0,0,,0,,,,,365772.2343,5021560.194,45.33134138,-75.72212632,5104
18--1959,2/7/2018,5:16 PM,ST. LAURENT BLVD btwn SHORE ST & BELFAST RD (__3ZA2GU),__3ZA2GU,01 - Non intersection,03 - P.D. only,99 - Other,03 - Snow,05 - Dusk,03 - Loose snow,10 - No control,,2,0,0,0,,0,,,,,372840.8635,5030630.13,45.41229933,-75.63070642,5105
18--196,1/3/2018,9:45 PM,CARLING AVE @ BAYSHORE DR/BIRCHDALE AVE (0000021),21,02 - Intersection related,03 - P.D. only,03 - Rear end,01 - Clear,07 - Dark,02 - Wet,01 - Traffic signal,01 - Functioning,2,0,0,0,,0,,,,,359004.5226,5023990.612,45.35376572,-75.80819464,5106
18--1960,2/7/2018,5:20 PM,BANK ST @ KILBORN AVE/BELANGER AVE (0007208),7208,03 - At intersection,03 - P.D. only,05 - Turning movement,03 - Snow,05 - Dusk,03 - Loose snow,01 - Traffic signal,01 - Functioning,2,0,0,0,,0,,,,,369653.7202,5027427.548,45.38378622,-75.67184221,5107
18--1961,2/7/2018,5:22 PM,RENAUD RD @ SADDLERIDGE DR (0013678),13678,02 - Intersection related,03 - P.D. only,03 - Rear end,03 - Snow,05 - Dusk,03 - Loose snow,02 - Stop sign,01 - Functioning,2,0,0,0,,0,,,,,381580.8351,5032591.7,45.42904372,-75.51875393,5108
18--1962,2/7/2018,5:23 PM,BANK ST btwn RIDEAU RD & TURN LANE (__3ZBPH9),__3ZBPH9,01 - Non intersection,03 - P.D. only,03 - Rear end,03 - Snow,05 - Dusk,03 - Loose snow,10 - No control,,2,0,0,0,,0,,,,,376960.8245,5017829.789,45.29671555,-75.57994452,5109
18--1963,2/7/2018,5:28 PM,RIOCAN AVE @ STRANDHERD DR (0010997),10997,03 - At intersection,02 - Non-fatal injury,05 - Turning movement,03 - Snow,07 - Dark,03 - Loose snow,01 - Traffic signal,01 - Functioning,3,0,0,0,01 - Minimal,1,1,,,,364172.2091,5014944.572,45.27195146,-75.74332964,5110
18--1964,2/7/2018,5:46 PM,CLEOPATRA DR btwn CAESAR AVE & CAESAR AVE (__3ZA5EO),__3ZA5EO,01 - Non intersection,03 - P.D. only,99 - Other,03 - Snow,07 - Dark,05 - Packed snow,10 - No control,,2,0,0,0,,0,,,,,365548.7486,5020942.191,45.32580005,-75.72505308,5111
18--1965,2/7/2018,6:00 PM,DUMAURIER AVE btwn ALENMEDE CRES & RAMSEY CRES (__3ZBOIH),__3ZBOIH,01 - Non intersection,03 - P.D. only,01 - Approaching,03 - Snow,07 - Dark,03 - Loose snow,10 - No control,,2,0,0,0,,0,,,,,359952.1274,5023266.36,45.34717502,-75.79618217,5112
18--1966,2/7/2018,6:00 PM,HAZELDEAN RD @ HUNTMAR DR/IBER RD (0000075),75,03 - At intersection,03 - P.D. only,05 - Turning movement,03 - Snow,07 - Dark,03 - Loose snow,01 - Traffic signal,01 - Functioning,2,0,0,0,,0,,,,,350942.5978,5016079.432,45.28315583,-75.911819,5113
18--1967,2/7/2018,6:15 AM,WEST HUNT CLUB RD btwn HWY416 IC72 RAMP34 & HWY416 IC72 RAMP63 (__3ZA1NG),__3ZA1NG,01 - Non intersection,03 - P.D. only,07 - SMV other,01 - Clear,07 - Dark,03 - Loose snow,10 - No control,,1,0,0,0,,0,,,,,359461.1861,5019414.408,45.31255345,-75.80287213,5114
18--1968,2/7/2018,6:17 PM,COVENTRY RD @ VANIER PKWY (0002139),2139,02 - Intersection related,03 - P.D. only,04 - Sideswipe,03 - Snow,07 - Dark,03 - Loose snow,01 - Traffic signal,01 - Functioning,2,0,0,0,,0,,,,,370676.3845,5031611.703,45.42133822,-75.65822564,5115
18--1969,2/7/2018,6:25 PM,HWY417 IC119A RAMP75 btwn METCALFE ST & HIGHWAY 417 (__3ZAY9U),__3ZAY9U,01 - Non intersection,03 - P.D. only,04 - Sideswipe,03 - Snow,07 - Dark,03 - Loose snow,10 - No control,,2,0,0,0,,0,,,,,368605.5291,5030518.943,45.41169788,-75.68482597,5116
18--197,1/4/2018,1:03 PM,EARL ARMSTRONG RD @ RIVER RD (0012470),12470,02 - Intersection related,02 - Non-fatal injury,03 - Rear end,01 - Clear,01 - Daylight,01 - Dry,01 - Traffic signal,01 - Functioning,2,0,0,0,01 - Minimal,1,1,,,,367572.3701,5014684.398,45.26931514,-75.70003323,5117
18--1970,2/7/2018,6:30 AM,HIGHWAY 417 btwn HWY417 IC127 RAMP25 & HWY417 IC126 RAMP51 (__3ZA2XA),__3ZA2XA,01 - Non intersection,02 - Non-fatal injury,03 - Rear end,01 - Clear,07 - Dark,01 - Dry,10 - No control,,3,0,0,0,01 - Minimal,1,1,,,,363041.1227,5025653.997,45.36840904,-75.75648422,5118
18--1971,2/7/2018,6:34 PM,MCCARTHY RD @ PLANTE DR N (0007480),7480,03 - At intersection,03 - P.D. only,03 - Rear end,03 - Snow,07 - Dark,05 - Packed snow,01 - Traffic signal,01 - Functioning,3,0,0,0,,0,,,,,369605.7146,5024193.506,45.35469172,-75.67287941,5119
18--1972,2/7/2018,6:35 PM,AIRPORT PKWY btwn RAMP & TO BE DETERMINED (__3ZA222),__3ZA222,01 - Non intersection,03 - P.D. only,04 - Sideswipe,03 - Snow,07 - Dark,03 - Loose snow,10 - No control,,2,0,0,0,,0,,,,,369151.5137,5026098.903,45.37187779,-75.67842769,5120
18--1973,2/7/2018,6:54 PM,BLOOMINGTON ST @ ST. BERNARD ST (0004308),4308,03 - At intersection,03 - P.D. only,07 - SMV other,03 - Snow,07 - Dark,03 - Loose snow,02 - Stop sign,00 - Unknown,1,0,0,0,,0,,,,,373229.0878,5023849.896,45.35125582,-75.62668682,5121
18--1974,2/7/2018,7:03 PM,RIDEAU ST btwn KING EDWARD AVE & NELSON ST (__3ZA3VG),__3ZA3VG,01 - Non intersection,03 - P.D. only,04 - Sideswipe,03 - Snow,07 - Dark,03 - Loose snow,10 - No control,,3,0,0,0,,0,,,,,368633.0843,5032487.981,45.42941208,-75.68421885,5122
18--1975,2/7/2018,7:09 PM,INDUSTRIAL AVE btwn TRAINYARDS DR & RUSSELL RD (__3ZA3R9),__3ZA3R9,01 - Non intersection,03 - P.D. only,07 - SMV other,03 - Snow,07 - Dark,03 - Loose snow,10 - No control,,1,0,0,0,,0,,,,,371813.1328,5030518.573,45.41139475,-75.64385044,5123
18--1976,2/7/2018,7:20 PM,HIGHWAY 417 btwn HWY417 IC129 RAMP26 & HWY417 IC129 RAMP61 (__3ZA2UO),__3ZA2UO,01 - Non intersection,03 - P.D. only,04 - Sideswipe,03 - Snow,07 - Dark,03 - Loose snow,10 - No control,,2,0,0,0,,0,,,,,360622.1317,5023684.599,45.35088532,-75.78758544,5124
18--1977,2/7/2018,7:30 PM,RICHMOND RD btwn PERTH ST & CAMBRIAN RD (__3ZAB98),__3ZAB98,01 - Non intersection,03 - P.D. only,07 - SMV other,03 - Snow,07 - Dark,03 - Loose snow,10 - No control,,1,0,0,0,,0,,,,,359079.798,5009361.909,45.22212917,-75.8088345,5125
18--1978,2/7/2018,7:37 PM,DAVIDSON RD @ HAWTHORNE RD (0009547),9547,02 - Intersection related,03 - P.D. only,04 - Sideswipe,03 - Snow,07 - Dark,03 - Loose snow,02 - Stop sign,00 - Unknown,2,0,0,0,,0,,,,,376282.7532,5024509.517,45.35688616,-75.58762448,5126
18--1979,2/7/2018,7:41 PM,ALBERT ST @ PRESTON ST (0002217),2217,03 - At intersection,03 - P.D. only,02 - Angle,03 - Snow,07 - Dark,03 - Loose snow,01 - Traffic signal,01 - Functioning,2,0,0,0,,0,,,,,366160.3486,5030465.965,45.41143987,-75.71606899,5127
18--198,1/4/2018,1:11 PM,CLYDE AVE btwn CLYDE AVE & STARWOOD RD (__3ZA2TX),__3ZA2TX,04 - At/near private drive,03 - P.D. only,02 - Angle,03 - Snow,01 - Daylight,04 - Slush,10 - No control,,2,0,0,0,,0,,,,,364418.8459,5024751.759,45.360175,-75.73900638,5128
18--1980,2/7/2018,7:54 PM,DAVIDSON CRES @ DAVIDSON DR (0012986),12986,03 - At intersection,03 - P.D. only,07 - SMV other,03 - Snow,07 - Dark,03 - Loose snow,10 - No control,,1,0,0,0,,0,,,,,374301.0723,5034750.282,45.44922674,-75.61147143,5129
18--1981,2/7/2018,8:11 AM,RICHMOND RD btwn PERTH ST & CAMBRIAN RD (__3ZAB98),__3ZAB98,01 - Non intersection,03 - P.D. only,07 - SMV other,01 - Clear,01 - Daylight,02 - Wet,10 - No control,,1,0,0,0,,0,,,,,359023.4833,5008537.267,45.21471319,-75.80964132,5130
18--1982,2/7/2018,8:45 AM,HWY417 IC96 RAMP16 btwn BOUNDARY RD & RAMP (__3ZAY84),__3ZAY84,01 - Non intersection,03 - P.D. only,07 - SMV other,01 - Clear,01 - Daylight,02 - Wet,10 - No control,,1,0,0,0,,0,,,,,387422.4215,5023900.635,45.35018383,-75.44556681,5131
18--1983,2/7/2018,8:48 AM,PRESTON ST btwn BEECH ST & NORMAN ST (__3ZA4QS),__3ZA4QS,01 - Non intersection,03 - P.D. only,03 - Rear end,03 - Snow,01 - Daylight,03 - Loose snow,10 - No control,,3,0,0,0,,0,,,,,366708.8164,5029212.291,45.40011135,-75.70921992,5132
18--1984,2/7/2018,9:05 AM,WHISPERING WINDS WAY btwn JOLLEY CUT WAY & HILLPARK HIGH ST (1) (__61W6R7),__61W6R7,04 - At/near private drive,03 - P.D. only,06 - SMV unattended vehicle,03 - Snow,01 - Daylight,03 - Loose snow,10 - No control,,1,0,0,0,,0,,,,,380914.565,5032696.624,45.43006057,-75.52725129,5133
18--1985,2/7/2018,9:17 AM,ST. ANDREW ST btwn DALHOUSIE ST & CUMBERLAND ST (__3ZA7CK),__3ZA7CK,01 - Non intersection,02 - Non-fatal injury,06 - SMV unattended vehicle,03 - Snow,01 - Daylight,03 - Loose snow,10 - No control,,1,0,0,1,02 - Minor,1,,1,,,367954.8467,5032838.209,45.43262488,-75.69284088,5134
18--1986,2/7/2018,9:23 PM,WOODROFFE AVE btwn GRENFELL CRES & 260 N OF FALLOWFIELD RD/TRANSITWAY  (__3ZA3IO),__3ZA3IO,01 - Non intersection,03 - P.D. only,03 - Rear end,01 - Clear,07 - Dark,03 - Loose snow,10 - No control,,2,0,0,0,,0,,,,,364824.8346,5018553.368,45.30436788,-75.73457635,5135
18--1987,2/7/2018,9:30 AM,ASHWICK CRT @ CRAIG HENRY DR (0000544),544,03 - At intersection,03 - P.D. only,02 - Angle,03 - Snow,01 - Daylight,03 - Loose snow,02 - Stop sign,01 - Functioning,2,0,0,0,,0,,,,,361333.6819,5021526.488,45.3314097,-75.7787518,5136
18--1988,2/7/2018,9:30 AM,ALTA VISTA DR @ BANK ST (0011318),11318,02 - Intersection related,03 - P.D. only,03 - Rear end,03 - Snow,01 - Daylight,03 - Loose snow,01 - Traffic signal,01 - Functioning,2,0,0,0,,0,,,,,370248.0685,5026200.739,45.37269252,-75.66441602,5137
18--1989,2/7/2018,9:30 AM,JOSEPH CYR ST btwn LEMIEUX ST & CYRVILLE RD (__3ZA7RH),__3ZA7RH,04 - At/near private drive,03 - P.D. only,02 - Angle,03 - Snow,01 - Daylight,05 - Packed snow,10 - No control,,2,0,0,0,,0,,,,,372510.0626,5031867.2,45.423462,-75.63476228,5138
18--199,1/4/2018,1:11 PM,BOUNDARY RD @ HIGHWAY 417 EB (0012385),12385,02 - Intersection related,03 - P.D. only,03 - Rear end,03 - Snow,01 - Daylight,02 - Wet,10 - No control,,2,0,0,0,,0,,,,,387397.0006,5023879.975,45.35000094,-75.44589463,5139
18--1990,2/7/2018,9:48 AM,ALBION RD @ HUNT CLUB RD (0006974),6974,03 - At intersection,02 - Non-fatal injury,02 - Angle,03 - Snow,01 - Daylight,03 - Loose snow,01 - Traffic signal,01 - Functioning,2,0,0,0,01 - Minimal,1,1,,,,371867.3853,5024320.518,45.35562186,-75.64399948,5140
18--1991,2/7/2018,9:50 AM,GLAMORGAN DR btwn CASTLEFRANK RD & UXBRIDGE CRES (__3ZBNCB),__3ZBNCB,01 - Non intersection,03 - P.D. only,01 - Approaching,03 - Snow,01 - Daylight,03 - Loose snow,10 - No control,,2,0,0,0,,0,,,,,353355.0281,5016241.132,45.28444835,-75.88105362,5141
18--1992,2/7/2018,9:58 AM,COVENTRY RD @ VANIER PKWY (0002139),2139,02 - Intersection related,03 - P.D. only,04 - Sideswipe,03 - Snow,01 - Daylight,03 - Loose snow,01 - Traffic signal,01 - Functioning,2,0,0,0,,0,,,,,370676.385,5031611.703,45.42133822,-75.65822564,5142
18--1993,2/8/2018,1:06 PM,MERIVALE RD/LOTTA AVE @ CLYDE AVE (0001112),1112,02 - Intersection related,03 - P.D. only,04 - Sideswipe,03 - Snow,01 - Daylight,03 - Loose snow,01 - Traffic signal,01 - Functioning,2,0,0,0,,0,,,,,364521.6983,5024507.526,45.35796867,-75.73772317,5143
18--1994,2/8/2018,1:30 PM,PRINCE OF WALES DR @ WEST HUNT CLUB RD (0000567),567,02 - Intersection related,03 - P.D. only,04 - Sideswipe,01 - Clear,01 - Daylight,01 - Dry,01 - Traffic signal,01 - Functioning,2,0,0,0,,0,,,,,367458.71,5021891.503,45.33417389,-75.70057067,5144