Anom_ID,Accident_Date,Accident_Time,Location,Geo_ID,Accident_Location,Classification_of_Accident,Initial_Impact_Type,Environment_Condition,Light,Road_Surface_Condition,Traffic_Control,Traffic_Control_Condition,No__of_Vehicles,No__of_Bicycles,No__of_Motorcycles,No__of_Pedestrians,Max_Injury,No__of_Injuries,No__of_Minimal,No__of_Minor,No__of_Major,No__of_Fatal,X,Y,Latitude,Longitude,ObjectId
18--1995,2/8/2018,10:00 AM,HOLLAND AVE btwn SCOTT ST & SPENCER ST (__3ZA3Z2),__3ZA3Z2,01 - Non intersection,03 - P.D. only,05 - Turning movement,01 - Clear,01 - Daylight,01 - Dry,10 - No control,,2,0,0,0,,0,,,,,364780.0196,5029493.183,45.40280666,-75.73382061,5145
18--1996,2/8/2018,10:06 AM,QUIGLEY HILL RD @ REGIONAL RD 174 (0012884),12884,02 - Intersection related,03 - P.D. only,03 - Rear end,01 - Clear,01 - Daylight,05 - Packed snow,02 - Stop sign,01 - Functioning,2,0,0,0,,0,,,,,388373.7666,5042393.573,45.5164516,-75.43028879,5146
18--1997,2/8/2018,10:10 AM,WOODROFFE AVE btwn GRENFELL CRES & 260 N OF FALLOWFIELD RD/TRANSITWAY  (__3ZA3IO),__3ZA3IO,01 - Non intersection,03 - P.D. only,07 - SMV other,01 - Clear,01 - Daylight,06 - Ice,10 - No control,,1,0,0,0,,0,,,,,364625.0372,5019037.668,45.30874263,-75.73706544,5147
18--1998,2/8/2018,10:20 AM,CARLING AVE @ KIRKWOOD AVE N (0002358),2358,03 - At intersection,03 - P.D. only,05 - Turning movement,01 - Clear,01 - Daylight,02 - Wet,01 - Traffic signal,01 - Functioning,2,0,0,0,,0,,,,,364275.6921,5027493.534,45.38485722,-75.74050333,5148
18--1999,2/8/2018,10:42 PM,SIXTH LINE RD btwn PINHEY POINT RD & BERRY SIDE RD (__3ZA420),__3ZA420,01 - Non intersection,03 - P.D. only,07 - SMV other,01 - Clear,07 - Dark,02 - Wet,10 - No control,,1,0,0,0,,0,,,,,346968.7396,5032545.125,45.43156808,-75.96106687,5149
18--20,1/1/2018,2:53 AM,ANDERSON RD @ EIGHTH LINE RD E (0012418),12418,02 - Intersection related,03 - P.D. only,07 - SMV other,03 - Snow,07 - Dark,05 - Packed snow,02 - Stop sign,01 - Functioning,1,0,0,0,,0,,,,,381297.5037,5022968.896,45.34249546,-75.52386569,5150
18--200,1/4/2018,1:25 PM,GREENBANK RD btwn WEST HUNT CLUB RD & FALLOWFIELD RD (__3ZA1NE),__3ZA1NE,01 - Non intersection,03 - P.D. only,03 - Rear end,03 - Snow,01 - Daylight,03 - Loose snow,10 - No control,,3,0,0,0,,0,,,,,362962.9543,5017009.079,45.290629,-75.75849775,5151
18--2000,2/8/2018,10:45 PM,CAMPEAU DR @ HUNTMAR DR (0011612),11612,03 - At intersection,03 - P.D. only,02 - Angle,01 - Clear,07 - Dark,03 - Loose snow,11 - Roundabout,01 - Functioning,2,0,0,0,,0,,,,,349053.6082,5018056.464,45.30106727,-75.93572042,5152
18--2001,2/8/2018,10:53 PM,GALETTA SIDE RD btwn LOGGERS WAY & JOHN SHAW RD (__3ZA4RA),__3ZA4RA,01 - Non intersection,03 - P.D. only,07 - SMV other,01 - Clear,07 - Dark,02 - Wet,10 - No control,,1,0,0,0,,0,,,,,325972.6071,5033398.826,45.44020093,-76.22936451,5153
18--2002,2/8/2018,11:00 AM,VIEWMOUNT DR @ MERIVALE RD (0001528),1528,03 - At intersection,02 - Non-fatal injury,05 - Turning movement,01 - Clear,01 - Daylight,03 - Loose snow,01 - Traffic signal,01 - Functioning,3,0,0,0,02 - Minor,1,,1,,,365193.6978,5022948.495,45.34388317,-75.72933708,5154
18--2003,2/8/2018,11:31 AM,LISGAR ST @ LYON ST (0007213),7213,03 - At intersection,03 - P.D. only,02 - Angle,01 - Clear,01 - Daylight,02 - Wet,01 - Traffic signal,01 - Functioning,2,0,0,0,,0,,,,,367276.7501,5030865.57,45.41493662,-75.70175673,5155
18--2004,2/8/2018,11:35 PM,CONROY RD @ DAVIDSON RD N (0009364),9364,03 - At intersection,03 - P.D. only,02 - Angle,01 - Clear,07 - Dark,02 - Wet,02 - Stop sign,00 - Unknown,2,0,0,0,,0,,,,,374573.7518,5023515.509,45.34811465,-75.60957504,5156
18--2005,2/8/2018,11:43 AM,WOODROFFE AVE btwn TECUMSEH ST & DOMALATCHY PL (__3ZA3GR),__3ZA3GR,01 - Non intersection,03 - P.D. only,03 - Rear end,01 - Clear,01 - Daylight,02 - Wet,10 - No control,,2,0,0,0,,0,,,,,362376.1325,5024210.365,45.35547431,-75.76514108,5157
18--2006,2/8/2018,11:47 AM,MARIONVILLE RD btwn BISSON RD(NORTH DUNDAS TWP) & YORKS CORNERS RD (__3ZA6I5),__3ZA6I5,04 - At/near private drive,03 - P.D. only,04 - Sideswipe,01 - Clear,01 - Daylight,02 - Wet,10 - No control,,2,0,0,0,,0,,,,,393616.6877,5004533.632,45.17518081,-75.36999251,5158
18--2007,2/8/2018,Unknown,EASTVALE DR btwn EASTVALE CRT & CASEY AVE (__3ZAZAF),__3ZAZAF,01 - Non intersection,03 - P.D. only,06 - SMV unattended vehicle,01 - Clear,00 - Unknown,02 - Wet,10 - No control,,1,0,0,0,,0,,,,,375471.9058,5035933.116,45.45975175,-75.59633493,5159
18--2008,2/8/2018,Unknown,SOMERSET ST    W btwn ELGIN ST & CARTIER ST (__3ZA9U2),__3ZA9U2,01 - Non intersection,03 - P.D. only,06 - SMV unattended vehicle,03 - Snow,00 - Unknown,04 - Slush,10 - No control,,1,0,0,0,,0,,,,,368207.6587,5031224.459,45.41808204,-75.68981785,5160
18--2009,2/8/2018,Unknown,PAUL ANKA DR btwn UPLANDS DR & MCCARTHY RD (__3ZA9CH),__3ZA9CH,01 - Non intersection,03 - P.D. only,06 - SMV unattended vehicle,01 - Clear,00 - Unknown,04 - Slush,10 - No control,,1,0,0,0,,0,,,,,369497.7027,5023620.609,45.34954692,-75.67433279,5161
18--201,1/4/2018,1:48 PM,MEADOWBANK DR btwn CROFTON RD & GREENBANK RD (__3ZAAFD),__3ZAAFD,01 - Non intersection,02 - Non-fatal injury,06 - SMV unattended vehicle,01 - Clear,01 - Daylight,04 - Slush,10 - No control,,1,0,0,0,02 - Minor,1,,1,,,360934.7638,5022281.994,45.33823976,-75.78375504,5162
18--2010,2/8/2018,Unknown,MACLAREN ST btwn KENT ST & BANK ST (__3ZA9T1),__3ZA9T1,01 - Non intersection,03 - P.D. only,06 - SMV unattended vehicle,01 - Clear,00 - Unknown,02 - Wet,10 - No control,,1,0,0,0,,0,,,,,367723.9714,5030834.997,45.41462146,-75.69604721,5163
18--2011,2/8/2018,Unknown,ROCKINGHAM AVE btwn BRULE AVE & CLEMENTINE BLVD (__3ZA87Z),__3ZA87Z,01 - Non intersection,03 - P.D. only,06 - SMV unattended vehicle,01 - Clear,00 - Unknown,01 - Dry,10 - No control,,1,0,0,0,,0,,,,,369456.9663,5027281.911,45.38249402,-75.6743735,5164
18--2012,2/8/2018,Unknown,BOURCIER DR btwn TOMPKINS AVE & TOMPKINS AVE (__3ZA6BE),__3ZA6BE,01 - Non intersection,03 - P.D. only,06 - SMV unattended vehicle,01 - Clear,00 - Unknown,06 - Ice,10 - No control,,1,0,0,0,,0,,,,,382703.5224,5037570.204,45.47371192,-75.50361988,5165
18--2013,2/8/2018,12:14 AM,HAWTHORNE RD btwn HAWTHORNE RD & WHYTE SIDE RD (__3ZA2PE),__3ZA2PE,01 - Non intersection,02 - Non-fatal injury,05 - Turning movement,01 - Clear,07 - Dark,06 - Ice,10 - No control,,2,0,0,0,01 - Minimal,1,1,,,,375602.5991,5026174.89,45.37193941,-75.59606597,5166
18--2014,2/8/2018,12:16 PM,WOODROFFE AVE btwn HWY417 IC127 RAMP26 & HWY417 IC127 RAMP63 (__3ZA4MC),__3ZA4MC,07 - Overpass or bridge,03 - P.D. only,03 - Rear end,01 - Clear,01 - Daylight,04 - Slush,10 - No control,,3,0,0,0,,0,,,,,362087.4689,5024927.731,45.36195276,-75.76874192,5167
18--2015,2/8/2018,12:38 AM,VANIER PKWY/CRICHTON ST @ BEECHWOOD AVE/ST. PA (0001604),1604,02 - Intersection related,03 - P.D. only,04 - Sideswipe,01 - Clear,07 - Dark,01 - Dry,01 - Traffic signal,01 - Functioning,2,0,0,0,,0,,,,,369127.7973,5033487.134,45.43835674,-75.67776657,5168
18--2016,2/8/2018,2:09 AM,WOODROFFE AVE @ SPORTSPLEX S (0010592),10592,02 - Intersection related,03 - P.D. only,07 - SMV other,02 - Rain,07 - Dark,02 - Wet,01 - Traffic signal,01 - Functioning,1,0,0,0,,0,,,,,363831.7844,5020900.843,45.3255745,-75.74695869,5169
18--2017,2/8/2018,2:16 PM,CHAPEL ST @ RIDEAU ST (0011918),11918,02 - Intersection related,03 - P.D. only,99 - Other,01 - Clear,01 - Daylight,03 - Loose snow,01 - Traffic signal,01 - Functioning,2,0,0,0,,0,,,,,368892.6696,5032643.794,45.43079029,-75.68088144,5170
18--2018,2/8/2018,2:30 PM,SIROIS AVE btwn TELFORD AVE & END (2) (__3ZA2J3),__3ZA2J3,01 - Non intersection,03 - P.D. only,06 - SMV unattended vehicle,01 - Clear,01 - Daylight,05 - Packed snow,10 - No control,,1,0,0,0,,0,,,,,371802.1626,5032693.217,45.43096228,-75.64369483,5171
18--2019,2/8/2018,3:07 PM,LANCASTER RD @ WALKLEY RD (0003130),3130,02 - Intersection related,03 - P.D. only,04 - Sideswipe,01 - Clear,01 - Daylight,02 - Wet,01 - Traffic signal,01 - Functioning,2,0,0,0,,0,,,,,374908.7406,5028602.542,45.39385202,-75.60457857,5172
18--202,1/4/2018,10:12 AM,KATIMAVIK RD @ WHITNEY DR (0012110),12110,02 - Intersection related,03 - P.D. only,04 - Sideswipe,01 - Clear,01 - Daylight,01 - Dry,01 - Traffic signal,01 - Functioning,2,0,0,0,,0,,,,,352357.6214,5019380.462,45.31276501,-75.89346606,5173
18--2020,2/8/2018,3:26 PM,ELGIN ST @ LAURIER AVE (0002232),2232,02 - Intersection related,03 - P.D. only,03 - Rear end,03 - Snow,01 - Daylight,03 - Loose snow,01 - Traffic signal,01 - Functioning,2,0,0,0,,0,,,,,367948.7095,5031549.576,45.42103076,-75.69308453,5174
18--2021,2/8/2018,3:30 PM,BOOTH ST @ WELLINGTON ST S (0011393),11393,02 - Intersection related,02 - Non-fatal injury,03 - Rear end,01 - Clear,01 - Daylight,02 - Wet,02 - Stop sign,01 - Functioning,3,0,0,0,02 - Minor,1,,1,,,366402.7024,5030675.571,45.41330455,-75.7129468,5175
18--2022,2/8/2018,3:46 PM,FALLOWFIELD RD @ STRANDHERD DR (0005238),5238,03 - At intersection,03 - P.D. only,02 - Angle,01 - Clear,01 - Daylight,01 - Dry,01 - Traffic signal,01 - Functioning,2,0,0,0,,0,,,,,360751.1795,5014962.154,45.27239018,-75.78692355,5176
18--2023,2/8/2018,3:57 PM,HIGHWAY 417 btwn HWY417 IC117 RAMP25 & HWY417 IC115 RAMP51 (__3ZA2R3),__3ZA2R3,01 - Non intersection,03 - P.D. only,04 - Sideswipe,01 - Clear,01 - Daylight,01 - Dry,10 - No control,,2,0,0,0,,0,,,,,371760.9853,5031422.767,45.41953529,-75.64439374,5177
18--2024,2/8/2018,3:57 PM,HWY417 IC117 RAMP53 btwn HWY417 IC117 RAMP51 & RIVERSIDE DR (__3ZAY9H),__3ZAY9H,01 - Non intersection,03 - P.D. only,03 - Rear end,03 - Snow,01 - Daylight,05 - Packed snow,10 - No control,,2,0,0,0,,0,,,,,370777.7176,5030968.148,45.41553823,-75.65701711,5178
18--2025,2/8/2018,4:40 PM,HERON RD btwn RIVERSIDE DR & TURN LANE (1) (__3ZA4T1),__3ZA4T1,01 - Non intersection,03 - P.D. only,04 - Sideswipe,01 - Clear,05 - Dusk,01 - Dry,10 - No control,,2,0,0,0,,0,,,,,368198.2828,5026640.498,45.3768378,-75.69052678,5179
18--2026,2/8/2018,4:55 PM,VANIER PKWY NB btwn BEECHWOOD AVE/ ST. PATRICK ST/CRICHTON ST & DESCHA (__3ZA4SV),__3ZA4SV,01 - Non intersection,03 - P.D. only,03 - Rear end,03 - Snow,05 - Dusk,04 - Slush,10 - No control,,2,0,0,0,,0,,,,,369760.0381,5033315.883,45.43675744,-75.66970876,5180
18--2027,2/8/2018,5:05 PM,ST. LAURENT BLVD @ WALKLEY RD (0007653),7653,03 - At intersection,03 - P.D. only,03 - Rear end,01 - Clear,05 - Dusk,04 - Slush,01 - Traffic signal,01 - Functioning,2,0,0,0,,0,,,,,373902.7494,5028046.855,45.3889522,-75.61750326,5181
18--2028,2/8/2018,5:05 PM,HIGHWAY 417 btwn HWY417 IC117 RAMP25 & HWY417 IC115 RAMP51 (__3ZA2R3),__3ZA2R3,01 - Non intersection,03 - P.D. only,03 - Rear end,01 - Clear,01 - Daylight,02 - Wet,10 - No control,,2,0,0,0,,0,,,,,371597.6418,5031404.288,45.41938464,-75.64648316,5182
18--2029,2/8/2018,5:29 PM,RICHARDSON SIDE RD @ SPRUCE RIDGE RD (0011499),11499,03 - At intersection,03 - P.D. only,02 - Angle,01 - Clear,07 - Dark,02 - Wet,02 - Stop sign,01 - Functioning,2,0,0,0,,0,,,,,343201.1773,5014396.056,45.26847358,-76.01062535,5183
18--203,1/4/2018,11:32 AM,CATHERINE ST btwn HWY417 IC120B RAMP36 & KENT ST (__3ZBOE0),__3ZBOE0,01 - Non intersection,03 - P.D. only,04 - Sideswipe,03 - Snow,01 - Daylight,04 - Slush,10 - No control,,2,0,0,0,,0,,,,,367819.1414,5030135.426,45.40831837,-75.69492082,5184
18--2030,2/8/2018,6:01 PM,JOCKVALE RD @ STRANDHERD DR (0010541),10541,03 - At intersection,03 - P.D. only,03 - Rear end,01 - Clear,07 - Dark,04 - Slush,01 - Traffic signal,01 - Functioning,2,0,0,0,,0,,,,,363560.4804,5014577.837,45.26870295,-75.75116855,5185
18--2031,2/8/2018,6:06 AM,FINDLAY CREEK DR btwn CREEKVIEW WAY & WHITE ALDER AVE (__67PTPR),__67PTPR,01 - Non intersection,03 - P.D. only,07 - SMV other,03 - Snow,07 - Dark,05 - Packed snow,10 - No control,,1,0,0,0,,0,,,,,374606.1742,5019671.851,45.31352767,-75.60970336,5186
18--2032,2/8/2018,6:10 PM,OLD TENTH LINE RD/OR174 IC101 RAMP63 @ ST. JOS (0009233),9233,02 - Intersection related,03 - P.D. only,03 - Rear end,01 - Clear,07 - Dark,02 - Wet,01 - Traffic signal,01 - Functioning,2,0,0,0,,0,,,,,383119.744,5038785.594,45.48460034,-75.49810345,5187
18--2033,2/8/2018,6:27 PM,MICHAEL COWPLAND DR btwn TERENCE MATTHEWS CRES & EAGLESON RD (__3ZBNEN),__3ZBNEN,04 - At/near private drive,02 - Non-fatal injury,02 - Angle,01 - Clear,07 - Dark,02 - Wet,10 - No control,,2,0,0,0,01 - Minimal,1,1,,,,354353.9218,5016611.852,45.28771446,-75.86828415,5188
18--2034,2/8/2018,6:51 AM,ALBION RD @ DEL ZOTTO AVE (0009359),9359,02 - Intersection related,03 - P.D. only,01 - Approaching,01 - Clear,03 - Dawn,05 - Packed snow,02 - Stop sign,01 - Functioning,2,0,0,0,,0,,,,,373791.7446,5019723.474,45.31407264,-75.62008203,5189
18--2035,2/8/2018,7:07 AM,DALY AVE @ CHARLOTTE ST (0007743),7743,02 - Intersection related,02 - Non-fatal injury,99 - Other,01 - Clear,03 - Dawn,03 - Loose snow,02 - Stop sign,01 - Functioning,2,0,0,0,01 - Minimal,1,1,,,,369335.1736,5032723.04,45.43146262,-75.67521634,5190
18--2036,2/8/2018,7:09 AM,ST. JOSEPH BLVD/OLD MONTREAL RD @ TRIM RD (0004118),4118,02 - Intersection related,03 - P.D. only,04 - Sideswipe,01 - Clear,03 - Dawn,05 - Packed snow,11 - Roundabout,01 - Functioning,2,0,0,0,,0,,,,,384682.7536,5039285.582,45.48892163,-75.47803065,5191
18--2037,2/8/2018,7:22 AM,RICHMOND RD @ WEST HUNT CLUB RD (0000598),598,03 - At intersection,02 - Non-fatal injury,05 - Turning movement,01 - Clear,01 - Daylight,05 - Packed snow,01 - Traffic signal,01 - Functioning,3,0,0,0,02 - Minor,2,,2,,,357145.6476,5018152.462,45.30137472,-75.83253485,5192
18--2038,2/8/2018,7:25 AM,JEANNE D'ARC BLVD  N btwn OR174 IC105 RAMP36 & Continuation of JEANNE  (__3ZA2AQ),__3ZA2AQ,07 - Overpass or bridge,02 - Non-fatal injury,03 - Rear end,01 - Clear,01 - Daylight,04 - Slush,10 - No control,,3,0,0,0,01 - Minimal,1,1,,,,379287.0604,5037234.577,45.47106498,-75.54736083,5193
18--2039,2/8/2018,7:44 AM,CUMMINGS AVE btwn GARDENVALE RD & SHANE ST (__3ZA1WG),__3ZA1WG,04 - At/near private drive,03 - P.D. only,02 - Angle,01 - Clear,01 - Daylight,03 - Loose snow,10 - No control,,2,0,0,0,,0,,,,,372409.2138,5033017.422,45.4338209,-75.63589292,5194
18--204,1/4/2018,11:48 PM,CONROY RD @ HUNT CLUB RD (0002257),2257,03 - At intersection,02 - Non-fatal injury,05 - Turning movement,01 - Clear,07 - Dark,02 - Wet,01 - Traffic signal,01 - Functioning,2,0,0,0,01 - Minimal,1,1,,,,373762.6947,5025403.129,45.36517891,-75.61966086,5195
18--2040,2/8/2018,7:45 AM,ISLAND PARK DR btwn HELENA ST & ISLAND PARK CRES (__3ZA23Z),__3ZA23Z,01 - Non intersection,03 - P.D. only,03 - Rear end,01 - Clear,01 - Daylight,01 - Dry,10 - No control,,2,0,0,0,,0,,,,,364416.2143,5028232.162,45.39149132,-75.73861981,5196
18--2041,2/8/2018,8:00 AM,BRIDLEWOOD DR @ BRIDLEWOOD DR (0011848),11848,02 - Intersection related,03 - P.D. only,04 - Sideswipe,01 - Clear,01 - Daylight,05 - Packed snow,10 - No control,,2,0,0,0,,0,,,,,355090.0509,5017263.936,45.29352975,-75.85883442,5197
18--2042,2/8/2018,8:04 AM,MEADOWBROOK RD btwn CEDARCROFT CRES & MAXIME ST (__3ZA7RL),__3ZA7RL,01 - Non intersection,03 - P.D. only,05 - Turning movement,01 - Clear,01 - Daylight,01 - Dry,10 - No control,,2,0,0,0,,0,,,,,374488.2128,5032015.61,45.42460304,-75.60946638,5198
18--2043,2/8/2018,8:14 AM,HUNTLEY RD @ FALLOWFIELD RD (0000089),89,03 - At intersection,03 - P.D. only,02 - Angle,01 - Clear,01 - Daylight,02 - Wet,02 - Stop sign,01 - Functioning,2,0,0,0,,0,,,,,352402.5444,5009616.085,45.22489921,-75.89382911,5199
18--2044,2/8/2018,8:15 AM,BRIDLEWOOD DR btwn CLYDESDALE AVE & STEEPLE CHASE DR (__3ZA1ZY),__3ZA1ZY,01 - Non intersection,03 - P.D. only,06 - SMV unattended vehicle,01 - Clear,01 - Daylight,05 - Packed snow,10 - No control,,1,0,0,0,,0,,,,,355094.4687,5017261.957,45.29351163,-75.8587783,5200
18--14491,12/30/2018,8:37 AM,OGILVIE RD btwn LASSITER TER & NASKAPI DR (__3ZBO12),__3ZBO12,01 - Non intersection,02 - Non-fatal injury,07 - SMV other,01 - Clear,01 - Daylight,01 - Dry,10 - No control,,1,0,0,1,02 - Minor,1,,1,,,375599.848,5034691.398,45.44856658,-75.59487792,5201
18--2225,2/12/2018,3:15 PM,GREENBANK RD @ STRANDHERD DR (0005563),5563,02 - Intersection related,03 - P.D. only,04 - Sideswipe,01 - Clear,01 - Daylight,01 - Dry,01 - Traffic signal,01 - Functioning,2,0,0,0,,0,,,,,363933.6842,5014784.418,45.27053049,-75.74638833,5202
18--1595,2/1/2018,Unknown,DELAWARE AVE btwn CARTIER ST & ROBERT ST (__3ZA8AL),__3ZA8AL,01 - Non intersection,03 - P.D. only,06 - SMV unattended vehicle,01 - Clear,00 - Unknown,04 - Slush,10 - No control,,1,0,0,0,,0,,,,,368664.1534,5030971.334,45.41576299,-75.68401845,5203
18--14492,12/30/2018,9:36 PM,LEEDS AVE @ SHEFFIELD RD (0007680),7680,03 - At intersection,03 - P.D. only,02 - Angle,03 - Snow,07 - Dark,02 - Wet,03 - Yield sign,01 - Functioning,2,0,0,0,,0,,,,,374862.8503,5029550.566,45.40238646,-75.60502995,5204
18--2226,2/12/2018,3:30 AM,ST. LAURENT BLVD @ ST. LAURENT BLVD SERVICE (0008760),8760,03 - At intersection,03 - P.D. only,02 - Angle,01 - Clear,07 - Dark,05 - Packed snow,01 - Traffic signal,01 - Functioning,2,0,0,0,,0,,,,,373495.8847,5029149.59,45.39891414,-75.62254509,5205
18--1596,2/1/2018,12:44 PM,HERON RD @ FINN CRT (0012186),12186,02 - Intersection related,03 - P.D. only,03 - Rear end,01 - Clear,01 - Daylight,01 - Dry,01 - Traffic signal,01 - Functioning,2,0,0,0,,0,,,,,370831.4892,5026945.111,45.3793354,-75.65686869,5206
18--14493,12/31/2018,1:10 PM,MERIVALE RD @ WEST HUNT CLUB RD (0000584),584,02 - Intersection related,03 - P.D. only,03 - Rear end,01 - Clear,01 - Daylight,02 - Wet,01 - Traffic signal,01 - Functioning,2,0,0,0,,0,,,,,365612.5355,5021942.474,45.33479495,-75.72411657,5207
18--2227,2/12/2018,3:35 PM,HAWTHORNE RD @ HUNT CLUB RD (0007651),7651,03 - At intersection,03 - P.D. only,05 - Turning movement,01 - Clear,01 - Daylight,01 - Dry,01 - Traffic signal,01 - Functioning,2,0,0,0,,0,,,,,375507.7504,5026406.529,45.37403317,-75.59724359,5208
18--1865,2/6/2018,5:53 PM,INNES RD @ STONEHENGE CRES E (0009355),9355,03 - At intersection,03 - P.D. only,05 - Turning movement,01 - Clear,05 - Dusk,04 - Slush,01 - Traffic signal,01 - Functioning,2,0,0,0,,0,,,,,375363.7425,5031313.553,45.41819855,-75.59838008,5209
18--1597,2/1/2018,12:44 PM,BANK ST @ SPARKS ST (0003128),3128,02 - Intersection related,03 - P.D. only,03 - Rear end,01 - Clear,01 - Daylight,01 - Dry,01 - Traffic signal,01 - Functioning,2,0,0,0,,0,,,,,367301.7033,5031556.576,45.42115184,-75.70135029,5210
18--1598,2/1/2018,12:58 PM,INDUSTRIAL AVE @ RIVERSIDE DR (0011905),11905,03 - At intersection,02 - Non-fatal injury,02 - Angle,01 - Clear,01 - Daylight,01 - Dry,01 - Traffic signal,01 - Functioning,2,0,0,0,02 - Minor,1,,1,,,370684.7183,5030592.553,45.41216754,-75.65825543,5211
18--1599,2/1/2018,2:16 PM,BANK ST btwn MCLEOD ST & FLORA ST (__3ZA3P6),__3ZA3P6,04 - At/near private drive,03 - P.D. only,02 - Angle,01 - Clear,01 - Daylight,01 - Dry,10 - No control,,2,0,0,0,,0,,,,,367967.2003,5030440.674,45.41105155,-75.69299042,5212
18--16,1/1/2018,12:47 PM,GREENBANK RD btwn JOCKVALE RD & CAMBRIAN RD (__3ZA2WE),__3ZA2WE,01 - Non intersection,03 - P.D. only,07 - SMV other,03 - Snow,01 - Daylight,06 - Ice,10 - No control,,1,0,0,0,,0,,,,,364481.134,5013509.919,45.25901628,-75.73956527,5213
18--160,1/2/2018,9:32 AM,CARLING AVE @ IROQUOIS RD (0003145),3145,02 - Intersection related,03 - P.D. only,03 - Rear end,03 - Snow,01 - Daylight,03 - Loose snow,01 - Traffic signal,01 - Functioning,2,0,0,0,,0,,,,,362213.6854,5026025.526,45.3718203,-75.76700337,5214
18--1600,2/1/2018,2:48 PM,LEITRIM RD @ ALBION RD (0012479),12479,02 - Intersection related,03 - P.D. only,03 - Rear end,01 - Clear,01 - Daylight,01 - Dry,01 - Traffic signal,01 - Functioning,2,0,0,0,,0,,,,,373497.5851,5020419.261,45.32036195,-75.6237368,5215
18--1601,2/1/2018,2:55 PM,OTTAWA RIVER PKWY EB btwn TRANSIT & TURN LANE (1) (__3ZA232),__3ZA232,01 - Non intersection,03 - P.D. only,04 - Sideswipe,01 - Clear,01 - Daylight,02 - Wet,10 - No control,,6,0,0,0,,0,,,,,363238.437,5029355.32,45.40169658,-75.75352728,5216
18--1602,2/1/2018,3:21 PM,MONTFORT ST btwn STE. ANNE ST & GRANVILLE ST (__3ZA52J),__3ZA52J,01 - Non intersection,03 - P.D. only,06 - SMV unattended vehicle,01 - Clear,01 - Daylight,03 - Loose snow,10 - No control,,1,0,0,0,,0,,,,,370737.7573,5033591.29,45.43914391,-75.65717643,5217
18--1603,2/1/2018,3:30 PM,KAKULU RD @ CASTLEFRANK RD (0003540),3540,03 - At intersection,03 - P.D. only,02 - Angle,03 - Snow,01 - Daylight,02 - Wet,01 - Traffic signal,01 - Functioning,2,0,0,0,,0,,,,,352179.374,5018500.67,45.30486048,-75.89582335,5218
18--1604,2/1/2018,3:36 PM,780 W OF TERRY FOX DR @ HAZELDEAN RD (0013520),13520,02 - Intersection related,03 - P.D. only,03 - Rear end,04 - Freezing Rain,01 - Daylight,02 - Wet,01 - Traffic signal,01 - Functioning,3,0,0,0,,0,,,,,351618.5658,5016697.734,45.28867479,-75.90314454,5219
18--1605,2/1/2018,5:05 PM,MARCH RD btwn HALTON TERR/MAXWELL BRIDGE RD & MAXWELL RD (__3ZA2GD),__3ZA2GD,01 - Non intersection,03 - P.D. only,03 - Rear end,03 - Snow,07 - Dark,03 - Loose snow,10 - No control,,3,0,0,0,,0,,,,,348732.0384,5024642.699,45.36035218,-75.93923604,5220
18--1606,2/1/2018,5:09 PM,PARKDALE AVE @ KENILWORTH ST (0006366),6366,03 - At intersection,03 - P.D. only,02 - Angle,01 - Clear,07 - Dark,01 - Dry,02 - Stop sign,01 - Functioning,2,0,0,0,,0,,,,,365445.5278,5028594.702,45.39466499,-75.72543072,5221
18--1607,2/1/2018,5:46 PM,EARL ARMSTRONG RD @ SPRATT RD (0013063),13063,03 - At intersection,03 - P.D. only,05 - Turning movement,03 - Snow,07 - Dark,03 - Loose snow,01 - Traffic signal,01 - Functioning,2,0,0,0,,0,,,,,368396.7088,5015011.429,45.27218367,-75.68948708,5222
18--1608,2/1/2018,5:55 AM,HIGHWAY 417 btwn HWY417 IC115 RAMP61 & REGIONAL ROAD 174 (__3ZA2XG),__3ZA2XG,01 - Non intersection,03 - P.D. only,07 - SMV other,01 - Clear,07 - Dark,02 - Wet,10 - No control,,1,0,0,0,,0,,,,,373030.11,5031629.846,45.42127587,-75.62815046,5223
18--1609,2/1/2018,6:00 PM,COLONEL BY DR btwn HAWTHORNE AVE & MAIN ST (__3ZA218),__3ZA218,01 - Non intersection,03 - P.D. only,03 - Rear end,02 - Rain,07 - Dark,02 - Wet,10 - No control,,2,0,0,0,,0,,,,,368830.0548,5030848.655,45.41464401,-75.68191491,5224
18--161,1/2/2018,9:40 PM,OGILVIE RD btwn MATHESON RD & CADBORO RD (__3ZA2DM),__3ZA2DM,04 - At/near private drive,02 - Non-fatal injury,02 - Angle,03 - Snow,07 - Dark,04 - Slush,10 - No control,,2,0,0,0,01 - Minimal,1,1,,,,373565.6673,5032644.804,45.43035551,-75.62116617,5225
18--1610,2/1/2018,6:17 PM,ELGIN ST @ LAURIER AVE (0002232),2232,02 - Intersection related,03 - P.D. only,03 - Rear end,01 - Clear,07 - Dark,01 - Dry,01 - Traffic signal,01 - Functioning,2,0,0,0,,0,,,,,367948.7097,5031549.576,45.42103076,-75.69308453,5226
18--1611,2/1/2018,6:20 PM,ISABELLA ST/HWY 417 O'CONN IC119BR57 @ O'CONNO (0001698),1698,03 - At intersection,03 - P.D. only,04 - Sideswipe,01 - Clear,07 - Dark,03 - Loose snow,01 - Traffic signal,01 - Functioning,2,0,0,0,,0,,,,,368297.7045,5030309.566,45.40984197,-75.68878529,5227