Anom_ID,Accident_Date,Accident_Time,Location,Geo_ID,Accident_Location,Classification_of_Accident,Initial_Impact_Type,Environment_Condition,Light,Road_Surface_Condition,Traffic_Control,Traffic_Control_Condition,No__of_Vehicles,No__of_Bicycles,No__of_Motorcycles,No__of_Pedestrians,Max_Injury,No__of_Injuries,No__of_Minimal,No__of_Minor,No__of_Major,No__of_Fatal,X,Y,Latitude,Longitude,ObjectId
18--1612,2/1/2018,6:30 PM,PARKDALE AVE @ WESTMOUNT AVE/HWY 417 PARKDAL I (0006516),6516,02 - Intersection related,02 - Non-fatal injury,03 - Rear end,01 - Clear,07 - Dark,01 - Dry,01 - Traffic signal,01 - Functioning,2,0,0,0,01 - Minimal,1,1,,,,365301.8503,5028924.42,45.39764415,-75.72722517,5228
18--1613,2/1/2018,6:32 PM,WARWICK PL btwn SHERWOOD DR & END (__3ZBOBK),__3ZBOBK,01 - Non intersection,03 - P.D. only,99 - Other,01 - Clear,07 - Dark,02 - Wet,10 - No control,,2,0,0,0,,0,,,,,365424.4796,5028840.84,45.39688151,-75.72566927,5229
18--1614,2/1/2018,6:35 PM,ORLEANS BLVD @ ST. JOSEPH BLVD (0004144),4144,03 - At intersection,02 - Non-fatal injury,05 - Turning movement,01 - Clear,07 - Dark,02 - Wet,01 - Traffic signal,01 - Functioning,3,0,0,0,02 - Minor,3,2,1,,,380631.7379,5036980.59,45.4686351,-75.53020496,5230
18--1615,2/1/2018,7:07 AM,CARLING AVE @ CLYDE AVE/COLE AVE (0006984),6984,02 - Intersection related,03 - P.D. only,04 - Sideswipe,03 - Snow,03 - Dawn,03 - Loose snow,01 - Traffic signal,01 - Functioning,2,0,0,0,,0,,,,,363520.69,5026850.542,45.37913538,-75.75022025,5231
18--1616,2/1/2018,7:09 PM,BANK ST @ RIVERSIDE DR S (0002704),2704,02 - Intersection related,02 - Non-fatal injury,03 - Rear end,03 - Snow,07 - Dark,02 - Wet,01 - Traffic signal,01 - Functioning,2,0,0,0,02 - Minor,1,,1,,,369304.7172,5027894.553,45.38802041,-75.67623735,5232
18--1617,2/1/2018,7:24 PM,LAURIER AVE @ NICHOLAS ST (0010711),10711,03 - At intersection,02 - Non-fatal injury,04 - Sideswipe,01 - Clear,07 - Dark,02 - Wet,01 - Traffic signal,01 - Functioning,2,0,0,0,02 - Minor,1,,1,,,368373.6368,5031798.27,45.42322994,-75.68762326,5233
18--1618,2/1/2018,7:28 PM,LORRY GREENBERG DR btwn HEARTLEAF PRIV & HUNT CLUB RD (__3ZAZLZ),__3ZAZLZ,04 - At/near private drive,03 - P.D. only,02 - Angle,03 - Snow,07 - Dark,03 - Loose snow,10 - No control,,2,0,0,0,,0,,,,,372804.6695,5024854.042,45.36033203,-75.63196462,5234
18--1619,2/1/2018,7:32 PM,BOOTH ST @ WELLINGTON ST S (0011393),11393,02 - Intersection related,03 - P.D. only,04 - Sideswipe,01 - Clear,07 - Dark,01 - Dry,02 - Stop sign,01 - Functioning,2,0,0,0,,0,,,,,366402.7028,5030675.571,45.41330455,-75.7129468,5235
18--162,1/2/2018,9:44 AM,REGIONAL ROAD 174 btwn OR174 IC105 RAMP16 & OR174 IC105 RAMP26 (__3ZA1PU),__3ZA1PU,01 - Non intersection,03 - P.D. only,07 - SMV other,01 - Clear,01 - Daylight,02 - Wet,10 - No control,,1,0,0,0,,0,,,,,379261.9634,5036955.16,45.46855368,-75.54772409,5236
18--1620,2/1/2018,7:40 PM,BASELINE RD @ MONTEREY DR (0001125),1125,03 - At intersection,03 - P.D. only,05 - Turning movement,01 - Clear,07 - Dark,02 - Wet,01 - Traffic signal,01 - Functioning,2,0,0,0,,0,,,,,359793.6709,5022155.499,45.33719192,-75.79832763,5237
18--1621,2/1/2018,7:46 PM,DAVIDSON RD btwn CONROY RD & HAWTHORNE RD (__3ZA8PL),__3ZA8PL,01 - Non intersection,03 - P.D. only,07 - SMV other,01 - Clear,07 - Dark,02 - Wet,10 - No control,,1,0,0,0,,0,,,,,375470.0308,5024038.784,45.35273311,-75.59806372,5238
18--1622,2/1/2018,7:58 AM,AGES DR @ HAWTHORNE RD (0006397),6397,02 - Intersection related,03 - P.D. only,05 - Turning movement,03 - Snow,01 - Daylight,03 - Loose snow,01 - Traffic signal,01 - Functioning,2,0,0,0,,0,,,,,374971.7409,5027717.536,45.38588286,-75.60389988,5239
18--1623,2/1/2018,8:19 PM,LYON ST @ SPARKS ST (0006076),6076,03 - At intersection,03 - P.D. only,07 - SMV other,01 - Clear,07 - Dark,02 - Wet,01 - Traffic signal,01 - Functioning,1,0,0,0,,0,,,,,366976.3466,5031353.577,45.41935431,-75.70553293,5240
18--1624,2/1/2018,8:53 AM,MEADOWLANDS DR @ VIEWMOUNT DR (0001752),1752,02 - Intersection related,03 - P.D. only,03 - Rear end,03 - Snow,01 - Daylight,03 - Loose snow,01 - Traffic signal,01 - Functioning,2,0,0,0,,0,,,,,363739.6839,5023105.51,45.34541965,-75.7478709,5241
18--1625,2/1/2018,9:03 AM,PRESTON ST btwn GEORGE ST W & ABERDEEN ST (__3ZA3ZV),__3ZA3ZV,01 - Non intersection,03 - P.D. only,06 - SMV unattended vehicle,01 - Clear,01 - Daylight,05 - Packed snow,10 - No control,,1,0,0,0,,0,,,,,366622.5339,5029408.078,45.40188061,-75.71029738,5242
18--1626,2/1/2018,9:20 AM,EAGLESON RD btwn ABBEYHILL DR & PALOMINO DR (__3ZA41M),__3ZA41M,01 - Non intersection,03 - P.D. only,04 - Sideswipe,01 - Clear,01 - Daylight,02 - Wet,10 - No control,,2,0,0,0,,0,,,,,353850.1643,5017977.859,45.30004143,-75.87457059,5243
18--1627,2/1/2018,9:24 AM,MITCH OWENS RD btwn LIMEBANK RD & DOWNEY RD (__3ZA3H4),__3ZA3H4,01 - Non intersection,02 - Non-fatal injury,02 - Angle,01 - Clear,01 - Daylight,02 - Wet,10 - No control,,2,0,0,0,02 - Minor,2,,2,,,372135.8276,5012403.299,45.24836814,-75.6421923,5244
18--1628,2/1/2018,9:30 PM,COLONEL BY DR/MACKENZIE AVE @ DALY AVE (0008541),8541,02 - Intersection related,03 - P.D. only,03 - Rear end,01 - Clear,07 - Dark,01 - Dry,01 - Traffic signal,01 - Functioning,2,0,0,0,,0,,,,,368002.4012,5031904.411,45.42421859,-75.692353,5245
18--1629,2/1/2018,9:35 AM,HIGHWAY 417 btwn HWY417 IC129 RAMP25 & HWY417 IC129 RAMP35 (__3ZAYFR),__3ZAYFR,01 - Non intersection,03 - P.D. only,03 - Rear end,01 - Clear,01 - Daylight,02 - Wet,10 - No control,,2,0,0,0,,0,,,,,360453.732,5023523.223,45.34944665,-75.78975259,5246
18--163,1/2/2018,9:58 AM,MOODIE DR btwn ALTI PL & FALLOWFIELD RD (__3ZAZXM),__3ZAZXM,01 - Non intersection,03 - P.D. only,07 - SMV other,05 - Drifting Snow,01 - Daylight,06 - Ice,10 - No control,,1,0,0,0,,0,,,,,359368.5695,5014945.205,45.27234632,-75.80454493,5247
18--1630,2/1/2018,9:47 AM,HUNTMAR DR @ MAPLE GROVE RD (0003119),3119,02 - Intersection related,03 - P.D. only,03 - Rear end,01 - Clear,01 - Daylight,02 - Wet,01 - Traffic signal,01 - Functioning,2,0,0,0,,0,,,,,350267.6048,5016713.454,45.28890494,-75.92036461,5248
18--1631,2/2/2018,1:00 PM,GREENBANK RD btwn BANNER RD & CANFIELD RD (__3ZA4YY),__3ZA4YY,04 - At/near private drive,03 - P.D. only,04 - Sideswipe,01 - Clear,01 - Daylight,01 - Dry,10 - No control,,2,0,0,0,,0,,,,,361079.7757,5021428.419,45.33054768,-75.78200199,5249
18--1632,2/2/2018,1:17 PM,MAPLE GROVE RD btwn MONTSERRAT ST & LEVECHE WAY (__6O5EZS),__6O5EZS,04 - At/near private drive,03 - P.D. only,06 - SMV unattended vehicle,01 - Clear,01 - Daylight,01 - Dry,10 - No control,,1,0,0,0,,0,,,,,350135.9795,5016593.346,45.28783267,-75.9220535,5250
18--1633,2/2/2018,1:38 PM,DIAMONDVIEW RD @ DONALD B. MUNRO DR (0011597),11597,03 - At intersection,03 - P.D. only,02 - Angle,01 - Clear,01 - Daylight,01 - Dry,02 - Stop sign,01 - Functioning,2,0,0,0,,0,,,,,338122.4688,5022172.207,45.33870623,-76.07482244,5251
18--1634,2/2/2018,1:43 PM,METCALFE ST @ LAURIER AVE (0002231),2231,02 - Intersection related,03 - P.D. only,04 - Sideswipe,01 - Clear,01 - Daylight,01 - Dry,01 - Traffic signal,01 - Functioning,2,0,0,0,,0,,,,,367792.7093,5031451.576,45.42016305,-75.69509024,5252
18--1635,2/2/2018,10:07 AM,FISHER AVE @ DEER PARK RD/DYNES RD (0002341),2341,03 - At intersection,02 - Non-fatal injury,02 - Angle,01 - Clear,01 - Daylight,01 - Dry,01 - Traffic signal,01 - Functioning,3,0,0,0,01 - Minimal,1,1,,,,366408.0579,5025454.831,45.36632912,-75.71353017,5253
18--1636,2/2/2018,10:13 AM,MERIVALE RD btwn WITHROW AVE & ROSSLAND AVE (__3ZA4H5),__3ZA4H5,01 - Non intersection,02 - Non-fatal injury,03 - Rear end,01 - Clear,01 - Daylight,01 - Dry,10 - No control,,4,0,0,0,02 - Minor,1,,1,,,364644.6394,5024222.37,45.35539239,-75.73618863,5254
18--1637,2/2/2018,10:19 PM,BARNSDALE RD @ EAGLESON RD (0000152),152,02 - Intersection related,03 - P.D. only,07 - SMV other,01 - Clear,07 - Dark,01 - Dry,02 - Stop sign,01 - Functioning,1,0,0,0,,0,,,,,358337.367,5006630.395,45.19760713,-75.81858104,5255
18--1638,2/2/2018,10:20 PM,CUMBERLAND ST @ ST. PATRICK ST (0008238),8238,02 - Intersection related,03 - P.D. only,05 - Turning movement,01 - Clear,07 - Dark,01 - Dry,01 - Traffic signal,01 - Functioning,2,0,0,0,,0,,,,,368128.7049,5032748.581,45.43180272,-75.69063061,5256
18--1639,2/2/2018,10:27 AM,WEST HUNT CLUB RD @ ANTARES DR/LASER ST (0000116),116,02 - Intersection related,02 - Non-fatal injury,03 - Rear end,01 - Clear,01 - Daylight,01 - Dry,01 - Traffic signal,01 - Functioning,2,0,0,0,02 - Minor,2,,2,,,367107.7112,5022081.502,45.33591472,-75.70502453,5257
18--164,1/3/2018,1:20 PM,BASELINE RD/HWY 416 RICHMOND IC75R53 @ RICHMON (0000148),148,02 - Intersection related,03 - P.D. only,03 - Rear end,01 - Clear,01 - Daylight,05 - Packed snow,01 - Traffic signal,01 - Functioning,2,0,0,0,,0,,,,,358635.6648,5021821.486,45.33427627,-75.81313806,5258
18--1640,2/2/2018,10:41 AM,ROSEHILL AVE @ HUNTMAR DR (0010609),10609,03 - At intersection,03 - P.D. only,02 - Angle,01 - Clear,01 - Daylight,01 - Dry,11 - Roundabout,01 - Functioning,2,0,0,0,,0,,,,,350500.0045,5016459.168,45.28660172,-75.91742549,5259
18--1641,2/2/2018,11:25 PM,CAMPEAU DR/HWY 417 MARCH IC138R63 @ MARCH RD (0009710),9710,02 - Intersection related,03 - P.D. only,03 - Rear end,01 - Clear,07 - Dark,01 - Dry,01 - Traffic signal,01 - Functioning,2,0,0,0,,0,,,,,352841.6247,5020476.467,45.32259414,-75.8871873,5260
18--1642,2/2/2018,11:30 PM,HIGHWAY 417 btwn HWY417 IC127 RAMP67 & HWY417 IC126 RAMP16 (__3ZA2X0),__3ZA2X0,01 - Non intersection,03 - P.D. only,07 - SMV other,03 - Snow,07 - Dark,03 - Loose snow,10 - No control,,1,0,0,0,,0,,,,,362573.2544,5025204.819,45.36440611,-75.76250913,5261
18--1643,2/2/2018,Unknown,SABLEWOOD PL btwn RANCHWOOD WAY E & SABLEWOOD PL CENTRAL (__3ZA19P),__3ZA19P,01 - Non intersection,03 - P.D. only,06 - SMV unattended vehicle,01 - Clear,00 - Unknown,05 - Packed snow,10 - No control,,1,0,0,0,,0,,,,,380735.5769,5034523.699,45.44651866,-75.52925658,5262
18--1644,2/2/2018,Unknown,CENTREPARK DR btwn SILVER ASPEN CRES & SILVER ASPEN CRES (__3ZA7MH),__3ZA7MH,01 - Non intersection,03 - P.D. only,06 - SMV unattended vehicle,01 - Clear,00 - Unknown,05 - Packed snow,10 - No control,,1,0,0,0,,0,,,,,377630.9884,5033061.921,45.43369693,-75.56915587,5263
18--1645,2/2/2018,Unknown,WARD CRT btwn CLIFFORD CAMPBELL ST & END (__3ZA4C1),__3ZA4C1,01 - Non intersection,03 - P.D. only,06 - SMV unattended vehicle,01 - Clear,00 - Unknown,05 - Packed snow,10 - No control,,1,0,0,0,,0,,,,,327160.1972,5036249.282,45.4658135,-76.21405492,5264
18--1646,2/2/2018,Unknown,THORNBURY CRES btwn REDDING WAY & REDDING WAY (__3ZBO79),__3ZBO79,01 - Non intersection,03 - P.D. only,06 - SMV unattended vehicle,01 - Clear,00 - Unknown,05 - Packed snow,10 - No control,,1,0,0,0,,0,,,,,362056.3374,5023358.454,45.34783506,-75.76932102,5265
18--1647,2/2/2018,12:00 PM,NEPEAN ST btwn LYON ST N & KENT ST (__3ZA8AQ),__3ZA8AQ,01 - Non intersection,03 - P.D. only,04 - Sideswipe,01 - Clear,01 - Daylight,01 - Dry,10 - No control,,2,0,0,0,,0,,,,,367244.8176,5030940.432,45.41561305,-75.70215519,5266
18--1648,2/2/2018,12:24 PM,MERIVALE RD @ CAPILANO DR/WITHROW AVE (0009820),9820,03 - At intersection,02 - Non-fatal injury,05 - Turning movement,01 - Clear,01 - Daylight,01 - Dry,01 - Traffic signal,01 - Functioning,2,0,0,0,02 - Minor,1,,1,,,364642.4289,5024227.769,45.35544116,-75.73621619,5267
18--1649,2/2/2018,12:38 PM,SLACK RD @ WOODROFFE AVE (0000102),102,03 - At intersection,03 - P.D. only,05 - Turning movement,01 - Clear,01 - Daylight,01 - Dry,01 - Traffic signal,01 - Functioning,2,0,0,0,,0,,,,,364233.6836,5019974.478,45.31720522,-75.74194347,5268
18--165,1/3/2018,10:00 AM,CAMPEAU DR/HWY 417 MARCH IC138R63 @ MARCH RD (0009710),9710,02 - Intersection related,02 - Non-fatal injury,03 - Rear end,01 - Clear,01 - Daylight,01 - Dry,01 - Traffic signal,01 - Functioning,2,0,0,0,01 - Minimal,1,1,,,,352841.6247,5020476.467,45.32259414,-75.8871873,5269
18--1650,2/2/2018,12:49 PM,MACKENZIE AVE btwn 205 N OF RIDEAU ST & RIDEAU ST (__3ZA8H8A),__3ZA8H8A,01 - Non intersection,03 - P.D. only,03 - Rear end,01 - Clear,01 - Daylight,06 - Ice,10 - No control,,2,0,0,0,,0,,,,,367791.2309,5032133.698,45.42630069,-75.6950219,5270
18--1651,2/2/2018,12:57 PM,CATHERINE ST @ KENT ST (0002707),2707,03 - At intersection,03 - P.D. only,05 - Turning movement,01 - Clear,01 - Daylight,01 - Dry,01 - Traffic signal,01 - Functioning,2,0,0,0,,0,,,,,367907.7073,5030188.564,45.40878851,-75.69378269,5271
18--1652,2/2/2018,2:02 PM,RICHMOND RD btwn STEEPLE HILL CRES & CAMBRIAN RD (__3ZAB9D),__3ZAB9D,01 - Non intersection,02 - Non-fatal injury,03 - Rear end,01 - Clear,01 - Daylight,01 - Dry,10 - No control,,2,0,0,0,02 - Minor,1,,1,,,359080.7842,5010297.984,45.2305521,-75.80871985,5272
18--1653,2/2/2018,2:15 PM,HOLLAND AVE @ SPENCER ST (0006192),6192,02 - Intersection related,02 - Non-fatal injury,03 - Rear end,01 - Clear,01 - Daylight,01 - Dry,01 - Traffic signal,01 - Functioning,2,0,0,0,02 - Minor,1,,1,,,364832.701,5029372.556,45.40171677,-75.73316241,5273
18--1654,2/2/2018,2:23 PM,WHITE ALDER AVE btwn WIDGEON WAY & WIDGEON WAY (__67PTME),__67PTME,01 - Non intersection,03 - P.D. only,06 - SMV unattended vehicle,03 - Snow,01 - Daylight,06 - Ice,10 - No control,,1,0,0,0,,0,,,,,375018.4278,5020597.92,45.32181899,-75.60431491,5274
18--1655,2/2/2018,2:41 PM,CHAMPLAIN ST @ JEANNE D'ARC BLVD (0004106),4106,03 - At intersection,02 - Non-fatal injury,02 - Angle,01 - Clear,01 - Daylight,01 - Dry,01 - Traffic signal,01 - Functioning,2,0,0,0,02 - Minor,1,,1,,,381379.3963,5038723.598,45.48423564,-75.52037301,5275
18--1656,2/2/2018,3:10 PM,HAWTHORNE AVE/ISABELLA ST @ QUEEN ELIZABETH DR (0002105),2105,03 - At intersection,03 - P.D. only,05 - Turning movement,01 - Clear,01 - Daylight,01 - Dry,01 - Traffic signal,01 - Functioning,2,0,0,0,,0,,,,,368665.7114,5030476.572,45.41131115,-75.68406266,5276
18--1657,2/2/2018,3:17 PM,DONALD ST @ VANIER PKWY (0007644),7644,02 - Intersection related,03 - P.D. only,03 - Rear end,01 - Clear,01 - Daylight,06 - Ice,01 - Traffic signal,01 - Functioning,2,0,0,0,,0,,,,,370311.7132,5032270.585,45.42730082,-75.66279732,5277
18--1658,2/2/2018,3:45 PM,FERNBANK RD btwn BLACK'S SIDE RD & WEST RIDGE DR (__5RG1P8),__5RG1P8,01 - Non intersection,03 - P.D. only,07 - SMV other,01 - Clear,01 - Daylight,01 - Dry,10 - No control,,1,0,0,0,,0,,,,,350315.4459,5011607.937,45.24296064,-75.92022261,5278
18--1659,2/2/2018,3:56 PM,UPPER DWYER HILL RD btwn MARCH RD & OLD ALMONTE RD (__3ZA4QB),__3ZA4QB,01 - Non intersection,03 - P.D. only,07 - SMV other,01 - Clear,01 - Daylight,02 - Wet,10 - No control,,1,0,0,0,,0,,,,,336311.8649,5011831.93,45.24574247,-76.09858116,5279
18--166,1/3/2018,10:15 AM,WOODCLIFFE PRIV @ JEANNE D'ARC BLVD (0012420),12420,03 - At intersection,03 - P.D. only,02 - Angle,01 - Clear,01 - Daylight,02 - Wet,02 - Stop sign,01 - Functioning,2,0,0,0,,0,,,,,380104.0206,5036227.222,45.46191398,-75.53706827,5280
18--1660,2/2/2018,4:00 PM,RIVER RD @ RIDEAU RD (0004196),4196,02 - Intersection related,02 - Non-fatal injury,03 - Rear end,01 - Clear,01 - Daylight,01 - Dry,02 - Stop sign,01 - Functioning,2,0,0,0,01 - Minimal,4,4,,,,368048.7039,5012370.415,45.24845142,-75.69425802,5281
18--1661,2/2/2018,4:10 PM,WOODROFFE AVE btwn HWY417 IC127 RAMP26 & HWY417 IC127 RAMP63 (__3ZA4MC),__3ZA4MC,07 - Overpass or bridge,03 - P.D. only,04 - Sideswipe,01 - Clear,01 - Daylight,01 - Dry,10 - No control,,2,0,0,0,,0,,,,,362090.4672,5024920.342,45.36188603,-75.76870451,5282
18--1662,2/2/2018,4:15 PM,HIGHWAY 417 btwn HWY417 IC127 RAMP25 & HWY417 IC126 RAMP51 (__3ZA2XA),__3ZA2XA,01 - Non intersection,02 - Non-fatal injury,03 - Rear end,01 - Clear,01 - Daylight,01 - Dry,10 - No control,,2,0,0,0,02 - Minor,1,,1,,,362934.2692,5025504.031,45.36706854,-75.75786586,5283
18--1663,2/2/2018,4:23 PM,HUNT CLUB RD btwn DUNSTON TER & CAHILL DR (__3ZA2GG),__3ZA2GG,01 - Non intersection,03 - P.D. only,03 - Rear end,01 - Clear,01 - Daylight,02 - Wet,10 - No control,,2,0,0,0,,0,,,,,372320.8555,5024491.041,45.35711264,-75.63818907,5284
18--1664,2/2/2018,4:27 PM,EARL ARMSTRONG RD @ RIVER RD (0012470),12470,02 - Intersection related,03 - P.D. only,03 - Rear end,01 - Clear,01 - Daylight,01 - Dry,01 - Traffic signal,01 - Functioning,2,0,0,0,,0,,,,,367572.7184,5014684.397,45.2693151,-75.70002879,5285
18--1665,2/2/2018,4:30 PM,ALBERT ST btwn SCOTT ST & CITY CENTRE AVE (2) (__3ZA32WB),__3ZA32WB,01 - Non intersection,03 - P.D. only,05 - Turning movement,01 - Clear,01 - Daylight,01 - Dry,10 - No control,,2,0,0,0,,0,,,,,365941.5853,5030338.003,45.41030764,-75.71887948,5286
18--1666,2/2/2018,4:30 PM,GIBFORD DR btwn DEAN MARTIN CRES & UPLANDS DR (__3ZAZ04),__3ZAZ04,01 - Non intersection,03 - P.D. only,03 - Rear end,01 - Clear,01 - Daylight,06 - Ice,10 - No control,,2,0,0,0,,0,,,,,370171.516,5022895.635,45.34296132,-75.66583037,5287
18--1667,2/2/2018,4:37 PM,BASELINE RD @ MONTEREY DR (0001125),1125,02 - Intersection related,03 - P.D. only,03 - Rear end,01 - Clear,01 - Daylight,01 - Dry,01 - Traffic signal,01 - Functioning,2,0,0,0,,0,,,,,359793.6712,5022155.499,45.33719192,-75.79832763,5288
18--1668,2/2/2018,4:43 PM,HUNTMAR DR btwn PALLADIUM DR & MAPLE GROVE RD (__3ZA1EH),__3ZA1EH,01 - Non intersection,02 - Non-fatal injury,05 - Turning movement,01 - Clear,01 - Daylight,01 - Dry,10 - No control,,2,0,0,0,01 - Minimal,1,1,,,,349709.6738,5017327.769,45.29446861,-75.92742131,5289
18--1669,2/2/2018,4:44 PM,BANKFIELD RD btwn PRINCE OF WALES DR & FIRST LINE RD (__3ZA2XY),__3ZA2XY,01 - Non intersection,03 - P.D. only,03 - Rear end,01 - Clear,05 - Dusk,01 - Dry,10 - No control,,3,0,0,0,,0,,,,,366463.2923,5009031.622,45.21854962,-75.71486687,5290
18--167,1/3/2018,10:29 AM,GARLAND ST @ LADOUCEUR ST (0005965),5965,02 - Intersection related,03 - P.D. only,05 - Turning movement,03 - Snow,01 - Daylight,03 - Loose snow,10 - No control,,2,0,0,0,,0,,,,,365523.9525,5029915.85,45.40654558,-75.7242665,5291
18--1670,2/2/2018,4:45 PM,KING EDWARD AVE @ SUSSEX DR (0002653),2653,02 - Intersection related,03 - P.D. only,03 - Rear end,01 - Clear,01 - Daylight,01 - Dry,01 - Traffic signal,01 - Functioning,2,0,0,0,,0,,,,,367663.7002,5033503.597,45.43863804,-75.69647658,5292
18--1671,2/2/2018,4:53 PM,BLAIR RD @ REGIONAL RD 174 S/OR174 IC112 RAMP15 (0012435),12435,02 - Intersection related,03 - P.D. only,01 - Approaching,01 - Clear,01 - Daylight,01 - Dry,01 - Traffic signal,01 - Functioning,2,0,0,0,,0,,,,,374907.8901,5032661.54,45.43037283,-75.60401211,5293
18--1672,2/2/2018,4:55 PM,BASELINE RD @ CEDARVIEW RD (0010259),10259,02 - Intersection related,03 - P.D. only,03 - Rear end,01 - Clear,01 - Daylight,01 - Dry,01 - Traffic signal,01 - Functioning,2,0,0,0,,0,,,,,358967.6648,5021674.49,45.33292804,-75.80891864,5294
18--1673,2/2/2018,5:21 PM,TRAIL SIDE CIRC btwn VALIN ST & PINE VISTA DR (__45C2S9),__45C2S9,01 - Non intersection,03 - P.D. only,06 - SMV unattended vehicle,03 - Snow,07 - Dark,06 - Ice,10 - No control,,1,0,0,0,,0,,,,,387211.1442,5037780.555,45.47508704,-75.445942,5295
18--1674,2/2/2018,6:20 PM,HAWTHORNE AVE/ISABELLA ST @ QUEEN ELIZABETH DR (0002105),2105,03 - At intersection,03 - P.D. only,05 - Turning movement,01 - Clear,07 - Dark,01 - Dry,01 - Traffic signal,01 - Functioning,3,0,0,0,,0,,,,,368665.7284,5030476.5,45.4113105,-75.68406245,5296
18--1675,2/2/2018,6:20 PM,HIGHWAY 417 btwn HWY417 IC122 RAMP61 & HWY417 IC121B RAMP16 (__3ZA2Y4),__3ZA2Y4,01 - Non intersection,03 - P.D. only,03 - Rear end,01 - Clear,07 - Dark,01 - Dry,10 - No control,,2,0,0,0,,0,,,,,365726.1581,5029159.247,45.39972027,-75.72177709,5297
18--1676,2/2/2018,6:32 AM,GREENLAND RD btwn VANCES SIDE RD & Continuation of GREENLAND RD (__3ZA1PA),__3ZA1PA,01 - Non intersection,03 - P.D. only,07 - SMV other,01 - Clear,03 - Dawn,01 - Dry,10 - No control,,1,0,0,0,,0,,,,,342886.3253,5034980.324,45.45371474,-76.01305127,5298
18--1677,2/2/2018,6:50 PM,RICHMOND RD @ WOODROFFE AVE (0011466),11466,03 - At intersection,02 - Non-fatal injury,02 - Angle,01 - Clear,07 - Dark,01 - Dry,01 - Traffic signal,01 - Functioning,2,0,0,0,02 - Minor,1,,1,,,361583.6411,5026653.826,45.37752502,-75.77497421,5299
18--1678,2/2/2018,7:00 PM,HIGHWAY 417 btwn HWY417 IC121B RAMP16 & HWY417 IC121A RAMP16 (__3ZA2YX),__3ZA2YX,01 - Non intersection,03 - P.D. only,03 - Rear end,01 - Clear,07 - Dark,01 - Dry,10 - No control,,2,0,0,0,,0,,,,,366816.9633,5029601.716,45.40360572,-75.70778969,5300
18--1679,2/2/2018,7:21 AM,OLD SECOND LINE RD @ TERRY FOX DR (0013616),13616,02 - Intersection related,02 - Non-fatal injury,03 - Rear end,01 - Clear,01 - Daylight,01 - Dry,01 - Traffic signal,01 - Functioning,2,0,0,0,02 - Minor,1,,1,,,348795.2,5022408.413,45.34024358,-75.93862864,5301
18--168,1/3/2018,11:00 PM,HIGHWAY 417 btwn HWY417 IC122 RAMP15 & HWY417 IC121B RAMP51 (__3ZA2RB),__3ZA2RB,01 - Non intersection,03 - P.D. only,07 - SMV other,03 - Snow,07 - Dark,03 - Loose snow,10 - No control,,1,0,0,0,,0,,,,,365765.3959,5029160.23,45.3997257,-75.72127582,5302
18--1680,2/2/2018,7:23 PM,BRITTANY DR @ MONTREAL RD (0007685),7685,03 - At intersection,03 - P.D. only,07 - SMV other,01 - Clear,07 - Dark,02 - Wet,01 - Traffic signal,01 - Functioning,1,0,0,0,,0,,,,,371913.2563,5033992.861,45.44264521,-75.642098,5303
18--1681,2/2/2018,7:30 AM,EARL ARMSTRONG RD btwn LIMEBANK RD & BOWESVILLE RD (__3ZA6LB),__3ZA6LB,01 - Non intersection,02 - Non-fatal injury,05 - Turning movement,01 - Clear,01 - Daylight,01 - Dry,10 - No control,,2,0,0,0,02 - Minor,2,1,1,,,370243.161,5016010.233,45.28100133,-75.66582563,5304
18--1682,2/2/2018,7:30 PM,CARP RD btwn BAIRD SIDE RD & THOMAS A. DOLAN PKWY (__3ZBOB2),__3ZBOB2,01 - Non intersection,03 - P.D. only,07 - SMV other,01 - Clear,07 - Dark,01 - Dry,10 - No control,,1,0,0,0,,0,,,,,336294.0329,5026027.17,45.37347934,-76.09790615,5305
18--1683,2/2/2018,7:51 AM,FALLOWFIELD RD btwn CEDARVIEW RD & LARKIN DR (__3ZA1XU),__3ZA1XU,01 - Non intersection,03 - P.D. only,03 - Rear end,01 - Clear,03 - Dawn,01 - Dry,10 - No control,,2,0,0,0,,0,,,,,361338.2397,5015690.094,45.27889328,-75.77935938,5306
18--1684,2/2/2018,7:52 PM,FALLOWFIELD RD @ WOODROFFE AVE (0010372),10372,02 - Intersection related,03 - P.D. only,02 - Angle,03 - Snow,07 - Dark,02 - Wet,01 - Traffic signal,01 - Functioning,2,0,0,0,,0,,,,,365085.1502,5017903.19,45.29849533,-75.73133623,5307
18--2228,2/12/2018,3:35 PM,HIGHWAY 417 btwn HWY417 IC121A RAMP16 & HWY417 IC121A RAMP61 (__3ZA2YY),__3ZA2YY,01 - Non intersection,03 - P.D. only,03 - Rear end,01 - Clear,01 - Daylight,01 - Dry,10 - No control,,2,0,0,0,,0,,,,,367331.7382,5029789.457,45.40524916,-75.70119074,5308
18--1866,2/6/2018,6:13 PM,CARLING AVE @ CLYDE AVE/COLE AVE (0006984),6984,03 - At intersection,03 - P.D. only,05 - Turning movement,01 - Clear,07 - Dark,02 - Wet,01 - Traffic signal,01 - Functioning,2,0,0,0,,0,,,,,363520.6903,5026850.542,45.37913538,-75.75022025,5309
18--14494,12/31/2018,1:48 PM,LAURIER AVE   W btwn BANK ST & O'CONNOR ST (__3ZA34B),__3ZA34B,01 - Non intersection,03 - P.D. only,99 - Other,01 - Clear,01 - Daylight,01 - Dry,10 - No control,,2,0,0,0,,0,,,,,367513.3705,5031285.045,45.41868975,-75.69868042,5310