Anom_ID,Accident_Date,Accident_Time,Location,Geo_ID,Accident_Location,Classification_of_Accident,Initial_Impact_Type,Environment_Condition,Light,Road_Surface_Condition,Traffic_Control,Traffic_Control_Condition,No__of_Vehicles,No__of_Bicycles,No__of_Motorcycles,No__of_Pedestrians,Max_Injury,No__of_Injuries,No__of_Minimal,No__of_Minor,No__of_Major,No__of_Fatal,X,Y,Latitude,Longitude,ObjectId
18--2229,2/12/2018,3:55 PM,BAYCREST DR @ WALKLEY RD (0006958),6958,03 - At intersection,03 - P.D. only,05 - Turning movement,01 - Clear,01 - Daylight,04 - Slush,01 - Traffic signal,01 - Functioning,2,0,0,0,,0,,,,,371421.7302,5026590.527,45.3760891,-75.6493808,5311
18--1867,2/6/2018,6:24 AM,BANTREE ST @ INNES RD (0007684),7684,03 - At intersection,03 - P.D. only,05 - Turning movement,03 - Snow,03 - Dawn,03 - Loose snow,01 - Traffic signal,01 - Functioning,3,0,0,0,,0,,,,,373705.7232,5030406.555,45.41020309,-75.61968948,5312
18--14495,12/31/2018,10:03 PM,AVIATION PKWY @ OGILVIE RD (0004114),4114,02 - Intersection related,03 - P.D. only,03 - Rear end,03 - Snow,07 - Dark,04 - Slush,01 - Traffic signal,01 - Functioning,2,0,0,0,,0,,,,,373110.7344,5032376.436,45.42798545,-75.62701682,5313
18--223,1/4/2018,6:48 PM,ST. LAURENT BLVD @ MCARTHUR AVE (0008246),8246,03 - At intersection,02 - Non-fatal injury,03 - Rear end,01 - Clear,07 - Dark,02 - Wet,01 - Traffic signal,01 - Functioning,2,0,0,0,02 - Minor,1,,1,,,371921.7193,5032887.575,45.43269956,-75.64214054,5314
18--1868,2/6/2018,6:30 PM,TERRY FOX DR btwn HWY417 IC140 RAMP16 & HWY417 IC140 RAMP35 (__3ZA3DR),__3ZA3DR,01 - Non intersection,02 - Non-fatal injury,03 - Rear end,01 - Clear,07 - Dark,01 - Dry,10 - No control,,2,0,0,0,02 - Minor,1,,1,,,350898.8019,5018608.239,45.30591363,-75.91214219,5315
18--14496,12/31/2018,10:49 PM,CUMBERLAND ST @ YORK ST (0008416),8416,03 - At intersection,03 - P.D. only,02 - Angle,04 - Freezing Rain,07 - Dark,06 - Ice,01 - Traffic signal,01 - Functioning,2,0,0,0,,0,,,,,368262.6608,5032521.51,45.42974747,-75.68894803,5316
18--2230,2/12/2018,4:00 AM,RICHARD ST btwn ARTHUR CRES & VAN VLIET RD (__3ZAZ51),__3ZAZ51,01 - Non intersection,03 - P.D. only,07 - SMV other,03 - Snow,07 - Dark,03 - Loose snow,10 - No control,,1,0,0,0,,0,,,,,369089.7111,5010251.682,45.22929289,-75.68127155,5317
18--2231,2/12/2018,4:04 PM,BASELINE RD @ CENTREPOINTE DR E/HIGHGATE RD (0011468),11468,02 - Intersection related,02 - Non-fatal injury,03 - Rear end,01 - Clear,01 - Daylight,03 - Loose snow,01 - Traffic signal,01 - Functioning,2,0,0,0,01 - Minimal,1,1,,,,362061.687,5023465.505,45.34879786,-75.76924036,5318
18--2232,2/12/2018,4:15 PM,ISLAND PARK DR btwn CARLING AVE & HOLLAND AVE (__3ZA23T),__3ZA23T,01 - Non intersection,03 - P.D. only,03 - Rear end,01 - Clear,01 - Daylight,03 - Loose snow,10 - No control,,2,0,0,0,,0,,,,,365366.7213,5027976.504,45.3891094,-75.72651303,5319
18--2233,2/12/2018,4:19 PM,CATHERINE ST @ METCALFE ST (0011239),11239,02 - Intersection related,03 - P.D. only,02 - Angle,01 - Clear,01 - Daylight,01 - Dry,01 - Traffic signal,01 - Functioning,2,0,0,0,,0,,,,,368391.9645,5030485.169,45.41141343,-75.68755854,5320
18--2234,2/12/2018,4:20 PM,HIGHWAY 417 btwn HWY417 IC120A RAMP52 & HWY417 IC119B RAMP57 (__3ZA2R1),__3ZA2R1,01 - Non intersection,03 - P.D. only,03 - Rear end,01 - Clear,01 - Daylight,01 - Dry,10 - No control,,2,0,0,0,,0,,,,,368030.4008,5030156.93,45.4084928,-75.69221946,5321
18--2235,2/12/2018,4:23 PM,HIGHWAY 417 btwn HWY417 IC120B RAMP36 & HWY417 IC119B RAMP76 (__3ZA2YU),__3ZA2YU,01 - Non intersection,03 - P.D. only,03 - Rear end,01 - Clear,01 - Daylight,01 - Dry,10 - No control,,2,0,0,0,,0,,,,,368009.3188,5030169.037,45.40860364,-75.69248721,5322
18--2236,2/12/2018,4:25 PM,BANTON ST @ WALKLEY RD (0006399),6399,02 - Intersection related,03 - P.D. only,03 - Rear end,01 - Clear,01 - Daylight,02 - Wet,01 - Traffic signal,01 - Functioning,3,0,0,0,,0,,,,,374247.7372,5028249.537,45.39074172,-75.6130695,5323
18--2237,2/12/2018,4:30 PM,KENASTON ST @ MICHAEL ST (0007683),7683,03 - At intersection,03 - P.D. only,02 - Angle,01 - Clear,01 - Daylight,04 - Slush,02 - Stop sign,01 - Functioning,2,0,0,0,,0,,,,,372955.7362,5031116.574,45.41666494,-75.6291717,5324
18--2238,2/12/2018,4:44 PM,FISHER AVE btwn MCCOOEY LANE & BASELINE RD (__3ZA4JS),__3ZA4JS,01 - Non intersection,03 - P.D. only,05 - Turning movement,01 - Clear,01 - Daylight,05 - Packed snow,10 - No control,,2,0,0,0,,0,,,,,366144.1628,5026084.449,45.37201744,-75.71682047,5325
18--2239,2/12/2018,5:01 AM,COLONEL BY DR @ UNIVERSITY RD - CARLETON (0007131),7131,03 - At intersection,03 - P.D. only,07 - SMV other,04 - Freezing Rain,07 - Dark,06 - Ice,01 - Traffic signal,01 - Functioning,1,0,0,0,,0,,,,,367345.7302,5026848.527,45.37878622,-75.7013848,5326
18--224,1/4/2018,6:52 PM,CARLING AVE WB btwn KIRKWOOD AVE & HWY417 IC124 RAMP67 (__3ZA4N1),__3ZA4N1,01 - Non intersection,03 - P.D. only,03 - Rear end,03 - Snow,07 - Dark,05 - Packed snow,10 - No control,,2,0,0,0,,0,,,,,364303.2684,5027507.584,45.3849813,-75.74014952,5327
18--2240,2/12/2018,5:27 PM,FALLOWFIELD RD @ MOODIE DR (0010412),10412,03 - At intersection,03 - P.D. only,05 - Turning movement,01 - Clear,05 - Dusk,02 - Wet,01 - Traffic signal,01 - Functioning,2,0,0,0,,0,,,,,359501.6558,5014636.412,45.26955742,-75.80288294,5328
18--2241,2/12/2018,6:05 PM,EAGLESON RD btwn HWY417 IC138 RAMP51 & KATIMAVIK RD (__3ZA41W),__3ZA41W,01 - Non intersection,02 - Non-fatal injury,07 - SMV other,01 - Clear,05 - Dusk,01 - Dry,10 - No control,,1,0,0,0,02 - Minor,1,,1,,,353076.5539,5019926.68,45.31763093,-75.88424433,5329
18--2242,2/12/2018,6:18 PM,OTTAWA RIVER PKWY btwn VIMY PLACE PRIV & BOOTH ST (__5VHJ2QB),__5VHJ2QB,01 - Non intersection,03 - P.D. only,03 - Rear end,02 - Rain,05 - Dusk,02 - Wet,10 - No control,,3,0,0,0,,0,,,,,366201.7542,5030961.596,45.41589579,-75.7154783,5330
18--2243,2/12/2018,6:20 AM,HIGHWAY 417 btwn HWY417 IC118 RAMP76 & HWY417 IC118 RAMP67 (__3ZA2YR),__3ZA2YR,01 - Non intersection,03 - P.D. only,04 - Sideswipe,01 - Clear,07 - Dark,02 - Wet,10 - No control,,2,0,0,0,,0,,,,,369704.0081,5031149.671,45.41727192,-75.6707103,5331
18--2244,2/12/2018,6:27 PM,ST. JOSEPH BLVD/OLD MONTREAL RD @ TRIM RD (0004118),4118,03 - At intersection,03 - P.D. only,02 - Angle,01 - Clear,07 - Dark,01 - Dry,11 - Roundabout,01 - Functioning,2,0,0,0,,0,,,,,384682.4056,5039284.188,45.48890913,-75.47803533,5332
18--2245,2/12/2018,7:12 AM,DUNROBIN RD @ RIDDELL DR (0003182),3182,02 - Intersection related,03 - P.D. only,03 - Rear end,01 - Clear,03 - Dawn,06 - Ice,02 - Stop sign,01 - Functioning,2,0,0,0,,0,,,,,347160.6035,5026306.53,45.37542045,-75.95915081,5333
18--2246,2/12/2018,7:22 AM,HIGHWAY 417 btwn HWY417 IC110 RAMP64 & HWY417 IC104 RAMP16 (__3ZA2W9),__3ZA2W9,01 - Non intersection,03 - P.D. only,03 - Rear end,01 - Clear,01 - Daylight,01 - Dry,10 - No control,,2,0,0,0,,0,,,,,376171.2124,5027942.347,45.3877844,-75.58855194,5334
18--2247,2/12/2018,7:30 AM,KIMBOLTON CRES btwn HELMSDALE DR & HELMSDALE DR (__3ZA44E),__3ZA44E,04 - At/near private drive,03 - P.D. only,06 - SMV unattended vehicle,01 - Clear,01 - Daylight,05 - Packed snow,10 - No control,,1,0,0,0,,0,,,,,350143.31,5023822.182,45.35287915,-75.92129824,5335
18--2248,2/12/2018,7:33 AM,JOCKVALE RD @ LAMING ST/WEYBRIDGE DR W (0000813),813,03 - At intersection,03 - P.D. only,02 - Angle,01 - Clear,01 - Daylight,01 - Dry,02 - Stop sign,01 - Functioning,2,0,0,0,,0,,,,,361914.6296,5015397.436,45.27621334,-75.77204693,5336
18--2249,2/12/2018,7:33 AM,SPRATT RD @ BLACK CANARY DR (0012972),12972,03 - At intersection,03 - P.D. only,02 - Angle,03 - Snow,01 - Daylight,05 - Packed snow,02 - Stop sign,01 - Functioning,2,0,0,0,,0,,,,,369635.8892,5011728.099,45.2425275,-75.67412428,5337
18--225,1/4/2018,6:58 AM,ELGIN ST @ LISGAR ST (0006935),6935,03 - At intersection,03 - P.D. only,02 - Angle,01 - Clear,03 - Dawn,04 - Slush,01 - Traffic signal,01 - Functioning,2,0,0,0,,0,,,,,368075.0596,5031344.182,45.41917128,-75.69149657,5338
18--2250,2/12/2018,7:34 PM,BRONSON AVE @ GLADSTONE AVE (0002110),2110,03 - At intersection,03 - P.D. only,07 - SMV other,01 - Clear,07 - Dark,02 - Wet,01 - Traffic signal,01 - Functioning,1,0,0,0,,0,,,,,367133.3533,5030082.261,45.40790142,-75.70368773,5339
18--2251,2/12/2018,7:57 AM,BANTREE ST @ NEWMARKET ST (0006407),6407,03 - At intersection,03 - P.D. only,02 - Angle,01 - Clear,01 - Daylight,02 - Wet,02 - Stop sign,01 - Functioning,2,0,0,0,,0,,,,,373671.9857,5030481.563,45.41088129,-75.62010997,5340
18--2252,2/12/2018,8:00 AM,BASELINE RD btwn GREENBANK RD & MCWATTERS RD (__3ZA4MM),__3ZA4MM,01 - Non intersection,03 - P.D. only,99 - Other,03 - Snow,01 - Daylight,04 - Slush,10 - No control,,2,0,0,0,,0,,,,,360684.2974,5022636.004,45.34144513,-75.7869106,5341
18--2253,2/12/2018,8:01 AM,RIVER RD btwn BRIDGE ST & ROYAL PALM CRES (__3ZA1DB),__3ZA1DB,01 - Non intersection,03 - P.D. only,99 - Other,01 - Clear,01 - Daylight,01 - Dry,10 - No control,,2,0,0,0,,0,,,,,369687.6183,5010685.504,45.23314155,-75.67360143,5342
18--2254,2/12/2018,8:10 AM,HIGHWAY 417 btwn HIGHWAY 417 & HIGHWAY 417 (2) (__3ZA2UZ),__3ZA2UZ,01 - Non intersection,03 - P.D. only,03 - Rear end,01 - Clear,01 - Daylight,01 - Dry,10 - No control,,2,0,0,0,,0,,,,,375373.1957,5030296.762,45.40904907,-75.5984049,5343
18--2255,2/12/2018,8:15 PM,BASELINE RD @ NAVAHO DR (0003158),3158,02 - Intersection related,03 - P.D. only,03 - Rear end,03 - Snow,07 - Dark,02 - Wet,01 - Traffic signal,01 - Functioning,2,0,0,0,,0,,,,,363085.6908,5024097.507,45.35440021,-75.75609887,5344
18--2256,2/12/2018,8:45 AM,CARP RD @ HAZELDEAN RD (0000086),86,03 - At intersection,03 - P.D. only,05 - Turning movement,01 - Clear,01 - Daylight,04 - Slush,01 - Traffic signal,01 - Functioning,2,0,0,0,,0,,,,,348804.5758,5014360.437,45.26782479,-75.93922346,5345
18--2257,2/12/2018,9:17 AM,ISLAND PARK DR btwn RICHMOND RD & BASSETT LANE (__3ZA235),__3ZA235,01 - Non intersection,03 - P.D. only,03 - Rear end,01 - Clear,01 - Daylight,01 - Dry,10 - No control,,3,0,0,0,,0,,,,,364229.4044,5028661.091,45.39536662,-75.74095375,5346
18--2258,2/12/2018,9:41 AM,ALBION RD @ RIDEAU RD (0009356),9356,03 - At intersection,03 - P.D. only,02 - Angle,01 - Clear,01 - Daylight,02 - Wet,01 - Traffic signal,01 - Functioning,2,0,0,0,,0,,,,,375092.7524,5016674.459,45.28650965,-75.60392333,5347
18--2259,2/12/2018,9:44 AM,ROGER GUINDON AVE @ SMYTH RD (0006971),6971,03 - At intersection,03 - P.D. only,05 - Turning movement,03 - Snow,01 - Daylight,05 - Packed snow,01 - Traffic signal,01 - Functioning,2,0,0,0,,0,,,,,371933.9097,5029226.162,45.39975461,-75.64248355,5348
18--226,1/4/2018,7:00 PM,HIGHWAY 417 btwn HWY417 IC118 RAMP35 & HWY417 IC117 RAMP51 (__3ZA2YP),__3ZA2YP,01 - Non intersection,03 - P.D. only,04 - Sideswipe,03 - Snow,07 - Dark,04 - Slush,10 - No control,,2,0,0,0,,0,,,,,370179.5118,5031100.566,45.41678582,-75.66464187,5349
18--2260,2/13/2018,1:37 PM,RIVERSIDE DR btwn HERON RD & HOG'S BACK RD (__3ZA379),__3ZA379,01 - Non intersection,02 - Non-fatal injury,03 - Rear end,01 - Clear,01 - Daylight,01 - Dry,10 - No control,,2,0,0,0,01 - Minimal,1,1,,,,368138.1841,5026497.418,45.37555584,-75.6913124,5350
18--2261,2/13/2018,1:47 PM,JEANNE D'ARC BLVD @ SAPINIER ST (0004220),4220,02 - Intersection related,02 - Non-fatal injury,02 - Angle,01 - Clear,01 - Daylight,01 - Dry,02 - Stop sign,01 - Functioning,3,0,0,0,02 - Minor,3,2,1,,,382557.4993,5035770.967,45.45754022,-75.50577185,5351
18--2262,2/13/2018,1:52 PM,BASELINE RD @ GREENBANK RD (0002357),2357,02 - Intersection related,03 - P.D. only,04 - Sideswipe,01 - Clear,01 - Daylight,01 - Dry,01 - Traffic signal,01 - Functioning,2,0,0,0,,0,,,,,360597.6843,5022584.5,45.34098859,-75.78802152,5352
18--2263,2/13/2018,10:20 AM,CATHERINE ST/HWY 417 O'CONN IC119BR76 @ O'CONN (0001697),1697,03 - At intersection,03 - P.D. only,05 - Turning movement,01 - Clear,01 - Daylight,01 - Dry,01 - Traffic signal,01 - Functioning,2,0,0,0,,0,,,,,368243.7112,5030392.564,45.41059366,-75.68946433,5353
18--2264,2/13/2018,10:55 PM,RUSSELL RD btwn ANDERSON RD & FARMERS WAY (__3ZA2CI),__3ZA2CI,01 - Non intersection,03 - P.D. only,07 - SMV other,01 - Clear,07 - Dark,01 - Dry,10 - No control,,1,0,0,0,,0,,,,,380262.4995,5026544.013,45.37477426,-75.536525,5354
18--2265,2/13/2018,10:55 PM,HIGHWAY 417 btwn HWY417 IC121B RAMP51 & HWY417 IC121A RAMP51 (__3ZA2YW),__3ZA2YW,01 - Non intersection,03 - P.D. only,04 - Sideswipe,01 - Clear,07 - Dark,01 - Dry,10 - No control,,2,0,0,0,,0,,,,,366870.4186,5029601.236,45.40359666,-75.70710697,5355
18--2266,2/13/2018,11:50 AM,ST. LAURENT BLVD @ COVENTRY RD/OGILVIE RD (0002151),2151,02 - Intersection related,03 - P.D. only,03 - Rear end,01 - Clear,01 - Daylight,01 - Dry,01 - Traffic signal,01 - Functioning,2,0,0,0,,0,,,,,372305.7192,5031951.574,45.4242409,-75.63736163,5356
18--2267,2/13/2018,Unknown,ST. CHARLES ST btwn BEECHWOOD AVE & BARRETTE ST (__3ZA8YH),__3ZA8YH,01 - Non intersection,03 - P.D. only,06 - SMV unattended vehicle,01 - Clear,00 - Unknown,01 - Dry,10 - No control,,1,0,0,0,,0,,,,,369430.4139,5033771.32,45.44088582,-75.67386163,5357
18--2268,2/13/2018,Unknown,INWOOD DR btwn KLUANE RDG & STEEPLE CHASE DR (__3ZA2VG),__3ZA2VG,01 - Non intersection,03 - P.D. only,06 - SMV unattended vehicle,01 - Clear,00 - Unknown,02 - Wet,10 - No control,,1,0,0,0,,0,,,,,354994.0716,5017823.259,45.29856951,-75.8600014,5358
18--2269,2/13/2018,Unknown,CORDILLERA ST btwn CAMPEAU DR & CANADIAN SHIELD AVE (__6REWQ2),__6REWQ2,01 - Non intersection,03 - P.D. only,06 - SMV unattended vehicle,01 - Clear,00 - Unknown,02 - Wet,10 - No control,,1,0,0,0,,0,,,,,351465.277,5019669.263,45.31542358,-75.90481889,5359
18--227,1/4/2018,7:20 PM,HIGHWAY 417 btwn HIGHWAY 417 & HWY417 IC140 RAMP36 (__3ZA20M),__3ZA20M,01 - Non intersection,03 - P.D. only,07 - SMV other,03 - Snow,07 - Dark,03 - Loose snow,10 - No control,,1,0,0,0,,0,,,,,350315.4974,5018242.246,45.30265836,-75.91961378,5360
18--2270,2/13/2018,Unknown,MAJOR RD btwn KENNEDY LANE W & SAULT ST (__3ZA6YL),__3ZA6YL,01 - Non intersection,03 - P.D. only,06 - SMV unattended vehicle,01 - Clear,00 - Unknown,05 - Packed snow,10 - No control,,1,0,0,0,,0,,,,,382112.2247,5037788.685,45.47574334,-75.51114701,5361
18--2271,2/13/2018,Unknown,WOLISTON CRES btwn HEYSHAM LANE & KETTLEWELL WAY (__4OELMF),__4OELMF,01 - Non intersection,03 - P.D. only,06 - SMV unattended vehicle,01 - Clear,00 - Unknown,01 - Dry,10 - No control,,1,0,0,0,,0,,,,,348881.4082,5023819.483,45.35293532,-75.93740293,5362
18--2272,2/13/2018,12:05 PM,ELGIN ST @ LAURIER AVE (0002232),2232,02 - Intersection related,03 - P.D. only,04 - Sideswipe,01 - Clear,01 - Daylight,01 - Dry,01 - Traffic signal,01 - Functioning,2,0,0,0,,0,,,,,367948.7099,5031549.576,45.42103076,-75.69308453,5363
18--2273,2/13/2018,12:07 PM,MERIVALE RD @ 170 N OF HUNTCLUB RD/COSTCO/CANA (0004681),4681,02 - Intersection related,02 - Non-fatal injury,07 - SMV other,01 - Clear,01 - Daylight,01 - Dry,01 - Traffic signal,01 - Functioning,1,0,0,1,02 - Minor,1,,1,,,365548.1781,5022100.791,45.33622504,-75.72491817,5364
18--2274,2/13/2018,12:32 PM,DONALD ST @ ST. LAURENT BLVD (0008630),8630,02 - Intersection related,03 - P.D. only,03 - Rear end,01 - Clear,01 - Daylight,03 - Loose snow,01 - Traffic signal,01 - Functioning,2,0,0,0,,0,,,,,372093.713,5032472.585,45.42894914,-75.63999931,5365
18--2275,2/13/2018,2:13 PM,CHESTERTON DR @ MEADOWLANDS DR (0001110),1110,03 - At intersection,03 - P.D. only,02 - Angle,01 - Clear,01 - Daylight,02 - Wet,01 - Traffic signal,01 - Functioning,2,0,0,0,,0,,,,,365101.7032,5024009.508,45.35343793,-75.73038151,5366
18--2276,2/13/2018,3:16 PM,HEMLOCK RD @ ST. LAURENT BLVD (0007183),7183,03 - At intersection,03 - P.D. only,05 - Turning movement,01 - Clear,01 - Daylight,02 - Wet,01 - Traffic signal,01 - Functioning,2,0,0,0,,0,,,,,371145.7086,5034781.597,45.44981515,-75.65180204,5367
18--2277,2/13/2018,3:30 AM,BESSERER ST @ WALLER ST (0008859),8859,03 - At intersection,03 - P.D. only,04 - Sideswipe,01 - Clear,07 - Dark,02 - Wet,01 - Traffic signal,01 - Functioning,2,0,0,0,,0,,,,,368315.9334,5032191.978,45.42677762,-75.68830978,5368
18--2278,2/13/2018,3:32 PM,TERMINAL AVE @ TRAINYARDS DR (0012245),12245,02 - Intersection related,03 - P.D. only,04 - Sideswipe,01 - Clear,01 - Daylight,02 - Wet,01 - Traffic signal,01 - Functioning,2,0,0,0,,0,,,,,371845.3343,5030815.925,45.41406711,-75.64339864,5369
18--2279,2/13/2018,3:52 PM,HAZEL ST @ MAIN ST (0007202),7202,02 - Intersection related,03 - P.D. only,03 - Rear end,01 - Clear,01 - Daylight,02 - Wet,01 - Traffic signal,01 - Functioning,2,0,0,0,,0,,,,,369166.7139,5030173.552,45.40853878,-75.67770216,5370
18--228,1/4/2018,7:39 PM,DALMENY RD btwn STAGECOACH RD & 4TH LINE RD (__3ZA2C7),__3ZA2C7,04 - At/near private drive,03 - P.D. only,07 - SMV other,05 - Drifting Snow,07 - Dark,03 - Loose snow,10 - No control,,1,0,0,0,,0,,,,,379053.4425,4999987.293,45.13595686,-75.55592751,5371
18--2280,2/13/2018,4:00 PM,REGIONAL ROAD 174 btwn OR174 IC105 RAMP51 & OR174 IC105 RAMP35 (__3ZA2XC),__3ZA2XC,01 - Non intersection,03 - P.D. only,03 - Rear end,01 - Clear,01 - Daylight,01 - Dry,10 - No control,,2,0,0,0,,0,,,,,379320.4143,5036952.032,45.4685193,-75.54697716,5372
18--2281,2/13/2018,4:18 PM,CITY PARK DR btwn AMBASSADOR AVE & OGILVIE RD (__3ZA4B7),__3ZA4B7,04 - At/near private drive,02 - Non-fatal injury,02 - Angle,01 - Clear,01 - Daylight,06 - Ice,10 - No control,,2,0,0,0,01 - Minimal,2,2,,,,374271.5649,5032834.965,45.43199671,-75.61211897,5373
18--2282,2/13/2018,5:00 AM,RUSSELL RD btwn ANDERSON RD & FARMERS WAY (__3ZA2CI),__3ZA2CI,01 - Non intersection,03 - P.D. only,07 - SMV other,01 - Clear,07 - Dark,01 - Dry,10 - No control,,1,0,0,0,,0,,,,,380278.6216,5026546.787,45.37479748,-75.53631877,5374
18--2283,2/13/2018,5:12 PM,WOODROFFE AVE btwn TURN LANE & KNOXDALE RD (__3ZA3JN),__3ZA3JN,01 - Non intersection,03 - P.D. only,05 - Turning movement,01 - Clear,05 - Dusk,01 - Dry,10 - No control,,2,0,0,0,,0,,,,,363418.3048,5021829.998,45.33396963,-75.75212279,5375
18--2284,2/13/2018,5:15 PM,OTTAWA RIVER PKWY WB btwn TUNNEY'S PASTURE/REMIC RAPIDS ENT & PARKDALE (__3ZA24KB),__3ZA24KB,01 - Non intersection,03 - P.D. only,04 - Sideswipe,01 - Clear,01 - Daylight,01 - Dry,10 - No control,,2,0,0,0,,0,,,,,364560.6322,5030463.733,45.41155822,-75.73650515,5376
18--2285,2/13/2018,5:27 PM,GALETTA SIDE RD btwn CARP RD & HARBOUR ST (__3ZA4RV),__3ZA4RV,01 - Non intersection,03 - P.D. only,07 - SMV other,01 - Clear,07 - Dark,01 - Dry,10 - No control,,1,0,0,0,,0,,,,,328213.2576,5035401.614,45.45815136,-76.2006288,5377
18--2286,2/13/2018,5:52 PM,FISHER AVE btwn TRENT ST & 220 S OF TRENT ST (__3ZA30SA),__3ZA30SA,01 - Non intersection,03 - P.D. only,03 - Rear end,01 - Clear,07 - Dark,01 - Dry,10 - No control,,2,0,0,0,,0,,,,,365823.8968,5026836.618,45.37881327,-75.72081598,5378
18--2287,2/13/2018,6:15 AM,HWY417 IC131 RAMP55 btwn HIGHWAY 417 & HWY416 IC75B RAMP25 (__3ZAYG7),__3ZAYG7,01 - Non intersection,03 - P.D. only,03 - Rear end,01 - Clear,03 - Dawn,01 - Dry,10 - No control,,2,0,0,0,,0,,,,,358707.8378,5022924.17,45.34419272,-75.81209717,5379
18--2288,2/13/2018,6:22 AM,HWY417 IC131 RAMP55 btwn HIGHWAY 417 & HWY416 IC75B RAMP25 (__3ZAYG7),__3ZAYG7,01 - Non intersection,03 - P.D. only,03 - Rear end,01 - Clear,07 - Dark,01 - Dry,10 - No control,,2,0,0,0,,0,,,,,358469.289,5022796.577,45.34306293,-75.81515485,5380
18--2289,2/13/2018,6:33 AM,MERIVALE RD @ WEST HUNT CLUB RD (0000584),584,02 - Intersection related,03 - P.D. only,03 - Rear end,01 - Clear,03 - Dawn,01 - Dry,01 - Traffic signal,01 - Functioning,2,0,0,0,,0,,,,,365612.695,5021942.498,45.33479515,-75.72411453,5381
18--229,1/4/2018,7:45 AM,ROCKCLIFFE PKWY btwn ACACIA AVE & HILLSDALE RD (__3ZA21Z),__3ZA21Z,07 - Overpass or bridge,03 - P.D. only,01 - Approaching,02 - Rain,03 - Dawn,02 - Wet,10 - No control,,3,0,0,0,,0,,,,,369137.8957,5035503.347,45.45649687,-75.67737384,5382
18--2290,2/13/2018,6:36 AM,BANK ST @ JOHNSTON RD (0006967),6967,02 - Intersection related,03 - P.D. only,07 - SMV other,01 - Clear,03 - Dawn,06 - Ice,01 - Traffic signal,01 - Functioning,1,0,0,0,,0,,,,,370852.0789,5024840.225,45.3603944,-75.65688726,5383
18--2291,2/13/2018,6:55 AM,HIGHWAY 417 btwn HWY417 IC124 RAMP65 & HWY417 IC122 RAMP51 (__3ZA2R8),__3ZA2R8,01 - Non intersection,03 - P.D. only,03 - Rear end,01 - Clear,03 - Dawn,01 - Dry,10 - No control,,2,0,0,0,,0,,,,,365172.9304,5028728.835,45.39589545,-75.72889562,5384
18--2292,2/13/2018,7:15 AM,BRIDLE PARK DR btwn RIVERGREEN CRES & BLACK RIVERS PL (__3ZA2VZ),__3ZA2VZ,01 - Non intersection,03 - P.D. only,06 - SMV unattended vehicle,01 - Clear,01 - Daylight,06 - Ice,10 - No control,,1,0,0,0,,0,,,,,355490.7882,5016356.383,45.28533462,-75.85381834,5385
18--2293,2/13/2018,7:27 PM,MEADOWLANDS DR @ MERIVALE RD (0000625),625,02 - Intersection related,03 - P.D. only,03 - Rear end,01 - Clear,07 - Dark,02 - Wet,01 - Traffic signal,01 - Functioning,2,0,0,0,,0,,,,,364858.6999,5023725.511,45.35090342,-75.73351712,5386
18--2294,2/13/2018,7:30 AM,HIGHWAY 417 btwn HWY417 IC124 RAMP65 & HWY417 IC122 RAMP51 (__3ZA2R8),__3ZA2R8,01 - Non intersection,02 - Non-fatal injury,04 - Sideswipe,01 - Clear,01 - Daylight,01 - Dry,10 - No control,,4,0,0,0,02 - Minor,1,,1,,,364983.7318,5028416.227,45.39309895,-75.73135005,5387
18--2295,2/13/2018,7:35 PM,MERIVALE RD @ WOODFIELD DR/ROYDON PL (0009776),9776,03 - At intersection,03 - P.D. only,05 - Turning movement,01 - Clear,07 - Dark,02 - Wet,01 - Traffic signal,01 - Functioning,2,0,0,0,,0,,,,,365462.7013,5022298.499,45.33801138,-75.72598443,5388
18--2296,2/13/2018,7:38 AM,BARRAN ST @ FALLOWFIELD RD (0000626),626,03 - At intersection,03 - P.D. only,02 - Angle,01 - Clear,01 - Daylight,01 - Dry,02 - Stop sign,01 - Functioning,2,0,0,0,,0,,,,,362293.0292,5016245.135,45.28381014,-75.76712625,5389
18--2297,2/13/2018,7:42 PM,HIGHWAY 417 btwn HWY417 IC139 RAMP61 & HWY417 IC138 RAMP36 (__3ZA2QS),__3ZA2QS,01 - Non intersection,02 - Non-fatal injury,07 - SMV other,01 - Clear,07 - Dark,01 - Dry,10 - No control,,1,0,0,0,02 - Minor,1,,1,,,352215.3894,5019690.628,45.31556557,-75.89525025,5390
18--2298,2/13/2018,7:43 AM,KEYROCK DR @ TORBEC AVE (0012710),12710,02 - Intersection related,02 - Non-fatal injury,03 - Rear end,01 - Clear,01 - Daylight,06 - Ice,02 - Stop sign,01 - Functioning,2,0,0,0,02 - Minor,1,,1,,,349371.3277,5020112.481,45.31954782,-75.93148443,5391
18--2299,2/13/2018,7:45 AM,DUNROBIN RD btwn KINBURN SIDE RD & VANCES SIDE RD (__3ZA3FG),__3ZA3FG,01 - Non intersection,03 - P.D. only,03 - Rear end,01 - Clear,01 - Daylight,99 - Other,10 - No control,,2,0,0,0,,0,,,,,338312.6367,5035612.86,45.45964077,-76.07148282,5392
18--23,1/1/2018,3:51 PM,BEAUSEJOUR DR @ JEANNE D'ARC BLVD (0003636),3636,03 - At intersection,02 - Non-fatal injury,04 - Sideswipe,01 - Clear,01 - Daylight,03 - Loose snow,01 - Traffic signal,01 - Functioning,2,1,0,0,01 - Minimal,1,1,,,,381421.7924,5036060.571,45.46027131,-75.52024602,5393