Anom_ID,Accident_Date,Accident_Time,Location,Geo_ID,Accident_Location,Classification_of_Accident,Initial_Impact_Type,Environment_Condition,Light,Road_Surface_Condition,Traffic_Control,Traffic_Control_Condition,No__of_Vehicles,No__of_Bicycles,No__of_Motorcycles,No__of_Pedestrians,Max_Injury,No__of_Injuries,No__of_Minimal,No__of_Minor,No__of_Major,No__of_Fatal,X,Y,Latitude,Longitude,ObjectId
18--230,1/4/2018,7:50 AM,HADLEY CIRC @ MOODIE DR (0000594),594,02 - Intersection related,03 - P.D. only,04 - Sideswipe,01 - Clear,03 - Dawn,02 - Wet,02 - Stop sign,01 - Functioning,2,0,0,0,,0,,,,,357136.6484,5020300.48,45.32070352,-75.83242271,5394
18--2300,2/13/2018,7:45 AM,OTTAWA RIVER PKWY EB btwn TRANSIT & TURN LANE (2) (__3ZA24U),__3ZA24U,04 - At/near private drive,03 - P.D. only,02 - Angle,01 - Clear,01 - Daylight,02 - Wet,10 - No control,,2,0,0,0,,0,,,,,361277.7603,5026722.87,45.37817099,-75.77887155,5395
18--2301,2/13/2018,7:45 AM,HIGHWAY 417 btwn RAMP & HWY417 IC129 RAMP76 (__3ZA2X8),__3ZA2X8,01 - Non intersection,03 - P.D. only,04 - Sideswipe,01 - Clear,01 - Daylight,01 - Dry,10 - No control,,2,0,0,0,,0,,,,,360143.4134,5023311.473,45.34756588,-75.79373623,5396
18--2302,2/13/2018,7:55 AM,CARLING AVE @ MAITLAND AVE/SHERBOURNE RD (0002641),2641,02 - Intersection related,03 - P.D. only,04 - Sideswipe,01 - Clear,01 - Daylight,01 - Dry,01 - Traffic signal,01 - Functioning,2,0,0,0,,0,,,,,362942.6981,5026488.527,45.37592622,-75.75764239,5397
18--2303,2/13/2018,7:56 AM,VIEWMOUNT DR @ MERIVALE RD (0001528),1528,03 - At intersection,03 - P.D. only,07 - SMV other,01 - Clear,01 - Daylight,02 - Wet,01 - Traffic signal,01 - Functioning,1,0,0,1,,0,,,,,365193.3487,5022948.495,45.3438832,-75.72934153,5398
18--2304,2/13/2018,8:00 AM,RICHMOND RD btwn NE/OT BOUNDARY & DUMAURIER AVE (__3ZA2TT),__3ZA2TT,01 - Non intersection,03 - P.D. only,04 - Sideswipe,01 - Clear,01 - Daylight,01 - Dry,10 - No control,,2,0,0,0,,0,,,,,359547.8813,5023608.003,45.35028079,-75.80130271,5399
18--2305,2/13/2018,8:08 AM,BLACKBURN BYPASS @ INNES RD W (0009340),9340,03 - At intersection,03 - P.D. only,05 - Turning movement,01 - Clear,01 - Daylight,01 - Dry,01 - Traffic signal,01 - Functioning,2,0,0,0,,0,,,,,377187.1999,5032175.689,45.42576925,-75.5749574,5400
18--2306,2/13/2018,8:30 AM,HIGHWAY 417 btwn HWY417 IC124 RAMP65 & HWY417 IC122 RAMP51 (__3ZA2R8),__3ZA2R8,01 - Non intersection,03 - P.D. only,03 - Rear end,01 - Clear,01 - Daylight,01 - Dry,10 - No control,,3,0,0,0,,0,,,,,365173.1809,5028729.621,45.3959025,-75.72889232,5401
18--2307,2/13/2018,8:57 AM,COBBLE HILL DR N @ POPPLEWELL CRES (0014045),14045,03 - At intersection,03 - P.D. only,02 - Angle,01 - Clear,01 - Daylight,01 - Dry,02 - Stop sign,01 - Functioning,2,0,0,0,,0,,,,,361241.5359,5014855.727,45.27139335,-75.78068673,5402
18--2308,2/13/2018,9:04 PM,BRIAN COBURN BLVD btwn FERN CASEY ST & NAVAN RD (e___2IA8),e___2IA8,01 - Non intersection,03 - P.D. only,07 - SMV other,01 - Clear,07 - Dark,05 - Packed snow,10 - No control,,1,0,0,0,,0,,,,,381242.779,5032979.141,45.43256665,-75.52301345,5403
18--2309,2/13/2018,9:11 AM,HWY417 IC126 RAMP25 btwn MAITLAND AVE & HWY417 IC126 RAMP55 (__3ZAYAB),__3ZAYAB,01 - Non intersection,03 - P.D. only,03 - Rear end,01 - Clear,01 - Daylight,00 - Unknown,10 - No control,,2,0,0,0,,0,,,,,363295.2214,5025796.147,45.36966693,-75.7532238,5404
18--231,1/4/2018,8:29 PM,ST. JOSEPH BLVD btwn ST. JEAN ST & BELCOURT BLVD (__3ZA2AP),__3ZA2AP,01 - Non intersection,03 - P.D. only,04 - Sideswipe,03 - Snow,07 - Dark,02 - Wet,10 - No control,,2,0,0,0,,0,,,,,381080.6428,5037273.964,45.47122576,-75.52441931,5405
18--2310,2/13/2018,9:14 AM,BANK ST @ GLEN AVE (0007710),7710,03 - At intersection,03 - P.D. only,05 - Turning movement,01 - Clear,01 - Daylight,02 - Wet,01 - Traffic signal,01 - Functioning,2,0,0,0,,0,,,,,368804.7041,5028434.556,45.39292506,-75.68255211,5406
18--2311,2/13/2018,9:18 PM,HERON RD @ BRIAR HILL DR/SANDALWOOD DR (0007190),7190,03 - At intersection,02 - Non-fatal injury,05 - Turning movement,01 - Clear,07 - Dark,01 - Dry,01 - Traffic signal,01 - Functioning,3,0,0,0,02 - Minor,1,,1,,,371452.7278,5027012.538,45.37988325,-75.6489281,5407
18--2312,2/13/2018,9:21 AM,MCLEOD ST @ PERCY ST (0007818),7818,02 - Intersection related,02 - Non-fatal injury,07 - SMV other,01 - Clear,01 - Daylight,05 - Packed snow,02 - Stop sign,01 - Functioning,1,0,0,1,01 - Minimal,1,1,,,,367368.6656,5030139.873,45.4083988,-75.70067459,5408
18--2313,2/13/2018,9:30 AM,HIGHWAY 417 btwn HWY417 IC124 RAMP65 & HWY417 IC122 RAMP51 (__3ZA2R8),__3ZA2R8,01 - Non intersection,03 - P.D. only,04 - Sideswipe,01 - Clear,01 - Daylight,01 - Dry,10 - No control,,2,0,0,0,,0,,,,,364670.8776,5027844.328,45.38797994,-75.73541476,5409
18--2314,2/13/2018,9:40 AM,HIGHWAY 417 btwn HWY417 IC118 RAMP35 & HWY417 IC117 RAMP51 (__3ZA2YP),__3ZA2YP,01 - Non intersection,03 - P.D. only,04 - Sideswipe,01 - Clear,01 - Daylight,01 - Dry,10 - No control,,2,0,0,0,,0,,,,,369856.5361,5031134.524,45.41712147,-75.66876363,5410
18--1685,2/2/2018,8:00 AM,BEAVERPOND DR @ BLAIR RD (0004166),4166,02 - Intersection related,02 - Non-fatal injury,02 - Angle,99 - Other,01 - Daylight,01 - Dry,01 - Traffic signal,01 - Functioning,2,0,0,0,01 - Minimal,1,1,,,,375400.7752,5031874.567,45.42324251,-75.59782656,5411
18--2045,2/8/2018,8:30 AM,HARVEST VALLEY AVE @ SILVERMOON CRES (0013468),13468,03 - At intersection,03 - P.D. only,02 - Angle,03 - Snow,01 - Daylight,05 - Packed snow,02 - Stop sign,01 - Functioning,2,0,0,0,,0,,,,,385239.3486,5034637.21,45.44703615,-75.47167188,5412
18--14497,12/31/2018,10:51 PM,NICHOLAS ST SB btwn LAURIER AVE E & Continuation of NICHOLAS ST (__3ZA3MG),__3ZA3MG,01 - Non intersection,03 - P.D. only,03 - Rear end,03 - Snow,07 - Dark,04 - Slush,10 - No control,,2,0,0,0,,0,,,,,368516.3668,5031683.544,45.42218469,-75.6858144,5413
18--1686,2/2/2018,8:00 PM,BAYSHORE DR @ RICHMOND RD (0010407),10407,02 - Intersection related,03 - P.D. only,03 - Rear end,01 - Clear,07 - Dark,01 - Dry,01 - Traffic signal,01 - Functioning,2,0,0,0,,0,,,,,359372.6853,5023368.525,45.34813962,-75.80356483,5414
18--1869,2/6/2018,7:01 PM,HWY 417 VANIER IC117R63 @ VANIER PKWY (0002101),2101,03 - At intersection,03 - P.D. only,03 - Rear end,02 - Rain,07 - Dark,02 - Wet,01 - Traffic signal,01 - Functioning,2,0,0,0,,0,,,,,370799.7249,5031397.561,45.41939984,-75.65667845,5415
18--2046,2/8/2018,8:34 PM,HIGHWAY 417 btwn TRANSIT & HWY417 IC127 RAMP16 (__3ZA2SJ),__3ZA2SJ,01 - Non intersection,03 - P.D. only,04 - Sideswipe,01 - Clear,07 - Dark,02 - Wet,10 - No control,,2,0,0,0,,0,,,,,361521.2935,5024384.244,45.35710854,-75.77603078,5416
18--1687,2/2/2018,8:35 AM,RICHARDSON SIDE RD @ TERRY FOX DR (0013651),13651,03 - At intersection,02 - Non-fatal injury,05 - Turning movement,01 - Clear,01 - Daylight,01 - Dry,01 - Traffic signal,01 - Functioning,3,0,0,0,02 - Minor,3,1,2,,,348803.086,5019506.072,45.31412702,-75.93878598,5417
18--14498,12/31/2018,11:25 AM,DALY AVE @ NICHOLAS ST (0011451),11451,02 - Intersection related,03 - P.D. only,04 - Sideswipe,01 - Clear,01 - Daylight,02 - Wet,01 - Traffic signal,01 - Functioning,2,0,0,0,,0,,,,,368227.7473,5032046.684,45.42547832,-75.68945533,5418
18--187,1/3/2018,5:52 PM,VIEWMOUNT DR @ MERIVALE RD (0001528),1528,03 - At intersection,03 - P.D. only,05 - Turning movement,01 - Clear,07 - Dark,04 - Slush,01 - Traffic signal,01 - Functioning,2,0,0,0,,0,,,,,365194.7424,5022947.799,45.34387682,-75.72932383,5419
18--2047,2/8/2018,8:39 AM,BRONSON AVE @ COOPER ST (0005110),5110,02 - Intersection related,03 - P.D. only,03 - Rear end,03 - Snow,01 - Daylight,03 - Loose snow,10 - No control,,2,0,0,0,,0,,,,,366931.7038,5030560.224,45.41221992,-75.70620333,5420
18--1688,2/2/2018,8:37 PM,ST. LAURENT BLVD @ ST. LAURENT BLVD SERVICE (0008760),8760,03 - At intersection,03 - P.D. only,05 - Turning movement,01 - Clear,07 - Dark,01 - Dry,01 - Traffic signal,01 - Functioning,2,0,0,0,,0,,,,,373496.9299,5029149.59,45.39891403,-75.62253174,5421
18--14499,12/31/2018,11:34 PM,HIGHWAY 417 btwn HWY417 IC123 RAMP62 & HWY417 IC122 RAMP16 (__3ZA2R9),__3ZA2R9,01 - Non intersection,03 - P.D. only,07 - SMV other,04 - Freezing Rain,07 - Dark,04 - Slush,10 - No control,,1,0,0,0,,0,,,,,365055.4034,5028581.401,45.39457899,-75.73041459,5422
18--1870,2/6/2018,7:16 AM,LYON ST @ FLORENCE ST (0007250),7250,03 - At intersection,03 - P.D. only,04 - Sideswipe,03 - Snow,01 - Daylight,03 - Loose snow,02 - Stop sign,01 - Functioning,2,0,0,0,,0,,,,,367541.7131,5030428.567,45.41098089,-75.69842735,5423
18--2048,2/8/2018,8:39 AM,BROOKSTONE ST/HATHAWAY DR @ CRESTHAVEN DR (0009673),9673,03 - At intersection,03 - P.D. only,02 - Angle,01 - Clear,01 - Daylight,03 - Loose snow,02 - Stop sign,01 - Functioning,2,0,0,0,,0,,,,,366780.4674,5015699.17,45.27851623,-75.70999753,5424
18--1689,2/2/2018,8:40 PM,KLONDIKE RD @ MARCH RD (0003096),3096,02 - Intersection related,02 - Non-fatal injury,03 - Rear end,01 - Clear,07 - Dark,02 - Wet,01 - Traffic signal,01 - Functioning,2,0,0,0,01 - Minimal,1,1,,,,349262.971,5024061.621,45.35509004,-75.93251163,5425
18--169,1/3/2018,Unknown,CEDARWOOD DR btwn WALKLEY RD & BAYCREST DR (__3ZA9YT),__3ZA9YT,01 - Non intersection,03 - P.D. only,06 - SMV unattended vehicle,03 - Snow,00 - Unknown,05 - Packed snow,10 - No control,,1,0,0,0,,0,,,,,371126.3353,5026597.203,45.37617719,-75.65315105,5426
18--1690,2/2/2018,8:46 PM,LUDLOWE ST btwn GOSNELL TER & DEMETER ST (__4TRKRL),__4TRKRL,01 - Non intersection,03 - P.D. only,06 - SMV unattended vehicle,01 - Clear,07 - Dark,05 - Packed snow,10 - No control,,1,0,0,0,,0,,,,,385882.7864,5037798.337,45.47540253,-75.46292625,5427
18--1691,2/2/2018,9:15 AM,BRONSON AVE @ POWELL AVE (0007212),7212,03 - At intersection,03 - P.D. only,05 - Turning movement,01 - Clear,01 - Daylight,01 - Dry,01 - Traffic signal,01 - Functioning,2,0,0,0,,0,,,,,367387.8788,5029477.214,45.40243467,-75.70051327,5428
18--1692,2/2/2018,9:15 AM,CARP RD @ HAZELDEAN RD (0000086),86,02 - Intersection related,03 - P.D. only,03 - Rear end,01 - Clear,01 - Daylight,01 - Dry,01 - Traffic signal,01 - Functioning,3,0,0,0,,0,,,,,348804.576,5014360.437,45.26782479,-75.93922346,5429
18--1693,2/3/2018,1:10 PM,HIGHWAY 417 btwn HWY417 IC126 RAMP51 & HWY417 IC126 RAMP25 (__3ZA2RD),__3ZA2RD,01 - Non intersection,03 - P.D. only,03 - Rear end,01 - Clear,01 - Daylight,01 - Dry,10 - No control,,2,0,0,0,,0,,,,,363242.4724,5025931.435,45.37088864,-75.75388116,5430
18--1694,2/3/2018,1:30 AM,CARLING AVE btwn DEFENSE  RESEARCH COMPLEX & RIFLE RD (__3ZA4Z6B),__3ZA4Z6B,01 - Non intersection,03 - P.D. only,07 - SMV other,01 - Clear,07 - Dark,02 - Wet,10 - No control,,1,0,0,0,,0,,,,,353856.84,5023292.898,45.34786662,-75.87395892,5431
18--1695,2/3/2018,1:36 PM,TENTH LINE RD btwn ST. JOSEPH BLVD & OLD TENTH LINE RD (__3ZA1TE),__3ZA1TE,01 - Non intersection,03 - P.D. only,03 - Rear end,01 - Clear,01 - Daylight,01 - Dry,10 - No control,,3,0,0,0,,0,,,,,382979.7508,5038486.451,45.48192461,-75.49994165,5432
18--1696,2/3/2018,1:41 PM,KING EDWARD AVE @ ST. PATRICK ST (0002714),2714,02 - Intersection related,03 - P.D. only,07 - SMV other,01 - Clear,01 - Daylight,01 - Dry,01 - Traffic signal,01 - Functioning,1,0,0,0,,0,,,,,368248.3529,5032822.892,45.4324605,-75.68909203,5433
18--1697,2/3/2018,1:57 PM,TENTH LINE RD btwn OLD TENTH LINE RD & TOMPKINS AVE (__3ZBPKU),__3ZBPKU,01 - Non intersection,03 - P.D. only,03 - Rear end,01 - Clear,01 - Daylight,01 - Dry,10 - No control,,3,0,0,0,,0,,,,,383080.8997,5038266.312,45.47993267,-75.49868306,5434
18--1698,2/3/2018,10:03 PM,YORK ST btwn BY WARD MARKET SQ & WILLIAM ST (__3ZA81V),__3ZA81V,01 - Non intersection,03 - P.D. only,03 - Rear end,03 - Snow,07 - Dark,04 - Slush,10 - No control,,2,0,0,0,,0,,,,,367965.4438,5032341.409,45.42815389,-75.69276918,5435
18--1699,2/3/2018,10:09 AM,NORTHLANDS DR btwn SACRAMENTO DR & SUNLAND DR (__3ZA5UA),__3ZA5UA,04 - At/near private drive,03 - P.D. only,02 - Angle,01 - Clear,01 - Daylight,01 - Dry,10 - No control,,2,0,0,0,,0,,,,,384868.2441,5037150.333,45.46968948,-75.47600606,5436
18--17,1/1/2018,12:51 PM,INNES RD @ TENTH LINE RD (0004633),4633,02 - Intersection related,03 - P.D. only,03 - Rear end,01 - Clear,01 - Daylight,06 - Ice,01 - Traffic signal,01 - Functioning,2,0,0,0,,0,,,,,383951.7603,5036159.561,45.46087989,-75.48788467,5437
18--170,1/3/2018,Unknown,GEMINI WAY btwn CENTREPOINTE DR & TURN LANE (__4B3Z5L),__4B3Z5L,01 - Non intersection,03 - P.D. only,06 - SMV unattended vehicle,01 - Clear,00 - Unknown,03 - Loose snow,10 - No control,,1,0,0,0,,0,,,,,362201.0462,5023429.663,45.34846396,-75.7674662,5438
18--1700,2/3/2018,10:15 PM,BANK ST @ RIVERDALE AVE (0007210),7210,02 - Intersection related,03 - P.D. only,01 - Approaching,03 - Snow,07 - Dark,03 - Loose snow,01 - Traffic signal,01 - Functioning,2,0,0,0,,0,,,,,369077.5349,5028116.986,45.39004268,-75.67910933,5439
18--1701,2/3/2018,10:32 AM,RIDEAU RD btwn BOWESVILLE RD & ALBION RD (__3ZBOY3),__3ZBOY3,01 - Non intersection,03 - P.D. only,07 - SMV other,01 - Clear,01 - Daylight,01 - Dry,10 - No control,,1,0,0,0,,0,,,,,373449.8886,5015618.718,45.27717276,-75.62500975,5440
18--1702,2/3/2018,11:01 PM,BRONSON AVE btwn HOLMWOOD AVE & FINDLAY AVE (__3ZA3N8),__3ZA3N8,01 - Non intersection,03 - P.D. only,03 - Rear end,03 - Snow,07 - Dark,05 - Packed snow,10 - No control,,3,0,0,0,,0,,,,,367706.8408,5028715.447,45.39555192,-75.69653646,5441
18--1703,2/3/2018,11:07 AM,CONROY RD @ JOHNSTON RD (0011908),11908,02 - Intersection related,03 - P.D. only,07 - SMV other,01 - Clear,01 - Daylight,01 - Dry,01 - Traffic signal,01 - Functioning,1,0,0,0,,0,,,,,373397.8524,5026309.854,45.37337305,-75.62419178,5442
18--1704,2/3/2018,11:10 AM,GLADSTONE AVE btwn KENT ST & BANK ST (__3ZA3PA),__3ZA3PA,04 - At/near private drive,03 - P.D. only,02 - Angle,03 - Snow,01 - Daylight,03 - Loose snow,10 - No control,,2,0,0,0,,0,,,,,367891.9677,5030550.027,45.41204226,-75.69393748,5443
18--1705,2/3/2018,11:27 PM,BRONSON AVE btwn OLD SUNSET BLVD & LAKESIDE AVE (__3ZA3NC),__3ZA3NC,01 - Non intersection,03 - P.D. only,03 - Rear end,03 - Snow,07 - Dark,03 - Loose snow,10 - No control,,2,0,0,0,,0,,,,,367633.3176,5028892.457,45.39715121,-75.69745288,5444
18--1706,2/3/2018,11:28 AM,MILTON RD/SABOURIN RD @ RUSSELL RD (0004219),4219,03 - At intersection,02 - Non-fatal injury,05 - Turning movement,01 - Clear,01 - Daylight,01 - Dry,02 - Stop sign,01 - Functioning,2,0,0,0,02 - Minor,3,,3,,,389748.8275,5025322.474,45.36269826,-75.415638,5445
18--1707,2/3/2018,11:35 AM,CAMPEAU DR @ TERRY FOX DR (0008211),8211,02 - Intersection related,03 - P.D. only,03 - Rear end,01 - Clear,01 - Daylight,01 - Dry,01 - Traffic signal,01 - Functioning,2,0,0,0,,0,,,,,350455.601,5019010.455,45.30956183,-75.91775659,5446
18--1708,2/3/2018,Unknown,WELLINGTON ST    W btwn MAYFAIR AVE & WESTERN AVE (__3ZA4PZ),__3ZA4PZ,01 - Non intersection,03 - P.D. only,06 - SMV unattended vehicle,01 - Clear,00 - Unknown,01 - Dry,10 - No control,,1,0,0,0,,0,,,,,364317.5135,5028962.011,45.39806675,-75.7397922,5447
18--1709,2/3/2018,Unknown,ROSWELL DR btwn BEATRICE DR & CLEARBROOK DR (__5A5DZH),__5A5DZH,01 - Non intersection,03 - P.D. only,06 - SMV unattended vehicle,03 - Snow,00 - Unknown,03 - Loose snow,10 - No control,,1,0,0,0,,0,,,,,365818.8515,5014838.728,45.27085813,-75.72235889,5448
18--171,1/3/2018,12:18 PM,GLADSTONE AVE @ MELROSE AVE (0006165),6165,03 - At intersection,03 - P.D. only,05 - Turning movement,01 - Clear,01 - Daylight,02 - Wet,02 - Stop sign,01 - Functioning,2,0,0,0,,0,,,,,365586.6493,5029280.253,45.40082119,-75.72354399,5449
18--1710,2/3/2018,12:09 PM,LEEDS AVE @ SHEFFIELD RD (0007680),7680,03 - At intersection,03 - P.D. only,02 - Angle,01 - Clear,01 - Daylight,01 - Dry,03 - Yield sign,01 - Functioning,2,0,0,0,,0,,,,,374862.7393,5029550.553,45.40238635,-75.60503137,5450
18--1711,2/3/2018,12:43 PM,PRINCE OF WALES DR @ WEST HUNT CLUB RD (0000567),567,02 - Intersection related,03 - P.D. only,03 - Rear end,01 - Clear,01 - Daylight,01 - Dry,01 - Traffic signal,01 - Functioning,2,0,0,0,,0,,,,,367458.7107,5021891.503,45.33417389,-75.70057066,5451
18--1712,2/3/2018,2:03 PM,HIGHWAY 417 btwn HWY417 IC121B RAMP51 & HWY417 IC121A RAMP51 (__3ZA2YW),__3ZA2YW,01 - Non intersection,03 - P.D. only,03 - Rear end,01 - Clear,01 - Daylight,02 - Wet,10 - No control,,2,0,0,0,,0,,,,,366654.1913,5029537.602,45.40304324,-75.70987679,5452
18--1713,2/3/2018,2:04 PM,TENTH LINE RD @ TENTH LINE RD (0009412),9412,02 - Intersection related,03 - P.D. only,03 - Rear end,01 - Clear,01 - Daylight,01 - Dry,01 - Traffic signal,01 - Functioning,2,0,0,0,,0,,,,,383530.7002,5037154.969,45.46988325,-75.4931085,5453
18--1714,2/3/2018,2:05 PM,BANK ST btwn ARENA PL & WHITE ALDER AVE (__3ZA29N),__3ZA29N,04 - At/near private drive,02 - Non-fatal injury,02 - Angle,01 - Clear,01 - Daylight,02 - Wet,10 - No control,,3,0,0,0,02 - Minor,2,,2,,,375654.7885,5020915.435,45.32461192,-75.59615327,5454
18--1715,2/3/2018,2:08 AM,LEGGET DR @ SOLANDT RD (0011781),11781,02 - Intersection related,03 - P.D. only,07 - SMV other,01 - Clear,07 - Dark,01 - Dry,01 - Traffic signal,01 - Functioning,1,0,0,0,,0,,,,,350653.9252,5022881.599,45.34438238,-75.91486898,5455
18--1716,2/3/2018,2:43 PM,PRESLAND RD @ VANIER PKWY (0012076),12076,03 - At intersection,03 - P.D. only,03 - Rear end,01 - Clear,01 - Daylight,02 - Wet,01 - Traffic signal,01 - Functioning,2,0,0,0,,0,,,,,370433.1219,5031751.637,45.42262016,-75.6613151,5456
18--1717,2/3/2018,3:04 PM,ISLAND PARK DR @ RICHMOND RD (0002125),2125,03 - At intersection,02 - Non-fatal injury,05 - Turning movement,01 - Clear,01 - Daylight,01 - Dry,01 - Traffic signal,01 - Functioning,2,0,0,0,02 - Minor,2,,2,,,364130.6868,5028867.557,45.39723273,-75.74218966,5457
18--1718,2/3/2018,3:31 PM,EMARD CRES btwn DE SALABERRY ST & DE SALABERRY ST (__3ZA7OP),__3ZA7OP,04 - At/near private drive,03 - P.D. only,06 - SMV unattended vehicle,01 - Clear,01 - Daylight,02 - Wet,10 - No control,,1,0,0,0,,0,,,,,375704.877,5035467.947,45.45554284,-75.59342343,5458
18--1719,2/3/2018,4:02 PM,RIVER RD btwn OLD MILL WAY & BRIDGE ST (__3ZA38E),__3ZA38E,04 - At/near private drive,03 - P.D. only,02 - Angle,01 - Clear,01 - Daylight,01 - Dry,10 - No control,,2,0,0,0,,0,,,,,369419.049,5010811.01,45.23429554,-75.67700523,5459
18--172,1/3/2018,12:40 PM,DUNROBIN RD btwn DUNROBIN RD & MURPHY SIDE RD (__3ZA3EB),__3ZA3EB,01 - Non intersection,03 - P.D. only,03 - Rear end,01 - Clear,01 - Daylight,01 - Dry,10 - No control,,2,0,0,0,,0,,,,,344008.2148,5029526.766,45.40458047,-75.99914221,5460
18--1720,2/3/2018,4:20 PM,RAILMARKET PRIV @ TERMINAL AVE (0013522),13522,03 - At intersection,03 - P.D. only,02 - Angle,01 - Clear,01 - Daylight,01 - Dry,02 - Stop sign,01 - Functioning,2,0,0,0,,0,,,,,371419.5819,5030901.185,45.41487491,-75.64882611,5461
18--1721,2/3/2018,5:12 PM,MCCORMICK ST @ WELLINGTON ST (0006285),6285,02 - Intersection related,03 - P.D. only,03 - Rear end,01 - Clear,01 - Daylight,01 - Dry,02 - Stop sign,01 - Functioning,2,0,0,0,,0,,,,,365312.6956,5029381.556,45.40175642,-75.72703057,5462
18--1722,2/3/2018,5:45 PM,RIVERSIDE DR NB btwn INDUSTRIAL AVE & TREMBLAY RD (__3ZA4SE),__3ZA4SE,01 - Non intersection,03 - P.D. only,03 - Rear end,01 - Clear,07 - Dark,02 - Wet,10 - No control,,2,0,0,0,,0,,,,,370715.4702,5030688.197,45.41302521,-75.65784979,5463
18--1723,2/3/2018,5:50 PM,GREY'S CREEK RD btwn MARCELLA DR & STONE SCHOOL RD (__3ZA6G8),__3ZA6G8,01 - Non intersection,03 - P.D. only,07 - SMV other,03 - Snow,07 - Dark,03 - Loose snow,10 - No control,,1,0,0,0,,0,,,,,380866.7438,5011764.039,45.2417269,-75.53107985,5464
18--1724,2/3/2018,5:53 PM,OGILVIE RD @ MATHESON RD/PALMERSTON DR (0012348),12348,03 - At intersection,03 - P.D. only,03 - Rear end,03 - Snow,05 - Dusk,02 - Wet,01 - Traffic signal,01 - Functioning,2,0,0,0,,0,,,,,373380.1944,5032536.261,45.42939711,-75.62355138,5465
18--1725,2/3/2018,6:19 PM,FERN CASEY ST @ RENAUD RD (0014720),14720,03 - At intersection,03 - P.D. only,02 - Angle,03 - Snow,07 - Dark,03 - Loose snow,02 - Stop sign,01 - Functioning,2,0,0,0,,0,,,,,382624.9507,5033235.527,45.43472095,-75.50531056,5466
18--1726,2/3/2018,6:44 PM,BANK ST @ WALKLEY RD (0011423),11423,02 - Intersection related,02 - Non-fatal injury,03 - Rear end,03 - Snow,07 - Dark,02 - Wet,01 - Traffic signal,01 - Functioning,2,0,0,0,01 - Minimal,2,2,,,,370337.8523,5025947.735,45.37040769,-75.66330343,5467
18--1727,2/3/2018,7:00 PM,COPE DR @ TERRY FOX (0009143),9143,03 - At intersection,03 - P.D. only,05 - Turning movement,01 - Clear,07 - Dark,01 - Dry,01 - Traffic signal,01 - Functioning,2,0,0,0,,0,,,,,353997.2698,5015345.308,45.27634285,-75.87295605,5468
18--1728,2/3/2018,7:54 PM,ALBERT ST @ ELGIN ST/MACKENZIE KING BRIDGE (0002226),2226,03 - At intersection,02 - Non-fatal injury,07 - SMV other,03 - Snow,07 - Dark,03 - Loose snow,01 - Traffic signal,01 - Functioning,1,0,0,0,01 - Minimal,2,2,,,,367848.9694,5031712.278,45.42250369,-75.69433806,5469
18--1729,2/3/2018,8:18 AM,HAZELDEAN RD btwn KITTIWAKE DR & CARP RD (__3ZA3EI),__3ZA3EI,04 - At/near private drive,03 - P.D. only,03 - Rear end,01 - Clear,01 - Daylight,03 - Loose snow,10 - No control,,2,0,0,0,,0,,,,,348694.1823,5014196.231,45.2663541,-75.94064472,5470
18--173,1/3/2018,2:06 PM,WENTWORTH AVE @ CARLING AVE (0002770),2770,03 - At intersection,03 - P.D. only,02 - Angle,01 - Clear,01 - Daylight,04 - Slush,02 - Stop sign,01 - Functioning,2,0,0,0,,0,,,,,361330.0915,5025469.609,45.36689003,-75.77834686,5471
18--1730,2/3/2018,8:24 AM,DUNROBIN RD btwn KINBURN SIDE RD & VANCES SIDE RD (__3ZA3FG),__3ZA3FG,04 - At/near private drive,03 - P.D. only,07 - SMV other,03 - Snow,01 - Daylight,03 - Loose snow,10 - No control,,1,0,0,0,,0,,,,,338629.0902,5035239.728,45.45626799,-76.0674622,5472
18--1731,2/3/2018,8:36 PM,BOOTH ST @ RAYMOND ST (0006498),6498,03 - At intersection,03 - P.D. only,02 - Angle,03 - Snow,07 - Dark,03 - Loose snow,01 - Traffic signal,01 - Functioning,2,0,0,0,,0,,,,,366860.3505,5029642.258,45.40396666,-75.70723041,5473
18--1732,2/3/2018,8:39 AM,KING EDWARD AVE @ RIDEAU ST (0002121),2121,02 - Intersection related,03 - P.D. only,07 - SMV other,01 - Clear,01 - Daylight,03 - Loose snow,01 - Traffic signal,00 - Unknown,1,0,0,0,,0,,,,,368509.965,5032414.286,45.42876022,-75.68580168,5474
18--1733,2/3/2018,9:11 PM,KING EDWARD AVE @ RIDEAU ST (0002121),2121,03 - At intersection,03 - P.D. only,04 - Sideswipe,03 - Snow,07 - Dark,02 - Wet,01 - Traffic signal,01 - Functioning,3,0,0,0,,0,,,,,368511.707,5032413.589,45.42875379,-75.68577951,5475
18--1734,2/3/2018,9:20 PM,GEORGE ST @ SUSSEX DR (0002109),2109,03 - At intersection,03 - P.D. only,03 - Rear end,03 - Snow,07 - Dark,03 - Loose snow,01 - Traffic signal,01 - Functioning,3,0,0,0,,0,,,,,367869.2155,5032130.693,45.42626662,-75.6940258,5476
18--1735,2/3/2018,9:31 PM,WOODROFFE AVE btwn CARLING AVE & FOX CRES (__3ZA4NI),__3ZA4NI,01 - Non intersection,02 - Non-fatal injury,03 - Rear end,03 - Snow,07 - Dark,02 - Wet,10 - No control,,2,0,0,0,02 - Minor,2,,2,,,361771.624,5025715.26,45.36906463,-75.77268246,5477