Anom_ID,Accident_Date,Accident_Time,Location,Geo_ID,Accident_Location,Classification_of_Accident,Initial_Impact_Type,Environment_Condition,Light,Road_Surface_Condition,Traffic_Control,Traffic_Control_Condition,No__of_Vehicles,No__of_Bicycles,No__of_Motorcycles,No__of_Pedestrians,Max_Injury,No__of_Injuries,No__of_Minimal,No__of_Minor,No__of_Major,No__of_Fatal,X,Y,Latitude,Longitude,ObjectId
18--2079,2/9/2018,2:05 PM,KING EDWARD AVE @ RIDEAU ST (0002121),2121,02 - Intersection related,03 - P.D. only,04 - Sideswipe,01 - Clear,01 - Daylight,01 - Dry,01 - Traffic signal,01 - Functioning,2,0,0,0,,0,,,,,368511.7071,5032413.589,45.42875379,-75.68577951,5561
18--208,1/4/2018,12:45 PM,BREEZEHILL AVE   S btwn BEECH ST & HICKORY ST (__3ZA02P),__3ZA02P,01 - Non intersection,03 - P.D. only,06 - SMV unattended vehicle,03 - Snow,01 - Daylight,02 - Wet,10 - No control,,1,0,0,0,,0,,,,,366319.7331,5029017.422,45.39839226,-75.71421363,5562
18--2080,2/9/2018,2:05 PM,MAPLE GROVE RD @ SILVER SEVEN RD (0011834),11834,03 - At intersection,03 - P.D. only,02 - Angle,01 - Clear,01 - Daylight,01 - Dry,02 - Stop sign,01 - Functioning,2,0,0,0,,0,,,,,351285.6042,5017621.441,45.29700866,-75.90730242,5563
18--2081,2/9/2018,2:15 PM,SOMERSET ST    W btwn BECKINGTON PRIV & BANK ST (__3ZAZQ1),__3ZAZQ1,01 - Non intersection,03 - P.D. only,06 - SMV unattended vehicle,03 - Snow,01 - Daylight,02 - Wet,10 - No control,,1,0,0,0,,0,,,,,367630.9398,5030875.843,45.41499733,-75.69723051,5564
18--2082,2/9/2018,2:16 PM,EAGLESON RD @ PALOMINO DR N (0003687),3687,03 - At intersection,02 - Non-fatal injury,05 - Turning movement,01 - Clear,01 - Daylight,02 - Wet,01 - Traffic signal,01 - Functioning,2,0,0,0,02 - Minor,1,,1,,,354009.6281,5017577.447,45.29642729,-75.87257716,5565
18--2083,2/9/2018,2:30 PM,HWY417 IC121A RAMP51 btwn HIGHWAY 417 & BRONSON AVE (__3ZAY9V),__3ZAY9V,01 - Non intersection,03 - P.D. only,04 - Sideswipe,01 - Clear,01 - Daylight,01 - Dry,10 - No control,,2,0,0,0,,0,,,,,367198.2535,5029680.825,45.40428363,-75.70290951,5566
18--2084,2/9/2018,2:31 PM,GALETTA SIDE RD btwn HIGHWAY 17 & MACHARDY RD (__3ZA4SH),__3ZA4SH,01 - Non intersection,03 - P.D. only,07 - SMV other,01 - Clear,01 - Daylight,02 - Wet,10 - No control,,1,0,0,0,,0,,,,,322797.8085,5030618.474,45.41527094,-76.27004712,5567
18--2085,2/9/2018,2:46 PM,BAYCREST DR @ WALKLEY RD (0006958),6958,02 - Intersection related,03 - P.D. only,04 - Sideswipe,01 - Clear,01 - Daylight,05 - Packed snow,01 - Traffic signal,01 - Functioning,2,0,0,0,,0,,,,,371421.7304,5026590.527,45.3760891,-75.64938079,5568
18--2086,2/9/2018,3:17 PM,HIGHWAY 417 btwn HWY417 IC117 RAMP25 & HWY417 IC115 RAMP51 (__3ZA2R3),__3ZA2R3,01 - Non intersection,02 - Non-fatal injury,03 - Rear end,03 - Snow,01 - Daylight,02 - Wet,10 - No control,,2,0,0,0,01 - Minimal,1,1,,,,371424.0741,5031386.678,45.41924274,-75.64870308,5569
18--2087,2/9/2018,3:30 AM,BANK ST @ HUNT CLUB RD (0002119),2119,02 - Intersection related,03 - P.D. only,07 - SMV other,01 - Clear,07 - Dark,05 - Packed snow,01 - Traffic signal,01 - Functioning,1,0,0,0,,0,,,,,371608.3881,5024097.203,45.35363727,-75.64733494,5570
18--2088,2/9/2018,3:45 PM,REGIONAL ROAD 174 btwn MCTEER RD & CANAAN RD (__3ZA27S),__3ZA27S,01 - Non intersection,03 - P.D. only,03 - Rear end,01 - Clear,01 - Daylight,02 - Wet,10 - No control,,2,0,0,0,,0,,,,,395097.1518,5043174.173,45.52263611,-75.34410529,5571
18--2089,2/9/2018,3:58 PM,AIRPORT PKWY/BROOKFIELD RD @ FLANNERY DR/AIRPORT PKWY RAMPS 52A/53 (0006850),6850,02 - Intersection related,03 - P.D. only,07 - SMV other,01 - Clear,01 - Daylight,02 - Wet,11 - Roundabout,01 - Functioning,1,0,0,0,,0,,,,,368693.1227,5026293.203,45.37366799,-75.68425421,5572
18--209,1/4/2018,2:34 PM,MARIER AVE @ MONTREAL RD (0009346),9346,03 - At intersection,03 - P.D. only,05 - Turning movement,03 - Snow,01 - Daylight,04 - Slush,01 - Traffic signal,01 - Functioning,2,0,0,0,,0,,,,,370420.0567,5033260.894,45.43620104,-75.66128092,5573
18--2090,2/9/2018,4:21 PM,ROCHESTER ST btwn HWY417 IC121B RAMP16 & HWY417 IC121B RAMP51 (__3ZBODR),__3ZBODR,01 - Non intersection,03 - P.D. only,04 - Sideswipe,03 - Snow,01 - Daylight,02 - Wet,10 - No control,,2,0,0,0,,0,,,,,366759.6197,5029569.709,45.4033228,-75.70852615,5574
18--2091,2/9/2018,4:27 PM,BAYSWATER AVE btwn SOMERSET ST W & LAUREL ST (__3ZAAIZ),__3ZAAIZ,01 - Non intersection,03 - P.D. only,99 - Other,03 - Snow,01 - Daylight,05 - Packed snow,10 - No control,,2,0,0,0,,0,,,,,365833.9549,5029866.968,45.40607879,-75.72031271,5575
18--2092,2/9/2018,4:35 PM,HIGHWAY 417 btwn HWY417 IC118 RAMP67 & HWY417 IC117 RAMP36 (__3ZA2YO),__3ZA2YO,01 - Non intersection,03 - P.D. only,04 - Sideswipe,01 - Clear,01 - Daylight,02 - Wet,10 - No control,,2,0,0,0,,0,,,,,370100.3716,5031114.127,45.41691523,-75.66565114,5576
18--2093,2/9/2018,4:37 PM,FALLOWFIELD RD btwn STEEPLE HILL CRES & MOODIE DR (__3ZA4Y5),__3ZA4Y5,01 - Non intersection,03 - P.D. only,03 - Rear end,03 - Snow,01 - Daylight,02 - Wet,10 - No control,,3,0,0,0,,0,,,,,359314.5537,5014565.942,45.26893785,-75.80527492,5577
18--2094,2/9/2018,5:00 AM,NICHOLAS ST SB btwn LAURIER AVE E & Continuation of NICHOLAS ST (__3ZA3MG),__3ZA3MG,01 - Non intersection,03 - P.D. only,04 - Sideswipe,05 - Drifting Snow,07 - Dark,03 - Loose snow,10 - No control,,2,0,0,0,,0,,,,,368374.6725,5031796.709,45.4232158,-75.68761022,5578
18--2095,2/9/2018,5:27 PM,BREWER RD @ BRONSON AVE (0002240),2240,03 - At intersection,03 - P.D. only,05 - Turning movement,01 - Clear,07 - Dark,02 - Wet,01 - Traffic signal,01 - Functioning,2,0,0,0,,0,,,,,368109.0471,5027766.436,45.38697675,-75.69152165,5579
18--2096,2/9/2018,5:28 PM,WOODWARD DR btwn MAITLAND AVE & COURTWOOD CRES (__3ZAARJ),__3ZAARJ,04 - At/near private drive,03 - P.D. only,05 - Turning movement,03 - Snow,07 - Dark,03 - Loose snow,10 - No control,,2,0,0,0,,0,,,,,363320.8978,5025680.341,45.36862278,-75.75290975,5580
18--2097,2/9/2018,5:45 PM,FALLOWFIELD RD @ STRANDHERD DR (0005238),5238,02 - Intersection related,02 - Non-fatal injury,03 - Rear end,01 - Clear,07 - Dark,02 - Wet,01 - Traffic signal,01 - Functioning,2,0,0,0,01 - Minimal,1,1,,,,360752.2248,5014962.154,45.27239009,-75.78691023,5581
18--2098,2/9/2018,5:56 PM,JOCKVALE RD btwn RIVERSTONE DR & CAMBRIAN RD (__3ZA4J8),__3ZA4J8,01 - Non intersection,03 - P.D. only,02 - Angle,03 - Snow,05 - Dusk,02 - Wet,10 - No control,,2,0,0,0,,0,,,,,365168.2717,5013545.391,45.25927683,-75.73080649,5582
18--2099,2/9/2018,6:11 AM,MERIVALE RD btwn VIEWMOUNT DR & COLONNADE RD (__3ZA33F),__3ZA33F,04 - At/near private drive,02 - Non-fatal injury,05 - Turning movement,03 - Snow,07 - Dark,03 - Loose snow,10 - No control,,2,0,0,0,01 - Minimal,1,1,,,,365201.7072,5022929.475,45.34371134,-75.7292372,5583
18--21,1/1/2018,3:30 AM,BASELINE RD @ GREENBANK RD (0002357),2357,02 - Intersection related,03 - P.D. only,03 - Rear end,01 - Clear,07 - Dark,01 - Dry,01 - Traffic signal,00 - Unknown,2,0,0,0,,0,,,,,360596.6639,5022584.5,45.34098867,-75.78803454,5584
18--210,1/4/2018,3:30 PM,GLADSTONE AVE btwn PERCY ST & BAY ST (__3ZA3PR),__3ZA3PR,04 - At/near private drive,03 - P.D. only,02 - Angle,03 - Snow,01 - Daylight,03 - Loose snow,10 - No control,,2,0,0,0,,0,,,,,367425.2242,5030262.315,45.40949544,-75.69993656,5585
18--2100,2/9/2018,6:39 PM,ST. PATRICK ST @ 36 W OF MACKENZIE AVE (0008636),8636,02 - Intersection related,03 - P.D. only,04 - Sideswipe,01 - Clear,07 - Dark,04 - Slush,01 - Traffic signal,01 - Functioning,2,0,0,0,,0,,,,,367597.0403,5032422.62,45.42891777,-75.69746642,5586
18--2101,2/9/2018,6:40 PM,MCBEAN ST btwn DOBSON LANE & BOWRIN RD (__3ZA2TS),__3ZA2TS,01 - Non intersection,01 - Fatal injury,99 - Other,03 - Snow,07 - Dark,03 - Loose snow,10 - No control,,2,0,0,0,04 - Fatal,2,1,,,1,359333.9553,5003378.985,45.16827366,-75.80625292,5587
18--2102,2/9/2018,7:02 PM,CLARENCE ST @ DALHOUSIE ST (0008415),8415,02 - Intersection related,03 - P.D. only,06 - SMV unattended vehicle,03 - Snow,07 - Dark,02 - Wet,01 - Traffic signal,01 - Functioning,1,0,0,0,,0,,,,,368043.7448,5032502.901,45.42959986,-75.69174789,5588
18--2103,2/9/2018,8:00 PM,FOURTH LINE RD btwn LOCKHEAD RD W & CALLENDOR RD (__3ZA396),__3ZA396,01 - Non intersection,03 - P.D. only,07 - SMV other,01 - Clear,07 - Dark,04 - Slush,10 - No control,,1,0,0,0,,0,,,,,367952.116,4997695.109,45.11641094,-75.6973461,5589
18--2104,2/9/2018,8:16 PM,PARKDALE AVE @ WELLINGTON ST (0002260),2260,02 - Intersection related,03 - P.D. only,01 - Approaching,03 - Snow,07 - Dark,03 - Loose snow,01 - Traffic signal,01 - Functioning,2,0,0,0,,0,,,,,365149.7007,5029270.556,45.40077174,-75.72912601,5590
18--2105,2/9/2018,8:30 PM,BANK ST btwn BILLINGS TRANSIT & OHIO ST (__3ZA3NMB),__3ZA3NMB,01 - Non intersection,03 - P.D. only,03 - Rear end,01 - Clear,07 - Dark,01 - Dry,10 - No control,,2,0,0,0,,0,,,,,369511.6084,5027666.133,45.38594608,-75.67362546,5591
18--2106,2/9/2018,8:47 PM,WEST HUNT CLUB RD EB btwn 210 W OF MERIVALE RD & MERIVALE RD (__3ZA3JDB),__3ZA3JDB,01 - Non intersection,03 - P.D. only,04 - Sideswipe,03 - Snow,07 - Dark,03 - Loose snow,10 - No control,,2,0,0,0,,0,,,,,365541.0459,5021881.752,45.33425477,-75.72503605,5592
18--2107,2/9/2018,9:00 AM,FALLINGWATER CIRC @ RIVER RUN AVE (0011137),11137,03 - At intersection,03 - P.D. only,02 - Angle,01 - Clear,01 - Daylight,04 - Slush,02 - Stop sign,01 - Functioning,2,0,0,0,,0,,,,,364317.4375,5012977.053,45.25423541,-75.74171466,5593
18--2108,2/9/2018,9:12 AM,MONTREAL RD @ GRANVILLE ST/LAFONTAINE AVE (0009348),9348,02 - Intersection related,03 - P.D. only,05 - Turning movement,01 - Clear,01 - Daylight,02 - Wet,01 - Traffic signal,01 - Functioning,2,0,0,0,,0,,,,,370826.7138,5033474.592,45.43808552,-75.65605516,5594
18--2109,2/9/2018,9:47 AM,CARLING AVE btwn CAMBRIDGE ST S & BRONSON AVE (__3ZA4S3),__3ZA4S3,01 - Non intersection,01 - Fatal injury,07 - SMV other,01 - Clear,01 - Daylight,01 - Dry,10 - No control,,1,0,0,1,04 - Fatal,1,,,,1,367399.2749,5029287.478,45.40072646,-75.7003918,5595
18--211,1/4/2018,3:43 AM,LASER ST @ GURDWARA RD (0004577),4577,03 - At intersection,02 - Non-fatal injury,02 - Angle,01 - Clear,07 - Dark,03 - Loose snow,02 - Stop sign,01 - Functioning,2,0,0,0,02 - Minor,1,,1,,,367234.6916,5022163.112,45.33663775,-75.70339426,5596
18--2110,2/10/2018,1:00 PM,CEDAROCK DR btwn HANOVER CRT & SPRINGTREE PL (__3ZA2VO),__3ZA2VO,04 - At/near private drive,03 - P.D. only,06 - SMV unattended vehicle,01 - Clear,01 - Daylight,02 - Wet,10 - No control,,1,0,0,0,,0,,,,,354994.3476,5016879.133,45.29007406,-75.86009344,5597
18--2111,2/10/2018,1:02 PM,COOPER ST @ ELGIN ST (0006934),6934,02 - Intersection related,03 - P.D. only,04 - Sideswipe,01 - Clear,01 - Daylight,02 - Wet,01 - Traffic signal,01 - Functioning,2,0,0,0,,0,,,,,368119.7135,5031271.589,45.41851407,-75.69093538,5598
18--2112,2/10/2018,1:05 PM,HIGHWAY 417 btwn HWY417 IC126 RAMP61 & HWY417 IC124 RAMP76 (__3ZA2Y2),__3ZA2Y2,01 - Non intersection,03 - P.D. only,03 - Rear end,03 - Snow,01 - Daylight,02 - Wet,10 - No control,,2,0,0,0,,0,,,,,363718.2349,5026593.957,45.37681008,-75.74772872,5599
18--2113,2/10/2018,10:09 AM,HIGHWAY 417 btwn HWY417 IC122 RAMP16 & HWY417 IC122 RAMP61 (__3ZA2RA),__3ZA2RA,01 - Non intersection,03 - P.D. only,04 - Sideswipe,03 - Snow,01 - Daylight,03 - Loose snow,10 - No control,,2,0,0,0,,0,,,,,365330.4273,5028893.944,45.39736746,-75.72686394,5600
18--2114,2/10/2018,10:16 AM,BELCOURT BLVD @ ST. JOSEPH BLVD (0004138),4138,03 - At intersection,03 - P.D. only,02 - Angle,01 - Clear,01 - Daylight,02 - Wet,01 - Traffic signal,01 - Functioning,2,0,0,0,,0,,,,,381203.6949,5037359.293,45.47198002,-75.52283252,5601
18--2115,2/10/2018,10:38 PM,ALTA VISTA DR @ SMYTH RD (0011353),11353,03 - At intersection,03 - P.D. only,05 - Turning movement,03 - Snow,07 - Dark,04 - Slush,01 - Traffic signal,01 - Functioning,2,0,0,0,,0,,,,,370432.7161,5029081.557,45.39859585,-75.66167579,5602
18--2116,2/10/2018,11:30 PM,HIGHWAY 417 btwn HWY417 IC122 RAMP15 & HWY417 IC121B RAMP51 (__3ZA2RB),__3ZA2RB,01 - Non intersection,03 - P.D. only,07 - SMV other,03 - Snow,07 - Dark,04 - Slush,10 - No control,,1,0,0,0,,0,,,,,366572.0532,5029512.025,45.40282035,-75.71092913,5603
18--2117,2/10/2018,11:47 AM,IRIS ST @ PINECREST SC (0011628),11628,02 - Intersection related,02 - Non-fatal injury,03 - Rear end,01 - Clear,01 - Daylight,03 - Loose snow,01 - Traffic signal,01 - Functioning,2,0,0,0,02 - Minor,1,,1,,,360639.7037,5023382.045,45.34816155,-75.78739536,5604
18--2118,2/10/2018,11:48 PM,GLADSTONE AVE @ ROCHESTER ST (0006496),6496,03 - At intersection,03 - P.D. only,02 - Angle,01 - Clear,07 - Dark,04 - Slush,01 - Traffic signal,01 - Functioning,2,0,0,0,,0,,,,,366661.6527,5029787.566,45.40529169,-75.70975013,5605
18--2119,2/10/2018,Unknown,CLAUDE ST btwn BURN ST & MUTUAL ST (__3ZA8IP),__3ZA8IP,01 - Non intersection,03 - P.D. only,06 - SMV unattended vehicle,01 - Clear,00 - Unknown,04 - Slush,10 - No control,,1,0,0,0,,0,,,,,372097.1574,5033134.272,45.43490236,-75.63986486,5606
18--212,1/4/2018,3:47 PM,CONROY RD @ DAVIDSON RD N (0009364),9364,03 - At intersection,03 - P.D. only,02 - Angle,03 - Snow,01 - Daylight,06 - Ice,02 - Stop sign,01 - Functioning,2,0,0,0,,0,,,,,374572.7062,5023516.207,45.34812103,-75.60958828,5607
18--2120,2/10/2018,Unknown,O'CONNOR ST btwn MCLEOD ST & ARGYLE AVE (__3ZBOE5),__3ZBOE5,01 - Non intersection,03 - P.D. only,06 - SMV unattended vehicle,01 - Clear,00 - Unknown,02 - Wet,10 - No control,,1,0,0,0,,0,,,,,368157.1847,5030529.475,45.41183338,-75.69055205,5608
18--2121,2/10/2018,Unknown,ESPRIT DR btwn CHARDONNAY DR & DU PLATEAU ST (__30LQYA),__30LQYA,01 - Non intersection,03 - P.D. only,06 - SMV unattended vehicle,03 - Snow,00 - Unknown,04 - Slush,10 - No control,,1,0,0,0,,0,,,,,384855.2224,5036163.655,45.46081378,-75.47633326,5609
18--2122,2/10/2018,Unknown,COLONEL BY DR/MACKENZIE AVE @ DALY AVE (0008541),8541,02 - Intersection related,03 - P.D. only,03 - Rear end,04 - Freezing Rain,07 - Dark,02 - Wet,01 - Traffic signal,01 - Functioning,3,0,0,0,,0,,,,,368002.8408,5031904.476,45.42421914,-75.69234738,5610
18--2123,2/10/2018,12:00 PM,NORMAN ST btwn PRESTON ST & ROCHESTER ST (__3ZA049),__3ZA049,01 - Non intersection,03 - P.D. only,99 - Other,03 - Snow,01 - Daylight,04 - Slush,10 - No control,,2,0,0,0,,0,,,,,366880.3041,5029265.058,45.40057094,-75.70702302,5611
18--2124,2/10/2018,12:05 AM,HWY416 IC75B RAMP25 btwn HWY416 IC75C RAMP24 & HWY417 IC131 RAMP55 (__3ZAY4O),__3ZAY4O,01 - Non intersection,03 - P.D. only,07 - SMV other,03 - Snow,07 - Dark,02 - Wet,10 - No control,,1,0,0,0,,0,,,,,358520.4885,5022549.597,45.34083667,-75.81452838,5612
18--2125,2/10/2018,12:10 PM,CARLING AVE @ KIRKWOOD AVE N (0002358),2358,03 - At intersection,03 - P.D. only,05 - Turning movement,01 - Clear,01 - Daylight,02 - Wet,01 - Traffic signal,01 - Functioning,2,0,0,0,,0,,,,,364275.6923,5027493.534,45.38485722,-75.74050333,5613
18--2126,2/10/2018,12:22 PM,ROOSEVELT AVE btwn RICHMOND RD & END (__3ZA1QV),__3ZA1QV,04 - At/near private drive,03 - P.D. only,06 - SMV unattended vehicle,01 - Clear,01 - Daylight,03 - Loose snow,10 - No control,,1,0,0,0,,0,,,,,362929.9163,5028226.234,45.39156293,-75.75760094,5614
18--2127,2/10/2018,12:45 PM,CYRVILLE RD @ INNES RD (0009352),9352,02 - Intersection related,03 - P.D. only,03 - Rear end,01 - Clear,01 - Daylight,02 - Wet,01 - Traffic signal,01 - Functioning,2,0,0,0,,0,,,,,375047.7247,5031119.564,45.41648495,-75.60244511,5615
18--2128,2/10/2018,12:49 PM,CHATELAIN AVE @ MERIVALE RD (0011306),11306,02 - Intersection related,03 - P.D. only,04 - Sideswipe,03 - Snow,01 - Daylight,04 - Slush,02 - Stop sign,01 - Functioning,2,0,0,0,,0,,,,,364843.7048,5026765.544,45.37825844,-75.73333907,5616
18--2129,2/10/2018,2:47 PM,RICHMOND RD @ STONEHAVEN DR (0010370),10370,03 - At intersection,03 - P.D. only,02 - Angle,03 - Snow,01 - Daylight,03 - Loose snow,01 - Traffic signal,01 - Functioning,2,0,0,0,,0,,,,,356781.9895,5015892.134,45.28106292,-75.83740845,5617
18--213,1/4/2018,4:00 PM,HAZELDEAN RD @ EDGEWATER ST (0003176),3176,03 - At intersection,03 - P.D. only,02 - Angle,01 - Clear,01 - Daylight,03 - Loose snow,01 - Traffic signal,01 - Functioning,2,0,0,0,,0,,,,,352322.3497,5017352.993,45.29452374,-75.89411024,5618
18--2130,2/10/2018,2:54 PM,MORISSET AVE btwn CALDWELL AVE & MERIVALE RD (__3ZAA59),__3ZAA59,01 - Non intersection,03 - P.D. only,04 - Sideswipe,03 - Snow,01 - Daylight,03 - Loose snow,10 - No control,,2,0,0,0,,0,,,,,364673.2466,5026374.749,45.37475673,-75.73556273,5619
18--2131,2/10/2018,2:55 PM,RIVERSIDE DR btwn LEOPOLDS DR & OLD RIVERSIDE DR (__58WILK),__58WILK,01 - Non intersection,03 - P.D. only,07 - SMV other,03 - Snow,01 - Daylight,03 - Loose snow,10 - No control,,1,0,0,0,,0,,,,,368036.0253,5023838.362,45.35163953,-75.69295688,5620
18--2132,2/10/2018,3:00 PM,HIGHWAY 417 btwn HWY417 IC124 RAMP67 & HWY417 IC123 RAMP62 (__3ZA2YZ),__3ZA2YZ,01 - Non intersection,03 - P.D. only,03 - Rear end,03 - Snow,01 - Daylight,02 - Wet,10 - No control,,2,0,0,0,,0,,,,,364629.7316,5027814.38,45.38771399,-75.7359438,5621
18--2133,2/10/2018,3:07 PM,KIOWA PRIV @ CANADAIR PRIV (0012332),12332,02 - Intersection related,03 - P.D. only,05 - Turning movement,01 - Clear,01 - Daylight,04 - Slush,02 - Stop sign,00 - Unknown,2,0,0,0,,0,,,,,369954.2809,5021126.63,45.32706447,-75.66883498,5622
18--2134,2/10/2018,3:19 AM,HIGHWAY 417 btwn HWY417 IC134 RAMP61 & HWY417 IC131 RAMP66 (__3ZA297),__3ZA297,01 - Non intersection,03 - P.D. only,07 - SMV other,03 - Snow,07 - Dark,03 - Loose snow,10 - No control,,1,0,0,0,,0,,,,,357015.2497,5022569.213,45.34112683,-75.83373179,5623
18--1504,1/31/2018,2:21 PM,FISHER AVE @ NORMANDY CRES N (0003142),3142,03 - At intersection,02 - Non-fatal injury,02 - Angle,03 - Snow,01 - Daylight,03 - Loose snow,02 - Stop sign,01 - Functioning,2,0,0,0,01 - Minimal,1,1,,,,366684.7046,5024782.522,45.36025545,-75.71008311,5624
18--1874,2/6/2018,7:35 AM,WALKLEY RD @ GLENHAVEN PRIV (0011424),11424,02 - Intersection related,03 - P.D. only,03 - Rear end,03 - Snow,01 - Daylight,05 - Packed snow,01 - Traffic signal,01 - Functioning,2,0,0,0,,0,,,,,370213.2035,5025873.558,45.36975191,-75.66490443,5625
18--1505,1/31/2018,2:30 PM,GRANT CARMAN DR @ MEADOWLANDS DR (0001111),1111,02 - Intersection related,03 - P.D. only,03 - Rear end,03 - Snow,01 - Daylight,03 - Loose snow,01 - Traffic signal,01 - Functioning,2,0,0,0,,0,,,,,365051.6946,5023901.508,45.35247046,-75.73103286,5626
18--1875,2/6/2018,8:12 AM,OTHELLO AVE @ PLEASANT PARK RD (0008364),8364,03 - At intersection,02 - Non-fatal injury,05 - Turning movement,03 - Snow,01 - Daylight,03 - Loose snow,02 - Stop sign,01 - Functioning,2,0,0,0,03 - Major,1,,,1,,373446.7256,5028737.545,45.39521156,-75.62323027,5627
18--14502,12/31/2018,12:36 PM,OVERBERG WAY btwn TERRY FOX DR & TULUM CRES (__7OBPVK),__7OBPVK,01 - Non intersection,03 - P.D. only,07 - SMV other,01 - Clear,01 - Daylight,06 - Ice,10 - No control,,1,0,0,0,,0,,,,,354758.7888,5014851.814,45.27184857,-75.86330036,5628
18--1506,1/31/2018,2:46 PM,SECOND AVE @ BRONSON AVE (0007717),7717,03 - At intersection,02 - Non-fatal injury,05 - Turning movement,03 - Snow,01 - Daylight,03 - Loose snow,02 - Stop sign,01 - Functioning,2,0,0,0,02 - Minor,2,1,1,,,367519.7066,5029162.555,45.39959166,-75.69886951,5629
18--1876,2/6/2018,8:21 AM,TENTH LINE RD @ OR174 IC101 RAMP61 (0009217),9217,03 - At intersection,03 - P.D. only,05 - Turning movement,03 - Snow,01 - Daylight,03 - Loose snow,02 - Stop sign,01 - Functioning,2,0,0,0,,0,,,,,382702.7419,5039062.581,45.48713908,-75.50339314,5630
18--14503,12/31/2018,2:00 PM,COLONEL BY DR/SUSSEX DR @ RIDEAU ST (0007647),7647,02 - Intersection related,03 - P.D. only,04 - Sideswipe,01 - Clear,01 - Daylight,01 - Dry,01 - Traffic signal,01 - Functioning,2,0,0,0,,0,,,,,367921.8866,5032044.367,45.42548514,-75.69336384,5631
18--1507,1/31/2018,2:52 PM,BLACKBURN BYPASS @ NAVAN RD (0004201),4201,02 - Intersection related,03 - P.D. only,03 - Rear end,03 - Snow,01 - Daylight,03 - Loose snow,01 - Traffic signal,01 - Functioning,2,0,0,0,,0,,,,,379617.7471,5033274.563,45.43540039,-75.54373454,5632
18--1877,2/6/2018,8:25 AM,WEST HUNT CLUB RD EB btwn CEDARVIEW RD & GREENBANK RD (__3ZA198),__3ZA198,01 - Non intersection,02 - Non-fatal injury,04 - Sideswipe,03 - Snow,01 - Daylight,02 - Wet,10 - No control,,4,0,0,0,02 - Minor,2,,2,,,361222.8881,5020342.461,45.32076474,-75.7803001,5633
18--14504,12/31/2018,2:04 PM,LEITRIM RD S @ RAMSAYVILLE RD (0013708),13708,02 - Intersection related,03 - P.D. only,99 - Other,01 - Clear,01 - Daylight,01 - Dry,02 - Stop sign,00 - Unknown,2,0,0,0,,0,,,,,378785.7671,5023729.505,45.3496084,-75.55579808,5634
18--1508,1/31/2018,3:00 PM,ISLAND PARK DR btwn MAILES AVE & RICHMOND RD (__3ZA236),__3ZA236,01 - Non intersection,03 - P.D. only,03 - Rear end,03 - Snow,01 - Daylight,03 - Loose snow,10 - No control,,3,0,0,0,,0,,,,,364071.3079,5028902.599,45.39755306,-75.7429438,5635
18--14505,12/31/2018,2:37 PM,KING EDWARD AVE @ GEORGE ST (0008239),8239,02 - Intersection related,03 - P.D. only,04 - Sideswipe,01 - Clear,01 - Daylight,01 - Dry,02 - Stop sign,01 - Functioning,2,0,0,0,,0,,,,,368462.7353,5032481.627,45.42937043,-75.6863965,5636
18--1878,2/6/2018,8:30 AM,WALKLEY EXTENSION RD btwn HWY417 IC110 RAMP57 & HWY417 IC110 RAMP65 (__3ZAZE5),__3ZAZE5,07 - Overpass or bridge,03 - P.D. only,04 - Sideswipe,01 - Clear,01 - Daylight,04 - Slush,10 - No control,,2,0,0,0,,0,,,,,375776.2558,5029064.333,45.39791958,-75.59343371,5637
18--1509,1/31/2018,3:08 PM,DUNROBIN RD @ RIDDELL DR (0003182),3182,02 - Intersection related,03 - P.D. only,03 - Rear end,03 - Snow,01 - Daylight,03 - Loose snow,02 - Stop sign,01 - Functioning,2,0,0,0,,0,,,,,347160.6038,5026306.53,45.37542045,-75.9591508,5638
18--14506,12/31/2018,3:00 AM,ANCASTER AVE btwn LAWN AVE & CARLING AVE (__3ZAACI),__3ZAACI,01 - Non intersection,03 - P.D. only,07 - SMV other,04 - Freezing Rain,07 - Dark,06 - Ice,10 - No control,,1,0,0,0,,0,,,,,361799.0666,5025821.173,45.37001539,-75.77231993,5639
18--14507,12/31/2018,5:00 PM,FERNBANK RD btwn DWYER HILL RD & MUNSTER RD (__3ZAC55),__3ZAC55,01 - Non intersection,03 - P.D. only,07 - SMV other,01 - Clear,07 - Dark,01 - Dry,10 - No control,,1,0,0,0,,0,,,,,345195.826,5007046.897,45.2022305,-75.98580382,5640
18--14508,12/31/2018,5:00 PM,BESSERER ST @ WALLER ST (0008859),8859,03 - At intersection,03 - P.D. only,04 - Sideswipe,02 - Rain,07 - Dark,02 - Wet,01 - Traffic signal,01 - Functioning,2,0,0,0,,0,,,,,368315.9203,5032191.852,45.42677649,-75.68830996,5641
18--14509,12/31/2018,5:00 PM,BANK ST btwn BANK ST & ALBION RD (__3ZA3HX),__3ZA3HX,04 - At/near private drive,03 - P.D. only,02 - Angle,01 - Clear,07 - Dark,02 - Wet,10 - No control,,2,0,0,0,,0,,,,,371892.0438,5024124.035,45.35385161,-75.64371145,5642
18--1451,1/30/2018,Unknown,COLCHESTER SQ btwn CAMPEAU DR & EDENVALE DR (__3ZAZ8E),__3ZAZ8E,01 - Non intersection,03 - P.D. only,06 - SMV unattended vehicle,01 - Clear,00 - Unknown,03 - Loose snow,10 - No control,,1,0,0,0,,0,,,,,352566.8529,5020400.176,45.32192641,-75.89069941,5643