Anom_ID,Accident_Date,Accident_Time,Location,Geo_ID,Accident_Location,Classification_of_Accident,Initial_Impact_Type,Environment_Condition,Light,Road_Surface_Condition,Traffic_Control,Traffic_Control_Condition,No__of_Vehicles,No__of_Bicycles,No__of_Motorcycles,No__of_Pedestrians,Max_Injury,No__of_Injuries,No__of_Minimal,No__of_Minor,No__of_Major,No__of_Fatal,X,Y,Latitude,Longitude,ObjectId
18--14510,12/31/2018,5:15 AM,BLACKBURN AVE btwn TEMPLETON ST & MANN AVE (__3ZA9VP),__3ZA9VP,01 - Non intersection,03 - P.D. only,06 - SMV unattended vehicle,01 - Clear,07 - Dark,03 - Loose snow,10 - No control,,1,0,0,0,,0,,,,,369596.6009,5031638.77,45.4216826,-75.6720182,5644
18--14511,12/31/2018,5:25 AM,REGIONAL ROAD 174 btwn OR174 IC105 RAMP25 & OR174 IC102 RAMP51 (__3ZA27G),__3ZA27G,01 - Non intersection,02 - Non-fatal injury,03 - Rear end,01 - Clear,07 - Dark,01 - Dry,10 - No control,,2,0,0,0,02 - Minor,3,1,2,,,380279.7891,5037494.105,45.47329342,-75.53462643,5645
18--14512,12/31/2018,5:51 PM,MAITLAND AVE/HWY 417 MAITLAND IC126R53 @ HWY 4 (0008229),8229,03 - At intersection,02 - Non-fatal injury,05 - Turning movement,01 - Clear,07 - Dark,02 - Wet,01 - Traffic signal,01 - Functioning,2,0,0,0,02 - Minor,2,,2,,,363229.5859,5025774.403,45.36947676,-75.75406423,5646
18--14513,12/31/2018,6:10 PM,JOCKVALE RD/RIDEAU VALLEY DR @ PRINCE OF WALES (0004638),4638,03 - At intersection,02 - Non-fatal injury,05 - Turning movement,01 - Clear,07 - Dark,01 - Dry,01 - Traffic signal,01 - Functioning,2,0,0,0,02 - Minor,1,,1,,,366709.6978,5012195.413,45.24699582,-75.71133612,5647
18--14514,12/31/2018,6:30 PM,MONTREAL RD @ BATHGATE DR/BURMA RD (0007650),7650,02 - Intersection related,03 - P.D. only,04 - Sideswipe,03 - Snow,07 - Dark,06 - Ice,01 - Traffic signal,01 - Functioning,2,0,0,0,,0,,,,,373224.5903,5034516.677,45.44723111,-75.62526445,5648
18--14515,12/31/2018,6:41 PM,CEDARWOOD DR @ WALKLEY RD (0002235),2235,03 - At intersection,03 - P.D. only,05 - Turning movement,01 - Clear,07 - Dark,01 - Dry,01 - Traffic signal,01 - Functioning,2,0,0,0,,0,,,,,371194.7227,5026455.677,45.37489732,-75.65229701,5649
18--14516,12/31/2018,6:43 PM,MADELEINE MEILLEUR PRIV @ VANIER PKWY (0013514),13514,03 - At intersection,03 - P.D. only,03 - Rear end,03 - Snow,07 - Dark,06 - Ice,01 - Traffic signal,00 - Unknown,2,0,0,0,,0,,,,,369654.8152,5033359.306,45.43715791,-75.67104781,5650
18--14517,12/31/2018,6:54 PM,LAURIER AVE @ LYON ST (0002206),2206,02 - Intersection related,03 - P.D. only,07 - SMV other,01 - Clear,07 - Dark,02 - Wet,01 - Traffic signal,01 - Functioning,1,0,0,0,,0,,,,,367153.5707,5031068.533,45.4167738,-75.70330471,5651
18--14518,12/31/2018,7:36 PM,MERIVALE RD btwn CLYDE AVE & RITA AVE (__3ZA4H7),__3ZA4H7,01 - Non intersection,02 - Non-fatal injury,03 - Rear end,01 - Clear,07 - Dark,02 - Wet,10 - No control,,2,0,0,0,02 - Minor,1,,1,,,364558.0203,5024422.811,45.35720332,-75.73726984,5652
18--14519,12/31/2018,7:40 AM,HWY 416 ACRES IC75R24 @ HOLLY ACRES RD (0005257),5257,03 - At intersection,03 - P.D. only,04 - Sideswipe,01 - Clear,03 - Dawn,02 - Wet,01 - Traffic signal,01 - Functioning,2,0,0,0,,0,,,,,358757.5019,5022868.639,45.34368923,-75.81146952,5653
18--1452,1/30/2018,Unknown,KINGSWELL ST btwn ROTARY WAY & SUNBURST ST (__8PNLIO),__8PNLIO,01 - Non intersection,03 - P.D. only,06 - SMV unattended vehicle,01 - Clear,00 - Unknown,02 - Wet,10 - No control,,1,0,0,0,,0,,,,,375860.474,5021287.753,45.32794109,-75.59347637,5654
18--14520,12/31/2018,8:24 AM,BLAIR RD @ INNES RD (0004165),4165,03 - At intersection,03 - P.D. only,02 - Angle,01 - Clear,01 - Daylight,06 - Ice,01 - Traffic signal,01 - Functioning,2,0,0,0,,0,,,,,375578.5939,5031439.561,45.4193106,-75.59561708,5655
18--14521,12/31/2018,8:30 PM,HARMER AVE @ ISLAND PARK DR (0006604),6604,02 - Intersection related,03 - P.D. only,03 - Rear end,03 - Snow,07 - Dark,05 - Packed snow,02 - Stop sign,01 - Functioning,2,0,0,0,,0,,,,,365188.4386,5028144.788,45.39063898,-75.72876904,5656
18--14522,12/31/2018,9:15 AM,HIGHWAY 417 btwn REGIONAL ROAD 174 & HWY417 IC113 RAMP85 (__3ZA289),__3ZA289,01 - Non intersection,03 - P.D. only,04 - Sideswipe,01 - Clear,01 - Daylight,01 - Dry,10 - No control,,2,0,0,0,,0,,,,,373706.2059,5031793.998,45.42268656,-75.61948932,5657
18--14523,12/31/2018,9:22 PM,HIGHWAY 417 btwn HWY417 IC131 RAMP53 & HWY417 IC131 RAMP51 (__3ZA1MU),__3ZA1MU,01 - Non intersection,03 - P.D. only,07 - SMV other,03 - Snow,07 - Dark,04 - Slush,10 - No control,,1,0,0,0,,0,,,,,357568.8193,5022674.21,45.34203018,-75.82665751,5658
18--14524,12/31/2018,9:28 PM,RIDEAU ST @ WILLIAM ST (0008982),8982,03 - At intersection,02 - Non-fatal injury,07 - SMV other,03 - Snow,07 - Dark,03 - Loose snow,01 - Traffic signal,01 - Functioning,1,0,0,1,02 - Minor,1,,1,,,368095.3302,5032155.849,45.42647254,-75.6911333,5659
18--14525,12/31/2018,9:30 PM,INNES RD btwn PAGE RD & 473 E OF PAGE RD/BUILDERS' WAREHOUSE SC (__3ZAYFDA),__3ZAYFDA,04 - At/near private drive,03 - P.D. only,02 - Angle,03 - Snow,07 - Dark,05 - Packed snow,10 - No control,,2,0,0,0,,0,,,,,380965.0476,5034586.071,45.44705487,-75.52631385,5660
18--14526,12/31/2018,9:45 PM,WEST HUNT CLUB RD EB btwn KNOXDALE RD & WOODROFFE AVE (__3ZA17C),__3ZA17C,01 - Non intersection,03 - P.D. only,04 - Sideswipe,03 - Snow,07 - Dark,03 - Loose snow,10 - No control,,2,0,0,0,,0,,,,,363503.3308,5021119.608,45.32757048,-75.75112233,5661
18--14527,12/31/2018,9:45 PM,HIGHWAY 417 btwn HWY417 IC124 RAMP76 & HWY417 IC124 RAMP67 (__3ZA2R7),__3ZA2R7,01 - Non intersection,03 - P.D. only,07 - SMV other,04 - Freezing Rain,07 - Dark,04 - Slush,10 - No control,,1,0,0,0,,0,,,,,364293.8616,5027359,45.38364517,-75.74028754,5662
18--14528,12/31/2018,9:49 PM,HIGHWAY 417 btwn HWY417 IC127 RAMP25 & HWY417 IC126 RAMP51 (__3ZA2XA),__3ZA2XA,01 - Non intersection,03 - P.D. only,07 - SMV other,04 - Freezing Rain,07 - Dark,06 - Ice,10 - No control,,1,0,0,0,,0,,,,,363017.2616,5025620.559,45.36811015,-75.75679275,5663
18--14529,12/31/2018,9:57 PM,BANK ST @ GLADSTONE AVE (0002253),2253,02 - Intersection related,03 - P.D. only,04 - Sideswipe,02 - Rain,07 - Dark,02 - Wet,01 - Traffic signal,01 - Functioning,2,0,0,0,,0,,,,,367916.5984,5030562.538,45.41215261,-75.69362123,5664
18--1453,1/30/2018,12:03 PM,ANDERSON RD @ INNES RD (0004200),4200,02 - Intersection related,03 - P.D. only,03 - Rear end,01 - Clear,01 - Daylight,01 - Dry,01 - Traffic signal,01 - Functioning,2,0,0,0,,0,,,,,376280.7409,5031841.563,45.4228562,-75.58658812,5665
18--1454,1/30/2018,12:35 AM,HAZELDEAN RD btwn CARP RD & Continuation of HAZELDEAN RD (__5FCFM4),__5FCFM4,01 - Non intersection,02 - Non-fatal injury,07 - SMV other,01 - Clear,07 - Dark,01 - Dry,10 - No control,,1,0,0,0,02 - Minor,1,,1,,,348876.0045,5014439.182,45.26852889,-75.93830626,5666
18--1455,1/30/2018,2:12 PM,CARLING AVE @ WOODROFFE AVE W (0011470),11470,02 - Intersection related,03 - P.D. only,05 - Turning movement,01 - Clear,01 - Daylight,01 - Dry,01 - Traffic signal,01 - Functioning,2,0,0,0,,0,,,,,361767.6835,5025725.513,45.3691572,-75.77273158,5667
18--1456,1/30/2018,2:45 PM,HIGHWAY 417 btwn HWY417 IC122 RAMP61 & HWY417 IC121B RAMP16 (__3ZA2Y4),__3ZA2Y4,01 - Non intersection,03 - P.D. only,04 - Sideswipe,01 - Clear,01 - Daylight,02 - Wet,10 - No control,,2,0,0,0,,0,,,,,366021.085,5029321.565,45.40115504,-75.71799013,5668
18--1457,1/30/2018,2:57 PM,LARGO CRES btwn SPRING GARDEN AVE & HATTON PL (__3ZAAR5),__3ZAAR5,04 - At/near private drive,03 - P.D. only,06 - SMV unattended vehicle,01 - Clear,01 - Daylight,02 - Wet,10 - No control,,1,0,0,0,,0,,,,,364566.0412,5022745.293,45.34210854,-75.73737022,5669
18--1458,1/30/2018,3:00 PM,PANAMA AVE btwn ASH ST & BONNER ST (__3ZA5ZH),__3ZA5ZH,04 - At/near private drive,03 - P.D. only,06 - SMV unattended vehicle,01 - Clear,01 - Daylight,01 - Dry,10 - No control,,1,0,0,0,,0,,,,,357378.1951,5020769.175,45.32490283,-75.82929213,5670
18--1459,1/30/2018,3:18 PM,ST. LAURENT BLVD/GUY ST @ RIDEAU SS (0007214),7214,02 - Intersection related,02 - Non-fatal injury,07 - SMV other,01 - Clear,01 - Daylight,01 - Dry,01 - Traffic signal,01 - Functioning,1,0,0,0,03 - Major,1,,,1,,371860.2691,5033043.791,45.43411101,-75.64290455,5671
18--146,1/2/2018,8:03 AM,HAWTHORNE RD @ HUNT CLUB RD (0007651),7651,02 - Intersection related,03 - P.D. only,04 - Sideswipe,01 - Clear,01 - Daylight,06 - Ice,01 - Traffic signal,01 - Functioning,2,0,0,0,,0,,,,,375507.75,5026406.529,45.37403317,-75.59724359,5672
18--1460,1/30/2018,3:20 PM,BASELINE RD @ 207 E OF CLYDE AVE (0008213),8213,03 - At intersection,02 - Non-fatal injury,07 - SMV other,01 - Clear,01 - Daylight,01 - Dry,01 - Traffic signal,01 - Functioning,1,0,0,1,01 - Minimal,1,1,,,,364535.2194,5025000.453,45.3624028,-75.73749103,5673
18--1461,1/30/2018,3:35 PM,MARCH RD @ MORGAN'S GRANT WAY/SHIRLEY'S BROOK  (0002651),2651,03 - At intersection,03 - P.D. only,03 - Rear end,01 - Clear,01 - Daylight,01 - Dry,01 - Traffic signal,01 - Functioning,2,0,0,0,,0,,,,,349661.6086,5023617.51,45.35106844,-75.9274643,5674
18--1462,1/30/2018,3:45 PM,SADDLESMITH CIRC btwn TO BE DETERMINED & CEDAR VALLEY DR (2) (__4VGSG3),__4VGSG3,04 - At/near private drive,03 - P.D. only,02 - Angle,01 - Clear,01 - Daylight,01 - Dry,10 - No control,,2,0,0,0,,0,,,,,355723.2855,5015782.102,45.28015032,-75.8509137,5675
18--1463,1/30/2018,4:01 PM,9TH LINE RD @ PARKWAY RD (0001574),1574,03 - At intersection,03 - P.D. only,02 - Angle,01 - Clear,01 - Daylight,01 - Dry,02 - Stop sign,01 - Functioning,2,0,0,0,,0,,,,,384898.5158,5017940.418,45.29685088,-75.47873589,5676
18--1464,1/30/2018,4:22 PM,HAZELDEAN RD @ TERRY FOX DR (0003682),3682,02 - Intersection related,03 - P.D. only,03 - Rear end,01 - Clear,01 - Daylight,01 - Dry,01 - Traffic signal,01 - Functioning,2,0,0,0,,0,,,,,352207.6109,5017242.451,45.29353681,-75.8955836,5677
18--1465,1/30/2018,4:38 PM,OAKDALE AVE @ SCOTT ST (0006112),6112,02 - Intersection related,02 - Non-fatal injury,03 - Rear end,01 - Clear,05 - Dusk,01 - Dry,02 - Stop sign,00 - Unknown,3,0,0,0,02 - Minor,2,,2,,,363937.6843,5029104.56,45.39938157,-75.74462618,5678
18--1466,1/30/2018,4:44 PM,BANK ST btwn ROCKINGHAM AVE & RANDALL AVE (__3ZBOFN),__3ZBOFN,01 - Non intersection,02 - Non-fatal injury,07 - SMV other,01 - Clear,05 - Dusk,01 - Dry,10 - No control,,1,0,0,0,02 - Minor,2,1,1,,,369733.105,5027292.997,45.38256822,-75.6708463,5679
18--1467,1/30/2018,4:54 PM,HIGHWAY 417 btwn HWY417 IC127 RAMP63 & HWY417 IC127 RAMP67 (__3ZA2RF),__3ZA2RF,01 - Non intersection,02 - Non-fatal injury,03 - Rear end,01 - Clear,05 - Dusk,01 - Dry,10 - No control,,3,0,0,0,02 - Minor,1,,1,,,362270.4924,5024965.959,45.36228175,-75.76640143,5680
18--1468,1/30/2018,5:00 PM,MONTREAL RD @ SHEFFORD RD (0012423),12423,02 - Intersection related,03 - P.D. only,03 - Rear end,01 - Clear,05 - Dusk,06 - Ice,01 - Traffic signal,01 - Functioning,2,0,0,0,,0,,,,,376125.7306,5034853.575,45.44997228,-75.58813225,5681
18--1469,1/30/2018,5:06 PM,PRINCE OF WALES DR @ WEST HUNT CLUB RD (0000567),567,02 - Intersection related,03 - P.D. only,03 - Rear end,01 - Clear,05 - Dusk,01 - Dry,01 - Traffic signal,01 - Functioning,2,0,0,0,,0,,,,,367458.7099,5021891.503,45.33417389,-75.70057068,5682
18--147,1/2/2018,8:10 AM,HWY417 IC131 RAMP63 btwn HWY417 IC131 RAMP53 & HWY417 IC131 RAMP66 (__3ZAY4Q),__3ZAY4Q,01 - Non intersection,03 - P.D. only,07 - SMV other,03 - Snow,01 - Daylight,06 - Ice,10 - No control,,1,0,0,0,,0,,,,,358596.6329,5022902.315,45.34400461,-75.8135185,5683
18--1470,1/30/2018,5:09 PM,SLATER ST btwn BANK ST & O'CONNOR ST (__3ZA35K),__3ZA35K,01 - Non intersection,03 - P.D. only,04 - Sideswipe,01 - Clear,05 - Dusk,01 - Dry,10 - No control,,2,0,0,0,,0,,,,,367467.9911,5031381.387,45.41956067,-75.69924795,5684
18--1471,1/30/2018,5:13 PM,ST. LAURENT BLVD @ COVENTRY RD/OGILVIE RD (0002151),2151,02 - Intersection related,03 - P.D. only,03 - Rear end,03 - Snow,05 - Dusk,03 - Loose snow,01 - Traffic signal,01 - Functioning,2,0,0,0,,0,,,,,372305.7196,5031951.574,45.4242409,-75.63736163,5685
18--1472,1/30/2018,5:24 AM,O'CONNOR ST btwn GLADSTONE AVE & MCLEOD ST (__3ZA3QS),__3ZA3QS,01 - Non intersection,03 - P.D. only,06 - SMV unattended vehicle,01 - Clear,07 - Dark,01 - Dry,10 - No control,,1,0,0,0,,0,,,,,368114.4352,5030597.591,45.41245013,-75.69108941,5686
18--1473,1/30/2018,5:24 PM,AQUAVIEW DR @ ESPRIT DR (0012798),12798,03 - At intersection,03 - P.D. only,02 - Angle,01 - Clear,05 - Dusk,01 - Dry,02 - Stop sign,01 - Functioning,2,0,0,0,,0,,,,,384967.6536,5035746.361,45.45704647,-75.47496387,5687
18--1474,1/30/2018,5:29 PM,WALKLEY RD btwn DON REID DR/RYDER ST & 160 W OF CONROY RD (__3ZA2EHA),__3ZA2EHA,01 - Non intersection,03 - P.D. only,03 - Rear end,01 - Clear,05 - Dusk,01 - Dry,10 - No control,,3,0,0,0,,0,,,,,372731.2119,5027361.282,45.38289831,-75.63255734,5688
18--1475,1/30/2018,5:30 PM,COOPER ST @ ELGIN ST (0006934),6934,02 - Intersection related,02 - Non-fatal injury,03 - Rear end,01 - Clear,05 - Dusk,03 - Loose snow,01 - Traffic signal,01 - Functioning,2,0,0,0,01 - Minimal,1,1,,,,368119.7138,5031271.589,45.41851407,-75.69093538,5689
18--1476,1/30/2018,5:59 PM,HIGHWAY 417 btwn TRANSIT & HWY417 IC127 RAMP16 (__3ZA2SJ),__3ZA2SJ,01 - Non intersection,03 - P.D. only,03 - Rear end,01 - Clear,07 - Dark,01 - Dry,10 - No control,,2,0,0,0,,0,,,,,361812.9634,5024613.951,45.35915177,-75.77228182,5690
18--1477,1/30/2018,6:14 PM,BROOKFIELD RD btwn 200 W OF FLANNERY DR & BROOKFIELD RAMP 36 (__3ZA225B),__3ZA225B,01 - Non intersection,03 - P.D. only,03 - Rear end,01 - Clear,07 - Dark,01 - Dry,10 - No control,,3,0,0,0,,0,,,,,368511.6491,5026257.892,45.37336679,-75.68657546,5691
18--1478,1/30/2018,6:15 AM,CARLING AVE btwn DAVIDSON'S SIDE RD & GRANDVIEW RD (__3ZA4Z8),__3ZA4Z8,01 - Non intersection,03 - P.D. only,07 - SMV other,03 - Snow,07 - Dark,05 - Packed snow,10 - No control,,1,0,0,0,,0,,,,,355574.0817,5024110.352,45.35509994,-75.85196171,5692
18--1479,1/30/2018,6:30 PM,VANCES SIDE RD btwn GREENLAND RD & TORWOOD DR (__3ZA3EA),__3ZA3EA,04 - At/near private drive,03 - P.D. only,07 - SMV other,01 - Clear,07 - Dark,01 - Dry,10 - No control,,1,0,0,0,,0,,,,,343019.3416,5036133.2,45.46408126,-76.01126105,5693
18--148,1/2/2018,8:20 AM,CASTLEFRANK RD @ TERRY FOX DR (0011757),11757,02 - Intersection related,02 - Non-fatal injury,07 - SMV other,03 - Snow,01 - Daylight,04 - Slush,01 - Traffic signal,01 - Functioning,1,0,0,0,02 - Minor,1,,1,,,352993.225,5016304.808,45.28504622,-75.88565919,5694
18--1480,1/30/2018,6:38 AM,HUNT CLUB RD @ RIVERSIDE DR (0002237),2237,02 - Intersection related,03 - P.D. only,03 - Rear end,01 - Clear,07 - Dark,01 - Dry,01 - Traffic signal,00 - Unknown,2,0,0,0,,0,,,,,368036.656,5021945.503,45.33460793,-75.6931908,5695
18--1481,1/30/2018,6:43 AM,MARCH RD btwn UPPER DWYER HILL RD & PETER ROBINSON RD (__3ZA2RI),__3ZA2RI,01 - Non intersection,03 - P.D. only,99 - Other,01 - Clear,07 - Dark,01 - Dry,10 - No control,,3,0,0,0,,0,,,,,334655.1569,5014897.73,45.27340265,-76.1195007,5696
18--1482,1/30/2018,6:48 PM,RICHMOND RD btwn WEST HUNT CLUB RD & STONEHAVEN DR (__3ZA41H),__3ZA41H,01 - Non intersection,03 - P.D. only,07 - SMV other,01 - Clear,07 - Dark,01 - Dry,10 - No control,,1,0,0,0,,0,,,,,356821.8813,5016501.991,45.28654757,-75.83683607,5697
18--1483,1/30/2018,8:01 PM,DALHOUSIE ST @ RIDEAU ST (0007646),7646,02 - Intersection related,03 - P.D. only,03 - Rear end,01 - Clear,07 - Dark,01 - Dry,01 - Traffic signal,01 - Functioning,2,0,0,0,,0,,,,,368206.7093,5032227.581,45.42710788,-75.68970086,5698
18--1484,1/30/2018,8:04 AM,ALBION RD @ BANK ST (0012409),12409,02 - Intersection related,03 - P.D. only,03 - Rear end,03 - Snow,01 - Daylight,02 - Wet,01 - Traffic signal,01 - Functioning,3,0,0,0,,0,,,,,371946.728,5024129.499,45.35389554,-75.64301286,5699
18--1485,1/30/2018,8:28 AM,STRANDHERD DR @ LONGFIELDS DR (0010935),10935,02 - Intersection related,03 - P.D. only,05 - Turning movement,03 - Snow,01 - Daylight,03 - Loose snow,01 - Traffic signal,01 - Functioning,2,0,0,0,,0,,,,,364548.8107,5015173.325,45.27397788,-75.73850293,5700
18--4483,4/21/2018,1:43 AM,PRINCE OF WALES DR @ MEADOWLANDS DR/HOG'S BACK (0001629),1629,02 - Intersection related,03 - P.D. only,04 - Sideswipe,01 - Clear,07 - Dark,01 - Dry,01 - Traffic signal,01 - Functioning,2,0,0,0,,0,,,,,367371.9195,5025693.477,45.36839102,-75.70119677,8815
18--1487,1/30/2018,8:53 AM,NORTH RIVER RD btwn ONTARIO ST & DONALD ST (__3ZA8HC),__3ZA8HC,01 - Non intersection,02 - Non-fatal injury,07 - SMV other,01 - Clear,01 - Daylight,01 - Dry,10 - No control,,1,0,0,0,02 - Minor,1,,1,,,369962.4904,5032248.61,45.42713572,-75.66726262,5702
18--1488,1/30/2018,9:02 AM,WELLINGTON ST btwn TURN LANE & TO BE DETERMINED (__3ZA2L9),__3ZA2L9,07 - Overpass or bridge,02 - Non-fatal injury,03 - Rear end,03 - Snow,01 - Daylight,02 - Wet,10 - No control,,2,0,0,0,02 - Minor,1,,1,,,366611.6676,5031284.853,45.41876827,-75.71020084,5703
18--1489,1/30/2018,9:05 AM,COVENTRY RD @ VANIER PKWY (0002139),2139,02 - Intersection related,03 - P.D. only,03 - Rear end,01 - Clear,01 - Daylight,01 - Dry,01 - Traffic signal,01 - Functioning,2,0,0,0,,0,,,,,370676.3844,5031611.703,45.42133822,-75.65822565,5704
18--149,1/2/2018,8:20 AM,HWY416 IC75A RAMP26 btwn HIGHWAY 417 & HIGHWAY 416 (__3ZAY4Y),__3ZAY4Y,01 - Non intersection,03 - P.D. only,07 - SMV other,01 - Clear,01 - Daylight,06 - Ice,10 - No control,,1,0,0,0,,0,,,,,357782.1803,5022774.257,45.34291432,-75.82392445,5705
18--1490,1/30/2018,9:55 AM,ROSEHILL AVE @ HUNTMAR DR (0010609),10609,03 - At intersection,03 - P.D. only,07 - SMV other,03 - Snow,01 - Daylight,06 - Ice,11 - Roundabout,01 - Functioning,1,0,0,0,,0,,,,,350499.3076,5016458.471,45.28659549,-75.91743443,5706
18--1491,1/30/2018,9:55 AM,HIGHWAY 417 btwn HWY417 IC122 RAMP61 & HWY417 IC121B RAMP16 (__3ZA2Y4),__3ZA2Y4,01 - Non intersection,03 - P.D. only,99 - Other,01 - Clear,01 - Daylight,01 - Dry,10 - No control,,2,0,0,0,,0,,,,,365722.1576,5029157.155,45.3997018,-75.72182844,5707
18--1492,1/30/2018,9:55 PM,CARLING AVE @ WYLIE AVE (0002394),2394,02 - Intersection related,03 - P.D. only,02 - Angle,01 - Clear,07 - Dark,01 - Dry,02 - Stop sign,01 - Functioning,2,0,0,0,,0,,,,,359140.6681,5024077.504,45.35453704,-75.80644761,5708
18--1493,1/31/2018,1:05 PM,GATEWAY RD @ IRIS ST (0002973),2973,02 - Intersection related,03 - P.D. only,02 - Angle,03 - Snow,01 - Daylight,02 - Wet,02 - Stop sign,01 - Functioning,2,0,0,0,,0,,,,,361811.68,5024082.505,45.35436996,-75.77235949,5709
18--1494,1/31/2018,1:19 PM,PLACE D'ORLEANS DR btwn OR174 IC102 RAMP51 & ST. JOSEPH BLVD (2) (__3ZA1V5B),__3ZA1V5B,01 - Non intersection,03 - P.D. only,03 - Rear end,01 - Clear,01 - Daylight,02 - Wet,10 - No control,,2,0,0,0,,0,,,,,381417.6039,5037928.478,45.47707764,-75.52000836,5710
18--1495,1/31/2018,1:30 PM,CHESTERTON DR @ MULVAGH AVE (0001415),1415,03 - At intersection,03 - P.D. only,02 - Angle,03 - Snow,01 - Daylight,03 - Loose snow,02 - Stop sign,01 - Functioning,2,0,0,0,,0,,,,,365186.7027,5023974.504,45.35311566,-75.72930105,5711
18--1496,1/31/2018,1:49 PM,DUNROBIN RD btwn KINBURN SIDE RD & VANCES SIDE RD (__3ZA3FG),__3ZA3FG,01 - Non intersection,02 - Non-fatal injury,07 - SMV other,03 - Snow,01 - Daylight,03 - Loose snow,10 - No control,,1,0,0,0,01 - Minimal,2,2,,,,338687.8888,5035227.968,45.45615932,-76.06671123,5712
18--1497,1/31/2018,1:50 PM,ROTHESAY DR btwn ROTHESAY DR & SHOULDICE CRES (__3ZABZJ),__3ZABZJ,01 - Non intersection,03 - P.D. only,07 - SMV other,03 - Snow,01 - Daylight,03 - Loose snow,10 - No control,,1,0,0,0,,0,,,,,354083.8679,5017269.634,45.29365232,-75.87166125,5713
18--1498,1/31/2018,10:02 AM,SAUBLE DR btwn YOHO DR & STEEPLE CHASE DR (__3ZADHB),__3ZADHB,04 - At/near private drive,03 - P.D. only,02 - Angle,01 - Clear,01 - Daylight,01 - Dry,10 - No control,,2,0,0,0,,0,,,,,355161.9824,5017449.496,45.29519431,-75.85789855,5714
18--1499,1/31/2018,10:10 PM,HIGHWAY 417 btwn HWY417 IC180 RAMP61 & HWY417 IC169 RAMP36 (__5DVYB1),__5DVYB1,01 - Non intersection,02 - Non-fatal injury,07 - SMV other,03 - Snow,07 - Dark,03 - Loose snow,10 - No control,,1,0,0,0,02 - Minor,1,,1,,,323588.0009,5027001.284,45.38270083,-76.26008893,5715
18--15,1/1/2018,12:15 AM,HWY417 IC118 RAMP76 btwn HIGHWAY 417 & HWY417 IC118 RAMP43 (__3ZAY9N),__3ZAY9N,01 - Non intersection,03 - P.D. only,07 - SMV other,01 - Clear,07 - Dark,06 - Ice,10 - No control,,1,0,0,0,,0,,,,,369351.3405,5031006.629,45.41601751,-75.67523466,5716
18--150,1/2/2018,8:22 AM,REGIONAL ROAD 174 btwn OR174 IC105 RAMP16 & OR174 IC105 RAMP26 (__3ZA1PU),__3ZA1PU,01 - Non intersection,03 - P.D. only,07 - SMV other,01 - Clear,01 - Daylight,06 - Ice,10 - No control,,1,0,0,0,,0,,,,,379307.4734,5036981.889,45.46878931,-75.54713811,5717
18--1500,1/31/2018,12:11 PM,MICHAEL ST @ BELFAST RD (0007616),7616,02 - Intersection related,03 - P.D. only,03 - Rear end,01 - Clear,01 - Daylight,01 - Dry,02 - Stop sign,01 - Functioning,2,0,0,0,,0,,,,,373132.7292,5030678.562,45.41270666,-75.62697125,5718
18--1501,1/31/2018,2:05 PM,INDUSTRIAL AVE btwn SANDFORD FLEMING AVE & NEIGHBORHOOD WAY (__3ZA3PC),__3ZA3PC,01 - Non intersection,03 - P.D. only,07 - SMV other,03 - Snow,01 - Daylight,03 - Loose snow,10 - No control,,1,0,0,0,,0,,,,,370909.4625,5030551.995,45.41178142,-75.65538984,5719
18--1502,1/31/2018,2:14 PM,BLACKBURN BYPASS @ NAVAN RD (0004201),4201,02 - Intersection related,03 - P.D. only,99 - Other,01 - Clear,01 - Daylight,01 - Dry,01 - Traffic signal,01 - Functioning,2,0,0,0,,0,,,,,379619.4893,5033275.259,45.43540646,-75.54371217,5720
18--1503,1/31/2018,2:19 PM,CARLING AVE @ HOLLAND AVE (0002146),2146,02 - Intersection related,03 - P.D. only,03 - Rear end,03 - Snow,01 - Daylight,03 - Loose snow,01 - Traffic signal,01 - Functioning,3,0,0,0,,0,,,,,365416.6984,5028038.547,45.38966333,-75.72586722,5721
18--1775,2/5/2018,1:10 PM,INNES RD @ JEANNE D'ARC BLVD/MER BLEUE RD (0012475),12475,02 - Intersection related,03 - P.D. only,03 - Rear end,01 - Clear,01 - Daylight,02 - Wet,01 - Traffic signal,01 - Functioning,2,0,0,0,,0,,,,,382637.7535,5035567.554,45.45570115,-75.50477805,5722
18--1879,2/6/2018,8:30 AM,GABRIEL ST @ ST. JOSEPH BLVD (0004100),4100,02 - Intersection related,03 - P.D. only,05 - Turning movement,03 - Snow,01 - Daylight,04 - Slush,02 - Stop sign,01 - Functioning,2,0,0,0,,0,,,,,381544.736,5037641.594,45.47448254,-75.51842731,5723
18--188,1/3/2018,6:45 PM,SMYTH RD btwn BARNHART PL & FREEDOM PRIV (__51NYLN),__51NYLN,01 - Non intersection,03 - P.D. only,07 - SMV other,01 - Clear,07 - Dark,05 - Packed snow,10 - No control,,1,0,0,0,,0,,,,,370988.0426,5029123.461,45.39892061,-75.65457778,5724
18--151,1/2/2018,8:25 AM,JEANNE D'ARC BLVD N/OR174 IC105 RAMP63 @ TRANS (0012413),12413,02 - Intersection related,03 - P.D. only,03 - Rear end,01 - Clear,01 - Daylight,06 - Ice,01 - Traffic signal,01 - Functioning,2,0,0,0,,0,,,,,379342.7312,5037116.593,45.46999751,-75.54666683,5725
18--1880,2/6/2018,8:44 PM,CARLING AVE @ PRESTON ST (0002161),2161,02 - Intersection related,02 - Non-fatal injury,03 - Rear end,01 - Clear,07 - Dark,04 - Slush,01 - Traffic signal,01 - Functioning,3,0,0,0,02 - Minor,2,,2,,,366829.7103,5028935.554,45.39761064,-75.70771065,5726