Anom_ID,Accident_Date,Accident_Time,Location,Geo_ID,Accident_Location,Classification_of_Accident,Initial_Impact_Type,Environment_Condition,Light,Road_Surface_Condition,Traffic_Control,Traffic_Control_Condition,No__of_Vehicles,No__of_Bicycles,No__of_Motorcycles,No__of_Pedestrians,Max_Injury,No__of_Injuries,No__of_Minimal,No__of_Minor,No__of_Major,No__of_Fatal,X,Y,Latitude,Longitude,ObjectId
18--1510,1/31/2018,3:09 AM,VANIER PKWY SB btwn MCARTHUR AVE & VANIER PKWY (__3ZBOBV),__3ZBOBV,01 - Non intersection,03 - P.D. only,07 - SMV other,03 - Snow,07 - Dark,03 - Loose snow,10 - No control,,1,0,0,0,,0,,,,,370209.9942,5032678.042,45.43097647,-75.66404297,5727
18--1881,2/6/2018,8:45 AM,FALLOWFIELD RD @ MERIVALE RD (0000587),587,02 - Intersection related,03 - P.D. only,03 - Rear end,01 - Clear,01 - Daylight,04 - Slush,01 - Traffic signal,01 - Functioning,2,0,0,0,,0,,,,,366891.7129,5018844.469,45.30680751,-75.70818599,5728
18--1511,1/31/2018,3:12 PM,INNES RD btwn VISENEAU DR & BELCOURT BLVD (__3ZA3JX),__3ZA3JX,01 - Non intersection,03 - P.D. only,04 - Sideswipe,05 - Drifting Snow,01 - Daylight,05 - Packed snow,10 - No control,,3,0,0,0,,0,,,,,382035.3361,5035214.562,45.45259207,-75.51253475,5729
18--1882,2/6/2018,8:50 PM,BANK ST @ CHAMBERLAIN AVE N/ISABELLA ST (0002132),2132,03 - At intersection,03 - P.D. only,05 - Turning movement,01 - Clear,07 - Dark,02 - Wet,01 - Traffic signal,01 - Functioning,2,0,0,0,,0,,,,,368082.7124,5030166.562,45.40857474,-75.69155,5730
18--1512,1/31/2018,3:13 AM,CHARLOTTE ST @ RIDEAU ST (0002622),2622,02 - Intersection related,03 - P.D. only,03 - Rear end,01 - Clear,07 - Dark,01 - Dry,01 - Traffic signal,01 - Functioning,2,0,0,0,,0,,,,,369249.7094,5032859.592,45.43269914,-75.67629062,5731
18--1513,1/31/2018,3:13 PM,CRESTWAY DR @ STRANDHERD DR (0010538),10538,02 - Intersection related,03 - P.D. only,03 - Rear end,03 - Snow,01 - Daylight,03 - Loose snow,01 - Traffic signal,01 - Functioning,2,0,0,0,,0,,,,,366346.9029,5015471.133,45.27650246,-75.7155515,5732
18--1514,1/31/2018,3:15 PM,HIGHWAY 417 btwn HWY417 IC145 RAMP56 & Continuation of HIGHWAY 417 (__3ZA2Q3),__3ZA2Q3,01 - Non intersection,02 - Non-fatal injury,04 - Sideswipe,03 - Snow,01 - Daylight,03 - Loose snow,10 - No control,,2,0,0,0,02 - Minor,3,2,1,,,346884.8878,5015396.606,45.27726614,-75.96359826,5733
18--1515,1/31/2018,3:40 PM,EAGLESON RD btwn AKINS RD & RUSHMORE RD (__3ZA42M),__3ZA42M,01 - Non intersection,03 - P.D. only,07 - SMV other,03 - Snow,01 - Daylight,03 - Loose snow,10 - No control,,1,0,0,0,,0,,,,,356739.7997,5010554.154,45.23303373,-75.83850413,5734
18--1516,1/31/2018,3:45 PM,MOODIE DR btwn ANWATIN ST & ARNOLD DR (__3ZBNGJ),__3ZBNGJ,01 - Non intersection,03 - P.D. only,01 - Approaching,03 - Snow,01 - Daylight,03 - Loose snow,10 - No control,,2,0,0,0,,0,,,,,357507.9666,5019415.976,45.31271688,-75.82778082,5735
18--1517,1/31/2018,3:47 PM,LESTER RD btwn ALBION RD & UPLANDS DR (__3ZA2SC),__3ZA2SC,01 - Non intersection,02 - Non-fatal injury,07 - SMV other,03 - Snow,01 - Daylight,03 - Loose snow,10 - No control,,1,0,0,0,01 - Minimal,1,1,,,,371814.678,5021867.834,45.33355844,-75.6450044,5736
18--1518,1/31/2018,4:08 PM,RUSSELL RD btwn MILTON RD & SAND RD (__3ZA3XZ),__3ZA3XZ,01 - Non intersection,03 - P.D. only,01 - Approaching,03 - Snow,05 - Dusk,03 - Loose snow,10 - No control,,3,0,0,0,,0,,,,,389841.704,5025345.443,45.36289365,-75.4144487,5737
18--1519,1/31/2018,4:08 PM,REGIONAL ROAD 174 btwn OLD MONTREAL RD & OLD MONTREAL RD (__3ZA27O),__3ZA27O,01 - Non intersection,03 - P.D. only,07 - SMV other,03 - Snow,01 - Daylight,02 - Wet,10 - No control,,1,0,0,0,,0,,,,,393622.1522,5042828.646,45.51971701,-75.36304562,5738
18--152,1/2/2018,8:31 AM,UPLANDS DR btwn PAUL ANKA DR & SHEARWATER PRIV (__3ZA9BQ),__3ZA9BQ,04 - At/near private drive,03 - P.D. only,05 - Turning movement,01 - Clear,01 - Daylight,01 - Dry,10 - No control,,2,0,0,0,,0,,,,,369547.439,5023489.925,45.34836647,-75.67371524,5739
18--1520,1/31/2018,4:35 PM,INNES RD @ ORCHARDVIEW AVE/ESPRIT DR (0012279),12279,02 - Intersection related,03 - P.D. only,04 - Sideswipe,03 - Snow,05 - Dusk,06 - Ice,01 - Traffic signal,01 - Functioning,2,0,0,0,,0,,,,,384844.7642,5036560.56,45.46438596,-75.47640235,5740
18--1521,1/31/2018,4:42 PM,FISHER AVE @ TUNIS AVE (0006208),6208,03 - At intersection,03 - P.D. only,02 - Angle,03 - Snow,05 - Dusk,03 - Loose snow,01 - Traffic signal,01 - Functioning,2,0,0,0,,0,,,,,365496.699,5027596.534,45.38567926,-75.72489999,5741
18--1522,1/31/2018,4:49 PM,PRINCE OF WALES DR btwn THIRD LINE RD S & PHELAN RD W (__3ZA4KQ),__3ZA4KQ,01 - Non intersection,03 - P.D. only,07 - SMV other,03 - Snow,05 - Dusk,03 - Loose snow,10 - No control,,1,0,0,0,,0,,,,,366936.9802,5001836.121,45.15376236,-75.70973258,5742
18--1523,1/31/2018,4:54 PM,INDUSTRIAL AVE @ TRAINYARDS DR (0011906),11906,02 - Intersection related,03 - P.D. only,03 - Rear end,03 - Snow,05 - Dusk,03 - Loose snow,01 - Traffic signal,01 - Functioning,2,0,0,0,,0,,,,,371685.9545,5030539.478,45.41159502,-75.64547223,5743
18--1524,1/31/2018,5:00 PM,JASMINE CRES S @ OGILVIE RD (0009282),9282,02 - Intersection related,03 - P.D. only,03 - Rear end,03 - Snow,05 - Dusk,03 - Loose snow,02 - Stop sign,01 - Functioning,2,0,0,0,,0,,,,,375354.7355,5033720.586,45.43985658,-75.5981503,5744
18--1525,1/31/2018,5:00 PM,"EGLISE, RUE DE L @ MONTREAL RD (0011441)",11441,03 - At intersection,03 - P.D. only,02 - Angle,03 - Snow,05 - Dusk,05 - Packed snow,01 - Traffic signal,01 - Functioning,2,0,0,0,,0,,,,,371157.7096,5033633.587,45.43948475,-75.65180344,5745
18--1526,1/31/2018,5:00 PM,HIGHWAY 417 btwn HWY417 IC96 RAMP51 & HIGHWAY 417 (__3ZA2W3),__3ZA2W3,01 - Non intersection,03 - P.D. only,03 - Rear end,01 - Clear,05 - Dusk,03 - Loose snow,10 - No control,,2,0,0,0,,0,,,,,387211.9659,5023863.172,45.34987153,-75.44825845,5746
18--1527,1/31/2018,5:12 PM,MAITLAND AVE btwn CARLING AVE & DUNCAN PL (__3ZA4JY),__3ZA4JY,04 - At/near private drive,03 - P.D. only,05 - Turning movement,03 - Snow,05 - Dusk,05 - Packed snow,10 - No control,,2,0,0,0,,0,,,,,362987.3877,5026377.368,45.37492231,-75.75708494,5747
18--1528,1/31/2018,5:15 PM,WOODROFFE AVE @ KNOXDALE RD/MEDHURST DR (0000519),519,02 - Intersection related,03 - P.D. only,03 - Rear end,03 - Snow,05 - Dusk,03 - Loose snow,01 - Traffic signal,00 - Unknown,2,0,0,0,,0,,,,,363419.6896,5021826.487,45.33393792,-75.75210553,5748
18--1529,1/31/2018,5:15 PM,ST. LAURENT BLVD btwn INDUSTRIAL AVE & BOURASSA ST (__3ZBOFB),__3ZBOFB,04 - At/near private drive,03 - P.D. only,02 - Angle,03 - Snow,05 - Dusk,03 - Loose snow,10 - No control,,2,0,0,0,,0,,,,,373136.572,5029922.527,45.40590383,-75.62702696,5749
18--153,1/2/2018,8:44 AM,HWY417 HUNT CLUB IC109 RAMP26 btwn HIGHWAY 417 WB & HUNT CLUB RD EB (e___1GZL),e___1GZL,01 - Non intersection,03 - P.D. only,07 - SMV other,01 - Clear,01 - Daylight,06 - Ice,10 - No control,,1,0,0,0,,0,,,,,376594.1995,5027714.372,45.38568998,-75.58318402,5750
18--1530,1/31/2018,5:20 PM,BRIAN COBURN BLVD @ TENTH LINE RD (0013966),13966,03 - At intersection,02 - Non-fatal injury,05 - Turning movement,03 - Snow,05 - Dusk,03 - Loose snow,01 - Traffic signal,01 - Functioning,2,0,0,0,02 - Minor,1,,1,,,384428.3389,5035022.308,45.45059377,-75.48197576,5751
18--1531,1/31/2018,5:20 PM,CLARE ST @ HIGHCROFT AVE (0011280),11280,03 - At intersection,03 - P.D. only,02 - Angle,03 - Snow,05 - Dusk,02 - Wet,02 - Stop sign,01 - Functioning,2,0,0,0,,0,,,,,363537.3419,5027777.248,45.38747234,-75.74989738,5752
18--1532,1/31/2018,5:20 PM,IONA ST @ ISLAND PARK DR (0006683),6683,03 - At intersection,03 - P.D. only,02 - Angle,03 - Snow,05 - Dusk,04 - Slush,01 - Traffic signal,01 - Functioning,2,0,0,0,,0,,,,,364349.8435,5028385.436,45.39287609,-75.73944889,5753
18--1533,1/31/2018,5:32 PM,MERIVALE RD btwn BURRIS LANE & OT/NE BOUNDARY (__3ZAZ7D),__3ZAZ7D,04 - At/near private drive,03 - P.D. only,05 - Turning movement,04 - Freezing Rain,05 - Dusk,04 - Slush,10 - No control,,2,0,0,0,,0,,,,,364911.5509,5025120.018,45.36344646,-75.73267311,5754
18--1534,1/31/2018,5:44 PM,LEGGET DR @ SOLANDT RD (0011781),11781,03 - At intersection,03 - P.D. only,03 - Rear end,03 - Snow,07 - Dark,03 - Loose snow,01 - Traffic signal,01 - Functioning,2,0,0,0,,0,,,,,350653.5764,5022879.508,45.34436359,-75.91487362,5755
18--1535,1/31/2018,5:45 AM,MERIVALE RD @ WOODFIELD DR/ROYDON PL (0009776),9776,03 - At intersection,02 - Non-fatal injury,07 - SMV other,01 - Clear,07 - Dark,01 - Dry,01 - Traffic signal,01 - Functioning,1,0,0,1,02 - Minor,1,,1,,,365462.9624,5022298.499,45.33801136,-75.7259811,5756
18--1536,1/31/2018,5:50 PM,CAMPEAU DR/HWY 417 MARCH IC138R63 @ MARCH RD (0009710),9710,02 - Intersection related,02 - Non-fatal injury,03 - Rear end,01 - Clear,07 - Dark,05 - Packed snow,01 - Traffic signal,01 - Functioning,3,0,0,0,01 - Minimal,1,1,,,,352841.6248,5020476.467,45.32259414,-75.88718729,5757
18--1537,1/31/2018,5:53 PM,HIGHWAY 417 btwn HWY417 IC169 RAMP25 & HWY417 IC163 RAMP51 (__5SPOUW),__5SPOUW,01 - Non intersection,03 - P.D. only,07 - SMV other,03 - Snow,07 - Dark,03 - Loose snow,10 - No control,,1,0,0,0,,0,,,,,329399.1436,5022106.075,45.33847123,-76.18612889,5758
18--1538,1/31/2018,5:54 PM,MARCH RD @ SOLANDT RD (0003172),3172,03 - At intersection,03 - P.D. only,03 - Rear end,03 - Snow,07 - Dark,03 - Loose snow,01 - Traffic signal,01 - Functioning,2,0,0,0,,0,,,,,350489.6084,5022710.502,45.34285354,-75.91698148,5759
18--1539,1/31/2018,6:00 PM,FINDLAY AVE @ TORRINGTON PL (0007562),7562,02 - Intersection related,03 - P.D. only,03 - Rear end,03 - Snow,07 - Dark,06 - Ice,02 - Stop sign,01 - Functioning,2,0,0,0,,0,,,,,367933.7064,5028789.549,45.39619825,-75.69362968,5760
18--154,1/2/2018,8:45 PM,COVENTRY RD btwn ARCOLA PRIV & LOLA ST (__3ZA35VB),__3ZA35VB,01 - Non intersection,03 - P.D. only,99 - Other,03 - Snow,07 - Dark,03 - Loose snow,10 - No control,,2,0,0,0,,0,,,,,370971.9369,5031635.009,45.42152003,-75.65444633,5761
18--1540,1/31/2018,6:06 PM,KIRKWOOD AVE @ MERIVALE RD (0002243),2243,03 - At intersection,02 - Non-fatal injury,05 - Turning movement,03 - Snow,07 - Dark,03 - Loose snow,01 - Traffic signal,01 - Functioning,2,0,0,0,01 - Minimal,2,2,,,,364853.7011,5026646.542,45.37718683,-75.73322592,5762
18--1541,1/31/2018,6:08 PM,MONTREAL RD btwn OR174 IC109 RAMP56 & OR174 IC109 RAMP66 (__3ZA2DH),__3ZA2DH,01 - Non intersection,03 - P.D. only,03 - Rear end,03 - Snow,07 - Dark,05 - Packed snow,10 - No control,,2,0,0,0,,0,,,,,376198.4297,5034888.248,45.45027682,-75.58719791,5763
18--1542,1/31/2018,6:10 PM,ALERT RD/AIRPORT PKWY/UPLANDS DR RAMP 62 @ LES (0003652),3652,03 - At intersection,03 - P.D. only,03 - Rear end,03 - Snow,07 - Dark,03 - Loose snow,01 - Traffic signal,01 - Functioning,2,0,0,0,,0,,,,,371306.7078,5021353.781,45.32898147,-75.65155361,5764
18--1543,1/31/2018,6:12 PM,PINECREST RD/HWY 417 PINECRE IC129R62 @ HWY 41 (0008127),8127,02 - Intersection related,03 - P.D. only,03 - Rear end,03 - Snow,07 - Dark,03 - Loose snow,03 - Yield sign,01 - Functioning,2,0,0,0,,0,,,,,360364.6779,5023737.501,45.35138178,-75.79086492,5765
18--1544,1/31/2018,6:13 PM,MONTREAL RD @ VANIER PKWY (0004630),4630,03 - At intersection,03 - P.D. only,03 - Rear end,03 - Snow,07 - Dark,03 - Loose snow,01 - Traffic signal,01 - Functioning,3,0,0,0,,0,,,,,370072.7097,5033065.592,45.43447631,-75.66574594,5766
18--1545,1/31/2018,6:18 PM,FLEWELLYN RD btwn MUNSTER RD & CONLEY RD (__3ZACRD),__3ZACRD,01 - Non intersection,03 - P.D. only,07 - SMV other,03 - Snow,07 - Dark,05 - Packed snow,10 - No control,,1,0,0,0,,0,,,,,346830.3828,5006680.726,45.19883994,-75.96502941,5767
18--1546,1/31/2018,6:26 PM,8TH LINE RD @ MITCH OWENS RD (0003574),3574,02 - Intersection related,03 - P.D. only,07 - SMV other,01 - Clear,07 - Dark,03 - Loose snow,02 - Stop sign,00 - Unknown,1,0,0,0,,0,,,,,382362.7959,5018774.472,45.3046397,-75.51093118,5768
18--1547,1/31/2018,6:43 PM,SUSSEX DR btwn LADY GREY DR & 151 W OF KING EDWARD AVE/L.B. PEARSON BU (__3ZBOFZA),__3ZBOFZA,04 - At/near private drive,03 - P.D. only,99 - Other,01 - Clear,07 - Dark,03 - Loose snow,10 - No control,,2,0,0,0,,0,,,,,367585.3099,5033322.523,45.43701585,-75.69750156,5769
18--1548,1/31/2018,6:48 AM,HIGHWAY 417 btwn HIGHWAY 417 & HWY417 IC115 RAMP61 (__3ZA2YH),__3ZA2YH,01 - Non intersection,03 - P.D. only,03 - Rear end,01 - Clear,07 - Dark,01 - Dry,10 - No control,,3,0,0,0,,0,,,,,372685.8714,5031544.715,45.42054339,-75.63256039,5770
18--1549,1/31/2018,6:48 PM,REGIONAL ROAD 174 btwn OR174 IC101 RAMP45 & RAMP (__3ZA1ZF),__3ZA1ZF,01 - Non intersection,03 - P.D. only,07 - SMV other,03 - Snow,07 - Dark,03 - Loose snow,10 - No control,,1,0,0,0,,0,,,,,384170.3202,5039837.031,45.4939415,-75.48449619,5771
18--155,1/2/2018,9:00 AM,HWY416 IC75A RAMP26 btwn HIGHWAY 417 & HIGHWAY 416 (__3ZAY4Y),__3ZAY4Y,01 - Non intersection,03 - P.D. only,07 - SMV other,03 - Snow,01 - Daylight,06 - Ice,10 - No control,,1,0,0,0,,0,,,,,358555.5942,5022303.64,45.33862085,-75.81410719,5772
18--1550,1/31/2018,6:58 PM,KING EDWARD AVE @ RIDEAU ST (0002121),2121,02 - Intersection related,03 - P.D. only,03 - Rear end,03 - Snow,07 - Dark,03 - Loose snow,01 - Traffic signal,01 - Functioning,2,0,0,0,,0,,,,,368511.7074,5032413.589,45.42875379,-75.6857795,5773
18--1551,1/31/2018,6:59 PM,GARFIELD AVE @ MAITLAND AVE (0002031),2031,02 - Intersection related,03 - P.D. only,03 - Rear end,03 - Snow,07 - Dark,03 - Loose snow,01 - Traffic signal,01 - Functioning,2,0,0,0,,0,,,,,363342.6912,5025562.528,45.36756089,-75.75264552,5774
18--1552,1/31/2018,7:03 AM,BEAUSEJOUR DR N @ ORLEANS BLVD (0003637),3637,03 - At intersection,02 - Non-fatal injury,07 - SMV other,01 - Clear,03 - Dawn,01 - Dry,01 - Traffic signal,01 - Functioning,1,0,0,1,01 - Minimal,1,1,,,,381054.0086,5035897.676,45.45884595,-75.5249734,5775
18--1553,1/31/2018,7:04 PM,ST. LAURENT BLVD btwn CAMIL ST & MORIN ST (__3ZBOFS),__3ZBOFS,01 - Non intersection,03 - P.D. only,04 - Sideswipe,03 - Snow,07 - Dark,05 - Packed snow,10 - No control,,2,0,0,0,,0,,,,,371584.7687,5033724.415,45.44026132,-75.64633298,5776
18--1554,1/31/2018,7:15 PM,PORTAGE BRIDGE SB btwn PROVINCIAL BOUNDARY & WELLINGTON ST (__6TE1GY),__6TE1GY,07 - Overpass or bridge,03 - P.D. only,01 - Approaching,03 - Snow,07 - Dark,03 - Loose snow,10 - No control,,2,0,0,0,,0,,,,,366463.8827,5031398.71,45.41980576,-75.71207473,5777
18--1555,1/31/2018,7:16 PM,RIDEAU ST @ WURTEMBURG ST (0007118),7118,03 - At intersection,03 - P.D. only,03 - Rear end,03 - Snow,07 - Dark,04 - Slush,01 - Traffic signal,01 - Functioning,3,0,0,0,,0,,,,,369356.7063,5032925.588,45.43328308,-75.67491461,5778
18--1556,1/31/2018,7:16 PM,WALKLEY RD btwn AYERS AVE & HAMPSTEAD PL (__3ZA376),__3ZA376,01 - Non intersection,03 - P.D. only,07 - SMV other,02 - Rain,07 - Dark,03 - Loose snow,10 - No control,,1,0,0,0,,0,,,,,370589.0916,5026094.405,45.37170383,-75.66007677,5779
18--1557,1/31/2018,7:31 PM,MAPLE GROVE RD @ TERRY FOX DR (0003177),3177,03 - At intersection,03 - P.D. only,02 - Angle,03 - Snow,07 - Dark,03 - Loose snow,01 - Traffic signal,01 - Functioning,2,0,0,0,,0,,,,,351553.6086,5017864.464,45.29917767,-75.9038626,5780
18--1558,1/31/2018,7:41 AM,STITTSVILLE MAIN ST @ HORSESHOE CRES (0010596),10596,02 - Intersection related,03 - P.D. only,99 - Other,01 - Clear,03 - Dawn,06 - Ice,02 - Stop sign,01 - Functioning,2,0,0,0,,0,,,,,349353.9959,5015351.789,45.27671073,-75.93213326,5781
18--1559,1/31/2018,7:46 AM,MOODIE DR @ TIMM DR (0001106),1106,03 - At intersection,02 - Non-fatal injury,03 - Rear end,01 - Clear,03 - Dawn,01 - Dry,02 - Stop sign,01 - Functioning,2,0,0,0,02 - Minor,1,,1,,,356815.6488,5021083.475,45.32777285,-75.83643468,5782
18--156,1/2/2018,9:00 AM,HIGHWAY 417 btwn HIGHWAY 417 & HWY417 IC110 RAMP54 (__3ZA2UY),__3ZA2UY,01 - Non intersection,03 - P.D. only,03 - Rear end,01 - Clear,01 - Daylight,06 - Ice,10 - No control,,2,0,0,0,,0,,,,,375524.4241,5029758.407,45.40418997,-75.59655037,5783
18--1560,1/31/2018,7:47 PM,CENTURY RD @ PRINCE OF WALES DR (0011830),11830,02 - Intersection related,03 - P.D. only,01 - Approaching,03 - Snow,07 - Dark,03 - Loose snow,02 - Stop sign,00 - Unknown,2,0,0,0,,0,,,,,365690.683,5006091.908,45.19216505,-75.72506251,5784
18--1561,1/31/2018,7:50 PM,MONTREAL RD @ SINCLAIR ST (0008675),8675,03 - At intersection,03 - P.D. only,02 - Angle,03 - Snow,07 - Dark,03 - Loose snow,01 - Traffic signal,01 - Functioning,2,0,0,0,,0,,,,,375968.7318,5034756.595,45.44911572,-75.59015318,5785
18--1562,1/31/2018,7:52 PM,BASELINE RD @ GREENBANK RD (0002357),2357,02 - Intersection related,03 - P.D. only,04 - Sideswipe,03 - Snow,07 - Dark,03 - Loose snow,01 - Traffic signal,00 - Unknown,2,0,0,0,,0,,,,,360597.684,5022584.5,45.34098859,-75.78802152,5786
18--1563,1/31/2018,7:54 AM,HWY 417 CASTLEFR IC139R61 @ KANATA AVE (0012625),12625,03 - At intersection,03 - P.D. only,02 - Angle,01 - Clear,03 - Dawn,01 - Dry,01 - Traffic signal,01 - Functioning,2,0,0,0,,0,,,,,351616.063,5019224.795,45.31141411,-75.90293783,5787
18--1564,1/31/2018,7:56 PM,COLONIAL RD btwn HEUVELMANS RD & DUNNING RD (__3ZA3K6),__3ZA3K6,01 - Non intersection,03 - P.D. only,07 - SMV other,03 - Snow,07 - Dark,03 - Loose snow,10 - No control,,1,0,0,0,,0,,,,,392925.352,5033265.696,45.43377018,-75.37367867,5788
18--1565,1/31/2018,7:59 PM,HUNT CLUB RD @ UPLANDS DR (0010844),10844,03 - At intersection,03 - P.D. only,05 - Turning movement,03 - Snow,07 - Dark,03 - Loose snow,01 - Traffic signal,01 - Functioning,2,0,0,0,,0,,,,,370156.7276,5023121.492,45.3449949,-75.66598921,5789
18--1566,1/31/2018,8:00 PM,HIGHWAY 417 btwn HWY417 IC96 RAMP61 & HWY417 IC88 RAMP16 (__3ZA27Z),__3ZA27Z,01 - Non intersection,03 - P.D. only,03 - Rear end,03 - Snow,07 - Dark,02 - Wet,10 - No control,,2,0,0,0,,0,,,,,388725.0786,5023684.206,45.34808192,-75.42898183,5790
18--1567,1/31/2018,8:05 PM,TERRY FOX DR btwn 329 N OF CAMPEAU DR/SIGNATURE CENTRE & CAMPEAU DR (__49GU9G),__49GU9G,01 - Non intersection,03 - P.D. only,04 - Sideswipe,03 - Snow,07 - Dark,03 - Loose snow,10 - No control,,2,0,0,0,,0,,,,,350383.5622,5019031.269,45.3097538,-75.91867334,5791
18--1568,1/31/2018,8:06 PM,MONTREAL RD @ NORTH RIVER RD (0009805),9805,02 - Intersection related,03 - P.D. only,04 - Sideswipe,03 - Snow,07 - Dark,03 - Loose snow,01 - Traffic signal,00 - Unknown,2,0,0,0,,0,,,,,369739.7086,5032887.585,45.43290568,-75.67002507,5792
18--1569,1/31/2018,8:10 PM,TENTH LINE RD @ LAKEPOINTE DR (0013369),13369,02 - Intersection related,03 - P.D. only,99 - Other,03 - Snow,07 - Dark,03 - Loose snow,01 - Traffic signal,01 - Functioning,2,0,0,0,,0,,,,,384261.3441,5035419.644,45.45418765,-75.48404621,5793
18--157,1/2/2018,9:00 AM,HWY416 IC75A RAMP26 btwn HIGHWAY 417 & HIGHWAY 416 (__3ZAY4Y),__3ZAY4Y,01 - Non intersection,03 - P.D. only,07 - SMV other,03 - Snow,01 - Daylight,06 - Ice,10 - No control,,1,0,0,0,,0,,,,,358194.5176,5022755.409,45.34271346,-75.81866525,5794
18--1570,1/31/2018,8:13 AM,BOURASSA ST @ ST. LAURENT BLVD (0007731),7731,02 - Intersection related,03 - P.D. only,03 - Rear end,04 - Freezing Rain,01 - Daylight,06 - Ice,01 - Traffic signal,01 - Functioning,3,0,0,0,,0,,,,,373236.7317,5029693.557,45.40383388,-75.62577939,5795
18--1571,1/31/2018,8:24 PM,FALLOWFIELD RD @ GREENBANK RD (0000549),549,02 - Intersection related,03 - P.D. only,03 - Rear end,03 - Snow,07 - Dark,03 - Loose snow,01 - Traffic signal,01 - Functioning,3,0,0,0,,0,,,,,363080.6753,5016732.456,45.28813019,-75.75702959,5796
18--1572,1/31/2018,8:30 PM,INNES RD @ TENTH LINE RD (0004633),4633,02 - Intersection related,03 - P.D. only,03 - Rear end,03 - Snow,07 - Dark,03 - Loose snow,01 - Traffic signal,01 - Functioning,2,0,0,0,,0,,,,,383951.4119,5036160.955,45.46089247,-75.4878889,5797
18--1573,1/31/2018,8:35 PM,CONROY RD @ HUNT CLUB RD (0002257),2257,03 - At intersection,03 - P.D. only,02 - Angle,03 - Snow,07 - Dark,03 - Loose snow,01 - Traffic signal,01 - Functioning,2,0,0,0,,0,,,,,373762.6947,5025403.826,45.36518518,-75.61966077,5798
18--1574,1/31/2018,8:42 AM,DES EPINETTES AVE @ JEANNE D'ARC BLVD (0004221),4221,02 - Intersection related,03 - P.D. only,03 - Rear end,01 - Clear,01 - Daylight,01 - Dry,01 - Traffic signal,01 - Functioning,2,0,0,0,,0,,,,,382226.7478,5035958.571,45.45926485,-75.50997075,5799
18--1575,1/31/2018,8:51 PM,HUNTLEY RD btwn QUEENSTON DR & PERTH ST (__3ZA41F),__3ZA41F,01 - Non intersection,03 - P.D. only,06 - SMV unattended vehicle,05 - Drifting Snow,07 - Dark,06 - Ice,10 - No control,,1,0,0,0,,0,,,,,356832.4881,5006453.618,45.1961291,-75.83775216,5800
18--1576,1/31/2018,8:57 AM,INNES RD WB btwn INNES RD W & INNES RD (__3ZA3J8),__3ZA3J8,01 - Non intersection,03 - P.D. only,03 - Rear end,01 - Clear,01 - Daylight,01 - Dry,10 - No control,,2,0,0,0,,0,,,,,377182.7445,5032180.839,45.42581604,-75.57501357,5801
18--1577,1/31/2018,9:11 AM,LYNDA LANE @ SMYTH RD (0002250),2250,03 - At intersection,03 - P.D. only,02 - Angle,01 - Clear,01 - Daylight,01 - Dry,02 - Stop sign,01 - Functioning,3,0,0,0,,0,,,,,371611.7222,5029191.548,45.39947399,-75.64660316,5802
18--1578,1/31/2018,9:11 PM,MARCH RD btwn HWY417 IC155 RAMP36 & DIAMONDVIEW RD (__3ZA1M1),__3ZA1M1,01 - Non intersection,03 - P.D. only,07 - SMV other,01 - Clear,07 - Dark,03 - Loose snow,10 - No control,,1,0,0,0,,0,,,,,340119.797,5019847.867,45.31769311,-76.04950415,5803
18--1579,1/31/2018,9:23 AM,WESTCLIFFE RD btwn OBERON ST & PRIAM WAY (__3ZABFJ),__3ZABFJ,01 - Non intersection,03 - P.D. only,06 - SMV unattended vehicle,01 - Clear,01 - Daylight,01 - Dry,10 - No control,,1,0,0,0,,0,,,,,356517.3323,5019870.015,45.31687604,-75.84036678,5804
18--158,1/2/2018,9:15 AM,ASHTON STATION RD @ FLEWELLYN RD (0000418),418,02 - Intersection related,03 - P.D. only,06 - SMV unattended vehicle,01 - Clear,01 - Daylight,02 - Wet,02 - Stop sign,01 - Functioning,1,0,0,0,,0,,,,,341541.4852,5001976.431,45.15680314,-76.03269147,5805
18--1580,1/31/2018,9:25 PM,REGIONAL RD 174 @ TRIM RD (0012835),12835,02 - Intersection related,03 - P.D. only,03 - Rear end,03 - Snow,07 - Dark,05 - Packed snow,01 - Traffic signal,01 - Functioning,2,0,0,0,,0,,,,,384351.8535,5039990.341,45.49530016,-75.48214908,5806
18--1581,1/31/2018,9:45 PM,HIGHWAY 417 btwn Continuation of HIGHWAY 417 & HWY417 IC134 RAMP51 (__3ZA29B),__3ZA29B,01 - Non intersection,03 - P.D. only,04 - Sideswipe,03 - Snow,07 - Dark,05 - Packed snow,10 - No control,,2,0,0,0,,0,,,,,354864.5784,5021330.506,45.33013756,-75.86129798,5807
18--1582,1/31/2018,9:48 PM,HIGHWAY 417 btwn HWY417 IC134 RAMP25 & HWY417 IC131 RAMP53 (__3ZA2LE),__3ZA2LE,01 - Non intersection,03 - P.D. only,07 - SMV other,01 - Clear,07 - Dark,03 - Loose snow,10 - No control,,1,0,0,0,,0,,,,,357030.61,5022519.927,45.34068221,-75.833541,5808
18--1583,1/31/2018,9:49 AM,METCALFE ST btwn WAVERLEY ST & FRANK ST (__3ZA3RH),__3ZA3RH,01 - Non intersection,03 - P.D. only,04 - Sideswipe,01 - Clear,01 - Daylight,06 - Ice,10 - No control,,2,0,0,0,,0,,,,,368176.6971,5030833.482,45.41456697,-75.6902637,5809
18--1584,1/31/2018,9:53 AM,HWY417 IC112 RAMP58 btwn INNES RD & HWY417 IC112 RAMP54 (__33H3N1),__33H3N1,01 - Non intersection,03 - P.D. only,04 - Sideswipe,01 - Clear,01 - Daylight,01 - Dry,10 - No control,,3,0,0,0,,0,,,,,374233.6286,5030718.904,45.41296127,-75.612902,5810