Anom_ID,Accident_Date,Accident_Time,Location,Geo_ID,Accident_Location,Classification_of_Accident,Initial_Impact_Type,Environment_Condition,Light,Road_Surface_Condition,Traffic_Control,Traffic_Control_Condition,No__of_Vehicles,No__of_Bicycles,No__of_Motorcycles,No__of_Pedestrians,Max_Injury,No__of_Injuries,No__of_Minimal,No__of_Minor,No__of_Major,No__of_Fatal,X,Y,Latitude,Longitude,ObjectId
18--1585,1/31/2018,9:56 AM,PORTOBELLO BLVD @ VALIN ST (0012844),12844,03 - At intersection,03 - P.D. only,02 - Angle,01 - Clear,01 - Daylight,01 - Dry,02 - Stop sign,01 - Functioning,2,0,0,0,,0,,,,,385350.7659,5037697.57,45.4745575,-75.46974637,5811
18--1586,2/1/2018,1:40 AM,FALLOWFIELD RD btwn MERIVALE RD & WOODROFFE AVE (__3ZA3IN),__3ZA3IN,01 - Non intersection,03 - P.D. only,07 - SMV other,01 - Clear,07 - Dark,06 - Ice,10 - No control,,1,0,0,0,,0,,,,,366500.3502,5018777.436,45.30623884,-75.71318465,5812
18--1587,2/1/2018,10:50 AM,ROSEMOUNT AVE btwn WELLINGTON ST W & GLADSTONE AVE (__3ZA05K),__3ZA05K,01 - Non intersection,03 - P.D. only,06 - SMV unattended vehicle,01 - Clear,01 - Daylight,06 - Ice,10 - No control,,1,0,0,0,,0,,,,,365433.588,5029269.715,45.40073964,-75.72550023,5813
18--1588,2/1/2018,11:00 AM,PRESTON ST @ PRINCE OF WALES DR/QUEEN ELIZABET (0006904),6904,02 - Intersection related,03 - P.D. only,04 - Sideswipe,01 - Clear,01 - Daylight,01 - Dry,01 - Traffic signal,01 - Functioning,2,1,0,0,,0,,,,,366900.7114,5028776.548,45.39617365,-75.70682388,5814
18--1589,2/1/2018,11:01 AM,MONTREAL RD btwn ST. LAURENT BLVD & HILLSIDE DR (__3ZA1MC),__3ZA1MC,04 - At/near private drive,03 - P.D. only,05 - Turning movement,01 - Clear,01 - Daylight,02 - Wet,10 - No control,,2,0,0,0,,0,,,,,371659.0156,5033872.259,45.44158445,-75.64536395,5815
18--159,1/2/2018,9:30 AM,RICHMOND RD btwn CHURCHILL AVE N & WINONA AVE (__3ZA4OX),__3ZA4OX,01 - Non intersection,03 - P.D. only,06 - SMV unattended vehicle,01 - Clear,01 - Daylight,04 - Slush,10 - No control,,1,0,0,0,,0,,,,,363252.7025,5028309.541,45.39228564,-75.753469,5816
18--1590,2/1/2018,11:08 AM,BASELINE RD @ CLYDE AVE (0002343),2343,02 - Intersection related,03 - P.D. only,03 - Rear end,01 - Clear,01 - Daylight,02 - Wet,01 - Traffic signal,01 - Functioning,2,0,0,0,,0,,,,,364358.7032,5024890.512,45.36142859,-75.73975727,5817
18--1591,2/1/2018,11:51 AM,HAWTHORNE RD/RUSSELL RD @ WALKLEY RD (0002618),2618,02 - Intersection related,03 - P.D. only,03 - Rear end,03 - Snow,01 - Daylight,06 - Ice,01 - Traffic signal,01 - Functioning,2,0,0,0,,0,,,,,374674.7434,5028499.541,45.39294866,-75.60758138,5818
18--1592,2/1/2018,Unknown,FESTIVE PRIV btwn TO BE DETERMINED & CELEBRATION ST (__3ZAZYU),__3ZAZYU,01 - Non intersection,03 - P.D. only,06 - SMV unattended vehicle,01 - Clear,00 - Unknown,05 - Packed snow,10 - No control,,1,0,0,0,,0,,,,,364796.517,5025947.711,45.37090377,-75.73404088,5819
18--1593,2/1/2018,Unknown,WELLINGTON ST    W btwn MAYFAIR AVE & WESTERN AVE (__3ZA4PZ),__3ZA4PZ,01 - Non intersection,03 - P.D. only,06 - SMV unattended vehicle,01 - Clear,00 - Unknown,01 - Dry,10 - No control,,1,0,0,0,,0,,,,,364318.2775,5028962.258,45.39806891,-75.73978241,5820
18--1594,2/1/2018,Unknown,HATCHLEY RD btwn DEVONWOOD CIRC & DEVONWOOD CIRC (__45KVCL),__45KVCL,01 - Non intersection,03 - P.D. only,06 - SMV unattended vehicle,01 - Clear,00 - Unknown,01 - Dry,10 - No control,,1,0,0,0,,0,,,,,375598.9411,5020377.618,45.31977849,-75.59694247,5821
18--1776,2/5/2018,10:17 AM,ALBION RD @ FINDLAY CREEK DR (0013587),13587,02 - Intersection related,03 - P.D. only,03 - Rear end,01 - Clear,01 - Daylight,06 - Ice,01 - Traffic signal,01 - Functioning,2,0,0,0,,0,,,,,374010.0249,5019208.054,45.30941359,-75.61737042,5822
18--1883,2/6/2018,8:55 AM,BLAIR RD @ INNES RD (0004165),4165,02 - Intersection related,03 - P.D. only,03 - Rear end,03 - Snow,01 - Daylight,03 - Loose snow,01 - Traffic signal,01 - Functioning,2,0,0,0,,0,,,,,375578.7343,5031439.555,45.41931053,-75.59561529,5823
18--1884,2/6/2018,8:58 AM,ST. JOSEPH BLVD btwn YOUVILLE DR & NOTRE DAME ST W (__3ZA2BN),__3ZA2BN,01 - Non intersection,03 - P.D. only,02 - Angle,03 - Snow,01 - Daylight,03 - Loose snow,10 - No control,,2,0,0,0,,0,,,,,379261.9725,5036182.529,45.46160212,-75.54784102,5824
18--1885,2/6/2018,9:09 AM,LOYOLA AVE btwn EASTVALE DR & DE SALABERRY ST (__3ZA7AH),__3ZA7AH,01 - Non intersection,03 - P.D. only,01 - Approaching,03 - Snow,01 - Daylight,04 - Slush,10 - No control,,2,0,0,0,,0,,,,,375747.7261,5035075.591,45.45200832,-75.59293223,5825
18--1886,2/6/2018,9:22 AM,MERIVALE RD @ SHILLINGTON AVE (0011308),11308,02 - Intersection related,03 - P.D. only,07 - SMV other,03 - Snow,01 - Daylight,03 - Loose snow,01 - Traffic signal,01 - Functioning,1,0,0,0,,0,,,,,364842.952,5026809.538,45.37865436,-75.73334333,5826
18--1887,2/6/2018,9:25 PM,GLADSTONE AVE btwn BAY ST & LYON ST N (__3ZA3PV),__3ZA3PV,01 - Non intersection,03 - P.D. only,06 - SMV unattended vehicle,01 - Clear,07 - Dark,01 - Dry,10 - No control,,1,0,0,0,,0,,,,,367494.0683,5030307.488,45.40989573,-75.69905139,5827
18--1888,2/6/2018,9:30 AM,HIGHWAY 417 btwn HWY417 IC124 RAMP65 & HWY417 IC122 RAMP51 (__3ZA2R8),__3ZA2R8,01 - Non intersection,03 - P.D. only,03 - Rear end,03 - Snow,01 - Daylight,04 - Slush,10 - No control,,3,0,0,0,,0,,,,,365175.472,5028731.8,45.39592191,-75.7288628,5828
18--1889,2/6/2018,9:35 AM,WEST HUNT CLUB RD @ ROYDON PL/SUNDERLAND ST (0009775),9775,02 - Intersection related,03 - P.D. only,03 - Rear end,01 - Clear,01 - Daylight,01 - Dry,01 - Traffic signal,01 - Functioning,2,0,0,0,,0,,,,,365973.7072,5022169.49,45.33680621,-75.71948089,5829
18--189,1/3/2018,7:10 PM,INNES RD @ ORCHARDVIEW AVE/ESPRIT DR (0012279),12279,02 - Intersection related,03 - P.D. only,04 - Sideswipe,01 - Clear,07 - Dark,02 - Wet,01 - Traffic signal,01 - Functioning,2,0,0,0,,0,,,,,384844.7645,5036560.56,45.46438596,-75.47640234,5830
18--1890,2/6/2018,9:53 AM,LEITRIM RD @ ALBION RD (0012479),12479,02 - Intersection related,03 - P.D. only,05 - Turning movement,01 - Clear,01 - Daylight,05 - Packed snow,01 - Traffic signal,01 - Functioning,2,0,0,0,,0,,,,,373497.5852,5020419.261,45.32036195,-75.6237368,5831
18--1891,2/7/2018,1:32 PM,FALLOWFIELD RD @ WOODROFFE AVE (0010372),10372,03 - At intersection,03 - P.D. only,03 - Rear end,03 - Snow,01 - Daylight,03 - Loose snow,01 - Traffic signal,01 - Functioning,2,0,0,0,,0,,,,,365085.1497,5017903.19,45.29849533,-75.73133623,5832
18--1892,2/7/2018,1:33 PM,CAMBRIAN RD/GOLFLINKS DR W @ LONGFIELDS DR (0009702),9702,03 - At intersection,03 - P.D. only,02 - Angle,03 - Snow,01 - Daylight,03 - Loose snow,11 - Roundabout,01 - Functioning,2,0,0,0,,0,,,,,365382.6909,5013223.417,45.25636128,-75.72811393,5833
18--1893,2/7/2018,1:40 PM,ST. JOSEPH BLVD @ JEANNE D'ARC BLVD (0012421),12421,02 - Intersection related,03 - P.D. only,07 - SMV other,02 - Rain,01 - Daylight,03 - Loose snow,11 - Roundabout,00 - Unknown,1,0,0,0,,0,,,,,379861.0909,5036470.884,45.46413241,-75.54013703,5834
18--1894,2/7/2018,1:47 PM,EAGLESON RD @ MICHAEL COWPLAND DR/STONEHAVEN D (0003544),3544,02 - Intersection related,02 - Non-fatal injury,03 - Rear end,03 - Snow,01 - Daylight,05 - Packed snow,01 - Traffic signal,01 - Functioning,2,0,0,0,01 - Minimal,1,1,,,,354382.626,5016623.444,45.28781674,-75.86791709,5835
18--1895,2/7/2018,1:55 PM,LEES AVE btwn TRANSIT & CHAPEL CRES (2) (__3ZA5XBB),__3ZA5XBB,01 - Non intersection,03 - P.D. only,03 - Rear end,03 - Snow,01 - Daylight,03 - Loose snow,10 - No control,,2,0,0,0,,0,,,,,369717.9768,5030989.751,45.41583173,-75.67055291,5836
18--1896,2/7/2018,10:06 PM,BELCOURT BLVD btwn NOTRE DAME ST & LEBLANC DR (__3ZA66A),__3ZA66A,04 - At/near private drive,03 - P.D. only,02 - Angle,01 - Clear,07 - Dark,05 - Packed snow,10 - No control,,2,0,0,0,,0,,,,,381333.516,5037191.193,45.47045339,-75.52119859,5837
18--1897,2/7/2018,10:15 PM,ST. LAURENT BLVD btwn DONALD ST & 125 N OF QUEEN MARY ST (__3ZA2CFA),__3ZA2CFA,01 - Non intersection,03 - P.D. only,99 - Other,03 - Snow,07 - Dark,03 - Loose snow,10 - No control,,2,0,0,0,,0,,,,,372149.1136,5032336.696,45.42772115,-75.63930997,5838
18--1898,2/7/2018,10:16 PM,HUNT CLUB RD @ DOWNPATRICK RD/MCCARTHY RD (0006931),6931,03 - At intersection,03 - P.D. only,05 - Turning movement,01 - Clear,07 - Dark,05 - Packed snow,01 - Traffic signal,01 - Functioning,2,0,0,0,,0,,,,,370507.7342,5023400.509,45.34747262,-75.66147347,5839
18--1899,2/7/2018,10:29 AM,ALBERT ST btwn BRONSON AVE & BAY ST (__3ZA339),__3ZA339,01 - Non intersection,02 - Non-fatal injury,03 - Rear end,03 - Snow,01 - Daylight,03 - Loose snow,10 - No control,,2,0,0,0,02 - Minor,2,,2,,,366899.4061,5031117.091,45.41723332,-75.70654575,5840
18--19,1/1/2018,2:45 AM,HWY417 IC126 RAMP25 btwn HWY417 IC126 RAMP55 & HIGHWAY 417 (__3ZAYAC),__3ZAYAC,01 - Non intersection,03 - P.D. only,07 - SMV other,01 - Clear,07 - Dark,06 - Ice,10 - No control,,1,0,0,0,,0,,,,,363319.5601,5026026.983,45.37174193,-75.75288576,5841
18--190,1/3/2018,7:35 PM,BASELINE RD @ WOODROFFE AVE (0002225),2225,02 - Intersection related,02 - Non-fatal injury,03 - Rear end,01 - Clear,07 - Dark,01 - Dry,01 - Traffic signal,01 - Functioning,2,0,0,0,01 - Minimal,1,1,,,,362549.6899,5023770.505,45.35150222,-75.76297748,5842
18--1900,2/7/2018,10:30 AM,PRESTON ST btwn ANDERSON ST & OAK ST (__3ZA32K),__3ZA32K,01 - Non intersection,03 - P.D. only,06 - SMV unattended vehicle,03 - Snow,01 - Daylight,04 - Slush,10 - No control,,1,0,0,0,,0,,,,,366370.5305,5029982.976,45.4070756,-75.71344431,5843
18--1901,2/7/2018,10:31 AM,STATION BLVD btwn BLAIR ST & ACTON ST (__3ZA94G),__3ZA94G,04 - At/near private drive,03 - P.D. only,02 - Angle,03 - Snow,01 - Daylight,03 - Loose snow,10 - No control,,2,0,0,0,,0,,,,,371246.2875,5030102.053,45.40770113,-75.65114771,5844
18--1902,2/7/2018,10:39 AM,MONTREAL RD btwn AVIATION PKWY & DEN HAAG DR/LANG'S RD (__3ZA2CGB),__3ZA2CGB,01 - Non intersection,03 - P.D. only,06 - SMV unattended vehicle,03 - Snow,01 - Daylight,05 - Packed snow,10 - No control,,1,0,0,0,,0,,,,,372338.4163,5034198.854,45.44445768,-75.63663557,5845
18--1903,2/7/2018,10:45 AM,OTTAWA RIVER PKWY EB btwn TRANSIT & TURN LANE (2) (__3ZA24U),__3ZA24U,01 - Non intersection,03 - P.D. only,07 - SMV other,01 - Clear,01 - Daylight,03 - Loose snow,10 - No control,,1,0,0,0,,0,,,,,361353.6667,5026871.211,45.37949963,-75.77788544,5846
18--1904,2/7/2018,10:45 AM,ROCKCLIFFE PKWY btwn LISGAR RD & BUENA VISTA RD (__3ZAZPE),__3ZAZPE,01 - Non intersection,03 - P.D. only,01 - Approaching,03 - Snow,01 - Daylight,03 - Loose snow,10 - No control,,2,0,0,0,,0,,,,,368272.1325,5035169.064,45.45356831,-75.68848554,5847
18--1905,2/7/2018,11:03 PM,PARKDALE AVE @ KENILWORTH ST (0006366),6366,02 - Intersection related,03 - P.D. only,02 - Angle,01 - Clear,07 - Dark,05 - Packed snow,02 - Stop sign,01 - Functioning,2,0,0,0,,0,,,,,365446.0482,5028594.854,45.39466631,-75.72542405,5848
18--1906,2/7/2018,11:11 AM,HIGHWAY 417 btwn HWY417 IC123 RAMP62 & HWY417 IC122 RAMP16 (__3ZA2R9),__3ZA2R9,01 - Non intersection,03 - P.D. only,04 - Sideswipe,03 - Snow,01 - Daylight,03 - Loose snow,10 - No control,,2,0,0,0,,0,,,,,364940.7307,5028372.166,45.3927062,-75.73190456,5849
18--1907,2/7/2018,11:14 PM,WOODROFFE AVE btwn 260 N OF FALLOWFIELD RD/TRANSITWAY & FALLOWFIELD RD (__3ZA3IOB),__3ZA3IOB,01 - Non intersection,03 - P.D. only,03 - Rear end,03 - Snow,07 - Dark,06 - Ice,10 - No control,,2,0,0,0,,0,,,,,365012.3262,5018089.701,45.30017979,-75.73224203,5850
18--1908,2/7/2018,11:15 AM,MCARTHUR AVE @ VANIER PKWY (0004626),4626,02 - Intersection related,03 - P.D. only,03 - Rear end,03 - Snow,01 - Daylight,05 - Packed snow,01 - Traffic signal,01 - Functioning,2,0,0,0,,0,,,,,370218.7045,5032690.586,45.43108852,-75.66393,5851
18--1909,2/7/2018,11:18 AM,CLYDE AVE btwn MAITLAND AVE & BASELINE RD (__3ZA4IR),__3ZA4IR,04 - At/near private drive,03 - P.D. only,05 - Turning movement,03 - Snow,01 - Daylight,03 - Loose snow,10 - No control,,2,0,0,0,,0,,,,,364280.0812,5025072.286,45.36307084,-75.74073888,5852
18--191,1/3/2018,7:42 PM,VANCES SIDE RD btwn TORBOLTON RIDGE RD & WOODKILTON RD (__3ZAC8K),__3ZAC8K,01 - Non intersection,03 - P.D. only,07 - SMV other,01 - Clear,07 - Dark,06 - Ice,10 - No control,,1,0,0,0,,0,,,,,338989.6412,5032667.528,45.43310512,-76.06303107,5853
18--1910,2/7/2018,11:20 AM,BRONSON AVE @ SUNNYSIDE AVE/UNIVERSITY RD - CA (0007209),7209,02 - Intersection related,03 - P.D. only,03 - Rear end,03 - Snow,01 - Daylight,03 - Loose snow,01 - Traffic signal,01 - Functioning,2,0,0,0,,0,,,,,367922.7099,5028091.547,45.38991882,-75.69385941,5854
18--1911,2/7/2018,11:30 AM,CRESTHAVEN DR @ STRANDHERD DR (0010929),10929,03 - At intersection,03 - P.D. only,05 - Turning movement,03 - Snow,01 - Daylight,03 - Loose snow,01 - Traffic signal,01 - Functioning,2,0,0,0,,0,,,,,366813.9063,5015028.071,45.27247478,-75.70965519,5855
18--1912,2/7/2018,11:44 AM,REGIONAL ROAD 174 btwn REGIONAL ROAD 174 & OR174 IC102 RAMP61 (__3ZA1SZ),__3ZA1SZ,01 - Non intersection,03 - P.D. only,04 - Sideswipe,03 - Snow,01 - Daylight,04 - Slush,10 - No control,,2,0,0,0,,0,,,,,381657.4535,5038298.814,45.48038324,-75.51688302,5856
18--1913,2/7/2018,12:05 PM,WOODROFFE AVE btwn MEADOWLANDS DR/TALLWOOD DR & NORICE ST (__3ZBOCG),__3ZBOCG,01 - Non intersection,03 - P.D. only,04 - Sideswipe,03 - Snow,01 - Daylight,04 - Slush,10 - No control,,2,0,0,0,,0,,,,,363087.6437,5022652.045,45.3413939,-75.75624431,5857
18--1914,2/7/2018,12:11 PM,MERIVALE RD btwn FAMILY BROWN LANE & BASIL MACDONALD WAY (__4BBET2),__4BBET2,04 - At/near private drive,03 - P.D. only,03 - Rear end,03 - Snow,01 - Daylight,03 - Loose snow,10 - No control,,2,0,0,0,,0,,,,,365078.1831,5023215.342,45.34629416,-75.73077847,5858
18--1915,2/7/2018,12:17 PM,ST. LAURENT BLVD @ COVENTRY RD/OGILVIE RD (0002151),2151,03 - At intersection,03 - P.D. only,05 - Turning movement,03 - Snow,01 - Daylight,03 - Loose snow,01 - Traffic signal,01 - Functioning,2,0,0,0,,0,,,,,372305.7197,5031951.574,45.4242409,-75.63736163,5859
18--1916,2/7/2018,12:24 PM,BANK ST btwn HERON RD & ANOKA ST (__3ZA360),__3ZA360,04 - At/near private drive,03 - P.D. only,02 - Angle,03 - Snow,01 - Daylight,03 - Loose snow,10 - No control,,2,0,0,0,,0,,,,,370010.7853,5026808.573,45.37818374,-75.66736486,5860
18--1917,2/7/2018,12:25 PM,CARLING AVE/STATION RD @ MARCH RD (0002681),2681,03 - At intersection,03 - P.D. only,05 - Turning movement,03 - Snow,01 - Daylight,03 - Loose snow,01 - Traffic signal,01 - Functioning,2,0,0,0,,0,,,,,350907.617,5022246.508,45.33865107,-75.91169104,5861
18--1918,2/7/2018,12:52 PM,REGIONAL ROAD 174 btwn OLD MONTREAL RD & OLD MONTREAL RD (__3ZA27O),__3ZA27O,01 - Non intersection,02 - Non-fatal injury,07 - SMV other,03 - Snow,01 - Daylight,03 - Loose snow,10 - No control,,1,0,0,0,01 - Minimal,1,1,,,,392618.5379,5042737.028,45.51901989,-75.37590614,5862
18--1919,2/7/2018,12:52 PM,CANOTEK RD @ RAINBOW ST (0009490),9490,02 - Intersection related,03 - P.D. only,03 - Rear end,03 - Snow,01 - Daylight,03 - Loose snow,02 - Stop sign,01 - Functioning,2,0,0,0,,0,,,,,376228.7353,5035170.586,45.45281402,-75.58676951,5863
18--192,1/3/2018,7:55 AM,WEST HUNT CLUB RD EB btwn MERIVALE RD & SUNDERLAND ST (__3ZA3JQ),__3ZA3JQ,01 - Non intersection,03 - P.D. only,04 - Sideswipe,03 - Snow,01 - Daylight,04 - Slush,10 - No control,,2,0,0,0,,0,,,,,365835.8856,5022068.316,45.33590786,-75.72125168,5864
18--1920,2/7/2018,12:55 PM,COLONNADE RD btwn MERIVALE RD & COLONNADE RD N (__3ZA000),__3ZA000,04 - At/near private drive,03 - P.D. only,02 - Angle,03 - Snow,01 - Daylight,03 - Loose snow,10 - No control,,2,0,0,0,,0,,,,,365751.022,5022734.437,45.3419089,-75.72225228,5865
18--1921,2/7/2018,2:08 PM,MOODIE DR @ WEST HUNT CLUB RD (0010414),10414,03 - At intersection,03 - P.D. only,03 - Rear end,04 - Freezing Rain,01 - Daylight,06 - Ice,01 - Traffic signal,01 - Functioning,4,0,0,0,,0,,,,,357907.6515,5018498.456,45.30443082,-75.82278206,5866
18--1922,2/7/2018,2:14 PM,CANTER BLVD @ INDIAN RD (0001407),1407,03 - At intersection,03 - P.D. only,07 - SMV other,03 - Snow,01 - Daylight,05 - Packed snow,02 - Stop sign,01 - Functioning,1,0,0,0,,0,,,,,363916.0345,5023480.82,45.34878181,-75.74557583,5867
18--1923,2/7/2018,2:26 PM,PINECREST RD btwn KELLY AVE & DUMAURIER AVE (__3ZA4M1),__3ZA4M1,01 - Non intersection,03 - P.D. only,04 - Sideswipe,03 - Snow,01 - Daylight,03 - Loose snow,10 - No control,,2,0,0,0,,0,,,,,360317.5447,5023850.671,45.35240381,-75.7914537,5868
18--1924,2/7/2018,2:35 PM,HIGHWAY 416 btwn HWY416 IC66 RAMP34 & HWY416 IC72 RAMP53 (__3ZAZM6),__3ZAZM6,01 - Non intersection,03 - P.D. only,07 - SMV other,03 - Snow,01 - Daylight,03 - Loose snow,10 - No control,,1,0,0,0,,0,,,,,359637.4414,5015430.29,45.27669026,-75.80106494,5869
18--1925,2/7/2018,2:40 PM,DWYER HILL RD @ FLEWELLYN RD (0005284),5284,03 - At intersection,03 - P.D. only,03 - Rear end,03 - Snow,01 - Daylight,03 - Loose snow,02 - Stop sign,01 - Functioning,2,0,0,0,,0,,,,,343839.5083,5004008.407,45.1749648,-76.00330551,5870
18--1926,2/7/2018,2:41 PM,MONTREAL RD @ DUCHARME BLVD/CANTIN ST (0009319),9319,03 - At intersection,03 - P.D. only,03 - Rear end,03 - Snow,01 - Daylight,03 - Loose snow,01 - Traffic signal,01 - Functioning,2,0,0,0,,0,,,,,371017.7036,5033565.591,45.43888623,-75.65360198,5871
18--1927,2/7/2018,2:44 PM,COBDEN RD @ IRIS ST (0002946),2946,03 - At intersection,03 - P.D. only,02 - Angle,03 - Snow,01 - Daylight,03 - Loose snow,02 - Stop sign,01 - Functioning,2,0,0,0,,0,,,,,361383.4657,5023828.904,45.35212275,-75.77785338,5872
18--1928,2/7/2018,2:49 PM,HIGHWAY 417 btwn HWY417 IC145 RAMP55 & HWY417 IC144 RAMP51 (__3ZA2Q4),__3ZA2Q4,01 - Non intersection,03 - P.D. only,07 - SMV other,03 - Snow,01 - Daylight,05 - Packed snow,10 - No control,,1,0,0,0,,0,,,,,346710.4207,5015178.865,45.27531724,-75.96584025,5873
18--1929,2/7/2018,2:50 PM,SMYTH RD btwn RIVERSIDE HOSPITAL & ALTA VISTA DR (__3ZA1M4B),__3ZA1M4B,01 - Non intersection,03 - P.D. only,03 - Rear end,03 - Snow,01 - Daylight,05 - Packed snow,10 - No control,,2,0,0,0,,0,,,,,370070.7827,5029121.495,45.39898903,-75.66629297,5874
18--193,1/3/2018,8:50 AM,ST. LAURENT BLVD @ COVENTRY RD/OGILVIE RD (0002151),2151,03 - At intersection,03 - P.D. only,03 - Rear end,03 - Snow,01 - Daylight,02 - Wet,01 - Traffic signal,01 - Functioning,2,0,0,0,,0,,,,,372305.7191,5031951.575,45.42424091,-75.63736163,5875
18--1930,2/7/2018,2:58 PM,BANK ST @ HERON RD (0002155),2155,03 - At intersection,03 - P.D. only,05 - Turning movement,03 - Snow,01 - Daylight,05 - Packed snow,01 - Traffic signal,01 - Functioning,2,0,0,0,,0,,,,,369995.72,5026851.542,45.37857176,-75.66755153,5876
18--1931,2/7/2018,3:07 PM,BREWER RD @ BRONSON AVE (0002240),2240,03 - At intersection,02 - Non-fatal injury,03 - Rear end,03 - Snow,01 - Daylight,03 - Loose snow,01 - Traffic signal,01 - Functioning,3,0,0,0,02 - Minor,1,,1,,,368109.0471,5027766.436,45.38697675,-75.69152165,5877
18--1932,2/7/2018,3:10 PM,BANK ST @ FIRST AVE (0007233),7233,03 - At intersection,03 - P.D. only,02 - Angle,03 - Snow,01 - Daylight,03 - Loose snow,01 - Traffic signal,01 - Functioning,2,0,0,0,,0,,,,,368274.0586,5029703.568,45.40439154,-75.68916536,5878
18--1933,2/7/2018,3:13 PM,MONTREAL RD @ SINCLAIR ST (0008675),8675,03 - At intersection,02 - Non-fatal injury,03 - Rear end,03 - Snow,01 - Daylight,06 - Ice,01 - Traffic signal,01 - Functioning,2,0,0,0,01 - Minimal,1,1,,,,375968.7321,5034756.595,45.44911572,-75.59015318,5879
18--1934,2/7/2018,3:15 PM,RIVERSIDE DR @ PLEASANT PARK RD (0007296),7296,02 - Intersection related,03 - P.D. only,04 - Sideswipe,03 - Snow,01 - Daylight,03 - Loose snow,01 - Traffic signal,01 - Functioning,2,0,0,0,,0,,,,,369561.2512,5028415.014,45.39267967,-75.6728933,5880
18--1935,2/7/2018,3:21 PM,BANK ST @ LEITRIM RD (0004125),4125,02 - Intersection related,03 - P.D. only,03 - Rear end,03 - Snow,01 - Daylight,04 - Slush,01 - Traffic signal,01 - Functioning,2,0,0,0,,0,,,,,375357.7538,5021619.497,45.3309767,-75.59984153,5881
18--1936,2/7/2018,3:35 PM,METCALFE ST @ QUEEN ST (0003140),3140,02 - Intersection related,03 - P.D. only,99 - Other,01 - Clear,01 - Daylight,01 - Dry,01 - Traffic signal,01 - Functioning,2,0,0,0,,0,,,,,367648.7025,5031680.851,45.42223894,-75.6969009,5882
18--1937,2/7/2018,3:40 PM,CARLING AVE @ FAIRLAWN AVE/WOODROFFE AVE E (0002393),2393,02 - Intersection related,03 - P.D. only,07 - SMV other,02 - Rain,01 - Daylight,02 - Wet,01 - Traffic signal,01 - Functioning,1,0,0,0,,0,,,,,361934.6841,5025830.528,45.37008852,-75.77058762,5883
18--1938,2/7/2018,3:41 PM,ELGIN ST @ SLATER ST (0002228),2228,03 - At intersection,03 - P.D. only,02 - Angle,03 - Snow,01 - Daylight,03 - Loose snow,01 - Traffic signal,01 - Functioning,2,0,0,0,,0,,,,,367889.6624,5031645.878,45.42190258,-75.69382663,5884
18--1939,2/7/2018,3:41 PM,GRANT CARMAN DR @ MEADOWLANDS DR (0001111),1111,03 - At intersection,03 - P.D. only,05 - Turning movement,03 - Snow,01 - Daylight,05 - Packed snow,01 - Traffic signal,01 - Functioning,2,0,0,0,,0,,,,,365051.6943,5023901.507,45.35247045,-75.73103286,5885
18--194,1/3/2018,9:00 PM,THOMAS A. DOLAN PKWY btwn CARP RD & STONECREST RD (__3ZA1XZ),__3ZA1XZ,01 - Non intersection,03 - P.D. only,07 - SMV other,03 - Snow,07 - Dark,03 - Loose snow,10 - No control,,1,0,0,0,,0,,,,,338001.5115,5027422.712,45.38595814,-76.07601299,5886
18--1940,2/7/2018,3:56 PM,HARDING RD @ WALKLEY RD (0007652),7652,02 - Intersection related,03 - P.D. only,03 - Rear end,03 - Snow,01 - Daylight,03 - Loose snow,01 - Traffic signal,01 - Functioning,2,0,0,0,,0,,,,,373148.7307,5027608.535,45.38508238,-75.62719225,5887
18--1941,2/7/2018,4:04 PM,MERIVALE RD btwn LOBLAWS SC & BURRIS LANE (__3ZA4IOA),__3ZA4IOA,01 - Non intersection,03 - P.D. only,03 - Rear end,03 - Snow,01 - Daylight,05 - Packed snow,10 - No control,,2,0,0,0,,0,,,,,364865.2745,5025040.647,45.36273626,-75.73327343,5888
18--1942,2/7/2018,4:09 PM,CARP RD btwn RICHARDSON SIDE RD & HWY417 IC144 RAMP62 (__3ZA3FS),__3ZA3FS,01 - Non intersection,03 - P.D. only,07 - SMV other,03 - Snow,01 - Daylight,03 - Loose snow,10 - No control,,1,0,0,0,,0,,,,,346249.6254,5017113.767,45.29275557,-75.97155134,5889
18--1943,2/7/2018,4:09 PM,MOODIE DR btwn WEST HUNT CLUB RD & ALTI PL (__3ZBOCW),__3ZBOCW,01 - Non intersection,03 - P.D. only,01 - Approaching,03 - Snow,01 - Daylight,05 - Packed snow,10 - No control,,2,0,0,0,,0,,,,,358291.9789,5017574.301,45.29608601,-75.81798125,5890
18--1944,2/7/2018,4:13 PM,BAY ST @ WELLINGTON ST (0010737),10737,02 - Intersection related,03 - P.D. only,03 - Rear end,03 - Snow,01 - Daylight,05 - Packed snow,01 - Traffic signal,01 - Functioning,2,0,0,0,,0,,,,,366814.698,5031351.567,45.41935057,-75.70759847,5891
18--1945,2/7/2018,4:15 PM,CUMBERLAND ST @ GEORGE ST (0008508),8508,02 - Intersection related,03 - P.D. only,07 - SMV other,03 - Snow,01 - Daylight,03 - Loose snow,01 - Traffic signal,01 - Functioning,1,0,0,0,,0,,,,,368326.7529,5032416.59,45.42879762,-75.68814255,5892