Anom_ID,Accident_Date,Accident_Time,Location,Geo_ID,Accident_Location,Classification_of_Accident,Initial_Impact_Type,Environment_Condition,Light,Road_Surface_Condition,Traffic_Control,Traffic_Control_Condition,No__of_Vehicles,No__of_Bicycles,No__of_Motorcycles,No__of_Pedestrians,Max_Injury,No__of_Injuries,No__of_Minimal,No__of_Minor,No__of_Major,No__of_Fatal,X,Y,Latitude,Longitude,ObjectId
18--1946,2/7/2018,4:15 PM,KLONDIKE RD btwn MARCONI AVE & MARCH VALLEY RD (__3ZACV0),__3ZACV0,04 - At/near private drive,03 - P.D. only,02 - Angle,03 - Snow,01 - Daylight,04 - Slush,10 - No control,,2,0,0,0,,0,,,,,349847.7356,5024602.863,45.35992293,-75.92499923,5893
18--1947,2/7/2018,4:19 PM,BOYER RD @ JEANNE D'ARC BLVD (0003638),3638,03 - At intersection,03 - P.D. only,02 - Angle,03 - Snow,01 - Daylight,04 - Slush,02 - Stop sign,01 - Functioning,2,0,0,0,,0,,,,,380683.735,5036192.584,45.46153961,-75.52966173,5894
18--1948,2/7/2018,4:23 PM,HILLMOUNT CRES @ VIEWMOUNT DR (0001553),1553,03 - At intersection,03 - P.D. only,02 - Angle,03 - Snow,01 - Daylight,03 - Loose snow,02 - Stop sign,01 - Functioning,2,0,0,0,,0,,,,,364573.3556,5022663.498,45.34137193,-75.73728677,5895
18--1949,2/7/2018,4:37 PM,BLACKBURN BYPASS @ INNES RD W (0009340),9340,02 - Intersection related,02 - Non-fatal injury,02 - Angle,03 - Snow,01 - Daylight,04 - Slush,01 - Traffic signal,01 - Functioning,3,0,0,0,02 - Minor,1,,1,,,377187.1998,5032175.69,45.42576926,-75.5749574,5896
18--195,1/3/2018,9:15 AM,MURRAY ST @ SUSSEX DR (0011912),11912,03 - At intersection,03 - P.D. only,02 - Angle,01 - Clear,01 - Daylight,02 - Wet,01 - Traffic signal,01 - Functioning,2,0,0,0,,0,,,,,367707.8775,5032393.104,45.42864224,-75.69605385,5897
18--1950,2/7/2018,4:39 PM,ELGIN ST @ SLATER ST (0002228),2228,02 - Intersection related,03 - P.D. only,04 - Sideswipe,03 - Snow,01 - Daylight,03 - Loose snow,01 - Traffic signal,01 - Functioning,2,0,0,0,,0,,,,,367890.7074,5031646.575,45.42190876,-75.69381319,5898
18--1951,2/7/2018,4:45 PM,HUNT CLUB RD btwn RIVERSIDE DR & LINDBERGH PRIV (__4B3PLN),__4B3PLN,01 - Non intersection,03 - P.D. only,03 - Rear end,03 - Snow,05 - Dusk,05 - Packed snow,10 - No control,,2,0,0,0,,0,,,,,368169.5774,5022014.991,45.33522117,-75.69148618,5899
18--1952,2/7/2018,4:52 PM,GREENBANK RD @ BERRIGAN DR/WESSEX RD (0004726),4726,03 - At intersection,03 - P.D. only,05 - Turning movement,05 - Drifting Snow,01 - Daylight,03 - Loose snow,01 - Traffic signal,01 - Functioning,2,0,0,0,,0,,,,,363723.6816,5015276.425,45.2749752,-75.74900603,5900
18--1953,2/7/2018,4:58 PM,CAMPEAU DR @ TERRY FOX DR (0008211),8211,02 - Intersection related,03 - P.D. only,03 - Rear end,03 - Snow,01 - Daylight,04 - Slush,01 - Traffic signal,01 - Functioning,2,0,0,0,,0,,,,,350455.6007,5019010.455,45.30956183,-75.9177566,5901
18--1954,2/7/2018,5:00 PM,RIVERSIDE DR btwn QUESNEL DR & MARILYN AVE (__3ZA37R),__3ZA37R,01 - Non intersection,03 - P.D. only,03 - Rear end,03 - Snow,05 - Dusk,03 - Loose snow,10 - No control,,2,0,0,0,,0,,,,,368064.265,5024106.7,45.35405143,-75.69256218,5902
18--1777,2/5/2018,10:33 AM,CHURCHILL AVE @ CLARE ST/PRINCETON AVE (0006255),6255,03 - At intersection,02 - Non-fatal injury,02 - Angle,01 - Clear,01 - Daylight,04 - Slush,01 - Traffic signal,01 - Functioning,2,0,0,0,02 - Minor,2,1,1,,,363461.0324,5027750.852,45.38724123,-75.75087494,5903
18--1778,2/5/2018,10:33 AM,HIGHWAY 417 btwn Continuation of HIGHWAY 417 & HWY417 IC134 RAMP51 (__3ZA29B),__3ZA29B,01 - Non intersection,03 - P.D. only,03 - Rear end,01 - Clear,01 - Daylight,02 - Wet,10 - No control,,2,0,0,0,,0,,,,,354394.0994,5021054.852,45.32769058,-75.86732739,5904
18--1779,2/5/2018,10:48 AM,LEITRIM RD btwn HIGH RD & ALBION RD (__4B2G24),__4B2G24,01 - Non intersection,03 - P.D. only,07 - SMV other,01 - Clear,01 - Daylight,06 - Ice,10 - No control,,1,0,0,0,,0,,,,,371848.2885,5019423.404,45.31156095,-75.64490659,5905
18--178,1/3/2018,3:25 PM,MONTREAL RD @ OGILVIE RD (0009279),9279,03 - At intersection,03 - P.D. only,03 - Rear end,03 - Snow,01 - Daylight,04 - Slush,01 - Traffic signal,01 - Functioning,2,0,0,0,,0,,,,,375654.7347,5034556.586,45.44734806,-75.59419573,5906
18--1780,2/5/2018,11:00 AM,STATEWOOD DR @ BEAM ST (0012730),12730,02 - Intersection related,03 - P.D. only,04 - Sideswipe,01 - Clear,01 - Daylight,03 - Loose snow,10 - No control,,2,0,0,0,,0,,,,,348775.908,5022727.761,45.34311836,-75.93884641,5907
18--1781,2/5/2018,11:02 AM,NAVAHO DR @ WOODSIDE DR (0003338),3338,03 - At intersection,02 - Non-fatal injury,05 - Turning movement,01 - Clear,01 - Daylight,02 - Wet,02 - Stop sign,01 - Functioning,2,0,0,0,02 - Minor,1,,1,,,363543.6951,5025032.517,45.3627751,-75.75014274,5908
18--1782,2/5/2018,11:05 AM,PRINCE OF WALES DR @ WEST HUNT CLUB RD (0000567),567,02 - Intersection related,03 - P.D. only,03 - Rear end,01 - Clear,01 - Daylight,02 - Wet,01 - Traffic signal,01 - Functioning,2,0,0,0,,0,,,,,367458.7104,5021891.503,45.33417389,-75.70057067,5909
18--1783,2/5/2018,11:20 AM,BOUCHER CRES W @ RIDEAU VALLEY DR (0009331),9331,03 - At intersection,02 - Non-fatal injury,01 - Approaching,01 - Clear,01 - Daylight,02 - Wet,02 - Stop sign,01 - Functioning,2,0,0,0,02 - Minor,2,,2,,,370917.7088,5007860.379,45.20760692,-75.65831204,5910
18--1784,2/5/2018,11:26 AM,LENESTER AVE @ FAIRLAWN AVE (0002738),2738,02 - Intersection related,03 - P.D. only,03 - Rear end,01 - Clear,01 - Daylight,02 - Wet,02 - Stop sign,01 - Functioning,2,0,0,0,,0,,,,,362060.6886,5025457.527,45.36672201,-75.76902234,5911
18--1785,2/5/2018,11:32 AM,VANIER PKWY NB btwn MCARTHUR AVE & VANIER PKWY (__3ZA4SQ),__3ZA4SQ,01 - Non intersection,03 - P.D. only,07 - SMV other,03 - Snow,01 - Daylight,03 - Loose snow,10 - No control,,1,0,0,0,,0,,,,,370240.6562,5032581.875,45.43010833,-75.66366392,5912
18--1786,2/5/2018,11:49 AM,LAURIER AVE @ O'CONNOR ST (0002224),2224,02 - Intersection related,03 - P.D. only,03 - Rear end,01 - Clear,01 - Daylight,04 - Slush,01 - Traffic signal,01 - Functioning,2,0,0,0,,0,,,,,367636.7011,5031358.577,45.4193403,-75.69709535,5913
18--1787,2/5/2018,11:57 AM,COLONNADE RD @ PRINCE OF WALES DR (0005249),5249,02 - Intersection related,03 - P.D. only,03 - Rear end,01 - Clear,01 - Daylight,02 - Wet,01 - Traffic signal,01 - Functioning,2,0,0,0,,0,,,,,367394.712,5023266.516,45.34655171,-75.70121315,5914
18--1788,2/5/2018,Unknown,CANDLEWOOD ST btwn BOISFRANC CIRC & CHERINGTON CRES (__45I7DO),__45I7DO,01 - Non intersection,03 - P.D. only,06 - SMV unattended vehicle,03 - Snow,00 - Unknown,03 - Loose snow,10 - No control,,1,0,0,0,,0,,,,,385661.1963,5035524.681,45.45497209,-75.46613402,5915
18--1789,2/5/2018,Unknown,CHARLOTTE ST btwn DESJARDINS AVE & CLARENCE ST E (__3ZA8S7),__3ZA8S7,01 - Non intersection,03 - P.D. only,06 - SMV unattended vehicle,03 - Snow,00 - Unknown,03 - Loose snow,10 - No control,,1,0,0,0,,0,,,,,369037.5253,5033179.753,45.43559935,-75.67896041,5916
18--179,1/3/2018,3:51 PM,ST. LAURENT BLVD @ COVENTRY RD/OGILVIE RD (0002151),2151,02 - Intersection related,03 - P.D. only,04 - Sideswipe,03 - Snow,01 - Daylight,04 - Slush,01 - Traffic signal,01 - Functioning,2,0,0,0,,0,,,,,372305.7198,5031951.575,45.42424091,-75.63736162,5917
18--1790,2/5/2018,Unknown,SOMERSET ST    W btwn BECKINGTON PRIV & BANK ST (__3ZAZQ1),__3ZAZQ1,01 - Non intersection,03 - P.D. only,06 - SMV unattended vehicle,03 - Snow,00 - Unknown,05 - Packed snow,10 - No control,,1,0,0,0,,0,,,,,367608.7038,5030863.897,45.41489184,-75.6975161,5918
18--1791,2/5/2018,Unknown,SOMERSET ST    W btwn CARTIER ST & MACDONALD ST (__3ZA9U0),__3ZA9U0,01 - Non intersection,03 - P.D. only,06 - SMV unattended vehicle,03 - Snow,00 - Unknown,03 - Loose snow,10 - No control,,1,0,0,0,,0,,,,,368390.241,5031334.397,45.41905466,-75.68747097,5919
18--1792,2/5/2018,Unknown,GILMOUR ST btwn BANK ST & DERBY PL (__3ZA4GJ),__3ZA4GJ,01 - Non intersection,03 - P.D. only,06 - SMV unattended vehicle,03 - Snow,00 - Unknown,03 - Loose snow,10 - No control,,1,0,0,0,,0,,,,,367804.2808,5030785.028,45.41416462,-75.69502762,5920
18--1793,2/5/2018,Unknown,IVANHOE AVE btwn CARLING AVE & ELMHURST ST (__3ZABWP),__3ZABWP,01 - Non intersection,03 - P.D. only,06 - SMV unattended vehicle,00 - Unknown,00 - Unknown,00 - Unknown,10 - No control,,1,0,0,0,,0,,,,,360466.6838,5024792.875,45.36086991,-75.78944435,5921
18--1794,2/5/2018,2:26 PM,BOREALIS CRES btwn SOLACE CRT & DEN HAAG DR (__4H4CKY),__4H4CKY,01 - Non intersection,03 - P.D. only,06 - SMV unattended vehicle,01 - Clear,01 - Daylight,03 - Loose snow,10 - No control,,1,0,0,0,,0,,,,,372444.688,5033768.237,45.44057293,-75.63533641,5922
18--1795,2/5/2018,2:27 PM,HAZELDEAN RD btwn EDGEWATER ST & YOUNG RD (__3ZA3DM),__3ZA3DM,01 - Non intersection,03 - P.D. only,03 - Rear end,01 - Clear,01 - Daylight,02 - Wet,10 - No control,,3,0,0,0,,0,,,,,352360.9744,5017385.311,45.29481193,-75.89361472,5923
18--1796,2/5/2018,2:58 PM,FALLOWFIELD RD btwn STEEPLE HILL CRES & MOODIE DR (__3ZA4Y5),__3ZA4Y5,01 - Non intersection,03 - P.D. only,07 - SMV other,01 - Clear,01 - Daylight,05 - Packed snow,10 - No control,,1,0,0,0,,0,,,,,359184.9312,5014487.981,45.26824638,-75.80693523,5924
18--1797,2/5/2018,3:37 PM,BANKFIELD RD btwn PRINCE OF WALES DR & FIRST LINE RD (__3ZA2XY),__3ZA2XY,01 - Non intersection,03 - P.D. only,07 - SMV other,03 - Snow,01 - Daylight,03 - Loose snow,10 - No control,,1,0,0,0,,0,,,,,366508.2613,5009056.92,45.21877331,-75.71429121,5925
18--1798,2/5/2018,3:41 PM,CARLSBAD LANE btwn SABOURIN RD & END (__3ZA6VL),__3ZA6VL,04 - At/near private drive,03 - P.D. only,02 - Angle,03 - Snow,01 - Daylight,06 - Ice,10 - No control,,2,0,0,0,,0,,,,,388518.9479,5024805.094,45.3581913,-75.43142214,5926
18--1799,2/5/2018,4:19 PM,REGIONAL ROAD 174 EB btwn OR174 IC109 RAMP55 & TRANSIT (__3ZA28V),__3ZA28V,01 - Non intersection,03 - P.D. only,03 - Rear end,01 - Clear,01 - Daylight,01 - Dry,10 - No control,,3,0,0,0,,0,,,,,376469.9906,5034981.111,45.45108455,-75.58371302,5927
18--18,1/1/2018,2:15 AM,HIGHWAY 417 btwn HWY417 IC119A RAMP75 & HWY417 IC118 RAMP57 (__3ZA2R2),__3ZA2R2,01 - Non intersection,03 - P.D. only,07 - SMV other,01 - Clear,07 - Dark,06 - Ice,10 - No control,,1,0,0,0,,0,,,,,368630.1171,5030534.791,45.41183823,-75.68450982,5928
18--180,1/3/2018,4:00 PM,MONTREAL RD @ VANIER PKWY (0004630),4630,02 - Intersection related,02 - Non-fatal injury,03 - Rear end,03 - Snow,01 - Daylight,04 - Slush,01 - Traffic signal,01 - Functioning,2,0,0,0,01 - Minimal,1,1,,,,370072.7094,5033065.592,45.43447631,-75.66574594,5929
18--1800,2/5/2018,4:22 PM,MCARTHUR AVE @ NORTH RIVER RD (0009202),9202,03 - At intersection,03 - P.D. only,05 - Turning movement,01 - Clear,01 - Daylight,06 - Ice,01 - Traffic signal,01 - Functioning,2,0,0,0,,0,,,,,369820.7072,5032646.582,45.43072971,-75.66902179,5930
18--1801,2/5/2018,4:24 PM,CHURCHILL AVE @ SCOTT ST (0005132),5132,02 - Intersection related,02 - Non-fatal injury,07 - SMV other,01 - Clear,01 - Daylight,01 - Dry,02 - Stop sign,01 - Functioning,1,0,0,1,02 - Minor,1,,1,,,363095.7349,5028585.246,45.39477948,-75.75544097,5931
18--1802,2/5/2018,4:24 PM,SCOTT ST btwn TUNNEY'S PASTURE DRWY & PARKDALE AVE (__3ZA31N),__3ZA31N,04 - At/near private drive,03 - P.D. only,02 - Angle,03 - Snow,01 - Daylight,03 - Loose snow,10 - No control,,2,0,0,0,,0,,,,,364862.5924,5029672.739,45.40441518,-75.73274406,5932
18--1803,2/5/2018,4:38 PM,MOODIE DR @ WEST HUNT CLUB RD (0010414),10414,02 - Intersection related,03 - P.D. only,03 - Rear end,01 - Clear,01 - Daylight,02 - Wet,01 - Traffic signal,01 - Functioning,2,0,0,0,,0,,,,,357907.6517,5018498.456,45.30443082,-75.82278206,5933
18--1804,2/5/2018,4:57 PM,ST. ANDREW ST @ SUSSEX DR (0007741),7741,03 - At intersection,03 - P.D. only,03 - Rear end,03 - Snow,01 - Daylight,02 - Wet,02 - Stop sign,01 - Functioning,3,0,0,0,,0,,,,,367577.7006,5032598.586,45.43050279,-75.69769112,5934
18--1805,2/5/2018,5:00 PM,MCLEOD ST @ O'CONNOR ST (0007282),7282,03 - At intersection,03 - P.D. only,02 - Angle,01 - Clear,07 - Dark,01 - Dry,01 - Traffic signal,01 - Functioning,3,0,0,0,,0,,,,,368118.0581,5030592.573,45.41240466,-75.69104377,5935
18--1806,2/5/2018,5:10 AM,EARL ARMSTRONG RD @ HIGH RD (0013001),13001,02 - Intersection related,03 - P.D. only,07 - SMV other,03 - Snow,07 - Dark,03 - Loose snow,10 - No control,,1,0,0,0,,0,,,,,373764.7871,5018175.161,45.30014407,-75.62064125,5936
18--1807,2/5/2018,5:12 PM,BLAIR RD @ INNES RD (0004165),4165,02 - Intersection related,03 - P.D. only,04 - Sideswipe,01 - Clear,05 - Dusk,04 - Slush,01 - Traffic signal,01 - Functioning,2,0,0,0,,0,,,,,375578.7347,5031439.555,45.41931053,-75.59561528,5937
18--1808,2/5/2018,5:45 PM,AVIATION PKWY @ OGILVIE RD (0004114),4114,03 - At intersection,02 - Non-fatal injury,05 - Turning movement,01 - Clear,07 - Dark,02 - Wet,01 - Traffic signal,01 - Functioning,2,0,0,0,02 - Minor,1,,1,,,373110.7142,5032376.586,45.4279868,-75.62701705,5938
18--1809,2/5/2018,6:05 AM,INNES RD btwn HWY417 IC112 RAMP66 & CYRVILLE RD (__3ZA3RCB),__3ZA3RCB,01 - Non intersection,03 - P.D. only,03 - Rear end,01 - Clear,07 - Dark,01 - Dry,10 - No control,,2,0,0,0,,0,,,,,375039.344,5031113.774,45.41643369,-75.602553,5939
18--181,1/3/2018,4:40 PM,DAVIDSON RD @ HAWTHORNE RD (0009547),9547,02 - Intersection related,03 - P.D. only,07 - SMV other,03 - Snow,05 - Dusk,04 - Slush,02 - Stop sign,01 - Functioning,1,0,0,0,,0,,,,,376284.4959,5024509.516,45.35688598,-75.58760224,5940
18--1810,2/5/2018,6:06 PM,BRONSON AVE @ CHRISTIE ST (0006349),6349,02 - Intersection related,03 - P.D. only,04 - Sideswipe,03 - Snow,05 - Dusk,05 - Packed snow,01 - Traffic signal,01 - Functioning,2,0,0,0,,0,,,,,367050.6989,5030280.563,45.40969304,-75.70471851,5941
18--1811,2/5/2018,6:29 PM,JASMINE CRES S @ OGILVIE RD (0009282),9282,02 - Intersection related,03 - P.D. only,05 - Turning movement,03 - Snow,07 - Dark,05 - Packed snow,02 - Stop sign,01 - Functioning,2,0,0,0,,0,,,,,375354.7353,5033720.585,45.43985657,-75.5981503,5942
18--1812,2/5/2018,6:39 PM,REGIONAL ROAD 174 btwn TRANSIT & OR174 IC109 RAMP54 (__3ZAZ6V),__3ZAZ6V,01 - Non intersection,03 - P.D. only,99 - Other,01 - Clear,07 - Dark,01 - Dry,10 - No control,,2,0,0,0,,0,,,,,376075.2425,5034104.764,45.44324009,-75.58888611,5943
18--1813,2/5/2018,6:40 AM,BANK ST btwn SPRINGHILL RD & DALMENY RD (__3ZA27C),__3ZA27C,01 - Non intersection,03 - P.D. only,01 - Approaching,01 - Clear,03 - Dawn,06 - Ice,10 - No control,,2,0,0,0,,0,,,,,385318.2074,5005780.903,45.1873989,-75.4753543,5944
18--1814,2/5/2018,6:44 AM,HIGHWAY 417 btwn HWY417 IC138 RAMP26 & HWY417 IC138 RAMP61 (__3ZA20H),__3ZA20H,01 - Non intersection,03 - P.D. only,07 - SMV other,01 - Clear,03 - Dawn,03 - Loose snow,10 - No control,,1,0,0,0,,0,,,,,353409.9321,5020526.291,45.32300335,-75.87993357,5945
18--1815,2/5/2018,6:52 AM,HIGHWAY 417 btwn HWY417 IC129 RAMP26 & HWY417 IC129 RAMP61 (__3ZA2UO),__3ZA2UO,01 - Non intersection,03 - P.D. only,03 - Rear end,01 - Clear,03 - Dawn,05 - Packed snow,10 - No control,,2,0,0,0,,0,,,,,360630.4892,5023690.99,45.35094216,-75.78747806,5946
18--1816,2/5/2018,7:01 AM,ALBION RD btwn RIDEAU RD & TULLAMORE ST (__5RGNIJ),__5RGNIJ,01 - Non intersection,02 - Non-fatal injury,07 - SMV other,01 - Clear,03 - Dawn,06 - Ice,10 - No control,,1,0,0,0,02 - Minor,1,,1,,,375290.2155,5016214.966,45.28235551,-75.60147169,5947
18--1817,2/5/2018,7:30 AM,MERIVALE RD @ WEST HUNT CLUB RD (0000584),584,02 - Intersection related,03 - P.D. only,03 - Rear end,03 - Snow,03 - Dawn,04 - Slush,01 - Traffic signal,01 - Functioning,2,0,0,0,,0,,,,,365612.6958,5021942.498,45.33479515,-75.72411452,5948
18--1818,2/5/2018,7:34 PM,CARP RD btwn CRAIG'S SIDE RD & CHARLIE'S LANE (__3ZA3GL),__3ZA3GL,01 - Non intersection,03 - P.D. only,07 - SMV other,01 - Clear,07 - Dark,01 - Dry,10 - No control,,1,0,0,0,,0,,,,,340147.8587,5024008.863,45.35513407,-76.04884902,5949
18--1819,2/5/2018,7:43 PM,MERIVALE RD @ WEST HUNT CLUB RD (0000584),584,03 - At intersection,03 - P.D. only,05 - Turning movement,01 - Clear,07 - Dark,01 - Dry,01 - Traffic signal,01 - Functioning,2,0,0,0,,0,,,,,365612.6952,5021942.498,45.33479515,-75.72411453,5950
18--182,1/3/2018,5:06 PM,DUSSERE ST @ ST. JOSEPH BLVD (0004136),4136,02 - Intersection related,03 - P.D. only,03 - Rear end,01 - Clear,05 - Dusk,04 - Slush,02 - Stop sign,00 - Unknown,2,0,0,0,,0,,,,,380855.7367,5037126.595,45.46992438,-75.52731811,5951
18--1820,2/5/2018,7:47 AM,BANK ST @ GLADSTONE AVE (0002253),2253,02 - Intersection related,03 - P.D. only,03 - Rear end,01 - Clear,01 - Daylight,01 - Dry,01 - Traffic signal,01 - Functioning,2,0,0,0,,0,,,,,367916.706,5030562.57,45.41215289,-75.69361985,5952
18--1821,2/5/2018,7:48 AM,ANDALUSIAN CRES E/LOSINO CRES @ WESTPHALIAN AVE (0016053),16053,03 - At intersection,03 - P.D. only,02 - Angle,01 - Clear,01 - Daylight,05 - Packed snow,02 - Stop sign,01 - Functioning,2,0,0,0,,0,,,,,353328.1588,5015646.957,45.27910366,-75.88145421,5953
18--1822,2/5/2018,8:04 AM,RUSSELL RD btwn TUPPER AVE & SOUTHVALE CRES (__3ZA2EP),__3ZA2EP,01 - Non intersection,03 - P.D. only,03 - Rear end,01 - Clear,01 - Daylight,03 - Loose snow,10 - No control,,3,0,0,0,,0,,,,,374370.0863,5028682.3,45.39462337,-75.61144613,5954
18--1823,2/5/2018,8:39 AM,QUEEN ELIZABETH DRWY btwn QUEEN ELIZABETH DRWY TO WB & QUEEN ELIZABETH (__3ZA21G),__3ZA21G,01 - Non intersection,03 - P.D. only,07 - SMV other,03 - Snow,01 - Daylight,04 - Slush,10 - No control,,1,0,0,0,,0,,,,,368508.9466,5028825.613,45.39647064,-75.68627855,5955
18--1824,2/5/2018,8:40 AM,MALCOLM PL @ NORICE ST (0001382),1382,03 - At intersection,02 - Non-fatal injury,02 - Angle,01 - Clear,01 - Daylight,05 - Packed snow,02 - Stop sign,01 - Functioning,2,0,0,0,01 - Minimal,1,1,,,,364239.9587,5023043.515,45.34481961,-75.74149491,5956
18--1825,2/5/2018,8:45 AM,CARLING AVE @ WOODROFFE AVE W (0011470),11470,03 - At intersection,03 - P.D. only,05 - Turning movement,03 - Snow,01 - Daylight,05 - Packed snow,01 - Traffic signal,01 - Functioning,2,0,0,0,,0,,,,,361767.6836,5025725.514,45.36915721,-75.77273158,5957
18--1826,2/5/2018,8:45 AM,HIGHWAY 7 btwn RAMP & DWYER HILL RD (__7JQ7LW),__7JQ7LW,01 - Non intersection,03 - P.D. only,03 - Rear end,01 - Clear,01 - Daylight,04 - Slush,10 - No control,,3,0,0,0,,0,,,,,340898.9677,5007093.157,45.20287992,-76.04049306,5958
18--1827,2/5/2018,8:46 AM,BELCOURT BLVD @ INNES RD (0004202),4202,03 - At intersection,02 - Non-fatal injury,05 - Turning movement,01 - Clear,01 - Daylight,05 - Packed snow,01 - Traffic signal,01 - Functioning,2,0,0,0,02 - Minor,1,,1,,,382121.5788,5035266.61,45.45305082,-75.5114241,5959
18--1828,2/5/2018,8:55 AM,HAWTHORNE RD btwn LEITRIM RD & LOUISEIZE RD (__3ZBO24),__3ZBO24,01 - Non intersection,03 - P.D. only,01 - Approaching,01 - Clear,01 - Daylight,06 - Ice,10 - No control,,3,0,0,0,,0,,,,,377816.5218,5020866.256,45.32394789,-75.56858835,5960
18--1829,2/5/2018,8:59 AM,FEATHERSTON DR E @ KILBORN AVE E (0008288),8288,03 - At intersection,03 - P.D. only,02 - Angle,01 - Clear,01 - Daylight,05 - Packed snow,02 - Stop sign,01 - Functioning,2,0,0,0,,0,,,,,372290.7323,5027963.54,45.38835976,-75.63809902,5961
18--183,1/3/2018,5:07 PM,MARAVISTA DR @ STRANDHERD DR (0013565),13565,02 - Intersection related,03 - P.D. only,04 - Sideswipe,01 - Clear,05 - Dusk,02 - Wet,01 - Traffic signal,01 - Functioning,2,0,0,0,,0,,,,,361288.4381,5014584.958,45.26895318,-75.78011984,5962
18--1830,2/5/2018,9:14 AM,HIGHWAY 417 btwn HWY417 IC134 RAMP25 & HWY417 IC131 RAMP53 (__3ZA2LE),__3ZA2LE,01 - Non intersection,02 - Non-fatal injury,03 - Rear end,01 - Clear,01 - Daylight,02 - Wet,10 - No control,,2,0,0,0,02 - Minor,1,,1,,,357386.8251,5022622.685,45.34158022,-75.82898511,5963
18--1831,2/5/2018,9:23 AM,LEITRIM RD btwn HIGH RD & ALBION RD (__4B2G24),__4B2G24,01 - Non intersection,03 - P.D. only,07 - SMV other,03 - Snow,01 - Daylight,03 - Loose snow,10 - No control,,1,0,0,0,,0,,,,,373242.5391,5020240.484,45.31877828,-75.62701433,5964
18--1832,2/5/2018,9:31 AM,ALBION RD btwn DEL ZOTTO AVE & HIGH RD (__3ZBOF9),__3ZBOF9,01 - Non intersection,02 - Non-fatal injury,07 - SMV other,01 - Clear,01 - Daylight,06 - Ice,10 - No control,,1,0,0,0,02 - Minor,1,,1,,,374110.0249,5018975.094,45.30730763,-75.61612786,5965
18--1833,2/5/2018,9:31 AM,ALBION RD btwn DEL ZOTTO AVE & HIGH RD (__3ZBOF9),__3ZBOF9,01 - Non intersection,03 - P.D. only,01 - Approaching,01 - Clear,01 - Daylight,06 - Ice,10 - No control,,2,0,0,0,,0,,,,,374107.6999,5018977.332,45.307328,-75.61615719,5966
18--1834,2/5/2018,9:35 AM,MERIVALE RD btwn AMBERWOOD CRES & FALLOWFIELD RD (__3ZA3I9),__3ZA3I9,01 - Non intersection,03 - P.D. only,03 - Rear end,03 - Snow,01 - Daylight,06 - Ice,10 - No control,,2,0,0,0,,0,,,,,366511.9391,5019769.901,45.31516791,-75.71291328,5967
18--1835,2/5/2018,9:41 AM,REGIONAL ROAD 174 btwn OR174 IC112 RAMP36 & OR174 IC112 RAMP26 (__3ZAZFK),__3ZAZFK,01 - Non intersection,03 - P.D. only,03 - Rear end,01 - Clear,01 - Daylight,04 - Slush,10 - No control,,2,0,0,0,,0,,,,,374681.0607,5032755.021,45.43123662,-75.60689739,5968
18--1836,2/5/2018,9:55 AM,CARP RD @ STITTSVILLE MAIN ST (0005253),5253,02 - Intersection related,03 - P.D. only,03 - Rear end,02 - Rain,01 - Daylight,02 - Wet,01 - Traffic signal,01 - Functioning,2,0,0,0,,0,,,,,349524.7862,5014330.204,45.26750731,-75.93004857,5969
18--1837,2/5/2018,9:55 AM,REGIONAL ROAD 174 btwn OR174 IC112 RAMP36 & OR174 IC112 RAMP26 (__3ZAZFK),__3ZAZFK,01 - Non intersection,03 - P.D. only,04 - Sideswipe,03 - Snow,01 - Daylight,05 - Packed snow,10 - No control,,2,0,0,0,,0,,,,,374732.4549,5032794.578,45.4315874,-75.60623502,5970
18--1838,2/6/2018,1:37 AM,FULLERTON AVE @ LOLA ST (0008503),8503,02 - Intersection related,03 - P.D. only,03 - Rear end,01 - Clear,07 - Dark,05 - Packed snow,02 - Stop sign,01 - Functioning,2,0,0,0,,0,,,,,371083.7224,5032448.583,45.42882963,-75.6529086,5971
18--1839,2/6/2018,10:07 AM,ISLAND PARK DR btwn SUNNYMEDE AVE & PREMIER AVE (__3ZA239),__3ZA239,01 - Non intersection,03 - P.D. only,03 - Rear end,01 - Clear,01 - Daylight,02 - Wet,10 - No control,,3,0,0,0,,0,,,,,363678.2132,5029212.408,45.40037383,-75.74792728,5972
18--184,1/3/2018,5:30 PM,HIGHWAY 417 btwn HWY417 IC127 RAMP25 & HWY417 IC126 RAMP51 (__3ZA2XA),__3ZA2XA,01 - Non intersection,03 - P.D. only,99 - Other,01 - Clear,05 - Dusk,02 - Wet,10 - No control,,2,0,0,0,,0,,,,,363212.0295,5025891.356,45.37053055,-75.75427452,5973
18--1840,2/6/2018,10:29 PM,INNES RD @ ORCHARDVIEW AVE/ESPRIT DR (0012279),12279,02 - Intersection related,03 - P.D. only,05 - Turning movement,03 - Snow,07 - Dark,05 - Packed snow,01 - Traffic signal,01 - Functioning,2,0,0,0,,0,,,,,384844.7652,5036560.559,45.46438595,-75.47640233,5974
18--1841,2/6/2018,10:30 PM,UPMINSTER WAY btwn TOTTERIDGE AVE & GOSPEL OAK DR (__4V7QV8),__4V7QV8,04 - At/near private drive,03 - P.D. only,06 - SMV unattended vehicle,03 - Snow,07 - Dark,05 - Packed snow,10 - No control,,1,0,0,0,,0,,,,,364795.8904,5016283.873,45.28394953,-75.73521995,5975
18--1842,2/6/2018,10:43 AM,LONGFIELDS DR btwn STRANDHERD DR & MARKETPLACE AVE (__5Z2MQN),__5Z2MQN,04 - At/near private drive,03 - P.D. only,07 - SMV other,01 - Clear,01 - Daylight,02 - Wet,10 - No control,,1,0,0,0,,0,,,,,364607.8582,5015041.69,45.27278841,-75.73776629,5976