Anom_ID,Accident_Date,Accident_Time,Location,Geo_ID,Accident_Location,Classification_of_Accident,Initial_Impact_Type,Environment_Condition,Light,Road_Surface_Condition,Traffic_Control,Traffic_Control_Condition,No__of_Vehicles,No__of_Bicycles,No__of_Motorcycles,No__of_Pedestrians,Max_Injury,No__of_Injuries,No__of_Minimal,No__of_Minor,No__of_Major,No__of_Fatal,X,Y,Latitude,Longitude,ObjectId
18--1843,2/6/2018,10:51 AM,BESSERER ST btwn CHARLOTTE ST & WURTEMBURG ST (__3ZA7BG),__3ZA7BG,01 - Non intersection,03 - P.D. only,01 - Approaching,01 - Clear,01 - Daylight,04 - Slush,10 - No control,,2,0,0,0,,0,,,,,369322.8895,5032809.984,45.43224604,-75.67536192,5977
18--1844,2/6/2018,10:56 PM,UPLANDS DR btwn HUNT CLUB RD & UPLANDS DR (__3ZA2T5),__3ZA2T5,04 - At/near private drive,03 - P.D. only,07 - SMV other,01 - Clear,07 - Dark,01 - Dry,10 - No control,,1,0,0,0,,0,,,,,370173.4435,5023082.529,45.34464276,-75.66578107,5978
18--1845,2/6/2018,11:00 AM,BOWER ST btwn MUTCHMOR RD & MAIN ST (__3ZA93S),__3ZA93S,04 - At/near private drive,03 - P.D. only,02 - Angle,03 - Snow,01 - Daylight,05 - Packed snow,10 - No control,,2,0,0,0,,0,,,,,369346.1365,5029710.199,45.40435317,-75.6754709,5979
18--1846,2/6/2018,11:02 PM,NORICE ST @ WOODROFFE AVE (0001542),1542,02 - Intersection related,02 - Non-fatal injury,07 - SMV other,01 - Clear,07 - Dark,06 - Ice,01 - Traffic signal,01 - Functioning,1,0,0,0,02 - Minor,1,,1,,,363195.0324,5022398.189,45.33910079,-75.7549041,5980
18--1847,2/6/2018,11:17 PM,HUNT CLUB RD @ DOWNPATRICK RD/MCCARTHY RD (0006931),6931,03 - At intersection,03 - P.D. only,02 - Angle,01 - Clear,07 - Dark,01 - Dry,01 - Traffic signal,01 - Functioning,2,0,0,0,,0,,,,,370507.7344,5023400.509,45.34747262,-75.66147346,5981
18--1848,2/6/2018,Unknown,MCLEOD ST btwn O'CONNOR ST & METCALFE ST (__3ZA8GN),__3ZA8GN,04 - At/near private drive,03 - P.D. only,06 - SMV unattended vehicle,01 - Clear,00 - Unknown,03 - Loose snow,10 - No control,,1,0,0,0,,0,,,,,368214.8062,5030651.591,45.41292692,-75.68980024,5982
18--1849,2/6/2018,Unknown,IRIS ST btwn HIGHGATE RD & GATEWAY RD (__3ZABUN),__3ZABUN,01 - Non intersection,03 - P.D. only,06 - SMV unattended vehicle,03 - Snow,00 - Unknown,04 - Slush,10 - No control,,1,0,0,0,,0,,,,,361721.6251,5024008.344,45.35370998,-75.77351731,5983
18--185,1/3/2018,5:33 PM,INNES RD @ BEARBROOK RD/GLEN PARK DR E (0003630),3630,03 - At intersection,03 - P.D. only,05 - Turning movement,03 - Snow,05 - Dusk,03 - Loose snow,01 - Traffic signal,00 - Unknown,2,0,0,0,,0,,,,,377997.5617,5032842.159,45.43168138,-75.56450404,5984
18--1850,2/6/2018,Unknown,PARKDALE AVE btwn HUTCHISON AVE & RUSKIN ST (__3ZA4O3),__3ZA4O3,01 - Non intersection,03 - P.D. only,06 - SMV unattended vehicle,01 - Clear,00 - Unknown,01 - Dry,10 - No control,,1,0,0,0,,0,,,,,365487.665,5028497.882,45.39379018,-75.7249045,5985
18--1851,2/6/2018,Unknown,AQUAVIEW DR btwn LAVOIE ST & SCHUBERT CIRC (__4V3I7T),__4V3I7T,01 - Non intersection,03 - P.D. only,06 - SMV unattended vehicle,01 - Clear,00 - Unknown,02 - Wet,10 - No control,,1,0,0,0,,0,,,,,385246.7298,5035821.848,45.45769356,-75.47138379,5986
18--1852,2/6/2018,12:19 PM,GEORGE ST @ PRESTON ST (0006190),6190,02 - Intersection related,02 - Non-fatal injury,03 - Rear end,01 - Clear,01 - Daylight,04 - Slush,01 - Traffic signal,01 - Functioning,3,0,0,0,01 - Minimal,1,1,,,,366618.7011,5029416.56,45.40195727,-75.71034527,5987
18--1853,2/6/2018,12:50 AM,CHAMBERLAIN AVE @ PERCY ST (0007715),7715,03 - At intersection,03 - P.D. only,05 - Turning movement,01 - Clear,07 - Dark,04 - Slush,01 - Traffic signal,01 - Functioning,2,0,0,0,,0,,,,,367558.7129,5029824.559,45.40554468,-75.69828708,5988
18--1854,2/6/2018,12:56 PM,RIVER GARDEN PRIV @ WALKLEY RD (0011427),11427,02 - Intersection related,03 - P.D. only,05 - Turning movement,01 - Clear,01 - Daylight,01 - Dry,10 - No control,,2,0,0,0,,0,,,,,368605.6202,5024914.6,45.36127166,-75.68554931,5989
18--1855,2/6/2018,2:00 PM,HICKSON CRES btwn MORRISON DR & BAYLIE AVE (1) (__3ZABHE),__3ZABHE,04 - At/near private drive,03 - P.D. only,06 - SMV unattended vehicle,01 - Clear,01 - Daylight,03 - Loose snow,10 - No control,,1,0,0,0,,0,,,,,360046.7118,5022778.626,45.34277895,-75.79502971,5990
18--1856,2/6/2018,2:16 PM,KIRKWOOD AVE @ MERIVALE RD (0002243),2243,02 - Intersection related,03 - P.D. only,02 - Angle,03 - Snow,01 - Daylight,03 - Loose snow,01 - Traffic signal,01 - Functioning,2,0,0,0,,0,,,,,364853.7014,5026646.543,45.37718684,-75.73322592,5991
18--1857,2/6/2018,2:18 PM,EARL ARMSTRONG RD @ RIVER RD (0012470),12470,03 - At intersection,03 - P.D. only,03 - Rear end,03 - Snow,01 - Daylight,04 - Slush,01 - Traffic signal,01 - Functioning,2,0,0,0,,0,,,,,367572.7183,5014684.397,45.2693151,-75.7000288,5992
18--1858,2/6/2018,2:40 PM,HIGHWAY 417 btwn HWY417 IC127 RAMP67 & HWY417 IC126 RAMP16 (__3ZA2X0),__3ZA2X0,01 - Non intersection,03 - P.D. only,04 - Sideswipe,01 - Clear,01 - Daylight,02 - Wet,10 - No control,,2,0,0,0,,0,,,,,363028.0459,5025682.037,45.36866243,-75.75664784,5993
18--1859,2/6/2018,3:30 PM,CARP RD btwn REIS RD & CAVANMORE RD (__3ZA3FW),__3ZA3FW,01 - Non intersection,03 - P.D. only,07 - SMV other,01 - Clear,01 - Daylight,01 - Dry,10 - No control,,1,0,0,0,,0,,,,,345465.7196,5018006.443,45.30083401,-75.98147187,5994
18--186,1/3/2018,5:49 PM,OGILVIE RD btwn ELMRIDGE DR & 190 E OF ELMRIDGE DR/JASMINE CRES (__3ZBOFEB),__3ZBOFEB,04 - At/near private drive,03 - P.D. only,02 - Angle,01 - Clear,07 - Dark,04 - Slush,10 - No control,,2,0,0,0,,0,,,,,375455.006,5034127.967,45.44351182,-75.59681029,5995
18--1860,2/6/2018,3:33 PM,BLANCHFIELD RD btwn STAGECOACH RD & SPRINGHILL RD (__3ZA152),__3ZA152,01 - Non intersection,03 - P.D. only,07 - SMV other,01 - Clear,01 - Daylight,05 - Packed snow,10 - No control,,1,0,0,0,,0,,,,,378246.6695,5002081.807,45.1548872,-75.56587583,5996
18--1861,2/6/2018,3:37 PM,CARLING AVE @ MELROSE AVE (0006992),6992,02 - Intersection related,03 - P.D. only,03 - Rear end,01 - Clear,01 - Daylight,02 - Wet,02 - Stop sign,01 - Functioning,2,0,0,0,,0,,,,,365970.7053,5028391.551,45.39279141,-75.71874892,5997
18--1862,2/6/2018,4:40 PM,CARLING AVE @ KIRKWOOD AVE N (0002358),2358,03 - At intersection,03 - P.D. only,05 - Turning movement,01 - Clear,05 - Dusk,01 - Dry,01 - Traffic signal,01 - Functioning,2,0,0,0,,0,,,,,364275.6925,5027493.534,45.38485722,-75.74050332,5998
18--1863,2/6/2018,5:00 PM,EARL ARMSTRONG RD @ RIVER RD (0012470),12470,02 - Intersection related,02 - Non-fatal injury,03 - Rear end,01 - Clear,01 - Daylight,01 - Dry,01 - Traffic signal,01 - Functioning,2,0,0,0,01 - Minimal,2,2,,,,367572.718,5014684.397,45.2693151,-75.7000288,5999
18--1864,2/6/2018,5:17 PM,EIGHTH ST @ ROSEBELLA AVE (0009573),9573,02 - Intersection related,03 - P.D. only,03 - Rear end,01 - Clear,01 - Daylight,04 - Slush,02 - Stop sign,01 - Functioning,2,0,0,0,,0,,,,,373831.7404,5023920.509,45.3518321,-75.61898663,6000
18--2496,2/19/2018,11:20 PM,HIGHWAY 416 btwn HWY416 IC49 RAMP43 & HWY416 IC42 RAMP34 (__3ZAZJ7),__3ZAZJ7,01 - Non intersection,03 - P.D. only,07 - SMV other,"07 - Fog, mist, smoke, dust",07 - Dark,02 - Wet,10 - No control,,1,0,0,0,,0,,,,,371225.6178,4995644.139,45.09765618,-75.65601681,6001
18--2315,2/13/2018,9:49 PM,EAGLESON RD @ MICHAEL COWPLAND DR/STONEHAVEN D (0003544),3544,03 - At intersection,03 - P.D. only,05 - Turning movement,01 - Clear,07 - Dark,01 - Dry,01 - Traffic signal,01 - Functioning,2,0,0,0,,0,,,,,354382.6255,5016623.444,45.28781674,-75.8679171,6002
18--2497,2/19/2018,Unknown,MCCURDY DR btwn SICARD WAY & PATCH WAY (__3ZA1YM),__3ZA1YM,01 - Non intersection,03 - P.D. only,06 - SMV unattended vehicle,01 - Clear,07 - Dark,02 - Wet,10 - No control,,1,0,0,0,,0,,,,,351915.5297,5017846.346,45.29899046,-75.89924986,6003
18--2498,2/19/2018,12:28 AM,HIGHWAY 417 btwn HWY417 IC129 RAMP25 & TRANSIT (__3ZA2SH),__3ZA2SH,01 - Non intersection,03 - P.D. only,03 - Rear end,01 - Clear,07 - Dark,01 - Dry,10 - No control,,2,0,0,0,,0,,,,,360934.1972,5023899.724,45.3527961,-75.78357868,6004
18--2499,2/19/2018,2:00 PM,BRONSON AVE @ CATHERINE ST/RAYMOND ST (0007198),7198,03 - At intersection,03 - P.D. only,07 - SMV other,01 - Clear,01 - Daylight,01 - Dry,01 - Traffic signal,01 - Functioning,1,0,0,0,,0,,,,,367252.3601,5029797.96,45.40533275,-75.70220357,6005
18--25,1/1/2018,4:38 PM,RAMP btwn Continuation of RAMP & END (2) (__7JQ7IZ),__7JQ7IZ,01 - Non intersection,03 - P.D. only,07 - SMV other,01 - Clear,05 - Dusk,01 - Dry,10 - No control,,1,0,0,0,,0,,,,,346902.7728,5015425.706,45.27752692,-75.96336785,6006
18--250,1/5/2018,11:40 PM,HIGHWAY 417 btwn HWY417 IC138 RAMP61 & HWY417 IC134 RAMP36 (__3ZA20I),__3ZA20I,01 - Non intersection,03 - P.D. only,07 - SMV other,06 - Strong wind,07 - Dark,06 - Ice,10 - No control,,1,0,0,0,,0,,,,,355147.4856,5021544.528,45.33204312,-75.85766723,6007
18--2500,2/19/2018,2:54 PM,EARL ARMSTRONG RD @ RIVER RD (0012470),12470,03 - At intersection,02 - Non-fatal injury,02 - Angle,01 - Clear,01 - Daylight,01 - Dry,01 - Traffic signal,01 - Functioning,3,0,0,0,02 - Minor,1,,1,,,367571.7644,5014683.843,45.2693102,-75.70004102,6008
18--2501,2/19/2018,2:55 PM,RAYMOND ST/HWY 417 ROCHEST IC121BR16 @ ROCHEST (0006495),6495,02 - Intersection related,03 - P.D. only,04 - Sideswipe,01 - Clear,01 - Daylight,02 - Wet,01 - Traffic signal,01 - Functioning,2,0,0,0,,0,,,,,366737.6994,5029618.56,45.40376429,-75.7088,6009
18--2502,2/19/2018,3:16 PM,BLAKE BLVD btwn LAFONTAINE AVE & JEAN TALON ST (__3ZA7D4),__3ZA7D4,01 - Non intersection,03 - P.D. only,06 - SMV unattended vehicle,02 - Rain,01 - Daylight,02 - Wet,10 - No control,,1,0,0,0,,0,,,,,371030.6463,5033045.922,45.43420925,-75.65350648,6010
18--2503,2/19/2018,3:27 PM,PRESTON ST btwn ELM ST & SPRUCE ST (__3ZA324),__3ZA324,01 - Non intersection,03 - P.D. only,04 - Sideswipe,01 - Clear,01 - Daylight,02 - Wet,10 - No control,,2,0,0,0,,0,,,,,366259.1556,5030240.828,45.40940547,-75.71483483,6011
18--2504,2/19/2018,4:34 PM,HOLLAND AVE @ TYNDALL ST (0006087),6087,02 - Intersection related,03 - P.D. only,03 - Rear end,02 - Rain,01 - Daylight,02 - Wet,01 - Traffic signal,01 - Functioning,2,0,0,0,,0,,,,,365031.6975,5028917.556,45.39760568,-75.73067629,6012
18--2505,2/19/2018,4:54 PM,CARLING AVE EB btwn BAYSHORE DR & CARLING AVE (__3ZA4VJ),__3ZA4VJ,01 - Non intersection,03 - P.D. only,07 - SMV other,02 - Rain,05 - Dusk,02 - Wet,10 - No control,,1,0,0,0,,0,,,,,359170.9818,5024078.201,45.35454096,-75.80606067,6013
18--2506,2/19/2018,6:55 PM,HIGHWAY 417 btwn HWY417 IC118 RAMP67 & HWY417 IC117 RAMP36 (__3ZA2YO),__3ZA2YO,01 - Non intersection,02 - Non-fatal injury,03 - Rear end,02 - Rain,07 - Dark,02 - Wet,10 - No control,,2,0,0,0,01 - Minimal,1,1,,,,369747.349,5031158.152,45.41734421,-75.67015547,6014
18--2507,2/19/2018,8:53 PM,BEAVERPOND DR @ BLAIR RD (0004166),4166,02 - Intersection related,03 - P.D. only,03 - Rear end,04 - Freezing Rain,07 - Dark,06 - Ice,01 - Traffic signal,01 - Functioning,2,0,0,0,,0,,,,,375399.7299,5031874.567,45.42324262,-75.59783992,6015
18--2508,2/19/2018,9:06 PM,SLATER ST btwn METCALFE ST & ELGIN ST (__3ZA35Y),__3ZA35Y,01 - Non intersection,03 - P.D. only,07 - SMV other,01 - Clear,07 - Dark,03 - Loose snow,10 - No control,,1,0,0,0,,0,,,,,367852.7286,5031621.488,45.42168646,-75.69430165,6016
18--2509,2/19/2018,9:21 AM,CARLING AVE @ BAYSHORE DR/BIRCHDALE AVE (0000021),21,03 - At intersection,03 - P.D. only,05 - Turning movement,01 - Clear,01 - Daylight,01 - Dry,01 - Traffic signal,01 - Functioning,2,0,0,0,,0,,,,,359004.8712,5023990.612,45.3537657,-75.80819019,6017
18--251,1/5/2018,11:45 AM,KANATA AVE @ LORD BYNG WAY/MARITIME WAY (0009115),9115,02 - Intersection related,03 - P.D. only,03 - Rear end,06 - Strong wind,01 - Daylight,06 - Ice,01 - Traffic signal,01 - Functioning,2,0,0,0,,0,,,,,351429.974,5019331.309,45.31238493,-75.90530094,6018
18--2510,2/20/2018,1:00 PM,SECOND AVE btwn BANK ST & O'CONNOR ST (__3ZA93V),__3ZA93V,04 - At/near private drive,03 - P.D. only,06 - SMV unattended vehicle,01 - Clear,01 - Daylight,02 - Wet,10 - No control,,1,0,0,0,,0,,,,,368415.6307,5029691.007,45.40426567,-75.68735868,6019
18--2511,2/20/2018,1:18 PM,BANKFIELD RD @ PRINCE OF WALES DR (0003618),3618,03 - At intersection,03 - P.D. only,05 - Turning movement,02 - Rain,01 - Daylight,02 - Wet,01 - Traffic signal,01 - Functioning,2,0,0,0,,0,,,,,366379.69,5008975.387,45.21805093,-75.71593819,6020
18--2512,2/20/2018,1:20 PM,FERNLEAF CRES btwn WAYSIDE CRT & DES EPINETTES AVE (__3ZA6RN),__3ZA6RN,01 - Non intersection,03 - P.D. only,06 - SMV unattended vehicle,01 - Clear,01 - Daylight,06 - Ice,10 - No control,,1,0,0,0,,0,,,,,382959.1653,5036357.395,45.46277157,-75.5005436,6021
18--2513,2/20/2018,10:20 PM,HUNT CLUB RD btwn LORRY GREENBERG DR & PIKE ST (__3ZA3S3),__3ZA3S3,04 - At/near private drive,03 - P.D. only,02 - Angle,02 - Rain,07 - Dark,02 - Wet,10 - No control,,2,0,0,0,,0,,,,,372884.2409,5024843.464,45.36022913,-75.63095051,6022
18--2514,2/20/2018,11:17 AM,SOMERSET ST    W btwn PERCY ST & BAY ST (__3ZA3BA),__3ZA3BA,04 - At/near private drive,03 - P.D. only,05 - Turning movement,01 - Clear,01 - Daylight,01 - Dry,10 - No control,,2,0,0,0,,0,,,,,367142.0288,5030584.14,45.41241641,-75.70351344,6023
18--2515,2/20/2018,11:48 PM,BANK ST @ RIVERSIDE DR S (0002704),2704,03 - At intersection,03 - P.D. only,05 - Turning movement,02 - Rain,07 - Dark,02 - Wet,01 - Traffic signal,01 - Functioning,2,0,0,0,,0,,,,,369304.7164,5027894.553,45.38802041,-75.67623736,6024
18--2516,2/20/2018,12:07 PM,JOCKVALE RD @ STRANDHERD DR (0010541),10541,02 - Intersection related,03 - P.D. only,04 - Sideswipe,01 - Clear,01 - Daylight,02 - Wet,01 - Traffic signal,01 - Functioning,2,0,0,0,,0,,,,,363560.4805,5014577.838,45.26870296,-75.75116855,6025
18--2517,2/20/2018,2:06 PM,CENTER ST @ MONTREAL RD (0002691),2691,03 - At intersection,03 - P.D. only,05 - Turning movement,02 - Rain,01 - Daylight,02 - Wet,02 - Stop sign,00 - Unknown,2,0,0,0,,0,,,,,371821.8294,5033951.88,45.44228525,-75.64327215,6026
18--2518,2/20/2018,2:31 PM,HUNT CLUB RD @ RIVERSIDE DR (0002237),2237,02 - Intersection related,02 - Non-fatal injury,03 - Rear end,02 - Rain,01 - Daylight,02 - Wet,01 - Traffic signal,01 - Functioning,2,0,0,0,01 - Minimal,1,1,,,,368036.7025,5021945.498,45.33460788,-75.69319021,6027
18--2519,2/20/2018,2:55 PM,ABBEYHILL DR @ EAGLESON RD (0003404),3404,03 - At intersection,03 - P.D. only,05 - Turning movement,02 - Rain,01 - Daylight,02 - Wet,01 - Traffic signal,01 - Functioning,2,0,0,0,,0,,,,,353827.6251,5018034.456,45.30055228,-75.87485237,6028
18--252,1/5/2018,Unknown,ROCKINGHAM AVE btwn CLEMENTINE BLVD & BANK ST (__3ZA873),__3ZA873,01 - Non intersection,03 - P.D. only,06 - SMV unattended vehicle,01 - Clear,00 - Unknown,05 - Packed snow,10 - No control,,1,0,0,0,,0,,,,,369595.1002,5027300.588,45.3826493,-75.67260735,6029
18--2520,2/20/2018,3:00 PM,STONEHENGE CRES btwn WHITTAKER CRES & WHITTAKER CRES (__3ZBO9S),__3ZBO9S,01 - Non intersection,03 - P.D. only,03 - Rear end,02 - Rain,01 - Daylight,02 - Wet,10 - No control,,2,0,0,0,,0,,,,,375402.7348,5031520.564,45.42005719,-75.59785226,6030
18--2521,2/20/2018,3:09 PM,HUNT CLUB RD @ LORRY GREENBERG DR/SABLE RIDGE  (0008203),8203,02 - Intersection related,03 - P.D. only,03 - Rear end,02 - Rain,01 - Daylight,02 - Wet,01 - Traffic signal,01 - Functioning,2,0,0,0,,0,,,,,372823.7389,5024807.504,45.35991145,-75.63172764,6031
18--2522,2/20/2018,3:45 PM,EAGLESON RD @ HAZELDEAN RD/ROBERTSON RD (0002715),2715,02 - Intersection related,03 - P.D. only,03 - Rear end,02 - Rain,01 - Daylight,02 - Wet,01 - Traffic signal,01 - Functioning,2,0,0,0,,0,,,,,353673.6244,5018424.46,45.30407235,-75.87677746,6032
18--2523,2/20/2018,3:45 PM,DES EPINETTES AVE @ JEANNE D'ARC BLVD (0004221),4221,03 - At intersection,03 - P.D. only,03 - Rear end,02 - Rain,01 - Daylight,02 - Wet,01 - Traffic signal,01 - Functioning,2,0,0,0,,0,,,,,382226.7481,5035958.572,45.45926486,-75.50997074,6033
18--2524,2/20/2018,4:32 PM,BASELINE RD btwn LOBLAWS SC & MERIVALE RD (__3ZA4ISC),__3ZA4ISC,01 - Non intersection,03 - P.D. only,03 - Rear end,02 - Rain,01 - Daylight,02 - Wet,10 - No control,,2,0,0,0,,0,,,,,364969.2067,5025273.029,45.36481828,-75.73191857,6034
18--2525,2/20/2018,4:33 PM,DONALD ST @ VANIER PKWY (0007644),7644,02 - Intersection related,03 - P.D. only,03 - Rear end,02 - Rain,01 - Daylight,02 - Wet,01 - Traffic signal,01 - Functioning,2,0,0,0,,0,,,,,370311.7133,5032270.585,45.42730082,-75.66279732,6035
18--2526,2/20/2018,5:31 PM,HEMLOCK RD @ ST. LAURENT BLVD (0007183),7183,02 - Intersection related,03 - P.D. only,01 - Approaching,02 - Rain,05 - Dusk,02 - Wet,01 - Traffic signal,01 - Functioning,2,0,0,0,,0,,,,,371145.7085,5034781.598,45.44981516,-75.65180204,6036
18--2527,2/20/2018,5:45 AM,HIGHWAY 417 btwn HWY417 IC110 RAMP56 & HWY417 IC110 RAMP64 (__3ZA28Y),__3ZA28Y,01 - Non intersection,03 - P.D. only,07 - SMV other,02 - Rain,07 - Dark,02 - Wet,10 - No control,,1,0,0,0,,0,,,,,375845.1356,5029047.822,45.39776404,-75.59255641,6037
18--2528,2/20/2018,5:46 PM,ST. JOSEPH BLVD @ JEANNE D'ARC BLVD (0012421),12421,03 - At intersection,03 - P.D. only,04 - Sideswipe,02 - Rain,05 - Dusk,02 - Wet,11 - Roundabout,01 - Functioning,2,0,0,0,,0,,,,,379860.7425,5036471.581,45.46413872,-75.54014138,6038
18--2529,2/20/2018,5:48 PM,MONTREAL RD @ STE. ANNE ST (0009798),9798,02 - Intersection related,03 - P.D. only,04 - Sideswipe,02 - Rain,07 - Dark,02 - Wet,02 - Stop sign,01 - Functioning,2,0,0,0,,0,,,,,370706.7084,5033416.596,45.43757502,-75.65759665,6039
18--253,1/5/2018,Unknown,CAYMAN RD btwn CAMPOBELLO DR & GRENADINE ST (__7JQ6FH),__7JQ6FH,01 - Non intersection,03 - P.D. only,06 - SMV unattended vehicle,03 - Snow,00 - Unknown,05 - Packed snow,10 - No control,,1,0,0,0,,0,,,,,349759.899,5016344.798,45.28562032,-75.92687009,6040
18--2530,2/20/2018,6:00 PM,RICHMOND RD btwn ARNOLD DR/BLACK FOREST LANE & LONGWOOD AVE (__3ZABNZ),__3ZABNZ,01 - Non intersection,03 - P.D. only,06 - SMV unattended vehicle,"07 - Fog, mist, smoke, dust",07 - Dark,02 - Wet,10 - No control,,1,0,0,0,,0,,,,,357533.8952,5019913.761,45.31719405,-75.82739718,6041
18--2531,2/20/2018,6:01 PM,BANK ST btwn WILDWOOD AVE & RIDGEMONT AVE (__3ZA364),__3ZA364,01 - Non intersection,03 - P.D. only,03 - Rear end,02 - Rain,07 - Dark,02 - Wet,10 - No control,,2,0,0,0,,0,,,,,370054.8152,5026687.652,45.37709163,-75.66681871,6042
18--2532,2/20/2018,6:07 PM,PRESLAND RD @ WHITTON CRES E (0007127),7127,03 - At intersection,02 - Non-fatal injury,07 - SMV other,02 - Rain,07 - Dark,02 - Wet,02 - Stop sign,00 - Unknown,1,0,0,2,02 - Minor,1,,1,,,370852.6731,5031800.58,45.42302104,-75.65594793,6043
18--2533,2/20/2018,6:26 PM,COLONIAL RD btwn ROCKDALE RD & HEUVELMANS RD (__3ZA3K5),__3ZA3K5,01 - Non intersection,03 - P.D. only,01 - Approaching,02 - Rain,07 - Dark,02 - Wet,10 - No control,,2,0,0,0,,0,,,,,392686.9579,5033167.759,45.43291906,-75.37674246,6044
18--2534,2/20/2018,6:42 AM,ALBION RD @ MITCH OWENS RD (0004212),4212,03 - At intersection,03 - P.D. only,05 - Turning movement,02 - Rain,03 - Dawn,02 - Wet,01 - Traffic signal,01 - Functioning,2,0,0,0,,0,,,,,375907.3089,5014804.172,45.26959951,-75.59380876,6045
18--2535,2/20/2018,6:53 PM,DATA CENTRE RD @ RIVERSIDE DR (0010863),10863,02 - Intersection related,03 - P.D. only,05 - Turning movement,02 - Rain,07 - Dark,02 - Wet,01 - Traffic signal,01 - Functioning,2,0,0,0,,0,,,,,368897.4487,5027671.908,45.38605451,-75.68146679,6046
18--2536,2/20/2018,7:12 PM,ST. JOSEPH BLVD btwn BOYER RD & ORLEANS BLVD (__3ZA2BZ),__3ZA2BZ,04 - At/near private drive,03 - P.D. only,02 - Angle,02 - Rain,07 - Dark,02 - Wet,10 - No control,,2,0,0,0,,0,,,,,380471.3348,5036877.273,45.46772293,-75.53227193,6047
18--2537,2/20/2018,7:18 AM,BRONSON AVE @ GLOUCESTER ST (0005124),5124,03 - At intersection,02 - Non-fatal injury,07 - SMV other,02 - Rain,01 - Daylight,02 - Wet,01 - Traffic signal,01 - Functioning,1,0,0,1,02 - Minor,1,,1,,,366833.3537,5030793.966,45.41433179,-75.70743031,6048
18--2538,2/20/2018,7:40 AM,GARFIELD AVE @ MAITLAND AVE (0002031),2031,02 - Intersection related,03 - P.D. only,03 - Rear end,02 - Rain,01 - Daylight,02 - Wet,01 - Traffic signal,01 - Functioning,2,0,0,0,,0,,,,,363342.6912,5025562.527,45.36756088,-75.75264552,6049
18--2539,2/20/2018,8:00 AM,HIGHWAY 417 btwn HWY417 IC110 RAMP54 & HWY417 IC110 RAMP65 (__3ZAZE4),__3ZAZE4,01 - Non intersection,02 - Non-fatal injury,07 - SMV other,02 - Rain,01 - Daylight,02 - Wet,10 - No control,,1,0,0,0,01 - Minimal,1,1,,,,375626.9651,5029594.272,45.40270281,-75.59526423,6050
18--254,1/5/2018,Unknown,MACLAREN ST btwn ELGIN ST & CARTIER ST (__3ZA9US),__3ZA9US,01 - Non intersection,03 - P.D. only,06 - SMV unattended vehicle,01 - Clear,00 - Unknown,05 - Packed snow,10 - No control,,1,0,0,0,,0,,,,,368224.4969,5031136.271,45.41728703,-75.68961407,6051
18--2540,2/20/2018,8:24 PM,KINBURN SIDE RD btwn STONECREST RD & TORBOLTON RIDGE RD (__3ZA4Q7),__3ZA4Q7,01 - Non intersection,01 - Fatal injury,07 - SMV other,"07 - Fog, mist, smoke, dust",07 - Dark,02 - Wet,10 - No control,,1,0,0,0,04 - Fatal,1,,,,1,334970.9069,5033123.375,45.43739192,-76.11436428,6052
18--2541,2/20/2018,8:50 AM,HWY417 IC131 RAMP66 btwn HWY417 IC130 RAMP36 & HWY417 IC131 RAMP63 (__3ZA1SX),__3ZA1SX,01 - Non intersection,03 - P.D. only,04 - Sideswipe,02 - Rain,01 - Daylight,02 - Wet,10 - No control,,2,0,0,0,,0,,,,,358349.025,5022868.9,45.34372288,-75.81668153,6053
18--2542,2/20/2018,8:57 AM,RUSSELL AVE btwn LAURIER AVE E & OSGOODE ST (__3ZA8KN),__3ZA8KN,01 - Non intersection,03 - P.D. only,06 - SMV unattended vehicle,02 - Rain,01 - Daylight,06 - Ice,10 - No control,,1,0,0,0,,0,,,,,369105.0561,5032105.825,45.42593035,-75.67823761,6054
18--2543,2/20/2018,9:54 AM,STANLEY AVE @ SUSSEX DR (0007143),7143,03 - At intersection,03 - P.D. only,03 - Rear end,02 - Rain,01 - Daylight,02 - Wet,01 - Traffic signal,01 - Functioning,2,0,0,0,,0,,,,,367832.0958,5033871.926,45.44193697,-75.69427719,6055
18--2544,2/21/2018,1:06 PM,HIGHWAY 417 btwn HWY417 IC110 RAMP64 & HWY417 IC104 RAMP16 (__3ZA2W9),__3ZA2W9,01 - Non intersection,03 - P.D. only,04 - Sideswipe,01 - Clear,01 - Daylight,02 - Wet,10 - No control,,2,0,0,0,,0,,,,,376533.6358,5027564.253,45.38434549,-75.58397914,6056
18--2545,2/21/2018,1:45 PM,TERRY FOX DR S @ DIDSBURY RD/CENTRUM KANATA SC (0011820),11820,03 - At intersection,03 - P.D. only,02 - Angle,01 - Clear,01 - Daylight,01 - Dry,01 - Traffic signal,01 - Functioning,2,0,0,0,,0,,,,,350624.0392,5018916.27,45.30870335,-75.91561733,6057
18--2546,2/21/2018,10:00 AM,INNES RD @ TENTH LINE RD (0004633),4633,02 - Intersection related,03 - P.D. only,03 - Rear end,02 - Rain,01 - Daylight,02 - Wet,01 - Traffic signal,01 - Functioning,2,0,0,0,,0,,,,,383951.7602,5036159.56,45.46087988,-75.48788468,6058
18--2547,2/21/2018,10:00 PM,JAMES ST @ LYON ST (0007256),7256,02 - Intersection related,03 - P.D. only,03 - Rear end,02 - Rain,07 - Dark,02 - Wet,01 - Traffic signal,01 - Functioning,2,0,0,0,,0,,,,,367496.7101,5030502.565,45.41165073,-75.69899283,6059