Anom_ID,Accident_Date,Accident_Time,Location,Geo_ID,Accident_Location,Classification_of_Accident,Initial_Impact_Type,Environment_Condition,Light,Road_Surface_Condition,Traffic_Control,Traffic_Control_Condition,No__of_Vehicles,No__of_Bicycles,No__of_Motorcycles,No__of_Pedestrians,Max_Injury,No__of_Injuries,No__of_Minimal,No__of_Minor,No__of_Major,No__of_Fatal,X,Y,Latitude,Longitude,ObjectId
18--2548,2/21/2018,10:24 AM,ALBION RD @ SOUTHGATE RD/ROYAL OAK CRT (0006985),6985,03 - At intersection,02 - Non-fatal injury,02 - Angle,02 - Rain,01 - Daylight,02 - Wet,02 - Stop sign,01 - Functioning,2,0,0,0,02 - Minor,1,,1,,,371817.7236,5024443.52,45.35673334,-75.64461658,6060
18--2549,2/21/2018,10:39 AM,BOURASSA ST @ ST. LAURENT BLVD (0007731),7731,02 - Intersection related,03 - P.D. only,03 - Rear end,01 - Clear,01 - Daylight,02 - Wet,01 - Traffic signal,01 - Functioning,2,0,0,0,,0,,,,,373236.7319,5029693.556,45.40383387,-75.62577939,6061
18--255,1/5/2018,Unknown,MONTFORT ST btwn STE. ANNE ST & GRANVILLE ST (__3ZA52J),__3ZA52J,01 - Non intersection,03 - P.D. only,06 - SMV unattended vehicle,01 - Clear,00 - Unknown,05 - Packed snow,10 - No control,,1,0,0,0,,0,,,,,370771.3235,5033594.904,45.43917327,-75.65674695,6062
18--2550,2/21/2018,10:41 PM,BANK ST @ HERON RD (0002155),2155,02 - Intersection related,03 - P.D. only,04 - Sideswipe,01 - Clear,07 - Dark,01 - Dry,01 - Traffic signal,01 - Functioning,2,0,0,0,,0,,,,,369995.7204,5026851.543,45.37857177,-75.66755152,6063
18--2551,2/21/2018,10:59 PM,BEAUSEJOUR DR @ JEANNE D'ARC BLVD (0003636),3636,03 - At intersection,03 - P.D. only,05 - Turning movement,01 - Clear,07 - Dark,06 - Ice,01 - Traffic signal,01 - Functioning,2,0,0,0,,0,,,,,381420.7472,5036060.571,45.46027142,-75.52025938,6064
18--2552,2/21/2018,11:24 AM,LAURIER AVE   E btwn LAURIER AVE W & NICHOLAS ST (__3E4JGF),__3E4JGF,01 - Non intersection,03 - P.D. only,04 - Sideswipe,01 - Clear,01 - Daylight,02 - Wet,10 - No control,,2,0,0,0,,0,,,,,368309.0925,5031759.312,45.42288527,-75.68845298,6065
18--2553,2/21/2018,11:24 AM,CALDWELL AVE @ MERIVALE RD (0011432),11432,02 - Intersection related,03 - P.D. only,03 - Rear end,02 - Rain,01 - Daylight,02 - Wet,01 - Traffic signal,01 - Functioning,2,0,0,0,,0,,,,,364907.3972,5026230.412,45.37343796,-75.73259103,6066
18--2554,2/21/2018,11:30 AM,COLONEL BY DR @ MAIN ST (0002626),2626,02 - Intersection related,03 - P.D. only,03 - Rear end,02 - Rain,01 - Daylight,02 - Wet,02 - Stop sign,01 - Functioning,2,0,0,0,,0,,,,,368859.7037,5030914.575,45.41523442,-75.68152757,6067
18--2555,2/21/2018,11:49 AM,BRONSON AVE @ THIRD AVE (0007716),7716,02 - Intersection related,02 - Non-fatal injury,03 - Rear end,01 - Clear,01 - Daylight,01 - Dry,02 - Stop sign,01 - Functioning,2,0,0,0,01 - Minimal,2,2,,,,367550.7119,5029087.558,45.39891408,-75.69848305,6068
18--2556,2/21/2018,11:50 AM,LOLA ST @ QUEEN MARY ST (0007957),7957,03 - At intersection,03 - P.D. only,02 - Angle,01 - Clear,01 - Daylight,02 - Wet,02 - Stop sign,01 - Functioning,2,0,0,0,,0,,,,,371129.3752,5032045.977,45.42520283,-75.65237945,6069
18--2557,2/21/2018,Unknown,LAURIER AVE   W btwn LYON ST N & KENT ST (__3ZA3CQ),__3ZA3CQ,01 - Non intersection,03 - P.D. only,06 - SMV unattended vehicle,01 - Clear,00 - Unknown,01 - Dry,10 - No control,,1,0,0,0,,0,,,,,367197.2497,5031096.444,45.41702104,-75.70274314,6070
18--2558,2/21/2018,12:46 PM,CANTERBURY AVE/HAIG DR @ KILBORN AVE (0007791),7791,02 - Intersection related,02 - Non-fatal injury,02 - Angle,02 - Rain,01 - Daylight,02 - Wet,02 - Stop sign,01 - Functioning,2,0,0,0,02 - Minor,1,,1,,,372541.7287,5028108.544,45.38964022,-75.63487409,6071
18--2559,2/21/2018,2:16 PM,BLAIR RD @ INNES RD (0004165),4165,02 - Intersection related,03 - P.D. only,04 - Sideswipe,01 - Clear,01 - Daylight,02 - Wet,01 - Traffic signal,01 - Functioning,2,0,0,0,,0,,,,,375578.7349,5031439.555,45.41931053,-75.59561528,6072
18--256,1/5/2018,12:00 PM,HIGHWAY 417 btwn HWY417 IC118 RAMP35 & HWY417 IC117 RAMP51 (__3ZA2YP),__3ZA2YP,01 - Non intersection,03 - P.D. only,03 - Rear end,01 - Clear,01 - Daylight,06 - Ice,10 - No control,,2,0,0,0,,0,,,,,369787.8228,5031136.926,45.41714947,-75.66964118,6073
18--2560,2/21/2018,3:00 AM,RUSSELL RD btwn RUISSELLET RD & LANGLADE RD (__3ZA1O2),__3ZA1O2,01 - Non intersection,03 - P.D. only,07 - SMV other,"07 - Fog, mist, smoke, dust",07 - Dark,02 - Wet,10 - No control,,1,0,0,0,,0,,,,,398999.9384,5028983.835,45.39445618,-75.29687504,6074
18--2561,2/21/2018,3:20 PM,CONROY RD @ HUNT CLUB RD (0002257),2257,02 - Intersection related,03 - P.D. only,04 - Sideswipe,01 - Clear,01 - Daylight,01 - Dry,01 - Traffic signal,01 - Functioning,2,0,0,0,,0,,,,,373763.7404,5025404.522,45.36519134,-75.61964732,6075
18--2562,2/21/2018,3:42 PM,GREENBANK RD @ MALVERN DR/FOXFIELD DR (0009821),9821,02 - Intersection related,03 - P.D. only,04 - Sideswipe,01 - Clear,01 - Daylight,01 - Dry,01 - Traffic signal,01 - Functioning,2,0,0,0,,0,,,,,363311.6858,5016194.433,45.28326986,-75.75414833,6076
18--2563,2/21/2018,3:50 PM,PRINCE OF WALES DR @ WEST HUNT CLUB RD (0000567),567,02 - Intersection related,03 - P.D. only,04 - Sideswipe,01 - Clear,01 - Daylight,01 - Dry,01 - Traffic signal,01 - Functioning,2,0,0,0,,0,,,,,367458.7098,5021891.504,45.3341739,-75.70057068,6077
18--2564,2/21/2018,3:55 PM,CADBORO RD @ OGILVIE RD (0012429),12429,02 - Intersection related,03 - P.D. only,03 - Rear end,01 - Clear,01 - Daylight,01 - Dry,01 - Traffic signal,01 - Functioning,2,0,0,0,,0,,,,,373600.7221,5032664.563,45.43052984,-75.62071546,6078
18--2565,2/21/2018,4:07 PM,LAURIER AVE   W btwn METCALFE ST & ELGIN ST (__3ZA35P),__3ZA35P,04 - At/near private drive,03 - P.D. only,06 - SMV unattended vehicle,01 - Clear,01 - Daylight,02 - Wet,10 - No control,,1,0,0,0,,0,,,,,367878.55,5031504.906,45.42063516,-75.69398666,6079
18--2566,2/21/2018,4:14 PM,OTTAWA RIVER PKWY WB btwn TUNNEY'S PASTURE/REMIC RAPIDS ENT & PARKDALE (__3ZA24KA),__3ZA24KA,01 - Non intersection,03 - P.D. only,03 - Rear end,01 - Clear,01 - Daylight,01 - Dry,10 - No control,,4,0,0,0,,0,,,,,363358.9514,5029594.152,45.40383547,-75.75195964,6080
18--2567,2/21/2018,4:27 PM,BRONSON AVE @ CARLING AVE/GLEBE AVE (0002134),2134,02 - Intersection related,03 - P.D. only,04 - Sideswipe,01 - Clear,01 - Daylight,01 - Dry,01 - Traffic signal,01 - Functioning,2,0,0,0,,0,,,,,367447.7067,5029335.561,45.40115477,-75.69976711,6081
18--2568,2/21/2018,4:40 PM,CUMMINGS AVE btwn WELDON DR & OGILVIE RD (__3ZA7UQ),__3ZA7UQ,04 - At/near private drive,03 - P.D. only,02 - Angle,01 - Clear,01 - Daylight,05 - Packed snow,10 - No control,,2,0,0,0,,0,,,,,372733.8447,5032200.329,45.42643763,-75.63185705,6082
18--2569,2/21/2018,5:04 PM,CYRVILLE RD btwn STAR TOP RD & MEADOWBROOK RD (__3ZA3SN),__3ZA3SN,01 - Non intersection,03 - P.D. only,03 - Rear end,01 - Clear,01 - Daylight,02 - Wet,10 - No control,,2,0,0,0,,0,,,,,374278.1753,5031329.413,45.4184499,-75.61224686,6083
18--257,1/5/2018,12:13 PM,ST. LAURENT BLVD btwn FOLEY AVE & WALKLEY RD (__3ZA73H),__3ZA73H,04 - At/near private drive,03 - P.D. only,07 - SMV other,01 - Clear,01 - Daylight,06 - Ice,10 - No control,,1,0,0,0,,0,,,,,373892.5585,5028066.193,45.3891272,-75.61763068,6084
18--2570,2/21/2018,5:30 PM,CUMMINGS AVE btwn OGILVIE RD & LABELLE ST (__3ZA7QG),__3ZA7QG,01 - Non intersection,03 - P.D. only,02 - Angle,01 - Clear,05 - Dusk,05 - Packed snow,10 - No control,,2,0,0,0,,0,,,,,372841.3091,5031967.067,45.42432841,-75.63051611,6085
18--2571,2/21/2018,6:26 PM,CARLING AVE @ BAYSHORE DR/BIRCHDALE AVE (0000021),21,02 - Intersection related,03 - P.D. only,04 - Sideswipe,01 - Clear,07 - Dark,01 - Dry,01 - Traffic signal,01 - Functioning,2,0,0,0,,0,,,,,359004.8713,5023990.612,45.3537657,-75.80819019,6086
18--2572,2/21/2018,6:29 PM,BAYSHORE DR btwn WOODRIDGE CRES S & BAYSHORE CS (__3ZAA4OB),__3ZAA4OB,01 - Non intersection,03 - P.D. only,04 - Sideswipe,01 - Clear,07 - Dark,01 - Dry,10 - No control,,2,0,0,0,,0,,,,,359172.8013,5023633.492,45.35053933,-75.80608635,6087
18--2573,2/21/2018,6:30 AM,LATOUR CRES btwn GARDENWAY DR & GARDENWAY DR (__3ZA5SX),__3ZA5SX,01 - Non intersection,03 - P.D. only,06 - SMV unattended vehicle,01 - Clear,03 - Dawn,01 - Dry,10 - No control,,1,0,0,0,,0,,,,,383933.6774,5036766.995,45.46634707,-75.48801808,6088
18--2574,2/21/2018,7:02 AM,LACASSE AVE @ MONTREAL RD (0009797),9797,02 - Intersection related,03 - P.D. only,07 - SMV other,02 - Rain,03 - Dawn,02 - Wet,01 - Traffic signal,01 - Functioning,1,0,0,0,,0,,,,,370686.358,5033407.989,45.4374995,-75.65785789,6089
18--2575,2/21/2018,8:06 PM,STRANDHERD DR @ WOODROFFE AVE (0009688),9688,02 - Intersection related,03 - P.D. only,03 - Rear end,01 - Clear,07 - Dark,01 - Dry,01 - Traffic signal,01 - Functioning,2,0,0,0,,0,,,,,366106.1538,5015395.149,45.27583979,-75.71862907,6090
18--2576,2/21/2018,8:13 AM,WESTBURY RD btwn HIGHGATE RD & RIDEOUT CRES (__3ZAA4U),__3ZAA4U,01 - Non intersection,03 - P.D. only,06 - SMV unattended vehicle,01 - Clear,01 - Daylight,06 - Ice,10 - No control,,1,0,0,0,,0,,,,,362065.1991,5023669.998,45.35063759,-75.76917186,6091
18--2577,2/21/2018,8:17 AM,OTTAWA RIVER PKWY EB btwn TRANSIT & TURN LANE (1) (__3ZA232),__3ZA232,01 - Non intersection,03 - P.D. only,03 - Rear end,02 - Rain,01 - Daylight,02 - Wet,10 - No control,,2,0,0,0,,0,,,,,363239.5967,5029356.609,45.40170808,-75.75351232,6092
18--2578,2/21/2018,8:20 AM,DWELLINGHAM PRIV @ ST. LAURENT BLVD (0006421),6421,02 - Intersection related,03 - P.D. only,05 - Turning movement,01 - Clear,01 - Daylight,02 - Wet,10 - No control,,2,0,0,0,,0,,,,,373534.6694,5028953.765,45.39714839,-75.62207704,6093
18--2579,2/21/2018,8:20 AM,COLONNADE RD @ MERIVALE RD (0004569),4569,02 - Intersection related,03 - P.D. only,03 - Rear end,01 - Clear,01 - Daylight,02 - Wet,01 - Traffic signal,01 - Functioning,2,0,0,0,,0,,,,,365363.695,5022544.496,45.34023338,-75.72721746,6094
18--258,1/5/2018,12:52 PM,HARE AVE @ LENESTER AVE (0003066),3066,03 - At intersection,03 - P.D. only,99 - Other,03 - Snow,01 - Daylight,04 - Slush,02 - Stop sign,01 - Functioning,2,0,0,0,,0,,,,,362509.9554,5025807.531,45.36983446,-75.76324669,6095
18--2580,2/21/2018,8:23 PM,RIVERSIDE DR SB btwn FROBISHER LANE & HINCKS LANE (__3ZAZRX),__3ZAZRX,01 - Non intersection,03 - P.D. only,03 - Rear end,01 - Clear,07 - Dark,06 - Ice,10 - No control,,7,0,0,0,,0,,,,,370144.8962,5030155.508,45.40828579,-75.6652094,6096
18--2581,2/21/2018,8:40 AM,HIGHWAY 417 btwn HWY417 IC115 RAMP61 & REGIONAL ROAD 174 (__3ZA2XG),__3ZA2XG,01 - Non intersection,03 - P.D. only,03 - Rear end,02 - Rain,01 - Daylight,02 - Wet,10 - No control,,2,0,0,0,,0,,,,,373013.9719,5031624.557,45.42122986,-75.62835738,6097
18--2582,2/21/2018,8:49 PM,WEST HUNT CLUB RD @ WOODROFFE AVE (0000576),576,02 - Intersection related,02 - Non-fatal injury,07 - SMV other,01 - Clear,07 - Dark,06 - Ice,01 - Traffic signal,01 - Functioning,1,0,0,0,03 - Major,1,,,1,,363671.0394,5021245.792,45.32869183,-75.74896805,6098
18--2583,2/21/2018,8:49 PM,AIRPORT PKWY/BROOKFIELD RD @ FLANNERY DR/AIRPORT PKWY RAMPS 52A/53 (0006850),6850,03 - At intersection,03 - P.D. only,04 - Sideswipe,01 - Clear,07 - Dark,06 - Ice,11 - Roundabout,01 - Functioning,2,0,0,0,,0,,,,,368694.7208,5026294.528,45.37367976,-75.68423363,6099
18--2584,2/21/2018,8:49 PM,AIRPORT PKWY/BROOKFIELD RD @ FLANNERY DR/AIRPORT PKWY RAMPS 52A/53 (0006850),6850,03 - At intersection,03 - P.D. only,04 - Sideswipe,01 - Clear,07 - Dark,06 - Ice,11 - Roundabout,01 - Functioning,2,0,0,0,,0,,,,,368694.721,5026294.528,45.37367976,-75.68423363,6100
18--2585,2/21/2018,8:55 AM,CITY CENTRE AVE btwn ALBERT ST & ELM ST (__3ZA0WJ),__3ZA0WJ,01 - Non intersection,03 - P.D. only,06 - SMV unattended vehicle,01 - Clear,01 - Daylight,02 - Wet,10 - No control,,1,0,0,0,,0,,,,,365963.8971,5030322.434,45.41016561,-75.7185964,6101
18--2316,2/14/2018,1:30 PM,YORK ST WB btwn CUMBERLAND ST & SPLIT (__3ZA82X),__3ZA82X,01 - Non intersection,03 - P.D. only,06 - SMV unattended vehicle,01 - Clear,01 - Daylight,02 - Wet,10 - No control,,1,0,0,0,,0,,,,,368175.9508,5032488.956,45.42946242,-75.69006026,6102
18--2317,2/14/2018,1:57 PM,ABETTI RDG/RIVERSTONE DR @ JOCKVALE RD (0009699),9699,03 - At intersection,03 - P.D. only,02 - Angle,01 - Clear,01 - Daylight,02 - Wet,01 - Traffic signal,01 - Functioning,2,0,0,0,,0,,,,,365164.8638,5013549.969,45.25931832,-75.73084935,6103
18--2318,2/14/2018,10:10 AM,RICHMOND RD btwn PATRICIA AVE & LEIGHTON TER (__3ZA4PL),__3ZA4PL,01 - Non intersection,03 - P.D. only,06 - SMV unattended vehicle,01 - Clear,01 - Daylight,01 - Dry,10 - No control,,1,0,0,0,,0,,,,,363985.0316,5028773.447,45.39639827,-75.74406119,6104
18--2319,2/14/2018,10:20 AM,COLONNADE RD @ PRINCE OF WALES DR (0005249),5249,02 - Intersection related,03 - P.D. only,03 - Rear end,01 - Clear,01 - Daylight,01 - Dry,01 - Traffic signal,01 - Functioning,2,0,0,0,,0,,,,,367394.7117,5023266.516,45.34655171,-75.70121315,6105
18--232,1/5/2018,1:00 PM,MAITLAND AVE/GLENMOUNT AVE @ ERINDALE DR (0002724),2724,03 - At intersection,03 - P.D. only,05 - Turning movement,01 - Clear,01 - Daylight,01 - Dry,01 - Traffic signal,01 - Functioning,2,0,0,0,,0,,,,,363697.5634,5025211.261,45.36437051,-75.74815749,6106
18--2320,2/14/2018,11:00 PM,ADAMS AVE btwn HOLT CRES & HOLT CRES (__3ZA74P),__3ZA74P,01 - Non intersection,03 - P.D. only,06 - SMV unattended vehicle,01 - Clear,07 - Dark,01 - Dry,10 - No control,,1,0,0,0,,0,,,,,372717.2431,5028457.894,45.39276652,-75.63258478,6107
18--2321,2/14/2018,11:27 AM,CAMPEAU DR/HWY 417 MARCH IC138R63 @ MARCH RD (0009710),9710,02 - Intersection related,02 - Non-fatal injury,03 - Rear end,01 - Clear,01 - Daylight,01 - Dry,01 - Traffic signal,01 - Functioning,2,0,0,0,02 - Minor,1,,1,,,352841.6247,5020476.467,45.32259414,-75.8871873,6108
18--2322,2/14/2018,11:30 AM,HAIG DR @ PLEASANT PARK RD (0008323),8323,03 - At intersection,03 - P.D. only,02 - Angle,01 - Clear,01 - Daylight,01 - Dry,02 - Stop sign,01 - Functioning,2,0,0,0,,0,,,,,372401.6909,5028587.247,45.39396092,-75.63659672,6109
18--2323,2/14/2018,11:42 PM,WOODROFFE AVE btwn HWY417 IC127 RAMP36 & HWY417 IC127 RAMP62 (__3ZA4L5),__3ZA4L5,01 - Non intersection,03 - P.D. only,04 - Sideswipe,01 - Clear,07 - Dark,01 - Dry,10 - No control,,2,0,0,0,,0,,,,,362044.9369,5025033.89,45.36291145,-75.76927249,6110
18--2324,2/14/2018,11:55 PM,THAMES ST btwn ARCHIBALD ST & MERIVALE RD (__3ZA060),__3ZA060,01 - Non intersection,03 - P.D. only,07 - SMV other,01 - Clear,07 - Dark,03 - Loose snow,10 - No control,,1,0,0,0,,0,,,,,364781.5334,5027447.726,45.38440192,-75.73404995,6111
18--2325,2/14/2018,12:00 PM,CYRVILLE RD @ INNES RD (0009352),9352,02 - Intersection related,03 - P.D. only,03 - Rear end,01 - Clear,01 - Daylight,01 - Dry,01 - Traffic signal,01 - Functioning,2,0,0,0,,0,,,,,375047.7247,5031119.565,45.41648496,-75.60244511,6112
18--2326,2/14/2018,12:07 PM,CARLING AVE @ KIRKWOOD AVE N (0002358),2358,03 - At intersection,03 - P.D. only,05 - Turning movement,01 - Clear,01 - Daylight,01 - Dry,01 - Traffic signal,01 - Functioning,2,0,0,0,,0,,,,,364276.7876,5027494.344,45.38486442,-75.74048924,6113
18--2327,2/14/2018,12:37 PM,BULLMAN ST @ PARKDALE AVE (0006500),6500,03 - At intersection,03 - P.D. only,02 - Angle,01 - Clear,01 - Daylight,02 - Wet,02 - Stop sign,01 - Functioning,2,0,0,0,,0,,,,,364994.6981,5029622.56,45.40395234,-75.73106278,6114
18--2328,2/14/2018,12:45 PM,BATHGATE DR @ DEN HAAG DR (0008960),8960,02 - Intersection related,02 - Non-fatal injury,03 - Rear end,01 - Clear,01 - Daylight,01 - Dry,02 - Stop sign,01 - Functioning,2,0,0,0,01 - Minimal,2,2,,,,373407.7192,5033925.575,45.44189473,-75.62300604,6115
18--2329,2/14/2018,12:52 PM,NUGGETT DR btwn NATALIE WAY & NATALIE WAY (__3ZA6C0),__3ZA6C0,04 - At/near private drive,03 - P.D. only,02 - Angle,01 - Clear,01 - Daylight,01 - Dry,10 - No control,,2,0,0,0,,0,,,,,381542.5977,5035703.78,45.45704794,-75.51875721,6116
18--233,1/5/2018,1:07 AM,MILL HILL RD @ ROBERTSON RD (0000601),601,02 - Intersection related,02 - Non-fatal injury,03 - Rear end,06 - Strong wind,07 - Dark,06 - Ice,02 - Stop sign,01 - Functioning,2,0,0,0,02 - Minor,2,1,1,,,356241.6566,5019959.467,45.31770119,-75.84387339,6117
18--2330,2/14/2018,12:54 PM,CONSTELLATION CRES @ BASELINE RD (0011415),11415,03 - At intersection,02 - Non-fatal injury,03 - Rear end,01 - Clear,01 - Daylight,02 - Wet,01 - Traffic signal,01 - Functioning,4,0,0,0,02 - Minor,2,,2,,,362273.388,5023596.318,45.34995759,-75.7665237,6118
18--2331,2/14/2018,2:24 PM,SMYTH RD @ SMYTH RD NORTH SIDE RAMP/SMYTH RD S (0006582),6582,02 - Intersection related,03 - P.D. only,03 - Rear end,01 - Clear,01 - Daylight,01 - Dry,03 - Yield sign,01 - Functioning,2,0,0,0,,0,,,,,369917.1877,5029121.391,45.3990024,-75.66825466,6119
18--2332,2/14/2018,3:39 PM,DATA CENTRE RD @ RIVERSIDE DR (0010863),10863,02 - Intersection related,03 - P.D. only,03 - Rear end,01 - Clear,01 - Daylight,02 - Wet,01 - Traffic signal,01 - Functioning,3,0,0,0,,0,,,,,368897.4493,5027671.907,45.3860545,-75.68146678,6120
18--2333,2/14/2018,3:50 PM,MERIVALE RD @ SLACK RD (0000110),110,03 - At intersection,02 - Non-fatal injury,05 - Turning movement,01 - Clear,01 - Daylight,02 - Wet,01 - Traffic signal,01 - Functioning,2,0,0,0,02 - Minor,2,1,1,,,366019.7008,5020955.493,45.32587882,-75.71904425,6121
18--2334,2/14/2018,3:57 PM,CARLING AVE WB btwn RITCHIE ST & GREENVIEW AVE (__3ZA4VR),__3ZA4VR,01 - Non intersection,02 - Non-fatal injury,03 - Rear end,01 - Clear,01 - Daylight,02 - Wet,10 - No control,,4,0,0,0,02 - Minor,1,,1,,,359758.4486,5024473.303,45.35805029,-75.79851944,6122
18--2335,2/14/2018,4:15 PM,CRESTHAVEN DR btwn LEIKIN DR & VERSILIA DR (__4CZRNW),__4CZRNW,01 - Non intersection,03 - P.D. only,06 - SMV unattended vehicle,01 - Clear,01 - Daylight,02 - Wet,10 - No control,,1,0,0,0,,0,,,,,367008.8139,5016385.407,45.28467077,-75.70700129,6123
18--2336,2/14/2018,5:50 PM,POWELL AVE btwn BRONSON AVE & PERCY ST (__3ZA927),__3ZA927,01 - Non intersection,03 - P.D. only,04 - Sideswipe,01 - Clear,05 - Dusk,02 - Wet,10 - No control,,3,0,0,0,,0,,,,,367521.1563,5029555.585,45.4031279,-75.69880101,6124
18--2337,2/14/2018,6:01 PM,CARLING AVE @ MOODIE DR/JAMES CUMMINGS AVE W (0000158),158,03 - At intersection,03 - P.D. only,05 - Turning movement,01 - Clear,07 - Dark,02 - Wet,01 - Traffic signal,01 - Functioning,2,0,0,0,,0,,,,,356001.6547,5023937.511,45.35351361,-75.84652278,6125
18--2338,2/14/2018,6:51 AM,BARNSDALE RD @ PRINCE OF WALES DR (0001082),1082,02 - Intersection related,03 - P.D. only,03 - Rear end,03 - Snow,03 - Dawn,04 - Slush,02 - Stop sign,01 - Functioning,2,0,0,0,,0,,,,,366646.6962,5011532.413,45.24103569,-75.71222108,6126
18--2339,2/14/2018,6:54 PM,BURRIS LANE @ MERIVALE RD (0002014),2014,03 - At intersection,02 - Non-fatal injury,07 - SMV other,01 - Clear,07 - Dark,02 - Wet,01 - Traffic signal,01 - Functioning,1,0,0,1,02 - Minor,1,,1,,,364881.0548,5025066.823,45.36297044,-75.73306883,6127
18--234,1/5/2018,1:45 PM,HWY417 IC142 RAMP51 btwn HIGHWAY 417 & HWY417 IC142 RAMP52 (__3ZAY5G),__3ZAY5G,01 - Non intersection,03 - P.D. only,07 - SMV other,06 - Strong wind,01 - Daylight,01 - Dry,10 - No control,,1,0,0,0,,0,,,,,348594.7506,5016884.534,45.29055061,-75.94167455,6128
18--2340,2/14/2018,7:14 AM,ORLEANS BLVD @ NAVAN RD (0012474),12474,03 - At intersection,03 - P.D. only,02 - Angle,01 - Clear,01 - Daylight,01 - Dry,01 - Traffic signal,01 - Functioning,2,0,0,0,,0,,,,,380596.5182,5033091.748,45.43365014,-75.53125454,6129
18--2341,2/14/2018,7:41 AM,MACKENZIE KING BR/WALLER ST @ NICHOLAS ST/WALL (0011251),11251,03 - At intersection,02 - Non-fatal injury,07 - SMV other,01 - Clear,01 - Daylight,01 - Dry,01 - Traffic signal,01 - Functioning,1,0,0,1,01 - Minimal,1,1,,,,368373.3872,5031992.44,45.42497703,-75.68760139,6130
18--2342,2/14/2018,7:49 AM,ALBION RD btwn DEL ZOTTO AVE & HIGH RD (__3ZBOF9),__3ZBOF9,01 - Non intersection,02 - Non-fatal injury,07 - SMV other,01 - Clear,01 - Daylight,06 - Ice,10 - No control,,1,0,0,0,01 - Minimal,1,1,,,,374202.9443,5018744.204,45.30522098,-75.61497538,6131
18--2343,2/14/2018,8:07 AM,HIGHWAY 417 btwn TRANSIT & HWY417 IC127 RAMP16 (__3ZA2SJ),__3ZA2SJ,01 - Non intersection,03 - P.D. only,03 - Rear end,01 - Clear,01 - Daylight,06 - Ice,10 - No control,,2,0,0,0,,0,,,,,361522.1204,5024384.341,45.35710935,-75.77602021,6132
18--2344,2/14/2018,8:18 AM,COLONEL BY DR @ HOG'S BACK RD (0002635),2635,02 - Intersection related,03 - P.D. only,03 - Rear end,01 - Clear,01 - Daylight,01 - Dry,01 - Traffic signal,01 - Functioning,2,0,0,0,,0,,,,,367602.7097,5025873.538,45.36999052,-75.69822787,6133
18--2345,2/14/2018,8:24 AM,SMYTH RD @ SMYTH RD NORTH SIDE RAMP/SMYTH RD S (0006582),6582,02 - Intersection related,02 - Non-fatal injury,03 - Rear end,01 - Clear,01 - Daylight,01 - Dry,03 - Yield sign,01 - Functioning,2,0,0,0,01 - Minimal,1,1,,,,369917.1876,5029121.391,45.3990024,-75.66825466,6134
18--2346,2/14/2018,8:25 AM,LEES AVE btwn ROSEMERE AVE & CONCORD ST S (__3ZA3QX),__3ZA3QX,04 - At/near private drive,03 - P.D. only,02 - Angle,01 - Clear,01 - Daylight,03 - Loose snow,10 - No control,,2,0,0,0,,0,,,,,369242.2161,5030697.9,45.41324973,-75.67666916,6135
18--2347,2/14/2018,8:39 AM,HERON RD WB btwn PRINCE OF WALES DR & HERON RD WB ON RAMP/VINCENT MASS (__3ZA37C),__3ZA37C,01 - Non intersection,03 - P.D. only,03 - Rear end,01 - Clear,01 - Daylight,02 - Wet,10 - No control,,3,0,0,0,,0,,,,,367135.0125,5026483.236,45.37551819,-75.7041212,6136
18--2348,2/14/2018,8:47 PM,EARL ARMSTRONG RD @ BOWESVILLE RD (0009411),9411,03 - At intersection,02 - Non-fatal injury,02 - Angle,01 - Clear,07 - Dark,02 - Wet,02 - Stop sign,01 - Functioning,2,0,0,0,02 - Minor,1,,1,,,372560.6708,5017440.716,45.2936529,-75.63609333,6137
18--2349,2/14/2018,9:06 AM,GREENBANK RD btwn CAMBRIAN RD & DUNDONALD DR (__5DCY38),__5DCY38,04 - At/near private drive,03 - P.D. only,02 - Angle,01 - Clear,01 - Daylight,02 - Wet,10 - No control,,2,0,0,0,,0,,,,,364825.0563,5012734.577,45.25201048,-75.73527718,6138
18--235,1/5/2018,10:09 AM,TENTH LINE RD @ CHARLEMAGNE BLVD S/DES EPINETT (0003686),3686,03 - At intersection,03 - P.D. only,05 - Turning movement,01 - Clear,01 - Daylight,06 - Ice,01 - Traffic signal,01 - Functioning,2,0,0,0,,0,,,,,383640.9751,5036900.456,45.46758093,-75.49173924,6139
18--2350,2/14/2018,9:31 AM,CONROY RD @ WALKLEY RD (0002648),2648,02 - Intersection related,03 - P.D. only,03 - Rear end,01 - Clear,01 - Daylight,02 - Wet,01 - Traffic signal,01 - Functioning,2,0,0,0,,0,,,,,372903.7228,5027463.531,45.38380156,-75.63034062,6140
18--2351,2/14/2018,9:50 AM,BANK ST btwn BLAIS RD & RIDEAU RD (__3ZA29L),__3ZA29L,04 - At/near private drive,02 - Non-fatal injury,02 - Angle,01 - Clear,01 - Daylight,01 - Dry,10 - No control,,2,0,0,0,02 - Minor,2,,2,,,376352.002,5019267.243,45.30971145,-75.58749858,6141
18--2352,2/14/2018,9:50 PM,BANK ST @ KILBORN AVE/BELANGER AVE (0007208),7208,03 - At intersection,02 - Non-fatal injury,07 - SMV other,01 - Clear,07 - Dark,01 - Dry,01 - Traffic signal,01 - Functioning,1,0,0,1,02 - Minor,1,,1,,,369651.9777,5027427.548,45.38378639,-75.67186446,6142