Anom_ID,Accident_Date,Accident_Time,Location,Geo_ID,Accident_Location,Classification_of_Accident,Initial_Impact_Type,Environment_Condition,Light,Road_Surface_Condition,Traffic_Control,Traffic_Control_Condition,No__of_Vehicles,No__of_Bicycles,No__of_Motorcycles,No__of_Pedestrians,Max_Injury,No__of_Injuries,No__of_Minimal,No__of_Minor,No__of_Major,No__of_Fatal,X,Y,Latitude,Longitude,ObjectId
18--2353,2/14/2018,9:59 AM,RUSSELL RD S @ ST. LAURENT BLVD (0007734),7734,02 - Intersection related,02 - Non-fatal injury,02 - Angle,01 - Clear,01 - Daylight,02 - Wet,01 - Traffic signal,01 - Functioning,2,0,0,0,02 - Minor,1,,1,,,373569.7325,5029260.545,45.39990521,-75.62158647,6143
18--2354,2/15/2018,1:25 AM,FIFTH LINE RD btwn GREENLAND RD & BERRY SIDE RD (__3ZAC25),__3ZAC25,01 - Non intersection,03 - P.D. only,07 - SMV other,01 - Clear,07 - Dark,01 - Dry,10 - No control,,1,0,0,0,,0,,,,,346874.472,5030654.722,45.41456361,-75.96243306,6144
18--2355,2/15/2018,1:32 PM,LAURIER AVE @ NICHOLAS ST (0010711),10711,03 - At intersection,03 - P.D. only,04 - Sideswipe,01 - Clear,01 - Daylight,01 - Dry,01 - Traffic signal,01 - Functioning,2,0,0,0,,0,,,,,368373.6368,5031798.27,45.42322994,-75.68762326,6145
18--2356,2/15/2018,1:43 PM,WALKLEY RD btwn DON REID DR/RYDER ST & 160 W OF CONROY RD (__3ZA2EHA),__3ZA2EHA,01 - Non intersection,03 - P.D. only,04 - Sideswipe,01 - Clear,01 - Daylight,02 - Wet,10 - No control,,2,0,0,0,,0,,,,,372731.2155,5027361.285,45.38289834,-75.63255729,6146
18--2357,2/15/2018,1:47 AM,BESSERER ST @ NICHOLAS ST (0007614),7614,03 - At intersection,03 - P.D. only,04 - Sideswipe,03 - Snow,07 - Dark,02 - Wet,01 - Traffic signal,01 - Functioning,2,0,0,0,,0,,,,,368185.7088,5032111.581,45.42606605,-75.68998414,6147
18--2358,2/15/2018,1:50 PM,LANTHIER DR btwn INNES RD & NO NAME (__3ZA47E),__3ZA47E,04 - At/near private drive,03 - P.D. only,02 - Angle,01 - Clear,01 - Daylight,02 - Wet,10 - No control,,2,0,0,0,,0,,,,,383576.4563,5035905.27,45.45863442,-75.49272369,6148
18--2359,2/15/2018,10:27 AM,BRIAN COBURN BLVD @ TENTH LINE RD (0013966),13966,02 - Intersection related,03 - P.D. only,03 - Rear end,04 - Freezing Rain,01 - Daylight,06 - Ice,01 - Traffic signal,01 - Functioning,2,0,0,0,,0,,,,,384428.3389,5035022.308,45.45059377,-75.48197576,6149
18--236,1/5/2018,10:10 AM,CLEMOW AVE btwn LYON ST S & BANK ST (__3ZA94I),__3ZA94I,01 - Non intersection,03 - P.D. only,04 - Sideswipe,01 - Clear,01 - Daylight,03 - Loose snow,10 - No control,,2,0,0,0,,0,,,,,368095.1385,5029802.37,45.40529673,-75.69143802,6150
18--2360,2/15/2018,10:30 AM,SAUMURE RD btwn RUSSELL RD & DEVINE RD (__3ZA3KQ),__3ZA3KQ,01 - Non intersection,03 - P.D. only,07 - SMV other,04 - Freezing Rain,01 - Daylight,06 - Ice,10 - No control,,1,0,0,0,,0,,,,,400037.1068,5029422.601,45.39826328,-75.28354657,6151
18--2361,2/15/2018,10:44 PM,HOLLY ACRES RD @ CARLING AVE (0000522),522,03 - At intersection,02 - Non-fatal injury,05 - Turning movement,01 - Clear,07 - Dark,02 - Wet,01 - Traffic signal,01 - Functioning,2,0,0,0,02 - Minor,1,,1,,,358234.6562,5023497.518,45.34938793,-75.81807293,6152
18--2362,2/15/2018,11:07 AM,ALGOMA RD btwn KENASTON ST & COMSTOCK RD (__3ZA1HA),__3ZA1HA,04 - At/near private drive,03 - P.D. only,02 - Angle,04 - Freezing Rain,01 - Daylight,06 - Ice,10 - No control,,2,0,0,0,,0,,,,,373409.4181,5031150.422,45.41692515,-75.62337096,6153
18--2363,2/15/2018,11:14 PM,MEADOWLANDS DR btwn CLAYMOR AVE & DEBRA AVE (__3ZA3GTA),__3ZA3GTA,01 - Non intersection,02 - Non-fatal injury,07 - SMV other,01 - Clear,07 - Dark,02 - Wet,10 - No control,,1,0,0,0,01 - Minimal,1,1,,,,367200.4245,5025579.772,45.36738321,-75.70340025,6154
18--2364,2/15/2018,11:21 AM,KEENAN AVE btwn REDWOOD AVE & ROWANWOOD AVE (__3ZAA1B),__3ZAA1B,01 - Non intersection,03 - P.D. only,07 - SMV other,04 - Freezing Rain,01 - Daylight,06 - Ice,10 - No control,,1,0,0,0,,0,,,,,362102.3511,5026980.86,45.3804254,-75.7683138,6155
18--2365,2/15/2018,11:22 PM,HIGHWAY 417 btwn HWY417 IC122 RAMP61 & HWY417 IC121B RAMP16 (__3ZA2Y4),__3ZA2Y4,01 - Non intersection,03 - P.D. only,03 - Rear end,01 - Clear,07 - Dark,02 - Wet,10 - No control,,2,0,0,0,,0,,,,,365715.6529,5029152.475,45.39966026,-75.7219121,6156
18--2366,2/15/2018,11:32 AM,BASELINE RD @ GUTHRIE ST (0002188),2188,02 - Intersection related,03 - P.D. only,04 - Sideswipe,01 - Clear,01 - Daylight,01 - Dry,01 - Traffic signal,01 - Functioning,2,0,0,0,,0,,,,,360242.6764,5022371.5,45.33910016,-75.79257494,6157
18--2367,2/15/2018,11:41 AM,MAITLAND AVE/GLENMOUNT AVE @ ERINDALE DR (0002724),2724,03 - At intersection,02 - Non-fatal injury,07 - SMV other,02 - Rain,01 - Daylight,02 - Wet,01 - Traffic signal,01 - Functioning,1,0,0,1,02 - Minor,1,,1,,,363697.6605,5025211.641,45.36437392,-75.74815621,6158
18--2368,2/15/2018,12:05 PM,BANCHORY CRES btwn MCKINLEY DR & MCKINLEY DR (__3ZA2IE),__3ZA2IE,04 - At/near private drive,03 - P.D. only,06 - SMV unattended vehicle,02 - Rain,01 - Daylight,02 - Wet,10 - No control,,1,0,0,0,,0,,,,,349947.0368,5023713.052,45.35190983,-75.92381305,6159
18--2369,2/15/2018,12:21 AM,ST. JOSEPH BLVD @ JEANNE D'ARC BLVD (0012421),12421,03 - At intersection,03 - P.D. only,02 - Angle,01 - Clear,07 - Dark,02 - Wet,11 - Roundabout,01 - Functioning,2,0,0,0,,0,,,,,379859.6972,5036470.187,45.46412629,-75.54015496,6160
18--237,1/5/2018,10:15 PM,BRONSON AVE RAMP 34 btwn BRONSON AVE & BRONSON AVE RAMPS 35 & 36 (__3ZAYCJ),__3ZAYCJ,01 - Non intersection,03 - P.D. only,07 - SMV other,03 - Snow,07 - Dark,06 - Ice,10 - No control,,1,0,0,0,,0,,,,,368602.9344,5026873.258,45.37889538,-75.68533061,6161
18--2370,2/15/2018,12:56 PM,DIAMONDVIEW RD @ DONALD B. MUNRO DR (0011597),11597,03 - At intersection,02 - Non-fatal injury,02 - Angle,01 - Clear,01 - Daylight,02 - Wet,02 - Stop sign,01 - Functioning,2,0,0,0,02 - Minor,3,2,1,,,338123.1657,5022171.51,45.33869992,-76.07481359,6162
18--2371,2/15/2018,2:41 AM,ALTA VISTA DR btwn EDGE HILL PL & AYERS AVE (__3ZA0TT),__3ZA0TT,01 - Non intersection,03 - P.D. only,03 - Rear end,01 - Clear,07 - Dark,01 - Dry,10 - No control,,2,0,0,0,,0,,,,,370441.2021,5026364.011,45.37414353,-75.66192882,6163
18--2372,2/15/2018,2:49 PM,STONEHAVEN DR @ HARNESS LANE/BLUEMEADOW WAY (0004046),4046,03 - At intersection,03 - P.D. only,02 - Angle,01 - Clear,01 - Daylight,02 - Wet,01 - Traffic signal,01 - Functioning,2,0,0,0,,0,,,,,354573.0637,5016744.484,45.28889242,-75.86547738,6164
18--2373,2/15/2018,3:23 PM,FALLOWFIELD RD btwn STEEPLE HILL CRES & MOODIE DR (__3ZA4Y5),__3ZA4Y5,01 - Non intersection,02 - Non-fatal injury,03 - Rear end,01 - Clear,01 - Daylight,01 - Dry,10 - No control,,2,0,0,0,01 - Minimal,2,2,,,,359405.5941,5014608.286,45.2693118,-75.80411015,6165
18--2374,2/15/2018,3:30 PM,DEAKIN ST @ PRINCE OF WALES DR (0001073),1073,02 - Intersection related,03 - P.D. only,03 - Rear end,01 - Clear,01 - Daylight,02 - Wet,01 - Traffic signal,01 - Functioning,2,0,0,0,,0,,,,,367390.711,5021523.488,45.33086862,-75.70148469,6166
18--2375,2/15/2018,3:43 PM,INNES RD @ TENTH LINE RD (0004633),4633,02 - Intersection related,03 - P.D. only,03 - Rear end,01 - Clear,01 - Daylight,02 - Wet,01 - Traffic signal,01 - Functioning,2,0,0,0,,0,,,,,383951.7608,5036159.561,45.46087989,-75.48788467,6167
18--2376,2/15/2018,4:01 PM,FISHER AVE @ MALIBU TER (0003121),3121,03 - At intersection,02 - Non-fatal injury,05 - Turning movement,01 - Clear,01 - Daylight,02 - Wet,02 - Stop sign,01 - Functioning,2,0,0,0,01 - Minimal,1,1,,,,366261.6978,5025799.531,45.36944351,-75.7153555,6168
18--2377,2/15/2018,4:12 PM,MERIVALE RD btwn BENTLEY AVE & ENTERPRISE AVE (__3ZA3I4),__3ZA3I4,04 - At/near private drive,03 - P.D. only,02 - Angle,01 - Clear,01 - Daylight,02 - Wet,10 - No control,,2,0,0,0,,0,,,,,365810.5366,5021465.229,45.33048357,-75.72164941,6169
18--2378,2/15/2018,4:13 PM,EAGLESON RD @ HAZELDEAN RD/ROBERTSON RD (0002715),2715,03 - At intersection,03 - P.D. only,05 - Turning movement,01 - Clear,01 - Daylight,01 - Dry,01 - Traffic signal,01 - Functioning,2,0,0,0,,0,,,,,353673.6253,5018424.46,45.30407235,-75.87677745,6170
18--2379,2/15/2018,4:17 PM,BANK ST @ JOHNSTON RD (0006967),6967,03 - At intersection,03 - P.D. only,05 - Turning movement,01 - Clear,01 - Daylight,01 - Dry,01 - Traffic signal,01 - Functioning,2,0,0,0,,0,,,,,370851.7306,5024839.528,45.36038816,-75.6568918,6171
18--238,1/5/2018,10:34 PM,KING EDWARD AVE @ LAURIER AVE (0002170),2170,03 - At intersection,02 - Non-fatal injury,07 - SMV other,03 - Snow,07 - Dark,02 - Wet,01 - Traffic signal,01 - Functioning,1,0,0,2,02 - Minor,1,,1,,,368738.6619,5032033.886,45.42531665,-75.68292867,6172
18--2380,2/15/2018,4:42 PM,SLATER ST btwn LYON ST N & KENT ST (__3ZA3CT),__3ZA3CT,04 - At/near private drive,03 - P.D. only,02 - Angle,01 - Clear,01 - Daylight,01 - Dry,10 - No control,,2,0,0,0,,0,,,,,367247.4217,5031241.437,45.41832117,-75.70208378,6173
18--2381,2/15/2018,4:48 PM,METCALFE ST @ QUEEN ST (0003140),3140,03 - At intersection,03 - P.D. only,02 - Angle,02 - Rain,01 - Daylight,02 - Wet,01 - Traffic signal,01 - Functioning,2,0,0,0,,0,,,,,367648.7023,5031680.578,45.42223649,-75.69690094,6174
18--2382,2/15/2018,5:26 PM,MCCARTHY RD @ WALKLEY RD (0006969),6969,02 - Intersection related,03 - P.D. only,03 - Rear end,01 - Clear,07 - Dark,02 - Wet,01 - Traffic signal,01 - Functioning,2,0,0,0,,0,,,,,369249.7175,5025300.522,45.36468516,-75.67727821,6175
18--2383,2/15/2018,5:40 AM,HIGHWAY 417 btwn HIGHWAY 417 & HWY417 IC140 RAMP36 (__3ZA20M),__3ZA20M,01 - Non intersection,02 - Non-fatal injury,07 - SMV other,01 - Clear,07 - Dark,02 - Wet,10 - No control,,1,0,0,0,02 - Minor,1,,1,,,350098.4864,5018126.883,45.30163432,-75.92239137,6176
18--2384,2/15/2018,5:45 PM,HIGHWAY 417 btwn HWY417 IC127 RAMP67 & HWY417 IC126 RAMP16 (__3ZA2X0),__3ZA2X0,01 - Non intersection,03 - P.D. only,03 - Rear end,01 - Clear,05 - Dusk,01 - Dry,10 - No control,,2,0,0,0,,0,,,,,362711.3737,5025313.138,45.36536935,-75.76073345,6177
18--2385,2/15/2018,5:53 PM,WOODROFFE AVE @ GEORGINA DR/LENESTER AVE (0002351),2351,03 - At intersection,03 - P.D. only,07 - SMV other,03 - Snow,07 - Dark,06 - Ice,01 - Traffic signal,01 - Functioning,1,0,0,0,,0,,,,,361910.035,5025369.125,45.36593887,-75.77095562,6178
18--2386,2/15/2018,5:55 PM,MOODIE DR @ WEST HUNT CLUB RD (0010414),10414,02 - Intersection related,03 - P.D. only,03 - Rear end,01 - Clear,05 - Dusk,01 - Dry,01 - Traffic signal,01 - Functioning,2,0,0,0,,0,,,,,357907.6519,5018498.456,45.30443082,-75.82278206,6179
18--2387,2/15/2018,5:58 PM,KIRKWOOD AVE btwn CARLING AVE & COLDREY AVE (__3ZA30X),__3ZA30X,01 - Non intersection,03 - P.D. only,03 - Rear end,01 - Clear,07 - Dark,02 - Wet,10 - No control,,2,0,0,0,,0,,,,,364379.3949,5027273.546,45.382869,-75.73920573,6180
18--2388,2/15/2018,6:05 PM,RIOCAN AVE @ STRANDHERD DR (0010997),10997,02 - Intersection related,03 - P.D. only,05 - Turning movement,01 - Clear,07 - Dark,04 - Slush,01 - Traffic signal,01 - Functioning,2,0,0,0,,0,,,,,364172.2088,5014944.573,45.27195147,-75.74332964,6181
18--2389,2/15/2018,7:45 AM,KENNACRAIG PRIV btwn BLACKLEAF DR & BLACKLEAF DR (__8JUUVS),__8JUUVS,04 - At/near private drive,03 - P.D. only,02 - Angle,02 - Rain,01 - Daylight,04 - Slush,10 - No control,,2,0,0,0,,0,,,,,365075.788,5012303.647,45.24811153,-75.73213538,6182
18--239,1/5/2018,10:36 AM,BREWER RD @ BRONSON AVE (0002240),2240,02 - Intersection related,03 - P.D. only,03 - Rear end,01 - Clear,01 - Daylight,02 - Wet,01 - Traffic signal,01 - Functioning,2,0,0,0,,0,,,,,368109.0471,5027766.436,45.38697675,-75.69152165,6183
18--2390,2/15/2018,8:23 AM,CONROY RD @ HUNT CLUB RD (0002257),2257,02 - Intersection related,03 - P.D. only,04 - Sideswipe,04 - Freezing Rain,01 - Daylight,06 - Ice,01 - Traffic signal,01 - Functioning,2,0,0,0,,0,,,,,373763.74,5025404.523,45.36519135,-75.61964733,6184
18--2391,2/15/2018,8:27 AM,BLAIS RD @ HAWTHORNE RD (0009404),9404,03 - At intersection,02 - Non-fatal injury,02 - Angle,02 - Rain,01 - Daylight,06 - Ice,02 - Stop sign,01 - Functioning,2,0,0,0,02 - Minor,1,,1,,,377873.0278,5020725.884,45.32267901,-75.56788836,6185
18--2392,2/15/2018,8:28 AM,BANK ST @ CONROY RD (0012398),12398,02 - Intersection related,03 - P.D. only,04 - Sideswipe,04 - Freezing Rain,01 - Daylight,06 - Ice,01 - Traffic signal,01 - Functioning,4,0,0,0,,0,,,,,375044.75,5022238.498,45.33657762,-75.60374641,6186
18--2393,2/15/2018,8:30 AM,FRANK KENNY RD @ RUSSELL RD (0004678),4678,02 - Intersection related,03 - P.D. only,07 - SMV other,04 - Freezing Rain,01 - Daylight,06 - Ice,02 - Stop sign,01 - Functioning,1,0,0,0,,0,,,,,392562.5003,5026365.475,45.37173546,-75.37954331,6187
18--2394,2/15/2018,8:40 AM,INNES RD @ LANTHIER DR/PRESTWICK DR (0004251),4251,02 - Intersection related,03 - P.D. only,02 - Angle,01 - Clear,01 - Daylight,06 - Ice,01 - Traffic signal,01 - Functioning,2,0,0,0,,0,,,,,383540.7634,5035988.564,45.45938785,-75.49316667,6188
18--2395,2/15/2018,8:40 AM,HIGHWAY 417 btwn HWY417 IC117 RAMP61 & HWY417 IC115 RAMP36 (__3ZA2RZ),__3ZA2RZ,01 - Non intersection,03 - P.D. only,04 - Sideswipe,04 - Freezing Rain,01 - Daylight,02 - Wet,10 - No control,,2,0,0,0,,0,,,,,371741.4955,5031442.269,45.41971262,-75.6446401,6189
18--2396,2/15/2018,8:44 AM,COLMAN ST @ HARKNESS AVE (0006638),6638,03 - At intersection,02 - Non-fatal injury,02 - Angle,04 - Freezing Rain,01 - Daylight,06 - Ice,03 - Yield sign,01 - Functioning,2,0,0,0,02 - Minor,1,,1,,,369074.7211,5025368.529,45.36531314,-75.67950302,6190
18--2397,2/15/2018,8:51 AM,WALKLEY RD @ DON REID DR/RYDER ST (0008218),8218,02 - Intersection related,03 - P.D. only,03 - Rear end,04 - Freezing Rain,01 - Daylight,06 - Ice,01 - Traffic signal,01 - Functioning,2,0,0,0,,0,,,,,372601.7262,5027284.544,45.3822204,-75.63422114,6191
18--2398,2/15/2018,8:51 AM,RIVERSIDE DR NB btwn BILLINGS BRIDGE SC RAMP SB & BILLINGS BRIDGE SC R (__3ZA1KV),__3ZA1KV,01 - Non intersection,03 - P.D. only,04 - Sideswipe,04 - Freezing Rain,01 - Daylight,06 - Ice,10 - No control,,2,0,0,0,,0,,,,,369196.7793,5027792.739,45.38711425,-75.67762892,6192
18--2399,2/15/2018,8:54 AM,WALL RD btwn MONIQUE AVE & TENTH LINE RD (__3ZA6PV),__3ZA6PV,01 - Non intersection,03 - P.D. only,01 - Approaching,04 - Freezing Rain,01 - Daylight,06 - Ice,10 - No control,,2,0,0,0,,0,,,,,384543.5363,5033051.523,45.43284929,-75.48082256,6193
18--24,1/1/2018,4:35 AM,NICHOLAS ST NB btwn HWY417 IC118 RAMP52 & WALLER ST/TRANSITWAY (__6KCFNL),__6KCFNL,01 - Non intersection,02 - Non-fatal injury,07 - SMV other,01 - Clear,07 - Dark,06 - Ice,10 - No control,,1,0,0,0,01 - Minimal,1,1,,,,369059.4945,5031325.402,45.41891258,-75.67892159,6194
18--240,1/5/2018,10:41 AM,BRONSON AVE @ GLADSTONE AVE (0002110),2110,03 - At intersection,03 - P.D. only,03 - Rear end,01 - Clear,01 - Daylight,02 - Wet,01 - Traffic signal,01 - Functioning,2,0,0,0,,0,,,,,367133.7021,5030081.564,45.40789512,-75.70368337,6195
18--2400,2/15/2018,8:56 AM,BLAIS RD @ HAWTHORNE RD (0009404),9404,03 - At intersection,03 - P.D. only,07 - SMV other,04 - Freezing Rain,01 - Daylight,06 - Ice,02 - Stop sign,01 - Functioning,1,0,0,0,,0,,,,,377875.0313,5020724.491,45.32266627,-75.56786301,6196
18--2401,2/15/2018,8:56 AM,HWY417 IC96 RAMP51 btwn HIGHWAY 417 & BOUNDARY RD (__3ZAY04),__3ZAY04,01 - Non intersection,03 - P.D. only,04 - Sideswipe,02 - Rain,01 - Daylight,06 - Ice,10 - No control,,2,0,0,0,,0,,,,,387349.6294,5023587.056,45.34737108,-75.44654797,6197
18--2402,2/15/2018,8:58 AM,SHEFFIELD RD btwn LEEDS AVE & TO BE DETERMINED (__3ZA2L7),__3ZA2L7,04 - At/near private drive,03 - P.D. only,05 - Turning movement,01 - Clear,01 - Daylight,02 - Wet,10 - No control,,2,0,0,0,,0,,,,,374903.9016,5029460.723,45.40157399,-75.6045184,6198
18--2403,2/15/2018,9:00 AM,AVE. PAUL EMILE LAMARCHE AVE btwn AVE. VINCENT MASSEY AVE & AVE. MONSE (__3ZA8LN),__3ZA8LN,01 - Non intersection,03 - P.D. only,01 - Approaching,04 - Freezing Rain,01 - Daylight,04 - Slush,10 - No control,,2,0,0,0,,0,,,,,371375.8747,5032233.63,45.42686783,-75.64920443,6199
18--2404,2/15/2018,9:03 PM,CASTLEFRANK RD @ HAZELDEAN RD (0003608),3608,02 - Intersection related,03 - P.D. only,05 - Turning movement,01 - Clear,07 - Dark,05 - Packed snow,01 - Traffic signal,01 - Functioning,2,0,0,0,,0,,,,,352677.8782,5017676.769,45.29741302,-75.8895464,6200
18--2856,3/1/2018,12:07 AM,CARLING AVE btwn RIFLE RD & DAVIDSON'S SIDE RD (__3ZBOCR),__3ZBOCR,01 - Non intersection,03 - P.D. only,07 - SMV other,01 - Clear,07 - Dark,01 - Dry,10 - No control,,1,0,0,0,,0,,,,,354105.6205,5023448.995,45.34925376,-75.87076873,6201
18--2946,3/4/2018,12:34 PM,MERIVALE RD @ 110 S OF BURRIS LANE/LOBLAWS SC (0004606),4606,03 - At intersection,03 - P.D. only,02 - Angle,01 - Clear,01 - Daylight,01 - Dry,01 - Traffic signal,01 - Functioning,2,0,0,0,,0,,,,,364815.0448,5024951.821,45.36194132,-75.73392533,6202
18--2947,3/4/2018,2:23 PM,HOLLAND AVE @ WELLINGTON ST (0002364),2364,02 - Intersection related,03 - P.D. only,04 - Sideswipe,01 - Clear,01 - Daylight,01 - Dry,01 - Traffic signal,01 - Functioning,2,0,0,0,,0,,,,,364929.7015,5029153.554,45.39973791,-75.73195017,6203
18--2857,3/1/2018,12:30 PM,HWY417 IC129 RAMP51 btwn ASHLEY ST & HWY417 IC129 RAMP53 (__6KDGCM),__6KDGCM,01 - Non intersection,03 - P.D. only,04 - Sideswipe,01 - Clear,01 - Daylight,01 - Dry,10 - No control,,2,0,0,0,,0,,,,,360403.37,5023301.75,45.34745783,-75.79042015,6204
18--2948,3/4/2018,2:50 PM,ORLEANS BLVD @ ST. JOSEPH BLVD (0004144),4144,02 - Intersection related,03 - P.D. only,03 - Rear end,01 - Clear,01 - Daylight,01 - Dry,01 - Traffic signal,01 - Functioning,2,0,0,0,,0,,,,,380631.7377,5036980.591,45.46863511,-75.53020496,6205
18--2858,3/1/2018,12:34 PM,BLAIR RD @ OGILVIE RD (0004120),4120,02 - Intersection related,03 - P.D. only,03 - Rear end,01 - Clear,01 - Daylight,01 - Dry,01 - Traffic signal,01 - Functioning,2,0,0,0,,0,,,,,374507.7235,5033198.575,45.43524478,-75.60904963,6206
18--2949,3/4/2018,3:34 PM,MONTREAL RD @ VANIER PKWY (0004630),4630,02 - Intersection related,03 - P.D. only,03 - Rear end,01 - Clear,01 - Daylight,01 - Dry,01 - Traffic signal,01 - Functioning,2,0,0,0,,0,,,,,370072.7093,5033065.592,45.43447631,-75.66574594,6207
18--2859,3/1/2018,12:46 PM,PARKDALE AVE @ HWY 417 PARKDAL IC122R15/HWY 41 (0002363),2363,03 - At intersection,02 - Non-fatal injury,05 - Turning movement,01 - Clear,01 - Daylight,01 - Dry,01 - Traffic signal,01 - Functioning,2,0,0,0,01 - Minimal,3,3,,,,365336.698,5028845.555,45.39693153,-75.72678979,6208
18--295,1/5/2018,6:15 PM,CAMBRIDGE ST    S btwn PLYMOUTH ST & POWELL AVE (__3ZBOU2),__3ZBOU2,04 - At/near private drive,03 - P.D. only,02 - Angle,03 - Snow,07 - Dark,03 - Loose snow,10 - No control,,2,0,0,0,,0,,,,,367268.1238,5029473.312,45.40241026,-75.70204335,6209
18--286,1/5/2018,5:35 PM,HIGHWAY 417 btwn HWY417 IC118 RAMP67 & HWY417 IC117 RAMP36 (__3ZA2YO),__3ZA2YO,01 - Non intersection,03 - P.D. only,07 - SMV other,04 - Freezing Rain,05 - Dusk,06 - Ice,10 - No control,,1,0,0,0,,0,,,,,370126.5219,5031111.609,45.41689013,-75.66531739,6210
18--2950,3/4/2018,4:21 PM,VANIER PKWY/CRICHTON ST @ BEECHWOOD AVE/ST. PA (0001604),1604,02 - Intersection related,03 - P.D. only,03 - Rear end,01 - Clear,01 - Daylight,01 - Dry,01 - Traffic signal,01 - Functioning,4,0,0,0,,0,,,,,369127.7971,5033487.134,45.43835674,-75.67776657,6211
18--2860,3/1/2018,2:30 PM,CARLING AVE @ PRESTON ST (0002161),2161,02 - Intersection related,03 - P.D. only,04 - Sideswipe,01 - Clear,01 - Daylight,01 - Dry,01 - Traffic signal,01 - Functioning,2,0,0,0,,0,,,,,366829.7097,5028935.554,45.39761064,-75.70771066,6212
18--2951,3/4/2018,4:30 PM,KLONDIKE RD @ MARCH RD (0003096),3096,02 - Intersection related,03 - P.D. only,03 - Rear end,01 - Clear,01 - Daylight,01 - Dry,01 - Traffic signal,01 - Functioning,2,0,0,0,,0,,,,,349262.9711,5024061.621,45.35509004,-75.93251163,6213
18--2861,3/1/2018,2:53 PM,HERON RD @ WALKLEY RD (0011256),11256,02 - Intersection related,03 - P.D. only,04 - Sideswipe,01 - Clear,01 - Daylight,01 - Dry,01 - Traffic signal,01 - Functioning,2,0,0,0,,0,,,,,372267.1752,5027083.455,45.38044338,-75.63852011,6214
18--2862,3/1/2018,3:47 PM,BERRIGAN DR @ LONGFIELDS DR (0010453),10453,03 - At intersection,03 - P.D. only,02 - Angle,01 - Clear,01 - Daylight,01 - Dry,11 - Roundabout,01 - Functioning,2,0,0,0,,0,,,,,364305.2374,5015646.35,45.27825481,-75.74155029,6215
18--2863,3/1/2018,3:50 PM,HIGHWAY 417 btwn HWY417 IC126 RAMP25 & HWY417 IC124 RAMP57 (__3ZA2R5),__3ZA2R5,01 - Non intersection,03 - P.D. only,03 - Rear end,01 - Clear,01 - Daylight,01 - Dry,10 - No control,,2,0,0,0,,0,,,,,363877.7118,5026779.102,45.37846256,-75.74567053,6216
18--2864,3/1/2018,3:52 PM,BLACKBURN AVE @ SOMERSET ST (0008457),8457,03 - At intersection,03 - P.D. only,02 - Angle,01 - Clear,01 - Daylight,01 - Dry,02 - Stop sign,01 - Functioning,2,0,0,0,,0,,,,,369407.706,5031948.584,45.42448766,-75.67439104,6217
18--2865,3/1/2018,4:07 PM,TYBALT CRES btwn TARQUIN CRES & TYRRELL PL (__3ZABFH),__3ZABFH,01 - Non intersection,02 - Non-fatal injury,07 - SMV other,01 - Clear,01 - Daylight,02 - Wet,10 - No control,,1,0,0,1,02 - Minor,1,,1,,,357173.2389,5019858.534,45.31672411,-75.83200275,6218
18--2866,3/1/2018,5:29 AM,STAGECOACH RD btwn FAWN LANE & KAYCOURT DR (__3ZA2L2),__3ZA2L2,01 - Non intersection,03 - P.D. only,07 - SMV other,01 - Clear,07 - Dark,01 - Dry,10 - No control,,1,0,0,0,,0,,,,,378917.6135,4997201.866,45.11090837,-75.55806678,6219
18--2867,3/1/2018,5:57 PM,BANTREE ST @ INNES RD (0007684),7684,03 - At intersection,03 - P.D. only,05 - Turning movement,01 - Clear,05 - Dusk,01 - Dry,01 - Traffic signal,01 - Functioning,2,0,0,0,,0,,,,,373705.7228,5030406.556,45.41020309,-75.61968949,6220
18--2868,3/1/2018,6:05 PM,ORLEANS BLVD btwn CARRIERE ST & DU SOMMET PL (__3ZA1PK),__3ZA1PK,01 - Non intersection,02 - Non-fatal injury,03 - Rear end,01 - Clear,05 - Dusk,01 - Dry,10 - No control,,2,0,0,0,02 - Minor,2,1,1,,,380846.8344,5036496.077,45.46425246,-75.5275295,6221
18--2869,3/1/2018,6:11 PM,TRIM RD @ WATTERS RD (0012847),12847,03 - At intersection,03 - P.D. only,05 - Turning movement,01 - Clear,05 - Dusk,01 - Dry,01 - Traffic signal,01 - Functioning,2,0,0,0,,0,,,,,384964.6518,5038717.576,45.48377895,-75.47451754,6222
18--287,1/5/2018,5:40 PM,BASELINE RD @ WOODROFFE AVE (0002225),2225,02 - Intersection related,03 - P.D. only,03 - Rear end,01 - Clear,07 - Dark,01 - Dry,01 - Traffic signal,01 - Functioning,2,0,0,0,,0,,,,,362549.6909,5023770.505,45.35150222,-75.76297747,6223
18--2870,3/1/2018,6:18 PM,COLONNADE RD @ MERIVALE RD (0004569),4569,03 - At intersection,03 - P.D. only,03 - Rear end,01 - Clear,05 - Dusk,02 - Wet,01 - Traffic signal,01 - Functioning,2,0,0,0,,0,,,,,365363.6953,5022544.496,45.34023338,-75.72721745,6224
18--2871,3/1/2018,7:07 PM,REGIONAL ROAD 174 btwn OR174 IC102 RAMP51 & REGIONAL ROAD 174 (__3ZA1I7),__3ZA1I7,01 - Non intersection,03 - P.D. only,99 - Other,01 - Clear,07 - Dark,01 - Dry,10 - No control,,2,0,0,0,,0,,,,,381330.7622,5038087.734,45.47852001,-75.52109415,6225
18--2872,3/1/2018,7:54 AM,INDUSTRIAL AVE @ RIVERSIDE DR (0011905),11905,02 - Intersection related,03 - P.D. only,03 - Rear end,01 - Clear,01 - Daylight,01 - Dry,01 - Traffic signal,01 - Functioning,2,0,0,0,,0,,,,,370684.7185,5030592.553,45.41216754,-75.65825542,6226