Anom_ID,Accident_Date,Accident_Time,Location,Geo_ID,Accident_Location,Classification_of_Accident,Initial_Impact_Type,Environment_Condition,Light,Road_Surface_Condition,Traffic_Control,Traffic_Control_Condition,No__of_Vehicles,No__of_Bicycles,No__of_Motorcycles,No__of_Pedestrians,Max_Injury,No__of_Injuries,No__of_Minimal,No__of_Minor,No__of_Major,No__of_Fatal,X,Y,Latitude,Longitude,ObjectId
18--2873,3/1/2018,8:15 AM,WOODROFFE AVE btwn GRENFELL CRES & 260 N OF FALLOWFIELD RD/TRANSITWAY  (__3ZA3IO),__3ZA3IO,01 - Non intersection,03 - P.D. only,03 - Rear end,01 - Clear,01 - Daylight,01 - Dry,10 - No control,,2,0,0,0,,0,,,,,364910.7319,5018345.574,45.30249082,-75.73350631,6227
18--2874,3/1/2018,8:25 AM,RIVERGREEN CRES btwn BRIDLE PARK DR & BRIDLE PARK DR (__3ZGWHA),__3ZGWHA,01 - Non intersection,03 - P.D. only,06 - SMV unattended vehicle,01 - Clear,01 - Daylight,01 - Dry,10 - No control,,1,0,0,0,,0,,,,,355647.0389,5016224.369,45.28413545,-75.85184019,6228
18--2875,3/1/2018,8:40 PM,HAWTHORNE RD @ HUNT CLUB RD (0007651),7651,02 - Intersection related,03 - P.D. only,03 - Rear end,01 - Clear,07 - Dark,01 - Dry,01 - Traffic signal,01 - Functioning,2,0,0,0,,0,,,,,375507.7502,5026406.53,45.37403318,-75.59724359,6229
18--2876,3/1/2018,8:54 AM,RICHMOND RD @ HOLLY ACRES RD/NANAIMO DR (0001068),1068,02 - Intersection related,03 - P.D. only,03 - Rear end,01 - Clear,01 - Daylight,01 - Dry,01 - Traffic signal,00 - Unknown,2,0,0,0,,0,,,,,359058.6719,5022748.496,45.34258495,-75.80763987,6230
18--2877,3/1/2018,8:55 AM,CARLING AVE btwn TURN LANE & MOODIE DR (__3ZA4ZF),__3ZA4ZF,01 - Non intersection,03 - P.D. only,03 - Rear end,01 - Clear,01 - Daylight,01 - Dry,10 - No control,,3,0,0,0,,0,,,,,355996.2139,5023939.751,45.35353416,-75.84659198,6231
18--2878,3/1/2018,8:59 PM,LONGFIELDS DR btwn HORNCHURCH LANE & CALAVERAS AVE (__4FPQNU),__4FPQNU,01 - Non intersection,03 - P.D. only,06 - SMV unattended vehicle,01 - Clear,07 - Dark,01 - Dry,10 - No control,,1,0,0,0,,0,,,,,364332.3906,5015563.072,45.27750318,-75.74121422,6232
18--2879,3/1/2018,9:01 AM,WOODROFFE AVE btwn KNOXDALE RD/MEDHURST DR & NORICE ST (__3ZA3JO),__3ZA3JO,01 - Non intersection,03 - P.D. only,04 - Sideswipe,01 - Clear,01 - Daylight,01 - Dry,10 - No control,,2,0,0,0,,0,,,,,363269.0916,5022211.123,45.33741141,-75.75398132,6233
18--288,1/5/2018,5:40 PM,HIGHWAY 417 btwn HWY417 IC126 RAMP16 & HWY417 IC126 RAMP61 (__3ZA2RC),__3ZA2RC,01 - Non intersection,03 - P.D. only,03 - Rear end,01 - Clear,07 - Dark,01 - Dry,10 - No control,,2,0,0,0,,0,,,,,363092.4518,5025771.816,45.3694649,-75.7558151,6234
18--2880,3/1/2018,9:38 AM,SLATER ST btwn KENT ST & BANK ST (__3ZA349),__3ZA349,01 - Non intersection,03 - P.D. only,04 - Sideswipe,01 - Clear,01 - Daylight,01 - Dry,10 - No control,,2,0,0,0,,0,,,,,367267.4678,5031256.183,45.41845206,-75.7018258,6235
18--2881,3/2/2018,11:53 AM,BASELINE RD @ WOODROFFE AVE (0002225),2225,02 - Intersection related,03 - P.D. only,04 - Sideswipe,01 - Clear,01 - Daylight,01 - Dry,01 - Traffic signal,01 - Functioning,2,0,0,0,,0,,,,,362549.6899,5023770.505,45.35150222,-75.76297748,6236
18--2882,3/2/2018,Unknown,LISGAR ST btwn BANK ST & O'CONNOR ST (__3ZA9UO),__3ZA9UO,01 - Non intersection,03 - P.D. only,06 - SMV unattended vehicle,01 - Clear,00 - Unknown,01 - Dry,10 - No control,,1,0,0,0,,0,,,,,367642.3327,5031087.415,45.41689997,-75.69705798,6237
18--2883,3/2/2018,Unknown,CLIFTON RD btwn WILBER AVE & RICHMOND RD (__3ZA0ZN),__3ZA0ZN,01 - Non intersection,03 - P.D. only,06 - SMV unattended vehicle,01 - Clear,00 - Unknown,02 - Wet,10 - No control,,1,0,0,0,,0,,,,,363676.9935,5028662.498,45.39542594,-75.74800849,6238
18--2884,3/2/2018,12:00 PM,MARKETPLACE AVE btwn GREENBANK RD & TRANSITWAY SOUTHWEST (__4LZBJR),__4LZBJR,01 - Non intersection,03 - P.D. only,05 - Turning movement,01 - Clear,01 - Daylight,01 - Dry,10 - No control,,2,0,0,0,,0,,,,,364017.526,5014607.554,45.26893201,-75.74534102,6239
18--2885,3/2/2018,12:24 PM,GREENBANK RD @ LISA AVE (0002753),2753,02 - Intersection related,02 - Non-fatal injury,03 - Rear end,01 - Clear,01 - Daylight,01 - Dry,01 - Traffic signal,01 - Functioning,3,0,0,0,02 - Minor,1,,1,,,360554.675,5022893.492,45.34377232,-75.78853545,6240
18--2886,3/2/2018,2:15 PM,KANATA AVE @ TERRY FOX DR (0012691),12691,03 - At intersection,02 - Non-fatal injury,05 - Turning movement,01 - Clear,01 - Daylight,01 - Dry,01 - Traffic signal,01 - Functioning,2,0,0,0,02 - Minor,2,1,1,,,349305.8671,5019211.584,45.31144545,-75.93240029,6241
18--2887,3/2/2018,2:25 PM,HIGHWAY 417 btwn HIGHWAY 417 & HWY417 IC140 RAMP36 (__3ZA20M),__3ZA20M,01 - Non intersection,03 - P.D. only,99 - Other,01 - Clear,01 - Daylight,01 - Dry,10 - No control,,4,0,0,0,,0,,,,,350025.7447,5018089.843,45.30130571,-75.92332225,6242
18--2888,3/2/2018,3:36 PM,FALLOWFIELD RD btwn TRANSIT & 482 E OF HOLITMAN DR/BARRHAVEN CROSSING  (__5UXZZVB),__5UXZZVB,05 - At railway crossing,03 - P.D. only,03 - Rear end,01 - Clear,01 - Daylight,01 - Dry,07 - School bus,01 - Functioning,2,0,0,0,,0,,,,,364411.8695,5017517.29,45.29508046,-75.7399665,6243
18--2889,3/2/2018,3:51 PM,FRANKTOWN RD @ DWYER HILL RD (0000087),87,03 - At intersection,03 - P.D. only,02 - Angle,01 - Clear,01 - Daylight,01 - Dry,02 - Stop sign,01 - Functioning,2,0,0,0,,0,,,,,348411.8663,4998734.052,45.12723537,-75.94559493,6244
18--289,1/5/2018,5:49 PM,INNES RD @ ORLEANS BLVD (0003611),3611,02 - Intersection related,03 - P.D. only,03 - Rear end,01 - Clear,07 - Dark,01 - Dry,01 - Traffic signal,01 - Functioning,2,0,0,0,,0,,,,,380460.7947,5034296.403,45.44450342,-75.53280378,6245
18--2890,3/2/2018,3:59 PM,CUMMINGS AVE btwn OGILVIE RD & LABELLE ST (__3ZA7QG),__3ZA7QG,04 - At/near private drive,03 - P.D. only,05 - Turning movement,01 - Clear,01 - Daylight,01 - Dry,10 - No control,,2,0,0,0,,0,,,,,372757.8018,5032151.937,45.4259999,-75.63155761,6246
18--2891,3/2/2018,3:59 PM,GREENBANK RD @ IRIS ST/HWY 417 IC129 RAMP51 (0009073),9073,02 - Intersection related,03 - P.D. only,04 - Sideswipe,01 - Clear,01 - Daylight,01 - Dry,01 - Traffic signal,01 - Functioning,2,0,0,0,,0,,,,,360531.3091,5023312.494,45.34754435,-75.78878638,6247
18--2892,3/2/2018,4:18 PM,WALKLEY RD btwn HALIFAX DR & ST. LAURENT BLVD (__3ZA2EL),__3ZA2EL,01 - Non intersection,03 - P.D. only,04 - Sideswipe,03 - Snow,01 - Daylight,02 - Wet,10 - No control,,2,0,0,0,,0,,,,,373793.3938,5027984.535,45.38840226,-75.61890836,6248
18--2893,3/2/2018,4:56 PM,GRASSY PLAINS DR @ STONEHAVEN DR (0008886),8886,02 - Intersection related,03 - P.D. only,03 - Rear end,01 - Clear,01 - Daylight,01 - Dry,01 - Traffic signal,01 - Functioning,2,0,0,0,,0,,,,,356204.6378,5015964.432,45.28175593,-75.84475972,6249
18--2894,3/2/2018,5:01 PM,TORBOLTON RIDGE RD btwn KINBURN SIDE RD & VANCES SIDE RD (__3ZA1E5),__3ZA1E5,01 - Non intersection,03 - P.D. only,07 - SMV other,01 - Clear,01 - Daylight,06 - Ice,10 - No control,,1,0,0,0,,0,,,,,337235.3023,5032334.621,45.43019309,-76.08547414,6250
18--2895,3/2/2018,5:15 AM,BEECHWOOD AVE @ CHARLEVOIX ST/MACKAY ST (0002248),2248,02 - Intersection related,03 - P.D. only,03 - Rear end,01 - Clear,07 - Dark,01 - Dry,01 - Traffic signal,01 - Functioning,2,0,0,0,,0,,,,,369185.8709,5033592.351,45.4392981,-75.67701059,6251
18--2896,3/2/2018,5:37 PM,RIVERSIDE DR @ UPLANDS DR/KIMBERWICK CRES N (0006890),6890,02 - Intersection related,03 - P.D. only,03 - Rear end,01 - Clear,01 - Daylight,01 - Dry,01 - Traffic signal,01 - Functioning,2,0,0,0,,0,,,,,368194.7159,5022793.5,45.34222376,-75.69106574,6252
18--2897,3/2/2018,6:27 AM,GREENBANK RD @ STRANDHERD DR (0005563),5563,02 - Intersection related,02 - Non-fatal injury,03 - Rear end,01 - Clear,03 - Dawn,01 - Dry,01 - Traffic signal,01 - Functioning,3,0,0,0,02 - Minor,1,,1,,,363933.6841,5014784.418,45.27053049,-75.74638833,6253
18--2898,3/2/2018,6:35 PM,CHERRY DR @ FERNBANK RD (0000395),395,03 - At intersection,03 - P.D. only,02 - Angle,01 - Clear,05 - Dusk,01 - Dry,02 - Stop sign,01 - Functioning,2,0,0,0,,0,,,,,351146.9363,5012341.986,45.24951163,-75.90956319,6254
18--2899,3/2/2018,6:46 PM,RUSSELL RD btwn LANGLADE RD & BIRCHGROVE RD (__3ZA3KT),__3ZA3KT,01 - Non intersection,02 - Non-fatal injury,01 - Approaching,03 - Snow,07 - Dark,02 - Wet,10 - No control,,2,0,0,0,03 - Major,3,,2,1,,399966.2098,5029473.085,45.39872711,-75.28444218,6255
18--29,1/1/2018,6:40 AM,JOCKVALE RD @ EXETER DR/TARTAN DR (0010065),10065,03 - At intersection,03 - P.D. only,02 - Angle,01 - Clear,07 - Dark,02 - Wet,11 - Roundabout,01 - Functioning,2,0,0,0,,0,,,,,363324.0279,5014773.416,45.27048249,-75.75415855,6256
18--290,1/5/2018,5:50 PM,KANATA AVE @ LORD BYNG WAY/MARITIME WAY (0009115),9115,02 - Intersection related,03 - P.D. only,03 - Rear end,05 - Drifting Snow,07 - Dark,04 - Slush,01 - Traffic signal,01 - Functioning,2,0,0,0,,0,,,,,351429.9746,5019331.308,45.31238492,-75.90530093,6257
18--2900,3/2/2018,7:00 PM,ARTHUR ST @ CHRISTIE ST (0005106),5106,03 - At intersection,02 - Non-fatal injury,07 - SMV other,03 - Snow,05 - Dusk,03 - Loose snow,02 - Stop sign,01 - Functioning,1,0,0,1,03 - Major,1,,,1,,366910.3518,5030196.262,45.40894699,-75.70652195,6258
18--2901,3/2/2018,7:34 PM,MORRISON DR @ GREENBANK RD (0002755),2755,02 - Intersection related,03 - P.D. only,03 - Rear end,03 - Snow,07 - Dark,04 - Slush,02 - Stop sign,01 - Functioning,2,0,0,0,,0,,,,,360554.8399,5023127.8,45.34588061,-75.78850693,6259
18--2902,3/2/2018,8:00 PM,ROYAL FIELD CRES btwn WOODGATE WAY & SEDONA ST (__3ZA556),__3ZA556,04 - At/near private drive,03 - P.D. only,06 - SMV unattended vehicle,03 - Snow,07 - Dark,03 - Loose snow,10 - No control,,1,0,0,0,,0,,,,,364986.619,5017625.856,45.29600834,-75.73262609,6260
18--2903,3/2/2018,8:06 PM,RIDEAU ST btwn NELSON ST & FRIEL ST (__3ZA3WJ),__3ZA3WJ,01 - Non intersection,03 - P.D. only,99 - Other,01 - Clear,07 - Dark,03 - Loose snow,10 - No control,,2,0,0,0,,0,,,,,368740.0244,5032551.098,45.42997021,-75.68284411,6261
18--2904,3/2/2018,8:07 AM,BRANTHAVEN ST E @ SOUTHFIELD WAY (0013441),13441,03 - At intersection,03 - P.D. only,02 - Angle,01 - Clear,01 - Daylight,01 - Dry,02 - Stop sign,01 - Functioning,2,0,0,0,,0,,,,,384784.9695,5034842.439,45.44893475,-75.47744632,6262
18--2905,3/2/2018,8:27 AM,WALKLEY RD btwn ST. LAURENT BLVD & MARTHA AVE (__3ZA2EM),__3ZA2EM,01 - Non intersection,03 - P.D. only,03 - Rear end,01 - Clear,01 - Daylight,01 - Dry,10 - No control,,2,0,0,0,,0,,,,,373920.7103,5028057.379,45.38904512,-75.61727244,6263
18--2906,3/2/2018,8:30 AM,BANK ST @ HUNT CLUB RD (0002119),2119,02 - Intersection related,03 - P.D. only,03 - Rear end,01 - Clear,01 - Daylight,01 - Dry,01 - Traffic signal,01 - Functioning,2,0,0,0,,0,,,,,371608.7359,5024096.506,45.35363097,-75.6473306,6264
18--2907,3/2/2018,8:53 PM,SPEEDWAY RD btwn SPRUCE RIDGE RD & END (__7JQ7KY),__7JQ7KY,01 - Non intersection,03 - P.D. only,07 - SMV other,03 - Snow,07 - Dark,02 - Wet,10 - No control,,1,0,0,0,,0,,,,,344817.3987,5010529.197,45.23358765,-75.99034075,6265
18--2908,3/2/2018,8:54 AM,ELGIN ST NB @ WELLINGTON ST/RIDEAU ST (0011369),11369,02 - Intersection related,02 - Non-fatal injury,04 - Sideswipe,01 - Clear,01 - Daylight,01 - Dry,01 - Traffic signal,01 - Functioning,2,0,0,0,01 - Minimal,1,1,,,,367802.7064,5031964.586,45.42477804,-75.6948969,6266
18--2909,3/2/2018,9:37 AM,CARLING AVE/STATION RD @ MARCH RD (0002681),2681,02 - Intersection related,03 - P.D. only,04 - Sideswipe,01 - Clear,01 - Daylight,01 - Dry,01 - Traffic signal,01 - Functioning,2,0,0,0,,0,,,,,350907.6168,5022246.508,45.33865107,-75.91169104,6267
18--291,1/5/2018,5:50 PM,BYRON AVE @ ISLAND PARK DR (0006365),6365,03 - At intersection,03 - P.D. only,03 - Rear end,01 - Clear,07 - Dark,02 - Wet,01 - Traffic signal,01 - Functioning,2,0,0,0,,0,,,,,364255.8156,5028603.508,45.39484625,-75.74062339,6268
18--2910,3/3/2018,1:33 PM,CUMBERLAND ST @ MURRAY ST (0008237),8237,03 - At intersection,03 - P.D. only,02 - Angle,01 - Clear,01 - Daylight,01 - Dry,01 - Traffic signal,01 - Functioning,2,0,0,0,,0,,,,,368169.6516,5032678.888,45.43117194,-75.69011632,6269
18--2911,3/3/2018,1:37 AM,BRUNEL ST @ MONTREAL RD (0010800),10800,02 - Intersection related,03 - P.D. only,03 - Rear end,03 - Snow,07 - Dark,03 - Loose snow,02 - Stop sign,01 - Functioning,2,0,0,0,,0,,,,,372823.7136,5034416.583,45.44636964,-75.63040248,6270
18--2912,3/3/2018,1:40 PM,REGIONAL ROAD 174 btwn QUIGLEY HILL RD & REGIONAL ROAD 174 DIVIDED (__3ZA2Y5),__3ZA2Y5,01 - Non intersection,03 - P.D. only,07 - SMV other,01 - Clear,01 - Daylight,01 - Dry,10 - No control,,1,0,0,0,,0,,,,,388320.7178,5042389.914,45.51642503,-75.4309683,6271
18--2913,3/3/2018,1:42 PM,TENTH LINE RD btwn CANOTIA PL & AMIENS ST (__3ZA2GB),__3ZA2GB,01 - Non intersection,03 - P.D. only,04 - Sideswipe,01 - Clear,01 - Daylight,01 - Dry,10 - No control,,2,0,0,0,,0,,,,,383296.2316,5037699.726,45.47481087,-75.49601964,6272
18--2914,3/3/2018,10:15 PM,CHAMPLAIN ST @ PLACE D'ORLEANS DR (0003595),3595,02 - Intersection related,03 - P.D. only,04 - Sideswipe,01 - Clear,07 - Dark,01 - Dry,01 - Traffic signal,01 - Functioning,2,0,0,0,,0,,,,,381597.2458,5038180.816,45.47932822,-75.5176715,6273
18--2915,3/3/2018,10:30 PM,HIGHWAY 417 btwn HWY 417 ANDERSON IC104R61 & HWY 417 BOUNDARY IC96R16 (__3ZA2W5),__3ZA2W5,01 - Non intersection,03 - P.D. only,07 - SMV other,03 - Snow,07 - Dark,02 - Wet,10 - No control,,1,0,0,0,,0,,,,,381511.6846,5025630.607,45.36642041,-75.52072007,6274
18--2916,3/3/2018,10:44 AM,BANK ST @ HERON RD (0002155),2155,02 - Intersection related,03 - P.D. only,04 - Sideswipe,01 - Clear,01 - Daylight,01 - Dry,01 - Traffic signal,01 - Functioning,3,0,0,0,,0,,,,,369995.7201,5026851.542,45.37857176,-75.66755153,6275
18--2917,3/3/2018,11:30 AM,CHAMPLAIN ST @ JEANNE D'ARC BLVD (0004106),4106,03 - At intersection,02 - Non-fatal injury,02 - Angle,01 - Clear,01 - Daylight,01 - Dry,01 - Traffic signal,01 - Functioning,3,0,0,0,02 - Minor,1,,1,,,381378.6994,5038724.295,45.48424199,-75.52038182,6276
18--2918,3/3/2018,Unknown,BALSAM ST btwn PRESTON ST & ROCHESTER ST (__3ZAAJN),__3ZAAJN,01 - Non intersection,03 - P.D. only,06 - SMV unattended vehicle,01 - Clear,00 - Unknown,01 - Dry,10 - No control,,1,0,0,0,,0,,,,,366573.6969,5029837.882,45.40575218,-75.71086731,6277
18--2919,3/3/2018,12:01 PM,GLADU ST @ OLMSTEAD ST (0009885),9885,03 - At intersection,02 - Non-fatal injury,05 - Turning movement,01 - Clear,01 - Daylight,02 - Wet,02 - Stop sign,01 - Functioning,2,0,0,0,02 - Minor,1,,1,,,370473.71,5032796.586,45.43201836,-75.66065716,6278
18--292,1/5/2018,5:50 PM,HIGHWAY 417 btwn HWY417 IC127 RAMP67 & HWY417 IC126 RAMP16 (__3ZA2X0),__3ZA2X0,01 - Non intersection,03 - P.D. only,03 - Rear end,01 - Clear,07 - Dark,01 - Dry,10 - No control,,2,0,0,0,,0,,,,,362713.7869,5025314.772,45.36538386,-75.76070246,6279
18--2920,3/3/2018,12:09 PM,CYRVILLE RD @ MEADOWBROOK RD (0012477),12477,02 - Intersection related,02 - Non-fatal injury,03 - Rear end,01 - Clear,01 - Daylight,01 - Dry,01 - Traffic signal,01 - Functioning,3,0,0,0,02 - Minor,3,1,2,,,374629.7331,5031242.556,45.4176334,-75.60776771,6280
18--2921,3/3/2018,12:10 PM,JOCKVALE RD @ STRANDHERD DR (0010541),10541,03 - At intersection,03 - P.D. only,05 - Turning movement,01 - Clear,01 - Daylight,01 - Dry,01 - Traffic signal,01 - Functioning,2,0,0,0,,0,,,,,363560.4805,5014577.837,45.26870295,-75.75116855,6281
18--2922,3/3/2018,12:15 PM,HOBSON RD btwn EGAN RD & GARNER AVE (__3ZA0S3),__3ZA0S3,04 - At/near private drive,03 - P.D. only,99 - Other,01 - Clear,01 - Daylight,01 - Dry,10 - No control,,2,0,0,0,,0,,,,,368523.9123,5025899.245,45.37013867,-75.68646518,6282
18--2923,3/3/2018,12:54 PM,MITCH OWENS RD btwn RIVER RD & SPRATT RD (__3ZA38F),__3ZA38F,04 - At/near private drive,03 - P.D. only,02 - Angle,01 - Clear,01 - Daylight,01 - Dry,10 - No control,,2,0,0,0,,0,,,,,369559.0286,5010804.072,45.23422026,-75.67522353,6283
18--2924,3/3/2018,2:14 PM,MCARTHUR AVE @ VANIER PKWY (0004626),4626,02 - Intersection related,03 - P.D. only,04 - Sideswipe,02 - Rain,01 - Daylight,02 - Wet,01 - Traffic signal,01 - Functioning,2,0,0,0,,0,,,,,370218.7046,5032690.587,45.43108853,-75.66392999,6284
18--2925,3/3/2018,2:45 PM,BAYSHORE DR @ WOODRIDGE CRES S (0000360),360,02 - Intersection related,03 - P.D. only,03 - Rear end,01 - Clear,01 - Daylight,01 - Dry,01 - Traffic signal,01 - Functioning,2,0,0,0,,0,,,,,359233.6692,5023509.506,45.34941898,-75.80532325,6285
18--2926,3/3/2018,2:55 PM,EAGLESON RD @ HAZELDEAN RD/ROBERTSON RD (0002715),2715,02 - Intersection related,03 - P.D. only,04 - Sideswipe,01 - Clear,01 - Daylight,02 - Wet,01 - Traffic signal,01 - Functioning,2,0,0,0,,0,,,,,353673.6252,5018424.46,45.30407235,-75.87677745,6286
18--2927,3/3/2018,4:37 PM,ST. JOSEPH BLVD @ JEANNE D'ARC BLVD (0012421),12421,03 - At intersection,03 - P.D. only,04 - Sideswipe,01 - Clear,01 - Daylight,01 - Dry,11 - Roundabout,01 - Functioning,2,0,0,0,,0,,,,,379860.7423,5036471.581,45.46413872,-75.54014138,6287
18--2928,3/3/2018,5:17 AM,PRINCE OF WALES DR btwn NATIONAL CAPITAL COMM DRWY & HARTWELL LOCKS/54 (__3ZA30ZA),__3ZA30ZA,01 - Non intersection,03 - P.D. only,07 - SMV other,01 - Clear,07 - Dark,02 - Wet,10 - No control,,1,0,0,0,,0,,,,,366891.7256,5028065.072,45.38977277,-75.70702818,6288
18--2929,3/3/2018,6:30 AM,HIGHWAY 417 btwn HWY417 IC117 RAMP36 & HWY417 IC117 RAMP26 (__3ZAZE0),__3ZAZE0,01 - Non intersection,03 - P.D. only,07 - SMV other,01 - Clear,01 - Daylight,02 - Wet,10 - No control,,1,0,0,0,,0,,,,,370569.9097,5031164.431,45.41732387,-75.65964575,6289
18--293,1/5/2018,5:57 PM,CYRVILLE RD btwn STAR TOP RD & MEADOWBROOK RD (__3ZA3SN),__3ZA3SN,04 - At/near private drive,03 - P.D. only,99 - Other,01 - Clear,07 - Dark,03 - Loose snow,10 - No control,,2,0,0,0,,0,,,,,374531.1266,5031273.218,45.41791912,-75.60902313,6290
18--2930,3/3/2018,6:40 PM,PRINCE OF WALES DR @ STRANDHERD DR (0013339),13339,03 - At intersection,03 - P.D. only,07 - SMV other,01 - Clear,07 - Dark,01 - Dry,01 - Traffic signal,01 - Functioning,1,0,0,0,,0,,,,,367173.5476,5014824.888,45.27061475,-75.70509766,6291
18--2931,3/3/2018,7:21 PM,ARMSTRONG ST btwn MERTON ST & GARLAND ST (__3ZAAIU),__3ZAAIU,04 - At/near private drive,03 - P.D. only,05 - Turning movement,02 - Rain,07 - Dark,05 - Packed snow,10 - No control,,2,0,0,0,,0,,,,,365534.5439,5029801.334,45.40551427,-75.72414531,6292
18--2932,3/3/2018,7:36 PM,TERRY FOX DR S @ DIDSBURY RD/CENTRUM KANATA SC (0011820),11820,03 - At intersection,03 - P.D. only,02 - Angle,01 - Clear,07 - Dark,01 - Dry,01 - Traffic signal,01 - Functioning,2,0,0,0,,0,,,,,350625.6608,5018914.648,45.30868865,-75.9155968,6293
18--2933,3/3/2018,7:46 PM,STATEN WAY @ WHITESTONE DR (0011223),11223,02 - Intersection related,02 - Non-fatal injury,07 - SMV other,01 - Clear,07 - Dark,01 - Dry,02 - Stop sign,01 - Functioning,1,0,0,1,01 - Minimal,1,1,,,,364429.9054,5025535.162,45.367223,-75.73877069,6294
18--2934,3/3/2018,7:49 AM,HARDING RD @ HORTON ST (0008945),8945,02 - Intersection related,03 - P.D. only,07 - SMV other,01 - Clear,01 - Daylight,04 - Slush,02 - Stop sign,00 - Unknown,1,0,0,0,,0,,,,,372943.9891,5027780.845,45.3866527,-75.62978269,6295
18--2935,3/3/2018,8:09 PM,BELFAST RD @ ST. LAURENT BLVD (0007658),7658,02 - Intersection related,03 - P.D. only,03 - Rear end,01 - Clear,07 - Dark,01 - Dry,01 - Traffic signal,01 - Functioning,2,0,0,0,,0,,,,,372860.7238,5030578.562,45.41183341,-75.63045983,6296
18--2936,3/3/2018,8:30 AM,HWY 417 TERRYFO IC140R61 @ TERRY FOX DR (0011777),11777,02 - Intersection related,03 - P.D. only,04 - Sideswipe,01 - Clear,01 - Daylight,01 - Dry,01 - Traffic signal,01 - Functioning,2,0,0,0,,0,,,,,350809.6021,5018709.466,45.30683034,-75.91327022,6297
18--2937,3/3/2018,9:01 PM,BLOHM DR btwn ESSON ST & REUBENS CRT (__3ZBOAL),__3ZBOAL,01 - Non intersection,03 - P.D. only,05 - Turning movement,01 - Clear,07 - Dark,01 - Dry,10 - No control,,2,0,0,0,,0,,,,,374469.6258,5026345.537,45.37358837,-75.61050476,6298
18--2938,3/3/2018,9:43 AM,CYRVILLE RD btwn CYRVILLE RD & OGILVIE RD (__3ZA2CD),__3ZA2CD,01 - Non intersection,03 - P.D. only,04 - Sideswipe,01 - Clear,01 - Daylight,02 - Wet,10 - No control,,2,0,0,0,,0,,,,,372321.9511,5032085.046,45.42544025,-75.63713594,6299
18--2939,3/4/2018,1:48 PM,INDUSTRIAL AVE @ RIVERSIDE DR (0011905),11905,02 - Intersection related,03 - P.D. only,04 - Sideswipe,01 - Clear,01 - Daylight,01 - Dry,01 - Traffic signal,01 - Functioning,2,0,0,0,,0,,,,,370684.7182,5030592.554,45.41216755,-75.65825543,6300
18--294,1/5/2018,6:10 PM,MARCH RD btwn BURNT LANDS RD & UPPER DWYER HILL RD (__3ZA2RH),__3ZA2RH,01 - Non intersection,02 - Non-fatal injury,07 - SMV other,05 - Drifting Snow,07 - Dark,05 - Packed snow,10 - No control,,1,0,0,0,02 - Minor,1,,1,,,333287.139,5013696.138,45.26264673,-76.13700444,6301
18--2940,3/4/2018,10:31 PM,RUSSELL RD btwn ANDERSON RD & FARMERS WAY (__3ZA2CI),__3ZA2CI,01 - Non intersection,03 - P.D. only,07 - SMV other,01 - Clear,07 - Dark,01 - Dry,10 - No control,,1,0,0,0,,0,,,,,379975.3877,5026634.577,45.37561996,-75.54017643,6302
18--2941,3/4/2018,10:40 AM,FRASER AVE btwn TILLBURY AVE & SHERBOURNE RD (__3ZBOPP),__3ZBOPP,04 - At/near private drive,03 - P.D. only,04 - Sideswipe,01 - Clear,01 - Daylight,01 - Dry,10 - No control,,2,0,0,0,,0,,,,,362870.5055,5026703.985,45.37787087,-75.75853872,6303
18--2942,3/4/2018,11:27 AM,BLACKBURN BYPASS WB btwn 1700 W OF NAVAN RD & INNES RD W (__3ZA3J5A),__3ZA3J5A,01 - Non intersection,03 - P.D. only,07 - SMV other,01 - Clear,01 - Daylight,01 - Dry,10 - No control,,1,0,0,0,,0,,,,,377434.2091,5032143.894,45.42545757,-75.57180595,6304
18--2943,3/4/2018,11:49 AM,FORTUNE ST @ MARTIN ST (0000443),443,03 - At intersection,03 - P.D. only,02 - Angle,01 - Clear,01 - Daylight,01 - Dry,02 - Stop sign,01 - Functioning,2,0,0,0,,0,,,,,356578.2599,5005545.042,45.18797215,-75.84108201,6305
18--2944,3/4/2018,11:56 AM,DUROCHER ST @ MONTREAL RD (0009800),9800,02 - Intersection related,03 - P.D. only,02 - Angle,01 - Clear,01 - Daylight,01 - Dry,02 - Stop sign,01 - Functioning,2,0,0,0,,0,,,,,370136.7085,5033101.586,45.43479419,-75.66492328,6306
18--2945,3/4/2018,Unknown,BESSERER ST btwn CHAPEL ST & AUGUSTA ST (__3ZA7AZ),__3ZA7AZ,01 - Non intersection,03 - P.D. only,06 - SMV unattended vehicle,01 - Clear,00 - Unknown,02 - Wet,10 - No control,,1,0,0,0,,0,,,,,368964.6116,5032592.905,45.43032581,-75.67996873,6307
18--2952,3/4/2018,5:01 PM,KIRKWOOD AVE btwn LYMAN ST & MULVIHILL AVE (__3ZA4OA),__3ZA4OA,04 - At/near private drive,03 - P.D. only,02 - Angle,01 - Clear,01 - Daylight,01 - Dry,10 - No control,,2,0,0,0,,0,,,,,363816.4172,5028547.905,45.39438312,-75.7462416,6308
18--2953,3/4/2018,6:58 PM,TRIM RD @ WATTERS RD (0012847),12847,02 - Intersection related,02 - Non-fatal injury,03 - Rear end,01 - Clear,07 - Dark,01 - Dry,01 - Traffic signal,01 - Functioning,2,0,0,0,02 - Minor,1,,1,,,384964.6521,5038717.577,45.48377896,-75.47451754,6309
18--2954,3/4/2018,7:35 PM,ROBERTA CRES btwn ST. REMY DR & ST. REMY DR (__3ZAB8E),__3ZAB8E,04 - At/near private drive,03 - P.D. only,06 - SMV unattended vehicle,02 - Rain,07 - Dark,02 - Wet,10 - No control,,1,0,0,0,,0,,,,,362266.9833,5016122.536,45.28270911,-75.76747243,6310