Anom_ID,Accident_Date,Accident_Time,Location,Geo_ID,Accident_Location,Classification_of_Accident,Initial_Impact_Type,Environment_Condition,Light,Road_Surface_Condition,Traffic_Control,Traffic_Control_Condition,No__of_Vehicles,No__of_Bicycles,No__of_Motorcycles,No__of_Pedestrians,Max_Injury,No__of_Injuries,No__of_Minimal,No__of_Minor,No__of_Major,No__of_Fatal,X,Y,Latitude,Longitude,ObjectId
18--2955,3/4/2018,8:16 PM,RIDEAU ST btwn CHAPEL ST & AUGUSTA ST (__3ZA3WS),__3ZA3WS,01 - Non intersection,02 - Non-fatal injury,05 - Turning movement,01 - Clear,07 - Dark,01 - Dry,10 - No control,,2,0,0,0,02 - Minor,1,,1,,,368978.0502,5032695.898,45.43125127,-75.67978357,6311
18--2956,3/4/2018,8:23 AM,CARLING AVE @ MAITLAND AVE/SHERBOURNE RD (0002641),2641,03 - At intersection,03 - P.D. only,05 - Turning movement,01 - Clear,01 - Daylight,01 - Dry,01 - Traffic signal,01 - Functioning,2,0,0,0,,0,,,,,362942.6976,5026488.527,45.37592622,-75.75764239,6312
18--2957,3/4/2018,9:00 PM,HEATHERINGTON RD @ FAIRLEA CRES S/ANGELA PRIV (0006830),6830,02 - Intersection related,03 - P.D. only,07 - SMV other,01 - Clear,07 - Dark,06 - Ice,02 - Stop sign,01 - Functioning,1,0,0,0,,0,,,,,371874.8801,5026501.586,45.37524561,-75.64360775,6313
18--2958,3/5/2018,1:05 AM,BANK ST @ HERON RD (0002155),2155,03 - At intersection,02 - Non-fatal injury,02 - Angle,01 - Clear,07 - Dark,01 - Dry,01 - Traffic signal,01 - Functioning,2,0,0,0,02 - Minor,2,1,1,,,369995.3716,5026851.542,45.3785718,-75.66755598,6314
18--2959,3/5/2018,1:12 AM,RIVERSIDE DR @ BROOKFIELD RD/HOG'S BACK RD (0001627),1627,02 - Intersection related,03 - P.D. only,07 - SMV other,01 - Clear,07 - Dark,01 - Dry,01 - Traffic signal,01 - Functioning,1,0,0,0,,0,,,,,368167.3626,5026223.218,45.37308602,-75.69097507,6315
18--296,1/5/2018,6:30 AM,HIGHWAY 417 btwn HWY417 IC134 RAMP36 & HWY417 IC134 RAMP26 (__3ZA29C),__3ZA29C,01 - Non intersection,03 - P.D. only,07 - SMV other,06 - Strong wind,07 - Dark,06 - Ice,10 - No control,,1,0,0,0,,0,,,,,356279.8209,5022209.776,45.33794693,-75.84315265,6316
18--2960,3/5/2018,10:03 AM,BASELINE RD @ CENTREPOINTE DR W/COBDEN RD (0002108),2108,02 - Intersection related,02 - Non-fatal injury,03 - Rear end,01 - Clear,01 - Daylight,01 - Dry,01 - Traffic signal,01 - Functioning,2,0,0,0,01 - Minimal,1,1,,,,361633.6811,5023207.511,45.34651126,-75.77473167,6317
18--2961,3/5/2018,10:30 AM,COLONEL BY DR btwn N.D.H.Q. & OTTAWA UNIV. PED. XING (__3ZA8HKB),__3ZA8HKB,01 - Non intersection,03 - P.D. only,05 - Turning movement,01 - Clear,01 - Daylight,01 - Dry,10 - No control,,2,0,0,0,,0,,,,,368716.8637,5031501.823,45.42053133,-75.68327623,6318
18--2962,3/5/2018,10:33 AM,HAZELDEAN RD @ HUNTMAR DR/IBER RD (0000075),75,03 - At intersection,02 - Non-fatal injury,02 - Angle,01 - Clear,01 - Daylight,01 - Dry,01 - Traffic signal,01 - Functioning,2,0,0,0,02 - Minor,1,,1,,,350942.9463,5016078.038,45.28314326,-75.91181469,6319
18--2963,3/5/2018,12:17 PM,SECOND LINE RD btwn THOMAS FULLER DR & OLD CARP RD (__3ZACV7),__3ZACV7,01 - Non intersection,02 - Non-fatal injury,07 - SMV other,01 - Clear,01 - Daylight,01 - Dry,10 - No control,,1,0,0,0,01 - Minimal,1,1,,,,347694.1286,5023619.494,45.3512094,-75.95257245,6320
18--2964,3/5/2018,12:30 PM,BASELINE RD btwn ROCKWAY CRES & SOUTHWOOD DR (__3ZA4MO),__3ZA4MO,01 - Non intersection,03 - P.D. only,03 - Rear end,01 - Clear,01 - Daylight,01 - Dry,10 - No control,,2,0,0,0,,0,,,,,361206.4638,5022946.057,45.34419319,-75.78021288,6321
18--2965,3/5/2018,12:30 PM,JOHN SUTHERLAND DR @ RICHMOND RD (0000578),578,02 - Intersection related,03 - P.D. only,03 - Rear end,01 - Clear,01 - Daylight,01 - Dry,01 - Traffic signal,01 - Functioning,2,0,0,0,,0,,,,,358786.6642,5022150.494,45.3372251,-75.81117578,6322
18--2966,3/5/2018,12:43 PM,FALLOWFIELD RD @ GREENBANK RD (0000549),549,03 - At intersection,02 - Non-fatal injury,02 - Angle,01 - Clear,01 - Daylight,01 - Dry,01 - Traffic signal,01 - Functioning,2,0,0,0,02 - Minor,4,,4,,,363081.721,5016732.455,45.2881301,-75.75701626,6323
18--2967,3/5/2018,2:00 PM,MERIVALE RD @ WEST HUNT CLUB RD (0000584),584,02 - Intersection related,03 - P.D. only,03 - Rear end,01 - Clear,01 - Daylight,01 - Dry,01 - Traffic signal,01 - Functioning,3,0,0,0,,0,,,,,365612.6955,5021942.498,45.33479515,-75.72411453,6324
18--2968,3/5/2018,2:02 PM,CUMBERLAND ST @ RIDEAU ST (0007759),7759,02 - Intersection related,03 - P.D. only,04 - Sideswipe,01 - Clear,01 - Daylight,01 - Dry,01 - Traffic signal,01 - Functioning,2,0,0,0,,0,,,,,368374.511,5032329.974,45.42801394,-75.68754346,6325
18--2969,3/5/2018,2:37 PM,ALDERWOOD ST @ TRAPPER'S RD (0009613),9613,03 - At intersection,03 - P.D. only,02 - Angle,01 - Clear,01 - Daylight,01 - Dry,02 - Stop sign,01 - Functioning,2,0,0,0,,0,,,,,372097.3815,5023337.21,45.34675235,-75.64119812,6326
18--297,1/5/2018,6:31 AM,CATHERINE ST @ METCALFE ST (0011239),11239,03 - At intersection,03 - P.D. only,03 - Rear end,01 - Clear,07 - Dark,04 - Slush,01 - Traffic signal,01 - Functioning,2,0,0,0,,0,,,,,368393.7065,5030486.563,45.41142582,-75.6875361,6327
18--2970,3/5/2018,2:50 PM,INDUSTRIAL AVE @ RIVERSIDE DR (0011905),11905,02 - Intersection related,03 - P.D. only,03 - Rear end,01 - Clear,01 - Daylight,01 - Dry,01 - Traffic signal,01 - Functioning,2,0,0,0,,0,,,,,370684.7188,5030592.553,45.41216754,-75.65825542,6328
18--2971,3/5/2018,2:52 PM,HUNT CLUB RD @ BRIDLE PATH DR/DAZE ST (0008214),8214,02 - Intersection related,03 - P.D. only,04 - Sideswipe,01 - Clear,01 - Daylight,01 - Dry,01 - Traffic signal,01 - Functioning,2,0,0,0,,0,,,,,371291.7286,5023864.504,45.35157362,-75.65140726,6329
18--2972,3/5/2018,3:15 PM,REGIONAL ROAD 174 btwn OR174 IC101 RAMP36 & OR174 IC101 RAMP26 (__3ZA11R),__3ZA11R,01 - Non intersection,03 - P.D. only,07 - SMV other,01 - Clear,01 - Daylight,01 - Dry,10 - No control,,1,0,0,0,,0,,,,,382678.7789,5038879.878,45.48549796,-75.50372863,6330
18--2973,3/5/2018,4:06 PM,ROGER STEVENS DR btwn MCKENNA RD & DWYER HILL RD (__3ZA428),__3ZA428,01 - Non intersection,03 - P.D. only,07 - SMV other,01 - Clear,01 - Daylight,01 - Dry,10 - No control,,1,0,0,0,,0,,,,,354199.5664,4989226.226,45.04129785,-75.87296107,6331
18--2974,3/5/2018,4:15 PM,TERRY FOX DR @ FERNBANK RD (0011863),11863,03 - At intersection,03 - P.D. only,05 - Turning movement,01 - Clear,01 - Daylight,01 - Dry,01 - Traffic signal,01 - Functioning,2,0,0,0,,0,,,,,354303.6357,5015130.474,45.27438821,-75.86907292,6332
18--2975,3/5/2018,4:25 PM,BRONSON AVE @ CATHERINE ST/RAYMOND ST (0007198),7198,03 - At intersection,03 - P.D. only,05 - Turning movement,01 - Clear,01 - Daylight,01 - Dry,01 - Traffic signal,01 - Functioning,2,0,0,0,,0,,,,,367252.7087,5029796.567,45.40532019,-75.7021993,6333
18--2976,3/5/2018,4:30 PM,REGIONAL ROAD 174 btwn MORIN RD & OLD MONTREAL RD (__3ZA27P),__3ZA27P,01 - Non intersection,03 - P.D. only,03 - Rear end,01 - Clear,01 - Daylight,01 - Dry,10 - No control,,2,0,0,0,,0,,,,,392432.318,5042749.205,45.51915287,-75.37828715,6334
18--2977,3/5/2018,4:34 PM,BELFAST RD @ TRAINYARDS (0007799),7799,02 - Intersection related,02 - Non-fatal injury,05 - Turning movement,01 - Clear,01 - Daylight,01 - Dry,01 - Traffic signal,00 - Unknown,2,1,0,0,03 - Major,1,,,1,,371882.7212,5030913.574,45.41494213,-75.64290773,6335
18--2978,3/5/2018,5:55 PM,DONALD B. MUNRO DR/OLD CARP RD W @ MARCH RD (0010866),10866,03 - At intersection,03 - P.D. only,02 - Angle,01 - Clear,05 - Dusk,01 - Dry,02 - Stop sign,01 - Functioning,2,0,0,0,,0,,,,,343087.7762,5022588.351,45.34219744,-76.01143763,6336
18--2979,3/5/2018,6:51 PM,SOUTHMORE DR @ WALKLEY RD (0006644),6644,02 - Intersection related,02 - Non-fatal injury,07 - SMV other,01 - Clear,07 - Dark,01 - Dry,02 - Stop sign,00 - Unknown,1,0,0,1,02 - Minor,1,,1,,,369711.7694,5025573.832,45.36710169,-75.67134467,6337
18--298,1/5/2018,6:45 PM,HWY416 IC75A RAMP26 btwn HIGHWAY 417 & HIGHWAY 416 (__3ZAY4Y),__3ZAY4Y,01 - Non intersection,03 - P.D. only,03 - Rear end,03 - Snow,07 - Dark,02 - Wet,10 - No control,,2,0,0,0,,0,,,,,357736.3622,5022767.724,45.342859,-75.82450976,6338
18--2980,3/5/2018,8:11 PM,KING EDWARD AVE @ TEMPLETON ST (0007695),7695,02 - Intersection related,03 - P.D. only,03 - Rear end,01 - Clear,07 - Dark,01 - Dry,01 - Traffic signal,01 - Functioning,2,0,0,0,,0,,,,,369059.709,5031507.581,45.42055174,-75.67889509,6339
18--2981,3/5/2018,8:22 AM,MANSFIELD RD btwn CONLEY RD & HUNTLEY RD (__3ZACH3),__3ZACH3,01 - Non intersection,02 - Non-fatal injury,07 - SMV other,01 - Clear,01 - Daylight,01 - Dry,10 - No control,,1,0,0,0,02 - Minor,1,,1,,,352912.2162,5008266.252,45.2127183,-75.88746975,6340
18--2982,3/5/2018,8:23 AM,MERIVALE RD @ WEST HUNT CLUB RD (0000584),584,02 - Intersection related,03 - P.D. only,03 - Rear end,01 - Clear,01 - Daylight,01 - Dry,01 - Traffic signal,01 - Functioning,2,0,0,0,,0,,,,,365612.695,5021942.498,45.33479515,-75.72411453,6341
18--2983,3/5/2018,8:31 PM,NORTHSIDE RD btwn FOOTHILLS DR & CASSIDY RD (__3ZABTU),__3ZABTU,01 - Non intersection,03 - P.D. only,07 - SMV other,01 - Clear,07 - Dark,01 - Dry,10 - No control,,1,0,0,0,,0,,,,,358757.2069,5021446.362,45.33089155,-75.81162837,6342
18--2984,3/5/2018,9:54 AM,PRESTON ST btwn ALBERT ST & PRIMROSE AVE (__3ZA32F),__3ZA32F,01 - Non intersection,02 - Non-fatal injury,07 - SMV other,01 - Clear,01 - Daylight,01 - Dry,10 - No control,,1,0,0,0,01 - Minimal,1,1,,,,366191.0106,5030390.007,45.41075373,-75.71568675,6343
18--2985,3/6/2018,1:29 PM,DALY AVE @ NICHOLAS ST (0011451),11451,02 - Intersection related,03 - P.D. only,05 - Turning movement,01 - Clear,01 - Daylight,01 - Dry,01 - Traffic signal,01 - Functioning,2,0,0,0,,0,,,,,368227.7013,5032046.574,45.42547734,-75.68945593,6344
18--2986,3/6/2018,10:13 AM,BLAIR RD @ REGIONAL RD 174 N/OR174 IC112 RAMP61 (0003617),3617,03 - At intersection,03 - P.D. only,02 - Angle,01 - Clear,01 - Daylight,01 - Dry,01 - Traffic signal,01 - Functioning,2,0,0,0,,0,,,,,374635.7646,5032991.854,45.43337204,-75.60744263,6345
18--2987,3/6/2018,10:22 PM,REDPATH DR btwn BREEZEWAY DR & DYLAN WAY (__3ZA1IT),__3ZA1IT,01 - Non intersection,02 - Non-fatal injury,07 - SMV other,01 - Clear,07 - Dark,01 - Dry,10 - No control,,1,0,0,1,02 - Minor,1,,1,,,366749.7088,5016478.212,45.2855287,-75.7102923,6346
18--2988,3/6/2018,10:49 PM,BROPHY DR @ FOURTH LINE RD (0003596),3596,02 - Intersection related,03 - P.D. only,07 - SMV other,01 - Clear,07 - Dark,01 - Dry,02 - Stop sign,01 - Functioning,1,0,0,0,,0,,,,,360738.2914,5005672.034,45.18879717,-75.78813212,6347
18--2989,3/6/2018,11:00 AM,CENTRAL PARK DR N @ MERIVALE RD (0011433),11433,03 - At intersection,03 - P.D. only,05 - Turning movement,01 - Clear,01 - Daylight,01 - Dry,01 - Traffic signal,01 - Functioning,2,0,0,0,,0,,,,,364952.9039,5025873.588,45.37022341,-75.73205354,6348
18--299,1/5/2018,6:55 AM,HIGHWAY 416 btwn HWY416 IC66 RAMP24 & HWY416 IC57 RAMP62 (__3ZA1OI),__3ZA1OI,01 - Non intersection,03 - P.D. only,07 - SMV other,06 - Strong wind,03 - Dawn,06 - Ice,10 - No control,,1,0,0,0,,0,,,,,363245.6204,5011158.357,45.23796048,-75.75558283,6349
18--2990,3/6/2018,12:31 PM,LONGFIELDS DR @ WOODROFFE AVE (0000096),96,02 - Intersection related,02 - Non-fatal injury,03 - Rear end,01 - Clear,01 - Daylight,01 - Dry,01 - Traffic signal,01 - Functioning,2,0,0,0,01 - Minimal,1,1,,,,365421.1699,5017106.945,45.29130185,-75.72714954,6350
18--2991,3/6/2018,2:30 PM,CARLING AVE @ MAITLAND AVE/SHERBOURNE RD (0002641),2641,02 - Intersection related,03 - P.D. only,04 - Sideswipe,01 - Clear,01 - Daylight,01 - Dry,01 - Traffic signal,01 - Functioning,2,0,0,0,,0,,,,,362942.6977,5026488.527,45.37592622,-75.75764239,6351
18--2992,3/6/2018,4:24 PM,TERMINAL AVE @ TRAINYARDS DR (0012245),12245,02 - Intersection related,02 - Non-fatal injury,99 - Other,01 - Clear,01 - Daylight,01 - Dry,01 - Traffic signal,01 - Functioning,2,0,0,0,01 - Minimal,1,1,,,,371844.9856,5030815.925,45.41406715,-75.64340309,6352
18--2993,3/6/2018,4:32 PM,CHESTERTON DR @ MEADOWLANDS DR (0001110),1110,03 - At intersection,03 - P.D. only,05 - Turning movement,01 - Clear,01 - Daylight,01 - Dry,01 - Traffic signal,01 - Functioning,2,0,0,0,,0,,,,,365101.7038,5024009.508,45.35343793,-75.7303815,6353
18--2994,3/6/2018,5:18 PM,REGIONAL ROAD 174 EB btwn OR174 IC109 RAMP55 & TRANSIT (__3ZA28V),__3ZA28V,01 - Non intersection,03 - P.D. only,03 - Rear end,01 - Clear,01 - Daylight,01 - Dry,10 - No control,,2,0,0,0,,0,,,,,376510.7111,5035071.449,45.45189318,-75.58317931,6354
18--2995,3/6/2018,5:30 PM,REGIONAL ROAD 174 EB btwn OR174 IC109 RAMP55 & TRANSIT (__3ZA28V),__3ZA28V,01 - Non intersection,02 - Non-fatal injury,03 - Rear end,01 - Clear,05 - Dusk,01 - Dry,10 - No control,,2,0,0,0,01 - Minimal,1,1,,,,376584.9007,5035235.932,45.45336547,-75.58220692,6355
18--2996,3/6/2018,5:30 PM,MERIVALE RD @ CAPILANO DR/WITHROW AVE (0009820),9820,02 - Intersection related,03 - P.D. only,03 - Rear end,01 - Clear,01 - Daylight,01 - Dry,01 - Traffic signal,01 - Functioning,2,0,0,0,,0,,,,,364642.429,5024227.769,45.35544116,-75.73621619,6356
18--2997,3/6/2018,5:45 PM,BASELINE RD @ MERIVALE RD (0002342),2342,02 - Intersection related,03 - P.D. only,04 - Sideswipe,01 - Clear,01 - Daylight,01 - Dry,01 - Traffic signal,01 - Functioning,2,0,0,0,,0,,,,,365054.6965,5025325.515,45.3652832,-75.73082096,6357
18--2998,3/6/2018,5:53 PM,INNES RD EB btwn INNES RD & INNES RD W (__3ZA3HD),__3ZA3HD,01 - Non intersection,03 - P.D. only,03 - Rear end,01 - Clear,01 - Daylight,01 - Dry,10 - No control,,2,0,0,0,,0,,,,,376984.358,5032183.175,45.42585756,-75.5775481,6358
18--2999,3/6/2018,5:55 PM,HWY 417 WOODROFF IC127R53 @ WOODROFFE AVE (0002347),2347,02 - Intersection related,03 - P.D. only,03 - Rear end,01 - Clear,05 - Dusk,01 - Dry,03 - Yield sign,01 - Functioning,2,0,0,0,,0,,,,,362206.6923,5024626.528,45.35923281,-75.76725518,6359
18--30,1/1/2018,6:45 AM,GREENBANK RD btwn WEST HUNT CLUB RD & FALLOWFIELD RD (__3ZA1NE),__3ZA1NE,01 - Non intersection,03 - P.D. only,07 - SMV other,01 - Clear,07 - Dark,01 - Dry,10 - No control,,1,0,0,0,,0,,,,,361877.8909,5019588.597,45.31392853,-75.77203278,6360
18--300,1/5/2018,6:57 AM,GREENBANK RD btwn WEST HUNT CLUB RD & FALLOWFIELD RD (__3ZA1NE),__3ZA1NE,01 - Non intersection,03 - P.D. only,04 - Sideswipe,01 - Clear,07 - Dark,06 - Ice,10 - No control,,2,0,0,0,,0,,,,,362289.8854,5018569.956,45.30472919,-75.76689684,6361
18--3000,3/6/2018,6:19 AM,JOHN QUINN RD btwn COOPER HILL RD & STONE SCHOOL RD (__3ZA64I),__3ZA64I,01 - Non intersection,03 - P.D. only,07 - SMV other,01 - Clear,01 - Daylight,01 - Dry,10 - No control,,1,0,0,0,,0,,,,,382726.161,5012619.338,45.24921907,-75.50726452,6362
18--3001,3/6/2018,6:30 PM,DUNROBIN RD btwn CONSTANCE BAY RD & KINBURN SIDE RD (__3ZA3FF),__3ZA3FF,01 - Non intersection,03 - P.D. only,07 - SMV other,01 - Clear,07 - Dark,01 - Dry,10 - No control,,1,0,0,0,,0,,,,,336802.2225,5037195.99,45.473957,-76.09069249,6363
18--3002,3/6/2018,6:30 PM,HWY 417 WOODROFF IC127R53 @ WOODROFFE AVE (0002347),2347,02 - Intersection related,02 - Non-fatal injury,03 - Rear end,01 - Clear,05 - Dusk,01 - Dry,03 - Yield sign,01 - Functioning,2,0,0,0,01 - Minimal,1,1,,,,362206.5961,5024626.644,45.35923386,-75.7672564,6364
18--3003,3/6/2018,7:11 PM,ST. LAURENT BLVD @ MCARTHUR AVE (0008246),8246,02 - Intersection related,03 - P.D. only,99 - Other,01 - Clear,07 - Dark,01 - Dry,01 - Traffic signal,01 - Functioning,2,0,0,0,,0,,,,,371922.4886,5032887.337,45.43269734,-75.64213074,6365
18--3004,3/6/2018,7:15 AM,GALETTA SIDE RD btwn CANON SMITH DR & NEWTOWN RD (__3ZA4QF),__3ZA4QF,01 - Non intersection,03 - P.D. only,07 - SMV other,01 - Clear,01 - Daylight,01 - Dry,10 - No control,,1,0,0,0,,0,,,,,329303.9077,5036376.388,45.46688533,-76.18663493,6366
18--3005,3/6/2018,7:22 AM,BRIAN GOOD AVE btwn BORBRIDGE AVE & SUMMERHILL ST (__86L61G),__86L61G,04 - At/near private drive,03 - P.D. only,06 - SMV unattended vehicle,01 - Clear,01 - Daylight,01 - Dry,10 - No control,,1,0,0,0,,0,,,,,368131.941,5014248.177,45.2653399,-75.69295843,6367
18--3006,3/6/2018,7:30 AM,SIXTH LINE RD btwn PINHEY POINT RD & BERRY SIDE RD (__3ZA420),__3ZA420,01 - Non intersection,03 - P.D. only,07 - SMV other,01 - Clear,01 - Daylight,01 - Dry,10 - No control,,1,0,0,0,,0,,,,,347162.5243,5032333.903,45.42965577,-75.95860851,6368
18--3007,3/6/2018,8:15 AM,HIGHWAY 417 btwn HWY417 IC129 RAMP25 & HWY417 IC129 RAMP35 (__3ZAYFR),__3ZAYFR,01 - Non intersection,03 - P.D. only,03 - Rear end,01 - Clear,01 - Daylight,01 - Dry,10 - No control,,2,0,0,0,,0,,,,,360731.7845,5023739.785,45.35137314,-75.78617989,6369
18--3008,3/6/2018,9:02 PM,CUMBERLAND ST @ MURRAY ST (0008237),8237,02 - Intersection related,03 - P.D. only,05 - Turning movement,01 - Clear,07 - Dark,01 - Dry,01 - Traffic signal,01 - Functioning,2,0,0,0,,0,,,,,368170.6968,5032679.585,45.43117811,-75.69010287,6370
18--3009,3/6/2018,9:05 AM,HIGHWAY 417 btwn HWY417 IC119A RAMP67 & HWY417 IC118 RAMP76 (__3ZA2YS),__3ZA2YS,01 - Non intersection,03 - P.D. only,04 - Sideswipe,01 - Clear,01 - Daylight,01 - Dry,10 - No control,,2,0,0,0,,0,,,,,369191.8218,5030880.798,45.41490002,-75.67728904,6371
18--301,1/5/2018,7:00 AM,HIGHWAY 417 btwn HWY417 IC155 RAMP25 & RAMP (__3ZAZN1),__3ZAZN1,01 - Non intersection,03 - P.D. only,07 - SMV other,01 - Clear,03 - Dawn,01 - Dry,10 - No control,,1,0,0,0,,0,,,,,344322.8824,5015442.52,45.27782798,-75.99624787,6372
18--3010,3/6/2018,9:30 PM,RIVERSIDE DR @ SAN REMO PRIV (0011379),11379,03 - At intersection,03 - P.D. only,05 - Turning movement,01 - Clear,07 - Dark,01 - Dry,01 - Traffic signal,01 - Functioning,2,0,0,0,,0,,,,,370385.9394,5030402.195,45.41048284,-75.66209755,6373
18--3011,3/6/2018,9:54 AM,ARGYLE AVE btwn METCALFE ST & METCALFE ST (__3ZA3QQ),__3ZA3QQ,01 - Non intersection,03 - P.D. only,06 - SMV unattended vehicle,01 - Clear,01 - Daylight,01 - Dry,10 - No control,,1,0,0,0,,0,,,,,368411.148,5030622.451,45.41264691,-75.68729576,6374
18--3012,3/7/2018,10:03 AM,CONSTELLATION CRES btwn TURN LANE & CENTREPOINTE DR (__3ZA0AQ),__3ZA0AQ,01 - Non intersection,03 - P.D. only,06 - SMV unattended vehicle,01 - Clear,01 - Daylight,01 - Dry,10 - No control,,1,0,0,0,,0,,,,,362469.7264,5023171.678,45.34612059,-75.76406775,6375
18--3013,3/7/2018,10:21 PM,JINKINSON RD btwn FERNBANK RD & HAZELDEAN RD (__7JQ7K3),__7JQ7K3,01 - Non intersection,03 - P.D. only,07 - SMV other,03 - Snow,07 - Dark,03 - Loose snow,10 - No control,,1,0,0,0,,0,,,,,346594.8686,5012122.99,45.24782606,-75.96757002,6376
18--3014,3/7/2018,10:54 AM,TRIOLE ST btwn BELFAST RD & END (__3ZA79Y),__3ZA79Y,01 - Non intersection,03 - P.D. only,04 - Sideswipe,03 - Snow,01 - Daylight,02 - Wet,10 - No control,,2,0,0,0,,0,,,,,372993.7844,5030596.538,45.4119822,-75.62875757,6377
18--3015,3/7/2018,11:11 AM,BANK ST @ SECOND AVE (0007231),7231,02 - Intersection related,03 - P.D. only,05 - Turning movement,03 - Snow,01 - Daylight,02 - Wet,02 - Stop sign,01 - Functioning,2,0,0,0,,0,,,,,368305.7052,5029628.56,45.40371377,-75.6887708,6378
18--3016,3/7/2018,11:12 PM,RAYMOND ST/HWY 417 ROCHEST IC121BR16 @ ROCHEST (0006495),6495,02 - Intersection related,03 - P.D. only,03 - Rear end,03 - Snow,07 - Dark,03 - Loose snow,01 - Traffic signal,01 - Functioning,2,0,0,0,,0,,,,,366737.7001,5029618.56,45.40376429,-75.70879999,6379
18--3017,3/7/2018,11:30 AM,CHRYSALIS WAY @ MERIDIAN PL (0009824),9824,02 - Intersection related,03 - P.D. only,06 - SMV unattended vehicle,03 - Snow,01 - Daylight,02 - Wet,03 - Yield sign,01 - Functioning,1,0,0,0,,0,,,,,362757.0862,5022756.427,45.34236051,-75.76044967,6380
18--3018,3/7/2018,11:43 AM,CARLING AVE @ BROADVIEW AVE (0006707),6707,02 - Intersection related,03 - P.D. only,05 - Turning movement,03 - Snow,01 - Daylight,02 - Wet,01 - Traffic signal,01 - Functioning,2,0,0,0,,0,,,,,363180.6869,5026638.542,45.37725624,-75.7545863,6381
18--3019,3/7/2018,Unknown,BEATRICE DR btwn GLEESON WAY & DEERFOX DR (__3ZADKN),__3ZADKN,01 - Non intersection,03 - P.D. only,06 - SMV unattended vehicle,03 - Snow,00 - Unknown,03 - Loose snow,10 - No control,,1,0,0,0,,0,,,,,365406.9434,5015675.755,45.27842529,-75.7275057,6382
18--302,1/5/2018,7:13 PM,LEMIEUX ST @ ST. LAURENT BLVD (0002021),2021,02 - Intersection related,03 - P.D. only,04 - Sideswipe,01 - Clear,07 - Dark,02 - Wet,01 - Traffic signal,01 - Functioning,2,0,0,0,,0,,,,,372391.7246,5031742.564,45.42235202,-75.63629139,6383
18--3020,3/7/2018,12:26 PM,CAMERON AVE btwn MARCO LANE & OSBORNE ST (__3ZA5WT),__3ZA5WT,01 - Non intersection,03 - P.D. only,06 - SMV unattended vehicle,03 - Snow,01 - Daylight,04 - Slush,10 - No control,,1,0,0,0,,0,,,,,368631.3716,5028080.615,45.38975623,-75.68481142,6384
18--3021,3/7/2018,12:38 PM,CASTLEFRANK RD @ MCCURDY DR S/TAMBLYN CRES (0002621),2621,03 - At intersection,02 - Non-fatal injury,01 - Approaching,03 - Snow,01 - Daylight,02 - Wet,01 - Traffic signal,01 - Functioning,3,0,0,0,02 - Minor,1,,1,,,352353.7685,5018045.143,45.30074975,-75.89364331,6385
18--3022,3/7/2018,2:00 PM,CEDARVIEW RD @ WEST HUNT CLUB RD (0010267),10267,02 - Intersection related,03 - P.D. only,03 - Rear end,01 - Clear,01 - Daylight,02 - Wet,01 - Traffic signal,01 - Functioning,2,0,0,0,,0,,,,,359718.6778,5019554.478,45.31379371,-75.7995729,6386
18--3023,3/7/2018,3:25 PM,"MCARTHUR AVE btwn MCARTHUR AVE & EGLISE, RUE DE L (__3ZA3WG)",__3ZA3WG,04 - At/near private drive,03 - P.D. only,02 - Angle,01 - Clear,01 - Daylight,02 - Wet,10 - No control,,4,0,0,0,,0,,,,,371385.4635,5032818.111,45.43212582,-75.64900287,6387
18--3024,3/7/2018,3:27 PM,PRESTON ST @ SIDNEY ST (0011959),11959,03 - At intersection,03 - P.D. only,02 - Angle,01 - Clear,01 - Daylight,02 - Wet,02 - Stop sign,01 - Functioning,2,0,0,0,,0,,,,,366808.1649,5028986.384,45.3980699,-75.70797943,6388
18--3025,3/7/2018,3:29 PM,HOLLAND AVE @ RUSKIN ST (0006676),6676,03 - At intersection,02 - Non-fatal injury,02 - Angle,01 - Clear,01 - Daylight,02 - Wet,02 - Stop sign,01 - Functioning,2,0,0,0,01 - Minimal,2,2,,,,365279.7023,5028350.557,45.39248257,-75.72757839,6389
18--3026,3/7/2018,3:37 PM,HWY417 IC118 RAMP62 btwn HWY417 IC118 RAMP64 & HWY417 IC118 RAMP52 (__3ZAY9M),__3ZAY9M,01 - Non intersection,03 - P.D. only,04 - Sideswipe,01 - Clear,01 - Daylight,01 - Dry,10 - No control,,2,0,0,0,,0,,,,,369284.926,5031225.185,45.41799012,-75.67605454,6390
18--3027,3/7/2018,4:23 PM,GREENBANK RD @ LISA AVE (0002753),2753,02 - Intersection related,03 - P.D. only,03 - Rear end,03 - Snow,01 - Daylight,02 - Wet,01 - Traffic signal,01 - Functioning,3,0,0,0,,0,,,,,360554.6752,5022893.492,45.34377232,-75.78853545,6391
18--3028,3/7/2018,4:41 PM,DEVINE RD @ FRANK KENNY RD (0012908),12908,02 - Intersection related,03 - P.D. only,03 - Rear end,03 - Snow,01 - Daylight,02 - Wet,02 - Stop sign,01 - Functioning,2,0,0,0,,0,,,,,393676.8668,5023503.459,45.34584577,-75.36583367,6392
18--3029,3/7/2018,5:02 AM,HIGHWAY 417 btwn HWY417 IC180 RAMP35 & HWY417 IC169 RAMP51 (__5SO6CL),__5SO6CL,01 - Non intersection,03 - P.D. only,03 - Rear end,03 - Snow,07 - Dark,03 - Loose snow,10 - No control,,2,0,0,0,,0,,,,,320021.7684,5030702.971,45.41609719,-76.30551296,6393