Anom_ID,Accident_Date,Accident_Time,Location,Geo_ID,Accident_Location,Classification_of_Accident,Initial_Impact_Type,Environment_Condition,Light,Road_Surface_Condition,Traffic_Control,Traffic_Control_Condition,No__of_Vehicles,No__of_Bicycles,No__of_Motorcycles,No__of_Pedestrians,Max_Injury,No__of_Injuries,No__of_Minimal,No__of_Minor,No__of_Major,No__of_Fatal,X,Y,Latitude,Longitude,ObjectId
18--303,1/5/2018,7:21 PM,CALDWELL AVE @ MERIVALE RD (0011432),11432,03 - At intersection,03 - P.D. only,02 - Angle,01 - Clear,07 - Dark,06 - Ice,01 - Traffic signal,01 - Functioning,2,0,0,0,,0,,,,,364908.4433,5026229.715,45.3734316,-75.73257776,6394
18--3030,3/7/2018,5:09 PM,HIGHWAY 417 btwn HWY417 IC119A RAMP75 & HWY417 IC118 RAMP57 (__3ZA2R2),__3ZA2R2,01 - Non intersection,03 - P.D. only,04 - Sideswipe,01 - Clear,01 - Daylight,01 - Dry,10 - No control,,2,0,0,0,,0,,,,,368620.4056,5030531.314,45.41180784,-75.68463433,6395
18--3031,3/7/2018,5:15 PM,BANK ST btwn RIDEAU RD & TURN LANE (__3ZBPH9),__3ZBPH9,01 - Non intersection,03 - P.D. only,07 - SMV other,02 - Rain,01 - Daylight,02 - Wet,10 - No control,,1,0,0,0,,0,,,,,377015.7281,5017695.344,45.29550022,-75.57926417,6396
18--3032,3/7/2018,5:30 AM,HIGHWAY 417 btwn HWY417 IC180 RAMP35 & HWY417 IC169 RAMP51 (__5SO6CL),__5SO6CL,01 - Non intersection,03 - P.D. only,04 - Sideswipe,03 - Snow,07 - Dark,03 - Loose snow,10 - No control,,2,0,0,0,,0,,,,,322076.7937,5028489.832,45.39613449,-76.27933384,6397
18--3033,3/7/2018,5:40 AM,HWY417 IC138 RAMP61 btwn HWY417 IC138 RAMP62 & HIGHWAY 417 (__3ZAYB2),__3ZAYB2,01 - Non intersection,03 - P.D. only,07 - SMV other,03 - Snow,03 - Dawn,04 - Slush,10 - No control,,1,0,0,0,,0,,,,,353362.659,5020524.483,45.32299035,-75.88053673,6398
18--3034,3/7/2018,5:45 AM,BASELINE RD/HERON RD @ PRINCE OF WALES DR (0002345),2345,02 - Intersection related,03 - P.D. only,01 - Approaching,03 - Snow,03 - Dawn,03 - Loose snow,01 - Traffic signal,01 - Functioning,2,0,0,0,,0,,,,,366873.7064,5026438.532,45.37513916,-75.7074628,6399
18--3035,3/7/2018,5:45 AM,HIGHWAY 417 btwn HWY417 IC122 RAMP51 & HWY417 IC122 RAMP15 (__3ZA2R0),__3ZA2R0,01 - Non intersection,03 - P.D. only,99 - Other,03 - Snow,03 - Dawn,03 - Loose snow,10 - No control,,2,0,0,0,,0,,,,,365467.914,5028966.415,45.39800764,-75.72509911,6400
18--2766,2/26/2018,2:39 PM,BANK ST @ GLEBE AVE (0007713),7713,02 - Intersection related,03 - P.D. only,03 - Rear end,01 - Clear,01 - Daylight,01 - Dry,01 - Traffic signal,01 - Functioning,2,0,0,0,,0,,,,,368239.7103,5029787.565,45.40515044,-75.68959329,6401
18--2767,2/26/2018,2:43 PM,RICHMOND RD @ LYNHAR RD/STAFFORD RD (0000155),155,03 - At intersection,02 - Non-fatal injury,05 - Turning movement,01 - Clear,01 - Daylight,01 - Dry,01 - Traffic signal,01 - Functioning,2,0,0,0,02 - Minor,2,,2,,,358137.6638,5021086.476,45.32770063,-75.81957055,6402
18--2768,2/26/2018,2:43 PM,EAGLESON RD @ KAKULU RD (0003188),3188,03 - At intersection,03 - P.D. only,02 - Angle,01 - Clear,01 - Daylight,01 - Dry,01 - Traffic signal,01 - Functioning,2,0,0,0,,0,,,,,353381.6177,5019151.468,45.31063438,-75.88042956,6403
18--2769,2/26/2018,2:43 PM,ORLEANS BLVD btwn JEANNE D'ARC BLVD S & BEAUSEJOUR DR (__3ZA2BJ),__3ZA2BJ,01 - Non intersection,03 - P.D. only,04 - Sideswipe,01 - Clear,01 - Daylight,01 - Dry,10 - No control,,2,0,0,0,,0,,,,,380949.0919,5036221.364,45.46176967,-75.5262646,6404
18--277,1/5/2018,4:40 PM,CARLING AVE @ KIRKWOOD AVE N (0002358),2358,03 - At intersection,03 - P.D. only,05 - Turning movement,03 - Snow,05 - Dusk,06 - Ice,01 - Traffic signal,01 - Functioning,2,0,0,0,,0,,,,,364275.3438,5027493.534,45.38485725,-75.74050778,6405
18--2770,2/26/2018,4:16 PM,CUMBERLAND ST @ RIDEAU ST (0007759),7759,02 - Intersection related,03 - P.D. only,04 - Sideswipe,01 - Clear,01 - Daylight,01 - Dry,01 - Traffic signal,01 - Functioning,2,0,0,0,,0,,,,,368374.5109,5032329.974,45.42801394,-75.68754346,6406
18--2771,2/26/2018,4:26 PM,LAFONTAINE AVE @ RICHELIEU AVE (0009977),9977,03 - At intersection,03 - P.D. only,02 - Angle,01 - Clear,01 - Daylight,06 - Ice,02 - Stop sign,01 - Functioning,2,0,0,0,,0,,,,,370926.6605,5033171.986,45.43535336,-75.65481844,6407
18--2772,2/26/2018,5:15 PM,BURNABY DR/TRAMONTANA PL @ HUNTMAR DR (0010625),10625,02 - Intersection related,02 - Non-fatal injury,03 - Rear end,01 - Clear,01 - Daylight,01 - Dry,02 - Stop sign,01 - Functioning,2,0,0,0,01 - Minimal,1,1,,,,350454.0241,5016509.305,45.28705586,-75.91800699,6408
18--2676,2/23/2018,6:40 PM,BESSERER ST @ WALLER ST (0008859),8859,03 - At intersection,02 - Non-fatal injury,07 - SMV other,04 - Freezing Rain,07 - Dark,06 - Ice,01 - Traffic signal,01 - Functioning,1,0,0,1,02 - Minor,1,,1,,,368317.7647,5032191.719,45.42677513,-75.68828641,6409
18--3126,3/8/2018,7:38 PM,BASELINE RD @ CORDOVA ST (0003208),3208,02 - Intersection related,03 - P.D. only,07 - SMV other,03 - Snow,07 - Dark,06 - Ice,01 - Traffic signal,01 - Functioning,1,0,0,0,,0,,,,,363593.3398,5024410.223,45.35717161,-75.74958311,6410
18--2773,2/26/2018,6:48 PM,ST. JOSEPH BLVD btwn ST. JEAN ST & BELCOURT BLVD (__3ZA2AP),__3ZA2AP,01 - Non intersection,03 - P.D. only,05 - Turning movement,01 - Clear,07 - Dark,02 - Wet,10 - No control,,2,0,0,0,,0,,,,,381163.8315,5037328.585,45.4717081,-75.52334705,6411
18--2774,2/26/2018,7:00 AM,TARTAN DR btwn DANAHER DR & BOARD LANE (__3ZAB4G),__3ZAB4G,04 - At/near private drive,03 - P.D. only,06 - SMV unattended vehicle,01 - Clear,03 - Dawn,01 - Dry,10 - No control,,1,0,0,0,,0,,,,,362464.4548,5014004.699,45.26363653,-75.76520145,6412
18--2775,2/26/2018,7:41 AM,BLAIR RD @ OGILVIE RD (0004120),4120,02 - Intersection related,03 - P.D. only,03 - Rear end,01 - Clear,01 - Daylight,01 - Dry,01 - Traffic signal,01 - Functioning,2,0,0,0,,0,,,,,374507.724,5033198.575,45.43524478,-75.60904962,6413
18--2776,2/26/2018,7:50 PM,MARCH RD @ SOLANDT RD (0003172),3172,03 - At intersection,03 - P.D. only,05 - Turning movement,01 - Clear,07 - Dark,01 - Dry,01 - Traffic signal,01 - Functioning,2,0,0,0,,0,,,,,350489.6082,5022710.503,45.34285355,-75.91698148,6414
18--2777,2/26/2018,8:09 AM,RIDEAU TER btwn SPRINGFIELD RD & RIDGEWAY WAY (__3ZA8CK),__3ZA8CK,01 - Non intersection,03 - P.D. only,01 - Approaching,01 - Clear,01 - Daylight,02 - Wet,10 - No control,,2,0,0,0,,0,,,,,369281.0958,5034081.156,45.44368739,-75.6757295,6415
18--2778,2/26/2018,8:13 AM,VALLEY STREAM DR btwn BASELINE RD & SHADOW CRT (__3ZAA2T),__3ZAA2T,01 - Non intersection,03 - P.D. only,06 - SMV unattended vehicle,01 - Clear,01 - Daylight,01 - Dry,10 - No control,,1,0,0,0,,0,,,,,359314.0206,5021782.564,45.33387367,-75.80448819,6416
18--2779,2/26/2018,8:56 AM,GREENBANK RD @ WEST HUNT CLUB RD (0005167),5167,02 - Intersection related,02 - Non-fatal injury,03 - Rear end,01 - Clear,01 - Daylight,01 - Dry,01 - Traffic signal,01 - Functioning,2,0,0,0,01 - Minimal,1,1,,,,361479.6773,5020502.479,45.3221839,-75.77700659,6417
18--278,1/5/2018,4:45 PM,BANK ST @ WELLINGTON ST (0002039),2039,02 - Intersection related,03 - P.D. only,03 - Rear end,01 - Clear,05 - Dusk,06 - Ice,01 - Traffic signal,01 - Functioning,2,0,0,0,,0,,,,,367257.7065,5031628.573,45.42180358,-75.7019033,6418
18--2780,2/26/2018,9:42 PM,REGIONAL ROAD 174 btwn OR174 IC105 RAMP25 & OR174 IC102 RAMP51 (__3ZA27G),__3ZA27G,01 - Non intersection,02 - Non-fatal injury,07 - SMV other,01 - Clear,07 - Dark,01 - Dry,10 - No control,,1,0,0,0,02 - Minor,1,,1,,,380295.5008,5037502.541,45.47336762,-75.53442421,6419
18--2781,2/26/2018,9:48 AM,BOTSFORD ST btwn SHELLEY AVE & BROWNING AVE (__3ZA896),__3ZA896,01 - Non intersection,03 - P.D. only,06 - SMV unattended vehicle,01 - Clear,01 - Daylight,01 - Dry,10 - No control,,1,0,0,0,,0,,,,,372171.39,5029994.917,45.40664873,-75.63934548,6420
18--2782,2/26/2018,9:51 PM,CHURCHILL AVE @ TILLBURY AVE (0006777),6777,02 - Intersection related,03 - P.D. only,05 - Turning movement,01 - Clear,07 - Dark,01 - Dry,02 - Stop sign,01 - Functioning,2,0,0,0,,0,,,,,363749.6969,5027093.546,45.38130266,-75.7472674,6421
18--2783,2/27/2018,1:03 PM,OGILVIE RD btwn DUNHAM ST & BLAIR PL (__3ZBOFF),__3ZBOFF,01 - Non intersection,03 - P.D. only,04 - Sideswipe,01 - Clear,01 - Daylight,01 - Dry,10 - No control,,2,0,0,0,,0,,,,,374766.4132,5033351.505,45.43659492,-75.60572193,6422
18--2784,2/27/2018,1:25 PM,SOMERSET ST    W btwn BRONSON AVE & PERCY ST (__3ZA33M),__3ZA33M,01 - Non intersection,02 - Non-fatal injury,04 - Sideswipe,01 - Clear,01 - Daylight,01 - Dry,10 - No control,,2,1,0,0,01 - Minimal,1,1,,,,367089.8045,5030552.65,45.41213772,-75.70418458,6423
18--2785,2/27/2018,10:02 AM,ALBERT ST @ O'CONNOR ST (0002116),2116,03 - At intersection,02 - Non-fatal injury,07 - SMV other,01 - Clear,01 - Daylight,01 - Dry,01 - Traffic signal,01 - Functioning,1,0,0,1,02 - Minor,1,,1,,,367538.6182,5031520.507,45.4208061,-75.69832787,6424
18--2786,2/27/2018,11:10 AM,COLONNADE RD    S btwn CONCOURSE GT & COLONNADE RD N (__3ZA0AK),__3ZA0AK,04 - At/near private drive,03 - P.D. only,02 - Angle,01 - Clear,01 - Daylight,01 - Dry,10 - No control,,2,0,0,0,,0,,,,,367241.9786,5023031.775,45.34445317,-75.70319166,6425
18--3036,3/7/2018,5:50 AM,COLONEL BY DR btwn OTTAWA UNIV. PED. XING & MAIN ST (__3ZA8HKC),__3ZA8HKC,01 - Non intersection,03 - P.D. only,01 - Approaching,03 - Snow,07 - Dark,03 - Loose snow,10 - No control,,2,0,0,0,,0,,,,,368982.3471,5031278.885,45.41850111,-75.6799133,6426
18--2405,2/15/2018,9:06 AM,CONROY RD @ JOHNSTON RD (0011908),11908,02 - Intersection related,02 - Non-fatal injury,04 - Sideswipe,04 - Freezing Rain,01 - Daylight,06 - Ice,01 - Traffic signal,01 - Functioning,3,0,0,0,01 - Minimal,1,1,,,,373396.8069,5026308.46,45.37336061,-75.62420532,6427
18--2787,2/27/2018,11:26 AM,CARLING AVE @ CHURCHILL AVE (0002149),2149,02 - Intersection related,03 - P.D. only,04 - Sideswipe,01 - Clear,01 - Daylight,01 - Dry,01 - Traffic signal,01 - Functioning,2,0,0,0,,0,,,,,363775.6959,5027013.538,45.38058057,-75.746945,6428
18--2788,2/27/2018,11:29 AM,NICHOLAS ST/HWY417 IC118 RAMP36 @ HWY417 IC118 (0002509),2509,02 - Intersection related,03 - P.D. only,04 - Sideswipe,01 - Clear,01 - Daylight,01 - Dry,10 - No control,,2,0,0,0,,0,,,,,369115.7935,5031286.52,45.41855756,-75.67820738,6429
18--2789,2/27/2018,12:21 PM,CARLING AVE @ KIRKWOOD AVE N (0002358),2358,03 - At intersection,03 - P.D. only,04 - Sideswipe,01 - Clear,01 - Daylight,01 - Dry,01 - Traffic signal,01 - Functioning,2,0,0,0,,0,,,,,364275.692,5027493.534,45.38485722,-75.74050333,6430
18--279,1/5/2018,5:11 PM,STRANDHERD DR @ ANDORA AVE (0010895),10895,02 - Intersection related,03 - P.D. only,07 - SMV other,05 - Drifting Snow,05 - Dusk,02 - Wet,01 - Traffic signal,01 - Functioning,1,0,0,0,,0,,,,,363230.5034,5014305.484,45.2662798,-75.7554054,6431
18--2790,2/27/2018,12:29 PM,KNOWLTON DR btwn REDPATH DR & MOUNTAIN ASH DR (__3ZAYG4),__3ZAYG4,01 - Non intersection,03 - P.D. only,06 - SMV unattended vehicle,01 - Clear,01 - Daylight,01 - Dry,10 - No control,,1,0,0,0,,0,,,,,366548.4649,5016865.751,45.28903346,-75.71280919,6432
18--2791,2/27/2018,12:53 PM,LABELLE ST/RAMP @ LEMIEUX ST/HWY417 IC115 RAMP (0012538),12538,03 - At intersection,03 - P.D. only,02 - Angle,01 - Clear,01 - Daylight,02 - Wet,02 - Stop sign,01 - Functioning,2,0,0,0,,0,,,,,372541.7202,5031688.57,45.4218517,-75.63438235,6433
18--2792,2/27/2018,2:39 PM,POULIN AVE @ RICHMOND RD (0002748),2748,03 - At intersection,03 - P.D. only,05 - Turning movement,01 - Clear,01 - Daylight,01 - Dry,01 - Traffic signal,01 - Functioning,2,0,0,0,,0,,,,,360325.6796,5024900.513,45.36184961,-75.79123196,6434
18--2793,2/27/2018,2:40 PM,MARCH RD @ TERON RD (0011926),11926,02 - Intersection related,03 - P.D. only,03 - Rear end,01 - Clear,01 - Daylight,01 - Dry,01 - Traffic signal,01 - Functioning,2,0,0,0,,0,,,,,351414.6158,5021779.483,45.33441518,-75.90526634,6435
18--2794,2/27/2018,3:15 PM,NORICE ST btwn WOODROFFE AVE & SULLIVAN AVE (__3ZA0F0),__3ZA0F0,01 - Non intersection,03 - P.D. only,04 - Sideswipe,01 - Clear,01 - Daylight,01 - Dry,10 - No control,,2,0,0,0,,0,,,,,363274.5741,5022440.319,45.33947325,-75.75388429,6436
18--2795,2/27/2018,3:30 PM,MONTREAL RD @ OGILVIE RD (0009279),9279,02 - Intersection related,03 - P.D. only,03 - Rear end,01 - Clear,01 - Daylight,01 - Dry,01 - Traffic signal,01 - Functioning,2,0,0,0,,0,,,,,375654.7354,5034556.586,45.44734806,-75.59419573,6437
18--2796,2/27/2018,3:39 PM,COOPER ST @ PERCY ST (0005101),5101,03 - At intersection,03 - P.D. only,02 - Angle,01 - Clear,01 - Daylight,01 - Dry,02 - Stop sign,01 - Functioning,2,0,0,0,,0,,,,,367068.919,5030643.136,45.41295375,-75.70443996,6438
18--4689,4/28/2018,1:10 PM,PRINCE OF WALES DR @ MEADOWLANDS DR/HOG'S BACK (0001629),1629,02 - Intersection related,03 - P.D. only,03 - Rear end,01 - Clear,01 - Daylight,01 - Dry,01 - Traffic signal,01 - Functioning,2,0,0,0,,0,,,,,367371.6405,5025694.275,45.36839822,-75.70120023,8135
18--2798,2/27/2018,4:34 PM,BEATRICE DR @ STRANDHERD DR (0005447),5447,03 - At intersection,02 - Non-fatal injury,05 - Turning movement,01 - Clear,01 - Daylight,01 - Dry,01 - Traffic signal,01 - Functioning,2,0,0,0,01 - Minimal,1,1,,,,365527.377,5015321.482,45.27522716,-75.72601414,6440
18--2799,2/27/2018,5:00 PM,PARKIN CIRC btwn MAASS GT & STEDMAN ST (__45KTKE),__45KTKE,01 - Non intersection,03 - P.D. only,01 - Approaching,01 - Clear,07 - Dark,01 - Dry,10 - No control,,2,0,0,0,,0,,,,,372520.7262,5022894.953,45.34273233,-75.63585686,6441
18--28,1/1/2018,6:40 AM,JOCKVALE RD @ EXETER DR/TARTAN DR (0010065),10065,03 - At intersection,03 - P.D. only,07 - SMV other,01 - Clear,07 - Dark,02 - Wet,11 - Roundabout,01 - Functioning,1,0,0,0,,0,,,,,363324.0279,5014774.113,45.27048876,-75.75415847,6442
18--280,1/5/2018,5:13 PM,LANCASTER RD @ WALKLEY RD (0003130),3130,03 - At intersection,02 - Non-fatal injury,02 - Angle,06 - Strong wind,05 - Dusk,02 - Wet,01 - Traffic signal,01 - Functioning,2,0,0,0,02 - Minor,1,,1,,,374910.4827,5028603.238,45.39385811,-75.60455623,6443
18--2800,2/27/2018,5:15 PM,HWY416 IC66 RAMP34 btwn HIGHWAY 416 & FALLOWFIELD RD (__3ZAY40),__3ZAY40,01 - Non intersection,03 - P.D. only,04 - Sideswipe,01 - Clear,01 - Daylight,01 - Dry,10 - No control,,2,0,0,0,,0,,,,,359801.0537,5014807.702,45.27107536,-75.79904873,6444
18--2801,2/27/2018,5:18 PM,RICHMOND RD @ STONEHAVEN DR (0010370),10370,03 - At intersection,03 - P.D. only,03 - Rear end,01 - Clear,05 - Dusk,02 - Wet,01 - Traffic signal,01 - Functioning,2,0,0,0,,0,,,,,356781.6412,5015891.437,45.28105668,-75.83741296,6445
18--2802,2/27/2018,5:34 PM,MARKLAND CRES btwn ROBLYN WAY & ROBLYN WAY (__3ZA6KS),__3ZA6KS,01 - Non intersection,03 - P.D. only,06 - SMV unattended vehicle,01 - Clear,07 - Dark,04 - Slush,10 - No control,,1,0,0,0,,0,,,,,365848.9315,5016327.732,45.28425351,-75.72179246,6446
18--2803,2/27/2018,6:15 PM,EAGLESON RD btwn HWY417 IC138 RAMP51 & KATIMAVIK RD (__3ZA41W),__3ZA41W,04 - At/near private drive,03 - P.D. only,05 - Turning movement,01 - Clear,05 - Dusk,01 - Dry,10 - No control,,2,0,0,0,,0,,,,,353141.0354,5019751.537,45.31605053,-75.88343903,6447
18--2804,2/27/2018,6:15 PM,RICHMOND RD @ FRASER AVE (0006238),6238,02 - Intersection related,03 - P.D. only,07 - SMV other,01 - Clear,05 - Dusk,02 - Wet,01 - Traffic signal,01 - Functioning,1,0,0,0,,0,,,,,362489.9933,5027691.727,45.38678988,-75.76328138,6448
18--2805,2/27/2018,6:24 PM,KINGSDALE AVE @ SIXTH ST (0009579),9579,03 - At intersection,03 - P.D. only,02 - Angle,01 - Clear,07 - Dark,01 - Dry,02 - Stop sign,01 - Functioning,2,0,0,0,,0,,,,,373583.786,5023681.809,45.34970873,-75.62218396,6449
18--2806,2/27/2018,6:32 PM,ARGYLE AVE E @ METCALFE ST (0007280),7280,03 - At intersection,03 - P.D. only,05 - Turning movement,01 - Clear,07 - Dark,01 - Dry,10 - No control,,2,0,0,0,,0,,,,,368442.7099,5030641.568,45.41281605,-75.68689009,6450
18--2807,2/27/2018,6:59 PM,GOLDEN AVE @ RICHMOND RD (0006932),6932,03 - At intersection,02 - Non-fatal injury,07 - SMV other,01 - Clear,07 - Dark,01 - Dry,01 - Traffic signal,01 - Functioning,1,0,0,1,02 - Minor,1,,1,,,362862.3408,5028026.546,45.38977177,-75.75848739,6451
18--2808,2/27/2018,7:07 AM,HAZELDEAN RD @ CARBROOKE ST/IRWIN GATE (0003187),3187,02 - Intersection related,03 - P.D. only,03 - Rear end,01 - Clear,03 - Dawn,01 - Dry,01 - Traffic signal,01 - Functioning,2,0,0,0,,0,,,,,353417.6211,5018265.463,45.30265942,-75.88005734,6452
18--2809,2/27/2018,7:08 AM,CYRVILLE RD @ ST. LAURENT BLVD (0002647),2647,02 - Intersection related,03 - P.D. only,03 - Rear end,01 - Clear,03 - Dawn,01 - Dry,01 - Traffic signal,01 - Functioning,2,0,0,0,,0,,,,,372241.7202,5032111.58,45.42568673,-75.63815746,6453
18--281,1/5/2018,5:15 PM,PARKGLEN DR @ WOODROFFE AVE (0001099),1099,03 - At intersection,03 - P.D. only,02 - Angle,01 - Clear,05 - Dusk,01 - Dry,02 - Stop sign,01 - Functioning,2,0,0,0,,0,,,,,362888.3395,5023125.816,45.34567339,-75.7587316,6454
18--2810,2/27/2018,7:28 AM,REGIONAL RD 174 @ WEST ST (0012885),12885,02 - Intersection related,02 - Non-fatal injury,03 - Rear end,01 - Clear,01 - Daylight,01 - Dry,02 - Stop sign,01 - Functioning,3,0,0,0,02 - Minor,1,,1,,,390001.7784,5042639.567,45.51846773,-75.40941189,6455
18--2811,2/27/2018,7:30 AM,WOODROFFE AVE btwn BREN-MAUR RD & CORTLEIGH DR (__3ZA4JC),__3ZA4JC,04 - At/near private drive,03 - P.D. only,02 - Angle,01 - Clear,01 - Daylight,01 - Dry,10 - No control,,2,0,0,0,,0,,,,,366622.6955,5014145.334,45.26454879,-75.71220176,6456
18--2812,2/27/2018,7:44 AM,CARLING AVE @ KIRKWOOD AVE N (0002358),2358,03 - At intersection,03 - P.D. only,05 - Turning movement,01 - Clear,01 - Daylight,02 - Wet,01 - Traffic signal,01 - Functioning,2,0,0,0,,0,,,,,364275.8213,5027493.55,45.38485736,-75.74050168,6457
18--2813,2/27/2018,7:45 AM,EAST ACRES RD btwn FAMLIT CRT & SHEFFORD RD (__3ZA128),__3ZA128,01 - Non intersection,03 - P.D. only,03 - Rear end,01 - Clear,01 - Daylight,01 - Dry,10 - No control,,2,0,0,0,,0,,,,,376148.7286,5034572.585,45.44744176,-75.58787902,6458
18--2814,2/27/2018,8:00 AM,PLEASANT PARK RD btwn ALTA VISTA DR & FAIRBANKS AVE (__3ZA9IM),__3ZA9IM,04 - At/near private drive,03 - P.D. only,02 - Angle,01 - Clear,01 - Daylight,01 - Dry,10 - No control,,2,0,0,0,,0,,,,,370424.9942,5028475.24,45.39314116,-75.66185507,6459
18--2815,2/28/2018,1:53 PM,MARCH RD @ TERRY FOX DR (0003173),3173,02 - Intersection related,03 - P.D. only,03 - Rear end,01 - Clear,01 - Daylight,01 - Dry,01 - Traffic signal,01 - Functioning,2,0,0,0,,0,,,,,349864.6086,5023399.509,45.34909381,-75.92489356,6460
18--2816,2/28/2018,10:01 AM,INNES RD @ PORTOBELLO BLVD (0009187),9187,03 - At intersection,02 - Non-fatal injury,02 - Angle,01 - Clear,01 - Daylight,01 - Dry,01 - Traffic signal,01 - Functioning,2,0,0,0,01 - Minimal,1,1,,,,385632.1181,5036891.855,45.46727596,-75.46628097,6461
18--2817,2/28/2018,10:06 PM,RIVERSIDE DR SB btwn SAN REMO PRIV & TERMINAL AVE (__3ZA253),__3ZA253,01 - Non intersection,03 - P.D. only,04 - Sideswipe,01 - Clear,07 - Dark,01 - Dry,10 - No control,,2,0,0,0,,0,,,,,370485.4576,5030416.204,45.41059955,-75.66082441,6462
18--2818,2/28/2018,10:11 PM,COLONEL BY DR/MACKENZIE AVE @ DALY AVE (0008541),8541,02 - Intersection related,03 - P.D. only,05 - Turning movement,01 - Clear,07 - Dark,01 - Dry,01 - Traffic signal,01 - Functioning,2,0,0,0,,0,,,,,368002.7121,5031904.58,45.42422009,-75.69234901,6463
18--2819,2/28/2018,10:17 PM,ALBERT ST @ ELGIN ST/MACKENZIE KING BRIDGE (0002226),2226,03 - At intersection,03 - P.D. only,05 - Turning movement,01 - Clear,07 - Dark,01 - Dry,01 - Traffic signal,01 - Functioning,2,0,0,0,,0,,,,,367850.7113,5031711.582,45.42249727,-75.6943159,6464
18--282,1/5/2018,5:25 PM,MERIVALE RD/LOTTA AVE @ CLYDE AVE (0001112),1112,02 - Intersection related,03 - P.D. only,03 - Rear end,01 - Clear,05 - Dusk,01 - Dry,01 - Traffic signal,01 - Functioning,2,0,0,0,,0,,,,,364521.6978,5024507.526,45.35796867,-75.73772317,6465
18--2820,2/28/2018,11:03 PM,RESEARCH RD @ UPLANDS DR (0008656),8656,02 - Intersection related,03 - P.D. only,07 - SMV other,01 - Clear,07 - Dark,01 - Dry,01 - Traffic signal,00 - Unknown,1,0,0,0,,0,,,,,370832.7737,5021556.895,45.33085378,-75.65757198,6466
18--2821,2/28/2018,11:13 AM,MEADOWLANDS DR @ MERIVALE RD (0000625),625,02 - Intersection related,03 - P.D. only,03 - Rear end,01 - Clear,01 - Daylight,01 - Dry,01 - Traffic signal,01 - Functioning,2,0,0,0,,0,,,,,364858.3515,5023724.814,45.35089718,-75.73352166,6467
18--2822,2/28/2018,11:52 AM,HIGHWAY 417 btwn HWY417 IC122 RAMP16 & HWY417 IC122 RAMP61 (__3ZA2RA),__3ZA2RA,01 - Non intersection,03 - P.D. only,04 - Sideswipe,01 - Clear,01 - Daylight,01 - Dry,10 - No control,,2,0,0,0,,0,,,,,365358.486,5028912.95,45.39753605,-75.72650325,6468
18--2823,2/28/2018,Unknown,QUEENSVIEW DR btwn PINECREST RD & END (__3ZABK9),__3ZABK9,01 - Non intersection,03 - P.D. only,06 - SMV unattended vehicle,01 - Clear,00 - Unknown,01 - Dry,10 - No control,,1,0,0,0,,0,,,,,360614.5379,5023888.284,45.35271868,-75.78765935,6469
18--2824,2/28/2018,12:16 PM,KITCHENER AVE @ BANK ST (0011963),11963,02 - Intersection related,03 - P.D. only,03 - Rear end,01 - Clear,01 - Daylight,01 - Dry,01 - Traffic signal,01 - Functioning,3,0,0,0,,0,,,,,370540.8762,5025499.971,45.36635983,-75.66077137,6470
18--2825,2/28/2018,12:28 PM,ARLINGTON AVE @ KENT ST (0007259),7259,03 - At intersection,02 - Non-fatal injury,02 - Angle,01 - Clear,01 - Daylight,01 - Dry,01 - Traffic signal,01 - Functioning,2,0,0,0,01 - Minimal,1,1,,,,367869.0579,5030258.268,45.40941917,-75.69426748,6471
18--2826,2/28/2018,12:55 PM,HIGHWAY 417 btwn HWY417 IC115 RAMP36 & HWY417 IC115 RAMP26 (__3ZA2R4),__3ZA2R4,01 - Non intersection,03 - P.D. only,03 - Rear end,01 - Clear,01 - Daylight,01 - Dry,10 - No control,,2,0,0,0,,0,,,,,372289.6025,5031502.097,45.42019827,-75.63762914,6472
18--2827,2/28/2018,2:18 PM,INNES RD btwn INDUSTRIAL AVE & BANTREE ST (__3ZA2XQ),__3ZA2XQ,01 - Non intersection,03 - P.D. only,04 - Sideswipe,02 - Rain,01 - Daylight,02 - Wet,10 - No control,,2,0,0,0,,0,,,,,373186.9181,5030055.236,45.40709297,-75.62636548,6473
18--2828,2/28/2018,2:19 PM,OLD SECOND LINE RD @ TERRY FOX DR (0013616),13616,02 - Intersection related,03 - P.D. only,03 - Rear end,01 - Clear,01 - Daylight,01 - Dry,01 - Traffic signal,01 - Functioning,2,0,0,0,,0,,,,,348795.2,5022408.413,45.34024358,-75.93862864,6474
18--2829,2/28/2018,2:45 PM,PARKDALE AVE btwn BURNSIDE AVE & LYNDALE AVE (__3ZA32H),__3ZA32H,04 - At/near private drive,03 - P.D. only,02 - Angle,01 - Clear,01 - Daylight,01 - Dry,10 - No control,,2,0,0,0,,0,,,,,364792.9333,5030088.056,45.40815809,-75.73358329,6475
18--283,1/5/2018,5:31 PM,INNES RD @ VISENEAU DR (0012442),12442,02 - Intersection related,03 - P.D. only,03 - Rear end,03 - Snow,05 - Dusk,04 - Slush,01 - Traffic signal,01 - Functioning,2,0,0,0,,0,,,,,381798.7506,5035073.556,45.45134952,-75.51558115,6476
18--2830,2/28/2018,2:45 PM,RIDEAU ST @ WURTEMBURG ST (0007118),7118,02 - Intersection related,03 - P.D. only,03 - Rear end,01 - Clear,01 - Daylight,01 - Dry,01 - Traffic signal,01 - Functioning,2,0,0,0,,0,,,,,369356.706,5032925.589,45.43328309,-75.67491462,6477