Anom_ID,Accident_Date,Accident_Time,Location,Geo_ID,Accident_Location,Classification_of_Accident,Initial_Impact_Type,Environment_Condition,Light,Road_Surface_Condition,Traffic_Control,Traffic_Control_Condition,No__of_Vehicles,No__of_Bicycles,No__of_Motorcycles,No__of_Pedestrians,Max_Injury,No__of_Injuries,No__of_Minimal,No__of_Minor,No__of_Major,No__of_Fatal,X,Y,Latitude,Longitude,ObjectId
18--2831,2/28/2018,3:05 PM,INDUSTRIAL AVE @ NEIGHBORHOOD WAY (0002706),2706,03 - At intersection,03 - P.D. only,02 - Angle,01 - Clear,01 - Daylight,01 - Dry,02 - Stop sign,01 - Functioning,2,0,0,0,,0,,,,,371092.7223,5030527.556,45.41154419,-75.65305207,6478
18--2832,2/28/2018,4:04 PM,GREENBANK RD @ IRIS ST/HWY 417 IC129 RAMP51 (0009073),9073,02 - Intersection related,03 - P.D. only,03 - Rear end,01 - Clear,01 - Daylight,01 - Dry,01 - Traffic signal,01 - Functioning,2,0,0,0,,0,,,,,360531.3091,5023312.494,45.34754435,-75.78878638,6479
18--2833,2/28/2018,6:00 PM,TERRY FOX DR S @ DIDSBURY RD/CENTRUM KANATA SC (0011820),11820,02 - Intersection related,02 - Non-fatal injury,03 - Rear end,01 - Clear,05 - Dusk,02 - Wet,01 - Traffic signal,01 - Functioning,2,0,0,0,01 - Minimal,3,3,,,,350623.4796,5018915.729,45.30869852,-75.91562452,6480
18--2834,2/28/2018,6:00 PM,KANATA AVE @ KEYROCK DR/STIKINE DR (0011329),11329,03 - At intersection,03 - P.D. only,04 - Sideswipe,02 - Rain,07 - Dark,02 - Wet,11 - Roundabout,01 - Functioning,2,0,0,0,,0,,,,,349683.5989,5020193.47,45.32025669,-75.92749422,6481
18--2835,2/28/2018,6:33 PM,MAITLAND AVE @ DUNCAN PL (0006514),6514,02 - Intersection related,03 - P.D. only,03 - Rear end,01 - Clear,07 - Dark,01 - Dry,02 - Stop sign,01 - Functioning,2,0,0,0,,0,,,,,363002.6959,5026339.522,45.37458051,-75.75689397,6482
18--2836,2/28/2018,6:59 PM,ALBERT ST btwn METCALFE ST & ELGIN ST (__3ZA353),__3ZA353,01 - Non intersection,02 - Non-fatal injury,07 - SMV other,01 - Clear,07 - Dark,01 - Dry,10 - No control,,1,0,0,1,02 - Minor,1,,1,,,367710.8643,5031625.429,45.42173469,-75.69611373,6483
18--2837,2/28/2018,7:08 AM,ROBERTSON RD btwn HAZELDEAN RD & HAANEL DR (__3ZA41S),__3ZA41S,01 - Non intersection,02 - Non-fatal injury,01 - Approaching,01 - Clear,03 - Dawn,01 - Dry,10 - No control,,2,0,0,0,02 - Minor,2,,2,,,354535.7455,5018931.416,45.30857352,-75.86573374,6484
18--2838,2/28/2018,7:21 PM,FISHER AVE @ MEADOWLANDS DR (0002120),2120,03 - At intersection,03 - P.D. only,05 - Turning movement,01 - Clear,07 - Dark,01 - Dry,01 - Traffic signal,01 - Functioning,2,0,0,0,,0,,,,,366575.065,5025045.446,45.36263085,-75.71144959,6485
18--2839,2/28/2018,7:25 PM,HIGHWAY 417 btwn HWY417 IC123 RAMP62 & HWY417 IC122 RAMP16 (__3ZA2R9),__3ZA2R9,01 - Non intersection,02 - Non-fatal injury,03 - Rear end,01 - Clear,07 - Dark,01 - Dry,10 - No control,,2,0,0,0,02 - Minor,2,1,1,,,365108.2955,5028677.237,45.39543675,-75.72972739,6486
18--284,1/5/2018,5:33 AM,HIGHWAY 7 btwn DWYER HILL RD & UPPER DWYER HILL RD (__7JQ7L7),__7JQ7L7,01 - Non intersection,02 - Non-fatal injury,07 - SMV other,05 - Drifting Snow,07 - Dark,06 - Ice,10 - No control,,1,0,0,0,02 - Minor,1,,1,,,340978.1424,5007180.735,45.20366394,-76.03947892,6487
18--2840,2/28/2018,8:13 AM,KING EDWARD AVE btwn MARIE CURIE PRIV & TEMPLETON ST (__3ZA3MD),__3ZA3MD,04 - At/near private drive,03 - P.D. only,02 - Angle,01 - Clear,01 - Daylight,01 - Dry,10 - No control,,2,0,0,0,,0,,,,,368974.0866,5031648.491,45.42182745,-75.6799707,6488
18--2841,2/28/2018,8:20 AM,CLAYMOR AVE @ MEADOWLANDS DR (0003184),3184,03 - At intersection,03 - P.D. only,05 - Turning movement,01 - Clear,01 - Daylight,01 - Dry,01 - Traffic signal,01 - Functioning,2,0,0,0,,0,,,,,366920.7053,5025322.524,45.3650934,-75.70700313,6489
18--2842,2/28/2018,8:48 PM,SANDALWOOD DR btwn BAYCREST DR & HERON RD (__3ZA9YZ),__3ZA9YZ,01 - Non intersection,02 - Non-fatal injury,07 - SMV other,01 - Clear,07 - Dark,02 - Wet,10 - No control,,1,0,0,0,02 - Minor,1,,1,,,371473.3052,5026838.69,45.37831708,-75.64868886,6490
18--2843,2/28/2018,8:56 AM,CYRVILLE RD @ OGILVIE RD (0003554),3554,02 - Intersection related,03 - P.D. only,04 - Sideswipe,01 - Clear,01 - Daylight,02 - Wet,01 - Traffic signal,01 - Functioning,2,0,0,0,,0,,,,,372453.719,5032005.57,45.42471243,-75.63546318,6491
18--2844,2/28/2018,9:47 AM,MARCH RD @ MORGAN'S GRANT WAY/SHIRLEY'S BROOK  (0002651),2651,02 - Intersection related,03 - P.D. only,03 - Rear end,01 - Clear,01 - Daylight,01 - Dry,01 - Traffic signal,01 - Functioning,2,0,0,0,,0,,,,,349661.6093,5023617.51,45.35106844,-75.92746429,6492
18--2845,3/1/2018,1:00 PM,RIDEAU RD @ SPRATT RD (0012969),12969,02 - Intersection related,03 - P.D. only,07 - SMV other,01 - Clear,01 - Daylight,01 - Dry,02 - Stop sign,01 - Functioning,1,0,0,0,,0,,,,,369136.0574,5013038.732,45.25436632,-75.68032085,6493
18--2846,3/1/2018,1:00 PM,HIGHWAY 417 btwn RAMP & HWY417 IC129 RAMP76 (__3ZA2X8),__3ZA2X8,01 - Non intersection,03 - P.D. only,04 - Sideswipe,01 - Clear,01 - Daylight,01 - Dry,10 - No control,,2,0,0,0,,0,,,,,359940.4852,5023196.785,45.3465499,-75.79633849,6494
18--2847,3/1/2018,1:14 PM,BANK ST btwn CLAREY AVE & HOLMWOOD AVE (__3ZA3OP),__3ZA3OP,01 - Non intersection,03 - P.D. only,99 - Other,01 - Clear,01 - Daylight,01 - Dry,10 - No control,,2,0,0,0,,0,,,,,368468.1192,5029231.705,45.40012825,-75.68674755,6495
18--2848,3/1/2018,1:16 PM,LYON ST @ SLATER ST (0002207),2207,03 - At intersection,02 - Non-fatal injury,07 - SMV other,01 - Clear,01 - Daylight,01 - Dry,01 - Traffic signal,01 - Functioning,1,0,0,2,01 - Minimal,1,1,,,,367101.6593,5031151.194,45.41752218,-75.70395747,6496
18--2849,3/1/2018,1:33 PM,HERON RD EB btwn PRINCE OF WALES DR & HERON RD EB OFF RAMP/VINCENT MAS (__3ZAZWA),__3ZAZWA,01 - Non intersection,03 - P.D. only,03 - Rear end,01 - Clear,01 - Daylight,01 - Dry,10 - No control,,3,0,0,0,,0,,,,,367370.4286,5026490.939,45.37556652,-75.70111478,6497
18--285,1/5/2018,5:35 PM,HIGHWAY 417 btwn HWY417 IC120B RAMP36 & HWY417 IC119B RAMP76 (__3ZA2YU),__3ZA2YU,01 - Non intersection,03 - P.D. only,03 - Rear end,01 - Clear,05 - Dusk,05 - Packed snow,10 - No control,,2,0,0,0,,0,,,,,367779.1338,5030016.189,45.40724912,-75.6954471,6498
18--2850,3/1/2018,1:40 PM,HIGHWAY 417 btwn HWY417 IC129 RAMP25 & HWY417 IC129 RAMP35 (__3ZAYFR),__3ZAYFR,01 - Non intersection,03 - P.D. only,04 - Sideswipe,01 - Clear,01 - Daylight,01 - Dry,10 - No control,,2,0,0,0,,0,,,,,360616.3029,5023648.334,45.35055947,-75.78766391,6499
18--2851,3/1/2018,1:45 PM,BASELINE RD @ CLYDE AVE (0002343),2343,02 - Intersection related,03 - P.D. only,03 - Rear end,01 - Clear,01 - Daylight,01 - Dry,01 - Traffic signal,01 - Functioning,2,0,0,0,,0,,,,,364358.7036,5024890.513,45.3614286,-75.73975727,6500
18--2852,3/1/2018,1:55 PM,OLD INNES RD @ BANTREE ST (0007674),7674,03 - At intersection,02 - Non-fatal injury,02 - Angle,01 - Clear,01 - Daylight,01 - Dry,02 - Stop sign,01 - Functioning,2,0,0,0,02 - Minor,1,,1,,,373725.6144,5030347.488,45.40966967,-75.61944365,6501
18--2853,3/1/2018,11:06 PM,LEMIEUX ST @ ST. LAURENT BLVD (0002021),2021,03 - At intersection,03 - P.D. only,04 - Sideswipe,03 - Snow,07 - Dark,02 - Wet,01 - Traffic signal,01 - Functioning,2,0,0,0,,0,,,,,372391.7249,5031742.565,45.42235203,-75.63629139,6502
18--2854,3/1/2018,11:29 AM,BASELINE RD @ WOODROFFE AVE (0002225),2225,02 - Intersection related,03 - P.D. only,03 - Rear end,01 - Clear,01 - Daylight,01 - Dry,01 - Traffic signal,01 - Functioning,2,0,0,0,,0,,,,,362549.6903,5023770.504,45.35150221,-75.76297748,6503
18--2855,3/1/2018,12:01 PM,LAFONTAINE AVE @ MCARTHUR AVE (0009806),9806,03 - At intersection,03 - P.D. only,05 - Turning movement,01 - Clear,01 - Daylight,01 - Dry,01 - Traffic signal,01 - Functioning,2,0,0,0,,0,,,,,370949.7119,5032771.574,45.43174845,-75.65457765,6504
18--2586,2/21/2018,9:13 AM,LYON ST @ SLATER ST (0002207),2207,02 - Intersection related,03 - P.D. only,03 - Rear end,02 - Rain,01 - Daylight,02 - Wet,01 - Traffic signal,01 - Functioning,2,0,0,0,,0,,,,,367102.704,5031152.587,45.41753463,-75.70394395,6505
18--2587,2/21/2018,9:14 PM,HWY417 IC117 RAMP36 btwn HIGHWAY 417 & VANIER PKWY (__3ZAYAX),__3ZAYAX,01 - Non intersection,03 - P.D. only,07 - SMV other,01 - Clear,07 - Dark,06 - Ice,10 - No control,,1,0,0,0,,0,,,,,370652.1884,5031200.125,45.41763729,-75.6585898,6506
18--2588,2/21/2018,9:15 AM,BENTLEY AVE @ SUNDERLAND ST (0005117),5117,03 - At intersection,02 - Non-fatal injury,02 - Angle,02 - Rain,01 - Daylight,02 - Wet,02 - Stop sign,01 - Functioning,3,0,0,0,01 - Minimal,1,1,,,,366150.7001,5021836.498,45.33379454,-75.71726412,6507
18--3127,3/8/2018,7:41 PM,MONTREAL RD @ CARSON'S RD/CODD'S RD (0010801),10801,02 - Intersection related,03 - P.D. only,02 - Angle,03 - Snow,07 - Dark,03 - Loose snow,01 - Traffic signal,01 - Functioning,2,0,0,0,,0,,,,,372770.718,5034398.581,45.44621282,-75.63108237,6508
18--3037,3/7/2018,5:55 AM,MARCH RD btwn GOLDEN LINE RD & BURNT LANDS RD (__3ZA2QG),__3ZA2QG,01 - Non intersection,03 - P.D. only,07 - SMV other,03 - Snow,07 - Dark,04 - Slush,10 - No control,,1,0,0,0,,0,,,,,332918.7329,5013434.753,45.26030945,-76.14171353,6509
18--2589,2/22/2018,1:27 PM,INNES RD @ TENTH LINE RD (0004633),4633,02 - Intersection related,02 - Non-fatal injury,03 - Rear end,01 - Clear,01 - Daylight,01 - Dry,01 - Traffic signal,01 - Functioning,2,0,0,0,02 - Minor,1,,1,,,383951.7605,5036159.561,45.46087989,-75.48788467,6510
18--3128,3/8/2018,7:45 AM,HIGHWAY 417 btwn HWY417 IC138 RAMP61 & HWY417 IC134 RAMP36 (__3ZA20I),__3ZA20I,01 - Non intersection,03 - P.D. only,04 - Sideswipe,03 - Snow,01 - Daylight,02 - Wet,10 - No control,,2,0,0,0,,0,,,,,354584.8858,5021214.605,45.32911456,-75.86487761,6511
18--2677,2/23/2018,6:42 AM,CYRVILLE RD @ INNES RD (0009352),9352,02 - Intersection related,03 - P.D. only,03 - Rear end,01 - Clear,03 - Dawn,03 - Loose snow,01 - Traffic signal,01 - Functioning,2,0,0,0,,0,,,,,375047.7241,5031119.564,45.41648495,-75.60244512,6512
18--259,1/5/2018,12:55 PM,WEST HUNT CLUB RD btwn HWY416 IC72 RAMP63 & CEDARVIEW RD (__3ZA190),__3ZA190,01 - Non intersection,02 - Non-fatal injury,05 - Turning movement,01 - Clear,01 - Daylight,02 - Wet,10 - No control,,2,0,0,0,01 - Minimal,1,1,,,,359629.5659,5019509.53,45.31339623,-75.80071431,6513
18--2406,2/15/2018,9:08 AM,CHURCHILL AVE @ LANARK AVE (0005580),5580,03 - At intersection,03 - P.D. only,02 - Angle,04 - Freezing Rain,01 - Daylight,06 - Ice,02 - Stop sign,01 - Functioning,2,0,0,0,,0,,,,,362985.3479,5028800.257,45.39672329,-75.75682536,6514
18--3038,3/7/2018,6:04 PM,WELLINGTON ST    W btwn FAIRMONT AVE & IRVING AVE (__3ZA31T),__3ZA31T,01 - Non intersection,03 - P.D. only,06 - SMV unattended vehicle,01 - Clear,05 - Dusk,01 - Dry,10 - No control,,1,0,0,0,,0,,,,,365589.7665,5029747.413,45.40502431,-75.72344659,6515
18--3129,3/8/2018,7:50 PM,SLACK RD @ WOODROFFE AVE (0000102),102,02 - Intersection related,03 - P.D. only,03 - Rear end,03 - Snow,07 - Dark,06 - Ice,01 - Traffic signal,01 - Functioning,2,0,0,0,,0,,,,,364233.6835,5019974.478,45.31720522,-75.74194347,6516
18--2678,2/23/2018,7:00 PM,PALM ST btwn LORRAINE AVE & FLORIDA AVE (__3ZA2KX),__3ZA2KX,01 - Non intersection,03 - P.D. only,06 - SMV unattended vehicle,04 - Freezing Rain,07 - Dark,06 - Ice,10 - No control,,1,0,0,0,,0,,,,,372111.5312,5027305.615,45.38245726,-75.64047699,6517
18--2590,2/22/2018,10:32 AM,KEENAN AVE @ WAVELL AVE (0006723),6723,03 - At intersection,03 - P.D. only,02 - Angle,01 - Clear,01 - Daylight,06 - Ice,02 - Stop sign,01 - Functioning,2,0,0,0,,0,,,,,362309.3404,5027065.24,45.38116768,-75.76566117,6518
18--3039,3/7/2018,6:11 AM,HIGHWAY 417 btwn HWY417 IC169 RAMP25 & HWY417 IC163 RAMP51 (__5SPOUW),__5SPOUW,01 - Non intersection,03 - P.D. only,07 - SMV other,03 - Snow,03 - Dawn,03 - Loose snow,10 - No control,,1,0,0,0,,0,,,,,327386.1963,5023584.575,45.3518433,-76.2117451,6519
18--2407,2/15/2018,9:11 AM,CONROY RD @ HUNT CLUB RD (0002257),2257,02 - Intersection related,03 - P.D. only,03 - Rear end,01 - Clear,01 - Daylight,04 - Slush,01 - Traffic signal,01 - Functioning,2,0,0,0,,0,,,,,373763.7395,5025404.523,45.36519135,-75.61964733,6520
18--313,1/5/2018,8:25 AM,HIGHWAY 416 btwn HWY416 IC49 RAMP42 & HWY416 IC49 RAMP24 (__3ZAZGH),__3ZAZGH,01 - Non intersection,02 - Non-fatal injury,07 - SMV other,01 - Clear,01 - Daylight,06 - Ice,10 - No control,,1,0,0,0,01 - Minimal,1,1,,,,369252.199,5000984.087,45.14588816,-75.68040014,6521
18--2679,2/23/2018,7:16 PM,SHERWOOD DR btwn BAYSWATER AVE & BREEZEHILL AVE S (__3ZA0Z8),__3ZA0Z8,04 - At/near private drive,03 - P.D. only,02 - Angle,04 - Freezing Rain,07 - Dark,06 - Ice,10 - No control,,2,0,0,0,,0,,,,,366340.051,5028753.555,45.39601627,-75.71398706,6522
18--268,1/5/2018,3:08 PM,RAMSAYVILLE RD btwn RIDGE RD & RUSSELL RD (__3ZA2B5),__3ZA2B5,01 - Non intersection,03 - P.D. only,07 - SMV other,05 - Drifting Snow,01 - Daylight,03 - Loose snow,10 - No control,,1,0,0,0,,0,,,,,376902.8828,5028302.727,45.39095196,-75.57915667,6523
18--2680,2/23/2018,7:26 PM,MOONEY'S BAY PL @ RIVERSIDE DR (0011421),11421,02 - Intersection related,03 - P.D. only,03 - Rear end,04 - Freezing Rain,07 - Dark,06 - Ice,01 - Traffic signal,01 - Functioning,2,0,0,0,,0,,,,,368355.7153,5025296.512,45.36473071,-75.6886898,6524
18--2681,2/23/2018,7:39 PM,CARLING AVE @ PARKDALE AVE (0008792),8792,02 - Intersection related,03 - P.D. only,07 - SMV other,03 - Snow,07 - Dark,06 - Ice,01 - Traffic signal,01 - Functioning,1,0,0,0,,0,,,,,365626.3284,5028174.961,45.39087257,-75.72317348,6525
18--2682,2/23/2018,7:41 AM,CONTOUR ST N @ TRAILSEDGE WAY (0014211),14211,02 - Intersection related,03 - P.D. only,04 - Sideswipe,01 - Clear,01 - Daylight,01 - Dry,10 - No control,,2,0,0,0,,0,,,,,381616.5921,5033176.837,45.4343044,-75.51820575,6526
18--2683,2/23/2018,8:30 PM,LEES AVE btwn TRANSIT & CHAPEL CRES (2) (__3ZA5XBB),__3ZA5XBB,01 - Non intersection,03 - P.D. only,06 - SMV unattended vehicle,01 - Clear,07 - Dark,06 - Ice,10 - No control,,1,0,0,0,,0,,,,,369700.3174,5030978.088,45.41572843,-75.67078005,6527
18--2684,2/23/2018,8:44 PM,JAMES ST btwn BAY ST & LYON ST N (__3ZA8F0),__3ZA8F0,01 - Non intersection,03 - P.D. only,06 - SMV unattended vehicle,01 - Clear,07 - Dark,06 - Ice,10 - No control,,1,0,0,0,,0,,,,,367401.5049,5030442.456,45.41111841,-75.70021667,6528
18--2685,2/23/2018,8:47 AM,COLONEL BY DR @ HAWTHORNE AVE/PRETORIA BRIDGE (0002122),2122,03 - At intersection,03 - P.D. only,07 - SMV other,01 - Clear,01 - Daylight,01 - Dry,01 - Traffic signal,01 - Functioning,1,0,0,0,,0,,,,,368766.6649,5030525.567,45.41174277,-75.68276667,6529
18--2686,2/23/2018,9:00 AM,STALWART CRES btwn WHITE ALDER AVE & WHITE ALDER AVE (__67PTLG),__67PTLG,01 - Non intersection,03 - P.D. only,06 - SMV unattended vehicle,04 - Freezing Rain,01 - Daylight,06 - Ice,10 - No control,,1,0,0,0,,0,,,,,375548.279,5020806.876,45.32364589,-75.59752728,6530
18--2687,2/23/2018,9:06 AM,"MONTREAL RD btwn EGLISE, RUE DE L & ST. LAURENT BLVD (__3ZA3ML)",__3ZA3ML,01 - Non intersection,02 - Non-fatal injury,04 - Sideswipe,01 - Clear,01 - Daylight,01 - Dry,10 - No control,,2,1,0,0,03 - Major,1,,,1,,371188.809,5033648.879,45.43961939,-75.65140391,6531
18--2688,2/23/2018,9:30 PM,HWY417 IC104 RAMP61 btwn ANDERSON RD & HIGHWAY 417 (__3ZAY0E),__3ZAY0E,01 - Non intersection,03 - P.D. only,07 - SMV other,01 - Clear,07 - Dark,02 - Wet,10 - No control,,1,0,0,0,,0,,,,,380029.3653,5026260.352,45.37224713,-75.53954435,6532
18--2689,2/23/2018,9:45 PM,9TH LINE RD btwn PARKWAY RD & MITCH OWENS RD (__3ZA2SZ),__3ZA2SZ,01 - Non intersection,03 - P.D. only,07 - SMV other,01 - Clear,07 - Dark,06 - Ice,10 - No control,,1,0,0,0,,0,,,,,384293.0065,5019377.18,45.30984667,-75.48622459,6533
18--269,1/5/2018,3:10 PM,PLEASANT PARK RD @ ALTA VISTA DR (0008005),8005,03 - At intersection,03 - P.D. only,02 - Angle,01 - Clear,01 - Daylight,01 - Dry,01 - Traffic signal,01 - Functioning,2,0,0,0,,0,,,,,370364.6778,5028466.851,45.39307133,-75.66262644,6534
18--2690,2/24/2018,1:06 PM,WEST HUNT CLUB RD @ ANTARES DR/LASER ST (0000116),116,02 - Intersection related,03 - P.D. only,04 - Sideswipe,01 - Clear,01 - Daylight,01 - Dry,01 - Traffic signal,01 - Functioning,2,0,0,0,,0,,,,,367107.7117,5022081.502,45.33591472,-75.70502452,6535
18--2691,2/24/2018,1:41 AM,CONROY RD @ DAVIDSON RD N (0009364),9364,02 - Intersection related,02 - Non-fatal injury,02 - Angle,02 - Rain,07 - Dark,06 - Ice,02 - Stop sign,01 - Functioning,2,0,0,0,02 - Minor,1,,1,,,374573.7516,5023515.511,45.34811466,-75.60957504,6536
18--2692,2/24/2018,10:35 AM,BANK ST @ HERON RD (0002155),2155,02 - Intersection related,02 - Non-fatal injury,03 - Rear end,01 - Clear,01 - Daylight,01 - Dry,01 - Traffic signal,01 - Functioning,2,0,0,0,01 - Minimal,1,1,,,,369995.7202,5026851.542,45.37857176,-75.66755153,6537
18--2693,2/24/2018,10:53 AM,HIGHWAY 417 btwn RAMP & HWY417 IC129 RAMP76 (__3ZA2X8),__3ZA2X8,01 - Non intersection,03 - P.D. only,07 - SMV other,01 - Clear,01 - Daylight,02 - Wet,10 - No control,,1,0,0,0,,0,,,,,360218.3417,5023369.763,45.34808445,-75.79277358,6538
18--2694,2/24/2018,11:36 AM,BARCLAY RD btwn EASTBOURNE AVE & END (__3ZA52I),__3ZA52I,01 - Non intersection,03 - P.D. only,06 - SMV unattended vehicle,01 - Clear,01 - Daylight,01 - Dry,10 - No control,,1,0,0,0,,0,,,,,370920.2278,5035112.255,45.45281162,-75.65463994,6539
18--2695,2/24/2018,Unknown,MUIRFIELD GDN btwn CEDARHILL DR & END (__3ZAADR),__3ZAADR,01 - Non intersection,03 - P.D. only,06 - SMV unattended vehicle,01 - Clear,00 - Unknown,01 - Dry,10 - No control,,1,0,0,0,,0,,,,,359870.1506,5016669.64,45.28782387,-75.79796162,6540
18--2696,2/24/2018,Unknown,COLERIDGE ST btwn SCOUT ST & WHITESTONE DR (__30KGPR),__30KGPR,01 - Non intersection,03 - P.D. only,06 - SMV unattended vehicle,01 - Clear,00 - Unknown,06 - Ice,10 - No control,,1,0,0,0,,0,,,,,364287.696,5025351.84,45.36558558,-75.74060803,6541
18--2697,2/24/2018,Unknown,ALICE ST btwn LANDRY ST & ST. CHARLES ST (__3ZA8V1),__3ZA8V1,01 - Non intersection,03 - P.D. only,06 - SMV unattended vehicle,01 - Clear,00 - Unknown,02 - Wet,10 - No control,,1,0,0,0,,0,,,,,369577.0882,5033508.924,45.43851132,-75.6720215,6542
18--2698,2/24/2018,12:06 PM,CARP RD btwn KINBURN SIDE RD & BAIRD SIDE RD (__3ZA4Q9),__3ZA4Q9,04 - At/near private drive,03 - P.D. only,02 - Angle,01 - Clear,01 - Daylight,01 - Dry,10 - No control,,2,0,0,0,,0,,,,,332352.5494,5030646.934,45.41521604,-76.14796923,6543
18--2699,2/24/2018,2:28 PM,REGIONAL RD 174 EB btwn REGIONAL RD 174 & TRIM RD (__3ZA1L6),__3ZA1L6,01 - Non intersection,03 - P.D. only,04 - Sideswipe,01 - Clear,01 - Daylight,01 - Dry,10 - No control,,2,0,0,0,,0,,,,,384523.5561,5040086.673,45.49614726,-75.47993688,6544
18--27,1/1/2018,6:40 AM,JOCKVALE RD @ EXETER DR/TARTAN DR (0010065),10065,03 - At intersection,02 - Non-fatal injury,07 - SMV other,01 - Clear,07 - Dark,01 - Dry,11 - Roundabout,03 - Obscured,1,0,0,0,02 - Minor,1,,1,,,363322.6342,5014773.416,45.27048261,-75.75417631,6545
18--270,1/5/2018,3:23 PM,PLEASANT PARK RD @ ST. LAURENT BLVD (0008363),8363,02 - Intersection related,02 - Non-fatal injury,03 - Rear end,01 - Clear,01 - Daylight,03 - Loose snow,01 - Traffic signal,01 - Functioning,2,0,0,0,01 - Minimal,1,1,,,,373597.728,5028795.55,45.39571865,-75.62129377,6546
18--2700,2/24/2018,2:45 PM,MONTREAL RD @ SHEFFORD RD (0012423),12423,02 - Intersection related,02 - Non-fatal injury,03 - Rear end,01 - Clear,01 - Daylight,01 - Dry,01 - Traffic signal,01 - Functioning,2,0,0,0,01 - Minimal,1,1,,,,376125.7299,5034853.575,45.44997228,-75.58813226,6547
18--2701,2/24/2018,3:23 PM,STRANDHERD DR btwn FALLOWFIELD RD & MARAVISTA DR (__6NFZTL),__6NFZTL,01 - Non intersection,02 - Non-fatal injury,03 - Rear end,01 - Clear,01 - Daylight,01 - Dry,10 - No control,,2,0,0,0,01 - Minimal,1,1,,,,361183.566,5014755.065,45.27049224,-75.78143689,6548
18--2702,2/24/2018,3:28 AM,BRONSON AVE @ GLADSTONE AVE (0002110),2110,02 - Intersection related,02 - Non-fatal injury,03 - Rear end,04 - Freezing Rain,07 - Dark,06 - Ice,01 - Traffic signal,01 - Functioning,2,1,0,0,02 - Minor,1,,1,,,367133.7018,5030081.564,45.40789512,-75.70368337,6549
18--2703,2/24/2018,3:30 PM,HIGHWAY 416 btwn HWY416 IC49 RAMP24 & HWY416 IC42 RAMP42 (__3ZA29T),__3ZA29T,01 - Non intersection,03 - P.D. only,07 - SMV other,01 - Clear,01 - Daylight,01 - Dry,10 - No control,,1,0,0,0,,0,,,,,369627.1237,4999741.172,45.13467001,-75.6757941,6550
18--2704,2/24/2018,3:33 PM,HELENE-CAMPBELL RD btwn HIBISCUS WAY & PEERLESS ST (__8XI25M),__8XI25M,01 - Non intersection,03 - P.D. only,04 - Sideswipe,01 - Clear,01 - Daylight,03 - Loose snow,10 - No control,,2,0,0,0,,0,,,,,361265.583,5015143.231,45.27397841,-75.78034759,6551
18--2705,2/24/2018,4:00 PM,HIGHWAY 417 @ HWY 417 BRONSON IC121AR51 (0002668),2668,02 - Intersection related,03 - P.D. only,04 - Sideswipe,01 - Clear,01 - Daylight,01 - Dry,01 - Traffic signal,00 - Unknown,2,0,0,0,,0,,,,,367052.7115,5029657.563,45.40408729,-75.70477146,6552
18--2706,2/24/2018,4:20 PM,HIGHWAY 416 btwn HWY416 IC57 RAMP24 & HWY416 IC49 RAMP42 (__3ZAZGI),__3ZAZGI,01 - Non intersection,03 - P.D. only,07 - SMV other,01 - Clear,01 - Daylight,01 - Dry,10 - No control,,1,0,0,0,,0,,,,,368933.3461,5002027.574,45.15530656,-75.68432046,6553
18--2707,2/24/2018,4:45 PM,CHATELAIN AVE btwn CAVAN ST & KIRKWOOD AVE (__3ZA0ER),__3ZA0ER,01 - Non intersection,03 - P.D. only,06 - SMV unattended vehicle,01 - Clear,01 - Daylight,02 - Wet,10 - No control,,1,0,0,0,,0,,,,,364695.6477,5026676.341,45.37746848,-75.73524017,6554
18--2708,2/24/2018,4:50 PM,HIGHWAY 417 btwn HWY417 IC126 RAMP61 & HWY417 IC124 RAMP76 (__3ZA2Y2),__3ZA2Y2,01 - Non intersection,03 - P.D. only,03 - Rear end,01 - Clear,01 - Daylight,02 - Wet,10 - No control,,2,0,0,0,,0,,,,,363872.2847,5026801.635,45.37866576,-75.74573713,6555
18--2709,2/24/2018,5:25 PM,HIGHWAY 417 btwn HWY417 IC134 RAMP25 & HWY417 IC131 RAMP53 (__3ZA2LE),__3ZA2LE,01 - Non intersection,03 - P.D. only,03 - Rear end,01 - Clear,05 - Dusk,01 - Dry,10 - No control,,2,0,0,0,,0,,,,,357450.4745,5022641.61,45.34174573,-75.82817098,6556
18--271,1/5/2018,3:24 PM,DALHOUSIE ST @ MURRAY ST (0008241),8241,03 - At intersection,03 - P.D. only,02 - Angle,01 - Clear,01 - Daylight,02 - Wet,01 - Traffic signal,01 - Functioning,2,0,0,0,,0,,,,,368001.0475,5032572.898,45.43023353,-75.69228452,6557
18--2710,2/24/2018,6:13 PM,BASELINE RD @ WOODROFFE AVE (0002225),2225,02 - Intersection related,02 - Non-fatal injury,99 - Other,01 - Clear,07 - Dark,01 - Dry,01 - Traffic signal,01 - Functioning,3,0,0,0,03 - Major,2,,1,1,,362548.6449,5023769.111,45.35148976,-75.76299098,6558
18--2711,2/24/2018,6:30 PM,SANDALWOOD DR btwn BAYCREST DR & HERON RD (__3ZA9YZ),__3ZA9YZ,01 - Non intersection,03 - P.D. only,04 - Sideswipe,01 - Clear,07 - Dark,02 - Wet,10 - No control,,2,0,0,0,,0,,,,,371364.6311,5026716.226,45.37722552,-75.65009281,6559
18--2712,2/24/2018,7:15 PM,JEANNE D'ARC BLVD @ ORLEANS BLVD S (0004154),4154,03 - At intersection,03 - P.D. only,05 - Turning movement,01 - Clear,07 - Dark,01 - Dry,01 - Traffic signal,01 - Functioning,2,0,0,0,,0,,,,,380940.7448,5036250.58,45.46203345,-75.5263668,6560