Anom_ID,Accident_Date,Accident_Time,Location,Geo_ID,Accident_Location,Classification_of_Accident,Initial_Impact_Type,Environment_Condition,Light,Road_Surface_Condition,Traffic_Control,Traffic_Control_Condition,No__of_Vehicles,No__of_Bicycles,No__of_Motorcycles,No__of_Pedestrians,Max_Injury,No__of_Injuries,No__of_Minimal,No__of_Minor,No__of_Major,No__of_Fatal,X,Y,Latitude,Longitude,ObjectId
18--2713,2/24/2018,7:46 PM,GREENBANK RD @ MARKETPLACE AVE (0010406),10406,02 - Intersection related,03 - P.D. only,03 - Rear end,01 - Clear,07 - Dark,01 - Dry,01 - Traffic signal,01 - Functioning,2,0,0,0,,0,,,,,364008.3563,5014602.19,45.26888451,-75.74545851,6561
18--2714,2/24/2018,8:08 PM,GREENBANK RD @ IRIS ST/HWY 417 IC129 RAMP51 (0009073),9073,02 - Intersection related,03 - P.D. only,02 - Angle,01 - Clear,07 - Dark,01 - Dry,01 - Traffic signal,01 - Functioning,2,0,0,0,,0,,,,,360531.309,5023312.494,45.34754435,-75.78878638,6562
18--2715,2/24/2018,9:27 AM,ALPINE AVE @ CARLING AVE (0011382),11382,03 - At intersection,03 - P.D. only,03 - Rear end,01 - Clear,01 - Daylight,01 - Dry,01 - Traffic signal,01 - Functioning,2,0,0,0,,0,,,,,360496.677,5024942.519,45.36221402,-75.78904466,6563
18--2716,2/25/2018,1:02 PM,DEERCROFT AVE @ LONGFIELDS DR (0011042),11042,02 - Intersection related,03 - P.D. only,02 - Angle,01 - Clear,01 - Daylight,02 - Wet,02 - Stop sign,01 - Functioning,2,0,0,0,,0,,,,,364480.5887,5015294.217,45.27507146,-75.73935781,6564
18--2717,2/25/2018,1:10 AM,HWY417 IC130 RAMP36 btwn RICHMOND RD & HWY417 IC131 RAMP66 (__3ZAY7U),__3ZAY7U,01 - Non intersection,03 - P.D. only,07 - SMV other,01 - Clear,07 - Dark,01 - Dry,10 - No control,,1,0,0,0,,0,,,,,358525.0871,5022929.921,45.34425849,-75.81442841,6565
18--2718,2/25/2018,10:00 AM,CUMMINGS AVE @ DONALD ST (0009936),9936,02 - Intersection related,03 - P.D. only,02 - Angle,01 - Clear,01 - Daylight,06 - Ice,01 - Traffic signal,01 - Functioning,2,0,0,0,,0,,,,,372650.7214,5032411.579,45.42834643,-75.63289007,6566
18--2719,2/25/2018,10:31 PM,FALLOWFIELD RD btwn RICHMOND RD & STEEPLE HILL CRES (__3ZA4Y4),__3ZA4Y4,01 - Non intersection,03 - P.D. only,07 - SMV other,01 - Clear,07 - Dark,06 - Ice,10 - No control,,1,0,0,0,,0,,,,,358283.3184,5013906.829,45.26308622,-75.81848686,6567
18--4975,5/7/2018,5:53 PM,BASELINE RD @ FISHER AVE (0002346),2346,02 - Intersection related,03 - P.D. only,03 - Rear end,01 - Clear,01 - Daylight,01 - Dry,01 - Traffic signal,01 - Functioning,2,0,0,0,,0,,,,,366166.2908,5026029.09,45.37151739,-75.71654487,8253
18--2720,2/25/2018,10:40 AM,KENWOOD AVE btwn ROOSEVELT AVE & MELBOURNE AVE (__3ZBO0O),__3ZBO0O,01 - Non intersection,03 - P.D. only,06 - SMV unattended vehicle,04 - Freezing Rain,01 - Daylight,06 - Ice,10 - No control,,1,0,0,0,,0,,,,,363156.6929,5027830.552,45.38798378,-75.75475173,6569
18--2721,2/25/2018,10:58 AM,WOODBRIAR WAY btwn CREEKVIEW WAY & FINDLAY CREEK DR (__727TGJ),__727TGJ,01 - Non intersection,03 - P.D. only,06 - SMV unattended vehicle,02 - Rain,01 - Daylight,06 - Ice,10 - No control,,1,0,0,0,,0,,,,,374439.552,5019522.658,45.31220183,-75.61184914,6570
18--2722,2/25/2018,11:00 AM,TENTH LINE RD @ CHARLEMAGNE BLVD N/TOMPKINS AV (0009222),9222,03 - At intersection,02 - Non-fatal injury,05 - Turning movement,04 - Freezing Rain,01 - Daylight,06 - Ice,01 - Traffic signal,01 - Functioning,2,0,0,0,01 - Minimal,1,1,,,,383183.9295,5037977.882,45.47732608,-75.4974114,6571
18--2723,2/25/2018,11:04 AM,GARDENVALE RD @ TROJAN AVE (0007678),7678,03 - At intersection,03 - P.D. only,02 - Angle,04 - Freezing Rain,01 - Daylight,06 - Ice,02 - Stop sign,01 - Functioning,2,0,0,0,,0,,,,,372257.6752,5032993.272,45.43361824,-75.63783281,6572
18--2724,2/25/2018,11:24 AM,TERMINAL AVE @ TRAINYARDS DR (0012245),12245,02 - Intersection related,02 - Non-fatal injury,01 - Approaching,04 - Freezing Rain,01 - Daylight,06 - Ice,01 - Traffic signal,01 - Functioning,2,0,0,0,01 - Minimal,3,3,,,,371845.3338,5030815.925,45.41406711,-75.64339864,6573
18--2725,2/25/2018,11:26 PM,CEDARVIEW RD btwn WEST HUNT CLUB RD & LYTLE AVE (__3ZA1XV),__3ZA1XV,01 - Non intersection,03 - P.D. only,07 - SMV other,01 - Clear,07 - Dark,06 - Ice,10 - No control,,1,0,0,0,,0,,,,,360374.1955,5017965.536,45.29944476,-75.7913913,6574
18--2726,2/25/2018,11:30 AM,LACOLLE WAY btwn TAYLOR CREEK DR & TAYLOR CREEK DR (__3ZAYGM),__3ZAYGM,01 - Non intersection,02 - Non-fatal injury,07 - SMV other,02 - Rain,01 - Daylight,02 - Wet,10 - No control,,1,0,0,1,01 - Minimal,1,1,,,,384356.2539,5039446.766,45.4904091,-75.48218089,6575
18--2727,2/25/2018,Unknown,MARAVISTA DR btwn BAMBURGH WAY & COBBLE HILL DR (__6NDGU6),__6NDGU6,01 - Non intersection,03 - P.D. only,06 - SMV unattended vehicle,01 - Clear,00 - Unknown,01 - Dry,10 - No control,,1,0,0,0,,0,,,,,361440.542,5014674.34,45.26974522,-75.77817141,6576
18--2728,2/25/2018,Unknown,LAURIER AVE   W btwn LYON ST N & KENT ST (__3ZA3CQ),__3ZA3CQ,01 - Non intersection,03 - P.D. only,06 - SMV unattended vehicle,01 - Clear,00 - Unknown,01 - Dry,10 - No control,,1,0,0,0,,0,,,,,367268.1663,5031137.72,45.4173861,-75.70183189,6577
18--2729,2/25/2018,12:30 AM,ISABELLA ST/HWY 417 O'CONN IC119BR57 @ O'CONNO (0001698),1698,03 - At intersection,03 - P.D. only,02 - Angle,01 - Clear,07 - Dark,01 - Dry,01 - Traffic signal,01 - Functioning,2,0,0,0,,0,,,,,368297.7041,5030309.566,45.40984197,-75.68878529,6578
18--273,1/5/2018,3:43 PM,HIGHWAY 417 btwn HWY417 IC122 RAMP15 & HWY417 IC121B RAMP51 (__3ZA2RB),__3ZA2RB,01 - Non intersection,03 - P.D. only,04 - Sideswipe,01 - Clear,01 - Daylight,01 - Dry,10 - No control,,3,0,0,0,,0,,,,,366413.2567,5029462.95,45.40239279,-75.71296352,6579
18--2730,2/25/2018,12:42 PM,CATHERINE ST @ KENT ST (0002707),2707,03 - At intersection,03 - P.D. only,02 - Angle,01 - Clear,01 - Daylight,01 - Dry,01 - Traffic signal,01 - Functioning,2,0,0,0,,0,,,,,367907.3591,5030189.261,45.40879481,-75.69378705,6580
18--2731,2/25/2018,2:55 PM,GLADSTONE AVE btwn METCALFE ST & ELGIN ST (__3ZA3QC),__3ZA3QC,01 - Non intersection,03 - P.D. only,06 - SMV unattended vehicle,04 - Freezing Rain,01 - Daylight,06 - Ice,10 - No control,,1,0,0,0,,0,,,,,368352.3118,5030823.662,45.41446268,-75.68802144,6581
18--2732,2/25/2018,3:53 AM,LEES AVE btwn ROBINSON AVE & CHAPEL CRES (__3ZA5XC),__3ZA5XC,01 - Non intersection,03 - P.D. only,07 - SMV other,01 - Clear,07 - Dark,01 - Dry,10 - No control,,1,0,0,0,,0,,,,,369630.1806,5031267.464,45.41833862,-75.67163801,6582
18--2733,2/25/2018,5:10 PM,HIGHWAY 417 btwn HWY417 IC122 RAMP61 & HWY417 IC121B RAMP16 (__3ZA2Y4),__3ZA2Y4,01 - Non intersection,02 - Non-fatal injury,03 - Rear end,01 - Clear,01 - Daylight,99 - Other,10 - No control,,2,0,0,0,01 - Minimal,1,1,,,,366307.2524,5029443.505,45.40222715,-75.71431989,6583
18--2734,2/25/2018,5:30 PM,BANKFIELD RD @ PRINCE OF WALES DR (0003618),3618,02 - Intersection related,03 - P.D. only,03 - Rear end,01 - Clear,05 - Dusk,01 - Dry,01 - Traffic signal,01 - Functioning,2,0,0,0,,0,,,,,366379.6896,5008975.386,45.21805092,-75.7159382,6584
18--2735,2/25/2018,6:30 PM,PLEASANT PARK RD @ ST. LAURENT BLVD (0008363),8363,02 - Intersection related,03 - P.D. only,01 - Approaching,01 - Clear,07 - Dark,02 - Wet,01 - Traffic signal,01 - Functioning,2,0,0,0,,0,,,,,373597.7275,5028795.55,45.39571865,-75.62129378,6585
18--2736,2/25/2018,6:41 PM,MONTREAL RD btwn BETHAMY LANE & OGILVIE RD (__3ZA2DX),__3ZA2DX,04 - At/near private drive,03 - P.D. only,02 - Angle,01 - Clear,07 - Dark,02 - Wet,10 - No control,,2,0,0,0,,0,,,,,375536.2925,5034480.261,45.44667333,-75.59572068,6586
18--2737,2/25/2018,6:46 PM,INNES RD @ TENTH LINE RD (0004633),4633,02 - Intersection related,03 - P.D. only,03 - Rear end,02 - Rain,07 - Dark,06 - Ice,01 - Traffic signal,01 - Functioning,2,0,0,0,,0,,,,,383951.7602,5036159.561,45.46087989,-75.48788468,6587
18--2738,2/25/2018,7:30 PM,RAMSAYVILLE RD @ WHYTE SIDE RD (0004450),4450,03 - At intersection,03 - P.D. only,02 - Angle,04 - Freezing Rain,07 - Dark,06 - Ice,02 - Stop sign,01 - Functioning,2,0,0,0,,0,,,,,378004.4069,5025617.826,45.36668049,-75.56548876,6588
18--2739,2/25/2018,7:38 AM,HIGHWAY 417 btwn HWY417 IC180 RAMP35 & HWY417 IC169 RAMP51 (__5SO6CL),__5SO6CL,01 - Non intersection,03 - P.D. only,07 - SMV other,04 - Freezing Rain,01 - Daylight,06 - Ice,10 - No control,,1,0,0,0,,0,,,,,325101.5272,5025267.157,45.36705399,-76.24083362,6589
18--274,1/5/2018,4:00 PM,CARLING AVE @ KIRKWOOD AVE S (0002209),2209,02 - Intersection related,03 - P.D. only,04 - Sideswipe,01 - Clear,01 - Daylight,01 - Dry,01 - Traffic signal,01 - Functioning,2,0,0,0,,0,,,,,364351.7005,5027337.549,45.38344724,-75.73955162,6590
18--2740,2/25/2018,7:45 PM,HUNT CLUB RD @ RIVERSIDE DR (0002237),2237,02 - Intersection related,03 - P.D. only,03 - Rear end,01 - Clear,07 - Dark,02 - Wet,01 - Traffic signal,01 - Functioning,2,0,0,0,,0,,,,,368036.7029,5021945.498,45.33460788,-75.6931902,6591
18--2741,2/25/2018,8:11 PM,CARP RD btwn THOMAS A. DOLAN PKWY & NORMA LANE (__3ZAZ54),__3ZAZ54,01 - Non intersection,03 - P.D. only,07 - SMV other,01 - Clear,07 - Dark,01 - Dry,10 - No control,,1,0,0,0,,0,,,,,337897.543,5024995.025,45.36411779,-76.07750334,6592
18--2742,2/25/2018,8:30 AM,BRIAN COBURN BLVD @ NAVAN RD (0017228),17228,03 - At intersection,03 - P.D. only,07 - SMV other,04 - Freezing Rain,01 - Daylight,06 - Ice,11 - Roundabout,01 - Functioning,1,0,0,0,,0,,,,,381168.997,5032906.816,45.43192398,-75.52396751,6593
18--2743,2/25/2018,8:40 AM,CHAPMAN MILLS DR @ LEAMINGTON WAY/MANCINI WAY (0011133),11133,03 - At intersection,03 - P.D. only,02 - Angle,04 - Freezing Rain,01 - Daylight,06 - Ice,01 - Traffic signal,01 - Functioning,2,0,0,0,,0,,,,,365046.7245,5014686.539,45.2695553,-75.73221666,6594
18--2744,2/25/2018,8:54 AM,BANTREE ST @ INNES RD (0007684),7684,03 - At intersection,03 - P.D. only,07 - SMV other,02 - Rain,01 - Daylight,06 - Ice,01 - Traffic signal,01 - Functioning,1,0,0,0,,0,,,,,373704.6779,5030407.252,45.41020946,-75.61970274,6595
18--2745,2/25/2018,9:07 PM,BURRIS LANE @ MERIVALE RD (0002014),2014,03 - At intersection,03 - P.D. only,02 - Angle,01 - Clear,07 - Dark,02 - Wet,01 - Traffic signal,01 - Functioning,2,0,0,0,,0,,,,,364879.9224,5025068.043,45.36298151,-75.73308313,6596
18--2746,2/25/2018,9:11 AM,INDUSTRIAL AVE @ RIVERSIDE DR (0011905),11905,02 - Intersection related,03 - P.D. only,03 - Rear end,04 - Freezing Rain,01 - Daylight,06 - Ice,01 - Traffic signal,01 - Functioning,2,0,0,0,,0,,,,,370684.7179,5030592.554,45.41216755,-75.65825543,6597
18--2747,2/25/2018,9:22 AM,BRIAN COBURN BLVD @ FERN CASEY ST (0017234),17234,03 - At intersection,03 - P.D. only,07 - SMV other,04 - Freezing Rain,01 - Daylight,06 - Ice,11 - Roundabout,01 - Functioning,1,0,0,0,,0,,,,,382289.8384,5033944.239,45.44113458,-75.50948146,6598
18--2748,2/25/2018,9:31 AM,HIGHWAY 417 btwn HWY417 IC155 RAMP61 & HWY417 IC145 RAMP56 (__3ZA2Q2),__3ZA2Q2,01 - Non intersection,03 - P.D. only,07 - SMV other,02 - Rain,01 - Daylight,04 - Slush,10 - No control,,1,0,0,0,,0,,,,,342180.8589,5017583.363,45.29720942,-76.02338747,6599
18--2749,2/25/2018,9:45 AM,ALTA VISTA DR @ SMYTH RD (0011353),11353,02 - Intersection related,02 - Non-fatal injury,03 - Rear end,04 - Freezing Rain,01 - Daylight,06 - Ice,01 - Traffic signal,01 - Functioning,2,0,0,0,01 - Minimal,1,1,,,,370432.7162,5029081.557,45.39859585,-75.66167579,6600
18--275,1/5/2018,4:10 PM,HIGHWAY 417 btwn REGIONAL ROAD 174 & HWY417 IC113 RAMP62 (__3ZA280),__3ZA280,01 - Non intersection,03 - P.D. only,99 - Other,06 - Strong wind,05 - Dusk,06 - Ice,10 - No control,,2,0,0,0,,0,,,,,373491.7111,5031832.885,45.42305754,-75.62222447,6601
18--2750,2/26/2018,1:30 PM,FRANK KENNY RD W @ INNES RD (0010153),10153,03 - At intersection,03 - P.D. only,02 - Angle,01 - Clear,01 - Daylight,01 - Dry,02 - Stop sign,01 - Functioning,2,0,0,0,,0,,,,,387530.2796,5037629.861,45.47369352,-75.44188626,6602
18--2751,2/26/2018,10:20 PM,PRINCE OF WALES DR btwn NATIONAL CAPITAL COMM DRWY & SIR JOHN A CARLIN (__3ZA308B),__3ZA308B,01 - Non intersection,03 - P.D. only,07 - SMV other,01 - Clear,07 - Dark,06 - Ice,10 - No control,,1,0,0,0,,0,,,,,366782.318,5028381.449,45.39262914,-75.70838554,6603
18--2752,2/26/2018,10:36 AM,CARLING AVE WB btwn KIRKWOOD AVE & HWY417 IC124 RAMP67 (__3ZA4N1),__3ZA4N1,01 - Non intersection,02 - Non-fatal injury,03 - Rear end,01 - Clear,01 - Daylight,01 - Dry,10 - No control,,4,0,0,0,02 - Minor,1,,1,,,364323.2281,5027517.726,45.38507086,-75.73989344,6604
18--2753,2/26/2018,10:53 AM,PARKGLEN DR @ WOODROFFE AVE (0001099),1099,02 - Intersection related,03 - P.D. only,03 - Rear end,01 - Clear,01 - Daylight,01 - Dry,02 - Stop sign,01 - Functioning,3,0,0,0,,0,,,,,362888.6879,5023126.512,45.34567962,-75.75872707,6605
18--2754,2/26/2018,11:01 AM,HILLSIDE DR @ MONTREAL RD (0006434),6434,02 - Intersection related,03 - P.D. only,04 - Sideswipe,01 - Clear,01 - Daylight,01 - Dry,02 - Stop sign,01 - Functioning,2,0,0,0,,0,,,,,371705.7116,5033894.582,45.44178083,-75.64476408,6606
18--2755,2/26/2018,11:10 AM,HWY 417 MAITLAND IC126R52 @ MAITLAND AVE (0002246),2246,02 - Intersection related,03 - P.D. only,03 - Rear end,01 - Clear,01 - Daylight,01 - Dry,03 - Yield sign,01 - Functioning,2,0,0,0,,0,,,,,363205.8088,5025833.652,45.37001185,-75.75436075,6607
18--2756,2/26/2018,11:20 AM,ALBION RD @ BRIDLE PATH DR (0009630),9630,02 - Intersection related,03 - P.D. only,03 - Rear end,01 - Clear,01 - Daylight,01 - Dry,01 - Traffic signal,01 - Functioning,3,0,0,0,,0,,,,,372106.7284,5023740.502,45.35038014,-75.64102397,6608
18--2757,2/26/2018,11:21 AM,STRANDHERD DR @ 215 W OF GREENBANK RD/BARRHAVE (0005413),5413,03 - At intersection,03 - P.D. only,02 - Angle,01 - Clear,01 - Daylight,01 - Dry,01 - Traffic signal,01 - Functioning,2,0,0,0,,0,,,,,363743.8553,5014679.355,45.26960106,-75.74881981,6609
18--2758,2/26/2018,Unknown,FILLMORE CRES btwn BLUE JAY CRES & MONSON CRES (__3ZA7TS),__3ZA7TS,01 - Non intersection,03 - P.D. only,06 - SMV unattended vehicle,01 - Clear,00 - Unknown,06 - Ice,10 - No control,,1,0,0,0,,0,,,,,375484.3551,5036341.551,45.46342533,-75.59611704,6610
18--2759,2/26/2018,12:13 PM,GREENBANK RD @ BELLMAN DR/BATEMAN DR (0000153),153,02 - Intersection related,03 - P.D. only,03 - Rear end,01 - Clear,01 - Daylight,01 - Dry,01 - Traffic signal,01 - Functioning,2,0,0,0,,0,,,,,361256.6757,5021017.49,45.32683594,-75.7797922,6611
18--276,1/5/2018,4:39 PM,ST. LAURENT BLVD @ WALKLEY RD (0007653),7653,03 - At intersection,03 - P.D. only,03 - Rear end,01 - Clear,05 - Dusk,06 - Ice,01 - Traffic signal,01 - Functioning,2,0,0,0,,0,,,,,373902.7498,5028046.855,45.3889522,-75.61750326,6612
18--2760,2/26/2018,12:20 PM,ALTA VISTA DR @ CRESTVIEW RD (0007569),7569,03 - At intersection,03 - P.D. only,03 - Rear end,01 - Clear,01 - Daylight,01 - Dry,02 - Stop sign,01 - Functioning,3,0,0,0,,0,,,,,370379.7199,5028802.551,45.39609042,-75.66238973,6613
18--2761,2/26/2018,12:40 PM,STONEBOAT CRES btwn LUMBERMAN WAY & LUMBERMAN WAY (__3ZBPLI),__3ZBPLI,04 - At/near private drive,03 - P.D. only,06 - SMV unattended vehicle,01 - Clear,01 - Daylight,01 - Dry,10 - No control,,1,0,0,0,,0,,,,,380438.6284,5037440.819,45.47279681,-75.5326034,6614
18--2762,2/26/2018,12:51 AM,HWY417 IC131 RAMP66 btwn TRANSIT & HWY417 IC130 RAMP36 (__6KES9I),__6KES9I,01 - Non intersection,03 - P.D. only,07 - SMV other,01 - Clear,07 - Dark,06 - Ice,10 - No control,,1,0,0,0,,0,,,,,358116.0959,5022835.002,45.34343561,-75.81965729,6615
18--2763,2/26/2018,2:22 PM,RICHMOND RD btwn CROYDON AVE & ASSALY RD (__3ZA2XS),__3ZA2XS,01 - Non intersection,03 - P.D. only,04 - Sideswipe,01 - Clear,01 - Daylight,01 - Dry,10 - No control,,2,0,0,0,,0,,,,,360637.1504,5025422.453,45.36652127,-75.78719746,6616
18--2764,2/26/2018,2:28 PM,SECOND AVE btwn LYON ST S & BANK ST (__3ZA92B),__3ZA92B,01 - Non intersection,03 - P.D. only,06 - SMV unattended vehicle,01 - Clear,01 - Daylight,01 - Dry,10 - No control,,1,0,0,0,,0,,,,,368273.3331,5029608.826,45.40353915,-75.68918682,6617
18--2765,2/26/2018,2:35 PM,REGIONAL ROAD 174 btwn OR174 IC112 RAMP36 & OR174 IC112 RAMP26 (__3ZAZFK),__3ZAZFK,01 - Non intersection,02 - Non-fatal injury,07 - SMV other,01 - Clear,01 - Daylight,01 - Dry,10 - No control,,1,0,0,0,02 - Minor,1,,1,,,374693.7502,5032763.722,45.43131364,-75.606734,6618
18--2591,2/22/2018,11:44 AM,BANK ST @ QUEENSDALE AVE (0009260),9260,03 - At intersection,02 - Non-fatal injury,07 - SMV other,01 - Clear,01 - Daylight,01 - Dry,01 - Traffic signal,01 - Functioning,1,0,0,1,02 - Minor,1,,1,,,373337.0913,5023444.817,45.34760052,-75.62536474,6619
18--304,1/5/2018,7:25 PM,AIRPORT PKWY btwn AIRPORT PARKWAY PRIV & RAMP (__3ZA23H),__3ZA23H,01 - Non intersection,03 - P.D. only,07 - SMV other,05 - Drifting Snow,07 - Dark,03 - Loose snow,10 - No control,,1,0,0,0,,0,,,,,371046.7319,5021266.863,45.32822399,-75.65488147,6620
18--2592,2/22/2018,Unknown,NELSON ST btwn SOMERSET ST E & TEMPLETON ST (__3ZA9VQ),__3ZA9VQ,01 - Non intersection,03 - P.D. only,06 - SMV unattended vehicle,01 - Clear,00 - Unknown,03 - Loose snow,10 - No control,,1,0,0,0,,0,,,,,369122.9296,5031716.977,45.42242999,-75.67806001,6621
18--3130,3/8/2018,8:00 PM,ROCKCLIFFE PKWY btwn PRINCESS AVE & BUENA VISTA RD (__3ZA8D1),__3ZA8D1,01 - Non intersection,03 - P.D. only,01 - Approaching,03 - Snow,07 - Dark,03 - Loose snow,10 - No control,,2,0,0,0,,0,,,,,368462.8408,5034679.648,45.44914739,-75.68611085,6622
18--2593,2/22/2018,Unknown,CAHILL DR    W btwn UPLANDS DR & TWYFORD ST (__3ZBN64),__3ZBN64,01 - Non intersection,03 - P.D. only,06 - SMV unattended vehicle,02 - Rain,00 - Unknown,06 - Ice,10 - No control,,1,0,0,0,,0,,,,,370220.34,5023372.357,45.34724618,-75.66514437,6623
18--2408,2/15/2018,9:18 AM,BRONSON AVE @ FIFTH AVE/MADAWASKA DR (0006977),6977,02 - Intersection related,03 - P.D. only,04 - Sideswipe,02 - Rain,01 - Daylight,02 - Wet,01 - Traffic signal,01 - Functioning,2,0,0,0,,0,,,,,367613.7125,5028938.554,45.39756774,-75.6976974,6624
18--3040,3/7/2018,6:25 AM,DUNROBIN RD btwn CROWN POINT RD & GALETTA SIDE RD (__3ZACCA),__3ZACCA,01 - Non intersection,03 - P.D. only,07 - SMV other,03 - Snow,01 - Daylight,03 - Loose snow,10 - No control,,1,0,0,0,,0,,,,,333478.189,5040557.936,45.50435312,-76.13300945,6625
18--2594,2/22/2018,12:12 PM,LIMEBANK RD/RIVERSIDE DR @ RIVER RD (0013336),13336,03 - At intersection,03 - P.D. only,03 - Rear end,01 - Clear,01 - Daylight,01 - Dry,01 - Traffic signal,01 - Functioning,3,0,0,0,,0,,,,,368403.9976,5020477.312,45.32136423,-75.68869314,6626
18--3131,3/8/2018,8:05 PM,GREENBANK RD @ VIEWBANK RD (0001462),1462,03 - At intersection,03 - P.D. only,07 - SMV other,03 - Snow,07 - Dark,06 - Ice,02 - Stop sign,01 - Functioning,1,0,0,0,,0,,,,,366075.9438,5009751.695,45.22506266,-75.71970973,6627
18--2409,2/15/2018,9:30 AM,SPRING VALLEY DR btwn DOVEHAVEN ST & KNOTRIDGE ST (__67PTKU),__67PTKU,01 - Non intersection,03 - P.D. only,01 - Approaching,04 - Freezing Rain,01 - Daylight,06 - Ice,10 - No control,,2,0,0,0,,0,,,,,381920.609,5032459.303,45.42781513,-75.51443306,6628
18--3041,3/7/2018,6:30 AM,MARCH RD @ TERON RD (0011926),11926,02 - Intersection related,03 - P.D. only,03 - Rear end,02 - Rain,01 - Daylight,04 - Slush,01 - Traffic signal,01 - Functioning,2,0,0,0,,0,,,,,351414.6167,5021779.483,45.33441518,-75.90526633,6629
18--5121,5/11/2018,3:54 PM,BASELINE RD @ FISHER AVE (0002346),2346,02 - Intersection related,03 - P.D. only,03 - Rear end,01 - Clear,01 - Daylight,01 - Dry,01 - Traffic signal,01 - Functioning,2,0,0,0,,0,,,,,366166.8333,5026027.902,45.37150666,-75.71653809,9322
18--3043,3/7/2018,7:00 AM,CARDEVCO RD @ CARP RD (0005697),5697,02 - Intersection related,03 - P.D. only,03 - Rear end,03 - Snow,01 - Daylight,04 - Slush,02 - Stop sign,00 - Unknown,2,0,0,0,,0,,,,,345928.5603,5017477.457,45.29604705,-75.97561432,6631
18--3044,3/7/2018,7:20 PM,BEAUSEJOUR DR @ JEANNE D'ARC BLVD (0003636),3636,02 - Intersection related,03 - P.D. only,03 - Rear end,03 - Snow,07 - Dark,03 - Loose snow,01 - Traffic signal,01 - Functioning,2,0,0,0,,0,,,,,381420.7465,5036060.571,45.46027142,-75.52025939,6632
18--3045,3/7/2018,7:30 AM,HIGHWAY 7 btwn UPPER DWYER HILL RD & HIGHWAY 7 (__7JQ7LM),__7JQ7LM,01 - Non intersection,03 - P.D. only,07 - SMV other,03 - Snow,01 - Daylight,05 - Packed snow,10 - No control,,1,0,0,0,,0,,,,,341003.9767,5007206.572,45.20389511,-76.0391482,6633
18--3046,3/7/2018,7:37 AM,HIGHWAY 417 btwn HWY417 IC123 RAMP62 & HWY417 IC122 RAMP16 (__3ZA2R9),__3ZA2R9,01 - Non intersection,03 - P.D. only,07 - SMV other,03 - Snow,01 - Daylight,04 - Slush,10 - No control,,1,0,0,0,,0,,,,,365012.0765,5028502.137,45.39386952,-75.73097758,6634
18--3047,3/7/2018,7:40 AM,MOODIE DR btwn BARNSDALE RD & BROPHY DR (__3ZA4KM),__3ZA4KM,01 - Non intersection,03 - P.D. only,07 - SMV other,03 - Snow,01 - Daylight,04 - Slush,10 - No control,,1,0,0,0,,0,,,,,361969.229,5008781.391,45.21667701,-75.77211182,6635
18--3048,3/7/2018,7:40 AM,QUEENSBURY DR btwn BEATRICE DR & BURNTWOOD AVE (__3ZA6KN),__3ZA6KN,01 - Non intersection,03 - P.D. only,07 - SMV other,03 - Snow,01 - Daylight,05 - Packed snow,10 - No control,,1,0,0,0,,0,,,,,365266.2751,5016221.943,45.28335198,-75.72923195,6636
18--3049,3/7/2018,7:43 AM,ST. JOSEPH BLVD @ JEANNE D'ARC BLVD (0012421),12421,02 - Intersection related,03 - P.D. only,03 - Rear end,03 - Snow,01 - Daylight,05 - Packed snow,11 - Roundabout,01 - Functioning,2,0,0,0,,0,,,,,379860.7428,5036471.581,45.46413872,-75.54014138,6637
18--305,1/5/2018,7:30 AM,HIGHWAY 416 btwn HWY416 IC66 RAMP24 & HWY416 IC57 RAMP62 (__3ZA1OI),__3ZA1OI,01 - Non intersection,03 - P.D. only,07 - SMV other,03 - Snow,03 - Dawn,02 - Wet,10 - No control,,1,0,0,0,,0,,,,,363800.9303,5009900.458,45.22659549,-75.74865965,6638
18--3050,3/7/2018,7:45 AM,BOISDALE WALK @ MIRABEAU TER (0014033),14033,02 - Intersection related,03 - P.D. only,04 - Sideswipe,03 - Snow,01 - Daylight,05 - Packed snow,02 - Stop sign,01 - Functioning,2,0,0,0,,0,,,,,385839.9441,5034746.434,45.44794947,-75.4639772,6639
18--3051,3/7/2018,8:10 PM,RICHMOND RD @ ROBERTSON RD (0000639),639,02 - Intersection related,03 - P.D. only,07 - SMV other,01 - Clear,07 - Dark,02 - Wet,01 - Traffic signal,01 - Functioning,1,0,0,0,,0,,,,,357578.4967,5020750.503,45.32471979,-75.82673917,6640
18--3052,3/7/2018,8:15 AM,SPRINGFIELD RD btwn BUENA VISTA RD & PARK RD (__3ZA8PD),__3ZA8PD,04 - At/near private drive,03 - P.D. only,02 - Angle,03 - Snow,01 - Daylight,03 - Loose snow,10 - No control,,2,0,0,0,,0,,,,,369016.017,5034829.531,45.45044537,-75.67902,6641
18--3053,3/7/2018,8:15 AM,HENNESSY CRES btwn VALIN ST & VALIN ST (__3ZA18C),__3ZA18C,04 - At/near private drive,03 - P.D. only,02 - Angle,03 - Snow,01 - Daylight,02 - Wet,10 - No control,,2,0,0,0,,0,,,,,385262.0873,5037546.827,45.47321149,-75.47090508,6642
18--3054,3/7/2018,8:27 AM,HOG'S BACK RD btwn COLONEL BY DR & RIVERSIDE DR (__3ZA22W),__3ZA22W,01 - Non intersection,02 - Non-fatal injury,03 - Rear end,03 - Snow,01 - Daylight,02 - Wet,10 - No control,,3,0,0,0,01 - Minimal,1,1,,,,367922.4095,5026113.577,45.37212161,-75.69411614,6643
18--3055,3/7/2018,8:37 AM,BORRISOKANE RD btwn CAMBRIAN RD & STRANDHERD DR (__3ZA1CC),__3ZA1CC,01 - Non intersection,03 - P.D. only,07 - SMV other,03 - Snow,01 - Daylight,03 - Loose snow,10 - No control,,1,0,0,0,,0,,,,,362753.9799,5012177.867,45.24717477,-75.76172548,6644