Anom_ID,Accident_Date,Accident_Time,Location,Geo_ID,Accident_Location,Classification_of_Accident,Initial_Impact_Type,Environment_Condition,Light,Road_Surface_Condition,Traffic_Control,Traffic_Control_Condition,No__of_Vehicles,No__of_Bicycles,No__of_Motorcycles,No__of_Pedestrians,Max_Injury,No__of_Injuries,No__of_Minimal,No__of_Minor,No__of_Major,No__of_Fatal,X,Y,Latitude,Longitude,ObjectId
18--3056,3/7/2018,8:49 PM,YORK ST EB btwn CUMBERLAND ST & SPLIT (__3ZA82Y),__3ZA82Y,01 - Non intersection,03 - P.D. only,06 - SMV unattended vehicle,01 - Clear,07 - Dark,02 - Wet,10 - No control,,1,0,0,0,,0,,,,,368182.7316,5032472.23,45.42931132,-75.68997577,6645
18--3057,3/7/2018,8:50 AM,TERRY FOX DR S @ DIDSBURY RD/CENTRUM KANATA SC (0011820),11820,02 - Intersection related,03 - P.D. only,05 - Turning movement,03 - Snow,01 - Daylight,03 - Loose snow,01 - Traffic signal,01 - Functioning,2,0,0,0,,0,,,,,350623.4792,5018915.729,45.30869852,-75.91562452,6646
18--3058,3/7/2018,9:04 PM,MARCH RD btwn CARP RD & DONALD B. MUNRO DR (__3ZA3FJ),__3ZA3FJ,01 - Non intersection,03 - P.D. only,07 - SMV other,03 - Snow,07 - Dark,06 - Ice,10 - No control,,1,0,0,0,,0,,,,,342245.0431,5021800.801,45.33515625,-76.02225035,6647
18--3059,3/7/2018,9:12 AM,PARKGLEN DR btwn ANDOVER PL & PARKGLEN CRT (__3ZAAT1),__3ZAAT1,01 - Non intersection,03 - P.D. only,01 - Approaching,03 - Snow,01 - Daylight,05 - Packed snow,10 - No control,,2,0,0,0,,0,,,,,363118.9053,5023243.541,45.34671353,-75.75577571,6648
18--306,1/5/2018,7:38 AM,PRINCE OF WALES DR btwn LODGE RD & TURN LANE (__3ZA29Z),__3ZA29Z,01 - Non intersection,03 - P.D. only,04 - Sideswipe,01 - Clear,03 - Dawn,03 - Loose snow,10 - No control,,2,0,0,0,,0,,,,,366775.9006,5013912.217,45.26243774,-75.71027876,6649
18--3060,3/7/2018,9:23 AM,OGILVIE RD btwn 125 E OF ELMLEA GT/EARL ARMSTRONG ARENA & ELMLEA GT (__3ZA2DRB),__3ZA2DRB,04 - At/near private drive,03 - P.D. only,05 - Turning movement,01 - Clear,01 - Daylight,05 - Packed snow,10 - No control,,2,0,0,0,,0,,,,,375161.034,5033592.768,45.43872607,-75.60064421,6650
18--3061,3/7/2018,9:30 AM,EAGLEHEAD CRES/GERANIUM WALK @ KIMPTON DR (0017746),17746,03 - At intersection,03 - P.D. only,02 - Angle,04 - Freezing Rain,01 - Daylight,06 - Ice,02 - Stop sign,01 - Functioning,2,0,0,0,,0,,,,,348989.0044,5015038.594,45.27391553,-75.93681294,6651
18--3062,3/7/2018,9:35 AM,SEWELL WAY @ HAYWOOD CRES S/LISTON CRES S (0003493),3493,03 - At intersection,03 - P.D. only,02 - Angle,03 - Snow,01 - Daylight,04 - Slush,02 - Stop sign,01 - Functioning,2,0,0,0,,0,,,,,351821.255,5018632.217,45.30606824,-75.90037731,6652
18--3063,3/8/2018,1:31 AM,BANK ST btwn SIEVERIGHT AVE & ATHANS AVE (__3ZAYF2),__3ZAYF2,01 - Non intersection,03 - P.D. only,07 - SMV other,03 - Snow,07 - Dark,03 - Loose snow,10 - No control,,1,0,0,0,,0,,,,,372521.1657,5023995.315,45.35263296,-75.63570058,6653
18--3064,3/8/2018,1:50 PM,COOPER ST @ KENT ST (0011445),11445,03 - At intersection,03 - P.D. only,02 - Angle,03 - Snow,01 - Daylight,02 - Wet,02 - Stop sign,01 - Functioning,2,0,0,0,,0,,,,,367482.8128,5030889.34,45.41513206,-75.69912117,6654
18--3065,3/8/2018,10:45 PM,HAWTHORNE RD btwn HAWTHORNE RD & WHYTE SIDE RD (__3ZA2PE),__3ZA2PE,01 - Non intersection,03 - P.D. only,07 - SMV other,03 - Snow,07 - Dark,03 - Loose snow,10 - No control,,1,0,0,0,,0,,,,,375577.8068,5026235.432,45.37248665,-75.59637378,6655
18--3066,3/8/2018,11:16 PM,CARLETON CATHCART ST btwn RALPHPARK ST & BRADLEY ST (__3ZACOP),__3ZACOP,01 - Non intersection,03 - P.D. only,07 - SMV other,03 - Snow,07 - Dark,05 - Packed snow,10 - No control,,1,0,0,0,,0,,,,,350908.0801,5013089.624,45.25625483,-75.91253658,6656
18--3067,3/8/2018,11:29 PM,EIGHTH LINE RD btwn ANDERSON RD & FARMERS WAY (__3ZA6TM),__3ZA6TM,01 - Non intersection,03 - P.D. only,07 - SMV other,03 - Snow,07 - Dark,03 - Loose snow,10 - No control,,1,0,0,0,,0,,,,,382272.5411,5023530.511,45.3474415,-75.51133776,6657
18--3068,3/8/2018,11:30 PM,KINBURN SIDE RD btwn WOODKILTON RD & DUNROBIN RD (__3ZA3GH),__3ZA3GH,01 - Non intersection,03 - P.D. only,07 - SMV other,03 - Snow,07 - Dark,06 - Ice,10 - No control,,1,0,0,0,,0,,,,,337291.096,5035288.766,45.45677275,-76.08456605,6658
18--3069,3/8/2018,11:45 PM,HIGHWAY 417 btwn HWY417 IC117 RAMP26 & HWY417 IC117 RAMP61 (__3ZA2YM),__3ZA2YM,01 - Non intersection,03 - P.D. only,04 - Sideswipe,03 - Snow,07 - Dark,02 - Wet,10 - No control,,2,0,0,0,,0,,,,,370877.3476,5031238.134,45.41795805,-75.6557081,6659
18--307,1/5/2018,7:40 AM,BASELINE RD btwn GREENBANK RD & MCWATTERS RD (__3ZA4MM),__3ZA4MM,01 - Non intersection,03 - P.D. only,03 - Rear end,01 - Clear,03 - Dawn,05 - Packed snow,10 - No control,,2,0,0,0,,0,,,,,360623.7576,5022600.007,45.34112605,-75.7876871,6660
18--3070,3/8/2018,11:54 AM,HIGHWAY 417 btwn HWY417 IC127 RAMP25 & HWY417 IC126 RAMP51 (__3ZA2XA),__3ZA2XA,01 - Non intersection,03 - P.D. only,03 - Rear end,03 - Snow,01 - Daylight,02 - Wet,10 - No control,,2,0,0,0,,0,,,,,363190.241,5025863.712,45.37028363,-75.75455593,6661
18--3071,3/8/2018,11:57 PM,BLACKBURN BYPASS @ INNES RD E (0009245),9245,02 - Intersection related,03 - P.D. only,07 - SMV other,03 - Snow,07 - Dark,06 - Ice,01 - Traffic signal,01 - Functioning,1,0,0,0,,0,,,,,379791.3995,5033782.959,45.43995596,-75.54143791,6662
18--3072,3/8/2018,2:22 PM,HILDA ST btwn ARMSTRONG ST & WELLINGTON ST W (__3ZAAJE),__3ZAAJE,01 - Non intersection,03 - P.D. only,06 - SMV unattended vehicle,03 - Snow,01 - Daylight,03 - Loose snow,10 - No control,,1,0,0,0,,0,,,,,365660.292,5029912.205,45.40650094,-75.72252541,6663
18--3073,3/8/2018,4:01 PM,HWY417 IC117 RAMP51 btwn HIGHWAY 417 & HWY417 IC117 RAMP53 (__3ZAY9J),__3ZAY9J,01 - Non intersection,03 - P.D. only,03 - Rear end,03 - Snow,01 - Daylight,02 - Wet,10 - No control,,2,0,0,0,,0,,,,,370631.4398,5031096.578,45.41670757,-75.65886871,6664
18--3074,3/8/2018,4:04 PM,HILLIARD AVE btwn LYALL ST & BARLYN AVE (__3ZAAO6),__3ZAAO6,01 - Non intersection,03 - P.D. only,01 - Approaching,03 - Snow,01 - Daylight,04 - Slush,10 - No control,,2,0,0,0,,0,,,,,365872.3071,5025237.754,45.36442278,-75.72039559,6665
18--3075,3/8/2018,4:30 PM,RICHMOND RD @ 140 E OF POULIN AVE  (0012124),12124,03 - At intersection,02 - Non-fatal injury,07 - SMV other,01 - Clear,01 - Daylight,01 - Dry,01 - Traffic signal,01 - Functioning,1,0,0,1,01 - Minimal,1,1,,,,360399.5863,5025021.662,45.36293385,-75.790275,6666
18--3076,3/8/2018,4:44 PM,CARLING AVE/STATION RD @ MARCH RD (0002681),2681,02 - Intersection related,03 - P.D. only,03 - Rear end,03 - Snow,01 - Daylight,04 - Slush,01 - Traffic signal,01 - Functioning,2,0,0,0,,0,,,,,350907.6169,5022246.508,45.33865107,-75.91169104,6667
18--3077,3/8/2018,4:47 PM,BANK ST @ RIVERSIDE DR N (0010778),10778,03 - At intersection,03 - P.D. only,05 - Turning movement,01 - Clear,01 - Daylight,02 - Wet,01 - Traffic signal,01 - Functioning,2,0,0,0,,0,,,,,369225.716,5027983.546,45.38882841,-75.67723452,6668
18--3078,3/8/2018,5:15 PM,BANK ST @ LAURIER AVE (0002221),2221,03 - At intersection,03 - P.D. only,03 - Rear end,03 - Snow,01 - Daylight,02 - Wet,01 - Traffic signal,01 - Functioning,2,0,0,0,,0,,,,,367480.7005,5031265.588,45.41851761,-75.6991003,6669
18--3079,3/8/2018,5:16 PM,CORKSTOWN RD @ MARCH RD (0003153),3153,03 - At intersection,03 - P.D. only,03 - Rear end,03 - Snow,01 - Daylight,03 - Loose snow,02 - Stop sign,01 - Functioning,3,0,0,0,,0,,,,,352657.6132,5020883.485,45.32626914,-75.88949505,6670
18--308,1/5/2018,7:52 PM,RANGE RD btwn SOMERSET ST E & TEMPLETON ST (__3ZA8HR),__3ZA8HR,04 - At/near private drive,03 - P.D. only,04 - Sideswipe,01 - Clear,07 - Dark,01 - Dry,10 - No control,,2,0,0,0,,0,,,,,369674.7455,5031962.206,45.42458551,-75.67097716,6671
18--3080,3/8/2018,5:53 PM,RAMSAYVILLE RD btwn EIGHTH LINE RD & LOUISEIZE RD (__3ZA6G7),__3ZA6G7,01 - Non intersection,02 - Non-fatal injury,01 - Approaching,03 - Snow,05 - Dusk,06 - Ice,10 - No control,,2,0,0,0,02 - Minor,2,,2,,,379557.28,5021869.873,45.33279467,-75.54623444,6672
18--3081,3/8/2018,5:53 PM,HAWTHORNE AVE @ MAIN ST (0006919),6919,02 - Intersection related,03 - P.D. only,04 - Sideswipe,01 - Clear,05 - Dusk,04 - Slush,01 - Traffic signal,01 - Functioning,3,0,0,0,,0,,,,,368970.7093,5030632.567,45.41268684,-75.68014615,6673
18--3082,3/8/2018,6:00 PM,HIGHWAY 416 btwn HWY416 IC49 RAMP43 & HWY416 IC42 RAMP34 (__3ZAZJ7),__3ZAZJ7,01 - Non intersection,03 - P.D. only,07 - SMV other,03 - Snow,05 - Dusk,03 - Loose snow,10 - No control,,1,0,0,0,,0,,,,,371126.5292,4995856.378,45.09957523,-75.65724757,6674
18--3083,3/8/2018,6:03 AM,HIGHWAY 417 btwn HWY417 IC122 RAMP61 & HWY417 IC121B RAMP16 (__3ZA2Y4),__3ZA2Y4,01 - Non intersection,02 - Non-fatal injury,03 - Rear end,03 - Snow,03 - Dawn,02 - Wet,10 - No control,,2,0,0,0,02 - Minor,1,,1,,,366493.2022,5029507.532,45.40278688,-75.71193683,6675
18--3084,3/8/2018,6:04 PM,ATHLONE AVE @ BYRON AVE (0006656),6656,02 - Intersection related,03 - P.D. only,03 - Rear end,03 - Snow,05 - Dusk,03 - Loose snow,02 - Stop sign,01 - Functioning,2,0,0,0,,0,,,,,363522.6951,5028273.55,45.39193921,-75.75002535,6676
18--3085,3/8/2018,6:05 PM,COLONNADE RD @ PRINCE OF WALES DR (0005249),5249,02 - Intersection related,02 - Non-fatal injury,03 - Rear end,03 - Snow,05 - Dusk,03 - Loose snow,01 - Traffic signal,01 - Functioning,2,0,0,0,01 - Minimal,1,1,,,,367394.7116,5023266.516,45.34655171,-75.70121316,6677
18--3086,3/8/2018,6:09 PM,WEST HUNT CLUB RD EB btwn CEDARVIEW RD & GREENBANK RD (__3ZA198),__3ZA198,01 - Non intersection,02 - Non-fatal injury,03 - Rear end,03 - Snow,05 - Dusk,06 - Ice,10 - No control,,3,0,0,0,02 - Minor,1,,1,,,361396.5587,5020442.185,45.32164808,-75.77807364,6678
18--3087,3/8/2018,6:09 PM,HIGHWAY 416 btwn HWY416 IC42 RAMP43 & END (__3ZAZJE),__3ZAZJE,01 - Non intersection,02 - Non-fatal injury,07 - SMV other,04 - Freezing Rain,05 - Dusk,00 - Unknown,10 - No control,,1,0,0,0,02 - Minor,1,,1,,,372200.7185,4994168.058,45.08428207,-75.64382734,6679
18--3088,3/8/2018,6:11 PM,RIVER RD btwn CEDAR DR & DOYLE RD (__3ZA3TX),__3ZA3TX,01 - Non intersection,03 - P.D. only,99 - Other,03 - Snow,05 - Dusk,03 - Loose snow,10 - No control,,2,0,0,0,,0,,,,,373602.4291,5004338.844,45.17566364,-75.624625,6680
18--3089,3/8/2018,6:24 PM,SNAKE ISLAND RD btwn DOYLE RD & MCGUIRE RD (__3ZA2EV),__3ZA2EV,01 - Non intersection,03 - P.D. only,07 - SMV other,03 - Snow,07 - Dark,03 - Loose snow,10 - No control,,1,0,0,0,,0,,,,,375078.0397,5004217.85,45.17442952,-75.60587008,6681
18--309,1/5/2018,8:00 PM,HIGHWAY 417 btwn HWY417 IC180 RAMP61 & HWY417 IC169 RAMP36 (__5DVYB1),__5DVYB1,01 - Non intersection,03 - P.D. only,04 - Sideswipe,03 - Snow,07 - Dark,06 - Ice,10 - No control,,2,0,0,0,,0,,,,,321359.5824,5029313.165,45.40356061,-76.28846664,6682
18--3090,3/8/2018,6:25 PM,HAWTHORNE RD btwn DAVIDSON RD & LEITRIM RD (__3ZBPIY),__3ZBPIY,01 - Non intersection,03 - P.D. only,01 - Approaching,03 - Snow,07 - Dark,03 - Loose snow,10 - No control,,2,0,0,0,,0,,,,,376999.5535,5022801.867,45.34144812,-75.57872604,6683
18--3091,3/8/2018,6:28 PM,TERRY FOX DR btwn CASTLEFRANK RD & TRANS CANADA TRAIL (__355BDZA),__355BDZA,01 - Non intersection,03 - P.D. only,03 - Rear end,03 - Snow,07 - Dark,04 - Slush,10 - No control,,2,0,0,0,,0,,,,,353059.7395,5016227.75,45.28434827,-75.88481884,6684
18--3092,3/8/2018,6:28 PM,FALLOWFIELD RD btwn MERIVALE RD & WOODROFFE AVE (__3ZA3IN),__3ZA3IN,01 - Non intersection,03 - P.D. only,07 - SMV other,02 - Rain,07 - Dark,04 - Slush,10 - No control,,1,0,0,0,,0,,,,,365340.6672,5018082.461,45.30008642,-75.72805667,6685
18--3093,3/8/2018,6:30 PM,RIVERSIDE DR @ UPLANDS DR/KIMBERWICK CRES N (0006890),6890,02 - Intersection related,03 - P.D. only,03 - Rear end,04 - Freezing Rain,05 - Dusk,02 - Wet,01 - Traffic signal,01 - Functioning,2,0,0,0,,0,,,,,368194.7155,5022793.5,45.34222376,-75.69106574,6686
18--3094,3/8/2018,6:32 PM,INNES RD btwn BLAIR RD & ANDERSON RD (__3ZA3JZ),__3ZA3JZ,01 - Non intersection,03 - P.D. only,04 - Sideswipe,03 - Snow,07 - Dark,03 - Loose snow,10 - No control,,2,0,0,0,,0,,,,,376262.5201,5031831.754,45.4227698,-75.58682235,6687
18--3095,3/8/2018,6:34 PM,BLAIR RD @ OGILVIE RD (0004120),4120,02 - Intersection related,03 - P.D. only,03 - Rear end,03 - Snow,07 - Dark,02 - Wet,01 - Traffic signal,01 - Functioning,2,0,0,0,,0,,,,,374507.724,5033198.575,45.43524478,-75.60904962,6688
18--3096,3/8/2018,6:35 PM,BANK ST @ CAHILL DR/DAZE ST (0012178),12178,03 - At intersection,02 - Non-fatal injury,05 - Turning movement,03 - Snow,07 - Dark,06 - Ice,01 - Traffic signal,01 - Functioning,2,0,0,0,02 - Minor,1,,1,,,371306.8151,5024316.728,45.35564115,-75.65115391,6689
18--3097,3/8/2018,6:37 PM,MARCH RD btwn MARCHURST RD & SECOND LINE RD (__3ZA3FP),__3ZA3FP,01 - Non intersection,02 - Non-fatal injury,01 - Approaching,03 - Snow,07 - Dark,03 - Loose snow,10 - No control,,2,0,0,0,02 - Minor,2,,2,,,345732.2625,5024992.197,45.36367863,-75.97749562,6690
18--3098,3/8/2018,6:40 PM,MERIVALE RD @ WEST HUNT CLUB RD (0000584),584,02 - Intersection related,03 - P.D. only,03 - Rear end,03 - Snow,07 - Dark,04 - Slush,01 - Traffic signal,01 - Functioning,2,0,0,0,,0,,,,,365612.6953,5021942.498,45.33479515,-75.72411453,6691
18--3099,3/8/2018,6:41 PM,LIMEBANK RD/RIVERSIDE DR @ RIVER RD (0013336),13336,02 - Intersection related,03 - P.D. only,03 - Rear end,03 - Snow,07 - Dark,03 - Loose snow,01 - Traffic signal,01 - Functioning,3,0,0,0,,0,,,,,368403.9971,5020477.313,45.32136424,-75.68869314,6692
18--31,1/1/2018,6:58 PM,ST. JOSEPH BLVD btwn HART RD & R.C.M.P. COMPLEX (__3ZA2BHA),__3ZA2BHA,01 - Non intersection,03 - P.D. only,01 - Approaching,01 - Clear,07 - Dark,02 - Wet,10 - No control,,2,0,0,0,,0,,,,,377770.39,5035715.861,45.45756076,-75.56698085,6693
18--310,1/5/2018,8:06 AM,WOODROFFE AVE btwn 260 N OF FALLOWFIELD RD/TRANSITWAY & FALLOWFIELD RD (__3ZA3IOB),__3ZA3IOB,01 - Non intersection,03 - P.D. only,07 - SMV other,01 - Clear,01 - Daylight,06 - Ice,10 - No control,,1,0,0,0,,0,,,,,365038.1117,5018018.869,45.29954023,-75.73192188,6694
18--3100,3/8/2018,6:41 PM,HAWTHORNE RD @ LEITRIM RD (0009269),9269,02 - Intersection related,03 - P.D. only,07 - SMV other,03 - Snow,07 - Dark,06 - Ice,01 - Traffic signal,01 - Functioning,1,0,0,0,,0,,,,,377039.1101,5022708.805,45.34060672,-75.57823495,6695
18--3101,3/8/2018,6:44 PM,PRINCE OF WALES DR btwn NATIONAL CAPITAL COMM DRWY & HARTWELL LOCKS/54 (__3ZA30ZA),__3ZA30ZA,01 - Non intersection,02 - Non-fatal injury,07 - SMV other,03 - Snow,07 - Dark,06 - Ice,10 - No control,,1,0,0,0,02 - Minor,1,,1,,,366920.9939,5027961.24,45.38883592,-75.7066675,6696
18--3102,3/8/2018,6:50 PM,FISHER AVE @ PRINCE OF WALES DR (0000572),572,02 - Intersection related,03 - P.D. only,03 - Rear end,03 - Snow,05 - Dusk,05 - Packed snow,01 - Traffic signal,01 - Functioning,3,0,0,0,,0,,,,,367161.7049,5023942.512,45.35265494,-75.70410108,6697
18--3103,3/8/2018,6:53 PM,ALTA VISTA DR @ SMYTH RD (0011353),11353,02 - Intersection related,03 - P.D. only,03 - Rear end,03 - Snow,05 - Dusk,06 - Ice,01 - Traffic signal,01 - Functioning,2,0,0,0,,0,,,,,370432.7163,5029081.558,45.39859586,-75.66167579,6698
18--3104,3/8/2018,6:54 PM,HAWTHORNE RD @ LEITRIM RD (0009269),9269,02 - Intersection related,03 - P.D. only,03 - Rear end,03 - Snow,07 - Dark,06 - Ice,01 - Traffic signal,01 - Functioning,2,0,0,0,,0,,,,,377038.7612,5022709.502,45.34061303,-75.5782393,6699
18--3105,3/8/2018,6:54 PM,MCLEOD ST @ QUEEN ELIZABETH DRWY (0007129),7129,02 - Intersection related,03 - P.D. only,03 - Rear end,03 - Snow,07 - Dark,05 - Packed snow,02 - Stop sign,01 - Functioning,2,0,0,0,,0,,,,,368755.6602,5030930.962,45.41539138,-75.68285464,6700
18--3106,3/8/2018,6:55 PM,LIMEBANK RD/RIVERSIDE DR @ RIVER RD (0013336),13336,02 - Intersection related,03 - P.D. only,03 - Rear end,04 - Freezing Rain,07 - Dark,06 - Ice,01 - Traffic signal,01 - Functioning,2,0,0,0,,0,,,,,368403.9965,5020477.312,45.32136423,-75.68869315,6701
18--3107,3/8/2018,7:00 AM,GREENBANK RD btwn JOCKVALE RD & CAMBRIAN RD (__3ZA2WE),__3ZA2WE,01 - Non intersection,03 - P.D. only,07 - SMV other,03 - Snow,01 - Daylight,03 - Loose snow,10 - No control,,1,0,0,0,,0,,,,,364511.7684,5013192.465,45.25615722,-75.73921312,6702
18--3108,3/8/2018,7:00 PM,BANK ST @ JOHNSTON RD (0006967),6967,02 - Intersection related,02 - Non-fatal injury,03 - Rear end,03 - Snow,07 - Dark,06 - Ice,01 - Traffic signal,01 - Functioning,2,0,0,0,01 - Minimal,1,1,,,,370851.7308,5024839.528,45.36038816,-75.6568918,6703
18--3109,3/8/2018,7:00 PM,JOCKVALE RD @ EXETER DR/TARTAN DR (0010065),10065,02 - Intersection related,03 - P.D. only,03 - Rear end,03 - Snow,07 - Dark,02 - Wet,11 - Roundabout,01 - Functioning,2,0,0,0,,0,,,,,363323.6789,5014773.416,45.27048252,-75.754163,6704
18--311,1/5/2018,8:20 AM,WOODROFFE AVE btwn FALLOWFIELD RD & EARL MULLIGAN DR (__3ZA3IL),__3ZA3IL,01 - Non intersection,03 - P.D. only,03 - Rear end,01 - Clear,01 - Daylight,06 - Ice,10 - No control,,2,0,0,0,,0,,,,,365143.4915,5017764.402,45.29724151,-75.73060931,6705
18--3110,3/8/2018,7:07 PM,BEAVERBROOK RD @ VARLEY DR W (0003292),3292,02 - Intersection related,03 - P.D. only,03 - Rear end,03 - Snow,07 - Dark,06 - Ice,02 - Stop sign,01 - Functioning,2,0,0,0,,0,,,,,351126.61,5020988.486,45.32731669,-75.9090147,6706
18--3111,3/8/2018,7:11 PM,BANK ST btwn BLAIS RD & RIDEAU RD (__3ZA29L),__3ZA29L,01 - Non intersection,02 - Non-fatal injury,01 - Approaching,03 - Snow,07 - Dark,06 - Ice,10 - No control,,2,0,0,0,02 - Minor,1,,1,,,376417.94,5019113.387,45.3083204,-75.58668002,6707
18--3112,3/8/2018,7:12 PM,HUNT CLUB RD btwn WEST HUNT CLUB RD & TURN LANE (__3ZBOEO),__3ZBOEO,01 - Non intersection,03 - P.D. only,04 - Sideswipe,03 - Snow,07 - Dark,02 - Wet,10 - No control,,2,0,0,0,,0,,,,,367843.4713,5021892.69,45.33415011,-75.69566204,6708
18--3113,3/8/2018,7:13 PM,HAZELDEAN RD @ TERRY FOX DR (0003682),3682,02 - Intersection related,03 - P.D. only,03 - Rear end,03 - Snow,07 - Dark,06 - Ice,01 - Traffic signal,01 - Functioning,2,0,0,0,,0,,,,,352207.6105,5017242.451,45.29353681,-75.8955836,6709
18--3114,3/8/2018,7:15 AM,CLIFTON RD @ RICHMOND RD (0006388),6388,03 - At intersection,03 - P.D. only,02 - Angle,03 - Snow,01 - Daylight,02 - Wet,02 - Stop sign,01 - Functioning,2,0,0,0,,0,,,,,363708.6865,5028598.552,45.3948479,-75.74761137,6710
18--3115,3/8/2018,7:15 PM,HAZELDEAN RD @ HUNTMAR DR/IBER RD (0000075),75,02 - Intersection related,03 - P.D. only,03 - Rear end,03 - Snow,07 - Dark,05 - Packed snow,01 - Traffic signal,01 - Functioning,2,0,0,0,,0,,,,,350942.5982,5016079.432,45.28315583,-75.911819,6711
18--3116,3/8/2018,7:17 PM,PRINCE OF WALES DR @ NORMANDY CRES/MELFA CRES  (0006963),6963,02 - Intersection related,03 - P.D. only,03 - Rear end,03 - Snow,07 - Dark,04 - Slush,02 - Stop sign,01 - Functioning,2,0,0,0,,0,,,,,367427.1298,5025222.893,45.36415188,-75.70055167,6712
18--3117,3/8/2018,7:19 PM,ROYDON PL btwn WOODFIELD DR & WEST HUNT CLUB RD (__3ZAYGP),__3ZAYGP,01 - Non intersection,03 - P.D. only,01 - Approaching,03 - Snow,07 - Dark,03 - Loose snow,10 - No control,,2,0,0,0,,0,,,,,365795.6496,5022394.578,45.33884702,-75.72172478,6713
18--3118,3/8/2018,7:20 PM,MAJESTIC DR @ WOODROFFE AVE (0000562),562,02 - Intersection related,03 - P.D. only,03 - Rear end,04 - Freezing Rain,07 - Dark,06 - Ice,01 - Traffic signal,01 - Functioning,2,0,0,0,,0,,,,,363527.6936,5021571.493,45.33163447,-75.75075795,6714
18--3119,3/8/2018,7:20 PM,HALIFAX DR @ WALKLEY RD (0008803),8803,02 - Intersection related,03 - P.D. only,03 - Rear end,03 - Snow,07 - Dark,03 - Loose snow,01 - Traffic signal,01 - Functioning,2,0,0,0,,0,,,,,373643.7366,5027899.544,45.38765227,-75.62083122,6715
18--312,1/5/2018,8:23 AM,ROGER STEVENS DR btwn HWY416 IC49 RAMP24 & SECOND LINE RD S (__3ZAZFF),__3ZAZFF,01 - Non intersection,03 - P.D. only,01 - Approaching,05 - Drifting Snow,01 - Daylight,03 - Loose snow,10 - No control,,2,0,0,0,,0,,,,,369612.3935,5001218.624,45.14796558,-75.67578982,6716
18--3120,3/8/2018,7:20 PM,OTTAWA RIVER PKWY WB btwn TRANSIT & TURN LANE (__3ZA23O),__3ZA23O,01 - Non intersection,03 - P.D. only,07 - SMV other,03 - Snow,07 - Dark,06 - Ice,10 - No control,,1,0,0,0,,0,,,,,362610.9998,5028975.242,45.39832879,-75.76158583,6717
18--3121,3/8/2018,7:21 PM,BASELINE RD @ FERGUSON ST (0003206),3206,02 - Intersection related,03 - P.D. only,03 - Rear end,03 - Snow,07 - Dark,02 - Wet,01 - Traffic signal,01 - Functioning,2,0,0,0,,0,,,,,363440.6904,5024315.507,45.35633215,-75.75154254,6718
18--3122,3/8/2018,7:23 PM,RIVERSIDE DR @ UPLANDS DR/KIMBERWICK CRES N (0006890),6890,02 - Intersection related,03 - P.D. only,07 - SMV other,03 - Snow,07 - Dark,05 - Packed snow,01 - Traffic signal,01 - Functioning,1,0,0,0,,0,,,,,368193.6707,5022793.5,45.34222386,-75.69107907,6719
18--3123,3/8/2018,7:25 PM,GREENBANK RD btwn JOCKVALE RD & CAMBRIAN RD (__3ZA2WE),__3ZA2WE,01 - Non intersection,03 - P.D. only,07 - SMV other,03 - Snow,07 - Dark,06 - Ice,10 - No control,,1,0,0,0,,0,,,,,364371.4677,5013400.328,45.25803947,-75.74097561,6720
18--3124,3/8/2018,7:26 AM,ALBION RD @ DEL ZOTTO AVE (0009359),9359,02 - Intersection related,03 - P.D. only,01 - Approaching,03 - Snow,01 - Daylight,05 - Packed snow,02 - Stop sign,01 - Functioning,2,0,0,0,,0,,,,,373791.7447,5019723.473,45.31407264,-75.62008203,6721
18--3125,3/8/2018,7:35 PM,FERNBANK RD @ SHEA RD (0000399),399,02 - Intersection related,03 - P.D. only,03 - Rear end,03 - Snow,07 - Dark,06 - Ice,11 - Roundabout,01 - Functioning,2,0,0,0,,0,,,,,352116.35,5013181.686,45.25700301,-75.89713408,6722
18--2595,2/22/2018,2:21 PM,BASELINE RD @ COLLEGE SQUARE SC (0008826),8826,03 - At intersection,03 - P.D. only,02 - Angle,01 - Clear,01 - Daylight,01 - Dry,01 - Traffic signal,01 - Functioning,2,0,0,0,,0,,,,,362759.4874,5023897.376,45.35262648,-75.76028532,6723
18--3132,3/8/2018,8:06 PM,BREWER RD @ BRONSON AVE (0002240),2240,02 - Intersection related,02 - Non-fatal injury,04 - Sideswipe,03 - Snow,07 - Dark,02 - Wet,01 - Traffic signal,01 - Functioning,2,0,0,0,02 - Minor,1,,1,,,368109.0472,5027766.436,45.38697675,-75.69152164,6724
18--3133,3/8/2018,8:06 PM,RIVERSIDE DR btwn MARILYN AVE & REVELSTOKE DR (__3ZA37S),__3ZA37S,01 - Non intersection,03 - P.D. only,03 - Rear end,03 - Snow,07 - Dark,03 - Loose snow,10 - No control,,2,0,0,0,,0,,,,,368208.1431,5024405.059,45.35672299,-75.69068779,6725
18--241,1/5/2018,10:51 AM,SMYTH RD E/LANCASTER RD @ ST. LAURENT BLVD N/R (0002256),2256,02 - Intersection related,03 - P.D. only,03 - Rear end,01 - Clear,01 - Daylight,02 - Wet,01 - Traffic signal,01 - Functioning,2,0,0,0,,0,,,,,373364.7292,5029424.55,45.40140096,-75.62418192,6726
18--2596,2/22/2018,2:52 PM,CEDARVIEW RD/WILLIAM MCEWEN DR @ BROPHY DR/SEC (0000533),533,03 - At intersection,03 - P.D. only,02 - Angle,01 - Clear,01 - Daylight,01 - Dry,02 - Stop sign,01 - Functioning,2,0,0,0,,0,,,,,364270.2482,5007762.707,45.20732033,-75.74293901,6727
18--3134,3/8/2018,8:07 PM,WEST HUNT CLUB RD WB btwn 210 W OF MERIVALE RD & MERIVALE RD (__3ZA3JCB),__3ZA3JCB,01 - Non intersection,03 - P.D. only,03 - Rear end,03 - Snow,07 - Dark,03 - Loose snow,10 - No control,,2,0,0,0,,0,,,,,365484.7504,5021862.651,45.33408777,-75.72575657,6728