Anom_ID,Accident_Date,Accident_Time,Location,Geo_ID,Accident_Location,Classification_of_Accident,Initial_Impact_Type,Environment_Condition,Light,Road_Surface_Condition,Traffic_Control,Traffic_Control_Condition,No__of_Vehicles,No__of_Bicycles,No__of_Motorcycles,No__of_Pedestrians,Max_Injury,No__of_Injuries,No__of_Minimal,No__of_Minor,No__of_Major,No__of_Fatal,X,Y,Latitude,Longitude,ObjectId
18--2410,2/15/2018,9:31 AM,KILLEEN AVE @ LENESTER AVE (0002561),2561,02 - Intersection related,03 - P.D. only,07 - SMV other,04 - Freezing Rain,01 - Daylight,06 - Ice,02 - Stop sign,01 - Functioning,1,0,0,0,,0,,,,,362908.729,5026021.835,45.3717298,-75.75813097,6729
18--2597,2/22/2018,3:01 PM,WALKLEY RD @ GLENHAVEN PRIV (0011424),11424,02 - Intersection related,03 - P.D. only,03 - Rear end,01 - Clear,01 - Daylight,01 - Dry,01 - Traffic signal,01 - Functioning,2,0,0,0,,0,,,,,370213.2036,5025873.558,45.36975191,-75.66490443,6730
18--3135,3/8/2018,8:08 PM,CARLING AVE @ GRENON AVE (0002645),2645,02 - Intersection related,03 - P.D. only,03 - Rear end,03 - Snow,07 - Dark,05 - Packed snow,01 - Traffic signal,01 - Functioning,3,0,0,0,,0,,,,,359593.6563,5024350.508,45.35695828,-75.80063628,6731
18--2411,2/15/2018,9:51 PM,TARTAN DR btwn BENTBROOK CRES & BENTBROOK CRES (__3ZA5KC),__3ZA5KC,01 - Non intersection,02 - Non-fatal injury,07 - SMV other,01 - Clear,07 - Dark,02 - Wet,10 - No control,,1,0,0,1,01 - Minimal,1,1,,,,363281.2705,5014675.022,45.26960069,-75.754715,6732
18--2598,2/22/2018,3:06 PM,HUNTSVILLE DR @ TERRY FOX DR (0015949),15949,02 - Intersection related,03 - P.D. only,02 - Angle,01 - Clear,01 - Daylight,01 - Dry,02 - Stop sign,01 - Functioning,2,0,0,0,,0,,,,,348347.1182,5019895,45.31765514,-75.94456691,6733
18--3136,3/8/2018,8:15 PM,BASELINE RD @ GREENBANK RD (0002357),2357,02 - Intersection related,03 - P.D. only,04 - Sideswipe,03 - Snow,07 - Dark,04 - Slush,01 - Traffic signal,01 - Functioning,2,0,0,0,,0,,,,,360597.6841,5022584.5,45.34098859,-75.78802152,6734
18--2412,2/16/2018,1:02 PM,MCRAE AVE @ RICHMOND RD (0006867),6867,03 - At intersection,02 - Non-fatal injury,07 - SMV other,01 - Clear,01 - Daylight,02 - Wet,01 - Traffic signal,01 - Functioning,1,0,0,1,02 - Minor,1,,1,,,363608.6446,5028539.949,45.39432901,-75.748896,6735
18--2599,2/22/2018,3:08 PM,ELGIN ST @ LAURIER AVE (0002232),2232,02 - Intersection related,02 - Non-fatal injury,05 - Turning movement,01 - Clear,01 - Daylight,01 - Dry,01 - Traffic signal,01 - Functioning,2,0,0,0,01 - Minimal,1,1,,,,367948.7097,5031549.576,45.42103076,-75.69308453,6736
18--26,1/1/2018,4:57 PM,ALBION RD @ MITCH OWENS RD (0004212),4212,03 - At intersection,03 - P.D. only,05 - Turning movement,03 - Snow,05 - Dusk,05 - Packed snow,01 - Traffic signal,01 - Functioning,2,0,0,0,,0,,,,,375906.7541,5014804.224,45.26960004,-75.59381582,6737
18--260,1/5/2018,2:00 PM,OTTAWA RIVER PKWY @ RIVER ST/SLIDELL ST (0005099),5099,02 - Intersection related,03 - P.D. only,03 - Rear end,03 - Snow,01 - Daylight,06 - Ice,01 - Traffic signal,01 - Functioning,2,0,0,0,,0,,,,,365156.8347,5030377.421,45.41073044,-75.7288994,6738
18--2600,2/22/2018,3:31 PM,MONTREAL RD @ ST. LAURENT BLVD (0002604),2604,03 - At intersection,03 - P.D. only,03 - Rear end,01 - Clear,01 - Daylight,01 - Dry,01 - Traffic signal,01 - Functioning,2,0,0,0,,0,,,,,371545.703,5033817.595,45.44110344,-75.64681964,6739
18--2601,2/22/2018,3:38 PM,BANK ST btwn CAHILL DR & TURN LANE (2) (__5AFHMD),__5AFHMD,04 - At/near private drive,03 - P.D. only,02 - Angle,01 - Clear,01 - Daylight,01 - Dry,10 - No control,,2,0,0,0,,0,,,,,371504.5553,5024150.862,45.35412996,-75.64865276,6740
18--2602,2/22/2018,3:43 PM,WALKLEY RD btwn HARDING RD & HALIFAX DR (__3ZA2EK),__3ZA2EK,01 - Non intersection,02 - Non-fatal injury,03 - Rear end,01 - Clear,01 - Daylight,01 - Dry,10 - No control,,2,0,0,0,02 - Minor,1,,1,,,373626.027,5027889.494,45.38756359,-75.62105875,6741
18--2603,2/22/2018,4:16 PM,TERRY FOX DR btwn HALKIRK AVE & CASTLEFRANK RD (__30IMA5),__30IMA5,01 - Non intersection,03 - P.D. only,03 - Rear end,01 - Clear,01 - Daylight,01 - Dry,10 - No control,,3,0,0,0,,0,,,,,352928.7846,5016381.273,45.28573869,-75.88647318,6742
18--2604,2/22/2018,4:20 PM,HIGHWAY 417 btwn HWY417 IC118 RAMP57 & HWY417 IC118 RAMP35 (__3ZA2YQ),__3ZA2YQ,01 - Non intersection,03 - P.D. only,03 - Rear end,01 - Clear,01 - Daylight,01 - Dry,10 - No control,,3,0,0,0,,0,,,,,369453.4468,5031035.837,45.41627088,-75.67392637,6743
18--2605,2/22/2018,4:28 PM,VIEWMOUNT DR @ MERIVALE RD (0001528),1528,03 - At intersection,02 - Non-fatal injury,05 - Turning movement,01 - Clear,01 - Daylight,01 - Dry,01 - Traffic signal,01 - Functioning,2,0,0,0,02 - Minor,1,,1,,,365193.697,5022948.496,45.34388318,-75.72933709,6744
18--2606,2/22/2018,5:20 PM,MARCH RD @ TERRY FOX DR (0003173),3173,02 - Intersection related,03 - P.D. only,03 - Rear end,01 - Clear,05 - Dusk,02 - Wet,01 - Traffic signal,01 - Functioning,2,0,0,0,,0,,,,,349864.6084,5023399.509,45.34909381,-75.92489356,6745
18--2607,2/22/2018,5:33 PM,ALPINE AVE @ ELMHURST ST (0002985),2985,03 - At intersection,03 - P.D. only,02 - Angle,01 - Clear,05 - Dusk,01 - Dry,02 - Stop sign,01 - Functioning,2,0,0,0,,0,,,,,360597.423,5024680.523,45.35984858,-75.78778834,6746
18--2608,2/22/2018,5:40 PM,METCALFE ST @ WAVERLEY ST (0007285),7285,02 - Intersection related,03 - P.D. only,05 - Turning movement,01 - Clear,05 - Dusk,01 - Dry,02 - Stop sign,01 - Functioning,2,0,0,0,,0,,,,,368161.7146,5030858.569,45.41479405,-75.69045188,6747
18--2609,2/22/2018,5:56 PM,ST. JOSEPH BLVD @ ST. PIERRE ST (0004140),4140,03 - At intersection,03 - P.D. only,02 - Angle,01 - Clear,07 - Dark,01 - Dry,02 - Stop sign,01 - Functioning,2,0,0,0,,0,,,,,381375.7446,5037514.592,45.47335843,-75.5206082,6748
18--261,1/5/2018,2:14 PM,ST. JOSEPH BLVD @ JEANNE D'ARC BLVD (0012421),12421,03 - At intersection,03 - P.D. only,02 - Angle,01 - Clear,01 - Daylight,01 - Dry,11 - Roundabout,01 - Functioning,2,0,0,0,,0,,,,,379860.3941,5036470.884,45.46413248,-75.54014594,6749
18--2610,2/22/2018,6:47 AM,ALBION RD @ MITCH OWENS RD (0004212),4212,03 - At intersection,02 - Non-fatal injury,05 - Turning movement,01 - Clear,07 - Dark,01 - Dry,01 - Traffic signal,01 - Functioning,2,0,0,0,03 - Major,2,,1,1,,375906.1993,5014804.726,45.26960461,-75.59382282,6750
18--2611,2/22/2018,7:00 PM,ALBION RD @ HUNT CLUB RD (0006974),6974,02 - Intersection related,03 - P.D. only,03 - Rear end,01 - Clear,07 - Dark,01 - Dry,01 - Traffic signal,01 - Functioning,3,0,0,0,,0,,,,,371867.7334,5024320.518,45.35562183,-75.64399503,6751
18--2612,2/22/2018,7:15 AM,LAFONTAINE AVE btwn IBERVILLE ST & LEVIS AVE (__3ZBOW4),__3ZBOW4,01 - Non intersection,03 - P.D. only,06 - SMV unattended vehicle,01 - Clear,03 - Dawn,01 - Dry,10 - No control,,1,0,0,0,,0,,,,,370913.2,5033284.418,45.43636625,-75.65497537,6752
18--2613,2/22/2018,7:55 AM,ST. LAURENT BLVD btwn MCARTHUR AVE & DONALD ST (__3ZBOF4),__3ZBOF4,04 - At/near private drive,03 - P.D. only,03 - Rear end,01 - Clear,01 - Daylight,01 - Dry,10 - No control,,2,0,0,0,,0,,,,,372005.7861,5032686.113,45.43087882,-75.64109373,6753
18--2614,2/22/2018,8:15 PM,BANK ST @ HUNT CLUB RD (0002119),2119,02 - Intersection related,03 - P.D. only,03 - Rear end,01 - Clear,07 - Dark,01 - Dry,01 - Traffic signal,01 - Functioning,2,0,0,0,,0,,,,,371608.7365,5024096.506,45.35363097,-75.64733059,6754
18--2615,2/22/2018,8:19 AM,ANDERSON RD @ INNES RD (0004200),4200,02 - Intersection related,03 - P.D. only,03 - Rear end,01 - Clear,01 - Daylight,01 - Dry,01 - Traffic signal,01 - Functioning,3,0,0,0,,0,,,,,376280.7406,5031841.564,45.42285621,-75.58658812,6755
18--2616,2/22/2018,8:24 AM,MERIVALE RD btwn MORISSET AVE & SUMMERVILLE AVE (__3ZA4J3),__3ZA4J3,01 - Non intersection,03 - P.D. only,03 - Rear end,01 - Clear,01 - Daylight,01 - Dry,10 - No control,,2,0,0,0,,0,,,,,364872.9609,5026454.957,45.37546133,-75.73300334,6756
18--2617,2/22/2018,8:35 PM,TRIM RD @ DAIRY DR/TAYLOR CREEK DR (0012921),12921,02 - Intersection related,02 - Non-fatal injury,07 - SMV other,01 - Clear,07 - Dark,01 - Dry,11 - Roundabout,01 - Functioning,1,0,0,0,02 - Minor,1,,1,,,384533.3088,5039596.088,45.49173235,-75.47989181,6757
18--2618,2/22/2018,8:40 AM,CHAMPLAIN BRIDGE/ISLAND PARK DR btwn BATE ISLAND & OTTAWA RIVER PKWY (__3ZA2ZEB),__3ZA2ZEB,01 - Non intersection,03 - P.D. only,01 - Approaching,01 - Clear,01 - Daylight,01 - Dry,10 - No control,,2,0,0,0,,0,,,,,362982.3789,5030037.933,45.40785994,-75.75671726,6758
18--2619,2/22/2018,8:49 AM,BANK ST @ WALKLEY RD (0011423),11423,02 - Intersection related,03 - P.D. only,03 - Rear end,01 - Clear,01 - Daylight,01 - Dry,01 - Traffic signal,01 - Functioning,2,0,0,0,,0,,,,,370337.8513,5025947.735,45.37040769,-75.66330344,6759
18--262,1/5/2018,2:18 PM,BRONSON AVE/BRONSON/HERON RAMP 35 @ HERON RD (0002386),2386,02 - Intersection related,03 - P.D. only,04 - Sideswipe,01 - Clear,01 - Daylight,01 - Dry,01 - Traffic signal,01 - Functioning,2,0,0,0,,0,,,,,368641.5879,5026697.643,45.37731172,-75.68485982,6760
18--2620,2/22/2018,9:00 AM,MIDDLE ST btwn BOOTH ST & TIMBERSLIDE ST (__3ZBPK1),__3ZBPK1,01 - Non intersection,03 - P.D. only,03 - Rear end,01 - Clear,01 - Daylight,06 - Ice,10 - No control,,2,0,0,0,,0,,,,,366276.9328,5031433.801,45.42013795,-75.71445893,6761
18--2621,2/22/2018,9:03 PM,HUNTMAR DR @ RICHARDSON SIDE RD (0011853),11853,03 - At intersection,03 - P.D. only,03 - Rear end,01 - Clear,07 - Dark,01 - Dry,02 - Stop sign,01 - Functioning,2,0,0,0,,0,,,,,348208.5853,5018982.462,45.30945242,-75.94641374,6762
18--2622,2/22/2018,9:18 AM,TANDALEE CRES @ STONEHAVEN DR (0012583),12583,03 - At intersection,02 - Non-fatal injury,07 - SMV other,01 - Clear,01 - Daylight,01 - Dry,02 - Stop sign,01 - Functioning,1,0,0,1,01 - Minimal,1,1,,,,356138.8214,5016109.802,45.28306881,-75.84558357,6763
18--2623,2/22/2018,9:20 AM,HIGHWAY 417 btwn HWY417 IC115 RAMP61 & REGIONAL ROAD 174 (__3ZA2XG),__3ZA2XG,01 - Non intersection,03 - P.D. only,04 - Sideswipe,01 - Clear,01 - Daylight,01 - Dry,10 - No control,,2,0,0,0,,0,,,,,372939.6461,5031603.37,45.42104647,-75.62930994,6764
18--2624,2/22/2018,9:34 AM,KENT ST @ LAURIER AVE (0002222),2222,03 - At intersection,02 - Non-fatal injury,05 - Turning movement,01 - Clear,01 - Daylight,01 - Dry,01 - Traffic signal,01 - Functioning,2,1,0,0,01 - Minimal,1,1,,,,367316.6989,5031164.589,45.41762353,-75.70120843,6765
18--2625,2/23/2018,1:12 PM,MARCH RD btwn MORGAN'S GRANT WAY & TERRY FOX DR (__3ZA3CF),__3ZA3CF,01 - Non intersection,02 - Non-fatal injury,07 - SMV other,04 - Freezing Rain,01 - Daylight,06 - Ice,10 - No control,,1,0,0,0,02 - Minor,2,,2,,,349853.1103,5023409.265,45.34918233,-75.9250394,6766
18--2626,2/23/2018,1:20 PM,HAMLET RD @ OTHELLO AVE (0008382),8382,03 - At intersection,03 - P.D. only,02 - Angle,04 - Freezing Rain,01 - Daylight,06 - Ice,03 - Yield sign,01 - Functioning,2,0,0,0,,0,,,,,373261.6854,5029289.244,45.40019362,-75.62551679,6767
18--2627,2/23/2018,1:20 PM,ABERDEEN ST @ ROCHESTER ST (0002164),2164,02 - Intersection related,03 - P.D. only,03 - Rear end,04 - Freezing Rain,01 - Daylight,06 - Ice,01 - Traffic signal,01 - Functioning,2,0,0,0,,0,,,,,366824.7037,5029414.56,45.40192105,-75.70771436,6768
18--2628,2/23/2018,1:20 PM,ST. JOSEPH BLVD btwn BOYER RD & ORLEANS BLVD (__3ZA2BZ),__3ZA2BZ,04 - At/near private drive,03 - P.D. only,02 - Angle,01 - Clear,01 - Daylight,01 - Dry,10 - No control,,2,0,0,0,,0,,,,,380568.1354,5036939.619,45.46827338,-75.53102456,6769
18--2629,2/23/2018,1:23 PM,MACFARLANE AVE @ RUSKIN ST (0006696),6696,03 - At intersection,03 - P.D. only,03 - Rear end,04 - Freezing Rain,01 - Daylight,06 - Ice,02 - Stop sign,01 - Functioning,2,0,0,0,,0,,,,,365657.7066,5028517.553,45.39395241,-75.72273052,6770
18--263,1/5/2018,2:34 PM,STRANDHERD DR btwn LONGFIELDS DR & CLARIDGE DR (__4BRV9S),__4BRV9S,01 - Non intersection,03 - P.D. only,04 - Sideswipe,01 - Clear,01 - Daylight,01 - Dry,10 - No control,,2,0,0,0,,0,,,,,364604.1484,5015207.709,45.27428256,-75.73779357,6771
18--2630,2/23/2018,1:29 PM,ALTA VISTA DR @ KILBORN AVE (0008082),8082,02 - Intersection related,03 - P.D. only,03 - Rear end,02 - Rain,01 - Daylight,04 - Slush,01 - Traffic signal,01 - Functioning,3,0,0,0,,0,,,,,370365.3747,5027751.539,45.38663514,-75.66271258,6772
18--2631,2/23/2018,1:30 PM,HIGHWAY 417 btwn HWY417 IC131 RAMP66 & HWY417 IC130 RAMP26 (__3ZA29A),__3ZA29A,01 - Non intersection,03 - P.D. only,04 - Sideswipe,04 - Freezing Rain,01 - Daylight,06 - Ice,10 - No control,,2,0,0,0,,0,,,,,358936.9791,5023041.362,45.34522957,-75.80916055,6773
18--2632,2/23/2018,1:31 PM,REGIONAL ROAD 174 btwn OR174 IC109 RAMP56 & OR174 IC109 RAMP86 (__3ZA28W),__3ZA28W,01 - Non intersection,03 - P.D. only,04 - Sideswipe,04 - Freezing Rain,01 - Daylight,06 - Ice,10 - No control,,2,0,0,0,,0,,,,,376448.3344,5034980.576,45.45108196,-75.58398993,6774
18--2633,2/23/2018,1:33 PM,BANK ST @ RIDEAU RD (0009263),9263,02 - Intersection related,03 - P.D. only,03 - Rear end,04 - Freezing Rain,01 - Daylight,06 - Ice,01 - Traffic signal,01 - Functioning,2,0,0,0,,0,,,,,376954.7519,5017844.473,45.29684829,-75.5800198,6775
18--2634,2/23/2018,1:35 PM,HIGHWAY 417 btwn REGIONAL ROAD 174 & HWY417 IC113 RAMP62 (__3ZA280),__3ZA280,01 - Non intersection,03 - P.D. only,07 - SMV other,04 - Freezing Rain,01 - Daylight,06 - Ice,10 - No control,,1,0,0,0,,0,,,,,373289.1931,5031733.602,45.4221841,-75.62482584,6776
18--2635,2/23/2018,1:36 PM,HIGHWAY 417 btwn REGIONAL ROAD 174 & HWY417 IC113 RAMP85 (__3ZA289),__3ZA289,01 - Non intersection,03 - P.D. only,07 - SMV other,04 - Freezing Rain,01 - Daylight,02 - Wet,10 - No control,,1,0,0,0,,0,,,,,373321.9598,5031721.211,45.4220694,-75.62440891,6777
18--2636,2/23/2018,1:38 PM,RIVER RD btwn LOWEN DR & BALMORAL DR (__3ZA38M),__3ZA38M,01 - Non intersection,03 - P.D. only,07 - SMV other,04 - Freezing Rain,01 - Daylight,06 - Ice,10 - No control,,1,0,0,0,,0,,,,,367936.7811,5017914.653,45.29834799,-75.69497867,6778
18--2637,2/23/2018,1:39 PM,REGIONAL ROAD 174 btwn OR174 IC105 RAMP16 & OR174 IC105 RAMP26 (__3ZA1PU),__3ZA1PU,01 - Non intersection,03 - P.D. only,03 - Rear end,04 - Freezing Rain,01 - Daylight,06 - Ice,10 - No control,,2,0,0,0,,0,,,,,378959.7998,5036777.304,45.46698561,-75.55161469,6779
18--2638,2/23/2018,1:40 PM,HIGHWAY 417 btwn HWY417 IC119A RAMP75 & HWY417 IC118 RAMP57 (__3ZA2R2),__3ZA2R2,01 - Non intersection,03 - P.D. only,07 - SMV other,04 - Freezing Rain,01 - Daylight,06 - Ice,10 - No control,,1,0,0,0,,0,,,,,368941.4029,5030693.703,45.41323961,-75.68051257,6780
18--2639,2/23/2018,1:45 PM,ST. LAURENT BLVD @ 125 N OF QUEEN MARY ST/ZELL (0008532),8532,02 - Intersection related,03 - P.D. only,03 - Rear end,01 - Clear,01 - Daylight,06 - Ice,01 - Traffic signal,01 - Functioning,2,0,0,0,,0,,,,,372169.8897,5032287.152,45.42727337,-75.63905127,6781
18--264,1/5/2018,2:58 PM,CHARLEMAGNE BLVD @ MARINOFF WAY (0009842),9842,03 - At intersection,02 - Non-fatal injury,02 - Angle,01 - Clear,01 - Daylight,01 - Dry,02 - Stop sign,01 - Functioning,2,0,0,0,02 - Minor,2,,2,,,384296.2161,5038168.058,45.47891135,-75.48315589,6782
18--2640,2/23/2018,1:49 PM,HIGHWAY 417 btwn HWY417 IC122 RAMP15 & HWY417 IC121B RAMP51 (__3ZA2RB),__3ZA2RB,01 - Non intersection,03 - P.D. only,03 - Rear end,04 - Freezing Rain,01 - Daylight,02 - Wet,10 - No control,,2,0,0,0,,0,,,,,366567.2079,5029511.11,45.40281255,-75.71099113,6783
18--2641,2/23/2018,1:52 PM,MOODIE DR btwn WEST HUNT CLUB RD & ALTI PL (__3ZBOCW),__3ZBOCW,01 - Non intersection,02 - Non-fatal injury,07 - SMV other,04 - Freezing Rain,01 - Daylight,06 - Ice,10 - No control,,1,0,0,0,02 - Minor,1,,1,,,358312.5496,5017552.247,45.295886,-75.81772137,6784
18--2642,2/23/2018,10:00 PM,RAY WILSON RD @ YORKS CORNERS RD (0010381),10381,02 - Intersection related,02 - Non-fatal injury,03 - Rear end,04 - Freezing Rain,07 - Dark,06 - Ice,02 - Stop sign,01 - Functioning,2,0,0,0,02 - Minor,1,,1,,,389602.824,5011391.389,45.23737592,-75.41988409,6785
18--2643,2/23/2018,10:15 PM,FIRST LINE RD btwn ELIJAH CRT & BANKFIELD RD (__3ZA2U7),__3ZA2U7,01 - Non intersection,03 - P.D. only,07 - SMV other,04 - Freezing Rain,07 - Dark,05 - Packed snow,10 - No control,,1,0,0,0,,0,,,,,366796.522,5009004.107,45.21827279,-75.71062782,6786
18--2644,2/23/2018,10:40 AM,HIGHWAY 417 btwn HWY417 IC124 RAMP65 & HWY417 IC122 RAMP51 (__3ZA2R8),__3ZA2R8,01 - Non intersection,02 - Non-fatal injury,04 - Sideswipe,01 - Clear,01 - Daylight,01 - Dry,10 - No control,,2,0,0,0,02 - Minor,1,,1,,,364671.9084,5027846.946,45.3880034,-75.73540128,6787
18--2645,2/23/2018,10:50 PM,BAYVIEW RD btwn SCOTT ST & O'MEARA ST (__3ZA32S),__3ZA32S,01 - Non intersection,03 - P.D. only,06 - SMV unattended vehicle,04 - Freezing Rain,07 - Dark,06 - Ice,10 - No control,,1,0,0,0,,0,,,,,365603.0711,5030027.952,45.40754737,-75.72324205,6788
18--2646,2/23/2018,11:40 PM,BRONSON AVE btwn MACLAREN ST & GILMOUR ST (__3ZA32B),__3ZA32B,01 - Non intersection,03 - P.D. only,07 - SMV other,01 - Clear,07 - Dark,01 - Dry,10 - No control,,1,0,0,0,,0,,,,,367006.3198,5030380.053,45.41059217,-75.70527286,6789
18--2647,2/23/2018,Unknown,DALEWOOD CRES btwn WEST RIDGE DR & BARRACKS WAY (__6R1U1F),__6R1U1F,01 - Non intersection,03 - P.D. only,06 - SMV unattended vehicle,04 - Freezing Rain,00 - Unknown,06 - Ice,10 - No control,,1,0,0,0,,0,,,,,350633.2658,5011733.365,45.24406867,-75.91616286,6790
18--2648,2/23/2018,Unknown,HAUTEVIEW CRES btwn FARMBROOK CRES & LALANDE TER (__3ZA6ZH),__3ZA6ZH,01 - Non intersection,03 - P.D. only,06 - SMV unattended vehicle,04 - Freezing Rain,00 - Unknown,06 - Ice,10 - No control,,1,0,0,0,,0,,,,,384230.4859,5038959.659,45.4860409,-75.48386849,6791
18--2649,2/23/2018,Unknown,GLOUCESTER ST btwn BANK ST & O'CONNOR ST (__3ZBOR8),__3ZBOR8,01 - Non intersection,03 - P.D. only,06 - SMV unattended vehicle,04 - Freezing Rain,00 - Unknown,06 - Ice,10 - No control,,1,0,0,0,,0,,,,,367566.5641,5031225.063,45.41814528,-75.69800845,6792
18--265,1/5/2018,3:00 PM,HWY416 IC75A RAMP43 btwn HWY416 IC75A RAMP63 & HIGHWAY 416 (__3ZAY4X),__3ZAY4X,01 - Non intersection,03 - P.D. only,07 - SMV other,01 - Clear,01 - Daylight,06 - Ice,10 - No control,,1,0,0,0,,0,,,,,358591.3005,5022028.108,45.33613887,-75.81368158,6793
18--2650,2/23/2018,12:36 PM,RUSSELL RD S @ ST. LAURENT BLVD (0007734),7734,03 - At intersection,03 - P.D. only,05 - Turning movement,02 - Rain,01 - Daylight,02 - Wet,01 - Traffic signal,01 - Functioning,2,0,0,0,,0,,,,,373569.7332,5029260.545,45.39990521,-75.62158646,6794
18--2651,2/23/2018,12:56 PM,MACDONALD-CARTIER BR btwn RAMP & END (1) (__3ZA1QK),__3ZA1QK,07 - Overpass or bridge,03 - P.D. only,07 - SMV other,04 - Freezing Rain,01 - Daylight,06 - Ice,10 - No control,,1,0,0,0,,0,,,,,367427.9211,5033223.344,45.43613758,-75.69952567,6795
18--2652,2/23/2018,2:00 PM,REGIONAL ROAD 174 EB btwn HWY417 IC113 RAMP65 & OR174 BLAIR IC112 RAMP51 (__3ZAZFJ),__3ZAZFJ,01 - Non intersection,03 - P.D. only,07 - SMV other,04 - Freezing Rain,01 - Daylight,06 - Ice,10 - No control,,1,0,0,0,,0,,,,,374392.8769,5032513.596,45.42909315,-75.61061415,6796
18--2653,2/23/2018,2:00 PM,HIGHWAY 417 btwn HWY417 IC118 RAMP67 & HWY417 IC117 RAMP36 (__3ZA2YO),__3ZA2YO,01 - Non intersection,03 - P.D. only,07 - SMV other,04 - Freezing Rain,01 - Daylight,06 - Ice,10 - No control,,1,0,0,0,,0,,,,,370048.5212,5031119.382,45.41696735,-75.66631288,6797
18--2654,2/23/2018,2:07 PM,HIGHWAY 417 btwn HWY417 IC110 RAMP55 & HWY417 IC104 RAMP51 (__3ZA2W8),__3ZA2W8,01 - Non intersection,03 - P.D. only,07 - SMV other,04 - Freezing Rain,01 - Daylight,06 - Ice,10 - No control,,1,0,0,0,,0,,,,,377969.1425,5026365.991,45.37341574,-75.56582807,6798
18--2655,2/23/2018,2:15 PM,CUMMINGS AVE btwn OGILVIE RD & LABELLE ST (__3ZA7QG),__3ZA7QG,04 - At/near private drive,03 - P.D. only,02 - Angle,04 - Freezing Rain,01 - Daylight,02 - Wet,10 - No control,,2,0,0,0,,0,,,,,372841.0994,5031967.584,45.42433308,-75.63051872,6799
18--2656,2/23/2018,2:20 PM,HIGHWAY 417 btwn HWY417 IC180 RAMP61 & HWY417 IC169 RAMP36 (__5DVYB1),__5DVYB1,01 - Non intersection,03 - P.D. only,99 - Other,04 - Freezing Rain,01 - Daylight,06 - Ice,10 - No control,,2,0,0,0,,0,,,,,323648.7244,5026932.525,45.38208047,-76.25931616,6800
18--2657,2/23/2018,2:22 PM,ANDERSON RD btwn INNES RD & DESJARDINS ST (__3ZBOG0),__3ZBOG0,01 - Non intersection,03 - P.D. only,07 - SMV other,04 - Freezing Rain,01 - Daylight,06 - Ice,10 - No control,,1,0,0,0,,0,,,,,376441.1653,5031731.276,45.42184749,-75.58455445,6801
18--2658,2/23/2018,2:26 PM,PRINCE OF WALES DR btwn FALLOWFIELD RD & AMBERWOOD CRES (__3ZA27I),__3ZA27I,01 - Non intersection,02 - Non-fatal injury,07 - SMV other,04 - Freezing Rain,01 - Daylight,06 - Ice,10 - No control,,1,0,0,0,02 - Minor,1,,1,,,367492.8805,5020179.949,45.31877056,-75.70035147,6802
18--2659,2/23/2018,2:36 PM,HWY417 IC131 RAMP53 btwn HIGHWAY 417 & HWY417 IC131 RAMP63 (__3ZAY4R),__3ZAY4R,01 - Non intersection,03 - P.D. only,07 - SMV other,04 - Freezing Rain,01 - Daylight,06 - Ice,10 - No control,,1,0,0,0,,0,,,,,357900.0861,5022708.602,45.34231464,-75.82242707,6803
18--266,1/5/2018,3:00 PM,HIGHWAY 417 btwn HWY417 IC122 RAMP15 & HWY417 IC121B RAMP51 (__3ZA2RB),__3ZA2RB,01 - Non intersection,03 - P.D. only,03 - Rear end,01 - Clear,01 - Daylight,06 - Ice,10 - No control,,2,0,0,0,,0,,,,,366066.038,5029318.028,45.40111929,-75.71741641,6804
18--2660,2/23/2018,2:43 AM,HIGHWAY 417 btwn HWY417 IC117 RAMP36 & HWY417 IC117 RAMP26 (__3ZAZE0),__3ZAZE0,01 - Non intersection,03 - P.D. only,03 - Rear end,04 - Freezing Rain,07 - Dark,06 - Ice,10 - No control,,2,0,0,0,,0,,,,,370728.9209,5031189.846,45.41753758,-75.65761085,6805
18--2661,2/23/2018,2:55 PM,CONROY RD btwn HUNT CLUB RD & CONROY RD (__3ZA2TB),__3ZA2TB,01 - Non intersection,03 - P.D. only,07 - SMV other,04 - Freezing Rain,01 - Daylight,06 - Ice,10 - No control,,1,0,0,0,,0,,,,,373803.8097,5025317.415,45.36440364,-75.61914804,6806
18--2662,2/23/2018,2:58 PM,REGIONAL ROAD 174 btwn OR174 IC101 RAMP26 & OR174 IC101 RAMP61 (__3ZA11T),__3ZA11T,01 - Non intersection,02 - Non-fatal injury,04 - Sideswipe,04 - Freezing Rain,01 - Daylight,06 - Ice,10 - No control,,2,0,0,0,01 - Minimal,1,1,,,,382723.4288,5038902.112,45.48569301,-75.50315401,6807
18--2663,2/23/2018,3:12 PM,MONTREAL RD @ OGILVIE RD (0009279),9279,02 - Intersection related,03 - P.D. only,03 - Rear end,04 - Freezing Rain,01 - Daylight,06 - Ice,01 - Traffic signal,01 - Functioning,3,0,0,0,,0,,,,,375654.7349,5034556.585,45.44734805,-75.59419573,6808
18--2664,2/23/2018,3:15 PM,RIVER RD @ 175 N OF EARL ARMSTRONG/LOBLAWS SC (0012471),12471,02 - Intersection related,03 - P.D. only,03 - Rear end,04 - Freezing Rain,01 - Daylight,06 - Ice,01 - Traffic signal,01 - Functioning,2,0,0,0,,0,,,,,367639.9318,5014847.048,45.27077262,-75.69915173,6809
18--2665,2/23/2018,4:18 PM,GREENBANK RD btwn WEST HUNT CLUB RD & FALLOWFIELD RD (__3ZA1NE),__3ZA1NE,01 - Non intersection,02 - Non-fatal injury,05 - Turning movement,04 - Freezing Rain,01 - Daylight,06 - Ice,10 - No control,,2,0,0,0,03 - Major,3,,1,2,,362882.6817,5017191.785,45.29227963,-75.75949965,6810