Anom_ID,Accident_Date,Accident_Time,Location,Geo_ID,Accident_Location,Classification_of_Accident,Initial_Impact_Type,Environment_Condition,Light,Road_Surface_Condition,Traffic_Control,Traffic_Control_Condition,No__of_Vehicles,No__of_Bicycles,No__of_Motorcycles,No__of_Pedestrians,Max_Injury,No__of_Injuries,No__of_Minimal,No__of_Minor,No__of_Major,No__of_Fatal,X,Y,Latitude,Longitude,ObjectId
18--2666,2/23/2018,4:22 PM,540 E OF ANDERSON RD/DETENTION CENTRE @ INNES RD (0017312),17312,02 - Intersection related,02 - Non-fatal injury,03 - Rear end,04 - Freezing Rain,01 - Daylight,06 - Ice,01 - Traffic signal,01 - Functioning,2,0,0,0,01 - Minimal,1,1,,,,376762.7389,5032132.564,45.42542503,-75.58038722,6811
18--2667,2/23/2018,4:25 PM,INNES RD btwn BLACKBURN BYPASS & CLEROUX CRES (__3ZA3KN),__3ZA3KN,01 - Non intersection,03 - P.D. only,03 - Rear end,04 - Freezing Rain,01 - Daylight,06 - Ice,10 - No control,,2,0,0,0,,0,,,,,379541.9636,5033744.703,45.43963847,-75.54463163,6812
18--2668,2/23/2018,5:08 PM,HIGHWAY 417 btwn HWY417 IC119A RAMP75 & HWY417 IC118 RAMP57 (__3ZA2R2),__3ZA2R2,01 - Non intersection,03 - P.D. only,03 - Rear end,04 - Freezing Rain,01 - Daylight,06 - Ice,10 - No control,,2,0,0,0,,0,,,,,369051.8091,5030763.508,45.41385756,-75.67909304,6813
18--2669,2/23/2018,5:10 PM,GALETTA SIDE RD btwn HOMESTEADERS RD & CARP RD (__3ZA4RU),__3ZA4RU,01 - Non intersection,03 - P.D. only,07 - SMV other,01 - Clear,05 - Dusk,01 - Dry,10 - No control,,1,0,0,0,,0,,,,,327466.7716,5034730.857,45.45214024,-76.21020446,6814
18--267,1/5/2018,3:00 PM,HIGHWAY 417 btwn HWY417 IC122 RAMP15 & HWY417 IC121B RAMP51 (__3ZA2RB),__3ZA2RB,01 - Non intersection,03 - P.D. only,03 - Rear end,01 - Clear,01 - Daylight,06 - Ice,10 - No control,,2,0,0,0,,0,,,,,366059.6033,5029313.626,45.40108024,-75.71749915,6815
18--2670,2/23/2018,5:35 PM,MONTREAL RD btwn PALACE ST & VANIER PKWY (__3ZA3LL),__3ZA3LL,04 - At/near private drive,03 - P.D. only,02 - Angle,04 - Freezing Rain,07 - Dark,06 - Ice,10 - No control,,2,0,0,0,,0,,,,,370025.6715,5033036.324,45.43421736,-75.66635095,6816
18--2671,2/23/2018,5:44 PM,BEECHWOOD AVE @ SPRINGFIELD RD (0011442),11442,02 - Intersection related,03 - P.D. only,03 - Rear end,01 - Clear,05 - Dusk,06 - Ice,01 - Traffic signal,01 - Functioning,2,0,0,0,,0,,,,,369236.7013,5033653.589,45.43984441,-75.67635292,6817
18--2672,2/23/2018,5:55 PM,HIGHWAY 417 btwn HWY417 IC104 RAMP15 & HWY417 IC96 RAMP51 (__3ZA2W4),__3ZA2W4,01 - Non intersection,03 - P.D. only,07 - SMV other,04 - Freezing Rain,07 - Dark,02 - Wet,10 - No control,,1,0,0,0,,0,,,,,383326.8846,5025299.955,45.36324444,-75.49760381,6818
18--2673,2/23/2018,6:06 PM,INNES RD @ STONEHENGE CRES E (0009355),9355,02 - Intersection related,03 - P.D. only,04 - Sideswipe,04 - Freezing Rain,05 - Dusk,06 - Ice,01 - Traffic signal,01 - Functioning,3,0,0,0,,0,,,,,375363.742,5031313.553,45.41819855,-75.59838008,6819
18--2674,2/23/2018,6:10 PM,INNES RD btwn CYRVILLE RD & STONEHENGE CRES (__3ZA3RE),__3ZA3RE,01 - Non intersection,03 - P.D. only,04 - Sideswipe,01 - Clear,07 - Dark,02 - Wet,10 - No control,,2,0,0,0,,0,,,,,375128.2504,5031174.608,45.41697211,-75.60140851,6820
18--2675,2/23/2018,6:36 PM,BESSERER ST @ NICHOLAS ST (0007614),7614,03 - At intersection,03 - P.D. only,07 - SMV other,04 - Freezing Rain,07 - Dark,06 - Ice,01 - Traffic signal,01 - Functioning,1,0,0,0,,0,,,,,368185.3605,5032110.883,45.4260598,-75.68998868,6821
18--2413,2/16/2018,1:21 PM,OGILVIE RD @ MATHESON RD/PALMERSTON DR (0012348),12348,02 - Intersection related,03 - P.D. only,03 - Rear end,01 - Clear,01 - Daylight,02 - Wet,01 - Traffic signal,01 - Functioning,2,0,0,0,,0,,,,,373380.1954,5032536.261,45.42939711,-75.62355136,6822
18--2414,2/16/2018,11:00 AM,PARKDALE AVE btwn BULLMAN ST & OXFORD ST (__3ZA31J),__3ZA31J,01 - Non intersection,03 - P.D. only,06 - SMV unattended vehicle,01 - Clear,01 - Daylight,03 - Loose snow,10 - No control,,1,0,0,0,,0,,,,,365026.0989,5029547.788,45.40327685,-75.73067083,6823
18--3137,3/8/2018,8:20 AM,TRAIL SIDE CIRC btwn PINE VISTA DR & PINE VISTA DR (__45C2SF),__45C2SF,01 - Non intersection,03 - P.D. only,02 - Angle,03 - Snow,01 - Daylight,03 - Loose snow,10 - No control,,2,0,0,0,,0,,,,,387091.8324,5037566.297,45.47317344,-75.44750366,6824
18--2415,2/16/2018,11:09 AM,BANK ST @ SALE BARN RD (0001638),1638,03 - At intersection,03 - P.D. only,05 - Turning movement,01 - Clear,01 - Daylight,04 - Slush,02 - Stop sign,01 - Functioning,2,0,0,0,,0,,,,,380123.7811,5013430.437,45.25680032,-75.5402897,6825
18--2416,2/16/2018,11:58 AM,GLOUCESTER ST @ KENT ST (0006973),6973,02 - Intersection related,03 - P.D. only,04 - Sideswipe,01 - Clear,01 - Daylight,02 - Wet,01 - Traffic signal,01 - Functioning,2,0,0,0,,0,,,,,367357.7008,5031098.572,45.41702586,-75.70069297,6826
18--2417,2/16/2018,Unknown,BURN ST btwn BORTHWICK AVE & CUMMINGS AVE (__3ZA7VM),__3ZA7VM,01 - Non intersection,03 - P.D. only,06 - SMV unattended vehicle,01 - Clear,00 - Unknown,02 - Wet,10 - No control,,1,0,0,0,,0,,,,,372294.8927,5033225.229,45.43570169,-75.6373254,6827
18--2418,2/16/2018,12:25 PM,COLONEL BY DR @ SENECA ST (0006907),6907,02 - Intersection related,03 - P.D. only,03 - Rear end,01 - Clear,01 - Daylight,01 - Dry,02 - Stop sign,01 - Functioning,2,0,0,0,,0,,,,,368075.7178,5028519.554,45.3937561,-75.69185066,6828
18--2419,2/16/2018,12:47 PM,ISLAND PARK DR @ MERIVALE RD (0002103),2103,02 - Intersection related,03 - P.D. only,04 - Sideswipe,01 - Clear,01 - Daylight,01 - Dry,01 - Traffic signal,01 - Functioning,2,0,0,0,,0,,,,,364653.7653,5028022.989,45.38958896,-75.73561161,6829
18--242,1/5/2018,11:00 PM,TARTAN DR btwn RUETER ST & RUETER ST (__3ZAA72),__3ZAA72,01 - Non intersection,03 - P.D. only,06 - SMV unattended vehicle,06 - Strong wind,07 - Dark,06 - Ice,10 - No control,,1,0,0,0,,0,,,,,362871.969,5014362.276,45.26682051,-75.75996727,6830
18--2420,2/16/2018,2:37 PM,CAMERON ST @ REGIONAL RD 174 (0012883),12883,02 - Intersection related,03 - P.D. only,03 - Rear end,01 - Clear,01 - Daylight,01 - Dry,01 - Traffic signal,01 - Functioning,2,0,0,0,,0,,,,,389860.7736,5042617.564,45.51828699,-75.41122025,6831
18--2421,2/16/2018,2:47 PM,PARKGLEN DR @ WOODROFFE AVE (0001099),1099,02 - Intersection related,03 - P.D. only,03 - Rear end,01 - Clear,01 - Daylight,01 - Dry,02 - Stop sign,00 - Unknown,3,0,0,0,,0,,,,,362888.6877,5023126.512,45.34567962,-75.75872708,6832
18--2422,2/16/2018,2:47 PM,LISGAR ST @ LYON ST (0007213),7213,02 - Intersection related,03 - P.D. only,04 - Sideswipe,01 - Clear,01 - Daylight,01 - Dry,01 - Traffic signal,01 - Functioning,2,0,0,0,,0,,,,,367275.3564,5030865.57,45.41493674,-75.70177453,6833
18--2423,2/16/2018,3:15 PM,HIGHWAY 417 btwn HWY417 IC127 RAMP25 & HWY417 IC126 RAMP51 (__3ZA2XA),__3ZA2XA,01 - Non intersection,03 - P.D. only,03 - Rear end,01 - Clear,01 - Daylight,01 - Dry,10 - No control,,2,0,0,0,,0,,,,,362880.0918,5025433.04,45.36643426,-75.75856577,6834
18--2424,2/16/2018,3:24 PM,REGIONAL ROAD 174 EB btwn OR174 IC109 RAMP55 & TRANSIT (__3ZA28V),__3ZA28V,01 - Non intersection,03 - P.D. only,03 - Rear end,01 - Clear,01 - Daylight,01 - Dry,10 - No control,,3,0,0,0,,0,,,,,376499.3095,5035043.292,45.45164101,-75.58332917,6835
18--2425,2/16/2018,3:35 PM,FALLOWFIELD RD @ STRANDHERD DR (0005238),5238,02 - Intersection related,03 - P.D. only,03 - Rear end,01 - Clear,01 - Daylight,01 - Dry,01 - Traffic signal,01 - Functioning,2,0,0,0,,0,,,,,360752.2244,5014962.154,45.27239009,-75.78691023,6836
18--2426,2/16/2018,3:37 PM,WEST HUNT CLUB RD btwn MOODIE DR & HWY416 IC72 RAMP53 (__3ZA4YJ),__3ZA4YJ,04 - At/near private drive,03 - P.D. only,05 - Turning movement,01 - Clear,01 - Daylight,01 - Dry,10 - No control,,2,0,0,0,,0,,,,,358167.3814,5018650.162,45.3057762,-75.81945394,6837
18--2427,2/16/2018,3:45 PM,TERRY FOX DR @ PALLADIUM DR/KATIMAVIK RD (0011858),11858,02 - Intersection related,03 - P.D. only,03 - Rear end,01 - Clear,01 - Daylight,06 - Ice,01 - Traffic signal,01 - Functioning,3,0,0,0,,0,,,,,351270.0664,5018181.078,45.30204546,-75.90744807,6838
18--2428,2/16/2018,4:42 AM,REGIONAL ROAD 174 btwn OR174 IC112 RAMP15 & TRANSIT (__3ZA2WA),__3ZA2WA,01 - Non intersection,03 - P.D. only,04 - Sideswipe,01 - Clear,07 - Dark,02 - Wet,10 - No control,,2,0,0,0,,0,,,,,375423.3997,5033294.667,45.43601747,-75.59733383,6839
18--2429,2/16/2018,4:42 PM,DALMENY RD @ RIVER RD (0012900),12900,03 - At intersection,03 - P.D. only,02 - Angle,01 - Clear,01 - Daylight,02 - Wet,02 - Stop sign,01 - Functioning,2,0,0,0,,0,,,,,374387.711,4996968.277,45.10926681,-75.61566099,6840
18--243,1/5/2018,11:02 AM,TENTH LINE RD @ CHARLEMAGNE BLVD N/TOMPKINS AV (0009222),9222,02 - Intersection related,03 - P.D. only,03 - Rear end,01 - Clear,01 - Daylight,01 - Dry,01 - Traffic signal,01 - Functioning,2,0,0,0,,0,,,,,383183.9294,5037977.882,45.47732608,-75.4974114,6841
18--2430,2/16/2018,4:57 PM,COLONEL BY DR btwn RIDEAU ST & MACKENZIE AVE (__3ZA8JW),__3ZA8JW,04 - At/near private drive,03 - P.D. only,03 - Rear end,01 - Clear,01 - Daylight,01 - Dry,10 - No control,,2,0,0,0,,0,,,,,367933.0972,5032027.492,45.42533229,-75.69322276,6842
18--2431,2/16/2018,5:00 PM,MONTREAL RD btwn BORTHWICK AVE & CUMMINGS AVE (__3ZA3UE),__3ZA3UE,04 - At/near private drive,03 - P.D. only,02 - Angle,01 - Clear,01 - Daylight,01 - Dry,10 - No control,,2,0,0,0,,0,,,,,371967.3568,5034021.346,45.44289631,-75.64140263,6843
18--2432,2/16/2018,5:12 PM,REGIONAL ROAD 174 btwn OR174 IC109 RAMP64 & OR174 IC105 RAMP16 (__3ZA2XD),__3ZA2XD,01 - Non intersection,03 - P.D. only,99 - Other,01 - Clear,05 - Dusk,01 - Dry,10 - No control,,2,0,0,0,,0,,,,,377646.0583,5036035.588,45.46045041,-75.56852301,6844
18--2433,2/16/2018,5:46 PM,WOODBINE PL btwn GROSVENOR AVE & BARTON ST (__3ZA9I6),__3ZA9I6,04 - At/near private drive,03 - P.D. only,06 - SMV unattended vehicle,01 - Clear,05 - Dusk,01 - Dry,10 - No control,,1,0,0,0,,0,,,,,368547.2568,5028522.054,45.39373583,-75.68582851,6845
18--2434,2/16/2018,6:14 PM,HERON RD WB btwn BRONSON AVE RAMP 26 & BRONSON AVE RAMP 35 (__5FD6UJ),__5FD6UJ,98 - Other,03 - P.D. only,04 - Sideswipe,01 - Clear,07 - Dark,01 - Dry,10 - No control,,2,0,0,0,,0,,,,,368675.6937,5026710.207,45.37742166,-75.68442277,6846
18--2435,2/16/2018,6:30 AM,STEEPLE CHASE DR btwn SPRINGWATER DR & INWOOD DR (__3ZBPHT),__3ZBPHT,04 - At/near private drive,03 - P.D. only,06 - SMV unattended vehicle,01 - Clear,03 - Dawn,01 - Dry,10 - No control,,1,0,0,0,,0,,,,,355002.7947,5017668.779,45.29717885,-75.85990583,6847
18--2436,2/16/2018,6:30 PM,TYRRELL PL @ MOODIE DR (0010386),10386,03 - At intersection,03 - P.D. only,07 - SMV other,01 - Clear,07 - Dark,02 - Wet,01 - Traffic signal,01 - Functioning,1,0,0,0,,0,,,,,357326.9968,5019855.174,45.31668239,-75.83004213,6848
18--2437,2/16/2018,6:53 PM,TYRRELL PL @ MOODIE DR (0010386),10386,03 - At intersection,03 - P.D. only,07 - SMV other,01 - Clear,07 - Dark,01 - Dry,01 - Traffic signal,01 - Functioning,1,0,0,0,,0,,,,,357327.4324,5019853.431,45.31666667,-75.83003675,6849
18--2438,2/16/2018,7:00 PM,HIGHWAY 417 btwn HWY417 IC122 RAMP51 & HWY417 IC122 RAMP15 (__3ZA2R0),__3ZA2R0,01 - Non intersection,03 - P.D. only,04 - Sideswipe,01 - Clear,07 - Dark,01 - Dry,10 - No control,,2,0,0,0,,0,,,,,365605.8559,5029060.04,45.39883809,-75.72332582,6850
18--2439,2/16/2018,7:01 PM,MONTREAL RD btwn ST. LAURENT BLVD & HILLSIDE DR (__3ZA1MC),__3ZA1MC,01 - Non intersection,02 - Non-fatal injury,07 - SMV other,01 - Clear,07 - Dark,01 - Dry,10 - No control,,1,0,0,1,02 - Minor,1,,1,,,371594.8318,5033844.076,45.44133701,-75.64618812,6851
18--244,1/5/2018,11:03 PM,HUNTMAR DR @ PALLADIUM DR S (0011818),11818,02 - Intersection related,03 - P.D. only,03 - Rear end,05 - Drifting Snow,07 - Dark,05 - Packed snow,01 - Traffic signal,01 - Functioning,2,0,0,0,,0,,,,,349675.606,5017365.436,45.29480973,-75.92785223,6852
18--2440,2/16/2018,7:41 PM,BLAIR RD btwn MASSEY LANE & END (__3ZA1HC),__3ZA1HC,01 - Non intersection,03 - P.D. only,07 - SMV other,01 - Clear,07 - Dark,01 - Dry,10 - No control,,1,0,0,0,,0,,,,,373371.5135,5036066.721,45.46116315,-75.6231703,6853
18--2441,2/16/2018,7:49 PM,BYRON AVE @ TWEEDSMUIR AVE (0006667),6667,03 - At intersection,03 - P.D. only,02 - Angle,01 - Clear,07 - Dark,01 - Dry,02 - Stop sign,01 - Functioning,2,0,0,0,,0,,,,,363591.6448,5028305.946,45.39222492,-75.74914098,6854
18--2442,2/16/2018,8:01 PM,RITCHIE ST @ HAUGHTON AVE (0002987),2987,02 - Intersection related,02 - Non-fatal injury,07 - SMV other,01 - Clear,07 - Dark,02 - Wet,02 - Stop sign,01 - Functioning,1,0,0,1,02 - Minor,1,,1,,,359353.7421,5024621.516,45.35941551,-75.8036683,6855
18--2443,2/16/2018,8:11 AM,ROBERTSON RD @ HAANEL DR (0000600),600,02 - Intersection related,03 - P.D. only,03 - Rear end,01 - Clear,01 - Daylight,02 - Wet,02 - Stop sign,01 - Functioning,2,0,0,0,,0,,,,,354989.6355,5019202.474,45.31098026,-75.85991831,6856
18--2444,2/16/2018,8:11 AM,SMYTH RD @ BARNHART PL (0007240),7240,02 - Intersection related,03 - P.D. only,03 - Rear end,02 - Rain,01 - Daylight,02 - Wet,02 - Stop sign,01 - Functioning,3,0,0,0,,0,,,,,370925.7176,5029115.551,45.39885533,-75.65537483,6857
18--2445,2/16/2018,9:05 PM,BELFAST RD @ COVENTRY RD (0002646),2646,02 - Intersection related,03 - P.D. only,04 - Sideswipe,01 - Clear,07 - Dark,02 - Wet,01 - Traffic signal,01 - Functioning,2,0,0,0,,0,,,,,371523.7208,5031641.565,45.42152661,-75.64739546,6858
18--2446,2/17/2018,1:05 AM,YORKS CORNERS RD btwn PANA RD & VICTORIA ST (__3ZA6V2),__3ZA6V2,01 - Non intersection,03 - P.D. only,07 - SMV other,01 - Clear,07 - Dark,01 - Dry,10 - No control,,1,0,0,0,,0,,,,,388627.5213,5013839.278,45.25951703,-75.4318914,6859
18--2447,2/17/2018,1:27 PM,WHITTON CRES btwn PRESLAND RD & WHITTON PL (__3ZA9O7),__3ZA9O7,01 - Non intersection,03 - P.D. only,06 - SMV unattended vehicle,01 - Clear,01 - Daylight,01 - Dry,10 - No control,,1,0,0,0,,0,,,,,370732.9679,5031840.345,45.42339012,-75.65747209,6860
18--2448,2/17/2018,11:29 AM,LYON ST @ WELLINGTON ST (0002388),2388,03 - At intersection,03 - P.D. only,05 - Turning movement,01 - Clear,01 - Daylight,01 - Dry,01 - Traffic signal,01 - Functioning,2,0,0,0,,0,,,,,366935.2711,5031426.166,45.4200111,-75.70604857,6861
18--2449,2/17/2018,11:31 AM,INNES RD @ TRIM RD (0012870),12870,03 - At intersection,02 - Non-fatal injury,02 - Angle,01 - Clear,01 - Daylight,01 - Dry,01 - Traffic signal,01 - Functioning,2,0,0,0,01 - Minimal,2,2,,,,386566.4237,5037273.556,45.47060137,-75.45427111,6862
18--245,1/5/2018,11:10 PM,PORTOBELLO BLVD btwn GARDENWAY DR & VALIN ST (__3ZA189),__3ZA189,01 - Non intersection,03 - P.D. only,07 - SMV other,01 - Clear,07 - Dark,01 - Dry,10 - No control,,1,0,0,0,,0,,,,,385323.9367,5037498.266,45.47276745,-75.47012213,6863
18--2450,2/17/2018,12:06 PM,CARP RD @ ROTHBOURNE RD (0002007),2007,02 - Intersection related,03 - P.D. only,03 - Rear end,01 - Clear,01 - Daylight,06 - Ice,02 - Stop sign,01 - Functioning,2,0,0,0,,0,,,,,348253.5715,5014875.436,45.2724932,-75.94619984,6864
18--2451,2/17/2018,12:20 PM,CLEGG ST @ GLENORA AVE (0007430),7430,02 - Intersection related,03 - P.D. only,02 - Angle,01 - Clear,01 - Daylight,01 - Dry,10 - No control,,2,0,0,0,,0,,,,,369204.7143,5029879.565,45.4058901,-75.67725515,6865
18--2452,2/17/2018,12:32 PM,DES EPINETTES AVE @ JEANNE D'ARC BLVD (0004221),4221,02 - Intersection related,03 - P.D. only,07 - SMV other,01 - Clear,01 - Daylight,01 - Dry,01 - Traffic signal,01 - Functioning,1,0,0,0,,0,,,,,382225.7028,5035959.965,45.45927751,-75.50998389,6866
18--2453,2/17/2018,12:34 PM,ST. LAURENT BLVD btwn MONTREAL RD & CAMIL ST (__3ZA3MQ),__3ZA3MQ,04 - At/near private drive,02 - Non-fatal injury,02 - Angle,01 - Clear,01 - Daylight,01 - Dry,10 - No control,,2,0,0,0,02 - Minor,1,,1,,,371563.5767,5033775.415,45.44072221,-75.64659691,6867
18--2454,2/17/2018,12:50 PM,BASELINE RD @ GREENBANK RD (0002357),2357,02 - Intersection related,03 - P.D. only,03 - Rear end,01 - Clear,01 - Daylight,01 - Dry,01 - Traffic signal,01 - Functioning,2,0,0,0,,0,,,,,360597.6843,5022584.501,45.3409886,-75.78802152,6868
18--2455,2/17/2018,2:35 AM,HIGHWAY 416 btwn HWY416 IC75A RAMP26 & HWY416 IC72 RAMP62 (__3ZAZLF),__3ZAZLF,01 - Non intersection,03 - P.D. only,07 - SMV other,01 - Clear,07 - Dark,06 - Ice,10 - No control,,1,0,0,0,,0,,,,,359261.954,5020095.399,45.31869653,-75.80533801,6869
18--2456,2/17/2018,3:50 PM,GREENBANK RD @ IRIS ST/HWY 417 IC129 RAMP51 (0009073),9073,02 - Intersection related,02 - Non-fatal injury,03 - Rear end,01 - Clear,01 - Daylight,01 - Dry,01 - Traffic signal,01 - Functioning,2,0,0,0,02 - Minor,2,,2,,,360531.3094,5023312.494,45.34754435,-75.78878638,6870
18--2457,2/17/2018,4:45 AM,INNES RD @ STONEHENGE CRES W (0009354),9354,03 - At intersection,03 - P.D. only,07 - SMV other,01 - Clear,07 - Dark,01 - Dry,01 - Traffic signal,01 - Functioning,1,0,0,0,,0,,,,,375198.6959,5031217.26,45.41734879,-75.60050243,6871
18--2458,2/17/2018,5:00 PM,IRIS ST @ WOODROFFE AVE (0002736),2736,02 - Intersection related,03 - P.D. only,04 - Sideswipe,01 - Clear,01 - Daylight,02 - Wet,01 - Traffic signal,01 - Functioning,2,0,0,0,,0,,,,,362282.6923,5024441.519,45.35756189,-75.7663067,6872
18--2459,2/17/2018,5:25 PM,PRINCE OF WALES DR @ STRANDHERD DR (0013339),13339,02 - Intersection related,03 - P.D. only,99 - Other,01 - Clear,05 - Dusk,01 - Dry,01 - Traffic signal,01 - Functioning,2,0,0,0,,0,,,,,367174.2445,5014824.888,45.27061468,-75.70508878,6873
18--246,1/5/2018,11:10 PM,HWY417 IC142 RAMP25 btwn PALLADIUM DR & HIGHWAY 417 (__3ZAY5D),__3ZAY5D,01 - Non intersection,03 - P.D. only,07 - SMV other,03 - Snow,07 - Dark,06 - Ice,10 - No control,,1,0,0,0,,0,,,,,349173.3831,5017406.832,45.29521412,-75.93425138,6874
18--2460,2/17/2018,6:07 PM,HAZELDEAN RD @ TERRY FOX DR (0003682),3682,02 - Intersection related,03 - P.D. only,03 - Rear end,01 - Clear,07 - Dark,01 - Dry,01 - Traffic signal,01 - Functioning,2,0,0,0,,0,,,,,352207.6106,5017242.452,45.29353682,-75.8955836,6875
18--2461,2/17/2018,6:35 PM,WALLER ST btwn DALY AVE & STEWART ST (__3ZA3VP),__3ZA3VP,01 - Non intersection,03 - P.D. only,03 - Rear end,01 - Clear,07 - Dark,01 - Dry,10 - No control,,2,0,0,0,,0,,,,,368351.0499,5032101.744,45.42596254,-75.6878727,6876
18--2462,2/17/2018,7:34 PM,MONTREAL RD @ ST. LAURENT BLVD (0002604),2604,02 - Intersection related,03 - P.D. only,04 - Sideswipe,01 - Clear,07 - Dark,01 - Dry,01 - Traffic signal,01 - Functioning,2,0,0,0,,0,,,,,371545.7026,5033817.595,45.44110344,-75.64681964,6877
18--2463,2/17/2018,8:00 PM,COBBLE HILL DR btwn Continuation of COBBLE HILL DR & MOFFATT POND CRT (__5WHGQC),__5WHGQC,04 - At/near private drive,03 - P.D. only,06 - SMV unattended vehicle,01 - Clear,07 - Dark,01 - Dry,10 - No control,,1,0,0,0,,0,,,,,361694.1342,5014083.207,45.26440568,-75.7750076,6878
18--2464,2/17/2018,8:12 PM,GREY NUNS DR btwn FIELDSTONE CRES & FIELDSTONE CRES (__3ZA67U),__3ZA67U,01 - Non intersection,03 - P.D. only,06 - SMV unattended vehicle,01 - Clear,07 - Dark,01 - Dry,10 - No control,,1,0,0,0,,0,,,,,379904.3254,5037165.064,45.47037345,-75.53947816,6879
18--2465,2/17/2018,8:35 PM,BLOHM DR btwn MARNIE PRIV & HUNT CLUB RD (__3ZAZFP),__3ZAZFP,01 - Non intersection,03 - P.D. only,03 - Rear end,01 - Clear,07 - Dark,02 - Wet,10 - No control,,3,0,0,0,,0,,,,,375092.0886,5026257.306,45.37273235,-75.6025711,6880
18--2466,2/17/2018,8:56 PM,TRIM RD @ DAIRY DR/TAYLOR CREEK DR (0012921),12921,02 - Intersection related,02 - Non-fatal injury,07 - SMV other,01 - Clear,07 - Dark,01 - Dry,11 - Roundabout,01 - Functioning,1,0,0,0,02 - Minor,1,,1,,,384534.1296,5039595.057,45.49172298,-75.47988148,6881
18--2467,2/17/2018,8:59 PM,BUTTERWICK ST btwn OTTERBURN AVE & CRANBERRY CRT (__3ZA16I),__3ZA16I,01 - Non intersection,03 - P.D. only,06 - SMV unattended vehicle,01 - Clear,07 - Dark,01 - Dry,10 - No control,,1,0,0,0,,0,,,,,349033.1609,5002785.228,45.16365151,-75.93733875,6882
18--2468,2/17/2018,9:15 PM,ATHLONE AVE @ RICHMOND RD (0006293),6293,03 - At intersection,02 - Non-fatal injury,02 - Angle,01 - Clear,07 - Dark,01 - Dry,01 - Traffic signal,01 - Functioning,2,0,0,0,01 - Minimal,1,1,,,,363453.6891,5028441.556,45.39345669,-75.75088661,6883
18--2469,2/18/2018,1:30 PM,FORTUNE DR @ STE. THERESE LANE S (0004372),4372,02 - Intersection related,03 - P.D. only,02 - Angle,01 - Clear,01 - Daylight,01 - Dry,10 - No control,,2,0,0,0,,0,,,,,379803.7381,5037350.596,45.47205353,-75.54073609,6884
18--247,1/5/2018,11:25 AM,KING EDWARD AVE @ ST. PATRICK ST (0002714),2714,03 - At intersection,03 - P.D. only,05 - Turning movement,01 - Clear,01 - Daylight,02 - Wet,01 - Traffic signal,01 - Functioning,2,0,0,0,,0,,,,,368249.7466,5032821.498,45.43244783,-75.6890744,6885
18--2470,2/18/2018,1:30 PM,HAZELDEAN RD btwn KINCARDINE DR & TERRY FOX DR (__3ZAZ88),__3ZAZ88,04 - At/near private drive,03 - P.D. only,02 - Angle,01 - Clear,01 - Daylight,01 - Dry,10 - No control,,2,0,0,0,,0,,,,,352161.2695,5017199.245,45.29315115,-75.89617851,6886
18--2471,2/18/2018,1:31 PM,RIVERSIDE DR @ TREMBLAY RD/HWY417 IC117 RAMP52 (0010790),10790,02 - Intersection related,03 - P.D. only,04 - Sideswipe,01 - Clear,01 - Daylight,01 - Dry,01 - Traffic signal,01 - Functioning,2,0,0,0,,0,,,,,370802.078,5031015.908,45.41596566,-75.6566995,6887
18--2472,2/18/2018,10:22 AM,CARP RD @ HAZELDEAN RD (0000086),86,02 - Intersection related,03 - P.D. only,03 - Rear end,01 - Clear,01 - Daylight,01 - Dry,01 - Traffic signal,01 - Functioning,2,0,0,0,,0,,,,,348804.5754,5014360.436,45.26782478,-75.93922347,6888
18--2473,2/18/2018,10:59 AM,COLONEL BY DR/SUSSEX DR @ RIDEAU ST (0007647),7647,02 - Intersection related,03 - P.D. only,04 - Sideswipe,01 - Clear,01 - Daylight,01 - Dry,01 - Traffic signal,01 - Functioning,2,0,0,0,,0,,,,,367921.6966,5032044.584,45.42548711,-75.69336624,6889
18--2474,2/18/2018,11:41 AM,BANK ST @ CATHERINE ST (0002708),2708,03 - At intersection,03 - P.D. only,02 - Angle,01 - Clear,01 - Daylight,01 - Dry,01 - Traffic signal,01 - Functioning,2,0,0,0,,0,,,,,368040.0538,5030268.966,45.4095,-75.69208178,6890
18--2475,2/18/2018,12:10 PM,BRONSON AVE @ LISGAR ST (0006356),6356,02 - Intersection related,03 - P.D. only,02 - Angle,01 - Clear,01 - Daylight,01 - Dry,02 - Stop sign,01 - Functioning,2,0,0,0,,0,,,,,366896.6946,5030641.568,45.41295494,-75.70664031,6891
18--2476,2/18/2018,12:35 PM,BLAIR RD btwn SEGUIN ST & MOWAT ST (__3ZBOGF),__3ZBOGF,01 - Non intersection,02 - Non-fatal injury,03 - Rear end,01 - Clear,01 - Daylight,01 - Dry,10 - No control,,2,0,0,0,02 - Minor,1,,1,,,374159.1227,5034088.574,45.44328716,-75.61337923,6892
18--2477,2/18/2018,12:36 AM,BOTELER ST btwn PARENT AVE & DALHOUSIE ST (__3ZA3LM),__3ZA3LM,01 - Non intersection,03 - P.D. only,06 - SMV unattended vehicle,01 - Clear,07 - Dark,03 - Loose snow,10 - No control,,1,0,0,0,,0,,,,,367647.97,5033043.502,45.43449968,-75.69673636,6893
18--2478,2/18/2018,12:55 PM,EAGLESON RD @ MICHAEL COWPLAND DR/STONEHAVEN D (0003544),3544,02 - Intersection related,03 - P.D. only,03 - Rear end,01 - Clear,01 - Daylight,01 - Dry,01 - Traffic signal,01 - Functioning,2,0,0,0,,0,,,,,354382.626,5016623.444,45.28781674,-75.86791709,6894