Anom_ID,Accident_Date,Accident_Time,Location,Geo_ID,Accident_Location,Classification_of_Accident,Initial_Impact_Type,Environment_Condition,Light,Road_Surface_Condition,Traffic_Control,Traffic_Control_Condition,No__of_Vehicles,No__of_Bicycles,No__of_Motorcycles,No__of_Pedestrians,Max_Injury,No__of_Injuries,No__of_Minimal,No__of_Minor,No__of_Major,No__of_Fatal,X,Y,Latitude,Longitude,ObjectId
18--2479,2/18/2018,2:15 PM,RICHMOND RD btwn 170 S OF KIMBERLEY RD & KIMBERLEY RD (__3ZABOSA),__3ZABOSA,01 - Non intersection,03 - P.D. only,06 - SMV unattended vehicle,01 - Clear,01 - Daylight,01 - Dry,10 - No control,,1,0,0,0,,0,,,,,357640.4942,5020414.978,45.32169604,-75.82598416,6895
18--248,1/5/2018,11:25 PM,HIGHWAY 416 btwn HWY416 IC66 RAMP24 & HWY416 IC57 RAMP62 (__3ZA1OI),__3ZA1OI,01 - Non intersection,03 - P.D. only,07 - SMV other,01 - Clear,07 - Dark,06 - Ice,10 - No control,,1,0,0,0,,0,,,,,360999.8372,5012880.861,45.25364265,-75.78399021,6896
18--2480,2/18/2018,2:35 PM,ST. JOSEPH BLVD btwn COUSINEAU ST & DUSSERE ST (__3ZA2AL),__3ZA2AL,01 - Non intersection,03 - P.D. only,04 - Sideswipe,01 - Clear,01 - Daylight,01 - Dry,10 - No control,,2,0,0,0,,0,,,,,380741.4678,5037051.321,45.46925956,-75.52879092,6897
18--2481,2/18/2018,2:45 PM,RIOCAN AVE btwn STRANDHERD DR & MARKETPLACE AVE (__4LZBMJ),__4LZBMJ,04 - At/near private drive,03 - P.D. only,05 - Turning movement,01 - Clear,01 - Daylight,01 - Dry,10 - No control,,2,0,0,0,,0,,,,,364185.4732,5014929.102,45.27181114,-75.74316246,6898
18--2482,2/18/2018,3:00 PM,BROADVIEW AVE @ BYRON AVE (0006231),6231,03 - At intersection,03 - P.D. only,02 - Angle,01 - Clear,01 - Daylight,01 - Dry,02 - Stop sign,01 - Functioning,2,0,0,0,,0,,,,,362694.1408,5027833.984,45.38805305,-75.76065788,6899
18--2483,2/18/2018,3:34 PM,BURRIS LANE @ MERIVALE RD (0002014),2014,03 - At intersection,02 - Non-fatal injury,02 - Angle,01 - Clear,01 - Daylight,01 - Dry,01 - Traffic signal,01 - Functioning,2,0,0,0,02 - Minor,1,,1,,,364880.358,5025068.914,45.36298931,-75.73307747,6900
18--2484,2/18/2018,4:14 PM,INNES RD @ 298 E OF WILDFLOWER DR/LOBLAWS SC (0012918),12918,02 - Intersection related,03 - P.D. only,05 - Turning movement,01 - Clear,01 - Daylight,01 - Dry,01 - Traffic signal,01 - Functioning,2,0,0,0,,0,,,,,383190.7565,5035796.563,45.45769975,-75.49767201,6901
18--2485,2/18/2018,4:27 PM,ELGIN ST @ LAURIER AVE (0002232),2232,02 - Intersection related,03 - P.D. only,03 - Rear end,01 - Clear,01 - Daylight,01 - Dry,01 - Traffic signal,01 - Functioning,2,0,0,0,,0,,,,,367948.7099,5031549.576,45.42103076,-75.69308453,6902
18--2486,2/18/2018,5:16 PM,TENTH LINE RD @ CHARLEMAGNE BLVD N/TOMPKINS AV (0009222),9222,03 - At intersection,03 - P.D. only,02 - Angle,01 - Clear,01 - Daylight,01 - Dry,01 - Traffic signal,01 - Functioning,2,0,0,0,,0,,,,,383183.9298,5037977.882,45.47732608,-75.4974114,6903
18--2487,2/18/2018,5:47 PM,COLONEL BY DR/SUSSEX DR @ RIDEAU ST (0007647),7647,02 - Intersection related,03 - P.D. only,04 - Sideswipe,01 - Clear,07 - Dark,01 - Dry,01 - Traffic signal,01 - Functioning,4,0,0,0,,0,,,,,367921.697,5032044.583,45.4254871,-75.69336624,6904
18--2488,2/18/2018,6:00 PM,MERIVALE RD/LOTTA AVE @ CLYDE AVE (0001112),1112,02 - Intersection related,03 - P.D. only,04 - Sideswipe,01 - Clear,05 - Dusk,01 - Dry,01 - Traffic signal,01 - Functioning,2,0,0,0,,0,,,,,364521.6979,5024507.526,45.35796867,-75.73772317,6905
18--2489,2/18/2018,6:00 PM,FRANK KENNY RD btwn RUSSELL RD & DEVINE RD (__3ZA6HE),__3ZA6HE,01 - Non intersection,03 - P.D. only,07 - SMV other,03 - Snow,07 - Dark,06 - Ice,10 - No control,,1,0,0,0,,0,,,,,393588.7189,5023737.4,45.34796169,-75.36691632,6906
18--249,1/5/2018,11:38 AM,HAWTHORNE RD @ HUNT CLUB RD (0007651),7651,02 - Intersection related,03 - P.D. only,03 - Rear end,01 - Clear,01 - Daylight,01 - Dry,01 - Traffic signal,01 - Functioning,2,0,0,0,,0,,,,,375507.7498,5026406.529,45.37403317,-75.5972436,6907
18--2490,2/18/2018,6:00 PM,SECOND LINE RD btwn LAHEY CRT & MARCH RD (__3ZAC41),__3ZAC41,01 - Non intersection,03 - P.D. only,07 - SMV other,01 - Clear,05 - Dusk,01 - Dry,10 - No control,,1,0,0,0,,0,,,,,345984.7743,5025453.658,45.36781619,-75.97423396,6908
18--2491,2/18/2018,6:45 PM,CENTREPOINTE DR @ TALLWOOD DR (0004573),4573,03 - At intersection,02 - Non-fatal injury,07 - SMV other,01 - Clear,07 - Dark,01 - Dry,01 - Traffic signal,01 - Functioning,1,0,0,1,01 - Minimal,1,1,,,,362669.6477,5022577.196,45.34075502,-75.76158629,6909
18--2492,2/18/2018,7:08 PM,CHARLOTTE ST @ RIDEAU ST (0002622),2622,02 - Intersection related,03 - P.D. only,07 - SMV other,01 - Clear,07 - Dark,01 - Dry,01 - Traffic signal,01 - Functioning,1,0,0,0,,0,,,,,369250.0574,5032860.289,45.43270538,-75.67628608,6910
18--2493,2/18/2018,8:58 AM,PINEWOOD CRES btwn RICHMOND RD & HARWOOD AVE (__3ZABU8),__3ZABU8,01 - Non intersection,03 - P.D. only,06 - SMV unattended vehicle,01 - Clear,01 - Daylight,05 - Packed snow,10 - No control,,1,0,0,0,,0,,,,,360173.7336,5024386.319,45.35723493,-75.79322896,6911
18--2494,2/19/2018,10:15 AM,MARCH RD btwn CAMPEAU DR/HWY 417 MARCH IC138R63 & HWY417 IC138 RAMP62 (__3ZA415),__3ZA415,01 - Non intersection,03 - P.D. only,04 - Sideswipe,01 - Clear,01 - Daylight,01 - Dry,10 - No control,,2,0,0,0,,0,,,,,352779.116,5020613.896,45.32383503,-75.88797129,6912
18--2495,2/19/2018,10:55 PM,COVENTRY RD @ VANIER PKWY (0002139),2139,03 - At intersection,03 - P.D. only,05 - Turning movement,02 - Rain,07 - Dark,02 - Wet,01 - Traffic signal,01 - Functioning,2,0,0,0,,0,,,,,370676.3846,5031611.703,45.42133822,-75.65822564,6913
18--3138,3/8/2018,8:21 PM,CRESTWAY DR @ STRANDHERD DR (0010538),10538,02 - Intersection related,03 - P.D. only,03 - Rear end,03 - Snow,07 - Dark,02 - Wet,01 - Traffic signal,01 - Functioning,2,0,0,0,,0,,,,,366346.903,5015471.134,45.27650247,-75.71555149,6914
18--3139,3/8/2018,8:30 PM,DONALD ST @ PAUL EMILE LAMARCHE (0008517),8517,02 - Intersection related,03 - P.D. only,03 - Rear end,01 - Clear,07 - Dark,03 - Loose snow,02 - Stop sign,01 - Functioning,2,0,0,0,,0,,,,,371360.7158,5032388.58,45.42826345,-75.64937718,6915
18--314,1/5/2018,8:26 AM,HIGHWAY 416 btwn HWY416 IC66 RAMP24 & HWY416 IC57 RAMP62 (__3ZA1OI),__3ZA1OI,01 - Non intersection,03 - P.D. only,07 - SMV other,01 - Clear,01 - Daylight,06 - Ice,10 - No control,,1,0,0,0,,0,,,,,363801.6427,5009898.985,45.22658217,-75.74865076,6916
18--3140,3/8/2018,8:41 PM,DONALD ST @ PAUL EMILE LAMARCHE (0008517),8517,02 - Intersection related,03 - P.D. only,03 - Rear end,03 - Snow,07 - Dark,05 - Packed snow,02 - Stop sign,01 - Functioning,2,0,0,0,,0,,,,,371360.7159,5032388.58,45.42826345,-75.64937718,6917
18--3141,3/8/2018,8:49 PM,HWY 417 VANIER IC117R63 @ VANIER PKWY (0002101),2101,02 - Intersection related,03 - P.D. only,04 - Sideswipe,01 - Clear,07 - Dark,02 - Wet,01 - Traffic signal,01 - Functioning,3,0,0,0,,0,,,,,370799.7251,5031397.561,45.41939984,-75.65667845,6918
18--3142,3/8/2018,8:50 AM,WOODROFFE AVE NB btwn WEST HUNT CLUB RD & SPORTSPLEX N (__3ZA245A),__3ZA245A,01 - Non intersection,03 - P.D. only,04 - Sideswipe,03 - Snow,01 - Daylight,04 - Slush,10 - No control,,2,0,0,0,,0,,,,,363721.0927,5021161.657,45.32793059,-75.74833958,6919
18--3143,3/8/2018,9:00 AM,BRONSON AVE btwn FINDLAY AVE & BRONSON AVE SB OFF RAMP 34 (__3ZA3N5),__3ZA3N5,01 - Non intersection,02 - Non-fatal injury,03 - Rear end,05 - Drifting Snow,01 - Daylight,02 - Wet,10 - No control,,3,0,0,0,02 - Minor,1,,1,,,367742.6856,5028551.624,45.39407467,-75.69609959,6920
18--3144,3/8/2018,9:08 PM,RIVERSIDE DR btwn MARILYN AVE & REVELSTOKE DR (__3ZA37S),__3ZA37S,01 - Non intersection,03 - P.D. only,03 - Rear end,03 - Snow,07 - Dark,03 - Loose snow,10 - No control,,2,0,0,0,,0,,,,,368208.3692,5024405.494,45.35672689,-75.69068484,6921
18--3145,3/8/2018,9:09 PM,ST. LAURENT BLVD @ MCARTHUR AVE (0008246),8246,03 - At intersection,03 - P.D. only,05 - Turning movement,03 - Snow,07 - Dark,02 - Wet,01 - Traffic signal,01 - Functioning,2,0,0,0,,0,,,,,371921.7193,5032887.575,45.43269956,-75.64214054,6922
18--3146,3/8/2018,9:12 AM,DIAMONDVIEW RD btwn WILLIAM HODGINS LANE & MARCH RD (__3ZAC8G),__3ZAC8G,04 - At/near private drive,03 - P.D. only,99 - Other,01 - Clear,01 - Daylight,02 - Wet,10 - No control,,2,0,0,0,,0,,,,,340063.0408,5019945.676,45.31857609,-76.05022108,6923
18--3147,3/8/2018,9:14 PM,MADELEINE MEILLEUR PRIV @ VANIER PKWY (0013514),13514,02 - Intersection related,03 - P.D. only,03 - Rear end,03 - Snow,07 - Dark,03 - Loose snow,01 - Traffic signal,01 - Functioning,2,0,0,0,,0,,,,,369654.8152,5033359.306,45.43715791,-75.67104781,6924
18--3148,3/8/2018,9:29 AM,BANKFIELD RD btwn FIRST LINE RD & LOCKMASTER CRES (__3ZA2XX),__3ZA2XX,04 - At/near private drive,03 - P.D. only,02 - Angle,01 - Clear,01 - Daylight,02 - Wet,10 - No control,,2,0,0,0,,0,,,,,367240.9155,5009478.516,45.22250229,-75.70491062,6925
18--3149,3/8/2018,9:30 AM,CATHERINE ST @ KENT ST (0002707),2707,03 - At intersection,03 - P.D. only,02 - Angle,03 - Snow,01 - Daylight,04 - Slush,01 - Traffic signal,01 - Functioning,2,0,0,0,,0,,,,,367907.3591,5030189.958,45.40880109,-75.69378696,6926
18--315,1/5/2018,8:31 PM,SMYTH RD E/LANCASTER RD @ ST. LAURENT BLVD N/R (0002256),2256,02 - Intersection related,03 - P.D. only,04 - Sideswipe,01 - Clear,07 - Dark,01 - Dry,01 - Traffic signal,01 - Functioning,2,0,0,0,,0,,,,,373364.7294,5029424.551,45.40140096,-75.62418192,6927
18--3150,3/8/2018,9:44 PM,TERRY FOX DR btwn CASTLEFRANK RD & TRANS CANADA TRAIL (__355BDZA),__355BDZA,01 - Non intersection,03 - P.D. only,07 - SMV other,03 - Snow,07 - Dark,03 - Loose snow,10 - No control,,1,0,0,0,,0,,,,,353059.8627,5016227.456,45.28434561,-75.8848173,6928
18--3151,3/8/2018,9:48 AM,GREENBANK RD @ MALVERN DR/FOXFIELD DR (0009821),9821,02 - Intersection related,02 - Non-fatal injury,07 - SMV other,03 - Snow,01 - Daylight,02 - Wet,01 - Traffic signal,01 - Functioning,1,0,0,1,02 - Minor,1,,1,,,363311.4251,5016193.388,45.28326048,-75.75415178,6929
18--3152,3/8/2018,9:54 PM,KENT ST @ SLATER ST (0002114),2114,02 - Intersection related,03 - P.D. only,05 - Turning movement,03 - Snow,07 - Dark,03 - Loose snow,01 - Traffic signal,01 - Functioning,2,0,0,0,,0,,,,,367261.7069,5031252.587,45.41842022,-75.70189985,6930
18--3153,3/9/2018,1:01 PM,QUEEN MARY ST @ VANIER PKWY (0007648),7648,02 - Intersection related,03 - P.D. only,03 - Rear end,03 - Snow,01 - Daylight,02 - Wet,01 - Traffic signal,01 - Functioning,2,0,0,0,,0,,,,,370363.7105,5031957.585,45.4244797,-75.66217456,6931
18--3154,3/9/2018,1:12 PM,BRONSON AVE btwn COOPER ST & SOMERSET ST W (__3ZA33L),__3ZA33L,04 - At/near private drive,02 - Non-fatal injury,07 - SMV other,03 - Snow,01 - Daylight,02 - Wet,10 - No control,,1,0,0,1,02 - Minor,1,,1,,,366963.8634,5030490.509,45.41158979,-75.70580129,6932
18--3155,3/9/2018,1:12 PM,RICHMOND RD @ WOODROFFE AVE (0011466),11466,02 - Intersection related,03 - P.D. only,03 - Rear end,03 - Snow,01 - Daylight,03 - Loose snow,01 - Traffic signal,01 - Functioning,2,0,0,0,,0,,,,,361584.6863,5026654.523,45.37753121,-75.77496079,6933
18--3156,3/9/2018,1:57 PM,INDUSTRIAL AVE @ RIVERSIDE DR (0011905),11905,02 - Intersection related,03 - P.D. only,03 - Rear end,03 - Snow,01 - Daylight,02 - Wet,01 - Traffic signal,01 - Functioning,2,0,0,0,,0,,,,,370684.7182,5030592.553,45.41216754,-75.65825543,6934
18--3157,3/9/2018,10:00 PM,NICHOLAS ST NB btwn NICHOLAS ST NB OFF RAMP TO NICHOLAS ST SB & MACKEN (__3ZBPOK),__3ZBPOK,01 - Non intersection,03 - P.D. only,04 - Sideswipe,01 - Clear,07 - Dark,02 - Wet,10 - No control,,2,0,0,0,,0,,,,,368367.7835,5031914.844,45.42427936,-75.687683,6935
18--3158,3/9/2018,10:03 PM,MONTREAL RD @ DUCHARME BLVD/CANTIN ST (0009319),9319,02 - Intersection related,02 - Non-fatal injury,07 - SMV other,01 - Clear,07 - Dark,01 - Dry,01 - Traffic signal,01 - Functioning,1,0,0,1,01 - Minimal,1,1,,,,371018.0516,5033564.894,45.43887992,-75.65359762,6936
18--3159,3/9/2018,10:55 AM,FALLOWFIELD RD @ STRANDHERD DR (0005238),5238,03 - At intersection,02 - Non-fatal injury,02 - Angle,03 - Snow,01 - Daylight,02 - Wet,01 - Traffic signal,01 - Functioning,2,0,0,0,01 - Minimal,2,2,,,,360752.2247,5014962.154,45.27239009,-75.78691023,6937
18--316,1/5/2018,8:33 PM,MARVELVILLE RD btwn 8TH LINE RD & 9TH LINE RD (__3ZA3YM),__3ZA3YM,01 - Non intersection,03 - P.D. only,07 - SMV other,05 - Drifting Snow,07 - Dark,03 - Loose snow,10 - No control,,1,0,0,0,,0,,,,,387828.6756,5005516.727,45.18473094,-75.44345633,6938
18--3160,3/9/2018,11:05 AM,COLONEL BY DR btwn MACKENZIE AVE & N.D.H.Q. (__3ZA8HKA),__3ZA8HKA,01 - Non intersection,03 - P.D. only,03 - Rear end,02 - Rain,01 - Daylight,02 - Wet,10 - No control,,3,0,0,0,,0,,,,,368009.7674,5031898.237,45.42416238,-75.69225967,6939
18--3161,3/9/2018,11:15 AM,BARNSDALE RD @ PRINCE OF WALES DR (0001082),1082,03 - At intersection,03 - P.D. only,02 - Angle,02 - Rain,01 - Daylight,02 - Wet,02 - Stop sign,01 - Functioning,2,0,0,0,,0,,,,,366644.954,5011533.807,45.24104838,-75.7122431,6940
18--3162,3/9/2018,11:15 AM,CYRVILLE RD @ ST. LAURENT BLVD (0002647),2647,02 - Intersection related,03 - P.D. only,03 - Rear end,01 - Clear,01 - Daylight,01 - Dry,01 - Traffic signal,01 - Functioning,2,0,0,0,,0,,,,,372241.7204,5032111.58,45.42568673,-75.63815746,6941
18--3163,3/9/2018,11:17 AM,OGILVIE RD btwn JASMINE CRES & ELMRIDGE DR (__3ZA2DT),__3ZA2DT,01 - Non intersection,03 - P.D. only,04 - Sideswipe,03 - Snow,01 - Daylight,03 - Loose snow,10 - No control,,2,0,0,0,,0,,,,,375367.9989,5033736.34,45.43999698,-75.59797852,6942
18--3164,3/9/2018,11:30 AM,BEECH ST btwn BREEZEHILL AVE S & LORETTA AVE S (__3ZBONR),__3ZBONR,04 - At/near private drive,02 - Non-fatal injury,07 - SMV other,01 - Clear,01 - Daylight,02 - Wet,10 - No control,,1,0,0,1,01 - Minimal,1,1,,,,366371.2022,5029135.292,45.3994483,-75.71354157,6943
18--3165,3/9/2018,11:35 AM,WEST HUNT CLUB RD @ ANTARES DR/LASER ST (0000116),116,02 - Intersection related,03 - P.D. only,03 - Rear end,01 - Clear,01 - Daylight,02 - Wet,01 - Traffic signal,01 - Functioning,2,0,0,0,,0,,,,,367107.7113,5022081.502,45.33591472,-75.70502453,6944
18--3166,3/9/2018,Unknown,WOODCREST RD btwn BRAESIDE AVE & CATON ST (__3ZA9S0),__3ZA9S0,01 - Non intersection,03 - P.D. only,06 - SMV unattended vehicle,03 - Snow,00 - Unknown,03 - Loose snow,10 - No control,,1,0,0,0,,0,,,,,370667.0544,5027961.853,45.38849916,-75.6588324,6945
18--3167,3/9/2018,Unknown,STRADWICK AVE btwn DELMEADE GT & TO BE DETERMINED (__3ZAB6E),__3ZAB6E,01 - Non intersection,03 - P.D. only,06 - SMV unattended vehicle,03 - Snow,00 - Unknown,03 - Loose snow,10 - No control,,1,0,0,0,,0,,,,,361963.8917,5015183.545,45.27428473,-75.77144374,6946
18--3168,3/9/2018,Unknown,CARP RD @ MCGEE SIDE RD (0005760),5760,02 - Intersection related,03 - P.D. only,04 - Sideswipe,01 - Clear,07 - Dark,02 - Wet,02 - Stop sign,01 - Functioning,2,0,0,0,,0,,,,,344196.5532,5019441.487,45.31381943,-75.99754029,6947
18--3169,3/9/2018,12:21 PM,HIGHWAY 417 btwn HWY417 IC112 RAMP54 & HWY417 IC112 RAMP65 (__3ZAZE8),__3ZAZE8,01 - Non intersection,03 - P.D. only,04 - Sideswipe,03 - Snow,01 - Daylight,02 - Wet,10 - No control,,3,0,0,0,,0,,,,,374199.041,5031138.845,45.41674312,-75.61328471,6948
18--317,1/5/2018,8:38 AM,HIGHWAY 417 btwn HWY417 IC126 RAMP61 & HWY417 IC124 RAMP76 (__3ZA2Y2),__3ZA2Y2,01 - Non intersection,03 - P.D. only,07 - SMV other,06 - Strong wind,01 - Daylight,06 - Ice,10 - No control,,1,0,0,0,,0,,,,,364102.6712,5027115.268,45.38146832,-75.74275803,6949
18--3170,3/9/2018,12:30 PM,COLONEL BY DR btwn UNIVERSITY RD & HOG'S BACK RD (__3ZA22V),__3ZA22V,01 - Non intersection,03 - P.D. only,03 - Rear end,03 - Snow,01 - Daylight,02 - Wet,10 - No control,,2,0,0,0,,0,,,,,367354.0581,5026704.451,45.37748911,-75.70129673,6950
18--3171,3/9/2018,12:30 PM,COLONEL BY DR btwn UNIVERSITY RD & HOG'S BACK RD (__3ZA22V),__3ZA22V,01 - Non intersection,03 - P.D. only,03 - Rear end,03 - Snow,01 - Daylight,02 - Wet,10 - No control,,2,0,0,0,,0,,,,,367352.4744,5026750.404,45.37790273,-75.70131113,6951
18--3172,3/9/2018,2:28 PM,DORCHESTER AVE @ MERIVALE RD (0003082),3082,02 - Intersection related,03 - P.D. only,05 - Turning movement,03 - Snow,01 - Daylight,02 - Wet,02 - Stop sign,01 - Functioning,2,0,0,0,,0,,,,,364859.7061,5026556.534,45.37637644,-75.7331602,6952
18--3173,3/9/2018,2:30 PM,HIGHWAY 417 btwn HWY417 IC123 RAMP62 & HWY417 IC122 RAMP16 (__3ZA2R9),__3ZA2R9,01 - Non intersection,03 - P.D. only,03 - Rear end,01 - Clear,01 - Daylight,01 - Dry,10 - No control,,3,0,0,0,,0,,,,,364869.8987,5028242.71,45.39154746,-75.73282488,6953
18--3174,3/9/2018,2:33 PM,GREENBANK RD @ STRANDHERD DR (0005563),5563,03 - At intersection,02 - Non-fatal injury,05 - Turning movement,01 - Clear,01 - Daylight,01 - Dry,01 - Traffic signal,01 - Functioning,2,0,0,0,02 - Minor,1,,1,,,363933.6835,5014784.417,45.27053048,-75.74638834,6954
18--3175,3/9/2018,2:46 PM,STAGECOACH RD btwn DALMENY RD & FAWN LANE (__3ZAZ9V),__3ZAZ9V,01 - Non intersection,03 - P.D. only,07 - SMV other,03 - Snow,01 - Daylight,03 - Loose snow,10 - No control,,1,0,0,0,,0,,,,,378295.3158,4998334.706,45.12116644,-75.56580796,6955
18--3176,3/9/2018,2:47 PM,EAGLESON RD @ HAZELDEAN RD/ROBERTSON RD (0002715),2715,02 - Intersection related,03 - P.D. only,05 - Turning movement,01 - Clear,01 - Daylight,01 - Dry,01 - Traffic signal,01 - Functioning,2,0,0,0,,0,,,,,353673.6247,5018424.46,45.30407235,-75.87677745,6956
18--3177,3/9/2018,2:47 PM,HWY417 IC118 RAMP62 btwn HWY417 IC118 RAMP64 & HWY417 IC118 RAMP52 (__3ZAY9M),__3ZAY9M,01 - Non intersection,03 - P.D. only,03 - Rear end,03 - Snow,01 - Daylight,02 - Wet,10 - No control,,2,0,0,0,,0,,,,,369579.7666,5031167.06,45.4174399,-75.6722953,6957
18--3178,3/9/2018,3:17 PM,HIGHWAY 417 btwn HWY417 IC117 RAMP61 & HWY417 IC115 RAMP36 (__3ZA2RZ),__3ZA2RZ,01 - Non intersection,03 - P.D. only,03 - Rear end,01 - Clear,01 - Daylight,01 - Dry,10 - No control,,2,0,0,0,,0,,,,,371628.6123,5031429.996,45.41961299,-75.64608399,6958
18--3179,3/9/2018,3:38 PM,DALY AVE @ FRIEL ST (0008521),8521,03 - At intersection,03 - P.D. only,02 - Angle,03 - Snow,01 - Daylight,04 - Slush,02 - Stop sign,01 - Functioning,2,0,0,0,,0,,,,,368850.3564,5032433.288,45.42890011,-75.68144953,6959
18--318,1/5/2018,8:41 PM,MCARTHUR AVE @ VANIER PKWY (0004626),4626,02 - Intersection related,03 - P.D. only,03 - Rear end,01 - Clear,07 - Dark,02 - Wet,01 - Traffic signal,01 - Functioning,2,0,0,0,,0,,,,,370218.7052,5032690.586,45.43108852,-75.66392999,6960
18--3180,3/9/2018,3:40 PM,CARLING AVE @ BROADVIEW AVE (0006707),6707,03 - At intersection,02 - Non-fatal injury,05 - Turning movement,01 - Clear,01 - Daylight,01 - Dry,01 - Traffic signal,01 - Functioning,3,0,0,0,02 - Minor,1,,1,,,363180.687,5026638.541,45.37725623,-75.7545863,6961
18--3181,3/9/2018,3:50 PM,RIVER RD @ 175 N OF EARL ARMSTRONG/LOBLAWS SC (0012471),12471,02 - Intersection related,02 - Non-fatal injury,03 - Rear end,01 - Clear,01 - Daylight,01 - Dry,01 - Traffic signal,01 - Functioning,2,0,0,0,02 - Minor,1,,1,,,367639.9313,5014847.047,45.27077261,-75.69915174,6962
18--3182,3/9/2018,4:14 PM,CLEARCREST CRES btwn PRINCESS LOUISE DR & FOXWOOD CRT (2) (__3ZA5UJ),__3ZA5UJ,01 - Non intersection,03 - P.D. only,06 - SMV unattended vehicle,01 - Clear,01 - Daylight,02 - Wet,10 - No control,,1,0,0,0,,0,,,,,384350.6562,5038471.627,45.48163638,-75.48241049,6963
18--3183,3/9/2018,4:30 PM,EAGLESON RD btwn 146 N OF ABBEYHILL DR/HAZELDEAN MALL SC & ABBEYHILL D (__3ZA41OB),__3ZA41OB,01 - Non intersection,02 - Non-fatal injury,03 - Rear end,01 - Clear,01 - Daylight,01 - Dry,10 - No control,,2,0,0,0,01 - Minimal,1,1,,,,353790.7037,5018127.958,45.3013962,-75.87531389,6964
18--3184,3/9/2018,4:49 PM,BANK ST @ RIVERSIDE DR N (0010778),10778,02 - Intersection related,03 - P.D. only,03 - Rear end,01 - Clear,01 - Daylight,02 - Wet,01 - Traffic signal,01 - Functioning,3,0,0,0,,0,,,,,369225.7157,5027983.546,45.38882841,-75.67723453,6965
18--3185,3/9/2018,5:10 PM,HIGHWAY 417 btwn HWY417 IC110 RAMP55 & HWY417 IC104 RAMP51 (__3ZA2W8),__3ZA2W8,01 - Non intersection,02 - Non-fatal injury,03 - Rear end,01 - Clear,01 - Daylight,02 - Wet,10 - No control,,2,0,0,0,01 - Minimal,1,1,,,,378008.765,5026357.518,45.37333537,-75.56532352,6966
18--3186,3/9/2018,5:26 PM,CAMERON ST @ REGIONAL RD 174 (0012883),12883,02 - Intersection related,03 - P.D. only,03 - Rear end,03 - Snow,05 - Dusk,04 - Slush,01 - Traffic signal,01 - Functioning,2,0,0,0,,0,,,,,389860.7739,5042617.564,45.51828699,-75.41122025,6967
18--3187,3/9/2018,5:45 PM,KAKULU RD @ CASTLEFRANK RD (0003540),3540,02 - Intersection related,03 - P.D. only,99 - Other,01 - Clear,01 - Daylight,01 - Dry,01 - Traffic signal,01 - Functioning,2,0,0,0,,0,,,,,352180.7934,5018500.67,45.30486039,-75.89580525,6968
18--3188,3/9/2018,5:45 PM,HIGHWAY 417 btwn HWY417 IC127 RAMP67 & HWY417 IC126 RAMP16 (__3ZA2X0),__3ZA2X0,01 - Non intersection,03 - P.D. only,03 - Rear end,03 - Snow,05 - Dusk,02 - Wet,10 - No control,,3,0,0,0,,0,,,,,363019.9494,5025670.259,45.36855713,-75.75675259,6969
18--3189,3/9/2018,7:46 AM,CARP RD @ WESTBROOK RD (0001681),1681,03 - At intersection,03 - P.D. only,05 - Turning movement,03 - Snow,01 - Daylight,04 - Slush,01 - Traffic signal,01 - Functioning,2,0,0,0,,0,,,,,347737.5656,5015442.441,45.27762702,-75.95272681,6970
18--319,1/5/2018,8:53 AM,RIDDELL DR @ SIXTH LINE RD (0003691),3691,03 - At intersection,02 - Non-fatal injury,01 - Approaching,05 - Drifting Snow,01 - Daylight,03 - Loose snow,10 - No control,,2,0,0,0,02 - Minor,1,,1,,,350159.1476,5029094.757,45.40032165,-75.92061181,6971
18--3190,3/9/2018,7:47 PM,CASTLEFRANK RD @ KATIMAVIK RD (0003228),3228,02 - Intersection related,03 - P.D. only,03 - Rear end,01 - Clear,07 - Dark,02 - Wet,01 - Traffic signal,01 - Functioning,2,0,0,0,,0,,,,,351950.4526,5018943.516,45.30886072,-75.89870024,6972
18--3191,3/9/2018,7:57 PM,CARP RD btwn THOMAS A. DOLAN PKWY & NORMA LANE (__3ZAZ54),__3ZAZ54,01 - Non intersection,03 - P.D. only,07 - SMV other,03 - Snow,07 - Dark,02 - Wet,10 - No control,,1,0,0,0,,0,,,,,336725.3918,5025885.707,45.37218688,-76.09240814,6973
18--3192,3/9/2018,8:09 AM,HOLLY ACRES RD @ TRANSITWAY - BAYSHORE/278 N O (0009787),9787,02 - Intersection related,03 - P.D. only,03 - Rear end,03 - Snow,01 - Daylight,02 - Wet,01 - Traffic signal,01 - Functioning,2,0,0,0,,0,,,,,358496.6751,5022986.456,45.34476937,-75.8147848,6974
18--3193,3/9/2018,8:18 PM,LONGFIELDS DR @ WOODROFFE AVE (0000096),96,02 - Intersection related,03 - P.D. only,04 - Sideswipe,03 - Snow,07 - Dark,04 - Slush,01 - Traffic signal,01 - Functioning,2,0,0,0,,0,,,,,365421.1693,5017106.944,45.29130184,-75.72714955,6975
18--3194,3/9/2018,8:45 PM,HEMLOCK RD @ WHITEMARL DR (0007168),7168,02 - Intersection related,03 - P.D. only,03 - Rear end,01 - Clear,07 - Dark,01 - Dry,02 - Stop sign,01 - Functioning,2,0,0,0,,0,,,,,370083.7135,5034659.607,45.44881755,-75.66539386,6976
18--3195,3/9/2018,8:55 AM,RIVER ROCK AVE btwn RIVER MIST RD & WATERMUSIC BAY (__61W6UZ),__61W6UZ,04 - At/near private drive,03 - P.D. only,02 - Angle,03 - Snow,01 - Daylight,05 - Packed snow,10 - No control,,2,0,0,0,,0,,,,,364412.3955,5012543.829,45.2503292,-75.74055691,6977