Anom_ID,Accident_Date,Accident_Time,Location,Geo_ID,Accident_Location,Classification_of_Accident,Initial_Impact_Type,Environment_Condition,Light,Road_Surface_Condition,Traffic_Control,Traffic_Control_Condition,No__of_Vehicles,No__of_Bicycles,No__of_Motorcycles,No__of_Pedestrians,Max_Injury,No__of_Injuries,No__of_Minimal,No__of_Minor,No__of_Major,No__of_Fatal,X,Y,Latitude,Longitude,ObjectId
18--3196,3/9/2018,9:00 AM,HIGHWAY 417 btwn HWY417 IC124 RAMP65 & HWY417 IC122 RAMP51 (__3ZA2R8),__3ZA2R8,01 - Non intersection,03 - P.D. only,03 - Rear end,01 - Clear,01 - Daylight,00 - Unknown,10 - No control,,2,0,0,0,,0,,,,,365116.0393,5028650.003,45.39519104,-75.72963182,6978
18--3197,3/9/2018,9:22 AM,BLAIR RD @ INNES RD (0004165),4165,03 - At intersection,03 - P.D. only,05 - Turning movement,03 - Snow,01 - Daylight,03 - Loose snow,01 - Traffic signal,01 - Functioning,2,0,0,0,,0,,,,,375578.7347,5031439.556,45.41931054,-75.59561528,6979
18--3198,3/9/2018,9:22 AM,HWY417 IC131 RAMP66 btwn HIGHWAY 417 & TRANSIT (__6KE5F8),__6KE5F8,01 - Non intersection,03 - P.D. only,03 - Rear end,03 - Snow,01 - Daylight,02 - Wet,10 - No control,,2,0,0,0,,0,,,,,357483.6944,5022714.369,45.34239793,-75.82773937,6980
18--3199,3/9/2018,9:43 AM,MCCORDICK RD btwn POLLOCK RD & ROGER STEVENS DR (__3ZAAYD),__3ZAAYD,01 - Non intersection,03 - P.D. only,07 - SMV other,03 - Snow,01 - Daylight,04 - Slush,10 - No control,,1,0,0,0,,0,,,,,362625.4642,5000632.807,45.14330089,-75.76470162,6981
18--32,1/1/2018,7:06 AM,HIGHWAY 417 btwn HWY417 IC144 RAMP61 & HWY417 IC142 RAMP16 (__3ZA20K),__3ZA20K,01 - Non intersection,02 - Non-fatal injury,07 - SMV other,01 - Clear,03 - Dawn,06 - Ice,10 - No control,,1,0,0,0,02 - Minor,1,,1,,,348049.7875,5016449.094,45.28666612,-75.94865975,6982
18--320,1/5/2018,9:06 AM,WELLINGTON ST    W btwn FAIRMONT AVE & IRVING AVE (__3ZA31T),__3ZA31T,01 - Non intersection,03 - P.D. only,06 - SMV unattended vehicle,01 - Clear,01 - Daylight,02 - Wet,10 - No control,,1,0,0,0,,0,,,,,365619.9458,5029794.905,45.40544901,-75.72305524,6983
18--3200,3/9/2018,9:59 AM,KNOXDALE RD @ WEST HUNT CLUB RD (0005165),5165,02 - Intersection related,03 - P.D. only,03 - Rear end,02 - Rain,01 - Daylight,06 - Ice,01 - Traffic signal,01 - Functioning,2,0,0,0,,0,,,,,361863.685,5020584.477,45.3228906,-75.77209922,6984
18--3201,3/10/2018,10:50 AM,MACKENZIE KING BR/WALLER ST @ NICHOLAS ST/WALL (0011251),11251,03 - At intersection,03 - P.D. only,05 - Turning movement,01 - Clear,01 - Daylight,01 - Dry,01 - Traffic signal,01 - Functioning,2,0,0,0,,0,,,,,368372.3319,5031992.632,45.42497885,-75.68761485,6985
18--3202,3/10/2018,10:52 AM,ST. JOSEPH BLVD @ TENTH LINE RD (0009163),9163,03 - At intersection,03 - P.D. only,02 - Angle,01 - Clear,01 - Daylight,01 - Dry,01 - Traffic signal,01 - Functioning,2,0,0,0,,0,,,,,382891.1522,5038667.15,45.4835603,-75.50104608,6986
18--3203,3/10/2018,11:40 AM,MORRISON DR btwn ASHLEY ST & DRAPER AVE (__3ZABJI),__3ZABJI,04 - At/near private drive,03 - P.D. only,05 - Turning movement,01 - Clear,01 - Daylight,01 - Dry,10 - No control,,2,0,0,0,,0,,,,,360300.804,5023135.065,45.34596612,-75.79174765,6987
18--3204,3/10/2018,12:12 PM,NAVAHO DR @ WOODROFFE AVE/TRANSITWAY N BASELIN (0010359),10359,02 - Intersection related,03 - P.D. only,03 - Rear end,01 - Clear,01 - Daylight,01 - Dry,01 - Traffic signal,01 - Functioning,2,0,0,0,,0,,,,,362706.2416,5023492.801,45.34899055,-75.7610122,6988
18--3205,3/10/2018,12:23 PM,DRIVEWAY (THE) @ PRINCE OF WALES DR (0002128),2128,03 - At intersection,03 - P.D. only,04 - Sideswipe,01 - Clear,01 - Daylight,01 - Dry,11 - Roundabout,01 - Functioning,2,0,0,0,,0,,,,,366883.7117,5028137.546,45.39042559,-75.70712139,6989
18--3206,3/10/2018,12:41 PM,TENTH LINE RD btwn ST. JOSEPH BLVD & OLD TENTH LINE RD (__3ZA1TE),__3ZA1TE,01 - Non intersection,02 - Non-fatal injury,03 - Rear end,01 - Clear,01 - Daylight,01 - Dry,10 - No control,,3,0,0,0,02 - Minor,1,,1,,,382930.75,5038585.619,45.48282232,-75.50055258,6990
18--3207,3/10/2018,12:45 PM,BANK ST @ HERON RD (0002155),2155,02 - Intersection related,03 - P.D. only,03 - Rear end,01 - Clear,01 - Daylight,01 - Dry,01 - Traffic signal,01 - Functioning,2,0,0,0,,0,,,,,369995.7198,5026851.542,45.37857176,-75.66755153,6991
18--3208,3/10/2018,2:27 PM,WALKLEY RD @ GLENHAVEN PRIV (0011424),11424,03 - At intersection,02 - Non-fatal injury,05 - Turning movement,01 - Clear,01 - Daylight,02 - Wet,01 - Traffic signal,01 - Functioning,2,0,0,0,02 - Minor,2,,2,,,370213.2036,5025873.558,45.36975191,-75.66490443,6992
18--3209,3/10/2018,2:43 PM,ST. LAURENT BLVD btwn COVENTRY RD & LEMIEUX ST (__3ZA2C9),__3ZA2C9,04 - At/near private drive,03 - P.D. only,05 - Turning movement,01 - Clear,01 - Daylight,01 - Dry,10 - No control,,2,0,0,0,,0,,,,,372367.1004,5031802.758,45.422896,-75.63659776,6993
18--321,1/5/2018,9:16 PM,GREENBANK RD @ BELLMAN DR/BATEMAN DR (0000153),153,03 - At intersection,02 - Non-fatal injury,07 - SMV other,01 - Clear,07 - Dark,01 - Dry,01 - Traffic signal,01 - Functioning,1,0,0,1,02 - Minor,1,,1,,,361257.0239,5021016.792,45.32682963,-75.77978784,6994
18--3210,3/10/2018,3:26 AM,CLARENCE ST btwn SUSSEX DR & BY WARD MARKET SQ (__3ZA81R),__3ZA81R,01 - Non intersection,03 - P.D. only,06 - SMV unattended vehicle,01 - Clear,07 - Dark,01 - Dry,10 - No control,,1,0,0,0,,0,,,,,367787.4553,5032346.411,45.42821495,-75.69504294,6995
18--3211,3/10/2018,3:43 PM,TENTH LINE RD btwn DES EPINETTES AVE & INNES RD (__3ZA3Y8),__3ZA3Y8,04 - At/near private drive,02 - Non-fatal injury,07 - SMV other,01 - Clear,01 - Daylight,01 - Dry,10 - No control,,1,0,0,1,02 - Minor,1,,1,,,383943.0495,5036179.77,45.4610627,-75.48799279,6996
18--3212,3/10/2018,4:03 PM,CASTLEFRANK RD @ HAZELDEAN RD (0003608),3608,02 - Intersection related,03 - P.D. only,04 - Sideswipe,01 - Clear,01 - Daylight,01 - Dry,01 - Traffic signal,01 - Functioning,2,0,0,0,,0,,,,,352677.8782,5017676.769,45.29741302,-75.8895464,6997
18--3213,3/10/2018,4:05 PM,EAGLESON RD @ HAZELDEAN RD/ROBERTSON RD (0002715),2715,02 - Intersection related,03 - P.D. only,04 - Sideswipe,03 - Snow,01 - Daylight,03 - Loose snow,01 - Traffic signal,01 - Functioning,2,0,0,0,,0,,,,,353673.6247,5018424.46,45.30407235,-75.87677745,6998
18--3214,3/10/2018,4:39 PM,CHAMPLAIN ST @ JEANNE D'ARC BLVD (0004106),4106,03 - At intersection,03 - P.D. only,05 - Turning movement,01 - Clear,01 - Daylight,01 - Dry,01 - Traffic signal,01 - Functioning,2,0,0,0,,0,,,,,381379.7447,5038723.598,45.4842356,-75.52036855,6999
18--3215,3/10/2018,5:28 PM,CYRVILLE RD @ INNES RD (0009352),9352,03 - At intersection,03 - P.D. only,02 - Angle,01 - Clear,01 - Daylight,01 - Dry,01 - Traffic signal,01 - Functioning,2,0,0,0,,0,,,,,375048.77,5031120.261,45.41649111,-75.60243166,7000
18--3937,4/3/2018,7:20 AM,HWY 417 ST.LAURE IC115R51 @ ST. LAURENT BLVD (0002712),2712,02 - Intersection related,03 - P.D. only,03 - Rear end,01 - Clear,01 - Daylight,01 - Dry,01 - Traffic signal,01 - Functioning,2,0,0,0,,0,,,,,372530.0282,5031411.447,45.41935941,-75.63456983,7001
18--3938,4/3/2018,7:27 AM,BRONSON AVE @ MACLAREN ST (0006338),6338,03 - At intersection,03 - P.D. only,02 - Angle,01 - Clear,01 - Daylight,01 - Dry,02 - Stop sign,01 - Functioning,2,0,0,0,,0,,,,,366998.6543,5030398.868,45.41076214,-75.70536841,7002
18--3939,4/3/2018,7:31 PM,SNAKE ISLAND RD btwn SCRIVENS DR & BANK ST (__3ZA206),__3ZA206,01 - Non intersection,03 - P.D. only,07 - SMV other,01 - Clear,07 - Dark,01 - Dry,10 - No control,,1,0,0,0,,0,,,,,383525.3023,5010018.81,45.22573196,-75.49749702,7003
18--394,1/7/2018,10:55 PM,HIGHWAY 417 btwn HWY417 IC117 RAMP61 & HWY417 IC115 RAMP36 (__3ZA2RZ),__3ZA2RZ,01 - Non intersection,02 - Non-fatal injury,99 - Other,03 - Snow,07 - Dark,03 - Loose snow,10 - No control,,2,0,0,0,02 - Minor,1,,1,,,371550.8259,5031421.005,45.41953952,-75.64707903,7004
18--3940,4/3/2018,8:00 PM,ARLINGTON AVE btwn ARTHUR LANE N & CAMBRIDGE ST N (__3ZAZBY),__3ZAZBY,01 - Non intersection,03 - P.D. only,06 - SMV unattended vehicle,01 - Clear,07 - Dark,01 - Dry,10 - No control,,1,0,0,0,,0,,,,,367102.8854,5029816.849,45.40551603,-75.70411046,7005
18--3941,4/3/2018,8:35 AM,INNES RD btwn BEARBROOK RD & 173 W OF ORIENT PARK DR (__3ZA2AZA),__3ZA2AZA,04 - At/near private drive,03 - P.D. only,02 - Angle,01 - Clear,01 - Daylight,01 - Dry,10 - No control,,2,0,0,0,,0,,,,,378017.0702,5032857.454,45.43181695,-75.56425247,7006
18--3942,4/3/2018,9:02 AM,CARLING AVE @ IROQUOIS RD (0003145),3145,02 - Intersection related,03 - P.D. only,04 - Sideswipe,01 - Clear,01 - Daylight,01 - Dry,01 - Traffic signal,01 - Functioning,2,0,0,0,,0,,,,,362213.686,5026025.531,45.37182034,-75.76700336,7007
18--3943,4/3/2018,9:30 PM,HIGHWAY 417 btwn HWY417 IC155 RAMP61 & HWY417 IC145 RAMP56 (__3ZA2Q2),__3ZA2Q2,01 - Non intersection,03 - P.D. only,07 - SMV other,01 - Clear,07 - Dark,01 - Dry,10 - No control,,1,0,0,0,,0,,,,,342626.0846,5017267.921,45.29434711,-76.01773503,7008
18--3944,4/3/2018,9:57 AM,CRESTWAY DR @ STRANDHERD DR (0010538),10538,02 - Intersection related,03 - P.D. only,03 - Rear end,01 - Clear,01 - Daylight,01 - Dry,01 - Traffic signal,01 - Functioning,2,0,0,0,,0,,,,,366346.5544,5015472.527,45.27651503,-75.71555576,7009
18--3945,4/4/2018,1:35 AM,HWY417 IC122 RAMP51 btwn HIGHWAY 417 & PARKDALE AVE (__3ZAYA8),__3ZAYA8,01 - Non intersection,03 - P.D. only,07 - SMV other,03 - Snow,07 - Dark,04 - Slush,10 - No control,,1,0,0,0,,0,,,,,365223.134,5028768.958,45.39625214,-75.72824954,7010
18--3946,4/4/2018,10:12 PM,COBOURG ST @ ST. PATRICK ST (0011483),11483,03 - At intersection,03 - P.D. only,05 - Turning movement,01 - Clear,07 - Dark,01 - Dry,01 - Traffic signal,01 - Functioning,2,0,0,0,,0,,,,,368802.1135,5033235.655,45.43612392,-75.68196171,7011
18--3947,4/4/2018,11:24 AM,MAJESTIC DR @ WOODROFFE AVE (0000562),562,02 - Intersection related,03 - P.D. only,03 - Rear end,02 - Rain,01 - Daylight,02 - Wet,01 - Traffic signal,01 - Functioning,2,0,0,0,,0,,,,,363528.0418,5021572.189,45.33164071,-75.75075342,7012
18--3948,4/4/2018,11:31 AM,GLADSTONE AVE @ KENT ST (0002251),2251,02 - Intersection related,03 - P.D. only,03 - Rear end,04 - Freezing Rain,01 - Daylight,06 - Ice,01 - Traffic signal,01 - Functioning,2,0,0,0,,0,,,,,367744.3558,5030458.874,45.41123539,-75.69583482,7013
18--3949,4/4/2018,11:37 PM,JEANNE D'ARC BLVD  S btwn ST. JOSEPH BLVD & WOODCLIFFE PRIV (__4FNS33),__4FNS33,01 - Non intersection,03 - P.D. only,04 - Sideswipe,01 - Clear,07 - Dark,01 - Dry,10 - No control,,2,0,0,0,,0,,,,,379878.7532,5036446.975,45.46391539,-75.53991486,7014
18--395,1/7/2018,11:10 PM,BRITTANY DR @ MONTREAL RD (0007685),7685,02 - Intersection related,03 - P.D. only,07 - SMV other,03 - Snow,07 - Dark,03 - Loose snow,01 - Traffic signal,01 - Functioning,1,0,0,0,,0,,,,,371912.9731,5033994.582,45.44266072,-75.64210138,7015
18--3950,4/4/2018,11:55 AM,KIRKWOOD AVE @ MERIVALE RD (0002243),2243,02 - Intersection related,03 - P.D. only,03 - Rear end,02 - Rain,01 - Daylight,02 - Wet,01 - Traffic signal,01 - Functioning,3,0,0,0,,0,,,,,364854.0498,5026645.846,45.37718054,-75.73322155,7016
18--3951,4/4/2018,Unknown,RIOJA ST btwn OVERBERG WAY & TULUM CRES (__7OBPUY),__7OBPUY,01 - Non intersection,03 - P.D. only,06 - SMV unattended vehicle,01 - Clear,00 - Unknown,01 - Dry,10 - No control,,1,0,0,0,,0,,,,,354447.539,5015068.669,45.27382193,-75.86724516,7017
18--3952,4/4/2018,12:30 PM,HENRI LAUZON ST btwn LOIRE DR & JEANNE D'ARC BLVD S (__3ZADHF),__3ZADHF,01 - Non intersection,03 - P.D. only,04 - Sideswipe,02 - Rain,01 - Daylight,02 - Wet,10 - No control,,2,0,0,0,,0,,,,,380524.7408,5036268.311,45.46223819,-75.53168286,7018
18--3953,4/4/2018,12:54 AM,ROGER STEVENS DR btwn SECOND LINE RD S & DORACK DR (__3ZA39U),__3ZA39U,01 - Non intersection,03 - P.D. only,07 - SMV other,04 - Freezing Rain,07 - Dark,04 - Slush,10 - No control,,1,0,0,0,,0,,,,,370030.8756,5001567.42,45.15106554,-75.67042307,7019
18--3954,4/4/2018,2:00 AM,VIA CAMPANALE AVE btwn VIA MATTINO WAY & VIA MODUGNO PL (__8AO8W2),__8AO8W2,04 - At/near private drive,03 - P.D. only,06 - SMV unattended vehicle,01 - Clear,07 - Dark,01 - Dry,10 - No control,,1,0,0,0,,0,,,,,364038.804,5016593.328,45.28679822,-75.7448329,7020
18--3955,4/4/2018,2:04 PM,CYRVILLE RD @ ST. LAURENT BLVD (0002647),2647,02 - Intersection related,03 - P.D. only,03 - Rear end,01 - Clear,01 - Daylight,02 - Wet,01 - Traffic signal,01 - Functioning,2,0,0,0,,0,,,,,372239.9786,5032112.974,45.42569945,-75.63817952,7021
18--3956,4/4/2018,2:25 PM,GLADSTONE AVE @ PRESTON ST (0002212),2212,03 - At intersection,02 - Non-fatal injury,07 - SMV other,01 - Clear,01 - Daylight,01 - Dry,01 - Traffic signal,01 - Functioning,1,0,0,1,01 - Minimal,1,1,,,,366489.3576,5029711.862,45.40462573,-75.71196037,7022
18--3957,4/4/2018,3:10 PM,LAURIER AVE @ NICHOLAS ST (0010711),10711,02 - Intersection related,03 - P.D. only,04 - Sideswipe,01 - Clear,01 - Daylight,01 - Dry,01 - Traffic signal,01 - Functioning,2,0,0,0,,0,,,,,368373.6366,5031798.27,45.42322994,-75.68762326,7023
18--3958,4/4/2018,3:18 PM,WOODROFFE AVE btwn MEADOWLANDS DR/TALLWOOD DR & NORICE ST (__3ZBOCG),__3ZBOCG,01 - Non intersection,03 - P.D. only,03 - Rear end,03 - Snow,01 - Daylight,02 - Wet,10 - No control,,2,0,0,0,,0,,,,,363149.7363,5022503.416,45.34005138,-75.7554696,7024
18--3959,4/4/2018,3:22 PM,DES PIONNIERS PRIV @ LA CITE PRIV (0009077),9077,03 - At intersection,03 - P.D. only,02 - Angle,01 - Clear,01 - Daylight,02 - Wet,02 - Stop sign,01 - Functioning,2,0,0,0,,0,,,,,372999.4772,5033592.437,45.43893727,-75.62827004,7025
18--396,1/7/2018,11:14 AM,BATEMAN DR btwn BELLMAN DR & DUNBAR CRT (__3ZABQW),__3ZABQW,04 - At/near private drive,03 - P.D. only,02 - Angle,01 - Clear,01 - Daylight,05 - Packed snow,10 - No control,,2,0,0,0,,0,,,,,361435.0016,5020987.692,45.32655345,-75.77752092,7026
18--3960,4/4/2018,3:25 PM,CRESTWAY DR @ OLDFIELD ST (0010887),10887,02 - Intersection related,03 - P.D. only,03 - Rear end,01 - Clear,01 - Daylight,01 - Dry,02 - Stop sign,01 - Functioning,2,0,0,0,,0,,,,,366667.3068,5016365.12,45.28451837,-75.71135672,7027
18--3961,4/4/2018,3:58 PM,LAURIER AVE @ NICHOLAS ST (0010711),10711,02 - Intersection related,02 - Non-fatal injury,03 - Rear end,02 - Rain,01 - Daylight,02 - Wet,01 - Traffic signal,01 - Functioning,3,0,0,0,01 - Minimal,1,1,,,,368371.8948,5031797.573,45.42322382,-75.6876456,7028
18--3962,4/4/2018,4:00 AM,DALMENY RD S @ GORDON MURDOCK (0005292),5292,02 - Intersection related,03 - P.D. only,07 - SMV other,04 - Freezing Rain,07 - Dark,06 - Ice,02 - Stop sign,01 - Functioning,1,0,0,0,,0,,,,,377317.7249,4998780.306,45.12527684,-75.57816783,7029
18--3963,4/4/2018,4:24 PM,INNOVATION DR btwn FLAMBOROUGH WAY & FLAMBOROUGH WAY (__3G5TW2),__3G5TW2,01 - Non intersection,03 - P.D. only,07 - SMV other,01 - Clear,01 - Daylight,02 - Wet,10 - No control,,1,0,0,0,,0,,,,,349614.7872,5022438.525,45.34046266,-75.92816864,7030
18--3964,4/4/2018,4:35 PM,CONROY RD @ JOHNSTON RD (0011908),11908,02 - Intersection related,03 - P.D. only,04 - Sideswipe,01 - Clear,01 - Daylight,01 - Dry,01 - Traffic signal,01 - Functioning,2,0,0,0,,0,,,,,373396.807,5026308.46,45.37336061,-75.62420532,7031
18--3965,4/4/2018,5:07 PM,JEANNE D'ARC BLVD @ OR174 IC105 RAMP52 (0012417),12417,02 - Intersection related,02 - Non-fatal injury,03 - Rear end,03 - Snow,01 - Daylight,02 - Wet,01 - Traffic signal,01 - Functioning,2,0,0,0,02 - Minor,1,,1,,,379456.7486,5036918.316,45.46820139,-75.54523898,7032
18--3966,4/4/2018,5:10 PM,HAWTHORNE RD btwn DAVIDSON RD & LEITRIM RD (__3ZBPIY),__3ZBPIY,01 - Non intersection,03 - P.D. only,03 - Rear end,01 - Clear,01 - Daylight,01 - Dry,10 - No control,,3,0,0,0,,0,,,,,376958.0409,5022900.135,45.34233656,-75.57924134,7033
18--3967,4/4/2018,5:44 PM,HWY 417 CASTLEFR IC139R61 @ KANATA AVE (0012625),12625,02 - Intersection related,03 - P.D. only,03 - Rear end,01 - Clear,01 - Daylight,02 - Wet,01 - Traffic signal,01 - Functioning,2,0,0,0,,0,,,,,351617.4895,5019224.436,45.31141078,-75.90291967,7034
18--3968,4/4/2018,6:25 PM,ALBERT ST @ KENT ST (OTTAWA) (0003136),3136,02 - Intersection related,03 - P.D. only,04 - Sideswipe,01 - Clear,05 - Dusk,01 - Dry,01 - Traffic signal,01 - Functioning,2,0,0,0,,0,,,,,367221.6948,5031319.574,45.41902652,-75.70240257,7035
18--3969,4/4/2018,6:25 PM,SUNNYSIDE AVE @ LEONARD AVE (0007373),7373,03 - At intersection,03 - P.D. only,02 - Angle,01 - Clear,01 - Daylight,01 - Dry,02 - Stop sign,01 - Functioning,2,0,0,0,,0,,,,,368358.7173,5028353.557,45.39223688,-75.68825797,7036
18--397,1/7/2018,11:15 AM,GREENBANK RD @ IRIS ST/HWY 417 IC129 RAMP51 (0009073),9073,02 - Intersection related,03 - P.D. only,03 - Rear end,01 - Clear,01 - Daylight,01 - Dry,01 - Traffic signal,01 - Functioning,2,0,0,0,,0,,,,,360531.2312,5023312.515,45.34754454,-75.78878737,7037
18--3970,4/4/2018,6:27 AM,FALLOWFIELD RD @ SHEA RD (0000130),130,03 - At intersection,03 - P.D. only,02 - Angle,02 - Rain,03 - Dawn,02 - Wet,02 - Stop sign,01 - Functioning,2,0,0,0,,0,,,,,354014.6102,5011021.384,45.23743375,-75.87316329,7038
18--3971,4/4/2018,6:33 PM,ST. JOSEPH BLVD/OLD MONTREAL RD @ TRIM RD (0004118),4118,03 - At intersection,03 - P.D. only,03 - Rear end,03 - Snow,05 - Dusk,02 - Wet,11 - Roundabout,01 - Functioning,2,0,0,0,,0,,,,,384681.7087,5039286.279,45.48892802,-75.4780439,7039
18--3972,4/4/2018,6:38 PM,RICHMOND RD btwn BERKLEY AVE & ROOSEVELT AVE (__3ZA307),__3ZA307,01 - Non intersection,03 - P.D. only,06 - SMV unattended vehicle,01 - Clear,05 - Dusk,01 - Dry,10 - No control,,1,0,0,0,,0,,,,,362959.5297,5028102.92,45.39045091,-75.7572373,7040
18--3973,4/4/2018,6:46 AM,SHEFFIELD RD @ WALKLEY RD (0005156),5156,03 - At intersection,03 - P.D. only,05 - Turning movement,03 - Snow,01 - Daylight,02 - Wet,01 - Traffic signal,01 - Functioning,2,0,0,0,,0,,,,,375259.4773,5028785.933,45.39546688,-75.60007336,7041
18--3974,4/4/2018,6:50 AM,OTTAWA RIVER PKWY WB btwn RAMP & RIVER ST (__3ZA24N),__3ZA24N,01 - Non intersection,03 - P.D. only,03 - Rear end,03 - Snow,01 - Daylight,02 - Wet,10 - No control,,2,0,0,0,,0,,,,,364947.2127,5030355.422,45.41055054,-75.73157991,7042
18--3975,4/4/2018,6:54 PM,AVIATION PKWY SB @ LA CITE PRIV (0008822),8822,03 - At intersection,03 - P.D. only,02 - Angle,01 - Clear,01 - Daylight,01 - Dry,02 - Stop sign,01 - Functioning,2,0,0,0,,0,,,,,372463.3916,5033235.415,45.43577705,-75.6351706,7043
18--3976,4/4/2018,6:58 AM,KENT ST @ QUEEN ST (0003137),3137,03 - At intersection,02 - Non-fatal injury,07 - SMV other,02 - Rain,01 - Daylight,02 - Wet,01 - Traffic signal,01 - Functioning,1,0,0,1,01 - Minimal,1,1,,,,367179.346,5031387.974,45.41964574,-75.70293497,7044
18--3977,4/4/2018,7:23 AM,BRITANNIA RD @ MARIE ST (0002592),2592,03 - At intersection,03 - P.D. only,02 - Angle,02 - Rain,01 - Daylight,04 - Slush,02 - Stop sign,01 - Functioning,2,0,0,0,,0,,,,,360106.7256,5024895.513,45.36182193,-75.79402718,7045
18--3978,4/4/2018,7:56 AM,GLAMORGAN DR btwn CASTLEFRANK RD & UXBRIDGE CRES (__3ZBNCB),__3ZBNCB,01 - Non intersection,03 - P.D. only,06 - SMV unattended vehicle,03 - Snow,01 - Daylight,04 - Slush,10 - No control,,1,0,0,0,,0,,,,,353275.9769,5016316.352,45.28513065,-75.88205391,7046
18--3979,4/4/2018,8:24 PM,FLEWELLYN RD btwn FORESTGROVE DR & POPLARWOOD AVE (__3ZA1X5),__3ZA1X5,01 - Non intersection,03 - P.D. only,07 - SMV other,06 - Strong wind,07 - Dark,01 - Dry,10 - No control,,1,0,0,0,,0,,,,,351797.9319,5011082.69,45.23813687,-75.9013893,7047
18--398,1/7/2018,11:45 PM,STITTSVILLE MAIN ST btwn CARLETON CATHCART ST & BELL ST (__3ZA3DB),__3ZA3DB,01 - Non intersection,03 - P.D. only,07 - SMV other,03 - Snow,07 - Dark,03 - Loose snow,10 - No control,,1,0,0,0,,0,,,,,350644.03,5012878.474,45.25437208,-75.91592015,7048
18--3980,4/4/2018,8:28 AM,AMIENS ST @ TENTH LINE RD (0004168),4168,02 - Intersection related,03 - P.D. only,03 - Rear end,04 - Freezing Rain,01 - Daylight,06 - Ice,01 - Traffic signal,01 - Functioning,2,0,0,0,,0,,,,,383351.6826,5037567.528,45.47361524,-75.49533166,7049
18--3981,4/4/2018,8:31 PM,CARLING AVE @ MERIVALE RD (0002148),2148,03 - At intersection,03 - P.D. only,05 - Turning movement,01 - Clear,07 - Dark,01 - Dry,01 - Traffic signal,01 - Functioning,2,0,0,0,,0,,,,,364894.3554,5027699.847,45.38666078,-75.73257867,7050
18--3982,4/4/2018,8:40 AM,CRESTWAY DR @ STRANDHERD DR (0010538),10538,02 - Intersection related,03 - P.D. only,03 - Rear end,01 - Clear,01 - Daylight,01 - Dry,01 - Traffic signal,01 - Functioning,2,0,0,0,,0,,,,,366345.8575,5015471.83,45.27650882,-75.71556473,7051
18--3983,4/4/2018,9:23 AM,CARLING AVE @ HOLLAND AVE (0002146),2146,02 - Intersection related,03 - P.D. only,03 - Rear end,01 - Clear,01 - Daylight,01 - Dry,01 - Traffic signal,01 - Functioning,2,0,0,0,,0,,,,,365416.3503,5028039.244,45.38966963,-75.72587158,7052
18--3984,4/5/2018,1:30 PM,INNES RD @ PORTOBELLO BLVD (0009187),9187,03 - At intersection,03 - P.D. only,05 - Turning movement,01 - Clear,01 - Daylight,01 - Dry,01 - Traffic signal,01 - Functioning,2,0,0,0,,0,,,,,385631.4213,5036893.248,45.46728858,-75.46628965,7053
18--3985,4/5/2018,10:00 PM,BANK ST @ SOMERSET ST (0010858),10858,03 - At intersection,02 - Non-fatal injury,07 - SMV other,01 - Clear,07 - Dark,01 - Dry,01 - Traffic signal,01 - Functioning,1,0,0,1,01 - Minimal,1,1,,,,367693.6576,5030916.261,45.41535537,-75.6964241,7054
18--3986,4/5/2018,10:01 AM,BRONSON AVE @ SOMERSET ST (0002218),2218,02 - Intersection related,03 - P.D. only,04 - Sideswipe,01 - Clear,01 - Daylight,01 - Dry,01 - Traffic signal,01 - Functioning,2,0,0,0,,0,,,,,366967.6965,5030476.572,45.41146405,-75.70575408,7055
18--3987,4/5/2018,10:22 PM,FRANKTOWN RD btwn ASHTON STATION RD & STARLIGHT PL (__5A65CP),__5A65CP,01 - Non intersection,03 - P.D. only,07 - SMV other,01 - Clear,07 - Dark,01 - Dry,10 - No control,,1,0,0,0,,0,,,,,346275.5025,4996679.985,45.10888012,-75.97292195,7056
18--3988,4/5/2018,11:11 AM,KING EDWARD AVE SB btwn MURRAY ST & CLARENCE ST (__3ZA3WZ),__3ZA3WZ,01 - Non intersection,03 - P.D. only,04 - Sideswipe,01 - Clear,01 - Daylight,01 - Dry,10 - No control,,3,0,0,0,,0,,,,,368318.8834,5032711.047,45.43144775,-75.68820513,7057
18--3989,4/5/2018,11:15 AM,CARLING AVE WB @ SAIGON CRT (0002102),2102,02 - Intersection related,03 - P.D. only,05 - Turning movement,01 - Clear,01 - Daylight,01 - Dry,01 - Traffic signal,00 - Unknown,2,0,0,0,,0,,,,,364065.5729,5027195.686,45.38219505,-75.74322205,7058
18--399,1/7/2018,Unknown,ARLINGTON AVE btwn BELL ST N & ARTHUR LANE N (__3ZAAJI),__3ZAAJI,01 - Non intersection,03 - P.D. only,06 - SMV unattended vehicle,01 - Clear,00 - Unknown,03 - Loose snow,10 - No control,,1,0,0,0,,0,,,,,367064.8921,5029800.644,45.40537361,-75.70459781,7059
18--3990,4/5/2018,11:43 AM,BOUNDARY RD btwn HWY417 IC96 RAMP16 & HWY417 IC96 RAMP15 (__3ZA3XX),__3ZA3XX,04 - At/near private drive,03 - P.D. only,05 - Turning movement,01 - Clear,01 - Daylight,01 - Dry,10 - No control,,2,0,0,0,,0,,,,,387330.6681,5024050.206,45.35154034,-75.44671261,7060