Anom_ID,Accident_Date,Accident_Time,Location,Geo_ID,Accident_Location,Classification_of_Accident,Initial_Impact_Type,Environment_Condition,Light,Road_Surface_Condition,Traffic_Control,Traffic_Control_Condition,No__of_Vehicles,No__of_Bicycles,No__of_Motorcycles,No__of_Pedestrians,Max_Injury,No__of_Injuries,No__of_Minimal,No__of_Minor,No__of_Major,No__of_Fatal,X,Y,Latitude,Longitude,ObjectId
18--3991,4/5/2018,11:50 AM,HWY417 IC126 RAMP36 btwn HWY417 IC126 RAMP16 & MAITLAND AVE (__3ZAY52),__3ZAY52,01 - Non intersection,03 - P.D. only,03 - Rear end,01 - Clear,01 - Daylight,01 - Dry,10 - No control,,2,0,0,0,,0,,,,,363095.2659,5025972.483,45.37127024,-75.7557555,7061
18--3992,4/5/2018,11:51 AM,INNES RD @ 215 W OF CYRVILLE RD/HOME DEPOT W (0012457),12457,02 - Intersection related,03 - P.D. only,03 - Rear end,01 - Clear,01 - Daylight,01 - Dry,01 - Traffic signal,01 - Functioning,2,0,0,0,,0,,,,,374864.234,5031000.784,45.41543462,-75.60480617,7062
18--3993,4/5/2018,11:59 AM,BANK ST @ DAVIDSON RD/LESTER RD (0008797),8797,03 - At intersection,03 - P.D. only,05 - Turning movement,01 - Clear,01 - Daylight,01 - Dry,01 - Traffic signal,01 - Functioning,2,0,0,0,,0,,,,,373671.6928,5022923.513,45.34287725,-75.62116782,7063
18--3994,4/5/2018,Unknown,SUMMERFIELDS CRES btwn ASHMONT ST & ASHMONT ST (__3ZA19J),__3ZA19J,01 - Non intersection,03 - P.D. only,06 - SMV unattended vehicle,01 - Clear,00 - Unknown,01 - Dry,10 - No control,,1,0,0,0,,0,,,,,380499.3298,5034822.65,45.44923402,-75.53223028,7064
18--3995,4/5/2018,12:15 PM,PRESTWICK DR btwn SUMMERLANDS CRES & SUMMERLANDS CRES (__3ZA6RK),__3ZA6RK,01 - Non intersection,03 - P.D. only,06 - SMV unattended vehicle,01 - Clear,01 - Daylight,01 - Dry,10 - No control,,1,0,0,0,,0,,,,,383588.1707,5036312.897,45.46230057,-75.4925086,7065
18--3996,4/5/2018,12:15 PM,HIGHWAY 417 btwn HWY417 IC122 RAMP61 & HWY417 IC121B RAMP16 (__3ZA2Y4),__3ZA2Y4,01 - Non intersection,02 - Non-fatal injury,99 - Other,01 - Clear,01 - Daylight,01 - Dry,10 - No control,,2,0,0,0,01 - Minimal,1,1,,,,366202.2213,5029401.765,45.4018608,-75.71566661,7066
18--3997,4/5/2018,2:23 AM,2ND LINE RD btwn GOWAN GT & DALMENY RD (__3ZA728),__3ZA728,01 - Non intersection,02 - Non-fatal injury,07 - SMV other,01 - Clear,07 - Dark,02 - Wet,10 - No control,,1,0,0,0,02 - Minor,1,,1,,,377078.3238,4999331.916,45.13026468,-75.58113097,7067
18--3998,4/5/2018,2:26 PM,"EGLISE, RUE DE L @ MONTREAL RD (0011441)",11441,02 - Intersection related,03 - P.D. only,03 - Rear end,01 - Clear,01 - Daylight,01 - Dry,01 - Traffic signal,01 - Functioning,2,0,0,0,,0,,,,,371158.0586,5033631.496,45.4394659,-75.65179927,7068
18--3999,4/5/2018,2:35 AM,BUNCHBERRY WAY @ CREEKVIEW WAY (0014231),14231,03 - At intersection,03 - P.D. only,02 - Angle,01 - Clear,07 - Dark,01 - Dry,02 - Stop sign,01 - Functioning,2,0,0,0,,0,,,,,374223.1041,5019619.011,45.31309021,-75.61459579,7069
18--40,1/2/2018,1:00 PM,REGIONAL ROAD 174 btwn OR174 IC102 RAMP36 & OR174 IC102 RAMP26 (__6K3NTG),__6K3NTG,01 - Non intersection,03 - P.D. only,04 - Sideswipe,03 - Snow,01 - Daylight,04 - Slush,10 - No control,,2,0,0,0,,0,,,,,381268.7756,5038080.679,45.47846333,-75.521888,7070
18--400,1/7/2018,Unknown,SANDALWOOD DR btwn BAYCREST DR & HERON RD (__3ZA9YZ),__3ZA9YZ,01 - Non intersection,03 - P.D. only,06 - SMV unattended vehicle,03 - Snow,00 - Unknown,03 - Loose snow,10 - No control,,1,0,0,0,,0,,,,,371413.2659,5026763.917,45.37765001,-75.64946546,7071
18--4000,4/5/2018,3:47 PM,BANK ST btwn ST. PAUL AVE & KITCHENER AVE (__3ZA4TR),__3ZA4TR,01 - Non intersection,03 - P.D. only,03 - Rear end,01 - Clear,01 - Daylight,01 - Dry,10 - No control,,2,0,0,0,,0,,,,,370524.9786,5025527.492,45.36660895,-75.66097063,7072
18--4001,4/5/2018,4:00 PM,OTTAWA RIVER PKWY btwn TRANSITWAY - TIME POINT & VIMY PLACE PRIV (__5VHJ2QA),__5VHJ2QA,01 - Non intersection,03 - P.D. only,04 - Sideswipe,00 - Unknown,01 - Daylight,00 - Unknown,10 - No control,,2,0,0,0,,0,,,,,365650.0956,5030463.838,45.41146528,-75.72258756,7073
18--4002,4/5/2018,4:16 PM,CONROY RD @ HUNT CLUB RD (0002257),2257,02 - Intersection related,03 - P.D. only,03 - Rear end,01 - Clear,01 - Daylight,01 - Dry,01 - Traffic signal,01 - Functioning,2,0,0,0,,0,,,,,373764.7853,5025404.523,45.36519125,-75.61963399,7074
18--4003,4/5/2018,4:16 PM,HIGHWAY 417 btwn HWY417 IC124 RAMP65 & HWY417 IC122 RAMP51 (__3ZA2R8),__3ZA2R8,01 - Non intersection,03 - P.D. only,03 - Rear end,01 - Clear,01 - Daylight,01 - Dry,10 - No control,,2,0,0,0,,0,,,,,365133.874,5028679.218,45.39545237,-75.72940048,7075
18--4004,4/5/2018,4:31 PM,FISHER AVE @ MEADOWLANDS DR (0002120),2120,02 - Intersection related,03 - P.D. only,04 - Sideswipe,01 - Clear,01 - Daylight,01 - Dry,01 - Traffic signal,01 - Functioning,2,0,0,0,,0,,,,,366575.0642,5025045.446,45.36263085,-75.7114496,7076
18--4005,4/5/2018,4:50 PM,PALLADIUM DR btwn HWY417 IC142 RAMP16 & HWY417 IC142 RAMP35 (__3ZAZW5),__3ZAZW5,01 - Non intersection,02 - Non-fatal injury,07 - SMV other,01 - Clear,01 - Daylight,01 - Dry,10 - No control,,1,0,0,0,02 - Minor,1,,1,,,348907.7251,5017221.771,45.2935656,-75.93765474,7077
18--4006,4/5/2018,5:54 PM,TERRY FOX DR N @ FLAMBOROUGH WAY/INNOVATION DR (0011795),11795,02 - Intersection related,03 - P.D. only,05 - Turning movement,01 - Clear,01 - Daylight,01 - Dry,01 - Traffic signal,01 - Functioning,2,0,0,0,,0,,,,,349384.9025,5022956.245,45.34513588,-75.93105513,7078
18--4007,4/5/2018,5:55 PM,CARLING AVE @ HOLLAND AVE (0002146),2146,02 - Intersection related,03 - P.D. only,03 - Rear end,01 - Clear,01 - Daylight,01 - Dry,01 - Traffic signal,01 - Functioning,2,0,0,0,,0,,,,,365415.6534,5028038.547,45.38966342,-75.72588056,7079
18--4008,4/5/2018,5:57 AM,WEST HUNT CLUB RD @ ANTARES DR/LASER ST (0000116),116,02 - Intersection related,03 - P.D. only,04 - Sideswipe,01 - Clear,03 - Dawn,01 - Dry,01 - Traffic signal,01 - Functioning,3,0,0,0,,0,,,,,367105.9691,5022080.805,45.33590861,-75.70504684,7080
18--4009,4/5/2018,6:30 PM,STRANDHERD DR @ WOODROFFE AVE (0009688),9688,02 - Intersection related,02 - Non-fatal injury,03 - Rear end,01 - Clear,01 - Daylight,01 - Dry,01 - Traffic signal,01 - Functioning,2,0,0,0,01 - Minimal,1,1,,,,366106.1303,5015395.177,45.27584004,-75.71862937,7081
18--401,1/7/2018,Unknown,VIA MATTINO WAY SOUTH LEG btwn VIA CAMPANALE AVE & VIA MATTINO WAY (e___2I8T),e___2I8T,01 - Non intersection,03 - P.D. only,06 - SMV unattended vehicle,03 - Snow,00 - Unknown,03 - Loose snow,10 - No control,,1,0,0,0,,0,,,,,364128.232,5016574.43,45.28662063,-75.74369524,7082
18--4010,4/5/2018,6:43 PM,ACACIA AVE @ CRESCENT RD/THOROLD RD (0005894),5894,03 - At intersection,03 - P.D. only,02 - Angle,01 - Clear,05 - Dusk,01 - Dry,03 - Yield sign,01 - Functioning,2,0,0,0,,0,,,,,369039.6999,5035181.695,45.45361182,-75.67867126,7083
18--4011,4/5/2018,6:49 AM,EMERALD LINKS DR E @ MITCH OWENS RD (0001575),1575,03 - At intersection,03 - P.D. only,02 - Angle,01 - Clear,01 - Daylight,01 - Dry,02 - Stop sign,01 - Functioning,2,0,0,0,,0,,,,,374629.7494,5013997.444,45.26246881,-75.6102014,7084
18--4012,4/5/2018,7:22 AM,HUNT CLUB RD btwn WEST HUNT CLUB RD & TURN LANE (__3ZBOEO),__3ZBOEO,01 - Non intersection,03 - P.D. only,03 - Rear end,06 - Strong wind,01 - Daylight,01 - Dry,10 - No control,,3,0,0,0,,0,,,,,367910.919,5021906.474,45.33426807,-75.69479984,7085
18--4013,4/5/2018,7:25 AM,BRIAN COBURN BLVD @ NAVAN RD (0017228),17228,03 - At intersection,03 - P.D. only,02 - Angle,01 - Clear,01 - Daylight,01 - Dry,11 - Roundabout,01 - Functioning,2,0,0,0,,0,,,,,381168.997,5032906.816,45.43192398,-75.52396751,7086
18--4014,4/5/2018,7:29 AM,REGIONAL ROAD 174 btwn OR174 IC105 RAMP63 & OR174 IC102 RAMP36 (__3ZA27F),__3ZA27F,01 - Non intersection,03 - P.D. only,03 - Rear end,01 - Clear,01 - Daylight,01 - Dry,10 - No control,,2,0,0,0,,0,,,,,379830.6813,5037270.098,45.47132638,-75.54040384,7087
18--4015,4/5/2018,7:30 AM,HENNESSY CRES E @ VALIN ST E (0009170),9170,03 - At intersection,02 - Non-fatal injury,02 - Angle,01 - Clear,01 - Daylight,01 - Dry,02 - Stop sign,01 - Functioning,2,0,0,0,01 - Minimal,2,2,,,,385265.7583,5037698.58,45.47457639,-75.47083329,7088
18--4016,4/5/2018,7:35 PM,MARCH RD @ TERON RD (0011926),11926,02 - Intersection related,02 - Non-fatal injury,07 - SMV other,01 - Clear,01 - Daylight,01 - Dry,01 - Traffic signal,01 - Functioning,1,0,0,0,02 - Minor,2,1,1,,,351414.3549,5021780.005,45.3344199,-75.90526962,7089
18--4017,4/5/2018,7:59 AM,EDISON AVE @ KENWOOD AVE (0006254),6254,03 - At intersection,02 - Non-fatal injury,02 - Angle,01 - Clear,01 - Daylight,01 - Dry,02 - Stop sign,01 - Functioning,3,0,0,0,01 - Minimal,1,1,,,,363311.8354,5027898.344,45.38858082,-75.7527626,7090
18--4018,4/5/2018,8:00 AM,BRONSON AVE @ POWELL AVE (0007212),7212,02 - Intersection related,03 - P.D. only,07 - SMV other,01 - Clear,01 - Daylight,01 - Dry,01 - Traffic signal,01 - Functioning,1,0,0,0,,0,,,,,367387.5305,5029476.517,45.40242843,-75.70051781,7091
18--4019,4/5/2018,8:12 AM,CARLING AVE @ MERIVALE RD EXTENSION (0008794),8794,02 - Intersection related,03 - P.D. only,03 - Rear end,01 - Clear,01 - Daylight,01 - Dry,02 - Stop sign,01 - Functioning,2,0,0,0,,0,,,,,364950.3497,5027736.635,45.38698699,-75.73185919,7092
18--402,1/7/2018,Unknown,CAYMAN RD btwn CAMPOBELLO DR & GRENADINE ST (__7JQ6FH),__7JQ6FH,01 - Non intersection,03 - P.D. only,06 - SMV unattended vehicle,03 - Snow,00 - Unknown,03 - Loose snow,10 - No control,,1,0,0,0,,0,,,,,349695.847,5016446.8,45.28654226,-75.92767732,7093
18--4020,4/5/2018,8:20 AM,HIGHWAY 417 btwn HWY417 IC119A RAMP67 & HWY417 IC118 RAMP76 (__3ZA2YS),__3ZA2YS,01 - Non intersection,03 - P.D. only,03 - Rear end,01 - Clear,01 - Daylight,01 - Dry,10 - No control,,2,0,0,0,,0,,,,,369165.4018,5030861.834,45.41473182,-75.67762904,7094
18--4021,4/5/2018,8:23 AM,AIRPORT PKWY btwn RAMP & AIRPORT PKWY (2) (__3ZA22Z),__3ZA22Z,01 - Non intersection,03 - P.D. only,03 - Rear end,01 - Clear,01 - Daylight,01 - Dry,10 - No control,,2,0,0,0,,0,,,,,371027.9357,5023674.427,45.34988832,-75.65479898,7095
18--4022,4/5/2018,8:28 PM,"EGLISE, RUE DE L @ MONTREAL RD (0011441)",11441,03 - At intersection,02 - Non-fatal injury,05 - Turning movement,01 - Clear,07 - Dark,01 - Dry,01 - Traffic signal,01 - Functioning,2,0,0,0,02 - Minor,1,,1,,,371157.3618,5033632.89,45.43947851,-75.65180798,7096
18--4023,4/5/2018,8:38 AM,SMYTH RD E/LANCASTER RD @ ST. LAURENT BLVD N/R (0002256),2256,02 - Intersection related,03 - P.D. only,03 - Rear end,01 - Clear,01 - Daylight,01 - Dry,01 - Traffic signal,01 - Functioning,2,0,0,0,,0,,,,,373364.381,5029424.551,45.401401,-75.62418637,7097
18--4024,4/5/2018,8:39 AM,MEADOWLANDS DR btwn MERIVALE RD & GRANT CARMAN DR (__3ZA4HY),__3ZA4HY,01 - Non intersection,03 - P.D. only,04 - Sideswipe,01 - Clear,01 - Daylight,01 - Dry,10 - No control,,2,0,0,0,,0,,,,,364960.0984,5023790.447,45.35147901,-75.73221527,7098
18--4025,4/5/2018,8:42 AM,MEADOWLANDS DR btwn TIVERTON DR & EAGLE LANE (__3ZA4H0),__3ZA4H0,01 - Non intersection,02 - Non-fatal injury,03 - Rear end,01 - Clear,01 - Daylight,06 - Ice,10 - No control,,2,0,0,0,01 - Minimal,1,1,,,,365253.4377,5024402.496,45.35696091,-75.72839707,7099
18--4026,4/5/2018,8:58 AM,LABELLE ST/RAMP @ LEMIEUX ST/HWY417 IC115 RAMP (0012538),12538,02 - Intersection related,03 - P.D. only,04 - Sideswipe,01 - Clear,01 - Daylight,01 - Dry,02 - Stop sign,01 - Functioning,2,0,0,0,,0,,,,,372539.9782,5031689.266,45.42185813,-75.63440451,7100
18--3487,3/18/2018,8:54 PM,RIDGETOP RD btwn DUNHAVEN DR & THOMAS A. DOLAN PKWY (__3ZAC8R),__3ZAC8R,01 - Non intersection,02 - Non-fatal injury,07 - SMV other,01 - Clear,07 - Dark,01 - Dry,10 - No control,,1,0,0,0,02 - Minor,1,,1,,,340053.8919,5029697.503,45.40632714,-76.04964209,7101
18--3488,3/19/2018,1:50 PM,RICHMOND RD @ WEST HUNT CLUB RD (0000598),598,02 - Intersection related,03 - P.D. only,03 - Rear end,01 - Clear,01 - Daylight,01 - Dry,01 - Traffic signal,01 - Functioning,2,0,0,0,,0,,,,,357144.602,5018153.159,45.30138107,-75.8325481,7102
18--3489,3/19/2018,10:30 AM,780 W OF TERRY FOX DR @ HAZELDEAN RD (0013520),13520,03 - At intersection,03 - P.D. only,05 - Turning movement,01 - Clear,01 - Daylight,01 - Dry,01 - Traffic signal,01 - Functioning,2,0,0,0,,0,,,,,351618.5658,5016697.734,45.28867479,-75.90314454,7103
18--349,1/6/2018,3:30 PM,HWY 417 CASTLEFR IC139R61 @ KANATA AVE (0012625),12625,02 - Intersection related,03 - P.D. only,03 - Rear end,01 - Clear,01 - Daylight,01 - Dry,01 - Traffic signal,01 - Functioning,2,0,0,0,,0,,,,,351616.095,5019224.699,45.31141324,-75.90293743,7104
18--3490,3/19/2018,10:37 AM,RICHMOND RD @ LYNHAR RD/STAFFORD RD (0000155),155,02 - Intersection related,03 - P.D. only,03 - Rear end,01 - Clear,01 - Daylight,01 - Dry,01 - Traffic signal,01 - Functioning,2,0,0,0,,0,,,,,358136.619,5021087.869,45.32771324,-75.81958373,7105
18--3491,3/19/2018,11:15 AM,HERON RD EB btwn RIVERSIDE DR & BRONSON AVE RAMP 35 (__5FD4WD),__5FD4WD,01 - Non intersection,03 - P.D. only,04 - Sideswipe,01 - Clear,01 - Daylight,01 - Dry,10 - No control,,2,0,0,0,,0,,,,,368383.1378,5026662.03,45.37701479,-75.68816401,7106
18--3492,3/19/2018,11:16 AM,BASELINE RD @ CEDARVIEW RD (0010259),10259,03 - At intersection,03 - P.D. only,07 - SMV other,01 - Clear,01 - Daylight,01 - Dry,01 - Traffic signal,01 - Functioning,1,0,0,0,,0,,,,,358968.0133,5021673.793,45.33292174,-75.80891427,7107
18--3493,3/19/2018,11:36 PM,PRINCESS PATRICIA WAY @ QUEEN ELIZABETH DRWY (0015088),15088,02 - Intersection related,03 - P.D. only,04 - Sideswipe,01 - Clear,07 - Dark,01 - Dry,02 - Stop sign,01 - Functioning,2,0,0,0,,0,,,,,368968.6932,5029417.992,45.40175869,-75.68032998,7108
18--3494,3/19/2018,Unknown,ATHLONE AVE btwn SCOTT ST & RICHMOND RD (__3ZA0KB),__3ZA0KB,01 - Non intersection,03 - P.D. only,06 - SMV unattended vehicle,01 - Clear,00 - Unknown,01 - Dry,10 - No control,,1,0,0,0,,0,,,,,363399.2751,5028558.938,45.39451743,-75.75156758,7109
18--3495,3/19/2018,12:22 PM,TERRY FOX DR btwn EAGLESON RD & HOPE SIDE RD (__51NQ53),__51NQ53,01 - Non intersection,03 - P.D. only,03 - Rear end,01 - Clear,01 - Daylight,01 - Dry,10 - No control,,2,0,0,0,,0,,,,,355188.386,5014616.026,45.26969625,-75.85784963,7110
18--3496,3/19/2018,12:52 PM,BRONSON/HERON RAMP 42/BRONSON/HERON RAMP 52 @  (0002516),2516,02 - Intersection related,03 - P.D. only,03 - Rear end,01 - Clear,01 - Daylight,01 - Dry,02 - Stop sign,01 - Functioning,2,0,0,0,,0,,,,,368751.2521,5026894.246,45.3790707,-75.68343429,7111
18--3497,3/19/2018,2:30 PM,BANK ST @ RIVERSIDE DR S (0002704),2704,03 - At intersection,03 - P.D. only,02 - Angle,01 - Clear,01 - Daylight,01 - Dry,01 - Traffic signal,01 - Functioning,2,0,0,0,,0,,,,,369304.7168,5027894.553,45.38802041,-75.67623736,7112
18--3498,3/19/2018,2:34 PM,FOURTH AVE btwn PERCY ST & LYON ST S (__3ZA91Y),__3ZA91Y,04 - At/near private drive,03 - P.D. only,06 - SMV unattended vehicle,01 - Clear,01 - Daylight,01 - Dry,10 - No control,,1,0,0,0,,0,,,,,367998.2839,5029260.535,45.40043022,-75.6927446,7113
18--3499,3/19/2018,2:39 PM,GEORGE ST @ SUSSEX DR (0002109),2109,02 - Intersection related,03 - P.D. only,05 - Turning movement,01 - Clear,01 - Daylight,01 - Dry,01 - Traffic signal,01 - Functioning,2,0,0,0,,0,,,,,367869.216,5032130.693,45.42626662,-75.6940258,7114
18--35,1/1/2018,8:35 AM,HWY417 IC126 RAMP25 btwn HWY417 IC126 RAMP55 & HIGHWAY 417 (__3ZAYAC),__3ZAYAC,01 - Non intersection,03 - P.D. only,07 - SMV other,01 - Clear,01 - Daylight,06 - Ice,10 - No control,,1,0,0,0,,0,,,,,363310.4161,5025991.169,45.37142045,-75.75300674,7115
18--350,1/6/2018,3:47 PM,ST. JOSEPH BLVD @ DUFORD DR/PLACE D'ORLEANS DR (0003629),3629,03 - At intersection,02 - Non-fatal injury,05 - Turning movement,01 - Clear,01 - Daylight,01 - Dry,01 - Traffic signal,01 - Functioning,2,0,0,0,01 - Minimal,1,1,,,,381996.8135,5037996.902,45.47762946,-75.51259022,7116
18--3500,3/19/2018,2:42 PM,PROSPECT AVE btwn KILBORN AVE & ORCHARD AVE (__3ZA87E),__3ZA87E,01 - Non intersection,03 - P.D. only,06 - SMV unattended vehicle,01 - Clear,01 - Daylight,01 - Dry,10 - No control,,1,0,0,0,,0,,,,,371008.7871,5027740.643,45.38647657,-75.65449839,7117
18--3501,3/19/2018,2:44 PM,CAMPEAU DR @ HUNTMAR DR (0011612),11612,03 - At intersection,03 - P.D. only,04 - Sideswipe,01 - Clear,01 - Daylight,01 - Dry,11 - Roundabout,01 - Functioning,2,0,0,0,,0,,,,,349053.6082,5018056.464,45.30106727,-75.93572042,7118
18--3502,3/19/2018,3:22 PM,RIVERSIDE DR @ WALKLEY RD (0002158),2158,02 - Intersection related,03 - P.D. only,03 - Rear end,01 - Clear,01 - Daylight,01 - Dry,01 - Traffic signal,01 - Functioning,2,0,0,0,,0,,,,,368419.0723,5024853.529,45.36073911,-75.68793813,7119
18--3503,3/19/2018,3:34 PM,BRIAN COBURN BLVD btwn FERN CASEY ST & MER BLEUE RD (e___2IA9),e___2IA9,01 - Non intersection,03 - P.D. only,01 - Approaching,01 - Clear,01 - Daylight,01 - Dry,10 - No control,,2,0,0,0,,0,,,,,383104.734,5034420.095,45.44532513,-75.49899088,7120
18--3504,3/19/2018,4:05 PM,PORTRUSH AVE btwn LONGFIELDS DR & HAYLOCK WAY (__4VGUK7),__4VGUK7,04 - At/near private drive,03 - P.D. only,06 - SMV unattended vehicle,01 - Clear,01 - Daylight,01 - Dry,10 - No control,,1,0,0,0,,0,,,,,364559.0165,5015428.113,45.27626959,-75.7383422,7121
18--3505,3/19/2018,4:14 PM,INDUSTRIAL AVE @ RIVERSIDE DR (0011905),11905,02 - Intersection related,03 - P.D. only,03 - Rear end,01 - Clear,01 - Daylight,01 - Dry,01 - Traffic signal,01 - Functioning,2,0,0,0,,0,,,,,370684.4573,5030592.553,45.41216756,-75.65825876,7122
18--3506,3/19/2018,4:15 PM,INNES RD @ 215 W OF CYRVILLE RD/HOME DEPOT W (0012457),12457,03 - At intersection,02 - Non-fatal injury,02 - Angle,01 - Clear,01 - Daylight,01 - Dry,01 - Traffic signal,01 - Functioning,2,0,0,0,02 - Minor,2,,2,,,374865.4947,5031001.794,45.41544359,-75.60478992,7123
18--3507,3/19/2018,4:18 PM,BLACKBURN BYPASS EB btwn 1700 W OF NAVAN RD & NAVAN RD (__3ZA3J6B),__3ZA3J6B,01 - Non intersection,02 - Non-fatal injury,03 - Rear end,01 - Clear,01 - Daylight,01 - Dry,10 - No control,,3,0,0,0,02 - Minor,1,,1,,,379519.1408,5033167.245,45.43444536,-75.54501097,7124
18--3508,3/19/2018,4:24 PM,OGILVIE RD @ 240 W OF BLAIR RD (0012431),12431,02 - Intersection related,03 - P.D. only,03 - Rear end,01 - Clear,01 - Daylight,01 - Dry,01 - Traffic signal,01 - Functioning,2,0,0,0,,0,,,,,374298.7415,5033076.81,45.43417,-75.61173754,7125
18--3509,3/19/2018,4:56 PM,MITCH OWENS RD/BRIDGE ST @ RIVER RD (0003573),3573,02 - Intersection related,03 - P.D. only,03 - Rear end,01 - Clear,01 - Daylight,01 - Dry,01 - Traffic signal,01 - Functioning,2,0,0,0,,0,,,,,369497.606,5010772.694,45.23394357,-75.67600981,7126
18--351,1/6/2018,3:51 PM,HIGHWAY 417 btwn HWY417 IC124 RAMP67 & HWY417 IC123 RAMP62 (__3ZA2YZ),__3ZA2YZ,01 - Non intersection,03 - P.D. only,03 - Rear end,01 - Clear,01 - Daylight,01 - Dry,10 - No control,,2,0,0,0,,0,,,,,364720.9518,5027963.719,45.38904991,-75.73476085,7127
18--3510,3/19/2018,5:01 PM,KENT ST btwn SPARKS ST & QUEEN ST (__3ZA1Z0),__3ZA1Z0,01 - Non intersection,03 - P.D. only,06 - SMV unattended vehicle,01 - Clear,01 - Daylight,01 - Dry,10 - No control,,1,0,0,0,,0,,,,,367163.7401,5031414.462,45.41988546,-75.70313101,7128
18--3511,3/19/2018,5:20 PM,INNES RD @ VISENEAU DR (0012442),12442,02 - Intersection related,03 - P.D. only,03 - Rear end,01 - Clear,05 - Dusk,01 - Dry,01 - Traffic signal,01 - Functioning,2,0,0,0,,0,,,,,381798.4027,5035071.465,45.45133074,-75.51558593,7129
18--3512,3/19/2018,5:41 PM,RIVERSIDE DR btwn RIVERGATE WAY & MALHOTRA CRT (__3ZA37M),__3ZA37M,01 - Non intersection,03 - P.D. only,03 - Rear end,01 - Clear,01 - Daylight,01 - Dry,10 - No control,,2,0,0,0,,0,,,,,368126.3807,5023195.998,45.34585153,-75.6918861,7130
18--3513,3/19/2018,6:34 PM,CARLING AVE @ RIFLE RD (0000579),579,03 - At intersection,03 - P.D. only,05 - Turning movement,01 - Clear,05 - Dusk,01 - Dry,02 - Stop sign,00 - Unknown,2,0,0,0,,0,,,,,353889.5926,5023315.198,45.34806499,-75.87353876,7131
18--3514,3/19/2018,6:38 AM,NAVAN RD btwn ORLEANS BLVD & PAGE RD (__3ZA3J1),__3ZA3J1,04 - At/near private drive,03 - P.D. only,03 - Rear end,01 - Clear,01 - Daylight,01 - Dry,10 - No control,,3,0,0,0,,0,,,,,381181.6084,5032894.273,45.43180975,-75.5238083,7132
18--3515,3/19/2018,7:10 AM,CEDARVIEW RD @ HWY 416 WESTHUNT IC72R24 (0005514),5514,03 - At intersection,03 - P.D. only,02 - Angle,01 - Clear,01 - Daylight,01 - Dry,02 - Stop sign,01 - Functioning,2,0,0,0,,0,,,,,359607.886,5019743.776,45.31550568,-75.80096488,7133
18--3516,3/19/2018,7:50 AM,HIGHWAY 417 btwn HWY417 IC130 RAMP25 & HIGHWAY 417 (__3ZA2UW),__3ZA2UW,01 - Non intersection,03 - P.D. only,04 - Sideswipe,01 - Clear,01 - Daylight,01 - Dry,10 - No control,,2,0,0,0,,0,,,,,359649.1304,5023116.379,45.34584925,-75.80006518,7134
18--3517,3/19/2018,8:32 PM,INNES RD btwn HWY417 IC112 RAMP66 & CYRVILLE RD (__3ZA3RCB),__3ZA3RCB,04 - At/near private drive,03 - P.D. only,02 - Angle,01 - Clear,07 - Dark,01 - Dry,10 - No control,,2,0,0,0,,0,,,,,374964.8191,5031062.377,45.41597873,-75.60351241,7135
18--3518,3/19/2018,8:41 AM,MONTREAL RD @ VANIER PKWY (0004630),4630,02 - Intersection related,03 - P.D. only,04 - Sideswipe,01 - Clear,01 - Daylight,01 - Dry,01 - Traffic signal,01 - Functioning,2,0,0,0,,0,,,,,370072.7099,5033065.592,45.43447631,-75.66574594,7136
18--3519,3/19/2018,8:50 AM,HWY 417 TERRYFO IC140R52 @ TERRY FOX DR (0003180),3180,03 - At intersection,02 - Non-fatal injury,02 - Angle,01 - Clear,01 - Daylight,01 - Dry,01 - Traffic signal,01 - Functioning,2,0,0,0,01 - Minimal,1,1,,,,351052.6054,5018433.459,45.3043308,-75.91019728,7137
18--352,1/6/2018,3:58 PM,PRINCE OF WALES DR btwn RIDEAU SHORE CRT & COLONNADE RD (__3ZBPHP),__3ZBPHP,01 - Non intersection,03 - P.D. only,04 - Sideswipe,01 - Clear,01 - Daylight,01 - Dry,10 - No control,,2,0,0,0,,0,,,,,367366.219,5023330.796,45.34713263,-75.70156859,7138
18--3520,3/20/2018,1:37 PM,CYRVILLE RD @ OGILVIE RD (0003554),3554,02 - Intersection related,02 - Non-fatal injury,03 - Rear end,01 - Clear,01 - Daylight,01 - Dry,01 - Traffic signal,01 - Functioning,2,0,0,0,01 - Minimal,1,1,,,,372453.3707,5032005.57,45.42471247,-75.63546763,7139
18--3521,3/20/2018,10:02 PM,PRINCE OF WALES DR btwn DYNES RD & 187 N OF MEADOWLANDS DR (__3ZA36WB),__3ZA36WB,01 - Non intersection,03 - P.D. only,04 - Sideswipe,01 - Clear,07 - Dark,01 - Dry,10 - No control,,2,0,0,0,,0,,,,,367256.942,5025873.95,45.37002513,-75.70264163,7140
18--3522,3/20/2018,10:13 AM,BLAIR RD @ MEADOWBROOK RD (0004163),4163,02 - Intersection related,02 - Non-fatal injury,03 - Rear end,01 - Clear,01 - Daylight,01 - Dry,01 - Traffic signal,01 - Functioning,2,0,0,0,01 - Minimal,1,1,,,,375195.7798,5032313.66,45.42721388,-75.60038302,7141
18--3523,3/20/2018,10:28 AM,ST. LAURENT BLVD btwn TO BE DETERMINED & DWELLINGHAM PRIV (__3ZA1L3),__3ZA1L3,04 - At/near private drive,02 - Non-fatal injury,07 - SMV other,01 - Clear,01 - Daylight,01 - Dry,10 - No control,,1,0,0,1,02 - Minor,1,,1,,,373494.491,5029063.179,45.39813679,-75.62257492,7142
18--3524,3/20/2018,10:53 AM,BASELINE RD btwn NAVAHO DR & DEERFIELD DR (__3ZA4H4),__3ZA4H4,01 - Non intersection,03 - P.D. only,07 - SMV other,01 - Clear,01 - Daylight,01 - Dry,10 - No control,,1,0,0,0,,0,,,,,363107.6419,5024112.837,45.35453632,-75.75581693,7143