Anom_ID,Accident_Date,Accident_Time,Location,Geo_ID,Accident_Location,Classification_of_Accident,Initial_Impact_Type,Environment_Condition,Light,Road_Surface_Condition,Traffic_Control,Traffic_Control_Condition,No__of_Vehicles,No__of_Bicycles,No__of_Motorcycles,No__of_Pedestrians,Max_Injury,No__of_Injuries,No__of_Minimal,No__of_Minor,No__of_Major,No__of_Fatal,X,Y,Latitude,Longitude,ObjectId
18--3525,3/20/2018,Unknown,GORDON ST btwn NEWTON ST & HOLMWOOD AVE (__3ZA9LJ),__3ZA9LJ,01 - Non intersection,03 - P.D. only,06 - SMV unattended vehicle,01 - Clear,00 - Unknown,01 - Dry,10 - No control,,1,0,0,0,,0,,,,,367833.3364,5028853.037,45.39677854,-75.69490341,7144
18--3526,3/20/2018,Unknown,GERRY LALONDE DR btwn BLUESTONE PRIV & BLUESTONE PRIV (__86L67K),__86L67K,01 - Non intersection,03 - P.D. only,06 - SMV unattended vehicle,01 - Clear,00 - Unknown,01 - Dry,10 - No control,,1,0,0,0,,0,,,,,384168.1726,5035382.199,45.45386134,-75.48524331,7145
18--3527,3/20/2018,Unknown,TEMPLETON ST btwn GOULBURN AVE & MARLBOROUGH AVE (__3ZA7G6),__3ZA7G6,01 - Non intersection,03 - P.D. only,06 - SMV unattended vehicle,01 - Clear,00 - Unknown,01 - Dry,10 - No control,,1,0,0,0,,0,,,,,369591.7827,5031828.73,45.42339224,-75.67205477,7146
18--3528,3/20/2018,Unknown,MCLEOD ST btwn ELGIN ST & CARTIER ST (__3ZA9T5),__3ZA9T5,01 - Non intersection,03 - P.D. only,06 - SMV unattended vehicle,01 - Clear,00 - Unknown,01 - Dry,10 - No control,,1,0,0,0,,0,,,,,368561.4361,5030862.154,45.41479,-75.68534484,7147
18--3529,3/20/2018,12:00 PM,REGIONAL ROAD 174 btwn OR174 IC105 RAMP16 & OR174 IC105 RAMP26 (__3ZA1PU),__3ZA1PU,01 - Non intersection,03 - P.D. only,03 - Rear end,01 - Clear,01 - Daylight,01 - Dry,10 - No control,,2,0,0,0,,0,,,,,379302.388,5036979.654,45.46876974,-75.54720347,7148
18--353,1/6/2018,4:00 PM,CARLING AVE @ BROADVIEW AVE (0006707),6707,02 - Intersection related,03 - P.D. only,03 - Rear end,01 - Clear,01 - Daylight,01 - Dry,01 - Traffic signal,00 - Unknown,2,0,0,0,,0,,,,,363180.6869,5026638.542,45.37725624,-75.7545863,7149
18--3530,3/20/2018,12:10 PM,HIGHWAY 417 btwn HWY417 IC127 RAMP67 & HWY417 IC126 RAMP16 (__3ZA2X0),__3ZA2X0,01 - Non intersection,03 - P.D. only,04 - Sideswipe,03 - Snow,01 - Daylight,02 - Wet,10 - No control,,2,0,0,0,,0,,,,,362392.7587,5025061.504,45.36313143,-75.76482972,7150
18--3531,3/20/2018,12:38 PM,HAZELDEAN RD @ TERRY FOX DR (0003682),3682,02 - Intersection related,02 - Non-fatal injury,03 - Rear end,01 - Clear,01 - Daylight,01 - Dry,01 - Traffic signal,01 - Functioning,2,0,0,0,01 - Minimal,1,1,,,,352206.5657,5017242.451,45.29353688,-75.89559692,7151
18--3532,3/20/2018,12:49 PM,SOUTHGATE RD btwn CLEARWATER CRES & CLEARWATER CRES (__3ZA9DF),__3ZA9DF,01 - Non intersection,03 - P.D. only,03 - Rear end,01 - Clear,01 - Daylight,01 - Dry,10 - No control,,2,0,0,0,,0,,,,,371309.9135,5024543.566,45.35768187,-75.65108385,7152
18--3533,3/20/2018,2:38 PM,JEANNE D'ARC BLVD @ GREY NUNS DR/YOUVILLE DR (0003147),3147,03 - At intersection,03 - P.D. only,02 - Angle,01 - Clear,01 - Daylight,01 - Dry,01 - Traffic signal,01 - Functioning,2,0,0,0,,0,,,,,379671.7878,5036699.886,45.46621311,-75.54252257,7153
18--3534,3/20/2018,2:45 PM,OTTAWA RIVER PKWY @ REMIC RAPIDS ENT/TUNNEY'S  (0011322),11322,03 - At intersection,02 - Non-fatal injury,02 - Angle,01 - Clear,01 - Daylight,01 - Dry,01 - Traffic signal,01 - Functioning,2,0,0,0,02 - Minor,1,,1,,,364263.3657,5030245.083,45.40961617,-75.74032904,7154
18--3535,3/20/2018,3:45 PM,ALBERT ST btwn KENT ST & BANK ST (__3ZA3CA),__3ZA3CA,01 - Non intersection,02 - Non-fatal injury,03 - Rear end,01 - Clear,01 - Daylight,01 - Dry,10 - No control,,2,0,0,0,01 - Minimal,1,1,,,,367363.7449,5031408.939,45.41981791,-75.70057634,7155
18--3536,3/20/2018,4:15 PM,PARKDALE AVE btwn BURNSIDE AVE & LYNDALE AVE (__3ZA32H),__3ZA32H,01 - Non intersection,02 - Non-fatal injury,03 - Rear end,01 - Clear,01 - Daylight,01 - Dry,10 - No control,,2,0,0,0,01 - Minimal,1,1,,,,364790.7691,5030094.278,45.40821426,-75.73361018,7156
18--3537,3/20/2018,4:42 PM,LEITRIM RD btwn FENTON RD & BANK ST (__3ZA3SF),__3ZA3SF,01 - Non intersection,03 - P.D. only,03 - Rear end,01 - Clear,01 - Daylight,01 - Dry,10 - No control,,3,0,0,0,,0,,,,,374549.8094,5021080.726,45.32620981,-75.61022373,7157
18--3538,3/20/2018,4:48 PM,MONTREAL RD @ OGILVIE RD (0009279),9279,02 - Intersection related,03 - P.D. only,03 - Rear end,01 - Clear,01 - Daylight,01 - Dry,01 - Traffic signal,01 - Functioning,3,0,0,0,,0,,,,,375654.3866,5034555.192,45.44733556,-75.59420039,7158
18--3539,3/20/2018,5:10 PM,HIGHWAY 417 btwn HWY417 IC113 RAMP85 & HWY417 IC112 RAMP54 (__3ZA287),__3ZA287,01 - Non intersection,03 - P.D. only,03 - Rear end,01 - Clear,01 - Daylight,01 - Dry,10 - No control,,4,0,0,0,,0,,,,,374013.7661,5031631.645,45.42119543,-75.61558247,7159
18--354,1/6/2018,4:40 AM,HIGHWAY 417 btwn HWY417 IC123 RAMP62 & HWY417 IC122 RAMP16 (__3ZA2R9),__3ZA2R9,01 - Non intersection,03 - P.D. only,03 - Rear end,01 - Clear,07 - Dark,01 - Dry,10 - No control,,2,0,0,0,,0,,,,,364903.0207,5028303.464,45.39209127,-75.73239451,7160
18--3540,3/20/2018,5:12 PM,CYRVILLE RD btwn STAR TOP RD & MEADOWBROOK RD (__3ZA3SN),__3ZA3SN,04 - At/near private drive,02 - Non-fatal injury,02 - Angle,01 - Clear,01 - Daylight,01 - Dry,10 - No control,,2,0,0,0,02 - Minor,2,,2,,,374526.2486,5031278.096,45.41796349,-75.60908476,7161
18--3541,3/20/2018,7:45 AM,BELMEADE RD btwn STAGECOACH RD & 3RD LINE RD (__3ZA7JM),__3ZA7JM,01 - Non intersection,03 - P.D. only,07 - SMV other,01 - Clear,01 - Daylight,01 - Dry,10 - No control,,1,0,0,0,,0,,,,,379958.1878,4996719.886,45.10646178,-75.54491667,7162
18--3542,3/20/2018,7:57 AM,CUMBERLAND ST @ MURRAY ST (0008237),8237,03 - At intersection,03 - P.D. only,02 - Angle,01 - Clear,01 - Daylight,01 - Dry,01 - Traffic signal,01 - Functioning,2,0,0,0,,0,,,,,368170.6968,5032679.585,45.43117811,-75.69010287,7163
18--3543,3/20/2018,8:14 PM,UNIVERSITY RD btwn CAMPUS AVE & BRONSON AVE (__3ZA88V),__3ZA88V,01 - Non intersection,03 - P.D. only,07 - SMV other,01 - Clear,07 - Dark,01 - Dry,10 - No control,,1,0,0,1,,0,,,,,367865.4713,5028054.71,45.38959253,-75.69459504,7164
18--3544,3/20/2018,8:35 AM,BANK ST @ RIVERSIDE DR S (0002704),2704,02 - Intersection related,03 - P.D. only,03 - Rear end,01 - Clear,01 - Daylight,01 - Dry,01 - Traffic signal,01 - Functioning,2,0,0,0,,0,,,,,369305.5011,5027894.553,45.38802034,-75.67622734,7165
18--3545,3/20/2018,8:50 AM,APPLETON DR @ MEADOWBROOK RD (0013073),13073,03 - At intersection,02 - Non-fatal injury,05 - Turning movement,01 - Clear,01 - Daylight,01 - Dry,02 - Stop sign,00 - Unknown,2,0,0,0,02 - Minor,1,,1,,,374928.4731,5032231.607,45.42650247,-75.60381031,7166
18--3546,3/20/2018,9:00 AM,HIGHWAY 417 btwn HWY417 IC121A RAMP16 & HWY417 IC121A RAMP61 (__3ZA2YY),__3ZA2YY,01 - Non intersection,03 - P.D. only,03 - Rear end,01 - Clear,01 - Daylight,01 - Dry,10 - No control,,2,0,0,0,,0,,,,,367288.2666,5029770.563,45.40508304,-75.7017484,7167
18--3547,3/20/2018,9:24 AM,MARCH RD btwn SOLANDT RD & STATION RD (__3ZA3CD),__3ZA3CD,04 - At/near private drive,03 - P.D. only,05 - Turning movement,01 - Clear,01 - Daylight,01 - Dry,10 - No control,,2,0,0,0,,0,,,,,350622.3611,5022556.495,45.34145909,-75.91530185,7168
18--3548,3/20/2018,9:26 AM,BRONSON AVE @ GLOUCESTER ST (0005124),5124,03 - At intersection,03 - P.D. only,02 - Angle,01 - Clear,01 - Daylight,01 - Dry,01 - Traffic signal,01 - Functioning,2,0,0,0,,0,,,,,366834.0505,5030791.876,45.41431292,-75.70742167,7169
18--3549,3/21/2018,1:58 PM,EARL ARMSTRONG RD @ BOWESVILLE RD (0009411),9411,03 - At intersection,03 - P.D. only,05 - Turning movement,01 - Clear,01 - Daylight,01 - Dry,02 - Stop sign,00 - Unknown,2,0,0,0,,0,,,,,372560.859,5017440.528,45.29365119,-75.63609096,7170
18--355,1/6/2018,5:00 PM,ST. JOSEPH BLVD btwn PRESTONE DR & TENTH LINE RD (__3ZA11U),__3ZA11U,01 - Non intersection,03 - P.D. only,07 - SMV other,01 - Clear,05 - Dusk,02 - Wet,10 - No control,,1,0,0,0,,0,,,,,382873.0338,5038660.181,45.48349962,-75.50127892,7171
18--3550,3/21/2018,10:10 AM,EAGLESON RD @ KAKULU RD (0003188),3188,02 - Intersection related,02 - Non-fatal injury,04 - Sideswipe,01 - Clear,01 - Daylight,01 - Dry,01 - Traffic signal,01 - Functioning,3,0,0,0,02 - Minor,1,,1,,,353381.6183,5019151.469,45.31063439,-75.88042955,7172
18--3551,3/21/2018,10:12 AM,LISGAR ST @ METCALFE ST (0006941),6941,02 - Intersection related,03 - P.D. only,04 - Sideswipe,01 - Clear,01 - Daylight,01 - Dry,01 - Traffic signal,01 - Functioning,2,0,0,0,,0,,,,,367915.7081,5031251.587,45.41835253,-75.69354435,7173
18--3552,3/21/2018,10:43 AM,HIGHWAY 417 btwn HWY417 IC117 RAMP36 & HWY417 IC117 RAMP26 (__3ZAZE0),__3ZAZE0,01 - Non intersection,02 - Non-fatal injury,04 - Sideswipe,01 - Clear,01 - Daylight,01 - Dry,10 - No control,,2,0,0,0,01 - Minimal,2,2,,,,370497.2031,5031155.659,45.41725177,-75.6605758,7174
18--3553,3/21/2018,10:50 AM,PRINCE OF WALES DR @ WEST HUNT CLUB RD (0000567),567,02 - Intersection related,02 - Non-fatal injury,03 - Rear end,01 - Clear,01 - Daylight,01 - Dry,01 - Traffic signal,01 - Functioning,3,0,0,0,03 - Major,4,,2,2,,367458.3619,5021892.2,45.33418019,-75.70057503,7175
18--3554,3/21/2018,11:30 AM,MERIVALE RD @ FAMILY BROWN LANE (0010933),10933,02 - Intersection related,03 - P.D. only,03 - Rear end,01 - Clear,01 - Daylight,01 - Dry,01 - Traffic signal,01 - Functioning,2,0,0,0,,0,,,,,365004.2517,5023385.68,45.34783319,-75.7317011,7176
18--3555,3/21/2018,11:39 PM,HAWTHORNE RD btwn SOMME ST & END (__3ZA6GW),__3ZA6GW,01 - Non intersection,03 - P.D. only,03 - Rear end,01 - Clear,07 - Dark,01 - Dry,10 - No control,,2,0,0,0,,0,,,,,378947.7083,5018182.201,45.29967952,-75.55456234,7177
18--3556,3/21/2018,11:46 AM,CHURCHILL AVE @ DANFORTH AVE (0002153),2153,02 - Intersection related,03 - P.D. only,04 - Sideswipe,01 - Clear,01 - Daylight,01 - Dry,02 - Stop sign,01 - Functioning,2,0,0,0,,0,,,,,363255.6887,5028224.555,45.3915207,-75.75344093,7178
18--3557,3/21/2018,11:50 AM,ELGIN ST btwn GILMOUR ST & LEWIS ST (__3ZA34U),__3ZA34U,01 - Non intersection,03 - P.D. only,04 - Sideswipe,01 - Clear,01 - Daylight,01 - Dry,10 - No control,,2,0,0,0,,0,,,,,368258.3715,5031045.841,45.4164703,-75.68919294,7179
18--3558,3/21/2018,12:49 PM,LINDEN TER btwn O'CONNOR ST & QUEEN ELIZABETH DRWY (__3ZA95E),__3ZA95E,04 - At/near private drive,03 - P.D. only,05 - Turning movement,01 - Clear,01 - Daylight,01 - Dry,10 - No control,,2,0,0,0,,0,,,,,368687.849,5030113.008,45.40803791,-75.68382698,7180
18--3559,3/21/2018,12:54 PM,WEST HUNT CLUB RD @ ROYDON PL/SUNDERLAND ST (0009775),9775,02 - Intersection related,03 - P.D. only,05 - Turning movement,01 - Clear,01 - Daylight,01 - Dry,01 - Traffic signal,00 - Unknown,2,0,0,0,,0,,,,,365974.5879,5022170.477,45.33681501,-75.71946953,7181
18--356,1/6/2018,5:12 PM,BANK ST btwn KINGSDALE AVE & QUEENSDALE AVE (__3ZA29H),__3ZA29H,04 - At/near private drive,03 - P.D. only,02 - Angle,01 - Clear,05 - Dusk,05 - Packed snow,10 - No control,,2,0,0,0,,0,,,,,373327.0739,5023451.785,45.34766419,-75.6254916,7182
18--3560,3/21/2018,2:29 PM,BYRON AVE @ HOLLAND AVE (0005636),5636,03 - At intersection,03 - P.D. only,05 - Turning movement,01 - Clear,01 - Daylight,01 - Dry,02 - Stop sign,01 - Functioning,2,0,0,0,,0,,,,,365015.0487,5028958.556,45.39797602,-75.73088391,7183
18--3561,3/21/2018,2:30 PM,CARLING AVE EB btwn KIRKWOOD AVE & HWY417 IC124 RAMP55 (__3ZA4NS),__3ZA4NS,01 - Non intersection,03 - P.D. only,04 - Sideswipe,01 - Clear,01 - Daylight,01 - Dry,10 - No control,,2,0,0,0,,0,,,,,364358.1313,5027346.302,45.38352545,-75.73946845,7184
18--3562,3/21/2018,3:00 PM,HIGHWAY 417 btwn HWY417 IC122 RAMP16 & HWY417 IC122 RAMP61 (__3ZA2RA),__3ZA2RA,01 - Non intersection,03 - P.D. only,03 - Rear end,01 - Clear,01 - Daylight,01 - Dry,10 - No control,,2,0,0,0,,0,,,,,365499.2987,5029007.407,45.39837376,-75.72469323,7185
18--3563,3/21/2018,3:14 AM,KING EDWARD AVE NB btwn CATHCART ST & BRUYERE ST (__3ZA3LP),__3ZA3LP,01 - Non intersection,03 - P.D. only,07 - SMV other,01 - Clear,07 - Dark,01 - Dry,10 - No control,,1,0,0,0,,0,,,,,368135.4765,5033047.954,45.43449576,-75.69050557,7186
18--3564,3/21/2018,3:56 PM,STONEWAY DR btwn FOREST GATE WAY & MOUNTAIN ASH DR (__3ZACE4),__3ZACE4,01 - Non intersection,02 - Non-fatal injury,07 - SMV other,01 - Clear,01 - Daylight,01 - Dry,10 - No control,,1,0,0,1,01 - Minimal,1,1,,,,366229.4992,5016885.048,45.28923504,-75.71687271,7187
18--3565,3/21/2018,4:21 PM,BASELINE RD @ CLYDE AVE (0002343),2343,02 - Intersection related,03 - P.D. only,03 - Rear end,01 - Clear,01 - Daylight,01 - Dry,01 - Traffic signal,01 - Functioning,2,0,0,0,,0,,,,,364357.658,5024890.513,45.36142869,-75.73977061,7188
18--3566,3/21/2018,4:55 AM,SHILLINGTON AVE btwn BAKERVALE DR & FISHER AVE (__3ZA0R7),__3ZA0R7,01 - Non intersection,03 - P.D. only,06 - SMV unattended vehicle,01 - Clear,07 - Dark,01 - Dry,10 - No control,,1,0,0,0,,0,,,,,365615.1943,5027289.577,45.38290705,-75.72342476,7189
18--3567,3/21/2018,4:59 PM,MEADOWLANDS DR @ MERIVALE RD (0000625),625,03 - At intersection,03 - P.D. only,05 - Turning movement,01 - Clear,01 - Daylight,01 - Dry,01 - Traffic signal,01 - Functioning,2,0,0,0,,0,,,,,364858.3515,5023726.207,45.35090971,-75.73352149,7190
18--3568,3/21/2018,5:00 PM,GREENBANK RD btwn HWY417 IC129 RAMP35 & HWY417 IC129 RAMP25 (__3ZA4MU),__3ZA4MU,01 - Non intersection,03 - P.D. only,04 - Sideswipe,01 - Clear,01 - Daylight,01 - Dry,10 - No control,,3,0,0,0,,0,,,,,360504.8569,5023383.501,45.34818537,-75.78911592,7191
18--3569,3/21/2018,5:15 PM,ELGIN ST @ SLATER ST (0002228),2228,02 - Intersection related,03 - P.D. only,03 - Rear end,01 - Clear,01 - Daylight,01 - Dry,01 - Traffic signal,01 - Functioning,2,0,0,0,,0,,,,,367891.753,5031647.272,45.42191493,-75.69379974,7192
18--357,1/6/2018,5:20 AM,HIGHWAY 417 btwn HWY417 IC117 RAMP26 & HWY417 IC117 RAMP61 (__3ZA2YM),__3ZA2YM,01 - Non intersection,03 - P.D. only,07 - SMV other,01 - Clear,07 - Dark,06 - Ice,10 - No control,,1,0,0,0,,0,,,,,371136.9093,5031362.515,45.41905262,-75.65237521,7193
18--3570,3/21/2018,5:22 PM,ALEXANDRA BR btwn MURRAY ST & END (__3ZA2TK),__3ZA2TK,07 - Overpass or bridge,03 - P.D. only,04 - Sideswipe,01 - Clear,01 - Daylight,01 - Dry,10 - No control,,2,0,0,0,,0,,,,,367310.3029,5032441.754,45.42911562,-75.70112808,7194
18--3571,3/21/2018,5:39 PM,ALBION RD @ MITCH OWENS RD (0004212),4212,03 - At intersection,02 - Non-fatal injury,02 - Angle,01 - Clear,01 - Daylight,01 - Dry,01 - Traffic signal,01 - Functioning,2,0,0,0,01 - Minimal,1,1,,,,375907.3089,5014803.617,45.26959452,-75.59380883,7195
18--3572,3/21/2018,5:42 PM,EARL ARMSTRONG RD @ RIVER RD (0012470),12470,02 - Intersection related,03 - P.D. only,03 - Rear end,01 - Clear,01 - Daylight,01 - Dry,01 - Traffic signal,01 - Functioning,2,0,0,0,,0,,,,,367572.3701,5014684.398,45.26931514,-75.70003323,7196
18--3573,3/21/2018,6:00 PM,CARLING AVE @ PRESTON ST (0002161),2161,02 - Intersection related,03 - P.D. only,04 - Sideswipe,01 - Clear,01 - Daylight,01 - Dry,01 - Traffic signal,01 - Functioning,2,0,0,0,,0,,,,,366829.71,5028935.553,45.39761063,-75.70771066,7197
18--3574,3/21/2018,6:58 AM,SECOND AVE @ BRONSON AVE (0007717),7717,02 - Intersection related,03 - P.D. only,03 - Rear end,01 - Clear,01 - Daylight,01 - Dry,02 - Stop sign,01 - Functioning,4,0,0,0,,0,,,,,367517.9644,5029162.555,45.39959182,-75.69889176,7198
18--3575,3/21/2018,7:01 PM,BEAUDELAIRE DR @ OAKCREST WAY (0013903),13903,03 - At intersection,02 - Non-fatal injury,02 - Angle,01 - Clear,07 - Dark,01 - Dry,02 - Stop sign,01 - Functioning,2,0,0,0,02 - Minor,1,,1,,,385339.2381,5034598.536,45.44667669,-75.47040145,7199
18--3576,3/21/2018,7:30 PM,ELGIN ST @ LAURIER AVE (0002232),2232,02 - Intersection related,03 - P.D. only,04 - Sideswipe,01 - Clear,07 - Dark,01 - Dry,01 - Traffic signal,01 - Functioning,2,0,0,0,,0,,,,,367948.7099,5031549.576,45.42103076,-75.69308453,7200
18--3306,3/14/2018,12:00 PM,DEAKIN ST @ PRINCE OF WALES DR (0001073),1073,02 - Intersection related,03 - P.D. only,04 - Sideswipe,03 - Snow,01 - Daylight,02 - Wet,01 - Traffic signal,01 - Functioning,2,0,0,0,,0,,,,,367390.7104,5021523.488,45.33086862,-75.7014847,7201
18--3307,3/14/2018,12:22 PM,RIVERSIDE DR SB btwn BILLINGS BRIDGE NB RAMP & NEIL WAY (__3ZA3NT),__3ZA3NT,01 - Non intersection,02 - Non-fatal injury,04 - Sideswipe,03 - Snow,01 - Daylight,02 - Wet,10 - No control,,2,0,0,0,02 - Minor,1,,1,,,369285.156,5028065.026,45.38955607,-75.67646486,7202
18--3308,3/14/2018,12:58 AM,HIGHWAY 417 btwn HWY417 IC131 RAMP55 & HWY417 IC130 RAMP35 (__3ZA1MT),__3ZA1MT,01 - Non intersection,03 - P.D. only,07 - SMV other,03 - Snow,07 - Dark,04 - Slush,10 - No control,,1,0,0,0,,0,,,,,358801.9076,5022972.804,45.3446231,-75.81089155,7203
18--3309,3/14/2018,2:30 PM,CAMELOT DR @ CLEOPATRA DR (0010424),10424,02 - Intersection related,03 - P.D. only,04 - Sideswipe,01 - Clear,01 - Daylight,01 - Dry,02 - Stop sign,01 - Functioning,2,0,0,0,,0,,,,,365389.7016,5021337.49,45.32937065,-75.72703342,7204
18--331,1/6/2018,10:20 AM,BELFAST RD @ ST. LAURENT BLVD (0007658),7658,02 - Intersection related,03 - P.D. only,07 - SMV other,01 - Clear,01 - Daylight,06 - Ice,01 - Traffic signal,01 - Functioning,1,0,0,0,,0,,,,,372860.3757,5030578.562,45.41183344,-75.63046428,7205
18--3310,3/14/2018,3:01 PM,ST. LAURENT BLVD btwn BELFAST RD & INDUSTRIAL AVE (__3ZA3R8),__3ZA3R8,01 - Non intersection,03 - P.D. only,03 - Rear end,01 - Clear,01 - Daylight,01 - Dry,10 - No control,,2,0,0,0,,0,,,,,373059.674,5030098.162,45.40749162,-75.62798487,7206
18--3311,3/14/2018,3:01 PM,LAURIER AVE   E btwn CHAPEL ST & BLACKBURN AVE (__3ZA3V5),__3ZA3V5,01 - Non intersection,03 - P.D. only,03 - Rear end,03 - Snow,01 - Daylight,02 - Wet,10 - No control,,2,0,0,0,,0,,,,,369168.2642,5032295.465,45.42763084,-75.67740517,7207
18--3312,3/14/2018,3:20 PM,CHAMPLAIN ST @ JEANNE D'ARC BLVD (0004106),4106,03 - At intersection,02 - Non-fatal injury,02 - Angle,01 - Clear,01 - Daylight,02 - Wet,01 - Traffic signal,01 - Functioning,2,0,0,0,01 - Minimal,1,1,,,,381379.7446,5038723.599,45.48423561,-75.52036856,7208
18--3313,3/14/2018,3:25 PM,OTTAWA RIVER PKWY @ ISLAND PARK DR (0002127),2127,03 - At intersection,03 - P.D. only,04 - Sideswipe,03 - Snow,01 - Daylight,02 - Wet,01 - Traffic signal,01 - Functioning,2,0,0,0,,0,,,,,363298.6718,5029453.671,45.40257649,-75.75274626,7209
18--3314,3/14/2018,3:35 PM,HIGHWAY 417 btwn HWY417 IC129 RAMP61 & TRANSIT (__3ZA2SI),__3ZA2SI,01 - Non intersection,03 - P.D. only,07 - SMV other,01 - Clear,01 - Daylight,02 - Wet,10 - No control,,1,0,0,0,,0,,,,,361071.5429,5024032.683,45.35398145,-75.78181079,7210
18--3315,3/14/2018,3:47 PM,FRIEL ST @ RIDEAU ST (0011917),11917,03 - At intersection,02 - Non-fatal injury,07 - SMV other,01 - Clear,01 - Daylight,01 - Dry,01 - Traffic signal,01 - Functioning,1,0,0,1,02 - Minor,1,,1,,,368769.9602,5032570.584,45.4301428,-75.68245904,7211
18--3316,3/14/2018,3:59 PM,RIVERSIDE DR SB btwn RIVERSIDE DR SPLIT & DATA CENTRE RD (__3ZA3BO),__3ZA3BO,01 - Non intersection,03 - P.D. only,04 - Sideswipe,03 - Snow,01 - Daylight,04 - Slush,10 - No control,,2,0,0,0,,0,,,,,368696.4678,5027518.101,45.38468896,-75.68405299,7212
18--3317,3/14/2018,4:05 PM,STITTSVILLE MAIN ST @ HAZELDEAN RD (0000050),50,02 - Intersection related,03 - P.D. only,03 - Rear end,03 - Snow,01 - Daylight,04 - Slush,01 - Traffic signal,01 - Functioning,2,0,0,0,,0,,,,,349558.3983,5014878.717,45.27244088,-75.92957081,7213
18--3318,3/14/2018,4:15 PM,BAY ST @ SLATER ST (0005127),5127,02 - Intersection related,03 - P.D. only,03 - Rear end,01 - Clear,01 - Daylight,01 - Dry,01 - Traffic signal,01 - Functioning,2,0,0,0,,0,,,,,366983.6979,5031078.57,45.41687923,-75.70547371,7214
18--3319,3/14/2018,4:20 PM,HIGHWAY 417 btwn HWY417 IC123 RAMP62 & HWY417 IC122 RAMP16 (__3ZA2R9),__3ZA2R9,01 - Non intersection,03 - P.D. only,03 - Rear end,01 - Clear,01 - Daylight,01 - Dry,10 - No control,,2,0,0,0,,0,,,,,364821.49,5028152.706,45.39074177,-75.73345402,7215
18--332,1/6/2018,10:24 AM,JEANNE D'ARC BLVD  N btwn VINEYARD DR & OR174 IC105 RAMP36 (__3ZBN9Z),__3ZBN9Z,01 - Non intersection,03 - P.D. only,05 - Turning movement,01 - Clear,01 - Daylight,02 - Wet,10 - No control,,2,0,0,0,,0,,,,,379263.4077,5037303.886,45.47169109,-75.54765278,7216
18--3320,3/14/2018,4:22 PM,LANTHIER DR @ VANTAGE DR (0004631),4631,03 - At intersection,03 - P.D. only,02 - Angle,01 - Clear,01 - Daylight,02 - Wet,02 - Stop sign,01 - Functioning,2,0,0,0,,0,,,,,383600.7617,5035848.561,45.45812147,-75.49242204,7217
18--3321,3/14/2018,4:30 PM,FALLOWFIELD RD @ WOODROFFE AVE (0010372),10372,02 - Intersection related,03 - P.D. only,03 - Rear end,03 - Snow,01 - Daylight,04 - Slush,01 - Traffic signal,01 - Functioning,2,0,0,0,,0,,,,,365085.1495,5017903.19,45.29849533,-75.73133624,7218
18--3322,3/14/2018,4:44 PM,ALBION RD btwn DEL ZOTTO AVE & HIGH RD (__3ZBOF9),__3ZBOF9,04 - At/near private drive,03 - P.D. only,05 - Turning movement,01 - Clear,01 - Daylight,01 - Dry,10 - No control,,2,0,0,0,,0,,,,,374508.4755,5018022.524,45.2986973,-75.6111812,7219
18--3323,3/14/2018,4:45 AM,BASELINE RD btwn SOUTHWOOD DR & COBDEN RD (__3ZA4MP),__3ZA4MP,01 - Non intersection,03 - P.D. only,02 - Angle,03 - Snow,07 - Dark,04 - Slush,10 - No control,,2,0,0,0,,0,,,,,361377.4828,5023049.742,45.34511237,-75.77801887,7220
18--3324,3/14/2018,4:55 PM,BANK ST @ BILLINGS TRANSIT (0008854),8854,03 - At intersection,02 - Non-fatal injury,07 - SMV other,01 - Clear,01 - Daylight,01 - Dry,01 - Traffic signal,01 - Functioning,1,0,0,1,02 - Minor,1,,1,,,369446.1368,5027741.924,45.38663407,-75.67445152,7221
18--3325,3/14/2018,5:05 PM,OLD TENTH LINE RD btwn TENTH LINE RD & OR174 IC101 RAMP63 (__3ZA1V3),__3ZA1V3,01 - Non intersection,03 - P.D. only,99 - Other,03 - Snow,01 - Daylight,04 - Slush,10 - No control,,2,0,0,0,,0,,,,,383134.0298,5038754.932,45.48432287,-75.49792562,7222
18--3326,3/14/2018,5:36 PM,AIRPORT PKWY/BROOKFIELD RD @ FLANNERY DR/AIRPORT PKWY RAMPS 52A/53 (0006850),6850,02 - Intersection related,02 - Non-fatal injury,07 - SMV other,03 - Snow,05 - Dusk,03 - Loose snow,11 - Roundabout,01 - Functioning,1,0,0,0,01 - Minimal,1,1,,,,368693.1879,5026295.679,45.37369026,-75.68425305,7223
18--3327,3/14/2018,6:14 PM,ARMSTRONG ST @ HOLLAND AVE (0006151),6151,02 - Intersection related,03 - P.D. only,02 - Angle,03 - Snow,05 - Dusk,02 - Wet,02 - Stop sign,01 - Functioning,2,0,0,0,,0,,,,,364862.7,5029306.559,45.40112037,-75.73278728,7224
18--3328,3/14/2018,6:16 PM,WALKLEY EXTENSION RD btwn HWY417 IC110 RAMP56 & HWY417 IC110 RAMP64 (__3ZA3MT),__3ZA3MT,01 - Non intersection,03 - P.D. only,04 - Sideswipe,03 - Snow,05 - Dusk,02 - Wet,10 - No control,,2,0,0,0,,0,,,,,375970.6075,5029165.731,45.39881218,-75.59093697,7225
18--3329,3/14/2018,6:25 AM,RENAUD RD btwn NAVAN RD & WHITE ST (__3ZBN8V),__3ZBN8V,04 - At/near private drive,03 - P.D. only,02 - Angle,03 - Snow,03 - Dawn,04 - Slush,10 - No control,,2,0,0,0,,0,,,,,381854.514,5032760.084,45.43052861,-75.51523053,7226