Anom_ID,Accident_Date,Accident_Time,Location,Geo_ID,Accident_Location,Classification_of_Accident,Initial_Impact_Type,Environment_Condition,Light,Road_Surface_Condition,Traffic_Control,Traffic_Control_Condition,No__of_Vehicles,No__of_Bicycles,No__of_Motorcycles,No__of_Pedestrians,Max_Injury,No__of_Injuries,No__of_Minimal,No__of_Minor,No__of_Major,No__of_Fatal,X,Y,Latitude,Longitude,ObjectId
18--333,1/6/2018,10:30 PM,TRIM RD btwn ST. JOSEPH BLVD & WATTERS RD (__3ZA2GC),__3ZA2GC,01 - Non intersection,03 - P.D. only,07 - SMV other,01 - Clear,07 - Dark,06 - Ice,10 - No control,,1,0,0,0,,0,,,,,384699.2557,5039254.724,45.48864211,-75.47782459,7227
18--3330,3/14/2018,6:30 AM,EAGLESON RD btwn BRIDGESTONE DR & EMERALD MEADOWS DR (__3ZAZZ2),__3ZAZZ2,01 - Non intersection,03 - P.D. only,07 - SMV other,03 - Snow,03 - Dawn,05 - Packed snow,10 - No control,,1,0,0,0,,0,,,,,354889.5701,5015360.944,45.27642054,-75.86158236,7228
18--3331,3/14/2018,6:54 PM,STRANDHERD DR @ LONGFIELDS DR (0010935),10935,02 - Intersection related,03 - P.D. only,05 - Turning movement,03 - Snow,07 - Dark,02 - Wet,01 - Traffic signal,01 - Functioning,2,0,0,0,,0,,,,,364548.8105,5015173.325,45.27397788,-75.73850293,7229
18--3332,3/14/2018,6:55 AM,HIGHWAY 416 btwn HIGHWAY 416 & HWY416 IC57 RAMP52 (__3ZAZEK),__3ZAZEK,01 - Non intersection,03 - P.D. only,07 - SMV other,03 - Snow,01 - Daylight,04 - Slush,10 - No control,,1,0,0,0,,0,,,,,364618.6706,5008264.692,45.21180775,-75.73844367,7230
18--3333,3/14/2018,8:01 PM,OTTAWA RIVER PKWY @ ISLAND PARK DR (0002127),2127,02 - Intersection related,02 - Non-fatal injury,03 - Rear end,01 - Clear,07 - Dark,01 - Dry,01 - Traffic signal,01 - Functioning,2,0,0,0,02 - Minor,1,,1,,,363298.5448,5029453.671,45.4025765,-75.75274789,7231
18--3334,3/14/2018,8:08 PM,HIGHWAY 7 btwn HWY 7 HAZELDEAN RD IC RAMP 63 & HAZELDEAN RD (__7JQ7JC),__7JQ7JC,01 - Non intersection,03 - P.D. only,07 - SMV other,03 - Snow,07 - Dark,03 - Loose snow,10 - No control,,1,0,0,0,,0,,,,,346361.4986,5012305.117,45.24947874,-75.97052759,7232
18--3335,3/14/2018,8:10 PM,CARP RD btwn LLOYDALEX CRES & ROTHBOURNE RD (__3ZBOBC),__3ZBOBC,01 - Non intersection,03 - P.D. only,01 - Approaching,03 - Snow,07 - Dark,04 - Slush,10 - No control,,2,0,0,0,,0,,,,,347955.2842,5015202.016,45.27545026,-75.94997284,7233
18--3336,3/14/2018,8:15 PM,HIGHWAY 417 btwn HIGHWAY 417 & HWY417 IC140 RAMP36 (__3ZA20M),__3ZA20M,01 - Non intersection,03 - P.D. only,07 - SMV other,03 - Snow,07 - Dark,04 - Slush,10 - No control,,1,0,0,0,,0,,,,,349786.8648,5017961.031,45.30016196,-75.92637976,7234
18--3337,3/14/2018,8:15 PM,HIGHWAY 417 btwn HIGHWAY 417 & HWY417 IC140 RAMP36 (__3ZA20M),__3ZA20M,01 - Non intersection,03 - P.D. only,07 - SMV other,03 - Snow,07 - Dark,06 - Ice,10 - No control,,1,0,0,0,,0,,,,,349618.2085,5017856.509,45.29923222,-75.92853961,7235
18--3338,3/14/2018,8:17 AM,BARNSDALE RD btwn EAGLESON RD & TWIN ELM RD (__3ZAB97),__3ZAB97,01 - Non intersection,03 - P.D. only,07 - SMV other,03 - Snow,01 - Daylight,04 - Slush,10 - No control,,1,0,0,0,,0,,,,,358432.7503,5006682.312,45.19806704,-75.81736151,7236
18--3339,3/14/2018,8:30 AM,ST. LAURENT BLVD btwn CONROY RD & THURSTON DR (__3ZA49E),__3ZA49E,04 - At/near private drive,03 - P.D. only,02 - Angle,03 - Snow,01 - Daylight,03 - Loose snow,10 - No control,,2,0,0,0,,0,,,,,373304.5478,5027293.301,45.38223082,-75.62524645,7237
18--334,1/6/2018,10:46 AM,WEST HUNT CLUB RD btwn PRINCE OF WALES DR & HUNT CLUB RD (__3ZA2T4),__3ZA2T4,01 - Non intersection,03 - P.D. only,03 - Rear end,01 - Clear,01 - Daylight,01 - Dry,10 - No control,,2,0,0,0,,0,,,,,367659.328,5021882.515,45.33407507,-75.69801249,7238
18--3340,3/14/2018,8:30 AM,HIGHWAY 417 btwn HWY417 IC163 RAMP16 & HWY417 IC169 RAMP61 (__5SPO79),__5SPO79,01 - Non intersection,03 - P.D. only,07 - SMV other,01 - Clear,01 - Daylight,02 - Wet,10 - No control,,1,0,0,0,,0,,,,,329367.9086,5022174.373,45.33908691,-76.18652403,7239
18--3341,3/14/2018,8:54 AM,RIVERSIDE DR btwn RIVERSIDE DR & RIVER RD (__7IFXUL),__7IFXUL,01 - Non intersection,03 - P.D. only,01 - Approaching,03 - Snow,01 - Daylight,04 - Slush,10 - No control,,2,0,0,0,,0,,,,,368381.9163,5020575.698,45.32225149,-75.68896214,7240
18--3342,3/14/2018,8:56 AM,MARCH RD @ SOLANDT RD (0003172),3172,03 - At intersection,02 - Non-fatal injury,05 - Turning movement,03 - Snow,01 - Daylight,04 - Slush,01 - Traffic signal,01 - Functioning,2,0,0,0,01 - Minimal,2,2,,,,350489.608,5022710.503,45.34285355,-75.91698149,7241
18--3343,3/14/2018,8:58 AM,BANTON ST @ WALKLEY RD (0006399),6399,03 - At intersection,03 - P.D. only,99 - Other,03 - Snow,01 - Daylight,05 - Packed snow,01 - Traffic signal,01 - Functioning,2,0,0,0,,0,,,,,374246.6914,5028249.537,45.39074182,-75.61308285,7242
18--3344,3/14/2018,9:05 AM,ALBION RD btwn LESTER RD & LEITRIM RD (__3ZA3SQ),__3ZA3SQ,01 - Non intersection,03 - P.D. only,01 - Approaching,03 - Snow,01 - Daylight,03 - Loose snow,10 - No control,,2,0,0,0,,0,,,,,373342.226,5020788.463,45.32369909,-75.62566713,7243
18--3345,3/14/2018,9:07 AM,ALBION RD btwn LESTER RD & LEITRIM RD (__3ZA3SQ),__3ZA3SQ,01 - Non intersection,03 - P.D. only,07 - SMV other,03 - Snow,01 - Daylight,03 - Loose snow,10 - No control,,1,0,0,0,,0,,,,,373331.16,5020816.681,45.32395406,-75.62580437,7244
18--3346,3/14/2018,9:11 PM,MITCH OWENS RD @ DOZOIS RD/LIMEBANK RD (0012469),12469,02 - Intersection related,03 - P.D. only,03 - Rear end,03 - Snow,07 - Dark,06 - Ice,01 - Traffic signal,01 - Functioning,2,0,0,0,,0,,,,,371673.7235,5012108.418,45.24575891,-75.64811816,7245
18--3347,3/14/2018,9:12 PM,HENRY FARM DR @ MAITLAND AVE (0003213),3213,02 - Intersection related,03 - P.D. only,03 - Rear end,01 - Clear,07 - Dark,02 - Wet,02 - Stop sign,01 - Functioning,2,0,0,0,,0,,,,,363848.6933,5025152.518,45.36382923,-75.74623547,7246
18--3348,3/14/2018,9:13 AM,HARDING RD @ WALKLEY RD (0007652),7652,03 - At intersection,03 - P.D. only,05 - Turning movement,03 - Snow,01 - Daylight,03 - Loose snow,01 - Traffic signal,01 - Functioning,2,0,0,0,,0,,,,,373148.7306,5027608.535,45.38508238,-75.62719225,7247
18--3349,3/14/2018,9:15 AM,BOURBON ST btwn AVOCADO ST & MINA LANE (__3ZA9DU),__3ZA9DU,04 - At/near private drive,03 - P.D. only,06 - SMV unattended vehicle,03 - Snow,01 - Daylight,04 - Slush,10 - No control,,1,0,0,0,,0,,,,,370362.5193,5024343.143,45.35596776,-75.66320143,7248
18--335,1/6/2018,10:53 PM,MACDONALD-CARTIER BR RAMP NB-3 btwn MACDONALD-CARTIER BR RAMP NB-1/NB- (__7TTQA0),__7TTQA0,01 - Non intersection,03 - P.D. only,07 - SMV other,01 - Clear,07 - Dark,01 - Dry,10 - No control,,1,0,0,0,,0,,,,,367978.5298,5033288.879,45.43667771,-75.69248039,7249
18--3350,3/14/2018,9:18 AM,HWY 417 MAITLAND IC126R52 @ MAITLAND AVE (0002246),2246,02 - Intersection related,03 - P.D. only,05 - Turning movement,03 - Snow,01 - Daylight,05 - Packed snow,03 - Yield sign,01 - Functioning,2,0,0,0,,0,,,,,363205.687,5025833.534,45.3700108,-75.75436232,7250
18--3351,3/14/2018,9:24 AM,BYRON AVE @ TWEEDSMUIR AVE (0006667),6667,03 - At intersection,03 - P.D. only,02 - Angle,03 - Snow,01 - Daylight,03 - Loose snow,02 - Stop sign,01 - Functioning,2,0,0,0,,0,,,,,363592.6903,5028304.553,45.3922123,-75.7491278,7251
18--3352,3/14/2018,9:32 AM,SMYTH RD E/LANCASTER RD @ ST. LAURENT BLVD N/R (0002256),2256,02 - Intersection related,02 - Non-fatal injury,04 - Sideswipe,03 - Snow,01 - Daylight,04 - Slush,01 - Traffic signal,01 - Functioning,5,0,0,0,02 - Minor,1,,1,,,373364.7296,5029424.551,45.40140096,-75.62418192,7252
18--3353,3/14/2018,9:35 PM,EAGLESON RD btwn PALOMINO DR/ROTHESAY DR & EAGLESON BUSINESS CENTRE (__3ZA41JA),__3ZA41JA,01 - Non intersection,03 - P.D. only,03 - Rear end,03 - Snow,07 - Dark,03 - Loose snow,10 - No control,,2,0,0,0,,0,,,,,354229.0784,5017015.967,45.29135957,-75.8698353,7253
18--3354,3/14/2018,9:40 AM,RENAUD RD btwn Continuation of RENAUD RD & PERCIFOR WAY (__54PNN5),__54PNN5,01 - Non intersection,03 - P.D. only,07 - SMV other,03 - Snow,01 - Daylight,04 - Slush,10 - No control,,1,0,0,0,,0,,,,,380566.558,5031956.496,45.42343923,-75.53181206,7254
18--3355,3/14/2018,9:40 PM,SHEA RD btwn GARVIN RD & HEMPHILL ST (__3ZBNC9),__3ZBNC9,01 - Non intersection,03 - P.D. only,07 - SMV other,03 - Snow,07 - Dark,06 - Ice,10 - No control,,1,0,0,0,,0,,,,,356714.5699,5007890.985,45.20907166,-75.83910314,7255
18--3356,3/14/2018,9:44 AM,HERON RD @ ALTA VISTA DR (0007188),7188,02 - Intersection related,03 - P.D. only,03 - Rear end,03 - Snow,01 - Daylight,03 - Loose snow,01 - Traffic signal,01 - Functioning,2,0,0,0,,0,,,,,370492.7221,5026902.538,45.37898419,-75.66119948,7256
18--3357,3/14/2018,9:52 PM,MARCH RD btwn HOWIE RD & JACOB'S GT (__3ZA2Q9),__3ZA2Q9,01 - Non intersection,03 - P.D. only,07 - SMV other,06 - Strong wind,07 - Dark,04 - Slush,10 - No control,,1,0,0,0,,0,,,,,337126.9465,5017177.57,45.2938086,-76.08785039,7257
18--3358,3/14/2018,9:58 AM,RIVER RD btwn BALMORAL DR & JARVIS DR (__3ZA38O),__3ZA38O,01 - Non intersection,03 - P.D. only,07 - SMV other,03 - Snow,01 - Daylight,04 - Slush,10 - No control,,1,0,0,0,,0,,,,,368075.9294,5019715.586,45.31454,-75.69297473,7258
18--3359,3/14/2018,9:59 AM,DATA CENTRE RD @ HERON RD (0007176),7176,03 - At intersection,03 - P.D. only,02 - Angle,03 - Snow,01 - Daylight,04 - Slush,02 - Stop sign,01 - Functioning,2,0,0,0,,0,,,,,368941.7244,5026732.541,45.37759831,-75.68102349,7259
18--336,1/6/2018,11:22 PM,NORTH BLUFF DR @ NAKINA WAY (0013176),13176,02 - Intersection related,03 - P.D. only,03 - Rear end,03 - Snow,07 - Dark,04 - Slush,02 - Stop sign,01 - Functioning,2,0,0,0,,0,,,,,369532.0984,5016230.576,45.28304978,-75.67485954,7260
18--3360,3/15/2018,1:45 PM,GLADSTONE AVE btwn LEBRETON ST N & BELL ST N (__3ZA31C),__3ZA31C,04 - At/near private drive,03 - P.D. only,02 - Angle,01 - Clear,01 - Daylight,01 - Dry,10 - No control,,2,0,0,0,,0,,,,,366932.3093,5029961.918,45.40683648,-75.706271,7261
18--3361,3/15/2018,1:46 AM,HUNTMAR DR @ PALLADIUM DR S (0011818),11818,03 - At intersection,03 - P.D. only,05 - Turning movement,03 - Snow,07 - Dark,04 - Slush,01 - Traffic signal,01 - Functioning,2,0,0,0,,0,,,,,349675.6062,5017365.436,45.29480973,-75.92785223,7262
18--3362,3/15/2018,10:14 PM,RAMSAYVILLE RD @ WALKLEY EXTENSION RD (0004172),4172,03 - At intersection,03 - P.D. only,02 - Angle,01 - Clear,07 - Dark,01 - Dry,10 - No control,,2,0,0,0,,0,,,,,376464.7445,5029420.55,45.40105449,-75.58458914,7263
18--3363,3/15/2018,10:20 AM,IMPERIAL AVE @ RENFREW AVE (0007410),7410,03 - At intersection,03 - P.D. only,04 - Sideswipe,01 - Clear,01 - Daylight,01 - Dry,02 - Stop sign,01 - Functioning,2,0,0,0,,0,,,,,367493.0184,5029635.415,45.40384871,-75.69915026,7264
18--3364,3/15/2018,10:24 AM,LAURIER AVE   W btwn KENT ST & BANK ST (__3ZA344),__3ZA344,01 - Non intersection,03 - P.D. only,06 - SMV unattended vehicle,01 - Clear,01 - Daylight,01 - Dry,10 - No control,,1,0,0,0,,0,,,,,367329.3823,5031172.416,45.41769282,-75.70104539,7265
18--3365,3/15/2018,10:46 PM,EAGLESON RD btwn CAMBRIAN RD & PERTH ST (__3ZA4YC),__3ZA4YC,01 - Non intersection,02 - Non-fatal injury,07 - SMV other,01 - Clear,07 - Dark,06 - Ice,10 - No control,,1,0,0,0,02 - Minor,1,,1,,,357904.9665,5007700.446,45.20726845,-75.82397019,7266
18--3366,3/15/2018,11:00 AM,HIGHWAY 417 btwn HWY417 IC117 RAMP61 & HWY417 IC115 RAMP36 (__3ZA2RZ),__3ZA2RZ,01 - Non intersection,03 - P.D. only,03 - Rear end,01 - Clear,01 - Daylight,01 - Dry,10 - No control,,2,0,0,0,,0,,,,,371772.8553,5031445.877,45.41974209,-75.64423894,7267
18--3367,3/15/2018,11:04 AM,BANK ST @ EUCLID AVE (0007221),7221,03 - At intersection,03 - P.D. only,04 - Sideswipe,01 - Clear,01 - Daylight,01 - Dry,02 - Stop sign,01 - Functioning,2,0,0,0,,0,,,,,368706.7142,5028648.556,45.39485952,-75.68377576,7268
18--3368,3/15/2018,11:35 PM,PINECREST RD btwn ST. STEPHEN'S ST & KELLY AVE (__3ZA4M2),__3ZA4M2,01 - Non intersection,03 - P.D. only,07 - SMV other,01 - Clear,07 - Dark,01 - Dry,10 - No control,,1,0,0,0,,0,,,,,360261.9032,5023985.922,45.3536252,-75.7921486,7269
18--3369,3/15/2018,11:45 AM,FRASER FIELDS WAY @ STRANDHERD DR (0013567),13567,03 - At intersection,03 - P.D. only,02 - Angle,01 - Clear,01 - Daylight,01 - Dry,02 - Stop sign,01 - Functioning,2,0,0,0,,0,,,,,362949.5871,5013991.964,45.26348201,-75.75902158,7270
18--337,1/6/2018,11:30 AM,TENTH LINE RD @ CHARLEMAGNE BLVD N/TOMPKINS AV (0009222),9222,03 - At intersection,03 - P.D. only,03 - Rear end,01 - Clear,01 - Daylight,01 - Dry,01 - Traffic signal,01 - Functioning,2,0,0,0,,0,,,,,383183.9295,5037977.881,45.47732607,-75.4974114,7271
18--3370,3/15/2018,12:09 PM,BRONSON AVE @ FIFTH AVE/MADAWASKA DR (0006977),6977,03 - At intersection,03 - P.D. only,02 - Angle,01 - Clear,01 - Daylight,01 - Dry,01 - Traffic signal,01 - Functioning,2,0,0,0,,0,,,,,367613.7123,5028938.554,45.39756774,-75.6976974,7272
18--3371,3/15/2018,12:28 PM,HIGHWAY 417 btwn HWY417 IC117 RAMP25 & HWY417 IC115 RAMP51 (__3ZA2R3),__3ZA2R3,01 - Non intersection,03 - P.D. only,04 - Sideswipe,01 - Clear,01 - Daylight,01 - Dry,10 - No control,,2,0,0,0,,0,,,,,371881.0595,5031436.606,45.4196483,-75.64285776,7273
18--3372,3/15/2018,12:33 AM,HELMSDALE DR btwn KIMBOLTON CRES & KIMBOLTON CRES (__3ZA44C),__3ZA44C,04 - At/near private drive,03 - P.D. only,07 - SMV other,03 - Snow,07 - Dark,03 - Loose snow,10 - No control,,1,0,0,0,,0,,,,,350186.7857,5023848.122,45.35310975,-75.92074102,7274
18--3373,3/15/2018,2:20 PM,BURRIS LANE @ MERIVALE RD (0002014),2014,02 - Intersection related,03 - P.D. only,04 - Sideswipe,01 - Clear,01 - Daylight,01 - Dry,01 - Traffic signal,01 - Functioning,2,0,0,0,,0,,,,,364880.7061,5025067.52,45.36297674,-75.73307319,7275
18--3374,3/15/2018,3:25 PM,PRINCE OF WALES DR btwn MAPLEHILL WAY & LODGE RD (__3ZA29Y),__3ZA29Y,04 - At/near private drive,03 - P.D. only,02 - Angle,01 - Clear,01 - Daylight,01 - Dry,10 - No control,,2,0,0,0,,0,,,,,366773.8947,5012684.992,45.25139539,-75.71045737,7276
18--3375,3/15/2018,3:45 PM,STRANDHERD DR @ LONGFIELDS DR (0010935),10935,02 - Intersection related,03 - P.D. only,03 - Rear end,01 - Clear,01 - Daylight,01 - Dry,01 - Traffic signal,01 - Functioning,2,0,0,0,,0,,,,,364548.8104,5015173.324,45.27397787,-75.73850293,7277
18--3376,3/15/2018,3:51 PM,CEDARWOOD DR btwn WALKLEY RD & BAYCREST DR (__3ZA9YT),__3ZA9YT,04 - At/near private drive,02 - Non-fatal injury,02 - Angle,01 - Clear,01 - Daylight,01 - Dry,10 - No control,,2,0,0,0,02 - Minor,1,,1,,,371127.2203,5026589.14,45.37610456,-75.65314084,7278
18--3377,3/15/2018,4:05 PM,COLONNADE RD    S btwn COLONNADE RD & CONCOURSE GT (__3ZA00D),__3ZA00D,01 - Non intersection,02 - Non-fatal injury,01 - Approaching,01 - Clear,01 - Daylight,01 - Dry,10 - No control,,2,0,0,0,02 - Minor,2,,2,,,366806.4217,5022808.578,45.34248352,-75.70877715,7279
18--3378,3/15/2018,4:15 PM,THAMES ST btwn ARCHIBALD ST & MERIVALE RD (__3ZA060),__3ZA060,04 - At/near private drive,03 - P.D. only,06 - SMV unattended vehicle,03 - Snow,01 - Daylight,04 - Slush,10 - No control,,1,0,0,0,,0,,,,,364731.6166,5027419.69,45.38415393,-75.73469072,7280
18--3379,3/15/2018,4:30 PM,NICHOLAS ST NB btwn HWY417 IC118 RAMP52 & WALLER ST/TRANSITWAY (__6KCFNL),__6KCFNL,01 - Non intersection,03 - P.D. only,03 - Rear end,01 - Clear,01 - Daylight,01 - Dry,10 - No control,,2,0,0,0,,0,,,,,368769.3628,5031502.667,45.42053413,-75.68260536,7281
18--338,1/6/2018,11:30 AM,HUNTER'S RUN DR @ JEANNE D'ARC BLVD (0012419),12419,02 - Intersection related,03 - P.D. only,03 - Rear end,01 - Clear,01 - Daylight,06 - Ice,01 - Traffic signal,01 - Functioning,2,0,0,0,,0,,,,,380567.7474,5036174.572,45.46139014,-75.53114744,7282
18--3380,3/15/2018,4:54 PM,HIGHWAY 417 btwn HWY417 IC139 RAMP61 & HWY417 IC138 RAMP36 (__3ZA2QS),__3ZA2QS,01 - Non intersection,03 - P.D. only,07 - SMV other,01 - Clear,01 - Daylight,01 - Dry,10 - No control,,1,0,0,0,,0,,,,,352135.2759,5019620.862,45.31494321,-75.89627865,7283
18--3381,3/15/2018,5:48 PM,WALKLEY RD @ GLENHAVEN PRIV (0011424),11424,02 - Intersection related,02 - Non-fatal injury,03 - Rear end,01 - Clear,01 - Daylight,01 - Dry,01 - Traffic signal,01 - Functioning,2,0,0,0,01 - Minimal,3,3,,,,370213.2029,5025873.558,45.36975191,-75.66490443,7284
18--3382,3/15/2018,6:05 AM,MOODIE DR @ CORKSTOWN RD (0000577),577,02 - Intersection related,03 - P.D. only,03 - Rear end,01 - Clear,07 - Dark,02 - Wet,01 - Traffic signal,01 - Functioning,2,0,0,0,,0,,,,,356345.6516,5022761.497,45.34290654,-75.84225527,7285
18--3383,3/15/2018,6:10 AM,GREENBANK RD @ IRIS ST/HWY 417 IC129 RAMP51 (0009073),9073,03 - At intersection,02 - Non-fatal injury,02 - Angle,01 - Clear,07 - Dark,02 - Wet,01 - Traffic signal,01 - Functioning,3,0,0,0,02 - Minor,2,,2,,,360530.2637,5023312.494,45.34754443,-75.78879972,7286
18--3384,3/15/2018,6:44 PM,CARLING AVE @ WOODROFFE AVE W (0011470),11470,02 - Intersection related,03 - P.D. only,04 - Sideswipe,01 - Clear,07 - Dark,01 - Dry,01 - Traffic signal,01 - Functioning,2,0,0,0,,0,,,,,361767.6833,5025725.514,45.36915721,-75.77273158,7287
18--3385,3/15/2018,6:59 PM,LAURIER AVE   E btwn CUMBERLAND ST & COPERNICUS ST (__3ZA3VI),__3ZA3VI,01 - Non intersection,02 - Non-fatal injury,07 - SMV other,01 - Clear,05 - Dusk,01 - Dry,10 - No control,,1,0,0,1,02 - Minor,1,,1,,,368607.8086,5031953.462,45.42460498,-75.68461109,7288
18--3386,3/15/2018,7:30 PM,INNES RD @ WILDFLOWER DR (0012871),12871,02 - Intersection related,03 - P.D. only,03 - Rear end,01 - Clear,07 - Dark,01 - Dry,01 - Traffic signal,01 - Functioning,2,0,0,0,,0,,,,,382936.7546,5035690.555,45.45677444,-75.50093611,7289
18--3387,3/15/2018,7:31 AM,HIGHWAY 416 btwn HWY416 IC75A RAMP26 & HWY416 IC72 RAMP62 (__3ZAZLF),__3ZAZLF,01 - Non intersection,03 - P.D. only,07 - SMV other,01 - Clear,01 - Daylight,06 - Ice,10 - No control,,1,0,0,0,,0,,,,,359241.1447,5020431.757,45.32172471,-75.80556644,7290
18--3388,3/15/2018,7:36 AM,SLACK RD @ WOODROFFE AVE (0000102),102,02 - Intersection related,03 - P.D. only,03 - Rear end,01 - Clear,01 - Daylight,01 - Dry,01 - Traffic signal,01 - Functioning,2,0,0,0,,0,,,,,364233.6838,5019974.479,45.31720523,-75.74194347,7291
18--3389,3/15/2018,7:42 AM,RIDGE RD btwn RAMSAYVILLE RD & ANDERSON RD (__3ZA6F0),__3ZA6F0,01 - Non intersection,02 - Non-fatal injury,07 - SMV other,01 - Clear,01 - Daylight,01 - Dry,10 - No control,,1,0,0,0,02 - Minor,1,,1,,,377730.6379,5028794.173,45.395288,-75.56851397,7292
18--339,1/6/2018,11:50 PM,HWY417 IC112 RAMP66 btwn HIGHWAY 417 & INNES RD (__3ZAY83),__3ZAY83,01 - Non intersection,03 - P.D. only,07 - SMV other,01 - Clear,07 - Dark,06 - Ice,10 - No control,,1,0,0,0,,0,,,,,374350.0717,5030981.593,45.41531325,-75.61137741,7293
18--3390,3/15/2018,8:33 PM,CAMERON ST @ REGIONAL RD 174 (0012883),12883,03 - At intersection,02 - Non-fatal injury,02 - Angle,01 - Clear,07 - Dark,01 - Dry,01 - Traffic signal,01 - Functioning,2,0,0,0,02 - Minor,4,1,3,,,389860.7734,5042617.564,45.51828699,-75.41122026,7294
18--3391,3/15/2018,8:56 PM,MARVELVILLE RD btwn LARRY ROBINSON RD & GREGOIRE RD (__3ZA2ZW),__3ZA2ZW,01 - Non intersection,03 - P.D. only,07 - SMV other,01 - Clear,07 - Dark,06 - Ice,10 - No control,,1,0,0,0,,0,,,,,393027.6582,5008772.193,45.21338983,-75.37673519,7295
18--3392,3/15/2018,9:09 PM,HIGHWAY 417 btwn HWY417 IC118 RAMP35 & HWY417 IC117 RAMP51 (__3ZA2YP),__3ZA2YP,01 - Non intersection,03 - P.D. only,03 - Rear end,01 - Clear,07 - Dark,01 - Dry,10 - No control,,2,0,0,0,,0,,,,,370071.1513,5031103.092,45.41681867,-75.66602592,7296
18--3393,3/15/2018,9:17 AM,MICHAEL ST @ NEWMARKET ST (0007797),7797,03 - At intersection,03 - P.D. only,02 - Angle,01 - Clear,01 - Daylight,01 - Dry,10 - No control,,2,0,0,0,,0,,,,,373314.7282,5030270.552,45.40901778,-75.62470299,7297
18--3394,3/15/2018,9:38 AM,BANK ST @ RIVERSIDE DR S (0002704),2704,03 - At intersection,03 - P.D. only,02 - Angle,01 - Clear,01 - Daylight,01 - Dry,01 - Traffic signal,01 - Functioning,2,0,0,0,,0,,,,,369304.7173,5027894.553,45.38802041,-75.67623735,7298
18--3395,3/15/2018,9:51 AM,YOUNG ST @ PRESTON ST (0006268),6268,02 - Intersection related,03 - P.D. only,03 - Rear end,01 - Clear,01 - Daylight,02 - Wet,02 - Stop sign,01 - Functioning,2,0,0,0,,0,,,,,366588.7022,5029487.556,45.40259872,-75.71071954,7299
18--3396,3/15/2018,9:52 AM,HIGHWAY 417 btwn HWY417 IC131 RAMP53 & HWY417 IC131 RAMP51 (__3ZA1MU),__3ZA1MU,01 - Non intersection,03 - P.D. only,04 - Sideswipe,01 - Clear,01 - Daylight,01 - Dry,10 - No control,,2,0,0,0,,0,,,,,357549.4449,5022668.965,45.34198444,-75.82690527,7300
18--3757,3/27/2018,8:15 AM,HIGHWAY 417 btwn HWY417 IC127 RAMP67 & HWY417 IC126 RAMP16 (__3ZA2X0),__3ZA2X0,01 - Non intersection,03 - P.D. only,04 - Sideswipe,01 - Clear,01 - Daylight,01 - Dry,10 - No control,,2,0,0,0,,0,,,,,362555.2786,5025189.766,45.36427214,-75.76274034,7301
18--3758,3/27/2018,8:24 AM,NORICE ST @ VIEWMOUNT DR (0001936),1936,03 - At intersection,03 - P.D. only,02 - Angle,01 - Clear,01 - Daylight,01 - Dry,02 - Stop sign,01 - Functioning,2,0,0,0,,0,,,,,363881.6866,5022844.495,45.34305912,-75.74609014,7302
18--3759,3/27/2018,8:30 PM,HIGHWAY 417 btwn HWY417 IC117 RAMP35 & HWY417 IC117 RAMP25 (__3ZA1QA),__3ZA1QA,01 - Non intersection,03 - P.D. only,04 - Sideswipe,02 - Rain,07 - Dark,02 - Wet,10 - No control,,2,0,0,0,,0,,,,,371119.0645,5031333.763,45.41879561,-75.65260707,7303
18--376,1/6/2018,8:35 AM,HIGHWAY 417 btwn HWY417 IC124 RAMP76 & HWY417 IC124 RAMP67 (__3ZA2R7),__3ZA2R7,01 - Non intersection,03 - P.D. only,07 - SMV other,05 - Drifting Snow,01 - Daylight,06 - Ice,10 - No control,,1,0,0,0,,0,,,,,364328.4433,5027402.358,45.38403236,-75.73984076,7304
18--3760,3/27/2018,8:36 AM,RUSSELL RD @ SOUTHVALE CRES N (0002650),2650,03 - At intersection,03 - P.D. only,02 - Angle,01 - Clear,01 - Daylight,01 - Dry,01 - Traffic signal,01 - Functioning,2,0,0,0,,0,,,,,373798.3828,5029097.549,45.39841615,-75.61868901,7305
18--3761,3/27/2018,8:42 AM,SANDALWOOD DR btwn BAYCREST DR & HERON RD (__3ZA9YZ),__3ZA9YZ,01 - Non intersection,03 - P.D. only,06 - SMV unattended vehicle,01 - Clear,01 - Daylight,01 - Dry,10 - No control,,1,0,0,0,,0,,,,,371458.166,5026978.445,45.37957598,-75.64886327,7306
18--3762,3/27/2018,8:45 AM,MCCLELLAN RD btwn GRADY CRES & HOBART CRES (__3ZABRZ),__3ZABRZ,04 - At/near private drive,03 - P.D. only,99 - Other,01 - Clear,01 - Daylight,01 - Dry,10 - No control,,2,0,0,0,,0,,,,,360267.0765,5021196.992,45.32853,-75.79239526,7307
18--3763,3/27/2018,8:51 PM,MITCH OWENS RD btwn SPRATT RD & LIMEBANK RD (__3ZA3H3),__3ZA3H3,04 - At/near private drive,03 - P.D. only,02 - Angle,03 - Snow,07 - Dark,02 - Wet,10 - No control,,2,0,0,0,,0,,,,,370956.7092,5011664.426,45.24183168,-75.65731004,7308
18--3764,3/27/2018,9:22 PM,BANK ST @ JOHNSTON RD (0006967),6967,02 - Intersection related,03 - P.D. only,04 - Sideswipe,01 - Clear,07 - Dark,01 - Dry,01 - Traffic signal,01 - Functioning,2,0,0,0,,0,,,,,370851.7305,5024839.528,45.36038816,-75.6568918,7309
18--3765,3/27/2018,9:58 AM,MOODIE DR btwn FALLOWFIELD RD & BRIDE PRIV (__6KFIGW),__6KFIGW,04 - At/near private drive,03 - P.D. only,99 - Other,01 - Clear,01 - Daylight,01 - Dry,10 - No control,,2,0,0,0,,0,,,,,359543.1324,5014539.567,45.26868277,-75.80236508,7310