Anom_ID,Accident_Date,Accident_Time,Location,Geo_ID,Accident_Location,Classification_of_Accident,Initial_Impact_Type,Environment_Condition,Light,Road_Surface_Condition,Traffic_Control,Traffic_Control_Condition,No__of_Vehicles,No__of_Bicycles,No__of_Motorcycles,No__of_Pedestrians,Max_Injury,No__of_Injuries,No__of_Minimal,No__of_Minor,No__of_Major,No__of_Fatal,X,Y,Latitude,Longitude,ObjectId
18--3766,3/28/2018,1:12 PM,ST. LAURENT BLVD @ COVENTRY RD/OGILVIE RD (0002151),2151,02 - Intersection related,02 - Non-fatal injury,03 - Rear end,01 - Clear,01 - Daylight,01 - Dry,01 - Traffic signal,01 - Functioning,2,0,0,0,02 - Minor,1,,1,,,372305.3711,5031950.878,45.42423467,-75.63736617,7311
18--3767,3/28/2018,1:13 PM,RIVERSIDE DR NB btwn NEIL WAY & PLEASANT PARK RD (__3ZA4S7),__3ZA4S7,01 - Non intersection,02 - Non-fatal injury,07 - SMV other,01 - Clear,01 - Daylight,01 - Dry,10 - No control,,1,0,1,0,02 - Minor,1,,1,,,369513.515,5028352.915,45.39212534,-75.67351105,7312
18--3768,3/28/2018,1:23 PM,MONTREAL RD/HANNAH ST @ CODY AVE (0009349),9349,02 - Intersection related,03 - P.D. only,04 - Sideswipe,01 - Clear,01 - Daylight,01 - Dry,01 - Traffic signal,01 - Functioning,2,0,0,0,,0,,,,,370254.7169,5033169.592,45.43539504,-75.66340612,7313
18--3769,3/28/2018,1:40 PM,OSSINGTON AVE btwn LEONARD AVE & GROSVENOR AVE (__3ZA835),__3ZA835,01 - Non intersection,03 - P.D. only,06 - SMV unattended vehicle,01 - Clear,01 - Daylight,01 - Dry,10 - No control,,1,0,0,0,,0,,,,,368611.6362,5028150.398,45.39038592,-75.68505441,7314
18--377,1/6/2018,8:41 AM,HIGHWAY 417 btwn HWY417 IC115 RAMP36 & HWY417 IC115 RAMP26 (__3ZA2R4),__3ZA2R4,01 - Non intersection,03 - P.D. only,07 - SMV other,06 - Strong wind,01 - Daylight,06 - Ice,10 - No control,,1,0,0,0,,0,,,,,372393.3246,5031513.605,45.4202918,-75.63630236,7315
18--3770,3/28/2018,10:11 PM,MONTREAL RD @ ST. LAURENT BLVD (0002604),2604,03 - At intersection,03 - P.D. only,05 - Turning movement,01 - Clear,07 - Dark,01 - Dry,01 - Traffic signal,01 - Functioning,2,0,0,0,,0,,,,,371543.9607,5033816.898,45.44109733,-75.646842,7316
18--3771,3/28/2018,10:19 AM,FARLANE BLVD btwn BASELINE RD & FARLANE BLVD (__3ZAAPG),__3ZAAPG,01 - Non intersection,03 - P.D. only,07 - SMV other,01 - Clear,01 - Daylight,01 - Dry,10 - No control,,1,0,0,0,,0,,,,,365364.8754,5025504.384,45.3668659,-75.72683982,7317
18--3772,3/28/2018,10:26 AM,MAITLAND AVE/HWY 417 MAITLAND IC126R53 @ HWY 4 (0008229),8229,03 - At intersection,03 - P.D. only,05 - Turning movement,01 - Clear,01 - Daylight,01 - Dry,01 - Traffic signal,01 - Functioning,2,0,0,0,,0,,,,,363229.3415,5025775.215,45.36948408,-75.75406726,7318
18--3773,3/28/2018,10:38 AM,CARLING AVE @ KIRKWOOD AVE N (0002358),2358,02 - Intersection related,03 - P.D. only,04 - Sideswipe,01 - Clear,01 - Daylight,01 - Dry,01 - Traffic signal,01 - Functioning,2,0,0,0,,0,,,,,364275.6922,5027493.534,45.38485722,-75.74050333,7319
18--3774,3/28/2018,11:10 AM,HINCKS LANE @ RIVERSIDE DR (0011354),11354,03 - At intersection,03 - P.D. only,04 - Sideswipe,01 - Clear,01 - Daylight,01 - Dry,01 - Traffic signal,01 - Functioning,2,0,0,0,,0,,,,,370166.7156,5030205.566,45.40873415,-75.66492405,7320
18--3775,3/28/2018,11:24 AM,BLAIR RD @ REGIONAL RD 174 N/OR174 IC112 RAMP61 (0003617),3617,03 - At intersection,03 - P.D. only,02 - Angle,01 - Clear,01 - Daylight,01 - Dry,01 - Traffic signal,01 - Functioning,2,0,0,0,,0,,,,,374634.7309,5032991.575,45.43336963,-75.60745588,7321
18--3776,3/28/2018,Unknown,PATOLA PRIV btwn VERDON PRIV & CUTTS PRIV (__3ZA14R),__3ZA14R,01 - Non intersection,03 - P.D. only,06 - SMV unattended vehicle,00 - Unknown,00 - Unknown,01 - Dry,10 - No control,,1,0,0,0,,0,,,,,371947.9365,5024781.63,45.35976308,-75.64290886,7322
18--3777,3/28/2018,12:27 PM,WOODPARK WAY btwn MASONBROOK ST & MULLCRAFT CRES (__3ZA5AS),__3ZA5AS,04 - At/near private drive,03 - P.D. only,06 - SMV unattended vehicle,01 - Clear,01 - Daylight,01 - Dry,10 - No control,,1,0,0,0,,0,,,,,365227.8833,5017147.099,45.2916798,-75.72960861,7323
18--3778,3/28/2018,12:42 PM,SOMERSET ST    W btwn ARTHUR ST & CAMBRIDGE ST N (__3ZA33I),__3ZA33I,04 - At/near private drive,03 - P.D. only,02 - Angle,01 - Clear,01 - Daylight,01 - Dry,10 - No control,,2,0,0,0,,0,,,,,366876.5501,5030420.083,45.41096387,-75.70692555,7324
18--3779,3/28/2018,2:04 PM,WEST HUNT CLUB RD WB btwn KNOXDALE RD & WOODROFFE AVE (__3ZA17D),__3ZA17D,01 - Non intersection,03 - P.D. only,03 - Rear end,01 - Clear,01 - Daylight,01 - Dry,10 - No control,,2,0,0,0,,0,,,,,362758.074,5020873.852,45.32542111,-75.76065753,7325
18--378,1/6/2018,8:49 AM,HIGHWAY 417 btwn HWY417 IC121B RAMP16 & HWY417 IC121A RAMP16 (__3ZA2YX),__3ZA2YX,01 - Non intersection,03 - P.D. only,07 - SMV other,01 - Clear,01 - Daylight,06 - Ice,10 - No control,,1,0,0,0,,0,,,,,366935.476,5029640.246,45.40394189,-75.70627109,7326
18--3780,3/28/2018,2:32 PM,DU GRAND BOIS AVE btwn DES ARBRES ST & PRESTWICK DR (__3ZA6Q2),__3ZA6Q2,01 - Non intersection,03 - P.D. only,06 - SMV unattended vehicle,01 - Clear,01 - Daylight,01 - Dry,10 - No control,,1,0,0,0,,0,,,,,383475.5471,5036085.14,45.4602641,-75.49398499,7327
18--3781,3/28/2018,3:16 PM,WEST HUNT CLUB RD @ ROYDON PL/SUNDERLAND ST (0009775),9775,02 - Intersection related,03 - P.D. only,03 - Rear end,01 - Clear,01 - Daylight,01 - Dry,01 - Traffic signal,01 - Functioning,2,0,0,0,,0,,,,,365974.7529,5022170.884,45.33681866,-75.71946737,7328
18--3782,3/28/2018,3:17 PM,PRINCE OF WALES DR btwn FALLOWFIELD RD & AMBERWOOD CRES (__3ZA27I),__3ZA27I,01 - Non intersection,03 - P.D. only,04 - Sideswipe,01 - Clear,01 - Daylight,01 - Dry,10 - No control,,2,0,0,0,,0,,,,,367379.6342,5019366.208,45.31145874,-75.70189858,7329
18--3783,3/28/2018,3:40 PM,SMYTH RD E/LANCASTER RD @ ST. LAURENT BLVD N/R (0002256),2256,02 - Intersection related,03 - P.D. only,03 - Rear end,01 - Clear,01 - Daylight,01 - Dry,01 - Traffic signal,01 - Functioning,2,0,0,0,,0,,,,,373364.6212,5029425.012,45.40140512,-75.62418324,7330
18--3784,3/28/2018,3:44 PM,LEMIEUX ST @ ST. LAURENT BLVD (0002021),2021,03 - At intersection,02 - Non-fatal injury,05 - Turning movement,01 - Clear,01 - Daylight,01 - Dry,01 - Traffic signal,01 - Functioning,2,0,0,0,02 - Minor,1,,1,,,372390.6794,5031743.261,45.4223584,-75.63630465,7331
18--3785,3/28/2018,3:49 PM,MOODIE DR @ ROBERTSON RD (0010545),10545,02 - Intersection related,03 - P.D. only,04 - Sideswipe,01 - Clear,01 - Daylight,01 - Dry,01 - Traffic signal,01 - Functioning,3,0,0,0,,0,,,,,357066.652,5020455.478,45.32210342,-75.83329913,7332
18--3786,3/28/2018,4:08 PM,DAUPHIN RD @ HAIG DR (0008357),8357,02 - Intersection related,02 - Non-fatal injury,04 - Sideswipe,01 - Clear,01 - Daylight,02 - Wet,02 - Stop sign,01 - Functioning,2,0,0,0,01 - Minimal,1,1,,,,372370.7247,5028948.545,45.39721471,-75.63694268,7333
18--3787,3/28/2018,4:34 PM,CARLING AVE @ MAITLAND AVE/SHERBOURNE RD (0002641),2641,02 - Intersection related,03 - P.D. only,03 - Rear end,01 - Clear,01 - Daylight,01 - Dry,01 - Traffic signal,00 - Unknown,2,0,0,0,,0,,,,,362941.4257,5026489.987,45.37593946,-75.75765846,7334
18--3788,3/28/2018,4:40 PM,BANK ST btwn ALBION RD & SIEVERIGHT AVE (__3ZA29S),__3ZA29S,01 - Non intersection,03 - P.D. only,03 - Rear end,01 - Clear,01 - Daylight,01 - Dry,10 - No control,,2,0,0,0,,0,,,,,372171.0945,5024135.339,45.35392657,-75.64014882,7335
18--3789,3/28/2018,4:57 PM,HAZELDEAN RD @ JOHNWOODS ST/VICTOR ST (0004683),4683,02 - Intersection related,03 - P.D. only,04 - Sideswipe,01 - Clear,01 - Daylight,01 - Dry,01 - Traffic signal,01 - Functioning,2,0,0,0,,0,,,,,350186.5898,5015396.446,45.27705932,-75.92151782,7336
18--379,1/6/2018,9:35 AM,PERCY ST btwn COOPER ST & SOMERSET ST W (__3ZA0PT),__3ZA0PT,01 - Non intersection,03 - P.D. only,06 - SMV unattended vehicle,01 - Clear,01 - Daylight,06 - Ice,10 - No control,,1,0,0,0,,0,,,,,367075.2568,5030632.755,45.41285978,-75.7043603,7337
18--3790,3/28/2018,4:58 PM,HIGHWAY 417 btwn HWY417 IC121A RAMP51 & HWY417 IC120A RAMP52 (__3ZA2R6),__3ZA2R6,01 - Non intersection,03 - P.D. only,03 - Rear end,01 - Clear,01 - Daylight,02 - Wet,10 - No control,,2,0,0,0,,0,,,,,367226.0093,5029718.59,45.40462096,-75.70255021,7338
18--3791,3/28/2018,5:04 PM,BESSERER ST @ WALLER ST (0008859),8859,02 - Intersection related,03 - P.D. only,04 - Sideswipe,01 - Clear,01 - Daylight,01 - Dry,01 - Traffic signal,01 - Functioning,2,0,0,0,,0,,,,,368315.9335,5032191.977,45.42677761,-75.68830978,7339
18--3792,3/28/2018,5:31 PM,GREENBANK RD @ CANFIELD RD/CRAIG HENRY DR (0000154),154,03 - At intersection,02 - Non-fatal injury,07 - SMV other,01 - Clear,01 - Daylight,01 - Dry,01 - Traffic signal,01 - Functioning,1,0,0,0,02 - Minor,1,,1,,,361107.7251,5021363.796,45.32996396,-75.7816528,7340
18--3793,3/28/2018,6:06 PM,MAITLAND AVE/HWY 417 MAITLAND IC126R53 @ HWY 4 (0008229),8229,03 - At intersection,03 - P.D. only,05 - Turning movement,01 - Clear,05 - Dusk,01 - Dry,01 - Traffic signal,01 - Functioning,2,0,0,0,,0,,,,,363228.6446,5025775.215,45.36948414,-75.75407615,7341
18--3794,3/28/2018,6:14 AM,BRIAN COBURN BLVD @ TENTH LINE RD (0013966),13966,02 - Intersection related,03 - P.D. only,03 - Rear end,02 - Rain,03 - Dawn,02 - Wet,01 - Traffic signal,01 - Functioning,2,0,0,0,,0,,,,,384428.3389,5035022.308,45.45059377,-75.48197576,7342
18--3795,3/28/2018,6:15 PM,ST. LAURENT BLVD @ COVENTRY RD/OGILVIE RD (0002151),2151,02 - Intersection related,02 - Non-fatal injury,04 - Sideswipe,01 - Clear,05 - Dusk,01 - Dry,01 - Traffic signal,01 - Functioning,2,0,0,0,02 - Minor,1,,1,,,372305.7193,5031951.575,45.42424091,-75.63736163,7343
18--3796,3/28/2018,6:49 PM,CARLING AVE/STATION RD @ MARCH RD (0002681),2681,02 - Intersection related,03 - P.D. only,03 - Rear end,01 - Clear,07 - Dark,01 - Dry,01 - Traffic signal,01 - Functioning,3,0,0,0,,0,,,,,350904.9785,5022248.022,45.33866487,-75.91172456,7344
18--3797,3/28/2018,7:03 AM,BRONSON AVE @ SUNNYSIDE AVE/UNIVERSITY RD - CA (0007209),7209,03 - At intersection,02 - Non-fatal injury,07 - SMV other,01 - Clear,03 - Dawn,02 - Wet,01 - Traffic signal,01 - Functioning,1,0,0,1,02 - Minor,1,,1,,,367922.3617,5028092.244,45.38992513,-75.69386377,7345
18--3798,3/28/2018,7:11 AM,GREENBANK RD @ WEST HUNT CLUB RD (0005167),5167,02 - Intersection related,03 - P.D. only,03 - Rear end,01 - Clear,01 - Daylight,01 - Dry,01 - Traffic signal,01 - Functioning,2,0,0,0,,0,,,,,361479.3286,5020503.176,45.3221902,-75.77701096,7346
18--3799,3/28/2018,7:45 AM,SINCLAIR ST btwn MONTREAL RD & LERNER WAY (__3ZA10L),__3ZA10L,01 - Non intersection,03 - P.D. only,02 - Angle,01 - Clear,01 - Daylight,01 - Dry,10 - No control,,2,0,0,0,,0,,,,,375993.2444,5034724.918,45.44882821,-75.58984443,7347
18--38,1/1/2018,9:42 PM,REGIONAL ROAD 174 btwn TRANSIT & OR174 IC109 RAMP56 (__3ZAZ6U),__3ZAZ6U,01 - Non intersection,03 - P.D. only,07 - SMV other,01 - Clear,07 - Dark,06 - Ice,10 - No control,,1,0,0,0,,0,,,,,376298.5367,5034637.801,45.44801322,-75.58595464,7348
18--380,1/6/2018,9:35 AM,HIGHWAY 417 btwn HWY417 IC118 RAMP67 & HWY417 IC117 RAMP36 (__3ZA2YO),__3ZA2YO,01 - Non intersection,03 - P.D. only,07 - SMV other,06 - Strong wind,01 - Daylight,06 - Ice,10 - No control,,1,0,0,0,,0,,,,,370179.5281,5031113.607,45.41690316,-75.66463993,7349
18--3800,3/28/2018,8:06 AM,BANK ST btwn STONE SCHOOL RD & SCRIVENS DR (__3ZA28T),__3ZA28T,01 - Non intersection,03 - P.D. only,07 - SMV other,01 - Clear,01 - Daylight,01 - Dry,10 - No control,,1,0,0,0,,0,,,,,382426.9197,5011294.043,45.2373278,-75.51128299,7350
18--3801,3/28/2018,8:09 AM,HINTON AVE @ WELLINGTON ST (0006520),6520,03 - At intersection,02 - Non-fatal injury,02 - Angle,01 - Clear,01 - Daylight,02 - Wet,02 - Stop sign,01 - Functioning,2,0,0,0,02 - Minor,1,,1,,,365004.6952,5029193.558,45.40009141,-75.73098746,7351
18--3802,3/28/2018,9:30 AM,HIGHWAY 417 btwn HWY417 IC155 RAMP25 & RAMP (__3ZAZN1),__3ZAZN1,01 - Non intersection,03 - P.D. only,07 - SMV other,01 - Clear,01 - Daylight,01 - Dry,10 - No control,,1,0,0,0,,0,,,,,343310.4539,5016559.612,45.28793626,-76.00906495,7352
18--3803,3/28/2018,9:40 AM,HIGHWAY 417 btwn HWY417 IC155 RAMP25 & RAMP (__3ZAZN1),__3ZAZN1,01 - Non intersection,03 - P.D. only,07 - SMV other,01 - Clear,01 - Daylight,01 - Dry,10 - No control,,1,0,0,0,,0,,,,,344040.7955,5015744.01,45.28055672,-75.99981933,7353
18--3804,3/29/2018,10:17 AM,HIGHWAY 417 btwn HWY417 IC155 RAMP61 & HWY417 IC145 RAMP56 (__3ZA2Q2),__3ZA2Q2,01 - Non intersection,03 - P.D. only,07 - SMV other,01 - Clear,01 - Daylight,01 - Dry,10 - No control,,1,0,0,0,,0,,,,,342345.9573,5017466.777,45.29615153,-76.02129134,7354
18--3805,3/29/2018,10:28 PM,NORANDA AVE btwn ST. LAURENT BLVD & SLADEN AVE (__3ZA8WP),__3ZA8WP,01 - Non intersection,03 - P.D. only,06 - SMV unattended vehicle,01 - Clear,07 - Dark,01 - Dry,10 - No control,,1,0,0,0,,0,,,,,371653.6022,5033590.587,45.43905062,-75.6454714,7355
18--3806,3/29/2018,10:45 AM,HUNTMAR DR @ PALLADIUM DR S (0011818),11818,03 - At intersection,03 - P.D. only,05 - Turning movement,02 - Rain,01 - Daylight,02 - Wet,01 - Traffic signal,01 - Functioning,2,0,0,0,,0,,,,,349675.731,5017365.572,45.29481094,-75.92785063,7356
18--3807,3/29/2018,11:43 AM,FOREST ST btwn CARLING AVE & ELMHURST ST (__3ZABWS),__3ZABWS,01 - Non intersection,03 - P.D. only,03 - Rear end,01 - Clear,01 - Daylight,01 - Dry,10 - No control,,2,0,0,0,,0,,,,,360576.7523,5024950.261,45.36227731,-75.78802173,7357
18--3808,3/29/2018,12:06 PM,RIVER RD btwn RIDEAU RD & KNOTT CRES (__3ZBOG5),__3ZBOG5,04 - At/near private drive,03 - P.D. only,05 - Turning movement,01 - Clear,01 - Daylight,01 - Dry,10 - No control,,2,0,0,0,,0,,,,,368070.6414,5012329.324,45.24807971,-75.69398381,7358
18--3809,3/29/2018,12:44 PM,BOOTH ST @ ECCLES ST (0005105),5105,03 - At intersection,02 - Non-fatal injury,02 - Angle,01 - Clear,01 - Daylight,01 - Dry,01 - Traffic signal,01 - Functioning,2,0,0,0,02 - Minor,1,,1,,,366624.0483,5030185.17,45.40887254,-75.7101806,7359
18--381,1/6/2018,9:48 PM,WEST HUNT CLUB RD btwn PRINCE OF WALES DR & HUNT CLUB RD (__3ZA2T4),__3ZA2T4,01 - Non intersection,03 - P.D. only,03 - Rear end,05 - Drifting Snow,07 - Dark,05 - Packed snow,10 - No control,,2,0,0,0,,0,,,,,367743.7891,5021882.789,45.33406997,-75.69693497,7360
18--3810,3/29/2018,12:45 PM,GREENBANK RD @ STRANDHERD DR (0005563),5563,02 - Intersection related,03 - P.D. only,03 - Rear end,01 - Clear,01 - Daylight,01 - Dry,01 - Traffic signal,01 - Functioning,2,0,0,0,,0,,,,,363934.0323,5014783.72,45.27052418,-75.74638398,7361
18--3811,3/29/2018,2:00 AM,BRIDGESTONE DR btwn WINDWAYS CRES & WINDWAYS CRES (__3ZAZZ3),__3ZAZZ3,01 - Non intersection,03 - P.D. only,06 - SMV unattended vehicle,01 - Clear,07 - Dark,01 - Dry,10 - No control,,1,0,0,0,,0,,,,,355068.8979,5015499.159,45.27765143,-75.85928288,7362
18--3812,3/29/2018,2:25 PM,HIGHWAY 7 WB btwn HIGHWAY 417 HWY 7 RAMP 66/76 & HIGHWAY 7 HAZELDEAN IC RAMP 34 (__7JQ7KW),__7JQ7KW,01 - Non intersection,02 - Non-fatal injury,99 - Other,02 - Rain,01 - Daylight,02 - Wet,10 - No control,,2,0,0,0,02 - Minor,1,,1,,,346259.576,5013249.162,45.25797969,-75.97174723,7363
18--3813,3/29/2018,2:30 PM,MITCH OWENS RD btwn SPRATT RD & LIMEBANK RD (__3ZA3H3),__3ZA3H3,01 - Non intersection,03 - P.D. only,03 - Rear end,01 - Clear,01 - Daylight,01 - Dry,10 - No control,,2,0,0,0,,0,,,,,370082.0874,5011125.676,45.23706572,-75.66852031,7364
18--3814,3/29/2018,2:33 PM,ALTA VISTA DR @ SMYTH RD (0011353),11353,02 - Intersection related,03 - P.D. only,04 - Sideswipe,02 - Rain,01 - Daylight,02 - Wet,01 - Traffic signal,01 - Functioning,2,0,0,0,,0,,,,,370432.716,5029081.558,45.39859586,-75.66167579,7365
18--3815,3/29/2018,2:36 PM,BASELINE RD @ CENTREPOINTE DR W/COBDEN RD (0002108),2108,03 - At intersection,03 - P.D. only,05 - Turning movement,02 - Rain,01 - Daylight,02 - Wet,01 - Traffic signal,01 - Functioning,2,0,0,0,,0,,,,,361633.333,5023206.117,45.34649874,-75.77473628,7366
18--3816,3/29/2018,3:05 PM,BASELINE RD @ MERIVALE RD (0002342),2342,02 - Intersection related,02 - Non-fatal injury,03 - Rear end,02 - Rain,01 - Daylight,02 - Wet,01 - Traffic signal,01 - Functioning,2,0,0,0,02 - Minor,1,,1,,,365053.6511,5025325.515,45.36528329,-75.7308343,7367
18--3817,3/29/2018,3:14 PM,BANK ST @ FOXBAR AVE (0011299),11299,02 - Intersection related,03 - P.D. only,03 - Rear end,01 - Clear,01 - Daylight,01 - Dry,02 - Stop sign,01 - Functioning,3,0,0,0,,0,,,,,370474.03,5025620.187,45.36744777,-75.66160863,7368
18--3818,3/29/2018,3:31 PM,KENDER AVE @ OGILVIE RD (0009451),9451,02 - Intersection related,03 - P.D. only,04 - Sideswipe,02 - Rain,01 - Daylight,02 - Wet,02 - Stop sign,01 - Functioning,2,0,0,0,,0,,,,,375256.7201,5035525.6,45.4561069,-75.5991445,7369
18--3819,3/29/2018,3:41 PM,TERRY FOX DR @ PALLADIUM DR/KATIMAVIK RD (0011858),11858,02 - Intersection related,02 - Non-fatal injury,03 - Rear end,02 - Rain,01 - Daylight,02 - Wet,01 - Traffic signal,01 - Functioning,2,0,0,0,01 - Minimal,1,1,,,,351267.9758,5018181.775,45.30205187,-75.90747466,7370
18--382,1/6/2018,9:53 AM,JEANNE D'ARC BLVD @ ORLEANS BLVD S (0004154),4154,03 - At intersection,02 - Non-fatal injury,05 - Turning movement,01 - Clear,01 - Daylight,01 - Dry,01 - Traffic signal,01 - Functioning,2,0,0,0,02 - Minor,1,,1,,,380940.3961,5036250.58,45.46203348,-75.52637125,7371
18--3820,3/29/2018,3:59 PM,CYRVILLE RD @ OGILVIE RD (0003554),3554,02 - Intersection related,03 - P.D. only,04 - Sideswipe,02 - Rain,01 - Daylight,02 - Wet,01 - Traffic signal,01 - Functioning,2,0,0,0,,0,,,,,372453.719,5032005.569,45.42471243,-75.63546318,7372
18--3821,3/29/2018,4:02 PM,TERRY FOX DR @ WESTPHALIAN AVE (0014366),14366,03 - At intersection,03 - P.D. only,02 - Angle,02 - Rain,01 - Daylight,02 - Wet,01 - Traffic signal,01 - Functioning,2,0,0,0,,0,,,,,353455.2261,5015759.789,45.28011017,-75.87982363,7373
18--3822,3/29/2018,4:37 PM,ST. LAURENT BLVD btwn COVENTRY RD & LEMIEUX ST (__3ZA2C9),__3ZA2C9,01 - Non intersection,03 - P.D. only,03 - Rear end,01 - Clear,01 - Daylight,01 - Dry,10 - No control,,2,0,0,0,,0,,,,,372336.73,5031872.829,45.4235294,-75.63697619,7374
18--3823,3/29/2018,4:47 PM,RIVERSIDE DR @ HERON RD (0002236),2236,02 - Intersection related,03 - P.D. only,03 - Rear end,02 - Rain,01 - Daylight,02 - Wet,01 - Traffic signal,01 - Functioning,2,0,0,0,,0,,,,,368120.0596,5026648.615,45.37691791,-75.6915244,7375
18--3824,3/29/2018,5:00 PM,SMYTH RD btwn HAIG DR & SAUNDERSON DR (__3ZA3RZ),__3ZA3RZ,01 - Non intersection,03 - P.D. only,04 - Sideswipe,01 - Clear,01 - Daylight,01 - Dry,10 - No control,,2,0,0,0,,0,,,,,372585.4307,5029300.812,45.4003635,-75.63415222,7376
18--3825,3/29/2018,5:00 PM,MERIVALE RD btwn WEST HUNT CLUB RD & JAMIE AVE (__3ZA3JU),__3ZA3JU,04 - At/near private drive,03 - P.D. only,05 - Turning movement,02 - Rain,01 - Daylight,02 - Wet,10 - No control,,2,0,0,0,,0,,,,,365626.9809,5021909.746,45.33449921,-75.72393631,7377
18--3826,3/29/2018,5:08 PM,BASELINE RD @ NAVAHO DR (0003158),3158,02 - Intersection related,03 - P.D. only,04 - Sideswipe,02 - Rain,01 - Daylight,02 - Wet,01 - Traffic signal,01 - Functioning,2,0,0,0,,0,,,,,363085.6906,5024097.507,45.35440021,-75.75609888,7378
18--3827,3/29/2018,5:45 PM,HIGHWAY 417 btwn HWY417 IC121B RAMP16 & HWY417 IC121A RAMP16 (__3ZA2YX),__3ZA2YX,01 - Non intersection,03 - P.D. only,04 - Sideswipe,02 - Rain,01 - Daylight,02 - Wet,10 - No control,,2,0,0,0,,0,,,,,366582.3542,5029536.394,45.40303871,-75.7107945,7379
18--3828,3/29/2018,5:54 PM,INDUSTRIAL AVE btwn TRAINYARDS DR & RUSSELL RD (__3ZA3R9),__3ZA3R9,01 - Non intersection,03 - P.D. only,04 - Sideswipe,02 - Rain,01 - Daylight,02 - Wet,10 - No control,,2,0,0,0,,0,,,,,371785.4167,5030523.491,45.41144166,-75.64420383,7380
18--3829,3/29/2018,6:05 PM,GREENBANK RD btwn NE/OT BOUNDARY & MONTEREY DR (__3ZBPHX),__3ZBPHX,01 - Non intersection,03 - P.D. only,03 - Rear end,01 - Clear,05 - Dusk,02 - Wet,10 - No control,,2,0,0,0,,0,,,,,360619.6355,5022529.448,45.34049149,-75.78774765,7381
18--383,1/6/2018,9:54 AM,HIGHWAY 416 btwn HWY416 IC66 RAMP24 & HWY416 IC57 RAMP62 (__3ZA1OI),__3ZA1OI,01 - Non intersection,03 - P.D. only,07 - SMV other,01 - Clear,01 - Daylight,06 - Ice,10 - No control,,1,0,0,0,,0,,,,,363801.7765,5009898.21,45.22657519,-75.74864915,7382
18--3830,3/29/2018,6:17 PM,HAIG DR @ PLEASANT PARK RD (0008323),8323,03 - At intersection,03 - P.D. only,02 - Angle,02 - Rain,05 - Dusk,02 - Wet,02 - Stop sign,01 - Functioning,2,0,0,0,,0,,,,,372402.7359,5028586.55,45.39395454,-75.63658347,7383
18--3831,3/29/2018,6:21 PM,INVERNESS AVE @ MEADOWLANDS DR (0001758),1758,02 - Intersection related,03 - P.D. only,03 - Rear end,02 - Rain,05 - Dusk,02 - Wet,01 - Traffic signal,00 - Unknown,3,0,0,0,,0,,,,,365748.3534,5024715.829,45.35973738,-75.72204212,7384
18--3832,3/29/2018,7:26 PM,HAZELDEAN RD @ HUNTMAR DR/IBER RD (0000075),75,03 - At intersection,03 - P.D. only,05 - Turning movement,02 - Rain,07 - Dark,02 - Wet,01 - Traffic signal,01 - Functioning,3,0,0,0,,0,,,,,350943.6432,5016081.523,45.28317457,-75.91180548,7385
18--3833,3/29/2018,7:36 PM,BLACKBURN BYPASS @ NAVAN RD (0004201),4201,02 - Intersection related,02 - Non-fatal injury,04 - Sideswipe,02 - Rain,07 - Dark,02 - Wet,01 - Traffic signal,01 - Functioning,2,0,0,0,01 - Minimal,1,1,,,,379617.7471,5033274.562,45.43540038,-75.54373454,7386
18--3834,3/29/2018,8:05 AM,KAREN WAY @ ST. LAURENT BLVD (0007145),7145,02 - Intersection related,03 - P.D. only,03 - Rear end,01 - Clear,01 - Daylight,01 - Dry,02 - Stop sign,01 - Functioning,2,0,0,0,,0,,,,,371270.7967,5034480.792,45.44709676,-75.65024367,7387
18--3835,3/29/2018,8:12 PM,HIGHWAY 417 btwn HWY417 IC155 RAMP61 & HWY417 IC145 RAMP56 (__3ZA2Q2),__3ZA2Q2,01 - Non intersection,03 - P.D. only,07 - SMV other,02 - Rain,07 - Dark,02 - Wet,10 - No control,,1,0,0,0,,0,,,,,344097.5942,5015737.711,45.28049687,-75.99909588,7388
18--3836,3/29/2018,8:15 AM,HAWTHORNE AVE @ MAIN ST (0006919),6919,02 - Intersection related,03 - P.D. only,04 - Sideswipe,01 - Clear,01 - Daylight,01 - Dry,01 - Traffic signal,01 - Functioning,2,0,0,0,,0,,,,,368970.7097,5030632.568,45.41268685,-75.68014614,7389
18--3837,3/29/2018,8:20 PM,EARL ARMSTRONG RD @ RIVER RD (0012470),12470,02 - Intersection related,03 - P.D. only,04 - Sideswipe,02 - Rain,07 - Dark,02 - Wet,01 - Traffic signal,01 - Functioning,2,0,0,0,,0,,,,,367572.7187,5014684.397,45.2693151,-75.70002879,7390
18--3838,3/29/2018,8:26 PM,BANK ST btwn JOHN QUINN RD & TURN LANE (__3ZA277),__3ZA277,01 - Non intersection,03 - P.D. only,07 - SMV other,01 - Clear,07 - Dark,01 - Dry,10 - No control,,1,0,0,0,,0,,,,,383625.3597,5010306.076,45.22830544,-75.49617757,7391
18--3839,3/29/2018,8:30 AM,ELGIN ST @ WELLINGTON ST W (0002113),2113,03 - At intersection,03 - P.D. only,05 - Turning movement,01 - Clear,01 - Daylight,01 - Dry,01 - Traffic signal,01 - Functioning,2,0,0,0,,0,,,,,367664.066,5031878.485,45.42401581,-75.69667938,7392
18--384,1/7/2018,1:03 PM,BRONSON AVE @ FIFTH AVE/MADAWASKA DR (0006977),6977,03 - At intersection,02 - Non-fatal injury,05 - Turning movement,03 - Snow,01 - Daylight,02 - Wet,01 - Traffic signal,01 - Functioning,2,0,0,0,02 - Minor,1,,1,,,367614.0611,5028938.554,45.39756771,-75.69769295,7393