Anom_ID,Accident_Date,Accident_Time,Location,Geo_ID,Accident_Location,Classification_of_Accident,Initial_Impact_Type,Environment_Condition,Light,Road_Surface_Condition,Traffic_Control,Traffic_Control_Condition,No__of_Vehicles,No__of_Bicycles,No__of_Motorcycles,No__of_Pedestrians,Max_Injury,No__of_Injuries,No__of_Minimal,No__of_Minor,No__of_Major,No__of_Fatal,X,Y,Latitude,Longitude,ObjectId
18--3840,3/29/2018,8:40 PM,BANK ST btwn JOHN QUINN RD & TURN LANE (__3ZA277),__3ZA277,01 - Non intersection,03 - P.D. only,07 - SMV other,01 - Clear,07 - Dark,01 - Dry,10 - No control,,1,0,0,0,,0,,,,,383488.6411,5010624.364,45.23118452,-75.49786805,7394
18--3841,3/29/2018,8:45 AM,FISHER AVE @ SHILLINGTON AVE (0006792),6792,02 - Intersection related,03 - P.D. only,03 - Rear end,01 - Clear,01 - Daylight,01 - Dry,01 - Traffic signal,01 - Functioning,2,0,0,0,,0,,,,,365627.041,5027296.545,45.38296871,-75.72327263,7395
18--3842,3/29/2018,9:03 PM,TERRY FOX DR btwn MAPLE GROVE RD & WALTER BAKER PL (__3ZBOBD),__3ZBOBD,01 - Non intersection,03 - P.D. only,03 - Rear end,02 - Rain,07 - Dark,02 - Wet,10 - No control,,3,0,0,0,,0,,,,,351709.8301,5017688.042,45.29757976,-75.90188748,7396
18--3843,3/29/2018,9:25 AM,HIGHWAY 417 btwn HWY417 IC129 RAMP25 & TRANSIT (__3ZA2SH),__3ZA2SH,01 - Non intersection,03 - P.D. only,03 - Rear end,01 - Clear,01 - Daylight,01 - Dry,10 - No control,,3,0,0,0,,0,,,,,361831.2535,5024595.132,45.35898095,-75.77205055,7397
18--3844,3/29/2018,9:30 PM,TERRY FOX DR @ EDGEWATER ST/WALTER BAKER PL (0002699),2699,02 - Intersection related,03 - P.D. only,04 - Sideswipe,02 - Rain,07 - Dark,02 - Wet,01 - Traffic signal,01 - Functioning,2,0,0,0,,0,,,,,351777.6082,5017613.45,45.29690403,-75.90103041,7398
18--3845,3/29/2018,9:39 PM,ISLAND PARK DR btwn CARLING AVE & HOLLAND AVE (__3ZA23T),__3ZA23T,01 - Non intersection,03 - P.D. only,07 - SMV other,02 - Rain,07 - Dark,02 - Wet,10 - No control,,1,0,0,0,,0,,,,,365376.4383,5027967.13,45.38902421,-75.7263901,7399
18--3846,3/29/2018,9:45 AM,ISLAND PARK DR btwn BASSETT LANE & BYRON AVE (__3ZA234),__3ZA234,01 - Non intersection,03 - P.D. only,03 - Rear end,01 - Clear,01 - Daylight,01 - Dry,10 - No control,,2,0,0,0,,0,,,,,364252.8741,5028610.146,45.39490623,-75.74066016,7400
18--3667,3/24/2018,9:36 PM,ALBERT ST btwn KENT ST & BANK ST (__3ZA3CA),__3ZA3CA,01 - Non intersection,03 - P.D. only,06 - SMV unattended vehicle,01 - Clear,07 - Dark,01 - Dry,10 - No control,,1,0,0,0,,0,,,,,367364.9733,5031410.333,45.41983034,-75.70056047,7401
18--3668,3/24/2018,9:39 PM,FRANK KENNY RD E @ INNES RD (0004625),4625,02 - Intersection related,03 - P.D. only,05 - Turning movement,01 - Clear,07 - Dark,01 - Dry,02 - Stop sign,01 - Functioning,2,0,0,0,,0,,,,,387870.1706,5037736.869,45.47461591,-75.43752174,7402
18--3669,3/25/2018,1:10 PM,O'CONNOR ST @ SLATER ST (0002230),2230,03 - At intersection,03 - P.D. only,02 - Angle,01 - Clear,01 - Daylight,01 - Dry,01 - Traffic signal,01 - Functioning,2,0,0,0,,0,,,,,367579.705,5031450.576,45.4201732,-75.69781183,7403
18--367,1/6/2018,7:30 PM,AMIENS ST @ TENTH LINE RD (0004168),4168,02 - Intersection related,03 - P.D. only,03 - Rear end,03 - Snow,07 - Dark,03 - Loose snow,01 - Traffic signal,01 - Functioning,2,0,0,0,,0,,,,,383352.7276,5037568.225,45.47362139,-75.49531819,7404
18--3670,3/25/2018,10:11 AM,HOLLAND AVE @ RUSKIN ST (0006676),6676,03 - At intersection,03 - P.D. only,02 - Angle,01 - Clear,01 - Daylight,01 - Dry,02 - Stop sign,01 - Functioning,2,0,0,0,,0,,,,,365279.7027,5028350.556,45.39248256,-75.72757838,7405
18--3671,3/25/2018,10:58 PM,FINLAND PRIV E @ LORRY GREENBERG DR (0011331),11331,03 - At intersection,03 - P.D. only,06 - SMV unattended vehicle,01 - Clear,07 - Dark,01 - Dry,02 - Stop sign,00 - Unknown,1,0,0,0,,0,,,,,373255.8106,5025484.877,45.36596413,-75.62611938,7406
18--3672,3/25/2018,10:59 PM,DALY AVE btwn MACKENZIE AVE & NICHOLAS ST (__3ZA8JX),__3ZA8JX,01 - Non intersection,03 - P.D. only,04 - Sideswipe,01 - Clear,07 - Dark,01 - Dry,10 - No control,,2,0,0,0,,0,,,,,368184.5484,5032019.795,45.4252403,-75.69001078,7407
18--3673,3/25/2018,11:10 AM,COVENTRY RD @ VANIER PKWY (0002139),2139,02 - Intersection related,03 - P.D. only,04 - Sideswipe,01 - Clear,01 - Daylight,01 - Dry,01 - Traffic signal,01 - Functioning,2,0,0,0,,0,,,,,370676.385,5031611.703,45.42133822,-75.65822564,7408
18--3674,3/25/2018,11:11 PM,PLACE D'ORLEANS DR btwn CENTRUM BLVD & ST. JOSEPH BLVD (__3ZA2FM),__3ZA2FM,04 - At/near private drive,03 - P.D. only,02 - Angle,01 - Clear,07 - Dark,01 - Dry,10 - No control,,2,0,0,0,,0,,,,,381977.1502,5038059.152,45.47819171,-75.51283191,7409
18--3397,3/15/2018,9:54 AM,MELFA CIRC btwn MELFA CRES & END (__3ZA9X8),__3ZA9X8,01 - Non intersection,03 - P.D. only,07 - SMV other,01 - Clear,01 - Daylight,03 - Loose snow,10 - No control,,1,0,0,0,,0,,,,,367526.0763,5025494.54,45.36658725,-75.69925423,7410
18--4027,4/5/2018,9:12 AM,BASELINE RD btwn SOUTHWOOD DR & COBDEN RD (__3ZA4MP),__3ZA4MP,01 - Non intersection,03 - P.D. only,03 - Rear end,01 - Clear,01 - Daylight,01 - Dry,10 - No control,,2,0,0,0,,0,,,,,361618.6988,5023199.148,45.34643722,-75.77492381,7411
18--3675,3/25/2018,11:35 AM,ALBERT ST @ KENT ST (OTTAWA) (0003136),3136,03 - At intersection,03 - P.D. only,05 - Turning movement,01 - Clear,01 - Daylight,01 - Dry,01 - Traffic signal,01 - Functioning,2,0,0,0,,0,,,,,367221.3464,5031320.27,45.41903281,-75.70240693,7412
18--3676,3/25/2018,12:11 PM,HAZELDEAN RD @ HUNTMAR DR/IBER RD (0000075),75,02 - Intersection related,02 - Non-fatal injury,03 - Rear end,01 - Clear,01 - Daylight,01 - Dry,01 - Traffic signal,01 - Functioning,2,0,0,0,02 - Minor,1,,1,,,350942.3366,5016079.432,45.28315584,-75.91182233,7413
18--3677,3/25/2018,12:25 PM,BASELINE RD @ CLYDE AVE (0002343),2343,03 - At intersection,03 - P.D. only,02 - Angle,01 - Clear,01 - Daylight,01 - Dry,01 - Traffic signal,01 - Functioning,2,0,0,0,,0,,,,,364358.3549,5024891.907,45.36144117,-75.73976155,7414
18--3678,3/25/2018,2:04 PM,CARLING AVE @ BROADVIEW AVE (0006707),6707,03 - At intersection,02 - Non-fatal injury,02 - Angle,01 - Clear,01 - Daylight,01 - Dry,01 - Traffic signal,01 - Functioning,2,0,0,0,02 - Minor,1,,1,,,363180.6862,5026638.541,45.37725623,-75.75458631,7415
18--3679,3/25/2018,2:25 PM,BANK ST @ DAVIDSON RD/LESTER RD (0008797),8797,03 - At intersection,03 - P.D. only,05 - Turning movement,01 - Clear,01 - Daylight,01 - Dry,01 - Traffic signal,01 - Functioning,2,0,0,0,,0,,,,,373672.7382,5022923.513,45.34287715,-75.62115448,7416
18--368,1/6/2018,7:30 PM,HWY417 IC140 RAMP35 btwn TERRY FOX DR & HIGHWAY 417 (__3ZAY6Q),__3ZAY6Q,01 - Non intersection,03 - P.D. only,07 - SMV other,01 - Clear,07 - Dark,06 - Ice,10 - No control,,1,0,0,0,,0,,,,,350877.9629,5018493.373,45.3048814,-75.91241859,7417
18--3680,3/25/2018,2:26 PM,RICHMOND RD btwn MCRAE AVE & CLIFTON RD (__3ZA4OB),__3ZA4OB,01 - Non intersection,03 - P.D. only,03 - Rear end,01 - Clear,01 - Daylight,01 - Dry,10 - No control,,3,0,0,0,,0,,,,,363618.4007,5028544.827,45.39437208,-75.74877082,7418
18--3681,3/25/2018,4:13 PM,SMYTH RD/OTHELLO AVE @ RUSSELL RD W (0007730),7730,02 - Intersection related,03 - P.D. only,04 - Sideswipe,01 - Clear,01 - Daylight,01 - Dry,01 - Traffic signal,01 - Functioning,2,0,0,0,,0,,,,,373255.7362,5029373.546,45.40095271,-75.62558107,7419
18--3682,3/25/2018,5:07 PM,AIRPORT PKWY @ UPLANDS DR RAMP 62 (0004115),4115,02 - Intersection related,02 - Non-fatal injury,05 - Turning movement,01 - Clear,01 - Daylight,01 - Dry,03 - Yield sign,01 - Functioning,2,0,0,0,02 - Minor,1,,1,,,371296.2168,5021621.791,45.33139394,-75.65165143,7420
18--3683,3/25/2018,5:34 PM,HUNT CLUB RD @ RIVERSIDE DR (0002237),2237,02 - Intersection related,03 - P.D. only,03 - Rear end,01 - Clear,01 - Daylight,01 - Dry,01 - Traffic signal,01 - Functioning,2,0,0,0,,0,,,,,368035.6577,5021946.195,45.33461424,-75.69320345,7421
18--3684,3/25/2018,6:55 PM,BASELINE RD @ CEDARVIEW RD (0010259),10259,02 - Intersection related,02 - Non-fatal injury,03 - Rear end,01 - Clear,05 - Dusk,01 - Dry,01 - Traffic signal,01 - Functioning,2,0,0,0,02 - Minor,1,,1,,,358968.7102,5021675.187,45.33293423,-75.80890522,7422
18--3685,3/25/2018,7:36 PM,WEST HUNT CLUB RD @ ROYDON PL/SUNDERLAND ST (0009775),9775,02 - Intersection related,03 - P.D. only,05 - Turning movement,01 - Clear,07 - Dark,01 - Dry,01 - Traffic signal,00 - Unknown,2,0,0,0,,0,,,,,365973.3592,5022170.884,45.33681878,-75.71948516,7423
18--3686,3/25/2018,8:11 PM,BLOHM DR @ HUNT CLUB RD (0011392),11392,03 - At intersection,03 - P.D. only,05 - Turning movement,01 - Clear,07 - Dark,01 - Dry,01 - Traffic signal,01 - Functioning,2,0,0,0,,0,,,,,375130.0944,5026188.821,45.37211234,-75.60209569,7424
18--3687,3/25/2018,8:13 AM,NAVAHO DR @ WOODROFFE AVE/TRANSITWAY N BASELIN (0010359),10359,03 - At intersection,03 - P.D. only,05 - Turning movement,01 - Clear,01 - Daylight,01 - Dry,01 - Traffic signal,01 - Functioning,2,0,0,0,,0,,,,,362706.5903,5023491.407,45.34897798,-75.76100791,7425
18--3688,3/25/2018,8:22 AM,STONEHAVEN DR btwn TAMARA WAY & BRIDGESTONE DR (__3ZBO77),__3ZBO77,01 - Non intersection,03 - P.D. only,07 - SMV other,01 - Clear,01 - Daylight,01 - Dry,10 - No control,,1,0,0,0,,0,,,,,355070.3534,5016983.402,45.29100686,-75.85911396,7426
18--3689,3/25/2018,9:28 PM,BEARBROOK RD/ROCKCLIFFE PKWY @ ST. JOSEPH BLVD (0012382),12382,02 - Intersection related,03 - P.D. only,07 - SMV other,01 - Clear,07 - Dark,01 - Dry,01 - Traffic signal,01 - Functioning,1,0,0,0,,0,,,,,377128.8724,5035239.57,45.45334211,-75.57525244,7427
18--369,1/6/2018,7:31 PM,MAIN ST btwn OBLATE AVE & HAZEL ST (__3ZA3B8),__3ZA3B8,01 - Non intersection,03 - P.D. only,03 - Rear end,01 - Clear,07 - Dark,02 - Wet,10 - No control,,2,0,0,0,,0,,,,,369154.9637,5030201.23,45.4087889,-75.67784864,7428
18--3690,3/26/2018,1:02 PM,ST. LAURENT BLVD btwn SHORE ST & BELFAST RD (__3ZA2GU),__3ZA2GU,01 - Non intersection,03 - P.D. only,03 - Rear end,01 - Clear,01 - Daylight,01 - Dry,10 - No control,,3,0,0,0,,0,,,,,372819.0773,5030681.859,45.41276688,-75.63097759,7429
18--3691,3/26/2018,1:10 PM,MERIVALE RD @ FAMILY BROWN LANE (0010933),10933,02 - Intersection related,03 - P.D. only,03 - Rear end,01 - Clear,01 - Daylight,01 - Dry,01 - Traffic signal,01 - Functioning,4,0,0,0,,0,,,,,365003.9138,5023386.364,45.34783937,-75.73170533,7430
18--3692,3/26/2018,10:13 AM,CAMPEAU DR/HWY 417 MARCH IC138R63 @ MARCH RD (0009710),9710,02 - Intersection related,02 - Non-fatal injury,03 - Rear end,01 - Clear,01 - Daylight,02 - Wet,01 - Traffic signal,01 - Functioning,2,0,0,0,01 - Minimal,1,1,,,,352842.6702,5020477.86,45.32260661,-75.88717382,7431
18--3693,3/26/2018,12:11 PM,BANK ST @ HUNT CLUB RD (0002119),2119,02 - Intersection related,02 - Non-fatal injury,03 - Rear end,01 - Clear,01 - Daylight,01 - Dry,01 - Traffic signal,01 - Functioning,2,0,0,0,02 - Minor,1,,1,,,371608.3881,5024097.203,45.35363727,-75.64733494,7432
18--3694,3/26/2018,12:19 PM,TRAINYARDS DR @ RAILMARKET (0012246),12246,03 - At intersection,03 - P.D. only,04 - Sideswipe,01 - Clear,01 - Daylight,01 - Dry,01 - Traffic signal,01 - Functioning,2,0,0,0,,0,,,,,371754.8166,5030717.959,45.41319433,-75.64456831,7433
18--3695,3/26/2018,12:23 PM,SANTOLINA ST btwn ASTELIA CRES & ESCALLONIA CRT (e___1G9C),e___1G9C,04 - At/near private drive,03 - P.D. only,02 - Angle,01 - Clear,01 - Daylight,01 - Dry,10 - No control,,2,0,0,0,,0,,,,,349897.332,5016040.064,45.28286942,-75.92514593,7434
18--3696,3/26/2018,12:48 PM,DUNROBIN RD @ KINBURN SIDE RD (0001688),1688,03 - At intersection,03 - P.D. only,02 - Angle,01 - Clear,01 - Daylight,01 - Dry,02 - Stop sign,01 - Functioning,2,0,0,0,,0,,,,,338029.599,5035929.628,45.46250465,-76.07508044,7435
18--3697,3/26/2018,2:01 PM,INNES RD btwn BELCOURT BLVD & 260 E OF BELCOURT BLVD/WALMART SC (__3ZA3JWA),__3ZA3JWA,01 - Non intersection,03 - P.D. only,03 - Rear end,01 - Clear,01 - Daylight,01 - Dry,10 - No control,,2,0,0,0,,0,,,,,382170.7507,5035298.208,45.45332967,-75.51079055,7436
18--3698,3/26/2018,3:30 PM,MITCH OWENS RD @ STAGECOACH RD (0003576),3576,03 - At intersection,03 - P.D. only,07 - SMV other,01 - Clear,01 - Daylight,01 - Dry,01 - Traffic signal,01 - Functioning,1,0,0,0,,0,,,,,375399.4063,5014485.852,45.26678654,-75.60032591,7437
18--3699,3/26/2018,3:38 PM,BLAIR RD @ MONTREAL RD (0009277),9277,02 - Intersection related,03 - P.D. only,03 - Rear end,01 - Clear,01 - Daylight,01 - Dry,01 - Traffic signal,00 - Unknown,2,0,0,0,,0,,,,,374018.6749,5034438.191,45.44644675,-75.61512518,7438
18--37,1/1/2018,9:25 AM,HWY417 IC126 RAMP25 btwn HWY417 IC126 RAMP55 & HIGHWAY 417 (__3ZAYAC),__3ZAYAC,01 - Non intersection,03 - P.D. only,07 - SMV other,01 - Clear,01 - Daylight,06 - Ice,10 - No control,,1,0,0,0,,0,,,,,363313.9721,5026010.473,45.37159384,-75.75295905,7439
18--370,1/6/2018,7:31 PM,BLAIR RD @ INNES RD (0004165),4165,02 - Intersection related,03 - P.D. only,03 - Rear end,04 - Freezing Rain,07 - Dark,06 - Ice,01 - Traffic signal,01 - Functioning,2,0,0,0,,0,,,,,375578.7348,5031439.556,45.41931054,-75.59561528,7440
18--3700,3/26/2018,3:45 PM,PRINCE OF WALES DR @ WEST HUNT CLUB RD (0000567),567,02 - Intersection related,02 - Non-fatal injury,03 - Rear end,01 - Clear,01 - Daylight,01 - Dry,01 - Traffic signal,01 - Functioning,2,0,0,0,01 - Minimal,1,1,,,,367458.3619,5021891.503,45.33417392,-75.70057511,7441
18--3701,3/26/2018,3:47 PM,REGIONAL RD 174 EB btwn REGIONAL RD 174 & TRIM RD (__3ZA1L6),__3ZA1L6,01 - Non intersection,02 - Non-fatal injury,03 - Rear end,01 - Clear,01 - Daylight,01 - Dry,10 - No control,,2,0,0,0,02 - Minor,2,,2,,,384443.8506,5040025.782,45.49560853,-75.48096643,7442
18--3702,3/26/2018,4:00 PM,DONALD ST @ ST. LAURENT BLVD (0008630),8630,03 - At intersection,03 - P.D. only,05 - Turning movement,01 - Clear,01 - Daylight,01 - Dry,01 - Traffic signal,01 - Functioning,2,0,0,0,,0,,,,,372093.3645,5032473.282,45.42895545,-75.64000367,7443
18--3703,3/26/2018,4:07 PM,BANK ST btwn CAHILL DR & TURN LANE (1) (__3ZA3HV),__3ZA3HV,01 - Non intersection,03 - P.D. only,04 - Sideswipe,01 - Clear,01 - Daylight,01 - Dry,10 - No control,,2,0,0,0,,0,,,,,371497.3596,5024138.518,45.35401958,-75.64874625,7444
18--3704,3/26/2018,4:22 PM,THOMAS ST @ ALEXANDER ST (0008530),8530,03 - At intersection,03 - P.D. only,02 - Angle,01 - Clear,01 - Daylight,01 - Dry,02 - Stop sign,01 - Functioning,2,0,0,0,,0,,,,,367995.7002,5033972.6,45.44282803,-75.69217316,7445
18--3705,3/26/2018,4:35 PM,ST. LAURENT BLVD @ MCARTHUR AVE (0008246),8246,02 - Intersection related,03 - P.D. only,03 - Rear end,01 - Clear,01 - Daylight,01 - Dry,01 - Traffic signal,01 - Functioning,2,0,0,0,,0,,,,,371921.7738,5032887.472,45.43269863,-75.64213986,7446
18--3706,3/26/2018,5:18 PM,CARLING AVE @ KIRKWOOD AVE N (0002358),2358,03 - At intersection,03 - P.D. only,05 - Turning movement,01 - Clear,01 - Daylight,01 - Dry,01 - Traffic signal,01 - Functioning,2,0,0,0,,0,,,,,364275.3939,5027495.04,45.3848708,-75.74050696,7447
18--3707,3/26/2018,5:23 PM,"MONTREAL RD btwn EGLISE, RUE DE L & ST. LAURENT BLVD (__3ZA3ML)",__3ZA3ML,01 - Non intersection,03 - P.D. only,03 - Rear end,01 - Clear,01 - Daylight,01 - Dry,10 - No control,,2,0,0,0,,0,,,,,371174.7834,5033642.646,45.43956464,-75.65158401,7448
18--3708,3/26/2018,5:24 PM,HAZELDEAN RD @ CARBROOKE ST/IRWIN GATE (0003187),3187,03 - At intersection,03 - P.D. only,05 - Turning movement,01 - Clear,01 - Daylight,01 - Dry,01 - Traffic signal,01 - Functioning,2,0,0,0,,0,,,,,353417.6921,5018265.577,45.30266044,-75.88005642,7449
18--3709,3/26/2018,6:24 PM,MEADOWLANDS DR @ MERIVALE RD (0000625),625,03 - At intersection,03 - P.D. only,05 - Turning movement,01 - Clear,07 - Dark,01 - Dry,01 - Traffic signal,01 - Functioning,2,0,0,0,,0,,,,,364858.3515,5023724.814,45.35089718,-75.73352166,7450
18--371,1/6/2018,7:45 AM,HIGHWAY 417 btwn HWY417 IC115 RAMP61 & REGIONAL ROAD 174 (__3ZA2XG),__3ZA2XG,01 - Non intersection,03 - P.D. only,04 - Sideswipe,01 - Clear,03 - Dawn,06 - Ice,10 - No control,,2,0,0,0,,0,,,,,373174.6884,5031684.669,45.42175502,-75.62629563,7451
18--3710,3/26/2018,6:35 AM,GALETTA SIDE RD btwn LOGGERS WAY & JOHN SHAW RD (__3ZA4RA),__3ZA4RA,01 - Non intersection,03 - P.D. only,07 - SMV other,01 - Clear,03 - Dawn,01 - Dry,10 - No control,,1,0,0,0,,0,,,,,325089.6971,5032640.016,45.43339901,-76.24068132,7452
18--3711,3/26/2018,6:54 PM,BRONSON AVE @ CARLING AVE/GLEBE AVE (0002134),2134,03 - At intersection,03 - P.D. only,03 - Rear end,01 - Clear,05 - Dusk,01 - Dry,01 - Traffic signal,01 - Functioning,2,0,0,0,,0,,,,,367447.3586,5029335.562,45.40115481,-75.69977156,7453
18--5418,5/20/2018,12:50 PM,PRINCE OF WALES DR @ MEADOWLANDS DR/HOG'S BACK (0001629),1629,03 - At intersection,03 - P.D. only,05 - Turning movement,01 - Clear,01 - Daylight,01 - Dry,01 - Traffic signal,01 - Functioning,3,0,0,0,,0,,,,,367371.9733,5025693.916,45.36839496,-75.70119603,9773
18--3713,3/26/2018,7:21 AM,BRIDGE ST/MAPLE AVE @ MANOTICK MAIN ST (0008225),8225,02 - Intersection related,03 - P.D. only,07 - SMV other,01 - Clear,01 - Daylight,01 - Dry,01 - Traffic signal,01 - Functioning,1,0,0,0,,0,,,,,368698.8743,5009932.102,45.22645289,-75.68628938,7455
18--3714,3/26/2018,7:28 AM,NICHOLAS ST SB btwn LAURIER AVE E & Continuation of NICHOLAS ST (__3ZA3MG),__3ZA3MG,01 - Non intersection,03 - P.D. only,04 - Sideswipe,01 - Clear,01 - Daylight,01 - Dry,10 - No control,,2,0,0,0,,0,,,,,368379.6255,5031789.24,45.42314814,-75.6875479,7456
18--3715,3/26/2018,7:30 AM,LEES AVE btwn HURDMAN RD & ROBINSON AVE (__3ZBOUR),__3ZBOUR,01 - Non intersection,03 - P.D. only,04 - Sideswipe,01 - Clear,01 - Daylight,01 - Dry,10 - No control,,2,0,0,0,,0,,,,,370088.5741,5031215.328,45.4178269,-75.66578846,7457
18--3716,3/26/2018,7:33 AM,BANTREE ST @ INNES RD (0007684),7684,03 - At intersection,02 - Non-fatal injury,07 - SMV other,01 - Clear,01 - Daylight,01 - Dry,01 - Traffic signal,01 - Functioning,1,0,0,0,02 - Minor,1,,1,,,373704.6779,5030405.162,45.41019066,-75.61970303,7458
18--3717,3/26/2018,7:45 PM,ROTHWELL DR btwn DELONG DR & WICK CRES (__3ZA701),__3ZA701,01 - Non intersection,03 - P.D. only,07 - SMV other,01 - Clear,07 - Dark,99 - Other,10 - No control,,1,0,0,0,,0,,,,,374593.4927,5034968.925,45.45116482,-75.60770244,7459
18--3718,3/26/2018,7:45 PM,PINHEY POINT RD btwn SIXTH LINE RD & END (__3ZA1EE),__3ZA1EE,01 - Non intersection,03 - P.D. only,07 - SMV other,01 - Clear,07 - Dark,01 - Dry,10 - No control,,1,0,0,0,,0,,,,,347346.4795,5033237.959,45.43777942,-75.95617955,7460
18--3719,3/26/2018,8:10 PM,GILLESPIE CRES/RICH LITTLE DR/ @ UPLANDS DR (0007004),7004,03 - At intersection,03 - P.D. only,05 - Turning movement,01 - Clear,07 - Dark,01 - Dry,03 - Yield sign,00 - Unknown,2,0,0,0,,0,,,,,368629.0079,5023195.037,45.34579732,-75.6854728,7461
18--372,1/6/2018,7:53 AM,HWY 417 TERRYFO IC140R61 @ TERRY FOX DR (0011777),11777,03 - At intersection,03 - P.D. only,02 - Angle,01 - Clear,03 - Dawn,06 - Ice,01 - Traffic signal,01 - Functioning,2,0,0,0,,0,,,,,350809.1757,5018709.037,45.30682651,-75.91327569,7462
18--3720,3/26/2018,8:15 AM,ST. LAURENT BLVD @ 125 N OF QUEEN MARY ST/ZELL (0008532),8532,02 - Intersection related,02 - Non-fatal injury,03 - Rear end,01 - Clear,01 - Daylight,01 - Dry,01 - Traffic signal,01 - Functioning,2,0,0,0,01 - Minimal,1,1,,,,372169.5418,5032287.153,45.42727341,-75.63905571,7463
18--3721,3/26/2018,8:43 PM,KENT ST @ SLATER ST (0002114),2114,03 - At intersection,03 - P.D. only,02 - Angle,01 - Clear,07 - Dark,01 - Dry,01 - Traffic signal,01 - Functioning,2,0,0,0,,0,,,,,367261.7071,5031252.587,45.41842022,-75.70189985,7464
18--3722,3/26/2018,9:00 PM,CUNNINGHAM AVE btwn ALTA VISTA DR & TEDDER AVE (__3ZBOT1),__3ZBOT1,01 - Non intersection,03 - P.D. only,06 - SMV unattended vehicle,01 - Clear,07 - Dark,01 - Dry,10 - No control,,1,0,0,0,,0,,,,,370375.1022,5028021.384,45.3890622,-75.66255252,7465
18--3723,3/26/2018,9:01 AM,CLYDE AVE btwn CLYDE AVE & STARWOOD RD (__3ZA2TX),__3ZA2TX,01 - Non intersection,03 - P.D. only,04 - Sideswipe,01 - Clear,01 - Daylight,01 - Dry,10 - No control,,2,0,0,0,,0,,,,,364405.8257,5024781.796,45.36044637,-75.73916894,7466
18--3724,3/26/2018,9:19 PM,INDUSTRIAL AVE/INNES RD @ ST. LAURENT BLVD (0002203),2203,03 - At intersection,03 - P.D. only,02 - Angle,01 - Clear,07 - Dark,01 - Dry,01 - Traffic signal,01 - Functioning,2,0,0,0,,0,,,,,373099.7272,5030005.567,45.40665458,-75.62748608,7467
18--3725,3/26/2018,9:29 PM,GLOUCESTER ST @ O'CONNOR ST (0006943),6943,02 - Intersection related,03 - P.D. only,06 - SMV unattended vehicle,01 - Clear,07 - Dark,01 - Dry,01 - Traffic signal,01 - Functioning,1,0,0,0,,0,,,,,367679.0578,5031291.884,45.41873642,-75.69656269,7468
18--3726,3/26/2018,9:36 AM,HWY417 IC131 RAMP66 btwn HWY417 IC130 RAMP36 & HWY417 IC131 RAMP63 (__3ZA1SX),__3ZA1SX,01 - Non intersection,02 - Non-fatal injury,03 - Rear end,01 - Clear,01 - Daylight,01 - Dry,10 - No control,,2,0,0,0,02 - Minor,2,1,1,,,358777.873,5023004.673,45.3449117,-75.81119475,7469
18--3727,3/27/2018,1:06 PM,CARP RD btwn CARDEVCO RD & WESTHUNT RD (__3ZA3FU),__3ZA3FU,04 - At/near private drive,03 - P.D. only,05 - Turning movement,01 - Clear,01 - Daylight,01 - Dry,10 - No control,,2,0,0,0,,0,,,,,346076.8227,5017307.186,45.2945062,-75.97373824,7470
18--3728,3/27/2018,1:17 AM,KELLY FARM DR btwn FINDLAY CREEK DR & SHEPODY CIRC (__51MYAO),__51MYAO,01 - Non intersection,03 - P.D. only,06 - SMV unattended vehicle,01 - Clear,07 - Dark,01 - Dry,10 - No control,,1,0,0,0,,0,,,,,375118.213,5020148.128,45.31776194,-75.6031061,7471
18--3729,3/27/2018,10:10 AM,PRINCE OF WALES DR @ FALAISE RD/KOCHAR DR N (0006962),6962,02 - Intersection related,02 - Non-fatal injury,03 - Rear end,01 - Clear,01 - Daylight,01 - Dry,01 - Traffic signal,01 - Functioning,2,0,0,0,01 - Minimal,1,1,,,,367459.6611,5024904.514,45.36128427,-75.70017681,7472
18--373,1/6/2018,7:55 AM,ROBERTSON RD btwn MOODIE DR & VANIER RD (__3ZBOCN),__3ZBOCN,01 - Non intersection,03 - P.D. only,03 - Rear end,99 - Other,01 - Daylight,06 - Ice,10 - No control,,2,0,0,0,,0,,,,,357233.9021,5020552.749,45.3229662,-75.83115558,7473
18--3730,3/27/2018,10:50 AM,CARLING AVE @ CHURCHILL AVE (0002149),2149,02 - Intersection related,02 - Non-fatal injury,07 - SMV other,01 - Clear,01 - Daylight,01 - Dry,01 - Traffic signal,01 - Functioning,1,0,0,0,03 - Major,1,,,1,,363774.6503,5027014.235,45.38058693,-75.74695827,7474
18--3731,3/27/2018,10:52 AM,INDUSTRIAL AVE/INNES RD @ ST. LAURENT BLVD (0002203),2203,02 - Intersection related,03 - P.D. only,04 - Sideswipe,01 - Clear,01 - Daylight,01 - Dry,01 - Traffic signal,01 - Functioning,2,0,0,0,,0,,,,,373099.7275,5030005.566,45.40665457,-75.62748608,7475
18--3732,3/27/2018,11:00 AM,SOMERSET ST    W btwn BRONSON AVE & PERCY ST (__3ZA33M),__3ZA33M,01 - Non intersection,03 - P.D. only,04 - Sideswipe,01 - Clear,01 - Daylight,01 - Dry,10 - No control,,2,0,0,0,,0,,,,,367033.9561,5030518.321,45.41183381,-75.70490236,7476
18--3733,3/27/2018,12:00 PM,ESCARPMENT CRES btwn COQUINA PL & HUNTSVILLE DR (__8JUUKH),__8JUUKH,04 - At/near private drive,03 - P.D. only,02 - Angle,01 - Clear,01 - Daylight,01 - Dry,10 - No control,,2,0,0,0,,0,,,,,348381.152,5020120.069,45.31967826,-75.94411304,7477