Anom_ID,Accident_Date,Accident_Time,Location,Geo_ID,Accident_Location,Classification_of_Accident,Initial_Impact_Type,Environment_Condition,Light,Road_Surface_Condition,Traffic_Control,Traffic_Control_Condition,No__of_Vehicles,No__of_Bicycles,No__of_Motorcycles,No__of_Pedestrians,Max_Injury,No__of_Injuries,No__of_Minimal,No__of_Minor,No__of_Major,No__of_Fatal,X,Y,Latitude,Longitude,ObjectId
18--3734,3/27/2018,12:12 PM,ST. LAURENT BLVD btwn CONROY RD & THURSTON DR (__3ZA49E),__3ZA49E,04 - At/near private drive,03 - P.D. only,02 - Angle,01 - Clear,01 - Daylight,01 - Dry,10 - No control,,2,0,0,0,,0,,,,,373117.7898,5027184.912,45.38127382,-75.62764594,7478
18--3735,3/27/2018,12:30 PM,PLACE D'ORLEANS @ CENTRUM BLVD/PLACE D'ORLEANS (0004167),4167,03 - At intersection,03 - P.D. only,05 - Turning movement,01 - Clear,01 - Daylight,01 - Dry,01 - Traffic signal,01 - Functioning,2,0,0,0,,0,,,,,381962.7937,5038137.191,45.47889542,-75.51300326,7479
18--3736,3/27/2018,2:52 PM,ALBION RD @ BANK ST (0012409),12409,03 - At intersection,03 - P.D. only,03 - Rear end,01 - Clear,01 - Daylight,01 - Dry,01 - Traffic signal,01 - Functioning,2,0,0,0,,0,,,,,371945.6826,5024130.196,45.35390191,-75.64302611,7480
18--3737,3/27/2018,3:24 PM,AIRPORT PKWY @ UPLANDS DR RAMP 62 (0004115),4115,02 - Intersection related,03 - P.D. only,05 - Turning movement,01 - Clear,01 - Daylight,01 - Dry,03 - Yield sign,01 - Functioning,2,0,0,0,,0,,,,,371299.287,5021622.193,45.33139726,-75.65161221,7481
18--3738,3/27/2018,3:25 PM,INNES RD @ TENTH LINE RD (0004633),4633,02 - Intersection related,03 - P.D. only,04 - Sideswipe,01 - Clear,01 - Daylight,01 - Dry,01 - Traffic signal,01 - Functioning,2,0,0,0,,0,,,,,383951.7598,5036159.561,45.46087989,-75.48788468,7482
18--3739,3/27/2018,3:37 PM,GREENBANK RD @ WEST HUNT CLUB RD (0005167),5167,02 - Intersection related,03 - P.D. only,03 - Rear end,01 - Clear,01 - Daylight,01 - Dry,01 - Traffic signal,00 - Unknown,2,0,0,0,,0,,,,,361480.0254,5020502.479,45.32218387,-75.77700215,7483
18--374,1/6/2018,8:23 PM,KANATA AVE @ HWY 417 CASTLEFR IC139R15 (0012626),12626,02 - Intersection related,03 - P.D. only,03 - Rear end,01 - Clear,07 - Dark,01 - Dry,01 - Traffic signal,01 - Functioning,2,0,0,0,,0,,,,,351715.3989,5019145.69,45.31069568,-75.90167852,7484
18--3740,3/27/2018,4:30 PM,STAR TOP RD btwn Continuation of STAR TOP RD & INNES RD (__3ZBN0V),__3ZBN0V,01 - Non intersection,03 - P.D. only,05 - Turning movement,01 - Clear,01 - Daylight,01 - Dry,10 - No control,,2,0,0,0,,0,,,,,374127.5657,5030713.982,45.4129275,-75.61425761,7485
18--3741,3/27/2018,4:39 PM,FALLOWFIELD RD @ MOODIE DR (0010412),10412,02 - Intersection related,03 - P.D. only,03 - Rear end,01 - Clear,01 - Daylight,01 - Dry,01 - Traffic signal,01 - Functioning,4,0,0,0,,0,,,,,359501.3075,5014635.019,45.26954491,-75.80288753,7486
18--3742,3/27/2018,4:45 PM,GREENBANK RD @ CANFIELD RD/CRAIG HENRY DR (0000154),154,02 - Intersection related,03 - P.D. only,03 - Rear end,02 - Rain,01 - Daylight,02 - Wet,01 - Traffic signal,01 - Functioning,2,0,0,0,,0,,,,,361106.3314,5021363.099,45.3299578,-75.78167066,7487
18--3743,3/27/2018,4:50 PM,HWY417 IC124 RAMP55 btwn CARLING AVE EB & HIGHWAY 417 (__3ZAYA6),__3ZAYA6,01 - Non intersection,03 - P.D. only,03 - Rear end,01 - Clear,01 - Daylight,01 - Dry,10 - No control,,2,0,0,0,,0,,,,,364443.5607,5027508.155,45.38497451,-75.73835809,7488
18--3744,3/27/2018,5:01 PM,HIGHWAY 417 btwn HWY417 IC126 RAMP61 & HWY417 IC124 RAMP76 (__3ZA2Y2),__3ZA2Y2,01 - Non intersection,03 - P.D. only,03 - Rear end,02 - Rain,01 - Daylight,02 - Wet,10 - No control,,2,0,0,0,,0,,,,,363805.7231,5026711.081,45.37785658,-75.74659777,7489
18--3745,3/27/2018,5:11 AM,BANK ST @ RIVERSIDE DR S (0002704),2704,03 - At intersection,03 - P.D. only,02 - Angle,01 - Clear,07 - Dark,01 - Dry,01 - Traffic signal,01 - Functioning,2,0,0,0,,0,,,,,369304.7171,5027894.553,45.38802041,-75.67623735,7490
18--3746,3/27/2018,5:35 PM,RICHMOND RD btwn WINONA AVE & EDEN AVE (__3ZA4OZ),__3ZA4OZ,01 - Non intersection,02 - Non-fatal injury,07 - SMV other,01 - Clear,01 - Daylight,01 - Dry,10 - No control,,1,0,0,1,01 - Minimal,1,1,,,,363312.5269,5028349.274,45.39263816,-75.7527003,7491
18--3747,3/27/2018,5:36 PM,BEARBROOK RD/ROCKCLIFFE PKWY @ ST. JOSEPH BLVD (0012382),12382,02 - Intersection related,03 - P.D. only,03 - Rear end,01 - Clear,01 - Daylight,01 - Dry,01 - Traffic signal,00 - Unknown,2,0,0,0,,0,,,,,377129.0827,5035238.895,45.45333602,-75.57524985,7492
18--3748,3/27/2018,5:45 PM,FALLOWFIELD RD @ MOODIE DR (0010412),10412,02 - Intersection related,03 - P.D. only,03 - Rear end,01 - Clear,01 - Daylight,01 - Dry,01 - Traffic signal,01 - Functioning,2,0,0,0,,0,,,,,359499.9137,5014635.716,45.26955129,-75.80290521,7493
18--3749,3/27/2018,5:47 PM,HIGHWAY 17 btwn THOMAS ELLIOT RD & GALETTA SIDE RD (__3ZA2RQ),__3ZA2RQ,01 - Non intersection,03 - P.D. only,07 - SMV other,01 - Clear,01 - Daylight,01 - Dry,10 - No control,,1,0,0,0,,0,,,,,321783.3031,5029827.362,45.40817747,-76.28303633,7494
18--375,1/6/2018,8:23 PM,KATIMAVIK RD @ CURRAN ST/DAVIS AVE (0003528),3528,02 - Intersection related,03 - P.D. only,07 - SMV other,05 - Drifting Snow,07 - Dark,03 - Loose snow,02 - Stop sign,01 - Functioning,1,0,0,0,,0,,,,,351461.4876,5018494.34,45.30485158,-75.90497785,7495
18--3750,3/27/2018,6:00 PM,BRONSON AVE @ SUNNYSIDE AVE/UNIVERSITY RD - CA (0007209),7209,02 - Intersection related,03 - P.D. only,04 - Sideswipe,02 - Rain,05 - Dusk,02 - Wet,01 - Traffic signal,01 - Functioning,2,0,0,0,,0,,,,,367922.7098,5028091.547,45.38991882,-75.69385942,7496
18--3751,3/27/2018,6:25 AM,HIGHWAY 416 btwn HWY416 IC57 RAMP53 & HWY416 IC49 RAMP34 (__3ZAZJC),__3ZAZJC,01 - Non intersection,02 - Non-fatal injury,07 - SMV other,01 - Clear,01 - Daylight,01 - Dry,10 - No control,,1,0,0,0,02 - Minor,1,,1,,,365719.0931,5006347.701,45.19446424,-75.72466973,7497
18--3752,3/27/2018,6:46 AM,HIGHWAY 417 btwn HWY417 IC126 RAMP25 & HWY417 IC124 RAMP57 (__3ZA2R5),__3ZA2R5,01 - Non intersection,03 - P.D. only,03 - Rear end,01 - Clear,01 - Daylight,01 - Dry,10 - No control,,2,0,0,0,,0,,,,,363936.8826,5026857.808,45.37916575,-75.74490566,7498
18--3753,3/27/2018,7:24 PM,WEST HUNT CLUB RD @ WOODROFFE AVE (0000576),576,02 - Intersection related,03 - P.D. only,03 - Rear end,01 - Clear,07 - Dark,01 - Dry,01 - Traffic signal,01 - Functioning,2,0,0,0,,0,,,,,363669.6457,5021246.489,45.32869822,-75.74898574,7499
18--3754,3/27/2018,7:28 AM,HIGHWAY 417 btwn HWY417 IC124 RAMP55 & HWY417 IC124 RAMP65 (__3ZAZPV),__3ZAZPV,01 - Non intersection,03 - P.D. only,03 - Rear end,01 - Clear,01 - Daylight,01 - Dry,10 - No control,,3,0,0,0,,0,,,,,364575.5669,5027702.445,45.38671144,-75.73664901,7500
18--3755,3/27/2018,7:44 AM,STRANDHERD DR @ LONGFIELDS DR (0010935),10935,02 - Intersection related,03 - P.D. only,03 - Rear end,01 - Clear,01 - Daylight,01 - Dry,01 - Traffic signal,01 - Functioning,2,0,0,0,,0,,,,,364549.1589,5015172.628,45.27397158,-75.73849858,7501
18--3756,3/27/2018,8:10 PM,BLAIR RD @ OGILVIE RD (0004120),4120,02 - Intersection related,03 - P.D. only,03 - Rear end,02 - Rain,07 - Dark,02 - Wet,01 - Traffic signal,01 - Functioning,2,0,0,0,,0,,,,,374507.3753,5033197.181,45.43523227,-75.60905428,7502
18--3216,3/10/2018,5:35 PM,DONALD ST btwn QUILL ST & BEAUDRY ST (__3ZA8Z9),__3ZA8Z9,04 - At/near private drive,03 - P.D. only,03 - Rear end,01 - Clear,01 - Daylight,01 - Dry,10 - No control,,2,0,0,0,,0,,,,,370814.9951,5032326.295,45.42775475,-75.65635889,7503
18--3577,3/21/2018,7:31 AM,ST. JOSEPH BLVD @ REGIONAL RD 174/TRANSITWAY (0012428),12428,02 - Intersection related,03 - P.D. only,03 - Rear end,01 - Clear,01 - Daylight,01 - Dry,01 - Traffic signal,01 - Functioning,3,0,0,0,,0,,,,,376558.0267,5035055.707,45.45174668,-75.58257676,7504
18--3398,3/15/2018,9:55 AM,HIGHWAY 417 btwn HWY417 IC121B RAMP16 & HWY417 IC121A RAMP16 (__3ZA2YX),__3ZA2YX,01 - Non intersection,02 - Non-fatal injury,04 - Sideswipe,01 - Clear,01 - Daylight,01 - Dry,10 - No control,,5,0,0,0,02 - Minor,4,,4,,,366616.5857,5029545.733,45.40311972,-75.7103561,7505
18--3217,3/10/2018,6:45 AM,REGIONAL ROAD 174 btwn OR174 IC109 RAMP56 & OR174 IC109 RAMP86 (__3ZA28W),__3ZA28W,01 - Non intersection,03 - P.D. only,04 - Sideswipe,01 - Clear,03 - Dawn,02 - Wet,10 - No control,,2,0,0,0,,0,,,,,376420.0686,5034916.695,45.45051009,-75.58436056,7506
18--3399,3/16/2018,1:20 PM,BRIDLEGLEN CRES btwn SUNNYRIDGE CRES E & SUNNYRIDGE CRES W (__5WIH9U),__5WIH9U,04 - At/near private drive,03 - P.D. only,99 - Other,01 - Clear,01 - Daylight,01 - Dry,10 - No control,,2,0,0,0,,0,,,,,356364.855,5016257.047,45.2843772,-75.84268721,7507
18--4028,4/5/2018,9:31 AM,LONGFIELDS DR btwn HIGHBURY PARK DR & MOUNTSHANNON DR (__3ZAZSR),__3ZAZSR,01 - Non intersection,03 - P.D. only,03 - Rear end,01 - Clear,01 - Daylight,01 - Dry,10 - No control,,2,0,0,0,,0,,,,,364049.9797,5016300.339,45.28416096,-75.74472543,7508
18--3578,3/21/2018,7:45 AM,LEITRIM RD btwn LIMEBANK RD & HIGH RD (__3ZBOEL),__3ZBOEL,01 - Non intersection,02 - Non-fatal injury,01 - Approaching,01 - Clear,01 - Daylight,01 - Dry,10 - No control,,2,0,0,0,02 - Minor,2,,2,,,371658.7962,5019274.354,45.31023791,-75.6473431,7509
18--3218,3/10/2018,6:50 PM,NAVAN RD btwn ORLEANS BLVD & PAGE RD (__3ZA3J1),__3ZA3J1,01 - Non intersection,02 - Non-fatal injury,07 - SMV other,01 - Clear,07 - Dark,01 - Dry,10 - No control,,1,0,0,1,02 - Minor,1,,1,,,380936.5928,5033018.314,45.4329525,-75.52692008,7510
18--34,1/1/2018,7:38 PM,GENEST ST @ MARIER AVE (0010057),10057,03 - At intersection,03 - P.D. only,03 - Rear end,03 - Snow,07 - Dark,03 - Loose snow,02 - Stop sign,01 - Functioning,2,0,0,0,,0,,,,,369780.711,5033813.604,45.44123381,-75.66937885,7511
18--4029,4/5/2018,9:38 AM,BANK ST @ LEITRIM RD (0004125),4125,02 - Intersection related,03 - P.D. only,04 - Sideswipe,01 - Clear,01 - Daylight,01 - Dry,01 - Traffic signal,01 - Functioning,2,0,0,0,,0,,,,,375357.7542,5021619.497,45.3309767,-75.59984152,7512
18--3579,3/21/2018,7:50 AM,COLONEL BY DR/SUSSEX DR @ RIDEAU ST (0007647),7647,02 - Intersection related,03 - P.D. only,07 - SMV other,01 - Clear,01 - Daylight,01 - Dry,01 - Traffic signal,01 - Functioning,1,0,0,0,,0,,,,,367921.3483,5032045.977,45.42549968,-75.69337051,7513
18--3219,3/10/2018,7:47 PM,MERIVALE RD @ THAMES ST (0006168),6168,02 - Intersection related,03 - P.D. only,03 - Rear end,01 - Clear,07 - Dark,01 - Dry,02 - Stop sign,01 - Functioning,2,0,0,0,,0,,,,,364913.9611,5027526.463,45.38509903,-75.73234944,7514
18--340,1/6/2018,11:55 PM,WHITE CEDAR ST btwn NORWAY SPRUCE ST & END (__3ZA2NB),__3ZA2NB,04 - At/near private drive,03 - P.D. only,06 - SMV unattended vehicle,01 - Clear,07 - Dark,05 - Packed snow,10 - No control,,1,0,0,0,,0,,,,,350437.0773,5012939.51,45.25493475,-75.91855111,7515
18--403,1/7/2018,12:09 PM,LIMEBANK RD btwn LEITRIM RD & SPRATT RD (__4O3KSY),__4O3KSY,01 - Non intersection,03 - P.D. only,07 - SMV other,01 - Clear,01 - Daylight,01 - Dry,10 - No control,,1,0,0,0,,0,,,,,369410.2544,5017737.253,45.29661782,-75.67621629,7516
18--358,1/6/2018,5:48 PM,HIGHWAY 417 btwn Continuation of HIGHWAY 417 & HWY417 IC134 RAMP51 (__3ZA29B),__3ZA29B,01 - Non intersection,03 - P.D. only,04 - Sideswipe,01 - Clear,07 - Dark,01 - Dry,10 - No control,,2,0,0,0,,0,,,,,355501.2301,5021703.673,45.33344965,-75.85313815,7517
18--322,1/5/2018,9:30 AM,MACFARLANE RD @ DEAKIN ST (0000197),197,03 - At intersection,03 - P.D. only,02 - Angle,01 - Clear,01 - Daylight,05 - Packed snow,02 - Stop sign,01 - Functioning,2,0,0,0,,0,,,,,367253.8361,5021558.873,45.33119921,-75.70322627,7518
18--3400,3/16/2018,10:15 AM,COPE DR @ TERRY FOX (0009143),9143,02 - Intersection related,03 - P.D. only,03 - Rear end,01 - Clear,01 - Daylight,06 - Ice,01 - Traffic signal,01 - Functioning,2,0,0,0,,0,,,,,353997.2698,5015345.308,45.27634285,-75.87295605,7519
18--4030,4/6/2018,1:10 PM,CARLING AVE @ PARKDALE AVE (0008792),8792,03 - At intersection,02 - Non-fatal injury,05 - Turning movement,01 - Clear,01 - Daylight,01 - Dry,01 - Traffic signal,01 - Functioning,2,0,0,0,02 - Minor,1,,1,,,365626.3284,5028174.264,45.3908663,-75.72317356,7520
18--4031,4/6/2018,1:18 AM,RIVERSIDE DR @ SMYTH RD SOUTH SIDE RAMP (0011480),11480,03 - At intersection,02 - Non-fatal injury,05 - Turning movement,01 - Clear,07 - Dark,01 - Dry,01 - Traffic signal,01 - Functioning,2,0,0,0,02 - Minor,1,,1,,,369788.0965,5028998.673,45.39791022,-75.66991954,7521
18--4032,4/6/2018,10:35 AM,PLACE D'ORLEANS DR W @ ST. JOSEPH BLVD (0008776),8776,02 - Intersection related,03 - P.D. only,04 - Sideswipe,01 - Clear,01 - Daylight,01 - Dry,01 - Traffic signal,01 - Functioning,2,0,0,0,,0,,,,,381601.9029,5037684.13,45.47485895,-75.5176896,7522
18--4033,4/6/2018,11:07 AM,KENT ST @ WELLINGTON ST (0002040),2040,03 - At intersection,03 - P.D. only,02 - Angle,01 - Clear,01 - Daylight,01 - Dry,01 - Traffic signal,01 - Functioning,2,0,0,0,,0,,,,,367097.6977,5031526.573,45.42090008,-75.70396062,7523
18--4034,4/6/2018,11:20 PM,BANK ST btwn BLAIS RD & RIDEAU RD (__3ZA29L),__3ZA29L,04 - At/near private drive,03 - P.D. only,03 - Rear end,03 - Snow,07 - Dark,03 - Loose snow,10 - No control,,2,0,0,0,,0,,,,,376811.9002,5018181.366,45.29989417,-75.58179201,7524
18--4035,4/6/2018,11:38 AM,BANK ST btwn RIVERSIDE DR & BILLINGS TRANSIT (__3ZA3NMA),__3ZA3NMA,04 - At/near private drive,02 - Non-fatal injury,03 - Rear end,01 - Clear,01 - Daylight,01 - Dry,10 - No control,,2,0,0,0,02 - Minor,1,,1,,,369395.2657,5027796.28,45.38712784,-75.67509398,7525
18--4036,4/6/2018,Unknown,ALLIUM ST btwn BARTONIA CIR & BARTONIA CIR (e___2HDH),e___2HDH,01 - Non intersection,03 - P.D. only,06 - SMV unattended vehicle,01 - Clear,00 - Unknown,01 - Dry,10 - No control,,1,0,0,0,,0,,,,,383931.685,5033940.343,45.44091562,-75.48849834,7526
18--4037,4/6/2018,12:24 PM,CARLING AVE @ ISLAND PARK DR (0010785),10785,02 - Intersection related,03 - P.D. only,99 - Other,01 - Clear,01 - Daylight,01 - Dry,01 - Traffic signal,01 - Functioning,2,0,0,0,,0,,,,,365347.6542,5027998.24,45.38930662,-75.72675384,7527
18--4038,4/6/2018,12:32 PM,MCRAE AVE @ RICHMOND RD (0006867),6867,02 - Intersection related,03 - P.D. only,03 - Rear end,01 - Clear,01 - Daylight,01 - Dry,01 - Traffic signal,01 - Functioning,2,0,0,0,,0,,,,,363610.7352,5028538.555,45.39431629,-75.74886946,7528
18--4039,4/6/2018,2:35 PM,STEVENAGE DR btwn SWANSEA CRES & HAWTHORNE RD (__3ZBO1J),__3ZBO1J,01 - Non intersection,03 - P.D. only,99 - Other,01 - Clear,01 - Daylight,01 - Dry,10 - No control,,2,0,0,0,,0,,,,,375083.8886,5027291.797,45.38204103,-75.60252854,7529
18--404,1/7/2018,12:24 AM,MEADOWLANDS DR @ MERIVALE RD (0000625),625,02 - Intersection related,02 - Non-fatal injury,03 - Rear end,01 - Clear,07 - Dark,06 - Ice,01 - Traffic signal,01 - Functioning,2,0,0,0,02 - Minor,1,,1,,,364858.6999,5023725.51,45.35090341,-75.73351712,7530
18--4040,4/6/2018,2:37 PM,INNES RD btwn HWY417 IC112 RAMP68 & HWY417 IC112 RAMP67 (__33HXOO),__33HXOO,01 - Non intersection,03 - P.D. only,04 - Sideswipe,01 - Clear,01 - Daylight,01 - Dry,10 - No control,,3,0,0,0,,0,,,,,374657.2338,5030926.687,45.41478863,-75.60746114,7531
18--4041,4/6/2018,2:55 PM,HIGHWAY 417 btwn HWY417 IC138 RAMP61 & HWY417 IC134 RAMP36 (__3ZA20I),__3ZA20I,01 - Non intersection,02 - Non-fatal injury,07 - SMV other,01 - Clear,01 - Daylight,01 - Dry,10 - No control,,1,0,0,0,02 - Minor,1,,1,,,354352.7244,5021078.745,45.3279085,-75.86785279,7532
18--4042,4/6/2018,3:28 PM,HIGHWAY 417 btwn HWY417 IC119B RAMP76 & HWY417 IC119A RAMP67 (__3ZA2YT),__3ZA2YT,01 - Non intersection,03 - P.D. only,04 - Sideswipe,01 - Clear,01 - Daylight,01 - Dry,10 - No control,,2,0,0,0,,0,,,,,368262.8255,5030340.32,45.41012185,-75.68922688,7533
18--4043,4/6/2018,3:45 PM,HWY 417 TERRYFO IC140R61 @ TERRY FOX DR (0011777),11777,02 - Intersection related,03 - P.D. only,03 - Rear end,02 - Rain,01 - Daylight,02 - Wet,01 - Traffic signal,01 - Functioning,2,0,0,0,,0,,,,,350809.2428,5018709.104,45.30682711,-75.91327483,7534
18--4044,4/6/2018,3:51 PM,INNES RD @ TENTH LINE RD (0004633),4633,02 - Intersection related,03 - P.D. only,99 - Other,01 - Clear,01 - Daylight,01 - Dry,01 - Traffic signal,01 - Functioning,2,0,0,0,,0,,,,,383950.715,5036159.561,45.46088001,-75.48789804,7535
18--4045,4/6/2018,4:02 PM,ALBERT ST @ BRONSON AVE (0002160),2160,02 - Intersection related,03 - P.D. only,04 - Sideswipe,02 - Rain,01 - Daylight,04 - Slush,01 - Traffic signal,01 - Functioning,2,0,0,0,,0,,,,,366739.7045,5031016.575,45.41634306,-75.70859873,7536
18--4046,4/6/2018,4:09 PM,HIGHWAY 417 btwn HWY417 IC127 RAMP25 & HWY417 IC126 RAMP51 (__3ZA2XA),__3ZA2XA,01 - Non intersection,03 - P.D. only,03 - Rear end,01 - Clear,01 - Daylight,01 - Dry,10 - No control,,2,0,0,0,,0,,,,,363185.6438,5025857.303,45.37022634,-75.75461537,7537
18--4047,4/6/2018,4:40 PM,MARCH RD @ SOLANDT RD (0003172),3172,02 - Intersection related,03 - P.D. only,03 - Rear end,02 - Rain,01 - Daylight,02 - Wet,01 - Traffic signal,01 - Functioning,2,0,0,0,,0,,,,,350488.5632,5022709.109,45.34284107,-75.91699495,7538
18--4048,4/6/2018,4:42 PM,WOODROFFE AVE btwn PINELAND AVE & SLACK RD (__3ZA3IC),__3ZA3IC,01 - Non intersection,03 - P.D. only,03 - Rear end,01 - Clear,01 - Daylight,01 - Dry,10 - No control,,2,0,0,0,,0,,,,,364177.5859,5020108.276,45.31841387,-75.74264288,7539
18--4049,4/6/2018,4:44 PM,HAWTHORNE AVE @ MAIN ST (0006919),6919,03 - At intersection,02 - Non-fatal injury,05 - Turning movement,01 - Clear,01 - Daylight,01 - Dry,01 - Traffic signal,01 - Functioning,2,0,0,0,02 - Minor,2,1,1,,,368971.058,5030633.961,45.41269935,-75.68014151,7540
18--405,1/7/2018,12:45 PM,RICHMOND RD btwn WINSTON AVE & CHURCHILL AVE N (__3ZA4OS),__3ZA4OS,01 - Non intersection,03 - P.D. only,05 - Turning movement,01 - Clear,01 - Daylight,01 - Dry,10 - No control,,2,0,0,0,,0,,,,,363139.5405,5028232.621,45.39160296,-75.75492322,7541
18--4050,4/6/2018,4:47 PM,HIGHWAY 417 btwn HWY417 IC130 RAMP25 & HIGHWAY 417 (__3ZA2UW),__3ZA2UW,01 - Non intersection,03 - P.D. only,03 - Rear end,02 - Rain,01 - Daylight,02 - Wet,10 - No control,,2,0,0,0,,0,,,,,359674.9334,5023119.305,45.34587356,-75.7997356,7542
18--4051,4/6/2018,5:30 PM,REGIONAL ROAD 174 EB btwn HWY417 IC113 RAMP65 & OR174 BLAIR IC112 RAMP51 (__3ZAZFJ),__3ZAZFJ,01 - Non intersection,03 - P.D. only,03 - Rear end,03 - Snow,01 - Daylight,02 - Wet,10 - No control,,2,0,0,0,,0,,,,,374773.0468,5032798.822,45.43162152,-75.6057157,7543
18--4052,4/6/2018,5:37 PM,MERIVALE RD @ CAPILANO DR/WITHROW AVE (0009820),9820,02 - Intersection related,03 - P.D. only,03 - Rear end,01 - Clear,01 - Daylight,01 - Dry,01 - Traffic signal,01 - Functioning,2,0,0,0,,0,,,,,364642.5779,5024227.942,45.3554427,-75.73621426,7544
18--4053,4/6/2018,5:44 PM,HAZELDEAN RD @ YOUNG RD (0003049),3049,02 - Intersection related,03 - P.D. only,03 - Rear end,02 - Rain,01 - Daylight,02 - Wet,02 - Stop sign,01 - Functioning,2,0,0,0,,0,,,,,352464.2623,5017481.841,45.29567354,-75.89228864,7545
18--4054,4/6/2018,6:10 AM,PRINCE OF WALES DR @ STRANDHERD DR (0013339),13339,02 - Intersection related,03 - P.D. only,03 - Rear end,01 - Clear,03 - Dawn,01 - Dry,01 - Traffic signal,01 - Functioning,2,0,0,0,,0,,,,,367174.2445,5014825.585,45.27062096,-75.70508869,7546
18--4055,4/6/2018,6:15 AM,GREENLAND RD btwn ROCK FOREST RD & MAST LANE (__3ZAC65),__3ZAC65,01 - Non intersection,03 - P.D. only,07 - SMV other,01 - Clear,01 - Daylight,01 - Dry,10 - No control,,1,0,0,0,,0,,,,,340917.7568,5037353.294,45.47517172,-76.03804499,7547
18--4056,4/6/2018,6:26 PM,RIFLE RD btwn TO BE DETERMINED & LOIS AVE (__3ZACLU),__3ZACLU,01 - Non intersection,03 - P.D. only,07 - SMV other,02 - Rain,01 - Daylight,02 - Wet,10 - No control,,1,0,0,0,,0,,,,,353151.4623,5025096.094,45.36414102,-75.88278374,7548
18--4057,4/6/2018,6:59 PM,BAYCREST DR @ SANDALWOOD DR (0007085),7085,03 - At intersection,03 - P.D. only,02 - Angle,03 - Snow,05 - Dusk,02 - Wet,03 - Yield sign,01 - Functioning,2,0,0,0,,0,,,,,371353.7315,5026705.528,45.3771303,-75.6502334,7549
18--4058,4/6/2018,7:18 PM,ST. PATRICK ST @ SUSSEX DR (0011910),11910,02 - Intersection related,03 - P.D. only,04 - Sideswipe,02 - Rain,07 - Dark,02 - Wet,01 - Traffic signal,01 - Functioning,2,0,0,0,,0,,,,,367666.9141,5032462.364,45.4292691,-75.69656846,7550
18--4059,4/6/2018,7:40 PM,ALBION RD @ HUNT CLUB RD (0006974),6974,02 - Intersection related,03 - P.D. only,03 - Rear end,02 - Rain,05 - Dusk,02 - Wet,01 - Traffic signal,01 - Functioning,2,0,0,0,,0,,,,,371867.7551,5024320.442,45.35562114,-75.64399477,7551
18--406,1/7/2018,2:13 AM,BYRON AVE @ HOLLAND AVE (0005636),5636,02 - Intersection related,03 - P.D. only,07 - SMV other,01 - Clear,07 - Dark,02 - Wet,02 - Stop sign,01 - Functioning,1,0,0,0,,0,,,,,365015.0487,5028958.556,45.39797602,-75.73088391,7552
18--4060,4/6/2018,8:00 AM,LISGAR ST btwn BRONSON AVE & PERCY ST (__3ZA0XH),__3ZA0XH,01 - Non intersection,03 - P.D. only,06 - SMV unattended vehicle,01 - Clear,01 - Daylight,01 - Dry,10 - No control,,1,0,0,0,,0,,,,,366963.2163,5030677.228,45.41326989,-75.705786,7553
18--5723,5/29/2018,3:44 PM,BASELINE RD @ FISHER AVE (0002346),2346,02 - Intersection related,02 - Non-fatal injury,03 - Rear end,01 - Clear,01 - Daylight,01 - Dry,01 - Traffic signal,01 - Functioning,3,0,0,0,01 - Minimal,1,1,,,,366166.6393,5026028.718,45.37151401,-75.71654047,9984
18--4062,4/6/2018,8:46 PM,RIOCAN AVE btwn MARKETPLACE AVE & END (__4LZBNN),__4LZBNN,04 - At/near private drive,03 - P.D. only,02 - Angle,01 - Clear,07 - Dark,01 - Dry,10 - No control,,2,0,0,0,,0,,,,,364370.5981,5014616.977,45.26898698,-75.74084079,7555
18--4063,4/6/2018,9:00 PM,LAMPLIGHTERS DR btwn BIDWELL ST & KENNEVALE DR (__6NDGAP),__6NDGAP,01 - Non intersection,03 - P.D. only,06 - SMV unattended vehicle,01 - Clear,07 - Dark,01 - Dry,10 - No control,,1,0,0,0,,0,,,,,361793.2432,5014317.96,45.26650999,-75.77371784,7556
18--4064,4/6/2018,9:02 AM,RIDEAU RD btwn BANK ST & DONCASTER RD (__3ZBO26),__3ZBO26,04 - At/near private drive,03 - P.D. only,02 - Angle,01 - Clear,01 - Daylight,01 - Dry,10 - No control,,2,0,0,0,,0,,,,,378010.2728,5018458.773,45.3022663,-75.56647288,7557
18--4065,4/6/2018,9:03 AM,ELGIN ST @ SLATER ST (0002228),2228,02 - Intersection related,03 - P.D. only,04 - Sideswipe,01 - Clear,01 - Daylight,01 - Dry,01 - Traffic signal,01 - Functioning,2,0,0,0,,0,,,,,367890.7079,5031646.575,45.42190876,-75.69381318,7558
18--4066,4/6/2018,9:15 AM,FORTUNE ST btwn PERTH ST & HAMILTON ST (__3ZBNC5),__3ZBNC5,01 - Non intersection,02 - Non-fatal injury,07 - SMV other,01 - Clear,01 - Daylight,01 - Dry,10 - No control,,1,0,0,1,01 - Minimal,1,1,,,,356397.9006,5005741.182,45.1897503,-75.84335677,7559
18--4067,4/6/2018,9:54 AM,BANTREE ST btwn OLD INNES RD & EDINBURGH PL (__3ZA78D),__3ZA78D,04 - At/near private drive,03 - P.D. only,04 - Sideswipe,01 - Clear,01 - Daylight,01 - Dry,10 - No control,,2,0,0,0,,0,,,,,373848.969,5030078.085,45.40723356,-75.61790566,7560
18--4068,4/7/2018,1:32 AM,REGIONAL ROAD 174 EB btwn HWY417 IC113 RAMP65 & OR174 BLAIR IC112 RAMP51 (__3ZAZFJ),__3ZAZFJ,01 - Non intersection,03 - P.D. only,07 - SMV other,01 - Clear,07 - Dark,01 - Dry,10 - No control,,1,0,0,0,,0,,,,,374542.3968,5032627.812,45.43010591,-75.60868736,7561