Anom_ID,Accident_Date,Accident_Time,Location,Geo_ID,Accident_Location,Classification_of_Accident,Initial_Impact_Type,Environment_Condition,Light,Road_Surface_Condition,Traffic_Control,Traffic_Control_Condition,No__of_Vehicles,No__of_Bicycles,No__of_Motorcycles,No__of_Pedestrians,Max_Injury,No__of_Injuries,No__of_Minimal,No__of_Minor,No__of_Major,No__of_Fatal,X,Y,Latitude,Longitude,ObjectId
18--4069,4/7/2018,1:49 PM,CARP RD @ STITTSVILLE MAIN ST (0005253),5253,02 - Intersection related,03 - P.D. only,03 - Rear end,01 - Clear,01 - Daylight,01 - Dry,01 - Traffic signal,01 - Functioning,2,0,0,0,,0,,,,,349525.1345,5014329.506,45.26750101,-75.93004419,7562
18--407,1/7/2018,2:56 PM,BELFAST RD @ ST. LAURENT BLVD (0007658),7658,03 - At intersection,03 - P.D. only,05 - Turning movement,03 - Snow,01 - Daylight,02 - Wet,01 - Traffic signal,01 - Functioning,2,0,0,0,,0,,,,,372861.0725,5030578.562,45.41183338,-75.63045538,7563
18--4070,4/7/2018,10:28 AM,WEST HUNT CLUB RD @ ANTARES DR/LASER ST (0000116),116,03 - At intersection,02 - Non-fatal injury,05 - Turning movement,01 - Clear,01 - Daylight,01 - Dry,01 - Traffic signal,01 - Functioning,2,0,0,0,02 - Minor,2,,2,,,367107.3629,5022080.108,45.33590221,-75.70502915,7564
18--4071,4/7/2018,10:30 AM,STRANDHERD DR @ LONGFIELDS DR (0010935),10935,03 - At intersection,03 - P.D. only,05 - Turning movement,01 - Clear,01 - Daylight,01 - Dry,01 - Traffic signal,01 - Functioning,2,0,0,0,,0,,,,,364548.4363,5015173.829,45.27398245,-75.73850764,7565
18--4072,4/7/2018,10:50 PM,ROCKCLIFFE PKWY btwn ACACIA AVE & HILLSDALE RD (__3ZA21Z),__3ZA21Z,01 - Non intersection,03 - P.D. only,07 - SMV other,01 - Clear,07 - Dark,01 - Dry,10 - No control,,1,0,0,0,,0,,,,,369201.7406,5035511.753,45.45656662,-75.67655651,7566
18--4073,4/7/2018,11:48 AM,LYON ST @ WELLINGTON ST (0002388),2388,02 - Intersection related,03 - P.D. only,04 - Sideswipe,01 - Clear,01 - Daylight,01 - Dry,01 - Traffic signal,01 - Functioning,2,0,0,0,,0,,,,,366934.2257,5031426.863,45.42001746,-75.70606184,7567
18--4074,4/7/2018,Unknown,FIFTH AVE btwn RALPH ST & MONK ST (__3ZBN6F),__3ZBN6F,01 - Non intersection,03 - P.D. only,06 - SMV unattended vehicle,03 - Snow,00 - Unknown,02 - Wet,10 - No control,,1,0,0,0,,0,,,,,368252.6607,5029313.487,45.40088366,-75.68948887,7568
18--4075,4/7/2018,12:00 PM,JOCKVALE RD @ STRANDHERD DR (0010541),10541,03 - At intersection,03 - P.D. only,05 - Turning movement,01 - Clear,01 - Daylight,01 - Dry,01 - Traffic signal,01 - Functioning,2,0,0,0,,0,,,,,363561.5258,5014577.837,45.26870286,-75.75115523,7569
18--4076,4/7/2018,12:10 PM,ABBEYHILL DR @ EAGLESON RD (0003404),3404,02 - Intersection related,03 - P.D. only,03 - Rear end,01 - Clear,01 - Daylight,01 - Dry,01 - Traffic signal,01 - Functioning,2,0,0,0,,0,,,,,353827.9733,5018036.546,45.30057106,-75.87484773,7570
18--4077,4/7/2018,12:28 PM,CAMERON ST @ REGIONAL RD 174 (0012883),12883,03 - At intersection,03 - P.D. only,05 - Turning movement,01 - Clear,01 - Daylight,01 - Dry,01 - Traffic signal,01 - Functioning,2,0,0,0,,0,,,,,389859.0314,5042619.655,45.51830601,-75.41124219,7571
18--4078,4/7/2018,12:50 PM,STRANDHERD DR @ LONGFIELDS DR (0010935),10935,02 - Intersection related,03 - P.D. only,03 - Rear end,01 - Clear,01 - Daylight,01 - Dry,01 - Traffic signal,01 - Functioning,2,0,0,0,,0,,,,,364547.7652,5015174.022,45.27398424,-75.73851617,7572
18--4079,4/7/2018,2:37 AM,DRIVEWAY (THE) @ PRINCE OF WALES DR (0002128),2128,03 - At intersection,02 - Non-fatal injury,07 - SMV other,01 - Clear,07 - Dark,01 - Dry,11 - Roundabout,01 - Functioning,1,0,0,0,02 - Minor,1,,1,,,366883.6949,5028137.606,45.39042613,-75.7071216,7573
18--408,1/7/2018,3:18 PM,BANK ST @ RIDEAU RD (0009263),9263,03 - At intersection,03 - P.D. only,02 - Angle,03 - Snow,01 - Daylight,03 - Loose snow,01 - Traffic signal,01 - Functioning,2,0,0,0,,0,,,,,376953.7072,5017844.473,45.2968484,-75.58003312,7574
18--4080,4/7/2018,3:11 AM,CATHERINE ST/HWY 417 O'CONN IC119BR76 @ O'CONN (0001697),1697,02 - Intersection related,03 - P.D. only,03 - Rear end,06 - Strong wind,07 - Dark,01 - Dry,01 - Traffic signal,01 - Functioning,2,0,0,0,,0,,,,,368242.4044,5030393.087,45.41059848,-75.68948095,7575
18--4081,4/7/2018,3:29 PM,MERIVALE RD @ BASIL MACDONALD WAY/MERIVALE MAL (0010301),10301,02 - Intersection related,03 - P.D. only,03 - Rear end,01 - Clear,01 - Daylight,01 - Dry,01 - Traffic signal,01 - Functioning,2,0,0,0,,0,,,,,365096.2372,5023171.237,45.34589576,-75.73055347,7576
18--4082,4/7/2018,3:35 PM,HAZELDEAN RD @ HUNTMAR DR/IBER RD (0000075),75,03 - At intersection,03 - P.D. only,03 - Rear end,01 - Clear,01 - Daylight,01 - Dry,01 - Traffic signal,01 - Functioning,2,0,0,0,,0,,,,,350943.6432,5016079.432,45.28315576,-75.91180568,7577
18--4083,4/7/2018,3:35 PM,BASELINE RD @ WOODROFFE AVE (0002225),2225,02 - Intersection related,03 - P.D. only,03 - Rear end,01 - Clear,01 - Daylight,01 - Dry,01 - Traffic signal,01 - Functioning,2,0,0,0,,0,,,,,362549.3418,5023770.505,45.35150224,-75.76298193,7578
18--4084,4/7/2018,3:42 PM,CLYDE AVE @ WOODWARD DR (0003329),3329,03 - At intersection,03 - P.D. only,02 - Angle,01 - Clear,01 - Daylight,01 - Dry,02 - Stop sign,01 - Functioning,2,0,0,0,,0,,,,,363731.8828,5026363.573,45.37473597,-75.74758197,7579
18--4085,4/7/2018,4:15 AM,HIGHWAY 417 btwn HWY417 IC124 RAMP65 & HWY417 IC122 RAMP51 (__3ZA2R8),__3ZA2R8,01 - Non intersection,03 - P.D. only,07 - SMV other,01 - Clear,07 - Dark,01 - Dry,10 - No control,,1,0,0,0,,0,,,,,364652.1263,5027814.779,45.38771566,-75.73565779,7580
18--4086,4/7/2018,4:20 PM,BAYCREST DR @ WALKLEY RD (0006958),6958,02 - Intersection related,03 - P.D. only,03 - Rear end,01 - Clear,01 - Daylight,01 - Dry,01 - Traffic signal,01 - Functioning,2,0,0,0,,0,,,,,371422.7759,5026591.224,45.37609527,-75.64936735,7581
18--4087,4/7/2018,4:26 PM,DALHOUSIE ST btwn GEORGE ST & RIDEAU ST (__3ZA8ZX),__3ZA8ZX,01 - Non intersection,03 - P.D. only,04 - Sideswipe,01 - Clear,01 - Daylight,01 - Dry,10 - No control,,2,0,0,0,,0,,,,,368207.282,5032227.487,45.42710698,-75.68969356,7582
18--4088,4/7/2018,4:58 PM,MERIVALE RD/LOTTA AVE @ CLYDE AVE (0001112),1112,02 - Intersection related,03 - P.D. only,04 - Sideswipe,01 - Clear,01 - Daylight,01 - Dry,01 - Traffic signal,01 - Functioning,2,0,0,0,,0,,,,,364521.6984,5024507.526,45.35796867,-75.73772317,7583
18--4089,4/7/2018,5:10 PM,INDUSTRIAL AVE/INNES RD @ ST. LAURENT BLVD (0002203),2203,02 - Intersection related,03 - P.D. only,03 - Rear end,01 - Clear,01 - Daylight,01 - Dry,01 - Traffic signal,01 - Functioning,2,0,0,0,,0,,,,,373100.0758,5030005.567,45.40665455,-75.62748163,7584
18--409,1/7/2018,3:37 PM,NAUGHTON ST @ QUEEN MARY ST (0008556),8556,02 - Intersection related,03 - P.D. only,04 - Sideswipe,03 - Snow,01 - Daylight,03 - Loose snow,02 - Stop sign,01 - Functioning,2,0,0,0,,0,,,,,371333.7211,5032067.586,45.42537785,-75.64976549,7585
18--4090,4/7/2018,5:29 PM,BORRISOKANE RD/TARTAN DR @ STRANDHERD DR (0010634),10634,02 - Intersection related,03 - P.D. only,03 - Rear end,01 - Clear,01 - Daylight,01 - Dry,01 - Traffic signal,01 - Functioning,2,0,0,0,,0,,,,,362291.561,5013545.408,45.25951795,-75.76745755,7586
18--4091,4/7/2018,5:35 PM,PERTH ST btwn GAMBLE DR & SHEA RD (__3ZA42H),__3ZA42H,04 - At/near private drive,03 - P.D. only,03 - Rear end,01 - Clear,01 - Daylight,01 - Dry,10 - No control,,2,0,0,0,,0,,,,,357520.6891,5006963.284,45.2006641,-75.82893972,7587
18--4092,4/7/2018,7:31 AM,COLONEL BY DR btwn MACKENZIE AVE & N.D.H.Q. (__3ZA8HKA),__3ZA8HKA,01 - Non intersection,03 - P.D. only,07 - SMV other,01 - Clear,01 - Daylight,01 - Dry,10 - No control,,1,0,0,0,,0,,,,,368009.5428,5031898.061,45.42416081,-75.69226257,7588
18--4093,4/7/2018,8:35 AM,PRINCE OF WALES DR btwn CENTURY RD W & SECOND LINE RD S (__3ZA4KV),__3ZA4KV,01 - Non intersection,03 - P.D. only,07 - SMV other,01 - Clear,01 - Daylight,01 - Dry,10 - No control,,1,0,0,0,,0,,,,,365695.4172,5006142.249,45.19261761,-75.72499612,7589
18--4094,4/7/2018,8:54 PM,CLEMOW AVE @ BRONSON AVE (0007248),7248,03 - At intersection,03 - P.D. only,02 - Angle,01 - Clear,07 - Dark,02 - Wet,02 - Stop sign,01 - Functioning,2,0,0,0,,0,,,,,367420.71,5029397.558,45.40171501,-75.70010405,7590
18--4095,4/7/2018,9:44 PM,DWYER HILL RD btwn PURDY RD & DWYER HILL RD (__3ZA3E3),__3ZA3E3,01 - Non intersection,02 - Non-fatal injury,07 - SMV other,01 - Clear,07 - Dark,01 - Dry,10 - No control,,1,0,0,0,02 - Minor,1,,1,,,350555.5337,4996188.875,45.10419686,-75.91857809,7591
18--4096,4/8/2018,1:45 PM,MERIVALE RD btwn VIEWMOUNT DR & COLONNADE RD (__3ZA33F),__3ZA33F,01 - Non intersection,03 - P.D. only,03 - Rear end,01 - Clear,01 - Daylight,01 - Dry,10 - No control,,3,0,0,0,,0,,,,,365247.3642,5022822.867,45.34274816,-75.72866767,7592
18--4097,4/8/2018,1:52 PM,BLAIR RD @ MONTREAL RD (0009277),9277,02 - Intersection related,03 - P.D. only,03 - Rear end,01 - Clear,01 - Daylight,01 - Dry,01 - Traffic signal,01 - Functioning,2,0,0,0,,0,,,,,374018.6749,5034440.282,45.44646556,-75.61512488,7593
18--4098,4/8/2018,10:47 PM,EARL GREY DR @ ROLAND MICHENER DR (0011836),11836,03 - At intersection,03 - P.D. only,02 - Angle,01 - Clear,07 - Dark,01 - Dry,02 - Stop sign,01 - Functioning,2,0,0,0,,0,,,,,350772.6086,5018945.458,45.30895629,-75.91372005,7594
18--4099,4/8/2018,10:52 AM,JEANNE D'ARC BLVD  S btwn SAPINIER ST & INNES RD (__3ZA3Y3),__3ZA3Y3,01 - Non intersection,03 - P.D. only,04 - Sideswipe,01 - Clear,01 - Daylight,01 - Dry,10 - No control,,2,0,0,0,,0,,,,,382599.9566,5035660.679,45.45654322,-75.50524651,7595
18--41,1/2/2018,1:03 PM,HIGHWAY 417 btwn HWY417 IC126 RAMP61 & HWY417 IC124 RAMP76 (__3ZA2Y2),__3ZA2Y2,01 - Non intersection,03 - P.D. only,04 - Sideswipe,03 - Snow,01 - Daylight,03 - Loose snow,10 - No control,,2,0,0,0,,0,,,,,363188.8626,5025907.03,45.37067351,-75.7545684,7596
18--410,1/7/2018,4:10 AM,FRIEL ST @ RIDEAU ST (0011917),11917,03 - At intersection,03 - P.D. only,02 - Angle,01 - Clear,07 - Dark,01 - Dry,01 - Traffic signal,01 - Functioning,2,0,0,0,,0,,,,,368771.354,5032571.281,45.43014895,-75.68244114,7597
18--4100,4/8/2018,Unknown,MACLAREN ST btwn KENT ST & BANK ST (__3ZA9T1),__3ZA9T1,01 - Non intersection,03 - P.D. only,06 - SMV unattended vehicle,01 - Clear,00 - Unknown,01 - Dry,10 - No control,,1,0,0,0,,0,,,,,367724.2676,5030835.15,45.41462281,-75.6960434,7598
18--4101,4/8/2018,12:20 AM,BARNSDALE RD E @ CEDARVIEW RD E (0001077),1077,03 - At intersection,02 - Non-fatal injury,02 - Angle,01 - Clear,07 - Dark,01 - Dry,02 - Stop sign,01 - Functioning,2,0,0,0,01 - Minimal,1,1,,,,364036.7648,5010031.079,45.22775103,-75.74564116,7599
18--4102,4/8/2018,2:32 PM,CARLING AVE @ WOODROFFE AVE W (0011470),11470,02 - Intersection related,03 - P.D. only,03 - Rear end,01 - Clear,01 - Daylight,01 - Dry,01 - Traffic signal,01 - Functioning,2,0,0,0,,0,,,,,361766.6383,5025726.21,45.36916356,-75.77274484,7600
18--4103,4/8/2018,3:27 PM,ALBERT ST @ ELGIN ST/MACKENZIE KING BRIDGE (0002226),2226,02 - Intersection related,02 - Non-fatal injury,05 - Turning movement,01 - Clear,01 - Daylight,01 - Dry,01 - Traffic signal,01 - Functioning,2,0,0,0,01 - Minimal,1,1,,,,367848.9694,5031712.975,45.42250996,-75.69433797,7601
18--4104,4/8/2018,5:03 PM,LENESTER AVE @ FAIRLAWN AVE (0002738),2738,03 - At intersection,03 - P.D. only,02 - Angle,01 - Clear,01 - Daylight,01 - Dry,02 - Stop sign,01 - Functioning,2,0,0,0,,0,,,,,362060.6887,5025457.528,45.36672202,-75.76902234,7602
18--4105,4/8/2018,5:26 PM,CARLING AVE @ IROQUOIS RD (0003145),3145,03 - At intersection,03 - P.D. only,02 - Angle,01 - Clear,01 - Daylight,01 - Dry,01 - Traffic signal,01 - Functioning,2,0,0,0,,0,,,,,362213.6864,5026025.53,45.37182033,-75.76700335,7603
18--4106,4/8/2018,6:02 AM,LEITRIM RD btwn HIGH RD & ALBION RD (__4B2G24),__4B2G24,01 - Non intersection,03 - P.D. only,07 - SMV other,01 - Clear,03 - Dawn,01 - Dry,10 - No control,,1,0,0,0,,0,,,,,371697.3794,5019305.59,45.31051529,-75.64684688,7604
18--4107,4/9/2018,1:20 PM,WELLINGTON ST    W btwn FAIRMONT AVE & IRVING AVE (__3ZA31T),__3ZA31T,01 - Non intersection,03 - P.D. only,05 - Turning movement,01 - Clear,01 - Daylight,01 - Dry,10 - No control,,2,0,0,0,,0,,,,,365561.4629,5029707.208,45.40466501,-75.72381307,7605
18--4108,4/9/2018,10:34 AM,CONROY RD btwn LORRY GREENBERG DR & 212 N OF HUNT CLUB RD (__3ZA3S5B),__3ZA3S5B,01 - Non intersection,02 - Non-fatal injury,03 - Rear end,01 - Clear,01 - Daylight,01 - Dry,10 - No control,,2,0,0,0,01 - Minimal,2,2,,,,373622.1962,5025744.447,45.36826376,-75.62140663,7606
18--4109,4/9/2018,11:05 AM,OTTAWA RIVER PKWY @ ISLAND PARK DR (0002127),2127,02 - Intersection related,03 - P.D. only,03 - Rear end,01 - Clear,01 - Daylight,01 - Dry,01 - Traffic signal,01 - Functioning,2,0,0,0,,0,,,,,363298.8799,5029453.744,45.40257713,-75.7527436,7607
18--411,1/7/2018,5:00 PM,CALDWELL AVE @ MERIVALE RD (0011432),11432,02 - Intersection related,03 - P.D. only,07 - SMV other,03 - Snow,05 - Dusk,05 - Packed snow,01 - Traffic signal,00 - Unknown,1,0,0,0,,0,,,,,364906.3527,5026231.109,45.37344432,-75.73260428,7608
18--4110,4/9/2018,11:45 PM,HIGHWAY 417 btwn HWY417 IC122 RAMP16 & HWY417 IC122 RAMP61 (__3ZA2RA),__3ZA2RA,01 - Non intersection,03 - P.D. only,03 - Rear end,01 - Clear,07 - Dark,01 - Dry,10 - No control,,3,0,0,0,,0,,,,,365457.2557,5028979.742,45.39812848,-75.7252336,7609
18--4111,4/9/2018,11:53 PM,BANK ST btwn BOYD RD & KENNEDY RD (__3ZA27D),__3ZA27D,01 - Non intersection,03 - P.D. only,07 - SMV other,01 - Clear,07 - Dark,01 - Dry,10 - No control,,1,0,0,0,,0,,,,,387347.5841,5001843.795,45.1517404,-75.45018449,7610
18--4112,4/9/2018,11:58 AM,BANTREE ST @ INNES RD (0007684),7684,03 - At intersection,03 - P.D. only,05 - Turning movement,01 - Clear,01 - Daylight,01 - Dry,01 - Traffic signal,01 - Functioning,2,0,0,0,,0,,,,,373706.0716,5030405.859,45.41019679,-75.61968513,7611
18--4113,4/9/2018,12:25 AM,INNES RD @ ORIENT PARK DR (0004143),4143,03 - At intersection,03 - P.D. only,02 - Angle,01 - Clear,07 - Dark,01 - Dry,01 - Traffic signal,01 - Functioning,2,0,0,0,,0,,,,,378321.0885,5033037.266,45.43340288,-75.56034065,7612
18--4114,4/9/2018,12:27 PM,INDUSTRIAL AVE @ TRAINYARDS DR (0011906),11906,02 - Intersection related,03 - P.D. only,03 - Rear end,01 - Clear,01 - Daylight,01 - Dry,01 - Traffic signal,01 - Functioning,2,0,0,0,,0,,,,,371686.2164,5030539.479,45.411595,-75.64546889,7613
18--4115,4/9/2018,2:16 PM,INGLEWOOD PL btwn HAMILTON AVE S & PARKDALE AVE (__3ZA0JL),__3ZA0JL,01 - Non intersection,03 - P.D. only,06 - SMV unattended vehicle,01 - Clear,01 - Daylight,01 - Dry,10 - No control,,1,0,0,0,,0,,,,,365544.6755,5028298.101,45.39198765,-75.72420103,7614
18--4116,4/9/2018,2:20 PM,MAPLE GROVE RD @ GESNER CRT/JARLAN TER (0003503),3503,03 - At intersection,03 - P.D. only,02 - Angle,01 - Clear,01 - Daylight,01 - Dry,02 - Stop sign,01 - Functioning,2,0,0,0,,0,,,,,351606.612,5017912.459,45.29960601,-75.90318228,7615
18--3580,3/21/2018,7:56 AM,DONALD ST @ ST. LAURENT BLVD (0008630),8630,03 - At intersection,02 - Non-fatal injury,05 - Turning movement,01 - Clear,01 - Daylight,01 - Dry,01 - Traffic signal,01 - Functioning,2,0,0,0,02 - Minor,1,,1,,,372095.4551,5032471.191,45.42893643,-75.63997724,7616
18--3401,3/16/2018,10:19 AM,MONTREAL RD @ VANIER PKWY (0004630),4630,02 - Intersection related,03 - P.D. only,03 - Rear end,01 - Clear,01 - Daylight,01 - Dry,01 - Traffic signal,01 - Functioning,2,0,0,0,,0,,,,,370072.7101,5033065.592,45.43447631,-75.66574593,7617
18--3402,3/16/2018,10:30 PM,LAURIER AVE @ O'CONNOR ST (0002224),2224,03 - At intersection,02 - Non-fatal injury,04 - Sideswipe,01 - Clear,07 - Dark,01 - Dry,01 - Traffic signal,01 - Functioning,2,0,0,0,02 - Minor,5,,5,,,367636.7007,5031358.578,45.41934031,-75.69709535,7618
18--3220,3/10/2018,9:12 AM,GLADSTONE AVE @ CAMBRIDGE ST (0006328),6328,03 - At intersection,03 - P.D. only,02 - Angle,01 - Clear,01 - Daylight,01 - Dry,02 - Stop sign,01 - Functioning,2,0,0,0,,0,,,,,367064.7045,5030036.57,45.40749642,-75.70457041,7619
18--3581,3/21/2018,8:00 PM,KING EDWARD AVE btwn LAURIER AVE E & THOMAS MORE PRIV (__3ZA3UU),__3ZA3UU,01 - Non intersection,03 - P.D. only,04 - Sideswipe,01 - Clear,07 - Dark,01 - Dry,10 - No control,,2,0,0,0,,0,,,,,368817.7696,5031905.423,45.42415356,-75.68193455,7620
18--3403,3/16/2018,10:36 AM,CLEARBROOK DR/MARKETPLACE AVE @ LONGFIELDS DR (0011162),11162,03 - At intersection,02 - Non-fatal injury,02 - Angle,01 - Clear,01 - Daylight,01 - Dry,01 - Traffic signal,01 - Functioning,2,0,0,0,01 - Minimal,1,1,,,,364631.8298,5014953.584,45.27199359,-75.73747143,7621
18--3221,3/10/2018,9:26 PM,CLARENDON AVE @ KENORA ST (0006385),6385,03 - At intersection,02 - Non-fatal injury,02 - Angle,01 - Clear,07 - Dark,01 - Dry,02 - Stop sign,01 - Functioning,2,1,0,0,01 - Minimal,1,1,,,,364670.7041,5028706.551,45.39573806,-75.73531236,7622
18--3582,3/21/2018,8:01 AM,GREEN VALLEY CRES @ PRINCE OF WALES DR (0003083),3083,02 - Intersection related,02 - Non-fatal injury,03 - Rear end,01 - Clear,01 - Daylight,01 - Dry,02 - Stop sign,01 - Functioning,4,0,0,0,02 - Minor,2,1,1,,,366994.3692,5026706.145,45.37753638,-75.70588866,7623
18--3404,3/16/2018,10:36 AM,KING EDWARD AVE NB btwn RAMP & CATHCART ST (__7TR60M),__7TR60M,01 - Non intersection,03 - P.D. only,07 - SMV other,01 - Clear,01 - Daylight,01 - Dry,10 - No control,,1,0,0,0,,0,,,,,368089.8703,5033129.651,45.43523496,-75.6910779,7624
18--3222,3/11/2018,11:48 PM,EQUUS WAY btwn EQUUS WAY & EQUUS WAY (2) (__3ZBPIJ),__3ZBPIJ,04 - At/near private drive,03 - P.D. only,06 - SMV unattended vehicle,01 - Clear,07 - Dark,01 - Dry,10 - No control,,1,0,0,0,,0,,,,,371572.2139,5023561.8,45.34882333,-75.64786887,7625
18--3583,3/21/2018,8:03 PM,JEANNE D'ARC BLVD @ ORLEANS BLVD S (0004154),4154,03 - At intersection,02 - Non-fatal injury,05 - Turning movement,01 - Clear,07 - Dark,01 - Dry,01 - Traffic signal,01 - Functioning,2,0,0,0,01 - Minimal,1,1,,,,380940.9059,5036248.654,45.4620161,-75.52636503,7626
18--3405,3/16/2018,10:41 PM,MCFADDEN RD btwn TRIM RD & FRANK KENNY RD (__3ZA6UR),__3ZA6UR,01 - Non intersection,03 - P.D. only,07 - SMV other,01 - Clear,07 - Dark,06 - Ice,10 - No control,,1,0,0,0,,0,,,,,390679.338,5029562.373,45.40073113,-75.40302478,7627
18--3406,3/16/2018,10:43 PM,BASELINE RD @ CENTREPOINTE DR E/HIGHGATE RD (0011468),11468,02 - Intersection related,03 - P.D. only,07 - SMV other,01 - Clear,07 - Dark,01 - Dry,01 - Traffic signal,01 - Functioning,1,0,0,0,,0,,,,,362061.3382,5023465.505,45.34879789,-75.76924481,7628
18--3407,3/16/2018,10:49 AM,FRANKTOWN RD btwn DWYER HILL RD & MATILDA GT (__3ZA3E7),__3ZA3E7,01 - Non intersection,02 - Non-fatal injury,07 - SMV other,05 - Drifting Snow,01 - Daylight,03 - Loose snow,10 - No control,,1,0,0,0,02 - Minor,1,,1,,,348710.8577,4999000.982,45.12961885,-75.94177083,7629
18--3408,3/16/2018,11:08 AM,CATHERINE ST @ KENT ST (0002707),2707,02 - Intersection related,03 - P.D. only,03 - Rear end,01 - Clear,01 - Daylight,01 - Dry,01 - Traffic signal,01 - Functioning,2,0,0,0,,0,,,,,367907.7075,5030188.565,45.40878852,-75.69378268,7630
18--3409,3/16/2018,11:46 AM,SHEA RD btwn GARVIN RD & HEMPHILL ST (__3ZBNC9),__3ZBNC9,01 - Non intersection,03 - P.D. only,07 - SMV other,05 - Drifting Snow,01 - Daylight,03 - Loose snow,10 - No control,,1,0,0,0,,0,,,,,356671.757,5007960.262,45.20969819,-75.83964091,7631
18--341,1/6/2018,11:56 PM,HIGHWAY 417 btwn HWY417 IC124 RAMP76 & HWY417 IC124 RAMP67 (__3ZA2R7),__3ZA2R7,01 - Non intersection,03 - P.D. only,07 - SMV other,99 - Other,07 - Dark,06 - Ice,10 - No control,,1,0,0,0,,0,,,,,364130.1496,5027149.572,45.38177465,-75.74240306,7632
18--3410,3/16/2018,Unknown,ESPRIT DR btwn AQUAVIEW DR & GALLERIA CIRC (__45I7FS),__45I7FS,01 - Non intersection,03 - P.D. only,06 - SMV unattended vehicle,01 - Clear,00 - Unknown,01 - Dry,10 - No control,,1,0,0,0,,0,,,,,385029.4927,5035603.623,45.45575515,-75.4741966,7633
18--3411,3/16/2018,12:00 PM,NANTES ST btwn BRIAN COBURN BLVD & IVANY WAY (__7UT0S4),__7UT0S4,04 - At/near private drive,03 - P.D. only,99 - Other,01 - Clear,01 - Daylight,01 - Dry,10 - No control,,2,0,0,0,,0,,,,,386103.288,5035687.016,45.45638133,-75.46045567,7634
18--3412,3/16/2018,12:24 AM,SUSSEX DR/PRINCESS AVE @ RIDEAU GATE (0007141),7141,03 - At intersection,03 - P.D. only,07 - SMV other,01 - Clear,07 - Dark,01 - Dry,11 - Roundabout,01 - Functioning,1,0,0,0,,0,,,,,367957.7442,5034164.3,45.44455631,-75.6926337,7635
18--3413,3/16/2018,12:40 PM,BANNER RD @ GREENBANK RD (0000644),644,03 - At intersection,03 - P.D. only,05 - Turning movement,01 - Clear,01 - Daylight,01 - Dry,01 - Traffic signal,01 - Functioning,2,0,0,0,,0,,,,,361021.6728,5021566.492,45.33179472,-75.78272751,7636
18--3414,3/16/2018,2:00 PM,QUEEN ST btwn KENT ST & BANK ST (__3ZA2FR),__3ZA2FR,01 - Non intersection,03 - P.D. only,06 - SMV unattended vehicle,01 - Clear,01 - Daylight,01 - Dry,10 - No control,,1,0,0,0,,0,,,,,367258.0059,5031434.665,45.42005883,-75.70192406,7637
18--3415,3/16/2018,2:45 PM,HIGHWAY 417 btwn HWY417 IC123 RAMP62 & HWY417 IC122 RAMP16 (__3ZA2R9),__3ZA2R9,01 - Non intersection,03 - P.D. only,04 - Sideswipe,01 - Clear,01 - Daylight,01 - Dry,10 - No control,,2,0,0,0,,0,,,,,364837.2169,5028182.722,45.3910105,-75.73324954,7638
18--3416,3/16/2018,2:52 PM,BASELINE RD @ WOODROFFE AVE (0002225),2225,02 - Intersection related,03 - P.D. only,03 - Rear end,01 - Clear,01 - Daylight,01 - Dry,01 - Traffic signal,01 - Functioning,2,0,0,0,,0,,,,,362549.6902,5023770.505,45.35150222,-75.76297748,7639
18--3417,3/16/2018,2:59 PM,PRINCE CHARLES RD @ SAVILLE ROW (0002878),2878,03 - At intersection,03 - P.D. only,02 - Angle,01 - Clear,01 - Daylight,01 - Dry,02 - Stop sign,01 - Functioning,2,0,0,0,,0,,,,,362066.685,5026492.527,45.37603435,-75.76882581,7640
18--3418,3/16/2018,3:03 PM,WOODROFFE AVE @ SPORTSPLEX N (0005568),5568,03 - At intersection,03 - P.D. only,05 - Turning movement,01 - Clear,01 - Daylight,01 - Dry,01 - Traffic signal,01 - Functioning,2,0,0,0,,0,,,,,363763.6624,5021067.234,45.3270774,-75.7478078,7641
18--3419,3/16/2018,3:15 PM,HIGHWAY 417 btwn HWY417 IC118 RAMP35 & HWY417 IC117 RAMP51 (__3ZA2YP),__3ZA2YP,01 - Non intersection,03 - P.D. only,03 - Rear end,01 - Clear,01 - Daylight,01 - Dry,10 - No control,,3,0,0,0,,0,,,,,369803.7629,5031136.79,45.41714676,-75.66943755,7642
18--342,1/6/2018,12:14 PM,HUNTMAR DR btwn PALLADIUM DR & MAPLE GROVE RD (__3ZA1EH),__3ZA1EH,01 - Non intersection,03 - P.D. only,07 - SMV other,03 - Snow,01 - Daylight,03 - Loose snow,10 - No control,,1,0,0,0,,0,,,,,349998.9639,5017009.621,45.29158727,-75.92376217,7643
18--3420,3/16/2018,3:26 AM,WOODFIELD DR btwn BENLEA DR & LANSFIELD WAY (__3ZA0X1),__3ZA0X1,01 - Non intersection,03 - P.D. only,07 - SMV other,01 - Clear,07 - Dark,01 - Dry,10 - No control,,1,0,0,0,,0,,,,,363919.681,5021814.517,45.33378827,-75.74572842,7644
18--3421,3/16/2018,3:29 PM,CAMBRIAN RD @ MOODIE DR (0000645),645,02 - Intersection related,03 - P.D. only,01 - Approaching,05 - Drifting Snow,01 - Daylight,03 - Loose snow,02 - Stop sign,01 - Functioning,2,0,0,0,,0,,,,,361122.6646,5010805.383,45.23495741,-75.78266054,7645