Anom_ID,Accident_Date,Accident_Time,Location,Geo_ID,Accident_Location,Classification_of_Accident,Initial_Impact_Type,Environment_Condition,Light,Road_Surface_Condition,Traffic_Control,Traffic_Control_Condition,No__of_Vehicles,No__of_Bicycles,No__of_Motorcycles,No__of_Pedestrians,Max_Injury,No__of_Injuries,No__of_Minimal,No__of_Minor,No__of_Major,No__of_Fatal,X,Y,Latitude,Longitude,ObjectId
18--3422,3/16/2018,3:37 PM,GLOUCESTER ST @ O'CONNOR ST (0006943),6943,02 - Intersection related,03 - P.D. only,01 - Approaching,01 - Clear,01 - Daylight,01 - Dry,01 - Traffic signal,01 - Functioning,2,0,0,0,,0,,,,,367678.7095,5031292.581,45.41874272,-75.69656705,7646
18--3423,3/16/2018,3:56 PM,HIGHWAY 417 btwn HWY417 IC124 RAMP65 & HWY417 IC122 RAMP51 (__3ZA2R8),__3ZA2R8,01 - Non intersection,03 - P.D. only,07 - SMV other,01 - Clear,01 - Daylight,01 - Dry,10 - No control,,1,0,0,0,,0,,,,,365125.8779,5028665.492,45.39532956,-75.72950428,7647
18--3424,3/16/2018,4:11 PM,CATHERINE ST btwn PERCY ST & BAY ST (__3ZBOEA),__3ZBOEA,04 - At/near private drive,03 - P.D. only,05 - Turning movement,01 - Clear,01 - Daylight,01 - Dry,10 - No control,,2,0,0,0,,0,,,,,367615.5496,5030013.705,45.40724146,-75.69753699,7648
18--3425,3/16/2018,4:30 PM,YORK ST EB btwn CUMBERLAND ST & SPLIT (__3ZA82Y),__3ZA82Y,01 - Non intersection,03 - P.D. only,02 - Angle,01 - Clear,01 - Daylight,01 - Dry,10 - No control,,2,0,0,0,,0,,,,,368244.9387,5032509.814,45.42964384,-75.689176,7649
18--3426,3/16/2018,4:35 PM,RIVERSIDE DR @ HERON RD (0002236),2236,02 - Intersection related,03 - P.D. only,04 - Sideswipe,01 - Clear,01 - Daylight,01 - Dry,01 - Traffic signal,01 - Functioning,2,0,0,0,,0,,,,,368121.1048,5026647.221,45.37690527,-75.69151123,7650
18--3427,3/16/2018,4:52 PM,BLACKBURN BYPASS @ INNES RD W (0009340),9340,02 - Intersection related,03 - P.D. only,03 - Rear end,01 - Clear,01 - Daylight,01 - Dry,01 - Traffic signal,01 - Functioning,2,0,0,0,,0,,,,,377187.1997,5032175.69,45.42576926,-75.5749574,7651
18--3428,3/16/2018,5:00 PM,CROSSKEYS PL/HELENE CAMPBELL RD @ STRANDHERD DR (0015337),15337,02 - Intersection related,03 - P.D. only,03 - Rear end,01 - Clear,01 - Daylight,01 - Dry,01 - Traffic signal,01 - Functioning,2,0,0,0,,0,,,,,360982.3112,5014901.733,45.27182808,-75.78398493,7652
18--3429,3/16/2018,5:00 PM,HIGHWAY 417 btwn HWY417 IC126 RAMP25 & HWY417 IC124 RAMP57 (__3ZA2R5),__3ZA2R5,01 - Non intersection,03 - P.D. only,04 - Sideswipe,01 - Clear,01 - Daylight,01 - Dry,10 - No control,,2,0,0,0,,0,,,,,363620.3745,5026440.384,45.37543647,-75.74899639,7653
18--343,1/6/2018,2:25 PM,BANK ST btwn ARENA PL & WHITE ALDER AVE (__3ZA29N),__3ZA29N,04 - At/near private drive,02 - Non-fatal injury,02 - Angle,01 - Clear,01 - Daylight,01 - Dry,10 - No control,,2,0,0,0,01 - Minimal,1,1,,,,375673.7081,5020872.723,45.3242257,-75.59591807,7654
18--3430,3/16/2018,5:18 PM,HIGHWAY 417 btwn HWY417 IC127 RAMP25 & HWY417 IC126 RAMP51 (__3ZA2XA),__3ZA2XA,01 - Non intersection,03 - P.D. only,03 - Rear end,01 - Clear,01 - Daylight,01 - Dry,10 - No control,,2,0,0,0,,0,,,,,362680.6996,5025259.62,45.36489034,-75.76113126,7655
18--3431,3/16/2018,5:30 PM,OLD COUNTRY GT btwn VIEWMOUNT DR & HOMESTEAD ST (__3ZBOMM),__3ZBOMM,01 - Non intersection,03 - P.D. only,06 - SMV unattended vehicle,01 - Clear,05 - Dusk,01 - Dry,10 - No control,,1,0,0,0,,0,,,,,366794.7264,5023894.232,45.35225307,-75.70879029,7656
18--5937,6/2/2018,9:36 PM,PRINCE OF WALES DR @ MEADOWLANDS DR/HOG'S BACK (0001629),1629,03 - At intersection,03 - P.D. only,05 - Turning movement,01 - Clear,07 - Dark,01 - Dry,01 - Traffic signal,01 - Functioning,2,0,0,0,,0,,,,,367371.8517,5025693.352,45.3683899,-75.70119765,10231
18--3433,3/16/2018,5:36 PM,RIVERSIDE DR @ HERON RD (0002236),2236,02 - Intersection related,02 - Non-fatal injury,03 - Rear end,01 - Clear,01 - Daylight,01 - Dry,01 - Traffic signal,01 - Functioning,2,0,0,0,01 - Minimal,1,1,,,,368121.1051,5026647.221,45.37690527,-75.69151123,7658
18--3434,3/16/2018,5:52 PM,WALKLEY RD @ DON REID DR/RYDER ST (0008218),8218,03 - At intersection,03 - P.D. only,02 - Angle,01 - Clear,01 - Daylight,01 - Dry,01 - Traffic signal,01 - Functioning,2,0,0,0,,0,,,,,372601.7271,5027284.544,45.3822204,-75.63422113,7659
18--3435,3/16/2018,5:56 PM,COLE AVE btwn TILLBURY AVE & CARLING AVE (__3ZBOPM),__3ZBOPM,04 - At/near private drive,03 - P.D. only,02 - Angle,01 - Clear,01 - Daylight,01 - Dry,10 - No control,,2,0,0,0,,0,,,,,363508.8431,5026867.057,45.37928497,-75.75036954,7660
18--3436,3/16/2018,6:03 PM,NORTHGRAVES CRES btwn ALSON MILLS WAY & WHITEFORD WAY (1) (__7IFXRH),__7IFXRH,04 - At/near private drive,03 - P.D. only,05 - Turning movement,01 - Clear,05 - Dusk,01 - Dry,10 - No control,,2,0,0,0,,0,,,,,354161.8367,5015726.066,45.27975747,-75.87082083,7661
18--3437,3/16/2018,6:09 PM,CATHERINE ST @ LYON ST/HWY 417 LYON IC120BR36 (0002254),2254,02 - Intersection related,03 - P.D. only,03 - Rear end,01 - Clear,05 - Dusk,01 - Dry,01 - Traffic signal,01 - Functioning,2,0,0,0,,0,,,,,367747.706,5030092.565,45.40793915,-75.6958388,7662
18--3438,3/16/2018,6:12 PM,ARMSTRONG ST @ MERTON ST (0006546),6546,03 - At intersection,03 - P.D. only,02 - Angle,01 - Clear,05 - Dusk,01 - Dry,02 - Stop sign,01 - Functioning,2,0,0,0,,0,,,,,365452.8887,5029674.704,45.40438196,-75.7252039,7663
18--3439,3/16/2018,6:22 PM,MURRAY ST btwn CUMBERLAND ST & KING EDWARD AVE (__3ZA3W1),__3ZA3W1,04 - At/near private drive,02 - Non-fatal injury,07 - SMV other,01 - Clear,07 - Dark,01 - Dry,10 - No control,,1,0,0,1,02 - Minor,1,,1,,,368270.022,5032739.25,45.43170595,-75.6888259,7664
18--344,1/6/2018,2:34 PM,SAUNDERSON DR @ WESTON DR (0008354),8354,03 - At intersection,03 - P.D. only,02 - Angle,01 - Clear,01 - Daylight,01 - Dry,02 - Stop sign,01 - Functioning,2,0,0,0,,0,,,,,373120.6804,5028881.942,45.39654267,-75.6273741,7665
18--3440,3/16/2018,6:23 PM,HWY417 IC118 RAMP62 btwn HWY417 IC118 RAMP64 & HWY417 IC118 RAMP52 (__3ZAY9M),__3ZAY9M,01 - Non intersection,03 - P.D. only,03 - Rear end,01 - Clear,05 - Dusk,01 - Dry,10 - No control,,2,0,0,0,,0,,,,,369181.5772,5031269.783,45.41840091,-75.6773691,7666
18--3441,3/16/2018,7:15 PM,FRANK FINNIGAN WAY @ PALLADIUM DR (0003241),3241,02 - Intersection related,03 - P.D. only,03 - Rear end,01 - Clear,07 - Dark,01 - Dry,01 - Traffic signal,01 - Functioning,2,0,0,0,,0,,,,,349911.5909,5017528.462,45.29626157,-75.92482883,7667
18--3442,3/16/2018,7:16 AM,CARLING AVE @ KIRKWOOD AVE S (0002209),2209,02 - Intersection related,03 - P.D. only,03 - Rear end,01 - Clear,01 - Daylight,01 - Dry,01 - Traffic signal,01 - Functioning,2,0,0,0,,0,,,,,364351.7002,5027337.549,45.38344724,-75.73955162,7668
18--3443,3/16/2018,7:49 PM,HIGHWAY 417 btwn HWY417 IC121A RAMP61 & HWY417 IC120B RAMP36 (__3ZA2YV),__3ZA2YV,01 - Non intersection,03 - P.D. only,03 - Rear end,01 - Clear,07 - Dark,01 - Dry,10 - No control,,2,0,0,0,,0,,,,,367537.7653,5029883.644,45.40607819,-75.69854713,7669
18--3444,3/16/2018,7:53 PM,HIGHWAY 417 btwn HWY417 IC121A RAMP61 & HWY417 IC120B RAMP36 (__3ZA2YV),__3ZA2YV,01 - Non intersection,03 - P.D. only,03 - Rear end,01 - Clear,07 - Dark,01 - Dry,10 - No control,,2,0,0,0,,0,,,,,367676.5765,5029958.447,45.40673879,-75.6967645,7670
18--6640,6/21/2018,4:25 PM,PRINCE OF WALES DR @ MEADOWLANDS DR/HOG'S BACK (0001629),1629,03 - At intersection,03 - P.D. only,05 - Turning movement,01 - Clear,01 - Daylight,01 - Dry,01 - Traffic signal,01 - Functioning,2,0,0,0,,0,,,,,367371.982,5025693.441,45.36839069,-75.70119598,10412
18--3446,3/16/2018,9:17 AM,BANK ST @ RIVERSIDE DR N (0010778),10778,02 - Intersection related,02 - Non-fatal injury,07 - SMV other,01 - Clear,01 - Daylight,01 - Dry,01 - Traffic signal,01 - Functioning,1,0,0,0,02 - Minor,1,,1,,,369226.0643,5027984.94,45.38884092,-75.67722989,7672
18--3447,3/16/2018,9:17 AM,PINE HILL DR btwn BRANDY CREEK CRES & PEREGRINE CRES (__3ZA1R6),__3ZA1R6,01 - Non intersection,03 - P.D. only,02 - Angle,01 - Clear,01 - Daylight,01 - Dry,10 - No control,,2,0,0,0,,0,,,,,355831.3313,5017119.512,45.29217676,-75.84939904,7673
18--3448,3/17/2018,1:00 PM,KENNEVALE DR @ STRANDHERD DR (0010896),10896,02 - Intersection related,03 - P.D. only,03 - Rear end,01 - Clear,01 - Daylight,01 - Dry,01 - Traffic signal,01 - Functioning,2,0,0,0,,0,,,,,361491.8603,5014099.549,45.26456906,-75.77758307,7674
18--3449,3/17/2018,1:07 PM,SIXTH ST @ BELLMANOR CRT (0004298),4298,03 - At intersection,02 - Non-fatal injury,02 - Angle,01 - Clear,01 - Daylight,01 - Dry,10 - No control,,2,0,0,0,01 - Minimal,1,1,,,,373521.7445,5023789.507,45.35068384,-75.62296067,7675
18--345,1/6/2018,2:45 PM,MEADOWLANDS DR btwn HOGAN ST & NESS ST (__3ZA4IQ),__3ZA4IQ,01 - Non intersection,03 - P.D. only,03 - Rear end,01 - Clear,01 - Daylight,05 - Packed snow,10 - No control,,2,0,0,0,,0,,,,,366155.3987,5024894.179,45.36130664,-75.71682485,7676
18--3450,3/17/2018,1:19 PM,TERRY FOX DR S @ DIDSBURY RD/CENTRUM KANATA SC (0011820),11820,02 - Intersection related,02 - Non-fatal injury,99 - Other,01 - Clear,01 - Daylight,01 - Dry,01 - Traffic signal,01 - Functioning,2,0,0,0,01 - Minimal,1,1,,,,350623.4789,5018915.729,45.30869852,-75.91562453,7677
18--3451,3/17/2018,1:22 PM,REGIONAL ROAD 174 btwn RAMP & TRIM RD (__3ZA273),__3ZA273,01 - Non intersection,03 - P.D. only,07 - SMV other,01 - Clear,01 - Daylight,01 - Dry,10 - No control,,1,0,0,0,,0,,,,,384246.2784,5039894.173,45.49444696,-75.48351525,7678
18--3452,3/17/2018,10:46 PM,FALLOWFIELD RD @ WOODROFFE AVE (0010372),10372,02 - Intersection related,03 - P.D. only,07 - SMV other,01 - Clear,07 - Dark,01 - Dry,01 - Traffic signal,01 - Functioning,1,0,0,0,,0,,,,,365084.1047,5017903.19,45.29849542,-75.73134956,7679
18--3453,3/17/2018,11:30 AM,HIGHWAY 417 btwn HWY417 IC115 RAMP61 & REGIONAL ROAD 174 (__3ZA2XG),__3ZA2XG,01 - Non intersection,03 - P.D. only,04 - Sideswipe,01 - Clear,01 - Daylight,01 - Dry,10 - No control,,2,0,0,0,,0,,,,,372966.758,5031610.071,45.42110412,-75.62896262,7680
18--3454,3/17/2018,11:39 AM,GARFIELD AVE @ MAITLAND AVE (0002031),2031,02 - Intersection related,02 - Non-fatal injury,03 - Rear end,01 - Clear,01 - Daylight,01 - Dry,01 - Traffic signal,01 - Functioning,2,0,0,0,01 - Minimal,1,1,,,,363342.6917,5025562.528,45.36756089,-75.75264551,7681
18--3455,3/17/2018,Unknown,CARWOOD CIRC btwn Continuation of CARWOOD CIRC & Continuation of CARWO (__4VES68),__4VES68,01 - Non intersection,03 - P.D. only,06 - SMV unattended vehicle,01 - Clear,00 - Unknown,01 - Dry,10 - No control,,1,0,0,0,,0,,,,,372809.6452,5034146.326,45.44393938,-75.63061966,7682
18--3456,3/17/2018,12:09 PM,HWY 417 CASTLEFR IC139R61 @ KANATA AVE (0012625),12625,03 - At intersection,03 - P.D. only,02 - Angle,01 - Clear,01 - Daylight,01 - Dry,01 - Traffic signal,01 - Functioning,2,0,0,0,,0,,,,,351616.0627,5019224.795,45.31141411,-75.90293783,7683
18--3457,3/17/2018,12:40 PM,JOSHUA ST @ RENAUD RD (0013257),13257,02 - Intersection related,03 - P.D. only,03 - Rear end,01 - Clear,01 - Daylight,01 - Dry,02 - Stop sign,01 - Functioning,2,0,0,0,,0,,,,,381156.4263,5032327.413,45.42671233,-75.52421798,7684
18--3458,3/17/2018,2:08 PM,BANK ST @ FINDLAY CREEK SC/310 S OF FINDLAY CREEK DR (0013532),13532,02 - Intersection related,03 - P.D. only,05 - Turning movement,01 - Clear,01 - Daylight,01 - Dry,01 - Traffic signal,01 - Functioning,2,0,0,0,,0,,,,,375967.5345,5020175.263,45.31792052,-75.59227064,7685
18--3459,3/17/2018,2:19 PM,TERRY FOX DR btwn 329 N OF CAMPEAU DR/SIGNATURE CENTRE & CAMPEAU DR (__49GU9G),__49GU9G,04 - At/near private drive,03 - P.D. only,07 - SMV other,01 - Clear,01 - Daylight,01 - Dry,10 - No control,,1,0,0,0,,0,,,,,350407.1686,5019026.483,45.3097092,-75.91837274,7686
18--346,1/6/2018,2:46 PM,CLARIDGE DR btwn CLENNING ST & UPNEY DR (__4QVZS3),__4QVZS3,04 - At/near private drive,03 - P.D. only,05 - Turning movement,01 - Clear,01 - Daylight,04 - Slush,10 - No control,,2,0,0,0,,0,,,,,364972.6345,5016472.615,45.28563272,-75.73294427,7687
18--3460,3/17/2018,2:33 AM,RIVERSIDE DR @ BROOKFIELD RD/HOG'S BACK RD (0001627),1627,02 - Intersection related,03 - P.D. only,07 - SMV other,01 - Clear,07 - Dark,01 - Dry,01 - Traffic signal,01 - Functioning,1,0,0,0,,0,,,,,368167.7111,5026222.521,45.37307972,-75.69097071,7688
18--3461,3/17/2018,2:47 PM,RIVERSIDE DR NB btwn INDUSTRIAL AVE & TREMBLAY RD (__3ZA4SE),__3ZA4SE,01 - Non intersection,02 - Non-fatal injury,03 - Rear end,01 - Clear,01 - Daylight,01 - Dry,10 - No control,,4,0,0,0,01 - Minimal,1,1,,,,370715.5218,5030688.357,45.41302665,-75.65784911,7689
18--3462,3/17/2018,2:55 PM,REGIONAL RD 174 @ WEST ST (0012885),12885,02 - Intersection related,03 - P.D. only,03 - Rear end,01 - Clear,01 - Daylight,01 - Dry,02 - Stop sign,01 - Functioning,2,0,0,0,,0,,,,,390001.778,5042639.567,45.51846773,-75.4094119,7690
18--3463,3/17/2018,3:00 AM,TERRY FOX DR btwn FLAMBOROUGH WAY/INNOVATION DR & STATEWOOD DR (__8IAYKC),__8IAYKC,01 - Non intersection,03 - P.D. only,07 - SMV other,01 - Clear,07 - Dark,01 - Dry,10 - No control,,1,0,0,0,,0,,,,,348975.464,5022575.625,45.34173687,-75.93631369,7691
18--3464,3/17/2018,3:00 PM,CARLING AVE @ PRESTON ST (0002161),2161,03 - At intersection,03 - P.D. only,02 - Angle,01 - Clear,01 - Daylight,01 - Dry,01 - Traffic signal,01 - Functioning,2,0,0,0,,0,,,,,366829.7104,5028935.554,45.39761064,-75.70771065,7692
18--3465,3/17/2018,3:05 PM,PARKDALE AVE @ SCOTT ST (0002213),2213,02 - Intersection related,03 - P.D. only,04 - Sideswipe,01 - Clear,01 - Daylight,01 - Dry,01 - Traffic signal,01 - Functioning,2,0,0,0,,0,,,,,364949.7034,5029726.559,45.40489196,-75.73162481,7693
18--3466,3/17/2018,4:40 PM,MADELON DR btwn CROXLEY WAY & CLARIDGE DR (__4O3JTS),__4O3JTS,04 - At/near private drive,03 - P.D. only,99 - Other,01 - Clear,01 - Daylight,01 - Dry,10 - No control,,2,0,0,0,,0,,,,,364652.8695,5015751.039,45.2791673,-75.73710717,7694
18--3467,3/17/2018,4:57 PM,WOODROFFE AVE @ CLARIDGE DR/STONEWAY DR N (0009791),9791,02 - Intersection related,03 - P.D. only,03 - Rear end,01 - Clear,01 - Daylight,01 - Dry,01 - Traffic signal,01 - Functioning,2,0,0,0,,0,,,,,365576.6993,5016707.443,45.28769372,-75.72521584,7695
18--3468,3/17/2018,5:56 AM,OLD ALMONTE RD btwn MIDVALE DR & NORTHSHIRE DR (__3ZAC5Z),__3ZAC5Z,04 - At/near private drive,02 - Non-fatal injury,07 - SMV other,01 - Clear,07 - Dark,06 - Ice,10 - No control,,1,0,0,1,02 - Minor,1,,1,,,343262.7245,5016122.918,45.28400931,-76.00970724,7696
18--3469,3/17/2018,6:40 PM,HERON RD @ BRIAR HILL DR/SANDALWOOD DR (0007190),7190,03 - At intersection,03 - P.D. only,02 - Angle,01 - Clear,05 - Dusk,01 - Dry,01 - Traffic signal,01 - Functioning,2,0,0,0,,0,,,,,371452.5858,5027012.542,45.3798833,-75.64892991,7697
18--347,1/6/2018,3:15 PM,GREENBANK RD @ IRIS ST/HWY 417 IC129 RAMP51 (0009073),9073,02 - Intersection related,03 - P.D. only,03 - Rear end,01 - Clear,01 - Daylight,01 - Dry,01 - Traffic signal,01 - Functioning,3,0,0,0,,0,,,,,360531.3091,5023312.494,45.34754435,-75.78878638,7698
18--3470,3/17/2018,6:48 PM,ST. LAURENT BLVD btwn FOLEY AVE & WALKLEY RD (__3ZA73H),__3ZA73H,04 - At/near private drive,03 - P.D. only,07 - SMV other,01 - Clear,05 - Dusk,01 - Dry,10 - No control,,1,0,0,0,,0,,,,,373896.8268,5028061.489,45.38908446,-75.61757684,7699
18--3471,3/18/2018,1:10 PM,BUFFALOGRASS CRES btwn ALEX POLOWIN AVE & ALEX POLOWIN AVE (e___2IS3),e___2IS3,04 - At/near private drive,03 - P.D. only,06 - SMV unattended vehicle,01 - Clear,01 - Daylight,01 - Dry,10 - No control,,1,0,0,0,,0,,,,,364801.463,5011494.183,45.24085139,-75.73572742,7700
18--3472,3/18/2018,1:50 PM,KIRKWOOD AVE @ IONA ST (0006672),6672,03 - At intersection,03 - P.D. only,02 - Angle,01 - Clear,01 - Daylight,01 - Dry,02 - Stop sign,01 - Functioning,2,0,0,0,,0,,,,,363993.6903,5028136.547,45.39066683,-75.74402702,7701
18--3473,3/18/2018,10:47 AM,RAYMOND ST/HWY 417 ROCHEST IC121BR16 @ ROCHEST (0006495),6495,03 - At intersection,03 - P.D. only,02 - Angle,01 - Clear,01 - Daylight,01 - Dry,01 - Traffic signal,01 - Functioning,2,0,0,0,,0,,,,,366737.7001,5029618.559,45.40376428,-75.70879999,7702
18--3474,3/18/2018,10:54 AM,INNES RD @ 260 E OF BELCOURT BLVD/WALMART SC (0012533),12533,03 - At intersection,02 - Non-fatal injury,07 - SMV other,01 - Clear,01 - Daylight,01 - Dry,01 - Traffic signal,01 - Functioning,1,0,0,1,02 - Minor,1,,1,,,382348.2447,5035398.966,45.45421653,-75.50850569,7703
18--3475,3/18/2018,11:00 PM,PARKDALE AVE btwn RUSKIN ST & INGLEWOOD PL (__3ZBOD1),__3ZBOD1,01 - Non intersection,03 - P.D. only,06 - SMV unattended vehicle,01 - Clear,07 - Dark,01 - Dry,10 - No control,,1,0,0,0,,0,,,,,365531.0474,5028401.382,45.39291813,-75.72436235,7704
18--3847,3/30/2018,10:48 AM,BY WARD MARKET SQ btwn YORK ST & GEORGE ST (__3ZBOX6),__3ZBOX6,01 - Non intersection,03 - P.D. only,06 - SMV unattended vehicle,01 - Clear,01 - Daylight,01 - Dry,10 - No control,,1,0,0,0,,0,,,,,367997.8607,5032247.495,45.42730596,-75.692367,7705
18--3476,3/18/2018,Unknown,OTTEN DR btwn FLINT CRT & RAFTUS SQ (__3ZAB7E),__3ZAB7E,01 - Non intersection,03 - P.D. only,06 - SMV unattended vehicle,01 - Clear,00 - Unknown,01 - Dry,10 - No control,,1,0,0,0,,0,,,,,361839.009,5015575.119,45.27781828,-75.77299026,7706
18--3477,3/18/2018,Unknown,BRUYERE ST btwn SUSSEX DR & PARENT AVE (__3ZBOXN),__3ZBOXN,01 - Non intersection,03 - P.D. only,06 - SMV unattended vehicle,01 - Clear,00 - Unknown,01 - Dry,10 - No control,,1,0,0,0,,0,,,,,367649.1048,5032738.753,45.43175755,-75.69676076,7707
18--3478,3/18/2018,Unknown,REDDING WAY btwn THORNBURY CRES & THORNBURY CRES (__3ZA6KB),__3ZA6KB,01 - Non intersection,03 - P.D. only,06 - SMV unattended vehicle,01 - Clear,00 - Unknown,01 - Dry,10 - No control,,1,0,0,0,,0,,,,,362117.4602,5023186.954,45.34628692,-75.76856094,7708
18--7392,7/12/2018,5:38 PM,PRINCE OF WALES DR @ MEADOWLANDS DR/HOG'S BACK (0001629),1629,02 - Intersection related,03 - P.D. only,99 - Other,01 - Clear,01 - Daylight,01 - Dry,01 - Traffic signal,00 - Unknown,2,0,0,0,,0,,,,,367371.8433,5025693.528,45.36839148,-75.70119774,11548
18--348,1/6/2018,3:30 AM,EAGLESON RD @ HAZELDEAN RD/ROBERTSON RD (0002715),2715,03 - At intersection,03 - P.D. only,07 - SMV other,01 - Clear,07 - Dark,01 - Dry,01 - Traffic signal,01 - Functioning,1,0,0,0,,0,,,,,353672.5796,5018425.157,45.30407869,-75.87679071,7710
18--3480,3/18/2018,5:26 AM,SOUTH BEACH BLVD btwn SOUTH VILLAGE DR & SOUTH VILLAGE DR (__5I7T2S),__5I7T2S,01 - Non intersection,02 - Non-fatal injury,07 - SMV other,01 - Clear,07 - Dark,01 - Dry,10 - No control,,1,0,0,0,02 - Minor,2,,2,,,377073.1293,5013954.737,45.26183776,-75.57907705,7711
18--3481,3/18/2018,6:21 PM,RIVERSIDE DR NB btwn FROBISHER LANE & HINCKS LANE (__3ZAZR1),__3ZAZR1,01 - Non intersection,03 - P.D. only,04 - Sideswipe,01 - Clear,05 - Dusk,01 - Dry,10 - No control,,2,0,0,0,,0,,,,,370158.0034,5029746.05,45.40460041,-75.66509625,7712
18--3482,3/18/2018,6:30 PM,INDUSTRIAL AVE @ RIVERSIDE DR (0011905),11905,02 - Intersection related,03 - P.D. only,03 - Rear end,01 - Clear,05 - Dusk,03 - Loose snow,01 - Traffic signal,01 - Functioning,2,0,0,0,,0,,,,,370684.7183,5030592.554,45.41216755,-75.65825543,7713
18--3483,3/18/2018,6:38 PM,MOODIE DR @ ROBERTSON RD (0010545),10545,02 - Intersection related,03 - P.D. only,03 - Rear end,01 - Clear,05 - Dusk,01 - Dry,01 - Traffic signal,01 - Functioning,3,0,0,0,,0,,,,,357066.6521,5020455.478,45.32210342,-75.83329913,7714
18--3484,3/18/2018,6:45 AM,ISLAND PARK DR btwn RICHMOND RD & BASSETT LANE (__3ZA235),__3ZA235,01 - Non intersection,03 - P.D. only,03 - Rear end,01 - Clear,01 - Daylight,01 - Dry,10 - No control,,2,0,0,0,,0,,,,,364148.8644,5028839.689,45.39698044,-75.74196085,7715
18--3485,3/18/2018,7:03 PM,TERMINAL AVE @ TRAINYARDS DR (0012245),12245,03 - At intersection,02 - Non-fatal injury,02 - Angle,01 - Clear,07 - Dark,01 - Dry,01 - Traffic signal,01 - Functioning,2,0,0,0,02 - Minor,2,1,1,,,371845.3338,5030815.925,45.41406711,-75.64339864,7716
18--3486,3/18/2018,8:32 PM,ALBION RD btwn WYLDEWOOD ST & GOTH AVE (__3ZA9WP),__3ZA9WP,01 - Non intersection,03 - P.D. only,03 - Rear end,01 - Clear,07 - Dark,01 - Dry,10 - No control,,2,0,0,0,,0,,,,,372296.5694,5023284.449,45.34625849,-75.63866372,7717
18--3584,3/21/2018,8:04 PM,KANATA AVE @ GOLDRIDGE DR/EVANSHEN PL (0011838),11838,03 - At intersection,03 - P.D. only,05 - Turning movement,01 - Clear,07 - Dark,01 - Dry,02 - Stop sign,01 - Functioning,2,0,0,0,,0,,,,,350286.941,5019730.218,45.31604939,-75.91984131,7718
18--3848,3/30/2018,11:31 AM,OGILVIE RD @ BATHGATE DR/CITYPARK DR W (0012430),12430,03 - At intersection,03 - P.D. only,02 - Angle,01 - Clear,01 - Daylight,01 - Dry,01 - Traffic signal,01 - Functioning,2,0,0,0,,0,,,,,373828.7218,5032800.577,45.43173116,-75.61778287,7719
18--3585,3/21/2018,8:25 AM,FISHER AVE @ MEADOWLANDS DR (0002120),2120,03 - At intersection,02 - Non-fatal injury,02 - Angle,01 - Clear,01 - Daylight,01 - Dry,01 - Traffic signal,01 - Functioning,2,0,0,0,02 - Minor,1,,1,,,366576.1102,5025045.446,45.36263076,-75.71143625,7720
18--3223,3/11/2018,12:00 PM,PARADISE CRES btwn GARDENWAY DR & GARDENWAY DR (__3ZA1U3),__3ZA1U3,04 - At/near private drive,03 - P.D. only,06 - SMV unattended vehicle,01 - Clear,01 - Daylight,04 - Slush,10 - No control,,1,0,0,0,,0,,,,,385314.982,5037139.832,45.46954365,-75.47029537,7721
18--3849,3/30/2018,Unknown,DRAPER AVE btwn PATHWAY PRIV & LISA AVE (__3ZABIU),__3ZABIU,01 - Non intersection,03 - P.D. only,06 - SMV unattended vehicle,02 - Rain,00 - Unknown,02 - Wet,10 - No control,,1,0,0,0,,0,,,,,360432.4486,5022903.011,45.34386768,-75.79009394,7722
18--3586,3/21/2018,8:50 AM,JEANNE D'ARC BLVD @ GREY NUNS DR/YOUVILLE DR (0003147),3147,02 - Intersection related,03 - P.D. only,03 - Rear end,01 - Clear,01 - Daylight,01 - Dry,01 - Traffic signal,01 - Functioning,2,0,0,0,,0,,,,,379669.6972,5036699.886,45.46621333,-75.5425493,7723
18--3224,3/11/2018,2:07 PM,MERIVALE RD btwn ROSSLAND AVE & EMERALD PLAZA SC (__3ZA4HZA),__3ZA4HZA,01 - Non intersection,03 - P.D. only,03 - Rear end,01 - Clear,01 - Daylight,01 - Dry,10 - No control,,2,0,0,0,,0,,,,,364723.7905,5024036.176,45.35371028,-75.73520106,7724
18--3587,3/21/2018,8:54 PM,MEADOWLANDS DR btwn TURN LANE & SULLIVAN AVE (__3ZA3GE),__3ZA3GE,01 - Non intersection,03 - P.D. only,06 - SMV unattended vehicle,01 - Clear,07 - Dark,01 - Dry,10 - No control,,1,0,0,0,,0,,,,,363145.5398,5022777.184,45.34251508,-75.75549085,7725
18--385,1/7/2018,1:10 AM,HWY417 IC124 RAMP76 btwn HIGHWAY 417 & CARLING AVE (__3ZAYA5),__3ZAYA5,01 - Non intersection,03 - P.D. only,07 - SMV other,01 - Clear,07 - Dark,06 - Ice,10 - No control,,1,0,0,0,,0,,,,,364128.3504,5027160.578,45.38187384,-75.74242471,7726
18--3225,3/11/2018,3:21 PM,BASELINE RD @ GREENBANK RD (0002357),2357,02 - Intersection related,03 - P.D. only,03 - Rear end,01 - Clear,01 - Daylight,01 - Dry,01 - Traffic signal,01 - Functioning,2,0,0,0,,0,,,,,360597.6844,5022584.5,45.34098859,-75.78802152,7727
18--3588,3/21/2018,9:06 PM,RICHARDSON SIDE RD @ TERRY FOX DR (0013651),13651,03 - At intersection,03 - P.D. only,05 - Turning movement,01 - Clear,07 - Dark,01 - Dry,01 - Traffic signal,01 - Functioning,2,0,0,0,,0,,,,,348803.086,5019506.072,45.31412702,-75.93878598,7728