Anom_ID,Accident_Date,Accident_Time,Location,Geo_ID,Accident_Location,Classification_of_Accident,Initial_Impact_Type,Environment_Condition,Light,Road_Surface_Condition,Traffic_Control,Traffic_Control_Condition,No__of_Vehicles,No__of_Bicycles,No__of_Motorcycles,No__of_Pedestrians,Max_Injury,No__of_Injuries,No__of_Minimal,No__of_Minor,No__of_Major,No__of_Fatal,X,Y,Latitude,Longitude,ObjectId
18--3850,3/30/2018,Unknown,PARK GROVE DR btwn DU GRAND BOIS AVE & DU GRAND BOIS AVE (__3ZA6QJ),__3ZA6QJ,01 - Non intersection,03 - P.D. only,06 - SMV unattended vehicle,01 - Clear,00 - Unknown,01 - Dry,10 - No control,,1,0,0,0,,0,,,,,383241.9072,5035987.948,45.45941593,-75.49698756,7729
18--3226,3/11/2018,3:35 PM,BANK ST @ HUNT CLUB RD (0002119),2119,02 - Intersection related,03 - P.D. only,03 - Rear end,01 - Clear,01 - Daylight,01 - Dry,01 - Traffic signal,01 - Functioning,2,0,0,0,,0,,,,,371608.7368,5024096.506,45.35363097,-75.64733059,7730
18--3589,3/21/2018,9:09 PM,MERIVALE RD/LOTTA AVE @ CLYDE AVE (0001112),1112,03 - At intersection,03 - P.D. only,05 - Turning movement,01 - Clear,07 - Dark,01 - Dry,01 - Traffic signal,01 - Functioning,2,0,0,0,,0,,,,,364521.9317,5024506.545,45.35795982,-75.73772031,7731
18--3851,3/30/2018,Unknown,CLARENDON AVE btwn WELLINGTON ST W & BYRON AVE (__3ZA016),__3ZA016,01 - Non intersection,03 - P.D. only,06 - SMV unattended vehicle,01 - Clear,00 - Unknown,01 - Dry,10 - No control,,1,0,0,0,,0,,,,,364545.6288,5028988.925,45.39828949,-75.73687552,7732
18--3227,3/11/2018,3:39 PM,HILLSIDE DR @ MONTREAL RD (0006434),6434,03 - At intersection,03 - P.D. only,02 - Angle,01 - Clear,01 - Daylight,01 - Dry,02 - Stop sign,01 - Functioning,2,0,0,0,,0,,,,,371705.7119,5033894.582,45.44178083,-75.64476408,7733
18--359,1/6/2018,6:22 AM,BAY ST @ SPARKS ST (0005128),5128,03 - At intersection,03 - P.D. only,02 - Angle,01 - Clear,07 - Dark,03 - Loose snow,01 - Traffic signal,00 - Unknown,2,0,0,0,,0,,,,,366856.3501,5031278.893,45.41869298,-75.70707546,7734
18--3852,3/30/2018,12:15 PM,HIGHWAY 417 btwn HWY417 IC123 RAMP62 & HWY417 IC122 RAMP16 (__3ZA2R9),__3ZA2R9,01 - Non intersection,03 - P.D. only,04 - Sideswipe,01 - Clear,01 - Daylight,01 - Dry,10 - No control,,2,0,0,0,,0,,,,,364868.581,5028239.928,45.39152254,-75.73284205,7735
18--3853,3/30/2018,12:32 PM,CARLING AVE WB btwn KIRKWOOD AVE & HWY417 IC124 RAMP67 (__3ZA4N1),__3ZA4N1,01 - Non intersection,03 - P.D. only,04 - Sideswipe,03 - Snow,01 - Daylight,02 - Wet,10 - No control,,2,0,0,0,,0,,,,,364304.1951,5027508.043,45.38498535,-75.74013763,7736
18--3854,3/30/2018,12:40 AM,BASELINE RD btwn SIOUX CRES & SANDCASTLE DR (__3ZA4LD),__3ZA4LD,01 - Non intersection,03 - P.D. only,07 - SMV other,02 - Rain,07 - Dark,02 - Wet,10 - No control,,1,0,0,0,,0,,,,,359547.0558,5021935.734,45.33523376,-75.80149831,7737
18--3855,3/30/2018,12:53 PM,BAY ST btwn LAURIER AVE W & GLOUCESTER ST (__3ZA0XN),__3ZA0XN,01 - Non intersection,03 - P.D. only,04 - Sideswipe,01 - Clear,01 - Daylight,01 - Dry,10 - No control,,2,0,0,0,,0,,,,,367063.6838,5030951.204,45.41572612,-75.70446791,7738
18--3856,3/30/2018,2:41 PM,WALKLEY RD @ HEATHERINGTON RD (0006928),6928,02 - Intersection related,03 - P.D. only,02 - Angle,01 - Clear,01 - Daylight,01 - Dry,01 - Traffic signal,00 - Unknown,2,0,0,0,,0,,,,,371766.6376,5026795.778,45.37790299,-75.64494971,7739
18--3857,3/30/2018,3:18 AM,HIGHWAY 417 btwn HWY417 IC163 RAMP16 & HWY417 IC169 RAMP61 (__5SPO79),__5SPO79,01 - Non intersection,03 - P.D. only,07 - SMV other,02 - Rain,07 - Dark,02 - Wet,10 - No control,,1,0,0,0,,0,,,,,330335.8996,5021756.136,45.33528882,-76.17419466,7740
18--3858,3/30/2018,3:25 AM,COLONEL BY DR/MACKENZIE AVE @ DALY AVE (0008541),8541,02 - Intersection related,03 - P.D. only,03 - Rear end,02 - Rain,07 - Dark,02 - Wet,01 - Traffic signal,01 - Functioning,2,0,0,0,,0,,,,,368002.5919,5031904.614,45.4242204,-75.69235054,7741
18--3859,3/30/2018,4:19 PM,OSGOODE MAIN ST @ RIVER RD (0001701),1701,03 - At intersection,03 - P.D. only,02 - Angle,01 - Clear,01 - Daylight,01 - Dry,02 - Stop sign,01 - Functioning,2,0,0,0,,0,,,,,373030.6582,4999620,45.13325925,-75.63254326,7742
18--386,1/7/2018,1:29 AM,PORTAGE BRIDGE NB btwn PROVINCIAL BOUNDARY & WELLINGTON ST (__6TE2PA),__6TE2PA,01 - Non intersection,03 - P.D. only,07 - SMV other,01 - Clear,07 - Dark,06 - Ice,10 - No control,,1,0,0,0,,0,,,,,366461.808,5031425.21,45.42004438,-75.71209792,7743
18--3860,3/30/2018,6:50 PM,BANK ST btwn CHAMBERLAIN AVE & ROSEBERY AVE (__3ZA3PI),__3ZA3PI,01 - Non intersection,03 - P.D. only,04 - Sideswipe,01 - Clear,07 - Dark,01 - Dry,10 - No control,,2,0,0,0,,0,,,,,368112.3854,5030093.583,45.40791542,-75.69118033,7744
18--3861,3/30/2018,7:07 PM,STITTSVILLE MAIN ST @ MANCHESTER ST (0000051),51,02 - Intersection related,03 - P.D. only,03 - Rear end,01 - Clear,07 - Dark,01 - Dry,02 - Stop sign,00 - Unknown,2,0,0,0,,0,,,,,350208.4595,5013401.6,45.2591076,-75.92142148,7745
18--3862,3/30/2018,7:50 AM,CARLING AVE @ WOODROFFE AVE W (0011470),11470,03 - At intersection,03 - P.D. only,04 - Sideswipe,01 - Clear,01 - Daylight,02 - Wet,01 - Traffic signal,01 - Functioning,2,0,0,0,,0,,,,,361766.6383,5025726.907,45.36916983,-75.77274476,7746
18--3863,3/30/2018,8:34 PM,HIGHWAY 417 btwn HWY417 IC110 RAMP55 & HWY417 IC104 RAMP51 (__3ZA2W8),__3ZA2W8,01 - Non intersection,03 - P.D. only,07 - SMV other,01 - Clear,07 - Dark,01 - Dry,10 - No control,,1,0,0,0,,0,,,,,377445.0881,5026556.825,45.37518729,-75.57248987,7747
18--3864,3/30/2018,9:32 PM,KING EDWARD AVE @ RIDEAU ST (0002121),2121,02 - Intersection related,03 - P.D. only,04 - Sideswipe,01 - Clear,07 - Dark,01 - Dry,01 - Traffic signal,01 - Functioning,2,0,0,0,,0,,,,,368511.7072,5032413.589,45.42875379,-75.68577951,7748
18--3865,3/30/2018,9:48 AM,KENT ST @ WELLINGTON ST (0002040),2040,03 - At intersection,03 - P.D. only,02 - Angle,01 - Clear,01 - Daylight,01 - Dry,01 - Traffic signal,01 - Functioning,2,0,0,0,,0,,,,,367097.3494,5031525.877,45.42089385,-75.70396516,7749
18--3866,3/31/2018,1:26 PM,VIEWMOUNT DR btwn MERIVALE RD & GRANT CARMAN DR (__3ZA0AL),__3ZA0AL,04 - At/near private drive,03 - P.D. only,05 - Turning movement,01 - Clear,01 - Daylight,01 - Dry,10 - No control,,2,0,0,0,,0,,,,,365233.0699,5022970.098,45.34407416,-75.72883207,7750
18--3867,3/31/2018,1:29 PM,GEORGE ST @ SUSSEX DR (0002109),2109,02 - Intersection related,03 - P.D. only,03 - Rear end,01 - Clear,01 - Daylight,01 - Dry,01 - Traffic signal,01 - Functioning,2,0,0,0,,0,,,,,367869.2158,5032130.693,45.42626662,-75.6940258,7751
18--3868,3/31/2018,1:30 PM,ORLEANS BLVD @ FORTUNE DR/SUGAR CREEK WAY (0004384),4384,03 - At intersection,02 - Non-fatal injury,02 - Angle,01 - Clear,01 - Daylight,01 - Dry,02 - Stop sign,01 - Functioning,3,0,0,0,02 - Minor,5,3,2,,,380211.7359,5037786.156,45.47592842,-75.53545187,7752
18--3869,3/31/2018,1:31 PM,PERTH ST btwn NIXONFARM DR & LENNOX ST (__3ZA42Z),__3ZA42Z,04 - At/near private drive,03 - P.D. only,05 - Turning movement,01 - Clear,01 - Daylight,01 - Dry,10 - No control,,2,0,0,0,,0,,,,,356559.1947,5006085.729,45.19283883,-75.84126849,7753
18--387,1/7/2018,1:45 PM,WOODROFFE AVE @ DEERFOX DR/STONEWAY DR (0004601),4601,02 - Intersection related,03 - P.D. only,03 - Rear end,01 - Clear,01 - Daylight,02 - Wet,01 - Traffic signal,01 - Functioning,3,0,0,0,,0,,,,,365885.6981,5015940.439,45.28076547,-75.7213715,7754
18--3870,3/31/2018,1:33 PM,BANK ST btwn BANK ST EXTENSION NB & JOHNSTON RD (__3ZA37U),__3ZA37U,01 - Non intersection,03 - P.D. only,04 - Sideswipe,01 - Clear,01 - Daylight,01 - Dry,10 - No control,,2,0,0,0,,0,,,,,370593.4195,5025382.53,45.36529821,-75.66011632,7755
18--3871,3/31/2018,10:00 AM,CUMMINGS AVE btwn OGILVIE RD & LABELLE ST (__3ZA7QG),__3ZA7QG,04 - At/near private drive,03 - P.D. only,03 - Rear end,01 - Clear,01 - Daylight,01 - Dry,10 - No control,,2,0,0,0,,0,,,,,372835.5345,5031980.782,45.42445237,-75.630588,7756
18--3872,3/31/2018,11:44 AM,BANK ST SB btwn 80 S OF HUNT CLUB RD & 112 N OF ALBION RD (__3ZA3HHB),__3ZA3HHB,01 - Non intersection,03 - P.D. only,04 - Sideswipe,01 - Clear,01 - Daylight,01 - Dry,10 - No control,,2,0,0,0,,0,,,,,371816.1688,5024108.707,45.35372095,-75.64468181,7757
18--3873,3/31/2018,Unknown,UPLANDS DR btwn SHEARWATER PRIV & BENNETT ST (__3ZBN63),__3ZBN63,01 - Non intersection,03 - P.D. only,06 - SMV unattended vehicle,02 - Rain,00 - Unknown,02 - Wet,10 - No control,,1,0,0,0,,0,,,,,369729.219,5023324.422,45.34686051,-75.67141739,7758
18--3874,3/31/2018,12:38 PM,BANK ST @ LISGAR ST (0006952),6952,02 - Intersection related,03 - P.D. only,07 - SMV other,01 - Clear,01 - Daylight,01 - Dry,01 - Traffic signal,01 - Functioning,1,0,0,1,,0,,,,,367604.3654,5031066.659,45.41671662,-75.69754569,7759
18--3875,3/31/2018,12:50 PM,FALLOWFIELD RD @ MERIVALE RD (0000587),587,03 - At intersection,03 - P.D. only,05 - Turning movement,01 - Clear,01 - Daylight,01 - Dry,01 - Traffic signal,01 - Functioning,2,0,0,0,,0,,,,,366891.3642,5018844.469,45.30680754,-75.70819044,7760
18--3876,3/31/2018,2:24 PM,145 N OF VIMY PLACE PRIV @ BOOTH ST (0012250),12250,02 - Intersection related,03 - P.D. only,03 - Rear end,01 - Clear,01 - Daylight,01 - Dry,01 - Traffic signal,01 - Functioning,2,0,0,0,,0,,,,,366233.9434,5031084.737,45.41700095,-75.71505171,7761
18--3877,3/31/2018,2:39 PM,ALBION RD @ MITCH OWENS RD (0004212),4212,03 - At intersection,03 - P.D. only,03 - Rear end,01 - Clear,01 - Daylight,01 - Dry,01 - Traffic signal,01 - Functioning,2,0,0,0,,0,,,,,375906.7541,5014804.449,45.26960206,-75.59381579,7762
18--3878,3/31/2018,2:39 PM,INNES RD btwn HWY417 IC112 RAMP67 & HWY417 IC112 RAMP66 (__3ZA2TC),__3ZA2TC,01 - Non intersection,03 - P.D. only,03 - Rear end,01 - Clear,01 - Daylight,01 - Dry,10 - No control,,3,0,0,0,,0,,,,,374787.5427,5030970.009,45.4151654,-75.60579029,7763
18--3879,3/31/2018,3:45 PM,ALBION RD    S btwn TURN LANE & ALBION RD (__3ZA9WD),__3ZA9WD,04 - At/near private drive,03 - P.D. only,02 - Angle,01 - Clear,01 - Daylight,01 - Dry,10 - No control,,2,0,0,0,,0,,,,,371931.0485,5024166.433,45.35422936,-75.64320794,7764
18--388,1/7/2018,10:00 AM,WOODROFFE AVE @ HWY 417 WOODROFF IC127R26/HWY4 (0002355),2355,03 - At intersection,03 - P.D. only,03 - Rear end,01 - Clear,01 - Daylight,06 - Ice,01 - Traffic signal,01 - Functioning,2,0,0,0,,0,,,,,362082.6866,5024939.517,45.3620592,-75.7688016,7765
18--3880,3/31/2018,3:57 PM,PRINCE OF WALES DR @ MERIVALE RD (0000564),564,03 - At intersection,02 - Non-fatal injury,01 - Approaching,01 - Clear,01 - Daylight,01 - Dry,01 - Traffic signal,01 - Functioning,3,0,0,0,02 - Minor,2,,2,,,367449.7111,5017616.46,45.29570849,-75.70122609,7766
18--3881,3/31/2018,4:04 PM,BATEMAN DR btwn BELLMAN DR & DUNBAR CRT (__3ZABQW),__3ZABQW,01 - Non intersection,03 - P.D. only,07 - SMV other,01 - Clear,01 - Daylight,01 - Dry,10 - No control,,1,0,0,0,,0,,,,,361392.5637,5021058.564,45.32719458,-75.77805415,7767
18--3882,3/31/2018,4:34 PM,BASELINE RD @ CEDARVIEW RD (0010259),10259,03 - At intersection,03 - P.D. only,05 - Turning movement,01 - Clear,01 - Daylight,01 - Dry,01 - Traffic signal,01 - Functioning,2,0,0,0,,0,,,,,358966.6196,5021675.884,45.33294067,-75.80893182,7768
18--3883,3/31/2018,5:00 PM,CHAPMAN MILLS DR btwn LEAMINGTON WAY & TEMAGAMI DR (__61W6PK),__61W6PK,01 - Non intersection,03 - P.D. only,99 - Other,01 - Clear,01 - Daylight,01 - Dry,10 - No control,,2,0,0,0,,0,,,,,365295.5109,5014813.608,45.27067731,-75.72903094,7769
18--3884,3/31/2018,5:10 PM,CLEARBROOK DR/MARKETPLACE AVE @ LONGFIELDS DR (0011162),11162,03 - At intersection,03 - P.D. only,05 - Turning movement,01 - Clear,01 - Daylight,01 - Dry,01 - Traffic signal,01 - Functioning,2,0,0,0,,0,,,,,364631.9346,5014953.308,45.2719911,-75.73747013,7770
18--3885,3/31/2018,5:23 PM,SPRATT RD btwn EARL ARMSTRONG RD & RIDEAU RD (__3ZBO76),__3ZBO76,01 - Non intersection,03 - P.D. only,03 - Rear end,01 - Clear,01 - Daylight,01 - Dry,10 - No control,,2,0,0,0,,0,,,,,368454.9111,5014867.411,45.27088255,-75.68876386,7771
18--3886,3/31/2018,7:30 PM,COLONEL BY DR @ HOG'S BACK RD (0002635),2635,02 - Intersection related,02 - Non-fatal injury,03 - Rear end,01 - Clear,07 - Dark,01 - Dry,01 - Traffic signal,01 - Functioning,2,0,0,0,01 - Minimal,1,1,,,,367601.6641,5025874.932,45.37000316,-75.69824104,7772
18--3887,3/31/2018,9:37 PM,WOODROFFE AVE @ KNOXDALE RD/MEDHURST DR (0000519),519,03 - At intersection,03 - P.D. only,05 - Turning movement,02 - Rain,07 - Dark,02 - Wet,01 - Traffic signal,01 - Functioning,2,0,0,0,,0,,,,,363420.0383,5021825.093,45.33392535,-75.75210125,7773
18--3888,3/31/2018,9:39 AM,DEAKIN ST @ PRINCE OF WALES DR (0001073),1073,02 - Intersection related,03 - P.D. only,03 - Rear end,01 - Clear,01 - Daylight,01 - Dry,01 - Traffic signal,01 - Functioning,2,0,0,0,,0,,,,,367391.0595,5021524.185,45.33087486,-75.70148016,7774
18--3889,4/1/2018,1:10 PM,TENTH LINE RD @ LAKEPOINTE DR (0013369),13369,02 - Intersection related,03 - P.D. only,03 - Rear end,01 - Clear,01 - Daylight,01 - Dry,01 - Traffic signal,01 - Functioning,2,0,0,0,,0,,,,,384261.0828,5035420.69,45.45419709,-75.48404938,7775
18--389,1/7/2018,10:00 AM,HIGHWAY 417 btwn HWY417 IC118 RAMP57 & HWY417 IC118 RAMP35 (__3ZA2YQ),__3ZA2YQ,01 - Non intersection,03 - P.D. only,07 - SMV other,03 - Snow,01 - Daylight,03 - Loose snow,10 - No control,,1,0,0,0,,0,,,,,369456.5494,5031038.036,45.41629038,-75.67388644,7776
18--3890,4/1/2018,1:50 PM,DALHOUSIE ST @ RIDEAU ST (0007646),7646,02 - Intersection related,02 - Non-fatal injury,04 - Sideswipe,01 - Clear,01 - Daylight,01 - Dry,01 - Traffic signal,01 - Functioning,2,0,0,0,01 - Minimal,1,1,,,,368206.7092,5032227.581,45.42710788,-75.68970086,7777
18--3891,4/1/2018,10:00 AM,HIGHWAY 417 btwn HWY417 IC110 RAMP64 & HWY417 IC104 RAMP16 (__3ZA2W9),__3ZA2W9,01 - Non intersection,03 - P.D. only,07 - SMV other,01 - Clear,01 - Daylight,01 - Dry,10 - No control,,1,0,0,0,,0,,,,,376906.4589,5027289.215,45.38183257,-75.57925907,7778
18--3892,4/1/2018,10:20 AM,FALLOWFIELD RD @ WOODROFFE AVE (0010372),10372,02 - Intersection related,03 - P.D. only,03 - Rear end,01 - Clear,01 - Daylight,01 - Dry,01 - Traffic signal,01 - Functioning,2,0,0,0,,0,,,,,365084.1047,5017904.584,45.29850796,-75.73134939,7779
18--3893,4/1/2018,11:36 PM,RUSSELL RD btwn CUBA AVE & SMYTH RD (__3ZA78S),__3ZA78S,01 - Non intersection,03 - P.D. only,01 - Approaching,01 - Clear,07 - Dark,01 - Dry,10 - No control,,2,0,0,0,,0,,,,,373218.3943,5029437.407,45.40153095,-75.62604914,7780
18--3894,4/1/2018,2:15 PM,O'CONNOR ST btwn FIFTH AVE & HOLMWOOD AVE (__3ZA91F),__3ZA91F,01 - Non intersection,03 - P.D. only,06 - SMV unattended vehicle,01 - Clear,01 - Daylight,01 - Dry,10 - No control,,1,0,0,0,,0,,,,,368714.8743,5029553.633,45.40300237,-75.68355427,7781
18--3895,4/1/2018,2:54 AM,RIVERSIDE DR SB btwn SAN REMO PRIV & TERMINAL AVE (__3ZA253),__3ZA253,01 - Non intersection,03 - P.D. only,07 - SMV other,01 - Clear,07 - Dark,02 - Wet,10 - No control,,1,0,0,0,,0,,,,,370499.8055,5030420.368,45.41063567,-75.66064057,7782
18--3896,4/2/2018,1:00 AM,BASSANO ST @ LOTTA AVE (0001421),1421,02 - Intersection related,03 - P.D. only,07 - SMV other,01 - Clear,07 - Dark,01 - Dry,02 - Stop sign,01 - Functioning,1,0,0,0,,0,,,,,363970.948,5024177.12,45.35504241,-75.74479177,7783
18--3897,4/2/2018,1:00 AM,CHAPEL ST btwn WILBROD ST & LAURIER AVE E (__3ZA8Z4),__3ZA8Z4,01 - Non intersection,03 - P.D. only,06 - SMV unattended vehicle,01 - Clear,07 - Dark,01 - Dry,10 - No control,,1,0,0,0,,0,,,,,369075.4047,5032333.65,45.42798296,-75.67858676,7784
18--3898,4/2/2018,11:06 PM,LAURIER AVE @ NICHOLAS ST (0010711),10711,03 - At intersection,03 - P.D. only,02 - Angle,01 - Clear,07 - Dark,01 - Dry,01 - Traffic signal,01 - Functioning,2,0,0,0,,0,,,,,368373.9854,5031798.967,45.42323617,-75.68761871,7785
18--3899,4/2/2018,11:40 PM,ASPENVIEW WAY N @ MEADOWGLEN DR N (0003733),3733,02 - Intersection related,03 - P.D. only,02 - Angle,01 - Clear,07 - Dark,01 - Dry,02 - Stop sign,00 - Unknown,2,0,0,0,,0,,,,,380935.7932,5034959.878,45.45042128,-75.52662993,7786
18--39,1/1/2018,9:47 AM,BURMA RD @ PROVENDER AVE (0008199),8199,02 - Intersection related,03 - P.D. only,06 - SMV unattended vehicle,01 - Clear,01 - Daylight,01 - Dry,02 - Stop sign,01 - Functioning,1,0,0,0,,0,,,,,373193,5034693,45.44882066,-75.62564374,7787
18--390,1/7/2018,10:01 AM,STAGECOACH RD btwn CABIN RD & SNAKE ISLAND RD (__3ZBOGH),__3ZBOGH,04 - At/near private drive,03 - P.D. only,07 - SMV other,01 - Clear,01 - Daylight,01 - Dry,10 - No control,,1,0,0,0,,0,,,,,378186.7958,5004783.119,45.17919919,-75.56624018,7788
18--3900,4/2/2018,11:40 PM,MERIVALE RD btwn VIEWMOUNT DR & COLONNADE RD (__3ZA33F),__3ZA33F,04 - At/near private drive,01 - Fatal injury,05 - Turning movement,01 - Clear,07 - Dark,01 - Dry,10 - No control,,2,0,0,0,04 - Fatal,3,1,,,2,365215.8934,5022895.763,45.34340678,-75.72906031,7789
18--3901,4/2/2018,11:47 PM,BESSERER ST @ CUMBERLAND ST (0011559),11559,03 - At intersection,03 - P.D. only,04 - Sideswipe,01 - Clear,07 - Dark,01 - Dry,01 - Traffic signal,01 - Functioning,3,0,0,0,,0,,,,,368416.703,5032256.574,45.42734968,-75.6870138,7790
18--3902,4/2/2018,11:49 PM,BESSERER ST btwn NELSON ST & FRIEL ST (__3ZA82K),__3ZA82K,01 - Non intersection,03 - P.D. only,07 - SMV other,01 - Clear,07 - Dark,01 - Dry,10 - No control,,1,0,0,0,,0,,,,,368709.1791,5032436.043,45.42893781,-75.68325321,7791
18--3903,4/2/2018,11:57 AM,CARLING AVE/STATION RD @ MARCH RD (0002681),2681,02 - Intersection related,03 - P.D. only,03 - Rear end,01 - Clear,01 - Daylight,01 - Dry,01 - Traffic signal,01 - Functioning,2,0,0,0,,0,,,,,350906.1245,5022245.73,45.33864417,-75.91171015,7792
18--3904,4/2/2018,Unknown,PRITCHARD DR btwn MILLFORD AVE & MILLFORD AVE (__3ZA53J),__3ZA53J,01 - Non intersection,03 - P.D. only,06 - SMV unattended vehicle,01 - Clear,00 - Unknown,01 - Dry,10 - No control,,1,0,0,0,,0,,,,,363173.4141,5021592.175,45.33185013,-75.75527499,7793
18--3905,4/2/2018,Unknown,SMYTH RD btwn HAIG DR & SAUNDERSON DR (__3ZA3RZ),__3ZA3RZ,01 - Non intersection,03 - P.D. only,06 - SMV unattended vehicle,01 - Clear,00 - Unknown,01 - Dry,10 - No control,,1,0,0,0,,0,,,,,372605.7628,5029300.727,45.40036077,-75.63389255,7794
18--3906,4/2/2018,12:33 PM,INDUSTRIAL AVE @ ALTA VISTA DR/SANDFORD FLEMIN (0006979),6979,03 - At intersection,03 - P.D. only,05 - Turning movement,01 - Clear,01 - Daylight,01 - Dry,01 - Traffic signal,01 - Functioning,2,0,0,0,,0,,,,,370883.6785,5030556.873,45.41182775,-75.65571857,7795
18--3907,4/2/2018,12:46 PM,CRESTWAY DR @ STRANDHERD DR (0010538),10538,02 - Intersection related,03 - P.D. only,04 - Sideswipe,01 - Clear,01 - Daylight,01 - Dry,01 - Traffic signal,01 - Functioning,2,0,0,0,,0,,,,,366346.903,5015471.134,45.27650247,-75.71555149,7796
18--3908,4/2/2018,12:57 PM,KENNEVALE DR @ STRANDHERD DR (0010896),10896,02 - Intersection related,03 - P.D. only,03 - Rear end,01 - Clear,01 - Daylight,01 - Dry,01 - Traffic signal,01 - Functioning,2,0,0,0,,0,,,,,361494.198,5014100.937,45.26458136,-75.77755313,7797
18--3909,4/2/2018,3:28 PM,INNES RD @ 215 W OF CYRVILLE RD/HOME DEPOT W (0012457),12457,02 - Intersection related,02 - Non-fatal injury,07 - SMV other,01 - Clear,01 - Daylight,01 - Dry,01 - Traffic signal,01 - Functioning,1,0,0,1,02 - Minor,1,,1,,,374864.9309,5031001.481,45.41544083,-75.60479717,7798
18--391,1/7/2018,10:05 AM,ARLINGTON AVE @ BANK ST (0007261),7261,02 - Intersection related,03 - P.D. only,99 - Other,01 - Clear,01 - Daylight,03 - Loose snow,02 - Stop sign,01 - Functioning,2,0,0,0,,0,,,,,368006.3554,5030345.57,45.4101923,-75.69250243,7799
18--3910,4/2/2018,4:24 PM,WILLOWDUSK ST btwn MEADOWBREEZE DR & SUMMITVIEW DR (e___2HR6),e___2HR6,01 - Non intersection,03 - P.D. only,06 - SMV unattended vehicle,01 - Clear,01 - Daylight,01 - Dry,10 - No control,,1,0,0,0,,0,,,,,356534.96,5015511.958,45.27766025,-75.84059664,7800
18--3911,4/2/2018,4:31 PM,FLORA ST @ KENT ST (0007260),7260,03 - At intersection,02 - Non-fatal injury,02 - Angle,01 - Clear,01 - Daylight,01 - Dry,02 - Stop sign,01 - Functioning,2,0,0,0,02 - Minor,2,,2,,,367828.713,5030323.567,45.41001034,-75.6947745,7801
18--3912,4/2/2018,5:06 PM,OR174 IC109 RAMP65 @ MONTREAL RD (0004119),4119,02 - Intersection related,02 - Non-fatal injury,03 - Rear end,01 - Clear,01 - Daylight,01 - Dry,01 - Traffic signal,00 - Unknown,3,0,0,0,01 - Minimal,3,3,,,,376403.1412,5034982.7,45.4511057,-75.58456734,7802
18--3913,4/2/2018,5:13 PM,STRANDHERD BRIDGE (VIMY MEMORIAL BRIDGE) btwn PRINCE OF WALES DR & RIVER RD (e___2H44),e___2H44,07 - Overpass or bridge,03 - P.D. only,03 - Rear end,01 - Clear,01 - Daylight,01 - Dry,10 - No control,,2,0,0,0,,0,,,,,367189.08,5014819.338,45.27056343,-75.70490043,7803
18--3914,4/2/2018,5:18 PM,VANIER PKWY NB btwn DESCHAMPS AVE & MONTREAL RD (__3ZA4SU),__3ZA4SU,01 - Non intersection,03 - P.D. only,04 - Sideswipe,01 - Clear,01 - Daylight,01 - Dry,10 - No control,,2,0,0,0,,0,,,,,370056.6945,5033079.622,45.43460404,-75.66594875,7804
18--3915,4/2/2018,5:32 PM,FISHER AVE @ SHILLINGTON AVE (0006792),6792,02 - Intersection related,03 - P.D. only,04 - Sideswipe,01 - Clear,01 - Daylight,01 - Dry,01 - Traffic signal,01 - Functioning,2,0,0,0,,0,,,,,365626.6927,5027296.545,45.38296874,-75.72327708,7805
18--3916,4/2/2018,5:37 PM,FERNBANK RD @ ROMINA ST/TEMPLEFORD AVE (0012540),12540,03 - At intersection,02 - Non-fatal injury,02 - Angle,01 - Clear,01 - Daylight,01 - Dry,02 - Stop sign,01 - Functioning,2,0,0,0,02 - Minor,3,,3,,,354467.6394,5015279.886,45.27572109,-75.86696787,7806
18--3917,4/2/2018,6:22 PM,BORRISOKANE RD/TARTAN DR @ STRANDHERD DR (0010634),10634,02 - Intersection related,03 - P.D. only,03 - Rear end,01 - Clear,05 - Dusk,01 - Dry,01 - Traffic signal,00 - Unknown,3,0,0,0,,0,,,,,362290.729,5013546.552,45.25952831,-75.76746802,7807
18--3918,4/2/2018,6:32 AM,ROCKDALE RD N @ HIGHWAY 417 (0004640),4640,02 - Intersection related,02 - Non-fatal injury,03 - Rear end,01 - Clear,01 - Daylight,01 - Dry,02 - Stop sign,00 - Unknown,2,0,0,0,02 - Minor,1,,1,,,395341.3729,5022681.569,45.33823848,-75.34474746,7808
18--3919,4/2/2018,8:00 PM,HOLMWOOD AVE btwn BANK ST & ADELAIDE ST (__3ZA9NT),__3ZA9NT,01 - Non intersection,03 - P.D. only,06 - SMV unattended vehicle,01 - Clear,07 - Dark,01 - Dry,10 - No control,,1,0,0,0,,0,,,,,368597.8387,5029265.458,45.40042014,-75.6850864,7809
18--392,1/7/2018,10:30 AM,BOOTH ST btwn PROVINCIAL BOUNDARY & 208 N OF MIDDLE ST/E.B. EDDY N (__3ZBPMPA),__3ZBPMPA,01 - Non intersection,03 - P.D. only,03 - Rear end,01 - Clear,01 - Daylight,01 - Dry,10 - No control,,2,0,0,0,,0,,,,,366001.6988,5031489.73,45.42066532,-75.71796854,7810
18--3920,4/2/2018,9:03 PM,L'ALLEMAND ST @ MONTREAL RD (0009796),9796,02 - Intersection related,03 - P.D. only,03 - Rear end,01 - Clear,07 - Dark,01 - Dry,02 - Stop sign,00 - Unknown,2,0,0,0,,0,,,,,370571.36,5033349.286,45.43698214,-75.65933545,7811
18--3921,4/2/2018,9:35 AM,QUAIL DR btwn ST. BERNARD ST & FEATHER LANE (__3ZA5PT),__3ZA5PT,01 - Non intersection,03 - P.D. only,01 - Approaching,01 - Clear,01 - Daylight,01 - Dry,10 - No control,,2,0,0,0,,0,,,,,373020.5231,5023627.082,45.34927134,-75.62937901,7812