Anom_ID,Accident_Date,Accident_Time,Location,Geo_ID,Accident_Location,Classification_of_Accident,Initial_Impact_Type,Environment_Condition,Light,Road_Surface_Condition,Traffic_Control,Traffic_Control_Condition,No__of_Vehicles,No__of_Bicycles,No__of_Motorcycles,No__of_Pedestrians,Max_Injury,No__of_Injuries,No__of_Minimal,No__of_Minor,No__of_Major,No__of_Fatal,X,Y,Latitude,Longitude,ObjectId
18--3922,4/2/2018,9:39 PM,MERIVALE RD @ 210 S OF MEADOWLANDS DR (0005419),5419,03 - At intersection,03 - P.D. only,05 - Turning movement,01 - Clear,07 - Dark,01 - Dry,01 - Traffic signal,01 - Functioning,2,0,0,0,,0,,,,,364942.6351,5023529.838,45.34913559,-75.73246982,7813
18--3923,4/2/2018,9:43 PM,FALLOWFIELD RD @ GREENBANK RD (0000549),549,03 - At intersection,03 - P.D. only,05 - Turning movement,01 - Clear,07 - Dark,01 - Dry,01 - Traffic signal,01 - Functioning,2,0,0,0,,0,,,,,363079.6304,5016733.849,45.28814281,-75.75704274,7814
18--3924,4/2/2018,9:58 AM,DUNROBIN RD btwn CROWN POINT RD & GALETTA SIDE RD (__3ZACCA),__3ZACCA,01 - Non intersection,03 - P.D. only,07 - SMV other,01 - Clear,01 - Daylight,01 - Dry,10 - No control,,1,0,0,0,,0,,,,,333068.1069,5040988.254,45.50824197,-76.1382323,7815
18--3925,4/3/2018,10:01 PM,BASELINE RD @ CLYDE AVE (0002343),2343,02 - Intersection related,03 - P.D. only,03 - Rear end,04 - Freezing Rain,07 - Dark,02 - Wet,01 - Traffic signal,01 - Functioning,2,0,0,0,,0,,,,,364357.658,5024890.513,45.36142869,-75.73977061,7816
18--3926,4/3/2018,10:59 AM,LISGAR ST btwn O'CONNOR ST & METCALFE ST (__3ZA9UX),__3ZA9UX,04 - At/near private drive,03 - P.D. only,02 - Angle,01 - Clear,01 - Daylight,01 - Dry,10 - No control,,2,0,0,0,,0,,,,,367775.5152,5031165.327,45.41758902,-75.6953465,7817
18--3927,4/3/2018,11:10 AM,BRONSON AVE @ BRONSON AVE SB OFF RAMP 34 (0002019),2019,03 - At intersection,02 - Non-fatal injury,07 - SMV other,01 - Clear,01 - Daylight,01 - Dry,10 - No control,,1,0,0,1,02 - Minor,1,,1,,,367748.579,5028478.833,45.39341919,-75.69603361,7818
18--3928,4/3/2018,11:13 PM,BASELINE RD @ CORDOVA ST (0003208),3208,02 - Intersection related,03 - P.D. only,04 - Sideswipe,02 - Rain,07 - Dark,04 - Slush,01 - Traffic signal,01 - Functioning,2,0,0,0,,0,,,,,363593.6881,5024409.526,45.35716531,-75.74957875,7819
18--3929,4/3/2018,2:02 AM,UPLANDS DR btwn PAUL ANKA DR & SHEARWATER PRIV (__3ZA9BQ),__3ZA9BQ,01 - Non intersection,03 - P.D. only,06 - SMV unattended vehicle,01 - Clear,07 - Dark,01 - Dry,10 - No control,,1,0,0,0,,0,,,,,369704.2132,5023335.832,45.34696549,-75.67173497,7820
18--393,1/7/2018,10:37 PM,HIGHWAY 417 btwn HWY417 IC127 RAMP63 & HWY417 IC127 RAMP67 (__3ZA2RF),__3ZA2RF,01 - Non intersection,03 - P.D. only,07 - SMV other,03 - Snow,07 - Dark,03 - Loose snow,10 - No control,,1,0,0,0,,0,,,,,362138.4236,5024863.978,45.36137495,-75.76809895,7821
18--3930,4/3/2018,2:15 PM,CUMMINGS AVE @ MONTREAL RD (0007748),7748,02 - Intersection related,02 - Non-fatal injury,03 - Rear end,01 - Clear,01 - Daylight,01 - Dry,01 - Traffic signal,01 - Functioning,2,0,0,0,01 - Minimal,1,1,,,,372005.9655,5034040.586,45.44306571,-75.64090652,7822
18--3931,4/3/2018,3:15 PM,ALFRED ST @ MONTREAL RD (0009799),9799,02 - Intersection related,03 - P.D. only,03 - Rear end,01 - Clear,01 - Daylight,01 - Dry,02 - Stop sign,00 - Unknown,3,0,0,0,,0,,,,,370944.9669,5033529.552,45.43856885,-75.65453644,7823
18--3932,4/3/2018,3:20 PM,BRONSON AVE @ CARLING AVE/GLEBE AVE (0002134),2134,02 - Intersection related,03 - P.D. only,03 - Rear end,01 - Clear,01 - Daylight,01 - Dry,01 - Traffic signal,01 - Functioning,2,0,0,0,,0,,,,,367447.3586,5029336.259,45.40116108,-75.69977147,7824
18--3933,4/3/2018,3:48 PM,INNES RD @ JEANNE D'ARC BLVD/MER BLEUE RD (0012475),12475,02 - Intersection related,02 - Non-fatal injury,03 - Rear end,01 - Clear,01 - Daylight,01 - Dry,01 - Traffic signal,01 - Functioning,2,0,0,0,02 - Minor,1,,1,,,382637.4052,5035566.857,45.45569492,-75.50478261,7825
18--3934,4/3/2018,5:20 PM,MONTREAL RD btwn BLAIR RD & CLOVELLY RD (__3ZA2D1),__3ZA2D1,04 - At/near private drive,03 - P.D. only,02 - Angle,01 - Clear,01 - Daylight,01 - Dry,10 - No control,,2,0,0,0,,0,,,,,374203.576,5034421.251,45.44627599,-75.61276412,7826
18--3935,4/3/2018,5:40 PM,NELSON ST @ RIDEAU ST (0007626),7626,02 - Intersection related,03 - P.D. only,99 - Other,01 - Clear,01 - Daylight,01 - Dry,01 - Traffic signal,01 - Functioning,2,0,0,0,,0,,,,,368651.3295,5032498.951,45.42950912,-75.68398428,7827
18--3936,4/3/2018,6:06 AM,MACKENZIE KING BR btwn N.D.H.Q./RIDEAU CENTRE SC & MACKENZIE KING BR/N (__3ZAZP7B),__3ZAZP7B,01 - Non intersection,02 - Non-fatal injury,07 - SMV other,01 - Clear,03 - Dawn,01 - Dry,10 - No control,,1,0,0,1,03 - Major,1,,,1,,368168.6017,5031868.757,45.42388276,-75.69023397,7828
18--3590,3/21/2018,9:10 AM,SMYTH RD @ SMYTH RD NORTH SIDE RAMP/SMYTH RD S (0006582),6582,02 - Intersection related,03 - P.D. only,03 - Rear end,01 - Clear,01 - Daylight,01 - Dry,03 - Yield sign,00 - Unknown,2,0,0,0,,0,,,,,369917.1483,5029122.927,45.39901623,-75.66825496,7829
18--3591,3/21/2018,9:27 PM,TWYFORD ST btwn MCCARTHY RD & CAHILL DR W (__3ZA9B2),__3ZA9B2,01 - Non intersection,03 - P.D. only,06 - SMV unattended vehicle,01 - Clear,07 - Dark,01 - Dry,10 - No control,,1,0,0,0,,0,,,,,369838.3415,5023697.325,45.35020568,-75.66997595,7830
18--3228,3/11/2018,3:55 PM,BANK ST @ GLADSTONE AVE (0002253),2253,02 - Intersection related,03 - P.D. only,03 - Rear end,01 - Clear,01 - Daylight,01 - Dry,01 - Traffic signal,01 - Functioning,2,0,0,0,,0,,,,,367916.7062,5030562.571,45.4121529,-75.69361985,7831
18--3592,3/22/2018,1:15 PM,HIGHWAY 417 btwn HWY417 IC115 RAMP51 & HWY417 IC115 RAMP35 (__3ZAZEB),__3ZAZEB,01 - Non intersection,03 - P.D. only,04 - Sideswipe,01 - Clear,01 - Daylight,01 - Dry,10 - No control,,2,0,0,0,,0,,,,,372363.1473,5031488.068,45.42006495,-75.63669142,7832
18--3593,3/22/2018,10:57 AM,BLAIR RD @ REGIONAL RD 174 N/OR174 IC112 RAMP61 (0003617),3617,03 - At intersection,03 - P.D. only,02 - Angle,01 - Clear,01 - Daylight,01 - Dry,01 - Traffic signal,01 - Functioning,2,0,0,0,,0,,,,,374633.686,5032989.484,45.43335092,-75.60746953,7833
18--3229,3/11/2018,4:28 PM,MCRAE AVE @ RICHMOND RD (0006867),6867,03 - At intersection,03 - P.D. only,02 - Angle,01 - Clear,01 - Daylight,01 - Dry,01 - Traffic signal,01 - Functioning,2,0,0,0,,0,,,,,363607.9477,5028539.252,45.3943228,-75.74890498,7834
18--3594,3/22/2018,Unknown,GATEVILLE PRIV btwn TO BE DETERMINED & GORE PRIV (__3ZA2HL),__3ZA2HL,01 - Non intersection,03 - P.D. only,06 - SMV unattended vehicle,01 - Clear,00 - Unknown,01 - Dry,10 - No control,,1,0,0,0,,0,,,,,372102.3925,5026393.946,45.37425529,-75.64071794,7835
18--323,1/5/2018,9:35 AM,ST. LAURENT BLVD @ TRANSITWAY (0009137),9137,02 - Intersection related,02 - Non-fatal injury,03 - Rear end,01 - Clear,01 - Daylight,02 - Wet,01 - Traffic signal,01 - Functioning,2,0,0,0,02 - Minor,1,,1,,,372443.9998,5031616,45.42120821,-75.63564086,7836
18--3595,3/22/2018,Unknown,MCLENNAN WAY btwn TURNBULL AVE & TURNBULL AVE (__3ZAB2X),__3ZAB2X,01 - Non intersection,03 - P.D. only,06 - SMV unattended vehicle,01 - Clear,00 - Unknown,01 - Dry,10 - No control,,1,0,0,0,,0,,,,,352537.6775,5017636.879,45.29706362,-75.89133773,7837
18--3230,3/11/2018,5:00 AM,INSMILL CRES btwn CHELTONIA WAY & GOLDRIDGE DR S (__3ZA47T),__3ZA47T,01 - Non intersection,03 - P.D. only,06 - SMV unattended vehicle,01 - Clear,07 - Dark,01 - Dry,10 - No control,,1,0,0,0,,0,,,,,349732.1875,5019197.1,45.31128797,-75.92696485,7838
18--3596,3/22/2018,Unknown,NAISMITH CRES btwn MCCURDY DR & THIESSEN CRES (__3ZACYA),__3ZACYA,01 - Non intersection,03 - P.D. only,06 - SMV unattended vehicle,01 - Clear,00 - Unknown,01 - Dry,10 - No control,,1,0,0,0,,0,,,,,351952.0262,5018431.899,45.30425696,-75.89872884,7839
18--3231,3/11/2018,5:20 PM,BANK ST @ EXHIBITION WAY (0009013),9013,02 - Intersection related,03 - P.D. only,03 - Rear end,01 - Clear,01 - Daylight,01 - Dry,01 - Traffic signal,01 - Functioning,2,0,0,0,,0,,,,,368529.3617,5029086.257,45.39881398,-75.68598415,7840
18--3597,3/22/2018,12:00 PM,CONROY RD @ HUNT CLUB RD (0002257),2257,02 - Intersection related,03 - P.D. only,04 - Sideswipe,01 - Clear,01 - Daylight,01 - Dry,01 - Traffic signal,01 - Functioning,2,0,0,0,,0,,,,,373763.7397,5025404.523,45.36519135,-75.61964733,7841
18--3598,3/22/2018,12:09 PM,HIGHWAY 417 btwn HWY417 IC117 RAMP61 & HWY417 IC115 RAMP36 (__3ZA2RZ),__3ZA2RZ,01 - Non intersection,03 - P.D. only,04 - Sideswipe,01 - Clear,01 - Daylight,01 - Dry,10 - No control,,2,0,0,0,,0,,,,,371570.5811,5031423.34,45.41955864,-75.64682631,7842
18--3599,3/22/2018,12:55 AM,BANK ST btwn TURN LANE & SPRINGHILL RD (__3ZA2LG),__3ZA2LG,01 - Non intersection,03 - P.D. only,07 - SMV other,01 - Clear,07 - Dark,01 - Dry,10 - No control,,1,0,0,0,,0,,,,,383844.3429,5009733.822,45.22313205,-75.49348018,7843
18--36,1/1/2018,9:04 AM,MONTREAL RD btwn CARSON'S RD/CODD'S RD & DEN HAAG DR/LANG'S RD (__3ZA2DU),__3ZA2DU,01 - Non intersection,03 - P.D. only,03 - Rear end,01 - Clear,01 - Daylight,06 - Ice,10 - No control,,2,0,0,0,,0,,,,,372677.5157,5034360.496,45.44587921,-75.63227895,7844
18--360,1/6/2018,6:27 AM,BANK ST btwn RIDEAU RD & TURN LANE (__3ZBPH9),__3ZBPH9,01 - Non intersection,02 - Non-fatal injury,06 - SMV unattended vehicle,05 - Drifting Snow,07 - Dark,06 - Ice,10 - No control,,1,0,0,0,02 - Minor,1,,1,,,377383.2514,5016811.808,45.28751266,-75.57470822,7845
18--3600,3/22/2018,2:00 PM,BOUNDARY RD @ HWY 417 BOUNDARY IC96R15 (0004217),4217,02 - Intersection related,02 - Non-fatal injury,03 - Rear end,01 - Clear,01 - Daylight,01 - Dry,10 - No control,,2,0,0,0,01 - Minimal,2,2,,,,387503.0085,5023610.539,45.34756429,-75.44458704,7846
18--3601,3/22/2018,2:41 PM,ALBION RD btwn QUINN RD & DEL ZOTTO AVE (__3ZA3SA),__3ZA3SA,04 - At/near private drive,02 - Non-fatal injury,02 - Angle,01 - Clear,01 - Daylight,01 - Dry,10 - No control,,2,0,0,0,02 - Minor,2,,2,,,373658.3291,5020039.204,45.31692657,-75.62173953,7847
18--3602,3/22/2018,3:18 PM,AVE. PAUL EMILE LAMARCHE AVE btwn AVE. MONSEIGNEUR LEMIEUX AVE & DONAL (__3ZA8Z2),__3ZA8Z2,04 - At/near private drive,03 - P.D. only,03 - Rear end,01 - Clear,01 - Daylight,01 - Dry,10 - No control,,2,0,0,0,,0,,,,,371361.5486,5032360.287,45.4280088,-75.64937037,7848
18--3603,3/22/2018,3:30 PM,RICHMOND RD btwn STINSON AVE & STAFFORD RD (__3ZBOCU),__3ZBOCU,04 - At/near private drive,03 - P.D. only,02 - Angle,01 - Clear,01 - Daylight,01 - Dry,10 - No control,,2,0,0,0,,0,,,,,357965.9949,5020984.23,45.32679364,-75.82177136,7849
18--3604,3/22/2018,3:40 PM,CLARENCE ST btwn WILLIAM ST & DALHOUSIE ST (__3ZA82W),__3ZA82W,01 - Non intersection,03 - P.D. only,06 - SMV unattended vehicle,01 - Clear,01 - Daylight,01 - Dry,10 - No control,,1,0,0,0,,0,,,,,368030.4577,5032496.778,45.42954597,-75.69191846,7850
18--3605,3/22/2018,3:45 PM,BLAIR RD @ MEADOWBROOK RD (0004163),4163,03 - At intersection,02 - Non-fatal injury,05 - Turning movement,01 - Clear,01 - Daylight,01 - Dry,01 - Traffic signal,01 - Functioning,2,0,0,0,02 - Minor,3,1,2,,,375194.3861,5032311.569,45.42719521,-75.60040113,7851
18--3606,3/22/2018,3:56 PM,LYNDA LANE @ SMYTH RD (0002250),2250,03 - At intersection,02 - Non-fatal injury,04 - Sideswipe,01 - Clear,01 - Daylight,01 - Dry,02 - Stop sign,01 - Functioning,3,0,0,0,01 - Minimal,2,2,,,,371611.7223,5029191.548,45.39947399,-75.64660315,7852
18--3607,3/22/2018,4:15 PM,REGIONAL RD 174 EB btwn REGIONAL RD 174 & TRIM RD (__3ZA1L6),__3ZA1L6,01 - Non intersection,03 - P.D. only,03 - Rear end,01 - Clear,01 - Daylight,01 - Dry,10 - No control,,2,0,0,0,,0,,,,,384452.5502,5040031.456,45.49565858,-75.48085422,7853
18--3608,3/22/2018,4:23 PM,CYRVILLE RD btwn LABRIE AVE & STAR TOP RD (__3ZA3SO),__3ZA3SO,01 - Non intersection,02 - Non-fatal injury,01 - Approaching,01 - Clear,01 - Daylight,01 - Dry,10 - No control,,3,0,0,0,02 - Minor,1,,1,,,373782.4721,5031536.564,45.42036278,-75.61855092,7854
18--3609,3/22/2018,4:30 PM,DALHOUSIE ST btwn ST. PATRICK ST & MURRAY ST (__3ZA7A8),__3ZA7A8,01 - Non intersection,03 - P.D. only,04 - Sideswipe,01 - Clear,01 - Daylight,01 - Dry,10 - No control,,2,0,0,0,,0,,,,,367980.8791,5032604.476,45.43051948,-75.69253819,7855
18--361,1/6/2018,6:36 AM,CARLING AVE WB btwn HWY417 IC124 RAMP76 & KIRKWOOD AVE (__3ZBOD8),__3ZBOD8,01 - Non intersection,03 - P.D. only,07 - SMV other,01 - Clear,07 - Dark,06 - Ice,10 - No control,,1,0,0,0,,0,,,,,364173.7388,5027395.563,45.38398435,-75.74181693,7856
18--3610,3/22/2018,5:20 PM,LAURIER AVE @ NICHOLAS ST (0010711),10711,02 - Intersection related,03 - P.D. only,99 - Other,01 - Clear,01 - Daylight,01 - Dry,01 - Traffic signal,01 - Functioning,2,0,0,0,,0,,,,,368372.5917,5031798.967,45.4232363,-75.68763652,7857
18--3611,3/22/2018,5:52 AM,COPELAND RD @ DWYER HILL RD (0005275),5275,02 - Intersection related,03 - P.D. only,07 - SMV other,01 - Clear,07 - Dark,01 - Dry,02 - Stop sign,00 - Unknown,1,0,0,0,,0,,,,,347490.1713,4999792.966,45.1368204,-75.95722084,7858
18--3612,3/22/2018,5:54 PM,HINCKS LANE @ RIVERSIDE DR (0011354),11354,02 - Intersection related,03 - P.D. only,03 - Rear end,01 - Clear,01 - Daylight,01 - Dry,01 - Traffic signal,01 - Functioning,2,0,0,0,,0,,,,,370165.6706,5030206.96,45.40874679,-75.66493721,7859
18--3613,3/22/2018,6:04 PM,BRONSON AVE @ SUNNYSIDE AVE/UNIVERSITY RD - CA (0007209),7209,02 - Intersection related,03 - P.D. only,04 - Sideswipe,01 - Clear,05 - Dusk,01 - Dry,01 - Traffic signal,01 - Functioning,2,0,0,0,,0,,,,,367922.7098,5028091.547,45.38991882,-75.69385942,7860
18--3614,3/22/2018,6:30 PM,PENNYROYAL CRES btwn ANGELICA AVE & PINNACLE ST (__5UW36G),__5UW36G,04 - At/near private drive,03 - P.D. only,06 - SMV unattended vehicle,01 - Clear,07 - Dark,01 - Dry,10 - No control,,1,0,0,0,,0,,,,,386968.6985,5035995.795,45.45905818,-75.4493408,7861
18--3615,3/22/2018,7:39 AM,KING EDWARD AVE @ SOMERSET ST/MARIE CURIE PRIV (0001696),1696,02 - Intersection related,03 - P.D. only,99 - Other,01 - Clear,01 - Daylight,01 - Dry,01 - Traffic signal,01 - Functioning,2,0,0,0,,0,,,,,368958.0587,5031671.487,45.42203583,-75.68017249,7862
18--3616,3/22/2018,8:45 PM,GREER ST btwn DENHAM WAY & SAVAGE DR (__3ZAZCR),__3ZAZCR,04 - At/near private drive,03 - P.D. only,06 - SMV unattended vehicle,01 - Clear,07 - Dark,01 - Dry,10 - No control,,1,0,0,0,,0,,,,,350569.4304,5015055.985,45.27397092,-75.9166699,7863
18--3617,3/22/2018,9:10 AM,RIVERSIDE DR @ HERON RD (0002236),2236,02 - Intersection related,02 - Non-fatal injury,03 - Rear end,01 - Clear,01 - Daylight,01 - Dry,01 - Traffic signal,01 - Functioning,2,0,0,0,02 - Minor,1,,1,,,368121.4193,5026647.179,45.37690486,-75.69150722,7864
18--3618,3/22/2018,9:24 PM,ARGYLE AVE E @ METCALFE ST (0007280),7280,03 - At intersection,03 - P.D. only,05 - Turning movement,01 - Clear,07 - Dark,02 - Wet,10 - No control,,2,0,0,0,,0,,,,,368441.8549,5030641.343,45.4128141,-75.68690104,7865
18--3619,3/22/2018,9:34 AM,BRONSON AVE @ SUNNYSIDE AVE/UNIVERSITY RD - CA (0007209),7209,02 - Intersection related,03 - P.D. only,03 - Rear end,01 - Clear,01 - Daylight,01 - Dry,01 - Traffic signal,01 - Functioning,2,0,0,0,,0,,,,,367921.6648,5028090.85,45.38991265,-75.69387285,7866
18--362,1/6/2018,6:50 AM,HWY417 IC126 RAMP25 btwn HWY417 IC126 RAMP55 & HIGHWAY 417 (__3ZAYAC),__3ZAYAC,01 - Non intersection,03 - P.D. only,07 - SMV other,01 - Clear,07 - Dark,06 - Ice,10 - No control,,1,0,0,0,,0,,,,,363315.2494,5026015.096,45.37163533,-75.7529422,7867
18--3620,3/23/2018,1:00 PM,WOODROFFE AVE @ GEORGINA DR/LENESTER AVE (0002351),2351,02 - Intersection related,03 - P.D. only,04 - Sideswipe,01 - Clear,01 - Daylight,01 - Dry,01 - Traffic signal,01 - Functioning,2,0,0,0,,0,,,,,361909.6865,5025370.519,45.36595144,-75.77095991,7868
18--3621,3/23/2018,1:19 PM,AIRPORT PKWY/BROOKFIELD RD @ FLANNERY DR/AIRPORT PKWY RAMPS 52A/53 (0006850),6850,02 - Intersection related,03 - P.D. only,07 - SMV other,01 - Clear,01 - Daylight,01 - Dry,11 - Roundabout,01 - Functioning,1,0,0,0,,0,,,,,368693.9023,5026293.536,45.37367091,-75.68424421,7869
18--3622,3/23/2018,1:28 PM,FALLOWFIELD RD @ LARKIN DR (0000555),555,02 - Intersection related,03 - P.D. only,03 - Rear end,01 - Clear,01 - Daylight,01 - Dry,01 - Traffic signal,01 - Functioning,2,0,0,0,,0,,,,,361721.3178,5015913.436,45.28087202,-75.77445141,7870
18--3623,3/23/2018,1:45 PM,BELFAST RD @ ST. LAURENT BLVD (0007658),7658,03 - At intersection,03 - P.D. only,05 - Turning movement,01 - Clear,01 - Daylight,01 - Dry,01 - Traffic signal,01 - Functioning,2,0,0,0,,0,,,,,372858.9819,5030577.168,45.41182104,-75.63048228,7871
18--3624,3/23/2018,1:52 PM,CATHERINE ST @ KENT ST (0002707),2707,02 - Intersection related,03 - P.D. only,03 - Rear end,01 - Clear,01 - Daylight,01 - Dry,01 - Traffic signal,01 - Functioning,2,0,0,0,,0,,,,,367908.0559,5030187.868,45.40878222,-75.69377832,7872
18--3625,3/23/2018,1:57 PM,INDUSTRIAL AVE @ RUSSELL RD (0007732),7732,03 - At intersection,03 - P.D. only,05 - Turning movement,01 - Clear,01 - Daylight,01 - Dry,01 - Traffic signal,01 - Functioning,2,0,0,0,,0,,,,,372465.9899,5030278.508,45.40917194,-75.63554354,7873
18--3626,3/23/2018,10:44 AM,BESSERER ST @ WALLER ST (0008859),8859,02 - Intersection related,03 - P.D. only,06 - SMV unattended vehicle,01 - Clear,01 - Daylight,01 - Dry,01 - Traffic signal,01 - Functioning,1,0,0,0,,0,,,,,368315.5849,5032191.281,45.42677138,-75.68831432,7874
18--3627,3/23/2018,Unknown,RIDGEBROOK DR btwn BROOKMILL LANE & MAXIME ST (__3ZA8L3),__3ZA8L3,01 - Non intersection,03 - P.D. only,06 - SMV unattended vehicle,01 - Clear,00 - Unknown,01 - Dry,10 - No control,,1,0,0,0,,0,,,,,374630.5588,5031634.035,45.42115564,-75.60770167,7875
18--3628,3/23/2018,12:00 PM,CARLING AVE @ RICHMOND RD (0010847),10847,02 - Intersection related,03 - P.D. only,04 - Sideswipe,01 - Clear,01 - Daylight,01 - Dry,10 - No control,,2,0,0,0,,0,,,,,360245.6791,5024781.512,45.36078518,-75.79226641,7876
18--3629,3/23/2018,12:02 AM,COLONEL BY DR @ ROSEDALE AVE (0006905),6905,02 - Intersection related,03 - P.D. only,07 - SMV other,01 - Clear,07 - Dark,01 - Dry,02 - Stop sign,01 - Functioning,1,0,0,0,,0,,,,,368294.362,5028635.554,45.39478004,-75.68904352,7877
18--363,1/6/2018,6:56 PM,LEMIEUX ST @ ST. LAURENT BLVD (0002021),2021,02 - Intersection related,03 - P.D. only,04 - Sideswipe,01 - Clear,07 - Dark,01 - Dry,01 - Traffic signal,01 - Functioning,2,0,0,0,,0,,,,,372391.7247,5031742.565,45.42235203,-75.63629139,7878
18--3630,3/23/2018,12:19 PM,DESCHAMPS AVE @ DUROCHER ST (0009997),9997,03 - At intersection,01 - Fatal injury,07 - SMV other,01 - Clear,01 - Daylight,01 - Dry,02 - Stop sign,01 - Functioning,1,0,0,1,04 - Fatal,1,,,,1,370019.7134,5033304.596,45.43663171,-75.66639155,7879
18--3631,3/23/2018,12:34 PM,BARNSDALE RD @ PRINCE OF WALES DR (0001082),1082,02 - Intersection related,03 - P.D. only,02 - Angle,01 - Clear,01 - Daylight,01 - Dry,02 - Stop sign,01 - Functioning,2,0,0,0,,0,,,,,366646.6963,5011532.413,45.24103569,-75.71222108,7880
18--3632,3/23/2018,2:13 PM,ELWOOD ST @ MONTREAL RD (0009283),9283,03 - At intersection,02 - Non-fatal injury,07 - SMV other,01 - Clear,01 - Daylight,01 - Dry,01 - Traffic signal,01 - Functioning,1,0,0,1,02 - Minor,1,,1,,,374391.2051,5034400.024,45.44606635,-75.61036882,7881
18--3633,3/23/2018,2:18 PM,BANK ST @ CAHILL DR/DAZE ST (0012178),12178,03 - At intersection,02 - Non-fatal injury,07 - SMV other,01 - Clear,01 - Daylight,01 - Dry,01 - Traffic signal,01 - Functioning,1,0,0,1,02 - Minor,1,,1,,,371307.1634,5024317.424,45.35564738,-75.65114938,7882
18--3634,3/23/2018,3:22 PM,CLARIDGE DR btwn FAIRLOP WAY & BERRIGAN DR (__4O3JZP),__4O3JZP,04 - At/near private drive,03 - P.D. only,02 - Angle,01 - Clear,01 - Daylight,01 - Dry,10 - No control,,2,0,0,0,,0,,,,,364625.5261,5015900.936,45.28051839,-75.73743759,7883
18--3635,3/23/2018,3:53 PM,HIGHWAY 417 btwn REGIONAL ROAD 174 & HWY417 IC113 RAMP85 (__3ZA289),__3ZA289,01 - Non intersection,03 - P.D. only,03 - Rear end,01 - Clear,01 - Daylight,01 - Dry,10 - No control,,3,0,0,0,,0,,,,,373349.6387,5031731.951,45.42216332,-75.62405377,7884
18--3636,3/23/2018,4:30 PM,HIGHWAY 417 btwn HWY417 IC115 RAMP25 & REGIONAL ROAD 174 (__3ZA2RY),__3ZA2RY,01 - Non intersection,03 - P.D. only,03 - Rear end,01 - Clear,01 - Daylight,01 - Dry,10 - No control,,2,0,0,0,,0,,,,,373286.3609,5031706.519,45.4219407,-75.62486579,7885
18--3637,3/23/2018,4:36 PM,BREWER RD @ BRONSON AVE (0002240),2240,03 - At intersection,03 - P.D. only,07 - SMV other,01 - Clear,01 - Daylight,01 - Dry,01 - Traffic signal,01 - Functioning,1,0,0,1,,0,,,,,368109.3955,5027766.436,45.38697672,-75.6915172,7886
18--3638,3/23/2018,4:45 PM,BANK ST @ RIVERSIDE DR N (0010778),10778,02 - Intersection related,03 - P.D. only,03 - Rear end,01 - Clear,01 - Daylight,01 - Dry,01 - Traffic signal,01 - Functioning,2,0,0,0,,0,,,,,369226.7612,5027982.849,45.38882205,-75.67722127,7887
18--3639,3/23/2018,4:59 PM,INDUSTRIAL AVE @ ALTA VISTA DR/SANDFORD FLEMIN (0006979),6979,03 - At intersection,03 - P.D. only,05 - Turning movement,01 - Clear,01 - Daylight,01 - Dry,01 - Traffic signal,01 - Functioning,2,0,0,0,,0,,,,,370882.9816,5030558.267,45.41184035,-75.65572728,7888
18--364,1/6/2018,7:06 PM,LEMIEUX ST @ ST. LAURENT BLVD (0002021),2021,02 - Intersection related,03 - P.D. only,04 - Sideswipe,01 - Clear,07 - Dark,01 - Dry,01 - Traffic signal,01 - Functioning,3,0,0,0,,0,,,,,372391.7248,5031742.564,45.42235202,-75.63629139,7889
18--3640,3/23/2018,5:47 PM,MERIVALE RD btwn ROSSLAND AVE & EMERALD PLAZA SC (__3ZA4HZA),__3ZA4HZA,04 - At/near private drive,03 - P.D. only,03 - Rear end,01 - Clear,01 - Daylight,01 - Dry,10 - No control,,2,0,0,0,,0,,,,,364711.3131,5024063.489,45.35395711,-75.73535699,7890
18--3641,3/23/2018,6:50 PM,HIGHWAY 417 btwn HWY417 IC127 RAMP67 & HWY417 IC126 RAMP16 (__3ZA2X0),__3ZA2X0,01 - Non intersection,03 - P.D. only,04 - Sideswipe,01 - Clear,05 - Dusk,01 - Dry,10 - No control,,2,0,0,0,,0,,,,,362572.8523,5025204.064,45.36439935,-75.76251435,7891
18--3642,3/23/2018,7:46 AM,PARKDALE AVE @ SCOTT ST (0002213),2213,02 - Intersection related,03 - P.D. only,04 - Sideswipe,01 - Clear,01 - Daylight,01 - Dry,01 - Traffic signal,01 - Functioning,2,0,0,0,,0,,,,,364949.7034,5029726.56,45.40489197,-75.73162481,7892
18--3643,3/23/2018,8:13 PM,BANK ST btwn CECIL AVE & HERON RD (__3ZA3AC),__3ZA3AC,01 - Non intersection,03 - P.D. only,03 - Rear end,01 - Clear,07 - Dark,01 - Dry,10 - No control,,2,0,0,0,,0,,,,,369973.0719,5026914.26,45.37913819,-75.6678324,7893
18--3644,3/23/2018,8:30 AM,CYRVILLE RD @ ST. LAURENT BLVD (0002647),2647,02 - Intersection related,02 - Non-fatal injury,03 - Rear end,01 - Clear,01 - Daylight,01 - Dry,01 - Traffic signal,01 - Functioning,2,0,0,0,01 - Minimal,1,1,,,,372240.6755,5032111.58,45.42568684,-75.63817081,7894
18--3645,3/23/2018,8:35 AM,ALBERT ST @ BOOTH ST (0002162),2162,02 - Intersection related,03 - P.D. only,04 - Sideswipe,01 - Clear,01 - Daylight,01 - Dry,01 - Traffic signal,01 - Functioning,2,0,0,0,,0,,,,,366428.3448,5030626.567,45.41286137,-75.71262535,7895