Anom_ID,Accident_Date,Accident_Time,Location,Geo_ID,Accident_Location,Classification_of_Accident,Initial_Impact_Type,Environment_Condition,Light,Road_Surface_Condition,Traffic_Control,Traffic_Control_Condition,No__of_Vehicles,No__of_Bicycles,No__of_Motorcycles,No__of_Pedestrians,Max_Injury,No__of_Injuries,No__of_Minimal,No__of_Minor,No__of_Major,No__of_Fatal,X,Y,Latitude,Longitude,ObjectId
18--3646,3/24/2018,1:50 PM,FRANKTOWN RD btwn SKEEL CRT & DWYER HILL RD (__3ZA3E5),__3ZA3E5,04 - At/near private drive,02 - Non-fatal injury,03 - Rear end,01 - Clear,01 - Daylight,01 - Dry,10 - No control,,2,0,0,0,02 - Minor,3,2,1,,,348216.137,4998562.806,45.12570644,-75.94809784,7896
18--3647,3/24/2018,10:59 AM,ST. LAURENT BLVD @ TREMBLAY RD (0002573),2573,02 - Intersection related,02 - Non-fatal injury,03 - Rear end,01 - Clear,01 - Daylight,01 - Dry,01 - Traffic signal,01 - Functioning,2,0,0,0,03 - Major,1,,,1,,372595.3655,5031242.273,45.41783093,-75.63375834,7897
18--3648,3/24/2018,Unknown,HAWLEY CRES btwn WILLOW GLEN DR & WILLOW GLEN DR (__3ZABZ1),__3ZABZ1,01 - Non intersection,03 - P.D. only,06 - SMV unattended vehicle,01 - Clear,00 - Unknown,01 - Dry,10 - No control,,1,0,0,0,,0,,,,,354312.7906,5017072.411,45.29186157,-75.86876249,7898
18--3649,3/24/2018,Unknown,SECORD AVE btwn CLEMENTINE BLVD & GILLES ST (__3ZA869),__3ZA869,01 - Non intersection,03 - P.D. only,06 - SMV unattended vehicle,01 - Clear,00 - Unknown,01 - Dry,10 - No control,,1,0,0,0,,0,,,,,369593.1669,5026888.899,45.37894523,-75.67268607,7899
18--365,1/6/2018,7:19 PM,AMIENS ST @ TENTH LINE RD (0004168),4168,02 - Intersection related,03 - P.D. only,04 - Sideswipe,01 - Clear,07 - Dark,06 - Ice,01 - Traffic signal,01 - Functioning,2,0,0,0,,0,,,,,383352.7282,5037568.225,45.47362139,-75.49531818,7900
18--3650,3/24/2018,12:19 PM,RICHMOND RD btwn WINSTON AVE & CHURCHILL AVE N (__3ZA4OS),__3ZA4OS,04 - At/near private drive,03 - P.D. only,99 - Other,01 - Clear,01 - Daylight,01 - Dry,10 - No control,,2,0,0,0,,0,,,,,363148.9771,5028237.741,45.39164825,-75.75480211,7901
18--3651,3/24/2018,12:21 PM,LAURIER AVE @ NICHOLAS ST (0010711),10711,02 - Intersection related,03 - P.D. only,04 - Sideswipe,01 - Clear,01 - Daylight,01 - Dry,01 - Traffic signal,01 - Functioning,2,0,0,0,,0,,,,,368373.6367,5031798.27,45.42322994,-75.68762326,7902
18--3652,3/24/2018,2:14 PM,MAGWOOD AVE @ RICHMOND RD (0005154),5154,03 - At intersection,03 - P.D. only,04 - Sideswipe,01 - Clear,01 - Daylight,01 - Dry,02 - Stop sign,01 - Functioning,2,0,0,0,,0,,,,,359424.6663,5023437.493,45.34875615,-75.8028939,7903
18--3653,3/24/2018,3:14 PM,RIDEAU ST @ WALLER ST (0011913),11913,03 - At intersection,03 - P.D. only,03 - Rear end,01 - Clear,01 - Daylight,01 - Dry,01 - Traffic signal,01 - Functioning,2,0,0,0,,0,,,,,368282.3995,5032275.281,45.4275302,-75.68872754,7904
18--3654,3/24/2018,3:19 AM,CHARLOTTE ST btwn WILBROD ST & LAURIER AVE E (__3ZA3U2),__3ZA3U2,01 - Non intersection,03 - P.D. only,07 - SMV other,01 - Clear,07 - Dark,01 - Dry,10 - No control,,1,0,0,0,,0,,,,,369469.2735,5032500.433,45.4294473,-75.6735319,7905
18--3655,3/24/2018,3:30 PM,CENTURY RD W @ WILLIAM MCEWEN DR (0012116),12116,02 - Intersection related,03 - P.D. only,02 - Angle,01 - Clear,01 - Daylight,01 - Dry,02 - Stop sign,01 - Functioning,2,0,0,0,,0,,,,,365624.3247,5006094.499,45.19219409,-75.72590664,7906
18--3656,3/24/2018,3:30 PM,INNES RD @ TENTH LINE RD (0004633),4633,02 - Intersection related,03 - P.D. only,03 - Rear end,01 - Clear,01 - Daylight,01 - Dry,01 - Traffic signal,01 - Functioning,2,0,0,0,,0,,,,,383952.1087,5036160.258,45.46088612,-75.48788011,7907
18--3657,3/24/2018,3:44 PM,RICHMOND RD btwn BASELINE RD TURN LANE & NORTHSIDE RD (__3ZA4LJ),__3ZA4LJ,01 - Non intersection,03 - P.D. only,03 - Rear end,01 - Clear,01 - Daylight,01 - Dry,10 - No control,,2,0,0,0,,0,,,,,358468.2294,5021455.809,45.33099871,-75.81531378,7908
18--3658,3/24/2018,4:27 PM,BRONSON AVE @ SUNNYSIDE AVE/UNIVERSITY RD - CA (0007209),7209,02 - Intersection related,03 - P.D. only,03 - Rear end,01 - Clear,01 - Daylight,01 - Dry,01 - Traffic signal,01 - Functioning,2,0,0,0,,0,,,,,367922.4488,5028092.07,45.38992355,-75.69386268,7909
18--3659,3/24/2018,5:17 PM,DONNELLY DR btwn HARNETT RD & MALAKOFF RD (__3ZA4KC),__3ZA4KC,01 - Non intersection,03 - P.D. only,07 - SMV other,01 - Clear,01 - Daylight,01 - Dry,10 - No control,,1,0,0,0,,0,,,,,367581.3689,4989375.628,45.04158337,-75.70309911,7910
18--366,1/6/2018,7:30 AM,HIGHWAY 417 btwn HWY417 IC115 RAMP61 & REGIONAL ROAD 174 (__3ZA2XG),__3ZA2XG,01 - Non intersection,03 - P.D. only,07 - SMV other,06 - Strong wind,03 - Dawn,06 - Ice,10 - No control,,1,0,0,0,,0,,,,,373220.0698,5031702.788,45.42191361,-75.62571329,7911
18--3660,3/24/2018,5:35 PM,PARENT AVE btwn GUIGUES AVE & ST. PATRICK ST (__3ZBOXQ),__3ZBOXQ,01 - Non intersection,03 - P.D. only,06 - SMV unattended vehicle,01 - Clear,01 - Daylight,01 - Dry,10 - No control,,1,0,0,0,,0,,,,,367797.5091,5032592.964,45.43043244,-75.69488293,7912
18--3661,3/24/2018,5:35 PM,CLAREY AVE @ BANK ST (0007243),7243,02 - Intersection related,03 - P.D. only,04 - Sideswipe,01 - Clear,01 - Daylight,01 - Dry,02 - Stop sign,01 - Functioning,2,0,0,0,,0,,,,,368452.7068,5029269.556,45.40047022,-75.68693951,7913
18--3662,3/24/2018,5:51 AM,CYRVILLE RD @ OGILVIE RD (0003554),3554,03 - At intersection,03 - P.D. only,02 - Angle,01 - Clear,07 - Dark,01 - Dry,01 - Traffic signal,01 - Functioning,2,0,0,0,,0,,,,,372453.7189,5032005.57,45.42471243,-75.63546318,7914
18--3663,3/24/2018,6:25 PM,CUMMINGS AVE @ OGILVIE RD (0009923),9923,02 - Intersection related,02 - Non-fatal injury,03 - Rear end,01 - Clear,05 - Dusk,01 - Dry,01 - Traffic signal,01 - Functioning,2,0,0,0,02 - Minor,2,,2,,,372747.6749,5032171.979,45.42618121,-75.63168424,7915
18--3664,3/24/2018,6:30 PM,HUNTMAR DR @ PALLADIUM DR S (0011818),11818,02 - Intersection related,03 - P.D. only,04 - Sideswipe,01 - Clear,07 - Dark,01 - Dry,01 - Traffic signal,01 - Functioning,2,0,0,0,,0,,,,,349675.6066,5017365.437,45.29480974,-75.92785223,7916
18--3665,3/24/2018,6:55 PM,BRIAN COBURN BLVD @ FERN CASEY ST (0017234),17234,03 - At intersection,03 - P.D. only,02 - Angle,01 - Clear,05 - Dusk,01 - Dry,11 - Roundabout,01 - Functioning,2,0,0,0,,0,,,,,382289.8384,5033944.239,45.44113458,-75.50948146,7917
18--3666,3/24/2018,8:58 AM,WEST HUNT CLUB RD btwn PRINCE OF WALES DR & HUNT CLUB RD (__3ZA2T4),__3ZA2T4,01 - Non intersection,03 - P.D. only,03 - Rear end,01 - Clear,01 - Daylight,01 - Dry,10 - No control,,2,0,0,0,,0,,,,,367629.6579,5021883.928,45.33409045,-75.69839082,7918
18--3232,3/11/2018,5:32 PM,HENRY FARM DR @ MAITLAND AVE (0003213),3213,02 - Intersection related,03 - P.D. only,02 - Angle,01 - Clear,01 - Daylight,01 - Dry,02 - Stop sign,01 - Functioning,2,0,0,0,,0,,,,,363848.6932,5025152.518,45.36382923,-75.74623547,7919
18--3233,3/11/2018,6:00 PM,INNES RD @ JEANNE D'ARC BLVD/MER BLEUE RD (0012475),12475,02 - Intersection related,03 - P.D. only,04 - Sideswipe,01 - Clear,01 - Daylight,01 - Dry,01 - Traffic signal,01 - Functioning,2,0,0,0,,0,,,,,382637.7536,5035567.554,45.45570115,-75.50477805,7920
18--3234,3/11/2018,6:03 PM,WALKLEY RD @ DON REID DR/RYDER ST (0008218),8218,02 - Intersection related,03 - P.D. only,04 - Sideswipe,01 - Clear,05 - Dusk,01 - Dry,01 - Traffic signal,01 - Functioning,2,0,0,0,,0,,,,,372601.7269,5027284.544,45.3822204,-75.63422114,7921
18--3235,3/11/2018,6:52 AM,BRONSON AVE @ GLOUCESTER ST (0005124),5124,02 - Intersection related,03 - P.D. only,03 - Rear end,01 - Clear,03 - Dawn,02 - Wet,01 - Traffic signal,01 - Functioning,2,0,0,0,,0,,,,,366833.7014,5030792.573,45.41431923,-75.70742604,7922
18--3236,3/11/2018,7:03 PM,MCARTHUR AVE btwn ALLEN BLVD & LACASSE AVE (__3ZA3W6),__3ZA3W6,01 - Non intersection,03 - P.D. only,06 - SMV unattended vehicle,01 - Clear,07 - Dark,01 - Dry,10 - No control,,1,0,0,0,,0,,,,,370810.819,5032755.875,45.43162032,-75.65635467,7923
18--3237,3/12/2018,1:20 AM,HIGHWAY 417 btwn RAMP & HWY417 IC145 RAMP55 (__3ZA2Q1),__3ZA2Q1,01 - Non intersection,03 - P.D. only,07 - SMV other,01 - Clear,07 - Dark,01 - Dry,10 - No control,,1,0,0,0,,0,,,,,346593.0733,5015073.972,45.27438036,-75.96734464,7924
18--3238,3/12/2018,1:25 PM,LONGFIELDS DR @ VIA VERONA AVE (0015389),15389,02 - Intersection related,03 - P.D. only,04 - Sideswipe,01 - Clear,01 - Daylight,01 - Dry,10 - No control,,2,0,0,0,,0,,,,,364068.1159,5016055.452,45.28195594,-75.74452351,7925
18--3239,3/12/2018,10:21 AM,CHURCHILL AVE @ RICHMOND RD (0002361),2361,03 - At intersection,03 - P.D. only,05 - Turning movement,01 - Clear,01 - Daylight,01 - Dry,01 - Traffic signal,01 - Functioning,2,0,0,0,,0,,,,,363227.6941,5028292.552,45.39213486,-75.75379038,7926
18--324,1/5/2018,9:40 AM,COOPER ST btwn CARTIER ST & DRIVEWAY (THE) (__3ZA9VI),__3ZA9VI,01 - Non intersection,03 - P.D. only,06 - SMV unattended vehicle,01 - Clear,01 - Daylight,05 - Packed snow,10 - No control,,1,0,0,0,,0,,,,,368322.181,5031394.323,45.41960003,-75.6883328,7927
18--3240,3/12/2018,11:00 PM,BRONSON AVE RAMP 34B btwn BRONSON AVE & BRONSON AVE RAMP 34A (__3ZAYCP),__3ZAYCP,01 - Non intersection,03 - P.D. only,03 - Rear end,03 - Snow,07 - Dark,02 - Wet,10 - No control,,3,0,0,0,,0,,,,,368417.8101,5027180.814,45.38167951,-75.68765451,7928
18--3241,3/12/2018,11:19 PM,MEADOWLANDS DR @ MERIVALE RD (0000625),625,02 - Intersection related,03 - P.D. only,03 - Rear end,03 - Snow,07 - Dark,03 - Loose snow,01 - Traffic signal,01 - Functioning,2,0,0,0,,0,,,,,364858.6991,5023725.511,45.35090342,-75.73351713,7929
18--3242,3/12/2018,Unknown,ARRITA ST btwn LOKOYA ST & ROMINA ST (__6OD7GK),__6OD7GK,01 - Non intersection,03 - P.D. only,06 - SMV unattended vehicle,03 - Snow,00 - Unknown,04 - Slush,10 - No control,,1,0,0,0,,0,,,,,354717.385,5015111.319,45.2741866,-75.86380191,7930
18--3243,3/12/2018,Unknown,PROGRESS PL btwn MEADOWBROOK RD & END (__3ZA8LZ),__3ZA8LZ,01 - Non intersection,03 - P.D. only,06 - SMV unattended vehicle,01 - Clear,00 - Unknown,01 - Dry,10 - No control,,1,0,0,0,,0,,,,,374362.7565,5031597.25,45.42085135,-75.61112844,7931
18--3244,3/12/2018,12:36 PM,BANK ST @ ERIE AVE (0006828),6828,02 - Intersection related,03 - P.D. only,03 - Rear end,01 - Clear,01 - Daylight,01 - Dry,01 - Traffic signal,01 - Functioning,2,0,0,0,,0,,,,,370134.7203,5026479.526,45.37521154,-75.66582612,7932
18--3245,3/12/2018,12:40 PM,CAMPEAU DR @ TERRY FOX DR (0008211),8211,02 - Intersection related,03 - P.D. only,02 - Angle,01 - Clear,01 - Daylight,01 - Dry,01 - Traffic signal,01 - Functioning,2,0,0,0,,0,,,,,350455.6006,5019010.455,45.30956183,-75.9177566,7933
18--3246,3/12/2018,12:59 PM,MERIVALE RD btwn CLYDE AVE & RITA AVE (__3ZA4H7),__3ZA4H7,01 - Non intersection,03 - P.D. only,03 - Rear end,01 - Clear,01 - Daylight,01 - Dry,10 - No control,,3,0,0,0,,0,,,,,364560.7888,5024416.445,45.3571458,-75.73723528,7934
18--3247,3/12/2018,2:50 PM,HIGHWAY 417 btwn HWY417 IC126 RAMP16 & HWY417 IC126 RAMP61 (__3ZA2RC),__3ZA2RC,01 - Non intersection,03 - P.D. only,04 - Sideswipe,01 - Clear,01 - Daylight,01 - Dry,10 - No control,,2,0,0,0,,0,,,,,363082.7652,5025759.392,45.36935391,-75.75594022,7935
18--3248,3/12/2018,3:08 PM,ALBION RD btwn 118 S OF BRENDA CR & CAHILL DR (__3ZA9EVB),__3ZA9EVB,01 - Non intersection,03 - P.D. only,01 - Approaching,01 - Clear,01 - Daylight,01 - Dry,10 - No control,,2,0,0,0,,0,,,,,371707.0991,5024715.945,45.35919509,-75.64599151,7936
18--3249,3/12/2018,3:40 PM,CYRVILLE RD btwn STAR TOP RD & MEADOWBROOK RD (__3ZA3SN),__3ZA3SN,04 - At/near private drive,03 - P.D. only,02 - Angle,01 - Clear,01 - Daylight,01 - Dry,10 - No control,,2,0,0,0,,0,,,,,374490.0117,5031287.852,45.41805488,-75.60954634,7937
18--325,1/6/2018,1:12 AM,MAPLE GROVE RD @ TERRY FOX DR (0003177),3177,02 - Intersection related,03 - P.D. only,07 - SMV other,06 - Strong wind,07 - Dark,01 - Dry,01 - Traffic signal,01 - Functioning,1,0,0,0,,0,,,,,351553.957,5017863.071,45.29916511,-75.90385829,7938
18--3250,3/12/2018,6:07 AM,BANK ST @ HERON RD (0002155),2155,02 - Intersection related,03 - P.D. only,03 - Rear end,01 - Clear,07 - Dark,01 - Dry,01 - Traffic signal,01 - Functioning,2,0,0,0,,0,,,,,369995.7197,5026851.542,45.37857176,-75.66755153,7939
18--3251,3/12/2018,6:08 PM,EMOND ST btwn DESCHAMPS AVE & MONTREAL RD (__3ZA8SU),__3ZA8SU,01 - Non intersection,03 - P.D. only,06 - SMV unattended vehicle,01 - Clear,05 - Dusk,01 - Dry,10 - No control,,1,0,0,0,,0,,,,,370116.4192,5033268.42,45.43629719,-75.66516043,7940
18--3252,3/12/2018,6:13 PM,WOODROFFE AVE btwn KNOXDALE RD/MEDHURST DR & NORICE ST (__3ZA3JO),__3ZA3JO,04 - At/near private drive,02 - Non-fatal injury,02 - Angle,01 - Clear,05 - Dusk,01 - Dry,10 - No control,,2,1,0,0,02 - Minor,2,1,1,,,363397.4558,5021882.555,45.33444427,-75.75238254,7941
18--3253,3/12/2018,7:37 AM,BRONSON AVE btwn LAKESIDE AVE & LAKEVIEW TER (__3ZA3NB),__3ZA3NB,01 - Non intersection,03 - P.D. only,04 - Sideswipe,01 - Clear,01 - Daylight,01 - Dry,10 - No control,,2,0,0,0,,0,,,,,367656.747,5028836.054,45.39664161,-75.69716084,7942
18--3254,3/12/2018,7:40 AM,BREWER RD @ BRONSON AVE (0002240),2240,02 - Intersection related,03 - P.D. only,04 - Sideswipe,01 - Clear,01 - Daylight,01 - Dry,01 - Traffic signal,01 - Functioning,2,0,0,0,,0,,,,,368109.0474,5027766.436,45.38697675,-75.69152164,7943
18--3255,3/12/2018,8:40 AM,TENTH LINE RD @ CHARLEMAGNE BLVD S/DES EPINETT (0003686),3686,02 - Intersection related,03 - P.D. only,03 - Rear end,01 - Clear,01 - Daylight,01 - Dry,01 - Traffic signal,01 - Functioning,2,0,0,0,,0,,,,,383640.9751,5036900.456,45.46758093,-75.49173924,7944
18--3256,3/12/2018,8:56 AM,ST. JOSEPH BLVD @ JEANNE D'ARC BLVD (0012421),12421,03 - At intersection,03 - P.D. only,02 - Angle,01 - Clear,01 - Daylight,01 - Dry,11 - Roundabout,01 - Functioning,2,0,0,0,,0,,,,,379859.6972,5036470.884,45.46413256,-75.54015485,7945
18--3257,3/12/2018,8:58 PM,SLACK RD btwn VAAN DR & GRENFELL CRES (__3ZA6N7),__3ZA6N7,01 - Non intersection,03 - P.D. only,03 - Rear end,01 - Clear,07 - Dark,01 - Dry,10 - No control,,2,0,0,0,,0,,,,,365207.5538,5020512.512,45.32196328,-75.72945758,7946
18--3258,3/12/2018,9:00 AM,MARCH RD @ TERON RD (0011926),11926,02 - Intersection related,03 - P.D. only,04 - Sideswipe,01 - Clear,01 - Daylight,01 - Dry,01 - Traffic signal,01 - Functioning,2,0,0,0,,0,,,,,351414.6159,5021779.482,45.33441517,-75.90526634,7947
18--3259,3/12/2018,9:09 PM,BASELINE RD @ ROCKWAY CRES (0002187),2187,02 - Intersection related,03 - P.D. only,05 - Turning movement,01 - Clear,07 - Dark,01 - Dry,02 - Stop sign,01 - Functioning,2,0,0,0,,0,,,,,361184.6759,5022932.504,45.34407299,-75.78049243,7948
18--326,1/6/2018,1:26 AM,METCALFE ST @ SOMERSET ST (0002689),2689,02 - Intersection related,03 - P.D. only,99 - Other,01 - Clear,07 - Dark,01 - Dry,01 - Traffic signal,01 - Functioning,2,0,0,0,,0,,,,,368009.659,5031103.179,45.41700872,-75.69236306,7949
18--3260,3/13/2018,1:15 PM,MERIVALE RD btwn CLYDE AVE & RITA AVE (__3ZA4H7),__3ZA4H7,04 - At/near private drive,03 - P.D. only,02 - Angle,01 - Clear,01 - Daylight,03 - Loose snow,10 - No control,,2,0,0,0,,0,,,,,364556.5256,5024426.376,45.35723552,-75.73728849,7950
18--3261,3/13/2018,1:17 AM,STAGECOACH RD btwn DALMENY RD & FAWN LANE (__3ZAZ9V),__3ZAZ9V,01 - Non intersection,03 - P.D. only,07 - SMV other,03 - Snow,07 - Dark,03 - Loose snow,10 - No control,,1,0,0,0,,0,,,,,378500.6268,4997951.752,45.1176993,-75.56325501,7951
18--3262,3/13/2018,1:38 PM,TERRY FOX DR @ HALKIRK AVE/WINCHESTER DR (0012574),12574,02 - Intersection related,03 - P.D. only,04 - Sideswipe,01 - Clear,01 - Daylight,01 - Dry,01 - Traffic signal,01 - Functioning,2,0,0,0,,0,,,,,352511.8926,5016870.007,45.29016487,-75.89174025,7952
18--3263,3/13/2018,1:42 PM,EDGAR BRAULT ST @ ST. JOSEPH BLVD (0012414),12414,03 - At intersection,02 - Non-fatal injury,02 - Angle,03 - Snow,01 - Daylight,02 - Wet,01 - Traffic signal,01 - Functioning,2,0,0,0,02 - Minor,1,,1,,,381419.7411,5037546.575,45.47364136,-75.52004059,7953
18--3264,3/13/2018,10:00 AM,GOULBURN AVE @ SOMERSET ST (0008456),8456,03 - At intersection,02 - Non-fatal injury,02 - Angle,03 - Snow,01 - Daylight,03 - Loose snow,02 - Stop sign,01 - Functioning,2,0,0,0,01 - Minimal,1,1,,,,369472.7105,5031989.578,45.42485051,-75.67355507,7954
18--3265,3/13/2018,10:03 AM,RIDEAU ST btwn NELSON ST & FRIEL ST (__3ZA3WJ),__3ZA3WJ,04 - At/near private drive,03 - P.D. only,05 - Turning movement,03 - Snow,01 - Daylight,02 - Wet,10 - No control,,2,0,0,0,,0,,,,,368664.3117,5032506.861,45.4295791,-75.68381736,7955
18--3266,3/13/2018,10:06 AM,CLARENDON AVE @ WELLINGTON ST (0005582),5582,03 - At intersection,02 - Non-fatal injury,07 - SMV other,01 - Clear,01 - Daylight,01 - Dry,01 - Traffic signal,01 - Functioning,1,0,0,1,03 - Major,1,,,1,,364529.9531,5029022.865,45.39859621,-75.73707161,7956
18--3267,3/13/2018,10:25 PM,EAGLESON RD btwn FAULKNER TR & FALLOWFIELD RD (__3ZA410),__3ZA410,04 - At/near private drive,03 - P.D. only,03 - Rear end,03 - Snow,07 - Dark,03 - Loose snow,10 - No control,,2,0,0,0,,0,,,,,355811.2928,5012976.694,45.25490025,-75.85008014,7957
18--3268,3/13/2018,10:53 AM,HWY417 IC145 RAMP55 btwn HIGHWAY 7 & HIGHWAY 417 (__3ZAY8K),__3ZAY8K,01 - Non intersection,02 - Non-fatal injury,07 - SMV other,03 - Snow,01 - Daylight,03 - Loose snow,10 - No control,,1,0,0,0,02 - Minor,1,,1,,,346247.8655,5014685.252,45.27090293,-75.9717766,7958
18--3269,3/13/2018,11:00 AM,STRANDHERD BRIDGE (VIMY MEMORIAL BRIDGE) btwn PRINCE OF WALES DR & RIVER RD (e___2H44),e___2H44,01 - Non intersection,03 - P.D. only,04 - Sideswipe,01 - Clear,01 - Daylight,01 - Dry,10 - No control,,2,0,0,0,,0,,,,,367374.005,5014754.291,45.26996171,-75.70255213,7959
18--327,1/6/2018,1:45 PM,TRIM RD @ DAIRY DR/TAYLOR CREEK DR (0012921),12921,03 - At intersection,03 - P.D. only,03 - Rear end,01 - Clear,01 - Daylight,01 - Dry,11 - Roundabout,01 - Functioning,2,0,0,0,,0,,,,,384535.051,5039595.391,45.49172588,-75.47986964,7960
18--3270,3/13/2018,11:15 AM,WEST HUNT CLUB RD EB btwn KNOXDALE RD & WOODROFFE AVE (__3ZA17C),__3ZA17C,01 - Non intersection,03 - P.D. only,07 - SMV other,03 - Snow,01 - Daylight,02 - Wet,10 - No control,,1,0,0,0,,0,,,,,362803.1151,5020879.479,45.32546803,-75.76008235,7961
18--3271,3/13/2018,11:30 PM,WOODROFFE AVE btwn KNOXDALE RD/MEDHURST DR & NORICE ST (__3ZA3JO),__3ZA3JO,01 - Non intersection,03 - P.D. only,07 - SMV other,03 - Snow,07 - Dark,04 - Slush,10 - No control,,1,0,0,0,,0,,,,,363236.8443,5022298.538,45.33820066,-75.75438241,7962
18--3272,3/13/2018,12:10 PM,NELSON ST btwn WILBROD ST & LAURIER AVE E (__3ZA8KB),__3ZA8KB,01 - Non intersection,03 - P.D. only,04 - Sideswipe,03 - Snow,01 - Daylight,03 - Loose snow,10 - No control,,2,0,0,0,,0,,,,,368861.8605,5032143.829,45.42629461,-75.68134018,7963
18--3273,3/13/2018,2:53 PM,PENNY DR btwn Continuation of PENNY DR & MICHELE DR (__3ZAAD1),__3ZAAD1,01 - Non intersection,03 - P.D. only,03 - Rear end,01 - Clear,01 - Daylight,01 - Dry,10 - No control,,2,0,0,0,,0,,,,,359624.6152,5023939.673,45.35325917,-75.80028672,7964
18--3274,3/13/2018,2:58 AM,CHAMBERLAIN AVE @ KENT ST (0002131),2131,02 - Intersection related,03 - P.D. only,07 - SMV other,03 - Snow,07 - Dark,03 - Loose snow,01 - Traffic signal,01 - Functioning,1,0,0,0,,0,,,,,367933.3578,5030047.551,45.40751741,-75.69347309,7965
18--3275,3/13/2018,3:15 PM,INNES RD @ ORLEANS BLVD (0003611),3611,03 - At intersection,02 - Non-fatal injury,05 - Turning movement,03 - Snow,01 - Daylight,02 - Wet,01 - Traffic signal,01 - Functioning,2,0,0,0,01 - Minimal,2,2,,,,380460.7945,5034296.403,45.44450342,-75.53280379,7966
18--3276,3/13/2018,3:31 PM,DATA CENTRE RD @ RIVERSIDE DR (0010863),10863,02 - Intersection related,03 - P.D. only,03 - Rear end,03 - Snow,01 - Daylight,02 - Wet,01 - Traffic signal,01 - Functioning,3,0,0,0,,0,,,,,368897.4488,5027671.907,45.3860545,-75.68146679,7967
18--3277,3/13/2018,3:58 PM,BEAVERPOND DR @ BLAIR RD (0004166),4166,02 - Intersection related,02 - Non-fatal injury,07 - SMV other,03 - Snow,01 - Daylight,02 - Wet,01 - Traffic signal,01 - Functioning,1,0,0,1,02 - Minor,1,,1,,,375399.3815,5031873.87,45.42323638,-75.59784447,7968
18--3278,3/13/2018,4:13 PM,BANK ST @ OSSINGTON AVE (0007228),7228,03 - At intersection,03 - P.D. only,05 - Turning movement,03 - Snow,01 - Daylight,02 - Wet,10 - No control,,2,0,0,0,,0,,,,,368890.7175,5028320.553,45.39189143,-75.6814685,7969
18--3279,3/13/2018,4:18 PM,TENTH LINE RD @ LAKEPOINTE DR (0013369),13369,03 - At intersection,03 - P.D. only,05 - Turning movement,03 - Snow,01 - Daylight,02 - Wet,01 - Traffic signal,01 - Functioning,2,0,0,0,,0,,,,,384262.1278,5035420.69,45.45419697,-75.48403602,7970
18--328,1/6/2018,10:00 AM,BANK ST @ RIVERSIDE DR N (0010778),10778,02 - Intersection related,03 - P.D. only,03 - Rear end,01 - Clear,01 - Daylight,03 - Loose snow,01 - Traffic signal,01 - Functioning,2,0,0,0,,0,,,,,369225.7156,5027983.546,45.38882841,-75.67723453,7971
18--3280,3/13/2018,5:00 PM,HAZELDEAN RD btwn 246 E OF CASTLEFRANK RD & IRWIN GT (__3ZA41NB),__3ZA41NB,01 - Non intersection,03 - P.D. only,04 - Sideswipe,03 - Snow,01 - Daylight,02 - Wet,10 - No control,,2,0,0,0,,0,,,,,352984.397,5017953.114,45.29987869,-75.88561159,7972
18--3281,3/13/2018,5:32 PM,ELGIN ST @ SOMERSET ST (0006936),6936,02 - Intersection related,02 - Non-fatal injury,03 - Rear end,03 - Snow,01 - Daylight,02 - Wet,01 - Traffic signal,01 - Functioning,3,0,0,0,01 - Minimal,1,1,,,,368164.7085,5031198.572,45.41785301,-75.69036991,7973
18--3282,3/13/2018,5:48 PM,BURNSIDE AVE btwn STONEHURST AVE & SLIDELL ST (__3ZA0WU),__3ZA0WU,01 - Non intersection,03 - P.D. only,06 - SMV unattended vehicle,01 - Clear,05 - Dusk,02 - Wet,10 - No control,,1,0,0,0,,0,,,,,365102.7478,5030229.404,45.40940328,-75.72960844,7974
18--3283,3/13/2018,6:20 AM,HIGHWAY 417 btwn HWY417 IC122 RAMP61 & HWY417 IC121B RAMP16 (__3ZA2Y4),__3ZA2Y4,01 - Non intersection,03 - P.D. only,07 - SMV other,03 - Snow,03 - Dawn,04 - Slush,10 - No control,,1,0,0,0,,0,,,,,365658.7748,5029117.109,45.39934699,-75.72264291,7975
18--3284,3/13/2018,6:20 AM,HIGHWAY 417 btwn HWY 417 ANDERSON IC104R61 & HWY 417 BOUNDARY IC96R16 (__3ZA2W5),__3ZA2W5,01 - Non intersection,03 - P.D. only,04 - Sideswipe,03 - Snow,03 - Dawn,02 - Wet,10 - No control,,2,0,0,0,,0,,,,,381964.3798,5025559.091,45.36572727,-75.51495312,7976
18--3285,3/13/2018,6:28 PM,DUNDONALD DR @ RIVER MIST RD (0014076),14076,03 - At intersection,03 - P.D. only,02 - Angle,03 - Snow,05 - Dusk,02 - Wet,11 - Roundabout,01 - Functioning,2,0,0,0,,0,,,,,364756.3412,5011926.383,45.24474418,-75.73625,7977
18--3286,3/13/2018,6:30 PM,FIFTH LINE RD btwn GREENLAND RD & BERRY SIDE RD (__3ZAC25),__3ZAC25,01 - Non intersection,03 - P.D. only,07 - SMV other,03 - Snow,05 - Dusk,02 - Wet,10 - No control,,1,0,0,0,,0,,,,,347009.8336,5030507.343,45.41322932,-75.9607163,7978
18--3287,3/13/2018,6:51 PM,CARLING AVE @ WOODROFFE AVE W (0011470),11470,03 - At intersection,03 - P.D. only,03 - Rear end,03 - Snow,07 - Dark,04 - Slush,01 - Traffic signal,01 - Functioning,2,0,0,0,,0,,,,,361767.6833,5025725.513,45.3691572,-75.77273158,7979