Anom_ID,Accident_Date,Accident_Time,Location,Geo_ID,Accident_Location,Classification_of_Accident,Initial_Impact_Type,Environment_Condition,Light,Road_Surface_Condition,Traffic_Control,Traffic_Control_Condition,No__of_Vehicles,No__of_Bicycles,No__of_Motorcycles,No__of_Pedestrians,Max_Injury,No__of_Injuries,No__of_Minimal,No__of_Minor,No__of_Major,No__of_Fatal,X,Y,Latitude,Longitude,ObjectId
18--3288,3/13/2018,7:21 AM,BOUNDARY RD btwn ENTREPRENEUR CRES & MITCH OWENS RD (__3ZAZ0T),__3ZAZ0T,01 - Non intersection,03 - P.D. only,01 - Approaching,03 - Snow,01 - Daylight,05 - Packed snow,10 - No control,,3,0,0,0,,0,,,,,388031.2008,5022256.707,45.3353212,-75.43807544,7980
18--3289,3/13/2018,8:30 PM,HIGHWAY 417 btwn Continuation of HIGHWAY 417 & HWY417 IC134 RAMP51 (__3ZA29B),__3ZA29B,01 - Non intersection,03 - P.D. only,03 - Rear end,03 - Snow,07 - Dark,03 - Loose snow,10 - No control,,2,0,0,0,,0,,,,,355461.5081,5021680.073,45.33324017,-75.85364732,7981
18--329,1/6/2018,10:03 AM,WEST HUNT CLUB RD WB btwn 545 E OF ROYDON PL/SUNDERLAND ST & ANTARES D (__3ZA3JSB),__3ZA3JSB,07 - Overpass or bridge,03 - P.D. only,04 - Sideswipe,01 - Clear,01 - Daylight,06 - Ice,10 - No control,,2,0,0,0,,0,,,,,366761.351,5022528.008,45.33996298,-75.70938735,7982
18--3290,3/13/2018,8:33 AM,BANK ST @ SURREY AVE (0011314),11314,03 - At intersection,03 - P.D. only,05 - Turning movement,03 - Snow,01 - Daylight,02 - Wet,02 - Stop sign,01 - Functioning,2,0,0,0,,0,,,,,370383.276,5025810.322,45.36916704,-75.66274183,7983
18--3291,3/13/2018,8:33 AM,WOODROFFE AVE btwn LONGFIELDS DR & CLARIDGE DR (__3ZA3HE),__3ZA3HE,01 - Non intersection,03 - P.D. only,04 - Sideswipe,01 - Clear,01 - Daylight,04 - Slush,10 - No control,,2,0,0,0,,0,,,,,365572.719,5016717.399,45.28778365,-75.72526536,7984
18--3292,3/13/2018,8:54 PM,HWY417 IC131 RAMP55 btwn HIGHWAY 417 & HWY416 IC75B RAMP25 (__3ZAYG7),__3ZAYG7,01 - Non intersection,03 - P.D. only,04 - Sideswipe,03 - Snow,07 - Dark,04 - Slush,10 - No control,,2,0,0,0,,0,,,,,358766.2876,5022956.637,45.34448037,-75.81134782,7985
18--3293,3/13/2018,8:55 PM,HIGHWAY 417 btwn HWY417 IC138 RAMP61 & HWY417 IC134 RAMP36 (__3ZA20I),__3ZA20I,01 - Non intersection,03 - P.D. only,07 - SMV other,03 - Snow,07 - Dark,04 - Slush,10 - No control,,1,0,0,0,,0,,,,,355502.5292,5021752.59,45.33388972,-75.85311657,7986
18--3294,3/13/2018,9:00 PM,HIGHWAY 417 btwn HWY417 IC180 RAMP61 & HWY417 IC169 RAMP36 (__5DVYB1),__5DVYB1,01 - Non intersection,03 - P.D. only,07 - SMV other,03 - Snow,07 - Dark,03 - Loose snow,10 - No control,,1,0,0,0,,0,,,,,322236.2626,5028388.43,45.39521807,-76.27730063,7987
18--3295,3/13/2018,9:05 PM,HIGHWAY 417 btwn HWY417 IC155 RAMP61 & HWY417 IC145 RAMP56 (__3ZA2Q2),__3ZA2Q2,01 - Non intersection,03 - P.D. only,07 - SMV other,03 - Snow,07 - Dark,03 - Loose snow,10 - No control,,1,0,0,0,,0,,,,,344602.743,5015183.017,45.27547707,-75.99270176,7988
18--3296,3/13/2018,9:15 AM,PORTOBELLO BLVD @ VALIN ST (0012844),12844,03 - At intersection,02 - Non-fatal injury,02 - Angle,03 - Snow,01 - Daylight,02 - Wet,02 - Stop sign,01 - Functioning,2,0,0,0,02 - Minor,1,,1,,,385349.982,5037697.569,45.47455758,-75.4697564,7989
18--3297,3/13/2018,9:22 PM,DRIVEWAY (THE) @ TUNIS AVE (0006218),6218,03 - At intersection,03 - P.D. only,07 - SMV other,03 - Snow,07 - Dark,06 - Ice,02 - Stop sign,00 - Unknown,1,0,0,0,,0,,,,,365538.0318,5027610.512,45.38580145,-75.7243705,7990
18--3298,3/14/2018,1:35 AM,HWY416 IC72 RAMP34 btwn HIGHWAY 416 & WEST HUNT CLUB RD (__3ZAY4D),__3ZAY4D,01 - Non intersection,03 - P.D. only,07 - SMV other,03 - Snow,07 - Dark,03 - Loose snow,10 - No control,,1,0,0,0,,0,,,,,359303.4613,5019854.931,45.31652956,-75.80483508,7991
18--3299,3/14/2018,10:25 AM,DONNELLY DR btwn BURRITTS AVE & JOE DREW LANE (__3ZA4ZT),__3ZA4ZT,01 - Non intersection,03 - P.D. only,07 - SMV other,03 - Snow,01 - Daylight,04 - Slush,10 - No control,,1,0,0,0,,0,,,,,360598.2925,4982990.972,44.98471501,-75.79243782,7992
18--33,1/1/2018,7:30 AM,WEST HUNT CLUB RD WB btwn MERIVALE RD & ROYDON PL (__3ZA3JR),__3ZA3JR,04 - At/near private drive,03 - P.D. only,03 - Rear end,01 - Clear,03 - Dawn,04 - Slush,10 - No control,,2,0,0,0,,0,,,,,365793.2522,5022055.919,45.33580002,-75.72179711,7993
18--330,1/6/2018,10:15 AM,HIGHWAY 416 btwn HWY416 IC66 RAMP24 & HWY416 IC57 RAMP62 (__3ZA1OI),__3ZA1OI,01 - Non intersection,02 - Non-fatal injury,07 - SMV other,01 - Clear,01 - Daylight,06 - Ice,10 - No control,,1,0,0,0,02 - Minor,1,,1,,,363803.5545,5009894.654,45.22654304,-75.74862693,7994
18--3300,3/14/2018,10:36 PM,HARDING RD @ WALKLEY RD (0007652),7652,02 - Intersection related,03 - P.D. only,03 - Rear end,03 - Snow,07 - Dark,02 - Wet,01 - Traffic signal,01 - Functioning,2,0,0,0,,0,,,,,373148.7304,5027608.535,45.38508238,-75.62719225,7995
18--3301,3/14/2018,10:45 PM,CARP RD @ HAZELDEAN RD (0000086),86,02 - Intersection related,03 - P.D. only,07 - SMV other,02 - Rain,07 - Dark,06 - Ice,01 - Traffic signal,01 - Functioning,1,0,0,0,,0,,,,,348803.5306,5014361.133,45.26783111,-75.93923672,7996
18--3302,3/14/2018,11:00 PM,BANK ST @ STONE SCHOOL RD (0005712),5712,02 - Intersection related,03 - P.D. only,03 - Rear end,03 - Snow,07 - Dark,06 - Ice,02 - Stop sign,01 - Functioning,2,0,0,0,,0,,,,,382129.7808,5011521.421,45.23940633,-75.51503167,7997
18--3303,3/14/2018,11:14 AM,EAGLESON RD @ COPE DR/CADENCE GT (0011923),11923,03 - At intersection,03 - P.D. only,02 - Angle,03 - Snow,01 - Daylight,03 - Loose snow,01 - Traffic signal,01 - Functioning,2,0,0,0,,0,,,,,354620.6226,5016027.427,45.28243682,-75.86494313,7998
18--3304,3/14/2018,11:20 PM,780 W OF TERRY FOX DR @ HAZELDEAN RD (0013520),13520,02 - Intersection related,03 - P.D. only,03 - Rear end,01 - Clear,07 - Dark,06 - Ice,01 - Traffic signal,01 - Functioning,3,0,0,0,,0,,,,,351618.5658,5016697.734,45.28867479,-75.90314454,7999
18--3305,3/14/2018,11:40 AM,TERRY FOX DR btwn HWY417 IC140 RAMP25 & PALLADIUM DR (__3ZA3DO),__3ZA3DO,01 - Non intersection,03 - P.D. only,03 - Rear end,03 - Snow,01 - Daylight,02 - Wet,10 - No control,,2,0,0,0,,0,,,,,351173.2841,5018297.344,45.30309804,-75.90867123,8000
18--4388,4/17/2018,6:10 PM,GREENBANK RD @ MONTEREY DR (0001126),1126,02 - Intersection related,03 - P.D. only,03 - Rear end,03 - Snow,05 - Dusk,04 - Slush,02 - Stop sign,01 - Functioning,2,0,0,0,,0,,,,,360653.2099,5022453.388,45.33980443,-75.78732787,8001
18--4389,4/17/2018,6:35 PM,CUMBERLAND ST @ RIDEAU ST (0007759),7759,02 - Intersection related,03 - P.D. only,04 - Sideswipe,02 - Rain,01 - Daylight,02 - Wet,01 - Traffic signal,01 - Functioning,2,0,0,0,,0,,,,,368374.5111,5032329.975,45.42801395,-75.68754346,8002
18--439,1/8/2018,10:04 AM,SLACK RD @ WOODROFFE AVE (0000102),102,02 - Intersection related,02 - Non-fatal injury,03 - Rear end,01 - Clear,01 - Daylight,04 - Slush,01 - Traffic signal,02 - Not functioning,2,0,0,0,01 - Minimal,1,1,,,,364233.6835,5019974.478,45.31720522,-75.74194347,8003
18--4390,4/17/2018,6:46 PM,EARL ARMSTRONG RD @ RIVER RD (0012470),12470,02 - Intersection related,03 - P.D. only,03 - Rear end,03 - Snow,05 - Dusk,03 - Loose snow,01 - Traffic signal,01 - Functioning,2,0,0,0,,0,,,,,367572.5638,5014684.521,45.26931623,-75.70003075,8004
18--4391,4/17/2018,6:53 PM,ISABELLA ST/HWY417 IC119AR75 @ METCALFE ST (0011380),11380,02 - Intersection related,03 - P.D. only,04 - Sideswipe,01 - Clear,05 - Dusk,02 - Wet,01 - Traffic signal,01 - Functioning,2,0,0,0,,0,,,,,368448.6603,5030398.737,45.41063059,-75.68684543,8005
18--4658,4/27/2018,10:50 AM,GLOUCESTER ST @ O'CONNOR ST (0006943),6943,02 - Intersection related,03 - P.D. only,07 - SMV other,01 - Clear,01 - Daylight,01 - Dry,01 - Traffic signal,01 - Functioning,1,0,0,0,,0,,,,,367678.7098,5031292.581,45.41874272,-75.69656705,8006
18--4392,4/17/2018,7:05 PM,LEITRIM RD @ RIVER RD (0004194),4194,03 - At intersection,03 - P.D. only,02 - Angle,03 - Snow,01 - Daylight,03 - Loose snow,02 - Stop sign,01 - Functioning,2,0,0,0,,0,,,,,368020.0516,5017178.155,45.2917136,-75.69401092,8007
18--4393,4/17/2018,7:51 PM,CARLING AVE @ KIRKWOOD AVE S (0002209),2209,03 - At intersection,02 - Non-fatal injury,03 - Rear end,01 - Clear,07 - Dark,02 - Wet,01 - Traffic signal,01 - Functioning,3,0,0,0,01 - Minimal,1,1,,,,364351.4139,5027337.945,45.38345083,-75.73955523,8008
18--4394,4/17/2018,8:42 AM,LIMEBANK RD btwn EARL ARMSTRONG RD & RIDEAU RD (__3ZA6L5),__3ZA6L5,01 - Non intersection,03 - P.D. only,07 - SMV other,02 - Rain,01 - Daylight,03 - Loose snow,10 - No control,,1,0,0,0,,0,,,,,370711.8903,5014490.292,45.26728138,-75.66005338,8009
18--4395,4/17/2018,9:03 AM,AVIATION PKWY @ MONTREAL RD (0008799),8799,02 - Intersection related,03 - P.D. only,03 - Rear end,01 - Clear,01 - Daylight,02 - Wet,01 - Traffic signal,01 - Functioning,2,0,0,0,,0,,,,,372146.6661,5034108.777,45.44366572,-75.63909882,8010
18--4396,4/17/2018,9:07 AM,MOODIE DR btwn 340 S OF CARLING AVE/NORTEL NORTH ENT & 715 S OF CARLIN (__3ZA4Z7B),__3ZA4Z7B,01 - Non intersection,03 - P.D. only,03 - Rear end,02 - Rain,01 - Daylight,02 - Wet,10 - No control,,2,0,0,0,,0,,,,,356087.5187,5023430.792,45.34894783,-75.84547954,8011
18--4397,4/17/2018,9:30 PM,RIDEAU RD btwn BOWESVILLE RD & ALBION RD (__3ZBOY3),__3ZBOY3,01 - Non intersection,02 - Non-fatal injury,07 - SMV other,03 - Snow,07 - Dark,02 - Wet,10 - No control,,1,0,0,0,01 - Minimal,1,1,,,,373621.5489,5015717.571,45.27804543,-75.62280838,8012
18--4398,4/17/2018,9:39 AM,KLONDIKE RD @ MARCH RD (0003096),3096,02 - Intersection related,03 - P.D. only,03 - Rear end,02 - Rain,01 - Daylight,02 - Wet,01 - Traffic signal,01 - Functioning,2,0,0,0,,0,,,,,349263.3325,5024061.956,45.35509303,-75.93250698,8013
18--4399,4/18/2018,1:00 PM,HIGHWAY 417 btwn HWY417 IC118 RAMP67 & HWY417 IC117 RAMP36 (__3ZA2YO),__3ZA2YO,01 - Non intersection,03 - P.D. only,03 - Rear end,01 - Clear,01 - Daylight,01 - Dry,10 - No control,,2,0,0,0,,0,,,,,370392.6913,5031142.97,45.41714741,-75.66191271,8014
18--44,1/2/2018,1:25 PM,MERIVALE RD btwn OT/NE BOUNDARY & MERIVALE RD (__3ZA1DA),__3ZA1DA,01 - Non intersection,03 - P.D. only,03 - Rear end,03 - Snow,01 - Daylight,03 - Loose snow,10 - No control,,3,0,0,0,,0,,,,,365009.3298,5025241.226,45.36452868,-75.7314103,8015
18--440,1/8/2018,10:28 AM,BRAEMAR ST @ HEMLOCK RD (0007184),7184,02 - Intersection related,03 - P.D. only,03 - Rear end,03 - Snow,01 - Daylight,03 - Loose snow,10 - No control,,2,0,0,0,,0,,,,,370891.7099,5034757.606,45.44962336,-75.65505216,8016
18--4400,4/18/2018,10:24 PM,HIGHWAY 417 btwn HWY417 IC110 RAMP55 & HWY417 IC104 RAMP51 (__3ZA2W8),__3ZA2W8,01 - Non intersection,03 - P.D. only,03 - Rear end,01 - Clear,07 - Dark,01 - Dry,10 - No control,,2,0,0,0,,0,,,,,375971.1182,5028034.067,45.38863001,-75.59109369,8017
18--4401,4/18/2018,10:41 AM,O'CONNOR ST btwn NEPEAN ST & LISGAR ST (__3ZBOEU),__3ZBOEU,01 - Non intersection,02 - Non-fatal injury,07 - SMV other,01 - Clear,01 - Daylight,01 - Dry,10 - No control,,1,0,0,0,02 - Minor,1,,1,,,367734.36,5031204.791,45.41794781,-75.69586726,8018
18--4402,4/18/2018,10:45 AM,TERRY FOX DR btwn MARCH VALLEY RD & HERZBERG RD (__30XHE4),__30XHE4,01 - Non intersection,03 - P.D. only,05 - Turning movement,01 - Clear,01 - Daylight,02 - Wet,10 - No control,,2,0,0,0,,0,,,,,350817.3179,5023757.525,45.35225344,-75.91270257,8019
18--4403,4/18/2018,11:53 AM,BANK ST btwn ALTA VISTA DR & ERIE AVE (__3ZA36X),__3ZA36X,01 - Non intersection,03 - P.D. only,03 - Rear end,01 - Clear,01 - Daylight,01 - Dry,10 - No control,,4,0,0,0,,0,,,,,370192.4333,5026336.35,45.3739179,-75.66510829,8020
18--4404,4/18/2018,Unknown,BANK ST btwn FRANK ST & GLADSTONE AVE (__3ZA3QO),__3ZA3QO,01 - Non intersection,03 - P.D. only,06 - SMV unattended vehicle,01 - Clear,00 - Unknown,01 - Dry,10 - No control,,1,0,0,0,,0,,,,,367911.2414,5030576.508,45.41227879,-75.69368787,8021
18--4405,4/18/2018,Unknown,REGINA ST btwn LINCOLN HEIGHTS RD & ASSALY RD (__3ZABY3),__3ZABY3,01 - Non intersection,03 - P.D. only,06 - SMV unattended vehicle,01 - Clear,00 - Unknown,01 - Dry,10 - No control,,1,0,0,0,,0,,,,,360624.2757,5025557.436,45.36773686,-75.78734655,8022
18--4406,4/18/2018,2:10 AM,WEST HUNT CLUB RD WB btwn WOODROFFE AVE & 354 E OF WOODROFFE AVE/REC P (__3ZA3JEA),__3ZA3JEA,01 - Non intersection,03 - P.D. only,07 - SMV other,01 - Clear,07 - Dark,01 - Dry,10 - No control,,1,0,0,0,,0,,,,,363705.0041,5021290.745,45.32909346,-75.74852944,8023
18--4407,4/18/2018,2:21 PM,PRESTON ST btwn YOUNG ST & GEORGE ST W (__3ZBODS),__3ZBODS,04 - At/near private drive,03 - P.D. only,02 - Angle,01 - Clear,01 - Daylight,01 - Dry,10 - No control,,2,0,0,0,,0,,,,,366593.9663,5029475.931,45.40249366,-75.71065376,8024
18--4408,4/18/2018,2:35 PM,INDUSTRIAL AVE/INNES RD @ ST. LAURENT BLVD (0002203),2203,02 - Intersection related,03 - P.D. only,02 - Angle,01 - Clear,01 - Daylight,01 - Dry,01 - Traffic signal,00 - Unknown,2,0,0,0,,0,,,,,373099.7274,5030005.567,45.40665458,-75.62748608,8025
18--4409,4/18/2018,3:56 PM,FRANK ST @ METCALFE ST (0007271),7271,03 - At intersection,02 - Non-fatal injury,05 - Turning movement,01 - Clear,01 - Daylight,01 - Dry,02 - Stop sign,00 - Unknown,2,0,0,0,03 - Major,2,,1,1,,368203.2092,5030793.644,45.41420612,-75.68993012,8026
18--441,1/8/2018,10:34 AM,CONROY RD @ ST. LAURENT BLVD (0011390),11390,03 - At intersection,03 - P.D. only,02 - Angle,03 - Snow,01 - Daylight,03 - Loose snow,01 - Traffic signal,01 - Functioning,2,0,0,0,,0,,,,,373069.6191,5027161.392,45.38106689,-75.62826421,8027
18--4410,4/18/2018,4:06 PM,JEANNE D'ARC BLVD @ FORTUNE DR/VINEYARD DR (0004393),4393,02 - Intersection related,03 - P.D. only,03 - Rear end,01 - Clear,01 - Daylight,01 - Dry,01 - Traffic signal,01 - Functioning,2,0,0,0,,0,,,,,379238.8214,5037375.427,45.47233739,-75.54795635,8028
18--4411,4/18/2018,4:07 PM,GILMOUR ST @ LYON ST (0007276),7276,02 - Intersection related,03 - P.D. only,04 - Sideswipe,01 - Clear,01 - Daylight,02 - Wet,02 - Stop sign,01 - Functioning,2,0,0,0,,0,,,,,367453.7119,5030573.572,45.41229348,-75.69953309,8029
18--4412,4/18/2018,4:14 PM,HIGHWAY 417 btwn HWY417 IC124 RAMP55 & HWY417 IC124 RAMP65 (__3ZAZPV),__3ZAZPV,01 - Non intersection,03 - P.D. only,03 - Rear end,01 - Clear,01 - Daylight,01 - Dry,10 - No control,,4,0,0,0,,0,,,,,364573.2335,5027698.335,45.38667466,-75.7366793,8030
18--4413,4/18/2018,4:28 PM,HIGHWAY 417 btwn HWY417 IC126 RAMP51 & HWY417 IC126 RAMP25 (__3ZA2RD),__3ZA2RD,01 - Non intersection,03 - P.D. only,03 - Rear end,01 - Clear,01 - Daylight,01 - Dry,10 - No control,,2,0,0,0,,0,,,,,363318.1958,5026032.452,45.37179125,-75.75290253,8031
18--4414,4/18/2018,5:23 PM,MAITLAND AVE/GLENMOUNT AVE @ ERINDALE DR (0002724),2724,03 - At intersection,02 - Non-fatal injury,04 - Sideswipe,01 - Clear,01 - Daylight,01 - Dry,01 - Traffic signal,01 - Functioning,2,0,0,0,02 - Minor,1,,1,,,363697.6912,5025211.514,45.36437277,-75.74815583,8032
18--4415,4/18/2018,6:00 PM,CARLING AVE @ ROSEVIEW AVE (0002644),2644,03 - At intersection,03 - P.D. only,02 - Angle,01 - Clear,01 - Daylight,01 - Dry,02 - Stop sign,01 - Functioning,2,0,0,0,,0,,,,,359358.7156,5024199.596,45.35561869,-75.8036514,8033
18--4416,4/18/2018,7:42 AM,BRONSON AVE btwn CLEMOW AVE & CARLING AVE (__3ZA3OV),__3ZA3OV,01 - Non intersection,03 - P.D. only,04 - Sideswipe,01 - Clear,01 - Daylight,01 - Dry,10 - No control,,2,0,0,0,,0,,,,,367425.453,5029386.659,45.40161652,-75.70004485,8034
18--4417,4/18/2018,8:04 PM,PRINCE OF WALES DR btwn 187 N OF MEADOWLANDS DR & MEADOWLANDS DR/HOG'S (__3ZA36WA),__3ZA36WA,04 - At/near private drive,03 - P.D. only,02 - Angle,01 - Clear,07 - Dark,01 - Dry,10 - No control,,2,0,0,0,,0,,,,,367324.5012,5025818.927,45.36952402,-75.70178619,8035
18--4418,4/18/2018,8:05 AM,HIGHWAY 417 btwn HIGHWAY 417 & HWY417 IC115 RAMP61 (__3ZA2YH),__3ZA2YH,01 - Non intersection,03 - P.D. only,03 - Rear end,01 - Clear,01 - Daylight,01 - Dry,10 - No control,,2,0,0,0,,0,,,,,372739.1763,5031552.542,45.42060864,-75.63187826,8036
18--4419,4/18/2018,8:17 AM,GREENBANK RD btwn WEST HUNT CLUB RD & FALLOWFIELD RD (__3ZA1NE),__3ZA1NE,01 - Non intersection,03 - P.D. only,07 - SMV other,01 - Clear,01 - Daylight,01 - Dry,10 - No control,,1,0,0,0,,0,,,,,363061.8924,5016779.157,45.28855197,-75.75726353,8037
18--442,1/8/2018,10:38 AM,HUNT CLUB RD @ CANADAIR PRIV (0010852),10852,03 - At intersection,03 - P.D. only,05 - Turning movement,03 - Snow,01 - Daylight,03 - Loose snow,01 - Traffic signal,01 - Functioning,2,0,0,0,,0,,,,,368661.6721,5022312.888,45.33785697,-75.68516988,8038
18--4420,4/18/2018,8:20 AM,HIGHWAY 417 btwn HWY417 IC138 RAMP61 & HWY417 IC134 RAMP36 (__3ZA20I),__3ZA20I,01 - Non intersection,03 - P.D. only,03 - Rear end,01 - Clear,01 - Daylight,02 - Wet,10 - No control,,2,0,0,0,,0,,,,,353759.8125,5020733.037,45.32483937,-75.87545034,8039
18--4421,4/18/2018,8:34 AM,KILBIRNIE DR btwn GREENBANK RD & KILMARNOCK WAY (__54YKQP),__54YKQP,01 - Non intersection,03 - P.D. only,07 - SMV other,01 - Clear,01 - Daylight,02 - Wet,10 - No control,,1,0,0,0,,0,,,,,365364.1709,5011689.155,45.24255756,-75.72853679,8040
18--4422,4/18/2018,8:40 AM,BASELINE RD/HERON RD @ PRINCE OF WALES DR (0002345),2345,02 - Intersection related,03 - P.D. only,04 - Sideswipe,01 - Clear,01 - Daylight,01 - Dry,01 - Traffic signal,01 - Functioning,2,0,0,0,,0,,,,,366873.7063,5026438.532,45.37513916,-75.7074628,8041
18--4423,4/18/2018,8:45 AM,HIGHGATE RD btwn IRIS ST & CHESHIRE RD (__3ZABUJ),__3ZABUJ,01 - Non intersection,03 - P.D. only,06 - SMV unattended vehicle,01 - Clear,01 - Daylight,01 - Dry,10 - No control,,1,0,0,0,,0,,,,,361658.8421,5023900.975,45.35274897,-75.77433088,8042
18--4424,4/18/2018,9:00 AM,HIGHWAY 417 btwn HWY417 IC119A RAMP67 & HWY417 IC118 RAMP76 (__3ZA2YS),__3ZA2YS,01 - Non intersection,03 - P.D. only,03 - Rear end,01 - Clear,01 - Daylight,02 - Wet,10 - No control,,2,0,0,0,,0,,,,,368634.3093,5030558.398,45.41205026,-75.68445321,8043
18--4425,4/18/2018,9:02 PM,DUNNING RD btwn RUSSELL RD & DEVINE RD (__3ZA5F1),__3ZA5F1,01 - Non intersection,03 - P.D. only,07 - SMV other,01 - Clear,07 - Dark,01 - Dry,10 - No control,,1,0,0,0,,0,,,,,397308.4509,5025257.073,45.36115307,-75.31917228,8044
18--4426,4/18/2018,9:15 AM,BEAVERBROOK RD btwn LEACOCK DR & TERON RD (__3ZABBK),__3ZABBK,04 - At/near private drive,03 - P.D. only,05 - Turning movement,01 - Clear,01 - Daylight,01 - Dry,10 - No control,,2,0,0,0,,0,,,,,351875.0696,5021204.898,45.32921421,-75.8994466,8045
18--4427,4/18/2018,9:28 PM,UPPER DWYER HILL RD btwn MANTIL SIDE RD & VAUGHAN SIDE RD (__3ZAZA4),__3ZAZA4,01 - Non intersection,03 - P.D. only,07 - SMV other,01 - Clear,07 - Dark,01 - Dry,10 - No control,,1,0,0,0,,0,,,,,331042.2247,5017685.522,45.29863305,-76.16539866,8046
18--4428,4/18/2018,9:50 AM,ST. LAURENT BLVD btwn INDUSTRIAL AVE & BOURASSA ST (__3ZBOFB),__3ZBOFB,01 - Non intersection,03 - P.D. only,04 - Sideswipe,01 - Clear,01 - Daylight,01 - Dry,10 - No control,,2,0,0,0,,0,,,,,373196.1836,5029786.981,45.40467843,-75.62628434,8047
18--4429,4/19/2018,1:49 PM,BANK ST NB btwn 80 S OF HUNT CLUB RD & 112 N OF ALBION RD (__3ZA3HIB),__3ZA3HIB,04 - At/near private drive,03 - P.D. only,02 - Angle,01 - Clear,01 - Daylight,01 - Dry,10 - No control,,2,0,0,0,,0,,,,,371796.6173,5024121.562,45.35383849,-75.64492957,8048
18--443,1/8/2018,10:46 AM,BANK ST @ DAVIDSON RD/LESTER RD (0008797),8797,02 - Intersection related,03 - P.D. only,03 - Rear end,03 - Snow,01 - Daylight,04 - Slush,01 - Traffic signal,01 - Functioning,2,0,0,0,,0,,,,,373672.7375,5022923.513,45.34287715,-75.62115449,8049
18--4430,4/19/2018,1:50 PM,HAWTHORNE RD @ HUNT CLUB RD (0007651),7651,02 - Intersection related,03 - P.D. only,03 - Rear end,01 - Clear,01 - Daylight,01 - Dry,01 - Traffic signal,01 - Functioning,2,0,0,0,,0,,,,,375507.8509,5026406.694,45.37403464,-75.59724228,8050
18--4431,4/19/2018,10:06 AM,RICHMOND RD btwn KIRKWOOD AVE & HILSON AVE (__3ZA4OG),__3ZA4OG,01 - Non intersection,02 - Non-fatal injury,04 - Sideswipe,01 - Clear,01 - Daylight,01 - Dry,10 - No control,,2,0,0,0,01 - Minimal,1,1,,,,363787.7681,5028647.381,45.3952806,-75.74659558,8051
18--4432,4/19/2018,10:30 AM,BANK ST btwn ALTA VISTA DR & ERIE AVE (__3ZA36X),__3ZA36X,04 - At/near private drive,03 - P.D. only,02 - Angle,01 - Clear,01 - Daylight,01 - Dry,10 - No control,,2,0,0,0,,0,,,,,370229.0622,5026247.418,45.3731143,-75.66465247,8052
18--4433,4/19/2018,10:55 PM,ALBION RD btwn DEL ZOTTO AVE & HIGH RD (__3ZBOF9),__3ZBOF9,01 - Non intersection,03 - P.D. only,03 - Rear end,01 - Clear,07 - Dark,01 - Dry,10 - No control,,2,0,0,0,,0,,,,,374049.3395,5019115.117,45.3085735,-75.61688209,8053
18--4434,4/19/2018,11:01 PM,HOG'S BACK RD btwn COLONEL BY DR & RIVERSIDE DR (__3ZA22W),__3ZA22W,01 - Non intersection,03 - P.D. only,03 - Rear end,01 - Clear,07 - Dark,01 - Dry,10 - No control,,2,0,0,0,,0,,,,,367827.3975,5026030.976,45.37138694,-75.69533958,8054
18--4435,4/19/2018,11:26 AM,STONEHAVEN DR btwn STONEMEADOW DR & BRIDLE PARK DR (__4LVKHQ),__4LVKHQ,04 - At/near private drive,03 - P.D. only,02 - Angle,01 - Clear,01 - Daylight,01 - Dry,10 - No control,,2,0,0,0,,0,,,,,356035.0806,5016494.529,45.28653822,-75.84686615,8055
18--4436,4/19/2018,11:45 AM,HAZELDEAN RD @ TERRY FOX DR (0003682),3682,02 - Intersection related,03 - P.D. only,03 - Rear end,01 - Clear,01 - Daylight,01 - Dry,01 - Traffic signal,01 - Functioning,2,0,0,0,,0,,,,,352207.2469,5017242.69,45.29353898,-75.89558822,8056
18--4437,4/19/2018,2:49 PM,INNES RD btwn BANTREE ST & STAR TOP RD (__3ZA2XP),__3ZA2XP,01 - Non intersection,03 - P.D. only,03 - Rear end,01 - Clear,01 - Daylight,01 - Dry,10 - No control,,2,0,0,0,,0,,,,,374118.8059,5030651.926,45.41237002,-75.61437824,8057
18--4438,4/19/2018,3:10 PM,CATHERINE ST @ LYON ST/HWY 417 LYON IC120BR36 (0002254),2254,03 - At intersection,03 - P.D. only,02 - Angle,01 - Clear,01 - Daylight,01 - Dry,01 - Traffic signal,01 - Functioning,2,0,0,0,,0,,,,,367747.7064,5030092.566,45.40793916,-75.69583879,8058
18--4439,4/19/2018,4:01 PM,PERTH ST btwn TARRYN TER & NIXONFARM DR (__3ZA42Y),__3ZA42Y,01 - Non intersection,03 - P.D. only,03 - Rear end,01 - Clear,01 - Daylight,01 - Dry,10 - No control,,2,0,0,0,,0,,,,,356484.2125,5006015.872,45.19221574,-75.84222995,8059
18--444,1/8/2018,11:00 AM,CEDARVIEW RD @ MARAVISTA DR (0000764),764,02 - Intersection related,03 - P.D. only,03 - Rear end,03 - Snow,01 - Daylight,06 - Ice,02 - Stop sign,01 - Functioning,2,0,0,0,,0,,,,,361667.673,5014806.429,45.27091543,-75.77526195,8060
18--4440,4/19/2018,5:00 PM,WEST HUNT CLUB RD @ WOODROFFE AVE (0000576),576,02 - Intersection related,03 - P.D. only,03 - Rear end,01 - Clear,01 - Daylight,01 - Dry,01 - Traffic signal,01 - Functioning,2,0,0,0,,0,,,,,363671.3338,5021246.157,45.32869509,-75.74896425,8061
18--4441,4/19/2018,5:04 PM,CARLING AVE EB btwn EDGEWORTH AVE & FOX CRES (__3ZA4V0),__3ZA4V0,01 - Non intersection,03 - P.D. only,04 - Sideswipe,01 - Clear,01 - Daylight,01 - Dry,10 - No control,,2,0,0,0,,0,,,,,361396.4649,5025494.671,45.36711018,-75.77749675,8062
18--4442,4/19/2018,5:20 PM,FALLOWFIELD RD @ RICHMOND RD (0000634),634,02 - Intersection related,03 - P.D. only,03 - Rear end,01 - Clear,01 - Daylight,01 - Dry,01 - Traffic signal,01 - Functioning,2,0,0,0,,0,,,,,357721.2872,5013530.113,45.25973896,-75.82568819,8063