Anom_ID,Accident_Date,Accident_Time,Location,Geo_ID,Accident_Location,Classification_of_Accident,Initial_Impact_Type,Environment_Condition,Light,Road_Surface_Condition,Traffic_Control,Traffic_Control_Condition,No__of_Vehicles,No__of_Bicycles,No__of_Motorcycles,No__of_Pedestrians,Max_Injury,No__of_Injuries,No__of_Minimal,No__of_Minor,No__of_Major,No__of_Fatal,X,Y,Latitude,Longitude,ObjectId
18--4443,4/19/2018,5:30 PM,MAPLE GROVE RD @ SILVER SEVEN RD (0011834),11834,02 - Intersection related,03 - P.D. only,03 - Rear end,01 - Clear,01 - Daylight,01 - Dry,02 - Stop sign,00 - Unknown,2,0,0,0,,0,,,,,351285.2943,5017620.953,45.29700429,-75.90730642,8064
18--4444,4/19/2018,6:50 PM,BANK ST btwn NOTTING HILL AVE & VANCOUVER AVE (__3ZA4TU),__3ZA4TU,01 - Non intersection,03 - P.D. only,04 - Sideswipe,01 - Clear,01 - Daylight,01 - Dry,10 - No control,,2,0,0,0,,0,,,,,370427.7641,5025709.58,45.36825643,-75.66218732,8065
18--4445,4/19/2018,7:28 AM,FALLOWFIELD RD btwn STEEPLE HILL CRES & MOODIE DR (__3ZA4Y5),__3ZA4Y5,01 - Non intersection,02 - Non-fatal injury,03 - Rear end,01 - Clear,01 - Daylight,01 - Dry,10 - No control,,4,0,0,0,01 - Minimal,1,1,,,,359222.8961,5014512.013,45.26845969,-75.80644882,8066
18--4446,4/19/2018,8:15 AM,JOSHUA ST @ RENAUD RD (0013257),13257,02 - Intersection related,03 - P.D. only,03 - Rear end,03 - Snow,01 - Daylight,02 - Wet,02 - Stop sign,01 - Functioning,2,0,0,0,,0,,,,,381156.0515,5032326.887,45.42670764,-75.52422286,8067
18--4447,4/19/2018,8:46 AM,BASELINE RD @ CORDOVA ST (0003208),3208,02 - Intersection related,02 - Non-fatal injury,03 - Rear end,01 - Clear,01 - Daylight,01 - Dry,01 - Traffic signal,01 - Functioning,2,0,0,0,02 - Minor,2,1,1,,,363594.018,5024409.513,45.35716516,-75.74957454,8068
18--4448,4/19/2018,8:49 PM,MAIN ST btwn OBLATE AVE & HAZEL ST (__3ZA3B8),__3ZA3B8,01 - Non intersection,03 - P.D. only,05 - Turning movement,01 - Clear,07 - Dark,01 - Dry,10 - No control,,2,0,0,0,,0,,,,,369164.1026,5030179.301,45.40859075,-75.67773477,8069
18--4449,4/19/2018,9:24 AM,LAURIER AVE @ NICHOLAS ST (0010711),10711,02 - Intersection related,03 - P.D. only,03 - Rear end,01 - Clear,01 - Daylight,01 - Dry,01 - Traffic signal,01 - Functioning,2,0,0,0,,0,,,,,368373.624,5031798.128,45.42322866,-75.68762344,8070
18--445,1/8/2018,11:04 AM,RICHMOND RD @ STINSON AVE (0001130),1130,03 - At intersection,03 - P.D. only,03 - Rear end,03 - Snow,01 - Daylight,03 - Loose snow,01 - Traffic signal,01 - Functioning,2,0,0,0,,0,,,,,357873.6606,5020928.48,45.32629898,-75.82295514,8071
18--4450,4/19/2018,9:34 AM,MCLEOD ST btwn METCALFE ST & METCALFE ST (__3ZA3Q6),__3ZA3Q6,04 - At/near private drive,03 - P.D. only,05 - Turning movement,01 - Clear,01 - Daylight,01 - Dry,10 - No control,,2,0,0,0,,0,,,,,368315.9627,5030711.839,45.41345984,-75.68850022,8072
18--4451,4/19/2018,9:50 PM,BOWESVILLE RD btwn RIDEAU RD & MITCH OWENS RD (__3ZA711),__3ZA711,01 - Non intersection,03 - P.D. only,07 - SMV other,01 - Clear,07 - Dark,01 - Dry,10 - No control,,1,0,0,0,,0,,,,,373442.9351,5015382.823,45.27505092,-75.62513099,8073
18--4452,4/20/2018,10:00 PM,EASTBOURNE AVE @ DUNVEGAN RD (0007119),7119,03 - At intersection,02 - Non-fatal injury,07 - SMV other,01 - Clear,07 - Dark,01 - Dry,02 - Stop sign,01 - Functioning,1,0,0,1,01 - Minimal,1,1,,,,370345.7129,5034855.615,45.45055662,-75.66201863,8074
18--4453,4/20/2018,10:13 PM,TERRY FOX DR @ HALKIRK AVE/WINCHESTER DR (0012574),12574,03 - At intersection,03 - P.D. only,05 - Turning movement,01 - Clear,07 - Dark,01 - Dry,01 - Traffic signal,01 - Functioning,2,0,0,0,,0,,,,,352512.0878,5016870.431,45.29016867,-75.89173772,8075
18--4454,4/20/2018,10:35 PM,FERNBANK RD @ STITTSVILLE MAIN ST (0000084),84,03 - At intersection,03 - P.D. only,07 - SMV other,01 - Clear,07 - Dark,01 - Dry,01 - Traffic signal,01 - Functioning,1,0,0,0,,0,,,,,350934.5889,5012161.404,45.24790064,-75.912285,8076
18--4455,4/20/2018,10:43 AM,TRAINYARDS DR @ RAILMARKET (0012246),12246,03 - At intersection,03 - P.D. only,02 - Angle,01 - Clear,01 - Daylight,01 - Dry,01 - Traffic signal,01 - Functioning,2,0,0,0,,0,,,,,371756.1712,5030717.052,45.41318603,-75.64455113,8077
18--4456,4/20/2018,10:45 AM,EAGLE ROCK WAY btwn TRAILWAY CIRC & SPRINGBROOK DR (__3ZACQX),__3ZACQX,04 - At/near private drive,03 - P.D. only,06 - SMV unattended vehicle,01 - Clear,01 - Daylight,01 - Dry,10 - No control,,1,0,0,0,,0,,,,,350522.5347,5014465.868,45.2686639,-75.9173219,8078
18--4457,4/20/2018,10:53 AM,HUNT CLUB RD btwn RIVERSIDE DR & LINDBERGH PRIV (__4B3PLN),__4B3PLN,01 - Non intersection,02 - Non-fatal injury,03 - Rear end,01 - Clear,01 - Daylight,01 - Dry,10 - No control,,2,0,0,0,01 - Minimal,1,1,,,,368161.7351,5022010.13,45.33517814,-75.69158685,8079
18--4458,4/20/2018,11:00 PM,DALHOUSIE ST btwn YORK ST & GEORGE ST (__3ZBOX1),__3ZBOX1,01 - Non intersection,03 - P.D. only,05 - Turning movement,01 - Clear,07 - Dark,01 - Dry,10 - No control,,2,0,0,0,,0,,,,,368107.5628,5032398.161,45.42865168,-75.69094584,8080
18--4459,4/20/2018,12:08 PM,"MONTREAL RD btwn EGLISE, RUE DE L & ST. LAURENT BLVD (__3ZA3ML)",__3ZA3ML,01 - Non intersection,03 - P.D. only,04 - Sideswipe,01 - Clear,01 - Daylight,01 - Dry,10 - No control,,2,0,0,0,,0,,,,,371194.2766,5033651.455,45.43964205,-75.65133368,8081
18--446,1/8/2018,11:11 AM,ST. LAURENT BLVD @ TREMBLAY RD (0002573),2573,02 - Intersection related,03 - P.D. only,03 - Rear end,03 - Snow,01 - Daylight,05 - Packed snow,01 - Traffic signal,01 - Functioning,2,0,0,0,,0,,,,,372595.714,5031241.576,45.41782463,-75.63375399,8082
18--4460,4/20/2018,12:35 PM,WEST HUNT CLUB RD @ CLEOPATRA DR/LANCELOT DR (0000114),114,03 - At intersection,03 - P.D. only,05 - Turning movement,01 - Clear,01 - Daylight,01 - Dry,01 - Traffic signal,01 - Functioning,2,0,0,0,,0,,,,,365235.485,5021732.168,45.33293521,-75.72895245,8083
18--4461,4/20/2018,12:50 PM,PARENT AVE @ ST. PATRICK ST (0008240),8240,02 - Intersection related,03 - P.D. only,04 - Sideswipe,01 - Clear,01 - Daylight,01 - Dry,01 - Traffic signal,01 - Functioning,2,0,0,0,,0,,,,,367821.7018,5032556.593,45.43010301,-75.69457843,8084
18--4462,4/20/2018,3:07 PM,ST. LAURENT BLVD btwn BELFAST RD & INDUSTRIAL AVE (__3ZA3R8),__3ZA3R8,01 - Non intersection,03 - P.D. only,03 - Rear end,01 - Clear,01 - Daylight,01 - Dry,10 - No control,,3,0,0,0,,0,,,,,372928.8238,5030420.407,45.41040378,-75.62961175,8085
18--4463,4/20/2018,3:15 PM,HAZELDEAN RD btwn FRINGEWOOD DR & HUNTMAR DR (__3ZA3D7),__3ZA3D7,04 - At/near private drive,03 - P.D. only,02 - Angle,01 - Clear,01 - Daylight,01 - Dry,10 - No control,,2,0,0,0,,0,,,,,350893.8459,5016035.41,45.2827629,-75.9124445,8086
18--4464,4/20/2018,3:55 PM,PINECREST RD @ RICHMOND RD (0002353),2353,02 - Intersection related,03 - P.D. only,03 - Rear end,01 - Clear,01 - Daylight,01 - Dry,01 - Traffic signal,01 - Functioning,2,0,0,0,,0,,,,,360072.2634,5024472.276,45.35801638,-75.79451438,8087
18--4465,4/20/2018,3:55 PM,ROCKDALE RD @ RUSSELL RD (0004677),4677,03 - At intersection,03 - P.D. only,02 - Angle,01 - Clear,01 - Daylight,01 - Dry,02 - Stop sign,01 - Functioning,2,0,0,0,,0,,,,,393759.7147,5026972.923,45.37704964,-75.36415216,8088
18--4466,4/20/2018,3:59 PM,NONIUS ST btwn OXER PL & TAPADERO AVE (e___1GEJ),e___1GEJ,04 - At/near private drive,03 - P.D. only,06 - SMV unattended vehicle,01 - Clear,01 - Daylight,01 - Dry,10 - No control,,1,0,0,0,,0,,,,,353110.74,5015503.363,45.27782654,-75.88423928,8089
18--4467,4/20/2018,4:16 PM,CRESTHAVEN DR @ STRANDHERD DR (0010929),10929,02 - Intersection related,03 - P.D. only,03 - Rear end,01 - Clear,01 - Daylight,01 - Dry,01 - Traffic signal,00 - Unknown,2,0,0,0,,0,,,,,366814.1847,5015028.694,45.27248036,-75.70965157,8090
18--4468,4/20/2018,4:27 PM,KILSPINDIE RIDGE @ LONGFIELDS DR (0015336),15336,03 - At intersection,03 - P.D. only,02 - Angle,01 - Clear,01 - Daylight,01 - Dry,02 - Stop sign,01 - Functioning,2,0,0,0,,0,,,,,366290.7637,5012502.587,45.24979649,-75.71663441,8091
18--4469,4/20/2018,4:40 PM,BERRIGAN DR btwn WANSTEAD GT & BEATRICE DR (__3EY2WQ),__3EY2WQ,01 - Non intersection,03 - P.D. only,03 - Rear end,01 - Clear,01 - Daylight,01 - Dry,10 - No control,,2,0,0,0,,0,,,,,365143.7299,5016057.388,45.28188185,-75.73081391,8092
18--447,1/8/2018,11:26 AM,RIVERSIDE DR @ PLEASANT PARK RD (0007296),7296,02 - Intersection related,03 - P.D. only,03 - Rear end,03 - Snow,01 - Daylight,05 - Packed snow,01 - Traffic signal,01 - Functioning,2,0,0,0,,0,,,,,369561.2511,5028415.014,45.39267967,-75.67289331,8093
18--4470,4/20/2018,4:41 PM,WOODROFFE AVE @ KNOXDALE RD/MEDHURST DR (0000519),519,02 - Intersection related,03 - P.D. only,03 - Rear end,01 - Clear,01 - Daylight,01 - Dry,01 - Traffic signal,01 - Functioning,2,0,0,0,,0,,,,,363419.3676,5021827.184,45.33394422,-75.75210956,8094
18--4471,4/20/2018,4:45 PM,MAITLAND AVE @ WOODWARD DR (0003185),3185,02 - Intersection related,03 - P.D. only,04 - Sideswipe,01 - Clear,01 - Daylight,01 - Dry,01 - Traffic signal,01 - Functioning,2,0,0,0,,0,,,,,363273.6943,5025662.527,45.36846643,-75.75351442,8095
18--4472,4/20/2018,5:00 PM,RIVERSIDE DR @ UPLANDS DR/KIMBERWICK CRES N (0006890),6890,02 - Intersection related,03 - P.D. only,05 - Turning movement,01 - Clear,01 - Daylight,01 - Dry,01 - Traffic signal,01 - Functioning,2,0,0,0,,0,,,,,368194.4935,5022793.834,45.34222679,-75.69106853,8096
18--4473,4/20/2018,5:18 PM,HUNTMAR DR btwn CORIOLIS CRT & HAZELDEAN RD (__5UA3M7),__5UA3M7,04 - At/near private drive,03 - P.D. only,05 - Turning movement,01 - Clear,01 - Daylight,01 - Dry,10 - No control,,2,0,0,0,,0,,,,,350768.4758,5016270.781,45.28488905,-75.9140207,8097
18--4474,4/20/2018,5:22 PM,CARLING AVE WB btwn POULIN AVE & ALPINE AVE (__3ZA4VZ),__3ZA4VZ,01 - Non intersection,03 - P.D. only,03 - Rear end,01 - Clear,01 - Daylight,01 - Dry,10 - No control,,3,0,0,0,,0,,,,,360486.9609,5024936.908,45.3621643,-75.78916931,8098
18--4475,4/20/2018,6:00 PM,COLONNADE RD @ MERIVALE RD (0004569),4569,02 - Intersection related,03 - P.D. only,03 - Rear end,01 - Clear,01 - Daylight,01 - Dry,01 - Traffic signal,01 - Functioning,2,0,0,0,,0,,,,,365363.5599,5022544.356,45.34023214,-75.7272192,8099
18--4476,4/20/2018,6:21 PM,CHAMPLAIN ST @ PLACE D'ORLEANS DR (0003595),3595,03 - At intersection,02 - Non-fatal injury,04 - Sideswipe,01 - Clear,01 - Daylight,01 - Dry,01 - Traffic signal,01 - Functioning,2,0,0,0,01 - Minimal,2,2,,,,381597.0578,5038180.519,45.47932557,-75.51767395,8100
18--4477,4/20/2018,8:20 PM,LAURIER AVE @ O'CONNOR ST (0002224),2224,03 - At intersection,03 - P.D. only,05 - Turning movement,01 - Clear,05 - Dusk,01 - Dry,01 - Traffic signal,01 - Functioning,2,0,0,0,,0,,,,,367636.7895,5031358.517,45.41933976,-75.69709422,8101
18--4659,4/27/2018,11:20 AM,HIGHWAY 417 btwn HWY417 IC123 RAMP62 & HWY417 IC122 RAMP16 (__3ZA2R9),__3ZA2R9,01 - Non intersection,03 - P.D. only,03 - Rear end,01 - Clear,01 - Daylight,01 - Dry,10 - No control,,2,0,0,0,,0,,,,,365051.9461,5028574.673,45.39451875,-75.73045956,8102
18--466,1/8/2018,2:05 PM,HIGHWAY 417 btwn HWY417 IC124 RAMP65 & HWY417 IC122 RAMP51 (__3ZA2R8),__3ZA2R8,01 - Non intersection,03 - P.D. only,03 - Rear end,03 - Snow,01 - Daylight,04 - Slush,10 - No control,,3,0,0,0,,0,,,,,365031.6081,5028502.77,45.39387353,-75.73072807,8103
18--4660,4/27/2018,11:30 AM,MERIVALE RD @ BENTLEY AVE/CAMELOT DR (0009792),9792,02 - Intersection related,02 - Non-fatal injury,03 - Rear end,01 - Clear,01 - Daylight,01 - Dry,01 - Traffic signal,01 - Functioning,2,0,0,0,01 - Minimal,1,1,,,,365771.3551,5021558.985,45.33133058,-75.72213768,8104
18--4661,4/27/2018,Unknown,WESTPOINTE CRES btwn GARDENGATE WAY & GARDENGATE WAY (__3ZA50C),__3ZA50C,01 - Non intersection,03 - P.D. only,06 - SMV unattended vehicle,02 - Rain,00 - Unknown,02 - Wet,10 - No control,,1,0,0,0,,0,,,,,362330.4393,5023022.207,45.3447871,-75.76586246,8105
18--4662,4/27/2018,12:08 PM,MERIVALE RD btwn CARLING AVE & CARLING AVE (__3ZA26R),__3ZA26R,01 - Non intersection,03 - P.D. only,04 - Sideswipe,01 - Clear,01 - Daylight,01 - Dry,10 - No control,,2,0,0,0,,0,,,,,364893.1468,5027703.064,45.38668983,-75.73259371,8106
18--4663,4/27/2018,12:50 PM,CHAMPAGNE AVE   S btwn BEECH ST & HICKORY ST (__3ZA024),__3ZA024,01 - Non intersection,03 - P.D. only,06 - SMV unattended vehicle,01 - Clear,01 - Daylight,01 - Dry,10 - No control,,1,0,0,0,,0,,,,,366505.0517,5029086.894,45.39900105,-75.71183811,8107
18--4664,4/27/2018,2:00 PM,ST. PATRICK ST EB btwn COBOURG ST & VANIER PKWY/CRICHTON ST (__54XYWT),__54XYWT,01 - Non intersection,03 - P.D. only,04 - Sideswipe,01 - Clear,01 - Daylight,01 - Dry,10 - No control,,2,0,0,0,,0,,,,,369075.3181,5033398.432,45.43756346,-75.67844887,8108
18--4665,4/27/2018,2:00 PM,RICHELIEU AVE btwn EASTVIEW ST & JEAN TALON ST (__3ZA8TL),__3ZA8TL,01 - Non intersection,03 - P.D. only,99 - Other,01 - Clear,01 - Daylight,01 - Dry,10 - No control,,2,0,0,0,,0,,,,,371042.0445,5033183.786,45.43544861,-75.65334226,8109
18--4666,4/27/2018,2:03 PM,GREENBANK RD @ STRANDHERD DR (0005563),5563,02 - Intersection related,03 - P.D. only,03 - Rear end,01 - Clear,01 - Daylight,01 - Dry,01 - Traffic signal,01 - Functioning,2,0,0,0,,0,,,,,363933.2626,5014785.153,45.27053714,-75.74639362,8110
18--4667,4/27/2018,2:25 PM,BAY ST @ SPARKS ST (0005128),5128,02 - Intersection related,03 - P.D. only,04 - Sideswipe,01 - Clear,01 - Daylight,01 - Dry,01 - Traffic signal,01 - Functioning,2,0,0,0,,0,,,,,366856.6988,5031279.59,45.41869922,-75.70707092,8111
18--4668,4/27/2018,2:30 PM,CAMPEAU DR @ TERRY FOX DR (0008211),8211,02 - Intersection related,03 - P.D. only,04 - Sideswipe,01 - Clear,01 - Daylight,01 - Dry,01 - Traffic signal,01 - Functioning,2,0,0,0,,0,,,,,350455.6005,5019010.455,45.30956183,-75.9177566,8112
18--4669,4/27/2018,2:34 PM,DALHOUSIE ST @ RIDEAU ST (0007646),7646,02 - Intersection related,03 - P.D. only,04 - Sideswipe,01 - Clear,01 - Daylight,01 - Dry,01 - Traffic signal,01 - Functioning,2,1,0,0,,0,,,,,368206.709,5032227.581,45.42710788,-75.68970087,8113
18--467,1/8/2018,2:07 PM,STRANDHERD DR @ LONGFIELDS DR (0010935),10935,02 - Intersection related,03 - P.D. only,04 - Sideswipe,03 - Snow,01 - Daylight,03 - Loose snow,01 - Traffic signal,01 - Functioning,2,0,0,0,,0,,,,,364548.8108,5015173.324,45.27397787,-75.73850293,8114
18--4670,4/27/2018,2:45 PM,TENTH LINE RD @ OR174 IC101 RAMP61 (0009217),9217,03 - At intersection,03 - P.D. only,03 - Rear end,01 - Clear,01 - Daylight,01 - Dry,02 - Stop sign,01 - Functioning,2,0,0,0,,0,,,,,382701.5394,5039063.993,45.48715192,-75.5034083,8115
18--4671,4/27/2018,2:49 PM,DES OBLATS AVE btwn DESCHATELETS AVE & MAIN ST (__3ZA1EA),__3ZA1EA,01 - Non intersection,03 - P.D. only,06 - SMV unattended vehicle,01 - Clear,01 - Daylight,01 - Dry,10 - No control,,1,0,0,0,,0,,,,,369157.3896,5030335.201,45.4099941,-75.67780017,8116
18--4672,4/27/2018,2:50 PM,MONTREAL RD btwn GRANVILLE ST & ALFRED ST (__3ZA3LG),__3ZA3LG,01 - Non intersection,03 - P.D. only,03 - Rear end,01 - Clear,01 - Daylight,01 - Dry,10 - No control,,2,0,0,0,,0,,,,,370927.7642,5033523.26,45.43851387,-75.65475715,8117
18--4673,4/27/2018,3:46 PM,KING EDWARD AVE NB btwn CLARENCE ST & YORK ST (__3ZA3WR),__3ZA3WR,01 - Non intersection,03 - P.D. only,03 - Rear end,01 - Clear,01 - Daylight,01 - Dry,10 - No control,,2,0,0,0,,0,,,,,368355.4036,5032689.768,45.43125297,-75.68774118,8118
18--4674,4/27/2018,4:00 PM,CUMMINGS AVE @ MONTREAL RD (0007748),7748,02 - Intersection related,03 - P.D. only,03 - Rear end,01 - Clear,01 - Daylight,01 - Dry,01 - Traffic signal,01 - Functioning,2,0,0,0,,0,,,,,372007.5914,5034041.037,45.44306961,-75.64088568,8119
18--4675,4/27/2018,4:29 PM,CARLING AVE @ CIVIC HOSPITAL (0008793),8793,03 - At intersection,03 - P.D. only,05 - Turning movement,01 - Clear,01 - Daylight,01 - Dry,01 - Traffic signal,01 - Functioning,2,0,0,0,,0,,,,,365791.5382,5028277.78,45.39178335,-75.72105103,8120
18--4676,4/27/2018,4:45 PM,HINCKS LANE @ RIVERSIDE DR (0011354),11354,02 - Intersection related,03 - P.D. only,03 - Rear end,01 - Clear,01 - Daylight,01 - Dry,01 - Traffic signal,01 - Functioning,2,0,0,0,,0,,,,,370166.9661,5030205.492,45.40873347,-75.66492086,8121
18--4677,4/27/2018,5:20 PM,HAZELDEAN RD @ TERRY FOX DR (0003682),3682,02 - Intersection related,03 - P.D. only,04 - Sideswipe,01 - Clear,01 - Daylight,01 - Dry,01 - Traffic signal,01 - Functioning,2,0,0,0,,0,,,,,352207.6105,5017242.451,45.29353681,-75.8955836,8122
18--4678,4/27/2018,7:20 AM,HWY417 IC127 RAMP62 btwn WOODROFFE AVE & HWY417 IC127 RAMP68 (__3ZAY80),__3ZAY80,01 - Non intersection,03 - P.D. only,03 - Rear end,01 - Clear,01 - Daylight,01 - Dry,10 - No control,,2,0,0,0,,0,,,,,362077.9057,5024991.567,45.36252794,-75.76885659,8123
18--4679,4/27/2018,7:45 PM,WOODROFFE AVE btwn FIRESTATION & BASELINE RD (__3ZA34KB),__3ZA34KB,01 - Non intersection,03 - P.D. only,04 - Sideswipe,01 - Clear,05 - Dusk,01 - Dry,10 - No control,,2,0,0,0,,0,,,,,362516.7781,5023855.131,45.35226638,-75.7633876,8124
18--468,1/8/2018,2:13 PM,CARLING AVE @ KIRKWOOD AVE S (0002209),2209,03 - At intersection,02 - Non-fatal injury,03 - Rear end,03 - Snow,01 - Daylight,04 - Slush,01 - Traffic signal,01 - Functioning,2,0,0,0,01 - Minimal,1,1,,,,364351.7005,5027337.55,45.38344725,-75.73955162,8125
18--4680,4/27/2018,8:01 AM,NORICE ST @ WOODROFFE AVE (0001542),1542,02 - Intersection related,02 - Non-fatal injury,03 - Rear end,01 - Clear,01 - Daylight,01 - Dry,01 - Traffic signal,01 - Functioning,2,0,0,0,02 - Minor,1,,1,,,363194.7067,5022396.981,45.33908995,-75.7549084,8126
18--4681,4/27/2018,8:10 AM,HWY417 IC112 RAMP54 btwn HIGHWAY 417 & HWY417 IC112 RAMP58 (__3ZAYAR),__3ZAYAR,01 - Non intersection,03 - P.D. only,04 - Sideswipe,01 - Clear,01 - Daylight,01 - Dry,10 - No control,,2,0,0,0,,0,,,,,374258.8401,5030899.854,45.41458686,-75.61255443,8127
18--4682,4/27/2018,8:11 AM,REGIONAL ROAD 174 btwn Continuation of REGIONAL ROAD 174 & OR174 IC112 (__3ZA2YI),__3ZA2YI,01 - Non intersection,03 - P.D. only,03 - Rear end,01 - Clear,01 - Daylight,01 - Dry,10 - No control,,2,0,0,0,,0,,,,,374078.9899,5032299.999,45.42720248,-75.61465514,8128
18--4683,4/27/2018,8:15 AM,CYRVILLE RD @ LABRIE AVE (0012383),12383,03 - At intersection,03 - P.D. only,03 - Rear end,01 - Clear,01 - Daylight,01 - Dry,02 - Stop sign,00 - Unknown,2,0,0,0,,0,,,,,373401.5099,5031681.66,45.42170575,-75.62339802,8129
18--4684,4/27/2018,8:22 PM,REGIONAL ROAD 174 btwn OR174 IC112 RAMP51 & OR174 IC112 RAMP15 (__3ZA2XE),__3ZA2XE,01 - Non intersection,02 - Non-fatal injury,07 - SMV other,01 - Clear,05 - Dusk,01 - Dry,10 - No control,,1,0,0,0,02 - Minor,1,,1,,,375103.8414,5033054.398,45.43388787,-75.60145204,8130
18--4685,4/27/2018,8:42 AM,FALLOWFIELD RD @ STEEPLE HILL CRES (0000635),635,03 - At intersection,03 - P.D. only,03 - Rear end,01 - Clear,01 - Daylight,01 - Dry,02 - Stop sign,00 - Unknown,3,0,0,0,,0,,,,,358399.3064,5013996.777,45.26388676,-75.81699928,8131
18--4686,4/27/2018,9:00 AM,LAFONTAINE AVE @ MCARTHUR AVE (0009806),9806,03 - At intersection,03 - P.D. only,02 - Angle,01 - Clear,01 - Daylight,01 - Dry,01 - Traffic signal,01 - Functioning,2,0,0,0,,0,,,,,370949.7126,5032771.573,45.43174844,-75.65457764,8132
18--4687,4/27/2018,9:29 PM,WILHAVEN DR btwn O'TOOLE RD & GEORGES VANIER DR (__3ZAZ0R),__3ZAZ0R,01 - Non intersection,03 - P.D. only,07 - SMV other,02 - Rain,07 - Dark,02 - Wet,10 - No control,,1,0,0,0,,0,,,,,388228.0169,5040481.62,45.49926748,-75.43247925,8133
18--4688,4/27/2018,9:36 AM,BLACKBURN BYPASS @ INNES RD E (0009245),9245,02 - Intersection related,02 - Non-fatal injury,03 - Rear end,01 - Clear,01 - Daylight,01 - Dry,01 - Traffic signal,01 - Functioning,2,0,0,0,01 - Minimal,1,1,,,,379791.2828,5033781.573,45.4399435,-75.54143961,8134
18--7549,7/17/2018,4:25 PM,BASELINE RD @ FISHER AVE (0002346),2346,02 - Intersection related,03 - P.D. only,03 - Rear end,01 - Clear,01 - Daylight,01 - Dry,01 - Traffic signal,01 - Functioning,2,0,0,0,,0,,,,,366166.6533,5026028.579,45.37151276,-75.71654031,11817
18--469,1/8/2018,2:15 PM,SOMERSET ST    W btwn BAYSWATER AVE & BREEZEHILL AVE N (__3ZA31E),__3ZA31E,04 - At/near private drive,02 - Non-fatal injury,02 - Angle,03 - Snow,01 - Daylight,04 - Slush,10 - No control,,2,0,0,0,01 - Minimal,1,1,,,,365898.7726,5029949.431,45.40681511,-75.71947455,8136
18--4690,4/28/2018,1:59 AM,ROGER STEVENS DR btwn DWYER HILL RD & MALAKOFF RD (__3ZA4ZQ),__3ZA4ZQ,01 - Non intersection,03 - P.D. only,07 - SMV other,01 - Clear,07 - Dark,01 - Dry,10 - No control,,1,0,0,0,,0,,,,,361852.3756,4995798.134,45.09985986,-75.77508243,8137
18--4691,4/28/2018,10:14 AM,HUBBARD CRES btwn Continuation of HUBBARD CRES & EASTVALE DR (__3ZBO1T),__3ZBO1T,01 - Non intersection,03 - P.D. only,07 - SMV other,02 - Rain,01 - Daylight,02 - Wet,10 - No control,,1,0,0,0,,0,,,,,375637.4666,5035262.246,45.45369891,-75.59431484,8138
18--4692,4/28/2018,10:22 AM,BRIAN GOOD AVE @ EARL ARMSTRONG RD (0014984),14984,03 - At intersection,03 - P.D. only,02 - Angle,01 - Clear,01 - Daylight,01 - Dry,02 - Stop sign,01 - Functioning,2,0,0,0,,0,,,,,368110.0352,5014834.153,45.27061443,-75.69316285,8139
18--4693,4/28/2018,10:49 PM,BOUNDARY RD btwn PANA RD & CARTWRIGHT RD (__3ZA3XE),__3ZA3XE,01 - Non intersection,03 - P.D. only,07 - SMV other,01 - Clear,07 - Dark,01 - Dry,10 - No control,,1,0,0,0,,0,,,,,390348.5737,5016054.298,45.27923877,-75.40958457,8140
18--4694,4/28/2018,10:57 PM,EARL ARMSTRONG RD @ RIVER RD (0012470),12470,03 - At intersection,02 - Non-fatal injury,02 - Angle,01 - Clear,07 - Dark,01 - Dry,01 - Traffic signal,01 - Functioning,3,0,0,0,02 - Minor,6,,6,,,367572.719,5014684.398,45.26931511,-75.70002879,8141
18--4695,4/28/2018,11:45 AM,LOLA ST btwn FULLERTON AVE & DONALD ST (__3ZA81L),__3ZA81L,04 - At/near private drive,03 - P.D. only,02 - Angle,01 - Clear,01 - Daylight,01 - Dry,10 - No control,,2,0,0,0,,0,,,,,371095.1039,5032364.903,45.42807564,-75.65277443,8142
18--4696,4/28/2018,Unknown,BUDAPEST CRES btwn BRIDLEWOOD DR/STEEPLE CHASE S & STEEPLE CHASE DR N (__3ZA4WU),__3ZA4WU,01 - Non intersection,03 - P.D. only,06 - SMV unattended vehicle,02 - Rain,00 - Unknown,02 - Wet,10 - No control,,1,0,0,0,,0,,,,,355224.7014,5017198.142,45.29292808,-75.85712451,8143
18--4697,4/28/2018,Unknown,STONEY LANE btwn FIELDOWN ST & END (__3ZA6T6),__3ZA6T6,01 - Non intersection,03 - P.D. only,06 - SMV unattended vehicle,01 - Clear,00 - Unknown,01 - Dry,10 - No control,,1,0,0,0,,0,,,,,389378.5805,5041956.375,45.51239706,-75.41750529,8144
18--4698,4/28/2018,12:00 PM,HWY 417 MAITLAND IC126R26/62 @ MAITLAND AVE (0008228),8228,02 - Intersection related,03 - P.D. only,03 - Rear end,02 - Rain,01 - Daylight,02 - Wet,01 - Traffic signal,01 - Functioning,2,0,0,0,,0,,,,,363146.0307,5025983.693,45.37136688,-75.75510612,8145
18--4699,4/28/2018,12:07 PM,CARP RD @ STITTSVILLE MAIN ST (0005253),5253,02 - Intersection related,02 - Non-fatal injury,03 - Rear end,01 - Clear,01 - Daylight,01 - Dry,01 - Traffic signal,01 - Functioning,2,0,0,0,01 - Minimal,1,1,,,,349524.2184,5014330.569,45.26751063,-75.93005577,8146