Anom_ID,Accident_Date,Accident_Time,Location,Geo_ID,Accident_Location,Classification_of_Accident,Initial_Impact_Type,Environment_Condition,Light,Road_Surface_Condition,Traffic_Control,Traffic_Control_Condition,No__of_Vehicles,No__of_Bicycles,No__of_Motorcycles,No__of_Pedestrians,Max_Injury,No__of_Injuries,No__of_Minimal,No__of_Minor,No__of_Major,No__of_Fatal,X,Y,Latitude,Longitude,ObjectId
18--47,1/2/2018,1:33 PM,BELFAST RD @ ST. LAURENT BLVD (0007658),7658,02 - Intersection related,03 - P.D. only,03 - Rear end,03 - Snow,01 - Daylight,03 - Loose snow,01 - Traffic signal,01 - Functioning,2,0,0,0,,0,,,,,372860.7242,5030578.563,45.41183342,-75.63045983,8147
18--470,1/8/2018,2:20 AM,HIGHWAY 417 btwn HWY417 IC129 RAMP25 & TRANSIT (__3ZA2SH),__3ZA2SH,01 - Non intersection,02 - Non-fatal injury,07 - SMV other,03 - Snow,07 - Dark,03 - Loose snow,10 - No control,,1,0,0,0,02 - Minor,1,,1,,,361619.7546,5024430.653,45.35751815,-75.77476882,8148
18--4700,4/28/2018,12:20 PM,STAR TOP RD btwn Continuation of STAR TOP RD & INNES RD (__3ZBN0V),__3ZBN0V,04 - At/near private drive,03 - P.D. only,05 - Turning movement,01 - Clear,01 - Daylight,01 - Dry,10 - No control,,2,0,0,0,,0,,,,,374123.4057,5030721.892,45.41299908,-75.61430964,8149
18--4701,4/28/2018,2:01 PM,JEANNE D'ARC BLVD @ GREY NUNS DR/YOUVILLE DR (0003147),3147,02 - Intersection related,02 - Non-fatal injury,03 - Rear end,01 - Clear,01 - Daylight,01 - Dry,01 - Traffic signal,01 - Functioning,2,0,0,0,02 - Minor,1,,1,,,379671.2876,5036700.422,45.46621798,-75.54252889,8150
18--4702,4/28/2018,2:35 PM,ST. LAURENT BLVD @ COVENTRY RD/OGILVIE RD (0002151),2151,02 - Intersection related,02 - Non-fatal injury,03 - Rear end,01 - Clear,01 - Daylight,01 - Dry,01 - Traffic signal,01 - Functioning,2,0,0,0,01 - Minimal,1,1,,,,372305.7802,5031952.079,45.42424544,-75.63736078,8151
18--4703,4/28/2018,2:54 PM,BRONSON AVE @ IMPERIAL AVE/PLYMOUTH ST (0010859),10859,03 - At intersection,03 - P.D. only,03 - Rear end,01 - Clear,01 - Daylight,01 - Dry,10 - No control,,2,0,0,0,,0,,,,,367318.6418,5029643.533,45.40393735,-75.70137652,8152
18--4704,4/28/2018,3:29 PM,CYRVILLE RD @ ST. LAURENT BLVD (0002647),2647,02 - Intersection related,03 - P.D. only,03 - Rear end,01 - Clear,01 - Daylight,01 - Dry,01 - Traffic signal,01 - Functioning,2,0,0,0,,0,,,,,372241.5894,5032111.585,45.42568679,-75.63815913,8153
18--4705,4/28/2018,3:43 PM,KENT ST btwn QUEEN ST & ALBERT ST (__3ZA1XM),__3ZA1XM,01 - Non intersection,03 - P.D. only,04 - Sideswipe,01 - Clear,01 - Daylight,01 - Dry,10 - No control,,2,0,0,0,,0,,,,,367201.16,5031352.405,45.41932375,-75.70266077,8154
18--4706,4/28/2018,4:30 PM,REGIONAL ROAD 174 btwn MCTEER RD & CANAAN RD (__3ZA27S),__3ZA27S,01 - Non intersection,02 - Non-fatal injury,01 - Approaching,01 - Clear,01 - Daylight,01 - Dry,10 - No control,,2,0,0,0,03 - Major,3,,1,2,,395677.2548,5043379.385,45.52440693,-75.33664287,8155
18--4707,4/28/2018,5:32 PM,CONROY RD @ HUNT CLUB RD (0002257),2257,02 - Intersection related,03 - P.D. only,03 - Rear end,01 - Clear,01 - Daylight,01 - Dry,01 - Traffic signal,01 - Functioning,2,0,0,0,,0,,,,,373763.6805,5025404.515,45.36519128,-75.61964809,8156
18--4708,4/28/2018,6:35 AM,HAZELDEAN RD btwn YOUNG RD & CASTLEFRANK RD (__3ZA41L),__3ZA41L,04 - At/near private drive,03 - P.D. only,03 - Rear end,02 - Rain,03 - Dawn,02 - Wet,10 - No control,,2,0,0,0,,0,,,,,352667.4689,5017665.981,45.29731666,-75.88968016,8157
18--4709,4/28/2018,6:56 AM,LONGFIELDS DR btwn HIGHBURY PARK DR & MOUNTSHANNON DR (__3ZAZSR),__3ZAZSR,01 - Non intersection,03 - P.D. only,07 - SMV other,02 - Rain,01 - Daylight,02 - Wet,10 - No control,,1,0,0,0,,0,,,,,364166.5232,5016411.643,45.28515264,-75.74322663,8158
18--471,1/8/2018,2:20 PM,HWY417 IC145 RAMP55 btwn HIGHWAY 7 & HIGHWAY 417 (__3ZAY8K),__3ZAY8K,01 - Non intersection,03 - P.D. only,04 - Sideswipe,03 - Snow,01 - Daylight,03 - Loose snow,10 - No control,,2,0,0,0,,0,,,,,346333.3501,5014795.188,45.27188713,-75.97067801,8159
18--4710,4/28/2018,7:01 AM,NAVAHO DR @ WOODROFFE AVE/TRANSITWAY N BASELIN (0010359),10359,03 - At intersection,03 - P.D. only,05 - Turning movement,02 - Rain,01 - Daylight,02 - Wet,01 - Traffic signal,01 - Functioning,2,0,0,0,,0,,,,,362705.8018,5023492.677,45.34898947,-75.76101783,8160
18--4711,4/28/2018,7:06 PM,GALETTA SIDE RD btwn FERRY RD & STONECREST RD (__3ZA4RN),__3ZA4RN,01 - Non intersection,03 - P.D. only,07 - SMV other,01 - Clear,01 - Daylight,01 - Dry,10 - No control,,1,0,0,0,,0,,,,,330948.8648,5037774.654,45.47940773,-76.16552454,8161
18--4712,4/28/2018,7:44 AM,MOODIE DR @ HWY 417 MOODIE IC134R63 (0000649),649,03 - At intersection,03 - P.D. only,07 - SMV other,02 - Rain,01 - Daylight,02 - Wet,01 - Traffic signal,01 - Functioning,1,0,0,0,,0,,,,,356389.6474,5022479.5,45.34036587,-75.84172331,8162
18--4713,4/28/2018,8:04 PM,BOOTH ST @ SOMERSET ST (0002216),2216,02 - Intersection related,03 - P.D. only,04 - Sideswipe,01 - Clear,07 - Dark,01 - Dry,01 - Traffic signal,01 - Functioning,2,0,0,0,,0,,,,,366592.7031,5030254.571,45.40949976,-75.71057231,8163
18--4714,4/28/2018,8:59 PM,CUMMINGS AVE btwn QUEBEC ST & BURN ST (__3ZA7VR),__3ZA7VR,04 - At/near private drive,03 - P.D. only,06 - SMV unattended vehicle,01 - Clear,07 - Dark,01 - Dry,10 - No control,,1,0,0,0,,0,,,,,372264.8132,5033389.242,45.4371803,-75.63768733,8164
18--4715,4/28/2018,9:26 AM,HIGHWAY 417 btwn HWY417 IC110 RAMP54 & HWY417 IC110 RAMP65 (__3ZAZE4),__3ZAZE4,01 - Non intersection,03 - P.D. only,07 - SMV other,02 - Rain,01 - Daylight,02 - Wet,10 - No control,,1,0,0,0,,0,,,,,375581.2691,5029664.956,45.40334341,-75.59583772,8165
18--4716,4/28/2018,9:46 PM,HIGHWAY 417 btwn HWY417 IC127 RAMP25 & HWY417 IC126 RAMP51 (__3ZA2XA),__3ZA2XA,01 - Non intersection,03 - P.D. only,03 - Rear end,01 - Clear,07 - Dark,01 - Dry,10 - No control,,2,0,0,0,,0,,,,,362835.4552,5025384.185,45.36599836,-75.75914128,8166
18--4717,4/29/2018,1:09 PM,BRONSON AVE @ SOMERSET ST (0002218),2218,02 - Intersection related,02 - Non-fatal injury,03 - Rear end,01 - Clear,01 - Daylight,01 - Dry,01 - Traffic signal,01 - Functioning,2,0,0,0,01 - Minimal,2,2,,,,366966.9601,5030476.573,45.41146413,-75.70576348,8167
18--4718,4/29/2018,1:17 PM,HWY417 IC140 RAMP61 btwn TERRY FOX DR & HIGHWAY 417 (__3ZAY7F),__3ZAY7F,01 - Non intersection,03 - P.D. only,07 - SMV other,04 - Freezing Rain,01 - Daylight,02 - Wet,10 - No control,,1,0,1,0,,0,,,,,350990.3616,5018790.622,45.30754874,-75.91095767,8168
18--4719,4/29/2018,1:30 PM,HIGHWAY 417 btwn HWY417 IC122 RAMP61 & HWY417 IC121B RAMP16 (__3ZA2Y4),__3ZA2Y4,01 - Non intersection,03 - P.D. only,04 - Sideswipe,01 - Clear,01 - Daylight,01 - Dry,10 - No control,,2,0,0,0,,0,,,,,366138.8475,5029374.188,45.40161822,-75.71647948,8169
18--472,1/8/2018,2:30 PM,CARLING AVE @ IROQUOIS RD (0003145),3145,03 - At intersection,03 - P.D. only,05 - Turning movement,03 - Snow,01 - Daylight,05 - Packed snow,01 - Traffic signal,01 - Functioning,2,0,0,0,,0,,,,,362212.6407,5026025.53,45.37182042,-75.7670167,8170
18--4720,4/29/2018,10:30 PM,WEST HUNT CLUB RD @ WOODROFFE AVE (0000576),576,02 - Intersection related,03 - P.D. only,03 - Rear end,01 - Clear,07 - Dark,01 - Dry,01 - Traffic signal,01 - Functioning,2,0,0,0,,0,,,,,363670.2306,5021246.896,45.32870183,-75.74897823,8171
18--4721,4/29/2018,10:53 AM,HIGHWAY 7 btwn HAZELDEAN IC RAMP 53 & HIGHWAY 7 (__7JQ7LK),__7JQ7LK,01 - Non intersection,03 - P.D. only,07 - SMV other,01 - Clear,01 - Daylight,01 - Dry,10 - No control,,1,0,0,0,,0,,,,,342695.7633,5008730.784,45.21752192,-76.01749771,8172
18--4722,4/29/2018,11:08 AM,STONECREST RD btwn KILMAURS SIDE RD & HARDWOOD DR (__3ZACD1),__3ZACD1,01 - Non intersection,03 - P.D. only,07 - SMV other,01 - Clear,01 - Daylight,01 - Dry,10 - No control,,1,0,0,0,,0,,,,,334191.4746,5033897.378,45.44438985,-76.12428031,8173
18--4723,4/29/2018,12:11 PM,CYRVILLE RD @ INNES RD (0009352),9352,03 - At intersection,03 - P.D. only,02 - Angle,01 - Clear,01 - Daylight,01 - Dry,01 - Traffic signal,01 - Functioning,2,0,0,0,,0,,,,,375047.7249,5031119.564,45.41648495,-75.60244511,8174
18--4724,4/29/2018,12:30 PM,BRONSON AVE @ CHRISTIE ST (0006349),6349,03 - At intersection,03 - P.D. only,03 - Rear end,01 - Clear,01 - Daylight,01 - Dry,01 - Traffic signal,01 - Functioning,3,0,0,0,,0,,,,,367050.3896,5030281.221,45.40969899,-75.70472237,8175
18--4725,4/29/2018,12:46 PM,VANIER PKWY SB btwn MONTREAL RD & MCARTHUR AVE (__3ZA4SR),__3ZA4SR,01 - Non intersection,03 - P.D. only,03 - Rear end,01 - Clear,01 - Daylight,01 - Dry,10 - No control,,4,0,0,0,,0,,,,,370140.3805,5032926.824,45.43322141,-75.66489954,8176
18--4726,4/29/2018,2:04 PM,BRONSON AVE @ SOMERSET ST (0002218),2218,02 - Intersection related,03 - P.D. only,03 - Rear end,01 - Clear,01 - Daylight,01 - Dry,01 - Traffic signal,01 - Functioning,2,0,0,0,,0,,,,,366967.4893,5030476.308,45.41146169,-75.70575676,8177
18--4727,4/29/2018,2:10 AM,HWY417 IC118 RAMP35 btwn HWY417 IC118 RAMP45 & MANN AVE OVERPASS (__3ZAYAW),__3ZAYAW,01 - Non intersection,03 - P.D. only,07 - SMV other,01 - Clear,07 - Dark,01 - Dry,10 - No control,,1,0,0,0,,0,,,,,369386.3061,5030875.918,45.41483819,-75.67480509,8178
18--4728,4/29/2018,2:28 PM,FALLOWFIELD RD @ MOODIE DR (0010412),10412,02 - Intersection related,03 - P.D. only,03 - Rear end,01 - Clear,01 - Daylight,01 - Dry,01 - Traffic signal,01 - Functioning,2,0,0,0,,0,,,,,359501.9655,5014636.429,45.26955755,-75.80287899,8179
18--4729,4/29/2018,3:23 PM,BALSAM ST @ ROCHESTER ST (0006571),6571,03 - At intersection,03 - P.D. only,02 - Angle,01 - Clear,01 - Daylight,01 - Dry,02 - Stop sign,02 - Not functioning,2,0,0,0,,0,,,,,366632.5703,5029861.898,45.40596307,-75.71011229,8180
18--473,1/8/2018,2:52 PM,OLD TENTH LINE RD/OR174 IC101 RAMP63 @ ST. JOS (0009233),9233,03 - At intersection,03 - P.D. only,07 - SMV other,03 - Snow,01 - Daylight,03 - Loose snow,01 - Traffic signal,01 - Functioning,1,0,0,0,,0,,,,,383120.0925,5038784.897,45.48459403,-75.49809911,8181
18--4730,4/29/2018,3:38 PM,MACFARLANE RD btwn BRIGGS AVE & MERIVALE RD (__3ZA3IS),__3ZA3IS,01 - Non intersection,03 - P.D. only,03 - Rear end,02 - Rain,01 - Daylight,02 - Wet,10 - No control,,2,0,0,0,,0,,,,,366177.6284,5020641.897,45.32304333,-75.71706869,8182
18--4731,4/29/2018,3:40 PM,HIGHWAY 417 btwn HIGHWAY 417 & HWY417 IC140 RAMP36 (__3ZA20M),__3ZA20M,01 - Non intersection,03 - P.D. only,03 - Rear end,02 - Rain,01 - Daylight,02 - Wet,10 - No control,,2,0,0,0,,0,,,,,350117.7019,5018137.089,45.30172492,-75.92214543,8183
18--4732,4/29/2018,4:26 PM,RUSSELL RD @ SOUTHVALE CRES N (0002650),2650,03 - At intersection,01 - Fatal injury,05 - Turning movement,01 - Clear,01 - Daylight,01 - Dry,01 - Traffic signal,01 - Functioning,2,0,0,0,04 - Fatal,3,,2,,1,373798.7312,5029097.549,45.39841611,-75.61868456,8184
18--4733,4/29/2018,5:03 PM,BANK ST @ CAHILL DR/DAZE ST (0012178),12178,03 - At intersection,03 - P.D. only,05 - Turning movement,01 - Clear,01 - Daylight,01 - Dry,01 - Traffic signal,01 - Functioning,2,0,0,0,,0,,,,,371306.4347,5024316.706,45.35564099,-75.65115877,8185
18--4734,4/29/2018,5:35 PM,HAZELDEAN RD @ HUNTMAR DR/IBER RD (0000075),75,03 - At intersection,03 - P.D. only,03 - Rear end,01 - Clear,01 - Daylight,02 - Wet,01 - Traffic signal,01 - Functioning,2,0,0,0,,0,,,,,350942.4891,5016079.279,45.28315446,-75.9118204,8186
18--4735,4/29/2018,7:33 PM,TALLWOOD DR @ AVENSHIRE GT/MERIDIAN PL (0009774),9774,03 - At intersection,03 - P.D. only,02 - Angle,01 - Clear,05 - Dusk,02 - Wet,02 - Stop sign,01 - Functioning,2,0,0,0,,0,,,,,362815.2834,5022618.406,45.34111379,-75.7597233,8187
18--4736,4/29/2018,8:15 AM,MERIVALE RD @ THAMES ST (0006168),6168,02 - Intersection related,03 - P.D. only,05 - Turning movement,01 - Clear,01 - Daylight,01 - Dry,02 - Stop sign,00 - Unknown,2,0,0,0,,0,,,,,364913.6397,5027526.641,45.38510066,-75.73235352,8188
18--4737,4/29/2018,8:17 PM,MAITLAND AVE/GLENMOUNT AVE @ ERINDALE DR (0002724),2724,03 - At intersection,02 - Non-fatal injury,02 - Angle,01 - Clear,07 - Dark,02 - Wet,01 - Traffic signal,01 - Functioning,2,0,0,0,02 - Minor,1,,1,,,363698.4153,5025212.188,45.36437878,-75.74814651,8189
18--4738,4/30/2018,1:00 PM,RIDEAU ST btwn CHAPEL ST & AUGUSTA ST (__3ZA3WS),__3ZA3WS,04 - At/near private drive,03 - P.D. only,02 - Angle,01 - Clear,01 - Daylight,01 - Dry,10 - No control,,2,0,0,0,,0,,,,,368937.0792,5032671.027,45.43103125,-75.68031038,8190
18--4739,4/30/2018,1:05 PM,CHAPEL ST @ RIDEAU ST (0011918),11918,02 - Intersection related,03 - P.D. only,06 - SMV unattended vehicle,01 - Clear,01 - Daylight,01 - Dry,01 - Traffic signal,00 - Unknown,1,0,0,0,,0,,,,,368892.3116,5032643.404,45.43078681,-75.68088606,8191
18--474,1/8/2018,2:59 PM,8TH LINE RD @ MARIONVILLE RD (0012894),12894,03 - At intersection,03 - P.D. only,07 - SMV other,03 - Snow,01 - Daylight,06 - Ice,02 - Stop sign,01 - Functioning,1,0,0,0,,0,,,,,389217.0685,5001807.996,45.15119729,-75.42641914,8192
18--4740,4/30/2018,1:16 PM,RIVERSIDE DR btwn LEOPOLDS DR & OLD RIVERSIDE DR (__58WILK),__58WILK,01 - Non intersection,02 - Non-fatal injury,07 - SMV other,01 - Clear,01 - Daylight,01 - Dry,10 - No control,,1,0,0,0,02 - Minor,1,,1,,,368028.2987,5023878.819,45.35200425,-75.69305031,8193
18--4741,4/30/2018,1:24 PM,RICHMOND RD btwn CROYDON AVE & ASSALY RD (__3ZA2XS),__3ZA2XS,04 - At/near private drive,02 - Non-fatal injury,02 - Angle,01 - Clear,01 - Daylight,01 - Dry,10 - No control,,2,0,0,0,01 - Minimal,1,1,,,,360702.4072,5025498.291,45.36719845,-75.78635589,8194
18--4742,4/30/2018,1:56 PM,MONTREAL RD @ GRANVILLE ST/LAFONTAINE AVE (0009348),9348,03 - At intersection,02 - Non-fatal injury,99 - Other,01 - Clear,01 - Daylight,01 - Dry,01 - Traffic signal,01 - Functioning,3,0,0,1,03 - Major,1,,,1,,370826.7132,5033474.592,45.43808552,-75.65605517,8195
18--4743,4/30/2018,10:18 AM,MARKETPLACE AVE btwn Continuation of MARKETPLACE AVE & LONGFIELDS DR (__5Z2MNR),__5Z2MNR,04 - At/near private drive,03 - P.D. only,05 - Turning movement,01 - Clear,01 - Daylight,01 - Dry,10 - No control,,2,0,0,0,,0,,,,,364542.8583,5014902.898,45.27154508,-75.73861133,8196
18--4744,4/30/2018,10:32 PM,CARLING AVE @ PINECREST  RD/GREENVIEW AVE (0001630),1630,03 - At intersection,03 - P.D. only,05 - Turning movement,01 - Clear,07 - Dark,01 - Dry,01 - Traffic signal,01 - Functioning,2,0,0,0,,0,,,,,360006.6963,5024632.294,45.35946138,-75.79533333,8197
18--4745,4/30/2018,11:31 AM,BASELINE RD @ CORDOVA ST (0003208),3208,02 - Intersection related,02 - Non-fatal injury,07 - SMV other,01 - Clear,01 - Daylight,01 - Dry,01 - Traffic signal,01 - Functioning,1,0,0,2,02 - Minor,1,,1,,,363593.688,5024409.526,45.35716531,-75.74957875,8198
18--4746,4/30/2018,11:46 PM,CARLING AVE WB btwn TO BE DETERMINED & CORKSTOWN RD (__4KCQA4),__4KCQA4,01 - Non intersection,03 - P.D. only,07 - SMV other,01 - Clear,07 - Dark,01 - Dry,10 - No control,,1,0,0,0,,0,,,,,357897.7211,5023450.025,45.34898618,-75.82237766,8199
18--4747,4/30/2018,Unknown,SAMUEL DR btwn HARDING RD & CRANE ST (__3ZA7Q4),__3ZA7Q4,01 - Non intersection,03 - P.D. only,06 - SMV unattended vehicle,01 - Clear,00 - Unknown,01 - Dry,10 - No control,,1,0,0,0,,0,,,,,372891.8858,5027871.917,45.38747719,-75.63043542,8200
18--4928,5/5/2018,4:05 PM,JEANNE D'ARC BLVD  S btwn SAPINIER ST & INNES RD (__3ZA3Y3),__3ZA3Y3,04 - At/near private drive,03 - P.D. only,02 - Angle,01 - Clear,01 - Daylight,01 - Dry,10 - No control,,2,0,0,0,,0,,,,,382627.9281,5035592.142,45.45592347,-75.50489977,8201
18--4929,5/5/2018,6:03 PM,ISABELLA ST/HWY417 IC119AR75 @ METCALFE ST (0011380),11380,02 - Intersection related,03 - P.D. only,04 - Sideswipe,01 - Clear,01 - Daylight,01 - Dry,01 - Traffic signal,01 - Functioning,2,0,0,0,,0,,,,,368448.7065,5030399.565,45.41063804,-75.68684474,8202
18--493,1/8/2018,4:45 PM,BIRCH AVE EXT./ROCKCLIFFE PKWY @ ROCKCLIFFE PK (0008782),8782,02 - Intersection related,03 - P.D. only,03 - Rear end,03 - Snow,05 - Dusk,04 - Slush,02 - Stop sign,00 - Unknown,2,0,0,0,,0,,,,,370128.5895,5035705.727,45.45822587,-75.66468126,8203
18--4930,5/5/2018,6:14 PM,CUMMINGS AVE @ OGILVIE RD (0009923),9923,02 - Intersection related,03 - P.D. only,02 - Angle,01 - Clear,01 - Daylight,01 - Dry,01 - Traffic signal,01 - Functioning,3,0,0,0,,0,,,,,372748.7196,5032170.586,45.42616858,-75.63167108,8204
18--4931,5/5/2018,6:21 PM,HUNT CLUB RD btwn DUNSTON TER & CAHILL DR (__3ZA2GG),__3ZA2GG,04 - At/near private drive,02 - Non-fatal injury,03 - Rear end,01 - Clear,01 - Daylight,01 - Dry,10 - No control,,2,0,1,0,02 - Minor,1,,1,,,372304.9733,5024480.548,45.35701976,-75.63839319,8205
18--4932,5/5/2018,7:33 PM,MACKENZIE AVE @ MURRAY ST (0011914),11914,03 - At intersection,03 - P.D. only,04 - Sideswipe,01 - Clear,01 - Daylight,01 - Dry,01 - Traffic signal,01 - Functioning,2,0,0,0,,0,,,,,367639.5687,5032383.966,45.42856616,-75.6969279,8206
18--4933,5/5/2018,8:02 AM,EARL ARMSTRONG RD @ SHORELINE DR (0013041),13041,02 - Intersection related,02 - Non-fatal injury,03 - Rear end,01 - Clear,01 - Daylight,01 - Dry,01 - Traffic signal,02 - Not functioning,2,0,0,0,02 - Minor,1,,1,,,368840.1969,5015287.91,45.27463117,-75.68379993,8207
18--4934,5/5/2018,8:03 AM,PORTOBELLO BLVD/SPRINGRIDGE DR S @ TRIM RD (0012338),12338,03 - At intersection,03 - P.D. only,02 - Angle,01 - Clear,01 - Daylight,01 - Dry,01 - Traffic signal,01 - Functioning,2,0,0,0,,0,,,,,385690.0813,5038071.501,45.47788254,-75.46534563,8208
18--4935,5/5/2018,8:15 AM,REVELSTOKE DR @ RIVERSIDE DR (0006918),6918,03 - At intersection,02 - Non-fatal injury,03 - Rear end,01 - Clear,01 - Daylight,01 - Dry,01 - Traffic signal,02 - Not functioning,2,0,0,0,02 - Minor,1,,1,,,368217.418,5024423.965,45.35689227,-75.69056699,8209
18--4936,5/5/2018,9:00 PM,COLONEL BY DR btwn N.D.H.Q. & OTTAWA UNIV. PED. XING (__3ZA8HKB),__3ZA8HKB,01 - Non intersection,03 - P.D. only,03 - Rear end,01 - Clear,07 - Dark,01 - Dry,10 - No control,,2,0,0,0,,0,,,,,368599.9186,5031585.405,45.42129405,-75.68475957,8210
18--4937,5/5/2018,9:11 AM,ALBERT ST @ ELGIN ST/MACKENZIE KING BRIDGE (0002226),2226,03 - At intersection,03 - P.D. only,05 - Turning movement,01 - Clear,01 - Daylight,01 - Dry,01 - Traffic signal,01 - Functioning,2,0,0,0,,0,,,,,367850.5048,5031711.846,45.42249967,-75.6943185,8211
18--4938,5/5/2018,9:15 AM,CEDARVIEW RD btwn CAMBRIAN RD & BARNSDALE RD (__3ZA1T5),__3ZA1T5,01 - Non intersection,03 - P.D. only,07 - SMV other,06 - Strong wind,01 - Daylight,02 - Wet,10 - No control,,1,0,0,0,,0,,,,,363734.1684,5010179.725,45.22911395,-75.74947668,8212
18--4939,5/5/2018,9:26 PM,MERIVALE RD btwn 210 S OF MEADOWLANDS DR/MERIVALE PL SC & FAMILY BROWN (__3ZBPLPB),__3ZBPLPB,04 - At/near private drive,03 - P.D. only,02 - Angle,01 - Clear,07 - Dark,01 - Dry,10 - No control,,2,0,0,0,,0,,,,,364955.1791,5023503.024,45.34889324,-75.73231301,8213
18--494,1/8/2018,4:46 PM,INDUSTRIAL AVE @ RUSSELL RD (0007732),7732,02 - Intersection related,03 - P.D. only,03 - Rear end,03 - Snow,05 - Dusk,03 - Loose snow,01 - Traffic signal,01 - Functioning,2,0,0,0,,0,,,,,372465.7283,5030279.553,45.40918137,-75.63554674,8214
18--4940,5/6/2018,1:05 PM,HIGHWAY 417 btwn HWY417 IC155 RAMP25 & RAMP (__3ZAZN1),__3ZAZN1,01 - Non intersection,03 - P.D. only,07 - SMV other,01 - Clear,01 - Daylight,01 - Dry,10 - No control,,1,0,0,0,,0,,,,,343484.6244,5016364.543,45.28617138,-76.0068599,8215
18--4941,5/6/2018,1:10 PM,HIGHWAY 417 btwn HWY417 IC155 RAMP25 & RAMP (__3ZAZN1),__3ZAZN1,01 - Non intersection,03 - P.D. only,07 - SMV other,01 - Clear,01 - Daylight,01 - Dry,10 - No control,,1,0,0,0,,0,,,,,344078.5252,5015705.412,45.2802073,-75.99934149,8216
18--4942,5/6/2018,1:30 PM,DONALD ST @ ST. LAURENT BLVD (0008630),8630,02 - Intersection related,03 - P.D. only,03 - Rear end,01 - Clear,01 - Daylight,01 - Dry,01 - Traffic signal,01 - Functioning,2,0,0,0,,0,,,,,372093.2041,5032472.92,45.42895221,-75.64000577,8217
18--4943,5/6/2018,1:58 PM,RIVERSIDE DR SB btwn SAN REMO PRIV & TERMINAL AVE (__3ZA253),__3ZA253,01 - Non intersection,02 - Non-fatal injury,07 - SMV other,01 - Clear,01 - Daylight,01 - Dry,10 - No control,,1,0,0,0,01 - Minimal,1,1,,,,370548.7591,5030440.451,45.41081177,-75.66001254,8218
18--4944,5/6/2018,10:30 PM,HIGHWAY 416 btwn HWY416 IC57 RAMP24 & HWY416 IC49 RAMP42 (__3ZAZGI),__3ZAZGI,01 - Non intersection,03 - P.D. only,07 - SMV other,01 - Clear,07 - Dark,01 - Dry,10 - No control,,1,0,0,0,,0,,,,,366098.667,5005712.602,45.18871667,-75.71991733,8219
18--4945,5/6/2018,11:01 AM,GREENBANK RD @ CANFIELD RD/CRAIG HENRY DR (0000154),154,02 - Intersection related,03 - P.D. only,03 - Rear end,01 - Clear,01 - Daylight,01 - Dry,01 - Traffic signal,01 - Functioning,2,0,0,0,,0,,,,,361107.1303,5021364.495,45.3299703,-75.78166031,8220
18--4946,5/6/2018,11:52 AM,BARNSDALE RD btwn MOODIE DR & TRAIL RD (__3ZA1CA),__3ZA1CA,01 - Non intersection,02 - Non-fatal injury,07 - SMV other,01 - Clear,01 - Daylight,01 - Dry,10 - No control,,1,0,0,0,02 - Minor,1,,1,,,362811.9163,5009331.58,45.22155881,-75.76131937,8221
18--4947,5/6/2018,12:20 PM,GLENVIEW AVE @ RIVERDALE AVE (0007984),7984,02 - Intersection related,03 - P.D. only,03 - Rear end,01 - Clear,01 - Daylight,01 - Dry,02 - Stop sign,01 - Functioning,2,0,0,0,,0,,,,,369324.7836,5029412.193,45.40167379,-75.67578263,8222
18--4948,5/6/2018,12:40 PM,RICHMOND RD @ HOLLY ACRES RD/NANAIMO DR (0001068),1068,02 - Intersection related,03 - P.D. only,03 - Rear end,01 - Clear,01 - Daylight,01 - Dry,01 - Traffic signal,01 - Functioning,2,0,0,0,,0,,,,,359058.7644,5022748.867,45.34258828,-75.80763865,8223
18--4949,5/6/2018,4:07 PM,BENTLEY AVE btwn SUNDERLAND ST & CAMELOT DR (__3ZA53R),__3ZA53R,01 - Non intersection,02 - Non-fatal injury,01 - Approaching,01 - Clear,01 - Daylight,01 - Dry,10 - No control,,2,0,0,0,02 - Minor,1,,1,,,365863.236,5021618.795,45.33186075,-75.72095821,8224
18--495,1/8/2018,4:51 PM,BLACKBURN AVE @ SOMERSET ST (0008457),8457,03 - At intersection,03 - P.D. only,02 - Angle,03 - Snow,05 - Dusk,03 - Loose snow,02 - Stop sign,01 - Functioning,2,0,0,0,,0,,,,,369407.9669,5031948.062,45.42448294,-75.67438778,8225
18--4950,5/6/2018,8:37 PM,DONNELLY DR btwn Continuation of DONNELLY DR & MILL POND LANE (__3ZACJA),__3ZACJA,04 - At/near private drive,03 - P.D. only,07 - SMV other,01 - Clear,05 - Dusk,01 - Dry,10 - No control,,1,0,0,0,,0,,,,,359358.2653,4982549.428,44.98083807,-75.80820887,8226
18--4951,5/7/2018,10:00 PM,KALBROOK ST btwn BLACKDOME CRES & BLACKDOME CRES (__3ZA474),__3ZA474,01 - Non intersection,03 - P.D. only,06 - SMV unattended vehicle,01 - Clear,07 - Dark,01 - Dry,10 - No control,,1,0,0,0,,0,,,,,350242.7224,5020084.415,45.31923941,-75.92037277,8227
18--4952,5/7/2018,10:04 PM,LOUISA ST btwn LEBRETON ST N & BELL ST N (__3ZAAJS),__3ZAAJS,01 - Non intersection,03 - P.D. only,07 - SMV other,01 - Clear,07 - Dark,01 - Dry,10 - No control,,1,0,0,0,,0,,,,,366969.273,5029843.421,45.405767,-75.70581378,8228
18--4953,5/7/2018,10:09 PM,FALLOWFIELD RD btwn MERIVALE RD & WOODROFFE AVE (__3ZA3IN),__3ZA3IN,01 - Non intersection,03 - P.D. only,04 - Sideswipe,01 - Clear,07 - Dark,01 - Dry,10 - No control,,2,0,0,0,,0,,,,,365111.8315,5017918.351,45.29862945,-75.73099421,8229