Anom_ID,Accident_Date,Accident_Time,Location,Geo_ID,Accident_Location,Classification_of_Accident,Initial_Impact_Type,Environment_Condition,Light,Road_Surface_Condition,Traffic_Control,Traffic_Control_Condition,No__of_Vehicles,No__of_Bicycles,No__of_Motorcycles,No__of_Pedestrians,Max_Injury,No__of_Injuries,No__of_Minimal,No__of_Minor,No__of_Major,No__of_Fatal,X,Y,Latitude,Longitude,ObjectId
18--4954,5/7/2018,10:29 PM,GREENBANK RD @ STRANDHERD DR (0005563),5563,03 - At intersection,02 - Non-fatal injury,05 - Turning movement,01 - Clear,07 - Dark,01 - Dry,01 - Traffic signal,01 - Functioning,2,0,0,0,02 - Minor,1,,1,,,363934.203,5014784.495,45.27053114,-75.74638171,8230
18--4955,5/7/2018,10:54 AM,JOHNSTON RD @ BANK PL (0006886),6886,02 - Intersection related,03 - P.D. only,05 - Turning movement,01 - Clear,01 - Daylight,01 - Dry,02 - Stop sign,00 - Unknown,2,0,0,0,,0,,,,,370882.5865,5024858.977,45.36056025,-75.65649538,8231
18--4956,5/7/2018,11:45 AM,MONTREAL RD @ SHEFFORD RD (0012423),12423,02 - Intersection related,03 - P.D. only,03 - Rear end,01 - Clear,01 - Daylight,01 - Dry,01 - Traffic signal,01 - Functioning,3,0,0,0,,0,,,,,376125.1264,5034853.739,45.44997382,-75.58813995,8232
18--4957,5/7/2018,Unknown,LISGAR ST btwn BANK ST & O'CONNOR ST (__3ZA9UO),__3ZA9UO,01 - Non intersection,03 - P.D. only,06 - SMV unattended vehicle,01 - Clear,00 - Unknown,01 - Dry,10 - No control,,1,0,0,0,,0,,,,,367713.1156,5031128.809,45.41726606,-75.69614838,8233
18--4958,5/7/2018,Unknown,QUEEN ST btwn KENT ST & BANK ST (__3ZA2FR),__3ZA2FR,01 - Non intersection,03 - P.D. only,06 - SMV unattended vehicle,01 - Clear,00 - Unknown,01 - Dry,10 - No control,,1,0,0,0,,0,,,,,367210.1345,5031405.658,45.41980211,-75.70253936,8234
18--4959,5/7/2018,12:13 PM,JEANNE D'ARC BLVD @ ORLEANS BLVD S (0004154),4154,03 - At intersection,03 - P.D. only,03 - Rear end,01 - Clear,01 - Daylight,01 - Dry,01 - Traffic signal,01 - Functioning,2,0,0,0,,0,,,,,380940.4345,5036250.913,45.46203648,-75.52637071,8235
18--496,1/8/2018,5:10 PM,BUENA VISTA RD @ ROCKCLIFFE PKWY (0011238),11238,03 - At intersection,03 - P.D. only,02 - Angle,03 - Snow,05 - Dusk,03 - Loose snow,02 - Stop sign,00 - Unknown,3,0,0,0,,0,,,,,368466.7928,5034799.27,45.45022334,-75.68604485,8236
18--4960,5/7/2018,12:50 PM,PARKDALE AVE @ HWY 417 PARKDAL IC122R15/HWY 41 (0002363),2363,03 - At intersection,03 - P.D. only,02 - Angle,01 - Clear,01 - Daylight,01 - Dry,01 - Traffic signal,01 - Functioning,2,0,0,0,,0,,,,,365336.1191,5028846.039,45.39693593,-75.72679712,8237
18--4961,5/7/2018,2:45 PM,LAURIER AVE   E btwn NICHOLAS ST & WALLER ST (__5D2DXE),__5D2DXE,01 - Non intersection,03 - P.D. only,04 - Sideswipe,01 - Clear,01 - Daylight,01 - Dry,10 - No control,,2,0,0,0,,0,,,,,368414.8302,5031829.194,45.42350443,-75.68709293,8238
18--4962,5/7/2018,3:22 PM,WOODROFFE AVE btwn FIRESTATION & BASELINE RD (__3ZA34KB),__3ZA34KB,01 - Non intersection,03 - P.D. only,04 - Sideswipe,01 - Clear,01 - Daylight,01 - Dry,10 - No control,,2,0,0,0,,0,,,,,362545.7931,5023780.52,45.35159265,-75.76302604,8239
18--4963,5/7/2018,4:15 PM,AVIATION PKWY @ OGILVIE RD (0004114),4114,02 - Intersection related,02 - Non-fatal injury,03 - Rear end,01 - Clear,01 - Daylight,01 - Dry,01 - Traffic signal,01 - Functioning,2,0,0,0,01 - Minimal,1,1,,,,373110.529,5032376.943,45.42799003,-75.62701937,8240
18--4964,5/7/2018,4:25 PM,HIGHWAY 416 btwn HWY416 IC66 RAMP62 & HWY416 IC72 RAMP24 (__3ZAZMZ),__3ZAZMZ,01 - Non intersection,02 - Non-fatal injury,04 - Sideswipe,01 - Clear,01 - Daylight,01 - Dry,10 - No control,,2,0,0,0,02 - Minor,2,,2,,,360318.9472,5017940.171,45.29922089,-75.79209854,8241
18--4965,5/7/2018,4:40 PM,HIGHWAY 417 btwn HWY417 IC124 RAMP65 & HWY417 IC122 RAMP51 (__3ZA2R8),__3ZA2R8,01 - Non intersection,03 - P.D. only,03 - Rear end,01 - Clear,01 - Daylight,01 - Dry,10 - No control,,2,0,0,0,,0,,,,,364716.3733,5027917.099,45.38863082,-75.73482497,8242
18--4966,5/7/2018,4:52 PM,CAHILL DR btwn SOUTHGATE RD & PEBBLE RD (__3ZA9D0),__3ZA9D0,04 - At/near private drive,03 - P.D. only,06 - SMV unattended vehicle,01 - Clear,01 - Daylight,01 - Dry,10 - No control,,1,0,0,0,,0,,,,,371553.0109,5024524.535,45.35748754,-75.64798393,8243
18--4967,5/7/2018,5:08 PM,HIGHWAY 417 btwn HWY417 IC119A RAMP75 & HWY417 IC118 RAMP57 (__3ZA2R2),__3ZA2R2,01 - Non intersection,03 - P.D. only,03 - Rear end,01 - Clear,01 - Daylight,01 - Dry,10 - No control,,2,0,0,0,,0,,,,,368818.3122,5030626.543,45.4126466,-75.68209378,8244
18--4968,5/7/2018,5:09 PM,CARLING AVE @ CARLINGWOOD SC (0008881),8881,03 - At intersection,03 - P.D. only,05 - Turning movement,01 - Clear,01 - Daylight,01 - Dry,01 - Traffic signal,01 - Functioning,2,0,0,0,,0,,,,,362073.0031,5025919.133,45.37087449,-75.76881164,8245
18--4969,5/7/2018,5:21 PM,MARCH RD btwn CORKSTOWN RD & HWY417 IC138 RAMP62 (__3ZA417),__3ZA417,01 - Non intersection,03 - P.D. only,03 - Rear end,01 - Clear,01 - Daylight,01 - Dry,10 - No control,,2,0,0,0,,0,,,,,352674.4281,5020848.151,45.32595005,-75.88928398,8246
18--497,1/8/2018,5:10 PM,OTTAWA RIVER PKWY @ WOODROFFE AVE (0002637),2637,02 - Intersection related,03 - P.D. only,03 - Rear end,01 - Clear,05 - Dusk,01 - Dry,02 - Stop sign,01 - Functioning,2,0,0,0,,0,,,,,361426.6168,5027002.489,45.38067496,-75.77693898,8247
18--4970,5/7/2018,5:25 PM,WEST HUNT CLUB RD @ WOODROFFE AVE (0000576),576,02 - Intersection related,03 - P.D. only,99 - Other,01 - Clear,01 - Daylight,01 - Dry,01 - Traffic signal,01 - Functioning,2,0,0,0,,0,,,,,363670.3161,5021246.952,45.32870233,-75.74897714,8248
18--4971,5/7/2018,5:44 PM,REGIONAL ROAD 174 EB btwn HWY417 IC113 RAMP65 & OR174 BLAIR IC112 RAMP51 (__3ZAZFJ),__3ZAZFJ,01 - Non intersection,03 - P.D. only,03 - Rear end,01 - Clear,01 - Daylight,01 - Dry,10 - No control,,4,0,0,0,,0,,,,,374621.1426,5032687.855,45.43063828,-75.6076726,8249
18--4972,5/7/2018,5:45 PM,PRINCE OF WALES DR btwn FISHER AVE & NE/OT BOUNDARY (__3ZA2TZ),__3ZA2TZ,04 - At/near private drive,03 - P.D. only,05 - Turning movement,01 - Clear,01 - Daylight,01 - Dry,10 - No control,,2,1,0,0,,0,,,,,367162.6719,5023983.019,45.35301933,-75.70408363,8250
18--4973,5/7/2018,5:45 PM,RICHMOND RD @ WOODROFFE AVE (0011466),11466,02 - Intersection related,03 - P.D. only,03 - Rear end,01 - Clear,01 - Daylight,01 - Dry,01 - Traffic signal,01 - Functioning,2,0,0,0,,0,,,,,361584.7857,5026654.57,45.37753162,-75.77495951,8251
18--4974,5/7/2018,5:49 PM,INDUSTRIAL AVE/INNES RD @ ST. LAURENT BLVD (0002203),2203,02 - Intersection related,03 - P.D. only,03 - Rear end,01 - Clear,01 - Daylight,01 - Dry,01 - Traffic signal,01 - Functioning,2,0,0,0,,0,,,,,373099.8358,5030005.799,45.40665666,-75.62748466,8252
18--7963,7/28/2018,3:31 PM,PRINCE OF WALES DR @ MEADOWLANDS DR/HOG'S BACK (0001629),1629,02 - Intersection related,03 - P.D. only,04 - Sideswipe,01 - Clear,01 - Daylight,01 - Dry,01 - Traffic signal,01 - Functioning,2,0,0,0,,0,,,,,367371.9194,5025693.477,45.36839102,-75.70119677,12970
18--4976,5/7/2018,6:21 PM,BANK ST btwn BANK ST & ALBION RD (__3ZA3HX),__3ZA3HX,04 - At/near private drive,03 - P.D. only,02 - Angle,01 - Clear,01 - Daylight,01 - Dry,10 - No control,,2,0,0,0,,0,,,,,371909.4346,5024125.596,45.353864,-75.64348931,8254
18--4977,5/7/2018,7:00 PM,CRESTWAY DR @ STRANDHERD DR (0010538),10538,02 - Intersection related,02 - Non-fatal injury,05 - Turning movement,01 - Clear,01 - Daylight,01 - Dry,01 - Traffic signal,01 - Functioning,2,1,0,0,01 - Minimal,1,1,,,,366345.0353,5015471.388,45.27650491,-75.71557527,8255
18--4978,5/7/2018,7:45 AM,ARGYLE AVE N @ ELGIN ST (0007262),7262,03 - At intersection,03 - P.D. only,02 - Angle,01 - Clear,01 - Daylight,01 - Dry,01 - Traffic signal,01 - Functioning,2,0,0,0,,0,,,,,368494.0512,5030671.686,45.41308237,-75.68623032,8256
18--4979,5/7/2018,7:50 AM,HIGHWAY 417 btwn HWY417 IC131 RAMP53 & HWY417 IC131 RAMP51 (__3ZA1MU),__3ZA1MU,01 - Non intersection,03 - P.D. only,03 - Rear end,01 - Clear,01 - Daylight,01 - Dry,10 - No control,,2,0,0,0,,0,,,,,358015.5013,5022730.408,45.34250211,-75.8209521,8257
18--498,1/8/2018,5:22 PM,HERON RD @ JEFFERSON ST (0007192),7192,02 - Intersection related,03 - P.D. only,04 - Sideswipe,03 - Snow,05 - Dusk,03 - Loose snow,01 - Traffic signal,01 - Functioning,3,0,0,0,,0,,,,,371808.7247,5027052.541,45.38020923,-75.64437754,8258
18--4980,5/7/2018,7:52 AM,FLEWELLYN RD @ ORMROD RD (0000410),410,03 - At intersection,02 - Non-fatal injury,02 - Angle,01 - Clear,01 - Daylight,01 - Dry,02 - Stop sign,01 - Functioning,2,0,0,0,02 - Minor,1,,1,,,341929.9075,5002318.073,45.15985714,-76.02772597,8259
18--4981,5/7/2018,8:00 AM,MOODIE DR @ WEST HUNT CLUB RD (0010414),10414,02 - Intersection related,02 - Non-fatal injury,03 - Rear end,01 - Clear,01 - Daylight,01 - Dry,01 - Traffic signal,01 - Functioning,2,0,0,0,01 - Minimal,1,1,,,,357907.5098,5018499.165,45.30443721,-75.82278379,8260
18--4982,5/7/2018,8:25 AM,BANK ST @ LEITRIM RD (0004125),4125,02 - Intersection related,03 - P.D. only,03 - Rear end,01 - Clear,01 - Daylight,01 - Dry,01 - Traffic signal,01 - Functioning,2,0,0,0,,0,,,,,375357.0858,5021619.486,45.33097667,-75.59985005,8261
18--4983,5/7/2018,8:44 AM,QUEEN MARY ST @ VANIER PKWY (0007648),7648,02 - Intersection related,03 - P.D. only,04 - Sideswipe,01 - Clear,01 - Daylight,01 - Dry,01 - Traffic signal,01 - Functioning,2,0,0,0,,0,,,,,370363.7107,5031957.585,45.4244797,-75.66217455,8262
18--4984,5/7/2018,8:45 AM,HWY417 IC129 RAMP51 btwn ASHLEY ST & HWY417 IC129 RAMP53 (__6KDGCM),__6KDGCM,01 - Non intersection,03 - P.D. only,04 - Sideswipe,01 - Clear,01 - Daylight,01 - Dry,10 - No control,,2,0,0,0,,0,,,,,360477.9092,5023290.945,45.34735469,-75.78947021,8263
18--4985,5/7/2018,9:44 AM,FRANKTOWN RD btwn SKEEL CRT & DWYER HILL RD (__3ZA3E5),__3ZA3E5,01 - Non intersection,03 - P.D. only,07 - SMV other,01 - Clear,01 - Daylight,01 - Dry,10 - No control,,1,0,0,0,,0,,,,,347833.5697,4998220.148,45.12264639,-75.95299025,8264
18--4986,5/8/2018,1:30 PM,INDUSTRIAL AVE @ RUSSELL RD (0007732),7732,03 - At intersection,03 - P.D. only,05 - Turning movement,01 - Clear,01 - Daylight,01 - Dry,01 - Traffic signal,01 - Functioning,2,0,0,0,,0,,,,,372465.6209,5030279.972,45.40918515,-75.63554805,8265
18--4987,5/8/2018,1:49 AM,PORTOBELLO BLVD btwn CAPREOL ST & AQUAVIEW DR (__3ZACEX),__3ZACEX,01 - Non intersection,03 - P.D. only,07 - SMV other,01 - Clear,07 - Dark,01 - Dry,10 - No control,,1,0,0,0,,0,,,,,385691.5157,5035881.978,45.4581832,-75.46568766,8266
18--4988,5/8/2018,10:09 AM,BOTTRIELL WAY btwn HOSKINS CRES & MERKLEY DR (__3ZA6X6),__3ZA6X6,01 - Non intersection,02 - Non-fatal injury,06 - SMV unattended vehicle,01 - Clear,01 - Daylight,01 - Dry,10 - No control,,1,0,0,0,02 - Minor,1,,1,,,383660.8977,5037718.074,45.47493486,-75.49135328,8267
18--4989,5/8/2018,10:20 AM,MACKENZIE KING BR/WALLER ST @ NICHOLAS ST/WALL (0011251),11251,02 - Intersection related,03 - P.D. only,04 - Sideswipe,01 - Clear,01 - Daylight,01 - Dry,01 - Traffic signal,01 - Functioning,2,0,0,0,,0,,,,,368372.092,5031992.707,45.42497955,-75.6876179,8268
18--499,1/8/2018,5:41 AM,BANK ST @ CLEMOW AVE (0007714),7714,03 - At intersection,03 - P.D. only,05 - Turning movement,03 - Snow,07 - Dark,05 - Packed snow,02 - Stop sign,00 - Unknown,2,0,0,0,,0,,,,,368204.6657,5029864.169,45.40584287,-75.69003106,8269
18--4990,5/8/2018,10:26 AM,GREENBANK RD @ MARKETPLACE AVE (0010406),10406,02 - Intersection related,02 - Non-fatal injury,03 - Rear end,01 - Clear,01 - Daylight,01 - Dry,01 - Traffic signal,01 - Functioning,2,0,0,0,01 - Minimal,1,1,,,,364008.1663,5014602.497,45.26888729,-75.74546089,8270
18--4991,5/8/2018,10:28 AM,CATTERICK CRES btwn ARRISDALE CRT & SHIRLEY'S BROOK DR (__3ZADK1),__3ZADK1,04 - At/near private drive,03 - P.D. only,06 - SMV unattended vehicle,01 - Clear,01 - Daylight,01 - Dry,10 - No control,,1,0,0,0,,0,,,,,350231.2586,5024235.633,45.35659377,-75.92013785,8271
18--4992,5/8/2018,10:45 AM,BELFAST RD btwn TRIOLE ST & MICHAEL ST (__3ZA793),__3ZA793,01 - Non intersection,03 - P.D. only,99 - Other,01 - Clear,01 - Daylight,01 - Dry,10 - No control,,2,0,0,0,,0,,,,,373021.2112,5030638.286,45.41235515,-75.62840143,8272
18--4993,5/8/2018,11:30 AM,BANK ST @ MCLEOD ST (0007255),7255,03 - At intersection,03 - P.D. only,04 - Sideswipe,01 - Clear,01 - Daylight,01 - Dry,02 - Stop sign,01 - Functioning,2,0,0,0,,0,,,,,367948.7101,5030487.573,45.4114752,-75.69322061,8273
18--4994,5/8/2018,11:30 AM,BOURASSA ST @ ST. LAURENT BLVD (0007731),7731,02 - Intersection related,03 - P.D. only,03 - Rear end,01 - Clear,01 - Daylight,01 - Dry,01 - Traffic signal,01 - Functioning,2,0,0,0,,0,,,,,373236.715,5029693.629,45.40383453,-75.62577959,8274
18--4995,5/8/2018,12:14 AM,RIVERSIDE DR RAMP 42A @ RIVERSIDE DR (0010862),10862,02 - Intersection related,03 - P.D. only,03 - Rear end,01 - Clear,07 - Dark,01 - Dry,03 - Yield sign,01 - Functioning,2,0,0,0,,0,,,,,368442.222,5027266.376,45.38244716,-75.68733179,8275
18--4996,5/8/2018,12:15 PM,INNES RD @ TENTH LINE RD (0004633),4633,02 - Intersection related,03 - P.D. only,03 - Rear end,01 - Clear,01 - Daylight,01 - Dry,01 - Traffic signal,01 - Functioning,2,0,0,0,,0,,,,,383951.3614,5036159.43,45.46087875,-75.4878898,8276
18--4997,5/8/2018,12:16 PM,BANK ST @ GLADSTONE AVE (0002253),2253,03 - At intersection,02 - Non-fatal injury,03 - Rear end,01 - Clear,01 - Daylight,01 - Dry,01 - Traffic signal,01 - Functioning,2,0,0,0,03 - Major,1,,,1,,367916.4947,5030562.337,45.41215081,-75.69362258,8277
18--4998,5/8/2018,12:37 PM,MOODIE DR @ ROBERTSON RD (0010545),10545,02 - Intersection related,03 - P.D. only,03 - Rear end,01 - Clear,01 - Daylight,01 - Dry,01 - Traffic signal,01 - Functioning,2,0,0,0,,0,,,,,357066.56,5020455.885,45.32210709,-75.83330026,8278
18--4999,5/8/2018,2:56 PM,CARLING AVE btwn DEFENSE  RESEARCH COMPLEX & RIFLE RD (__3ZA4Z6B),__3ZA4Z6B,04 - At/near private drive,03 - P.D. only,05 - Turning movement,01 - Clear,01 - Daylight,01 - Dry,10 - No control,,2,0,0,0,,0,,,,,353656.364,5023167.633,45.34675346,-75.87652953,8279
18--50,1/2/2018,1:52 PM,RIVERSIDE DR @ TREMBLAY RD/HWY417 IC117 RAMP52 (0010790),10790,02 - Intersection related,03 - P.D. only,03 - Rear end,03 - Snow,01 - Daylight,03 - Loose snow,01 - Traffic signal,01 - Functioning,2,0,0,0,,0,,,,,370802.0781,5031015.908,45.41596566,-75.6566995,8280
18--500,1/8/2018,5:41 PM,HERON RD btwn JEFFERSON ST & TURN LANE (__3ZA3BI),__3ZA3BI,01 - Non intersection,03 - P.D. only,03 - Rear end,03 - Snow,07 - Dark,03 - Loose snow,09 - Traffic controller,01 - Functioning,2,0,0,0,,0,,,,,372041.7873,5027081.162,45.38044442,-75.64139805,8281
18--5000,5/8/2018,3:22 PM,GREY NUNS DR @ ST. JOSEPH BLVD (0003642),3642,03 - At intersection,03 - P.D. only,05 - Turning movement,01 - Clear,01 - Daylight,01 - Dry,01 - Traffic signal,01 - Functioning,2,0,0,0,,0,,,,,380155.6516,5036667.037,45.46586553,-75.53634073,8282
18--5001,5/8/2018,4:10 PM,MONTREAL RD @ MONTFORT HOSPITAL (0011388),11388,02 - Intersection related,03 - P.D. only,03 - Rear end,01 - Clear,01 - Daylight,01 - Dry,01 - Traffic signal,01 - Functioning,2,0,0,0,,0,,,,,372222.5394,5034143.824,45.44397374,-75.63812423,8283
18--5002,5/8/2018,4:14 PM,MERIVALE RD @ MACFARLANE RD (0010373),10373,02 - Intersection related,03 - P.D. only,03 - Rear end,01 - Clear,01 - Daylight,01 - Dry,02 - Stop sign,01 - Functioning,2,0,0,0,,0,,,,,366153.1628,5020632.731,45.32296299,-75.71738188,8284
18--5003,5/8/2018,4:21 PM,CUMBERLAND ST @ LAURIER AVE (0007751),7751,03 - At intersection,02 - Non-fatal injury,05 - Turning movement,01 - Clear,01 - Daylight,01 - Dry,01 - Traffic signal,01 - Functioning,2,1,0,0,01 - Minimal,1,1,,,,368597.7823,5031948.89,45.42456475,-75.68473979,8285
18--5004,5/8/2018,4:30 PM,INNES RD @ O'TOOLE RD (0004713),4713,02 - Intersection related,03 - P.D. only,05 - Turning movement,01 - Clear,01 - Daylight,01 - Dry,02 - Stop sign,00 - Unknown,2,0,0,0,,0,,,,,389107.9462,5038303.56,45.47956602,-75.42159597,8286
18--5005,5/8/2018,4:49 PM,MEADOWLANDS DR @ MERIVALE RD (0000625),625,02 - Intersection related,03 - P.D. only,03 - Rear end,01 - Clear,01 - Daylight,01 - Dry,01 - Traffic signal,01 - Functioning,2,0,0,0,,0,,,,,364858.4765,5023725.587,45.35090412,-75.73351997,8287
18--5006,5/8/2018,5:01 PM,HAWTHORNE RD @ HUNT CLUB RD (0007651),7651,02 - Intersection related,03 - P.D. only,04 - Sideswipe,01 - Clear,01 - Daylight,01 - Dry,01 - Traffic signal,01 - Functioning,2,0,0,0,,0,,,,,375507.7494,5026406.529,45.37403317,-75.5972436,8288
18--5007,5/8/2018,5:33 AM,FOURTH LINE RD btwn POLLOCK RD & PHELAN RD W (__3ZBOC1),__3ZBOC1,01 - Non intersection,02 - Non-fatal injury,07 - SMV other,01 - Clear,03 - Dawn,01 - Dry,10 - No control,,1,0,0,0,03 - Major,1,,,1,,364374.5856,5001658.4,45.15238403,-75.74233977,8289
18--5008,5/8/2018,5:37 PM,BAY ST @ LAURIER AVE (0005126),5126,02 - Intersection related,03 - P.D. only,03 - Rear end,01 - Clear,01 - Daylight,01 - Dry,01 - Traffic signal,01 - Functioning,4,0,0,0,,0,,,,,367035.0292,5030997.867,45.41614852,-75.7048281,8290
18--5009,5/8/2018,6:07 AM,MAZARI CRES btwn WEST RIDGE DR & WEST RIDGE DR (__589RXU),__589RXU,01 - Non intersection,02 - Non-fatal injury,06 - SMV unattended vehicle,01 - Clear,01 - Daylight,01 - Dry,10 - No control,,1,0,0,0,02 - Minor,2,1,1,,,350241.7026,5011945.491,45.24600285,-75.92113106,8291
18--501,1/8/2018,5:41 PM,OLD TENTH LINE RD/OR174 IC101 RAMP63 @ ST. JOS (0009233),9233,03 - At intersection,03 - P.D. only,02 - Angle,03 - Snow,07 - Dark,03 - Loose snow,01 - Traffic signal,01 - Functioning,2,0,0,0,,0,,,,,383118.0019,5038786.291,45.4846068,-75.49812562,8292
18--5010,5/8/2018,6:30 PM,MITCH OWENS RD @ STAGECOACH RD (0003576),3576,03 - At intersection,03 - P.D. only,05 - Turning movement,01 - Clear,01 - Daylight,01 - Dry,01 - Traffic signal,01 - Functioning,2,0,0,0,,0,,,,,375399.7565,5014484.455,45.26677393,-75.60032165,8293
18--5011,5/8/2018,7:08 PM,KING EDWARD AVE @ LAURIER AVE (0002170),2170,03 - At intersection,02 - Non-fatal injury,07 - SMV other,01 - Clear,01 - Daylight,01 - Dry,01 - Traffic signal,01 - Functioning,1,0,0,1,02 - Minor,1,,1,,,368739.7072,5032034.582,45.42532282,-75.68291522,8294
18--5012,5/8/2018,7:09 AM,HIGHWAY 417 btwn HWY417 IC134 RAMP51 & HWY417 IC134 RAMP35 (__3ZAZET),__3ZAZET,01 - Non intersection,02 - Non-fatal injury,03 - Rear end,01 - Clear,01 - Daylight,01 - Dry,10 - No control,,3,0,0,0,02 - Minor,1,,1,,,356376.7535,5022218.894,45.33802186,-75.84191499,8295
18--5013,5/8/2018,7:15 PM,ALBION RD/COLLISTON CRES E @ WALKLEY RD (0011422),11422,03 - At intersection,02 - Non-fatal injury,07 - SMV other,01 - Clear,01 - Daylight,01 - Dry,01 - Traffic signal,01 - Functioning,1,0,0,1,02 - Minor,1,,1,,,371033.7298,5026354.534,45.3740025,-75.65436585,8296
18--5014,5/8/2018,7:30 AM,BANK ST @ RIDEAU RD (0009263),9263,02 - Intersection related,03 - P.D. only,03 - Rear end,01 - Clear,01 - Daylight,01 - Dry,01 - Traffic signal,00 - Unknown,3,0,0,0,,0,,,,,376954.772,5017844.496,45.2968485,-75.58001954,8297
18--5015,5/8/2018,7:30 PM,STRANDHERD DR @ WOODROFFE AVE (0009688),9688,02 - Intersection related,03 - P.D. only,04 - Sideswipe,01 - Clear,01 - Daylight,01 - Dry,01 - Traffic signal,01 - Functioning,2,0,0,0,,0,,,,,366106.1543,5015395.149,45.27583979,-75.71862906,8298
18--5016,5/8/2018,7:44 AM,BREWER RD @ BRONSON AVE (0002240),2240,02 - Intersection related,03 - P.D. only,03 - Rear end,01 - Clear,01 - Daylight,01 - Dry,01 - Traffic signal,01 - Functioning,2,0,0,0,,0,,,,,368108.6036,5027766.199,45.38697466,-75.69152734,8299
18--5017,5/8/2018,8:00 AM,DUNDONALD DR @ GREENBANK RD (0013623),13623,02 - Intersection related,03 - P.D. only,04 - Sideswipe,01 - Clear,01 - Daylight,01 - Dry,02 - Stop sign,01 - Functioning,2,0,0,0,,0,,,,,365090.6441,5012122.311,45.24647859,-75.73196813,8300
18--4748,4/30/2018,12:27 PM,WINTER ROSE LANE btwn Continuation of WINTER ROSE LANE & Continuation  (__4TZS0X),__4TZS0X,01 - Non intersection,03 - P.D. only,07 - SMV other,01 - Clear,01 - Daylight,01 - Dry,10 - No control,,1,0,0,0,,0,,,,,382280.6278,5036009.51,45.45971719,-75.50927388,8301
18--4749,4/30/2018,12:30 PM,ST. LAURENT BLVD @ TREMBLAY RD (0002573),2573,03 - At intersection,02 - Non-fatal injury,02 - Angle,01 - Clear,01 - Daylight,01 - Dry,01 - Traffic signal,01 - Functioning,2,0,0,0,01 - Minimal,1,1,,,,372595.7137,5031241.576,45.41782463,-75.63375399,8302
18--475,1/8/2018,3:00 AM,HIGHWAY 417 btwn HWY417 IC96 RAMP61 & HWY417 IC88 RAMP16 (__3ZA27Z),__3ZA27Z,01 - Non intersection,03 - P.D. only,07 - SMV other,03 - Snow,07 - Dark,05 - Packed snow,10 - No control,,1,0,0,0,,0,,,,,395142.7557,5022478.842,45.33644017,-75.34731819,8303
18--4750,4/30/2018,12:30 PM,RIVERSIDE DR SB btwn BILLINGS BRIDGE SC RAMP SB & BANK ST (__3ZBOFL),__3ZBOFL,01 - Non intersection,03 - P.D. only,04 - Sideswipe,01 - Clear,01 - Daylight,01 - Dry,10 - No control,,2,0,0,0,,0,,,,,369178.1256,5027945.832,45.38849345,-75.67784714,8304
18--4751,4/30/2018,2:36 PM,ST. LAURENT BLVD @ COVENTRY RD/OGILVIE RD (0002151),2151,02 - Intersection related,03 - P.D. only,03 - Rear end,01 - Clear,01 - Daylight,01 - Dry,01 - Traffic signal,01 - Functioning,2,0,0,0,,0,,,,,372305.6349,5031952.272,45.42424719,-75.63736261,8305
18--4752,4/30/2018,2:37 PM,CUMMINGS AVE @ DONALD ST (0009936),9936,02 - Intersection related,03 - P.D. only,03 - Rear end,01 - Clear,01 - Daylight,01 - Dry,01 - Traffic signal,01 - Functioning,2,0,0,0,,0,,,,,372651.0703,5032411.869,45.428349,-75.63288558,8306
18--4753,4/30/2018,2:50 PM,CAMBRIAN RD/GOLFLINKS DR W @ LONGFIELDS DR (0009702),9702,03 - At intersection,03 - P.D. only,04 - Sideswipe,01 - Clear,01 - Daylight,01 - Dry,11 - Roundabout,01 - Functioning,2,0,0,0,,0,,,,,365382.691,5013223.416,45.25636127,-75.72811393,8307
18--4754,4/30/2018,4:09 PM,HILLSDALE RD @ ROCKCLIFFE PKWY (0007130),7130,02 - Intersection related,03 - P.D. only,03 - Rear end,01 - Clear,01 - Daylight,01 - Dry,02 - Stop sign,01 - Functioning,3,0,0,0,,0,,,,,369415.699,5035535.89,45.45676404,-75.67381794,8308
18--4755,4/30/2018,4:36 PM,BRONSON AVE @ CATHERINE ST/RAYMOND ST (0007198),7198,02 - Intersection related,03 - P.D. only,03 - Rear end,01 - Clear,01 - Daylight,01 - Dry,01 - Traffic signal,01 - Functioning,2,0,0,0,,0,,,,,367252.7647,5029797.172,45.40532563,-75.70219851,8309
18--4756,4/30/2018,4:38 PM,LACASSE AVE @ MONTREAL RD (0009797),9797,03 - At intersection,02 - Non-fatal injury,07 - SMV other,01 - Clear,01 - Daylight,01 - Dry,01 - Traffic signal,01 - Functioning,1,0,0,1,02 - Minor,1,,1,,,370686.7064,5033406.595,45.43748692,-75.65785362,8310
18--4757,4/30/2018,4:40 PM,WOODROFFE AVE btwn SERENA WAY & PAUL METIVIER DR (__49NRZ7),__49NRZ7,04 - At/near private drive,03 - P.D. only,99 - Other,01 - Clear,01 - Daylight,01 - Dry,10 - No control,,2,0,0,0,,0,,,,,366287.9392,5014950.063,45.27181905,-75.71636748,8311
18--4758,4/30/2018,4:45 PM,MEADOWLANDS DR btwn CLAYMOR AVE & DEBRA AVE (__3ZA3GTA),__3ZA3GTA,01 - Non intersection,03 - P.D. only,03 - Rear end,01 - Clear,01 - Daylight,01 - Dry,10 - No control,,3,0,0,0,,0,,,,,367003.2063,5025436.421,45.3661109,-75.70593573,8312