Anom_ID,Accident_Date,Accident_Time,Location,Geo_ID,Accident_Location,Classification_of_Accident,Initial_Impact_Type,Environment_Condition,Light,Road_Surface_Condition,Traffic_Control,Traffic_Control_Condition,No__of_Vehicles,No__of_Bicycles,No__of_Motorcycles,No__of_Pedestrians,Max_Injury,No__of_Injuries,No__of_Minimal,No__of_Minor,No__of_Major,No__of_Fatal,X,Y,Latitude,Longitude,ObjectId
18--4759,4/30/2018,5:00 AM,CARP RD btwn BAIRD SIDE RD & THOMAS A. DOLAN PKWY (__3ZBOB2),__3ZBOB2,01 - Non intersection,03 - P.D. only,07 - SMV other,01 - Clear,07 - Dark,01 - Dry,10 - No control,,1,0,0,0,,0,,,,,335203.3743,5027251.326,45.38454298,-76.11175521,8313
18--476,1/8/2018,3:15 PM,WEST HUNT CLUB RD WB btwn 210 W OF MERIVALE RD & MERIVALE RD (__3ZA3JCB),__3ZA3JCB,01 - Non intersection,03 - P.D. only,03 - Rear end,03 - Snow,01 - Daylight,03 - Loose snow,10 - No control,,3,0,0,0,,0,,,,,365527.2617,5021889.22,45.33432316,-75.72521098,8314
18--4760,4/30/2018,5:10 PM,BANTREE ST @ INNES RD (0007684),7684,02 - Intersection related,03 - P.D. only,04 - Sideswipe,01 - Clear,01 - Daylight,01 - Dry,01 - Traffic signal,01 - Functioning,2,0,0,0,,0,,,,,373705.723,5030406.556,45.41020309,-75.61968949,8315
18--4761,4/30/2018,5:20 PM,REGIONAL ROAD 174 EB btwn HWY417 IC113 RAMP65 & OR174 BLAIR IC112 RAMP51 (__3ZAZFJ),__3ZAZFJ,01 - Non intersection,03 - P.D. only,03 - Rear end,01 - Clear,01 - Daylight,01 - Dry,10 - No control,,2,0,0,0,,0,,,,,374078.7898,5032256.935,45.42681503,-75.61466375,8316
18--4762,4/30/2018,5:22 PM,FISHER AVE btwn BASELINE RD & MALIBU TER (__3ZA4JK),__3ZA4JK,01 - Non intersection,03 - P.D. only,99 - Other,01 - Clear,01 - Daylight,01 - Dry,10 - No control,,2,0,0,0,,0,,,,,366198.6655,5025949.151,45.37079528,-75.71614152,8317
18--4763,4/30/2018,6:40 PM,FALLOWFIELD RD btwn CONLEY RD & HUNTLEY RD (__3ZA3ER),__3ZA3ER,01 - Non intersection,03 - P.D. only,07 - SMV other,01 - Clear,01 - Daylight,01 - Dry,10 - No control,,1,0,0,0,,0,,,,,349642.0876,5007192.231,45.20326946,-75.92919721,8318
18--4764,4/30/2018,6:44 AM,HIGHWAY 7 btwn RAMP & DWYER HILL RD (__7JQ7LW),__7JQ7LW,01 - Non intersection,03 - P.D. only,07 - SMV other,01 - Clear,01 - Daylight,01 - Dry,10 - No control,,1,0,0,0,,0,,,,,340943.3306,5007144.836,45.20334268,-76.03992464,8319
18--4765,4/30/2018,7:30 AM,MERIVALE RD @ MACFARLANE RD (0010373),10373,03 - At intersection,02 - Non-fatal injury,03 - Rear end,01 - Clear,01 - Daylight,01 - Dry,02 - Stop sign,00 - Unknown,2,1,0,0,01 - Minimal,1,1,,,,366153.401,5020631.948,45.32295593,-75.71737894,8320
18--4766,4/30/2018,7:44 AM,INNES RD btwn STONEHENGE CRES & STONEHENGE CRES (__3ZA3RG),__3ZA3RG,01 - Non intersection,02 - Non-fatal injury,04 - Sideswipe,01 - Clear,01 - Daylight,01 - Dry,10 - No control,,2,0,0,0,01 - Minimal,1,1,,,,375345.9579,5031303.17,45.41810693,-75.59860877,8321
18--4767,4/30/2018,7:50 AM,RICHMOND RD btwn LOVITT RD & HIGHFIELD CRES (__3ZA4LY),__3ZA4LY,01 - Non intersection,02 - Non-fatal injury,03 - Rear end,01 - Clear,01 - Daylight,01 - Dry,10 - No control,,2,0,0,0,02 - Minor,1,,1,,,359708.1346,5023869.899,45.35262481,-75.79922861,8322
18--4768,4/30/2018,8:38 PM,ST. JOSEPH BLVD @ JEANNE D'ARC BLVD (0012421),12421,03 - At intersection,03 - P.D. only,02 - Angle,01 - Clear,07 - Dark,01 - Dry,11 - Roundabout,01 - Functioning,2,0,0,0,,0,,,,,379860.7422,5036471.581,45.46413872,-75.54014138,8323
18--4769,4/30/2018,9:27 AM,HAZELDEAN RD @ TERRY FOX DR (0003682),3682,02 - Intersection related,02 - Non-fatal injury,03 - Rear end,01 - Clear,01 - Daylight,01 - Dry,01 - Traffic signal,01 - Functioning,2,0,0,0,02 - Minor,1,,1,,,352207.5719,5017242.847,45.29354037,-75.89558406,8324
18--477,1/8/2018,3:15 PM,BASELINE RD @ FARLANE BLVD (0002725),2725,02 - Intersection related,03 - P.D. only,03 - Rear end,03 - Snow,01 - Daylight,04 - Slush,01 - Traffic signal,01 - Functioning,2,0,0,0,,0,,,,,365356.6921,5025517.533,45.36698492,-75.72694266,8325
18--4770,4/30/2018,9:39 PM,PANA RD @ YORKS CORNERS RD (0001881),1881,02 - Intersection related,01 - Fatal injury,07 - SMV other,01 - Clear,07 - Dark,01 - Dry,02 - Stop sign,01 - Functioning,1,0,0,0,04 - Fatal,1,,,,1,388102.8337,5015169.435,45.27154712,-75.4383526,8326
18--4771,5/1/2018,1:26 PM,HUNT CLUB RD btwn WEST HUNT CLUB RD & TURN LANE (__3ZBOEO),__3ZBOEO,01 - Non intersection,02 - Non-fatal injury,03 - Rear end,01 - Clear,01 - Daylight,01 - Dry,10 - No control,,2,0,0,0,02 - Minor,1,,1,,,367843.7716,5021892.552,45.33414884,-75.69565823,8327
18--4772,5/1/2018,10:10 AM,CARLING AVE WB btwn MERIVALE RD & HARMER AVE S (__3ZA4UH),__3ZA4UH,01 - Non intersection,03 - P.D. only,03 - Rear end,01 - Clear,01 - Daylight,01 - Dry,10 - No control,,2,0,0,0,,0,,,,,365120.6485,5027861.667,45.38809736,-75.72966933,8328
18--4773,5/1/2018,11:07 AM,MEADOWLANDS DR @ MERIVALE RD (0000625),625,03 - At intersection,03 - P.D. only,05 - Turning movement,01 - Clear,01 - Daylight,01 - Dry,01 - Traffic signal,01 - Functioning,2,0,0,0,,0,,,,,364858.6489,5023725.158,45.35090025,-75.73351782,8329
18--4774,5/1/2018,11:20 PM,ABBEYHILL DR btwn CASTLEFRANK RD & ORIOLE AVE (__3ZAB1X),__3ZAB1X,01 - Non intersection,03 - P.D. only,06 - SMV unattended vehicle,01 - Clear,07 - Dark,01 - Dry,10 - No control,,1,0,0,0,,0,,,,,353249.3019,5017296.342,45.29395068,-75.88229821,8330
18--4775,5/1/2018,11:31 PM,JEANNE D'ARC BLVD @ ORLEANS BLVD S (0004154),4154,03 - At intersection,02 - Non-fatal injury,05 - Turning movement,01 - Clear,07 - Dark,01 - Dry,01 - Traffic signal,01 - Functioning,2,0,0,0,02 - Minor,2,1,1,,,380940.4974,5036251.41,45.46204094,-75.52636983,8331
18--4776,5/1/2018,Unknown,PARADE DR btwn BECKETT CRES & BECKETT CRES (e___2IVG),e___2IVG,01 - Non intersection,03 - P.D. only,06 - SMV unattended vehicle,01 - Clear,00 - Unknown,01 - Dry,10 - No control,,1,0,0,0,,0,,,,,351585.303,5012054.793,45.24689836,-75.90400595,8332
18--4777,5/1/2018,Unknown,CHINIAN ST btwn FARINCOURT CRES & STRASBOURG ST (__6ZT3DJ),__6ZT3DJ,01 - Non intersection,03 - P.D. only,06 - SMV unattended vehicle,01 - Clear,00 - Unknown,01 - Dry,10 - No control,,1,0,0,0,,0,,,,,383958.8803,5035026.944,45.45068881,-75.48797596,8333
18--4778,5/1/2018,12:22 PM,HAWTHORNE RD btwn DAVIDSON RD & LEITRIM RD (__3ZBPIY),__3ZBPIY,01 - Non intersection,02 - Non-fatal injury,01 - Approaching,01 - Clear,01 - Daylight,01 - Dry,10 - No control,,2,0,0,0,02 - Minor,1,,1,,,376845.0882,5023171.065,45.34478587,-75.58064301,8334
18--4779,5/1/2018,2:41 PM,SHELLEY AVE @ RUSSELL RD (0008407),8407,02 - Intersection related,03 - P.D. only,01 - Approaching,01 - Clear,01 - Daylight,01 - Dry,02 - Stop sign,01 - Functioning,2,0,0,0,,0,,,,,372464.7305,5030105.557,45.40761592,-75.63558337,8335
18--478,1/8/2018,3:23 PM,BLACKBURN BYPASS @ INNES RD E (0009245),9245,02 - Intersection related,03 - P.D. only,03 - Rear end,03 - Snow,01 - Daylight,04 - Slush,01 - Traffic signal,01 - Functioning,2,0,0,0,,0,,,,,379791.7482,5033781.565,45.43994338,-75.54143366,8336
18--4780,5/1/2018,3:43 PM,FALLOWFIELD RD btwn RICHMOND RD & STEEPLE HILL CRES (__3ZA4Y4),__3ZA4Y4,01 - Non intersection,02 - Non-fatal injury,01 - Approaching,01 - Clear,01 - Daylight,01 - Dry,10 - No control,,3,0,0,0,02 - Minor,1,,1,,,357743.6908,5013542.229,45.2598463,-75.82540146,8337
18--4781,5/1/2018,4:10 PM,HIGHWAY 417 btwn HWY417 IC122 RAMP61 & HWY417 IC121B RAMP16 (__3ZA2Y4),__3ZA2Y4,01 - Non intersection,03 - P.D. only,03 - Rear end,01 - Clear,01 - Daylight,01 - Dry,10 - No control,,2,0,0,0,,0,,,,,366043.9994,5029331.484,45.40124229,-75.71769623,8338
18--4782,5/1/2018,4:34 PM,COLONNADE RD @ PRINCE OF WALES DR (0005249),5249,02 - Intersection related,03 - P.D. only,03 - Rear end,01 - Clear,01 - Daylight,01 - Dry,01 - Traffic signal,00 - Unknown,2,0,0,0,,0,,,,,367394.4884,5023266.719,45.34655356,-75.70121598,8339
18--4783,5/1/2018,4:54 PM,HIGHWAY 417 btwn HWY417 IC119B RAMP76 & HWY417 IC119A RAMP67 (__3ZA2YT),__3ZA2YT,01 - Non intersection,03 - P.D. only,03 - Rear end,01 - Clear,01 - Daylight,01 - Dry,10 - No control,,2,0,0,0,,0,,,,,368399.8118,5030425.905,45.41087948,-75.68746594,8340
18--4784,5/1/2018,4:57 PM,HUNT CLUB RD @ DOWNPATRICK RD/MCCARTHY RD (0006931),6931,02 - Intersection related,03 - P.D. only,04 - Sideswipe,01 - Clear,01 - Daylight,01 - Dry,01 - Traffic signal,01 - Functioning,2,0,0,0,,0,,,,,370507.7346,5023400.509,45.34747262,-75.66147346,8341
18--4785,5/1/2018,4:57 PM,MACFARLANE RD @ DEAKIN ST (0000197),197,03 - At intersection,03 - P.D. only,02 - Angle,01 - Clear,01 - Daylight,01 - Dry,02 - Stop sign,01 - Functioning,2,0,0,0,,0,,,,,367253.565,5021558.523,45.33119608,-75.70322977,8342
18--4786,5/1/2018,5:26 PM,ANDERSON RD @ HWY 417 ANDERSON IC104R51 (0004150),4150,02 - Intersection related,03 - P.D. only,03 - Rear end,01 - Clear,01 - Daylight,01 - Dry,02 - Stop sign,01 - Functioning,2,0,0,0,,0,,,,,380169.2458,5025656.192,45.36679624,-75.53785092,8343
18--4787,5/1/2018,5:46 PM,DUNROBIN RD @ RIDDELL DR (0003182),3182,02 - Intersection related,03 - P.D. only,03 - Rear end,01 - Clear,01 - Daylight,01 - Dry,02 - Stop sign,00 - Unknown,2,0,0,0,,0,,,,,347160.2106,5026306.267,45.37541811,-75.95915584,8344
18--4788,5/1/2018,5:50 PM,BASELINE RD @ LOBLAWS SC (0009097),9097,02 - Intersection related,03 - P.D. only,03 - Rear end,01 - Clear,01 - Daylight,01 - Dry,01 - Traffic signal,00 - Unknown,2,0,0,0,,0,,,,,364742.516,5025129.617,45.36354731,-75.73482949,8345
18--4789,5/1/2018,6:02 AM,AMIENS ST btwn ST. GEORGES ST & PRESTONE DR (__3ZA6B8),__3ZA6B8,04 - At/near private drive,03 - P.D. only,06 - SMV unattended vehicle,"07 - Fog, mist, smoke, dust",01 - Daylight,01 - Dry,10 - No control,,1,0,0,0,,0,,,,,382756.0119,5037502.931,45.4731008,-75.50295932,8346
18--479,1/8/2018,3:30 PM,DOVERCOURT AVE @ WINDERMERE AVE (0006766),6766,03 - At intersection,03 - P.D. only,02 - Angle,03 - Snow,01 - Daylight,05 - Packed snow,02 - Stop sign,01 - Functioning,2,0,0,0,,0,,,,,362535.3444,5026937.934,45.38000361,-75.76279044,8347
18--4790,5/1/2018,6:02 PM,KIMBERLEY RD @ RIDGEFIELD CRES (0000895),895,03 - At intersection,03 - P.D. only,02 - Angle,01 - Clear,01 - Daylight,01 - Dry,03 - Yield sign,01 - Functioning,2,0,0,0,,0,,,,,357894.6603,5020563.485,45.32301314,-75.82272641,8348
18--4791,5/1/2018,6:04 PM,JOHN SUTHERLAND DR @ RICHMOND RD (0000578),578,02 - Intersection related,03 - P.D. only,03 - Rear end,01 - Clear,01 - Daylight,01 - Dry,01 - Traffic signal,01 - Functioning,2,0,0,0,,0,,,,,358786.405,5022150.819,45.33722804,-75.81117905,8349
18--4792,5/1/2018,6:30 PM,CAMPEAU DR @ HUNTMAR DR (0011612),11612,02 - Intersection related,03 - P.D. only,04 - Sideswipe,01 - Clear,01 - Daylight,01 - Dry,11 - Roundabout,01 - Functioning,2,0,0,0,,0,,,,,349053.6082,5018056.464,45.30106727,-75.93572042,8350
18--4793,5/1/2018,6:34 AM,CRESTHAVEN DR @ STRANDHERD DR (0010929),10929,03 - At intersection,02 - Non-fatal injury,02 - Angle,01 - Clear,01 - Daylight,01 - Dry,01 - Traffic signal,01 - Functioning,2,0,0,0,01 - Minimal,2,2,,,,366813.7456,5015028.8,45.27248135,-75.70965715,8351
18--4794,5/1/2018,7:00 PM,ALADDIN LANE @ LESTER RD (0009360),9360,03 - At intersection,02 - Non-fatal injury,05 - Turning movement,01 - Clear,01 - Daylight,01 - Dry,02 - Stop sign,00 - Unknown,2,1,0,0,02 - Minor,1,,1,,,372868.3285,5022437.096,45.33857905,-75.63148482,8352
18--4795,5/1/2018,8:02 PM,SMYTH RD E/LANCASTER RD @ ST. LAURENT BLVD N/R (0002256),2256,03 - At intersection,03 - P.D. only,05 - Turning movement,01 - Clear,01 - Daylight,01 - Dry,01 - Traffic signal,01 - Functioning,2,0,0,0,,0,,,,,373365.0377,5029424.884,45.40140393,-75.62417794,8353
18--4796,5/1/2018,8:20 AM,ALTA VISTA DR btwn CLUNY ST & ABBEY RD (__3ZA94W),__3ZA94W,01 - Non intersection,03 - P.D. only,03 - Rear end,"07 - Fog, mist, smoke, dust",01 - Daylight,01 - Dry,10 - No control,,2,0,0,0,,0,,,,,370583.069,5029922.086,45.4061445,-75.65964343,8354
18--4797,5/1/2018,8:26 AM,DONALD ST @ VANIER PKWY (0007644),7644,02 - Intersection related,03 - P.D. only,03 - Rear end,01 - Clear,01 - Daylight,01 - Dry,01 - Traffic signal,01 - Functioning,2,0,0,0,,0,,,,,370311.7345,5032270.102,45.42729647,-75.66279711,8355
18--4798,5/1/2018,9:00 PM,MOODIE DR @ TIMM DR (0001106),1106,03 - At intersection,03 - P.D. only,07 - SMV other,01 - Clear,07 - Dark,01 - Dry,02 - Stop sign,01 - Functioning,1,0,0,0,,0,,,,,356815.6485,5021083.475,45.32777285,-75.83643468,8356
18--4799,5/1/2018,9:14 AM,MERIVALE RD/LOTTA AVE @ CLYDE AVE (0001112),1112,02 - Intersection related,03 - P.D. only,03 - Rear end,01 - Clear,01 - Daylight,01 - Dry,01 - Traffic signal,01 - Functioning,2,0,0,0,,0,,,,,364521.9595,5024507.852,45.35797158,-75.73771979,8357
18--48,1/2/2018,1:45 PM,KING EDWARD AVE btwn RIDEAU ST & BESSERER ST (__3ZA3VA),__3ZA3VA,01 - Non intersection,03 - P.D. only,07 - SMV other,03 - Snow,01 - Daylight,05 - Packed snow,10 - No control,,1,0,0,0,,0,,,,,368525.9929,5032391.29,45.42855185,-75.68559984,8358
18--480,1/8/2018,3:35 PM,LEES AVE btwn CHAPEL CRES & TRANSIT (__3ZA5XB),__3ZA5XB,01 - Non intersection,02 - Non-fatal injury,07 - SMV other,03 - Snow,01 - Daylight,03 - Loose snow,04 - Ped. crossover,01 - Functioning,1,0,0,1,02 - Minor,1,,1,,,369721.9202,5031290.283,45.41853543,-75.67046293,8359
18--4800,5/1/2018,9:24 PM,KIMWAY CRES @ MERIVALE RD (0000547),547,02 - Intersection related,03 - P.D. only,99 - Other,01 - Clear,07 - Dark,01 - Dry,02 - Stop sign,01 - Functioning,2,0,0,0,,0,,,,,364718.7008,5024784.523,45.36044424,-75.73517531,8360
18--4801,5/1/2018,9:29 AM,HUNT CLUB RD @ UPLANDS DR (0010844),10844,03 - At intersection,03 - P.D. only,02 - Angle,01 - Clear,01 - Daylight,01 - Dry,01 - Traffic signal,02 - Not functioning,2,0,0,0,,0,,,,,370156.7269,5023121.492,45.3449949,-75.66598922,8361
18--4802,5/1/2018,9:59 AM,MOODIE DR @ ROBERTSON RD (0010545),10545,02 - Intersection related,03 - P.D. only,04 - Sideswipe,01 - Clear,01 - Daylight,01 - Dry,01 - Traffic signal,01 - Functioning,2,0,0,0,,0,,,,,357066.6519,5020455.478,45.32210342,-75.83329913,8362
18--4803,5/2/2018,10:19 AM,WOODROFFE AVE @ CLARIDGE DR/STONEWAY DR N (0009791),9791,03 - At intersection,02 - Non-fatal injury,05 - Turning movement,01 - Clear,01 - Daylight,01 - Dry,01 - Traffic signal,01 - Functioning,2,0,0,0,01 - Minimal,1,1,,,,365576.2829,5016707.909,45.28769795,-75.72522109,8363
18--4804,5/2/2018,10:25 AM,INDUSTRIAL AVE/INNES RD @ ST. LAURENT BLVD (0002203),2203,02 - Intersection related,02 - Non-fatal injury,03 - Rear end,01 - Clear,01 - Daylight,01 - Dry,01 - Traffic signal,01 - Functioning,2,0,0,0,02 - Minor,1,,1,,,373099.2575,5030005.661,45.40665548,-75.62749207,8364
18--4805,5/2/2018,10:28 AM,MELROSE AVE btwn RUSKIN ST & CARLING AVE (__3ZA0KJ),__3ZA0KJ,01 - Non intersection,03 - P.D. only,06 - SMV unattended vehicle,01 - Clear,01 - Daylight,01 - Dry,10 - No control,,1,0,0,0,,0,,,,,365934.1721,5028475.436,45.39354937,-75.71920507,8365
18--4806,5/2/2018,Unknown,MCCALLUM DR btwn NICOLET WAY & NICOLET WAY (__3ZA5VJ),__3ZA5VJ,01 - Non intersection,03 - P.D. only,06 - SMV unattended vehicle,01 - Clear,00 - Unknown,01 - Dry,10 - No control,,1,0,0,0,,0,,,,,385089.7665,5037511.255,45.47291128,-75.47311449,8366
18--4807,5/2/2018,2:20 PM,GREENBANK RD btwn WEST HUNT CLUB RD & FALLOWFIELD RD (__3ZA1NE),__3ZA1NE,01 - Non intersection,03 - P.D. only,05 - Turning movement,01 - Clear,01 - Daylight,01 - Dry,10 - No control,,2,0,0,0,,0,,,,,361681.1445,5020046.01,45.31806029,-75.77448935,8367
18--4808,5/2/2018,2:34 PM,CARLING AVE/STATION RD @ MARCH RD (0002681),2681,02 - Intersection related,03 - P.D. only,03 - Rear end,01 - Clear,01 - Daylight,01 - Dry,01 - Traffic signal,01 - Functioning,2,0,0,0,,0,,,,,350907.0861,5022246.886,45.33865451,-75.91169778,8368
18--4809,5/2/2018,2:36 PM,ST. LAURENT BLVD @ MCARTHUR AVE (0008246),8246,02 - Intersection related,03 - P.D. only,02 - Angle,01 - Clear,01 - Daylight,01 - Dry,01 - Traffic signal,01 - Functioning,2,0,0,0,,0,,,,,371921.3495,5032887.743,45.43270111,-75.64214525,8369
18--481,1/8/2018,3:35 PM,PRINCE OF WALES DR btwn CRESTWAY DR & WINDING WAY (__3ZA26E),__3ZA26E,01 - Non intersection,03 - P.D. only,04 - Sideswipe,03 - Snow,01 - Daylight,03 - Loose snow,10 - No control,,2,0,0,0,,0,,,,,367379.2454,5016677.157,45.28726302,-75.70224293,8370
18--4810,5/2/2018,2:37 PM,KING EDWARD AVE @ RIDEAU ST (0002121),2121,02 - Intersection related,02 - Non-fatal injury,03 - Rear end,01 - Clear,01 - Daylight,01 - Dry,01 - Traffic signal,01 - Functioning,2,0,0,0,01 - Minimal,1,1,,,,368511.5682,5032413.878,45.42875641,-75.68578125,8371
18--4811,5/2/2018,2:40 PM,REGIONAL ROAD 174 EB btwn OR174 IC109 RAMP55 & TRANSIT (__3ZA28V),__3ZA28V,01 - Non intersection,03 - P.D. only,04 - Sideswipe,01 - Clear,01 - Daylight,01 - Dry,10 - No control,,2,0,0,0,,0,,,,,376491.7307,5035024.592,45.45147353,-75.58342878,8372
18--4812,5/2/2018,3:16 PM,PARKDALE AVE @ KENILWORTH ST (0006366),6366,03 - At intersection,03 - P.D. only,02 - Angle,01 - Clear,01 - Daylight,01 - Dry,02 - Stop sign,01 - Functioning,2,0,0,0,,0,,,,,365445.6997,5028595.55,45.39467261,-75.72542842,8373
18--4813,5/2/2018,3:48 AM,HUNT CLUB RD EB btwn ALBION RD & DUNSTON TER (__3ZBOG7),__3ZBOG7,01 - Non intersection,03 - P.D. only,99 - Other,01 - Clear,07 - Dark,01 - Dry,10 - No control,,2,0,0,0,,0,,,,,371913.3732,5024327.685,45.35568195,-75.64341161,8374
18--4814,5/2/2018,4:33 PM,DALHOUSIE ST @ MURRAY ST (0008241),8241,02 - Intersection related,03 - P.D. only,04 - Sideswipe,01 - Clear,01 - Daylight,01 - Dry,01 - Traffic signal,01 - Functioning,2,0,0,0,,0,,,,,368000.6991,5032573.595,45.43023984,-75.69228888,8375
18--4815,5/2/2018,5:13 PM,LEGGET DR btwn FARRAR RD & HERZBERG RD (__3ZACVI),__3ZACVI,04 - At/near private drive,02 - Non-fatal injury,02 - Angle,01 - Clear,01 - Daylight,01 - Dry,10 - No control,,3,0,0,0,02 - Minor,1,,1,,,351830.0315,5022687.972,45.34256222,-75.89988019,8376
18--4816,5/2/2018,5:15 PM,O'CONNOR ST btwn WAVERLEY ST & FRANK ST (__3ZA3Q8),__3ZA3Q8,01 - Non intersection,03 - P.D. only,06 - SMV unattended vehicle,01 - Clear,01 - Daylight,01 - Dry,10 - No control,,1,0,0,0,,0,,,,,368034.9004,5030723.501,45.41359022,-75.6920893,8377
18--4817,5/2/2018,5:19 PM,MONTREAL RD btwn OR174 IC109 RAMP56 & OR174 IC109 RAMP66 (__3ZA2DH),__3ZA2DH,01 - Non intersection,03 - P.D. only,04 - Sideswipe,01 - Clear,01 - Daylight,01 - Dry,10 - No control,,2,0,0,0,,0,,,,,376216.4141,5034896.822,45.45035213,-75.58696677,8378
18--4818,5/2/2018,5:32 PM,SHERBOURNE RD btwn BROMLEY RD & CARLING AVE (__3ZBOL0),__3ZBOL0,04 - At/near private drive,03 - P.D. only,02 - Angle,01 - Clear,01 - Daylight,01 - Dry,10 - No control,,2,0,0,0,,0,,,,,362930.7799,5026520.008,45.37621047,-75.75779084,8379
18--4819,5/2/2018,5:46 PM,TENTH LINE RD @ TENTH LINE RD (0009412),9412,02 - Intersection related,03 - P.D. only,03 - Rear end,01 - Clear,01 - Daylight,01 - Dry,01 - Traffic signal,01 - Functioning,2,0,0,0,,0,,,,,383529.4843,5037156.682,45.4698988,-75.49312378,8380
18--482,1/8/2018,3:38 PM,BLOHM DR @ HUNT CLUB RD (0011392),11392,02 - Intersection related,02 - Non-fatal injury,07 - SMV other,03 - Snow,01 - Daylight,04 - Slush,01 - Traffic signal,01 - Functioning,1,0,0,0,02 - Minor,1,,1,,,375129.4847,5026188.996,45.37211397,-75.60210345,8381
18--4820,5/2/2018,5:47 PM,ANDERSON RD btwn RIDGE RD & RUSSELL RD (__3ZA2B4),__3ZA2B4,01 - Non intersection,02 - Non-fatal injury,07 - SMV other,01 - Clear,01 - Daylight,01 - Dry,10 - No control,,1,0,0,0,02 - Minor,2,,2,,,379777.5614,5026801.308,45.3771413,-75.54267656,8382
18--4821,5/2/2018,5:57 AM,RIVERSIDE DR btwn MOONEY'S BAY PL & WALKLEY RD (__3ZA36Q),__3ZA36Q,01 - Non intersection,03 - P.D. only,07 - SMV other,01 - Clear,03 - Dawn,01 - Dry,10 - No control,,1,0,0,0,,0,,,,,368360.5128,5025276.458,45.36454983,-75.68863114,8383
18--4822,5/2/2018,5:59 PM,REGIONAL ROAD 174 btwn QUIGLEY HILL RD & REGIONAL ROAD 174 DIVIDED (__3ZA2Y5),__3ZA2Y5,01 - Non intersection,03 - P.D. only,07 - SMV other,01 - Clear,01 - Daylight,01 - Dry,10 - No control,,1,0,0,0,,0,,,,,384835.9224,5040827.94,45.50278068,-75.47581988,8384
18--4823,5/2/2018,6:42 PM,BRONSON AVE @ RENFREW AVE (0007197),7197,02 - Intersection related,03 - P.D. only,04 - Sideswipe,01 - Clear,01 - Daylight,01 - Dry,02 - Stop sign,01 - Functioning,2,0,0,0,,0,,,,,367356.7117,5029551.563,45.40310643,-75.70090193,8385
18--4824,5/2/2018,6:46 PM,RIDEAU ST btwn AUGUSTA ST & COBOURG ST (__3ZA3W7),__3ZA3W7,01 - Non intersection,03 - P.D. only,04 - Sideswipe,01 - Clear,01 - Daylight,01 - Dry,10 - No control,,3,0,0,0,,0,,,,,369119.5088,5032782.006,45.43201304,-75.67796463,8386
18--4825,5/2/2018,7:15 AM,HIGHWAY 417 btwn Continuation of HIGHWAY 417 & HWY417 IC134 RAMP51 (__3ZA29B),__3ZA29B,01 - Non intersection,03 - P.D. only,03 - Rear end,01 - Clear,01 - Daylight,02 - Wet,10 - No control,,2,0,0,0,,0,,,,,355497.692,5021701.2,45.33342766,-75.85318354,8387
18--4826,5/2/2018,7:30 AM,MARCH RD btwn SOLANDT RD & STATION RD (__3ZA3CD),__3ZA3CD,01 - Non intersection,03 - P.D. only,04 - Sideswipe,01 - Clear,01 - Daylight,01 - Dry,10 - No control,,2,0,0,0,,0,,,,,350793.9609,5022371.217,45.33978069,-75.91312956,8388
18--4827,5/2/2018,7:32 AM,MEADOWLANDS DR @ MERIVALE RD (0000625),625,02 - Intersection related,03 - P.D. only,99 - Other,01 - Clear,01 - Daylight,01 - Dry,01 - Traffic signal,01 - Functioning,2,0,0,0,,0,,,,,364858.1215,5023726.145,45.35090917,-75.73352443,8389
18--4828,5/2/2018,8:07 AM,HIGHWAY 417 btwn HWY417 IC127 RAMP35 & HWY417 IC127 RAMP25 (__3ZA2RE),__3ZA2RE,01 - Non intersection,03 - P.D. only,03 - Rear end,01 - Clear,01 - Daylight,01 - Dry,10 - No control,,2,0,0,0,,0,,,,,362319.5477,5024978.737,45.36239271,-75.76577381,8390
18--4829,5/2/2018,8:23 PM,DUNROBIN RD btwn DUNROBIN RD & MURPHY SIDE RD (__3ZA3EB),__3ZA3EB,01 - Non intersection,03 - P.D. only,07 - SMV other,01 - Clear,05 - Dusk,01 - Dry,10 - No control,,1,0,0,0,,0,,,,,344840.1076,5028608.798,45.39627329,-75.98859031,8391
18--483,1/8/2018,3:54 PM,ST. LAURENT BLVD btwn COTE ST & GUY ST (__3ZA3LK),__3ZA3LK,01 - Non intersection,02 - Non-fatal injury,04 - Sideswipe,03 - Snow,01 - Daylight,03 - Loose snow,10 - No control,,2,0,0,0,02 - Minor,1,,1,,,371817.2461,5033148.701,45.43505907,-75.64344008,8392
18--4830,5/2/2018,8:34 AM,TERRY FOX DR btwn PALLADIUM DR & MAPLE GROVE RD (__3ZA3DN),__3ZA3DN,01 - Non intersection,03 - P.D. only,07 - SMV other,01 - Clear,01 - Daylight,01 - Dry,10 - No control,,1,0,0,0,,0,,,,,351290.9511,5018159.486,45.30184978,-75.9071838,8393
18--4831,5/2/2018,8:51 AM,MAIN ST btwn MCNAUGHTON AVE & BOWER ST (__3ZA3O7),__3ZA3O7,01 - Non intersection,03 - P.D. only,03 - Rear end,01 - Clear,01 - Daylight,01 - Dry,10 - No control,,2,0,0,0,,0,,,,,369326.8688,5029790.878,45.40508087,-75.67570644,8394
18--4832,5/2/2018,9:29 AM,BANK ST btwn CAHILL DR & TURN LANE (2) (__5AFHMD),__5AFHMD,04 - At/near private drive,03 - P.D. only,02 - Angle,01 - Clear,01 - Daylight,01 - Dry,10 - No control,,2,0,0,0,,0,,,,,371333.5733,5024296.024,45.35545233,-75.65081522,8395
18--4833,5/2/2018,9:33 AM,ST. JOSEPH BLVD btwn ST. JEAN ST & BELCOURT BLVD (__3ZA2AP),__3ZA2AP,01 - Non intersection,03 - P.D. only,04 - Sideswipe,01 - Clear,01 - Daylight,01 - Dry,10 - No control,,2,0,0,0,,0,,,,,381192.0785,5037349.299,45.47189138,-75.52298262,8396