Anom_ID,Accident_Date,Accident_Time,Location,Geo_ID,Accident_Location,Classification_of_Accident,Initial_Impact_Type,Environment_Condition,Light,Road_Surface_Condition,Traffic_Control,Traffic_Control_Condition,No__of_Vehicles,No__of_Bicycles,No__of_Motorcycles,No__of_Pedestrians,Max_Injury,No__of_Injuries,No__of_Minimal,No__of_Minor,No__of_Major,No__of_Fatal,X,Y,Latitude,Longitude,ObjectId
18--4834,5/2/2018,9:44 AM,SPEEDWAY RD btwn SPRUCE RIDGE RD & END (__7JQ7KY),__7JQ7KY,01 - Non intersection,03 - P.D. only,07 - SMV other,01 - Clear,01 - Daylight,01 - Dry,10 - No control,,1,0,0,0,,0,,,,,344802.0287,5010515.006,45.23346082,-75.99053763,8397
18--4835,5/2/2018,9:50 AM,HIGHWAY 417 btwn HWY417 IC127 RAMP63 & HWY417 IC127 RAMP67 (__3ZA2RF),__3ZA2RF,01 - Non intersection,03 - P.D. only,04 - Sideswipe,01 - Clear,01 - Daylight,01 - Dry,10 - No control,,2,0,0,0,,0,,,,,362311.3932,5024997.512,45.36256231,-75.76587571,8398
18--4836,5/3/2018,1:00 PM,RUSSELL RD S @ ST. LAURENT BLVD (0007734),7734,03 - At intersection,03 - P.D. only,05 - Turning movement,02 - Rain,01 - Daylight,02 - Wet,01 - Traffic signal,01 - Functioning,2,0,0,0,,0,,,,,373569.4129,5029260.274,45.3999028,-75.62159059,8399
18--4837,5/3/2018,1:45 PM,HIGHWAY 417 btwn HWY417 IC142 RAMP35 & HWY417 IC142 RAMP25 (__3ZA1ZO),__3ZA1ZO,01 - Non intersection,03 - P.D. only,07 - SMV other,02 - Rain,01 - Daylight,02 - Wet,10 - No control,,1,0,0,0,,0,,,,,349349.9272,5017584.309,45.29679994,-75.93198465,8400
18--4838,5/3/2018,10:00 PM,GLYNN AVE btwn QUILL ST & EDITH AVE (__3ZA8K9),__3ZA8K9,01 - Non intersection,03 - P.D. only,06 - SMV unattended vehicle,02 - Rain,07 - Dark,02 - Wet,10 - No control,,1,0,0,0,,0,,,,,370768.6021,5032148.849,45.42616255,-75.65697547,8401
18--4839,5/3/2018,10:04 AM,BANK ST btwn VANCOUVER AVE & FOXBAR AVE (__3ZA4TT),__3ZA4TT,04 - At/near private drive,02 - Non-fatal injury,02 - Angle,01 - Clear,01 - Daylight,01 - Dry,10 - No control,,2,0,0,0,02 - Minor,1,,1,,,370458.3924,5025652.532,45.36774026,-75.66180394,8402
18--484,1/8/2018,3:55 AM,HIGHWAY 417 btwn HWY417 IC129 RAMP25 & TRANSIT (__3ZA2SH),__3ZA2SH,01 - Non intersection,03 - P.D. only,07 - SMV other,03 - Snow,07 - Dark,03 - Loose snow,10 - No control,,1,0,0,0,,0,,,,,361441.7663,5024288.532,45.35625376,-75.77705672,8403
18--4840,5/3/2018,10:30 PM,GRASSY PLAINS DR btwn FARMFIELD CRES & SHEPPARD'S GLEN AVE (__3ZA55T),__3ZA55T,04 - At/near private drive,03 - P.D. only,06 - SMV unattended vehicle,01 - Clear,07 - Dark,01 - Dry,10 - No control,,1,0,0,0,,0,,,,,356010.678,5015570.635,45.27822662,-75.84727254,8404
18--4841,5/3/2018,11:53 AM,AGES DR @ HAWTHORNE RD (0006397),6397,03 - At intersection,03 - P.D. only,02 - Angle,02 - Rain,01 - Daylight,02 - Wet,01 - Traffic signal,01 - Functioning,2,0,0,0,,0,,,,,374971.6153,5027717.413,45.38588177,-75.6039015,8405
18--4842,5/3/2018,12:30 PM,NELSON ST @ RIDEAU ST (0007626),7626,03 - At intersection,02 - Non-fatal injury,07 - SMV other,02 - Rain,01 - Daylight,02 - Wet,01 - Traffic signal,01 - Functioning,1,0,0,1,02 - Minor,1,,1,,,368650.9157,5032498.68,45.42950672,-75.6839896,8406
18--4843,5/3/2018,12:50 PM,CLEMENTINE BLVD @ HERON RD (0006858),6858,02 - Intersection related,03 - P.D. only,05 - Turning movement,02 - Rain,01 - Daylight,02 - Wet,01 - Traffic signal,01 - Functioning,3,0,0,0,,0,,,,,369547.8058,5026787.314,45.3780354,-75.67327852,8407
18--4844,5/3/2018,2:11 PM,KING EDWARD AVE @ ST. PATRICK ST (0002714),2714,02 - Intersection related,03 - P.D. only,03 - Rear end,02 - Rain,01 - Daylight,02 - Wet,01 - Traffic signal,01 - Functioning,2,0,0,0,,0,,,,,368248.8643,5032823.58,45.43246664,-75.68908541,8408
18--4845,5/3/2018,2:30 PM,GREENBANK RD @ WEST HUNT CLUB RD (0005167),5167,02 - Intersection related,03 - P.D. only,03 - Rear end,02 - Rain,01 - Daylight,02 - Wet,01 - Traffic signal,01 - Functioning,2,0,0,0,,0,,,,,361479.3976,5020502.509,45.32218419,-75.77701015,8409
18--4846,5/3/2018,2:41 PM,MERIVALE RD @ WEST HUNT CLUB RD (0000584),584,02 - Intersection related,03 - P.D. only,03 - Rear end,02 - Rain,01 - Daylight,02 - Wet,01 - Traffic signal,01 - Functioning,2,0,0,0,,0,,,,,365612.0364,5021942.894,45.33479877,-75.72412289,8410
18--4847,5/3/2018,3:11 PM,LEITRIM RD btwn HIGH RD & ALBION RD (__4B2G24),__4B2G24,01 - Non intersection,03 - P.D. only,07 - SMV other,02 - Rain,01 - Daylight,02 - Wet,10 - No control,,1,0,0,0,,0,,,,,373080.5674,5020143.932,45.31792531,-75.62909335,8411
18--4848,5/3/2018,3:26 PM,ST. PATRICK ST @ SUSSEX DR (0011910),11910,02 - Intersection related,03 - P.D. only,03 - Rear end,01 - Clear,01 - Daylight,01 - Dry,01 - Traffic signal,01 - Functioning,2,0,0,0,,0,,,,,367667.5544,5032462.311,45.42926857,-75.69656029,8412
18--4849,5/3/2018,3:58 PM,DUNROBIN RD @ THOMAS A. DOLAN PKWY (0003181),3181,03 - At intersection,03 - P.D. only,05 - Turning movement,02 - Rain,01 - Daylight,02 - Wet,01 - Traffic signal,01 - Functioning,2,0,0,0,,0,,,,,342336.9579,5031477.73,45.42222737,-76.02034201,8413
18--485,1/8/2018,3:56 PM,NELSON ST @ STEWART ST (0008624),8624,03 - At intersection,03 - P.D. only,02 - Angle,03 - Snow,01 - Daylight,03 - Loose snow,02 - Stop sign,01 - Functioning,2,0,0,0,,0,,,,,368769.6673,5032291.284,45.42762979,-75.68249906,8414
18--4850,5/3/2018,4:47 PM,SEQUOIA DR/MARRONIER CRT @ JONQUILLE WAY (0004287),4287,02 - Intersection related,03 - P.D. only,07 - SMV other,01 - Clear,01 - Daylight,01 - Dry,10 - No control,,1,0,0,0,,0,,,,,386920.7594,5040469.577,45.49931422,-75.44920569,8415
18--4851,5/3/2018,4:51 PM,BRONSON AVE @ CATHERINE ST/RAYMOND ST (0007198),7198,02 - Intersection related,03 - P.D. only,04 - Sideswipe,01 - Clear,01 - Daylight,01 - Dry,01 - Traffic signal,01 - Functioning,2,0,0,0,,0,,,,,367252.7082,5029796.566,45.40532018,-75.7021993,8416
18--4852,5/3/2018,4:59 PM,ALBION RD @ 210 S OF HIGH RD/EARL ARMSTRONG RD (0012478),12478,03 - At intersection,03 - P.D. only,05 - Turning movement,01 - Clear,01 - Daylight,01 - Dry,01 - Traffic signal,01 - Functioning,2,0,0,0,,0,,,,,374709.6847,5017554.915,45.29446991,-75.60868191,8417
18--4853,5/3/2018,5:02 PM,CARLING AVE @ CARLINGWOOD SC (0008881),8881,03 - At intersection,03 - P.D. only,02 - Angle,01 - Clear,01 - Daylight,01 - Dry,01 - Traffic signal,01 - Functioning,2,0,0,0,,0,,,,,362072.8653,5025919.5,45.37087781,-75.76881335,8418
18--4854,5/3/2018,5:07 PM,LABELLE ST/RAMP @ LEMIEUX ST/HWY417 IC115 RAMP (0012538),12538,02 - Intersection related,03 - P.D. only,02 - Angle,01 - Clear,01 - Daylight,02 - Wet,02 - Stop sign,00 - Unknown,2,0,0,0,,0,,,,,372542.1225,5031688.239,45.42184868,-75.63437725,8419
18--4855,5/3/2018,5:20 PM,STITTSVILLE MAIN ST btwn STITTSVILLE MAIN ST & TONY GEORGE PL (__8PNLRM),__8PNLRM,01 - Non intersection,03 - P.D. only,99 - Other,01 - Clear,01 - Daylight,02 - Wet,10 - No control,,2,0,0,0,,0,,,,,349270.038,5015773.73,45.28051282,-75.9331655,8420
18--4856,5/3/2018,5:21 PM,ANDERSON RD @ EIGHTH LINE RD (0003632),3632,03 - At intersection,02 - Non-fatal injury,02 - Angle,02 - Rain,01 - Daylight,02 - Wet,02 - Stop sign,01 - Functioning,2,0,0,0,01 - Minimal,2,2,,,,381250.8832,5022943.4,45.34227114,-75.52446443,8421
18--4857,5/3/2018,5:43 PM,HIGHWAY 417 btwn HWY417 IC120B RAMP36 & HWY417 IC119B RAMP76 (__3ZA2YU),__3ZA2YU,01 - Non intersection,03 - P.D. only,03 - Rear end,01 - Clear,01 - Daylight,01 - Dry,10 - No control,,2,0,0,0,,0,,,,,367744.6651,5029995.113,45.40706258,-75.69589008,8422
18--4858,5/3/2018,5:45 PM,ALPINE AVE @ CARLING AVE (0011382),11382,03 - At intersection,03 - P.D. only,02 - Angle,02 - Rain,01 - Daylight,02 - Wet,01 - Traffic signal,01 - Functioning,2,0,0,0,,0,,,,,360496.7958,5024942.646,45.36221515,-75.78904313,8423
18--4859,5/3/2018,5:45 PM,HIGHWAY 417 btwn HWY417 IC118 RAMP67 & HWY417 IC117 RAMP36 (__3ZA2YO),__3ZA2YO,01 - Non intersection,03 - P.D. only,03 - Rear end,02 - Rain,01 - Daylight,02 - Wet,10 - No control,,2,0,0,0,,0,,,,,370252.1793,5031122.409,45.41697557,-75.66371059,8424
18--486,1/8/2018,4:00 PM,HAWTHORNE RD btwn DAVIDSON RD & LEITRIM RD (__3ZBPIY),__3ZBPIY,01 - Non intersection,03 - P.D. only,03 - Rear end,01 - Clear,05 - Dusk,06 - Ice,10 - No control,,2,0,0,0,,0,,,,,376651.8359,5023632.51,45.34895756,-75.58304172,8425
18--4860,5/3/2018,6:10 AM,HIGHWAY 417 btwn HWY417 IC121B RAMP51 & HWY417 IC121A RAMP51 (__3ZA2YW),__3ZA2YW,01 - Non intersection,03 - P.D. only,04 - Sideswipe,01 - Clear,03 - Dawn,01 - Dry,10 - No control,,2,0,0,0,,0,,,,,366916.9304,5029615.474,45.40372064,-75.70651109,8426
18--4861,5/3/2018,6:20 PM,MONTREAL RD btwn PALACE ST & VANIER PKWY (__3ZA3LL),__3ZA3LL,04 - At/near private drive,03 - P.D. only,05 - Turning movement,02 - Rain,01 - Daylight,02 - Wet,10 - No control,,2,0,0,0,,0,,,,,370042.7126,5033047.5,45.43431632,-75.66613169,8427
18--4862,5/3/2018,6:35 AM,HIGHWAY 417 btwn Continuation of HIGHWAY 417 & HWY417 IC134 RAMP51 (__3ZA29B),__3ZA29B,01 - Non intersection,03 - P.D. only,03 - Rear end,02 - Rain,01 - Daylight,02 - Wet,10 - No control,,2,0,0,0,,0,,,,,355953.1255,5021969.117,45.33580535,-75.84734567,8428
18--4863,5/3/2018,7:11 AM,KINBURN SIDE RD btwn TIMMINS RD & DOMINION SPRINGS RD (__3ZA4SJ),__3ZA4SJ,01 - Non intersection,03 - P.D. only,07 - SMV other,02 - Rain,01 - Daylight,02 - Wet,10 - No control,,1,0,0,0,,0,,,,,323200.4423,5022704.596,45.34404705,-76.26519776,8429
18--4864,5/3/2018,7:24 AM,CONROY RD @ ST. LAURENT BLVD (0011390),11390,02 - Intersection related,03 - P.D. only,02 - Angle,01 - Clear,01 - Daylight,01 - Dry,01 - Traffic signal,01 - Functioning,2,0,0,0,,0,,,,,373069.9672,5027159.302,45.38104805,-75.62826006,8430
18--4865,5/3/2018,7:59 PM,GEORGE ST @ SUSSEX DR (0002109),2109,02 - Intersection related,03 - P.D. only,03 - Rear end,01 - Clear,01 - Daylight,01 - Dry,01 - Traffic signal,00 - Unknown,2,0,0,0,,0,,,,,367869.0321,5032130.745,45.42626711,-75.69402814,8431
18--4866,5/3/2018,8:20 AM,HAZELDEAN RD btwn 246 E OF CASTLEFRANK RD & IRWIN GT (__3ZA41NB),__3ZA41NB,04 - At/near private drive,03 - P.D. only,02 - Angle,02 - Rain,01 - Daylight,02 - Wet,10 - No control,,2,0,0,0,,0,,,,,353261.0621,5018166.263,45.30177762,-75.88206327,8432
18--4867,5/3/2018,8:38 AM,CHATHAM GDN btwn YARWOOD CRT & KENMARE PL (__3ZBNFJ),__3ZBNFJ,04 - At/near private drive,03 - P.D. only,06 - SMV unattended vehicle,01 - Clear,01 - Daylight,01 - Dry,10 - No control,,1,0,0,0,,0,,,,,361760.7235,5014906.694,45.27181009,-75.77406468,8433
18--4868,5/3/2018,8:57 AM,ALTA VISTA DR btwn KILBORN AVE & CAVENDISH RD (__3ZA9SL),__3ZA9SL,01 - Non intersection,02 - Non-fatal injury,03 - Rear end,01 - Clear,01 - Daylight,02 - Wet,10 - No control,,3,0,0,0,01 - Minimal,1,1,,,,370349.2063,5027902.732,45.38799703,-75.66289896,8434
18--4869,5/3/2018,9:24 AM,KENT ST @ SOMERSET ST (0008857),8857,03 - At intersection,03 - P.D. only,02 - Angle,02 - Rain,01 - Daylight,02 - Wet,01 - Traffic signal,01 - Functioning,2,0,0,0,,0,,,,,367526.7018,5030815.565,45.41446432,-75.69856986,8435
18--487,1/8/2018,4:00 PM,TALLTREE CRES btwn ABBOTT ST E & ABBOTT ST E (__54POFG),__54POFG,04 - At/near private drive,03 - P.D. only,06 - SMV unattended vehicle,01 - Clear,01 - Daylight,04 - Slush,10 - No control,,1,0,0,0,,0,,,,,351768.5664,5014783.404,45.27143908,-75.90141356,8436
18--4870,5/3/2018,9:38 AM,LAURIER AVE @ NICHOLAS ST (0010711),10711,02 - Intersection related,03 - P.D. only,04 - Sideswipe,01 - Clear,01 - Daylight,02 - Wet,01 - Traffic signal,01 - Functioning,2,0,0,0,,0,,,,,368373.6376,5031798.27,45.42322993,-75.68762325,8437
18--4871,5/3/2018,9:40 AM,HIGHWAY 417 btwn HWY417 IC155 RAMP61 & HWY417 IC145 RAMP56 (__3ZA2Q2),__3ZA2Q2,01 - Non intersection,02 - Non-fatal injury,99 - Other,01 - Clear,01 - Daylight,01 - Dry,10 - No control,,2,0,0,0,02 - Minor,2,,2,,,342018.0967,5017711.402,45.29837022,-76.02545304,8438
18--4872,5/3/2018,9:59 AM,STITTSVILLE MAIN ST/HUNTLEY RD @ FLEWELLYN RD (0004602),4602,03 - At intersection,03 - P.D. only,02 - Angle,01 - Clear,01 - Daylight,02 - Wet,02 - Stop sign,01 - Functioning,2,0,0,0,,0,,,,,351416.5959,5010740.397,45.23508214,-75.90627818,8439
18--4873,5/4/2018,1:20 PM,TERRY FOX DR @ PALLADIUM DR/KATIMAVIK RD (0011858),11858,02 - Intersection related,02 - Non-fatal injury,03 - Rear end,02 - Rain,01 - Daylight,02 - Wet,01 - Traffic signal,01 - Functioning,2,0,0,0,01 - Minimal,1,1,,,,351269.6747,5018181.502,45.3020493,-75.90745303,8440
18--4874,5/4/2018,1:23 AM,PARKDALE AVE btwn RUSKIN ST & INGLEWOOD PL (__3ZBOD1),__3ZBOD1,01 - Non intersection,03 - P.D. only,06 - SMV unattended vehicle,01 - Clear,07 - Dark,01 - Dry,10 - No control,,1,0,0,0,,0,,,,,365524.7368,5028410.885,45.39300418,-75.72444177,8441
18--4875,5/4/2018,1:23 PM,CLEARBROOK DR/MARKETPLACE AVE @ LONGFIELDS DR (0011162),11162,02 - Intersection related,02 - Non-fatal injury,07 - SMV other,02 - Rain,01 - Daylight,02 - Wet,01 - Traffic signal,01 - Functioning,1,0,0,1,01 - Minimal,1,1,,,,364631.8301,5014953.584,45.27199359,-75.73747142,8442
18--4876,5/4/2018,1:29 PM,ALBION RD @ QUINN RD/FENTON RD (0003552),3552,03 - At intersection,03 - P.D. only,02 - Angle,02 - Rain,01 - Daylight,02 - Wet,02 - Stop sign,01 - Functioning,2,0,0,0,,0,,,,,373630.7377,5020104.491,45.31751671,-75.62208233,8443
18--4877,5/4/2018,1:30 PM,BANK ST btwn RIDGEMONT AVE & PORTLAND AVE (__3ZA36Z),__3ZA36Z,04 - At/near private drive,02 - Non-fatal injury,02 - Angle,02 - Rain,01 - Daylight,02 - Wet,10 - No control,,2,0,0,0,01 - Minimal,1,1,,,,370083.9703,5026614.447,45.37643024,-75.66645617,8444
18--4878,5/4/2018,1:35 PM,BANK ST @ RIVERSIDE DR N (0010778),10778,02 - Intersection related,03 - P.D. only,03 - Rear end,01 - Clear,01 - Daylight,01 - Dry,01 - Traffic signal,01 - Functioning,2,0,0,0,,0,,,,,369225.3447,5027983.699,45.38882982,-75.67723924,8445
18--4879,5/4/2018,1:43 PM,UPPER DWYER HILL RD btwn CARROLL SIDE RD & MARCH RD (__3ZA4QC),__3ZA4QC,04 - At/near private drive,03 - P.D. only,03 - Rear end,02 - Rain,01 - Daylight,02 - Wet,10 - No control,,2,0,0,0,,0,,,,,333932.7868,5014449.748,45.26940174,-76.12873328,8446
18--488,1/8/2018,4:10 PM,HIGHWAY 417 btwn HWY417 IC134 RAMP61 & HWY417 IC131 RAMP66 (__3ZA297),__3ZA297,01 - Non intersection,03 - P.D. only,03 - Rear end,01 - Clear,01 - Daylight,04 - Slush,10 - No control,,2,0,0,0,,0,,,,,357340.2055,5022669.868,45.34200827,-75.82957493,8447
18--4880,5/4/2018,10:21 PM,RAMSAYVILLE RD btwn NINTH LINE RD & RIDEAU RD (__3ZA6G2),__3ZA6G2,01 - Non intersection,02 - Non-fatal injury,07 - SMV other,06 - Strong wind,07 - Dark,01 - Dry,10 - No control,,1,0,0,0,01 - Minimal,1,1,,,,380314.5263,5020050.621,45.31634498,-75.53685217,8448
18--4881,5/4/2018,10:22 AM,BEECHWOOD AVE btwn BLACK MAPLE PRIV & JOLLIET AVE (__3ZA3A4),__3ZA3A4,01 - Non intersection,03 - P.D. only,04 - Sideswipe,01 - Clear,01 - Daylight,01 - Dry,10 - No control,,2,0,0,0,,0,,,,,369691.902,5034089.978,45.44372875,-75.67047749,8449
18--4882,5/4/2018,10:55 PM,BANK ST @ SNAKE ISLAND RD/VICTORIA ST (0001080),1080,02 - Intersection related,02 - Non-fatal injury,02 - Angle,01 - Clear,07 - Dark,01 - Dry,01 - Traffic signal,02 - Not functioning,2,0,0,0,02 - Minor,2,,2,,,383696.7885,5010121.407,45.22663588,-75.49529735,8450
18--4883,5/4/2018,11:05 AM,CAMBRIAN RD btwn KILBIRNIE DR & JOCKVALE RD (__3ZAA6D),__3ZAA6D,01 - Non intersection,03 - P.D. only,07 - SMV other,01 - Clear,01 - Daylight,01 - Dry,10 - No control,,1,0,0,0,,0,,,,,365296.0456,5013172.419,45.25590986,-75.72922399,8451
18--4884,5/4/2018,11:21 PM,KANATA AVE btwn EARL GREY DR & MARITIME WAY (__3ZBPN5),__3ZBPN5,01 - Non intersection,02 - Non-fatal injury,03 - Rear end,01 - Clear,07 - Dark,01 - Dry,10 - No control,,2,0,1,0,02 - Minor,1,,1,,,351027.6728,5019292.454,45.3120619,-75.91043507,8452
18--4885,5/4/2018,11:50 AM,HWY417 IC131 RAMP51 btwn HIGHWAY 417 & HWY416 IC75C RAMP24 (__3ZAY6A),__3ZAY6A,01 - Non intersection,02 - Non-fatal injury,07 - SMV other,02 - Rain,01 - Daylight,02 - Wet,10 - No control,,1,0,0,0,02 - Minor,1,,1,,,358038.2541,5022730.695,45.34250296,-75.82066175,8453
18--4886,5/4/2018,12:13 PM,BASELINE RD/HERON RD @ PRINCE OF WALES DR (0002345),2345,02 - Intersection related,02 - Non-fatal injury,03 - Rear end,02 - Rain,01 - Daylight,02 - Wet,01 - Traffic signal,01 - Functioning,2,0,0,0,02 - Minor,2,,2,,,366873.3802,5026438.761,45.37514125,-75.70746693,8454
18--4887,5/4/2018,12:59 AM,MURRAY ST btwn DALHOUSIE ST & CUMBERLAND ST (__3ZA3WO),__3ZA3WO,04 - At/near private drive,03 - P.D. only,02 - Angle,01 - Clear,07 - Dark,01 - Dry,10 - No control,,2,0,0,0,,0,,,,,368017.7127,5032583.455,45.43032701,-75.6920702,8455
18--4888,5/4/2018,2:00 PM,LENESTER AVE @ MAITLAND AVE (0010867),10867,02 - Intersection related,03 - P.D. only,05 - Turning movement,02 - Rain,01 - Daylight,02 - Wet,02 - Stop sign,00 - Unknown,2,0,0,0,,0,,,,,363078.6733,5026146.091,45.37283372,-75.75594683,8456
18--4889,5/4/2018,2:00 PM,HAZELDEAN RD @ EDGEWATER ST (0003176),3176,03 - At intersection,03 - P.D. only,05 - Turning movement,02 - Rain,01 - Daylight,02 - Wet,01 - Traffic signal,01 - Functioning,2,0,0,0,,0,,,,,352323.9522,5017351.117,45.29450675,-75.89408999,8457
18--489,1/8/2018,4:15 PM,HIGHWAY 417 btwn HWY417 IC144 RAMP25 & HWY417 IC142 RAMP51 (__3ZA20J),__3ZA20J,01 - Non intersection,03 - P.D. only,07 - SMV other,03 - Snow,01 - Daylight,04 - Slush,10 - No control,,1,0,0,0,,0,,,,,348322.9785,5016650.048,45.28845751,-75.94515969,8458
18--4890,5/4/2018,2:35 PM,MARCH RD @ 280 S OF CARLING AVE/GATEWAY MALL S (0011492),11492,03 - At intersection,02 - Non-fatal injury,05 - Turning movement,02 - Rain,01 - Daylight,02 - Wet,01 - Traffic signal,01 - Functioning,2,0,0,0,01 - Minimal,2,2,,,,351107.3737,5022026.784,45.33666079,-75.90916295,8459
18--4891,5/4/2018,3:48 PM,EAGLESON RD btwn FAULKNER TR & FALLOWFIELD RD (__3ZA410),__3ZA410,01 - Non intersection,03 - P.D. only,03 - Rear end,02 - Rain,01 - Daylight,02 - Wet,10 - No control,,2,0,0,0,,0,,,,,355601.219,5013538.509,45.2599708,-75.85269902,8460
18--4892,5/4/2018,4:06 PM,RICHMOND RD btwn PERTH ST & CAMBRIAN RD (__3ZAB98),__3ZAB98,01 - Non intersection,03 - P.D. only,07 - SMV other,01 - Clear,01 - Daylight,01 - Dry,10 - No control,,1,0,0,0,,0,,,,,359025.0564,5008473.901,45.21414289,-75.8096282,8461
18--4893,5/4/2018,4:12 PM,BANK ST @ LEITRIM RD (0004125),4125,02 - Intersection related,03 - P.D. only,03 - Rear end,01 - Clear,01 - Daylight,02 - Wet,01 - Traffic signal,01 - Functioning,3,0,0,0,,0,,,,,375357.8716,5021618.825,45.33097064,-75.59984012,8462
18--4894,5/4/2018,4:33 PM,MAITLAND AVE btwn DUNCAN PL & LENESTER AVE (__3ZBOCE),__3ZBOCE,01 - Non intersection,03 - P.D. only,04 - Sideswipe,01 - Clear,01 - Daylight,01 - Dry,10 - No control,,2,0,0,0,,0,,,,,363017.2532,5026302.548,45.37424661,-75.75671248,8463
18--4895,5/4/2018,4:53 PM,CARLING AVE @ RIFLE RD (0000579),579,02 - Intersection related,03 - P.D. only,03 - Rear end,02 - Rain,01 - Daylight,02 - Wet,02 - Stop sign,00 - Unknown,2,0,0,0,,0,,,,,353891.0318,5023314.117,45.34805516,-75.8735205,8464
18--4896,5/4/2018,5:00 PM,HIGHWAY 417 btwn HWY417 IC119A RAMP75 & HWY417 IC118 RAMP57 (__3ZA2R2),__3ZA2R2,01 - Non intersection,03 - P.D. only,03 - Rear end,01 - Clear,01 - Daylight,01 - Dry,10 - No control,,2,0,0,0,,0,,,,,368721.4456,5030579.374,45.41223104,-75.68333735,8465
18--4897,5/4/2018,5:07 PM,SUSSEX DR @ 151 S OF KING EDWARD AVE (0008807),8807,03 - At intersection,02 - Non-fatal injury,05 - Turning movement,01 - Clear,01 - Daylight,01 - Dry,01 - Traffic signal,01 - Functioning,2,0,0,0,02 - Minor,3,,3,,,367601.7633,5033361.459,45.4373647,-75.69728631,8466
18--4898,5/4/2018,5:10 PM,INNES RD @ TENTH LINE RD (0004633),4633,02 - Intersection related,03 - P.D. only,03 - Rear end,01 - Clear,01 - Daylight,02 - Wet,01 - Traffic signal,01 - Functioning,2,0,0,0,,0,,,,,383951.5535,5036159.639,45.46088061,-75.48788731,8467
18--4899,5/4/2018,5:10 PM,REGIONAL ROAD 174 EB btwn OR174 IC109 RAMP55 & TRANSIT (__3ZA28V),__3ZA28V,01 - Non intersection,03 - P.D. only,03 - Rear end,02 - Rain,01 - Daylight,02 - Wet,10 - No control,,2,0,0,0,,0,,,,,376488.5394,5035018.736,45.45142117,-75.58347042,8468
18--49,1/2/2018,1:50 PM,CYRVILLE RD @ INNES RD (0009352),9352,02 - Intersection related,03 - P.D. only,03 - Rear end,03 - Snow,01 - Daylight,04 - Slush,01 - Traffic signal,01 - Functioning,2,0,0,0,,0,,,,,375047.7247,5031119.564,45.41648495,-75.60244511,8469
18--490,1/8/2018,4:30 PM,MCCORMICK ST @ WELLINGTON ST (0006285),6285,02 - Intersection related,03 - P.D. only,03 - Rear end,03 - Snow,05 - Dusk,03 - Loose snow,02 - Stop sign,01 - Functioning,2,0,0,0,,0,,,,,365312.6954,5029381.557,45.40175643,-75.72703058,8470
18--4900,5/4/2018,5:17 PM,MONTREAL RD @ OLMSTEAD ST (0009345),9345,03 - At intersection,02 - Non-fatal injury,07 - SMV other,01 - Clear,01 - Daylight,01 - Dry,01 - Traffic signal,01 - Functioning,1,0,0,1,02 - Minor,2,,2,,,370332.7134,5033213.586,45.43578358,-75.66240347,8471
18--4901,5/4/2018,6:25 PM,KLONDIKE RD @ MARCH RD (0003096),3096,02 - Intersection related,03 - P.D. only,03 - Rear end,06 - Strong wind,01 - Daylight,01 - Dry,01 - Traffic signal,01 - Functioning,2,0,0,0,,0,,,,,349262.7164,5024061.736,45.35509109,-75.93251487,8472
18--4902,5/4/2018,6:30 AM,HIGHWAY 417 btwn HWY417 IC126 RAMP16 & HWY417 IC126 RAMP61 (__3ZA2RC),__3ZA2RC,01 - Non intersection,03 - P.D. only,07 - SMV other,01 - Clear,01 - Daylight,01 - Dry,10 - No control,,1,0,0,0,,0,,,,,363179.5881,5025888.508,45.37050763,-75.75468899,8473
18--4903,5/4/2018,7:06 PM,REGIONAL ROAD 174 btwn OR174 IC109 RAMP54 & OR174 IC109 RAMP55 (__3ZA28X),__3ZA28X,01 - Non intersection,03 - P.D. only,03 - Rear end,01 - Clear,01 - Daylight,02 - Wet,10 - No control,,2,0,0,0,,0,,,,,376427.8477,5034888.739,45.45025777,-75.58426519,8474
18--4904,5/4/2018,7:16 PM,ROLAND MICHENER DR btwn EARL GREY DR & END (__3ZA1UP),__3ZA1UP,04 - At/near private drive,03 - P.D. only,05 - Turning movement,01 - Clear,01 - Daylight,01 - Dry,10 - No control,,2,0,0,0,,0,,,,,350820.239,5018927.858,45.3087948,-75.9131143,8475
18--4905,5/4/2018,7:58 AM,CONROY RD @ HUNT CLUB RD (0002257),2257,02 - Intersection related,03 - P.D. only,03 - Rear end,01 - Clear,01 - Daylight,01 - Dry,01 - Traffic signal,01 - Functioning,2,0,0,0,,0,,,,,373763.5697,5025404.539,45.36519151,-75.6196495,8476
18--4906,5/4/2018,8:21 AM,HIGHWAY 417 btwn HWY417 IC129 RAMP25 & TRANSIT (__3ZA2SH),__3ZA2SH,01 - Non intersection,02 - Non-fatal injury,03 - Rear end,01 - Clear,01 - Daylight,01 - Dry,10 - No control,,2,0,0,0,01 - Minimal,1,1,,,,361543.8548,5024370.594,45.35698389,-75.7757444,8477
18--4907,5/4/2018,8:30 AM,HIGHWAY 417 btwn HWY417 IC122 RAMP16 & HWY417 IC122 RAMP61 (__3ZA2RA),__3ZA2RA,01 - Non intersection,03 - P.D. only,03 - Rear end,01 - Clear,01 - Daylight,01 - Dry,10 - No control,,3,0,0,0,,0,,,,,365433.0979,5028963.402,45.39798355,-75.72554414,8478
18--4908,5/4/2018,9:32 PM,FISHER AVE btwn MCCOOEY LANE & BASELINE RD (__3ZA4JS),__3ZA4JS,01 - Non intersection,03 - P.D. only,07 - SMV other,06 - Strong wind,07 - Dark,01 - Dry,10 - No control,,1,0,0,0,,0,,,,,366128.3397,5026121.299,45.37235039,-75.71701789,8479