Anom_ID,Accident_Date,Accident_Time,Location,Geo_ID,Accident_Location,Classification_of_Accident,Initial_Impact_Type,Environment_Condition,Light,Road_Surface_Condition,Traffic_Control,Traffic_Control_Condition,No__of_Vehicles,No__of_Bicycles,No__of_Motorcycles,No__of_Pedestrians,Max_Injury,No__of_Injuries,No__of_Minimal,No__of_Minor,No__of_Major,No__of_Fatal,X,Y,Latitude,Longitude,ObjectId
18--4909,5/4/2018,9:46 PM,BANK ST btwn RIDEAU RD & TURN LANE (__3ZBPH9),__3ZBPH9,01 - Non intersection,03 - P.D. only,07 - SMV other,06 - Strong wind,07 - Dark,01 - Dry,10 - No control,,1,0,0,0,,0,,,,,377553.469,5016404.164,45.28382725,-75.57259834,8480
18--491,1/8/2018,4:30 PM,HIGHWAY 417 btwn HWY417 IC169 RAMP25 & HWY417 IC163 RAMP51 (__5SPOUW),__5SPOUW,01 - Non intersection,03 - P.D. only,04 - Sideswipe,03 - Snow,05 - Dusk,04 - Slush,10 - No control,,2,0,0,0,,0,,,,,328575.8862,5022700.717,45.34385053,-76.19660446,8481
18--4910,5/5/2018,1:16 PM,FISHER AVE @ PRINCE OF WALES DR (0000572),572,02 - Intersection related,03 - P.D. only,03 - Rear end,01 - Clear,01 - Daylight,01 - Dry,01 - Traffic signal,02 - Not functioning,2,0,0,0,,0,,,,,367161.4719,5023942.608,45.35265583,-75.70410404,8482
18--4911,5/5/2018,1:30 AM,WOODROFFE AVE btwn DAVID DR & TURN LANE (__3ZA33G),__3ZA33G,01 - Non intersection,03 - P.D. only,04 - Sideswipe,06 - Strong wind,07 - Dark,02 - Wet,10 - No control,,2,0,0,0,,0,,,,,363016.9836,5022822.815,45.34293634,-75.75712577,8483
18--4912,5/5/2018,1:38 AM,RAMSAYVILLE RD @ RIDGE RD (0009270),9270,03 - At intersection,02 - Non-fatal injury,05 - Turning movement,01 - Clear,07 - Dark,01 - Dry,02 - Stop sign,01 - Functioning,2,0,0,0,01 - Minimal,2,2,,,,376683.7476,5028863.71,45.39602191,-75.58187321,8484
18--4913,5/5/2018,10:25 PM,MONTREAL RD btwn ST. LAURENT BLVD & HILLSIDE DR (__3ZA1MC),__3ZA1MC,04 - At/near private drive,03 - P.D. only,07 - SMV other,01 - Clear,07 - Dark,01 - Dry,10 - No control,,1,0,0,0,,0,,,,,371555.3628,5033822.258,45.44114447,-75.64669554,8485
18--4914,5/5/2018,11:44 AM,HWY 417 CASTLEFR IC139R61 @ KANATA AVE (0012625),12625,03 - At intersection,02 - Non-fatal injury,02 - Angle,01 - Clear,01 - Daylight,01 - Dry,01 - Traffic signal,01 - Functioning,2,0,0,0,01 - Minimal,1,1,,,,351615.2901,5019224.522,45.31141171,-75.90294771,8486
18--4915,5/5/2018,11:51 AM,BRONSON AVE @ HOLMWOOD AVE (0007215),7215,02 - Intersection related,03 - P.D. only,03 - Rear end,01 - Clear,01 - Daylight,01 - Dry,01 - Traffic signal,01 - Functioning,2,0,0,0,,0,,,,,367700.5381,5028729.606,45.39567989,-75.69661515,8487
18--4916,5/5/2018,Unknown,RAVENSWOOD WAY btwn ASHENVALE WAY & ESPRIT DR (__7JQ6AO),__7JQ6AO,01 - Non intersection,03 - P.D. only,06 - SMV unattended vehicle,01 - Clear,00 - Unknown,01 - Dry,10 - No control,,1,0,0,0,,0,,,,,385664.132,5034910.594,45.44944678,-75.46619745,8488
18--4917,5/5/2018,12:12 AM,DUNNING RD btwn SARSFIELD RD & RUSSELL RD (__3ZA2YB),__3ZA2YB,01 - Non intersection,03 - P.D. only,07 - SMV other,06 - Strong wind,07 - Dark,01 - Dry,10 - No control,,1,0,0,0,,0,,,,,395996.8407,5028492.911,45.390437,-75.33531334,8489
18--4918,5/5/2018,12:15 PM,HIGHWAY 417 btwn HWY417 IC127 RAMP67 & HWY417 IC126 RAMP16 (__3ZA2X0),__3ZA2X0,01 - Non intersection,03 - P.D. only,03 - Rear end,01 - Clear,01 - Daylight,01 - Dry,10 - No control,,2,0,0,0,,0,,,,,362647.1307,5025262.274,45.36491699,-75.76155943,8490
18--4919,5/5/2018,12:36 PM,MERIVALE RD btwn CLYDE AVE & RITA AVE (__3ZA4H7),__3ZA4H7,01 - Non intersection,03 - P.D. only,03 - Rear end,01 - Clear,01 - Daylight,01 - Dry,10 - No control,,2,0,0,0,,0,,,,,364530.6842,5024485.862,45.35777297,-75.7376111,8491
18--492,1/8/2018,4:45 PM,AIRPORT PKWY @ HUNT CLUB RD (0010856),10856,02 - Intersection related,03 - P.D. only,03 - Rear end,03 - Snow,05 - Dusk,05 - Packed snow,01 - Traffic signal,01 - Functioning,3,0,0,0,,0,,,,,371018.528,5023702.999,45.3501463,-75.6549152,8492
18--4920,5/5/2018,12:37 PM,FISHER AVE @ SHILLINGTON AVE (0006792),6792,02 - Intersection related,03 - P.D. only,03 - Rear end,01 - Clear,01 - Daylight,01 - Dry,01 - Traffic signal,01 - Functioning,2,0,0,0,,0,,,,,365626.8789,5027296.924,45.38297214,-75.72327466,8493
18--4921,5/5/2018,2:20 PM,HAZELDEAN RD btwn EDGEWATER ST & YOUNG RD (__3ZA3DM),__3ZA3DM,01 - Non intersection,03 - P.D. only,03 - Rear end,01 - Clear,01 - Daylight,01 - Dry,10 - No control,,2,0,0,0,,0,,,,,352334.4071,5017360.698,45.29459226,-75.89395579,8494
18--4922,5/5/2018,2:30 PM,DUNSTON TER btwn SOLERA CIRC & RYWALK CIRC (__6REWPA),__6REWPA,04 - At/near private drive,03 - P.D. only,06 - SMV unattended vehicle,01 - Clear,01 - Daylight,01 - Dry,10 - No control,,1,0,0,0,,0,,,,,372157.6127,5024553.332,45.35768882,-75.64026392,8495
18--4923,5/5/2018,2:37 AM,CLARENCE ST btwn SUSSEX DR & BY WARD MARKET SQ (__3ZA81R),__3ZA81R,01 - Non intersection,03 - P.D. only,07 - SMV other,01 - Clear,07 - Dark,01 - Dry,10 - No control,,1,0,0,0,,0,,,,,367754.7068,5032323.952,45.42801582,-75.69546429,8496
18--4924,5/5/2018,3:13 PM,KENT ST @ SOMERSET ST (0008857),8857,03 - At intersection,02 - Non-fatal injury,05 - Turning movement,01 - Clear,01 - Daylight,01 - Dry,01 - Traffic signal,00 - Unknown,2,0,0,0,01 - Minimal,3,3,,,,367526.3037,5030815.202,45.41446109,-75.69857499,8497
18--4925,5/5/2018,3:13 PM,ST. JEAN ST @ ST. JOSEPH BLVD (0004137),4137,02 - Intersection related,03 - P.D. only,04 - Sideswipe,01 - Clear,01 - Daylight,01 - Dry,01 - Traffic signal,01 - Functioning,2,0,0,0,,0,,,,,380969.7369,5037201.591,45.47058671,-75.52584874,8498
18--4926,5/5/2018,3:15 PM,CAMPEAU DR @ STONECROFT TER (0011806),11806,02 - Intersection related,03 - P.D. only,03 - Rear end,01 - Clear,01 - Daylight,01 - Dry,02 - Stop sign,01 - Functioning,2,0,0,0,,0,,,,,351314.8617,5019659.034,45.31534152,-75.90673818,8499
18--4927,5/5/2018,3:43 PM,TERRY FOX DR btwn COPE DR & TRANS CANADA TRAIL (__355BDZB),__355BDZB,01 - Non intersection,02 - Non-fatal injury,03 - Rear end,01 - Clear,01 - Daylight,01 - Dry,10 - No control,,2,0,0,0,02 - Minor,1,,1,,,353901.2289,5015375.196,45.2766185,-75.87417711,8500
18--4568,4/24/2018,3:07 PM,BANK ST @ HERON RD (0002155),2155,02 - Intersection related,03 - P.D. only,03 - Rear end,01 - Clear,01 - Daylight,01 - Dry,01 - Traffic signal,01 - Functioning,3,0,0,0,,0,,,,,369995.3358,5026851.982,45.37857576,-75.66755637,8501
18--4298,4/15/2018,12:51 AM,BRONSON AVE btwn BRONSON AVE RAMP 34 & AIRPORT PKWY/BRONSON AVE RAMP 2 (__3ZA3AA),__3ZA3AA,01 - Non intersection,02 - Non-fatal injury,04 - Sideswipe,03 - Snow,07 - Dark,06 - Ice,10 - No control,,2,0,0,0,01 - Minimal,1,1,,,,368654.7126,5026835.244,45.37854862,-75.68467446,8502
18--4207,4/12/2018,2:48 PM,TERRY FOX DR @ EDGEWATER ST/WALTER BAKER PL (0002699),2699,03 - At intersection,03 - P.D. only,02 - Angle,02 - Rain,01 - Daylight,02 - Wet,01 - Traffic signal,01 - Functioning,2,0,0,0,,0,,,,,351777.2598,5017614.844,45.2969166,-75.90103472,8503
18--4117,4/9/2018,2:43 PM,CRANTHAM CRES btwn DELAMERE DR & DELAMERE DR (__3ZAZXJ),__3ZAZXJ,04 - At/near private drive,03 - P.D. only,99 - Other,01 - Clear,01 - Daylight,01 - Dry,10 - No control,,2,0,0,0,,0,,,,,348815.6267,5013888.087,45.26357371,-75.9391245,8504
18--4569,4/24/2018,3:25 PM,BELFAST RD btwn TREMBLAY RD & TRAINYARDS DR (__3ZA80G),__3ZA80G,01 - Non intersection,03 - P.D. only,03 - Rear end,01 - Clear,01 - Daylight,01 - Dry,10 - No control,,3,0,0,0,,0,,,,,371835.3547,5030930.244,45.41509666,-75.64351058,8505
18--457,1/8/2018,12:00 PM,MARAVISTA DR @ STRANDHERD DR (0013565),13565,02 - Intersection related,02 - Non-fatal injury,03 - Rear end,03 - Snow,01 - Daylight,03 - Loose snow,01 - Traffic signal,01 - Functioning,2,0,0,0,02 - Minor,1,,1,,,361288.4381,5014584.958,45.26895318,-75.78011984,8506
18--4570,4/24/2018,3:56 PM,ROBERTSON RD btwn FITZGERALD RD & MOODIE DR (__3ZA411),__3ZA411,04 - At/near private drive,03 - P.D. only,05 - Turning movement,01 - Clear,01 - Daylight,01 - Dry,10 - No control,,2,0,0,0,,0,,,,,356956.6619,5020390.37,45.32152575,-75.8347089,8507
18--4571,4/24/2018,4:15 PM,RIDEAU ST @ WALLER ST (0011913),11913,02 - Intersection related,03 - P.D. only,03 - Rear end,01 - Clear,01 - Daylight,01 - Dry,01 - Traffic signal,01 - Functioning,2,0,0,0,,0,,,,,368282.3614,5032274.657,45.42752459,-75.6887281,8508
18--4572,4/24/2018,4:26 PM,AVIATION PKWY @ MONTREAL RD (0008799),8799,02 - Intersection related,03 - P.D. only,03 - Rear end,01 - Clear,01 - Daylight,01 - Dry,01 - Traffic signal,01 - Functioning,2,0,0,0,,0,,,,,372146.736,5034108.354,45.4436619,-75.63909798,8509
18--4573,4/24/2018,4:30 PM,DYNES RD btwn CLAYMOR AVE & MORLEY BLVD (__3ZAAQE),__3ZAAQE,01 - Non intersection,03 - P.D. only,05 - Turning movement,01 - Clear,01 - Daylight,01 - Dry,10 - No control,,2,0,0,0,,0,,,,,366944.2858,5025797.267,45.36936294,-75.70664243,8510
18--4574,4/24/2018,5:43 PM,RUSSELL AVE @ TEMPLETON ST (0007310),7310,03 - At intersection,03 - P.D. only,02 - Angle,01 - Clear,01 - Daylight,01 - Dry,02 - Stop sign,01 - Functioning,2,0,0,0,,0,,,,,369360.707,5031686.579,45.42213458,-75.67502591,8511
18--4575,4/24/2018,5:50 PM,MERIVALE RD @ SLACK RD (0000110),110,02 - Intersection related,03 - P.D. only,03 - Rear end,01 - Clear,01 - Daylight,01 - Dry,01 - Traffic signal,00 - Unknown,2,0,0,0,,0,,,,,366019.4145,5020955.269,45.32587683,-75.71904793,8512
18--4576,4/24/2018,7:11 AM,QUEEN ST btwn METCALFE ST & ELGIN ST (__3ZA2FO),__3ZA2FO,01 - Non intersection,03 - P.D. only,05 - Turning movement,01 - Clear,01 - Daylight,01 - Dry,10 - No control,,2,0,0,0,,0,,,,,367770.1239,5031756.484,45.42290854,-75.69533983,8513
18--4577,4/24/2018,7:20 AM,WILHAVEN DR btwn DUNNING RD & SARSFIELD RD (__3ZA5GU),__3ZA5GU,01 - Non intersection,03 - P.D. only,07 - SMV other,01 - Clear,01 - Daylight,01 - Dry,10 - No control,,1,0,0,0,,0,,,,,392516.3411,5040941.249,45.50287669,-75.37753526,8514
18--4578,4/24/2018,7:44 PM,HIGHWAY 417 btwn HWY 417 ANDERSON IC104R61 & HWY 417 BOUNDARY IC96R16 (__3ZA2W5),__3ZA2W5,01 - Non intersection,03 - P.D. only,07 - SMV other,01 - Clear,07 - Dark,01 - Dry,10 - No control,,1,0,0,0,,0,,,,,385758.2157,5024436.241,45.35519687,-75.46671432,8515
18--4579,4/24/2018,8:00 AM,INNES RD @ TENTH LINE RD (0004633),4633,02 - Intersection related,03 - P.D. only,03 - Rear end,01 - Clear,01 - Daylight,01 - Dry,01 - Traffic signal,01 - Functioning,2,0,0,0,,0,,,,,383951.7284,5036159.765,45.46088173,-75.48788505,8516
18--458,1/8/2018,12:05 PM,MARCH RD btwn 280 S OF CARLING AVE/STATION RD & RICHARDSON SIDE RD (__3ZA42DB),__3ZA42DB,01 - Non intersection,03 - P.D. only,03 - Rear end,03 - Snow,01 - Daylight,03 - Loose snow,10 - No control,,3,0,0,0,,0,,,,,351323.1486,5021820.33,45.3347888,-75.90642943,8517
18--4580,4/24/2018,8:10 PM,STRANDHERD DR @ LONGFIELDS DR (0010935),10935,02 - Intersection related,03 - P.D. only,03 - Rear end,01 - Clear,07 - Dark,01 - Dry,01 - Traffic signal,01 - Functioning,2,0,0,0,,0,,,,,364548.1307,5015173.262,45.27397737,-75.7385116,8518
18--4581,4/24/2018,8:26 AM,MACKENZIE AVE @ MURRAY ST (0011914),11914,02 - Intersection related,02 - Non-fatal injury,03 - Rear end,01 - Clear,01 - Daylight,01 - Dry,01 - Traffic signal,01 - Functioning,2,0,0,0,02 - Minor,2,,2,,,367639.366,5032384.109,45.42856746,-75.69693047,8519
18--4582,4/25/2018,1:23 PM,CASTLEFRANK RD @ HAZELDEAN RD (0003608),3608,02 - Intersection related,03 - P.D. only,03 - Rear end,02 - Rain,01 - Daylight,02 - Wet,01 - Traffic signal,01 - Functioning,2,0,0,0,,0,,,,,352677.4814,5017677.357,45.29741834,-75.88955141,8520
18--4478,4/20/2018,9:40 AM,BAYSHORE DR @ RICHMOND RD (0010407),10407,02 - Intersection related,03 - P.D. only,03 - Rear end,01 - Clear,01 - Daylight,01 - Dry,01 - Traffic signal,01 - Functioning,2,0,0,0,,0,,,,,359372.3986,5023368.711,45.34814132,-75.80356847,8521
18--4583,4/25/2018,1:56 PM,BANK ST @ LAURIER AVE (0002221),2221,02 - Intersection related,03 - P.D. only,04 - Sideswipe,01 - Clear,01 - Daylight,01 - Dry,01 - Traffic signal,01 - Functioning,2,0,0,0,,0,,,,,367480.7002,5031265.588,45.41851761,-75.6991003,8522
18--4584,4/25/2018,1:57 PM,CARLING AVE @ WOODROFFE AVE W (0011470),11470,02 - Intersection related,03 - P.D. only,03 - Rear end,02 - Rain,01 - Daylight,02 - Wet,01 - Traffic signal,01 - Functioning,2,0,0,0,,0,,,,,361767.5788,5025725.683,45.36915874,-75.7727329,8523
18--4585,4/25/2018,10:00 AM,PLACE D'ORLEANS DR W @ ST. JOSEPH BLVD (0008776),8776,02 - Intersection related,03 - P.D. only,03 - Rear end,02 - Rain,01 - Daylight,02 - Wet,01 - Traffic signal,01 - Functioning,2,0,0,0,,0,,,,,381601.9823,5037684.099,45.47485867,-75.51768859,8524
18--4586,4/25/2018,10:03 PM,HUNT CLUB RD WB btwn 275 E OF HAWTHORNE RD/OC TRANSPO TURNAROUND & HWY417 HUNT CLUB IC109 RAMP53 (e___1GZMB),e___1GZMB,01 - Non intersection,03 - P.D. only,04 - Sideswipe,01 - Clear,07 - Dark,01 - Dry,10 - No control,,2,0,0,0,,0,,,,,376408.016,5027323.554,45.38219266,-75.58561798,8525
18--4587,4/25/2018,10:17 AM,LEMIEUX ST @ ST. LAURENT BLVD (0002021),2021,02 - Intersection related,03 - P.D. only,03 - Rear end,02 - Rain,01 - Daylight,02 - Wet,01 - Traffic signal,01 - Functioning,2,0,0,0,,0,,,,,372391.4683,5031742.789,45.42235407,-75.63629464,8526
18--4588,4/25/2018,10:23 PM,KING EDWARD AVE @ MURRAY ST (0002713),2713,02 - Intersection related,02 - Non-fatal injury,07 - SMV other,02 - Rain,07 - Dark,02 - Wet,01 - Traffic signal,01 - Functioning,1,0,0,1,02 - Minor,1,,1,,,368291.6999,5032753.582,45.43183294,-75.68854703,8527
18--4589,4/25/2018,11:10 AM,ST. LAURENT BLVD @ TREMBLAY RD (0002573),2573,03 - At intersection,03 - P.D. only,02 - Angle,02 - Rain,01 - Daylight,02 - Wet,01 - Traffic signal,01 - Functioning,2,0,0,0,,0,,,,,372596.0346,5031241.205,45.41782126,-75.63374994,8528
18--459,1/8/2018,12:13 AM,MCCORDICK RD btwn MACKEY RD & COWELL RD (__3ZA0NM),__3ZA0NM,01 - Non intersection,03 - P.D. only,07 - SMV other,03 - Snow,07 - Dark,03 - Loose snow,10 - No control,,1,0,0,0,,0,,,,,367880.5685,4994720.699,45.08965305,-75.69862991,8529
18--4590,4/25/2018,11:12 AM,BANK ST @ RIVERSIDE DR N (0010778),10778,02 - Intersection related,03 - P.D. only,04 - Sideswipe,02 - Rain,01 - Daylight,02 - Wet,01 - Traffic signal,01 - Functioning,2,0,0,0,,0,,,,,369225.7158,5027983.545,45.3888284,-75.67723452,8530
18--4591,4/25/2018,11:25 AM,LAURIER AVE @ WALLER ST/TRANSITWAY (0002020),2020,03 - At intersection,03 - P.D. only,04 - Sideswipe,02 - Rain,01 - Daylight,02 - Wet,01 - Traffic signal,01 - Functioning,2,0,0,0,,0,,,,,368454.4112,5031859.78,45.42377603,-75.68658324,8531
18--4592,4/25/2018,11:55 AM,CHAMPLAIN ST @ PLACE D'ORLEANS DR (0003595),3595,02 - Intersection related,02 - Non-fatal injury,03 - Rear end,02 - Rain,01 - Daylight,02 - Wet,01 - Traffic signal,01 - Functioning,2,0,0,0,01 - Minimal,2,2,,,,381597.5333,5038180.615,45.47932638,-75.51766786,8532
18--4593,4/25/2018,12:04 PM,CLYDE AVE @ STARWOOD RD (0001670),1670,03 - At intersection,03 - P.D. only,02 - Angle,02 - Rain,01 - Daylight,02 - Wet,02 - Stop sign,01 - Functioning,2,0,0,0,,0,,,,,364459.3007,5024657.602,45.35932434,-75.73850141,8533
18--4594,4/25/2018,12:10 AM,HIGHWAY 416 btwn HWY416 IC66 RAMP34 & HWY416 IC72 RAMP53 (__3ZAZM6),__3ZAZM6,01 - Non intersection,03 - P.D. only,07 - SMV other,01 - Clear,07 - Dark,01 - Dry,10 - No control,,1,0,0,0,,0,,,,,359579.9797,5015522.095,45.27752081,-75.80178713,8534
18--4595,4/25/2018,12:45 PM,HERON RD @ ALTA VISTA DR (0007188),7188,02 - Intersection related,03 - P.D. only,05 - Turning movement,02 - Rain,01 - Daylight,02 - Wet,01 - Traffic signal,01 - Functioning,2,0,0,0,,0,,,,,370492.7222,5026902.538,45.37898419,-75.66119948,8535
18--4596,4/25/2018,12:52 PM,HEATHERINGTON RD btwn ALBION RD N & BANNERHILL PRIV (__3ZA9YH),__3ZA9YH,04 - At/near private drive,03 - P.D. only,02 - Angle,02 - Rain,01 - Daylight,02 - Wet,10 - No control,,2,0,0,0,,0,,,,,371146.1529,5026159.677,45.37223861,-75.65295683,8536
18--4597,4/25/2018,3:02 PM,BLAIR RD @ INNES RD (0004165),4165,02 - Intersection related,03 - P.D. only,03 - Rear end,02 - Rain,01 - Daylight,02 - Wet,01 - Traffic signal,01 - Functioning,3,0,0,0,,0,,,,,375579.0215,5031439.68,45.41931163,-75.5956116,8537
18--4598,4/25/2018,4:10 PM,HIGHWAY 417 btwn HWY417 IC126 RAMP16 & HWY417 IC126 RAMP61 (__3ZA2RC),__3ZA2RC,01 - Non intersection,03 - P.D. only,03 - Rear end,02 - Rain,01 - Daylight,02 - Wet,10 - No control,,2,0,0,0,,0,,,,,363095.7559,5025776.907,45.36951043,-75.75577232,8538
18--4599,4/25/2018,4:26 PM,HENDERSON AVE @ OSGOODE ST (0008461),8461,02 - Intersection related,03 - P.D. only,03 - Rear end,02 - Rain,01 - Daylight,02 - Wet,02 - Stop sign,01 - Functioning,2,0,0,0,,0,,,,,368919.865,5031895.464,45.4240546,-75.68063133,8539
18--46,1/2/2018,1:30 PM,HIGHWAY 417 btwn HWY417 IC126 RAMP61 & HWY417 IC124 RAMP76 (__3ZA2Y2),__3ZA2Y2,01 - Non intersection,03 - P.D. only,07 - SMV other,03 - Snow,01 - Daylight,04 - Slush,10 - No control,,1,0,0,0,,0,,,,,363191.5338,5025911.008,45.37070908,-75.75453383,8540
18--460,1/8/2018,12:15 PM,HIGHWAY 417 btwn HWY417 IC155 RAMP61 & HWY417 IC145 RAMP56 (__3ZA2Q2),__3ZA2Q2,01 - Non intersection,03 - P.D. only,07 - SMV other,03 - Snow,01 - Daylight,04 - Slush,10 - No control,,1,0,0,0,,0,,,,,340272.9509,5019151.572,45.31141981,-76.04760063,8541
18--4600,4/25/2018,4:30 PM,QUEEN ELIZABETH DRWY btwn PRESTON ST & CRESCENT HGTS (__3ZA217),__3ZA217,01 - Non intersection,03 - P.D. only,03 - Rear end,02 - Rain,01 - Daylight,02 - Wet,10 - No control,,2,0,0,0,,0,,,,,366949.8183,5028854.59,45.3968715,-75.70618689,8542
18--4601,4/25/2018,5:31 PM,FROBISHER LANE W @ RIVERSIDE DR (0011961),11961,02 - Intersection related,03 - P.D. only,03 - Rear end,02 - Rain,01 - Daylight,02 - Wet,01 - Traffic signal,01 - Functioning,2,0,0,0,,0,,,,,370118.5577,5029600.986,45.40329886,-75.6656193,8543
18--4602,4/25/2018,6:11 PM,HUNT CLUB RD @ LORRY GREENBERG DR/SABLE RIDGE  (0008203),8203,02 - Intersection related,03 - P.D. only,03 - Rear end,02 - Rain,05 - Dusk,02 - Wet,01 - Traffic signal,01 - Functioning,3,0,0,0,,0,,,,,372824.149,5024807.801,45.35991408,-75.63172237,8544
18--4603,4/25/2018,6:24 PM,PARKDALE AVE @ GLADSTONE AVE (0002362),2362,02 - Intersection related,03 - P.D. only,04 - Sideswipe,01 - Clear,01 - Daylight,01 - Dry,01 - Traffic signal,01 - Functioning,2,0,0,0,,0,,,,,365216.398,5029118.632,45.39939901,-75.72829274,8545
18--4604,4/25/2018,6:32 PM,KILBORN AVE btwn FEATHERSTON DR & PLAYFAIR DR (__3ZAZFO),__3ZAZFO,01 - Non intersection,02 - Non-fatal injury,07 - SMV other,02 - Rain,05 - Dusk,02 - Wet,10 - No control,,1,0,0,0,02 - Minor,1,,1,,,371447.4332,5027870.803,45.3876061,-75.64887982,8546
18--4605,4/25/2018,7:20 AM,ELGIN ST @ GLADSTONE AVE (0007272),7272,02 - Intersection related,03 - P.D. only,04 - Sideswipe,01 - Clear,01 - Daylight,01 - Dry,01 - Traffic signal,01 - Functioning,2,0,0,0,,0,,,,,368384.6275,5030844.359,45.41464597,-75.68760592,8547
18--4606,4/25/2018,7:20 AM,PRINCE OF WALES DR btwn 187 N OF MEADOWLANDS DR & MEADOWLANDS DR/HOG'S (__3ZA36WA),__3ZA36WA,04 - At/near private drive,03 - P.D. only,02 - Angle,02 - Rain,01 - Daylight,02 - Wet,10 - No control,,2,0,0,0,,0,,,,,367333.2049,5025805.509,45.36940251,-75.70167678,8548
18--4607,4/25/2018,7:47 PM,LAFONTAINE AVE @ RICHELIEU AVE (0009977),9977,03 - At intersection,03 - P.D. only,02 - Angle,02 - Rain,05 - Dusk,02 - Wet,02 - Stop sign,01 - Functioning,2,0,0,0,,0,,,,,370927.7053,5033170.592,45.43534072,-75.65480528,8549
18--4608,4/25/2018,7:50 AM,HIGHWAY 417 btwn HWY417 IC163 RAMP61 & HWY417 IC155 RAMP36 (__3ZA2QB),__3ZA2QB,01 - Non intersection,03 - P.D. only,07 - SMV other,02 - Rain,01 - Daylight,02 - Wet,10 - No control,,1,0,0,0,,0,,,,,334295.9436,5020717.083,45.32578359,-76.12373252,8550
18--4609,4/25/2018,8:05 AM,JOCKVALE RD @ FABLE ST/WEYBRIDGE DR E (0000722),722,03 - At intersection,03 - P.D. only,02 - Angle,02 - Rain,01 - Daylight,02 - Wet,11 - Roundabout,01 - Functioning,2,0,0,0,,0,,,,,362512.4732,5015143.432,45.27387898,-75.76445729,8551
18--461,1/8/2018,12:23 AM,AIRPORT PKWY @ HUNT CLUB RD (0010856),10856,03 - At intersection,03 - P.D. only,07 - SMV other,03 - Snow,07 - Dark,05 - Packed snow,01 - Traffic signal,01 - Functioning,1,0,0,0,,0,,,,,371018.1796,5023702.301,45.35014005,-75.65491974,8552
18--4610,4/25/2018,8:15 PM,WEST HUNT CLUB RD WB btwn MERIVALE RD & ROYDON PL (__3ZA3JR),__3ZA3JR,04 - At/near private drive,03 - P.D. only,02 - Angle,02 - Rain,07 - Dark,02 - Wet,10 - No control,,2,0,0,0,,0,,,,,365676.5716,5021982.619,45.33515061,-75.7232947,8553
18--4611,4/25/2018,8:20 PM,OLD INNES RD btwn BANTREE ST & SHEFFIELD RD (__3ZA2K1),__3ZA2K1,01 - Non intersection,02 - Non-fatal injury,03 - Rear end,02 - Rain,07 - Dark,02 - Wet,10 - No control,,2,0,0,0,01 - Minimal,1,1,,,,373980.7959,5030497.252,45.410992,-75.61616296,8554
18--4612,4/25/2018,8:23 PM,ELGIN ST @ WELLINGTON ST W (0002113),2113,03 - At intersection,02 - Non-fatal injury,07 - SMV other,02 - Rain,07 - Dark,02 - Wet,01 - Traffic signal,01 - Functioning,1,0,0,1,01 - Minimal,1,1,,,,367664.7035,5031877.577,45.42400758,-75.69667135,8555
18--4613,4/25/2018,8:37 PM,INDUSTRIAL AVE @ RUSSELL RD (0007732),7732,03 - At intersection,02 - Non-fatal injury,02 - Angle,02 - Rain,07 - Dark,02 - Wet,01 - Traffic signal,01 - Functioning,2,0,0,0,01 - Minimal,1,1,,,,372465.9801,5030280.112,45.40918637,-75.63554345,8556
18--4614,4/25/2018,8:45 AM,MOODIE DR btwn MOODIE DR & 340 S OF CARLING AVE/NORTEL NORTH ENT (__3ZA4Z7A),__3ZA4Z7A,01 - Non intersection,03 - P.D. only,03 - Rear end,02 - Rain,01 - Daylight,02 - Wet,10 - No control,,2,0,0,0,,0,,,,,355984.9129,5023667.141,45.35108202,-75.84676443,8557
18--4615,4/25/2018,8:50 AM,BRONSON AVE @ LAURIER AVE (0006342),6342,02 - Intersection related,02 - Non-fatal injury,02 - Angle,02 - Rain,01 - Daylight,02 - Wet,01 - Traffic signal,01 - Functioning,2,0,0,0,01 - Minimal,2,2,,,,366804.2989,5030862.336,45.41494954,-75.70779289,8558
18--4616,4/25/2018,9:00 AM,HWY 417 CASTLEFR IC139R61 @ KANATA AVE (0012625),12625,03 - At intersection,03 - P.D. only,02 - Angle,02 - Rain,01 - Daylight,02 - Wet,01 - Traffic signal,01 - Functioning,2,0,0,0,,0,,,,,351616.3572,5019224.831,45.31141441,-75.90293408,8559
18--4617,4/25/2018,9:00 AM,HIGHWAY 417 btwn HWY417 IC126 RAMP25 & HWY417 IC124 RAMP57 (__3ZA2R5),__3ZA2R5,01 - Non intersection,03 - P.D. only,03 - Rear end,02 - Rain,01 - Daylight,02 - Wet,10 - No control,,2,0,0,0,,0,,,,,363888.5762,5026793.502,45.37859121,-75.7455301,8560
18--4618,4/25/2018,9:35 PM,CYRVILLE RD @ OGILVIE RD (0003554),3554,03 - At intersection,02 - Non-fatal injury,07 - SMV other,02 - Rain,07 - Dark,02 - Wet,01 - Traffic signal,01 - Functioning,1,0,0,1,02 - Minor,1,,1,,,372453.7185,5032005.57,45.42471243,-75.63546319,8561
18--4619,4/25/2018,9:38 PM,ELGIN ST @ SOMERSET ST (0006936),6936,03 - At intersection,03 - P.D. only,05 - Turning movement,02 - Rain,07 - Dark,02 - Wet,01 - Traffic signal,01 - Functioning,2,0,0,0,,0,,,,,368164.6532,5031198.946,45.41785638,-75.69037057,8562
18--462,1/8/2018,12:30 PM,EVANS AVE btwn BANK ST & END (__3ZAZRR),__3ZAZRR,04 - At/near private drive,03 - P.D. only,02 - Angle,03 - Snow,01 - Daylight,03 - Loose snow,10 - No control,,2,0,0,0,,0,,,,,369874.6174,5027057.324,45.38043458,-75.66907054,8563