Anom_ID,Accident_Date,Accident_Time,Location,Geo_ID,Accident_Location,Classification_of_Accident,Initial_Impact_Type,Environment_Condition,Light,Road_Surface_Condition,Traffic_Control,Traffic_Control_Condition,No__of_Vehicles,No__of_Bicycles,No__of_Motorcycles,No__of_Pedestrians,Max_Injury,No__of_Injuries,No__of_Minimal,No__of_Minor,No__of_Major,No__of_Fatal,X,Y,Latitude,Longitude,ObjectId
18--4620,4/25/2018,9:44 AM,REGIONAL ROAD 174 btwn HWY417 IC113 RAMP67 & Continuation of REGIONAL  (__3ZA28A),__3ZA28A,01 - Non intersection,03 - P.D. only,03 - Rear end,02 - Rain,01 - Daylight,02 - Wet,10 - No control,,2,0,0,0,,0,,,,,373602.6637,5031948.036,45.42408271,-75.62079075,8564
18--4621,4/26/2018,1:10 PM,VANIER PKWY NB btwn BEECHWOOD AVE/ ST. PATRICK ST/CRICHTON ST & DESCHA (__3ZA4SV),__3ZA4SV,01 - Non intersection,03 - P.D. only,03 - Rear end,01 - Clear,01 - Daylight,01 - Dry,10 - No control,,2,0,0,0,,0,,,,,369829.9865,5033275.941,45.43639156,-75.66882008,8565
18--4622,4/26/2018,1:49 PM,COLONNADE RD @ MERIVALE RD (0004569),4569,02 - Intersection related,02 - Non-fatal injury,03 - Rear end,01 - Clear,01 - Daylight,01 - Dry,01 - Traffic signal,01 - Functioning,2,0,0,0,01 - Minimal,1,1,,,,365363.6465,5022544.398,45.34023251,-75.72721809,8566
18--4623,4/26/2018,10:00 AM,KING EDWARD AVE @ MURRAY ST (0002713),2713,02 - Intersection related,02 - Non-fatal injury,03 - Rear end,02 - Rain,01 - Daylight,02 - Wet,01 - Traffic signal,01 - Functioning,3,0,0,0,01 - Minimal,1,1,,,,368291.9341,5032754.187,45.43183836,-75.68854396,8567
18--4624,4/26/2018,11:00 AM,HAZELDEAN RD @ TERRY FOX DR (0003682),3682,02 - Intersection related,03 - P.D. only,04 - Sideswipe,01 - Clear,01 - Daylight,01 - Dry,01 - Traffic signal,01 - Functioning,2,0,0,0,,0,,,,,352207.6108,5017242.451,45.29353681,-75.8955836,8568
18--4625,4/26/2018,11:51 AM,FISHER AVE @ VIEWMOUNT DR (0005076),5076,03 - At intersection,03 - P.D. only,02 - Angle,01 - Clear,01 - Daylight,01 - Dry,01 - Traffic signal,01 - Functioning,2,0,0,0,,0,,,,,366918.7484,5024209.63,45.35507998,-75.70716798,8569
18--4626,4/26/2018,Unknown,FOUNTAINHEAD DR btwn STARCROSS ST & WINTERHAVEN DR (__7NHFJG),__7NHFJG,01 - Non intersection,03 - P.D. only,06 - SMV unattended vehicle,01 - Clear,00 - Unknown,01 - Dry,10 - No control,,1,0,0,0,,0,,,,,381996.178,5032101.572,45.42458821,-75.51352353,8570
18--4627,4/26/2018,12:11 PM,BELL ST @ STITTSVILLE MAIN ST (0000080),80,03 - At intersection,02 - Non-fatal injury,02 - Angle,01 - Clear,01 - Daylight,01 - Dry,02 - Stop sign,01 - Functioning,2,0,0,0,01 - Minimal,1,1,,,,350724.0811,5012792.03,45.253589,-75.91490829,8571
18--4628,4/26/2018,12:16 PM,CYRVILLE RD @ INNES RD (0009352),9352,02 - Intersection related,03 - P.D. only,04 - Sideswipe,02 - Rain,01 - Daylight,02 - Wet,01 - Traffic signal,01 - Functioning,2,0,0,0,,0,,,,,375047.7244,5031119.564,45.41648495,-75.60244511,8572
18--4629,4/26/2018,2:07 PM,BASELINE RD @ DEERFIELD DR (0002194),2194,02 - Intersection related,03 - P.D. only,03 - Rear end,01 - Clear,01 - Daylight,01 - Dry,02 - Stop sign,01 - Functioning,2,0,0,0,,0,,,,,363372.0655,5024271.745,45.35594412,-75.75242354,8573
18--463,1/8/2018,12:42 PM,MURRAY ST @ SUSSEX DR (0011912),11912,03 - At intersection,03 - P.D. only,02 - Angle,03 - Snow,01 - Daylight,04 - Slush,01 - Traffic signal,01 - Functioning,2,0,0,0,,0,,,,,367707.8775,5032394.497,45.42865477,-75.69605368,8574
18--4630,4/26/2018,2:27 PM,BANK ST @ HUNT CLUB RD (0002119),2119,02 - Intersection related,03 - P.D. only,03 - Rear end,01 - Clear,01 - Daylight,01 - Dry,01 - Traffic signal,01 - Functioning,2,0,0,0,,0,,,,,371608.4869,5024096.419,45.35363021,-75.64733379,8575
18--4631,4/26/2018,3:31 PM,DONALD ST @ VANIER PKWY (0007644),7644,02 - Intersection related,03 - P.D. only,03 - Rear end,02 - Rain,01 - Daylight,02 - Wet,01 - Traffic signal,01 - Functioning,2,0,0,0,,0,,,,,370311.7593,5032271.16,45.42730599,-75.66279665,8576
18--4632,4/26/2018,3:36 PM,HIGHWAY 417 btwn HWY417 IC118 RAMP57 & HWY417 IC118 RAMP35 (__3ZA2YQ),__3ZA2YQ,01 - Non intersection,03 - P.D. only,03 - Rear end,01 - Clear,01 - Daylight,01 - Dry,10 - No control,,2,0,0,0,,0,,,,,369262.8671,5030908.14,45.4151395,-75.67637784,8577
18--4633,4/26/2018,3:39 PM,HIGHWAY 417 btwn HWY417 IC118 RAMP57 & HWY417 IC118 RAMP35 (__3ZA2YQ),__3ZA2YQ,01 - Non intersection,03 - P.D. only,03 - Rear end,01 - Clear,01 - Daylight,01 - Dry,10 - No control,,2,0,0,0,,0,,,,,369116.9015,5030807.726,45.41424944,-75.67825571,8578
18--4634,4/26/2018,4:11 PM,WALKLEY RD btwn HARDING RD & HALIFAX DR (__3ZA2EK),__3ZA2EK,01 - Non intersection,03 - P.D. only,03 - Rear end,01 - Clear,01 - Daylight,01 - Dry,10 - No control,,3,0,0,0,,0,,,,,373558.4621,5027851.943,45.38723235,-75.62192672,8579
18--4635,4/26/2018,4:11 PM,FALLOWFIELD RD @ STRANDHERD DR (0005238),5238,02 - Intersection related,03 - P.D. only,03 - Rear end,01 - Clear,01 - Daylight,01 - Dry,01 - Traffic signal,01 - Functioning,2,0,0,0,,0,,,,,360751.9006,5014962.31,45.27239152,-75.78691434,8580
18--4636,4/26/2018,4:17 PM,PRINCE OF WALES DR @ STRANDHERD DR (0013339),13339,02 - Intersection related,03 - P.D. only,03 - Rear end,02 - Rain,01 - Daylight,02 - Wet,01 - Traffic signal,01 - Functioning,2,0,0,0,,0,,,,,367175.3071,5014824.242,45.27060878,-75.70507532,8581
18--4637,4/26/2018,4:31 PM,BAY ST @ SLATER ST (0005127),5127,03 - At intersection,03 - P.D. only,05 - Turning movement,01 - Clear,01 - Daylight,01 - Dry,01 - Traffic signal,01 - Functioning,2,0,0,0,,0,,,,,366983.9318,5031078.671,45.41688012,-75.70547071,8582
18--4638,4/26/2018,4:45 PM,GREENBANK RD btwn 220 N OF STRANDHERD DR & STRANDHERD DR (__3ZA4JFB),__3ZA4JFB,01 - Non intersection,03 - P.D. only,03 - Rear end,01 - Clear,01 - Daylight,01 - Dry,10 - No control,,2,0,0,0,,0,,,,,363889.9021,5014890,45.2714842,-75.74693369,8583
18--4639,4/26/2018,4:56 PM,REGIONAL ROAD 174 btwn OR174 IC101 RAMP63 & OR174 IC101 RAMP45 (__3ZA11Q),__3ZA11Q,01 - Non intersection,02 - Non-fatal injury,07 - SMV other,01 - Clear,01 - Daylight,01 - Dry,10 - No control,,1,0,0,0,03 - Major,1,,,1,,383195.9925,5039180.711,45.48814668,-75.49706512,8584
18--464,1/8/2018,12:55 PM,FALLOWFIELD RD @ STRANDHERD DR (0005238),5238,02 - Intersection related,02 - Non-fatal injury,03 - Rear end,03 - Snow,01 - Daylight,04 - Slush,01 - Traffic signal,01 - Functioning,2,0,0,0,02 - Minor,1,,1,,,360752.2242,5014962.154,45.27239009,-75.78691023,8585
18--4640,4/26/2018,5:13 PM,INNES RD @ 298 E OF WILDFLOWER DR/LOBLAWS SC (0012918),12918,03 - At intersection,03 - P.D. only,05 - Turning movement,01 - Clear,01 - Daylight,01 - Dry,01 - Traffic signal,01 - Functioning,2,0,0,0,,0,,,,,383191.1457,5035796.716,45.45770109,-75.49766701,8586
18--4641,4/26/2018,5:25 PM,HIGHWAY 417 btwn HWY417 IC122 RAMP15 & HWY417 IC121B RAMP51 (__3ZA2RB),__3ZA2RB,01 - Non intersection,03 - P.D. only,03 - Rear end,01 - Clear,01 - Daylight,01 - Dry,10 - No control,,2,0,0,0,,0,,,,,366534.7746,5029501.274,45.40272691,-75.71140662,8587
18--4642,4/26/2018,6:06 PM,INNES RD btwn PAGE RD & 473 E OF PAGE RD/BUILDERS' WAREHOUSE SC (__3ZAYFDA),__3ZAYFDA,01 - Non intersection,03 - P.D. only,05 - Turning movement,01 - Clear,01 - Daylight,01 - Dry,10 - No control,,2,0,0,0,,0,,,,,381126.5927,5034678.92,45.44787263,-75.52423457,8588
18--4643,4/26/2018,6:11 PM,RICHMOND RD @ WOODROFFE AVE (0011466),11466,03 - At intersection,02 - Non-fatal injury,05 - Turning movement,01 - Clear,01 - Daylight,01 - Dry,01 - Traffic signal,01 - Functioning,2,1,0,0,01 - Minimal,1,1,,,,361584.5442,5026654.735,45.37753312,-75.77496258,8589
18--4644,4/26/2018,6:28 PM,PARKDALE AVE @ TYNDALL ST (0006515),6515,03 - At intersection,03 - P.D. only,02 - Angle,01 - Clear,01 - Daylight,01 - Dry,02 - Stop sign,01 - Functioning,2,0,0,0,,0,,,,,365263.6324,5029013.268,45.39844689,-75.72770238,8590
18--4645,4/26/2018,6:36 PM,MCARTHUR AVE @ IRWIN MILLER ST (0009812),9812,02 - Intersection related,03 - P.D. only,07 - SMV other,01 - Clear,01 - Daylight,01 - Dry,01 - Traffic signal,01 - Functioning,1,0,0,0,,0,,,,,371078.7165,5032784.575,45.43185322,-75.65292734,8591
18--4646,4/26/2018,7:00 PM,BELMEADE RD btwn 4TH LINE RD & 5TH LINE RD (__3ZA2SY),__3ZA2SY,01 - Non intersection,03 - P.D. only,07 - SMV other,01 - Clear,01 - Daylight,01 - Dry,10 - No control,,1,0,0,0,,0,,,,,383409.5125,4998788.149,45.12469617,-75.50074025,8592
18--4647,4/26/2018,7:12 AM,BANK ST @ FIFTH AVE (0007247),7247,02 - Intersection related,03 - P.D. only,04 - Sideswipe,02 - Rain,01 - Daylight,02 - Wet,01 - Traffic signal,01 - Functioning,2,0,0,0,,0,,,,,368398.7137,5029400.558,45.40165384,-75.68761222,8593
18--4648,4/26/2018,7:38 AM,PRINCE OF WALES DR @ WEST HUNT CLUB RD (0000567),567,02 - Intersection related,03 - P.D. only,03 - Rear end,02 - Rain,01 - Daylight,02 - Wet,01 - Traffic signal,01 - Functioning,2,0,0,0,,0,,,,,367458.1986,5021892.045,45.33417881,-75.70057713,8594
18--4649,4/26/2018,7:40 AM,RICHARDSON SIDE RD btwn GREY STONE DR & PENNYCROSS LANE (__5RGDWM),__5RGDWM,01 - Non intersection,03 - P.D. only,07 - SMV other,02 - Rain,01 - Daylight,02 - Wet,10 - No control,,1,0,0,0,,0,,,,,343860.4854,5014996.943,45.27384432,-76.00217634,8595
18--465,1/8/2018,2:00 PM,HIGHWAY 417 btwn HWY417 IC126 RAMP51 & HWY417 IC126 RAMP25 (__3ZA2RD),__3ZA2RD,01 - Non intersection,03 - P.D. only,07 - SMV other,03 - Snow,01 - Daylight,04 - Slush,10 - No control,,1,0,0,0,,0,,,,,363265.7543,5025962.13,45.37116288,-75.75358032,8596
18--4650,4/26/2018,7:45 AM,EAGLESON RD @ HAZELDEAN RD/ROBERTSON RD (0002715),2715,02 - Intersection related,03 - P.D. only,03 - Rear end,02 - Rain,01 - Daylight,02 - Wet,01 - Traffic signal,01 - Functioning,2,0,0,0,,0,,,,,353673.5606,5018424.887,45.30407619,-75.87677823,8597
18--4651,4/26/2018,8:20 AM,RICHMOND RD @ WEST HUNT CLUB RD (0000598),598,02 - Intersection related,03 - P.D. only,03 - Rear end,02 - Rain,01 - Daylight,02 - Wet,01 - Traffic signal,00 - Unknown,2,0,0,0,,0,,,,,357145.1915,5018152.78,45.30137761,-75.83254063,8598
18--4652,4/26/2018,8:45 PM,SMYTH RD @ SMYTH RD NORTH SIDE RAMP/SMYTH RD S (0006582),6582,02 - Intersection related,03 - P.D. only,03 - Rear end,01 - Clear,07 - Dark,01 - Dry,03 - Yield sign,01 - Functioning,2,0,0,0,,0,,,,,369916.9489,5029120.75,45.39899666,-75.66825779,8599
18--4653,4/26/2018,9:00 AM,HIGHWAY 416 btwn HWY416 IC66 RAMP34 & HWY416 IC66 RAMP63 (__3ZAZM2),__3ZAZM2,01 - Non intersection,03 - P.D. only,07 - SMV other,01 - Clear,01 - Daylight,01 - Dry,10 - No control,,1,0,0,0,,0,,,,,359783.2785,5015194.337,45.27455573,-75.79923243,8600
18--4654,4/26/2018,9:07 PM,FROBISHER LANE W @ RIVERSIDE DR (0011961),11961,02 - Intersection related,03 - P.D. only,03 - Rear end,01 - Clear,07 - Dark,01 - Dry,01 - Traffic signal,01 - Functioning,2,0,0,0,,0,,,,,370119.0881,5029601.064,45.40329952,-75.66561252,8601
18--4655,4/27/2018,1:26 PM,WEST HUNT CLUB RD @ ANTARES DR/LASER ST (0000116),116,02 - Intersection related,03 - P.D. only,03 - Rear end,01 - Clear,01 - Daylight,01 - Dry,01 - Traffic signal,01 - Functioning,3,0,0,0,,0,,,,,367108.0949,5022080.995,45.33591013,-75.7050197,8602
18--4656,4/27/2018,1:49 AM,METCALFE ST @ SLATER ST (0002233),2233,03 - At intersection,02 - Non-fatal injury,02 - Angle,01 - Clear,07 - Dark,01 - Dry,01 - Traffic signal,01 - Functioning,2,0,0,0,02 - Minor,1,,1,,,367731.6966,5031549.576,45.42105031,-75.69585725,8603
18--4657,4/27/2018,1:55 PM,HIGHWAY 417 btwn TRANSIT & HWY417 IC127 RAMP35 (__3ZA2SK),__3ZA2SK,01 - Non intersection,03 - P.D. only,03 - Rear end,01 - Clear,01 - Daylight,01 - Dry,10 - No control,,2,0,0,0,,0,,,,,361872.4524,5024628.394,45.35927689,-75.77152089,8604
18--4208,4/12/2018,3:00 PM,HIGHWAY 417 btwn HWY417 IC119A RAMP67 & HWY417 IC118 RAMP76 (__3ZA2YS),__3ZA2YS,01 - Non intersection,03 - P.D. only,03 - Rear end,02 - Rain,01 - Daylight,02 - Wet,10 - No control,,2,0,0,0,,0,,,,,368632.0368,5030557.446,45.4120419,-75.68448236,8605
18--4209,4/12/2018,3:13 PM,OLD TENTH LINE RD @ TENTH LINE RD (0009223),9223,02 - Intersection related,03 - P.D. only,03 - Rear end,02 - Rain,01 - Daylight,02 - Wet,01 - Traffic signal,01 - Functioning,2,0,0,0,,0,,,,,383040.2729,5038358.282,45.48076469,-75.499188,8606
18--4299,4/15/2018,12:52 PM,BELL ST    S btwn HENRY ST & POWELL AVE (__3ZA0PK),__3ZA0PK,01 - Non intersection,03 - P.D. only,06 - SMV unattended vehicle,04 - Freezing Rain,01 - Daylight,06 - Ice,10 - No control,,1,0,0,0,,0,,,,,367189.2128,5029417.613,45.40191613,-75.70305829,8607
18--4118,4/9/2018,3:05 PM,CARLING AVE @ KIRKWOOD AVE N (0002358),2358,02 - Intersection related,03 - P.D. only,04 - Sideswipe,01 - Clear,01 - Daylight,01 - Dry,01 - Traffic signal,01 - Functioning,2,0,0,0,,0,,,,,364275.6918,5027493.534,45.38485722,-75.74050333,8608
18--4479,4/20/2018,9:46 AM,LAURIER AVE @ NICHOLAS ST (0010711),10711,03 - At intersection,03 - P.D. only,02 - Angle,01 - Clear,01 - Daylight,01 - Dry,01 - Traffic signal,01 - Functioning,2,0,0,0,,0,,,,,368373.4205,5031798.688,45.42323372,-75.68762597,8609
18--421,1/7/2018,6:58 PM,HWY417 IC118 RAMP76 btwn HIGHWAY 417 & HWY417 IC118 RAMP43 (__3ZAY9N),__3ZAY9N,01 - Non intersection,03 - P.D. only,03 - Rear end,03 - Snow,07 - Dark,04 - Slush,10 - No control,,2,0,0,0,,0,,,,,369377.4282,5031035.877,45.41627826,-75.67489754,8610
18--43,1/2/2018,1:20 PM,HIGHWAY 417 btwn HWY417 IC127 RAMP63 & HWY417 IC127 RAMP67 (__3ZA2RF),__3ZA2RF,01 - Non intersection,03 - P.D. only,07 - SMV other,01 - Clear,01 - Daylight,04 - Slush,10 - No control,,1,0,0,0,,0,,,,,362152.4812,5024874.447,45.361468,-75.76791831,8611
18--4119,4/9/2018,3:15 PM,CLARE ST @ KIRKWOOD AVE (0006079),6079,02 - Intersection related,03 - P.D. only,03 - Rear end,01 - Clear,01 - Daylight,01 - Dry,01 - Traffic signal,01 - Functioning,2,0,0,0,,0,,,,,364067.7416,5027973.551,45.38919396,-75.74310095,8612
18--448,1/8/2018,11:30 AM,HIGHWAY 417 btwn HWY417 IC118 RAMP67 & HWY417 IC117 RAMP36 (__3ZA2YO),__3ZA2YO,01 - Non intersection,03 - P.D. only,07 - SMV other,03 - Snow,01 - Daylight,03 - Loose snow,10 - No control,,1,0,0,0,,0,,,,,370215.1526,5031117.447,45.41693438,-75.66418429,8613
18--4210,4/12/2018,3:20 PM,PRINCE OF WALES DR btwn 187 N OF MEADOWLANDS DR & MEADOWLANDS DR/HOG'S (__3ZA36WA),__3ZA36WA,04 - At/near private drive,03 - P.D. only,02 - Angle,02 - Rain,01 - Daylight,02 - Wet,10 - No control,,2,0,0,0,,0,,,,,367334.6367,5025802.188,45.3693725,-75.70165892,8614
18--4211,4/12/2018,3:21 AM,GREENBANK RD btwn WEST HUNT CLUB RD & FALLOWFIELD RD (__3ZA1NE),__3ZA1NE,01 - Non intersection,03 - P.D. only,07 - SMV other,01 - Clear,07 - Dark,06 - Ice,10 - No control,,1,0,0,0,,0,,,,,362684.4711,5017650.978,45.29642781,-75.76197284,8615
18--4212,4/12/2018,3:30 PM,HWY 417 INNES IC112R55 @ INNES RD (0012296),12296,02 - Intersection related,03 - P.D. only,03 - Rear end,02 - Rain,01 - Daylight,02 - Wet,10 - No control,,2,0,0,0,,0,,,,,374195.3093,5030695.215,45.41275193,-75.61339485,8616
18--4213,4/12/2018,4:00 PM,ROGER GUINDON AVE @ SMYTH RD (0006971),6971,02 - Intersection related,03 - P.D. only,03 - Rear end,02 - Rain,01 - Daylight,02 - Wet,01 - Traffic signal,00 - Unknown,2,0,0,0,,0,,,,,371932.8647,5029226.161,45.39975471,-75.6424969,8617
18--4214,4/12/2018,4:02 PM,MOODIE DR @ ROBERTSON RD (0010545),10545,03 - At intersection,02 - Non-fatal injury,02 - Angle,02 - Rain,01 - Daylight,02 - Wet,01 - Traffic signal,01 - Functioning,3,0,0,0,02 - Minor,2,1,1,,,357066.6521,5020455.478,45.32210342,-75.83329913,8618
18--4215,4/12/2018,4:02 PM,HOLLAND AVE @ ISLAND PARK DR/N.C.C. DRIVEWAY (0010787),10787,02 - Intersection related,02 - Non-fatal injury,03 - Rear end,02 - Rain,01 - Daylight,02 - Wet,01 - Traffic signal,01 - Functioning,2,0,0,0,02 - Minor,1,,1,,,365425.4992,5027917.48,45.38857323,-75.72576971,8619
18--4216,4/12/2018,4:13 PM,ALBION RD    N btwn HEATHERINGTON RD & LILIBET CRES S (__4BTIUG),__4BTIUG,04 - At/near private drive,03 - P.D. only,02 - Angle,02 - Rain,01 - Daylight,02 - Wet,10 - No control,,2,0,0,0,,0,,,,,371148.4592,5026074.294,45.37147015,-75.65293886,8620
18--4217,4/12/2018,4:20 PM,BRONSON AVE @ SUNNYSIDE AVE/UNIVERSITY RD - CA (0007209),7209,02 - Intersection related,03 - P.D. only,04 - Sideswipe,02 - Rain,01 - Daylight,02 - Wet,01 - Traffic signal,01 - Functioning,2,0,0,0,,0,,,,,367922.7102,5028091.547,45.38991882,-75.69385941,8621
18--4218,4/12/2018,4:38 PM,STITTSVILLE MAIN ST @ HAZELDEAN RD (0000050),50,03 - At intersection,02 - Non-fatal injury,07 - SMV other,"07 - Fog, mist, smoke, dust",01 - Daylight,01 - Dry,01 - Traffic signal,01 - Functioning,1,0,0,1,02 - Minor,1,,1,,,349558.3979,5014878.717,45.27244088,-75.92957082,8622
18--4219,4/12/2018,4:58 PM,BLAIR RD @ OGILVIE RD (0004120),4120,02 - Intersection related,03 - P.D. only,03 - Rear end,02 - Rain,01 - Daylight,02 - Wet,01 - Traffic signal,01 - Functioning,2,0,0,0,,0,,,,,374505.9815,5033198.575,45.43524495,-75.60907189,8623
18--422,1/7/2018,7:00 PM,FORESTBROOK ST btwn HUNTERBROOK ST N & STATEWOOD DR (__5GNZGT),__5GNZGT,04 - At/near private drive,03 - P.D. only,06 - SMV unattended vehicle,03 - Snow,07 - Dark,03 - Loose snow,10 - No control,,1,0,0,0,,0,,,,,348587.307,5023026.529,45.34581855,-75.94122648,8624
18--4220,4/12/2018,5:05 PM,EAGLESON RD @ HAZELDEAN RD/ROBERTSON RD (0002715),2715,02 - Intersection related,03 - P.D. only,04 - Sideswipe,02 - Rain,01 - Daylight,02 - Wet,01 - Traffic signal,01 - Functioning,2,0,0,0,,0,,,,,353673.6248,5018424.46,45.30407235,-75.87677745,8625
18--4221,4/12/2018,5:12 PM,CARLING AVE @ PRESTON ST (0002161),2161,02 - Intersection related,03 - P.D. only,03 - Rear end,02 - Rain,01 - Daylight,02 - Wet,01 - Traffic signal,01 - Functioning,2,0,0,0,,0,,,,,366830.7553,5028935.553,45.39761054,-75.70769731,8626
18--4222,4/12/2018,5:43 PM,HIGHWAY 417 btwn HWY417 IC122 RAMP15 & HWY417 IC121B RAMP51 (__3ZA2RB),__3ZA2RB,01 - Non intersection,03 - P.D. only,04 - Sideswipe,02 - Rain,01 - Daylight,02 - Wet,10 - No control,,2,0,0,0,,0,,,,,365949.5303,5029257.727,45.4005869,-75.71891196,8627
18--4223,4/12/2018,5:50 PM,HIGHWAY 417 btwn HWY417 IC117 RAMP25 & HWY417 IC115 RAMP51 (__3ZA2R3),__3ZA2R3,01 - Non intersection,03 - P.D. only,03 - Rear end,02 - Rain,01 - Daylight,02 - Wet,10 - No control,,2,0,0,0,,0,,,,,371465.4477,5031390.337,45.41927172,-75.64817399,8628
18--4224,4/12/2018,5:56 PM,PARKDALE AVE @ SCOTT ST (0002213),2213,02 - Intersection related,03 - P.D. only,03 - Rear end,02 - Rain,01 - Daylight,02 - Wet,01 - Traffic signal,01 - Functioning,2,0,0,0,,0,,,,,364950.052,5029726.56,45.40489194,-75.73162036,8629
18--4225,4/12/2018,6:00 PM,JAMIE AVE @ SUNDERLAND ST (0004576),4576,03 - At intersection,03 - P.D. only,02 - Angle,02 - Rain,01 - Daylight,02 - Wet,02 - Stop sign,01 - Functioning,2,0,0,0,,0,,,,,366064.7026,5022022.506,45.33547573,-75.71833818,8630
18--4226,4/12/2018,6:00 PM,COOPER ST btwn LYON ST N & WALSINGHAM PRIV (__3ZA9T8),__3ZA9T8,01 - Non intersection,03 - P.D. only,06 - SMV unattended vehicle,01 - Clear,01 - Daylight,01 - Dry,10 - No control,,1,0,0,0,,0,,,,,367447.6157,5030869.026,45.41495243,-75.69957341,8631
18--4227,4/12/2018,6:17 PM,OGILVIE RD btwn AVIATION PKWY & MATHESON RD (__3ZA2DL),__3ZA2DL,01 - Non intersection,03 - P.D. only,03 - Rear end,02 - Rain,01 - Daylight,02 - Wet,10 - No control,,2,0,0,0,,0,,,,,373126.3936,5032383.554,45.42804797,-75.62681574,8632
18--4228,4/12/2018,6:19 AM,MCCURDY DR @ SEWELL WAY (0003495),3495,03 - At intersection,03 - P.D. only,07 - SMV other,01 - Clear,03 - Dawn,01 - Dry,02 - Stop sign,01 - Functioning,1,0,0,0,,0,,,,,351957.611,5018573.454,45.30553033,-75.89864416,8633
18--4229,4/12/2018,6:36 PM,GOLDRIDGE DR btwn KINMOUNT PRIV & HEMLO CRES (__4LO03B),__4LO03B,04 - At/near private drive,03 - P.D. only,02 - Angle,02 - Rain,01 - Daylight,02 - Wet,10 - No control,,2,0,0,0,,0,,,,,350102.6125,5019607.85,45.31496021,-75.92220338,8634
18--423,1/7/2018,7:23 AM,CARLING AVE EB @ SAIGON CRT (0008796),8796,03 - At intersection,03 - P.D. only,07 - SMV other,01 - Clear,03 - Dawn,06 - Ice,02 - Stop sign,01 - Functioning,1,0,0,0,,0,,,,,364069.0433,5027114.564,45.38146483,-75.74318748,8635
18--4230,4/12/2018,6:55 AM,OLD MONTREAL RD btwn QUIGLEY HILL RD & CHEVALIER CRT (__3ZA3M2),__3ZA3M2,01 - Non intersection,03 - P.D. only,07 - SMV other,02 - Rain,03 - Dawn,02 - Wet,10 - No control,,1,0,0,0,,0,,,,,389085.1351,5041916.971,45.51207808,-75.42126711,8636
18--4231,4/12/2018,8:08 AM,LARIMAR CIR btwn LARIMAR CIR & LARIMAR CIR (e___2IZF),e___2IZF,04 - At/near private drive,03 - P.D. only,06 - SMV unattended vehicle,01 - Clear,01 - Daylight,01 - Dry,10 - No control,,1,0,0,0,,0,,,,,369417.372,5015458.85,45.27611646,-75.67642227,8637
18--4232,4/12/2018,8:24 AM,BANK ST @ ROSEBELLA AVE (0009238),9238,03 - At intersection,03 - P.D. only,02 - Angle,01 - Clear,01 - Daylight,01 - Dry,01 - Traffic signal,01 - Functioning,2,0,0,0,,0,,,,,373205.743,5023550.513,45.34856436,-75.62702613,8638
18--4233,4/12/2018,8:30 AM,MCRAE AVE @ RICHMOND RD (0006867),6867,02 - Intersection related,03 - P.D. only,03 - Rear end,04 - Freezing Rain,01 - Daylight,02 - Wet,01 - Traffic signal,01 - Functioning,2,0,0,0,,0,,,,,363609.3415,5028539.252,45.39432268,-75.74888718,8639
18--4234,4/12/2018,8:30 PM,HARTHILL WAY @ TARTAN DR (0000751),751,02 - Intersection related,03 - P.D. only,07 - SMV other,02 - Rain,07 - Dark,02 - Wet,02 - Stop sign,01 - Functioning,1,0,0,0,,0,,,,,362489.6839,5013843.416,45.26218323,-75.76489872,8640
18--4235,4/12/2018,9:02 AM,DUNNING RD btwn COLONIAL RD & WATSON RD (__3ZA3K4),__3ZA3K4,01 - Non intersection,03 - P.D. only,07 - SMV other,03 - Snow,01 - Daylight,02 - Wet,10 - No control,,1,0,0,0,,0,,,,,394251.1225,5033023.067,45.43141898,-75.35678158,8641
18--4236,4/12/2018,9:40 AM,EAGLESON RD btwn MARCH RD & HWY417 IC138 RAMP35 (__3ZAZEV),__3ZAZEV,01 - Non intersection,03 - P.D. only,03 - Rear end,01 - Clear,01 - Daylight,02 - Wet,10 - No control,,2,0,0,0,,0,,,,,352953.9058,5020201.941,45.32011621,-75.88578183,8642
18--8113,8/2/2018,3:34 PM,PRINCE OF WALES DR @ MEADOWLANDS DR/HOG'S BACK (0001629),1629,02 - Intersection related,03 - P.D. only,04 - Sideswipe,01 - Clear,01 - Daylight,01 - Dry,01 - Traffic signal,01 - Functioning,2,0,0,0,,0,,,,,367371.9189,5025693.477,45.36839102,-75.70119678,12538
18--4238,4/13/2018,1:30 PM,ROBERTSON RD btwn WESTCLIFFE RD & FITZGERALD RD (__3ZA41Z),__3ZA41Z,04 - At/near private drive,03 - P.D. only,02 - Angle,01 - Clear,01 - Daylight,01 - Dry,10 - No control,,2,0,0,0,,0,,,,,356599.8997,5020173.329,45.31959921,-75.83928202,8644
18--4239,4/13/2018,10:22 PM,HUNTMAR DR btwn OLD CARP RD & BRADLEY SIDE RD (__3ZACWD),__3ZACWD,01 - Non intersection,03 - P.D. only,07 - SMV other,01 - Clear,07 - Dark,01 - Dry,10 - No control,,1,0,0,0,,0,,,,,347881.6108,5019361.144,45.31288005,-75.9505505,8645
18--424,1/7/2018,7:35 AM,OTTAWA RIVER PKWY btwn TRANSITWAY - TIME POINT & VIMY PLACE PRIV (__5VHJ2QA),__5VHJ2QA,01 - Non intersection,02 - Non-fatal injury,07 - SMV other,00 - Unknown,03 - Dawn,06 - Ice,10 - No control,,1,0,0,0,01 - Minimal,1,1,,,,365913.5887,5030742.975,45.41395392,-75.71918691,8646