Anom_ID,Accident_Date,Accident_Time,Location,Geo_ID,Accident_Location,Classification_of_Accident,Initial_Impact_Type,Environment_Condition,Light,Road_Surface_Condition,Traffic_Control,Traffic_Control_Condition,No__of_Vehicles,No__of_Bicycles,No__of_Motorcycles,No__of_Pedestrians,Max_Injury,No__of_Injuries,No__of_Minimal,No__of_Minor,No__of_Major,No__of_Fatal,X,Y,Latitude,Longitude,ObjectId
18--4240,4/13/2018,10:40 AM,MONTREAL RD @ GRANVILLE ST/LAFONTAINE AVE (0009348),9348,02 - Intersection related,03 - P.D. only,03 - Rear end,01 - Clear,01 - Daylight,01 - Dry,01 - Traffic signal,01 - Functioning,2,0,0,0,,0,,,,,370824.6202,5033471.619,45.43805897,-75.65608232,8647
18--4241,4/13/2018,11:00 AM,KING EDWARD AVE @ ST. PATRICK ST (0002714),2714,02 - Intersection related,03 - P.D. only,04 - Sideswipe,01 - Clear,01 - Daylight,01 - Dry,01 - Traffic signal,01 - Functioning,2,0,0,0,,0,,,,,368248.7008,5032823.589,45.43246674,-75.6890875,8648
18--4242,4/13/2018,11:12 PM,BRONSON AVE @ CATHERINE ST/RAYMOND ST (0007198),7198,03 - At intersection,03 - P.D. only,05 - Turning movement,01 - Clear,07 - Dark,02 - Wet,01 - Traffic signal,01 - Functioning,2,0,0,0,,0,,,,,367253.3364,5029796.451,45.40531909,-75.70219129,8649
18--4243,4/13/2018,Unknown,MOODIE DR btwn WEST HUNT CLUB RD & ALTI PL (__3ZBOCW),__3ZBOCW,01 - Non intersection,03 - P.D. only,06 - SMV unattended vehicle,01 - Clear,00 - Unknown,01 - Dry,10 - No control,,1,0,0,0,,0,,,,,358875.4755,5016110.613,45.28287091,-75.8107018,8650
18--4244,4/13/2018,12:15 PM,VANIER PKWY/CRICHTON ST @ BEECHWOOD AVE/ST. PA (0001604),1604,02 - Intersection related,03 - P.D. only,03 - Rear end,01 - Clear,01 - Daylight,01 - Dry,01 - Traffic signal,01 - Functioning,2,0,0,0,,0,,,,,369127.7773,5033487.189,45.43835724,-75.67776682,8651
18--4245,4/13/2018,12:30 PM,ALTA VISTA DR @ RANDALL AVE (0008072),8072,02 - Intersection related,03 - P.D. only,03 - Rear end,01 - Clear,01 - Daylight,01 - Dry,01 - Traffic signal,00 - Unknown,2,0,0,0,,0,,,,,370407.6763,5027365.148,45.38315456,-75.6622238,8652
18--4246,4/13/2018,3:05 PM,GOULBOURN FORCED RD @ INNOVATION DR (0013945),13945,03 - At intersection,03 - P.D. only,02 - Angle,01 - Clear,01 - Daylight,01 - Dry,02 - Stop sign,01 - Functioning,2,0,0,0,,0,,,,,349438.006,5022666.636,45.34252653,-75.93040365,8653
18--4247,4/13/2018,3:20 PM,OTTAWA RIVER PKWY @ ISLAND PARK DR (0002127),2127,02 - Intersection related,03 - P.D. only,03 - Rear end,01 - Clear,01 - Daylight,01 - Dry,01 - Traffic signal,01 - Functioning,2,0,0,0,,0,,,,,363298.9392,5029453.574,45.4025756,-75.75274286,8654
18--4248,4/13/2018,3:21 PM,ST. LAURENT BLVD @ MCARTHUR AVE (0008246),8246,02 - Intersection related,03 - P.D. only,03 - Rear end,01 - Clear,01 - Daylight,01 - Dry,01 - Traffic signal,01 - Functioning,2,0,0,0,,0,,,,,371921.4861,5032887.459,45.43269854,-75.64214354,8655
18--4249,4/13/2018,3:23 PM,VANIER PKWY NB btwn HWY417 IC117 RAMP26 & HWY417 IC117 RAMP63 (__3ZA4TJ),__3ZA4TJ,01 - Non intersection,03 - P.D. only,03 - Rear end,01 - Clear,01 - Daylight,01 - Dry,10 - No control,,2,0,0,0,,0,,,,,370801.1524,5031370.277,45.41915421,-75.65666386,8656
18--425,1/7/2018,7:38 PM,CATHERINE ST/HWY 417 O'CONN IC119BR76 @ O'CONN (0001697),1697,03 - At intersection,03 - P.D. only,05 - Turning movement,03 - Snow,07 - Dark,03 - Loose snow,01 - Traffic signal,01 - Functioning,2,0,0,0,,0,,,,,368242.6657,5030391.17,45.41058121,-75.68947786,8657
18--4250,4/13/2018,3:40 PM,JEANNE D'ARC BLVD @ ORLEANS BLVD N (0003792),3792,02 - Intersection related,03 - P.D. only,03 - Rear end,01 - Clear,01 - Daylight,01 - Dry,01 - Traffic signal,01 - Functioning,2,0,0,0,,0,,,,,380028.3794,5038107.689,45.47884109,-75.5377475,8658
18--4251,4/13/2018,3:54 PM,FINDLAY AVE btwn BRONSON AVE & SIDNEY COOK LANE (__3ZAZBL),__3ZAZBL,04 - At/near private drive,02 - Non-fatal injury,02 - Angle,01 - Clear,01 - Daylight,01 - Dry,10 - No control,,2,1,0,0,01 - Minimal,1,1,,,,367758.6388,5028682.11,45.39524731,-75.6958792,8659
18--4252,4/13/2018,4:05 PM,HIGHWAY 417 btwn HWY417 IC121B RAMP16 & HWY417 IC121A RAMP16 (__3ZA2YX),__3ZA2YX,01 - Non intersection,03 - P.D. only,03 - Rear end,01 - Clear,01 - Daylight,01 - Dry,10 - No control,,2,0,0,0,,0,,,,,366933.3871,5029639.509,45.40393544,-75.70629786,8660
18--4253,4/13/2018,4:12 PM,HIGHWAY 417 btwn HWY417 IC129 RAMP61 & TRANSIT (__3ZA2SI),__3ZA2SI,01 - Non intersection,03 - P.D. only,03 - Rear end,01 - Clear,01 - Daylight,01 - Dry,10 - No control,,2,0,0,0,,0,,,,,361054.5347,5024018.457,45.35385481,-75.78202946,8661
18--4254,4/13/2018,4:27 PM,BANK ST @ CAMERON AVE (0007227),7227,02 - Intersection related,03 - P.D. only,03 - Rear end,01 - Clear,01 - Daylight,01 - Dry,01 - Traffic signal,00 - Unknown,2,0,0,0,,0,,,,,368943.3656,5028262.548,45.3913647,-75.68080371,8662
18--4255,4/13/2018,5:31 PM,RICHMOND RD @ HOLLY ACRES RD/NANAIMO DR (0001068),1068,03 - At intersection,02 - Non-fatal injury,05 - Turning movement,01 - Clear,01 - Daylight,01 - Dry,01 - Traffic signal,01 - Functioning,2,0,0,0,02 - Minor,6,1,5,,,359059.02,5022748.496,45.34258493,-75.80763543,8663
18--4256,4/13/2018,5:47 PM,MCRAE AVE btwn SCOTT ST & RICHMOND RD (__3ZA0Y2),__3ZA0Y2,04 - At/near private drive,03 - P.D. only,02 - Angle,01 - Clear,01 - Daylight,01 - Dry,10 - No control,,2,0,0,0,,0,,,,,363597.4948,5028561.552,45.39452433,-75.74903581,8664
18--4257,4/13/2018,6:13 AM,CARLING AVE btwn DEFENSE  RESEARCH COMPLEX & RIFLE RD (__3ZA4Z6B),__3ZA4Z6B,01 - Non intersection,03 - P.D. only,07 - SMV other,01 - Clear,03 - Dawn,01 - Dry,10 - No control,,1,0,0,0,,0,,,,,353877.1811,5023306.042,45.34798347,-75.87369805,8665
18--4258,4/13/2018,6:19 PM,WOODROFFE AVE @ CLARIDGE DR/STONEWAY DR N (0009791),9791,03 - At intersection,03 - P.D. only,05 - Turning movement,01 - Clear,01 - Daylight,01 - Dry,01 - Traffic signal,01 - Functioning,2,0,0,0,,0,,,,,365577.7449,5016707.443,45.28769363,-75.72520252,8666
18--4259,4/13/2018,6:56 AM,INDUSTRIAL AVE/INNES RD @ ST. LAURENT BLVD (0002203),2203,02 - Intersection related,03 - P.D. only,03 - Rear end,01 - Clear,01 - Daylight,01 - Dry,01 - Traffic signal,01 - Functioning,3,0,0,0,,0,,,,,373099.6957,5030005.509,45.40665407,-75.62748649,8667
18--426,1/7/2018,7:50 AM,HIGHWAY 417 btwn HWY417 IC119B RAMP57 & HWY417 IC119A RAMP75 (__3ZA1QN),__3ZA1QN,01 - Non intersection,03 - P.D. only,07 - SMV other,01 - Clear,03 - Dawn,01 - Dry,10 - No control,,1,0,0,0,,0,,,,,368439.9653,5030433.239,45.41094182,-75.68695205,8668
18--4260,4/13/2018,7:08 PM,MONTREAL RD @ ST. LAURENT BLVD (0002604),2604,03 - At intersection,03 - P.D. only,05 - Turning movement,01 - Clear,01 - Daylight,01 - Dry,01 - Traffic signal,01 - Functioning,2,0,0,0,,0,,,,,371543.9607,5033816.898,45.44109733,-75.646842,8669
18--4261,4/13/2018,7:30 PM,WOODROFFE AVE @ KNOXDALE RD/MEDHURST DR (0000519),519,02 - Intersection related,03 - P.D. only,03 - Rear end,01 - Clear,01 - Daylight,01 - Dry,01 - Traffic signal,01 - Functioning,2,0,0,0,,0,,,,,363419.9146,5021826.637,45.33393925,-75.75210265,8670
18--4262,4/13/2018,7:53 PM,MOODIE DR btwn Continuation of MOODIE DR & WEST HUNT CLUB RD (__3ZA4YI),__3ZA4YI,01 - Non intersection,03 - P.D. only,07 - SMV other,01 - Clear,07 - Dark,02 - Wet,10 - No control,,1,0,0,0,,0,,,,,357895.3301,5018526.325,45.30468252,-75.82293618,8671
18--4263,4/13/2018,7:59 AM,GREENBANK RD @ CANFIELD RD/CRAIG HENRY DR (0000154),154,02 - Intersection related,03 - P.D. only,03 - Rear end,01 - Clear,01 - Daylight,01 - Dry,01 - Traffic signal,01 - Functioning,2,0,0,0,,0,,,,,361106.8348,5021364.396,45.32996943,-75.78166409,8672
18--4264,4/13/2018,8:00 AM,HIGHWAY 416 btwn HWY416 IC49 RAMP24 & HWY416 IC42 RAMP42 (__3ZA29T),__3ZA29T,01 - Non intersection,03 - P.D. only,07 - SMV other,01 - Clear,01 - Daylight,01 - Dry,10 - No control,,1,0,0,0,,0,,,,,370986.5213,4996200.782,45.10268732,-75.65898084,8673
18--4265,4/13/2018,8:44 AM,HERON RD WB btwn BRONSON AVE RAMP 26 & BRONSON AVE RAMP 62 (__5FD69N),__5FD69N,01 - Non intersection,03 - P.D. only,07 - SMV other,01 - Clear,01 - Daylight,01 - Dry,10 - No control,,1,0,0,0,,0,,,,,368732.2235,5026716.512,45.37747324,-75.68370024,8674
18--4266,4/13/2018,8:44 AM,HERON RD WB btwn BRONSON AVE RAMP 35 & BRONSON AVE RAMP 36 (__3ZA4T5),__3ZA4T5,01 - Non intersection,03 - P.D. only,07 - SMV other,01 - Clear,01 - Daylight,01 - Dry,10 - No control,,1,0,0,0,,0,,,,,368542.3083,5026696.234,45.37730808,-75.68612749,8675
18--4267,4/13/2018,9:07 AM,NEW ORCHARD AVE btwn AMBLESIDE DR & END (__3ZAZQW),__3ZAZQW,04 - At/near private drive,03 - P.D. only,02 - Angle,01 - Clear,01 - Daylight,01 - Dry,10 - No control,,2,0,0,0,,0,,,,,361254.5436,5026313.753,45.37449166,-75.77921474,8676
18--4268,4/13/2018,9:26 AM,HIGHWAY 417 btwn HWY417 IC124 RAMP57 & HWY417 IC124 RAMP55 (__3ZA2Y1),__3ZA2Y1,01 - Non intersection,02 - Non-fatal injury,03 - Rear end,01 - Clear,01 - Daylight,01 - Dry,10 - No control,,2,0,0,0,01 - Minimal,1,1,,,,364293.5175,5027333.015,45.38341139,-75.74029507,8677
18--4269,4/14/2018,1:03 AM,CENTREPOINTE DR btwn Continuation of CENTREPOINTE DR & HEMMINGWOOD WAY (__3ZAA3T),__3ZAA3T,01 - Non intersection,02 - Non-fatal injury,07 - SMV other,01 - Clear,07 - Dark,01 - Dry,10 - No control,,1,0,0,0,03 - Major,2,,1,1,,362271.5144,5023273.274,45.34705102,-75.76658515,8678
18--427,1/7/2018,7:50 PM,RUSSELL RD btwn LANGLADE RD & BIRCHGROVE RD (__3ZA3KT),__3ZA3KT,01 - Non intersection,02 - Non-fatal injury,01 - Approaching,03 - Snow,07 - Dark,05 - Packed snow,10 - No control,,2,0,0,0,03 - Major,2,,1,1,,399984.2227,5029481.732,45.39880245,-75.28421049,8679
18--4270,4/14/2018,1:29 PM,RIVERSIDE DR @ HERON RD (0002236),2236,02 - Intersection related,03 - P.D. only,04 - Sideswipe,01 - Clear,01 - Daylight,01 - Dry,01 - Traffic signal,01 - Functioning,2,0,0,0,,0,,,,,368121.1048,5026647.221,45.37690527,-75.69151123,8680
18--4271,4/14/2018,1:53 PM,MONTREAL RD btwn BETHAMY LANE & OGILVIE RD (__3ZA2DX),__3ZA2DX,01 - Non intersection,03 - P.D. only,04 - Sideswipe,01 - Clear,01 - Daylight,01 - Dry,10 - No control,,2,0,0,0,,0,,,,,375544.8339,5034485.766,45.446722,-75.59561071,8681
18--4272,4/14/2018,12:45 AM,RIDEAU ST btwn AUGUSTA ST & COBOURG ST (__3ZA3W7),__3ZA3W7,04 - At/near private drive,03 - P.D. only,05 - Turning movement,01 - Clear,07 - Dark,01 - Dry,10 - No control,,2,0,0,0,,0,,,,,369116.8918,5032780.891,45.43200325,-75.67799822,8682
18--4273,4/14/2018,2:05 PM,REGIONAL ROAD 174 btwn OR174 IC101 RAMP63 & OR174 IC101 RAMP45 (__3ZA11Q),__3ZA11Q,01 - Non intersection,03 - P.D. only,04 - Sideswipe,01 - Clear,01 - Daylight,01 - Dry,10 - No control,,2,0,0,0,,0,,,,,382733.7571,5038880.943,45.4855014,-75.50302526,8683
18--4274,4/14/2018,2:56 PM,MAITLAND AVE @ WOODWARD DR (0003185),3185,02 - Intersection related,03 - P.D. only,03 - Rear end,01 - Clear,01 - Daylight,01 - Dry,01 - Traffic signal,01 - Functioning,2,0,0,0,,0,,,,,363271.9524,5025661.831,45.36846031,-75.75353674,8684
18--4275,4/14/2018,3:44 AM,BASELINE RD @ WOODROFFE AVE (0002225),2225,02 - Intersection related,03 - P.D. only,03 - Rear end,01 - Clear,07 - Dark,01 - Dry,01 - Traffic signal,01 - Functioning,2,0,0,0,,0,,,,,362549.7024,5023770.556,45.35150267,-75.76297732,8685
18--4276,4/14/2018,4:39 AM,MONTREAL RD @ NORTH RIVER RD (0009805),9805,02 - Intersection related,02 - Non-fatal injury,07 - SMV other,01 - Clear,07 - Dark,01 - Dry,01 - Traffic signal,01 - Functioning,1,0,0,0,02 - Minor,1,,1,,,369739.7088,5032887.585,45.43290568,-75.67002507,8686
18--4277,4/14/2018,4:42 PM,ALESTHER ST @ QUEEN MARY ST (0008476),8476,03 - At intersection,02 - Non-fatal injury,02 - Angle,01 - Clear,01 - Daylight,01 - Dry,02 - Stop sign,01 - Functioning,2,0,0,0,02 - Minor,1,,1,,,372120.7261,5032152.584,45.42606733,-75.63969787,8687
18--4278,4/14/2018,4:45 PM,BANK ST @ HERON RD (0002155),2155,02 - Intersection related,03 - P.D. only,03 - Rear end,01 - Clear,01 - Daylight,01 - Dry,01 - Traffic signal,01 - Functioning,2,0,0,0,,0,,,,,369995.3977,5026852.027,45.37857616,-75.66755558,8688
18--4279,4/14/2018,4:45 PM,HUNT CLUB RD @ RIVERSIDE DR (0002237),2237,02 - Intersection related,03 - P.D. only,99 - Other,01 - Clear,01 - Daylight,01 - Dry,01 - Traffic signal,01 - Functioning,2,0,0,0,,0,,,,,368036.5832,5021945.504,45.33460794,-75.69319173,8689
18--428,1/7/2018,7:51 PM,CONROY RD @ ROSEBELLA AVE (0009358),9358,03 - At intersection,03 - P.D. only,07 - SMV other,03 - Snow,07 - Dark,03 - Loose snow,02 - Stop sign,01 - Functioning,1,0,0,0,,0,,,,,374289.0086,5024189.983,45.35421156,-75.6131136,8690
18--4280,4/14/2018,5:04 AM,LEITRIM RD btwn LIMEBANK RD & HIGH RD (__3ZBOEL),__3ZBOEL,01 - Non intersection,02 - Non-fatal injury,07 - SMV other,01 - Clear,07 - Dark,01 - Dry,10 - No control,,1,0,0,0,01 - Minimal,1,1,,,,371416.9485,5019133.031,45.3089893,-75.65044606,8691
18--4281,4/14/2018,7:20 PM,HWY417 IC124 RAMP57 btwn HIGHWAY 417 & CARLING AVE (__3ZAY88),__3ZAY88,01 - Non intersection,02 - Non-fatal injury,03 - Rear end,01 - Clear,07 - Dark,01 - Dry,10 - No control,,3,0,0,0,01 - Minimal,1,1,,,,364188.4904,5027111.315,45.38142548,-75.74166277,8692
18--4282,4/14/2018,7:25 PM,CARLING AVE @ KIRKWOOD AVE S (0002209),2209,03 - At intersection,03 - P.D. only,02 - Angle,01 - Clear,01 - Daylight,01 - Dry,01 - Traffic signal,01 - Functioning,2,0,0,0,,0,,,,,364351.6999,5027337.55,45.38344725,-75.73955162,8693
18--4283,4/14/2018,7:29 PM,QUEEN MARY ST @ VANIER PKWY (0007648),7648,03 - At intersection,03 - P.D. only,02 - Angle,01 - Clear,07 - Dark,01 - Dry,01 - Traffic signal,01 - Functioning,2,0,0,0,,0,,,,,370363.7105,5031957.585,45.4244797,-75.66217456,8694
18--4284,4/14/2018,8:30 AM,HERON RD @ BRIAR HILL DR/SANDALWOOD DR (0007190),7190,03 - At intersection,03 - P.D. only,02 - Angle,01 - Clear,01 - Daylight,01 - Dry,01 - Traffic signal,01 - Functioning,2,0,0,0,,0,,,,,371452.7275,5027012.538,45.37988325,-75.6489281,8695
18--4285,4/14/2018,9:00 AM,HATHAWAY DR btwn OLDFIELD ST & KARENDALE ST (__30LKEQ),__30LKEQ,04 - At/near private drive,03 - P.D. only,06 - SMV unattended vehicle,01 - Clear,01 - Daylight,01 - Dry,10 - No control,,1,0,0,0,,0,,,,,366655.5336,5015757.879,45.27905549,-75.71158247,8696
18--4286,4/15/2018,1:25 PM,RIVER RD btwn CABIN RD & OSGOODE MAIN ST (__3ZA3TB),__3ZA3TB,01 - Non intersection,02 - Non-fatal injury,07 - SMV other,04 - Freezing Rain,01 - Daylight,04 - Slush,10 - No control,,1,0,0,0,02 - Minor,1,,1,,,373022.3624,4999719.81,45.13415814,-75.6326351,8697
18--4287,4/15/2018,1:37 PM,CHESTERTON DR btwn MULVAGH AVE & SOUTHVIEW CRES (__3ZAAV4),__3ZAAV4,01 - Non intersection,03 - P.D. only,06 - SMV unattended vehicle,03 - Snow,01 - Daylight,03 - Loose snow,10 - No control,,1,0,0,0,,0,,,,,365305.5254,5023847.298,45.35196083,-75.72780025,8698
18--4288,4/15/2018,10:20 PM,SEBRING AVE btwn WESTVIEW AVE & PARKVIEW RD (__3ZA087),__3ZA087,01 - Non intersection,03 - P.D. only,07 - SMV other,04 - Freezing Rain,07 - Dark,02 - Wet,10 - No control,,1,0,0,0,,0,,,,,364318.6971,5027684.822,45.38657475,-75.73993114,8699
18--4289,4/15/2018,11:06 PM,HIGHWAY 417 btwn HWY417 IC122 RAMP61 & HWY417 IC121B RAMP16 (__3ZA2Y4),__3ZA2Y4,01 - Non intersection,03 - P.D. only,07 - SMV other,04 - Freezing Rain,07 - Dark,06 - Ice,10 - No control,,1,0,0,0,,0,,,,,365670.3867,5029124.652,45.39941385,-75.72249367,8700
18--429,1/7/2018,7:57 AM,PRESLAND RD @ VANIER PKWY (0012076),12076,02 - Intersection related,03 - P.D. only,03 - Rear end,03 - Snow,03 - Dawn,03 - Loose snow,01 - Traffic signal,01 - Functioning,2,0,0,0,,0,,,,,370433.1219,5031751.637,45.42262016,-75.6613151,8701
18--4290,4/15/2018,11:15 PM,KINTYRE PRIV @ MEADOWLANDS DR (0006411),6411,02 - Intersection related,03 - P.D. only,07 - SMV other,04 - Freezing Rain,07 - Dark,04 - Slush,10 - No control,,1,0,0,0,,0,,,,,366823.8118,5025203.262,45.36402889,-75.70825487,8702
18--4291,4/15/2018,11:20 PM,HIGHWAY 417 btwn HWY417 IC127 RAMP16 & HWY417 IC127 RAMP63 (__3ZA2UP),__3ZA2UP,01 - Non intersection,03 - P.D. only,07 - SMV other,04 - Freezing Rain,07 - Dark,04 - Slush,10 - No control,,1,0,0,0,,0,,,,,361927.8416,5024703.756,45.35995048,-75.77080524,8703
18--4292,4/15/2018,11:30 PM,LEITRIM RD btwn HIGH RD & ALBION RD (__4B2G24),__4B2G24,01 - Non intersection,03 - P.D. only,07 - SMV other,04 - Freezing Rain,07 - Dark,06 - Ice,10 - No control,,1,0,0,0,,0,,,,,371831.3521,5019411.231,45.31145304,-75.64512421,8704
18--4293,4/15/2018,Unknown,LAURIER AVE   E btwn CUMBERLAND ST & COPERNICUS ST (__3ZA3VI),__3ZA3VI,01 - Non intersection,03 - P.D. only,06 - SMV unattended vehicle,04 - Freezing Rain,00 - Unknown,06 - Ice,10 - No control,,1,0,0,0,,0,,,,,368642.4377,5031974.977,45.4247954,-75.68416583,8705
18--4294,4/15/2018,12:34 AM,LIMEBANK RD btwn RIDEAU RD & MITCH OWENS RD (__3ZA6LY),__3ZA6LY,01 - Non intersection,03 - P.D. only,07 - SMV other,03 - Snow,07 - Dark,06 - Ice,10 - No control,,1,0,0,0,,0,,,,,371295.5071,5012925.561,45.25314727,-75.6528263,8706
18--4295,4/15/2018,12:35 PM,ST. JOSEPH BLVD @ TENTH LINE RD (0009163),9163,02 - Intersection related,02 - Non-fatal injury,03 - Rear end,01 - Clear,01 - Daylight,01 - Dry,01 - Traffic signal,01 - Functioning,2,0,0,0,01 - Minimal,1,1,,,,382889.4972,5038665.408,45.48354481,-75.50106752,8707
18--4296,4/15/2018,12:40 AM,HWY417 IC118 RAMP35 btwn HWY417 IC118 RAMP45 & MANN AVE OVERPASS (__3ZAYAW),__3ZAYAW,01 - Non intersection,03 - P.D. only,07 - SMV other,01 - Clear,07 - Dark,06 - Ice,10 - No control,,1,0,0,0,,0,,,,,369415.3869,5030860.712,45.41469869,-75.67443557,8708
18--4297,4/15/2018,12:43 PM,PRINCE OF WALES DR btwn SANFORD AVE & VILLA CRES (__3ZA3G4),__3ZA3G4,04 - At/near private drive,03 - P.D. only,02 - Angle,02 - Rain,01 - Daylight,02 - Wet,10 - No control,,2,0,0,0,,0,,,,,366809.6114,5026117.855,45.37225945,-75.70832132,8709
18--430,1/7/2018,8:10 PM,BOOTH ST @ SIR JOHN A. MACDONALD PKWY/WELLINGTON ST (0012252),12252,03 - At intersection,03 - P.D. only,02 - Angle,03 - Snow,07 - Dark,05 - Packed snow,01 - Traffic signal,01 - Functioning,2,0,0,0,,0,,,,,366263.2117,5031005.991,45.41628984,-75.7146876,8710
18--412,1/7/2018,5:14 PM,AVIATION PKWY @ MONTREAL RD (0008799),8799,03 - At intersection,03 - P.D. only,05 - Turning movement,03 - Snow,05 - Dusk,03 - Loose snow,01 - Traffic signal,01 - Functioning,2,0,0,0,,0,,,,,372146.6765,5034108.397,45.4436623,-75.63909874,8711
18--4300,4/15/2018,2:12 AM,PRINCE OF WALES DR btwn BLAZER AVE & DEAKIN ST (__3ZA29V),__3ZA29V,04 - At/near private drive,03 - P.D. only,05 - Turning movement,01 - Clear,07 - Dark,02 - Wet,10 - No control,,2,0,0,0,,0,,,,,367345.6718,5021226.708,45.32820226,-75.70209673,8712
18--4480,4/21/2018,1:10 PM,HIGHWAY 417 btwn HWY417 IC124 RAMP76 & HWY417 IC124 RAMP67 (__3ZA2R7),__3ZA2R7,01 - Non intersection,02 - Non-fatal injury,03 - Rear end,01 - Clear,01 - Daylight,01 - Dry,10 - No control,,2,0,0,0,01 - Minimal,3,3,,,,364331.0186,5027406.703,45.38407123,-75.73980735,8713
18--4120,4/9/2018,3:55 PM,BANK ST @ GLADSTONE AVE (0002253),2253,02 - Intersection related,03 - P.D. only,04 - Sideswipe,01 - Clear,01 - Daylight,01 - Dry,01 - Traffic signal,01 - Functioning,2,0,0,0,,0,,,,,367916.7069,5030562.57,45.41215289,-75.69361984,8714
18--4301,4/15/2018,3:03 PM,DOVERCOURT AVE @ GOLDEN AVE (0006793),6793,03 - At intersection,03 - P.D. only,02 - Angle,04 - Freezing Rain,01 - Daylight,04 - Slush,02 - Stop sign,00 - Unknown,2,0,0,0,,0,,,,,363200.4275,5027247.063,45.38272999,-75.75426229,8715
18--4121,4/9/2018,4:05 PM,ALBERT ST @ PERKINS ST (0002220),2220,02 - Intersection related,03 - P.D. only,04 - Sideswipe,01 - Clear,01 - Daylight,01 - Dry,02 - Stop sign,01 - Functioning,2,0,0,0,,0,,,,,366535.6983,5030695.574,45.41347281,-75.71124527,8716
18--4481,4/21/2018,1:31 AM,HIGHWAY 417 btwn HWY417 IC117 RAMP25 & HWY417 IC115 RAMP51 (__3ZA2R3),__3ZA2R3,01 - Non intersection,03 - P.D. only,04 - Sideswipe,01 - Clear,07 - Dark,01 - Dry,10 - No control,,2,0,0,0,,0,,,,,371364.6313,5031380.668,45.41919432,-75.64946335,8717
18--4302,4/15/2018,3:28 PM,HIGHWAY 417 btwn HWY417 IC126 RAMP61 & HWY417 IC124 RAMP76 (__3ZA2Y2),__3ZA2Y2,01 - Non intersection,03 - P.D. only,99 - Other,04 - Freezing Rain,01 - Daylight,02 - Wet,10 - No control,,2,0,0,0,,0,,,,,363530.8936,5026345.704,45.37459206,-75.75015002,8718
18--4122,4/9/2018,4:42 PM,LYON ST @ WELLINGTON ST (0002388),2388,02 - Intersection related,03 - P.D. only,04 - Sideswipe,01 - Clear,01 - Daylight,01 - Dry,01 - Traffic signal,01 - Functioning,2,0,0,0,,0,,,,,366934.9226,5031426.166,45.42001113,-75.70605302,8719
18--4482,4/21/2018,1:40 PM,CONROY RD @ JOHNSTON RD (0011908),11908,03 - At intersection,03 - P.D. only,07 - SMV other,01 - Clear,01 - Daylight,01 - Dry,01 - Traffic signal,01 - Functioning,1,0,0,0,,0,,,,,373396.807,5026308.459,45.3733606,-75.62420532,8720
18--4303,4/15/2018,3:30 PM,HIGHWAY 417 btwn HWY417 IC129 RAMP61 & TRANSIT (__3ZA2SI),__3ZA2SI,01 - Non intersection,03 - P.D. only,99 - Other,04 - Freezing Rain,01 - Daylight,06 - Ice,10 - No control,,2,0,0,0,,0,,,,,360977.3242,5023959.484,45.35333036,-75.78302151,8721
18--4123,4/9/2018,5:06 PM,EARL ARMSTRONG RD @ HIGH RD (0013001),13001,02 - Intersection related,02 - Non-fatal injury,07 - SMV other,01 - Clear,01 - Daylight,01 - Dry,10 - No control,,1,0,0,0,02 - Minor,1,,1,,,373763.3934,5018175.161,45.30014421,-75.62065902,8722
18--4124,4/9/2018,5:06 PM,WALKLEY RD @ GLENHAVEN PRIV (0011424),11424,02 - Intersection related,03 - P.D. only,05 - Turning movement,01 - Clear,01 - Daylight,01 - Dry,01 - Traffic signal,01 - Functioning,2,0,0,0,,0,,,,,370213.2914,5025873.492,45.36975131,-75.66490331,8723
18--4125,4/9/2018,5:57 PM,BOOTH ST @ SIR JOHN A. MACDONALD PKWY/WELLINGTON ST (0012252),12252,02 - Intersection related,02 - Non-fatal injury,03 - Rear end,01 - Clear,01 - Daylight,01 - Dry,01 - Traffic signal,01 - Functioning,2,0,0,0,01 - Minimal,2,2,,,,366264.6054,5031007.385,45.41630226,-75.71466962,8724
18--4126,4/9/2018,6:21 AM,DUNROBIN RD btwn BAIRD'S GRANT LANE & BUCKHAMS BAY RD (__3ZA4Q1),__3ZA4Q1,01 - Non intersection,03 - P.D. only,07 - SMV other,01 - Clear,01 - Daylight,01 - Dry,10 - No control,,1,0,0,0,,0,,,,,334784.8226,5039254.475,45.49256933,-76.11636868,8725
18--4127,4/9/2018,6:32 PM,BLACKBURN BYPASS @ INNES RD E (0009245),9245,03 - At intersection,02 - Non-fatal injury,03 - Rear end,01 - Clear,01 - Daylight,01 - Dry,01 - Traffic signal,01 - Functioning,4,0,0,0,01 - Minimal,5,5,,,,379791.3995,5033781.565,45.43994342,-75.54143812,8726
18--4128,4/9/2018,7:20 AM,COLONNADE RD    S btwn COLONNADE RD & CONCOURSE GT (__3ZA00D),__3ZA00D,04 - At/near private drive,02 - Non-fatal injury,07 - SMV other,01 - Clear,01 - Daylight,01 - Dry,10 - No control,,1,0,0,1,03 - Major,1,,,1,,366241.1439,5022703.78,45.3415903,-75.71600262,8727
18--4129,4/9/2018,7:25 AM,COLONNADE RD @ PRINCE OF WALES DR (0005249),5249,02 - Intersection related,03 - P.D. only,04 - Sideswipe,01 - Clear,01 - Daylight,01 - Dry,01 - Traffic signal,01 - Functioning,2,0,0,0,,0,,,,,367394.7117,5023266.516,45.34655171,-75.70121315,8728
18--413,1/7/2018,5:56 PM,ALBERT ST btwn O'CONNOR ST & METCALFE ST (__3ZA35U),__3ZA35U,01 - Non intersection,03 - P.D. only,07 - SMV other,03 - Snow,07 - Dark,03 - Loose snow,10 - No control,,1,0,0,0,,0,,,,,367674.6273,5031601.735,45.42152475,-75.69657976,8729