Anom_ID,Accident_Date,Accident_Time,Location,Geo_ID,Accident_Location,Classification_of_Accident,Initial_Impact_Type,Environment_Condition,Light,Road_Surface_Condition,Traffic_Control,Traffic_Control_Condition,No__of_Vehicles,No__of_Bicycles,No__of_Motorcycles,No__of_Pedestrians,Max_Injury,No__of_Injuries,No__of_Minimal,No__of_Minor,No__of_Major,No__of_Fatal,X,Y,Latitude,Longitude,ObjectId
18--4130,4/9/2018,7:38 AM,ALBION RD @ MITCH OWENS RD (0004212),4212,03 - At intersection,03 - P.D. only,05 - Turning movement,01 - Clear,01 - Daylight,01 - Dry,01 - Traffic signal,01 - Functioning,2,0,0,0,,0,,,,,375906.7671,5014804.749,45.26960476,-75.59381558,8730
18--4131,4/9/2018,8:00 AM,CRESTWAY DR @ LEIKIN DR (0009767),9767,03 - At intersection,03 - P.D. only,02 - Angle,01 - Clear,01 - Daylight,01 - Dry,02 - Stop sign,01 - Functioning,2,0,0,0,,0,,,,,366939.404,5016514.565,45.28583906,-75.70786983,8731
18--4132,4/9/2018,8:05 AM,CUMMINGS AVE @ MONTREAL RD (0007748),7748,03 - At intersection,02 - Non-fatal injury,05 - Turning movement,01 - Clear,01 - Daylight,01 - Dry,01 - Traffic signal,01 - Functioning,2,0,0,0,02 - Minor,1,,1,,,372007.6686,5034040.736,45.44306689,-75.64088473,8732
18--4133,4/9/2018,8:15 AM,HIGHWAY 417 btwn HWY417 IC127 RAMP25 & HWY417 IC126 RAMP51 (__3ZA2XA),__3ZA2XA,01 - Non intersection,03 - P.D. only,04 - Sideswipe,01 - Clear,01 - Daylight,01 - Dry,10 - No control,,2,0,0,0,,0,,,,,363041.7842,5025654.508,45.36841359,-75.75647572,8733
18--4134,4/9/2018,8:30 AM,REGIONAL ROAD 174 btwn HWY417 IC113 RAMP67 & Continuation of REGIONAL  (__3ZA28A),__3ZA28A,01 - Non intersection,03 - P.D. only,03 - Rear end,01 - Clear,01 - Daylight,01 - Dry,10 - No control,,2,0,0,0,,0,,,,,373612.8691,5031956.481,45.42415769,-75.62065917,8734
18--4135,4/9/2018,9:23 AM,PRESTON ST @ PRINCE OF WALES DR/QUEEN ELIZABET (0006904),6904,02 - Intersection related,02 - Non-fatal injury,02 - Angle,01 - Clear,01 - Daylight,01 - Dry,01 - Traffic signal,01 - Functioning,2,1,0,0,01 - Minimal,1,1,,,,366900.586,5028776.346,45.39617185,-75.70682551,8735
18--4136,4/9/2018,9:25 AM,PINECREST RD @ RICHMOND RD (0002353),2353,02 - Intersection related,03 - P.D. only,03 - Rear end,01 - Clear,01 - Daylight,01 - Dry,01 - Traffic signal,01 - Functioning,2,0,0,0,,0,,,,,360071.6252,5024473.603,45.35802837,-75.79452238,8736
18--4137,4/9/2018,9:28 AM,LEMIEUX ST @ ST. LAURENT BLVD (0002021),2021,02 - Intersection related,03 - P.D. only,03 - Rear end,01 - Clear,01 - Daylight,01 - Dry,01 - Traffic signal,01 - Functioning,2,0,0,0,,0,,,,,372391.2525,5031742.239,45.42234914,-75.63629747,8737
18--4138,4/10/2018,1:05 PM,PRESTON ST btwn LARCH ST & BALSAM ST (__3ZA31Y),__3ZA31Y,01 - Non intersection,03 - P.D. only,99 - Other,01 - Clear,01 - Daylight,01 - Dry,10 - No control,,2,0,0,0,,0,,,,,366446.4308,5029811.571,45.40552666,-75.71249622,8738
18--4139,4/10/2018,1:18 PM,HWY417 IC110 RAMP58 btwn WALKLEY EXTENSION RD & HWY417 IC110 RAMP54 (__3ZAY76),__3ZAY76,01 - Non intersection,03 - P.D. only,04 - Sideswipe,01 - Clear,01 - Daylight,01 - Dry,10 - No control,,2,0,0,0,,0,,,,,375610.0038,5029093.627,45.39819999,-75.59555274,8739
18--414,1/7/2018,6:00 PM,INNES RD @ STONEHENGE CRES W (0009354),9354,02 - Intersection related,02 - Non-fatal injury,03 - Rear end,03 - Snow,07 - Dark,03 - Loose snow,01 - Traffic signal,01 - Functioning,2,0,0,0,01 - Minimal,2,2,,,,375199.7412,5031216.564,45.41734242,-75.60048918,8740
18--4140,4/10/2018,1:30 PM,KIRKWOOD AVE @ MERIVALE RD (0002243),2243,03 - At intersection,03 - P.D. only,04 - Sideswipe,01 - Clear,01 - Daylight,01 - Dry,01 - Traffic signal,01 - Functioning,2,0,0,0,,0,,,,,364854.0498,5026647.936,45.37719934,-75.7332213,8741
18--4141,4/10/2018,10:00 AM,BROOKFIELD RD btwn RIVERSIDE DR/HOG'S BACK RD & 200 W OF FLANNERY DR (__3ZA225A),__3ZA225A,01 - Non intersection,03 - P.D. only,03 - Rear end,01 - Clear,01 - Daylight,01 - Dry,10 - No control,,2,0,0,0,,0,,,,,368183.1439,5026223.845,45.37309024,-75.69077353,8742
18--4142,4/10/2018,10:01 AM,LANCASTER RD @ WALKLEY RD (0003130),3130,02 - Intersection related,03 - P.D. only,03 - Rear end,01 - Clear,01 - Daylight,01 - Dry,01 - Traffic signal,01 - Functioning,2,0,0,0,,0,,,,,374907.6952,5028603.935,45.39386466,-75.60459172,8743
18--4143,4/10/2018,12:00 PM,CAMBRIDGE ST @ SOMERSET ST (0006339),6339,02 - Intersection related,03 - P.D. only,06 - SMV unattended vehicle,01 - Clear,01 - Daylight,01 - Dry,02 - Stop sign,00 - Unknown,1,0,0,0,,0,,,,,366897.6536,5030435.659,45.41110215,-75.706654,8744
18--4144,4/10/2018,12:21 PM,COLONEL BY DR @ HOG'S BACK RD (0002635),2635,02 - Intersection related,02 - Non-fatal injury,03 - Rear end,01 - Clear,01 - Daylight,01 - Dry,01 - Traffic signal,01 - Functioning,2,0,0,0,01 - Minimal,1,1,,,,367603.0578,5025874.932,45.37000303,-75.69822325,8745
18--4145,4/10/2018,12:30 PM,COBOURG ST @ RIDEAU ST (0008860),8860,02 - Intersection related,03 - P.D. only,03 - Rear end,01 - Clear,01 - Daylight,01 - Dry,01 - Traffic signal,01 - Functioning,2,0,0,0,,0,,,,,369127.9318,5032787.688,45.43206339,-75.67785625,8746
18--4146,4/10/2018,2:40 PM,ISLAND PARK DR @ RICHMOND RD (0002125),2125,03 - At intersection,02 - Non-fatal injury,07 - SMV other,01 - Clear,01 - Daylight,01 - Dry,01 - Traffic signal,01 - Functioning,1,0,0,1,01 - Minimal,1,1,,,,364130.6863,5028867.557,45.39723273,-75.74218966,8747
18--4147,4/10/2018,3:35 PM,WELLINGTON ST    W btwn HAMILTON AVE N & PARKDALE AVE (__3ZA4QX),__3ZA4QX,01 - Non intersection,03 - P.D. only,06 - SMV unattended vehicle,01 - Clear,01 - Daylight,01 - Dry,10 - No control,,1,0,0,0,,0,,,,,365110.1059,5029249.35,45.40058434,-75.72963432,8748
18--4148,4/10/2018,4:05 AM,HIGHWAY 417 btwn HWY417 IC155 RAMP25 & RAMP (__3ZAZN1),__3ZAZN1,01 - Non intersection,03 - P.D. only,07 - SMV other,01 - Clear,07 - Dark,01 - Dry,10 - No control,,1,0,0,0,,0,,,,,344560.909,5015177.079,45.27542601,-75.9932354,8749
18--4149,4/10/2018,4:13 PM,BERKELEY AVE @ RICHMOND RD (0006933),6933,03 - At intersection,03 - P.D. only,99 - Other,01 - Clear,01 - Daylight,01 - Dry,02 - Stop sign,01 - Functioning,2,0,0,0,,0,,,,,362910.3051,5028065.879,45.3901217,-75.75787026,8750
18--415,1/7/2018,6:04 PM,VICTORIA ST btwn 9TH LINE RD & YORKS CORNERS RD (__3ZA3X9),__3ZA3X9,01 - Non intersection,03 - P.D. only,01 - Approaching,03 - Snow,07 - Dark,03 - Loose snow,10 - No control,,2,0,0,0,,0,,,,,387371.3133,5012352.344,45.24628719,-75.44814196,8751
18--4150,4/10/2018,4:38 PM,BANK ST btwn COUNCILLOR'S WAY & ST. BERNARD ST (__3ZA29K),__3ZA29K,04 - At/near private drive,03 - P.D. only,02 - Angle,01 - Clear,01 - Daylight,01 - Dry,10 - No control,,2,0,0,0,,0,,,,,372896.0648,5023797.932,45.35082068,-75.63094362,8752
18--4151,4/10/2018,5:12 PM,MONTREAL RD @ SHEFFORD RD (0012423),12423,02 - Intersection related,03 - P.D. only,03 - Rear end,01 - Clear,01 - Daylight,01 - Dry,01 - Traffic signal,01 - Functioning,2,0,0,0,,0,,,,,376126.7758,5034853.575,45.44997217,-75.58811889,8753
18--4152,4/10/2018,5:17 PM,LEITRIM RD @ ALBION RD (0012479),12479,02 - Intersection related,03 - P.D. only,03 - Rear end,01 - Clear,01 - Daylight,01 - Dry,01 - Traffic signal,01 - Functioning,2,0,0,0,,0,,,,,373494.2471,5020419.805,45.32036717,-75.6237793,8754
18--4153,4/10/2018,5:50 PM,BAYSHORE DR btwn WOODRIDGE CRES S & BAYSHORE CS (__3ZAA4OB),__3ZAA4OB,04 - At/near private drive,02 - Non-fatal injury,05 - Turning movement,01 - Clear,01 - Daylight,01 - Dry,10 - No control,,2,0,0,0,02 - Minor,2,1,1,,,359181.1192,5023600.071,45.35023796,-75.80598388,8755
18--4154,4/10/2018,5:51 AM,CATHERINE ST/HWY 417 O'CONN IC119BR76 @ O'CONN (0001697),1697,03 - At intersection,03 - P.D. only,04 - Sideswipe,01 - Clear,07 - Dark,01 - Dry,01 - Traffic signal,01 - Functioning,2,0,0,0,,0,,,,,368242.6657,5030392.564,45.41059375,-75.68947768,8756
18--4155,4/10/2018,6:00 PM,RIVERSIDE DR NB btwn BANK ST & RIVERSIDE DR NB RAMP FROM EB TO WB (__3ZBOEF),__3ZBOEF,01 - Non intersection,03 - P.D. only,04 - Sideswipe,01 - Clear,01 - Daylight,01 - Dry,10 - No control,,2,0,0,0,,0,,,,,369337.5738,5027933.354,45.3883665,-75.67581273,8757
18--4156,4/10/2018,6:00 PM,MONTREAL RD btwn HOCHELAGA ST & BURMA RD (__3ZA2D5),__3ZA2D5,04 - At/near private drive,03 - P.D. only,07 - SMV other,01 - Clear,01 - Daylight,01 - Dry,10 - No control,,1,0,0,0,,0,,,,,373124.9267,5034515.797,45.44723294,-75.62653852,8758
18--4157,4/10/2018,6:05 AM,DWYER HILL RD btwn PADEN RD & DONNELLY DR (__3ZA4ZU),__3ZA4ZU,01 - Non intersection,03 - P.D. only,07 - SMV other,01 - Clear,03 - Dawn,01 - Dry,10 - No control,,1,0,0,0,,0,,,,,359382.5724,4983590.127,44.99020103,-75.80778799,8759
18--4158,4/10/2018,7:03 PM,ST. JOSEPH BLVD btwn PRESTONE DR & TENTH LINE RD (__3ZA11U),__3ZA11U,01 - Non intersection,03 - P.D. only,04 - Sideswipe,01 - Clear,07 - Dark,01 - Dry,10 - No control,,2,0,0,0,,0,,,,,382662.8781,5038563.027,45.48264899,-75.50398226,8760
18--4159,4/10/2018,7:13 AM,CHARLEMAGNE BLVD @ GARDENWAY DR/BOTTRIELL WAY  (0003748),3748,02 - Intersection related,03 - P.D. only,02 - Angle,01 - Clear,01 - Daylight,01 - Dry,01 - Traffic signal,01 - Functioning,2,0,0,0,,0,,,,,384050.1044,5037034.713,45.46874255,-75.48648625,8761
18--416,1/7/2018,6:08 PM,HAWTHORNE RD/RUSSELL RD @ WALKLEY RD (0002618),2618,03 - At intersection,03 - P.D. only,05 - Turning movement,03 - Snow,07 - Dark,03 - Loose snow,01 - Traffic signal,01 - Functioning,2,0,0,0,,0,,,,,374674.4676,5028499.102,45.39294473,-75.60758497,8762
18--4160,4/10/2018,7:21 AM,ALBERT ST @ BOOTH ST (0002162),2162,03 - At intersection,03 - P.D. only,05 - Turning movement,01 - Clear,01 - Daylight,01 - Dry,01 - Traffic signal,01 - Functioning,2,0,0,0,,0,,,,,366427.6479,5030625.87,45.41285516,-75.71263434,8763
18--4161,4/10/2018,7:50 AM,HIGHWAY 417 btwn HWY417 IC124 RAMP67 & HWY417 IC123 RAMP62 (__3ZA2YZ),__3ZA2YZ,01 - Non intersection,03 - P.D. only,03 - Rear end,01 - Clear,01 - Daylight,01 - Dry,10 - No control,,3,0,0,0,,0,,,,,364772.0385,5028059.803,45.38991008,-75.73409681,8764
18--4162,4/10/2018,8:00 AM,FAIRPARK DR @ SUNVALE WAY (0011000),11000,03 - At intersection,03 - P.D. only,02 - Angle,01 - Clear,01 - Daylight,01 - Dry,02 - Stop sign,01 - Functioning,2,0,0,0,,0,,,,,366977.5359,5015370.894,45.27554503,-75.70752706,8765
18--4163,4/10/2018,8:45 AM,RIVERSIDE DR RAMP 34 @ RIVERSIDE DR (0010857),10857,02 - Intersection related,03 - P.D. only,03 - Rear end,01 - Clear,01 - Daylight,01 - Dry,03 - Yield sign,01 - Functioning,2,0,0,0,,0,,,,,368339.9982,5027182.081,45.38169798,-75.68864784,8766
18--4164,4/10/2018,9:10 AM,CARP RD btwn KINBURN SIDE RD & BAIRD SIDE RD (__3ZA4Q9),__3ZA4Q9,01 - Non intersection,03 - P.D. only,07 - SMV other,01 - Clear,01 - Daylight,01 - Dry,10 - No control,,1,0,0,0,,0,,,,,332289.2985,5030717.787,45.41585609,-76.1487734,8767
18--4165,4/10/2018,9:50 PM,CARP RD btwn GALETTA SIDE RD & STYLES SIDE RD (__3ZA4RT),__3ZA4RT,01 - Non intersection,03 - P.D. only,07 - SMV other,01 - Clear,07 - Dark,01 - Dry,10 - No control,,1,0,0,0,,0,,,,,328550.6421,5034892.093,45.45355511,-76.19633954,8768
18--4166,4/10/2018,9:54 AM,MONKLAND AVE btwn O'CONNOR ST & METCALFE ST (__3ZA96V),__3ZA96V,01 - Non intersection,03 - P.D. only,06 - SMV unattended vehicle,01 - Clear,01 - Daylight,01 - Dry,10 - No control,,1,0,0,0,,0,,,,,368529.3009,5030116.867,45.40808708,-75.68585174,8769
18--4167,4/11/2018,1:27 PM,CODD'S RD btwn BLACKTHORNE AVE & END (__3ZA7SI),__3ZA7SI,04 - At/near private drive,03 - P.D. only,02 - Angle,01 - Clear,01 - Daylight,01 - Dry,10 - No control,,2,0,0,0,,0,,,,,372693.4249,5034580.262,45.44785501,-75.63204527,8770
18--4168,4/11/2018,1:31 AM,DONNELLY DR btwn BURRITTS AVE & JOE DREW LANE (__3ZA4ZT),__3ZA4ZT,01 - Non intersection,03 - P.D. only,07 - SMV other,01 - Clear,07 - Dark,01 - Dry,10 - No control,,1,0,0,0,,0,,,,,361252.6651,4983313.53,44.98756586,-75.78410442,8771
18--4169,4/11/2018,10:13 PM,ST. JOSEPH BLVD btwn OR174 IC109 RAMP54 & ROCKCLIFFE PKWY (__3ZA2DI),__3ZA2DI,01 - Non intersection,03 - P.D. only,02 - Angle,01 - Clear,07 - Dark,02 - Wet,10 - No control,,2,0,0,0,,0,,,,,376992.5202,5035176.925,45.45279257,-75.57700471,8772
18--417,1/7/2018,6:26 PM,FOREST VALLEY DR btwn ST. JOSEPH BLVD & RIVERMILL CRES (__3ZA6DO),__3ZA6DO,01 - Non intersection,03 - P.D. only,01 - Approaching,03 - Snow,07 - Dark,03 - Loose snow,10 - No control,,2,0,0,0,,0,,,,,379193.7027,5035959.077,45.45959894,-75.54874769,8773
18--4170,4/11/2018,10:50 PM,BRONSON AVE @ SUNNYSIDE AVE/UNIVERSITY RD - CA (0007209),7209,03 - At intersection,03 - P.D. only,05 - Turning movement,01 - Clear,07 - Dark,01 - Dry,01 - Traffic signal,01 - Functioning,2,0,0,0,,0,,,,,367923.3492,5028091.547,45.38991877,-75.69385125,8774
18--4171,4/11/2018,Unknown,LONGSHIRE CIRC btwn SLEAFORD GT & WILTSHIRE CIRC (__3ZA57S),__3ZA57S,01 - Non intersection,03 - P.D. only,06 - SMV unattended vehicle,01 - Clear,07 - Dark,01 - Dry,10 - No control,,1,0,0,0,,0,,,,,365609.4051,5016449.562,45.28537049,-75.72483055,8775
18--4172,4/11/2018,12:00 PM,LAURIER AVE   W btwn METCALFE ST & ELGIN ST (__3ZA35P),__3ZA35P,01 - Non intersection,03 - P.D. only,06 - SMV unattended vehicle,01 - Clear,01 - Daylight,01 - Dry,10 - No control,,1,0,0,0,,0,,,,,367888.6744,5031510.433,45.42068398,-75.6938566,8776
18--4173,4/11/2018,12:28 PM,LAVAL ST @ LOYER ST (0010019),10019,03 - At intersection,03 - P.D. only,02 - Angle,01 - Clear,01 - Daylight,01 - Dry,02 - Stop sign,01 - Functioning,2,0,0,0,,0,,,,,369411.706,5033568.601,45.43906357,-75.67412735,8777
18--4174,4/11/2018,2:14 PM,VALLEY STREAM DR btwn SHADOW CRT & SANDCASTLE DR (__3ZBOIO),__3ZBOIO,01 - Non intersection,03 - P.D. only,06 - SMV unattended vehicle,01 - Clear,01 - Daylight,01 - Dry,10 - No control,,1,0,0,0,,0,,,,,359692.8038,5021698.31,45.33308603,-75.79966522,8778
18--4175,4/11/2018,2:59 PM,STRANDHERD DR btwn MARAVISTA DR & KENNEVALE DR (__6NF1SR),__6NF1SR,01 - Non intersection,03 - P.D. only,03 - Rear end,01 - Clear,01 - Daylight,01 - Dry,10 - No control,,3,0,0,0,,0,,,,,361450.3966,5014197.11,45.26545027,-75.77810027,8779
18--4176,4/11/2018,3:10 PM,WALKLEY RD btwn HARDING RD & HALIFAX DR (__3ZA2EK),__3ZA2EK,98 - Other,03 - P.D. only,04 - Sideswipe,01 - Clear,01 - Daylight,01 - Dry,10 - No control,,2,0,0,0,,0,,,,,373545.708,5027843.928,45.38716149,-75.62209069,8780
18--4177,4/11/2018,3:32 PM,ALBION RD    S btwn TURN LANE & ALBION RD (__3ZA9WD),__3ZA9WD,01 - Non intersection,02 - Non-fatal injury,02 - Angle,01 - Clear,01 - Daylight,01 - Dry,10 - No control,,2,0,0,0,01 - Minimal,2,2,,,,371934.4588,5024157.317,45.35414701,-75.64316566,8781
18--4178,4/11/2018,4:30 PM,ROBERTSON RD btwn FITZGERALD RD & MOODIE DR (__3ZA411),__3ZA411,04 - At/near private drive,02 - Non-fatal injury,02 - Angle,01 - Clear,01 - Daylight,01 - Dry,10 - No control,,2,0,0,0,02 - Minor,1,,1,,,357044.004,5020443.631,45.32199851,-75.83358925,8782
18--4179,4/11/2018,4:31 PM,BANK ST @ JOHNSTON RD (0006967),6967,02 - Intersection related,02 - Non-fatal injury,03 - Rear end,01 - Clear,01 - Daylight,01 - Dry,01 - Traffic signal,01 - Functioning,2,0,0,0,01 - Minimal,1,1,,,,370852.0081,5024839.122,45.36038448,-75.65688831,8783
18--418,1/7/2018,6:35 PM,ISLAND PARK DR btwn MAILES AVE & RICHMOND RD (__3ZA236),__3ZA236,01 - Non intersection,03 - P.D. only,07 - SMV other,03 - Snow,07 - Dark,03 - Loose snow,10 - No control,,1,0,0,0,,0,,,,,364102.6831,5028887.492,45.39741447,-75.74254491,8784
18--4180,4/11/2018,4:43 PM,DU GRAND BOIS AVE @ INNES RD (0004107),4107,02 - Intersection related,03 - P.D. only,03 - Rear end,02 - Rain,01 - Daylight,02 - Wet,02 - Stop sign,01 - Functioning,2,0,0,0,,0,,,,,383109.5568,5035762.289,45.45740049,-75.49871556,8785
18--4181,4/11/2018,5:10 PM,BOUNDARY RD @ HWY 417 BOUNDARY IC96R15/51 (0004216),4216,02 - Intersection related,03 - P.D. only,03 - Rear end,01 - Clear,01 - Daylight,01 - Dry,02 - Stop sign,01 - Functioning,2,0,0,0,,0,,,,,387509.1114,5023593.511,45.34741037,-75.44451202,8786
18--4182,4/11/2018,5:12 PM,MAIN ST @ MASON TER (0007232),7232,02 - Intersection related,03 - P.D. only,04 - Sideswipe,02 - Rain,01 - Daylight,02 - Wet,02 - Stop sign,01 - Functioning,3,0,0,0,,0,,,,,369384.7092,5029649.563,45.40380403,-75.67498615,8787
18--4183,4/11/2018,5:58 PM,JOHN QUINN RD btwn MITCH OWENS RD & PARKWAY RD (__3ZA2SV),__3ZA2SV,01 - Non intersection,03 - P.D. only,07 - SMV other,02 - Rain,01 - Daylight,02 - Wet,10 - No control,,1,0,0,0,,0,,,,,381001.7788,5016737.8,45.28646378,-75.52859707,8788
18--4184,4/11/2018,5:59 AM,STAGECOACH RD btwn CABIN RD & SNAKE ISLAND RD (__3ZBOGH),__3ZBOGH,01 - Non intersection,03 - P.D. only,07 - SMV other,01 - Clear,07 - Dark,01 - Dry,10 - No control,,1,0,0,0,,0,,,,,378196.6824,5004419.334,45.17592492,-75.56616791,8789
18--4185,4/11/2018,6:00 AM,HIGHWAY 417 btwn HWY417 IC127 RAMP35 & HWY417 IC127 RAMP25 (__3ZA2RE),__3ZA2RE,01 - Non intersection,02 - Non-fatal injury,07 - SMV other,01 - Clear,03 - Dawn,02 - Wet,10 - No control,,1,0,0,0,01 - Minimal,1,1,,,,362303.4852,5024966.391,45.36228294,-75.76598027,8790
18--4186,4/11/2018,6:00 PM,BIRCHLAND CRES btwn BIRCHLAND CRES & BIRCHLAND CRES (__77AX1N),__77AX1N,01 - Non intersection,03 - P.D. only,06 - SMV unattended vehicle,01 - Clear,01 - Daylight,01 - Dry,10 - No control,,1,0,0,0,,0,,,,,349727.3439,5012294.38,45.24917531,-75.92765147,8791
18--4187,4/11/2018,6:27 PM,CARP RD btwn LLOYDALEX CRES & ROTHBOURNE RD (__3ZBOBC),__3ZBOBC,04 - At/near private drive,03 - P.D. only,02 - Angle,01 - Clear,01 - Daylight,01 - Dry,10 - No control,,2,0,0,0,,0,,,,,348152.13,5014989.65,45.2735272,-75.94748264,8792
18--4188,4/11/2018,7:06 PM,HIGHWAY 416 btwn HWY416 IC49 RAMP24 & HWY416 IC42 RAMP42 (__3ZA29T),__3ZA29T,01 - Non intersection,03 - P.D. only,07 - SMV other,01 - Clear,07 - Dark,01 - Dry,10 - No control,,1,0,0,0,,0,,,,,370923.0511,4996302.998,45.103613,-75.65977376,8793
18--4189,4/11/2018,7:45 PM,BREN-MAUR RD @ JOCKVALE RD (0000515),515,02 - Intersection related,02 - Non-fatal injury,04 - Sideswipe,02 - Rain,05 - Dusk,02 - Wet,02 - Stop sign,01 - Functioning,2,0,0,0,01 - Minimal,1,1,,,,364884.2682,5013918.003,45.26265391,-75.73437979,8794
18--419,1/7/2018,6:45 AM,HWY417 IC127 RAMP25 btwn WOODROFFE AVE & HIGHWAY 417 (__3ZAY8A),__3ZAY8A,01 - Non intersection,03 - P.D. only,07 - SMV other,01 - Clear,07 - Dark,99 - Other,10 - No control,,1,0,0,0,,0,,,,,362227.8889,5024872.216,45.36144175,-75.7669561,8795
18--4190,4/11/2018,7:47 PM,EQUESTRIAN DR btwn SPUR AVE & SILVER HORSE CRES (__3ZA17M),__3ZA17M,01 - Non intersection,03 - P.D. only,06 - SMV unattended vehicle,01 - Clear,05 - Dusk,01 - Dry,10 - No control,,1,0,0,0,,0,,,,,355191.1677,5016137.599,45.2833875,-75.85765973,8796
18--4191,4/11/2018,8:13 AM,CONSTANCE BAY RD btwn TO BE DETERMINED & WILLAND LANE (__3ZA4GW),__3ZA4GW,01 - Non intersection,03 - P.D. only,07 - SMV other,01 - Clear,01 - Daylight,01 - Dry,10 - No control,,1,0,0,0,,0,,,,,337429.3855,5037891.72,45.48018832,-76.08262509,8797
18--4192,4/11/2018,8:16 PM,FALLOWFIELD RD @ STEEPLE HILL CRES (0000635),635,03 - At intersection,02 - Non-fatal injury,02 - Angle,01 - Clear,07 - Dark,02 - Wet,02 - Stop sign,01 - Functioning,2,0,0,0,02 - Minor,1,,1,,,358398.9978,5013998.118,45.26389885,-75.81700306,8798
18--4193,4/11/2018,8:22 AM,KING EDWARD AVE @ MURRAY ST (0002713),2713,03 - At intersection,03 - P.D. only,05 - Turning movement,01 - Clear,01 - Daylight,01 - Dry,01 - Traffic signal,01 - Functioning,2,0,0,0,,0,,,,,368291.7686,5032753.694,45.43183394,-75.68854613,8799
18--4194,4/11/2018,8:41 AM,HERON RD @ WALKLEY RD (0011256),11256,02 - Intersection related,02 - Non-fatal injury,03 - Rear end,01 - Clear,01 - Daylight,01 - Dry,01 - Traffic signal,01 - Functioning,2,0,0,0,02 - Minor,1,,1,,,372268.2204,5027083.455,45.38044328,-75.63850677,8800
18--4195,4/11/2018,9:28 AM,BOOTH ST @ ECCLES ST (0005105),5105,02 - Intersection related,03 - P.D. only,03 - Rear end,01 - Clear,01 - Daylight,01 - Dry,01 - Traffic signal,01 - Functioning,2,0,0,0,,0,,,,,366623.3515,5030187.014,45.40888919,-75.71018927,8801
18--4196,4/12/2018,1:19 PM,MONTREAL RD @ OGILVIE RD (0009279),9279,02 - Intersection related,03 - P.D. only,03 - Rear end,01 - Clear,01 - Daylight,01 - Dry,01 - Traffic signal,01 - Functioning,2,0,0,0,,0,,,,,375654.3866,5034557.283,45.44735437,-75.59420008,8802
18--4197,4/12/2018,1:30 PM,CARLING AVE @ IRVING PL/MAPLE DR (0006872),6872,03 - At intersection,03 - P.D. only,05 - Turning movement,01 - Clear,01 - Daylight,01 - Dry,01 - Traffic signal,01 - Functioning,2,0,0,0,,0,,,,,366187.0524,5028527.554,45.3939962,-75.71596915,8803
18--4198,4/12/2018,1:46 PM,CHANTILLY GT btwn KITTIWAKE DR & KITTIWAKE DR (__30KGIN),__30KGIN,04 - At/near private drive,03 - P.D. only,04 - Sideswipe,01 - Clear,01 - Daylight,01 - Dry,10 - No control,,2,0,0,0,,0,,,,,348192.7128,5014252.914,45.26689527,-75.94702982,8804
18--4199,4/12/2018,1:53 PM,ALBION RD @ MITCH OWENS RD (0004212),4212,03 - At intersection,03 - P.D. only,02 - Angle,01 - Clear,01 - Daylight,01 - Dry,01 - Traffic signal,01 - Functioning,2,0,0,0,,0,,,,,375907.0154,5014804.972,45.26960674,-75.59381238,8805
18--42,1/2/2018,1:16 PM,PRINCE ALBERT ST btwn BERNARD ST & ALESTHER ST (__3ZA8H6),__3ZA8H6,01 - Non intersection,03 - P.D. only,06 - SMV unattended vehicle,03 - Snow,01 - Daylight,03 - Loose snow,10 - No control,,1,0,0,0,,0,,,,,371971.1195,5032063.986,45.42528454,-75.64162158,8806
18--420,1/7/2018,6:48 PM,CUMBERLAND ST @ LAURIER AVE (0007751),7751,02 - Intersection related,03 - P.D. only,03 - Rear end,03 - Snow,07 - Dark,03 - Loose snow,01 - Traffic signal,01 - Functioning,2,0,0,0,,0,,,,,368597.7041,5031948.584,45.42456201,-75.68474083,8807
18--4200,4/12/2018,10:02 AM,130 W OF PRESTON ST @ CARLING AVE (0016879),16879,02 - Intersection related,02 - Non-fatal injury,03 - Rear end,01 - Clear,01 - Daylight,01 - Dry,01 - Traffic signal,01 - Functioning,3,0,0,0,02 - Minor,3,2,1,,,366724.8285,5028870.656,45.39703599,-75.7090583,8808
18--4201,4/12/2018,10:20 PM,RICHARDSON SIDE RD btwn CARP RD & OAK CREEK RD (__3ZAC40),__3ZAC40,01 - Non intersection,03 - P.D. only,07 - SMV other,01 - Clear,07 - Dark,02 - Wet,10 - No control,,1,0,0,0,,0,,,,,346298.3205,5017242.609,45.29391206,-75.97091976,8809
18--4202,4/12/2018,11:01 AM,CUMMINGS AVE @ OGILVIE RD (0009923),9923,02 - Intersection related,03 - P.D. only,04 - Sideswipe,01 - Clear,01 - Daylight,01 - Dry,01 - Traffic signal,01 - Functioning,2,0,0,0,,0,,,,,372748.6322,5032170.666,45.4261693,-75.63167219,8810
18--4203,4/12/2018,11:13 AM,REGIONAL ROAD 174 btwn QUIGLEY HILL RD & REGIONAL ROAD 174 DIVIDED (__3ZA2Y5),__3ZA2Y5,01 - Non intersection,02 - Non-fatal injury,01 - Approaching,01 - Clear,01 - Daylight,01 - Dry,10 - No control,,2,0,0,0,02 - Minor,2,1,1,,,385517.9683,5041541.352,45.50912064,-75.46697609,8811
18--4204,4/12/2018,11:47 AM,NICHOLAS ST NB btwn NICHOLAS ST NB OFF RAMP TO NICHOLAS ST SB & MACKEN (__3ZBPOK),__3ZBPOK,01 - Non intersection,03 - P.D. only,04 - Sideswipe,01 - Clear,01 - Daylight,01 - Dry,10 - No control,,2,0,0,0,,0,,,,,368369.4448,5031941.981,45.42452338,-75.68765827,8812