Anom_ID,Accident_Date,Accident_Time,Location,Geo_ID,Accident_Location,Classification_of_Accident,Initial_Impact_Type,Environment_Condition,Light,Road_Surface_Condition,Traffic_Control,Traffic_Control_Condition,No__of_Vehicles,No__of_Bicycles,No__of_Motorcycles,No__of_Pedestrians,Max_Injury,No__of_Injuries,No__of_Minimal,No__of_Minor,No__of_Major,No__of_Fatal,X,Y,Latitude,Longitude,ObjectId
18--4205,4/12/2018,11:49 AM,ROBERTSON RD btwn FITZGERALD RD & MOODIE DR (__3ZA411),__3ZA411,04 - At/near private drive,03 - P.D. only,02 - Angle,01 - Clear,01 - Daylight,01 - Dry,10 - No control,,2,0,0,0,,0,,,,,356978.984,5020404.86,45.32165448,-75.83442266,8813
18--4206,4/12/2018,12:53 PM,BANK ST @ BLAIS RD (0009264),9264,03 - At intersection,02 - Non-fatal injury,03 - Rear end,01 - Clear,01 - Daylight,01 - Dry,02 - Stop sign,00 - Unknown,2,0,0,0,02 - Minor,1,,1,,,376155.1047,5019728.171,45.31387873,-75.58994291,8814
18--8493,8/15/2018,6:50 AM,BASELINE RD @ FISHER AVE (0002346),2346,03 - At intersection,03 - P.D. only,03 - Rear end,01 - Clear,01 - Daylight,01 - Dry,01 - Traffic signal,01 - Functioning,2,0,0,0,,0,,,,,366166.6935,5026028.533,45.37151235,-75.7165398,12764
18--4484,4/21/2018,1:45 PM,MOODIE DR @ ROBERTSON RD (0010545),10545,02 - Intersection related,03 - P.D. only,04 - Sideswipe,01 - Clear,01 - Daylight,01 - Dry,01 - Traffic signal,01 - Functioning,2,0,0,0,,0,,,,,357066.6523,5020455.478,45.32210342,-75.83329913,8816
18--4304,4/15/2018,3:33 PM,UPPER DWYER HILL RD btwn VAUGHAN SIDE RD & CARROLL SIDE RD (__3ZA4QD),__3ZA4QD,01 - Non intersection,03 - P.D. only,07 - SMV other,04 - Freezing Rain,01 - Daylight,06 - Ice,10 - No control,,1,0,0,0,,0,,,,,332337.5055,5016161.705,45.28487126,-76.14896809,8817
18--4485,4/21/2018,10:37 AM,REGIONAL ROAD 174 btwn WEST ST & FAUBERT ST (__3ZA27W),__3ZA27W,01 - Non intersection,03 - P.D. only,07 - SMV other,01 - Clear,01 - Daylight,01 - Dry,10 - No control,,1,0,0,0,,0,,,,,390007.3299,5042640.43,45.51847482,-75.4093407,8818
18--4486,4/21/2018,10:47 AM,HAZELDEAN RD btwn 246 E OF CASTLEFRANK RD & IRWIN GT (__3ZA41NB),__3ZA41NB,04 - At/near private drive,03 - P.D. only,02 - Angle,01 - Clear,01 - Daylight,01 - Dry,10 - No control,,2,0,0,0,,0,,,,,352986.1537,5017955.425,45.29989936,-75.88558897,8819
18--4305,4/15/2018,3:39 PM,HIGHWAY 417 btwn HIGHWAY 417 & HWY417 IC140 RAMP36 (__3ZA20M),__3ZA20M,01 - Non intersection,03 - P.D. only,07 - SMV other,04 - Freezing Rain,01 - Daylight,06 - Ice,10 - No control,,1,0,0,0,,0,,,,,349624.5175,5017861.811,45.29927952,-75.92845869,8820
18--4487,4/21/2018,11:29 AM,BANK ST @ DAVIDSON RD/LESTER RD (0008797),8797,02 - Intersection related,03 - P.D. only,04 - Sideswipe,01 - Clear,01 - Daylight,01 - Dry,01 - Traffic signal,01 - Functioning,2,0,0,0,,0,,,,,373672.7375,5022923.513,45.34287715,-75.62115449,8821
18--4306,4/15/2018,3:46 PM,FALLOWFIELD RD @ GREENBANK RD (0000549),549,02 - Intersection related,03 - P.D. only,03 - Rear end,04 - Freezing Rain,01 - Daylight,06 - Ice,01 - Traffic signal,01 - Functioning,2,0,0,0,,0,,,,,363081.0241,5016731.758,45.28812388,-75.75702522,8822
18--4488,4/21/2018,11:40 AM,INNES RD @ PORTOBELLO BLVD (0009187),9187,02 - Intersection related,03 - P.D. only,04 - Sideswipe,01 - Clear,01 - Daylight,01 - Dry,01 - Traffic signal,01 - Functioning,2,0,0,0,,0,,,,,385631.7699,5036892.552,45.46728227,-75.46628531,8823
18--4307,4/15/2018,4:35 PM,HWY417 IC134 RAMP26 btwn MOODIE DR & HIGHWAY 417 (__3ZAY6N),__3ZAY6N,01 - Non intersection,03 - P.D. only,07 - SMV other,04 - Freezing Rain,01 - Daylight,06 - Ice,10 - No control,,1,0,0,0,,0,,,,,356421.5367,5022430.957,45.33992673,-75.8413215,8824
18--4489,4/21/2018,Unknown,WHITEGATE CRES btwn MOUNTSHANNON DR & MOUNTSHANNON DR (__3ZA5AY),__3ZA5AY,01 - Non intersection,03 - P.D. only,06 - SMV unattended vehicle,01 - Clear,00 - Unknown,01 - Dry,10 - No control,,1,0,0,0,,0,,,,,364835.949,5016840.239,45.28895228,-75.73464204,8825
18--4308,4/15/2018,5:08 AM,FOURTH LINE RD @ ROGER STEVENS DR (0011952),11952,02 - Intersection related,03 - P.D. only,03 - Rear end,03 - Snow,07 - Dark,03 - Loose snow,01 - Traffic signal,01 - Functioning,2,0,0,0,,0,,,,,366458.2222,4999358.897,45.13151387,-75.71612646,8826
18--449,1/8/2018,11:37 AM,BLACKBURN BYPASS @ INNES RD E (0009245),9245,03 - At intersection,03 - P.D. only,03 - Rear end,03 - Snow,01 - Daylight,05 - Packed snow,01 - Traffic signal,01 - Functioning,2,0,0,0,,0,,,,,379791.7481,5033781.565,45.43994338,-75.54143366,8827
18--4309,4/15/2018,5:10 PM,HIGHWAY 417 btwn HWY417 IC118 RAMP67 & HWY417 IC117 RAMP36 (__3ZA2YO),__3ZA2YO,01 - Non intersection,03 - P.D. only,04 - Sideswipe,04 - Freezing Rain,01 - Daylight,06 - Ice,10 - No control,,2,0,0,0,,0,,,,,369835.0213,5031155.169,45.41730923,-75.66903577,8828
18--431,1/7/2018,8:25 PM,CATHERINE ST/HWY 417 O'CONN IC119BR76 @ O'CONN (0001697),1697,02 - Intersection related,02 - Non-fatal injury,03 - Rear end,01 - Clear,07 - Dark,01 - Dry,01 - Traffic signal,01 - Functioning,2,0,0,0,01 - Minimal,1,1,,,,368243.7111,5030392.564,45.41059366,-75.68946433,8829
18--4310,4/15/2018,5:20 PM,WOODROFFE AVE btwn GRENFELL CRES & 260 N OF FALLOWFIELD RD/TRANSITWAY  (__3ZA3IO),__3ZA3IO,01 - Non intersection,03 - P.D. only,03 - Rear end,04 - Freezing Rain,01 - Daylight,06 - Ice,10 - No control,,3,0,0,0,,0,,,,,364973.5572,5018188.74,45.30107425,-75.73272431,8830
18--4311,4/15/2018,5:40 PM,HIGHWAY 417 btwn HWY417 IC127 RAMP25 & HWY417 IC126 RAMP51 (__3ZA2XA),__3ZA2XA,01 - Non intersection,03 - P.D. only,07 - SMV other,04 - Freezing Rain,01 - Daylight,04 - Slush,10 - No control,,1,0,0,0,,0,,,,,363195.1411,5025870.254,45.37034208,-75.7544926,8831
18--4312,4/15/2018,5:40 PM,HIGHWAY 417 btwn HWY417 IC121A RAMP16 & HWY417 IC121A RAMP61 (__3ZA2YY),__3ZA2YY,01 - Non intersection,03 - P.D. only,07 - SMV other,04 - Freezing Rain,01 - Daylight,06 - Ice,10 - No control,,1,0,0,0,,0,,,,,367470.0438,5029850.516,45.40578618,-75.69941637,8832
18--4313,4/15/2018,6:15 PM,OLD MONTREAL RD btwn BECKETT'S CREEK RD & REGIONAL ROAD 174 (__3ZA5F9),__3ZA5F9,01 - Non intersection,03 - P.D. only,07 - SMV other,04 - Freezing Rain,01 - Daylight,06 - Ice,10 - No control,,1,0,0,0,,0,,,,,394620.7442,5043015.228,45.52126769,-75.35023168,8833
18--4314,4/15/2018,6:35 PM,UPLANDS DR btwn TO BE DETERMINED & RAMP (__3ZA0U8),__3ZA0U8,04 - At/near private drive,03 - P.D. only,02 - Angle,04 - Freezing Rain,05 - Dusk,06 - Ice,10 - No control,,2,0,0,0,,0,,,,,370912.8013,5021432.94,45.32973093,-75.65656767,8834
18--4315,4/15/2018,7:40 PM,HWY416 IC75A RAMP43 btwn HWY416 IC75A RAMP63 & HIGHWAY 416 (__3ZAY4X),__3ZAY4X,01 - Non intersection,03 - P.D. only,07 - SMV other,04 - Freezing Rain,07 - Dark,06 - Ice,10 - No control,,1,0,0,0,,0,,,,,358526.3049,5021996.429,45.3358588,-75.81451424,8835
18--4316,4/15/2018,7:44 PM,CANOTEK RD @ SHEFFORD RD (0009369),9369,02 - Intersection related,03 - P.D. only,07 - SMV other,04 - Freezing Rain,07 - Dark,06 - Ice,01 - Traffic signal,01 - Functioning,1,0,0,0,,0,,,,,376029.7287,5035093.597,45.45214164,-75.58932468,8836
18--4317,4/15/2018,7:47 PM,ALBION RD @ CAHILL DR (0007499),7499,03 - At intersection,03 - P.D. only,02 - Angle,04 - Freezing Rain,05 - Dusk,06 - Ice,02 - Stop sign,01 - Functioning,2,0,0,0,,0,,,,,371725.7309,5024668.518,45.35876658,-75.64576014,8837
18--4318,4/15/2018,9:01 PM,INDUSTRIAL AVE @ RIVERSIDE DR (0011905),11905,02 - Intersection related,03 - P.D. only,07 - SMV other,04 - Freezing Rain,07 - Dark,02 - Wet,01 - Traffic signal,01 - Functioning,1,0,0,0,,0,,,,,370684.7183,5030592.553,45.41216754,-75.65825543,8838
18--4319,4/15/2018,9:02 PM,BASSETT LANE @ MAYFAIR AVE (0006386),6386,02 - Intersection related,03 - P.D. only,07 - SMV other,04 - Freezing Rain,07 - Dark,06 - Ice,10 - No control,,1,0,0,0,,0,,,,,364397.7012,5028729.543,45.39596823,-75.73879615,8839
18--432,1/7/2018,8:30 PM,MAITLAND AVE @ WOODWARD DR (0003185),3185,02 - Intersection related,03 - P.D. only,03 - Rear end,03 - Snow,07 - Dark,03 - Loose snow,01 - Traffic signal,01 - Functioning,2,0,0,0,,0,,,,,363273.6949,5025662.527,45.36846643,-75.75351441,8840
18--4320,4/15/2018,9:10 PM,HIGHWAY 7 btwn HWY417 IC145 RAMP55 & RAMP (__7JQ7JU),__7JQ7JU,01 - Non intersection,03 - P.D. only,07 - SMV other,04 - Freezing Rain,07 - Dark,06 - Ice,10 - No control,,1,0,0,0,,0,,,,,346295.5242,5013276.041,45.25821944,-75.97128697,8841
18--4321,4/15/2018,9:10 PM,HIGHWAY 417 btwn HWY417 IC180 RAMP35 & HWY417 IC169 RAMP51 (__5SO6CL),__5SO6CL,01 - Non intersection,03 - P.D. only,07 - SMV other,04 - Freezing Rain,07 - Dark,06 - Ice,10 - No control,,1,0,0,0,,0,,,,,321360.3261,5029249.689,45.4029894,-76.28845927,8842
18--4322,4/15/2018,9:21 PM,RAVENSWOOD WAY/WATERFERN WAY @ STORMWIND AVE (0014197),14197,02 - Intersection related,03 - P.D. only,06 - SMV unattended vehicle,04 - Freezing Rain,07 - Dark,06 - Ice,02 - Stop sign,00 - Unknown,1,0,0,0,,0,,,,,385630.8551,5035036.133,45.45058011,-75.46660218,8843
18--4323,4/16/2018,1:06 PM,ROCKCLIFFE PKWY btwn GL/OT BOUNDARY & ST. JOSEPH BLVD (__3ZA21V),__3ZA21V,01 - Non intersection,03 - P.D. only,07 - SMV other,04 - Freezing Rain,01 - Daylight,06 - Ice,10 - No control,,1,0,0,0,,0,,,,,377074.6758,5035380.908,45.45461939,-75.5759245,8844
18--4324,4/16/2018,1:18 AM,CARLING AVE @ WOODROFFE AVE W (0011470),11470,02 - Intersection related,03 - P.D. only,03 - Rear end,04 - Freezing Rain,07 - Dark,06 - Ice,01 - Traffic signal,01 - Functioning,2,0,0,0,,0,,,,,361766.6383,5025724.817,45.36915102,-75.772745,8845
18--4325,4/16/2018,1:23 PM,NICHOLAS ST SB btwn LAURIER AVE E & Continuation of NICHOLAS ST (__3ZA3MG),__3ZA3MG,01 - Non intersection,02 - Non-fatal injury,04 - Sideswipe,01 - Clear,01 - Daylight,01 - Dry,10 - No control,,3,0,0,0,02 - Minor,1,,1,,,368411.4266,5031751.148,45.42280251,-75.68714649,8846
18--4326,4/16/2018,1:32 PM,BOTELER ST @ SUSSEX DR (0011436),11436,02 - Intersection related,02 - Non-fatal injury,03 - Rear end,04 - Freezing Rain,01 - Daylight,02 - Wet,01 - Traffic signal,01 - Functioning,2,0,0,0,02 - Minor,1,,1,,,367450.8393,5032952.359,45.4336973,-75.69926725,8847
18--4327,4/16/2018,1:43 PM,HERON RD @ WALKLEY RD (0011256),11256,02 - Intersection related,03 - P.D. only,03 - Rear end,02 - Rain,01 - Daylight,02 - Wet,01 - Traffic signal,02 - Not functioning,2,0,0,0,,0,,,,,372266.4548,5027083.331,45.38044233,-75.63852933,8848
18--4328,4/16/2018,1:43 PM,BRONSON AVE btwn CLEMOW AVE & CARLING AVE (__3ZA3OV),__3ZA3OV,01 - Non intersection,03 - P.D. only,04 - Sideswipe,04 - Freezing Rain,01 - Daylight,02 - Wet,10 - No control,,2,0,0,0,,0,,,,,367427.377,5029382.24,45.40157659,-75.70002084,8849
18--4329,4/16/2018,10:07 AM,ST. LAURENT BLVD btwn TO BE DETERMINED & DWELLINGHAM PRIV (__3ZA1L3),__3ZA1L3,01 - Non intersection,03 - P.D. only,04 - Sideswipe,04 - Freezing Rain,01 - Daylight,06 - Ice,10 - No control,,2,0,0,0,,0,,,,,373498.5078,5029148.452,45.39890364,-75.62251175,8850
18--433,1/7/2018,8:48 PM,JOCKVALE RD btwn GOLFLINKS DR & PRINCE OF WALES DR (__3ZA4J7),__3ZA4J7,01 - Non intersection,03 - P.D. only,01 - Approaching,03 - Snow,07 - Dark,03 - Loose snow,10 - No control,,2,0,0,0,,0,,,,,366613.9839,5012216.994,45.24719841,-75.71255262,8851
18--4330,4/16/2018,10:10 AM,HIGHWAY 417 btwn HWY417 IC118 RAMP35 & HWY417 IC117 RAMP51 (__3ZA2YP),__3ZA2YP,01 - Non intersection,02 - Non-fatal injury,07 - SMV other,04 - Freezing Rain,01 - Daylight,06 - Ice,10 - No control,,1,0,0,0,01 - Minimal,1,1,,,,370100.3831,5031100.245,45.41679033,-75.66565284,8852
18--4331,4/16/2018,10:53 AM,QUEEN MARY ST btwn QUILL ST & EDITH AVE (__3ZA8J8),__3ZA8J8,01 - Non intersection,02 - Non-fatal injury,06 - SMV unattended vehicle,04 - Freezing Rain,01 - Daylight,06 - Ice,10 - No control,,1,0,0,0,02 - Minor,1,,1,,,370854.2147,5032013.189,45.42493386,-75.65589973,8853
18--4332,4/16/2018,11:30 AM,HAMPSTEAD PL @ NOTTING HILL AVE (0006812),6812,03 - At intersection,03 - P.D. only,02 - Angle,04 - Freezing Rain,01 - Daylight,06 - Ice,02 - Stop sign,01 - Functioning,2,0,0,0,,0,,,,,370789.7356,5025967.537,45.37054345,-75.65753239,8854
18--4333,4/16/2018,Unknown,IROQUOIS RD btwn CARLING AVE & LENESTER AVE (__3ZA0DK),__3ZA0DK,01 - Non intersection,03 - P.D. only,06 - SMV unattended vehicle,01 - Clear,00 - Unknown,01 - Dry,10 - No control,,1,0,0,0,,0,,,,,362218.497,5025960.433,45.3712342,-75.76694951,8855
18--4334,4/16/2018,Unknown,SOUTHVALE CRES btwn ERINBROOK CRES & ERINBROOK CRES (__3ZA778),__3ZA778,01 - Non intersection,03 - P.D. only,06 - SMV unattended vehicle,04 - Freezing Rain,00 - Unknown,06 - Ice,10 - No control,,1,0,0,0,,0,,,,,373940.5721,5029188.819,45.39922333,-75.61686026,8856
18--4335,4/16/2018,12:24 PM,CASTLEFRANK RD @ HAZELDEAN RD (0003608),3608,02 - Intersection related,03 - P.D. only,03 - Rear end,04 - Freezing Rain,01 - Daylight,06 - Ice,01 - Traffic signal,02 - Not functioning,2,0,0,0,,0,,,,,352677.4596,5017676.118,45.29740719,-75.8895518,8857
18--4336,4/16/2018,12:44 AM,PRESLAND RD @ LOLA ST (0007773),7773,03 - At intersection,03 - P.D. only,05 - Turning movement,04 - Freezing Rain,07 - Dark,06 - Ice,02 - Stop sign,01 - Functioning,2,0,0,0,,0,,,,,371174.7808,5031862.736,45.4235498,-75.65182397,8858
18--4337,4/16/2018,2:00 PM,COLONEL BY DR @ HAWTHORNE AVE/PRETORIA BRIDGE (0002122),2122,03 - At intersection,03 - P.D. only,02 - Angle,04 - Freezing Rain,01 - Daylight,06 - Ice,01 - Traffic signal,02 - Not functioning,2,0,0,0,,0,,,,,368767.7101,5030525.567,45.41174268,-75.68275331,8859
18--4338,4/16/2018,2:17 PM,AIRPORT PKWY btwn AIRPORT PKWY/HUNT CLUB RAMP 42 & WALKLEY RD NB RAMP (__3ZAZP9),__3ZAZP9,01 - Non intersection,02 - Non-fatal injury,04 - Sideswipe,02 - Rain,01 - Daylight,02 - Wet,10 - No control,,2,0,0,0,02 - Minor,2,,2,,,370608.1021,5024305.563,45.35560662,-75.66007231,8860
18--4339,4/16/2018,3:44 PM,240 S OF CHARLEMAGNE BLVD/DES EPINETTES AVE @ TENTH LINE RD (0014362),14362,02 - Intersection related,03 - P.D. only,03 - Rear end,04 - Freezing Rain,01 - Daylight,06 - Ice,01 - Traffic signal,02 - Not functioning,2,0,0,0,,0,,,,,383736.1826,5036677.455,45.46556382,-75.49055768,8861
18--434,1/7/2018,8:55 AM,WEST HUNT CLUB RD EB btwn 545 E OF ROYDON PL/SUNDERLAND ST & ANTARES D (__3ZA3JPB),__3ZA3JPB,01 - Non intersection,03 - P.D. only,04 - Sideswipe,01 - Clear,01 - Daylight,02 - Wet,10 - No control,,2,0,0,0,,0,,,,,367027.5163,5022207.706,45.3370574,-75.70603175,8862
18--4340,4/16/2018,4:09 PM,BLAIR RD @ REGIONAL RD 174 N/OR174 IC112 RAMP61 (0003617),3617,03 - At intersection,03 - P.D. only,05 - Turning movement,04 - Freezing Rain,01 - Daylight,06 - Ice,01 - Traffic signal,02 - Not functioning,2,0,0,0,,0,,,,,374634.7443,5032991.663,45.43337042,-75.6074557,8863
18--4341,4/16/2018,4:29 PM,BASELINE RD @ GREENBANK RD (0002357),2357,02 - Intersection related,03 - P.D. only,03 - Rear end,02 - Rain,01 - Daylight,02 - Wet,01 - Traffic signal,01 - Functioning,3,0,0,0,,0,,,,,360597.476,5022584.315,45.34098694,-75.7880242,8864
18--4342,4/16/2018,4:55 PM,RIDEAU RD btwn LIMEBANK RD & DOWNEY RD (__3ZA6L6),__3ZA6L6,01 - Non intersection,03 - P.D. only,07 - SMV other,04 - Freezing Rain,01 - Daylight,06 - Ice,10 - No control,,1,0,0,0,,0,,,,,371807.2764,5014566.568,45.26786419,-75.64608561,8865
18--4343,4/16/2018,5:00 AM,ASHTON STATION RD btwn BECKWITH BOUNDARY RD & GRAHAM RD (BECKWITH TWP) (__3ZAC2W),__3ZAC2W,01 - Non intersection,03 - P.D. only,07 - SMV other,04 - Freezing Rain,07 - Dark,06 - Ice,10 - No control,,1,0,0,0,,0,,,,,348239.741,4994183.956,45.0863013,-75.94817758,8866
18--4344,4/16/2018,5:04 PM,MONTREAL RD @ OGILVIE RD (0009279),9279,03 - At intersection,03 - P.D. only,02 - Angle,02 - Rain,01 - Daylight,02 - Wet,01 - Traffic signal,02 - Not functioning,2,0,0,0,,0,,,,,375654.7351,5034556.586,45.44734806,-75.59419573,8867
18--4345,4/16/2018,5:19 PM,DAKOTA AVE btwn HALIFAX DR & CARNEGIE ST (__3ZA7QD),__3ZA7QD,01 - Non intersection,03 - P.D. only,06 - SMV unattended vehicle,04 - Freezing Rain,01 - Daylight,06 - Ice,10 - No control,,1,0,0,0,,0,,,,,373577.9638,5027989.9,45.38847172,-75.62165848,8868
18--4346,4/16/2018,5:34 PM,MERIVALE RD @ WEST HUNT CLUB RD (0000584),584,03 - At intersection,02 - Non-fatal injury,02 - Angle,02 - Rain,01 - Daylight,02 - Wet,01 - Traffic signal,01 - Functioning,2,0,0,0,02 - Minor,1,,1,,,365612.6952,5021942.498,45.33479515,-75.72411453,8869
18--4347,4/16/2018,5:34 PM,SPRING VALLEY DR btwn KNOTRIDGE ST & NAVAN RD (__67PTL1),__67PTL1,01 - Non intersection,03 - P.D. only,06 - SMV unattended vehicle,02 - Rain,01 - Daylight,02 - Wet,10 - No control,,1,0,0,0,,0,,,,,382021.28,5032589.223,45.42897294,-75.51312635,8870
18--4348,4/16/2018,6:04 AM,BANK ST @ RIVERSIDE DR S (0002704),2704,03 - At intersection,03 - P.D. only,02 - Angle,04 - Freezing Rain,01 - Daylight,06 - Ice,01 - Traffic signal,01 - Functioning,2,0,0,0,,0,,,,,369304.7166,5027894.553,45.38802041,-75.67623736,8871
18--4349,4/16/2018,6:50 AM,PRINCE OF WALES DR @ WEST HUNT CLUB RD (0000567),567,02 - Intersection related,03 - P.D. only,03 - Rear end,04 - Freezing Rain,03 - Dawn,06 - Ice,01 - Traffic signal,01 - Functioning,2,0,0,0,,0,,,,,367458.7102,5021891.503,45.33417389,-75.70057067,8872
18--435,1/7/2018,9:16 PM,HIGHWAY 417 btwn HWY 417 ANDERSON IC104R61 & HWY 417 BOUNDARY IC96R16 (__3ZA2W5),__3ZA2W5,01 - Non intersection,03 - P.D. only,07 - SMV other,03 - Snow,07 - Dark,03 - Loose snow,10 - No control,,1,0,0,0,,0,,,,,386981.1161,5023942.939,45.35061629,-75.4511908,8873
18--4350,4/16/2018,7:20 AM,HWY417 IC180 RAMP61 btwn OTTAWA ROAD 29 & HIGHWAY 417 (__5SO7ME),__5SO7ME,01 - Non intersection,03 - P.D. only,07 - SMV other,04 - Freezing Rain,01 - Daylight,02 - Wet,10 - No control,,1,0,0,0,,0,,,,,318579.6492,5031044.709,45.41920221,-76.32392912,8874
18--4351,4/16/2018,7:25 PM,RIVERSIDE DR @ RIVERSIDE HOSPITAL (0011960),11960,02 - Intersection related,03 - P.D. only,03 - Rear end,04 - Freezing Rain,01 - Daylight,02 - Wet,01 - Traffic signal,01 - Functioning,3,0,0,0,,0,,,,,369715.1111,5028627.443,45.39457679,-75.67090052,8875
18--4352,4/16/2018,7:45 AM,AVIATION PKWY @ OGILVIE RD (0004114),4114,02 - Intersection related,03 - P.D. only,03 - Rear end,04 - Freezing Rain,01 - Daylight,06 - Ice,01 - Traffic signal,01 - Functioning,2,0,0,0,,0,,,,,373109.8122,5032376.512,45.42798623,-75.62702859,8876
18--4353,4/16/2018,8:18 PM,LAJOIE ST @ MONTREAL RD (0009795),9795,03 - At intersection,02 - Non-fatal injury,07 - SMV other,02 - Rain,07 - Dark,02 - Wet,01 - Traffic signal,01 - Functioning,1,0,0,1,01 - Minimal,1,1,,,,370534.7147,5033326.587,45.43678135,-75.65980681,8877
18--4354,4/16/2018,8:42 AM,EAGLESON RD btwn FAULKNER TR & FALLOWFIELD RD (__3ZA410),__3ZA410,01 - Non intersection,03 - P.D. only,07 - SMV other,04 - Freezing Rain,01 - Daylight,05 - Packed snow,10 - No control,,1,0,0,0,,0,,,,,355923.635,5012687.579,45.25229057,-75.84867865,8878
18--4355,4/16/2018,8:50 AM,HWY417 IC145 RAMP55 btwn HIGHWAY 7 & HIGHWAY 417 (__3ZAY8K),__3ZAY8K,01 - Non intersection,03 - P.D. only,07 - SMV other,04 - Freezing Rain,01 - Daylight,06 - Ice,10 - No control,,1,0,0,0,,0,,,,,346336.5559,5014797.408,45.27190692,-75.97063697,8879
18--4356,4/16/2018,9:30 AM,RICHMOND RD btwn WEST HUNT CLUB RD & STONEHAVEN DR (__3ZA41H),__3ZA41H,01 - Non intersection,03 - P.D. only,07 - SMV other,04 - Freezing Rain,01 - Daylight,04 - Slush,10 - No control,,1,0,0,0,,0,,,,,357081.6724,5017858.922,45.29873817,-75.8333815,8880
18--4357,4/16/2018,9:47 AM,BASELINE RD @ CLYDE AVE (0002343),2343,02 - Intersection related,03 - P.D. only,04 - Sideswipe,04 - Freezing Rain,01 - Daylight,02 - Wet,01 - Traffic signal,01 - Functioning,2,0,0,0,,0,,,,,364358.703,5024890.513,45.3614286,-75.73975727,8881
18--4358,4/17/2018,1:58 AM,WOODROFFE AVE btwn PINELAND AVE & SLACK RD (__3ZA3IC),__3ZA3IC,01 - Non intersection,03 - P.D. only,07 - SMV other,04 - Freezing Rain,07 - Dark,06 - Ice,10 - No control,,1,0,0,0,,0,,,,,364230.0779,5019995.386,45.31739365,-75.74198695,8882
18--4359,4/17/2018,10:00 AM,HUNT CLUB RD btwn CAHILL DR & LORRY GREENBERG DR (__3ZA3S4),__3ZA3S4,01 - Non intersection,03 - P.D. only,06 - SMV unattended vehicle,02 - Rain,01 - Daylight,02 - Wet,10 - No control,,1,0,0,0,,0,,,,,372747.6795,5024749.035,45.35939275,-75.63270641,8883
18--436,1/8/2018,1:10 PM,HIGHWAY 417 btwn HWY417 IC117 RAMP25 & HWY417 IC115 RAMP51 (__3ZA2R3),__3ZA2R3,01 - Non intersection,03 - P.D. only,07 - SMV other,03 - Snow,01 - Daylight,03 - Loose snow,10 - No control,,1,0,0,0,,0,,,,,372080.4821,5031456.034,45.41980396,-75.64030723,8884
18--4360,4/17/2018,10:01 AM,NICHOLAS ST NB @ RAMP TO NICHOLAS ST SB (0011625),11625,03 - At intersection,03 - P.D. only,04 - Sideswipe,02 - Rain,01 - Daylight,02 - Wet,01 - Traffic signal,01 - Functioning,2,0,0,0,,0,,,,,368364.2685,5031890.379,45.42405955,-75.68773107,8885
18--4361,4/17/2018,10:06 PM,HERON RD btwn BANK ST & EDGE HILL PL (__3ZA3AD),__3ZA3AD,04 - At/near private drive,03 - P.D. only,03 - Rear end,01 - Clear,07 - Dark,02 - Wet,10 - No control,,4,0,0,0,,0,,,,,370199.0445,5026878.666,45.37879687,-75.66495207,8886
18--4362,4/17/2018,10:08 PM,HIGHWAY 416 btwn HWY416 IC66 RAMP53 & HWY416 IC57 RAMP34 (__3ZAZLC),__3ZAZLC,01 - Non intersection,03 - P.D. only,07 - SMV other,01 - Clear,07 - Dark,06 - Ice,10 - No control,,1,0,0,0,,0,,,,,361372.2994,5012215.81,45.2476286,-75.77932094,8887
18--4363,4/17/2018,10:20 PM,HIGHWAY 416 btwn HWY416 IC66 RAMP53 & HWY416 IC57 RAMP34 (__3ZAZLC),__3ZAZLC,01 - Non intersection,03 - P.D. only,07 - SMV other,01 - Clear,07 - Dark,06 - Ice,10 - No control,,1,0,0,0,,0,,,,,361391.3918,5012198.422,45.24747061,-75.77907972,8888
18--4364,4/17/2018,10:24 AM,BANK ST @ SOMERSET ST (0010858),10858,02 - Intersection related,03 - P.D. only,03 - Rear end,02 - Rain,01 - Daylight,02 - Wet,01 - Traffic signal,01 - Functioning,2,0,0,0,,0,,,,,367694.3627,5030915.626,45.41534959,-75.69641518,8889
18--4365,4/17/2018,10:26 PM,HIGHWAY 416 btwn HWY416 IC66 RAMP53 & HWY416 IC57 RAMP34 (__3ZAZLC),__3ZAZLC,01 - Non intersection,03 - P.D. only,03 - Rear end,03 - Snow,07 - Dark,06 - Ice,10 - No control,,2,0,0,0,,0,,,,,360982.5991,5012842.779,45.25330136,-75.78421411,8890
18--4366,4/17/2018,10:38 AM,LEES AVE / GRAHAM AVE @ MAIN ST (0002252),2252,02 - Intersection related,03 - P.D. only,05 - Turning movement,02 - Rain,01 - Daylight,02 - Wet,01 - Traffic signal,01 - Functioning,2,0,0,0,,0,,,,,369001.7953,5030560.265,45.41203344,-75.67975845,8891
18--4367,4/17/2018,11:16 AM,LYON ST @ SOMERSET ST (0010860),10860,02 - Intersection related,03 - P.D. only,03 - Rear end,01 - Clear,01 - Daylight,02 - Wet,01 - Traffic signal,01 - Functioning,2,0,0,0,,0,,,,,367366.3519,5030715.868,45.41358164,-75.70063103,8892
18--4368,4/17/2018,11:26 AM,COLONEL MURRAY ST btwn HAMILTON ST & MARTIN ST (__3ZACJT),__3ZACJT,01 - Non intersection,03 - P.D. only,07 - SMV other,01 - Clear,01 - Daylight,01 - Dry,10 - No control,,1,0,0,0,,0,,,,,357057.2241,5006125.321,45.19315836,-75.83492642,8893
18--4369,4/17/2018,11:31 AM,TENTH LINE RD @ CHARLEMAGNE BLVD S/DES EPINETT (0003686),3686,02 - Intersection related,03 - P.D. only,04 - Sideswipe,01 - Clear,01 - Daylight,01 - Dry,01 - Traffic signal,00 - Unknown,2,0,0,0,,0,,,,,383640.9751,5036900.456,45.46758093,-75.49173924,8894