Anom_ID,Accident_Date,Accident_Time,Location,Geo_ID,Accident_Location,Classification_of_Accident,Initial_Impact_Type,Environment_Condition,Light,Road_Surface_Condition,Traffic_Control,Traffic_Control_Condition,No__of_Vehicles,No__of_Bicycles,No__of_Motorcycles,No__of_Pedestrians,Max_Injury,No__of_Injuries,No__of_Minimal,No__of_Minor,No__of_Major,No__of_Fatal,X,Y,Latitude,Longitude,ObjectId
18--437,1/8/2018,1:45 PM,REGIONAL RD 174 @ TRIM RD (0012835),12835,02 - Intersection related,03 - P.D. only,03 - Rear end,03 - Snow,01 - Daylight,03 - Loose snow,01 - Traffic signal,01 - Functioning,2,0,0,0,,0,,,,,384351.853,5039990.341,45.49530016,-75.48214909,8895
18--4370,4/17/2018,11:57 AM,BRIAN COBURN BLVD @ TENTH LINE RD (0013966),13966,02 - Intersection related,03 - P.D. only,04 - Sideswipe,02 - Rain,01 - Daylight,06 - Ice,01 - Traffic signal,01 - Functioning,2,0,0,0,,0,,,,,384428.3389,5035022.308,45.45059377,-75.48197576,8896
18--4371,4/17/2018,Unknown,YORK ST WB btwn BYWARD MARKE SQ & SUSSEX DR (__3ZA1B0),__3ZA1B0,01 - Non intersection,03 - P.D. only,06 - SMV unattended vehicle,02 - Rain,00 - Unknown,02 - Wet,10 - No control,,1,0,0,0,,0,,,,,367881.2551,5032313.478,45.42791018,-75.69384855,8897
18--4372,4/17/2018,12:15 PM,WALKLEY RD btwn HERON RD & TURN LANE (__3AUEJD),__3AUEJD,01 - Non intersection,03 - P.D. only,04 - Sideswipe,03 - Snow,01 - Daylight,02 - Wet,10 - No control,,2,0,0,0,,0,,,,,372310.4732,5027110.282,45.38068059,-75.63796364,8898
18--4373,4/17/2018,2:47 PM,STONEHAVEN DR btwn EAGLESON RD & BLUEMEADOW WAY (__3ZACLD),__3ZACLD,01 - Non intersection,03 - P.D. only,99 - Other,01 - Clear,01 - Daylight,01 - Dry,10 - No control,,2,0,0,0,,0,,,,,354549.6877,5016716.163,45.28863924,-75.86577821,8899
18--4374,4/17/2018,2:49 PM,HIGHWAY 417 btwn HWY417 IC126 RAMP61 & HWY417 IC124 RAMP76 (__3ZA2Y2),__3ZA2Y2,01 - Non intersection,03 - P.D. only,03 - Rear end,01 - Clear,01 - Daylight,01 - Dry,10 - No control,,2,0,0,0,,0,,,,,363653.702,5026508.128,45.37604322,-75.74856284,8900
18--4375,4/17/2018,2:50 PM,BREWER RD @ BRONSON AVE (0002240),2240,02 - Intersection related,03 - P.D. only,03 - Rear end,04 - Freezing Rain,01 - Daylight,06 - Ice,01 - Traffic signal,01 - Functioning,2,0,0,0,,0,,,,,368108.97,5027765.925,45.38697216,-75.6915227,8901
18--4376,4/17/2018,3:16 PM,STRANDHERD DR btwn Continuation of STRANDHERD DR & MCKENNA CASEY DR (__3ZAZM9),__3ZAZM9,05 - At railway crossing,02 - Non-fatal injury,03 - Rear end,03 - Snow,01 - Daylight,02 - Wet,10 - No control,,2,0,0,0,01 - Minimal,3,3,,,,361840.1572,5013653.635,45.26052853,-75.77319633,8902
18--4377,4/17/2018,3:29 PM,MEADOWLANDS DR btwn INVERNESS AVE & DEER PARK RD (__3ZA4IM),__3ZA4IM,04 - At/near private drive,03 - P.D. only,02 - Angle,02 - Rain,01 - Daylight,02 - Wet,10 - No control,,2,0,0,0,,0,,,,,365940.3871,5024835.649,45.36079878,-75.71957636,8903
18--4378,4/17/2018,3:30 PM,MEADOWLANDS DR/TALLWOOD DR @ WOODROFFE AVE (0000095),95,02 - Intersection related,03 - P.D. only,03 - Rear end,03 - Snow,01 - Daylight,02 - Wet,01 - Traffic signal,01 - Functioning,2,0,0,0,,0,,,,,363056.6895,5022730.494,45.34210235,-75.75663002,8904
18--4379,4/17/2018,3:40 PM,CARLING AVE @ MELROSE AVE (0006992),6992,03 - At intersection,03 - P.D. only,02 - Angle,02 - Rain,01 - Daylight,02 - Wet,02 - Stop sign,01 - Functioning,2,0,0,0,,0,,,,,365970.5425,5028391.73,45.39279303,-75.71875098,8905
18--438,1/8/2018,1:51 PM,ST. LAURENT BLVD/GUY ST @ RIDEAU SS (0007214),7214,03 - At intersection,03 - P.D. only,05 - Turning movement,03 - Snow,01 - Daylight,03 - Loose snow,01 - Traffic signal,01 - Functioning,2,0,0,0,,0,,,,,371861.2149,5033043.748,45.43411053,-75.64289247,8906
18--4380,4/17/2018,3:59 PM,EVELYN AVE @ MAIN ST (0007721),7721,02 - Intersection related,03 - P.D. only,04 - Sideswipe,03 - Snow,01 - Daylight,02 - Wet,01 - Traffic signal,01 - Functioning,2,0,0,0,,0,,,,,369038.7085,5030473.572,45.41125002,-75.67929819,8907
18--4381,4/17/2018,4:10 PM,SOLANDT RD btwn LEGGET DR & END (__5GOPUS),__5GOPUS,04 - At/near private drive,03 - P.D. only,02 - Angle,03 - Snow,01 - Daylight,02 - Wet,10 - No control,,2,0,0,0,,0,,,,,350867.2271,5023264.492,45.34781376,-75.91211157,8908
18--4382,4/17/2018,4:45 PM,FIRST AVE btwn PERCY ST & LYON ST S (__3ZA92Y),__3ZA92Y,01 - Non intersection,03 - P.D. only,06 - SMV unattended vehicle,01 - Clear,01 - Daylight,01 - Dry,10 - No control,,1,0,0,0,,0,,,,,367847.0242,5029447.79,45.40212872,-75.69465257,8909
18--4383,4/17/2018,4:52 PM,HAZELDEAN RD btwn 246 E OF CASTLEFRANK RD & IRWIN GT (__3ZA41NB),__3ZA41NB,04 - At/near private drive,03 - P.D. only,03 - Rear end,02 - Rain,01 - Daylight,02 - Wet,10 - No control,,2,0,0,0,,0,,,,,352903.88,5017880.764,45.29923318,-75.88664521,8910
18--4384,4/17/2018,5:29 PM,GREENBANK RD @ HARRISON ST/ASHGROVE CRES (0000627),627,02 - Intersection related,03 - P.D. only,03 - Rear end,03 - Snow,01 - Daylight,02 - Wet,01 - Traffic signal,01 - Functioning,2,0,0,0,,0,,,,,360839.3943,5022007.405,45.33577663,-75.7850029,8911
18--4385,4/17/2018,5:38 PM,PARKDALE AVE btwn GRANT ST & WELLINGTON ST W (__3ZA3ZQ),__3ZA3ZQ,01 - Non intersection,03 - P.D. only,03 - Rear end,03 - Snow,01 - Daylight,02 - Wet,10 - No control,,2,0,0,0,,0,,,,,365118.6022,5029340.105,45.4014002,-75.7295147,8912
18--4386,4/17/2018,5:45 PM,SHEFFORD RD btwn MONTREAL RD & EAST ACRES RD (__3ZA40X),__3ZA40X,04 - At/near private drive,03 - P.D. only,03 - Rear end,03 - Snow,01 - Daylight,02 - Wet,10 - No control,,2,0,0,0,,0,,,,,376144.8644,5034804.192,45.44952601,-75.58789482,8913
18--4387,4/17/2018,5:47 PM,HAZELDEAN RD btwn EDGEWATER ST & YOUNG RD (__3ZA3DM),__3ZA3DM,04 - At/near private drive,03 - P.D. only,02 - Angle,02 - Rain,01 - Daylight,02 - Wet,10 - No control,,2,0,0,0,,0,,,,,352399.6886,5017419.626,45.29511809,-75.89311786,8914
18--4490,4/21/2018,Unknown,LAMBETH WALK btwn ELMIRA DR & GATEWAY RD (__3ZABUT),__3ZABUT,01 - Non intersection,03 - P.D. only,06 - SMV unattended vehicle,01 - Clear,00 - Unknown,01 - Dry,10 - No control,,1,0,0,0,,0,,,,,361639.4941,5024040.953,45.35401005,-75.7745617,8915
18--4491,4/21/2018,2:03 PM,CONROY RD btwn THURSTON DR & JOHNSTON RD (__3ZA3S9),__3ZA3S9,01 - Non intersection,02 - Non-fatal injury,03 - Rear end,01 - Clear,01 - Daylight,01 - Dry,10 - No control,,3,0,0,0,02 - Minor,1,,1,,,373359.0136,5026404.354,45.37422712,-75.62467447,8916
18--4492,4/21/2018,2:11 PM,CORKSTOWN RD @ MARCH RD (0003153),3153,02 - Intersection related,02 - Non-fatal injury,03 - Rear end,01 - Clear,01 - Daylight,01 - Dry,02 - Stop sign,01 - Functioning,3,0,0,0,01 - Minimal,1,1,,,,352657.372,5020883.527,45.32626954,-75.88949812,8917
18--4493,4/21/2018,2:32 PM,UPPER LORNE PL btwn SOMERSET ST W & END (__3ZA4GN),__3ZA4GN,01 - Non intersection,03 - P.D. only,06 - SMV unattended vehicle,01 - Clear,01 - Daylight,01 - Dry,10 - No control,,1,0,0,0,,0,,,,,366580.9128,5030468.621,45.41142676,-75.7106961,8918
18--4494,4/21/2018,2:40 PM,QUEEN ELIZABETH DRWY @ TORRINGTON PL (0007554),7554,03 - At intersection,02 - Non-fatal injury,02 - Angle,01 - Clear,01 - Daylight,01 - Dry,02 - Stop sign,01 - Functioning,2,0,0,0,01 - Minimal,1,1,,,,367984.6834,5028614.03,45.39461439,-75.69300112,8919
18--4495,4/21/2018,2:57 PM,DEAKIN ST @ PRINCE OF WALES DR (0001073),1073,02 - Intersection related,03 - P.D. only,03 - Rear end,01 - Clear,01 - Daylight,01 - Dry,01 - Traffic signal,01 - Functioning,2,0,0,0,,0,,,,,367390.6311,5021524.098,45.33087412,-75.70148563,8920
18--4496,4/21/2018,3:24 PM,PARKMOUNT CRES btwn SPRINGDALE CRES & BANNER RD (2) (__3ZABTO),__3ZABTO,04 - At/near private drive,03 - P.D. only,06 - SMV unattended vehicle,01 - Clear,01 - Daylight,01 - Dry,10 - No control,,1,0,0,0,,0,,,,,360990.8984,5021453.966,45.33078468,-75.78313287,8921
18--4497,4/21/2018,4:10 PM,BUCKSKIN WAY btwn HIAWATHA PARK RD & SNOWSHOE CRES (__3ZA6BW),__3ZA6BW,01 - Non intersection,03 - P.D. only,06 - SMV unattended vehicle,01 - Clear,01 - Daylight,01 - Dry,10 - No control,,1,0,0,0,,0,,,,,379507.5057,5038177.676,45.47952671,-75.54439846,8922
18--4498,4/21/2018,5:00 PM,HIGHWAY 417 btwn HWY417 IC124 RAMP67 & HWY417 IC123 RAMP62 (__3ZA2YZ),__3ZA2YZ,01 - Non intersection,03 - P.D. only,03 - Rear end,01 - Clear,01 - Daylight,01 - Dry,10 - No control,,2,0,0,0,,0,,,,,364694.578,5027918.281,45.38864332,-75.73510315,8923
18--4499,4/21/2018,5:26 PM,EAGLESON RD @ PALOMINO DR S/ROTHESAY DR (0003134),3134,03 - At intersection,02 - Non-fatal injury,05 - Turning movement,01 - Clear,01 - Daylight,01 - Dry,01 - Traffic signal,01 - Functioning,2,0,0,0,01 - Minimal,1,1,,,,354125.0016,5017288.772,45.29382164,-75.87113495,8924
18--45,1/2/2018,1:29 PM,ST. JOSEPH BLVD @ TENTH LINE RD (0009163),9163,02 - Intersection related,03 - P.D. only,03 - Rear end,03 - Snow,01 - Daylight,03 - Loose snow,01 - Traffic signal,01 - Functioning,2,0,0,0,,0,,,,,382890.8039,5038666.453,45.48355406,-75.50105064,8925
18--450,1/8/2018,11:40 AM,MACKENZIE KING BR/WALLER ST @ NICHOLAS ST/WALL (0011251),11251,02 - Intersection related,03 - P.D. only,03 - Rear end,03 - Snow,01 - Daylight,05 - Packed snow,01 - Traffic signal,01 - Functioning,2,0,0,0,,0,,,,,368372.145,5031992.639,45.42497893,-75.68761723,8926
18--4500,4/21/2018,5:39 PM,FINDLAY CREEK DR btwn LONG POINT CIRC & DEVONWOOD CIRC (__45KVAI),__45KVAI,01 - Non intersection,03 - P.D. only,06 - SMV unattended vehicle,01 - Clear,01 - Daylight,01 - Dry,10 - No control,,1,0,0,0,,0,,,,,375573.1384,5020295.872,45.31904557,-75.59728323,8927
18--4501,4/21/2018,6:12 PM,STEVENSON AVE btwn CARLING AVE & CRERAR AVE (__3ZA08X),__3ZA08X,04 - At/near private drive,03 - P.D. only,04 - Sideswipe,01 - Clear,01 - Daylight,01 - Dry,10 - No control,,2,0,0,0,,0,,,,,365344.5194,5027747.9,45.38705439,-75.72682458,8928
18--4502,4/21/2018,6:22 PM,LEWIS ST @ METCALFE ST (0007288),7288,03 - At intersection,03 - P.D. only,05 - Turning movement,01 - Clear,01 - Daylight,01 - Dry,02 - Stop sign,00 - Unknown,2,0,0,0,,0,,,,,368120.7352,5030923.73,45.41538406,-75.69096703,8929
18--4503,4/21/2018,7:22 PM,HUNT CLUB RD @ RIVERSIDE DR (0002237),2237,02 - Intersection related,03 - P.D. only,04 - Sideswipe,01 - Clear,01 - Daylight,01 - Dry,01 - Traffic signal,01 - Functioning,2,0,0,0,,0,,,,,368036.7027,5021945.499,45.33460788,-75.6931902,8930
18--4504,4/21/2018,7:32 AM,PRINCE OF WALES DR btwn SECOND LINE RD S & BANKFIELD RD (__3ZA295),__3ZA295,01 - Non intersection,02 - Non-fatal injury,07 - SMV other,01 - Clear,01 - Daylight,01 - Dry,10 - No control,,1,0,0,0,02 - Minor,1,,1,,,366475.3529,5008263.688,45.21163866,-75.71480842,8931
18--4505,4/21/2018,8:20 AM,BRONSON AVE @ SOMERSET ST (0002218),2218,03 - At intersection,02 - Non-fatal injury,07 - SMV other,01 - Clear,01 - Daylight,01 - Dry,01 - Traffic signal,01 - Functioning,1,0,0,1,01 - Minimal,1,1,,,,366967.6961,5030476.572,45.41146405,-75.70575408,8932
18--4506,4/21/2018,8:35 PM,PORTAGE BRIDGE SB btwn PROVINCIAL BOUNDARY & WELLINGTON ST (__6TE1GY),__6TE1GY,01 - Non intersection,03 - P.D. only,04 - Sideswipe,01 - Clear,07 - Dark,01 - Dry,10 - No control,,2,0,0,0,,0,,,,,366463.8827,5031398.71,45.41980576,-75.71207473,8933
18--4507,4/21/2018,9:20 PM,"EGLISE, RUE DE L @ MONTREAL RD (0011441)",11441,03 - At intersection,03 - P.D. only,04 - Sideswipe,01 - Clear,07 - Dark,01 - Dry,01 - Traffic signal,01 - Functioning,2,0,0,0,,0,,,,,371157.3817,5033633.955,45.43948809,-75.65180759,8934
18--4508,4/21/2018,9:50 AM,BASELINE RD @ FARLANE BLVD (0002725),2725,02 - Intersection related,02 - Non-fatal injury,03 - Rear end,01 - Clear,01 - Daylight,01 - Dry,01 - Traffic signal,01 - Functioning,2,0,0,0,01 - Minimal,2,2,,,,365356.6041,5025517.827,45.36698757,-75.72694375,8935
18--4509,4/22/2018,1:00 PM,DONALD ST @ ST. LAURENT BLVD (0008630),8630,03 - At intersection,03 - P.D. only,05 - Turning movement,01 - Clear,01 - Daylight,01 - Dry,01 - Traffic signal,01 - Functioning,2,0,0,0,,0,,,,,372093.6933,5032472.675,45.42894996,-75.63999955,8936
18--451,1/8/2018,Unknown,GALLANTRY WAY btwn CORIOLIS CRT/GALLANTRY WAY & KHAMSIN ST (__5UA3N9),__5UA3N9,01 - Non intersection,03 - P.D. only,06 - SMV unattended vehicle,03 - Snow,00 - Unknown,03 - Loose snow,10 - No control,,1,0,0,0,,0,,,,,350931.73,5016531.628,45.28722553,-75.91191549,8937
18--4510,4/22/2018,1:14 PM,JEANNE D'ARC BLVD @ ORLEANS BLVD S (0004154),4154,02 - Intersection related,03 - P.D. only,03 - Rear end,01 - Clear,01 - Daylight,01 - Dry,01 - Traffic signal,01 - Functioning,2,0,0,0,,0,,,,,380940.3143,5036250.595,45.46203363,-75.5263723,8938
18--4511,4/22/2018,11:30 AM,FLEWELLYN RD @ SHEA RD (0000398),398,03 - At intersection,03 - P.D. only,02 - Angle,01 - Clear,01 - Daylight,01 - Dry,02 - Stop sign,01 - Functioning,2,0,0,0,,0,,,,,352993.6004,5012174.406,45.24787965,-75.88605519,8939
18--4512,4/22/2018,Unknown,ELGIN ST btwn GLADSTONE AVE & MCLEOD ST (__3ZA3QE),__3ZA3QE,01 - Non intersection,03 - P.D. only,06 - SMV unattended vehicle,01 - Clear,00 - Unknown,01 - Dry,10 - No control,,1,0,0,0,,0,,,,,368404.9469,5030811.735,45.41435059,-75.68735055,8940
18--4513,4/22/2018,12:08 PM,ST. LAURENT BLVD @ WALKLEY RD (0007653),7653,03 - At intersection,02 - Non-fatal injury,05 - Turning movement,01 - Clear,01 - Daylight,01 - Dry,01 - Traffic signal,01 - Functioning,2,0,0,0,01 - Minimal,2,2,,,,373901.9917,5028047.173,45.38895514,-75.61751289,8941
18--4514,4/22/2018,12:19 AM,EAGLESON RD @ HWY 417 EAGLESO IC138R51/PARK AN (0009698),9698,03 - At intersection,03 - P.D. only,05 - Turning movement,01 - Clear,07 - Dark,01 - Dry,01 - Traffic signal,01 - Functioning,2,0,0,0,,0,,,,,353036.9805,5020013.169,45.3184119,-75.88474063,8942
18--4515,4/22/2018,12:32 PM,COLONEL BY DR/MACKENZIE AVE @ DALY AVE (0008541),8541,02 - Intersection related,03 - P.D. only,03 - Rear end,01 - Clear,01 - Daylight,01 - Dry,01 - Traffic signal,01 - Functioning,2,0,0,0,,0,,,,,368002.6352,5031904.122,45.42421597,-75.69235005,8943
18--4516,4/22/2018,2:00 PM,HIGHWAY 417 btwn HWY417 IC126 RAMP61 & HWY417 IC124 RAMP76 (__3ZA2Y2),__3ZA2Y2,01 - Non intersection,03 - P.D. only,99 - Other,01 - Clear,01 - Daylight,01 - Dry,10 - No control,,2,0,0,0,,0,,,,,364065.8897,5027065.155,45.38102052,-75.74323367,8944
18--4517,4/22/2018,2:38 AM,QUEEN ANNE CRES btwn MERIVALE RD & END (__3ZA6NU),__3ZA6NU,01 - Non intersection,02 - Non-fatal injury,07 - SMV other,01 - Clear,07 - Dark,01 - Dry,10 - No control,,1,0,0,0,03 - Major,1,,,1,,367389.182,5017622.479,45.29576804,-75.70199699,8945
18--4518,4/22/2018,3:00 AM,COLONEL BY DR btwn CLEGG ST & ECHO DR S (__3ZBPHH),__3ZBPHH,01 - Non intersection,03 - P.D. only,04 - Sideswipe,01 - Clear,07 - Dark,01 - Dry,10 - No control,,2,0,0,0,,0,,,,,368647.4342,5028778.531,45.3960344,-75.68451599,8946
18--4519,4/22/2018,3:30 PM,MARCH RD @ MORGAN'S GRANT WAY/SHIRLEY'S BROOK  (0002651),2651,02 - Intersection related,02 - Non-fatal injury,03 - Rear end,01 - Clear,01 - Daylight,01 - Dry,01 - Traffic signal,01 - Functioning,2,0,1,0,02 - Minor,1,,1,,,349661.6785,5023617.447,45.35106787,-75.92746341,8947
18--452,1/8/2018,Unknown,GAINSBOROUGH AVE btwn KEENAN AVE & DOVERCOURT AVE (__3ZA0QL),__3ZA0QL,04 - At/near private drive,03 - P.D. only,06 - SMV unattended vehicle,03 - Snow,00 - Unknown,03 - Loose snow,10 - No control,,1,0,0,0,,0,,,,,362435.313,5026966.474,45.38026865,-75.76406428,8948
18--4520,4/22/2018,3:43 PM,TERRY FOX DR btwn INNOVATION DR & MARCH RD (__3ZACVM),__3ZACVM,01 - Non intersection,03 - P.D. only,07 - SMV other,01 - Clear,01 - Daylight,01 - Dry,10 - No control,,1,0,0,0,,0,,,,,349717.3807,5023263.322,45.34787781,-75.92678473,8949
18--4521,4/22/2018,3:47 PM,HERON RD @ ALTA VISTA DR (0007188),7188,03 - At intersection,03 - P.D. only,02 - Angle,01 - Clear,01 - Daylight,01 - Dry,01 - Traffic signal,01 - Functioning,2,0,0,0,,0,,,,,370492.7226,5026902.537,45.37898418,-75.66119947,8950
18--4522,4/22/2018,4:08 PM,ST. JOSEPH BLVD @ JEANNE D'ARC BLVD (0012421),12421,03 - At intersection,03 - P.D. only,04 - Sideswipe,01 - Clear,01 - Daylight,01 - Dry,11 - Roundabout,00 - Unknown,2,0,0,0,,0,,,,,379860.3885,5036471.465,45.46413771,-75.54014592,8951
18--4523,4/22/2018,4:30 PM,TERRY FOX DR @ PALLADIUM DR/KATIMAVIK RD (0011858),11858,02 - Intersection related,03 - P.D. only,03 - Rear end,01 - Clear,01 - Daylight,01 - Dry,01 - Traffic signal,01 - Functioning,2,0,0,0,,0,,,,,351269.3254,5018181.13,45.30204597,-75.90745751,8952
18--4524,4/22/2018,5:30 PM,WOODROFFE AVE btwn GRENFELL CRES & 260 N OF FALLOWFIELD RD/TRANSITWAY  (__3ZA3IO),__3ZA3IO,05 - At railway crossing,03 - P.D. only,03 - Rear end,01 - Clear,01 - Daylight,01 - Dry,10 - No control,,2,0,0,0,,0,,,,,364919.2273,5018325.189,45.30230667,-75.73340046,8953
18--4525,4/22/2018,9:26 PM,QUEEN MARY ST @ VANIER PKWY (0007648),7648,02 - Intersection related,03 - P.D. only,02 - Angle,01 - Clear,07 - Dark,01 - Dry,01 - Traffic signal,01 - Functioning,2,0,0,0,,0,,,,,370363.7108,5031957.585,45.4244797,-75.66217455,8954
18--4526,4/23/2018,1:32 PM,ST. PATRICK ST btwn DALHOUSIE ST & CUMBERLAND ST (__3ZA3WU),__3ZA3WU,04 - At/near private drive,03 - P.D. only,05 - Turning movement,01 - Clear,01 - Daylight,01 - Dry,10 - No control,,2,0,0,0,,0,,,,,368022.3424,5032682.171,45.43121481,-75.69199836,8955
18--4527,4/23/2018,1:39 PM,SHAUGHNESSY CRES btwn KNUDSON DR & WINDEYER CRES (1) (__3ZA5JB),__3ZA5JB,01 - Non intersection,03 - P.D. only,07 - SMV other,01 - Clear,01 - Daylight,01 - Dry,10 - No control,,1,0,0,0,,0,,,,,350754.2384,5020387.176,45.32193043,-75.91382058,8956
18--4528,4/23/2018,11:25 AM,ST. JOSEPH BLVD/OLD MONTREAL RD @ TRIM RD (0004118),4118,03 - At intersection,03 - P.D. only,02 - Angle,01 - Clear,01 - Daylight,01 - Dry,11 - Roundabout,01 - Functioning,2,0,0,0,,0,,,,,384682.754,5039285.582,45.48892163,-75.47803065,8957
18--4529,4/23/2018,12:06 AM,COLUMBUS AVE @ VERA ST (0007672),7672,03 - At intersection,03 - P.D. only,02 - Angle,01 - Clear,07 - Dark,01 - Dry,03 - Yield sign,01 - Functioning,2,0,0,0,,0,,,,,370493.069,5032201.465,45.4266619,-75.66048916,8958
18--453,1/8/2018,Unknown,MANSFIELD AVE btwn DOVERCOURT AVE & TILLBURY AVE (__3ZA0P1),__3ZA0P1,01 - Non intersection,03 - P.D. only,06 - SMV unattended vehicle,03 - Snow,00 - Unknown,03 - Loose snow,10 - No control,,1,0,0,0,,0,,,,,362723.5428,5026901.402,45.37965937,-75.76039186,8959
18--4530,4/23/2018,2:42 AM,DUNROBIN RD @ GALETTA SIDE RD (0002366),2366,02 - Intersection related,02 - Non-fatal injury,07 - SMV other,01 - Clear,07 - Dark,01 - Dry,02 - Stop sign,01 - Functioning,1,0,0,0,02 - Minor,1,,1,,,333686.603,5040339.685,45.50238065,-76.13035532,8960
18--4531,4/23/2018,2:47 PM,COLONEL BY DR/SUSSEX DR @ RIDEAU ST (0007647),7647,03 - At intersection,03 - P.D. only,04 - Sideswipe,01 - Clear,01 - Daylight,01 - Dry,01 - Traffic signal,01 - Functioning,2,0,0,0,,0,,,,,367922.0067,5032044.111,45.42548283,-75.69336234,8961
18--4532,4/23/2018,2:50 AM,RIDEAU ST btwn AUGUSTA ST & COBOURG ST (__3ZA3W7),__3ZA3W7,01 - Non intersection,03 - P.D. only,07 - SMV other,01 - Clear,07 - Dark,01 - Dry,10 - No control,,1,0,0,0,,0,,,,,369055.9135,5032743.415,45.43167166,-75.67878236,8962
18--4533,4/23/2018,3:18 PM,EARL ARMSTRONG RD @ LIMEBANK RD (0004456),4456,02 - Intersection related,03 - P.D. only,03 - Rear end,01 - Clear,01 - Daylight,01 - Dry,01 - Traffic signal,01 - Functioning,2,0,0,0,,0,,,,,370155.7052,5015960.697,45.28056375,-75.6669468,8963
18--4534,4/23/2018,3:26 PM,ALBERT ST @ LYON ST (0002208),2208,02 - Intersection related,03 - P.D. only,04 - Sideswipe,01 - Clear,01 - Daylight,01 - Dry,01 - Traffic signal,01 - Functioning,2,0,0,0,,0,,,,,367062.6997,5031219.584,45.41814101,-75.70444658,8964
18--4535,4/23/2018,3:30 PM,CHURCHILL AVE   N btwn RICHMOND RD & DANFORTH AVE (__3ZBOGA),__3ZBOGA,04 - At/near private drive,03 - P.D. only,05 - Turning movement,01 - Clear,01 - Daylight,01 - Dry,10 - No control,,2,0,0,0,,0,,,,,363244.6166,5028251.586,45.39176485,-75.75357912,8965
18--4536,4/23/2018,3:39 PM,HOLLAND AVE @ RUSKIN ST (0006676),6676,03 - At intersection,02 - Non-fatal injury,02 - Angle,01 - Clear,01 - Daylight,01 - Dry,02 - Stop sign,01 - Functioning,2,0,1,0,03 - Major,3,2,,1,,365279.7019,5028350.557,45.39248257,-75.72757839,8966
18--4537,4/23/2018,4:00 PM,WAVERLEY ST btwn O'CONNOR ST & METCALFE ST (__3ZA9T4),__3ZA9T4,04 - At/near private drive,03 - P.D. only,06 - SMV unattended vehicle,01 - Clear,01 - Daylight,01 - Dry,10 - No control,,1,0,0,0,,0,,,,,368026.3001,5030777.318,45.41407523,-75.69219227,8967
18--4538,4/23/2018,4:16 PM,HIGHWAY 416 btwn HWY416 IC57 RAMP53 & HWY416 IC49 RAMP34 (__3ZAZJC),__3ZAZJC,01 - Non intersection,03 - P.D. only,07 - SMV other,01 - Clear,01 - Daylight,01 - Dry,10 - No control,,1,0,0,0,,0,,,,,366912.14,5004739.232,45.17988704,-75.70968731,8968
18--4539,4/23/2018,4:31 PM,CONROY RD @ WALKLEY RD (0002648),2648,02 - Intersection related,03 - P.D. only,03 - Rear end,01 - Clear,01 - Daylight,01 - Dry,01 - Traffic signal,01 - Functioning,2,0,0,0,,0,,,,,372903.0485,5027463.509,45.38380142,-75.63034923,8969
18--454,1/8/2018,Unknown,FLOWERTREE CRES btwn Continuation of FLOWERTREE CRES & Continuation of (__3ZAZU2),__3ZAZU2,01 - Non intersection,03 - P.D. only,06 - SMV unattended vehicle,01 - Clear,00 - Unknown,05 - Packed snow,10 - No control,,1,0,0,0,,0,,,,,356220.0172,5015640.723,45.27884201,-75.84459724,8970
18--4540,4/23/2018,4:48 PM,MAITLAND AVE/HWY 417 MAITLAND IC126R53 @ HWY 4 (0008229),8229,03 - At intersection,02 - Non-fatal injury,05 - Turning movement,01 - Clear,01 - Daylight,01 - Dry,01 - Traffic signal,01 - Functioning,2,0,0,0,02 - Minor,1,,1,,,363229.6778,5025774.373,45.36947648,-75.75406307,8971
18--4541,4/23/2018,6:20 PM,BOOTH ST @ SIR JOHN A. MACDONALD PKWY/WELLINGTON ST (0012252),12252,02 - Intersection related,03 - P.D. only,04 - Sideswipe,01 - Clear,01 - Daylight,01 - Dry,01 - Traffic signal,01 - Functioning,2,0,0,0,,0,,,,,366264.2571,5031006.688,45.41629602,-75.71467416,8972
18--4542,4/23/2018,6:24 PM,ST. LAURENT BLVD @ COVENTRY RD/OGILVIE RD (0002151),2151,02 - Intersection related,02 - Non-fatal injury,07 - SMV other,01 - Clear,01 - Daylight,01 - Dry,01 - Traffic signal,01 - Functioning,1,0,0,1,02 - Minor,1,,1,,,372305.7196,5031951.575,45.42424091,-75.63736163,8973
18--4543,4/23/2018,7:10 AM,FRINGEWOOD DR @ HARRY DOUGLAS DR (0009737),9737,03 - At intersection,02 - Non-fatal injury,07 - SMV other,01 - Clear,01 - Daylight,01 - Dry,02 - Stop sign,01 - Functioning,1,0,0,1,02 - Minor,1,,1,,,351147.5928,5015052.433,45.27390109,-75.90930196,8974
18--4544,4/23/2018,7:50 PM,STRANDHERD DR @ WOODROFFE AVE (0009688),9688,02 - Intersection related,03 - P.D. only,03 - Rear end,01 - Clear,05 - Dusk,01 - Dry,01 - Traffic signal,01 - Functioning,2,0,0,0,,0,,,,,366105.9919,5015395.218,45.27584042,-75.71863112,8975
18--4545,4/23/2018,8:00 AM,HWY417 IC117 RAMP26 btwn HIGHWAY 417 & VANIER PKWY (__3ZAY6W),__3ZAY6W,01 - Non intersection,02 - Non-fatal injury,03 - Rear end,01 - Clear,01 - Daylight,01 - Dry,10 - No control,,3,0,0,0,01 - Minimal,1,1,,,,370808.4231,5031368.095,45.41913389,-75.65657126,8976