Anom_ID,Accident_Date,Accident_Time,Location,Geo_ID,Accident_Location,Classification_of_Accident,Initial_Impact_Type,Environment_Condition,Light,Road_Surface_Condition,Traffic_Control,Traffic_Control_Condition,No__of_Vehicles,No__of_Bicycles,No__of_Motorcycles,No__of_Pedestrians,Max_Injury,No__of_Injuries,No__of_Minimal,No__of_Minor,No__of_Major,No__of_Fatal,X,Y,Latitude,Longitude,ObjectId
18--4546,4/23/2018,8:09 AM,BRONSON AVE @ GLOUCESTER ST (0005124),5124,02 - Intersection related,03 - P.D. only,03 - Rear end,01 - Clear,01 - Daylight,01 - Dry,01 - Traffic signal,01 - Functioning,3,0,0,0,,0,,,,,366833.8888,5030792.17,45.41431558,-75.7074237,8977
18--4547,4/23/2018,8:34 AM,BASELINE RD @ MONTEREY DR (0001125),1125,03 - At intersection,03 - P.D. only,99 - Other,01 - Clear,01 - Daylight,01 - Dry,01 - Traffic signal,01 - Functioning,2,0,0,0,,0,,,,,359793.6711,5022155.499,45.33719192,-75.79832763,8978
18--4548,4/23/2018,8:55 AM,BEAUSOLEIL DR @ MURRAY ST (0011520),11520,03 - At intersection,02 - Non-fatal injury,07 - SMV other,01 - Clear,01 - Daylight,01 - Dry,02 - Stop sign,01 - Functioning,1,0,0,1,01 - Minimal,1,1,,,,368559.7041,5032916.578,45.43327513,-75.68510105,8979
18--4549,4/23/2018,8:59 PM,COOPER ST @ ELGIN ST (0006934),6934,02 - Intersection related,03 - P.D. only,04 - Sideswipe,01 - Clear,07 - Dark,01 - Dry,01 - Traffic signal,01 - Functioning,2,0,0,0,,0,,,,,368119.7139,5031271.589,45.41851407,-75.69093538,8980
18--455,1/8/2018,Unknown,MONTFORT ST btwn STE. ANNE ST & GRANVILLE ST (__3ZA52J),__3ZA52J,01 - Non intersection,03 - P.D. only,06 - SMV unattended vehicle,01 - Clear,00 - Unknown,02 - Wet,10 - No control,,1,0,0,0,,0,,,,,370632.6008,5033579.985,45.43905211,-75.65852192,8981
18--4550,4/24/2018,1:00 PM,INNES RD @ TENTH LINE RD (0004633),4633,02 - Intersection related,03 - P.D. only,03 - Rear end,01 - Clear,01 - Daylight,01 - Dry,01 - Traffic signal,01 - Functioning,2,0,0,0,,0,,,,,383951.1321,5036159.931,45.46088329,-75.48789265,8982
18--4551,4/24/2018,1:16 PM,WEST HUNT CLUB RD @ 354 E OF WOODROFFE AVE/REC (0004605),4605,02 - Intersection related,02 - Non-fatal injury,03 - Rear end,01 - Clear,01 - Daylight,01 - Dry,01 - Traffic signal,01 - Functioning,2,0,0,0,03 - Major,2,,1,1,,363982.3912,5021424.547,45.33027407,-75.74497503,8983
18--4552,4/24/2018,1:35 PM,CROYDON AVE @ RICHMOND RD (0002652),2652,03 - At intersection,03 - P.D. only,05 - Turning movement,01 - Clear,01 - Daylight,01 - Dry,01 - Traffic signal,01 - Functioning,2,0,0,0,,0,,,,,360545.1422,5025272.214,45.36517675,-75.78838887,8984
18--4553,4/24/2018,10:01 AM,DEAKIN ST @ PRINCE OF WALES DR (0001073),1073,02 - Intersection related,02 - Non-fatal injury,03 - Rear end,01 - Clear,01 - Daylight,01 - Dry,01 - Traffic signal,01 - Functioning,2,0,0,0,02 - Minor,2,1,1,,,367390.087,5021522.922,45.33086359,-75.70149272,8985
18--4554,4/24/2018,11:00 PM,SPRUCE RIDGE RD btwn RICHARDSON SIDE RD & HAZELDEAN RD (__7JQ7ID),__7JQ7ID,01 - Non intersection,03 - P.D. only,07 - SMV other,01 - Clear,07 - Dark,01 - Dry,10 - No control,,1,0,0,0,,0,,,,,343858.3404,5013642.881,45.26165997,-76.00231017,8986
18--4555,4/24/2018,11:10 AM,MONTREAL RD btwn ST. LAURENT BLVD & HILLSIDE DR (__3ZA1MC),__3ZA1MC,01 - Non intersection,03 - P.D. only,05 - Turning movement,01 - Clear,01 - Daylight,01 - Dry,10 - No control,,2,0,0,0,,0,,,,,371663.6587,5033873.188,45.44159236,-75.64530448,8987
18--4556,4/24/2018,11:41 PM,OGILVIE RD btwn CADBORO RD & BATHGATE DR (__3ZA2DN),__3ZA2DN,01 - Non intersection,03 - P.D. only,07 - SMV other,01 - Clear,07 - Dark,01 - Dry,10 - No control,,1,0,0,0,,0,,,,,373785.0395,5032774.745,45.43150305,-75.6183447,8988
18--4557,4/24/2018,11:58 AM,HERON RD @ BRONSON AVE RAMP 52 (0002517),2517,02 - Intersection related,03 - P.D. only,03 - Rear end,01 - Clear,01 - Daylight,01 - Dry,10 - No control,,2,0,0,0,,0,,,,,368688.6889,5026697.005,45.37730169,-75.68425857,8989
18--4558,4/24/2018,Unknown,ROOSEVELT AVE btwn AVONDALE AVE & DOVERCOURT AVE (__3ZA4AD),__3ZA4AD,01 - Non intersection,03 - P.D. only,06 - SMV unattended vehicle,01 - Clear,00 - Unknown,01 - Dry,10 - No control,,1,0,0,0,,0,,,,,363355.4003,5027335.753,45.38351507,-75.75227304,8990
18--4559,4/24/2018,Unknown,SOMERSET ST    E btwn CHAPEL ST & BLACKBURN AVE (__3ZA8HU),__3ZA8HU,01 - Non intersection,03 - P.D. only,06 - SMV unattended vehicle,01 - Clear,00 - Unknown,01 - Dry,10 - No control,,1,0,0,0,,0,,,,,369381.8851,5031932.037,45.42434116,-75.67472314,8991
18--456,1/8/2018,Unknown,JASMINE CRES btwn ARROWSMITH DR & BEAVERHILL DR (__3ZA5B8),__3ZA5B8,01 - Non intersection,03 - P.D. only,06 - SMV unattended vehicle,03 - Snow,00 - Unknown,05 - Packed snow,10 - No control,,1,0,0,0,,0,,,,,375600.3929,5033702.429,45.43966838,-75.59501324,8992
18--4560,4/24/2018,Unknown,GORDON ST btwn ELLA ST & NEWTON ST (__3ZA9L2),__3ZA9L2,01 - Non intersection,03 - P.D. only,06 - SMV unattended vehicle,02 - Rain,00 - Unknown,02 - Wet,10 - No control,,1,0,0,0,,0,,,,,367812.6078,5028900.104,45.3972039,-75.69516212,8993
18--4561,4/24/2018,12:25 PM,ST. JOSEPH BLVD btwn ST. JEAN ST & BELCOURT BLVD (__3ZA2AP),__3ZA2AP,04 - At/near private drive,03 - P.D. only,03 - Rear end,01 - Clear,01 - Daylight,01 - Dry,10 - No control,,2,0,0,0,,0,,,,,381075.6364,5037269.815,45.47118897,-75.52448398,8994
18--4562,4/24/2018,12:30 PM,MONTREAL RD btwn L'ALLEMAND ST & ALTHA AVE (__3ZA3L9),__3ZA3L9,01 - Non intersection,03 - P.D. only,04 - Sideswipe,01 - Clear,01 - Daylight,01 - Dry,10 - No control,,2,0,0,0,,0,,,,,370610.3024,5033368.657,45.43715277,-75.65883516,8995
18--4563,4/24/2018,12:47 PM,HIGHWAY 417 btwn HWY417 IC117 RAMP51 & HWY417 IC117 RAMP35 (__3ZA2YN),__3ZA2YN,01 - Non intersection,02 - Non-fatal injury,07 - SMV other,01 - Clear,01 - Daylight,01 - Dry,10 - No control,,1,0,1,0,02 - Minor,1,,1,,,370609.7948,5031158.756,45.41726906,-75.65913694,8996
18--4564,4/24/2018,2:30 PM,WEST HUNT CLUB RD EB btwn ANTARES DR/LASER ST & PRINCE OF WALES DR (__3ZA3KH),__3ZA3KH,04 - At/near private drive,03 - P.D. only,02 - Angle,01 - Clear,01 - Daylight,01 - Dry,10 - No control,,2,0,0,0,,0,,,,,367355.0069,5021899.581,45.33425583,-75.70189262,8997
18--4565,4/24/2018,2:45 PM,YORK ST EB btwn BY WARD MARKET SQ & SUSSEX DR (__3ZA8ZZ),__3ZA8ZZ,01 - Non intersection,02 - Non-fatal injury,07 - SMV other,01 - Clear,01 - Daylight,01 - Dry,10 - No control,,1,0,0,1,02 - Minor,1,,1,,,367818.2539,5032244.499,45.42729521,-75.69466243,8998
18--4566,4/24/2018,2:52 PM,LIMEBANK RD/RIVERSIDE DR @ RIVER RD (0013336),13336,02 - Intersection related,03 - P.D. only,03 - Rear end,01 - Clear,01 - Daylight,01 - Dry,01 - Traffic signal,01 - Functioning,2,0,0,0,,0,,,,,368403.7853,5020477.711,45.32136784,-75.68869579,8999
18--4567,4/24/2018,3:00 PM,GRENON AVE @ RICHMOND RD (0002741),2741,03 - At intersection,03 - P.D. only,02 - Angle,01 - Clear,01 - Daylight,01 - Dry,01 - Traffic signal,01 - Functioning,2,0,0,0,,0,,,,,359806.6705,5024033.51,45.35408925,-75.79795293,9000
18--5559,5/25/2018,11:30 AM,BLAIR RD @ OGILVIE RD (0004120),4120,02 - Intersection related,03 - P.D. only,03 - Rear end,01 - Clear,01 - Daylight,01 - Dry,01 - Traffic signal,01 - Functioning,2,0,0,0,,0,,,,,374507.765,5033198.684,45.43524575,-75.60904909,9001
18--556,1/9/2018,6:14 PM,SUNVIEW DR btwn LARKHAVEN CRES & LARKHAVEN CRES (__3ZBO29),__3ZBO29,04 - At/near private drive,03 - P.D. only,02 - Angle,01 - Clear,07 - Dark,04 - Slush,10 - No control,,2,0,0,0,,0,,,,,381706.9937,5036863.692,45.46746578,-75.51647407,9002
18--5560,5/25/2018,11:35 PM,HWY417 IC115 RAMP36 btwn HIGHWAY 417 & TRANSIT (__3ZAY67),__3ZAY67,01 - Non intersection,02 - Non-fatal injury,07 - SMV other,01 - Clear,07 - Dark,01 - Dry,10 - No control,,1,0,0,0,02 - Minor,1,,1,,,372421.1041,5031551.615,45.42063111,-75.63594223,9003
18--5561,5/25/2018,11:36 AM,MAITLAND AVE/HWY 417 MAITLAND IC126R53 @ HWY 4 (0008229),8229,03 - At intersection,02 - Non-fatal injury,02 - Angle,01 - Clear,01 - Daylight,01 - Dry,01 - Traffic signal,01 - Functioning,2,0,0,0,02 - Minor,1,,1,,,363229.5894,5025774.625,45.36947875,-75.75406416,9004
18--5562,5/25/2018,Unknown,PRESTON ST btwn WILLOW ST & LARCH ST (__3ZA312),__3ZA312,01 - Non intersection,03 - P.D. only,06 - SMV unattended vehicle,01 - Clear,00 - Unknown,01 - Dry,10 - No control,,1,0,0,0,,0,,,,,366429.5316,5029849.226,45.40586696,-75.71270737,9005
18--5563,5/25/2018,Unknown,RUSSELL AVE btwn OSGOODE ST & SOMERSET ST E (__3ZA8HH),__3ZA8HH,01 - Non intersection,03 - P.D. only,06 - SMV unattended vehicle,01 - Clear,00 - Unknown,01 - Dry,10 - No control,,1,0,0,0,,0,,,,,369161.922,5032012.589,45.42508621,-75.67752318,9006
18--5564,5/25/2018,12:13 AM,REGIONAL ROAD 174 btwn EAST ST & EAST SHORE RD (__3ZA27Y),__3ZA27Y,01 - Non intersection,03 - P.D. only,07 - SMV other,01 - Clear,07 - Dark,01 - Dry,10 - No control,,1,0,0,0,,0,,,,,391721.1211,5042809.829,45.51978731,-75.38737814,9007
18--5565,5/25/2018,12:21 PM,ALTA VISTA DR btwn EDGE HILL PL & AYERS AVE (__3ZA0TT),__3ZA0TT,01 - Non intersection,03 - P.D. only,07 - SMV other,01 - Clear,01 - Daylight,01 - Dry,10 - No control,,1,0,0,0,,0,,,,,370444.1349,5026366.945,45.37416965,-75.66189099,9008
18--5566,5/25/2018,12:58 AM,HIGHWAY 417 btwn HIGHWAY 417 & HWY417 IC110 RAMP66 (__3ZA282),__3ZA282,01 - Non intersection,02 - Non-fatal injury,07 - SMV other,01 - Clear,07 - Dark,01 - Dry,10 - No control,,1,0,0,1,01 - Minimal,1,1,,,,375564.5922,5029766.626,45.40425987,-75.59603614,9009
18--5567,5/25/2018,3:00 PM,CUMMINGS AVE @ OGILVIE RD (0009923),9923,02 - Intersection related,03 - P.D. only,04 - Sideswipe,01 - Clear,01 - Daylight,01 - Dry,01 - Traffic signal,01 - Functioning,2,0,0,0,,0,,,,,372748.9379,5032170.712,45.42616969,-75.63166828,9010
18--5568,5/25/2018,3:18 PM,INNES RD btwn HWY417 IC112 RAMP55 & HWY417 IC112 RAMP58 (__33H3LG),__33H3LG,01 - Non intersection,03 - P.D. only,04 - Sideswipe,01 - Clear,01 - Daylight,01 - Dry,10 - No control,,2,0,0,0,,0,,,,,374219.9675,5030707.993,45.41286445,-75.61307805,9011
18--5569,5/25/2018,3:30 PM,RICHMOND RD @ HOLLY ACRES RD/NANAIMO DR (0001068),1068,03 - At intersection,02 - Non-fatal injury,05 - Turning movement,01 - Clear,01 - Daylight,01 - Dry,01 - Traffic signal,01 - Functioning,3,0,0,0,02 - Minor,2,,2,,,359058.3812,5022748.531,45.34258529,-75.80764357,9012
18--557,1/9/2018,6:20 AM,HIGHWAY 417 btwn HIGHWAY 417 & HWY417 IC140 RAMP51 (__3ZA20L),__3ZA20L,01 - Non intersection,03 - P.D. only,07 - SMV other,01 - Clear,07 - Dark,06 - Ice,10 - No control,,1,0,0,0,,0,,,,,349489.8965,5017702.124,45.29785119,-75.9301895,9013
18--5570,5/25/2018,3:30 PM,HWY417 IC118 RAMP35 btwn HWY417 IC118 RAMP45 & MANN AVE OVERPASS (__3ZAYAW),__3ZAYAW,01 - Non intersection,03 - P.D. only,03 - Rear end,01 - Clear,01 - Daylight,01 - Dry,10 - No control,,2,0,0,0,,0,,,,,369151.4517,5031270.476,45.41840992,-75.6777539,9014
18--5571,5/25/2018,4:02 PM,DATA CENTRE RD @ RIVERSIDE DR (0010863),10863,02 - Intersection related,03 - P.D. only,03 - Rear end,01 - Clear,01 - Daylight,01 - Dry,01 - Traffic signal,01 - Functioning,2,0,0,0,,0,,,,,368897.5082,5027671.848,45.38605396,-75.68146604,9015
18--5572,5/25/2018,4:08 PM,INDUSTRIAL AVE/INNES RD @ ST. LAURENT BLVD (0002203),2203,02 - Intersection related,03 - P.D. only,04 - Sideswipe,01 - Clear,01 - Daylight,01 - Dry,01 - Traffic signal,01 - Functioning,2,0,0,0,,0,,,,,373099.5459,5030005.732,45.40665609,-75.62748837,9016
18--5573,5/25/2018,4:23 PM,HAZELDEAN RD @ YOUNG RD (0003049),3049,02 - Intersection related,03 - P.D. only,03 - Rear end,02 - Rain,01 - Daylight,02 - Wet,02 - Stop sign,00 - Unknown,2,0,0,0,,0,,,,,352464.6484,5017480.527,45.29566169,-75.89228384,9017
18--5574,5/25/2018,4:30 PM,BAYSHORE DR @ WOODRIDGE CRES S (0000360),360,02 - Intersection related,02 - Non-fatal injury,07 - SMV other,01 - Clear,01 - Daylight,01 - Dry,01 - Traffic signal,01 - Functioning,1,0,0,1,01 - Minimal,1,1,,,,359233.6691,5023509.507,45.34941899,-75.80532325,9018
18--5575,5/25/2018,4:35 PM,BANKFIELD RD @ POTTER DR/LOCKMASTER CRES (0010355),10355,03 - At intersection,03 - P.D. only,02 - Angle,02 - Rain,01 - Daylight,02 - Wet,02 - Stop sign,00 - Unknown,2,0,0,0,,0,,,,,367735.6971,5009762.392,45.22501257,-75.69857506,9019
18--5576,5/25/2018,4:38 PM,PRINCE OF WALES DR btwn WINDING WAY & MERIVALE RD (__3ZA26F),__3ZA26F,01 - Non intersection,03 - P.D. only,03 - Rear end,02 - Rain,01 - Daylight,02 - Wet,10 - No control,,2,0,0,0,,0,,,,,367450.1113,5017593.358,45.29550059,-75.7012239,9020
18--5577,5/25/2018,4:41 PM,INNES RD @ VISENEAU DR (0012442),12442,02 - Intersection related,03 - P.D. only,03 - Rear end,01 - Clear,01 - Daylight,01 - Dry,01 - Traffic signal,01 - Functioning,2,0,0,0,,0,,,,,381798.6612,5035073.542,45.4513494,-75.5155823,9021
18--5578,5/25/2018,4:42 PM,FALLOWFIELD RD btwn WOODROFFE AVE & VIA PARK PL/275 W OF WOODROFFE AVE (__3ZA3IKD),__3ZA3IKD,04 - At/near private drive,03 - P.D. only,04 - Sideswipe,01 - Clear,01 - Daylight,01 - Dry,10 - No control,,2,0,0,0,,0,,,,,365021.3432,5017865.873,45.29816502,-75.73215425,9022
18--5579,5/25/2018,5:00 PM,MERIVALE RD @ WEST HUNT CLUB RD (0000584),584,02 - Intersection related,03 - P.D. only,03 - Rear end,02 - Rain,01 - Daylight,02 - Wet,01 - Traffic signal,01 - Functioning,2,0,0,0,,0,,,,,365612.6204,5021942.778,45.33479767,-75.72411545,9023
18--558,1/9/2018,6:42 PM,INDUSTRIAL AVE @ RIVERSIDE DR (0011905),11905,02 - Intersection related,03 - P.D. only,03 - Rear end,03 - Snow,07 - Dark,04 - Slush,01 - Traffic signal,01 - Functioning,2,0,0,0,,0,,,,,370684.7188,5030592.554,45.41216755,-75.65825542,9024
18--5580,5/25/2018,5:15 PM,HIGHWAY 417 btwn HWY417 IC118 RAMP67 & HWY417 IC117 RAMP36 (__3ZA2YO),__3ZA2YO,01 - Non intersection,03 - P.D. only,99 - Other,02 - Rain,01 - Daylight,02 - Wet,10 - No control,,2,0,0,0,,0,,,,,369850.622,5031153.983,45.4172971,-75.66883662,9025
18--5581,5/25/2018,5:24 PM,EAGLESON RD @ FALLOWFIELD RD (0000118),118,02 - Intersection related,03 - P.D. only,02 - Angle,02 - Rain,01 - Daylight,02 - Wet,01 - Traffic signal,01 - Functioning,3,0,0,0,,0,,,,,355961.5667,5012594.297,45.25144844,-75.84820503,9026
18--5582,5/25/2018,5:46 PM,MARCH RD @ MORGAN'S GRANT WAY/SHIRLEY'S BROOK  (0002651),2651,02 - Intersection related,03 - P.D. only,04 - Sideswipe,02 - Rain,01 - Daylight,02 - Wet,01 - Traffic signal,01 - Functioning,2,0,0,0,,0,,,,,349661.6689,5023617.289,45.35106645,-75.92746355,9027
18--5583,5/25/2018,5:53 PM,FISHER AVE btwn MCCOOEY LANE & BASELINE RD (__3ZA4JS),__3ZA4JS,01 - Non intersection,03 - P.D. only,03 - Rear end,02 - Rain,01 - Daylight,02 - Wet,10 - No control,,3,0,0,0,,0,,,,,366124.6996,5026128.771,45.37241794,-75.71706343,9028
18--5584,5/25/2018,5:57 PM,WOODROFFE AVE @ HWY 417 WOODROFF IC127R26/HWY4 (0002355),2355,02 - Intersection related,03 - P.D. only,04 - Sideswipe,02 - Rain,01 - Daylight,02 - Wet,01 - Traffic signal,01 - Functioning,3,0,0,0,,0,,,,,362082.8078,5024939.596,45.3620599,-75.76880004,9029
18--5585,5/25/2018,6:00 PM,EMPIRE AVE btwn ASH ST & BONNER ST (__3ZA5YC),__3ZA5YC,01 - Non intersection,03 - P.D. only,06 - SMV unattended vehicle,01 - Clear,01 - Daylight,01 - Dry,10 - No control,,1,0,0,0,,0,,,,,357417.7592,5020975.356,45.3267551,-75.82876556,9030
18--5586,5/25/2018,6:08 PM,BILBERRY DR W @ JEANNE D'ARC BLVD (0004408),4408,03 - At intersection,02 - Non-fatal injury,05 - Turning movement,02 - Rain,01 - Daylight,02 - Wet,01 - Traffic signal,00 - Unknown,2,0,0,0,02 - Minor,1,,1,,,380448.7327,5038399.538,45.48142149,-75.53232654,9031
18--5587,5/25/2018,6:32 AM,DONALD ST @ ST. LAURENT BLVD (0008630),8630,02 - Intersection related,03 - P.D. only,04 - Sideswipe,01 - Clear,01 - Daylight,01 - Dry,01 - Traffic signal,01 - Functioning,2,0,0,0,,0,,,,,372093.6988,5032472.551,45.42894884,-75.6399995,9032
18--5588,5/25/2018,6:46 AM,BANK ST @ CATHERINE ST (0002708),2708,03 - At intersection,02 - Non-fatal injury,02 - Angle,01 - Clear,01 - Daylight,01 - Dry,01 - Traffic signal,01 - Functioning,2,0,0,0,01 - Minimal,1,1,,,,368039.7057,5030267.572,45.40948749,-75.69208641,9033
18--5589,5/25/2018,6:55 PM,HIGHWAY 417 btwn HWY417 IC145 RAMP56 & Continuation of HIGHWAY 417 (__3ZA2Q3),__3ZA2Q3,01 - Non intersection,03 - P.D. only,07 - SMV other,02 - Rain,01 - Daylight,02 - Wet,10 - No control,,1,0,0,0,,0,,,,,346232.1149,5014879.803,45.27265451,-75.97196109,9034
18--559,1/9/2018,6:45 AM,DEANCOURT CRES btwn BRIARFIELD CRES & PRINCESS LOUISE DR (2) (__3ZA1YT),__3ZA1YT,01 - Non intersection,03 - P.D. only,07 - SMV other,01 - Clear,07 - Dark,02 - Wet,10 - No control,,1,0,0,0,,0,,,,,384068.165,5038341.672,45.4804993,-75.48604444,9035
18--5590,5/25/2018,7:06 PM,KITCHENER AVE @ BANK ST (0011963),11963,02 - Intersection related,02 - Non-fatal injury,03 - Rear end,01 - Clear,01 - Daylight,01 - Dry,01 - Traffic signal,01 - Functioning,2,0,0,0,02 - Minor,1,,1,,,370540.7983,5025499.842,45.36635868,-75.66077238,9036
18--5591,5/25/2018,7:11 AM,HIGHWAY 417 btwn HIGHWAY 417 & HWY417 IC140 RAMP51 (__3ZA20L),__3ZA20L,01 - Non intersection,03 - P.D. only,99 - Other,01 - Clear,01 - Daylight,01 - Dry,10 - No control,,2,0,0,0,,0,,,,,350060.8426,5018061.364,45.30104719,-75.92287733,9037
18--5592,5/25/2018,7:15 AM,HWY417 IC124 RAMP67 btwn CARLING AVE & HIGHWAY 417 (__3ZAYA7),__3ZAYA7,01 - Non intersection,03 - P.D. only,03 - Rear end,01 - Clear,01 - Daylight,01 - Dry,10 - No control,,2,0,0,0,,0,,,,,364350.8889,5027535.054,45.38522442,-75.73953815,9038
18--5593,5/25/2018,7:45 PM,CAMBRIAN RD/GOLFLINKS DR W @ LONGFIELDS DR (0009702),9702,02 - Intersection related,03 - P.D. only,03 - Rear end,02 - Rain,01 - Daylight,02 - Wet,11 - Roundabout,01 - Functioning,2,0,0,0,,0,,,,,365382.5631,5013223.492,45.25636197,-75.72811555,9039
18--5594,5/25/2018,7:52 AM,REGIONAL ROAD 174 btwn REGIONAL ROAD 174 & OR174 IC102 RAMP61 (__3ZA1SZ),__3ZA1SZ,01 - Non intersection,03 - P.D. only,03 - Rear end,01 - Clear,01 - Daylight,01 - Dry,10 - No control,,3,0,0,0,,0,,,,,381627.949,5038281.671,45.48023225,-75.51726305,9040
18--5595,5/25/2018,8:12 PM,HARVEST VALLEY AVE/SWEETVALLEY DR @ TENTH LINE RD (0013489),13489,02 - Intersection related,02 - Non-fatal injury,05 - Turning movement,01 - Clear,05 - Dusk,02 - Wet,01 - Traffic signal,01 - Functioning,2,0,0,0,01 - Minimal,2,2,,,,384697.1996,5034388.902,45.44486428,-75.47864187,9041
18--5596,5/25/2018,8:55 PM,INNES RD @ JEANNE D'ARC BLVD/MER BLEUE RD (0012475),12475,02 - Intersection related,03 - P.D. only,03 - Rear end,01 - Clear,05 - Dusk,01 - Dry,01 - Traffic signal,01 - Functioning,2,0,0,0,,0,,,,,382637.8553,5035567.647,45.45570198,-75.50477673,9042
18--5597,5/25/2018,9:31 AM,BRONSON AVE btwn BREWER WAY & RIVERSIDE DR RAMPS 34B & 42A-3 (__3ZA3BR),__3ZA3BR,01 - Non intersection,03 - P.D. only,04 - Sideswipe,01 - Clear,01 - Daylight,01 - Dry,10 - No control,,2,0,0,0,,0,,,,,368129.4466,5027728.998,45.38663805,-75.69126597,9043
18--5598,5/25/2018,9:40 AM,HIGHWAY 417 btwn HWY417 IC124 RAMP55 & HWY417 IC124 RAMP65 (__3ZAZPV),__3ZAZPV,01 - Non intersection,03 - P.D. only,03 - Rear end,01 - Clear,01 - Daylight,02 - Wet,10 - No control,,3,0,0,0,,0,,,,,364595.3326,5027728.857,45.3869474,-75.73639342,9044
18--5599,5/25/2018,9:48 PM,BRONSON AVE @ RENFREW AVE (0007197),7197,03 - At intersection,03 - P.D. only,05 - Turning movement,01 - Clear,07 - Dark,01 - Dry,02 - Stop sign,00 - Unknown,2,0,0,0,,0,,,,,367356.8585,5029551.181,45.40310298,-75.7009001,9045
18--56,1/2/2018,10:30 AM,AIRPORT PKWY btwn AIRPORT PKWY/HUNT CLUB RAMP 42 & WALKLEY RD NB RAMP (__3ZAZP9),__3ZAZP9,01 - Non intersection,03 - P.D. only,03 - Rear end,03 - Snow,01 - Daylight,03 - Loose snow,10 - No control,,2,0,0,0,,0,,,,,370430.1073,5024593.339,45.35821262,-75.66230566,9046
18--560,1/9/2018,6:45 PM,BASELINE RD @ GREENBANK RD (0002357),2357,02 - Intersection related,03 - P.D. only,03 - Rear end,03 - Snow,07 - Dark,04 - Slush,01 - Traffic signal,01 - Functioning,2,0,0,0,,0,,,,,360597.6848,5022584.5,45.34098859,-75.78802151,9047
18--5600,5/26/2018,10:14 AM,CUMBERLAND ST @ ST. PATRICK ST (0008238),8238,03 - At intersection,03 - P.D. only,05 - Turning movement,01 - Clear,01 - Daylight,02 - Wet,01 - Traffic signal,01 - Functioning,2,0,0,0,,0,,,,,368128.5214,5032748.621,45.43180309,-75.69063295,9048
18--5601,5/26/2018,10:15 AM,RIVERDALE AVE btwn ECHO DR & GLENVIEW AVE (__3ZA9MY),__3ZA9MY,01 - Non intersection,03 - P.D. only,06 - SMV unattended vehicle,01 - Clear,01 - Daylight,01 - Dry,10 - No control,,1,0,0,0,,0,,,,,369193.7498,5029202.724,45.39980112,-75.67748359,9049
18--5602,5/26/2018,10:34 AM,EAGLESON RD @ KAKULU RD (0003188),3188,02 - Intersection related,03 - P.D. only,03 - Rear end,02 - Rain,01 - Daylight,02 - Wet,01 - Traffic signal,01 - Functioning,2,0,0,0,,0,,,,,353381.7128,5019151.53,45.31063493,-75.88042834,9050
18--5603,5/26/2018,10:46 AM,NICHOLAS ST btwn DALY AVE & SB RAMP FROM WALLER/NICHOLAS/MACKENZIE KIN (__3ZA3VJ),__3ZA3VJ,01 - Non intersection,03 - P.D. only,04 - Sideswipe,01 - Clear,01 - Daylight,01 - Dry,10 - No control,,2,0,0,0,,0,,,,,368270.7269,5031980.272,45.42487687,-75.68891471,9051
18--5604,5/26/2018,10:50 AM,MONTREAL RD @ SHEFFORD RD (0012423),12423,03 - At intersection,03 - P.D. only,05 - Turning movement,02 - Rain,01 - Daylight,02 - Wet,01 - Traffic signal,01 - Functioning,2,0,0,0,,0,,,,,376125.6845,5034853.349,45.44997025,-75.58813287,9052
18--5605,5/26/2018,10:54 AM,BESSERER ST @ NICHOLAS ST (0007614),7614,02 - Intersection related,03 - P.D. only,03 - Rear end,01 - Clear,01 - Daylight,01 - Dry,01 - Traffic signal,01 - Functioning,2,0,0,0,,0,,,,,368185.8074,5032111.568,45.42606593,-75.68998288,9053
18--5606,5/26/2018,11:13 AM,ALTA VISTA DR @ SMYTH RD (0011353),11353,03 - At intersection,03 - P.D. only,05 - Turning movement,01 - Clear,01 - Daylight,02 - Wet,01 - Traffic signal,01 - Functioning,2,0,0,0,,0,,,,,370432.7594,5029081.42,45.39859462,-75.66167526,9054
18--5607,5/26/2018,11:40 AM,BANK ST @ CHAMBERLAIN AVE N/ISABELLA ST (0002132),2132,03 - At intersection,02 - Non-fatal injury,02 - Angle,01 - Clear,01 - Daylight,01 - Dry,01 - Traffic signal,01 - Functioning,2,0,0,0,02 - Minor,1,,1,,,368082.7123,5030166.562,45.40857474,-75.69155,9055
18--5608,5/26/2018,12:11 AM,HWY 417 CASTLEFR IC139R61 @ KANATA AVE (0012625),12625,03 - At intersection,03 - P.D. only,02 - Angle,01 - Clear,07 - Dark,01 - Dry,01 - Traffic signal,01 - Functioning,2,0,0,0,,0,,,,,351615.9266,5019224.505,45.31141151,-75.9029396,9056
18--5609,5/26/2018,12:37 PM,MCCARTHY RD @ PLANTE DR S (0007478),7478,03 - At intersection,03 - P.D. only,02 - Angle,01 - Clear,01 - Daylight,01 - Dry,02 - Stop sign,01 - Functioning,2,0,0,0,,0,,,,,370418.7195,5023606.366,45.3493332,-75.66258199,9057
18--561,1/9/2018,6:45 PM,HIGHWAY 417 btwn HWY417 IC126 RAMP25 & HWY417 IC124 RAMP57 (__3ZA2R5),__3ZA2R5,01 - Non intersection,03 - P.D. only,07 - SMV other,01 - Clear,07 - Dark,03 - Loose snow,10 - No control,,1,0,0,0,,0,,,,,363953.267,5026880.095,45.3793649,-75.7446938,9058
18--5610,5/26/2018,12:46 PM,CAVENDISH RD @ PLEASANT PARK RD (0011551),11551,03 - At intersection,03 - P.D. only,02 - Angle,01 - Clear,01 - Daylight,02 - Wet,02 - Stop sign,01 - Functioning,2,0,0,0,,0,,,,,370181.7196,5028446.536,45.39290564,-75.66496558,9059