Anom_ID,Accident_Date,Accident_Time,Location,Geo_ID,Accident_Location,Classification_of_Accident,Initial_Impact_Type,Environment_Condition,Light,Road_Surface_Condition,Traffic_Control,Traffic_Control_Condition,No__of_Vehicles,No__of_Bicycles,No__of_Motorcycles,No__of_Pedestrians,Max_Injury,No__of_Injuries,No__of_Minimal,No__of_Minor,No__of_Major,No__of_Fatal,X,Y,Latitude,Longitude,ObjectId
18--5611,5/26/2018,2:21 PM,NEPEAN ST @ O'CONNOR ST (0006942),6942,03 - At intersection,03 - P.D. only,07 - SMV other,01 - Clear,01 - Daylight,01 - Dry,02 - Stop sign,01 - Functioning,1,0,0,1,,0,,,,,367720.7098,5031226.585,45.41814513,-75.69603887,9060
18--5612,5/26/2018,4:12 PM,WALKLEY RD btwn HARDING RD & HALIFAX DR (__3ZA2EK),__3ZA2EK,01 - Non intersection,03 - P.D. only,07 - SMV other,01 - Clear,01 - Daylight,01 - Dry,10 - No control,,1,0,0,0,,0,,,,,373277.1578,5027686.949,45.38577537,-75.62554156,9061
18--5613,5/26/2018,5:27 PM,HIGHWAY 417 btwn HWY417 IC120A RAMP52 & HWY417 IC119B RAMP57 (__3ZA2R1),__3ZA2R1,01 - Non intersection,03 - P.D. only,07 - SMV other,01 - Clear,01 - Daylight,01 - Dry,10 - No control,,1,0,0,0,,0,,,,,367839.0937,5030028.132,45.40735118,-75.69467967,9062
18--5614,5/26/2018,6:15 AM,TERRY FOX DR btwn MCKINLEY DR & LEGGET DR (__3ZA1CT),__3ZA1CT,01 - Non intersection,03 - P.D. only,07 - SMV other,01 - Clear,03 - Dawn,02 - Wet,10 - No control,,1,0,0,0,,0,,,,,350008.0387,5023474.145,45.34975617,-75.9230564,9063
18--5615,5/26/2018,6:34 PM,FRANK KENNY RD btwn WILHAVEN DR & INNES RD (__3ZA6JA),__3ZA6JA,01 - Non intersection,03 - P.D. only,07 - SMV other,01 - Clear,01 - Daylight,01 - Dry,10 - No control,,1,0,0,0,,0,,,,,387441.1468,5038760.333,45.48387486,-75.44283587,9064
18--5616,5/26/2018,7:00 PM,DALHOUSIE ST @ MURRAY ST (0008241),8241,02 - Intersection related,03 - P.D. only,03 - Rear end,01 - Clear,01 - Daylight,01 - Dry,01 - Traffic signal,01 - Functioning,2,0,0,0,,0,,,,,368000.5671,5032573.615,45.43024003,-75.69229056,9065
18--5617,5/26/2018,7:21 PM,ALAMEDA WAY btwn SAN MATEO DR & PALMADEO DR (__37ZODH),__37ZODH,01 - Non intersection,03 - P.D. only,06 - SMV unattended vehicle,01 - Clear,01 - Daylight,01 - Dry,10 - No control,,1,0,0,0,,0,,,,,364972.0333,5015685.269,45.27854825,-75.7330474,9066
18--5618,5/26/2018,7:26 PM,RIVERSIDE DR @ TREMBLAY RD/HWY417 IC117 RAMP52 (0010790),10790,02 - Intersection related,03 - P.D. only,03 - Rear end,01 - Clear,01 - Daylight,01 - Dry,01 - Traffic signal,01 - Functioning,2,0,0,0,,0,,,,,370802.0055,5031016.153,45.41596787,-75.6567004,9067
18--5619,5/26/2018,7:30 PM,HIGHWAY 416 btwn HWY416 IC57 RAMP24 & HWY416 IC49 RAMP42 (__3ZAZGI),__3ZAZGI,01 - Non intersection,02 - Non-fatal injury,03 - Rear end,01 - Clear,01 - Daylight,01 - Dry,10 - No control,,4,0,0,0,02 - Minor,3,,3,,,365705.3042,5006431.527,45.19521971,-75.72483497,9068
18--562,1/9/2018,6:55 PM,GLADSTONE AVE @ ROCHESTER ST (0006496),6496,03 - At intersection,03 - P.D. only,05 - Turning movement,01 - Clear,07 - Dark,02 - Wet,01 - Traffic signal,01 - Functioning,2,0,0,0,,0,,,,,366662.3496,5029787.566,45.40529162,-75.70974123,9069
18--5620,5/26/2018,7:40 PM,HIGHWAY 416 btwn HWY416 IC57 RAMP24 & HWY416 IC49 RAMP42 (__3ZAZGI),__3ZAZGI,01 - Non intersection,02 - Non-fatal injury,07 - SMV other,01 - Clear,01 - Daylight,01 - Dry,10 - No control,,1,0,0,0,02 - Minor,4,,4,,,366205.5106,5005588.796,45.18759336,-75.71857302,9070
18--5621,5/26/2018,8:01 PM,CATHERINE ST @ KENT ST (0002707),2707,02 - Intersection related,03 - P.D. only,04 - Sideswipe,01 - Clear,01 - Daylight,01 - Dry,01 - Traffic signal,01 - Functioning,2,0,0,0,,0,,,,,367907.4795,5030188.652,45.40878932,-75.69378559,9071
18--5622,5/26/2018,8:50 PM,HIGHWAY 417 btwn HWY417 IC155 RAMP25 & RAMP (__3ZAZN1),__3ZAZN1,01 - Non intersection,03 - P.D. only,07 - SMV other,01 - Clear,05 - Dusk,01 - Dry,10 - No control,,1,0,0,0,,0,,,,,344805.8382,5014989.029,45.27371996,-75.99012899,9072
18--5623,5/26/2018,9:48 AM,ALTA VISTA DR @ BANK ST (0011318),11318,02 - Intersection related,03 - P.D. only,05 - Turning movement,02 - Rain,01 - Daylight,02 - Wet,01 - Traffic signal,01 - Functioning,2,0,0,0,,0,,,,,370247.7534,5026200.762,45.37269276,-75.66442004,9073
18--5624,5/27/2018,1:17 PM,MACDONALD-CARTIER BR btwn RAMP & END (2) (__3ZA3UC),__3ZA3UC,07 - Overpass or bridge,03 - P.D. only,03 - Rear end,01 - Clear,01 - Daylight,01 - Dry,10 - No control,,2,0,0,0,,0,,,,,367424.2235,5033210.671,45.43602389,-75.69957454,9074
18--5625,5/27/2018,1:28 PM,HWY 417 MAITLAND IC126R26/62 @ MAITLAND AVE (0008228),8228,03 - At intersection,03 - P.D. only,02 - Angle,01 - Clear,01 - Daylight,01 - Dry,01 - Traffic signal,01 - Functioning,2,0,0,0,,0,,,,,363145.5376,5025983.543,45.37136557,-75.75511244,9075
18--5626,5/27/2018,1:33 PM,CATHERINE ST @ KENT ST (0002707),2707,03 - At intersection,03 - P.D. only,04 - Sideswipe,01 - Clear,01 - Daylight,01 - Dry,01 - Traffic signal,01 - Functioning,2,0,0,0,,0,,,,,367907.4727,5030188.652,45.40878932,-75.69378567,9076
18--5627,5/27/2018,1:43 AM,QUEEN ELIZABETH DRWY @ SECOND AVE (0006911),6911,02 - Intersection related,02 - Non-fatal injury,02 - Angle,01 - Clear,07 - Dark,01 - Dry,02 - Stop sign,01 - Functioning,2,1,0,0,02 - Minor,1,,1,,,368819.382,5029924.92,45.40633353,-75.68217123,9077
18--5628,5/27/2018,1:50 AM,HUNT CLUB RD @ PIKE ST/MAPLE PARK PRIV (0010869),10869,02 - Intersection related,02 - Non-fatal injury,03 - Rear end,01 - Clear,07 - Dark,01 - Dry,01 - Traffic signal,01 - Functioning,2,0,0,0,02 - Minor,3,,3,,,373296.8691,5025088.479,45.36239349,-75.62565025,9078
18--5629,5/27/2018,1:50 AM,REGIONAL ROAD 174 btwn OR174 IC105 RAMP35 & OR174 IC105 RAMP25 (__3ZA27E),__3ZA27E,01 - Non intersection,03 - P.D. only,07 - SMV other,01 - Clear,07 - Dark,01 - Dry,10 - No control,,1,0,0,0,,0,,,,,379765.6662,5037203.346,45.47073278,-75.54124541,9079
18--563,1/9/2018,7:00 AM,MACDONALD-CARTIER BR btwn RAMP & END (2) (__3ZA3UC),__3ZA3UC,01 - Non intersection,02 - Non-fatal injury,03 - Rear end,01 - Clear,03 - Dawn,02 - Wet,10 - No control,,3,0,0,0,02 - Minor,1,,1,,,367377.8346,5033226.513,45.43617058,-75.70016538,9080
18--5630,5/27/2018,10:19 AM,HOLLY ACRES RD @ TRANSITWAY - BAYSHORE/278 N O (0009787),9787,02 - Intersection related,03 - P.D. only,03 - Rear end,01 - Clear,01 - Daylight,01 - Dry,01 - Traffic signal,01 - Functioning,2,0,0,0,,0,,,,,358496.714,5022986.47,45.34476949,-75.8147843,9081
18--5631,5/27/2018,10:23 PM,DALY AVE @ NICHOLAS ST (0011451),11451,03 - At intersection,02 - Non-fatal injury,02 - Angle,01 - Clear,07 - Dark,01 - Dry,01 - Traffic signal,01 - Functioning,2,0,0,0,01 - Minimal,2,2,,,,368227.7011,5032046.573,45.42547733,-75.68945594,9082
18--5632,5/27/2018,10:58 AM,IONA ST @ ISLAND PARK DR (0006683),6683,03 - At intersection,03 - P.D. only,02 - Angle,01 - Clear,01 - Daylight,01 - Dry,01 - Traffic signal,01 - Functioning,2,0,0,0,,0,,,,,364349.7086,5028385.475,45.39287646,-75.7394506,9083
18--5633,5/27/2018,11:15 AM,GREENBANK RD @ STRANDHERD DR (0005563),5563,02 - Intersection related,03 - P.D. only,03 - Rear end,01 - Clear,01 - Daylight,01 - Dry,01 - Traffic signal,01 - Functioning,2,0,0,0,,0,,,,,363933.6215,5014784.597,45.2705321,-75.74638911,9084
18--5634,5/27/2018,12:06 PM,BYRON AVE @ KIRKWOOD AVE (0006296),6296,03 - At intersection,02 - Non-fatal injury,02 - Angle,01 - Clear,01 - Daylight,01 - Dry,01 - Traffic signal,01 - Functioning,2,0,0,0,02 - Minor,4,2,2,,,363866.5997,5028431.624,45.39333261,-75.74561465,9085
18--5635,5/27/2018,12:17 PM,MERSEY DR btwn FLAMBOROUGH WAY & WESTMORELAND AVE (__3ZAZ2A),__3ZAZ2A,04 - At/near private drive,03 - P.D. only,06 - SMV unattended vehicle,01 - Clear,01 - Daylight,01 - Dry,10 - No control,,1,0,0,0,,0,,,,,349198.6447,5023804.185,45.35277765,-75.93335571,9086
18--5636,5/27/2018,12:45 PM,RUSSELL RD @ SOUTHVALE CRES N (0002650),2650,02 - Intersection related,03 - P.D. only,03 - Rear end,01 - Clear,01 - Daylight,01 - Dry,01 - Traffic signal,01 - Functioning,2,0,0,0,,0,,,,,373798.5976,5029097.63,45.39841686,-75.61868625,9087
18--5637,5/27/2018,3:15 PM,MERIVALE RD btwn CLYDE AVE & GILBEY DR (__3ZA4HD),__3ZA4HD,04 - At/near private drive,03 - P.D. only,05 - Turning movement,01 - Clear,01 - Daylight,01 - Dry,10 - No control,,2,0,0,0,,0,,,,,364603.5945,5024580.398,45.35861738,-75.73666914,9088
18--5638,5/27/2018,3:20 PM,CARLING AVE @ KIRKWOOD AVE S (0002209),2209,02 - Intersection related,03 - P.D. only,03 - Rear end,01 - Clear,01 - Daylight,01 - Dry,01 - Traffic signal,01 - Functioning,2,0,0,0,,0,,,,,364351.7362,5027337.198,45.38344408,-75.7395512,9089
18--5639,5/27/2018,5:30 PM,DONALD ST @ ST. LAURENT BLVD (0008630),8630,02 - Intersection related,03 - P.D. only,02 - Angle,01 - Clear,01 - Daylight,01 - Dry,01 - Traffic signal,01 - Functioning,2,0,0,0,,0,,,,,372093.5655,5032472.784,45.42895095,-75.64000117,9090
18--564,1/9/2018,7:00 AM,HIGHWAY 417 btwn HWY417 IC122 RAMP51 & HWY417 IC122 RAMP15 (__3ZA2R0),__3ZA2R0,01 - Non intersection,03 - P.D. only,03 - Rear end,03 - Snow,03 - Dawn,03 - Loose snow,10 - No control,,3,0,0,0,,0,,,,,365291.7761,5028845.084,45.39693117,-75.72736356,9091
18--5640,5/27/2018,6:36 PM,FALLOWFIELD RD @ WOLFGANG DR (0000107),107,03 - At intersection,02 - Non-fatal injury,02 - Angle,01 - Clear,01 - Daylight,01 - Dry,02 - Stop sign,00 - Unknown,2,0,0,0,02 - Minor,8,,8,,,363406.8806,5016943.73,45.29000411,-75.75284647,9092
18--5641,5/27/2018,6:49 PM,CRESTHAVEN DR btwn LEIKIN DR & VERSILIA DR (__4CZRNW),__4CZRNW,01 - Non intersection,03 - P.D. only,07 - SMV other,01 - Clear,01 - Daylight,01 - Dry,10 - No control,,1,0,0,0,,0,,,,,367007.5779,5016365.464,45.28449143,-75.70701955,9093
18--5642,5/27/2018,7:05 PM,BESSERER ST @ NICHOLAS ST (0007614),7614,03 - At intersection,03 - P.D. only,04 - Sideswipe,01 - Clear,01 - Daylight,01 - Dry,01 - Traffic signal,01 - Functioning,2,0,0,0,,0,,,,,368185.7007,5032111.862,45.42606858,-75.68998421,9094
18--5643,5/27/2018,7:32 AM,GALETTA SIDE RD btwn CANON SMITH DR & NEWTOWN RD (__3ZA4QF),__3ZA4QF,01 - Non intersection,03 - P.D. only,07 - SMV other,01 - Clear,01 - Daylight,01 - Dry,10 - No control,,1,0,0,0,,0,,,,,329608.3426,5036635.65,45.46920751,-76.18272868,9095
18--5644,5/27/2018,8:03 PM,BEGIN ST @ MONTREAL RD (0009347),9347,02 - Intersection related,02 - Non-fatal injury,03 - Rear end,01 - Clear,01 - Daylight,01 - Dry,02 - Stop sign,01 - Functioning,2,0,0,0,01 - Minimal,2,2,,,,370466.7309,5033287.654,45.43643744,-75.66068085,9096
18--5645,5/27/2018,8:40 PM,AIRPORT PKWY @ HUNT CLUB RD (0010856),10856,03 - At intersection,02 - Non-fatal injury,02 - Angle,01 - Clear,05 - Dusk,01 - Dry,01 - Traffic signal,01 - Functioning,2,0,0,0,02 - Minor,1,,1,,,371018.528,5023702.998,45.35014629,-75.6549152,9097
18--5646,5/27/2018,9:35 AM,KING EDWARD AVE @ RIDEAU ST (0002121),2121,02 - Intersection related,03 - P.D. only,05 - Turning movement,01 - Clear,01 - Daylight,01 - Dry,01 - Traffic signal,01 - Functioning,2,0,1,0,,0,,,,,368511.7471,5032413.579,45.4287537,-75.685779,9098
18--5647,5/28/2018,1:00 PM,BANK ST btwn AYLMER AVE & EUCLID AVE (__3ZA3N7),__3ZA3N7,04 - At/near private drive,03 - P.D. only,02 - Angle,01 - Clear,01 - Daylight,01 - Dry,10 - No control,,2,0,0,0,,0,,,,,368681.0921,5028712.845,45.39544031,-75.68409465,9099
18--5648,5/28/2018,1:06 PM,STITTSVILLE MAIN ST @ HAZELDEAN RD (0000050),50,03 - At intersection,02 - Non-fatal injury,05 - Turning movement,01 - Clear,01 - Daylight,01 - Dry,01 - Traffic signal,01 - Functioning,2,0,0,0,02 - Minor,1,,1,,,349558.3542,5014878.806,45.27244169,-75.92957136,9100
18--5108,5/11/2018,10:28 PM,BANK ST @ HERON RD (0002155),2155,02 - Intersection related,03 - P.D. only,04 - Sideswipe,01 - Clear,07 - Dark,01 - Dry,01 - Traffic signal,01 - Functioning,2,0,0,0,,0,,,,,369995.7195,5026851.543,45.37857177,-75.66755153,9101
18--5289,5/16/2018,5:58 PM,COVENTRY RD @ VANIER PKWY (0002139),2139,02 - Intersection related,03 - P.D. only,03 - Rear end,01 - Clear,01 - Daylight,01 - Dry,01 - Traffic signal,01 - Functioning,2,0,0,0,,0,,,,,370676.4389,5031612.004,45.42134093,-75.65822491,9102
18--5109,5/11/2018,10:47 PM,BANK ST @ LEITRIM RD (0004125),4125,03 - At intersection,03 - P.D. only,05 - Turning movement,01 - Clear,07 - Dark,01 - Dry,01 - Traffic signal,01 - Functioning,2,0,0,0,,0,,,,,375357.9659,5021619.719,45.33097868,-75.59983879,9103
18--529,1/9/2018,1:00 PM,HIGHWAY 417 btwn REGIONAL ROAD 174 & HWY417 IC113 RAMP85 (__3ZA289),__3ZA289,01 - Non intersection,03 - P.D. only,04 - Sideswipe,01 - Clear,01 - Daylight,02 - Wet,10 - No control,,2,0,0,0,,0,,,,,373454.5375,5031771.519,45.42250905,-75.62270799,9104
18--511,1/8/2018,7:09 AM,INDUSTRIAL AVE @ ALTA VISTA DR/SANDFORD FLEMIN (0006979),6979,03 - At intersection,03 - P.D. only,05 - Turning movement,03 - Snow,03 - Dawn,03 - Loose snow,01 - Traffic signal,01 - Functioning,2,0,0,0,,0,,,,,370885.7691,5030558.267,45.41184009,-75.65569167,9105
18--5290,5/16/2018,6:00 PM,BRIAN COBURN BLVD btwn FERN CASEY ST & MER BLEUE RD (e___2IA9),e___2IA9,01 - Non intersection,03 - P.D. only,04 - Sideswipe,01 - Clear,01 - Daylight,01 - Dry,10 - No control,,2,0,0,0,,0,,,,,382926.329,5034329.855,45.44453319,-75.5012855,9106
18--5199,5/13/2018,9:25 PM,BRONSON AVE @ RENFREW AVE (0007197),7197,03 - At intersection,03 - P.D. only,02 - Angle,01 - Clear,07 - Dark,01 - Dry,02 - Stop sign,01 - Functioning,2,0,0,0,,0,,,,,367356.8566,5029551.527,45.40310609,-75.70090008,9107
18--5110,5/11/2018,10:57 AM,BESSERER ST btwn CUMBERLAND ST & KING EDWARD AVE (__3ZA8Z6),__3ZA8Z6,01 - Non intersection,03 - P.D. only,04 - Sideswipe,01 - Clear,01 - Daylight,01 - Dry,10 - No control,,2,0,0,0,,0,,,,,368514.9171,5032318.922,45.42790172,-75.68575074,9108
18--5291,5/16/2018,6:10 PM,BAYSWATER AVE @ GLADSTONE AVE (0006164),6164,03 - At intersection,03 - P.D. only,02 - Angle,01 - Clear,01 - Daylight,01 - Dry,01 - Traffic signal,01 - Functioning,2,0,0,0,,0,,,,,366000.704,5029479.566,45.40257848,-75.71823083,9109
18--5111,5/11/2018,11:00 AM,WEST HUNT CLUB RD @ ANTARES DR/LASER ST (0000116),116,03 - At intersection,02 - Non-fatal injury,03 - Rear end,01 - Clear,01 - Daylight,01 - Dry,01 - Traffic signal,01 - Functioning,2,0,0,0,02 - Minor,1,,1,,,367107.6982,5022081.791,45.33591732,-75.70502466,9110
18--5292,5/16/2018,6:19 PM,INNES RD @ 298 E OF WILDFLOWER DR/LOBLAWS SC (0012918),12918,03 - At intersection,02 - Non-fatal injury,02 - Angle,01 - Clear,01 - Daylight,01 - Dry,01 - Traffic signal,01 - Functioning,2,0,0,0,01 - Minimal,1,1,,,,383190.6221,5035796.418,45.45769846,-75.49767376,9111
18--52,1/2/2018,1:55 PM,HIGHWAY 417 btwn HWY417 IC127 RAMP63 & HWY417 IC127 RAMP67 (__3ZA2RF),__3ZA2RF,01 - Non intersection,03 - P.D. only,07 - SMV other,01 - Clear,01 - Daylight,04 - Slush,10 - No control,,1,0,0,0,,0,,,,,362114.233,5024846.915,45.3612234,-75.76840969,9112
18--5112,5/11/2018,Unknown,REGENT ST btwn BANK ST & HOWICK PL (__3ZA91B),__3ZA91B,01 - Non intersection,03 - P.D. only,06 - SMV unattended vehicle,01 - Clear,00 - Unknown,01 - Dry,10 - No control,,1,0,0,0,,0,,,,,368551.9439,5029402.126,45.40165401,-75.68565491,9113
18--5293,5/16/2018,6:46 AM,HUNT CLUB RD btwn ESSON ST & BLOHM DR (__3ZA2F1),__3ZA2F1,01 - Non intersection,03 - P.D. only,03 - Rear end,01 - Clear,01 - Daylight,01 - Dry,10 - No control,,4,0,0,0,,0,,,,,375072.5538,5026156.46,45.37182694,-75.60283482,9114
18--520,1/8/2018,7:45 AM,HIGHWAY 417 btwn HWY417 IC130 RAMP35 & HWY417 IC130 RAMP25 (__3ZA298),__3ZA298,01 - Non intersection,03 - P.D. only,04 - Sideswipe,01 - Clear,03 - Dawn,04 - Slush,10 - No control,,2,0,0,0,,0,,,,,359592.0585,5023109.261,45.34578966,-75.80079421,9115
18--5294,5/16/2018,6:50 AM,INNES RD btwn STONEHENGE CRES & BLAIR RD (__3ZA3SK),__3ZA3SK,01 - Non intersection,03 - P.D. only,03 - Rear end,01 - Clear,01 - Daylight,01 - Dry,10 - No control,,2,0,0,0,,0,,,,,375494.3127,5031391.645,45.418888,-75.59670073,9116
18--5113,5/11/2018,12:05 PM,WOODROFFE AVE @ GEORGINA DR/LENESTER AVE (0002351),2351,02 - Intersection related,03 - P.D. only,04 - Sideswipe,01 - Clear,01 - Daylight,01 - Dry,01 - Traffic signal,01 - Functioning,2,0,0,0,,0,,,,,361909.6862,5025370.519,45.36595144,-75.77095991,9117
18--5200,5/13/2018,9:42 AM,PRESTON ST btwn GEORGE ST W & ABERDEEN ST (__3ZA3ZV),__3ZA3ZV,01 - Non intersection,03 - P.D. only,06 - SMV unattended vehicle,01 - Clear,01 - Daylight,01 - Dry,10 - No control,,1,0,0,0,,0,,,,,366621.1789,5029411.594,45.40191237,-75.71031425,9118
18--5295,5/16/2018,7:17 AM,CAMPEAU DR @ TERRY FOX DR (0008211),8211,02 - Intersection related,02 - Non-fatal injury,02 - Angle,01 - Clear,01 - Daylight,01 - Dry,01 - Traffic signal,01 - Functioning,2,0,0,0,02 - Minor,1,,1,,,350455.2518,5019010.617,45.30956331,-75.91776103,9119
18--5114,5/11/2018,12:22 PM,HIGHWAY 417 btwn Continuation of HIGHWAY 417 & HWY417 IC134 RAMP51 (__3ZA29B),__3ZA29B,01 - Non intersection,02 - Non-fatal injury,03 - Rear end,01 - Clear,01 - Daylight,01 - Dry,10 - No control,,2,0,0,0,02 - Minor,1,,1,,,355320.0454,5021598.056,45.33251237,-75.85546039,9120
18--5201,5/13/2018,9:45 PM,GREENLAND RD btwn VANCES SIDE RD & Continuation of GREENLAND RD (__3ZA1PA),__3ZA1PA,01 - Non intersection,03 - P.D. only,07 - SMV other,01 - Clear,07 - Dark,01 - Dry,10 - No control,,1,0,0,0,,0,,,,,343423.448,5034382.755,45.44830823,-76.00623112,9121
18--5202,5/14/2018,1:22 PM,CEDAR CREEK DR/DEVONWOOD CIRC @ FINDLAY CREEK  (0012609),12609,03 - At intersection,01 - Fatal injury,07 - SMV other,01 - Clear,01 - Daylight,01 - Dry,02 - Stop sign,01 - Functioning,1,0,0,1,04 - Fatal,1,,,,1,375592.3281,5020307.34,45.31914682,-75.59703686,9122
18--5203,5/14/2018,10:18 AM,ARGYLE AVE @ O'CONNOR ST (0007254),7254,03 - At intersection,03 - P.D. only,02 - Angle,01 - Clear,01 - Daylight,01 - Dry,01 - Traffic signal,01 - Functioning,2,0,0,0,,0,,,,,368184.7104,5030485.573,45.41143587,-75.69020606,9123
18--5204,5/14/2018,10:24 AM,LONGFIELDS DR @ MOUNTSHANNON DR E (0000028),28,03 - At intersection,02 - Non-fatal injury,04 - Sideswipe,01 - Clear,01 - Daylight,01 - Dry,11 - Roundabout,01 - Functioning,2,1,0,0,02 - Minor,1,,1,,,364886.7373,5016801.687,45.28860105,-75.7339993,9124
18--5205,5/14/2018,10:32 AM,BANK ST @ CHAMBERLAIN AVE N/ISABELLA ST (0002132),2132,03 - At intersection,02 - Non-fatal injury,02 - Angle,01 - Clear,01 - Daylight,01 - Dry,01 - Traffic signal,01 - Functioning,2,0,0,0,02 - Minor,1,,1,,,368082.7117,5030166.562,45.40857474,-75.69155001,9125
18--5206,5/14/2018,10:54 AM,MAITLAND AVE @ WOODWARD DR (0003185),3185,02 - Intersection related,03 - P.D. only,03 - Rear end,01 - Clear,01 - Daylight,01 - Dry,01 - Traffic signal,01 - Functioning,2,0,0,0,,0,,,,,363273.7305,5025662.553,45.36846666,-75.75351395,9126
18--5207,5/14/2018,Unknown,YORK ST WB btwn BYWARD MARKE SQ & SUSSEX DR (__3ZA1B0),__3ZA1B0,01 - Non intersection,03 - P.D. only,06 - SMV unattended vehicle,01 - Clear,00 - Unknown,01 - Dry,10 - No control,,1,0,0,0,,0,,,,,367889.0537,5032317.145,45.42794247,-75.69374843,9127
18--5208,5/14/2018,Unknown,CLEOPATRA DR btwn WEST HUNT CLUB RD & CAMELOT DR (__3ZA57Q),__3ZA57Q,01 - Non intersection,03 - P.D. only,06 - SMV unattended vehicle,01 - Clear,00 - Unknown,01 - Dry,10 - No control,,1,0,0,0,,0,,,,,365354.9866,5021413.924,45.33006139,-75.7274669,9128
18--5209,5/14/2018,12:08 PM,SMYTH RD E/LANCASTER RD @ ST. LAURENT BLVD N/R (0002256),2256,02 - Intersection related,02 - Non-fatal injury,04 - Sideswipe,01 - Clear,01 - Daylight,01 - Dry,01 - Traffic signal,01 - Functioning,2,0,0,0,01 - Minimal,1,1,,,,373364.7294,5029424.551,45.40140096,-75.62418192,9129
18--521,1/8/2018,7:48 AM,EAGLESON RD @ HAZELDEAN RD/ROBERTSON RD (0002715),2715,02 - Intersection related,03 - P.D. only,03 - Rear end,03 - Snow,03 - Dawn,05 - Packed snow,01 - Traffic signal,01 - Functioning,2,0,0,0,,0,,,,,353673.6246,5018424.461,45.30407236,-75.87677746,9130
18--5210,5/14/2018,12:30 AM,HERON RD @ ALTA VISTA DR (0007188),7188,03 - At intersection,02 - Non-fatal injury,05 - Turning movement,01 - Clear,07 - Dark,01 - Dry,01 - Traffic signal,01 - Functioning,2,0,0,0,02 - Minor,1,,1,,,370492.3285,5026903.006,45.37898843,-75.66120444,9131
18--5211,5/14/2018,12:45 PM,HIGHWAY 417 btwn HWY417 IC129 RAMP25 & TRANSIT (__3ZA2SH),__3ZA2SH,01 - Non intersection,03 - P.D. only,04 - Sideswipe,01 - Clear,01 - Daylight,01 - Dry,10 - No control,,2,0,0,0,,0,,,,,360897.1822,5023870.575,45.35253678,-75.78405436,9132
18--5212,5/14/2018,2:01 PM,HUNT CLUB RD @ CANADAIR PRIV (0010852),10852,02 - Intersection related,03 - P.D. only,03 - Rear end,01 - Clear,01 - Daylight,01 - Dry,01 - Traffic signal,01 - Functioning,2,0,0,0,,0,,,,,368662.5748,5022311.059,45.33784043,-75.6851586,9133
18--5213,5/14/2018,2:34 PM,HWY 417 WOODROFF IC127R53 @ WOODROFFE AVE (0002347),2347,02 - Intersection related,02 - Non-fatal injury,03 - Rear end,01 - Clear,01 - Daylight,01 - Dry,03 - Yield sign,01 - Functioning,2,0,0,0,02 - Minor,1,,1,,,362206.8752,5024626.491,45.35923246,-75.76725285,9134
18--5214,5/14/2018,3:10 PM,FLANDERS ST @ MARAVISTA DR (0000609),609,02 - Intersection related,02 - Non-fatal injury,07 - SMV other,01 - Clear,01 - Daylight,01 - Dry,02 - Stop sign,01 - Functioning,1,0,0,1,03 - Major,3,,2,1,,361854.6618,5014886.427,45.27162012,-75.77286991,9135
18--5215,5/14/2018,3:22 PM,FALLOWFIELD RD btwn HWY416 IC66 RAMP53 & HWY416 IC66 RAMP34 (__3ZAZM5),__3ZAZM5,01 - Non intersection,02 - Non-fatal injury,03 - Rear end,01 - Clear,01 - Daylight,01 - Dry,10 - No control,,4,0,0,0,01 - Minimal,2,2,,,,359720.915,5014697.016,45.27008565,-75.80008221,9136
18--5216,5/14/2018,3:23 PM,BESSERER ST @ CHARLOTTE ST (0008425),8425,02 - Intersection related,02 - Non-fatal injury,05 - Turning movement,01 - Clear,01 - Daylight,01 - Dry,02 - Stop sign,00 - Unknown,2,0,0,0,02 - Minor,1,,1,,,369292.7809,5032791.55,45.43208295,-75.6757491,9137
18--5217,5/14/2018,3:55 PM,HIGHWAY 417 btwn HWY417 IC119A RAMP75 & HWY417 IC118 RAMP57 (__3ZA2R2),__3ZA2R2,01 - Non intersection,03 - P.D. only,04 - Sideswipe,01 - Clear,01 - Daylight,01 - Dry,10 - No control,,2,0,0,0,,0,,,,,368718.8738,5030577.938,45.41221836,-75.68337039,9138
18--5218,5/14/2018,4:46 PM,BEAVERPOND DR @ BLAIR RD (0004166),4166,02 - Intersection related,03 - P.D. only,03 - Rear end,01 - Clear,01 - Daylight,01 - Dry,01 - Traffic signal,01 - Functioning,3,0,0,0,,0,,,,,375399.798,5031874.667,45.42324351,-75.59783903,9139
18--5219,5/14/2018,5:04 AM,RUSSELL RD btwn BIRCHGROVE RD & CANAAN RD (__3ZA3KU),__3ZA3KU,01 - Non intersection,02 - Non-fatal injury,07 - SMV other,01 - Clear,03 - Dawn,01 - Dry,10 - No control,,1,0,1,0,02 - Minor,1,,1,,,400729.2678,5029885.054,45.40232927,-75.27461775,9140
18--522,1/8/2018,8:08 AM,PARKWAY RD @ STAGECOACH RD (0010378),10378,03 - At intersection,03 - P.D. only,02 - Angle,03 - Snow,01 - Daylight,03 - Loose snow,02 - Stop sign,01 - Functioning,2,0,0,0,,0,,,,,376231.0965,5012621.722,45.24992972,-75.58999669,9141