Anom_ID,Accident_Date,Accident_Time,Location,Geo_ID,Accident_Location,Classification_of_Accident,Initial_Impact_Type,Environment_Condition,Light,Road_Surface_Condition,Traffic_Control,Traffic_Control_Condition,No__of_Vehicles,No__of_Bicycles,No__of_Motorcycles,No__of_Pedestrians,Max_Injury,No__of_Injuries,No__of_Minimal,No__of_Minor,No__of_Major,No__of_Fatal,X,Y,Latitude,Longitude,ObjectId
18--5220,5/14/2018,6:18 AM,ALBION RD @ 210 S OF HIGH RD/EARL ARMSTRONG RD (0012478),12478,02 - Intersection related,03 - P.D. only,05 - Turning movement,01 - Clear,01 - Daylight,01 - Dry,01 - Traffic signal,01 - Functioning,2,1,0,0,,0,,,,,374709.6579,5017555.397,45.29447425,-75.60868219,9142
18--5221,5/14/2018,6:19 PM,MARCH RD @ SECOND LINE RD (0008850),8850,03 - At intersection,02 - Non-fatal injury,02 - Angle,01 - Clear,01 - Daylight,01 - Dry,01 - Traffic signal,01 - Functioning,2,0,0,0,01 - Minimal,1,1,,,,346103.5894,5025327.525,45.36667422,-75.97272777,9143
18--5222,5/14/2018,6:39 PM,INNES RD @ PAGE RD (0012476),12476,03 - At intersection,02 - Non-fatal injury,07 - SMV other,01 - Clear,01 - Daylight,01 - Dry,01 - Traffic signal,01 - Functioning,1,0,0,1,02 - Minor,1,,1,,,380887.7491,5034540.555,45.44665377,-75.52730892,9144
18--5223,5/14/2018,6:45 PM,HUNT CLUB RD @ RIVERSIDE DR (0002237),2237,02 - Intersection related,03 - P.D. only,03 - Rear end,01 - Clear,01 - Daylight,01 - Dry,01 - Traffic signal,01 - Functioning,2,0,0,0,,0,,,,,368036.6663,5021945.702,45.33460971,-75.69319064,9145
18--5224,5/14/2018,7:10 AM,HIGHWAY 417 btwn HWY417 IC163 RAMP61 & HWY417 IC155 RAMP36 (__3ZA2QB),__3ZA2QB,01 - Non intersection,02 - Non-fatal injury,07 - SMV other,01 - Clear,01 - Daylight,01 - Dry,10 - No control,,1,0,0,0,02 - Minor,1,,1,,,332969.5811,5021065.266,45.32897122,-76.14063222,9146
18--5225,5/14/2018,7:30 AM,HIGHWAY 417 btwn HWY417 IC127 RAMP25 & HWY417 IC126 RAMP51 (__3ZA2XA),__3ZA2XA,01 - Non intersection,03 - P.D. only,04 - Sideswipe,01 - Clear,01 - Daylight,01 - Dry,10 - No control,,2,0,0,0,,0,,,,,363111.6962,5025753.311,45.36929679,-75.75557162,9147
18--5226,5/14/2018,7:49 AM,UPPER DWYER HILL RD btwn VAUGHAN SIDE RD & CARROLL SIDE RD (__3ZA4QD),__3ZA4QD,01 - Non intersection,03 - P.D. only,07 - SMV other,01 - Clear,01 - Daylight,01 - Dry,10 - No control,,1,0,0,0,,0,,,,,332194.7961,5016315.094,45.28625712,-76.15077877,9148
18--5227,5/14/2018,8:54 PM,BRONSON AVE @ RAMP 34/42A (0011430),11430,02 - Intersection related,03 - P.D. only,04 - Sideswipe,01 - Clear,07 - Dark,01 - Dry,10 - No control,,2,0,0,0,,0,,,,,368416.0771,5027186.44,45.38173029,-75.68767591,9149
18--5228,5/14/2018,9:13 PM,BANTREE ST @ INNES RD (0007684),7684,03 - At intersection,03 - P.D. only,05 - Turning movement,01 - Clear,07 - Dark,01 - Dry,01 - Traffic signal,01 - Functioning,2,0,0,0,,0,,,,,373705.7721,5030406.651,45.41020394,-75.61968885,9150
18--5229,5/15/2018,1:07 PM,SPEEDWAY RD btwn SPRUCE RIDGE RD & END (__7JQ7KY),__7JQ7KY,01 - Non intersection,02 - Non-fatal injury,07 - SMV other,01 - Clear,01 - Daylight,01 - Dry,10 - No control,,1,0,0,0,02 - Minor,1,,1,,,344802.0274,5010515.006,45.23346082,-75.99053765,9151
18--523,1/8/2018,8:27 AM,LEMIEUX ST @ ST. LAURENT BLVD (0002021),2021,03 - At intersection,03 - P.D. only,01 - Approaching,03 - Snow,01 - Daylight,03 - Loose snow,01 - Traffic signal,01 - Functioning,2,0,0,0,,0,,,,,372389.9825,5031741.868,45.42234593,-75.63631375,9152
18--5230,5/15/2018,1:45 PM,FLEWELLYN RD @ SHEA RD (0000398),398,02 - Intersection related,03 - P.D. only,03 - Rear end,01 - Clear,01 - Daylight,01 - Dry,02 - Stop sign,01 - Functioning,2,0,0,0,,0,,,,,352993.5366,5012174.376,45.24787939,-75.886056,9153
18--5231,5/15/2018,11:15 PM,TENTH LINE RD btwn AMIENS ST & 275 N OF DES EPINETTES AVE/FALLINGBROOK (__3ZA3YNA),__3ZA3YNA,01 - Non intersection,03 - P.D. only,07 - SMV other,01 - Clear,07 - Dark,01 - Dry,10 - No control,,1,0,0,0,,0,,,,,383372.3397,5037521.601,45.4731997,-75.49507485,9154
18--5232,5/15/2018,12:25 PM,BASELINE RD @ CLYDE AVE (0002343),2343,02 - Intersection related,03 - P.D. only,03 - Rear end,01 - Clear,01 - Daylight,01 - Dry,01 - Traffic signal,01 - Functioning,2,0,0,0,,0,,,,,364358.4513,5024891.061,45.36143355,-75.73976042,9155
18--5233,5/15/2018,12:59 PM,MITCH OWENS RD @ DOZOIS RD/LIMEBANK RD (0012469),12469,03 - At intersection,02 - Non-fatal injury,02 - Angle,01 - Clear,01 - Daylight,01 - Dry,01 - Traffic signal,01 - Functioning,2,0,0,0,01 - Minimal,2,2,,,,371673.7253,5012108.419,45.24575892,-75.64811814,9156
18--5234,5/15/2018,2:48 PM,MERIVALE RD btwn FAMILY BROWN LANE & BASIL MACDONALD WAY (__4BBET2),__4BBET2,01 - Non intersection,03 - P.D. only,03 - Rear end,01 - Clear,01 - Daylight,01 - Dry,10 - No control,,2,0,0,0,,0,,,,,365065.6273,5023243.623,45.34654971,-75.73093523,9157
18--5235,5/15/2018,2:50 PM,HIGHWAY 417 btwn HWY417 IC122 RAMP16 & HWY417 IC122 RAMP61 (__3ZA2RA),__3ZA2RA,01 - Non intersection,03 - P.D. only,04 - Sideswipe,01 - Clear,01 - Daylight,01 - Dry,10 - No control,,2,0,0,0,,0,,,,,365609.4984,5029083.498,45.39904885,-75.72327641,9158
18--5236,5/15/2018,3:27 PM,BASELINE RD @ CEDARVIEW RD (0010259),10259,03 - At intersection,02 - Non-fatal injury,05 - Turning movement,01 - Clear,01 - Daylight,01 - Dry,01 - Traffic signal,01 - Functioning,2,1,0,0,02 - Minor,1,,1,,,358967.6647,5021674.49,45.33292804,-75.80891864,9159
18--5237,5/15/2018,3:55 PM,HIGHWAY 417 btwn HIGHWAY 417 & HWY417 IC129 RAMP51 (__3ZA290),__3ZA290,01 - Non intersection,03 - P.D. only,04 - Sideswipe,01 - Clear,01 - Daylight,01 - Dry,10 - No control,,2,0,0,0,,0,,,,,359919.6894,5023169.654,45.34630741,-75.79660687,9160
18--5238,5/15/2018,3:56 PM,BELFAST RD @ ST. LAURENT BLVD (0007658),7658,02 - Intersection related,03 - P.D. only,04 - Sideswipe,01 - Clear,01 - Daylight,01 - Dry,01 - Traffic signal,01 - Functioning,2,0,0,0,,0,,,,,372860.6639,5030578.443,45.41183235,-75.63046062,9161
18--5239,5/15/2018,4:16 PM,HUNT CLUB RD @ RIVERSIDE DR (0002237),2237,02 - Intersection related,03 - P.D. only,03 - Rear end,01 - Clear,01 - Daylight,01 - Dry,01 - Traffic signal,01 - Functioning,2,0,0,0,,0,,,,,368036.6311,5021945.539,45.33460825,-75.69319111,9162
18--524,1/8/2018,8:40 AM,BRONSON AVE @ COMMISSIONER ST/SLATER ST (0001679),1679,02 - Intersection related,03 - P.D. only,03 - Rear end,03 - Snow,01 - Daylight,03 - Loose snow,01 - Traffic signal,01 - Functioning,2,0,0,0,,0,,,,,366768.7058,5030948.568,45.41572858,-75.70823677,9163
18--5240,5/15/2018,4:33 PM,FALLOWFIELD RD @ MOODIE DR (0010412),10412,02 - Intersection related,03 - P.D. only,03 - Rear end,01 - Clear,01 - Daylight,01 - Dry,01 - Traffic signal,01 - Functioning,2,0,0,0,,0,,,,,359501.8503,5014636.485,45.26955806,-75.80288045,9164
18--5241,5/15/2018,4:47 PM,CARLING AVE @ KIRKWOOD AVE N (0002358),2358,02 - Intersection related,03 - P.D. only,03 - Rear end,01 - Clear,01 - Daylight,01 - Dry,01 - Traffic signal,01 - Functioning,2,0,0,0,,0,,,,,364275.3972,5027493.653,45.38485832,-75.74050708,9165
18--5242,5/15/2018,5:02 PM,EAGLESON RD @ PALOMINO DR S/ROTHESAY DR (0003134),3134,03 - At intersection,03 - P.D. only,05 - Turning movement,01 - Clear,01 - Daylight,01 - Dry,01 - Traffic signal,01 - Functioning,2,0,0,0,,0,,,,,354124.2971,5017288.497,45.29381921,-75.87114396,9166
18--5243,5/15/2018,5:15 PM,CARP RD @ WESTBROOK RD (0001681),1681,02 - Intersection related,03 - P.D. only,03 - Rear end,01 - Clear,01 - Daylight,01 - Dry,01 - Traffic signal,02 - Not functioning,2,0,0,0,,0,,,,,347737.5562,5015442.578,45.27762826,-75.95272691,9167
18--5469,5/22/2018,7:00 PM,WEST HUNT CLUB RD @ WOODROFFE AVE (0000576),576,02 - Intersection related,03 - P.D. only,03 - Rear end,01 - Clear,01 - Daylight,01 - Dry,01 - Traffic signal,01 - Functioning,2,0,0,0,,0,,,,,363670.8332,5021246.472,45.32869796,-75.7489706,9168
18--5244,5/15/2018,5:29 PM,BANK ST btwn LEITRIM RD & ARENA PL (__3ZA29O),__3ZA29O,01 - Non intersection,03 - P.D. only,04 - Sideswipe,01 - Clear,01 - Daylight,01 - Dry,10 - No control,,2,0,0,0,,0,,,,,375395.9835,5021530.595,45.33017295,-75.59936654,9169
18--5245,5/15/2018,5:30 PM,DUROCHER ST @ MONTREAL RD (0009800),9800,03 - At intersection,03 - P.D. only,02 - Angle,01 - Clear,01 - Daylight,01 - Dry,02 - Stop sign,01 - Functioning,2,0,0,0,,0,,,,,370136.7424,5033101.52,45.43479359,-75.66492285,9170
18--5246,5/15/2018,5:33 PM,MONTREAL RD @ ST. LAURENT BLVD (0002604),2604,02 - Intersection related,02 - Non-fatal injury,03 - Rear end,01 - Clear,01 - Daylight,01 - Dry,01 - Traffic signal,01 - Functioning,4,0,0,0,01 - Minimal,1,1,,,,371545.8537,5033817.392,45.4411016,-75.64681774,9171
18--5247,5/15/2018,5:50 PM,O'CONNOR ST @ WELLINGTON ST (0002234),2234,03 - At intersection,03 - P.D. only,05 - Turning movement,01 - Clear,01 - Daylight,01 - Dry,01 - Traffic signal,01 - Functioning,2,0,0,0,,0,,,,,367413.6993,5031722.583,45.42263551,-75.69989824,9172
18--5248,5/15/2018,6:30 PM,ALBERT ST @ EMPRESS AVE (0010851),10851,02 - Intersection related,03 - P.D. only,04 - Sideswipe,01 - Clear,01 - Daylight,01 - Dry,01 - Traffic signal,00 - Unknown,2,0,0,0,,0,,,,,366576.8856,5030720.754,45.41369574,-75.71071594,9173
18--5249,5/15/2018,6:58 PM,HARMER AVE @ ISLAND PARK DR (0006604),6604,02 - Intersection related,03 - P.D. only,02 - Angle,01 - Clear,01 - Daylight,01 - Dry,02 - Stop sign,01 - Functioning,2,0,0,0,,0,,,,,365188.7689,5028144.57,45.39063699,-75.72876485,9174
18--525,1/8/2018,8:55 PM,HIGHWAY 417 btwn HIGHWAY 417 & Continuation of HIGHWAY 417 (__3ZAZOB),__3ZAZOB,01 - Non intersection,03 - P.D. only,07 - SMV other,03 - Snow,07 - Dark,02 - Wet,10 - No control,,1,0,0,0,,0,,,,,353032.1876,5020257.793,45.32061341,-75.88477794,9175
18--5250,5/15/2018,7:24 PM,225 E OF RIVERSIDE DR / T & T SC @ HUNT CLUB RD (0013516),13516,03 - At intersection,02 - Non-fatal injury,07 - SMV other,01 - Clear,01 - Daylight,01 - Dry,01 - Traffic signal,01 - Functioning,1,0,0,1,02 - Minor,1,,1,,,368235.6976,5022055.979,45.335584,-75.69063741,9176
18--5251,5/15/2018,7:35 PM,HAWTHORNE RD btwn STEVENAGE DR & HUNT CLUB RD (__3ZA2E8),__3ZA2E8,01 - Non intersection,03 - P.D. only,04 - Sideswipe,01 - Clear,01 - Daylight,01 - Dry,10 - No control,,2,0,0,0,,0,,,,,375267.336,5026996.497,45.37936563,-75.60022849,9177
18--5252,5/15/2018,7:37 AM,PARKDALE AVE @ WELLINGTON ST (0002260),2260,02 - Intersection related,03 - P.D. only,05 - Turning movement,01 - Clear,01 - Daylight,02 - Wet,01 - Traffic signal,00 - Unknown,2,0,0,0,,0,,,,,365150.0057,5029270.72,45.40077319,-75.72912209,9178
18--5253,5/15/2018,8:26 AM,BORRISOKANE RD btwn CAMBRIAN RD & STRANDHERD DR (__3ZA1CC),__3ZA1CC,01 - Non intersection,02 - Non-fatal injury,07 - SMV other,01 - Clear,01 - Daylight,01 - Dry,10 - No control,,1,0,0,0,02 - Minor,1,,1,,,362313.4033,5013247.039,45.25683142,-75.7672138,9179
18--5254,5/15/2018,8:35 AM,HIGHWAY 417 btwn HWY417 IC134 RAMP35 & HWY417 IC134 RAMP25 (__3ZA29D),__3ZA29D,01 - Non intersection,03 - P.D. only,04 - Sideswipe,01 - Clear,01 - Daylight,01 - Dry,10 - No control,,2,0,0,0,,0,,,,,356544.6012,5022312.987,45.33885616,-75.83976367,9180
18--5255,5/15/2018,8:35 PM,HIGHWAY 7 btwn ASHTON STATION RD & OVERPASS RD (__3ZA2QE),__3ZA2QE,01 - Non intersection,03 - P.D. only,07 - SMV other,01 - Clear,05 - Dusk,01 - Dry,10 - No control,,1,0,0,0,,0,,,,,340399.1365,5004254.49,45.17736118,-76.04705791,9181
18--5256,5/15/2018,8:45 PM,BLAIR RD @ OGILVIE RD (0004120),4120,02 - Intersection related,02 - Non-fatal injury,03 - Rear end,01 - Clear,07 - Dark,01 - Dry,01 - Traffic signal,01 - Functioning,2,0,0,0,02 - Minor,1,,1,,,374507.66,5033198.435,45.43524352,-75.60905046,9182
18--5257,5/15/2018,8:56 AM,CONROY RD @ WALKLEY RD (0002648),2648,02 - Intersection related,03 - P.D. only,04 - Sideswipe,01 - Clear,01 - Daylight,01 - Dry,01 - Traffic signal,01 - Functioning,2,0,0,0,,0,,,,,372903.322,5027463.776,45.3838038,-75.6303457,9183
18--5258,5/15/2018,9:00 AM,WOODROFFE AVE @ DEERFOX DR/STONEWAY DR (0004601),4601,02 - Intersection related,03 - P.D. only,04 - Sideswipe,01 - Clear,01 - Daylight,01 - Dry,01 - Traffic signal,01 - Functioning,2,0,0,0,,0,,,,,365885.9074,5015940.492,45.28076593,-75.72136882,9184
18--5259,5/15/2018,9:00 PM,WIGGINS PRIV btwn CHAPEL CRES & GOULBURN CRES (2) (__3ZBO9Z),__3ZBO9Z,01 - Non intersection,03 - P.D. only,06 - SMV unattended vehicle,01 - Clear,07 - Dark,01 - Dry,10 - No control,,1,0,0,0,,0,,,,,369736.7731,5031399.738,45.41951889,-75.67025874,9185
18--526,1/8/2018,9:20 AM,BRIAN COBURN BLVD btwn GERRY LALONDE DR & STRASBOURG ST (__6ZT4QS),__6ZT4QS,01 - Non intersection,03 - P.D. only,03 - Rear end,03 - Snow,01 - Daylight,03 - Loose snow,10 - No control,,2,0,0,0,,0,,,,,383809.2536,5034743.052,45.44815154,-75.48993419,9186
18--5260,5/15/2018,9:11 AM,SALTER CRES @ TERON RD (0012113),12113,02 - Intersection related,03 - P.D. only,03 - Rear end,02 - Rain,01 - Daylight,02 - Wet,02 - Stop sign,00 - Unknown,3,0,0,0,,0,,,,,352520.4753,5020552.605,45.32330116,-75.89127626,9187
18--5261,5/15/2018,9:28 AM,DONALD ST @ ST. LAURENT BLVD (0008630),8630,02 - Intersection related,03 - P.D. only,07 - SMV other,01 - Clear,01 - Daylight,01 - Dry,01 - Traffic signal,01 - Functioning,1,0,0,0,,0,,,,,372093.7129,5032472.585,45.42894914,-75.63999931,9188
18--5262,5/15/2018,9:31 PM,JEANNE D'ARC BLVD @ ORLEANS BLVD S (0004154),4154,03 - At intersection,03 - P.D. only,05 - Turning movement,01 - Clear,07 - Dark,01 - Dry,01 - Traffic signal,01 - Functioning,2,0,0,0,,0,,,,,380940.6337,5036250.554,45.46203322,-75.52636822,9189
18--5263,5/15/2018,9:33 PM,BASELINE RD @ WOODROFFE AVE (0002225),2225,02 - Intersection related,03 - P.D. only,03 - Rear end,01 - Clear,07 - Dark,01 - Dry,01 - Traffic signal,01 - Functioning,2,0,0,0,,0,,,,,362549.8795,5023770.654,45.35150354,-75.76297505,9190
18--5264,5/16/2018,1:00 PM,HIGHWAY 417 btwn HWY417 IC112 RAMP54 & HWY417 IC112 RAMP65 (__3ZAZE8),__3ZAZE8,01 - Non intersection,03 - P.D. only,04 - Sideswipe,01 - Clear,01 - Daylight,01 - Dry,10 - No control,,2,0,0,0,,0,,,,,374174.5874,5031220.684,45.41748189,-75.6135856,9191
18--5265,5/16/2018,1:11 PM,WALKLEY RD btwn RUSSELL RD & LANCASTER RD (__3ZA1UN),__3ZA1UN,01 - Non intersection,03 - P.D. only,04 - Sideswipe,01 - Clear,01 - Daylight,01 - Dry,10 - No control,,2,0,0,0,,0,,,,,374760.0491,5028537.097,45.39327805,-75.60648669,9192
18--5266,5/16/2018,1:34 PM,BANK ST btwn TURN LANE & SPRINGHILL RD (__3ZA2LG),__3ZA2LG,01 - Non intersection,02 - Non-fatal injury,07 - SMV other,01 - Clear,01 - Daylight,01 - Dry,10 - No control,,1,0,0,0,01 - Minimal,2,2,,,,384579.6641,5007763.982,45.20532558,-75.48443389,9193
18--5267,5/16/2018,10:20 PM,REGIONAL ROAD 174 btwn EAST ST & EAST SHORE RD (__3ZA27Y),__3ZA27Y,01 - Non intersection,03 - P.D. only,03 - Rear end,01 - Clear,07 - Dark,01 - Dry,10 - No control,,2,0,0,0,,0,,,,,391672.7212,5042814.056,45.51983137,-75.38799681,9194
18--5268,5/16/2018,10:31 PM,BOWESVILLE RD btwn HIGH RD & EARL ARMSTRONG RD (__3ZA7ZY),__3ZA7ZY,01 - Non intersection,03 - P.D. only,07 - SMV other,01 - Clear,07 - Dark,01 - Dry,10 - No control,,1,0,0,0,,0,,,,,372541.8072,5017487.097,45.29407204,-75.63632747,9195
18--5269,5/16/2018,10:44 AM,CARP RD @ HAZELDEAN RD (0000086),86,03 - At intersection,02 - Non-fatal injury,03 - Rear end,01 - Clear,01 - Daylight,01 - Dry,01 - Traffic signal,01 - Functioning,2,0,0,0,02 - Minor,3,1,2,,,348804.3845,5014360.395,45.26782442,-75.9392259,9196
18--527,1/8/2018,9:25 AM,CUMMINGS AVE btwn QUEBEC ST & BURN ST (__3ZA7VR),__3ZA7VR,01 - Non intersection,03 - P.D. only,07 - SMV other,03 - Snow,01 - Daylight,03 - Loose snow,10 - No control,,1,0,0,0,,0,,,,,372306.5667,5033286.117,45.4362484,-75.63716785,9197
18--5270,5/16/2018,11:09 PM,CARLING AVE @ PARKDALE AVE (0008792),8792,02 - Intersection related,03 - P.D. only,03 - Rear end,01 - Clear,07 - Dark,01 - Dry,01 - Traffic signal,01 - Functioning,2,0,0,0,,0,,,,,365625.6732,5028173.012,45.39085509,-75.72318208,9198
18--5271,5/16/2018,11:25 AM,HOLLAND AVE btwn FISHER AVE & ISLAND PARK DR (__3ZA4NG),__3ZA4NG,01 - Non intersection,03 - P.D. only,03 - Rear end,01 - Clear,01 - Daylight,01 - Dry,10 - No control,,4,0,0,0,,0,,,,,365422.5385,5027910.474,45.38851045,-75.72580837,9199
18--5272,5/16/2018,Unknown,BATHGATE DR btwn QUIGG PRIV & DEN HAAG DR (__3ZA7WT),__3ZA7WT,01 - Non intersection,03 - P.D. only,06 - SMV unattended vehicle,01 - Clear,00 - Unknown,01 - Dry,10 - No control,,1,0,0,0,,0,,,,,373405.6584,5033931.303,45.44194647,-75.62303158,9200
18--5273,5/16/2018,12:31 PM,ROYDON PL btwn WOODFIELD DR & WEST HUNT CLUB RD (__3ZAYGP),__3ZAYGP,04 - At/near private drive,03 - P.D. only,02 - Angle,01 - Clear,01 - Daylight,01 - Dry,10 - No control,,2,0,0,0,,0,,,,,365933.9238,5022234.952,45.33739869,-75.71998035,9201
18--5274,5/16/2018,3:05 PM,TRAINYARDS DR @ RAILMARKET (0012246),12246,02 - Intersection related,03 - P.D. only,03 - Rear end,01 - Clear,01 - Daylight,01 - Dry,01 - Traffic signal,01 - Functioning,3,0,0,0,,0,,,,,371755.9651,5030717.819,45.41319296,-75.64455366,9202
18--5275,5/16/2018,3:15 PM,JINKINSON RD btwn FERNBANK RD & HAZELDEAN RD (__7JQ7K3),__7JQ7K3,01 - Non intersection,03 - P.D. only,07 - SMV other,01 - Clear,01 - Daylight,01 - Dry,10 - No control,,1,0,0,0,,0,,,,,345570.456,5008041.596,45.21115976,-75.98095397,9203
18--5276,5/16/2018,3:23 PM,BANK ST @ ROTARY WAY (0013660),13660,02 - Intersection related,03 - P.D. only,03 - Rear end,01 - Clear,01 - Daylight,01 - Dry,01 - Traffic signal,01 - Functioning,4,0,0,0,,0,,,,,375523.5441,5021226.117,45.32742054,-75.59778288,9204
18--5277,5/16/2018,3:25 PM,GILMOUR ST @ O'CONNOR ST (0007286),7286,03 - At intersection,02 - Non-fatal injury,02 - Angle,01 - Clear,01 - Daylight,01 - Dry,01 - Traffic signal,01 - Functioning,2,1,0,0,01 - Minimal,1,1,,,,367943.9789,5030868.442,45.41490256,-75.69323226,9205
18--5278,5/16/2018,3:40 PM,DAVID MANCHESTER RD @ RICHARDSON SIDE RD (0005808),5808,03 - At intersection,03 - P.D. only,02 - Angle,01 - Clear,01 - Daylight,01 - Dry,02 - Stop sign,01 - Functioning,2,0,0,0,,0,,,,,344201.5434,5015306.457,45.27661044,-75.99780518,9206
18--5279,5/16/2018,3:40 PM,CENTER ST @ MONTREAL RD (0002691),2691,02 - Intersection related,03 - P.D. only,01 - Approaching,01 - Clear,01 - Daylight,01 - Dry,02 - Stop sign,00 - Unknown,2,0,0,0,,0,,,,,371821.4465,5033951.631,45.44228305,-75.64327708,9207
18--528,1/8/2018,9:51 AM,BRONSON AVE @ COMMISSIONER ST/SLATER ST (0001679),1679,02 - Intersection related,03 - P.D. only,04 - Sideswipe,03 - Snow,01 - Daylight,03 - Loose snow,01 - Traffic signal,01 - Functioning,2,0,0,0,,0,,,,,366768.7054,5030948.568,45.41572858,-75.70823677,9208
18--5280,5/16/2018,3:51 PM,MONTREAL RD btwn BETHAMY LANE & OGILVIE RD (__3ZA2DX),__3ZA2DX,04 - At/near private drive,02 - Non-fatal injury,03 - Rear end,01 - Clear,01 - Daylight,01 - Dry,10 - No control,,2,1,0,0,02 - Minor,1,,1,,,375571.9907,5034503.198,45.44687609,-75.59526108,9209
18--5281,5/16/2018,4:15 PM,BESSERER ST @ DALHOUSIE ST (0011452),11452,03 - At intersection,03 - P.D. only,04 - Sideswipe,01 - Clear,01 - Daylight,01 - Dry,01 - Traffic signal,01 - Functioning,2,0,0,0,,0,,,,,368252.6447,5032157.862,45.4264764,-75.68912288,9210
18--5282,5/16/2018,4:29 PM,CUMBERLAND ST @ MURRAY ST (0008237),8237,03 - At intersection,03 - P.D. only,04 - Sideswipe,01 - Clear,01 - Daylight,01 - Dry,01 - Traffic signal,01 - Functioning,2,0,0,0,,0,,,,,368170.3994,5032679.445,45.43117688,-75.69010669,9211
18--5283,5/16/2018,4:57 PM,CONROY RD btwn DAVIDSON RD & PARK LANE (__3ZA3SX),__3ZA3SX,01 - Non intersection,03 - P.D. only,07 - SMV other,01 - Clear,01 - Daylight,01 - Dry,10 - No control,,1,0,0,0,,0,,,,,374631.632,5023376.301,45.34685635,-75.60885614,9212
18--5284,5/16/2018,5:00 PM,CARP RD @ MARCH RD (0001689),1689,03 - At intersection,03 - P.D. only,05 - Turning movement,01 - Clear,01 - Daylight,01 - Dry,01 - Traffic signal,01 - Functioning,2,0,0,0,,0,,,,,342164.2176,5021732.442,45.33454544,-76.0232867,9213
18--5285,5/16/2018,5:12 PM,WELLINGTON ST btwn Continuation of WELLINGTON ST & BAY ST (__3ZA2XU),__3ZA2XU,04 - At/near private drive,02 - Non-fatal injury,05 - Turning movement,01 - Clear,01 - Daylight,01 - Dry,10 - No control,,2,0,0,0,02 - Minor,1,,1,,,366770.7333,5031332.38,45.41918183,-75.70816259,9214
18--5286,5/16/2018,5:15 PM,ELGIN ST @ LAURIER AVE (0002232),2232,02 - Intersection related,03 - P.D. only,04 - Sideswipe,01 - Clear,01 - Daylight,01 - Dry,01 - Traffic signal,01 - Functioning,2,0,0,0,,0,,,,,367948.3036,5031549.672,45.42103166,-75.69308971,9215
18--5287,5/16/2018,5:25 PM,HIGHWAY 417 btwn HWY417 IC121B RAMP51 & HWY417 IC121A RAMP51 (__3ZA2YW),__3ZA2YW,01 - Non intersection,03 - P.D. only,03 - Rear end,01 - Clear,01 - Daylight,01 - Dry,10 - No control,,2,0,0,0,,0,,,,,366776.1029,5029573.978,45.40335976,-75.70831508,9216
18--5288,5/16/2018,5:26 AM,DWYER HILL RD btwn JOCK TR & PURDY RD (__3ZA3E4),__3ZA3E4,01 - Non intersection,02 - Non-fatal injury,07 - SMV other,01 - Clear,03 - Dawn,01 - Dry,10 - No control,,1,0,0,0,02 - Minor,1,,1,,,350168.8211,4996653.733,45.10840484,-75.92344975,9217
18--5296,5/16/2018,7:30 AM,FALLIS AVE @ PINECREST RD (0002049),2049,03 - At intersection,03 - P.D. only,02 - Angle,01 - Clear,01 - Daylight,01 - Dry,02 - Stop sign,01 - Functioning,2,0,0,0,,0,,,,,360125.7487,5024324.573,45.35668313,-75.79384829,9218
18--5297,5/16/2018,8:30 AM,HELEN RAPP WAY btwn KELLY FARM DR & MAGPIE ST (e___2HLB),e___2HLB,01 - Non intersection,03 - P.D. only,06 - SMV unattended vehicle,01 - Clear,01 - Daylight,01 - Dry,10 - No control,,1,0,0,0,,0,,,,,375393.6737,5019679.484,45.31351762,-75.59965987,9219
18--5115,5/11/2018,12:36 PM,SHEFFIELD RD btwn BANTREE ST & LEEDS AVE (__3ZA787),__3ZA787,01 - Non intersection,02 - Non-fatal injury,07 - SMV other,01 - Clear,01 - Daylight,01 - Dry,10 - No control,,1,0,0,0,02 - Minor,1,,1,,,374823.5791,5029643.551,45.40322702,-75.60551833,9220
18--5298,5/16/2018,8:31 PM,BOURASSA ST @ ST. LAURENT BLVD (0007731),7731,02 - Intersection related,03 - P.D. only,03 - Rear end,01 - Clear,05 - Dusk,01 - Dry,01 - Traffic signal,01 - Functioning,2,0,0,0,,0,,,,,373236.7209,5029693.768,45.40383578,-75.6257795,9221
18--547,1/9/2018,5:00 PM,HIGHWAY 417 btwn HWY417 IC119A RAMP67 & HWY417 IC118 RAMP76 (__3ZA2YS),__3ZA2YS,01 - Non intersection,02 - Non-fatal injury,03 - Rear end,01 - Clear,05 - Dusk,02 - Wet,10 - No control,,2,0,0,0,01 - Minimal,1,1,,,,368690.1992,5030587.047,45.41230293,-75.68373552,9222
18--5116,5/11/2018,2:55 PM,HWY416 IC72 RAMP34 btwn HIGHWAY 416 & WEST HUNT CLUB RD (__3ZAY4D),__3ZAY4D,01 - Non intersection,02 - Non-fatal injury,07 - SMV other,01 - Clear,01 - Daylight,01 - Dry,10 - No control,,1,0,0,0,02 - Minor,1,,1,,,359344.3589,5019735.553,45.31545221,-75.80432663,9223
18--5299,5/16/2018,8:35 AM,HIGHWAY 417 btwn HIGHWAY 417 & HWY417 IC115 RAMP61 (__3ZA2YH),__3ZA2YH,01 - Non intersection,03 - P.D. only,03 - Rear end,01 - Clear,01 - Daylight,01 - Dry,10 - No control,,2,0,0,0,,0,,,,,372773.8085,5031559.375,45.42066675,-75.63143484,9224
18--5470,5/22/2018,7:30 AM,TENTH LINE RD btwn NAVAN RD & SMITH RD (__3ZA6UT),__3ZA6UT,04 - At/near private drive,03 - P.D. only,05 - Turning movement,01 - Clear,01 - Daylight,01 - Dry,10 - No control,,2,0,0,0,,0,,,,,385948.3477,5031364.617,45.41751046,-75.46314894,9225