Anom_ID,Accident_Date,Accident_Time,Location,Geo_ID,Accident_Location,Classification_of_Accident,Initial_Impact_Type,Environment_Condition,Light,Road_Surface_Condition,Traffic_Control,Traffic_Control_Condition,No__of_Vehicles,No__of_Bicycles,No__of_Motorcycles,No__of_Pedestrians,Max_Injury,No__of_Injuries,No__of_Minimal,No__of_Minor,No__of_Major,No__of_Fatal,X,Y,Latitude,Longitude,ObjectId
18--53,1/2/2018,1:59 PM,ARLINGTON AVE btwn KENT ST & BANK ST (__3ZA977),__3ZA977,04 - At/near private drive,03 - P.D. only,05 - Turning movement,01 - Clear,01 - Daylight,05 - Packed snow,10 - No control,,2,0,0,0,,0,,,,,367920.6259,5030291.717,45.40971548,-75.69360446,9226
18--5117,5/11/2018,3:08 PM,BANK ST @ CHAMBERLAIN AVE N/ISABELLA ST (0002132),2132,02 - Intersection related,03 - P.D. only,04 - Sideswipe,01 - Clear,01 - Daylight,01 - Dry,01 - Traffic signal,01 - Functioning,3,0,0,0,,0,,,,,368082.7122,5030166.562,45.40857474,-75.69155,9227
18--5471,5/22/2018,7:49 AM,LAURIER AVE @ RANGE RD (0007666),7666,02 - Intersection related,03 - P.D. only,03 - Rear end,01 - Clear,01 - Daylight,01 - Dry,02 - Stop sign,00 - Unknown,3,0,0,0,,0,,,,,369390.8212,5032432.599,45.4288442,-75.67454331,9228
18--530,1/9/2018,1:02 PM,BASELINE RD/HERON RD @ PRINCE OF WALES DR (0002345),2345,02 - Intersection related,03 - P.D. only,03 - Rear end,01 - Clear,01 - Daylight,02 - Wet,01 - Traffic signal,01 - Functioning,2,0,0,0,,0,,,,,366873.7066,5026438.532,45.37513916,-75.70746279,9229
18--5300,5/16/2018,8:40 AM,HIGHWAY 417 btwn HWY417 IC112 RAMP66 & HWY417 IC112 RAMP56 (__3ZA283),__3ZA283,01 - Non intersection,03 - P.D. only,03 - Rear end,01 - Clear,01 - Daylight,01 - Dry,10 - No control,,2,0,0,0,,0,,,,,374269.247,5031079.695,45.41620395,-75.61239613,9230
18--5301,5/16/2018,8:59 AM,LEWER ST @ RIVER RD (0008653),8653,02 - Intersection related,03 - P.D. only,03 - Rear end,01 - Clear,01 - Daylight,01 - Dry,02 - Stop sign,01 - Functioning,2,0,0,0,,0,,,,,368293.4471,5020395.43,45.32063748,-75.69011363,9231
18--5302,5/16/2018,9:00 AM,COVENTRY RD @ LOLA ST (0007175),7175,02 - Intersection related,03 - P.D. only,02 - Angle,01 - Clear,01 - Daylight,01 - Dry,01 - Traffic signal,01 - Functioning,2,0,0,0,,0,,,,,371263.7091,5031614.761,45.42131019,-75.65072117,9232
18--5303,5/16/2018,9:09 AM,COOPER ST btwn O'CONNOR ST & METCALFE ST (__3ZA9UP),__3ZA9UP,01 - Non intersection,03 - P.D. only,04 - Sideswipe,01 - Clear,01 - Daylight,01 - Dry,10 - No control,,2,0,0,0,,0,,,,,367903.64,5031142.499,45.41737208,-75.69371251,9233
18--5304,5/16/2018,9:14 AM,PINECREST RD btwn TRANSIT & HWY417 IC129 RAMP26 (__3ZA4MY),__3ZA4MY,01 - Non intersection,03 - P.D. only,03 - Rear end,01 - Clear,01 - Daylight,01 - Dry,10 - No control,,2,0,0,0,,0,,,,,360408.0777,5023625.71,45.35037244,-75.79032365,9234
18--5305,5/16/2018,9:15 AM,ROCKCLIFFE PKWY btwn RAMP & RAMP (__3ZA2ZD),__3ZA2ZD,01 - Non intersection,03 - P.D. only,03 - Rear end,01 - Clear,01 - Daylight,01 - Dry,10 - No control,,2,0,0,0,,0,,,,,371374.5745,5035620.588,45.45734222,-75.64876286,9235
18--5306,5/16/2018,9:40 AM,HIGHWAY 417 btwn HWY417 IC124 RAMP65 & HWY417 IC122 RAMP51 (__3ZA2R8),__3ZA2R8,01 - Non intersection,03 - P.D. only,03 - Rear end,01 - Clear,01 - Daylight,01 - Dry,10 - No control,,2,0,1,0,,0,,,,,364776.1135,5028026.787,45.38961266,-75.73404879,9236
18--5307,5/16/2018,9:47 AM,MERIVALE RD btwn CALDWELL AVE & CENTRAL PARK DR (__3ZA3GW),__3ZA3GW,04 - At/near private drive,03 - P.D. only,99 - Other,01 - Clear,01 - Daylight,01 - Dry,10 - No control,,2,0,0,0,,0,,,,,364946.2073,5025927.609,45.37071006,-75.73213245,9237
18--5308,5/16/2018,9:57 AM,KLONDIKE RD @ SECOND LINE RD (0003546),3546,02 - Intersection related,03 - P.D. only,03 - Rear end,01 - Clear,01 - Daylight,01 - Dry,02 - Stop sign,01 - Functioning,2,0,0,0,,0,,,,,348189.118,5023075.597,45.34628482,-75.94630326,9238
18--5309,5/17/2018,1:45 PM,HIGHWAY 417 btwn HWY417 IC126 RAMP61 & HWY417 IC124 RAMP76 (__3ZA2Y2),__3ZA2Y2,01 - Non intersection,03 - P.D. only,03 - Rear end,01 - Clear,01 - Daylight,01 - Dry,10 - No control,,2,0,0,0,,0,,,,,363386.5297,5026157.553,45.37291119,-75.75201535,9239
18--531,1/9/2018,1:35 PM,HUNT CLUB RD WB btwn 275 E OF HAWTHORNE RD/OC TRANSPO TURNAROUND & HAWTHORNE RD (e___1GZMA),e___1GZMA,01 - Non intersection,02 - Non-fatal injury,07 - SMV other,03 - Snow,01 - Daylight,05 - Packed snow,10 - No control,,1,0,0,0,01 - Minimal,1,1,,,,376059.3306,5026778.11,45.37732059,-75.5901486,9240
18--5310,5/17/2018,1:53 PM,GARFIELD AVE @ MAITLAND AVE (0002031),2031,02 - Intersection related,03 - P.D. only,03 - Rear end,01 - Clear,01 - Daylight,01 - Dry,01 - Traffic signal,01 - Functioning,2,0,0,0,,0,,,,,363342.6476,5025562.551,45.3675611,-75.75264607,9241
18--5311,5/17/2018,10:04 AM,FALLOWFIELD RD btwn STEEPLE HILL CRES & MOODIE DR (__3ZA4Y5),__3ZA4Y5,01 - Non intersection,02 - Non-fatal injury,03 - Rear end,01 - Clear,01 - Daylight,01 - Dry,10 - No control,,4,0,0,0,02 - Minor,2,1,1,,,358929.0562,5014336.91,45.26690676,-75.81021225,9242
18--5312,5/17/2018,10:05 AM,MONTREAL RD @ VANIER PKWY (0004630),4630,02 - Intersection related,02 - Non-fatal injury,03 - Rear end,01 - Clear,01 - Daylight,01 - Dry,01 - Traffic signal,01 - Functioning,2,1,0,0,02 - Minor,1,,1,,,370072.5978,5033065.619,45.43447656,-75.66574736,9243
18--5313,5/17/2018,10:13 AM,MERIVALE RD btwn LOBLAWS SC & BURRIS LANE (__3ZA4IOA),__3ZA4IOA,01 - Non intersection,02 - Non-fatal injury,03 - Rear end,01 - Clear,01 - Daylight,01 - Dry,10 - No control,,2,0,0,0,02 - Minor,1,,1,,,364875.9814,5025059.05,45.36290093,-75.73313453,9244
18--5314,5/17/2018,10:30 AM,FORWARD AVE btwn EMMERSON AVE & BURNSIDE AVE (__3ZA153),__3ZA153,01 - Non intersection,03 - P.D. only,06 - SMV unattended vehicle,01 - Clear,01 - Daylight,01 - Dry,10 - No control,,1,0,0,0,,0,,,,,364830.9326,5030211.03,45.40926132,-75.73308291,9245
18--5315,5/17/2018,11:18 AM,HENDERSON AVE @ LAURIER AVE (0007762),7762,02 - Intersection related,03 - P.D. only,04 - Sideswipe,01 - Clear,01 - Daylight,01 - Dry,02 - Stop sign,00 - Unknown,2,0,0,0,,0,,,,,368807.638,5032076.368,45.42569258,-75.68204179,9246
18--5316,5/17/2018,11:21 AM,SHEFFIELD RD @ WALKLEY RD (0005156),5156,02 - Intersection related,03 - P.D. only,07 - SMV other,01 - Clear,01 - Daylight,01 - Dry,01 - Traffic signal,01 - Functioning,1,0,0,0,,0,,,,,375257.7356,5028784.538,45.3954545,-75.6000958,9247
18--5317,5/17/2018,11:33 AM,HAZELDEAN RD @ TERRY FOX DR (0003682),3682,02 - Intersection related,02 - Non-fatal injury,03 - Rear end,01 - Clear,01 - Daylight,01 - Dry,01 - Traffic signal,01 - Functioning,2,0,0,0,02 - Minor,1,,1,,,352207.571,5017242.569,45.29353787,-75.8955841,9248
18--5318,5/17/2018,Unknown,WOODPARK WAY btwn MASONBROOK ST & MULLCRAFT CRES (__3ZA5AS),__3ZA5AS,01 - Non intersection,03 - P.D. only,06 - SMV unattended vehicle,01 - Clear,00 - Unknown,01 - Dry,10 - No control,,1,0,0,0,,0,,,,,365235.647,5017069.675,45.29098247,-75.72951907,9249
18--5319,5/17/2018,Unknown,BURMA RD btwn PROVENDER AVE & MONTREAL RD (__3ZBPK2),__3ZBPK2,01 - Non intersection,03 - P.D. only,06 - SMV unattended vehicle,01 - Clear,00 - Unknown,01 - Dry,10 - No control,,1,0,0,0,,0,,,,,373204.9619,5034655.703,45.44848391,-75.62549602,9250
18--532,1/9/2018,1:36 PM,LAURIER AVE @ NICHOLAS ST (0010711),10711,03 - At intersection,02 - Non-fatal injury,05 - Turning movement,01 - Clear,01 - Daylight,02 - Wet,01 - Traffic signal,01 - Functioning,2,0,0,0,01 - Minimal,2,2,,,,368373.9854,5031797.573,45.42322363,-75.68761889,9251
18--5320,5/17/2018,Unknown,GEORGE ST btwn WILLIAM ST & DALHOUSIE ST (__3ZA8Z1),__3ZA8Z1,01 - Non intersection,03 - P.D. only,06 - SMV unattended vehicle,01 - Clear,00 - Unknown,01 - Dry,10 - No control,,1,0,0,0,,0,,,,,368137.5336,5032302.114,45.42778477,-75.69057521,9252
18--5321,5/17/2018,12:21 PM,ST. JOSEPH BLVD @ JEANNE D'ARC BLVD (0012421),12421,03 - At intersection,03 - P.D. only,04 - Sideswipe,01 - Clear,01 - Daylight,01 - Dry,11 - Roundabout,01 - Functioning,2,0,0,0,,0,,,,,379860.6812,5036471.59,45.4641388,-75.54014216,9253
18--5322,5/17/2018,2:08 PM,MAITLAND AVE/HWY 417 MAITLAND IC126R53 @ HWY 4 (0008229),8229,03 - At intersection,03 - P.D. only,05 - Turning movement,01 - Clear,01 - Daylight,01 - Dry,01 - Traffic signal,01 - Functioning,2,0,0,0,,0,,,,,363229.4217,5025774.856,45.36948085,-75.75406628,9254
18--5323,5/17/2018,3:00 PM,CONROY RD @ WALKLEY RD (0002648),2648,02 - Intersection related,03 - P.D. only,03 - Rear end,01 - Clear,01 - Daylight,01 - Dry,01 - Traffic signal,01 - Functioning,2,0,0,0,,0,,,,,372903.6762,5027463.575,45.38380196,-75.63034121,9255
18--5324,5/17/2018,3:15 PM,WEST HUNT CLUB RD @ WOODROFFE AVE (0000576),576,02 - Intersection related,03 - P.D. only,03 - Rear end,01 - Clear,01 - Daylight,01 - Dry,01 - Traffic signal,01 - Functioning,2,0,0,0,,0,,,,,363670.3519,5021246.532,45.32869854,-75.74897673,9256
18--5325,5/17/2018,3:15 PM,HIGHWAY 417 btwn HWY417 IC117 RAMP51 & HWY417 IC117 RAMP35 (__3ZA2YN),__3ZA2YN,01 - Non intersection,03 - P.D. only,03 - Rear end,01 - Clear,01 - Daylight,01 - Dry,10 - No control,,2,0,0,0,,0,,,,,370478.0651,5031139.737,45.41711031,-75.66082243,9257
18--5326,5/17/2018,3:24 AM,ST. LAURENT BLVD @ TREMBLAY RD (0002573),2573,03 - At intersection,03 - P.D. only,05 - Turning movement,01 - Clear,07 - Dark,01 - Dry,01 - Traffic signal,01 - Functioning,2,0,0,0,,0,,,,,372595.7136,5031241.576,45.41782463,-75.63375399,9258
18--5327,5/17/2018,3:25 PM,BLAIR RD btwn OR174 IC112 RAMP15 & MEADOWBROOK RD (__3ZA2E1),__3ZA2E1,04 - At/near private drive,03 - P.D. only,02 - Angle,01 - Clear,01 - Daylight,00 - Unknown,10 - No control,,2,0,0,0,,0,,,,,375188.9373,5032318.19,45.42725533,-75.60046981,9259
18--5328,5/17/2018,3:30 PM,MONTREAL RD btwn SHEFFORD RD & OR174 IC109 RAMP56 (__3ZAZPW),__3ZAZPW,01 - Non intersection,03 - P.D. only,03 - Rear end,01 - Clear,01 - Daylight,01 - Dry,10 - No control,,2,0,0,0,,0,,,,,376154.4615,5034867.258,45.45009246,-75.587763,9260
18--5329,5/17/2018,3:52 PM,CARLING AVE @ EDGEWORTH AVE (0002718),2718,02 - Intersection related,03 - P.D. only,04 - Sideswipe,01 - Clear,01 - Daylight,01 - Dry,01 - Traffic signal,00 - Unknown,2,0,0,0,,0,,,,,361263.0872,5025424.485,45.36648941,-75.77920731,9261
18--533,1/9/2018,1:50 PM,DALY AVE @ NELSON ST (0008519),8519,03 - At intersection,03 - P.D. only,02 - Angle,01 - Clear,01 - Daylight,03 - Loose snow,02 - Stop sign,01 - Functioning,2,0,0,0,,0,,,,,368730.0586,5032357.584,45.42822996,-75.68299658,9262
18--5330,5/17/2018,3:56 PM,HOLLAND AVE @ ISLAND PARK DR/N.C.C. DRIVEWAY (0010787),10787,03 - At intersection,03 - P.D. only,02 - Angle,01 - Clear,01 - Daylight,01 - Dry,01 - Traffic signal,01 - Functioning,2,0,0,0,,0,,,,,365425.7768,5027917.599,45.38857428,-75.72576615,9263
18--5331,5/17/2018,4:42 PM,BRITANNIA RD @ CARLING AVE (0002777),2777,02 - Intersection related,02 - Non-fatal injury,02 - Angle,01 - Clear,01 - Daylight,01 - Dry,02 - Stop sign,01 - Functioning,2,1,0,0,01 - Minimal,1,1,,,,360174.6776,5024738.528,45.36040402,-75.79317745,9264
18--5332,5/17/2018,4:47 PM,INNES RD @ LANTHIER DR/PRESTWICK DR (0004251),4251,03 - At intersection,02 - Non-fatal injury,07 - SMV other,01 - Clear,01 - Daylight,01 - Dry,01 - Traffic signal,01 - Functioning,1,0,0,1,02 - Minor,1,,1,,,383540.7636,5035988.564,45.45938785,-75.49316667,9265
18--5333,5/17/2018,4:50 PM,INDUSTRIAL AVE/INNES RD @ ST. LAURENT BLVD (0002203),2203,02 - Intersection related,03 - P.D. only,04 - Sideswipe,01 - Clear,01 - Daylight,01 - Dry,01 - Traffic signal,01 - Functioning,2,0,0,0,,0,,,,,373099.8356,5030005.467,45.40665367,-75.62748471,9266
18--5334,5/17/2018,4:58 PM,WOODROFFE AVE btwn FALLOWFIELD RD & EARL MULLIGAN DR (__3ZA3IL),__3ZA3IL,04 - At/near private drive,02 - Non-fatal injury,05 - Turning movement,01 - Clear,01 - Daylight,01 - Dry,10 - No control,,2,0,0,0,02 - Minor,1,,1,,,365093.1219,5017885.944,45.29833946,-75.73123669,9267
18--5335,5/17/2018,5:08 PM,HIGHWAY 417 btwn HWY417 IC122 RAMP61 & HWY417 IC121B RAMP16 (__3ZA2Y4),__3ZA2Y4,01 - Non intersection,02 - Non-fatal injury,03 - Rear end,01 - Clear,01 - Daylight,01 - Dry,10 - No control,,2,0,0,0,01 - Minimal,2,2,,,,365659.2556,5029117.756,45.39935277,-75.72263669,9268
18--5336,5/17/2018,5:25 PM,HIGHWAY 417 btwn HWY417 IC120A RAMP52 & HWY417 IC119B RAMP57 (__3ZA2R1),__3ZA2R1,01 - Non intersection,02 - Non-fatal injury,03 - Rear end,01 - Clear,01 - Daylight,01 - Dry,10 - No control,,3,0,0,0,02 - Minor,1,,1,,,368077.9331,5030189.553,45.40878204,-75.6916081,9269
18--5337,5/17/2018,5:43 PM,HONEY GABLES DR @ RIVER RD (0012472),12472,02 - Intersection related,03 - P.D. only,03 - Rear end,01 - Clear,01 - Daylight,01 - Dry,02 - Stop sign,00 - Unknown,2,0,0,0,,0,,,,,368021.803,5016016.602,45.28126192,-75.69413661,9270
18--5338,5/17/2018,5:46 PM,COOPER ST @ O'CONNOR ST (0006954),6954,03 - At intersection,02 - Non-fatal injury,05 - Turning movement,01 - Clear,01 - Daylight,01 - Dry,02 - Stop sign,00 - Unknown,2,1,0,0,01 - Minimal,1,1,,,,367808.6559,5031085.8,45.41687048,-75.69493327,9271
18--5339,5/17/2018,5:56 PM,O'CONNOR ST @ WELLINGTON ST (0002234),2234,02 - Intersection related,03 - P.D. only,03 - Rear end,01 - Clear,01 - Daylight,01 - Dry,01 - Traffic signal,00 - Unknown,2,0,0,0,,0,,,,,367413.7133,5031722.505,45.4226348,-75.69989807,9272
18--534,1/9/2018,1:59 PM,WILBROD ST btwn FRIEL ST & CHAPEL ST (__3ZA8ZE),__3ZA8ZE,04 - At/near private drive,02 - Non-fatal injury,07 - SMV other,01 - Clear,01 - Daylight,02 - Wet,10 - No control,,1,0,0,1,01 - Minimal,1,1,,,,368968.9443,5032317.852,45.42785059,-75.6799492,9273
18--5340,5/17/2018,6:15 PM,HIGHWAY 417 btwn HWY417 IC124 RAMP65 & HWY417 IC122 RAMP51 (__3ZA2R8),__3ZA2R8,01 - Non intersection,03 - P.D. only,03 - Rear end,01 - Clear,01 - Daylight,01 - Dry,10 - No control,,2,0,0,0,,0,,,,,365081.4892,5028590.175,45.39465569,-75.73008037,9274
18--5341,5/17/2018,6:35 PM,BANK ST btwn HERON RD & ANOKA ST (__3ZA360),__3ZA360,04 - At/near private drive,03 - P.D. only,03 - Rear end,01 - Clear,01 - Daylight,01 - Dry,10 - No control,,2,0,0,0,,0,,,,,370000.0885,5026838.81,45.3784568,-75.66749744,9275
18--5342,5/17/2018,6:46 PM,BANK ST @ HERON RD (0002155),2155,03 - At intersection,03 - P.D. only,05 - Turning movement,01 - Clear,01 - Daylight,01 - Dry,01 - Traffic signal,01 - Functioning,2,0,0,0,,0,,,,,369995.7494,5026851.51,45.37857147,-75.66755116,9276
18--5343,5/17/2018,7:29 PM,STITTSVILLE MAIN ST @ MANCHESTER ST (0000051),51,03 - At intersection,02 - Non-fatal injury,07 - SMV other,01 - Clear,01 - Daylight,01 - Dry,02 - Stop sign,01 - Functioning,1,0,0,1,02 - Minor,1,,1,,,350208.5879,5013401.413,45.25910591,-75.92141986,9277
18--5344,5/17/2018,7:30 AM,HIGHWAY 417 btwn HWY417 IC134 RAMP51 & HWY417 IC134 RAMP35 (__3ZAZET),__3ZAZET,01 - Non intersection,03 - P.D. only,04 - Sideswipe,01 - Clear,01 - Daylight,01 - Dry,10 - No control,,2,0,0,0,,0,,,,,356237.4949,5022136.78,45.33729321,-75.84370026,9278
18--5345,5/17/2018,7:35 AM,MARCH RD @ MORGAN'S GRANT WAY/SHIRLEY'S BROOK  (0002651),2651,03 - At intersection,03 - P.D. only,05 - Turning movement,01 - Clear,01 - Daylight,01 - Dry,01 - Traffic signal,01 - Functioning,2,0,0,0,,0,,,,,349661.5549,5023617.666,45.35106985,-75.92746497,9279
18--5346,5/17/2018,7:41 AM,BANK ST btwn JOHN QUINN RD & TURN LANE (__3ZA277),__3ZA277,01 - Non intersection,03 - P.D. only,03 - Rear end,01 - Clear,01 - Daylight,01 - Dry,10 - No control,,2,0,0,0,,0,,,,,383633.2109,5010288.947,45.22815044,-75.49608031,9280
18--5347,5/17/2018,7:47 AM,LEMIEUX ST @ ST. LAURENT BLVD (0002021),2021,02 - Intersection related,03 - P.D. only,03 - Rear end,01 - Clear,01 - Daylight,01 - Dry,01 - Traffic signal,01 - Functioning,2,0,0,0,,0,,,,,372391.6126,5031742.518,45.42235162,-75.63629283,9281
18--5348,5/17/2018,7:51 AM,GARLAND ST @ SCOTT ST (0006458),6458,03 - At intersection,02 - Non-fatal injury,02 - Angle,01 - Clear,01 - Daylight,01 - Dry,02 - Stop sign,01 - Functioning,2,1,0,0,02 - Minor,1,,1,,,365398.1245,5029998.887,45.40730363,-75.72586357,9282
18--5349,5/17/2018,8:06 PM,HAZELDEAN RD @ TERRY FOX DR (0003682),3682,02 - Intersection related,03 - P.D. only,03 - Rear end,01 - Clear,01 - Daylight,01 - Dry,01 - Traffic signal,01 - Functioning,2,0,0,0,,0,,,,,352207.8487,5017242.295,45.29353539,-75.89558058,9283
18--535,1/9/2018,11:00 AM,COLONIAL RD @ ROCKDALE RD (0004608),4608,03 - At intersection,02 - Non-fatal injury,04 - Sideswipe,01 - Clear,01 - Daylight,02 - Wet,02 - Stop sign,01 - Functioning,2,0,0,0,02 - Minor,1,,1,,,391420.8667,5032662.503,45.42853131,-75.39300981,9284
18--5350,5/17/2018,8:30 AM,GREENBANK RD @ IRIS ST/HWY 417 IC129 RAMP51 (0009073),9073,02 - Intersection related,03 - P.D. only,03 - Rear end,01 - Clear,01 - Daylight,01 - Dry,01 - Traffic signal,01 - Functioning,2,0,0,0,,0,,,,,360531.1625,5023312.761,45.34754676,-75.78878822,9285
18--5351,5/17/2018,8:35 AM,BEATRICE DR @ BERRIGAN DR (0010240),10240,03 - At intersection,02 - Non-fatal injury,02 - Angle,01 - Clear,01 - Daylight,01 - Dry,02 - Stop sign,01 - Functioning,2,1,0,0,02 - Minor,1,,1,,,365176.5582,5016074.595,45.28203386,-75.7303934,9286
18--5352,5/17/2018,8:35 PM,THOMAS A. DOLAN PKWY btwn PORCUPINE TR & CONSTANCE CREEK DR (__3ZA433),__3ZA433,01 - Non intersection,02 - Non-fatal injury,07 - SMV other,01 - Clear,05 - Dusk,01 - Dry,10 - No control,,1,0,0,0,02 - Minor,3,,3,,,342976.3134,5032014.992,45.42702717,-76.01213079,9287
18--5353,5/17/2018,8:45 AM,HIGHWAY 417 btwn HWY417 IC126 RAMP61 & HWY417 IC124 RAMP76 (__3ZA2Y2),__3ZA2Y2,01 - Non intersection,03 - P.D. only,03 - Rear end,01 - Clear,01 - Daylight,01 - Dry,10 - No control,,3,0,0,0,,0,,,,,363892.2658,5026829.532,45.37891509,-75.74547868,9288
18--5354,5/17/2018,9:40 PM,HIGHWAY 417 btwn HWY417 IC122 RAMP15 & HWY417 IC121B RAMP51 (__3ZA2RB),__3ZA2RB,01 - Non intersection,03 - P.D. only,03 - Rear end,01 - Clear,07 - Dark,01 - Dry,10 - No control,,2,0,0,0,,0,,,,,365943.4822,5029255.022,45.40056309,-75.71898955,9289
18--5355,5/17/2018,9:51 PM,ALBERT ST @ BOOTH ST (0002162),2162,03 - At intersection,02 - Non-fatal injury,02 - Angle,01 - Clear,07 - Dark,01 - Dry,01 - Traffic signal,01 - Functioning,2,1,0,0,02 - Minor,1,,1,,,366428.6933,5030626.566,45.41286133,-75.7126209,9290
18--5356,5/18/2018,1:03 PM,ALBERT ST btwn KENT ST & BANK ST (__3ZA3CA),__3ZA3CA,04 - At/near private drive,03 - P.D. only,05 - Turning movement,01 - Clear,01 - Daylight,01 - Dry,10 - No control,,2,0,0,0,,0,,,,,367351.7576,5031402.324,45.41975946,-75.70073034,9291
18--5357,5/18/2018,1:04 PM,MERIVALE RD btwn BASIL MACDONALD WAY & VIEWMOUNT DR (__3ZA1N6B),__3ZA1N6B,01 - Non intersection,03 - P.D. only,03 - Rear end,01 - Clear,01 - Daylight,01 - Dry,10 - No control,,3,0,0,0,,0,,,,,365191.3855,5022953.985,45.34393277,-75.72936591,9292
18--5358,5/18/2018,1:33 AM,DALHOUSIE ST @ YORK ST (0008500),8500,02 - Intersection related,03 - P.D. only,99 - Other,01 - Clear,07 - Dark,01 - Dry,01 - Traffic signal,01 - Functioning,2,0,0,0,,0,,,,,368093.6706,5032419.493,45.42884487,-75.69112062,9293
18--5359,5/18/2018,1:48 PM,OTTAWA RIVER PKWY WB RAMP/CARLING AVE WB btwn CARLING AVE & OTTAWA RIV (__3ZAY0V),__3ZAY0V,01 - Non intersection,03 - P.D. only,03 - Rear end,01 - Clear,01 - Daylight,01 - Dry,10 - No control,,2,0,0,0,,0,,,,,360912.5265,5025480.888,45.36702507,-75.78367572,9294
18--536,1/9/2018,11:18 PM,ELGIN ST @ GLOUCESTER ST (0006956),6956,03 - At intersection,02 - Non-fatal injury,07 - SMV other,01 - Clear,07 - Dark,04 - Slush,10 - No control,,1,0,0,1,01 - Minimal,1,1,,,,367987.0583,5031477.579,45.42037949,-75.69260379,9295
18--5360,5/18/2018,1:59 PM,STAR TOP RD btwn Continuation of STAR TOP RD & INNES RD (__3ZBN0V),__3ZBN0V,04 - At/near private drive,03 - P.D. only,05 - Turning movement,01 - Clear,01 - Daylight,01 - Dry,10 - No control,,2,0,0,0,,0,,,,,374117.6167,5030737.256,45.41313789,-75.61438143,9296
18--5361,5/18/2018,10:04 PM,LEITRIM RD @ RIVER RD (0004194),4194,03 - At intersection,03 - P.D. only,02 - Angle,01 - Clear,07 - Dark,01 - Dry,02 - Stop sign,01 - Functioning,2,0,0,0,,0,,,,,368019.6577,5017177.559,45.29170827,-75.69401602,9297
18--5362,5/18/2018,11:10 PM,HIGHWAY 7 btwn RAMP & DWYER HILL RD (__7JQ7LW),__7JQ7LW,01 - Non intersection,02 - Non-fatal injury,07 - SMV other,01 - Clear,07 - Dark,01 - Dry,10 - No control,,1,0,0,0,02 - Minor,1,,1,,,340748.3498,5006876.578,45.2009387,-76.04242585,9298
18--5363,5/18/2018,11:37 AM,CARLING AVE @ CLYDE AVE/COLE AVE (0006984),6984,02 - Intersection related,03 - P.D. only,04 - Sideswipe,01 - Clear,01 - Daylight,01 - Dry,01 - Traffic signal,01 - Functioning,2,0,0,0,,0,,,,,363520.4842,5026850.554,45.3791355,-75.75022288,9299
18--5364,5/18/2018,11:38 AM,DALHOUSIE ST @ ST. PATRICK ST (0008242),8242,03 - At intersection,02 - Non-fatal injury,07 - SMV other,01 - Clear,01 - Daylight,01 - Dry,01 - Traffic signal,01 - Functioning,1,0,0,1,02 - Minor,1,,1,,,367957.7008,5032640.581,45.43084644,-75.69282976,9300
18--5365,5/18/2018,11:43 AM,BANK ST @ GLOUCESTER ST (0006939),6939,02 - Intersection related,03 - P.D. only,03 - Rear end,01 - Clear,01 - Daylight,01 - Dry,01 - Traffic signal,01 - Functioning,2,0,0,0,,0,,,,,367523.7716,5031198.766,45.41791251,-75.69855852,9301
18--5366,5/18/2018,12:37 PM,BELFAST RD @ ST. LAURENT BLVD (0007658),7658,02 - Intersection related,02 - Non-fatal injury,03 - Rear end,01 - Clear,01 - Daylight,01 - Dry,01 - Traffic signal,01 - Functioning,2,0,0,0,02 - Minor,1,,1,,,372860.7415,5030578.356,45.41183156,-75.63045964,9302
18--5367,5/18/2018,12:50 PM,INNES RD btwn TENTH LINE RD & 240 E OF TENTH LINE RD/HOME DEPOT E (__3ZBOGOA),__3ZBOGOA,04 - At/near private drive,03 - P.D. only,02 - Angle,01 - Clear,01 - Daylight,01 - Dry,10 - No control,,2,0,0,0,,0,,,,,384038.9022,5036198.908,45.46122402,-75.48676422,9303
18--5368,5/18/2018,2:00 PM,ST. LAURENT BLVD @ COVENTRY RD/OGILVIE RD (0002151),2151,02 - Intersection related,02 - Non-fatal injury,03 - Rear end,01 - Clear,01 - Daylight,01 - Dry,01 - Traffic signal,01 - Functioning,2,0,0,0,01 - Minimal,1,1,,,,372305.676,5031951.603,45.42424117,-75.63736218,9304
18--5369,5/18/2018,2:11 AM,BRONSON AVE @ CARLING AVE/GLEBE AVE (0002134),2134,02 - Intersection related,02 - Non-fatal injury,03 - Rear end,01 - Clear,07 - Dark,01 - Dry,01 - Traffic signal,01 - Functioning,2,0,0,0,01 - Minimal,1,1,,,,367447.5453,5029335.535,45.40115455,-75.69976918,9305
18--537,1/9/2018,11:25 AM,HIGHWAY 417 btwn HWY417 IC122 RAMP15 & HWY417 IC121B RAMP51 (__3ZA2RB),__3ZA2RB,01 - Non intersection,03 - P.D. only,07 - SMV other,01 - Clear,01 - Daylight,02 - Wet,10 - No control,,1,0,0,0,,0,,,,,365803.8411,5029183.074,45.3999279,-75.72078197,9306
18--5370,5/18/2018,2:56 PM,DONALD ST @ ST. LAURENT BLVD (0008630),8630,02 - Intersection related,02 - Non-fatal injury,03 - Rear end,01 - Clear,01 - Daylight,01 - Dry,01 - Traffic signal,01 - Functioning,2,0,0,0,02 - Minor,1,,1,,,372093.4891,5032472.954,45.42895249,-75.64000212,9307
18--5371,5/18/2018,2:57 PM,HOPEWELL AVE btwn GROSVENOR AVE & BANK ST (__3ZA9HB),__3ZA9HB,01 - Non intersection,03 - P.D. only,04 - Sideswipe,01 - Clear,01 - Daylight,01 - Dry,10 - No control,,2,0,0,0,,0,,,,,368606.3543,5028409.522,45.39271792,-75.68508835,9308