Anom_ID,Accident_Date,Accident_Time,Location,Geo_ID,Accident_Location,Classification_of_Accident,Initial_Impact_Type,Environment_Condition,Light,Road_Surface_Condition,Traffic_Control,Traffic_Control_Condition,No__of_Vehicles,No__of_Bicycles,No__of_Motorcycles,No__of_Pedestrians,Max_Injury,No__of_Injuries,No__of_Minimal,No__of_Minor,No__of_Major,No__of_Fatal,X,Y,Latitude,Longitude,ObjectId
18--5372,5/18/2018,3:00 PM,MITCH OWENS RD btwn TURN LANE & SALE BARN RD (__3ZA2CS),__3ZA2CS,01 - Non intersection,03 - P.D. only,07 - SMV other,01 - Clear,01 - Daylight,01 - Dry,10 - No control,,1,0,0,0,,0,,,,,378099.4428,5016179.6,45.28175,-75.56567281,9309
18--5373,5/18/2018,3:12 PM,BLAIR RD @ OGILVIE RD (0004120),4120,02 - Intersection related,03 - P.D. only,04 - Sideswipe,01 - Clear,01 - Daylight,01 - Dry,01 - Traffic signal,01 - Functioning,2,0,0,0,,0,,,,,374507.6182,5033198.802,45.43524683,-75.60905094,9310
18--5374,5/18/2018,3:16 AM,BANTREE ST @ INNES RD (0007684),7684,03 - At intersection,03 - P.D. only,05 - Turning movement,01 - Clear,07 - Dark,01 - Dry,01 - Traffic signal,00 - Unknown,2,0,0,0,,0,,,,,373705.9014,5030406.64,45.41020383,-75.6196872,9311
18--5375,5/18/2018,4:30 PM,WOODROFFE AVE btwn FALLOWFIELD RD & EARL MULLIGAN DR (__3ZA3IL),__3ZA3IL,01 - Non intersection,03 - P.D. only,03 - Rear end,01 - Clear,01 - Daylight,01 - Dry,10 - No control,,2,0,0,0,,0,,,,,365094.8085,5017881.109,45.29829581,-75.73121578,9312
18--5376,5/18/2018,4:44 PM,MERIVALE RD/LOTTA AVE @ CLYDE AVE (0001112),1112,02 - Intersection related,03 - P.D. only,03 - Rear end,01 - Clear,01 - Daylight,01 - Dry,01 - Traffic signal,01 - Functioning,2,0,0,0,,0,,,,,364521.7011,5024507.675,45.35797001,-75.73772311,9313
18--5377,5/18/2018,5:09 PM,ELGIN ST btwn MCLEOD ST & PARK AVE (__3ZBOEZ),__3ZBOEZ,01 - Non intersection,03 - P.D. only,03 - Rear end,01 - Clear,01 - Daylight,01 - Dry,10 - No control,,2,0,0,0,,0,,,,,368427.1348,5030775.848,45.41402567,-75.68707173,9314
18--5378,5/18/2018,5:10 PM,INNES RD btwn BLAIR RD & ANDERSON RD (__3ZA3JZ),__3ZA3JZ,01 - Non intersection,02 - Non-fatal injury,04 - Sideswipe,01 - Clear,01 - Daylight,01 - Dry,10 - No control,,2,0,0,0,02 - Minor,1,,1,,,375925.0236,5031648.874,45.42115875,-75.59116087,9315
18--5118,5/11/2018,3:40 PM,ST. JOSEPH BLVD @ JEANNE D'ARC BLVD (0012421),12421,03 - At intersection,03 - P.D. only,04 - Sideswipe,01 - Clear,01 - Daylight,01 - Dry,11 - Roundabout,01 - Functioning,2,0,0,0,,0,,,,,379861.322,5036471.301,45.46413613,-75.54013401,9316
18--5472,5/22/2018,7:54 AM,RUSSELL RD btwn TUPPER AVE & SOUTHVALE CRES (__3ZA2EP),__3ZA2EP,01 - Non intersection,02 - Non-fatal injury,03 - Rear end,01 - Clear,01 - Daylight,01 - Dry,10 - No control,,2,0,0,0,01 - Minimal,1,1,,,,374324.2894,5028708.109,45.39486013,-75.61202734,9317
18--5119,5/11/2018,3:47 AM,HIGHWAY 417 btwn HWY417 IC129 RAMP25 & TRANSIT (__3ZA2SH),__3ZA2SH,01 - Non intersection,03 - P.D. only,07 - SMV other,01 - Clear,07 - Dark,01 - Dry,10 - No control,,1,0,0,0,,0,,,,,361087.6455,5024021.454,45.35387912,-75.78160656,9318
18--5473,5/22/2018,7:54 PM,EWING ST @ JOHNSTON RD (0008253),8253,03 - At intersection,02 - Non-fatal injury,07 - SMV other,01 - Clear,05 - Dusk,01 - Dry,02 - Stop sign,01 - Functioning,1,0,0,1,02 - Minor,2,,2,,,373637.737,5026421.529,45.37435433,-75.6211139,9319
18--512,1/8/2018,7:20 PM,HIGHWAY 7 btwn HWY 7 HAZELDEAN RD IC RAMP 52 & HAZELDEAN RD (__7JQ7LI),__7JQ7LI,01 - Non intersection,02 - Non-fatal injury,07 - SMV other,01 - Clear,07 - Dark,04 - Slush,10 - No control,,1,0,0,0,01 - Minimal,1,1,,,,346389.3969,5012233.102,45.24882907,-75.97017822,9320
18--5120,5/11/2018,3:50 PM,BANK ST btwn CECIL AVE & HERON RD (__3ZA3AC),__3ZA3AC,04 - At/near private drive,03 - P.D. only,02 - Angle,01 - Clear,01 - Daylight,01 - Dry,10 - No control,,2,0,0,0,,0,,,,,369988.5487,5026871.258,45.37874983,-75.66764048,9321
18--9304,9/9/2018,7:49 PM,PRINCE OF WALES DR @ MEADOWLANDS DR/HOG'S BACK (0001629),1629,03 - At intersection,02 - Non-fatal injury,02 - Angle,01 - Clear,05 - Dusk,01 - Dry,01 - Traffic signal,01 - Functioning,2,1,0,0,02 - Minor,1,,1,,,367371.9189,5025693.477,45.36839102,-75.70119678,13588
18--5122,5/11/2018,4:18 PM,OGILVIE RD @ BATHGATE DR/CITYPARK DR W (0012430),12430,02 - Intersection related,03 - P.D. only,05 - Turning movement,01 - Clear,01 - Daylight,01 - Dry,01 - Traffic signal,01 - Functioning,2,0,0,0,,0,,,,,373828.7982,5032800.744,45.43173265,-75.61778187,9323
18--5123,5/11/2018,4:20 PM,CUMBERLAND ST btwn YORK ST & GEORGE ST (__3ZA82I),__3ZA82I,04 - At/near private drive,03 - P.D. only,05 - Turning movement,01 - Clear,01 - Daylight,01 - Dry,10 - No control,,2,0,0,0,,0,,,,,368275.2662,5032501.247,45.42956401,-75.68878956,9324
18--5124,5/11/2018,4:24 PM,LAURIER AVE   E btwn HENDERSON AVE & NELSON ST (__3ZA3VQ),__3ZA3VQ,01 - Non intersection,02 - Non-fatal injury,07 - SMV other,01 - Clear,01 - Daylight,01 - Dry,10 - No control,,1,0,0,1,02 - Minor,1,,1,,,368864.6226,5032110.029,45.42599024,-75.68130928,9325
18--5125,5/11/2018,4:30 PM,BRONSON AVE @ GLADSTONE AVE (0002110),2110,03 - At intersection,03 - P.D. only,02 - Angle,01 - Clear,01 - Daylight,01 - Dry,01 - Traffic signal,01 - Functioning,2,0,0,0,,0,,,,,367133.7011,5030081.564,45.40789512,-75.70368338,9326
18--5126,5/11/2018,4:53 PM,EAGLESON RD btwn CAMBRIAN RD & PERTH ST (__3ZA4YC),__3ZA4YC,01 - Non intersection,02 - Non-fatal injury,03 - Rear end,01 - Clear,01 - Daylight,01 - Dry,10 - No control,,2,0,0,0,01 - Minimal,1,1,,,,357941.5065,5007598.585,45.20634912,-75.82351593,9327
18--5127,5/11/2018,5:01 PM,OTTAWA RIVER PKWY WB btwn TRANSIT & TURN LANE (__3ZA23O),__3ZA23O,01 - Non intersection,03 - P.D. only,03 - Rear end,01 - Clear,01 - Daylight,01 - Dry,10 - No control,,2,0,0,0,,0,,,,,362610.7185,5028960.769,45.39819859,-75.76159112,9328
18--5128,5/11/2018,5:01 PM,HIGHWAY 417 btwn HWY417 IC124 RAMP67 & HWY417 IC123 RAMP62 (__3ZA2YZ),__3ZA2YZ,01 - Non intersection,03 - P.D. only,03 - Rear end,01 - Clear,01 - Daylight,01 - Dry,10 - No control,,2,0,0,0,,0,,,,,364666.4809,5027871.311,45.3882231,-75.73546763,9329
18--5129,5/11/2018,5:40 PM,FISHER AVE @ PRINCE OF WALES DR (0000572),572,03 - At intersection,03 - P.D. only,05 - Turning movement,01 - Clear,01 - Daylight,01 - Dry,01 - Traffic signal,01 - Functioning,2,0,0,0,,0,,,,,367161.434,5023942.754,45.35265715,-75.7041045,9330
18--513,1/8/2018,7:23 AM,WOODROFFE AVE btwn GRENFELL CRES & 260 N OF FALLOWFIELD RD/TRANSITWAY  (__3ZA3IO),__3ZA3IO,01 - Non intersection,03 - P.D. only,07 - SMV other,03 - Snow,03 - Dawn,03 - Loose snow,10 - No control,,1,0,0,0,,0,,,,,364918.4282,5018330.547,45.30235495,-75.73341,9331
18--5130,5/11/2018,5:45 PM,PARKDALE AVE btwn GRANT ST & WELLINGTON ST W (__3ZA3ZQ),__3ZA3ZQ,04 - At/near private drive,03 - P.D. only,02 - Angle,01 - Clear,01 - Daylight,01 - Dry,10 - No control,,2,0,0,0,,0,,,,,365140.0005,5029294.013,45.40098363,-75.72924703,9332
18--5131,5/11/2018,5:58 AM,MERIVALE RD @ WEST HUNT CLUB RD (0000584),584,02 - Intersection related,03 - P.D. only,04 - Sideswipe,01 - Clear,01 - Daylight,01 - Dry,01 - Traffic signal,01 - Functioning,2,0,1,0,,0,,,,,365612.695,5021942.498,45.33479515,-75.72411453,9333
18--5132,5/11/2018,7:06 PM,JEANNE D'ARC BLVD @ ORLEANS BLVD N (0003792),3792,02 - Intersection related,02 - Non-fatal injury,03 - Rear end,01 - Clear,01 - Daylight,01 - Dry,01 - Traffic signal,01 - Functioning,2,0,0,0,02 - Minor,1,,1,,,380029.3006,5038105.881,45.47882472,-75.537736,9334
18--5133,5/11/2018,7:31 PM,HUNT CLUB RD btwn WEST HUNT CLUB RD & TURN LANE (__3ZBOEO),__3ZBOEO,01 - Non intersection,03 - P.D. only,03 - Rear end,01 - Clear,01 - Daylight,01 - Dry,10 - No control,,2,0,0,0,,0,,,,,367809.5048,5021887.811,45.33410926,-75.69609598,9335
18--5134,5/11/2018,7:42 PM,KING EDWARD AVE SB btwn CATHCART ST & ST. ANDREW ST (__3ZA3LO),__3ZA3LO,01 - Non intersection,03 - P.D. only,03 - Rear end,01 - Clear,05 - Dusk,01 - Dry,10 - No control,,2,0,0,0,,0,,,,,368127.2078,5033026.136,45.43430019,-75.69061404,9336
18--5135,5/11/2018,7:54 AM,HIGHWAY 417 btwn HWY417 IC110 RAMP64 & HWY417 IC104 RAMP16 (__3ZA2W9),__3ZA2W9,01 - Non intersection,03 - P.D. only,03 - Rear end,01 - Clear,01 - Daylight,01 - Dry,10 - No control,,2,0,0,0,,0,,,,,379964.6987,5025971.564,45.36965573,-75.54041378,9337
18--5136,5/11/2018,8:04 PM,DUFORD DR @ MAJOR RD (0004504),4504,03 - At intersection,02 - Non-fatal injury,07 - SMV other,01 - Clear,01 - Daylight,01 - Dry,02 - Stop sign,01 - Functioning,1,1,0,0,02 - Minor,1,,1,,,382222.7476,5037444.585,45.47263518,-75.50978782,9338
18--5137,5/11/2018,8:19 AM,MAITLAND AVE btwn HWY417 IC126 RAMP25 & WOODWARD DR (__3ZBOCF),__3ZBOCF,04 - At/near private drive,03 - P.D. only,05 - Turning movement,01 - Clear,01 - Daylight,01 - Dry,10 - No control,,2,0,0,0,,0,,,,,363270.4106,5025671.353,45.36854612,-75.75355529,9339
18--5138,5/11/2018,8:30 AM,BRITTANY DR @ BANGS ST (0007938),7938,02 - Intersection related,03 - P.D. only,02 - Angle,01 - Clear,01 - Daylight,01 - Dry,02 - Stop sign,01 - Functioning,2,0,0,0,,0,,,,,371553.7034,5034373.599,45.44610533,-75.64664196,9340
18--5139,5/11/2018,8:30 AM,RIVERSIDE DR @ HERON RD (0002236),2236,02 - Intersection related,03 - P.D. only,05 - Turning movement,01 - Clear,01 - Daylight,01 - Dry,01 - Traffic signal,01 - Functioning,2,0,0,0,,0,,,,,368120.8106,5026647.406,45.37690696,-75.69151497,9341
18--514,1/8/2018,7:24 AM,INNES RD @ TENTH LINE RD (0004633),4633,02 - Intersection related,03 - P.D. only,03 - Rear end,03 - Snow,03 - Dawn,03 - Loose snow,01 - Traffic signal,01 - Functioning,2,0,0,0,,0,,,,,383951.7605,5036159.56,45.46087988,-75.48788467,9342
18--5140,5/11/2018,8:38 AM,CARLING AVE @ RIDDELL AVE (0002766),2766,02 - Intersection related,03 - P.D. only,04 - Sideswipe,01 - Clear,01 - Daylight,01 - Dry,02 - Stop sign,01 - Functioning,2,0,0,0,,0,,,,,362860.6842,5026418.53,45.37530319,-75.75869767,9343
18--5141,5/11/2018,8:47 PM,OWL VALLEY DR btwn Continuation of OWL VALLEY DR & Continuation of OWL (__3ZA1JD),__3ZA1JD,01 - Non intersection,03 - P.D. only,06 - SMV unattended vehicle,01 - Clear,07 - Dark,01 - Dry,10 - No control,,1,0,0,0,,0,,,,,368405.1044,5015763.134,45.27894667,-75.68928379,9344
18--5142,5/11/2018,8:55 AM,MONTREAL RD @ OLMSTEAD ST (0009345),9345,03 - At intersection,03 - P.D. only,05 - Turning movement,01 - Clear,01 - Daylight,01 - Dry,01 - Traffic signal,01 - Functioning,2,0,0,0,,0,,,,,370332.6196,5033213.676,45.4357844,-75.66240466,9345
18--5143,5/11/2018,8:58 PM,MONTREAL RD @ VANIER PKWY (0004630),4630,03 - At intersection,03 - P.D. only,03 - Rear end,01 - Clear,07 - Dark,01 - Dry,01 - Traffic signal,01 - Functioning,2,0,0,0,,0,,,,,370072.8681,5033065.868,45.43447878,-75.66574388,9346
18--5144,5/11/2018,9:01 PM,EARL ARMSTRONG RD btwn LIMEBANK RD & BOWESVILLE RD (__3ZA6LB),__3ZA6LB,01 - Non intersection,03 - P.D. only,07 - SMV other,01 - Clear,07 - Dark,01 - Dry,10 - No control,,1,0,0,0,,0,,,,,371730.5191,5016896.677,45.28883733,-75.64674947,9347
18--5145,5/11/2018,9:02 AM,ALTA VISTA DR @ BANK ST (0011318),11318,02 - Intersection related,03 - P.D. only,05 - Turning movement,01 - Clear,01 - Daylight,01 - Dry,01 - Traffic signal,01 - Functioning,4,0,0,0,,0,,,,,370247.9704,5026201.058,45.3726954,-75.66441723,9348
18--5146,5/12/2018,1:10 PM,FALLOWFIELD RD @ GREENBANK RD (0000549),549,02 - Intersection related,02 - Non-fatal injury,03 - Rear end,01 - Clear,01 - Daylight,01 - Dry,01 - Traffic signal,01 - Functioning,2,0,0,0,02 - Minor,1,,1,,,363080.6552,5016732.245,45.2881283,-75.75702987,9349
18--5147,5/12/2018,1:15 PM,HUNT CLUB RD @ BRIDLE PATH DR/DAZE ST (0008214),8214,02 - Intersection related,03 - P.D. only,03 - Rear end,01 - Clear,01 - Daylight,01 - Dry,01 - Traffic signal,01 - Functioning,2,0,0,0,,0,,,,,371291.6945,5023864.375,45.35157246,-75.65140772,9350
18--5148,5/12/2018,10:18 AM,HAZELDEAN RD @ WEST RIDGE DR (0010365),10365,02 - Intersection related,03 - P.D. only,04 - Sideswipe,01 - Clear,01 - Daylight,01 - Dry,01 - Traffic signal,01 - Functioning,2,0,1,0,,0,,,,,348492.4343,5013885.665,45.26357207,-75.94324284,9351
18--5149,5/12/2018,10:45 AM,ROSEHILL AVE @ WARMSTONE DR (0015563),15563,02 - Intersection related,03 - P.D. only,03 - Rear end,01 - Clear,01 - Daylight,01 - Dry,02 - Stop sign,01 - Functioning,2,0,2,0,,0,,,,,350225.1683,5016207.083,45.2843512,-75.92095194,9352
18--515,1/8/2018,7:30 AM,FALLOWFIELD RD btwn WOODROFFE AVE & VIA PARK PL/275 W OF WOODROFFE AVE (__3ZA3IKD),__3ZA3IKD,01 - Non intersection,03 - P.D. only,07 - SMV other,03 - Snow,03 - Dawn,05 - Packed snow,10 - No control,,1,0,0,0,,0,,,,,364985.15,5017843.957,45.29797092,-75.73261835,9353
18--5150,5/12/2018,10:47 PM,CARMEN AVE btwn MCARTHUR AVE & STEVENS AVE (__3ZA7AO),__3ZA7AO,01 - Non intersection,03 - P.D. only,01 - Approaching,01 - Clear,07 - Dark,01 - Dry,10 - No control,,2,0,0,0,,0,,,,,370931.8138,5032625.829,45.4304388,-75.65482594,9354
18--5151,5/12/2018,11:19 PM,ALBERT ST @ BANK ST (0002115),2115,02 - Intersection related,02 - Non-fatal injury,03 - Rear end,01 - Clear,07 - Dark,01 - Dry,01 - Traffic signal,01 - Functioning,3,0,0,0,01 - Minimal,2,2,,,,367385.9118,5031423.665,45.41994842,-75.70029126,9355
18--5152,5/12/2018,11:52 AM,HIGHWAY 417 btwn HWY417 IC126 RAMP16 & HWY417 IC126 RAMP61 (__3ZA2RC),__3ZA2RC,01 - Non intersection,03 - P.D. only,04 - Sideswipe,01 - Clear,01 - Daylight,01 - Dry,10 - No control,,2,0,0,0,,0,,,,,363118.4113,5025805.462,45.36976548,-75.75547975,9356
18--5153,5/12/2018,Unknown,GOULBURN AVE btwn OSGOODE ST & SOMERSET ST E (__3ZA8JA),__3ZA8JA,01 - Non intersection,03 - P.D. only,06 - SMV unattended vehicle,01 - Clear,00 - Unknown,01 - Dry,10 - No control,,1,0,0,0,,0,,,,,369384.6372,5032135.409,45.42617077,-75.6746613,9357
18--5154,5/12/2018,12:14 PM,CHERRY DR @ FERNBANK RD (0000395),395,02 - Intersection related,02 - Non-fatal injury,03 - Rear end,01 - Clear,01 - Daylight,09 - Spilled liquid,02 - Stop sign,01 - Functioning,3,0,3,0,02 - Minor,1,,1,,,351146.1862,5012341.502,45.24950732,-75.90957279,9358
18--5155,5/12/2018,12:23 PM,DANACA PRIV @ LEBOUTILLIER AVE (0014599),14599,03 - At intersection,02 - Non-fatal injury,02 - Angle,01 - Clear,01 - Daylight,01 - Dry,10 - No control,,2,0,0,0,02 - Minor,1,,1,,,372583.214,5034141.468,45.44391766,-75.63351451,9359
18--5156,5/12/2018,12:30 PM,BASELINE RD @ MERIVALE RD (0002342),2342,02 - Intersection related,03 - P.D. only,03 - Rear end,01 - Clear,01 - Daylight,01 - Dry,01 - Traffic signal,01 - Functioning,2,0,0,0,,0,,,,,365054.7384,5025325.743,45.36528525,-75.7308204,9360
18--5157,5/12/2018,12:49 PM,CYRVILLE RD @ INNES RD (0009352),9352,02 - Intersection related,03 - P.D. only,03 - Rear end,01 - Clear,01 - Daylight,01 - Dry,01 - Traffic signal,01 - Functioning,2,0,0,0,,0,,,,,375048.2229,5031119.734,45.41648643,-75.60243872,9361
18--5158,5/12/2018,2:30 PM,CARLING AVE @ CLYDE AVE/COLE AVE (0006984),6984,03 - At intersection,03 - P.D. only,05 - Turning movement,01 - Clear,01 - Daylight,01 - Dry,01 - Traffic signal,01 - Functioning,2,0,0,0,,0,,,,,363521.1352,5026850.451,45.37913452,-75.75021458,9362
18--5159,5/12/2018,2:50 PM,CAMBRIAN RD @ RIVER MIST RD (0014647),14647,02 - Intersection related,03 - P.D. only,04 - Sideswipe,01 - Clear,01 - Daylight,01 - Dry,02 - Stop sign,01 - Functioning,2,0,0,0,,0,,,,,364357.1859,5012611.708,45.25094465,-75.74125207,9363
18--516,1/8/2018,7:34 PM,HIGHWAY 417 btwn HWY417 IC117 RAMP51 & HWY417 IC117 RAMP35 (__3ZA2YN),__3ZA2YN,01 - Non intersection,03 - P.D. only,04 - Sideswipe,01 - Clear,07 - Dark,03 - Loose snow,10 - No control,,2,0,0,0,,0,,,,,370660.7965,5031165.538,45.41732528,-75.65848445,9364
18--5160,5/12/2018,3:00 PM,JOHN SHAW RD @ KINBURN SIDE RD (0002379),2379,03 - At intersection,02 - Non-fatal injury,02 - Angle,01 - Clear,01 - Daylight,01 - Dry,02 - Stop sign,01 - Functioning,2,0,0,0,03 - Major,3,,1,2,,330192.5078,5028920.592,45.39976338,-76.1756559,9365
18--5161,5/12/2018,3:30 PM,MERIVALE RD @ WEST HUNT CLUB RD (0000584),584,02 - Intersection related,03 - P.D. only,03 - Rear end,01 - Clear,01 - Daylight,01 - Dry,01 - Traffic signal,01 - Functioning,3,0,0,0,,0,,,,,365612.9848,5021942.094,45.33479149,-75.72411089,9366
18--5162,5/12/2018,3:42 PM,HIGHWAY 417 btwn HWY417 IC127 RAMP25 & HWY417 IC126 RAMP51 (__3ZA2XA),__3ZA2XA,01 - Non intersection,03 - P.D. only,03 - Rear end,01 - Clear,01 - Daylight,01 - Dry,10 - No control,,2,0,0,0,,0,,,,,362670.7777,5025251.783,45.36482064,-75.76125882,9367
18--5163,5/12/2018,4:15 PM,KILBORN AVE btwn PROSPECT AVE & FEATHERSTON DR (__3ZA88L),__3ZA88L,01 - Non intersection,03 - P.D. only,06 - SMV unattended vehicle,01 - Clear,01 - Daylight,01 - Dry,10 - No control,,1,0,0,0,,0,,,,,371048.732,5027826.307,45.38724357,-75.65397684,9368
18--5164,5/12/2018,4:39 PM,HWY 417 MAITLAND IC126R26/62 @ MAITLAND AVE (0008228),8228,03 - At intersection,03 - P.D. only,05 - Turning movement,01 - Clear,01 - Daylight,01 - Dry,01 - Traffic signal,01 - Functioning,2,0,0,0,,0,,,,,363145.9597,5025983.69,45.37136686,-75.75510703,9369
18--5165,5/12/2018,4:50 PM,HIGHWAY 417 btwn HWY417 IC121B RAMP16 & HWY417 IC121A RAMP16 (__3ZA2YX),__3ZA2YX,01 - Non intersection,02 - Non-fatal injury,03 - Rear end,01 - Clear,01 - Daylight,01 - Dry,10 - No control,,5,0,0,0,02 - Minor,1,,1,,,366680.3698,5029563.674,45.40327551,-75.70953915,9370
18--5166,5/12/2018,4:53 PM,WELLINGTON ST btwn OTTAWA RIVER PKWY & TO BE DETERMINED (__5VHJWJ),__5VHJWJ,01 - Non intersection,03 - P.D. only,06 - SMV unattended vehicle,01 - Clear,01 - Daylight,01 - Dry,10 - No control,,1,0,0,0,,0,,,,,366345.6769,5031093.295,45.41706813,-75.71362314,9371
18--5167,5/12/2018,7:00 PM,MACKENZIE AVE @ RIDEAU ST (0002136),2136,02 - Intersection related,03 - P.D. only,04 - Sideswipe,01 - Clear,01 - Daylight,01 - Dry,01 - Traffic signal,01 - Functioning,2,0,0,0,,0,,,,,367869.1748,5032009.816,45.42517902,-75.6940418,9372
18--5168,5/12/2018,7:30 PM,HWY417 IC138 RAMP35 btwn HIGHWAY 417 & EAGLESON RD (__3ZAY6O),__3ZAY6O,01 - Non intersection,03 - P.D. only,03 - Rear end,01 - Clear,01 - Daylight,01 - Dry,10 - No control,,3,0,0,0,,0,,,,,352980.1539,5020075.051,45.31897263,-75.88545939,9373
18--5169,5/12/2018,7:31 PM,TANNER CRES btwn SHERK CRES & SHERK CRES (__3ZA5JY),__3ZA5JY,01 - Non intersection,03 - P.D. only,06 - SMV unattended vehicle,01 - Clear,01 - Daylight,01 - Dry,10 - No control,,1,0,0,0,,0,,,,,351215.2731,5020204.403,45.32025547,-75.90795719,9374
18--517,1/8/2018,7:41 AM,UPPER DWYER HILL RD btwn CARROLL SIDE RD & MARCH RD (__3ZA4QC),__3ZA4QC,01 - Non intersection,03 - P.D. only,03 - Rear end,03 - Snow,03 - Dawn,04 - Slush,07 - School bus,01 - Functioning,2,0,0,0,,0,,,,,333741.0211,5014658.224,45.27128565,-76.13116493,9375
18--5170,5/12/2018,8:00 AM,STRANDHERD DR btwn GREENBANK RD & Continuation of STRANDHERD DR (__5U4IBT),__5U4IBT,01 - Non intersection,03 - P.D. only,03 - Rear end,01 - Clear,01 - Daylight,01 - Dry,10 - No control,,2,0,0,0,,0,,,,,363970.4905,5014807.844,45.27073818,-75.74591652,9376
18--5171,5/12/2018,8:00 PM,HUNT CLUB RD @ MALAK ST (0007737),7737,03 - At intersection,03 - P.D. only,02 - Angle,01 - Clear,05 - Dusk,01 - Dry,02 - Stop sign,01 - Functioning,2,0,0,0,,0,,,,,374193.9088,5025653.418,45.36738834,-75.61412173,9377
18--5172,5/12/2018,8:35 AM,MAJESTIC DR @ WOODROFFE AVE (0000562),562,02 - Intersection related,03 - P.D. only,03 - Rear end,01 - Clear,01 - Daylight,01 - Dry,01 - Traffic signal,01 - Functioning,2,0,0,0,,0,,,,,363527.1363,5021571.902,45.3316382,-75.75076501,9378
18--5173,5/12/2018,9:30 AM,CLEARVIEW AVE @ ISLAND PARK DR (0006144),6144,03 - At intersection,02 - Non-fatal injury,05 - Turning movement,01 - Clear,01 - Daylight,01 - Dry,02 - Stop sign,01 - Functioning,2,1,0,0,02 - Minor,1,,1,,,363546.6557,5029364.937,45.40175731,-75.7495894,9379
18--5174,5/12/2018,9:46 PM,WOODROFFE AVE btwn HWY417 IC127 RAMP53 & IRIS ST (__3ZA4L2),__3ZA4L2,04 - At/near private drive,03 - P.D. only,05 - Turning movement,01 - Clear,07 - Dark,01 - Dry,10 - No control,,2,0,0,0,,0,,,,,362225.5457,5024579.45,45.35880766,-75.76702002,9380
18--5175,5/12/2018,9:56 AM,RICHMOND RD btwn BASELINE RD TURN LANE & NORTHSIDE RD (__3ZA4LJ),__3ZA4LJ,01 - Non intersection,03 - P.D. only,05 - Turning movement,01 - Clear,01 - Daylight,01 - Dry,10 - No control,,2,0,0,0,,0,,,,,358559.2714,5021652.007,45.33275714,-75.81413106,9381
18--5176,5/13/2018,1:29 PM,MAPLE GROVE RD @ TERRY FOX DR (0003177),3177,02 - Intersection related,03 - P.D. only,03 - Rear end,01 - Clear,01 - Daylight,01 - Dry,01 - Traffic signal,01 - Functioning,2,0,0,0,,0,,,,,351553.6301,5017864.626,45.29917912,-75.90386231,9382
18--5177,5/13/2018,10:44 AM,EAGLESON RD @ MICHAEL COWPLAND DR/STONEHAVEN D (0003544),3544,02 - Intersection related,03 - P.D. only,05 - Turning movement,01 - Clear,01 - Daylight,01 - Dry,01 - Traffic signal,01 - Functioning,2,0,0,0,,0,,,,,354382.3125,5016623.731,45.28781935,-75.86792106,9383
18--5178,5/13/2018,11:17 AM,BASELINE RD @ CLYDE AVE (0002343),2343,02 - Intersection related,02 - Non-fatal injury,03 - Rear end,01 - Clear,01 - Daylight,01 - Dry,01 - Traffic signal,01 - Functioning,2,0,0,0,02 - Minor,1,,1,,,364358.6558,5024890.302,45.3614267,-75.7397579,9384
18--5179,5/13/2018,Unknown,KATHLEEN CRES btwn RANDALL JAMES DR & AMY ST (__3ZA57I),__3ZA57I,01 - Non intersection,03 - P.D. only,06 - SMV unattended vehicle,01 - Clear,00 - Unknown,01 - Dry,10 - No control,,1,0,0,0,,0,,,,,351265.3108,5014397.995,45.26800448,-75.90786297,9385
18--518,1/8/2018,7:43 PM,HIGHWAY 417 btwn HWY417 IC117 RAMP51 & HWY417 IC117 RAMP35 (__3ZA2YN),__3ZA2YN,01 - Non intersection,03 - P.D. only,03 - Rear end,01 - Clear,07 - Dark,04 - Slush,10 - No control,,2,0,0,0,,0,,,,,370796.1788,5031190.303,45.41753535,-75.65675151,9386
18--5180,5/13/2018,Unknown,ROMINA ST btwn OPUS ST & LOKOYA ST (__6OD70R),__6OD70R,01 - Non intersection,03 - P.D. only,06 - SMV unattended vehicle,01 - Clear,00 - Unknown,01 - Dry,10 - No control,,1,0,0,0,,0,,,,,354587.1314,5015143.147,45.27448223,-75.8654587,9387
18--5181,5/13/2018,Unknown,PAUL METIVIER DR btwn GLENDORE ST & TAPESTRY DR (__6REWOM),__6REWOM,01 - Non intersection,03 - P.D. only,06 - SMV unattended vehicle,01 - Clear,00 - Unknown,01 - Dry,10 - No control,,1,0,0,0,,0,,,,,365829.1003,5014675.16,45.26938546,-75.72224839,9388
18--5182,5/13/2018,2:14 PM,CANTERBURY AVE btwn HARDING RD & ARCH ST (__3ZA73K),__3ZA73K,01 - Non intersection,03 - P.D. only,05 - Turning movement,01 - Clear,01 - Daylight,01 - Dry,10 - No control,,2,0,0,0,,0,,,,,372864.2489,5028055.184,45.38912884,-75.63076304,9389
18--5183,5/13/2018,2:25 PM,REGIONAL ROAD 174 btwn WEST ST & FAUBERT ST (__3ZA27W),__3ZA27W,01 - Non intersection,03 - P.D. only,03 - Rear end,01 - Clear,01 - Daylight,01 - Dry,10 - No control,,2,0,0,0,,0,,,,,390058.582,5042648.077,45.51853735,-75.40868346,9390
18--5184,5/13/2018,2:40 PM,GREENBANK RD @ STRANDHERD DR (0005563),5563,02 - Intersection related,03 - P.D. only,03 - Rear end,01 - Clear,01 - Daylight,01 - Dry,01 - Traffic signal,01 - Functioning,2,0,0,0,,0,,,,,363934.1307,5014784.363,45.27052996,-75.74638265,9391