Anom_ID,Accident_Date,Accident_Time,Location,Geo_ID,Accident_Location,Classification_of_Accident,Initial_Impact_Type,Environment_Condition,Light,Road_Surface_Condition,Traffic_Control,Traffic_Control_Condition,No__of_Vehicles,No__of_Bicycles,No__of_Motorcycles,No__of_Pedestrians,Max_Injury,No__of_Injuries,No__of_Minimal,No__of_Minor,No__of_Major,No__of_Fatal,X,Y,Latitude,Longitude,ObjectId
18--5185,5/13/2018,2:45 PM,HIGHWAY 417 btwn HWY417 IC127 RAMP25 & HWY417 IC126 RAMP51 (__3ZA2XA),__3ZA2XA,01 - Non intersection,03 - P.D. only,03 - Rear end,01 - Clear,01 - Daylight,01 - Dry,10 - No control,,2,0,0,0,,0,,,,,362812.6406,5025361.395,45.36579519,-75.75943518,9392
18--5186,5/13/2018,3:10 PM,CATHERINE ST @ KENT ST (0002707),2707,02 - Intersection related,03 - P.D. only,05 - Turning movement,01 - Clear,01 - Daylight,01 - Dry,01 - Traffic signal,01 - Functioning,2,0,0,0,,0,,,,,367907.7501,5030188.67,45.40878946,-75.69378213,9393
18--5187,5/13/2018,3:17 PM,MCCORDICK RD @ ROGER STEVENS DR (0003719),3719,03 - At intersection,01 - Fatal injury,02 - Angle,01 - Clear,01 - Daylight,01 - Dry,02 - Stop sign,01 - Functioning,3,0,0,0,04 - Fatal,4,,2,1,1,364681.6417,4998309.266,45.12222183,-75.73883609,9394
18--5188,5/13/2018,3:24 PM,BANK ST @ MITCH OWENS RD (0001640),1640,03 - At intersection,02 - Non-fatal injury,05 - Turning movement,01 - Clear,01 - Daylight,01 - Dry,01 - Traffic signal,01 - Functioning,2,0,0,0,03 - Major,2,,1,1,,377758.6883,5015947.579,45.27969781,-75.57004984,9395
18--5189,5/13/2018,3:42 PM,BRONSON AVE btwn FLORA ST & ARLINGTON AVE (__3ZBODB),__3ZBODB,01 - Non intersection,03 - P.D. only,07 - SMV other,01 - Clear,01 - Daylight,01 - Dry,10 - No control,,1,0,0,0,,0,,,,,367210.5294,5029896.235,45.40622074,-75.70272545,9396
18--519,1/8/2018,7:45 AM,EAGLESON RD @ FERNBANK RD (0011846),11846,02 - Intersection related,02 - Non-fatal injury,03 - Rear end,03 - Snow,03 - Dawn,03 - Loose snow,01 - Traffic signal,01 - Functioning,2,0,0,0,01 - Minimal,1,1,,,,354798.6297,5015587.425,45.27846494,-75.86271856,9397
18--5190,5/13/2018,4:12 PM,MITCH OWENS RD btwn TURN LANE & BANK ST (__3ZA2CR),__3ZA2CR,01 - Non intersection,03 - P.D. only,04 - Sideswipe,01 - Clear,01 - Daylight,01 - Dry,10 - No control,,2,0,0,0,,0,,,,,377671.325,5015897.39,45.27925529,-75.57117061,9398
18--5191,5/13/2018,4:25 PM,QUEEN MARY ST @ VANIER PKWY (0007648),7648,02 - Intersection related,03 - P.D. only,03 - Rear end,01 - Clear,01 - Daylight,01 - Dry,01 - Traffic signal,00 - Unknown,2,0,0,0,,0,,,,,370363.3845,5031957.937,45.4244829,-75.66217868,9399
18--5192,5/13/2018,4:29 PM,BANK ST btwn CECIL AVE & HERON RD (__3ZA3AC),__3ZA3AC,04 - At/near private drive,03 - P.D. only,02 - Angle,01 - Clear,01 - Daylight,01 - Dry,10 - No control,,2,0,0,0,,0,,,,,369965.2745,5026933.181,45.37930916,-75.66792945,9400
18--5193,5/13/2018,4:30 PM,BRONSON AVE @ HOLMWOOD AVE (0007215),7215,02 - Intersection related,03 - P.D. only,03 - Rear end,01 - Clear,01 - Daylight,01 - Dry,01 - Traffic signal,01 - Functioning,2,0,0,0,,0,,,,,367700.739,5028729.579,45.39567963,-75.69661259,9401
18--5194,5/13/2018,5:11 PM,MURRAY ST @ SUSSEX DR (0011912),11912,02 - Intersection related,03 - P.D. only,04 - Sideswipe,01 - Clear,01 - Daylight,01 - Dry,01 - Traffic signal,01 - Functioning,2,0,0,0,,0,,,,,367707.5289,5032394.498,45.42865481,-75.69605813,9402
18--5195,5/13/2018,5:35 PM,CARLING AVE @ KIRKWOOD AVE S (0002209),2209,02 - Intersection related,03 - P.D. only,03 - Rear end,01 - Clear,01 - Daylight,01 - Dry,01 - Traffic signal,01 - Functioning,2,0,0,0,,0,,,,,364351.9443,5027337.073,45.38344294,-75.73954856,9403
18--5196,5/13/2018,6:23 PM,BAYSHORE DR btwn WOODRIDGE CRES S & BAYSHORE CS (__3ZAA4OB),__3ZAA4OB,01 - Non intersection,03 - P.D. only,05 - Turning movement,01 - Clear,01 - Daylight,01 - Dry,10 - No control,,2,0,0,0,,0,,,,,359228.7649,5023517.888,45.34949478,-75.80538491,9404
18--5197,5/13/2018,7:10 PM,CLAREY AVE btwn BANK ST & END (__3ZA913),__3ZA913,04 - At/near private drive,03 - P.D. only,07 - SMV other,01 - Clear,01 - Daylight,01 - Dry,10 - No control,,1,0,0,0,,0,,,,,368618.8966,5029362.723,45.40129338,-75.68480487,9405
18--5198,5/13/2018,8:01 PM,SECOND LINE RD btwn MURPHY SIDE RD & ROYCROFT WAY (__4LKWOX),__4LKWOX,01 - Non intersection,03 - P.D. only,07 - SMV other,01 - Clear,05 - Dusk,01 - Dry,10 - No control,,1,0,0,0,,0,,,,,344109.4452,5027389.949,45.38534717,-75.99801938,9406
18--5829,5/31/2018,3:25 PM,MONTREAL RD @ ST. LAURENT BLVD (0002604),2604,02 - Intersection related,03 - P.D. only,03 - Rear end,01 - Clear,01 - Daylight,01 - Dry,01 - Traffic signal,01 - Functioning,2,0,0,0,,0,,,,,371545.7709,5033817.339,45.44110113,-75.64681881,9407
18--5018,5/8/2018,8:00 PM,MERIVALE RD @ WEST HUNT CLUB RD (0000584),584,02 - Intersection related,03 - P.D. only,04 - Sideswipe,01 - Clear,01 - Daylight,01 - Dry,01 - Traffic signal,01 - Functioning,2,0,0,0,,0,,,,,365612.6954,5021942.499,45.33479516,-75.72411453,9408
18--5474,5/22/2018,8:18 AM,CEDARVIEW RD @ FALLOWFIELD RD (0001603),1603,03 - At intersection,03 - P.D. only,05 - Turning movement,01 - Clear,01 - Daylight,01 - Dry,01 - Traffic signal,01 - Functioning,2,0,0,0,,0,,,,,361294.5291,5015664.767,45.2786689,-75.77991935,9409
18--583,1/10/2018,1:52 PM,BAYCREST DR btwn HERON RD & CEDARWOOD DR (__3ZA861),__3ZA861,01 - Non intersection,03 - P.D. only,04 - Sideswipe,01 - Clear,01 - Daylight,01 - Dry,10 - No control,,2,0,0,0,,0,,,,,371169.1485,5026891.856,45.37882432,-75.65256488,9410
18--5019,5/8/2018,8:30 PM,HIGHWAY 416 btwn HWY416 IC66 RAMP24 & HWY416 IC57 RAMP62 (__3ZA1OI),__3ZA1OI,01 - Non intersection,03 - P.D. only,07 - SMV other,01 - Clear,05 - Dusk,01 - Dry,10 - No control,,1,0,0,0,,0,,,,,363900.7071,5009675.246,45.22456064,-75.74741591,9411
18--5475,5/22/2018,8:20 AM,HIGHWAY 417 btwn HWY417 IC140 RAMP25 & HWY417 IC139 RAMP15 (__4BCLBK),__4BCLBK,01 - Non intersection,02 - Non-fatal injury,07 - SMV other,01 - Clear,01 - Daylight,01 - Dry,10 - No control,,1,0,0,0,01 - Minimal,1,1,,,,351482.3701,5019004.466,45.30944044,-75.90466353,9412
18--5476,5/23/2018,1:25 PM,BELFAST RD @ ST. LAURENT BLVD (0007658),7658,03 - At intersection,03 - P.D. only,05 - Turning movement,01 - Clear,01 - Daylight,01 - Dry,01 - Traffic signal,01 - Functioning,2,0,0,0,,0,,,,,372860.9227,5030578.783,45.41183538,-75.63045726,9413
18--5477,5/23/2018,10:06 AM,HAWTHORNE RD/RUSSELL RD @ WALKLEY RD (0002618),2618,02 - Intersection related,03 - P.D. only,99 - Other,01 - Clear,01 - Daylight,01 - Dry,01 - Traffic signal,01 - Functioning,2,0,0,0,,0,,,,,374674.744,5028499.541,45.39294866,-75.60758137,9414
18--5478,5/23/2018,10:12 AM,RICHMOND RD btwn WEST HUNT CLUB RD & SEYTON DR (__3ZA41P),__3ZA41P,01 - Non intersection,03 - P.D. only,07 - SMV other,01 - Clear,01 - Daylight,01 - Dry,10 - No control,,1,0,0,0,,0,,,,,357359.4474,5019128.542,45.31014164,-75.82970534,9415
18--5479,5/23/2018,10:29 PM,BANK ST @ GLADSTONE AVE (0002253),2253,02 - Intersection related,03 - P.D. only,03 - Rear end,01 - Clear,07 - Dark,01 - Dry,01 - Traffic signal,01 - Functioning,2,0,0,0,,0,,,,,367916.6929,5030562.782,45.4121548,-75.69361999,9416
18--548,1/9/2018,5:20 PM,ROCKCLIFFE PKWY btwn LISGAR RD & BUENA VISTA RD (__3ZAZPE),__3ZAZPE,01 - Non intersection,03 - P.D. only,07 - SMV other,01 - Clear,05 - Dusk,02 - Wet,10 - No control,,1,0,0,0,,0,,,,,368269.9579,5035130.827,45.45322446,-75.68851827,9417
18--5480,5/23/2018,10:45 AM,GREENBANK RD @ IRIS ST/HWY 417 IC129 RAMP51 (0009073),9073,02 - Intersection related,03 - P.D. only,03 - Rear end,01 - Clear,01 - Daylight,01 - Dry,01 - Traffic signal,01 - Functioning,2,0,0,0,,0,,,,,360530.9724,5023312.9,45.34754803,-75.78879063,9418
18--5481,5/23/2018,11:52 AM,ANDERSON RD btwn RIDGE RD & RUSSELL RD (__3ZA2B4),__3ZA2B4,01 - Non intersection,03 - P.D. only,07 - SMV other,01 - Clear,01 - Daylight,01 - Dry,10 - No control,,1,0,0,0,,0,,,,,379408.6166,5027582.576,45.38421004,-75.54726858,9419
18--5482,5/23/2018,2:34 PM,MOODIE DR btwn ALTI PL & FALLOWFIELD RD (__3ZAZXM),__3ZAZXM,01 - Non intersection,03 - P.D. only,99 - Other,01 - Clear,01 - Daylight,01 - Dry,10 - No control,,2,0,0,0,,0,,,,,359422.0247,5014820.142,45.27121683,-75.80387747,9420
18--5483,5/23/2018,3:15 PM,KANATA AVE @ HWY 417 CASTLEFR IC139R15 (0012626),12626,02 - Intersection related,03 - P.D. only,03 - Rear end,01 - Clear,01 - Daylight,01 - Dry,01 - Traffic signal,01 - Functioning,3,0,0,0,,0,,,,,351715.447,5019145.433,45.31069336,-75.90167793,9421
18--5484,5/23/2018,3:30 PM,ALBION RD @ GOTH AVE (0009555),9555,02 - Intersection related,03 - P.D. only,03 - Rear end,01 - Clear,01 - Daylight,01 - Dry,02 - Stop sign,01 - Functioning,2,0,0,0,,0,,,,,372332.5706,5023198.538,45.34548203,-75.63821608,9422
18--5485,5/23/2018,3:30 PM,HIGHWAY 417 btwn HWY417 IC119A RAMP75 & HWY417 IC118 RAMP57 (__3ZA2R2),__3ZA2R2,01 - Non intersection,03 - P.D. only,03 - Rear end,01 - Clear,01 - Daylight,01 - Dry,10 - No control,,2,0,0,0,,0,,,,,368821.8242,5030628.305,45.41266213,-75.68204868,9423
18--5486,5/23/2018,3:40 PM,GILMOUR ST @ O'CONNOR ST (0007286),7286,03 - At intersection,03 - P.D. only,05 - Turning movement,01 - Clear,01 - Daylight,01 - Dry,01 - Traffic signal,01 - Functioning,2,1,0,0,,0,,,,,367943.8391,5030868.685,45.41490476,-75.69323401,9424
18--5487,5/23/2018,3:42 PM,KING EDWARD AVE @ ST. PATRICK ST (0002714),2714,02 - Intersection related,03 - P.D. only,03 - Rear end,01 - Clear,01 - Daylight,01 - Dry,01 - Traffic signal,01 - Functioning,2,0,0,0,,0,,,,,368248.4415,5032823.976,45.43247024,-75.68909076,9425
18--5488,5/23/2018,3:45 PM,CARLING AVE EB ON RAMP/OTTAWA RIVER PKWY btwn CARLING AVE & OTTAWA RIV (__3ZAY0T),__3ZAY0T,01 - Non intersection,03 - P.D. only,03 - Rear end,01 - Clear,01 - Daylight,01 - Dry,10 - No control,,2,0,0,0,,0,,,,,360966.48,5025067.382,45.36330005,-75.78303401,9426
18--5489,5/23/2018,3:55 PM,HIGHWAY 417 btwn HWY417 IC118 RAMP67 & HWY417 IC117 RAMP36 (__3ZA2YO),__3ZA2YO,01 - Non intersection,03 - P.D. only,03 - Rear end,01 - Clear,01 - Daylight,01 - Dry,10 - No control,,3,0,0,0,,0,,,,,370371.5589,5031140.018,45.41712283,-75.66218309,9427
18--549,1/9/2018,5:26 PM,ARMSTRONG ST btwn HAMILTON AVE N & PARKDALE AVE (__3ZA0GS),__3ZA0GS,01 - Non intersection,03 - P.D. only,02 - Angle,01 - Clear,05 - Dusk,01 - Dry,10 - No control,,2,0,0,0,,0,,,,,365046.7089,5029385.796,45.40181751,-75.73042737,9428
18--5490,5/23/2018,4:00 PM,GREENBANK RD @ MALVERN DR/FOXFIELD DR (0009821),9821,02 - Intersection related,03 - P.D. only,03 - Rear end,01 - Clear,01 - Daylight,01 - Dry,01 - Traffic signal,01 - Functioning,2,0,0,0,,0,,,,,363311.8547,5016194.409,45.28326963,-75.75414618,9429
18--5491,5/23/2018,4:02 PM,WOODROFFE AVE btwn ANTHONY AVE & SAVILLE ROW (__3ZA4NP),__3ZA4NP,01 - Non intersection,03 - P.D. only,99 - Other,01 - Clear,01 - Daylight,01 - Dry,10 - No control,,3,0,0,0,,0,,,,,361723.3859,5026320.135,45.37451116,-75.77322853,9430
18--5492,5/23/2018,4:15 PM,FEATHERSTON DR btwn WYNDALE CRES & WYNDALE CRES (__3ZA9QM),__3ZA9QM,04 - At/near private drive,03 - P.D. only,02 - Angle,01 - Clear,01 - Daylight,01 - Dry,10 - No control,,2,0,0,0,,0,,,,,371681.1302,5027358.317,45.38297268,-75.64596517,9431
18--5493,5/23/2018,4:23 PM,RIDDELL AVE   N btwn CARLING AVE & LENESTER AVE (__3ZAA52),__3ZAA52,01 - Non intersection,03 - P.D. only,05 - Turning movement,01 - Clear,01 - Daylight,01 - Dry,10 - No control,,2,0,0,0,,0,,,,,362883.2345,5026361.96,45.37479231,-75.75841643,9432
18--5494,5/23/2018,4:27 PM,CONROY RD @ LORRY GREENBERG DR (0011446),11446,02 - Intersection related,03 - P.D. only,02 - Angle,01 - Clear,01 - Daylight,01 - Dry,01 - Traffic signal,01 - Functioning,2,0,0,0,,0,,,,,373568.186,5025878.183,45.36947236,-75.62207744,9433
18--5495,5/23/2018,4:39 PM,MITCH OWENS RD btwn MANOTICK STATION RD & BOWESVILLE RD (__3ZA3TN),__3ZA3TN,01 - Non intersection,02 - Non-fatal injury,03 - Rear end,01 - Clear,01 - Daylight,01 - Dry,10 - No control,,2,0,0,0,01 - Minimal,1,1,,,,373920.3884,5013536.757,45.25839372,-75.61930337,9434
18--5496,5/23/2018,4:53 PM,BEECHWOOD AVE btwn CHAPLEAU AVE & PUTMAN AVE (__3ZA3AY),__3ZA3AY,04 - At/near private drive,02 - Non-fatal injury,05 - Turning movement,01 - Clear,01 - Daylight,01 - Dry,10 - No control,,2,1,0,0,02 - Minor,1,,1,,,369557.1512,5033874.107,45.44179893,-75.67222826,9435
18--5497,5/23/2018,5:00 PM,BLAIR RD @ INNES RD (0004165),4165,02 - Intersection related,03 - P.D. only,04 - Sideswipe,01 - Clear,01 - Daylight,01 - Dry,01 - Traffic signal,01 - Functioning,2,0,0,0,,0,,,,,375578.8124,5031439.528,45.41931028,-75.59561429,9436
18--5498,5/23/2018,5:05 PM,CARLING AVE @ PINECREST  RD/GREENVIEW AVE (0001630),1630,02 - Intersection related,02 - Non-fatal injury,03 - Rear end,01 - Clear,01 - Daylight,01 - Dry,01 - Traffic signal,01 - Functioning,2,0,0,0,02 - Minor,4,,4,,,360006.563,5024632.703,45.35946507,-75.79533499,9437
18--5499,5/23/2018,5:30 PM,FRANKTOWN RD @ DWYER HILL RD (0000087),87,02 - Intersection related,03 - P.D. only,07 - SMV other,01 - Clear,01 - Daylight,01 - Dry,02 - Stop sign,01 - Functioning,1,0,0,0,,0,,,,,348404.5238,4998730.348,45.12720249,-75.94568859,9438
18--55,1/2/2018,10:08 AM,DALY AVE @ WALLER ST (0008233),8233,03 - At intersection,02 - Non-fatal injury,07 - SMV other,03 - Snow,01 - Daylight,03 - Loose snow,01 - Traffic signal,01 - Functioning,1,0,0,1,02 - Minor,1,,1,,,368339.4378,5032120.449,45.4261319,-75.68801867,9439
18--550,1/9/2018,5:37 PM,BRONSON AVE @ CATHERINE ST/RAYMOND ST (0007198),7198,02 - Intersection related,03 - P.D. only,04 - Sideswipe,01 - Clear,05 - Dusk,04 - Slush,01 - Traffic signal,01 - Functioning,2,0,0,0,,0,,,,,367252.7091,5029796.566,45.40532018,-75.70219929,9440
18--5500,5/23/2018,5:42 PM,HERON RD EB btwn HERON RD EB ON RAMP/VINCENT MASSEY PARK & RIVERSIDE D (__3ZA37D),__3ZA37D,01 - Non intersection,02 - Non-fatal injury,03 - Rear end,01 - Clear,01 - Daylight,01 - Dry,10 - No control,,2,0,0,0,02 - Minor,1,,1,,,368017.3537,5026619.498,45.3766652,-75.69283935,9441
18--5501,5/23/2018,6:15 PM,REGIONAL ROAD 174 btwn OR174 IC109 RAMP54 & OR174 IC109 RAMP55 (__3ZA28X),__3ZA28X,01 - Non intersection,03 - P.D. only,03 - Rear end,01 - Clear,01 - Daylight,01 - Dry,10 - No control,,2,0,0,0,,0,,,,,376427.5779,5034890.533,45.45027393,-75.58426838,9442
18--5502,5/23/2018,6:30 PM,CARLING AVE WB btwn WOODROFFE AVE & ANCASTER AVE (__3ZAZXL),__3ZAZXL,01 - Non intersection,03 - P.D. only,04 - Sideswipe,01 - Clear,01 - Daylight,01 - Dry,10 - No control,,2,0,0,0,,0,,,,,361791.1489,5025757.682,45.36944475,-75.77242833,9443
18--5503,5/23/2018,6:31 PM,KIRKWOOD AVE btwn CARLING AVE & CARLING AVE (__3ZA4NV),__3ZA4NV,01 - Non intersection,03 - P.D. only,03 - Rear end,01 - Clear,01 - Daylight,01 - Dry,10 - No control,,2,0,0,0,,0,,,,,364304.9702,5027432.261,45.38430341,-75.74013687,9444
18--5504,5/23/2018,6:34 PM,BANK ST btwn CECIL AVE & HERON RD (__3ZA3AC),__3ZA3AC,01 - Non intersection,03 - P.D. only,03 - Rear end,01 - Clear,01 - Daylight,01 - Dry,10 - No control,,2,0,0,0,,0,,,,,369970.22,5026920.536,45.37919492,-75.66786798,9445
18--5505,5/23/2018,6:57 PM,FISHER AVE @ MEADOWLANDS DR (0002120),2120,02 - Intersection related,03 - P.D. only,03 - Rear end,01 - Clear,01 - Daylight,01 - Dry,01 - Traffic signal,01 - Functioning,2,0,0,0,,0,,,,,366575.1828,5025045.625,45.36263245,-75.71144806,9446
18--5506,5/23/2018,7:15 AM,WEST HUNT CLUB RD EB btwn 210 W OF MERIVALE RD & MERIVALE RD (__3ZA3JDB),__3ZA3JDB,01 - Non intersection,03 - P.D. only,04 - Sideswipe,01 - Clear,01 - Daylight,01 - Dry,10 - No control,,2,0,0,0,,0,,,,,365511.8681,5021863.087,45.33408935,-75.72541057,9447
18--5507,5/23/2018,7:28 PM,REGIONAL ROAD 174 btwn OR174 IC101 RAMP26 & OR174 IC101 RAMP61 (__3ZA11T),__3ZA11T,01 - Non intersection,03 - P.D. only,04 - Sideswipe,01 - Clear,01 - Daylight,01 - Dry,10 - No control,,2,0,0,0,,0,,,,,382839.8051,5038967.131,45.48626499,-75.50165514,9448
18--5508,5/23/2018,7:47 PM,BANK ST btwn VANCOUVER AVE & FOXBAR AVE (__3ZA4TT),__3ZA4TT,04 - At/near private drive,03 - P.D. only,05 - Turning movement,01 - Clear,01 - Daylight,01 - Dry,10 - No control,,2,0,0,0,,0,,,,,370464.4042,5025641.913,45.36764415,-75.66172861,9449
18--5509,5/23/2018,7:50 AM,HIGHWAY 417 btwn HWY417 IC122 RAMP61 & HWY417 IC121B RAMP16 (__3ZA2Y4),__3ZA2Y4,01 - Non intersection,03 - P.D. only,03 - Rear end,01 - Clear,01 - Daylight,01 - Dry,10 - No control,,3,0,0,0,,0,,,,,365714.8652,5029152.347,45.39965917,-75.72192217,9450
18--551,1/9/2018,5:40 PM,CONROY RD @ WALKLEY RD (0002648),2648,03 - At intersection,03 - P.D. only,03 - Rear end,01 - Clear,07 - Dark,04 - Slush,01 - Traffic signal,01 - Functioning,2,0,0,0,,0,,,,,372903.723,5027463.532,45.38380156,-75.63034062,9451
18--5510,5/23/2018,8:00 AM,ALBERT ST @ LYON ST (0002208),2208,02 - Intersection related,03 - P.D. only,03 - Rear end,01 - Clear,01 - Daylight,01 - Dry,01 - Traffic signal,01 - Functioning,2,0,0,0,,0,,,,,367062.9884,5031219.657,45.41814164,-75.70444288,9452
18--5511,5/23/2018,8:00 AM,HUNT CLUB RD @ UPLANDS DR (0010844),10844,02 - Intersection related,03 - P.D. only,03 - Rear end,01 - Clear,01 - Daylight,01 - Dry,01 - Traffic signal,01 - Functioning,2,0,0,0,,0,,,,,370156.7272,5023121.492,45.3449949,-75.66598922,9453
18--5512,5/23/2018,8:00 AM,HIGHWAY 416 btwn HWY416 IC66 RAMP24 & HWY416 IC57 RAMP62 (__3ZA1OI),__3ZA1OI,01 - Non intersection,03 - P.D. only,07 - SMV other,01 - Clear,01 - Daylight,01 - Dry,10 - No control,,1,0,0,0,,0,,,,,363374.0001,5010867.098,45.23532904,-75.7539821,9454
18--5513,5/23/2018,8:29 PM,WOODROFFE AVE @ GEORGINA DR/LENESTER AVE (0002351),2351,03 - At intersection,03 - P.D. only,02 - Angle,01 - Clear,05 - Dusk,01 - Dry,01 - Traffic signal,01 - Functioning,2,0,0,0,,0,,,,,361909.539,5025370.429,45.36595064,-75.7709618,9455
18--5514,5/24/2018,1:01 PM,WALLER ST btwn BESSERER ST & DALY AVE (__3ZBN03),__3ZBN03,01 - Non intersection,03 - P.D. only,04 - Sideswipe,01 - Clear,01 - Daylight,01 - Dry,10 - No control,,2,0,0,0,,0,,,,,368337.1798,5032129.239,45.42621119,-75.68804638,9456
18--5515,5/24/2018,1:13 PM,KALBROOK ST btwn BLACKDOME CRES & BLACKDOME CRES (__3ZA474),__3ZA474,04 - At/near private drive,03 - P.D. only,06 - SMV unattended vehicle,01 - Clear,01 - Daylight,01 - Dry,10 - No control,,1,0,0,0,,0,,,,,350250.1335,5020081.182,45.31920984,-75.92027855,9457
18--5516,5/24/2018,1:46 PM,TERRY FOX DR N @ FLAMBOROUGH WAY/INNOVATION DR (0011795),11795,02 - Intersection related,03 - P.D. only,03 - Rear end,01 - Clear,01 - Daylight,01 - Dry,01 - Traffic signal,01 - Functioning,3,0,0,0,,0,,,,,349384.9637,5022955.958,45.34513329,-75.93105438,9458
18--5517,5/24/2018,10:09 AM,RIOCAN AVE @ STRANDHERD DR (0010997),10997,02 - Intersection related,02 - Non-fatal injury,03 - Rear end,01 - Clear,01 - Daylight,01 - Dry,01 - Traffic signal,01 - Functioning,2,0,0,0,02 - Minor,1,,1,,,364172.0394,5014944.82,45.2719537,-75.74333177,9459
18--5518,5/24/2018,11:00 AM,ANDERSON ST btwn ROCHESTER ST & BOOTH ST (__3ZA0VX),__3ZA0VX,01 - Non intersection,03 - P.D. only,06 - SMV unattended vehicle,01 - Clear,01 - Daylight,01 - Dry,10 - No control,,1,0,0,0,,0,,,,,366645.96,5030123.045,45.40831162,-75.7099085,9460
18--5519,5/24/2018,11:03 AM,JEANNE D'ARC BLVD @ ORLEANS BLVD S (0004154),4154,03 - At intersection,02 - Non-fatal injury,02 - Angle,01 - Clear,01 - Daylight,01 - Dry,01 - Traffic signal,01 - Functioning,3,0,0,0,02 - Minor,1,,1,,,380940.7444,5036250.58,45.46203345,-75.5263668,9461
18--552,1/9/2018,5:44 PM,CARLING AVE @ ROCHESTER ST (0002145),2145,02 - Intersection related,03 - P.D. only,03 - Rear end,01 - Clear,07 - Dark,01 - Dry,02 - Stop sign,00 - Unknown,4,0,0,0,,0,,,,,366992.7138,5029042.553,45.39855893,-75.70561536,9462
18--5520,5/24/2018,11:07 AM,DOZOIS RD btwn LONGSHADOW ST & RIDEAU BEND CRES (__3ZA6LW),__3ZA6LW,04 - At/near private drive,03 - P.D. only,07 - SMV other,01 - Clear,01 - Daylight,01 - Dry,10 - No control,,1,0,1,0,,0,,,,,371750.81,5011933.089,45.244174,-75.6471599,9463
18--5521,5/24/2018,11:13 AM,CANOTEK RD @ SHEFFORD RD (0009369),9369,03 - At intersection,03 - P.D. only,04 - Sideswipe,01 - Clear,01 - Daylight,01 - Dry,01 - Traffic signal,01 - Functioning,2,0,1,0,,0,,,,,376029.4952,5035093.276,45.45213877,-75.58932771,9464
18--5522,5/24/2018,11:14 AM,AUGUSTA ST @ RIDEAU ST (0011916),11916,02 - Intersection related,03 - P.D. only,99 - Other,01 - Clear,01 - Daylight,01 - Dry,01 - Traffic signal,01 - Functioning,2,0,0,0,,0,,,,,369012.8809,5032717.184,45.43143959,-75.6793357,9465
18--5523,5/24/2018,11:50 PM,REGIONAL ROAD 174 btwn OR174 IC105 RAMP51 & OR174 IC105 RAMP35 (__3ZA2XC),__3ZA2XC,01 - Non intersection,02 - Non-fatal injury,03 - Rear end,01 - Clear,07 - Dark,01 - Dry,10 - No control,,2,0,0,0,02 - Minor,1,,1,,,379394.1254,5036993.81,45.46888732,-75.54602828,9466
18--5524,5/24/2018,11:54 PM,GLADSTONE AVE @ LEBRETON ST (0005746),5746,02 - Intersection related,03 - P.D. only,02 - Angle,01 - Clear,07 - Dark,01 - Dry,02 - Stop sign,01 - Functioning,2,0,0,0,,0,,,,,366855.7007,5029922.568,45.40648922,-75.70725452,9467
18--5525,5/24/2018,11:55 AM,RICHMOND RD @ STINSON AVE (0001130),1130,02 - Intersection related,03 - P.D. only,04 - Sideswipe,01 - Clear,01 - Daylight,01 - Dry,01 - Traffic signal,01 - Functioning,2,0,0,0,,0,,,,,357873.8013,5020928.453,45.32629873,-75.82295335,9468
18--5526,5/24/2018,Unknown,QUAIL DR btwn ST. BERNARD ST & FEATHER LANE (__3ZA5PT),__3ZA5PT,01 - Non intersection,03 - P.D. only,06 - SMV unattended vehicle,01 - Clear,00 - Unknown,01 - Dry,10 - No control,,1,0,0,0,,0,,,,,373041.3269,5023610.583,45.34912086,-75.62911582,9469
18--5527,5/24/2018,12:03 PM,ST. LAURENT BLVD btwn BELFAST RD & INDUSTRIAL AVE (__3ZA3R8),__3ZA3R8,01 - Non intersection,03 - P.D. only,04 - Sideswipe,01 - Clear,01 - Daylight,01 - Dry,10 - No control,,2,0,0,0,,0,,,,,373020.6464,5030193.108,45.4083497,-75.62847025,9470
18--5528,5/24/2018,12:11 PM,O'CONNOR ST btwn MACLAREN ST & GILMOUR ST (__3ZA3RO),__3ZA3RO,04 - At/near private drive,02 - Non-fatal injury,05 - Turning movement,01 - Clear,01 - Daylight,01 - Dry,10 - No control,,2,1,0,0,01 - Minimal,1,1,,,,367909.6124,5030924.766,45.41541245,-75.69366409,9471
18--5529,5/24/2018,2:27 PM,BANK ST @ HERON RD (0002155),2155,02 - Intersection related,03 - P.D. only,04 - Sideswipe,01 - Clear,01 - Daylight,01 - Dry,01 - Traffic signal,01 - Functioning,2,0,0,0,,0,,,,,369995.7788,5026851.751,45.37857364,-75.66755075,9472
18--553,1/9/2018,5:44 PM,MAIN ST btwn TURN LANE & CENTENNIAL BLVD (__3ZBOEC),__3ZBOEC,01 - Non intersection,03 - P.D. only,07 - SMV other,03 - Snow,07 - Dark,03 - Loose snow,10 - No control,,1,0,0,0,,0,,,,,369476.887,5029427.71,45.40179937,-75.67383788,9473
18--5530,5/24/2018,3:28 PM,HUNT CLUB RD btwn RAMP & TRANSIT (__3ZA36M),__3ZA36M,01 - Non intersection,03 - P.D. only,04 - Sideswipe,01 - Clear,01 - Daylight,01 - Dry,10 - No control,,2,0,0,0,,0,,,,,371110.1909,5023757.545,45.35062842,-75.65373821,9474