Anom_ID,Accident_Date,Accident_Time,Location,Geo_ID,Accident_Location,Classification_of_Accident,Initial_Impact_Type,Environment_Condition,Light,Road_Surface_Condition,Traffic_Control,Traffic_Control_Condition,No__of_Vehicles,No__of_Bicycles,No__of_Motorcycles,No__of_Pedestrians,Max_Injury,No__of_Injuries,No__of_Minimal,No__of_Minor,No__of_Major,No__of_Fatal,X,Y,Latitude,Longitude,ObjectId
18--5531,5/24/2018,3:52 PM,WEST HUNT CLUB RD @ WOODROFFE AVE (0000576),576,02 - Intersection related,03 - P.D. only,03 - Rear end,01 - Clear,01 - Daylight,01 - Dry,01 - Traffic signal,01 - Functioning,2,0,0,0,,0,,,,,363670.4776,5021246.873,45.3287016,-75.74897509,9475
18--5532,5/24/2018,3:56 PM,MARCH RD @ TERON RD (0011926),11926,02 - Intersection related,03 - P.D. only,03 - Rear end,01 - Clear,01 - Daylight,01 - Dry,01 - Traffic signal,01 - Functioning,2,0,0,0,,0,,,,,351414.5389,5021779.352,45.33441401,-75.90526734,9476
18--5533,5/24/2018,3:56 PM,COBOURG ST @ RIDEAU ST (0008860),8860,03 - At intersection,03 - P.D. only,05 - Turning movement,01 - Clear,01 - Daylight,01 - Dry,01 - Traffic signal,01 - Functioning,2,0,0,0,,0,,,,,369128.6278,5032787.546,45.43206205,-75.67784737,9477
18--5534,5/24/2018,4:23 PM,OLD PRESCOTT RD btwn LAKE FOREST WALK & ALDERGROVE WAY (__3ZBPIX),__3ZBPIX,01 - Non intersection,03 - P.D. only,06 - SMV unattended vehicle,01 - Clear,01 - Daylight,01 - Dry,10 - No control,,1,0,0,0,,0,,,,,377564.7702,5014438.926,45.26614363,-75.57274233,9478
18--5535,5/24/2018,4:38 PM,LABELLE ST/RAMP @ LEMIEUX ST/HWY417 IC115 RAMP (0012538),12538,02 - Intersection related,03 - P.D. only,02 - Angle,01 - Clear,01 - Daylight,01 - Dry,02 - Stop sign,01 - Functioning,2,0,0,0,,0,,,,,372541.7183,5031688.643,45.42185236,-75.63438236,9479
18--5536,5/24/2018,4:40 PM,ST. JOSEPH BLVD/OLD MONTREAL RD @ TRIM RD (0004118),4118,03 - At intersection,02 - Non-fatal injury,02 - Angle,01 - Clear,01 - Daylight,01 - Dry,11 - Roundabout,01 - Functioning,2,0,0,0,02 - Minor,1,,1,,,384682.7539,5039285.582,45.48892163,-75.47803065,9480
18--5537,5/24/2018,5:00 PM,ST. LAURENT BLVD/DUNBARTON CRT @ BRITTANY DR (0007139),7139,03 - At intersection,03 - P.D. only,02 - Angle,01 - Clear,01 - Daylight,01 - Dry,01 - Traffic signal,01 - Functioning,2,0,0,0,,0,,,,,371331.7009,5034336.901,45.44579631,-75.64948462,9481
18--5538,5/24/2018,5:14 PM,LEGGET DR @ TERRY FOX DR (0011817),11817,03 - At intersection,03 - P.D. only,02 - Angle,01 - Clear,01 - Daylight,01 - Dry,02 - Stop sign,01 - Functioning,2,0,0,0,,0,,,,,350176.5362,5023444.597,45.34947941,-75.92090886,9482
18--5539,5/24/2018,5:19 PM,GREENBANK RD @ BERRIGAN DR/WESSEX RD (0004726),4726,03 - At intersection,03 - P.D. only,05 - Turning movement,01 - Clear,01 - Daylight,01 - Dry,01 - Traffic signal,01 - Functioning,2,0,0,0,,0,,,,,363723.6551,5015276.614,45.27497691,-75.74900634,9483
18--554,1/9/2018,5:46 PM,PANMURE RD btwn LOMAR RD & DONALD B. MUNRO DR (__3ZAC0G),__3ZAC0G,01 - Non intersection,03 - P.D. only,07 - SMV other,03 - Snow,07 - Dark,03 - Loose snow,10 - No control,,1,0,0,0,,0,,,,,333562.8405,5023434.836,45.35026974,-76.13292623,9484
18--5540,5/24/2018,5:37 PM,CARLING AVE @ MERIVALE RD (0002148),2148,03 - At intersection,02 - Non-fatal injury,02 - Angle,01 - Clear,01 - Daylight,01 - Dry,01 - Traffic signal,01 - Functioning,2,0,0,0,01 - Minimal,1,1,,,,364894.704,5027700.544,45.38666703,-75.73257414,9485
18--5541,5/24/2018,5:55 AM,HAWTHORNE RD btwn STEVENAGE DR & HUNT CLUB RD (__3ZA2E8),__3ZA2E8,01 - Non intersection,03 - P.D. only,04 - Sideswipe,01 - Clear,01 - Daylight,01 - Dry,10 - No control,,2,0,0,0,,0,,,,,375499.3502,5026427.158,45.37421962,-75.59734787,9486
18--5542,5/24/2018,6:47 PM,BASELINE RD @ 207 E OF CLYDE AVE (0008213),8213,02 - Intersection related,03 - P.D. only,05 - Turning movement,01 - Clear,01 - Daylight,01 - Dry,01 - Traffic signal,01 - Functioning,2,0,0,0,,0,,,,,364535.5022,5025001.277,45.36241019,-75.73748732,9487
18--5543,5/24/2018,6:53 PM,ALBION RD    S btwn TURN LANE & ALBION RD (__3ZA9WD),__3ZA9WD,04 - At/near private drive,03 - P.D. only,05 - Turning movement,01 - Clear,01 - Daylight,01 - Dry,10 - No control,,2,0,0,0,,0,,,,,371929.2308,5024171.181,45.35427226,-75.64323049,9488
18--5544,5/24/2018,7:14 AM,JEANNE D'ARC BLVD  S btwn BEAUSEJOUR DR & BELCOURT BLVD (__3ZA2BI),__3ZA2BI,01 - Non intersection,02 - Non-fatal injury,03 - Rear end,01 - Clear,01 - Daylight,01 - Dry,10 - No control,,2,0,0,0,02 - Minor,1,,1,,,381586.6131,5035877.732,45.45860818,-75.51816734,9489
18--5545,5/24/2018,7:20 PM,CLEMENTINE BLVD btwn GREGG ST & HERON RD (__3ZA0UI),__3ZA0UI,01 - Non intersection,03 - P.D. only,06 - SMV unattended vehicle,01 - Clear,01 - Daylight,01 - Dry,10 - No control,,1,0,0,0,,0,,,,,369542.6121,5026765.769,45.37784202,-75.67334765,9490
18--5546,5/24/2018,7:46 PM,KNOXDALE RD btwn MILLFORD AVE & CRAIG HENRY DR (__3ZA3I7),__3ZA3I7,01 - Non intersection,03 - P.D. only,06 - SMV unattended vehicle,01 - Clear,01 - Daylight,01 - Dry,10 - No control,,1,0,0,0,,0,,,,,363031.5743,5021606.324,45.33198922,-75.75708275,9491
18--5547,5/24/2018,7:54 PM,HEATHERINGTON RD @ FAIRLEA CRES S/ANGELA PRIV (0006830),6830,02 - Intersection related,03 - P.D. only,04 - Sideswipe,01 - Clear,01 - Daylight,01 - Dry,02 - Stop sign,01 - Functioning,2,0,0,0,,0,,,,,371875.1442,5026501.702,45.37524663,-75.64360437,9492
18--5548,5/24/2018,8:00 AM,DUNROBIN RD btwn CONSTANCE BAY RD & KINBURN SIDE RD (__3ZA3FF),__3ZA3FF,01 - Non intersection,03 - P.D. only,07 - SMV other,01 - Clear,01 - Daylight,01 - Dry,10 - No control,,1,0,0,0,,0,,,,,337060.7491,5036940.913,45.47164986,-76.08740278,9493
18--5549,5/24/2018,8:15 AM,HIGHWAY 417 btwn HWY417 IC138 RAMP61 & HWY417 IC134 RAMP36 (__3ZA20I),__3ZA20I,01 - Non intersection,03 - P.D. only,03 - Rear end,01 - Clear,01 - Daylight,01 - Dry,10 - No control,,2,0,0,0,,0,,,,,355517.3904,5021761.388,45.33396781,-75.85292607,9494
18--555,1/9/2018,5:59 AM,HAWTHORNE RD/RUSSELL RD @ WALKLEY RD (0002618),2618,02 - Intersection related,02 - Non-fatal injury,04 - Sideswipe,03 - Snow,07 - Dark,03 - Loose snow,01 - Traffic signal,01 - Functioning,2,0,0,0,02 - Minor,1,,1,,,374675.0923,5028500.238,45.39295489,-75.60757683,9495
18--5550,5/24/2018,9:00 AM,CARLING AVE @ KIRKWOOD AVE S (0002209),2209,02 - Intersection related,03 - P.D. only,03 - Rear end,01 - Clear,01 - Daylight,01 - Dry,01 - Traffic signal,01 - Functioning,2,0,0,0,,0,,,,,364351.7009,5027337.549,45.38344724,-75.73955161,9496
18--5551,5/24/2018,9:14 PM,SECOND LINE RD btwn WILD ACRE LANE & SHARNE LANE (__3ZBNBH),__3ZBNBH,01 - Non intersection,03 - P.D. only,07 - SMV other,01 - Clear,07 - Dark,01 - Dry,10 - No control,,1,0,0,0,,0,,,,,346671.8526,5024717.852,45.3611545,-75.96552543,9497
18--5552,5/24/2018,9:20 PM,HIGHWAY 417 btwn HWY417 IC104 RAMP51 & HWY417 IC104 RAMP15 (__3ZA2W7),__3ZA2W7,01 - Non intersection,03 - P.D. only,07 - SMV other,01 - Clear,07 - Dark,01 - Dry,10 - No control,,1,0,0,0,,0,,,,,379685.4964,5025986.887,45.36982349,-75.54397538,9498
18--5553,5/24/2018,9:25 PM,HIGHWAY 417 btwn HWY417 IC110 RAMP55 & HWY417 IC104 RAMP51 (__3ZA2W8),__3ZA2W8,01 - Non intersection,03 - P.D. only,07 - SMV other,01 - Clear,07 - Dark,01 - Dry,10 - No control,,1,0,0,0,,0,,,,,379581.2292,5026007.588,45.37002087,-75.54530318,9499
18--5554,5/24/2018,9:26 PM,SOMERSET ST    W btwn BECKINGTON PRIV & BANK ST (__3ZAZQ1),__3ZAZQ1,04 - At/near private drive,03 - P.D. only,02 - Angle,01 - Clear,07 - Dark,01 - Dry,10 - No control,,2,0,0,0,,0,,,,,367662.7228,5030896.4,45.41517945,-75.69682184,9500
18--5555,5/24/2018,9:36 AM,BANK ST @ RIVERSIDE DR S (0002704),2704,02 - Intersection related,03 - P.D. only,03 - Rear end,01 - Clear,01 - Daylight,01 - Dry,01 - Traffic signal,00 - Unknown,2,0,0,0,,0,,,,,369304.87,5027894.246,45.38801764,-75.67623544,9501
18--5556,5/24/2018,9:50 AM,FIFTH AVE btwn RALPH ST & MONK ST (__3ZBN6F),__3ZBN6F,04 - At/near private drive,03 - P.D. only,02 - Angle,01 - Clear,01 - Daylight,01 - Dry,10 - No control,,2,0,0,0,,0,,,,,368315.6963,5029350.222,45.40120847,-75.68867903,9502
18--5557,5/24/2018,9:57 PM,HIGHWAY 417 btwn HWY417 IC155 RAMP61 & HWY417 IC145 RAMP56 (__3ZA2Q2),__3ZA2Q2,01 - Non intersection,03 - P.D. only,07 - SMV other,01 - Clear,07 - Dark,01 - Dry,10 - No control,,1,0,0,0,,0,,,,,341139.9457,5018666.825,45.30701352,-76.03657943,9503
18--5558,5/25/2018,1:34 PM,HAZELDEAN RD @ HUNTMAR DR/IBER RD (0000075),75,02 - Intersection related,03 - P.D. only,03 - Rear end,01 - Clear,01 - Daylight,01 - Dry,01 - Traffic signal,01 - Functioning,2,0,0,0,,0,,,,,350942.6471,5016079.155,45.28315333,-75.9118184,9504
18--5830,5/31/2018,3:32 PM,BANK ST btwn SIEVERIGHT AVE & ATHANS AVE (__3ZAYF2),__3ZAYF2,04 - At/near private drive,03 - P.D. only,02 - Angle,01 - Clear,01 - Daylight,01 - Dry,10 - No control,,2,0,0,0,,0,,,,,372256.1605,5024114.632,45.35373208,-75.63906608,9505
18--5831,5/31/2018,4:00 AM,FOREST ST @ RICHMOND RD (0002750),2750,02 - Intersection related,03 - P.D. only,03 - Rear end,01 - Clear,07 - Dark,01 - Dry,02 - Stop sign,01 - Functioning,2,0,0,0,,0,,,,,360466.4699,5025138.274,45.36397781,-75.78940817,9506
18--502,1/8/2018,6:00 AM,LEES AVE btwn TRANSIT & CHAPEL CRES (2) (__3ZA5XBB),__3ZA5XBB,01 - Non intersection,02 - Non-fatal injury,07 - SMV other,01 - Clear,07 - Dark,05 - Packed snow,10 - No control,,1,0,0,1,01 - Minimal,1,1,,,,369760.2964,5031019.961,45.41609962,-75.67000827,9507
18--5832,5/31/2018,4:15 PM,LEGGET DR @ SCHNEIDER RD (0002531),2531,03 - At intersection,02 - Non-fatal injury,07 - SMV other,02 - Rain,01 - Daylight,02 - Wet,02 - Stop sign,01 - Functioning,1,0,1,0,02 - Minor,1,,1,,,351491.6228,5022496.502,45.34086194,-75.90421624,9508
18--5833,5/31/2018,4:46 PM,HIGHWAY 417 btwn HWY417 IC119B RAMP57 & HWY417 IC119A RAMP75 (__3ZA1QN),__3ZA1QN,01 - Non intersection,03 - P.D. only,03 - Rear end,01 - Clear,01 - Daylight,01 - Dry,10 - No control,,2,0,0,0,,0,,,,,368605.0475,5030523.011,45.41173453,-75.6848316,9509
18--5020,5/8/2018,8:42 PM,RIVERSIDE DR @ UPLANDS DR/KIMBERWICK CRES N (0006890),6890,02 - Intersection related,03 - P.D. only,03 - Rear end,01 - Clear,07 - Dark,01 - Dry,01 - Traffic signal,01 - Functioning,2,0,0,0,,0,,,,,368194.4745,5022793.793,45.34222642,-75.69106878,9510
18--5834,5/31/2018,4:47 PM,MACKAY ST btwn IVY CRES & VAUGHAN ST (__3ZA8XR),__3ZA8XR,01 - Non intersection,03 - P.D. only,04 - Sideswipe,01 - Clear,01 - Daylight,01 - Dry,10 - No control,,2,0,0,0,,0,,,,,369031.2169,5033646.662,45.43980099,-75.67898011,9511
18--5021,5/8/2018,9:21 AM,WEST HUNT CLUB RD EB btwn CEDARVIEW RD & GREENBANK RD (__3ZA198),__3ZA198,01 - Non intersection,03 - P.D. only,03 - Rear end,01 - Clear,01 - Daylight,01 - Dry,10 - No control,,2,0,0,0,,0,,,,,361374.41,5020428.186,45.3215239,-75.77835773,9512
18--5835,5/31/2018,4:54 PM,BAYVIEW RD btwn BURNSIDE AVE & SCOTT ST (__3ZA0V3),__3ZA0V3,01 - Non intersection,03 - P.D. only,02 - Angle,02 - Rain,01 - Daylight,02 - Wet,10 - No control,,2,0,0,0,,0,,,,,365352.9768,5030175.523,45.40889686,-75.72641858,9513
18--5022,5/8/2018,9:25 AM,HIGHWAY 417 btwn HWY417 IC117 RAMP26 & HWY417 IC117 RAMP61 (__3ZA2YM),__3ZA2YM,01 - Non intersection,03 - P.D. only,03 - Rear end,01 - Clear,01 - Daylight,01 - Dry,10 - No control,,2,0,0,0,,0,,,,,371015.981,5031314.133,45.41862875,-75.65392672,9514
18--5836,5/31/2018,4:56 PM,SLATER ST btwn KENT ST & BANK ST (__3ZA349),__3ZA349,01 - Non intersection,03 - P.D. only,04 - Sideswipe,01 - Clear,01 - Daylight,01 - Dry,10 - No control,,2,0,0,0,,0,,,,,367351.5703,5031308.815,45.41891811,-75.7007446,9515
18--5023,5/8/2018,9:30 PM,CARLING AVE @ KIRKWOOD AVE N (0002358),2358,02 - Intersection related,03 - P.D. only,04 - Sideswipe,01 - Clear,07 - Dark,01 - Dry,01 - Traffic signal,01 - Functioning,2,0,0,0,,0,,,,,364275.6919,5027493.533,45.38485721,-75.74050333,9516
18--5837,5/31/2018,4:57 PM,WOODROFFE AVE @ SPORTSPLEX S (0010592),10592,03 - At intersection,02 - Non-fatal injury,05 - Turning movement,01 - Clear,01 - Daylight,01 - Dry,01 - Traffic signal,01 - Functioning,2,0,0,0,02 - Minor,2,,2,,,363832.0487,5020899.263,45.32556026,-75.74695551,9517
18--5739,5/29/2018,5:56 PM,EARL ARMSTRONG RD @ RIVER RD (0012470),12470,02 - Intersection related,02 - Non-fatal injury,03 - Rear end,01 - Clear,01 - Daylight,01 - Dry,01 - Traffic signal,01 - Functioning,2,0,0,0,02 - Minor,1,,1,,,367572.598,5014684.651,45.2693174,-75.7000303,9518
18--5024,5/9/2018,1:11 PM,MEADOWLANDS DR/TALLWOOD DR @ WOODROFFE AVE (0000095),95,03 - At intersection,03 - P.D. only,99 - Other,01 - Clear,01 - Daylight,01 - Dry,01 - Traffic signal,01 - Functioning,2,0,0,0,,0,,,,,363056.7287,5022731.12,45.34210798,-75.75662944,9519
18--5025,5/9/2018,1:21 PM,CARLING AVE @ KIRKWOOD AVE N (0002358),2358,02 - Intersection related,03 - P.D. only,04 - Sideswipe,01 - Clear,01 - Daylight,01 - Dry,01 - Traffic signal,01 - Functioning,2,0,0,0,,0,,,,,364275.6922,5027493.534,45.38485722,-75.74050333,9520
18--5026,5/9/2018,1:24 PM,FRANKTOWN RD btwn GREEN'S RD & CONLEY RD (__3ZA42O),__3ZA42O,01 - Non intersection,03 - P.D. only,99 - Other,01 - Clear,01 - Daylight,01 - Dry,10 - No control,,2,0,0,0,,0,,,,,352790.8154,5002590.501,45.16165379,-75.8895614,9521
18--5027,5/9/2018,10:07 PM,HIGHWAY 417 btwn HWY417 IC124 RAMP67 & HWY417 IC123 RAMP62 (__3ZA2YZ),__3ZA2YZ,01 - Non intersection,03 - P.D. only,03 - Rear end,01 - Clear,07 - Dark,01 - Dry,10 - No control,,2,0,0,0,,0,,,,,364657.4898,5027857.584,45.38810035,-75.73558411,9522
18--5028,5/9/2018,10:27 PM,INNES RD @ ORIENT PARK DR (0004143),4143,03 - At intersection,03 - P.D. only,05 - Turning movement,01 - Clear,07 - Dark,01 - Dry,01 - Traffic signal,01 - Functioning,2,0,0,0,,0,,,,,378320.3917,5033037.081,45.43340129,-75.56034959,9523
18--5029,5/9/2018,11:00 PM,ST. LAURENT BLVD @ COVENTRY RD/OGILVIE RD (0002151),2151,02 - Intersection related,03 - P.D. only,03 - Rear end,01 - Clear,07 - Dark,01 - Dry,01 - Traffic signal,01 - Functioning,2,0,0,0,,0,,,,,372305.5041,5031951.753,45.42424253,-75.63736436,9524
18--503,1/8/2018,6:30 AM,HAWTHORNE RD @ STEVENAGE DR (0008802),8802,03 - At intersection,03 - P.D. only,05 - Turning movement,03 - Snow,07 - Dark,03 - Loose snow,01 - Traffic signal,01 - Functioning,2,0,0,0,,0,,,,,375136.3921,5027314.234,45.38223763,-75.601855,9525
18--5030,5/9/2018,11:01 AM,BASELINE RD @ WOODROFFE AVE (0002225),2225,02 - Intersection related,03 - P.D. only,03 - Rear end,01 - Clear,01 - Daylight,01 - Dry,01 - Traffic signal,01 - Functioning,2,0,0,0,,0,,,,,362550.2955,5023770.59,45.35150293,-75.76296975,9526
18--5031,5/9/2018,Unknown,HAMILTON AVE   N btwn ARMSTRONG ST & WELLINGTON ST W (__3ZA05N),__3ZA05N,01 - Non intersection,03 - P.D. only,06 - SMV unattended vehicle,01 - Clear,00 - Unknown,01 - Dry,10 - No control,,1,0,0,0,,0,,,,,365034.862,5029329.24,45.40130965,-75.7305856,9527
18--5032,5/9/2018,12:29 AM,HIGHWAY 417 btwn HWY417 IC129 RAMP76 & HWY417 IC129 RAMP26 (__3ZA2RG),__3ZA2RG,01 - Non intersection,03 - P.D. only,07 - SMV other,01 - Clear,07 - Dark,01 - Dry,10 - No control,,1,0,0,0,,0,,,,,360356.605,5023476.697,45.34903571,-75.79099724,9528
18--5033,5/9/2018,12:40 PM,MONTREAL RD btwn ST. LAURENT BLVD & HILLSIDE DR (__3ZA1MC),__3ZA1MC,04 - At/near private drive,03 - P.D. only,03 - Rear end,01 - Clear,01 - Daylight,01 - Dry,10 - No control,,2,0,0,0,,0,,,,,371575.2486,5033831.794,45.44122837,-75.64644009,9529
18--5034,5/9/2018,2:42 AM,RIVER RD btwn MULLIGAN ST & LEITRIM RD (__3ZA38K),__3ZA38K,01 - Non intersection,02 - Non-fatal injury,07 - SMV other,01 - Clear,07 - Dark,01 - Dry,10 - No control,,1,0,0,0,02 - Minor,1,,1,,,367967.9729,5017424.677,45.29393645,-75.69464341,9530
18--5035,5/9/2018,2:55 PM,HOLLAND AVE @ WELLINGTON ST (0002364),2364,03 - At intersection,03 - P.D. only,06 - SMV unattended vehicle,01 - Clear,01 - Daylight,01 - Dry,01 - Traffic signal,01 - Functioning,1,0,0,0,,0,,,,,364929.6022,5029153.575,45.39973811,-75.73195143,9531
18--5036,5/9/2018,2:56 PM,BLAIR RD @ MEADOWBROOK RD (0004163),4163,02 - Intersection related,03 - P.D. only,04 - Sideswipe,01 - Clear,01 - Daylight,01 - Dry,01 - Traffic signal,01 - Functioning,2,0,0,0,,0,,,,,375194.7346,5032311.569,45.42719517,-75.60039667,9532
18--5037,5/9/2018,3:06 PM,ACACIA AVE @ CHAPLEAU AVE (0005736),5736,03 - At intersection,02 - Non-fatal injury,02 - Angle,01 - Clear,01 - Daylight,01 - Dry,02 - Stop sign,01 - Functioning,2,1,0,0,02 - Minor,1,,1,,,369558.9153,5034076.72,45.4436218,-75.67217905,9533
18--5038,5/9/2018,3:10 PM,HAWTHORNE AVE @ MAIN ST (0006919),6919,02 - Intersection related,03 - P.D. only,04 - Sideswipe,01 - Clear,01 - Daylight,01 - Dry,01 - Traffic signal,01 - Functioning,2,0,0,0,,0,,,,,368970.7092,5030632.567,45.41268684,-75.68014615,9534
18--5039,5/9/2018,4:03 PM,AVIATION PKWY @ MONTREAL RD (0008799),8799,03 - At intersection,02 - Non-fatal injury,05 - Turning movement,01 - Clear,01 - Daylight,01 - Dry,01 - Traffic signal,01 - Functioning,2,0,0,0,02 - Minor,1,,1,,,372146.1693,5034108.97,45.4436675,-75.63910514,9535
18--504,1/8/2018,6:30 AM,HIGHWAY 416 btwn HWY416 IC75A RAMP26 & HWY416 IC72 RAMP62 (__3ZAZLF),__3ZAZLF,01 - Non intersection,03 - P.D. only,04 - Sideswipe,03 - Snow,07 - Dark,03 - Loose snow,10 - No control,,2,0,0,0,,0,,,,,359329.3508,5019887.232,45.3168182,-75.80450134,9536
18--5040,5/9/2018,4:06 PM,BANK ST btwn TO BE DETERMINED & LEDBURY AVE (__4YOOUF),__4YOOUF,06 - Underpass or tunnel,02 - Non-fatal injury,07 - SMV other,01 - Clear,01 - Daylight,01 - Dry,10 - No control,,1,0,0,0,02 - Minor,1,,1,,,370585.3859,5025356.187,45.36506194,-75.66022237,9537
18--5041,5/9/2018,4:18 PM,WOODROFFE AVE @ FIRESTATION (0008642),8642,02 - Intersection related,03 - P.D. only,03 - Rear end,01 - Clear,01 - Daylight,01 - Dry,01 - Traffic signal,01 - Functioning,2,0,0,0,,0,,,,,362495.6048,5023913.225,45.35279085,-75.76365103,9538
18--5042,5/9/2018,4:24 PM,BRIAN COBURN BLVD @ PAGE RD (0017232),17232,02 - Intersection related,03 - P.D. only,03 - Rear end,01 - Clear,01 - Daylight,01 - Dry,01 - Traffic signal,01 - Functioning,2,0,0,0,,0,,,,,381470.8068,5033199.085,45.43452057,-75.52006529,9539
18--5043,5/9/2018,5:07 AM,ALTA VISTA DR btwn VALOUR DR & BALFOUR AVE (__3ZA9M1),__3ZA9M1,01 - Non intersection,03 - P.D. only,07 - SMV other,01 - Clear,03 - Dawn,01 - Dry,10 - No control,,1,0,0,0,,0,,,,,370470.5022,5029656.054,45.40376142,-75.6611167,9540
18--5044,5/9/2018,5:24 PM,RICHMOND RD @ HOLLY ACRES RD/NANAIMO DR (0001068),1068,02 - Intersection related,03 - P.D. only,03 - Rear end,01 - Clear,01 - Daylight,01 - Dry,01 - Traffic signal,01 - Functioning,2,0,0,0,,0,,,,,359058.5486,5022748.858,45.34258822,-75.8076414,9541
18--5045,5/9/2018,5:27 AM,RICHMOND RD @ LYNHAR RD/STAFFORD RD (0000155),155,03 - At intersection,03 - P.D. only,07 - SMV other,01 - Clear,03 - Dawn,01 - Dry,01 - Traffic signal,01 - Functioning,1,0,0,0,,0,,,,,358137.6649,5021086.476,45.32770063,-75.81957054,9542
18--5046,5/9/2018,5:42 PM,HIGHWAY 417 btwn HWY417 IC120B RAMP36 & HWY417 IC119B RAMP76 (__3ZA2YU),__3ZA2YU,01 - Non intersection,02 - Non-fatal injury,03 - Rear end,01 - Clear,01 - Daylight,01 - Dry,10 - No control,,2,0,0,0,01 - Minimal,2,2,,,,367839.2524,5030053.391,45.40757844,-75.69467441,9543
18--5047,5/9/2018,5:45 PM,SMYTH RD @ BOTSFORD ST/DAUPHIN RD (0007211),7211,02 - Intersection related,02 - Non-fatal injury,03 - Rear end,01 - Clear,01 - Daylight,01 - Dry,01 - Traffic signal,01 - Functioning,3,0,0,0,02 - Minor,1,,1,,,372243.6239,5029261.473,45.40004256,-75.63852313,9544
18--5048,5/9/2018,6:42 PM,ELGIN ST @ LAURIER AVE (0002232),2232,03 - At intersection,02 - Non-fatal injury,05 - Turning movement,01 - Clear,01 - Daylight,01 - Dry,01 - Traffic signal,01 - Functioning,2,1,0,0,02 - Minor,1,,1,,,367948.4509,5031549.663,45.42103156,-75.69308782,9545
18--5049,5/9/2018,7:00 AM,HOLLAND AVE @ WELLINGTON ST (0002364),2364,02 - Intersection related,03 - P.D. only,04 - Sideswipe,01 - Clear,01 - Daylight,01 - Dry,01 - Traffic signal,01 - Functioning,2,0,0,0,,0,,,,,364929.7014,5029153.555,45.39973792,-75.73195017,9546
18--505,1/8/2018,6:33 PM,BLACKBURN BYPASS @ INNES RD W (0009340),9340,03 - At intersection,03 - P.D. only,99 - Other,03 - Snow,07 - Dark,06 - Ice,01 - Traffic signal,01 - Functioning,2,0,0,0,,0,,,,,377187.5484,5032177.084,45.42578176,-75.57495274,9547
18--5050,5/9/2018,7:22 AM,CAMERON ST @ REGIONAL RD 174 (0012883),12883,03 - At intersection,02 - Non-fatal injury,07 - SMV other,01 - Clear,01 - Daylight,01 - Dry,01 - Traffic signal,01 - Functioning,1,0,1,0,01 - Minimal,1,1,,,,389860.7737,5042617.564,45.51828699,-75.41122025,9548
18--5051,5/9/2018,7:26 AM,INNES RD @ ORIENT PARK DR (0004143),4143,03 - At intersection,03 - P.D. only,02 - Angle,01 - Clear,01 - Daylight,01 - Dry,01 - Traffic signal,01 - Functioning,2,0,0,0,,0,,,,,378320.5502,5033036.498,45.43339603,-75.56034765,9549
18--5052,5/9/2018,7:58 AM,KELLY FARM DR btwn Continuation of KELLY FARM DR & CRESTON VALLEY WAY (__51MY7G),__51MY7G,01 - Non intersection,02 - Non-fatal injury,06 - SMV unattended vehicle,01 - Clear,01 - Daylight,01 - Dry,10 - No control,,1,0,0,0,02 - Minor,2,,2,,,374833.3599,5020171.357,45.31799942,-75.60673561,9550
18--5053,5/9/2018,8:00 AM,HAWTHORNE AVE @ MAIN ST (0006919),6919,02 - Intersection related,03 - P.D. only,03 - Rear end,01 - Clear,01 - Daylight,01 - Dry,01 - Traffic signal,01 - Functioning,2,0,0,0,,0,,,,,368970.5706,5030632.947,45.41269027,-75.68014787,9551
18--5054,5/9/2018,8:27 AM,EDITH AVE btwn KING GEORGE ST & QUEEN MARY ST (__3ZBOXC),__3ZBOXC,01 - Non intersection,03 - P.D. only,07 - SMV other,01 - Clear,01 - Daylight,01 - Dry,10 - No control,,1,0,0,0,,0,,,,,370933.0808,5032033.02,45.42510484,-75.65488935,9552
18--5055,5/9/2018,8:30 AM,HWY 417 WOODROFF IC127R53 @ WOODROFFE AVE (0002347),2347,02 - Intersection related,03 - P.D. only,03 - Rear end,01 - Clear,01 - Daylight,01 - Dry,03 - Yield sign,01 - Functioning,2,0,0,0,,0,,,,,362206.0428,5024626.2,45.35922991,-75.76726351,9553
18--5056,5/9/2018,8:43 AM,DONALD ST @ TELFORD AVE (0011533),11533,02 - Intersection related,03 - P.D. only,03 - Rear end,01 - Clear,01 - Daylight,01 - Dry,01 - Traffic signal,01 - Functioning,2,0,0,0,,0,,,,,371696.5633,5032427.05,45.42857754,-75.64508042,9554
18--5057,5/9/2018,8:48 AM,HOLLY ACRES RD @ CARLING AVE (0000522),522,02 - Intersection related,03 - P.D. only,03 - Rear end,02 - Rain,01 - Daylight,02 - Wet,01 - Traffic signal,01 - Functioning,2,0,0,0,,0,,,,,358234.6229,5023497.531,45.34938805,-75.81807335,9555
18--5058,5/9/2018,9:02 AM,EARL ARMSTRONG RD @ BOWESVILLE RD (0009411),9411,02 - Intersection related,03 - P.D. only,05 - Turning movement,01 - Clear,01 - Daylight,01 - Dry,02 - Stop sign,00 - Unknown,2,0,0,0,,0,,,,,372560.7731,5017440.522,45.29365115,-75.63609205,9556
18--5059,5/9/2018,9:12 AM,ALTA VISTA DR btwn CALEDON ST & ROLLAND AVE (__3ZA8F5),__3ZA8F5,04 - At/near private drive,03 - P.D. only,05 - Turning movement,01 - Clear,01 - Daylight,01 - Dry,10 - No control,,2,0,0,0,,0,,,,,370808.1325,5030447.859,45.41085401,-75.65669823,9557
18--506,1/8/2018,6:44 PM,HIGHWAY 417 btwn HWY417 IC140 RAMP51 & HWY417 IC140 RAMP35 (__3ZAZEY),__3ZAZEY,01 - Non intersection,03 - P.D. only,07 - SMV other,03 - Snow,07 - Dark,03 - Loose snow,10 - No control,,1,0,0,0,,0,,,,,350774.2368,5018442.24,45.30442809,-75.91374597,9558