Anom_ID,Accident_Date,Accident_Time,Location,Geo_ID,Accident_Location,Classification_of_Accident,Initial_Impact_Type,Environment_Condition,Light,Road_Surface_Condition,Traffic_Control,Traffic_Control_Condition,No__of_Vehicles,No__of_Bicycles,No__of_Motorcycles,No__of_Pedestrians,Max_Injury,No__of_Injuries,No__of_Minimal,No__of_Minor,No__of_Major,No__of_Fatal,X,Y,Latitude,Longitude,ObjectId
18--5060,5/9/2018,9:20 PM,RIVER RD btwn RIDEAU FOREST DR & KILBY LANE (__3ZA38V),__3ZA38V,04 - At/near private drive,03 - P.D. only,06 - SMV unattended vehicle,01 - Clear,07 - Dark,01 - Dry,10 - No control,,1,0,0,0,,0,,,,,370698.3609,5008933.218,45.21728079,-75.66096213,9559
18--5061,5/9/2018,9:21 AM,PARKDALE AVE @ RUSKIN ST (0006697),6697,02 - Intersection related,03 - P.D. only,05 - Turning movement,01 - Clear,01 - Daylight,01 - Dry,01 - Traffic signal,01 - Functioning,2,0,0,0,,0,,,,,365507.952,5028451.506,45.39337114,-75.72465112,9560
18--5062,5/10/2018,1:00 PM,HIGHWAY 417 btwn HWY417 IC134 RAMP35 & HWY417 IC134 RAMP25 (__3ZA29D),__3ZA29D,01 - Non intersection,03 - P.D. only,99 - Other,01 - Clear,01 - Daylight,01 - Dry,10 - No control,,2,0,0,0,,0,,,,,356422.8524,5022244.209,45.33824625,-75.8413242,9561
18--5063,5/10/2018,1:19 PM,CYRVILLE RD @ STAR TOP RD (0004210),4210,03 - At intersection,03 - P.D. only,02 - Angle,01 - Clear,01 - Daylight,01 - Dry,01 - Traffic signal,01 - Functioning,2,0,0,0,,0,,,,,373829.8557,5031519.151,45.42020144,-75.61794797,9562
18--5064,5/10/2018,1:28 PM,LYON ST @ SLATER ST (0002207),2207,03 - At intersection,03 - P.D. only,02 - Angle,01 - Clear,01 - Daylight,01 - Dry,01 - Traffic signal,01 - Functioning,2,0,0,0,,0,,,,,367102.7041,5031152.587,45.41753463,-75.70394395,9563
18--5065,5/10/2018,1:47 PM,VANIER PKWY SB btwn MCARTHUR AVE & VANIER PKWY (__3ZBOBV),__3ZBOBV,01 - Non intersection,03 - P.D. only,03 - Rear end,01 - Clear,01 - Daylight,01 - Dry,10 - No control,,2,0,0,0,,0,,,,,370209.0728,5032686.41,45.43105185,-75.66405363,9564
18--5066,5/10/2018,1:47 PM,VANIER PKWY SB btwn MCARTHUR AVE & VANIER PKWY (__3ZBOBV),__3ZBOBV,01 - Non intersection,03 - P.D. only,03 - Rear end,01 - Clear,01 - Daylight,01 - Dry,10 - No control,,4,0,0,0,,0,,,,,370211.1048,5032670.324,45.43090692,-75.6640298,9565
18--5067,5/10/2018,10:03 PM,MONTREAL RD btwn BEGIN ST & PARK ST (__3ZA3L5),__3ZA3L5,01 - Non intersection,03 - P.D. only,07 - SMV other,01 - Clear,07 - Dark,01 - Dry,10 - No control,,1,0,0,0,,0,,,,,370471.5071,5033290.061,45.43645865,-75.66061949,9566
18--5068,5/10/2018,11:14 AM,BAYSWATER AVE @ SOMERSET ST (0006486),6486,03 - At intersection,03 - P.D. only,07 - SMV other,01 - Clear,01 - Daylight,01 - Dry,01 - Traffic signal,01 - Functioning,1,0,0,0,,0,,,,,365812.7004,5029911.567,45.40648193,-75.72057869,9567
18--5069,5/10/2018,11:28 AM,FALLOWFIELD RD @ MERIVALE RD (0000587),587,03 - At intersection,02 - Non-fatal injury,02 - Angle,02 - Rain,01 - Daylight,02 - Wet,01 - Traffic signal,01 - Functioning,2,0,0,0,02 - Minor,1,,1,,,366891.2941,5018844.564,45.3068084,-75.70819132,9568
18--507,1/8/2018,6:48 PM,CLEMENTINE BLVD @ HERON RD (0006858),6858,02 - Intersection related,03 - P.D. only,03 - Rear end,03 - Snow,07 - Dark,04 - Slush,01 - Traffic signal,01 - Functioning,2,0,0,0,,0,,,,,369547.7215,5026786.536,45.37802841,-75.6732797,9569
18--5070,5/10/2018,Unknown,GLOUCESTER ST btwn LYON ST N & KENT ST (__3ZA9NX),__3ZA9NX,01 - Non intersection,03 - P.D. only,06 - SMV unattended vehicle,02 - Rain,00 - Unknown,02 - Wet,10 - No control,,1,0,0,0,,0,,,,,367319.5566,5031076.255,45.41682847,-75.70118313,9570
18--5071,5/10/2018,Unknown,CYR AVE btwn MCARTHUR AVE & GLADU ST (__3ZA7BM),__3ZA7BM,01 - Non intersection,03 - P.D. only,06 - SMV unattended vehicle,01 - Clear,00 - Unknown,01 - Dry,10 - No control,,1,0,0,0,,0,,,,,370350.3433,5032760.023,45.43170096,-75.66223855,9571
18--5072,5/10/2018,12:03 PM,HUNTER'S RUN DR @ JEANNE D'ARC BLVD (0012419),12419,03 - At intersection,03 - P.D. only,07 - SMV other,02 - Rain,01 - Daylight,02 - Wet,01 - Traffic signal,01 - Functioning,1,0,0,0,,0,,,,,380567.7472,5036174.573,45.46139015,-75.53114745,9572
18--5073,5/10/2018,12:11 PM,GREENBANK RD @ IRIS ST/HWY 417 IC129 RAMP51 (0009073),9073,02 - Intersection related,03 - P.D. only,03 - Rear end,02 - Rain,01 - Daylight,02 - Wet,01 - Traffic signal,01 - Functioning,2,0,0,0,,0,,,,,360531.1224,5023312.737,45.34754655,-75.78878873,9573
18--5074,5/10/2018,12:12 PM,RIVERSIDE DR @ TREMBLAY RD/HWY417 IC117 RAMP52 (0010790),10790,02 - Intersection related,02 - Non-fatal injury,03 - Rear end,02 - Rain,01 - Daylight,02 - Wet,01 - Traffic signal,01 - Functioning,3,0,0,0,01 - Minimal,1,1,,,,370801.9808,5031016.432,45.41597038,-75.65670068,9574
18--5075,5/10/2018,12:58 PM,JEANNE D'ARC BLVD @ MONTCERF CRT (0004155),4155,02 - Intersection related,03 - P.D. only,03 - Rear end,02 - Rain,01 - Daylight,02 - Wet,01 - Traffic signal,01 - Functioning,2,0,0,0,,0,,,,,381117.048,5036287.37,45.46234522,-75.52410697,9575
18--5076,5/10/2018,2:16 PM,CARLING AVE @ PARKDALE AVE (0008792),8792,03 - At intersection,02 - Non-fatal injury,05 - Turning movement,01 - Clear,01 - Daylight,01 - Dry,01 - Traffic signal,01 - Functioning,2,0,0,0,01 - Minimal,1,1,,,,365625.3987,5028173.593,45.39086035,-75.72318552,9576
18--5077,5/10/2018,3:29 PM,WATTERS RD btwn MONTCREST DR & TRIM RD (__3ZA5TU),__3ZA5TU,04 - At/near private drive,03 - P.D. only,02 - Angle,01 - Clear,01 - Daylight,01 - Dry,10 - No control,,2,0,0,0,,0,,,,,384928.5095,5038685.091,45.48349083,-75.47498511,9577
18--5078,5/10/2018,3:44 PM,HIGHWAY 417 btwn HWY417 IC122 RAMP61 & HWY417 IC121B RAMP16 (__3ZA2Y4),__3ZA2Y4,01 - Non intersection,03 - P.D. only,03 - Rear end,01 - Clear,01 - Daylight,01 - Dry,10 - No control,,2,0,0,0,,0,,,,,365824.478,5029215.825,45.40022079,-75.72051434,9578
18--5079,5/10/2018,4:29 PM,HIGHWAY 417 btwn HWY417 IC124 RAMP65 & HWY417 IC122 RAMP51 (__3ZA2R8),__3ZA2R8,01 - Non intersection,03 - P.D. only,03 - Rear end,01 - Clear,01 - Daylight,01 - Dry,10 - No control,,6,0,0,0,,0,,,,,365010.7451,5028465.867,45.39354328,-75.73099901,9579
18--508,1/8/2018,6:50 PM,HIGHWAY 7 btwn HWY 7 HAZELDEAN RD IC RAMP 52 & HAZELDEAN RD IC RAMP 62 (__7JQ7JA),__7JQ7JA,01 - Non intersection,03 - P.D. only,07 - SMV other,01 - Clear,07 - Dark,03 - Loose snow,10 - No control,,1,0,0,0,,0,,,,,346408.32,5012373.532,45.25009161,-75.96992541,9580
18--5080,5/10/2018,4:58 PM,MEADOWLANDS DR @ SULLIVAN AVE (0001692),1692,03 - At intersection,03 - P.D. only,02 - Angle,01 - Clear,01 - Daylight,01 - Dry,02 - Stop sign,01 - Functioning,2,0,0,0,,0,,,,,363393.8567,5022913.336,45.34371946,-75.75230639,9581
18--5081,5/10/2018,5:03 PM,HERON RD @ JEFFERSON ST (0007192),7192,03 - At intersection,02 - Non-fatal injury,02 - Angle,01 - Clear,01 - Daylight,01 - Dry,01 - Traffic signal,01 - Functioning,3,0,0,0,01 - Minimal,2,2,,,,371808.7252,5027052.541,45.38020923,-75.64437754,9582
18--5082,5/10/2018,5:03 PM,COBOURG ST @ ST. PATRICK ST (0011483),11483,02 - Intersection related,03 - P.D. only,04 - Sideswipe,01 - Clear,01 - Daylight,01 - Dry,01 - Traffic signal,01 - Functioning,2,0,0,0,,0,,,,,368802.4119,5033234.255,45.4361113,-75.68195807,9583
18--5083,5/10/2018,5:10 PM,CARLING AVE @ BROADVIEW AVE (0006707),6707,03 - At intersection,03 - P.D. only,05 - Turning movement,01 - Clear,01 - Daylight,01 - Dry,01 - Traffic signal,01 - Functioning,2,0,0,0,,0,,,,,363180.2749,5026639.249,45.37726264,-75.75459148,9584
18--5084,5/10/2018,5:15 PM,HIGHWAY 417 btwn HWY417 IC129 RAMP25 & TRANSIT (__3ZA2SH),__3ZA2SH,01 - Non intersection,02 - Non-fatal injury,03 - Rear end,01 - Clear,01 - Daylight,01 - Dry,10 - No control,,3,0,0,0,01 - Minimal,3,3,,,,360894.9314,5023868.898,45.35252187,-75.78408327,9585
18--5085,5/10/2018,5:16 PM,WELLINGTON ST btwn METCALFE ST & ELGIN ST (__3ZA4SP),__3ZA4SP,01 - Non intersection,03 - P.D. only,07 - SMV other,01 - Clear,01 - Daylight,00 - Unknown,10 - No control,,1,0,0,0,,0,,,,,367646.8142,5031866.74,45.42391168,-75.69690131,9586
18--5086,5/10/2018,5:25 PM,INNES RD btwn PORTOBELLO BLVD & PROVENCE AVE (__3ZAZNE),__3ZAZNE,01 - Non intersection,03 - P.D. only,07 - SMV other,01 - Clear,01 - Daylight,01 - Dry,10 - No control,,1,0,0,0,,0,,,,,385650.9259,5036900.052,45.46734753,-75.46603914,9587
18--5087,5/10/2018,5:40 AM,BANK ST btwn QUEENSDALE AVE & LESTER RD (__3ZA2LF),__3ZA2LF,01 - Non intersection,03 - P.D. only,07 - SMV other,01 - Clear,03 - Dawn,08 - Loose sand or gravel,10 - No control,,1,0,0,0,,0,,,,,373455.6733,5023310.415,45.34637962,-75.62387029,9588
18--5088,5/10/2018,5:41 PM,225 E OF RIVERSIDE DR / T & T SC @ HUNT CLUB RD (0013516),13516,03 - At intersection,03 - P.D. only,05 - Turning movement,01 - Clear,01 - Daylight,01 - Dry,01 - Traffic signal,01 - Functioning,2,0,0,0,,0,,,,,368235.6976,5022055.979,45.335584,-75.69063741,9589
18--5089,5/10/2018,5:45 PM,ALBION RD @ LESTER RD (0004175),4175,03 - At intersection,03 - P.D. only,05 - Turning movement,01 - Clear,01 - Daylight,01 - Dry,01 - Traffic signal,01 - Functioning,2,0,0,0,,0,,,,,372694.7664,5022332.634,45.33765596,-75.63371346,9590
18--509,1/8/2018,6:58 AM,JEANNE D'ARC BLVD @ OR174 IC105 RAMP52 (0012417),12417,02 - Intersection related,03 - P.D. only,04 - Sideswipe,03 - Snow,03 - Dawn,03 - Loose snow,01 - Traffic signal,00 - Unknown,2,0,0,0,,0,,,,,379455.7419,5036917.585,45.46819492,-75.54525196,9591
18--5090,5/10/2018,5:55 PM,HAMILTON AVE @ TYNDALL ST (0005623),5623,02 - Intersection related,02 - Non-fatal injury,03 - Rear end,01 - Clear,01 - Daylight,01 - Dry,02 - Stop sign,01 - Functioning,2,0,0,0,01 - Minimal,1,1,,,,365187.0866,5028981.296,45.39816582,-75.72868392,9592
18--5091,5/10/2018,6:00 AM,PLACID ST @ RILEY AVE (0003041),3041,02 - Intersection related,03 - P.D. only,06 - SMV unattended vehicle,01 - Clear,03 - Dawn,01 - Dry,10 - No control,,1,0,0,0,,0,,,,,361424.226,5023187.534,45.34634845,-75.77740665,9593
18--5092,5/10/2018,7:30 PM,BANK ST @ HUNT CLUB RD (0002119),2119,02 - Intersection related,03 - P.D. only,03 - Rear end,01 - Clear,01 - Daylight,01 - Dry,01 - Traffic signal,01 - Functioning,2,0,0,0,,0,,,,,371608.6922,5024096.452,45.35363048,-75.64733116,9594
18--5093,5/10/2018,7:50 PM,BANTREE ST @ BLACKWELL ST (0008392),8392,03 - At intersection,02 - Non-fatal injury,02 - Angle,01 - Clear,01 - Daylight,01 - Dry,02 - Stop sign,01 - Functioning,2,0,0,0,02 - Minor,1,,1,,,374450.5374,5029961.739,45.40612713,-75.61023804,9595
18--5094,5/10/2018,8:00 PM,FRANK ST btwn BANK ST & O'CONNOR ST (__3ZA8GQ),__3ZA8GQ,01 - Non intersection,03 - P.D. only,06 - SMV unattended vehicle,01 - Clear,05 - Dusk,01 - Dry,10 - No control,,1,0,0,0,,0,,,,,368035.899,5030688.568,45.41327582,-75.69208102,9596
18--5095,5/10/2018,8:14 AM,MERIVALE RD btwn CENTRAL PARK DR S & MERIVALE RD (__3ZAZKW),__3ZAZKW,01 - Non intersection,02 - Non-fatal injury,03 - Rear end,02 - Rain,01 - Daylight,02 - Wet,10 - No control,,2,0,0,0,01 - Minimal,1,1,,,,364990.7793,5025568.475,45.36747481,-75.73160722,9597
18--5096,5/10/2018,8:15 AM,CENTURY RD S @ MCCORDICK RD S (0003724),3724,03 - At intersection,03 - P.D. only,02 - Angle,02 - Rain,01 - Daylight,02 - Wet,02 - Stop sign,01 - Functioning,2,0,0,0,,0,,,,,360469.6287,5003123.311,45.16588437,-75.79183519,9598
18--5097,5/10/2018,8:20 PM,QUEEN MARY ST @ VANIER PKWY (0007648),7648,02 - Intersection related,03 - P.D. only,02 - Angle,01 - Clear,05 - Dusk,01 - Dry,01 - Traffic signal,01 - Functioning,2,0,0,0,,0,,,,,370363.708,5031957.67,45.42448047,-75.66217458,9599
18--5098,5/10/2018,8:25 PM,HIGHWAY 417 btwn HWY417 IC127 RAMP67 & HWY417 IC126 RAMP16 (__3ZA2X0),__3ZA2X0,01 - Non intersection,02 - Non-fatal injury,03 - Rear end,01 - Clear,05 - Dusk,01 - Dry,10 - No control,,2,0,0,0,01 - Minimal,2,2,,,,362553.814,5025189.637,45.3642711,-75.76275905,9600
18--5099,5/10/2018,8:35 PM,INNES RD @ 298 E OF WILDFLOWER DR/LOBLAWS SC (0012918),12918,03 - At intersection,02 - Non-fatal injury,05 - Turning movement,01 - Clear,05 - Dusk,01 - Dry,01 - Traffic signal,01 - Functioning,2,0,0,0,01 - Minimal,1,1,,,,383190.8577,5035796.423,45.45769848,-75.49767074,9601
18--51,1/2/2018,1:55 PM,CARLING AVE @ KIRKWOOD AVE S (0002209),2209,02 - Intersection related,03 - P.D. only,03 - Rear end,03 - Snow,01 - Daylight,03 - Loose snow,01 - Traffic signal,01 - Functioning,2,0,0,0,,0,,,,,364351.7004,5027337.549,45.38344724,-75.73955162,9602
18--510,1/8/2018,7:00 AM,BRONSON AVE @ HWY 417 BRONSON IC121AR51 (0002693),2693,02 - Intersection related,03 - P.D. only,03 - Rear end,03 - Snow,03 - Dawn,03 - Loose snow,01 - Traffic signal,01 - Functioning,2,0,0,0,,0,,,,,367288.7124,5029710.558,45.40454309,-75.70175031,9603
18--5100,5/10/2018,8:45 AM,PARKDALE AVE @ SCOTT ST (0002213),2213,02 - Intersection related,03 - P.D. only,04 - Sideswipe,01 - Clear,01 - Daylight,01 - Dry,01 - Traffic signal,01 - Functioning,2,0,0,0,,0,,,,,364949.7034,5029726.561,45.40489198,-75.73162481,9604
18--5101,5/10/2018,9:17 AM,SOMERSET ST    W btwn CAMBRIDGE ST N & BRONSON AVE (__3ZA33K),__3ZA33K,04 - At/near private drive,03 - P.D. only,02 - Angle,02 - Rain,01 - Daylight,02 - Wet,10 - No control,,2,0,0,0,,0,,,,,366959.7913,5030471.291,45.41141724,-75.70585573,9605
18--5102,5/10/2018,9:25 AM,LEES AVE / GRAHAM AVE @ MAIN ST (0002252),2252,03 - At intersection,03 - P.D. only,05 - Turning movement,01 - Clear,01 - Daylight,01 - Dry,01 - Traffic signal,01 - Functioning,2,0,0,0,,0,,,,,369001.2818,5030560.41,45.41203479,-75.67976499,9606
18--5103,5/10/2018,9:45 AM,BEECHWOOD AVE @ GREEN AVE (0005754),5754,02 - Intersection related,03 - P.D. only,03 - Rear end,02 - Rain,01 - Daylight,02 - Wet,02 - Stop sign,00 - Unknown,2,0,0,0,,0,,,,,369671.4431,5034012.45,45.44303309,-75.67074921,9607
18--5104,5/10/2018,9:48 PM,MURRAY ST btwn PARENT AVE & DALHOUSIE ST (__3ZA3WK),__3ZA3WK,01 - Non intersection,03 - P.D. only,99 - Other,01 - Clear,07 - Dark,01 - Dry,10 - No control,,2,0,0,0,,0,,,,,367881.7292,5032500.443,45.42959238,-75.69381855,9608
18--5105,5/11/2018,1:26 PM,SMYTH RD E/LANCASTER RD @ ST. LAURENT BLVD N/R (0002256),2256,02 - Intersection related,03 - P.D. only,03 - Rear end,01 - Clear,01 - Daylight,01 - Dry,01 - Traffic signal,01 - Functioning,2,0,0,0,,0,,,,,373365.3984,5029424.431,45.40139982,-75.62417339,9609
18--5106,5/11/2018,10:00 AM,GOLDEN AVE @ RICHMOND RD (0006932),6932,02 - Intersection related,03 - P.D. only,04 - Sideswipe,01 - Clear,01 - Daylight,01 - Dry,01 - Traffic signal,01 - Functioning,2,0,0,0,,0,,,,,362862.6889,5028026.546,45.38977174,-75.75848295,9610
18--5107,5/11/2018,10:26 AM,EAGLESON RD @ KAKULU RD (0003188),3188,02 - Intersection related,02 - Non-fatal injury,04 - Sideswipe,01 - Clear,01 - Daylight,01 - Dry,01 - Traffic signal,01 - Functioning,2,0,0,0,02 - Minor,1,,1,,,353381.8434,5019151.823,45.31063756,-75.88042665,9611
18--5838,5/31/2018,5:10 PM,RICHMOND RD @ EDGEWORTH AVE/MCEWEN AVE (0002352),2352,02 - Intersection related,03 - P.D. only,03 - Rear end,01 - Clear,01 - Daylight,01 - Dry,01 - Traffic signal,01 - Functioning,3,0,0,0,,0,,,,,361075.6274,5025883.63,45.37063584,-75.78154788,9612
18--5839,5/31/2018,5:12 PM,BELFAST RD @ ST. LAURENT BLVD (0007658),7658,03 - At intersection,03 - P.D. only,07 - SMV other,01 - Clear,01 - Daylight,01 - Dry,01 - Traffic signal,01 - Functioning,1,0,0,0,,0,,,,,372860.7241,5030578.562,45.41183341,-75.63045983,9613
18--584,1/10/2018,10:46 AM,CASTLEFRANK RD btwn HAZELDEAN RD & TO BE DETERMINED (__3ZA1Z2),__3ZA1Z2,04 - At/near private drive,03 - P.D. only,99 - Other,01 - Clear,01 - Daylight,01 - Dry,10 - No control,,2,0,0,0,,0,,,,,352713.0697,5017635.654,45.29704066,-75.8891017,9614
18--574,1/9/2018,9:02 AM,VALADE CRES btwn SIDNEY DR & SIDNEY DR (__3ZA1FW),__3ZA1FW,04 - At/near private drive,03 - P.D. only,02 - Angle,01 - Clear,01 - Daylight,06 - Ice,10 - No control,,2,0,0,0,,0,,,,,383383.9785,5037835.051,45.47601853,-75.49487587,9615
18--5840,5/31/2018,5:50 PM,HIGHWAY 417 btwn HWY417 IC122 RAMP15 & HWY417 IC121B RAMP51 (__3ZA2RB),__3ZA2RB,01 - Non intersection,03 - P.D. only,03 - Rear end,01 - Clear,01 - Daylight,01 - Dry,10 - No control,,2,0,0,0,,0,,,,,366462.4009,5029479.221,45.40253486,-75.71233378,9616
18--5740,5/29/2018,6:00 PM,OTTAWA RIVER PKWY WB btwn TUNNEY'S PASTURE/REMIC RAPIDS ENT & PARKDALE (__3ZA24KB),__3ZA24KB,01 - Non intersection,03 - P.D. only,03 - Rear end,01 - Clear,01 - Daylight,01 - Dry,10 - No control,,2,0,0,0,,0,,,,,364530.2616,5030457.868,45.41150804,-75.73689384,9617
18--5841,5/31/2018,5:50 PM,HIGHWAY 417 btwn HWY417 IC122 RAMP15 & HWY417 IC121B RAMP51 (__3ZA2RB),__3ZA2RB,01 - Non intersection,03 - P.D. only,04 - Sideswipe,01 - Clear,01 - Daylight,01 - Dry,10 - No control,,2,0,0,0,,0,,,,,366369.5571,5029447.307,45.40225588,-75.71352363,9618
18--5741,5/29/2018,6:10 PM,HUNT CLUB RD btwn RIVERSIDE DR & LINDBERGH PRIV (__4B3PLN),__4B3PLN,01 - Non intersection,03 - P.D. only,04 - Sideswipe,01 - Clear,01 - Daylight,01 - Dry,10 - No control,,2,0,0,0,,0,,,,,368171.961,5022016.469,45.33523426,-75.69145559,9619
18--5842,5/31/2018,6:35 AM,LEITRIM RD btwn 810 W OF HAWTHORNE & HAWTHORNE RD (__3ZA3SPB),__3ZA3SPB,01 - Non intersection,03 - P.D. only,07 - SMV other,01 - Clear,01 - Daylight,01 - Dry,10 - No control,,1,0,0,0,,0,,,,,376953.5231,5022655.753,45.3401382,-75.57933462,9620
18--5742,5/29/2018,6:19 PM,WOODROFFE AVE btwn CARLING AVE & FOX CRES (__3ZA4NI),__3ZA4NI,01 - Non intersection,03 - P.D. only,05 - Turning movement,01 - Clear,01 - Daylight,01 - Dry,10 - No control,,2,0,0,0,,0,,,,,361801.2345,5025638.487,45.36837142,-75.77231333,9621
18--5843,5/31/2018,6:35 PM,BASELINE RD btwn LOBLAWS SC & MERIVALE RD (__3ZA4ISC),__3ZA4ISC,01 - Non intersection,03 - P.D. only,03 - Rear end,02 - Rain,01 - Daylight,02 - Wet,10 - No control,,3,0,0,0,,0,,,,,364836.1568,5025188.572,45.36406976,-75.73362711,9622
18--5743,5/29/2018,6:31 PM,NORTH RIVER RD @ WASHINGTON AVE (0009951),9951,02 - Intersection related,03 - P.D. only,02 - Angle,01 - Clear,01 - Daylight,01 - Dry,02 - Stop sign,01 - Functioning,2,0,0,0,,0,,,,,369871.684,5032504.647,45.42944789,-75.66838912,9623
18--5844,5/31/2018,6:55 PM,AIRPORT PKWY btwn AIRPORT PKWY/WALKLEY RD SOUTHBOUND ON RAMP           (__3ZA1KS),__3ZA1KS,01 - Non intersection,03 - P.D. only,03 - Rear end,01 - Clear,01 - Daylight,01 - Dry,10 - No control,,2,0,0,0,,0,,,,,370183.2743,5025346.44,45.36501186,-75.66535623,9624
18--5379,5/18/2018,5:14 PM,MITCH OWENS RD @ STAGECOACH RD (0003576),3576,03 - At intersection,02 - Non-fatal injury,05 - Turning movement,01 - Clear,01 - Daylight,01 - Dry,01 - Traffic signal,01 - Functioning,3,0,0,0,03 - Major,2,,1,1,,375399.7931,5014484.403,45.26677346,-75.60032119,9625
18--5744,5/29/2018,6:34 PM,BLAIR RD @ REGIONAL RD 174 N/OR174 IC112 RAMP61 (0003617),3617,02 - Intersection related,03 - P.D. only,03 - Rear end,01 - Clear,01 - Daylight,01 - Dry,01 - Traffic signal,01 - Functioning,2,0,0,0,,0,,,,,374634.7549,5032991.396,45.43336802,-75.6074556,9626
18--5745,5/29/2018,6:45 PM,ST. JOSEPH BLVD btwn ST. JOSEPH BLVD & PLACE D'ORLEANS DR (__3ZA2AV),__3ZA2AV,01 - Non intersection,03 - P.D. only,04 - Sideswipe,01 - Clear,01 - Daylight,01 - Dry,10 - No control,,2,0,0,0,,0,,,,,381859.2962,5037885.293,45.47664049,-75.51436642,9627
18--5746,5/29/2018,7:05 PM,KILMAURS SIDE RD @ WOODKILTON RD (0002485),2485,03 - At intersection,03 - P.D. only,02 - Angle,01 - Clear,01 - Daylight,01 - Dry,02 - Stop sign,01 - Functioning,2,0,0,0,,0,,,,,334869.5314,5037291.832,45.47490532,-76.11540511,9628
18--5747,5/29/2018,7:06 PM,CLEARBROOK DR/MARKETPLACE AVE @ LONGFIELDS DR (0011162),11162,03 - At intersection,02 - Non-fatal injury,05 - Turning movement,01 - Clear,01 - Daylight,01 - Dry,01 - Traffic signal,01 - Functioning,2,0,0,0,02 - Minor,1,,1,,,364632.1442,5014953.534,45.27199312,-75.73746743,9629
18--5748,5/29/2018,7:06 PM,HIGWOOD DR btwn WALLFORD WAY & BUFFALO CIRC (__3ZAAMC),__3ZAAMC,01 - Non intersection,03 - P.D. only,06 - SMV unattended vehicle,01 - Clear,01 - Daylight,01 - Dry,10 - No control,,1,0,0,0,,0,,,,,365388.2674,5024900.979,45.36143454,-75.72661521,9630
18--5749,5/29/2018,7:09 PM,FALLOWFIELD RD btwn WOODROFFE AVE & VIA PARK PL/275 W OF WOODROFFE AVE (__3ZA3IKD),__3ZA3IKD,01 - Non intersection,03 - P.D. only,03 - Rear end,01 - Clear,01 - Daylight,01 - Dry,10 - No control,,2,0,0,0,,0,,,,,364958.7953,5017830.384,45.29785105,-75.732956,9631
18--575,1/9/2018,9:05 AM,TERRY FOX DR @ PALLADIUM DR/KATIMAVIK RD (0011858),11858,02 - Intersection related,03 - P.D. only,03 - Rear end,01 - Clear,01 - Daylight,02 - Wet,01 - Traffic signal,01 - Functioning,2,0,0,0,,0,,,,,351269.718,5018181.776,45.30205176,-75.90745245,9632
18--5750,5/29/2018,7:20 PM,INNES RD @ LANTHIER DR/PRESTWICK DR (0004251),4251,02 - Intersection related,03 - P.D. only,03 - Rear end,01 - Clear,01 - Daylight,01 - Dry,01 - Traffic signal,01 - Functioning,2,0,0,0,,0,,,,,383540.9601,5035988.493,45.45938719,-75.49316416,9633
18--5751,5/29/2018,7:20 PM,BANK ST btwn SIEVERIGHT AVE & ATHANS AVE (__3ZAYF2),__3ZAYF2,01 - Non intersection,03 - P.D. only,04 - Sideswipe,01 - Clear,01 - Daylight,01 - Dry,10 - No control,,2,0,0,0,,0,,,,,372590.1935,5023965.271,45.35235597,-75.63482383,9634
18--5752,5/29/2018,8:01 AM,HIGHWAY 417 btwn HWY417 IC129 RAMP25 & HWY417 IC129 RAMP35 (__3ZAYFR),__3ZAYFR,01 - Non intersection,03 - P.D. only,03 - Rear end,01 - Clear,01 - Daylight,01 - Dry,10 - No control,,2,0,0,0,,0,,,,,360471.416,5023536.4,45.34956381,-75.78952544,9635
18--5753,5/29/2018,8:48 AM,CONROY RD @ WALKLEY RD (0002648),2648,02 - Intersection related,03 - P.D. only,99 - Other,01 - Clear,01 - Daylight,01 - Dry,01 - Traffic signal,01 - Functioning,2,0,0,0,,0,,,,,372903.7225,5027463.531,45.38380156,-75.63034062,9636
18--5754,5/29/2018,8:52 AM,METCALFE ST @ SLATER ST (0002233),2233,02 - Intersection related,02 - Non-fatal injury,07 - SMV other,01 - Clear,01 - Daylight,01 - Dry,01 - Traffic signal,01 - Functioning,1,0,0,1,01 - Minimal,1,1,,,,367731.6966,5031549.576,45.42105031,-75.69585725,9637
18--5755,5/29/2018,8:52 AM,RAJ TER btwn MANJU ST & EWING ST (__3ZA8N4),__3ZA8N4,04 - At/near private drive,03 - P.D. only,02 - Angle,01 - Clear,01 - Daylight,01 - Dry,10 - No control,,2,0,0,0,,0,,,,,373697.1387,5026234.139,45.37266243,-75.62038172,9638
18--5756,5/29/2018,9:00 PM,INNES RD @ TENTH LINE RD (0004633),4633,02 - Intersection related,03 - P.D. only,03 - Rear end,01 - Clear,07 - Dark,01 - Dry,01 - Traffic signal,01 - Functioning,2,0,0,0,,0,,,,,383951.3688,5036159.681,45.46088101,-75.48788966,9639
18--5757,5/29/2018,9:03 AM,BANK ST @ RIVERSIDE DR N (0010778),10778,02 - Intersection related,02 - Non-fatal injury,03 - Rear end,01 - Clear,01 - Daylight,01 - Dry,01 - Traffic signal,01 - Functioning,2,0,0,0,02 - Minor,1,,1,,,369225.7242,5027983.554,45.38882848,-75.67723442,9640
18--5758,5/29/2018,9:07 AM,HERON RD btwn SANDALWOOD DR & JEFFERSON ST (__3ZA3AG),__3ZA3AG,01 - Non intersection,03 - P.D. only,04 - Sideswipe,01 - Clear,01 - Daylight,01 - Dry,10 - No control,,2,0,0,0,,0,,,,,371473.539,5027014.806,45.37990168,-75.64866209,9641