Anom_ID,Accident_Date,Accident_Time,Location,Geo_ID,Accident_Location,Classification_of_Accident,Initial_Impact_Type,Environment_Condition,Light,Road_Surface_Condition,Traffic_Control,Traffic_Control_Condition,No__of_Vehicles,No__of_Bicycles,No__of_Motorcycles,No__of_Pedestrians,Max_Injury,No__of_Injuries,No__of_Minimal,No__of_Minor,No__of_Major,No__of_Fatal,X,Y,Latitude,Longitude,ObjectId
18--5759,5/29/2018,9:09 PM,LAURIER AVE @ NICHOLAS ST (0010711),10711,02 - Intersection related,02 - Non-fatal injury,03 - Rear end,01 - Clear,07 - Dark,01 - Dry,01 - Traffic signal,01 - Functioning,2,0,0,0,01 - Minimal,1,1,,,,368373.4367,5031798.545,45.42323243,-75.68762578,9642
18--576,1/9/2018,9:06 AM,MONTREAL RD btwn BETHAMY LANE & OGILVIE RD (__3ZA2DX),__3ZA2DX,04 - At/near private drive,03 - P.D. only,02 - Angle,01 - Clear,01 - Daylight,01 - Dry,10 - No control,,2,0,0,0,,0,,,,,375574.9441,5034505.715,45.44689844,-75.59522296,9643
18--5760,5/29/2018,9:11 AM,WEST HUNT CLUB RD EB btwn KNOXDALE RD & WOODROFFE AVE (__3ZA17C),__3ZA17C,01 - Non intersection,03 - P.D. only,99 - Other,01 - Clear,01 - Daylight,01 - Dry,10 - No control,,2,0,0,0,,0,,,,,362628.5357,5020781.824,45.32460373,-75.76232059,9644
18--5761,5/29/2018,9:47 AM,WEST HUNT CLUB RD @ CLEOPATRA DR/LANCELOT DR (0000114),114,02 - Intersection related,03 - P.D. only,03 - Rear end,01 - Clear,01 - Daylight,01 - Dry,01 - Traffic signal,01 - Functioning,2,0,0,0,,0,,,,,365235.6898,5021732.544,45.33293858,-75.72894979,9645
18--5762,5/30/2018,1:00 PM,ALTA VISTA DR @ SMYTH RD (0011353),11353,03 - At intersection,03 - P.D. only,05 - Turning movement,01 - Clear,01 - Daylight,01 - Dry,01 - Traffic signal,01 - Functioning,2,0,0,0,,0,,,,,370432.6454,5029081.599,45.39859624,-75.66167669,9646
18--5763,5/30/2018,10:02 PM,BASELINE RD @ SANDCASTLE DR (0001122),1122,03 - At intersection,03 - P.D. only,02 - Angle,01 - Clear,07 - Dark,01 - Dry,01 - Traffic signal,01 - Functioning,2,0,0,0,,0,,,,,359629.5569,5021987.572,45.33569376,-75.80044004,9647
18--5764,5/30/2018,10:07 PM,BLACKBURN BYPASS WB btwn NAVAN RD & 1700 W OF NAVAN RD (__3ZA3J5B),__3ZA3J5B,01 - Non intersection,02 - Non-fatal injury,07 - SMV other,01 - Clear,07 - Dark,01 - Dry,10 - No control,,1,0,0,0,02 - Minor,1,,1,,,379199.7148,5033002.356,45.43299586,-75.54911792,9648
18--5765,5/30/2018,10:45 AM,DONALD ST @ VANIER PKWY (0007644),7644,02 - Intersection related,03 - P.D. only,04 - Sideswipe,01 - Clear,01 - Daylight,01 - Dry,01 - Traffic signal,01 - Functioning,2,0,0,0,,0,,,,,370311.6504,5032270.724,45.42730207,-75.6627981,9649
18--5766,5/30/2018,11:06 AM,BANK ST btwn QUEENSDALE AVE & LESTER RD (__3ZA2LF),__3ZA2LF,01 - Non intersection,02 - Non-fatal injury,03 - Rear end,01 - Clear,01 - Daylight,01 - Dry,10 - No control,,2,0,0,0,01 - Minimal,1,1,,,,373351.3612,5023431.78,45.34748182,-75.62518447,9650
18--5767,5/30/2018,11:09 AM,BASELINE RD @ MERIVALE RD (0002342),2342,02 - Intersection related,02 - Non-fatal injury,04 - Sideswipe,01 - Clear,01 - Daylight,01 - Dry,01 - Traffic signal,01 - Functioning,2,0,0,0,01 - Minimal,1,1,,,,365054.6406,5025325.525,45.3652833,-75.73082167,9651
18--5768,5/30/2018,12:00 PM,SERRA RIDGE btwn SOLEIL AVE & SOLSTICE WAY (__8XI26D),__8XI26D,04 - At/near private drive,03 - P.D. only,06 - SMV unattended vehicle,02 - Rain,01 - Daylight,02 - Wet,10 - No control,,1,0,0,0,,0,,,,,386192.333,5035228.047,45.45224161,-75.45939329,9652
18--5769,5/30/2018,12:29 PM,JINKINSON RD btwn FERNBANK RD & HAZELDEAN RD (__7JQ7K3),__7JQ7K3,01 - Non intersection,03 - P.D. only,07 - SMV other,01 - Clear,01 - Daylight,01 - Dry,10 - No control,,1,0,0,0,,0,,,,,346371.744,5011948.039,45.24626499,-75.97042694,9653
18--577,1/9/2018,9:17 AM,CARLING AVE @ MERIVALE RD (0002148),2148,02 - Intersection related,02 - Non-fatal injury,03 - Rear end,01 - Clear,01 - Daylight,03 - Loose snow,01 - Traffic signal,01 - Functioning,2,0,0,0,01 - Minimal,1,1,,,,364894.7033,5027700.544,45.38666703,-75.73257414,9654
18--5770,5/30/2018,12:38 PM,STITTSVILLE MAIN ST @ PORTER ST (0000077),77,02 - Intersection related,03 - P.D. only,04 - Sideswipe,01 - Clear,01 - Daylight,01 - Dry,02 - Stop sign,01 - Functioning,2,0,0,0,,0,,,,,350945.9948,5012292.742,45.24908171,-75.91212752,9655
18--5771,5/30/2018,12:40 PM,ISLAND PARK DR btwn IONA ST & HELENA ST (__3ZA231),__3ZA231,01 - Non intersection,03 - P.D. only,03 - Rear end,01 - Clear,01 - Daylight,01 - Dry,10 - No control,,2,0,0,0,,0,,,,,364390.4727,5028292.527,45.39203666,-75.73894125,9656
18--5772,5/30/2018,12:42 PM,MCARTHUR AVE @ VANIER PKWY (0004626),4626,02 - Intersection related,03 - P.D. only,03 - Rear end,01 - Clear,01 - Daylight,01 - Dry,01 - Traffic signal,01 - Functioning,2,0,0,0,,0,,,,,370218.5556,5032690.545,45.43108816,-75.6639319,9657
18--5773,5/30/2018,12:59 PM,INDUSTRIAL AVE btwn RUSSELL RD & ST. LAURENT BLVD (__3ZA3R7),__3ZA3R7,01 - Non intersection,03 - P.D. only,04 - Sideswipe,01 - Clear,01 - Daylight,01 - Dry,10 - No control,,2,0,0,0,,0,,,,,372546.9631,5030238.829,45.40880709,-75.63451465,9658
18--5774,5/30/2018,2:08 PM,RIVERSIDE DR @ UPLANDS DR/KIMBERWICK CRES N (0006890),6890,03 - At intersection,03 - P.D. only,05 - Turning movement,01 - Clear,01 - Daylight,01 - Dry,01 - Traffic signal,01 - Functioning,3,0,0,0,,0,,,,,368194.7161,5022793.5,45.34222376,-75.69106573,9659
18--5775,5/30/2018,2:19 PM,MAITLAND AVE btwn CARLING AVE & DUNCAN PL (__3ZA4JY),__3ZA4JY,01 - Non intersection,03 - P.D. only,04 - Sideswipe,01 - Clear,01 - Daylight,01 - Dry,10 - No control,,2,0,0,0,,0,,,,,362975.181,5026407.53,45.37519472,-75.75723723,9660
18--5776,5/30/2018,3:20 PM,MERIVALE RD btwn CLYDE AVE & RITA AVE (__3ZA4H7),__3ZA4H7,01 - Non intersection,03 - P.D. only,03 - Rear end,01 - Clear,01 - Daylight,01 - Dry,10 - No control,,2,0,0,0,,0,,,,,364551,5024439.142,45.35735086,-75.73735746,9661
18--5777,5/30/2018,3:30 PM,ROCKCLIFFE PKWY btwn LISGAR RD & BUENA VISTA RD (__3ZAZPE),__3ZAZPE,01 - Non intersection,03 - P.D. only,03 - Rear end,01 - Clear,01 - Daylight,01 - Dry,10 - No control,,3,0,0,0,,0,,,,,368317.544,5035210.459,45.45393664,-75.68789965,9662
18--5778,5/30/2018,3:48 PM,AIRPORT PKWY/WALKLEY RD NB OFF RAMP @ WALKLEY RD (0011348),11348,02 - Intersection related,03 - P.D. only,03 - Rear end,01 - Clear,01 - Daylight,01 - Dry,01 - Traffic signal,01 - Functioning,2,0,0,0,,0,,,,,370077.9282,5025791.71,45.36902808,-75.66664205,9663
18--5779,5/30/2018,4:22 PM,KANATA AVE @ KEYROCK DR/STIKINE DR (0011329),11329,02 - Intersection related,03 - P.D. only,07 - SMV other,01 - Clear,01 - Daylight,01 - Dry,11 - Roundabout,01 - Functioning,1,0,0,0,,0,,,,,349683.5991,5020193.47,45.32025669,-75.92749421,9664
18--578,1/9/2018,9:40 PM,BANK ST @ DAVIDSON RD/LESTER RD (0008797),8797,03 - At intersection,02 - Non-fatal injury,02 - Angle,01 - Clear,07 - Dark,01 - Dry,01 - Traffic signal,01 - Functioning,3,0,0,0,01 - Minimal,2,2,,,,373672.3897,5022923.513,45.34287718,-75.62115893,9665
18--5780,5/30/2018,4:23 PM,BLAIR RD @ OGILVIE RD (0004120),4120,02 - Intersection related,02 - Non-fatal injury,03 - Rear end,01 - Clear,01 - Daylight,01 - Dry,01 - Traffic signal,01 - Functioning,2,0,0,0,01 - Minimal,2,2,,,,374507.4427,5033198.479,45.43524394,-75.60905323,9666
18--5781,5/30/2018,4:39 AM,LEITRIM RD btwn 810 W OF HAWTHORNE & BANK ST (__3ZA3SPA),__3ZA3SPA,01 - Non intersection,03 - P.D. only,07 - SMV other,01 - Clear,07 - Dark,01 - Dry,10 - No control,,1,0,0,0,,0,,,,,375898.6391,5021923.877,45.33366079,-75.59289819,9667
18--5782,5/30/2018,4:45 PM,ST. JOSEPH BLVD @ JEANNE D'ARC BLVD (0012421),12421,03 - At intersection,03 - P.D. only,02 - Angle,01 - Clear,01 - Daylight,01 - Dry,11 - Roundabout,01 - Functioning,2,0,0,0,,0,,,,,379860.742,5036471.581,45.46413872,-75.54014139,9668
18--5783,5/30/2018,4:55 PM,PRINCE OF WALES DR btwn BLAZER AVE & DEAKIN ST (__3ZA29V),__3ZA29V,01 - Non intersection,03 - P.D. only,04 - Sideswipe,01 - Clear,01 - Daylight,01 - Dry,10 - No control,,2,0,0,0,,0,,,,,367386.4843,5021504.944,45.33070214,-75.70154095,9669
18--5784,5/30/2018,5:01 PM,CRESTWAY DR @ PRINCE OF WALES DR (0010323),10323,02 - Intersection related,02 - Non-fatal injury,05 - Turning movement,01 - Clear,01 - Daylight,01 - Dry,01 - Traffic signal,01 - Functioning,2,0,1,0,02 - Minor,1,,1,,,367370.7227,5016576.898,45.28636166,-75.70236421,9670
18--5785,5/30/2018,5:04 PM,WEST HUNT CLUB RD @ CLEOPATRA DR/LANCELOT DR (0000114),114,02 - Intersection related,02 - Non-fatal injury,03 - Rear end,01 - Clear,01 - Daylight,01 - Dry,01 - Traffic signal,01 - Functioning,2,0,0,0,02 - Minor,2,1,1,,,365235.6056,5021732.567,45.33293879,-75.72895087,9671
18--5786,5/30/2018,5:05 PM,INNES RD @ LANTHIER DR/PRESTWICK DR (0004251),4251,02 - Intersection related,03 - P.D. only,03 - Rear end,01 - Clear,01 - Daylight,01 - Dry,01 - Traffic signal,01 - Functioning,2,0,0,0,,0,,,,,383540.6699,5035988.852,45.45939045,-75.49316782,9672
18--5787,5/30/2018,5:06 AM,LANGEVIN AVE btwn PUTMAN AVE & BEECHWOOD AVE (__3ZA8YO),__3ZA8YO,01 - Non intersection,03 - P.D. only,06 - SMV unattended vehicle,01 - Clear,07 - Dark,01 - Dry,10 - No control,,1,0,0,0,,0,,,,,369352.2274,5033874.428,45.44182077,-75.67484742,9673
18--5788,5/30/2018,5:12 PM,RIVERSIDE DR btwn HUNT CLUB RD & KIMBERWICK CRES (__3ZBOEN),__3ZBOEN,01 - Non intersection,03 - P.D. only,04 - Sideswipe,01 - Clear,01 - Daylight,01 - Dry,10 - No control,,2,0,0,0,,0,,,,,368040.0685,5022082.298,45.33583847,-75.69312978,9674
18--5789,5/30/2018,5:30 PM,IBER RD btwn HUNTMAR DR & HARRY DOUGLAS DR (__3ZA4XQ),__3ZA4XQ,01 - Non intersection,03 - P.D. only,03 - Rear end,01 - Clear,01 - Daylight,01 - Dry,10 - No control,,2,0,0,0,,0,,,,,351007.7691,5016001.635,45.2824515,-75.91099555,9675
18--579,1/9/2018,9:41 PM,CARLING AVE @ CLYDE AVE/COLE AVE (0006984),6984,02 - Intersection related,03 - P.D. only,04 - Sideswipe,01 - Clear,07 - Dark,04 - Slush,01 - Traffic signal,01 - Functioning,2,0,0,0,,0,,,,,363520.6911,5026850.542,45.37913538,-75.75022024,9676
18--5790,5/30/2018,5:30 PM,BELCOURT BLVD @ INNES RD (0004202),4202,03 - At intersection,03 - P.D. only,05 - Turning movement,01 - Clear,01 - Daylight,01 - Dry,01 - Traffic signal,01 - Functioning,2,0,0,0,,0,,,,,382121.395,5035266.529,45.45305011,-75.51142647,9677
18--5791,5/30/2018,5:33 PM,LEITRIM RD btwn FENTON RD & ALBION RD (__3ZA3SE),__3ZA3SE,01 - Non intersection,03 - P.D. only,03 - Rear end,01 - Clear,01 - Daylight,01 - Dry,10 - No control,,2,0,0,0,,0,,,,,373898.6641,5020695.647,45.32280941,-75.61858293,9678
18--5792,5/30/2018,6:06 AM,ALBERT ST @ BOOTH ST (0002162),2162,03 - At intersection,02 - Non-fatal injury,05 - Turning movement,01 - Clear,03 - Dawn,01 - Dry,01 - Traffic signal,01 - Functioning,2,1,0,0,01 - Minimal,1,1,,,,366428.6235,5030626.715,45.41286268,-75.71262177,9679
18--5793,5/30/2018,6:13 PM,BOTELER ST @ SUSSEX DR (0011436),11436,02 - Intersection related,02 - Non-fatal injury,03 - Rear end,01 - Clear,01 - Daylight,01 - Dry,01 - Traffic signal,01 - Functioning,3,0,0,0,01 - Minimal,1,1,,,,367451.5313,5032952.116,45.43369505,-75.69925844,9680
18--5794,5/30/2018,6:20 PM,FITZGERALD RD/MENTEN PL @ MOODIE DR (0009818),9818,02 - Intersection related,03 - P.D. only,03 - Rear end,01 - Clear,01 - Daylight,01 - Dry,01 - Traffic signal,01 - Functioning,2,0,0,0,,0,,,,,356919.6595,5020813.741,45.32533804,-75.8351363,9681
18--5795,5/30/2018,6:44 PM,FALLOWFIELD RD btwn MERIVALE RD & WOODROFFE AVE (__3ZA3IN),__3ZA3IN,01 - Non intersection,03 - P.D. only,07 - SMV other,01 - Clear,01 - Daylight,01 - Dry,10 - No control,,1,0,0,0,,0,,,,,366699.6843,5018807.92,45.3064956,-75.71063913,9682
18--5796,5/30/2018,6:45 AM,HAZELDEAN RD @ TERRY FOX DR (0003682),3682,02 - Intersection related,03 - P.D. only,04 - Sideswipe,01 - Clear,01 - Daylight,02 - Wet,01 - Traffic signal,01 - Functioning,2,0,0,0,,0,,,,,352207.6911,5017242.646,45.29353856,-75.89558256,9683
18--5797,5/30/2018,6:55 AM,AVIATION PKWY @ MONTREAL RD (0008799),8799,02 - Intersection related,03 - P.D. only,03 - Rear end,01 - Clear,01 - Daylight,01 - Dry,01 - Traffic signal,01 - Functioning,2,0,0,0,,0,,,,,372146.7673,5034108.492,45.44366314,-75.63909756,9684
18--5798,5/30/2018,7:00 PM,GILMOUR ST @ O'CONNOR ST (0007286),7286,02 - Intersection related,03 - P.D. only,04 - Sideswipe,01 - Clear,01 - Daylight,01 - Dry,01 - Traffic signal,01 - Functioning,2,0,0,0,,0,,,,,367943.6089,5030868.793,45.41490576,-75.69323694,9685
18--5799,5/30/2018,7:15 PM,BRONSON AVE btwn HWY417 IC121A RAMP51 & PLYMOUTH ST (__3ZA3B2),__3ZA3B2,01 - Non intersection,02 - Non-fatal injury,03 - Rear end,01 - Clear,01 - Daylight,01 - Dry,10 - No control,,2,0,0,0,02 - Minor,2,,2,,,367317.4938,5029645.789,45.40395775,-75.7013909,9686
18--58,1/2/2018,10:58 PM,HUNTLEY RD btwn GARVIN RD & MOORE ST (__4QEXEK),__4QEXEK,01 - Non intersection,03 - P.D. only,07 - SMV other,03 - Snow,07 - Dark,05 - Packed snow,10 - No control,,1,0,0,0,,0,,,,,356128.4843,5007218.036,45.20305918,-75.84663312,9687
18--580,1/10/2018,1:28 PM,BANK ST @ WALKLEY RD (0011423),11423,02 - Intersection related,03 - P.D. only,03 - Rear end,01 - Clear,01 - Daylight,02 - Wet,01 - Traffic signal,01 - Functioning,2,0,0,0,,0,,,,,370337.8514,5025947.735,45.37040769,-75.66330344,9688
18--5800,5/30/2018,7:35 AM,HWY 417 WOODROFF IC127R62 @ WOODROFFE AVE (0002349),2349,02 - Intersection related,03 - P.D. only,03 - Rear end,01 - Clear,01 - Daylight,01 - Dry,03 - Yield sign,01 - Functioning,2,0,0,0,,0,,,,,362050.7352,5025019.496,45.36278146,-75.76920015,9689
18--5801,5/30/2018,7:39 PM,INNES RD btwn PRESTWICK DR & TENTH LINE RD (__3ZA3Y7),__3ZA3Y7,01 - Non intersection,03 - P.D. only,03 - Rear end,01 - Clear,01 - Daylight,01 - Dry,10 - No control,,2,0,0,0,,0,,,,,383924.2291,5036148.082,45.46077973,-75.48823851,9690
18--5802,5/30/2018,7:40 PM,BRANT ST @ MCARTHUR AVE (0004649),4649,03 - At intersection,03 - P.D. only,03 - Rear end,01 - Clear,01 - Daylight,01 - Dry,01 - Traffic signal,01 - Functioning,2,0,0,0,,0,,,,,371262.6707,5032805.733,45.43202613,-75.65057373,9691
18--5803,5/30/2018,7:51 PM,WOODROFFE AVE btwn VAAN DR & PINELAND AVE (__3ZA3JJ),__3ZA3JJ,01 - Non intersection,03 - P.D. only,07 - SMV other,01 - Clear,01 - Daylight,01 - Dry,10 - No control,,1,0,0,0,,0,,,,,364119.6159,5020241.025,45.31961324,-75.74336632,9692
18--5804,5/30/2018,8:09 AM,ROGER STEVENS DR btwn DWYER HILL RD & MALAKOFF RD (__3ZA4ZQ),__3ZA4ZQ,01 - Non intersection,03 - P.D. only,07 - SMV other,01 - Clear,01 - Daylight,01 - Dry,10 - No control,,1,0,0,0,,0,,,,,354374.1665,4989385.232,45.0427165,-75.87072928,9693
18--5805,5/30/2018,8:30 AM,SMYTH RD btwn ROGER GUINDON AVE & BOTSFORD ST (__3ZA3BW),__3ZA3BW,04 - At/near private drive,02 - Non-fatal injury,02 - Angle,01 - Clear,01 - Daylight,01 - Dry,10 - No control,,2,0,0,0,01 - Minimal,1,1,,,,372045.0435,5029239.047,45.39985988,-75.64106242,9694
18--5806,5/30/2018,8:30 AM,SECOND LINE RD btwn GRIERSON LANE & LAHEY CRT (__3ZAC2G),__3ZAC2G,01 - Non intersection,02 - Non-fatal injury,03 - Rear end,01 - Clear,01 - Daylight,01 - Dry,10 - No control,,3,0,0,0,02 - Minor,1,,1,,,345129.3459,5026331.005,45.37576054,-75.9850823,9695
18--5807,5/30/2018,8:36 PM,HUNT CLUB RD btwn MOUNTAIN CRES & TURN LANE (__3ZA3HU),__3ZA3HU,04 - At/near private drive,02 - Non-fatal injury,02 - Angle,01 - Clear,05 - Dusk,01 - Dry,10 - No control,,2,1,0,0,02 - Minor,1,,1,,,371411.2068,5023937.839,45.35222212,-75.64987273,9696
18--5808,5/30/2018,8:46 PM,WEST HUNT CLUB RD @ WOODROFFE AVE (0000576),576,02 - Intersection related,03 - P.D. only,04 - Sideswipe,01 - Clear,05 - Dusk,01 - Dry,01 - Traffic signal,01 - Functioning,5,0,0,0,,0,,,,,363670.4433,5021246.68,45.32869987,-75.74897555,9697
18--5809,5/30/2018,8:48 AM,HWY417 IC129 RAMP51 btwn HIGHWAY 417 & ASHLEY ST (__3ZAYBJ),__3ZAYBJ,01 - Non intersection,03 - P.D. only,03 - Rear end,01 - Clear,01 - Daylight,01 - Dry,10 - No control,,2,0,0,0,,0,,,,,360096.7303,5023250.585,45.34702169,-75.79433874,9698
18--581,1/10/2018,1:35 PM,AIRPORT PKWY btwn AIRPORT PKWY/WALKLEY RD SOUTHBOUND ON RAMP           (__3ZA1KS),__3ZA1KS,01 - Non intersection,03 - P.D. only,04 - Sideswipe,01 - Clear,01 - Daylight,02 - Wet,10 - No control,,2,0,0,0,,0,,,,,370200.073,5025309.951,45.36468197,-75.66514664,9699
18--5810,5/30/2018,8:56 PM,CARLING AVE WB btwn TRANSIT & EDGEWORTH AVE (__3ZA4V9),__3ZA4V9,01 - Non intersection,03 - P.D. only,07 - SMV other,01 - Clear,05 - Dusk,01 - Dry,10 - No control,,1,0,0,0,,0,,,,,361174.7548,5025375.178,45.36605286,-75.78034048,9700
18--5811,5/30/2018,9:00 AM,OTTAWA RIVER PKWY WB btwn TUNNEY'S PASTURE/REMIC RAPIDS ENT & PARKDALE (__3ZA24KB),__3ZA24KB,01 - Non intersection,02 - Non-fatal injury,03 - Rear end,01 - Clear,01 - Daylight,01 - Dry,10 - No control,,2,0,0,0,01 - Minimal,1,1,,,,364530.4426,5030457.903,45.41150834,-75.73689152,9701
18--5812,5/30/2018,9:07 AM,HIGHWAY 417 btwn HWY417 IC117 RAMP61 & HWY417 IC115 RAMP36 (__3ZA2RZ),__3ZA2RZ,01 - Non intersection,03 - P.D. only,03 - Rear end,01 - Clear,01 - Daylight,01 - Dry,10 - No control,,2,0,0,0,,0,,,,,371716.0682,5031438.99,45.41968555,-75.64496541,9702
18--5813,5/30/2018,9:37 PM,HIGHWAY 417 btwn HIGHWAY 17 & HWY417 IC180 RAMP26 (__6KCVZR),__6KCVZR,01 - Non intersection,03 - P.D. only,07 - SMV other,01 - Clear,07 - Dark,01 - Dry,10 - No control,,1,0,0,0,,0,,,,,317371.2806,5031076.222,45.41950854,-76.33936831,9703
18--5814,5/31/2018,1:32 PM,BANK ST @ KILBORN AVE/BELANGER AVE (0007208),7208,03 - At intersection,02 - Non-fatal injury,07 - SMV other,01 - Clear,01 - Daylight,01 - Dry,01 - Traffic signal,01 - Functioning,1,0,0,0,02 - Minor,1,,1,,,369653.72,5027427.548,45.38378622,-75.67184221,9704
18--5815,5/31/2018,10:10 PM,CAMBRIAN RD/GOLFLINKS DR W @ LONGFIELDS DR (0009702),9702,02 - Intersection related,03 - P.D. only,04 - Sideswipe,01 - Clear,07 - Dark,01 - Dry,11 - Roundabout,01 - Functioning,2,0,0,0,,0,,,,,365382.7944,5013223.526,45.25636225,-75.7281126,9705
18--5816,5/31/2018,10:50 AM,FALLOWFIELD RD btwn VIA PARK PL/275 W OF WOODROFFE AVE & TRANSIT (__3ZA3IKC),__3ZA3IKC,01 - Non intersection,02 - Non-fatal injury,07 - SMV other,01 - Clear,01 - Daylight,01 - Dry,10 - No control,,1,0,0,0,01 - Minimal,1,1,,,,364829.5749,5017755.833,45.2971913,-75.73461248,9706
18--5817,5/31/2018,11:18 AM,CHAMPLAIN ST @ PLACE D'ORLEANS DR (0003595),3595,02 - Intersection related,03 - P.D. only,03 - Rear end,01 - Clear,01 - Daylight,01 - Dry,01 - Traffic signal,01 - Functioning,2,0,0,0,,0,,,,,381597.1139,5038180.922,45.47932919,-75.51767317,9707
18--5818,5/31/2018,11:20 PM,ARNOLD DR @ RIDGEFIELD CRES (0001436),1436,02 - Intersection related,02 - Non-fatal injury,07 - SMV other,01 - Clear,07 - Dark,01 - Dry,02 - Stop sign,01 - Functioning,1,0,0,0,02 - Minor,2,1,1,,,357755.6512,5019477.47,45.31325157,-75.82461559,9708
18--5819,5/31/2018,Unknown,RIDEAU HEIGHTS DR btwn RIDEAU HEIGHTS LANE & WELLSMERE CRT (__3ZA9VA),__3ZA9VA,01 - Non intersection,03 - P.D. only,06 - SMV unattended vehicle,01 - Clear,00 - Unknown,01 - Dry,10 - No control,,1,0,0,0,,0,,,,,367377.8271,5022638.391,45.34090147,-75.70150806,9709
18--582,1/10/2018,1:45 PM,OTTAWA RIVER PKWY @ ISLAND PARK DR (0002127),2127,02 - Intersection related,03 - P.D. only,03 - Rear end,01 - Clear,01 - Daylight,01 - Dry,01 - Traffic signal,01 - Functioning,2,0,0,0,,0,,,,,363298.6711,5029453.674,45.40257652,-75.75274627,9710
18--5820,5/31/2018,12:11 PM,WESTHAVEN CRES btwn CLARE ST & CLARE ST (__3ZA4A2),__3ZA4A2,04 - At/near private drive,03 - P.D. only,05 - Turning movement,01 - Clear,01 - Daylight,01 - Dry,10 - No control,,2,0,0,0,,0,,,,,363965.4398,5027907.701,45.3886101,-75.74441521,9711
18--5821,5/31/2018,12:15 PM,HIGHWAY 417 btwn REGIONAL ROAD 174 & HWY417 IC113 RAMP62 (__3ZA280),__3ZA280,01 - Non intersection,03 - P.D. only,03 - Rear end,02 - Rain,01 - Daylight,02 - Wet,10 - No control,,2,0,0,0,,0,,,,,373861.0183,5031838.435,45.42307112,-75.61750507,9712
18--5822,5/31/2018,12:28 AM,MARCH RD btwn DIAMONDVIEW RD & THOMAS ARGUE RD (__3ZA3GN),__3ZA3GN,01 - Non intersection,03 - P.D. only,07 - SMV other,01 - Clear,07 - Dark,01 - Dry,10 - No control,,1,0,0,0,,0,,,,,340759.0838,5020457.003,45.32314193,-76.04130623,9713
18--5823,5/31/2018,12:34 PM,CARLING AVE @ KIRKWOOD AVE N (0002358),2358,02 - Intersection related,03 - P.D. only,04 - Sideswipe,01 - Clear,01 - Daylight,01 - Dry,01 - Traffic signal,01 - Functioning,2,0,0,0,,0,,,,,364275.7312,5027493.705,45.38485876,-75.74050281,9714
18--5824,5/31/2018,2:31 AM,CYRVILLE RD @ ST. LAURENT BLVD (0002647),2647,03 - At intersection,03 - P.D. only,02 - Angle,01 - Clear,07 - Dark,01 - Dry,01 - Traffic signal,01 - Functioning,2,0,0,0,,0,,,,,372241.7804,5032111.719,45.42568798,-75.63815667,9715
18--5825,5/31/2018,2:41 PM,RIVERSIDE DR @ TREMBLAY RD/HWY417 IC117 RAMP52 (0010790),10790,02 - Intersection related,03 - P.D. only,03 - Rear end,01 - Clear,01 - Daylight,01 - Dry,01 - Traffic signal,01 - Functioning,2,0,0,0,,0,,,,,370802.2092,5031015.961,45.41596612,-75.65669782,9716
18--5826,5/31/2018,2:47 PM,LIBERTY WAY @ VALIN ST (0013080),13080,03 - At intersection,02 - Non-fatal injury,05 - Turning movement,01 - Clear,01 - Daylight,01 - Dry,02 - Stop sign,01 - Functioning,2,0,0,0,01 - Minimal,1,1,,,,385661.8769,5037557.365,45.47326012,-75.46579095,9717
18--5827,5/31/2018,3:10 PM,SOMERO PRIV btwn TAPIOLA CRES & TAPIOLA CRES (__3ZA45G),__3ZA45G,04 - At/near private drive,03 - P.D. only,99 - Other,01 - Clear,01 - Daylight,01 - Dry,10 - No control,,2,0,0,0,,0,,,,,372377.558,5025355.042,45.36488115,-75.63734728,9718
18--5828,5/31/2018,3:23 PM,WESTCLIFFE RD btwn ROBERTSON RD & TERRACE DR (__3ZABFT),__3ZABFT,04 - At/near private drive,03 - P.D. only,02 - Angle,01 - Clear,01 - Daylight,01 - Dry,10 - No control,,2,0,0,0,,0,,,,,356397.2971,5020050.543,45.31850928,-75.84187888,9719
18--5649,5/28/2018,1:07 AM,CLARENCE ST btwn WILLIAM ST & DALHOUSIE ST (__3ZA82W),__3ZA82W,04 - At/near private drive,03 - P.D. only,04 - Sideswipe,01 - Clear,07 - Dark,01 - Dry,10 - No control,,2,0,0,0,,0,,,,,367991.3893,5032472.114,45.42932759,-75.69242087,9720
18--5845,5/31/2018,7:12 PM,CHAMPLAIN BRIDGE/ISLAND PARK DR btwn BATE ISLAND & OTTAWA RIVER PKWY (__3ZA2ZEB),__3ZA2ZEB,07 - Overpass or bridge,03 - P.D. only,05 - Turning movement,01 - Clear,01 - Daylight,01 - Dry,10 - No control,,2,0,0,0,,0,,,,,363126.8196,5029668.403,45.40452295,-75.75491589,9721
18--565,1/9/2018,7:01 AM,MACKENZIE AVE @ RIDEAU ST (0002136),2136,03 - At intersection,02 - Non-fatal injury,02 - Angle,01 - Clear,03 - Dawn,02 - Wet,01 - Traffic signal,01 - Functioning,2,0,0,0,02 - Minor,1,,1,,,367870.4832,5032009.58,45.42517678,-75.69402511,9722
18--538,1/9/2018,11:47 AM,SMYTH RD E/LANCASTER RD @ ST. LAURENT BLVD N/R (0002256),2256,02 - Intersection related,03 - P.D. only,04 - Sideswipe,01 - Clear,01 - Daylight,04 - Slush,01 - Traffic signal,01 - Functioning,2,0,0,0,,0,,,,,373364.7292,5029424.55,45.40140096,-75.62418192,9723
18--5846,5/31/2018,7:38 PM,HIGHWAY 417 btwn HWY417 IC169 RAMP25 & HWY417 IC163 RAMP51 (__5SPOUW),__5SPOUW,01 - Non intersection,02 - Non-fatal injury,07 - SMV other,01 - Clear,01 - Daylight,01 - Dry,10 - No control,,1,0,0,0,02 - Minor,1,,1,,,327168.1346,5023723.046,45.35309633,-76.2145218,9724