Anom_ID,Accident_Date,Accident_Time,Location,Geo_ID,Accident_Location,Classification_of_Accident,Initial_Impact_Type,Environment_Condition,Light,Road_Surface_Condition,Traffic_Control,Traffic_Control_Condition,No__of_Vehicles,No__of_Bicycles,No__of_Motorcycles,No__of_Pedestrians,Max_Injury,No__of_Injuries,No__of_Minimal,No__of_Minor,No__of_Major,No__of_Fatal,X,Y,Latitude,Longitude,ObjectId
18--5650,5/28/2018,10:22 AM,TERRY FOX DR @ PALLADIUM DR/KATIMAVIK RD (0011858),11858,02 - Intersection related,02 - Non-fatal injury,03 - Rear end,01 - Clear,01 - Daylight,01 - Dry,01 - Traffic signal,01 - Functioning,2,0,0,0,01 - Minimal,1,1,,,,351269.5633,5018181.526,45.30204952,-75.90745444,9725
18--5847,5/31/2018,7:40 AM,ROCKDALE RD N @ HIGHWAY 417 (0004640),4640,02 - Intersection related,03 - P.D. only,03 - Rear end,01 - Clear,01 - Daylight,01 - Dry,02 - Stop sign,01 - Functioning,2,0,0,0,,0,,,,,395345.4802,5022678.121,45.33820692,-75.3446957,9726
18--5380,5/18/2018,5:15 PM,REGIONAL ROAD 174 EB btwn OR174 IC109 RAMP55 & TRANSIT (__3ZA28V),__3ZA28V,01 - Non intersection,03 - P.D. only,03 - Rear end,01 - Clear,01 - Daylight,01 - Dry,10 - No control,,2,0,0,0,,0,,,,,376527.2135,5035110.953,45.45224691,-75.5829626,9727
18--5651,5/28/2018,10:35 AM,BRAEBURN PL btwn AUTUMN HILL CRES & ORIENT PARK DR (__3ZA7MO),__3ZA7MO,04 - At/near private drive,03 - P.D. only,05 - Turning movement,01 - Clear,01 - Daylight,01 - Dry,10 - No control,,2,0,0,0,,0,,,,,378995.9904,5033269.763,45.43542345,-75.551681,9728
18--5848,5/31/2018,7:45 AM,HERZBERG RD @ MARCH RD (0003170),3170,02 - Intersection related,03 - P.D. only,03 - Rear end,01 - Clear,01 - Daylight,01 - Dry,01 - Traffic signal,01 - Functioning,2,0,0,0,,0,,,,,352323.6653,5021528.516,45.33209595,-75.89369296,9729
18--5381,5/18/2018,5:21 PM,HIGHWAY 417 btwn HWY417 IC134 RAMP35 & HWY417 IC134 RAMP25 (__3ZA29D),__3ZA29D,01 - Non intersection,03 - P.D. only,04 - Sideswipe,01 - Clear,01 - Daylight,01 - Dry,10 - No control,,3,0,0,0,,0,,,,,356459.6465,5022262.684,45.33840979,-75.84085283,9730
18--5652,5/28/2018,10:57 AM,CARP RD @ RICHARDSON SIDE RD (0005759),5759,02 - Intersection related,03 - P.D. only,03 - Rear end,01 - Clear,01 - Daylight,01 - Dry,01 - Traffic signal,01 - Functioning,2,0,0,0,,0,,,,,346209.5246,5017160.386,45.29317743,-75.97205868,9731
18--5849,5/31/2018,7:54 AM,DUNROBIN RD btwn DUNROBIN RD & MURPHY SIDE RD (__3ZA3EB),__3ZA3EB,01 - Non intersection,02 - Non-fatal injury,07 - SMV other,01 - Clear,01 - Daylight,01 - Dry,10 - No control,,1,0,0,0,02 - Minor,1,,1,,,343768.9281,5029797.145,45.40702677,-76.00217745,9732
18--5382,5/18/2018,5:23 PM,CARLING AVE @ FOREST ST (0002640),2640,02 - Intersection related,03 - P.D. only,04 - Sideswipe,01 - Clear,01 - Daylight,01 - Dry,02 - Stop sign,01 - Functioning,2,0,0,0,,0,,,,,360544.6936,5024972.471,45.36247971,-75.78842841,9733
18--5383,5/18/2018,7:07 PM,HOLLY LANE @ WALKLEY RD (0006400),6400,02 - Intersection related,02 - Non-fatal injury,02 - Angle,01 - Clear,01 - Daylight,01 - Dry,02 - Stop sign,00 - Unknown,2,1,0,0,01 - Minimal,1,1,,,,372176.809,5027032.462,45.37999326,-75.63968081,9734
18--5384,5/18/2018,7:15 AM,HIGHWAY 417 btwn HWY417 IC127 RAMP35 & HWY417 IC127 RAMP25 (__3ZA2RE),__3ZA2RE,01 - Non intersection,03 - P.D. only,03 - Rear end,01 - Clear,01 - Daylight,01 - Dry,10 - No control,,2,0,0,0,,0,,,,,362131.8448,5024834.778,45.36111275,-75.76818631,9735
18--5385,5/18/2018,7:21 AM,RICHMOND RD btwn MAGWOOD AVE & RIDGEVALLEY DR (__3ZA11E),__3ZA11E,01 - Non intersection,02 - Non-fatal injury,04 - Sideswipe,01 - Clear,01 - Daylight,01 - Dry,10 - No control,,2,0,0,0,02 - Minor,2,1,1,,,359432.7984,5023448.383,45.34885351,-75.80278893,9736
18--5386,5/18/2018,8:15 PM,BANK ST @ CATHERINE ST (0002708),2708,02 - Intersection related,02 - Non-fatal injury,07 - SMV other,01 - Clear,05 - Dusk,01 - Dry,01 - Traffic signal,01 - Functioning,1,0,0,1,02 - Minor,1,,1,,,368039.7055,5030267.572,45.40948749,-75.69208641,9737
18--5387,5/18/2018,9:00 PM,CAMBRIDGE ST    N btwn PRIMROSE AVE & SOMERSET ST W (__3ZA0W7),__3ZA0W7,01 - Non intersection,03 - P.D. only,06 - SMV unattended vehicle,01 - Clear,05 - Dusk,01 - Dry,10 - No control,,1,0,0,0,,0,,,,,366822.3214,5030612.474,45.41269976,-75.70759409,9738
18--5388,5/18/2018,9:20 AM,CARP RD @ HAZELDEAN RD (0000086),86,02 - Intersection related,03 - P.D. only,03 - Rear end,01 - Clear,01 - Daylight,01 - Dry,01 - Traffic signal,01 - Functioning,2,0,0,0,,0,,,,,348804.3934,5014360.541,45.26782573,-75.93922578,9739
18--5389,5/18/2018,9:20 AM,WOODROFFE AVE btwn GRENFELL CRES & 260 N OF FALLOWFIELD RD/TRANSITWAY  (__3ZA3IO),__3ZA3IO,05 - At railway crossing,03 - P.D. only,03 - Rear end,01 - Clear,01 - Daylight,01 - Dry,10 - No control,,2,0,0,0,,0,,,,,364927.1532,5018305.977,45.30213312,-75.73330173,9740
18--539,1/9/2018,Unknown,YELLOWCRESS WAY btwn AUBEPINES DR & YELLOWCRESS WAY (e___2ICC),e___2ICC,01 - Non intersection,03 - P.D. only,06 - SMV unattended vehicle,03 - Snow,00 - Unknown,05 - Packed snow,10 - No control,,1,0,0,0,,0,,,,,384262.099,5034786.823,45.44849401,-75.48413879,9741
18--5390,5/18/2018,9:25 PM,HIGHWAY 417 btwn HWY417 IC121B RAMP51 & HWY417 IC121A RAMP51 (__3ZA2YW),__3ZA2YW,01 - Non intersection,03 - P.D. only,03 - Rear end,01 - Clear,07 - Dark,01 - Dry,10 - No control,,2,0,0,0,,0,,,,,367021.4956,5029648.193,45.40400575,-75.70517136,9742
18--5391,5/19/2018,1:30 AM,RAMSAYVILLE RD btwn GENERATION CRT & RUSSELL RD (__3ZA6GL),__3ZA6GL,01 - Non intersection,03 - P.D. only,07 - SMV other,01 - Clear,07 - Dark,01 - Dry,10 - No control,,1,0,0,0,,0,,,,,377944.47,5025756.494,45.3679344,-75.56623327,9743
18--5392,5/19/2018,1:46 PM,KING EDWARD AVE @ OSGOODE ST/THOMAS MORE PRIV (0007750),7750,02 - Intersection related,02 - Non-fatal injury,03 - Rear end,02 - Rain,01 - Daylight,02 - Wet,01 - Traffic signal,01 - Functioning,2,0,0,0,02 - Minor,1,,1,,,368849.4839,5031852.627,45.42367561,-75.68153619,9744
18--5393,5/19/2018,10:12 AM,RIVERSIDE DR @ TREMBLAY RD/HWY417 IC117 RAMP52 (0010790),10790,02 - Intersection related,02 - Non-fatal injury,03 - Rear end,01 - Clear,01 - Daylight,01 - Dry,01 - Traffic signal,01 - Functioning,2,0,0,0,02 - Minor,3,,3,,,370801.9828,5031015.977,45.41596629,-75.65670071,9745
18--5394,5/19/2018,10:29 PM,DALHOUSIE ST @ YORK ST (0008500),8500,02 - Intersection related,03 - P.D. only,04 - Sideswipe,02 - Rain,07 - Dark,02 - Wet,01 - Traffic signal,01 - Functioning,2,0,0,0,,0,,,,,368093.9245,5032419.665,45.4288464,-75.69111735,9746
18--5395,5/19/2018,10:36 PM,DONALD ST @ 110 E OF ST. LAURENT BLVD  (0013077),13077,03 - At intersection,03 - P.D. only,02 - Angle,02 - Rain,07 - Dark,02 - Wet,01 - Traffic signal,01 - Functioning,2,0,0,0,,0,,,,,372203.9135,5032483.824,45.42903966,-75.63858959,9747
18--5396,5/19/2018,12:27 PM,TERRY FOX DR btwn PALLADIUM DR & MAPLE GROVE RD (__3ZA3DN),__3ZA3DN,01 - Non intersection,03 - P.D. only,03 - Rear end,02 - Rain,01 - Daylight,02 - Wet,10 - No control,,3,0,0,0,,0,,,,,351545.6461,5017873.196,45.29925677,-75.9039633,9748
18--5397,5/19/2018,2:53 PM,CHAMPLAIN ST btwn OR174 IC102 RAMP36 & PLACE D'ORLEANS DR (__6K6SZ2),__6K6SZ2,01 - Non intersection,03 - P.D. only,04 - Sideswipe,02 - Rain,01 - Daylight,02 - Wet,10 - No control,,2,0,0,0,,0,,,,,381585.7092,5038209.699,45.47958936,-75.51781453,9749
18--5398,5/19/2018,2:58 PM,FRANK ST @ METCALFE ST (0007271),7271,03 - At intersection,03 - P.D. only,02 - Angle,02 - Rain,01 - Daylight,02 - Wet,02 - Stop sign,01 - Functioning,2,0,0,0,,0,,,,,368203.8284,5030793.893,45.4142083,-75.68992218,9750
18--5399,5/19/2018,3:36 PM,OTTAWA RIVER PKWY @ REMIC RAPIDS ENT/TUNNEY'S  (0011322),11322,03 - At intersection,03 - P.D. only,05 - Turning movement,01 - Clear,01 - Daylight,01 - Dry,01 - Traffic signal,01 - Functioning,2,0,0,0,,0,,,,,364263.3463,5030245.254,45.40961771,-75.74032926,9751
18--54,1/2/2018,10:00 AM,FALLOWFIELD RD @ GREENBANK RD (0000549),549,02 - Intersection related,03 - P.D. only,03 - Rear end,03 - Snow,01 - Daylight,05 - Packed snow,01 - Traffic signal,01 - Functioning,2,0,0,0,,0,,,,,363080.6754,5016732.456,45.28813019,-75.75702959,9752
18--540,1/9/2018,Unknown,SILVER ST btwn EMPEROR AVE & DORCHESTER AVE (__3ZA0NW),__3ZA0NW,01 - Non intersection,03 - P.D. only,06 - SMV unattended vehicle,01 - Clear,00 - Unknown,05 - Packed snow,10 - No control,,1,0,0,0,,0,,,,,365137.0924,5026770.569,45.37827845,-75.72959271,9753
18--5400,5/19/2018,4:10 PM,PRINCE OF WALES DR @ FAIRPARK DR (0010329),10329,02 - Intersection related,03 - P.D. only,03 - Rear end,02 - Rain,01 - Daylight,02 - Wet,02 - Stop sign,01 - Functioning,3,0,0,0,,0,,,,,367268.8941,5015413.731,45.27590465,-75.70380857,9754
18--5401,5/19/2018,4:56 PM,AIRPORT PKWY @ HUNT CLUB RD (0010856),10856,02 - Intersection related,02 - Non-fatal injury,03 - Rear end,02 - Rain,01 - Daylight,02 - Wet,01 - Traffic signal,01 - Functioning,3,0,0,0,03 - Major,1,,,1,,371018.5282,5023702.998,45.35014629,-75.6549152,9755
18--5402,5/19/2018,5:30 AM,CARLING AVE @ EDGEWORTH AVE (0002718),2718,02 - Intersection related,02 - Non-fatal injury,07 - SMV other,01 - Clear,03 - Dawn,01 - Dry,01 - Traffic signal,01 - Functioning,1,0,0,0,02 - Minor,1,,1,,,361262.6803,5025424.525,45.3664898,-75.7792125,9756
18--5403,5/19/2018,6:00 PM,GALETTA SIDE RD btwn MOHRS RD & MORNING DEW DR (__4B1MVN),__4B1MVN,01 - Non intersection,03 - P.D. only,06 - SMV unattended vehicle,01 - Clear,01 - Daylight,01 - Dry,10 - No control,,1,0,0,0,,0,,,,,323942.6951,5031736.847,45.42530421,-76.2553759,9757
18--5404,5/19/2018,6:32 PM,BANK ST @ WELLINGTON ST (0002039),2039,02 - Intersection related,03 - P.D. only,04 - Sideswipe,01 - Clear,01 - Daylight,01 - Dry,01 - Traffic signal,01 - Functioning,2,0,0,0,,0,,,,,367257.7232,5031628.359,45.42180165,-75.70190311,9758
18--5405,5/19/2018,6:48 PM,RIVERSIDE DR NB btwn SMYTH RD SOUTH SIDE RAMP & TRANSITWAY - RIVERSIDE H (__3ZA4SA),__3ZA4SA,01 - Non intersection,03 - P.D. only,07 - SMV other,01 - Clear,01 - Daylight,02 - Wet,10 - No control,,1,0,0,0,,0,,,,,369971.0596,5029354.668,45.40109633,-75.6675358,9759
18--5406,5/19/2018,6:58 PM,TENTH LINE RD btwn LAKEPOINTE DR & BLACKBURN BYPS (__6732GZ),__6732GZ,04 - At/near private drive,03 - P.D. only,07 - SMV other,02 - Rain,01 - Daylight,02 - Wet,10 - No control,,1,0,0,0,,0,,,,,384330.3729,5035257.113,45.45271749,-75.48319006,9760
18--5407,5/19/2018,7:00 PM,GREENBANK RD @ BERRIGAN DR/WESSEX RD (0004726),4726,02 - Intersection related,03 - P.D. only,04 - Sideswipe,02 - Rain,01 - Daylight,02 - Wet,01 - Traffic signal,01 - Functioning,2,0,0,0,,0,,,,,363723.5287,5015276.627,45.27497703,-75.74900795,9761
18--5408,5/19/2018,7:31 PM,CARLING AVE EB btwn BAYSHORE DR & CARLING AVE (__3ZA4VJ),__3ZA4VJ,01 - Non intersection,02 - Non-fatal injury,07 - SMV other,02 - Rain,01 - Daylight,02 - Wet,10 - No control,,1,0,0,0,02 - Minor,1,,1,,,359060.1963,5024011.009,45.35394495,-75.8074819,9762
18--5409,5/19/2018,8:42 PM,MAITLAND AVE @ WOODWARD DR (0003185),3185,03 - At intersection,02 - Non-fatal injury,02 - Angle,02 - Rain,07 - Dark,02 - Wet,01 - Traffic signal,01 - Functioning,2,0,0,0,01 - Minimal,2,2,,,,363273.6535,5025662.374,45.36846506,-75.75351496,9763
18--541,1/9/2018,12:09 PM,INNES RD btwn HWY417 IC112 RAMP55 & HWY417 IC112 RAMP58 (__33H3LG),__33H3LG,01 - Non intersection,02 - Non-fatal injury,03 - Rear end,01 - Clear,01 - Daylight,02 - Wet,10 - No control,,2,0,0,0,02 - Minor,3,,3,,,374219.9109,5030707.923,45.41286383,-75.61307878,9764
18--5410,5/19/2018,8:48 AM,RICHMOND RD btwn STINSON AVE & STAFFORD RD (__3ZBOCU),__3ZBOCU,04 - At/near private drive,03 - P.D. only,02 - Angle,01 - Clear,01 - Daylight,01 - Dry,10 - No control,,2,0,0,0,,0,,,,,358017.1235,5021014.443,45.32706162,-75.82111592,9765
18--5411,5/19/2018,8:50 AM,HWY417 IC118 RAMP76 btwn HIGHWAY 417 & HWY417 IC118 RAMP43 (__3ZAY9N),__3ZAY9N,01 - Non intersection,03 - P.D. only,07 - SMV other,01 - Clear,01 - Daylight,01 - Dry,10 - No control,,1,0,0,0,,0,,,,,369378.7791,5031115,45.41699006,-75.67486992,9766
18--5412,5/20/2018,1:31 PM,HOCHELAGA ST @ MONTREAL RD (0007649),7649,02 - Intersection related,03 - P.D. only,02 - Angle,01 - Clear,01 - Daylight,01 - Dry,02 - Stop sign,01 - Functioning,2,0,0,0,,0,,,,,372970.5998,5034467.871,45.44681679,-75.62851783,9767
18--5413,5/20/2018,1:46 PM,LISGAR ST btwn BANK ST & O'CONNOR ST (__3ZA9UO),__3ZA9UO,01 - Non intersection,03 - P.D. only,06 - SMV unattended vehicle,01 - Clear,01 - Daylight,01 - Dry,10 - No control,,1,0,0,0,,0,,,,,367650.3117,5031092.232,45.41694259,-75.69695542,9768
18--5414,5/20/2018,10:27 PM,ALBION RD btwn RIDEAU RD & TULLAMORE ST (__5RGNIJ),__5RGNIJ,04 - At/near private drive,03 - P.D. only,07 - SMV other,01 - Clear,07 - Dark,01 - Dry,10 - No control,,1,0,0,0,,0,,,,,375549.5301,5015622.547,45.27699907,-75.5982511,9769
18--5415,5/20/2018,10:34 PM,ANDRE AUDET AVE @ DUNDONALD DR (0014077),14077,03 - At intersection,02 - Non-fatal injury,07 - SMV other,01 - Clear,07 - Dark,01 - Dry,02 - Stop sign,01 - Functioning,1,0,0,1,02 - Minor,2,1,1,,,364934.617,5012032.691,45.24568554,-75.73396639,9770
18--5416,5/20/2018,11:46 AM,DONALD ST @ ST. LAURENT BLVD (0008630),8630,03 - At intersection,03 - P.D. only,05 - Turning movement,01 - Clear,01 - Daylight,01 - Dry,01 - Traffic signal,01 - Functioning,2,0,0,0,,0,,,,,372093.7793,5032472.586,45.42894915,-75.63999846,9771
18--5417,5/20/2018,12:30 PM,HWY 417 MAITLAND IC126R52 @ MAITLAND AVE (0002246),2246,02 - Intersection related,03 - P.D. only,03 - Rear end,01 - Clear,01 - Daylight,01 - Dry,03 - Yield sign,01 - Functioning,2,0,0,0,,0,,,,,363205.6794,5025833.657,45.37001191,-75.7543624,9772
18--10399,10/4/2018,7:15 PM,PRINCE OF WALES DR @ MEADOWLANDS DR/HOG'S BACK (0001629),1629,02 - Intersection related,03 - P.D. only,02 - Angle,02 - Rain,07 - Dark,02 - Wet,01 - Traffic signal,01 - Functioning,2,0,0,0,,0,,,,,367372.0138,5025693.535,45.36839153,-75.70119556,356
18--5419,5/20/2018,2:12 AM,MEADOWLANDS DR btwn MERIVALE RD & GRANT CARMAN DR (__3ZA4HY),__3ZA4HY,01 - Non intersection,03 - P.D. only,07 - SMV other,02 - Rain,07 - Dark,02 - Wet,10 - No control,,1,0,0,0,,0,,,,,364927.9254,5023765.553,45.35125778,-75.73262886,9774
18--542,1/9/2018,2:19 PM,CAMPEAU DR @ KANATA AVE (0012003),12003,03 - At intersection,02 - Non-fatal injury,02 - Angle,01 - Clear,01 - Daylight,02 - Wet,01 - Traffic signal,01 - Functioning,2,0,0,0,01 - Minimal,2,2,,,,350593.1249,5019403.338,45.31308814,-75.91596654,9775
18--5420,5/20/2018,3:35 AM,BANK ST @ GLADSTONE AVE (0002253),2253,03 - At intersection,03 - P.D. only,04 - Sideswipe,01 - Clear,07 - Dark,01 - Dry,01 - Traffic signal,01 - Functioning,2,0,0,0,,0,,,,,367916.7064,5030562.571,45.4121529,-75.69361984,9776
18--5421,5/20/2018,4:52 PM,FISHER AVE @ MEADOWLANDS DR (0002120),2120,02 - Intersection related,03 - P.D. only,04 - Sideswipe,01 - Clear,01 - Daylight,01 - Dry,01 - Traffic signal,01 - Functioning,2,0,0,0,,0,,,,,366575.057,5025045.494,45.36263129,-75.71144969,9777
18--5422,5/20/2018,5:40 PM,HIGHWAY 417 btwn HWY417 IC121A RAMP51 & HWY417 IC120A RAMP52 (__3ZA2R6),__3ZA2R6,01 - Non intersection,03 - P.D. only,04 - Sideswipe,01 - Clear,01 - Daylight,01 - Dry,10 - No control,,2,0,0,0,,0,,,,,367710.6354,5029946.115,45.40662477,-75.69633102,9778
18--5423,5/20/2018,6:00 AM,HIGHWAY 417 btwn HWY 417 ANDERSON IC104R61 & HWY 417 BOUNDARY IC96R16 (__3ZA2W5),__3ZA2W5,01 - Non intersection,03 - P.D. only,07 - SMV other,02 - Rain,01 - Daylight,02 - Wet,10 - No control,,1,0,0,0,,0,,,,,386210.1334,5024141.913,45.35249642,-75.46099582,9779
18--5424,5/20/2018,6:25 AM,MARCHURST RD btwn MURPHY SIDE RD & RIDGESIDE FARM DR (__5RG6WZ),__5RG6WZ,01 - Non intersection,03 - P.D. only,07 - SMV other,01 - Clear,01 - Daylight,01 - Dry,10 - No control,,1,0,0,0,,0,,,,,343345.3128,5026300.649,45.3755878,-76.00786201,9780
18--5425,5/20/2018,7:44 AM,HIGHWAY 416 btwn HWY416 IC57 RAMP24 & HWY416 IC49 RAMP42 (__3ZAZGI),__3ZAZGI,01 - Non intersection,02 - Non-fatal injury,07 - SMV other,01 - Clear,01 - Daylight,02 - Wet,10 - No control,,1,0,0,0,02 - Minor,1,,1,,,366096.6163,5005714.695,45.18873568,-75.71994317,9781
18--5426,5/20/2018,8:09 PM,FISHER AVE @ 220 S OF TRENT ST (0008825),8825,02 - Intersection related,03 - P.D. only,03 - Rear end,01 - Clear,01 - Daylight,01 - Dry,01 - Traffic signal,01 - Functioning,3,0,0,0,,0,,,,,365872.294,5026728.59,45.37783704,-75.72021144,9782
18--5427,5/20/2018,9:00 PM,NELSON ST @ RIDEAU ST (0007626),7626,02 - Intersection related,02 - Non-fatal injury,07 - SMV other,01 - Clear,07 - Dark,01 - Dry,01 - Traffic signal,01 - Functioning,1,0,0,1,02 - Minor,1,,1,,,368650.9814,5032498.951,45.42950915,-75.68398873,9783
18--5428,5/21/2018,12:19 PM,RUSSELL RD btwn LANGLADE RD & BIRCHGROVE RD (__3ZA3KT),__3ZA3KT,01 - Non intersection,02 - Non-fatal injury,03 - Rear end,01 - Clear,01 - Daylight,01 - Dry,10 - No control,,2,0,0,0,01 - Minimal,1,1,,,,399971.3963,5029475.753,45.3987504,-75.28437543,9784
18--5429,5/21/2018,3:08 PM,DALHOUSIE ST btwn BOLTON ST & CATHCART ST (__3ZA7DM),__3ZA7DM,01 - Non intersection,03 - P.D. only,05 - Turning movement,01 - Clear,01 - Daylight,01 - Dry,10 - No control,,2,0,0,0,,0,,,,,367753.5724,5032975.609,45.43387931,-75.69539547,9785
18--543,1/9/2018,3:01 PM,HEMLO CRES btwn GOLDRIDGE DR & GRENGOLD WAY (1) (__3ZAZZX),__3ZAZZX,01 - Non intersection,03 - P.D. only,04 - Sideswipe,01 - Clear,01 - Daylight,05 - Packed snow,10 - No control,,2,0,0,0,,0,,,,,350277.5396,5019408.072,45.31315124,-75.91999079,9786
18--5430,5/21/2018,4:30 PM,NERTA ST @ ST. LAURENT BLVD (0008327),8327,03 - At intersection,03 - P.D. only,07 - SMV other,01 - Clear,01 - Daylight,01 - Dry,02 - Stop sign,01 - Functioning,1,0,0,0,,0,,,,,373676.7302,5028604.552,45.39399237,-75.62031152,9787
18--5431,5/21/2018,4:35 PM,INNES RD @ JEANNE D'ARC BLVD/MER BLEUE RD (0012475),12475,03 - At intersection,02 - Non-fatal injury,02 - Angle,01 - Clear,01 - Daylight,01 - Dry,01 - Traffic signal,01 - Functioning,2,0,0,0,01 - Minimal,1,1,,,,382637.7539,5035567.554,45.45570115,-75.50477805,9788
18--5432,5/21/2018,4:35 PM,ST. JOSEPH BLVD @ ST. PIERRE ST (0004140),4140,02 - Intersection related,03 - P.D. only,04 - Sideswipe,01 - Clear,01 - Daylight,01 - Dry,02 - Stop sign,01 - Functioning,2,0,0,0,,0,,,,,381375.8293,5037514.636,45.47335882,-75.52060711,9789
18--5433,5/21/2018,5:52 PM,DUNROBIN RD btwn KINBURN SIDE RD & VANCES SIDE RD (__3ZA3FG),__3ZA3FG,04 - At/near private drive,02 - Non-fatal injury,05 - Turning movement,01 - Clear,01 - Daylight,01 - Dry,10 - No control,,2,0,0,0,02 - Minor,3,2,1,,,338033.4835,5035925.702,45.46246914,-76.07503103,9790
18--5434,5/21/2018,6:31 PM,130 W OF PRESTON ST @ CARLING AVE (0016879),16879,03 - At intersection,02 - Non-fatal injury,02 - Angle,01 - Clear,01 - Daylight,01 - Dry,01 - Traffic signal,01 - Functioning,2,1,0,0,02 - Minor,1,,1,,,366724.8285,5028870.656,45.39703599,-75.7090583,9791
18--5435,5/21/2018,7:20 PM,HUNT CLUB RD @ BRIDLE PATH DR/DAZE ST (0008214),8214,02 - Intersection related,03 - P.D. only,05 - Turning movement,01 - Clear,01 - Daylight,01 - Dry,01 - Traffic signal,01 - Functioning,2,0,0,0,,0,,,,,371291.6698,5023864.449,45.35157313,-75.65140802,9792
18--5436,5/21/2018,8:18 PM,BANK ST btwn STONE SCHOOL RD & SCRIVENS DR (__3ZA28T),__3ZA28T,01 - Non intersection,02 - Non-fatal injury,07 - SMV other,01 - Clear,05 - Dusk,01 - Dry,10 - No control,,1,0,0,0,02 - Minor,1,,1,,,382170.0593,5011490.507,45.23912376,-75.51452352,9793
18--5437,5/21/2018,9:40 AM,AVIATION PKWY @ OGILVIE RD (0004114),4114,02 - Intersection related,03 - P.D. only,99 - Other,01 - Clear,01 - Daylight,01 - Dry,01 - Traffic signal,01 - Functioning,2,0,0,0,,0,,,,,373110.7521,5032376.63,45.4279872,-75.62701656,9794
18--5438,5/22/2018,1:15 PM,MERIVALE RD @ WEST HUNT CLUB RD (0000584),584,02 - Intersection related,03 - P.D. only,03 - Rear end,01 - Clear,01 - Daylight,01 - Dry,01 - Traffic signal,01 - Functioning,3,0,0,0,,0,,,,,365612.4574,5021942.57,45.33479582,-75.72411756,9795
18--5439,5/22/2018,10:36 AM,JEANNE D'ARC BLVD @ ORLEANS BLVD N (0003792),3792,03 - At intersection,03 - P.D. only,05 - Turning movement,01 - Clear,01 - Daylight,01 - Dry,01 - Traffic signal,01 - Functioning,2,0,0,0,,0,,,,,380028.9664,5038105.809,45.47882411,-75.53774028,9796
18--544,1/9/2018,3:40 PM,RIVERSIDE DR SB btwn FROBISHER LANE & HINCKS LANE (__3ZAZRX),__3ZAZRX,01 - Non intersection,03 - P.D. only,07 - SMV other,03 - Snow,01 - Daylight,05 - Packed snow,10 - No control,,1,0,0,0,,0,,,,,370153.1994,5030012.786,45.40700085,-75.66512225,9797
18--5440,5/22/2018,10:37 AM,HWY 417 WALKLEY IC110R64 @ WALKLEY EXTENSION R (0004205),4205,03 - At intersection,03 - P.D. only,02 - Angle,01 - Clear,01 - Daylight,01 - Dry,02 - Stop sign,01 - Functioning,2,0,0,0,,0,,,,,375988.7864,5029175.726,45.39890026,-75.59070336,9798
18--5441,5/22/2018,11:15 AM,FALLOWFIELD RD @ WOODROFFE AVE (0010372),10372,02 - Intersection related,03 - P.D. only,03 - Rear end,02 - Rain,01 - Daylight,02 - Wet,01 - Traffic signal,01 - Functioning,2,0,0,0,,0,,,,,365084.9305,5017903.416,45.29849738,-75.731339,9799
18--5442,5/22/2018,11:15 AM,BASELINE RD @ ROCKWAY CRES (0002187),2187,02 - Intersection related,03 - P.D. only,02 - Angle,02 - Rain,01 - Daylight,02 - Wet,02 - Stop sign,01 - Functioning,2,0,0,0,,0,,,,,361184.6758,5022932.504,45.34407299,-75.78049243,9800
18--5443,5/22/2018,11:19 AM,NAUGHTON ST @ QUEEN MARY ST (0008556),8556,03 - At intersection,03 - P.D. only,02 - Angle,01 - Clear,01 - Daylight,01 - Dry,02 - Stop sign,01 - Functioning,2,0,0,0,,0,,,,,371333.721,5032067.586,45.42537785,-75.64976549,9801
18--5444,5/22/2018,12:10 PM,ORLEANS BLVD @ ST. JOSEPH BLVD (0004144),4144,02 - Intersection related,03 - P.D. only,04 - Sideswipe,02 - Rain,01 - Daylight,02 - Wet,01 - Traffic signal,01 - Functioning,2,0,0,0,,0,,,,,380631.7868,5036980.828,45.46863724,-75.5302043,9802
18--5445,5/22/2018,12:40 PM,HUNTER'S RUN DR @ JEANNE D'ARC BLVD (0012419),12419,02 - Intersection related,03 - P.D. only,03 - Rear end,02 - Rain,01 - Daylight,02 - Wet,01 - Traffic signal,01 - Functioning,2,0,0,0,,0,,,,,380567.7111,5036174.82,45.46139237,-75.53114787,9803
18--5446,5/22/2018,2:59 PM,LAURIER AVE   W btwn METCALFE ST & ELGIN ST (__3ZA35P),__3ZA35P,01 - Non intersection,03 - P.D. only,06 - SMV unattended vehicle,01 - Clear,01 - Daylight,01 - Dry,10 - No control,,1,0,0,0,,0,,,,,367799.0364,5031455.738,45.42019993,-75.69500887,9804
18--5447,5/22/2018,2:59 PM,KIRKWOOD AVE @ RICHMOND RD (0002080),2080,03 - At intersection,03 - P.D. only,05 - Turning movement,01 - Clear,01 - Daylight,01 - Dry,01 - Traffic signal,01 - Functioning,2,0,0,0,,0,,,,,363778.6439,5028641.511,45.39522855,-75.74671281,9805
18--5448,5/22/2018,3:00 PM,ALBERT ST btwn BRONSON AVE & BAY ST (__3ZA339),__3ZA339,01 - Non intersection,03 - P.D. only,04 - Sideswipe,01 - Clear,01 - Daylight,01 - Dry,10 - No control,,2,0,0,0,,0,,,,,366903.0882,5031119.043,45.41725055,-75.70649847,9806