Anom_ID,Accident_Date,Accident_Time,Location,Geo_ID,Accident_Location,Classification_of_Accident,Initial_Impact_Type,Environment_Condition,Light,Road_Surface_Condition,Traffic_Control,Traffic_Control_Condition,No__of_Vehicles,No__of_Bicycles,No__of_Motorcycles,No__of_Pedestrians,Max_Injury,No__of_Injuries,No__of_Minimal,No__of_Minor,No__of_Major,No__of_Fatal,X,Y,Latitude,Longitude,ObjectId
18--5449,5/22/2018,3:05 PM,HIGHWAY 417 btwn HWY417 IC131 RAMP66 & HWY417 IC130 RAMP26 (__3ZA29A),__3ZA29A,01 - Non intersection,03 - P.D. only,04 - Sideswipe,01 - Clear,01 - Daylight,01 - Dry,10 - No control,,2,0,0,0,,0,,,,,358906.7415,5023034.597,45.34517103,-75.80954712,9807
18--545,1/9/2018,3:45 PM,HIGHWAY 417 btwn HWY417 IC115 RAMP51 & HWY417 IC115 RAMP35 (__3ZAZEB),__3ZAZEB,01 - Non intersection,03 - P.D. only,04 - Sideswipe,01 - Clear,01 - Daylight,99 - Other,10 - No control,,2,0,0,0,,0,,,,,372212.6782,5031471.181,45.41992752,-75.63861618,9808
18--5450,5/22/2018,3:11 PM,CONROY RD @ HUNT CLUB RD (0002257),2257,02 - Intersection related,02 - Non-fatal injury,03 - Rear end,01 - Clear,01 - Daylight,01 - Dry,01 - Traffic signal,01 - Functioning,2,0,0,0,02 - Minor,1,,1,,,373763.8298,5025404.579,45.36519184,-75.61964617,9809
18--5451,5/22/2018,3:12 PM,HWY 417 INNES IC112R57 @ INNES RD (0012298),12298,02 - Intersection related,03 - P.D. only,03 - Rear end,01 - Clear,01 - Daylight,01 - Dry,01 - Traffic signal,01 - Functioning,3,0,0,0,,0,,,,,374298.8177,5030754.339,45.41327362,-75.61206423,9810
18--5452,5/22/2018,3:20 PM,AVIATION PKWY @ OGILVIE RD (0004114),4114,02 - Intersection related,03 - P.D. only,03 - Rear end,01 - Clear,01 - Daylight,01 - Dry,01 - Traffic signal,01 - Functioning,2,0,0,0,,0,,,,,373110.6007,5032376.453,45.42798562,-75.62701852,9811
18--5453,5/22/2018,3:50 PM,EAGLESON RD btwn Continuation of EAGLESON RD & FERNBANK RD (__3ZA1ZX),__3ZA1ZX,01 - Non intersection,02 - Non-fatal injury,03 - Rear end,01 - Clear,01 - Daylight,01 - Dry,10 - No control,,2,0,0,0,02 - Minor,1,,1,,,354759.4063,5015685.1,45.27934663,-75.86320864,9812
18--5454,5/22/2018,3:52 PM,CASTLEFRANK RD @ KATIMAVIK RD (0003228),3228,03 - At intersection,03 - P.D. only,02 - Angle,02 - Rain,01 - Daylight,02 - Wet,01 - Traffic signal,01 - Functioning,2,0,0,0,,0,,,,,351950.3845,5018943.455,45.30886018,-75.89870111,9813
18--5455,5/22/2018,3:52 PM,RAMSAYVILLE RD @ RIDGE RD (0009270),9270,03 - At intersection,03 - P.D. only,02 - Angle,01 - Clear,01 - Daylight,01 - Dry,02 - Stop sign,01 - Functioning,2,0,0,0,,0,,,,,376683.4132,5028863.768,45.39602246,-75.58187747,9814
18--5456,5/22/2018,4:01 PM,PAULINE CHARRON PL btwn IDA ROCHELEAU PL & END (__3ZA4C3),__3ZA4C3,01 - Non intersection,02 - Non-fatal injury,07 - SMV other,01 - Clear,01 - Daylight,01 - Dry,10 - No control,,1,0,0,1,02 - Minor,1,,1,,,370843.0164,5034234.175,45.44491837,-75.65574487,9815
18--5457,5/22/2018,4:44 PM,TERMINAL AVE btwn TRANSIT & SANDFORD FLEMING AVE (__7M1A4X),__7M1A4X,04 - At/near private drive,03 - P.D. only,02 - Angle,02 - Rain,01 - Daylight,02 - Wet,10 - No control,,2,0,0,0,,0,,,,,370850.0028,5030830.436,45.41429233,-75.6561121,9816
18--5458,5/22/2018,4:47 PM,RUSSELL RD btwn ST. LAURENT BLVD & ST. LAURENT BLVD (__3ZBOFC),__3ZBOFC,01 - Non intersection,03 - P.D. only,04 - Sideswipe,01 - Clear,01 - Daylight,01 - Dry,10 - No control,,2,0,0,0,,0,,,,,373485.9911,5029317.979,45.40043019,-75.622648,9817
18--5459,5/22/2018,5:01 PM,BANK ST btwn CECIL AVE & HERON RD (__3ZA3AC),__3ZA3AC,01 - Non intersection,03 - P.D. only,04 - Sideswipe,02 - Rain,01 - Daylight,02 - Wet,10 - No control,,2,0,0,0,,0,,,,,369961.5061,5026944.319,45.37940972,-75.6679761,9818
18--546,1/9/2018,4:37 PM,STITTSVILLE MAIN ST @ MULKINS ST S/WINTERGREEN (0009338),9338,03 - At intersection,03 - P.D. only,02 - Angle,01 - Clear,01 - Daylight,02 - Wet,01 - Traffic signal,01 - Functioning,2,0,0,0,,0,,,,,350005.929,5013640.023,45.26126606,-75.92398023,9819
18--5460,5/22/2018,5:16 PM,ADIRONDACK DR @ WOODROFFE AVE (0005644),5644,02 - Intersection related,03 - P.D. only,03 - Rear end,02 - Rain,01 - Daylight,02 - Wet,02 - Stop sign,01 - Functioning,2,0,0,0,,0,,,,,362457.9796,5024005.589,45.35362503,-75.76412041,9820
18--5461,5/22/2018,5:42 PM,RICHMOND RD btwn EDGEWORTH AVE/MCEWEN AVE & REGINA LANE (__3ZA4L9),__3ZA4L9,01 - Non intersection,03 - P.D. only,03 - Rear end,02 - Rain,01 - Daylight,02 - Wet,10 - No control,,2,0,0,0,,0,,,,,360945.6379,5025748.817,45.36943323,-75.78322261,9821
18--5462,5/22/2018,6:00 PM,"OLD MONTREAL RD btwn GRAND-CH-NE, COUR DU CRT & TED KELLY LANE (__3ZA24E)",__3ZA24E,04 - At/near private drive,02 - Non-fatal injury,07 - SMV other,01 - Clear,01 - Daylight,01 - Dry,10 - No control,,1,0,0,0,02 - Minor,1,,1,,,385440.7583,5039839.584,45.49381881,-75.46824378,9822
18--5463,5/22/2018,6:07 PM,WOODROFFE AVE btwn KNOXDALE RD/MEDHURST DR & MAJESTIC DR (__3ZA3JL),__3ZA3JL,01 - Non intersection,03 - P.D. only,03 - Rear end,01 - Clear,01 - Daylight,01 - Dry,10 - No control,,2,0,0,0,,0,,,,,363521.8605,5021585.148,45.33175783,-75.75083074,9823
18--5464,5/22/2018,6:10 AM,JACKMAN TER btwn AIRD PL & AIRD PL (__3ZA50U),__3ZA50U,04 - At/near private drive,03 - P.D. only,06 - SMV unattended vehicle,01 - Clear,01 - Daylight,01 - Dry,10 - No control,,1,0,0,0,,0,,,,,352006.9353,5019089.491,45.31017045,-75.89796606,9824
18--5465,5/22/2018,6:46 PM,RIVERSIDE DR SB btwn BILLINGS BRIDGESC RAMP SB & BILLINGS BRIDGE SC RA (__3ZA3BS),__3ZA3BS,01 - Non intersection,03 - P.D. only,03 - Rear end,02 - Rain,01 - Daylight,02 - Wet,10 - No control,,2,0,0,0,,0,,,,,369077.477,5027847.756,45.38762024,-75.67914514,9825
18--5466,5/22/2018,6:50 AM,CARLING AVE btwn MOODIE DR & GRANDVIEW RD (__3ZBOCP),__3ZBOCP,01 - Non intersection,03 - P.D. only,05 - Turning movement,01 - Clear,01 - Daylight,01 - Dry,10 - No control,,2,0,0,0,,0,,,,,355900.35,5023979.306,45.35389707,-75.84781131,9826
18--5467,5/22/2018,6:52 PM,BLAIR RD @ MEADOWBROOK RD (0004163),4163,02 - Intersection related,03 - P.D. only,04 - Sideswipe,01 - Clear,01 - Daylight,01 - Dry,01 - Traffic signal,01 - Functioning,2,0,0,0,,0,,,,,375194.7751,5032311.649,45.42719589,-75.60039615,9827
18--5468,5/22/2018,6:58 AM,HIGHWAY 417 btwn HWY417 IC129 RAMP25 & HWY417 IC129 RAMP35 (__3ZAYFR),__3ZAYFR,01 - Non intersection,03 - P.D. only,03 - Rear end,01 - Clear,01 - Daylight,01 - Dry,10 - No control,,3,0,0,0,,0,,,,,360866.3272,5023846.457,45.35232223,-75.78445085,9828
18--585,1/10/2018,11:03 AM,RIVERSIDE DR @ RIVERSIDE HOSPITAL (0011960),11960,03 - At intersection,03 - P.D. only,05 - Turning movement,01 - Clear,01 - Daylight,02 - Wet,01 - Traffic signal,01 - Functioning,2,0,0,0,,0,,,,,369716.9461,5028628.078,45.39458234,-75.670877,9829
18--5850,5/31/2018,8:11 AM,CARLING AVE @ CLYDE AVE/COLE AVE (0006984),6984,03 - At intersection,02 - Non-fatal injury,05 - Turning movement,01 - Clear,01 - Daylight,01 - Dry,01 - Traffic signal,01 - Functioning,2,0,0,0,03 - Major,1,,,1,,363520.6842,5026850.712,45.37913691,-75.75022031,9830
18--5851,5/31/2018,8:20 AM,BASELINE RD @ CENTREPOINTE DR E/HIGHGATE RD (0011468),11468,02 - Intersection related,03 - P.D. only,03 - Rear end,01 - Clear,01 - Daylight,01 - Dry,01 - Traffic signal,01 - Functioning,2,0,0,0,,0,,,,,362061.6712,5023465.495,45.34879777,-75.76924056,9831
18--5852,5/31/2018,8:52 AM,MONK ST @ THORNTON AVE (0007379),7379,02 - Intersection related,03 - P.D. only,06 - SMV unattended vehicle,01 - Clear,01 - Daylight,01 - Dry,02 - Stop sign,01 - Functioning,1,0,0,0,,0,,,,,368370.6177,5029295.639,45.40071236,-75.6879846,9832
18--5853,5/31/2018,8:58 AM,MISS OTTAWA ST @ MONTREAL RD (0012424),12424,03 - At intersection,02 - Non-fatal injury,03 - Rear end,01 - Clear,01 - Daylight,01 - Dry,01 - Traffic signal,01 - Functioning,3,0,0,0,02 - Minor,1,,1,,,375797.5279,5034648.616,45.4481616,-75.59235722,9833
18--5854,5/31/2018,9:00 AM,CARLING AVE @ MOODIE DR/JAMES CUMMINGS AVE W (0000158),158,02 - Intersection related,03 - P.D. only,03 - Rear end,01 - Clear,01 - Daylight,01 - Dry,01 - Traffic signal,01 - Functioning,2,0,0,0,,0,,,,,356001.5419,5023937.405,45.35351266,-75.84652423,9834
18--5855,5/31/2018,9:16 PM,O'CONNOR ST @ SPARKS ST (0005688),5688,03 - At intersection,02 - Non-fatal injury,02 - Angle,01 - Clear,07 - Dark,01 - Dry,01 - Traffic signal,01 - Functioning,2,1,0,0,03 - Major,1,,,1,,367456.6972,5031652.575,45.42200175,-75.69935776,9835
18--5856,5/31/2018,9:21 AM,HWY417 IC117 RAMP36 btwn HIGHWAY 417 & VANIER PKWY (__3ZAYAX),__3ZAYAX,01 - Non intersection,03 - P.D. only,03 - Rear end,01 - Clear,01 - Daylight,01 - Dry,10 - No control,,3,0,0,0,,0,,,,,370493.1391,5031163.473,45.41732246,-75.66062668,9836
18--5857,6/1/2018,11:05 PM,INDUSTRIAL AVE/INNES RD @ ST. LAURENT BLVD (0002203),2203,03 - At intersection,02 - Non-fatal injury,03 - Rear end,01 - Clear,07 - Dark,01 - Dry,01 - Traffic signal,01 - Functioning,2,0,0,0,01 - Minimal,1,1,,,,373099.7861,5030005.5,45.40665398,-75.62748534,9837
18--5858,6/1/2018,11:15 AM,TWINFLOWER WAY btwn GOOSEBERRY PL & SPICEBUSH PL (e___1G85),e___1G85,04 - At/near private drive,03 - P.D. only,06 - SMV unattended vehicle,01 - Clear,01 - Daylight,01 - Dry,10 - No control,,1,0,0,0,,0,,,,,364715.8293,5016427.411,45.28524791,-75.73622308,9838
18--5859,6/1/2018,11:32 AM,BANK ST @ JOHNSTON RD (0006967),6967,03 - At intersection,02 - Non-fatal injury,07 - SMV other,01 - Clear,01 - Daylight,01 - Dry,01 - Traffic signal,01 - Functioning,1,0,0,1,02 - Minor,1,,1,,,370851.7302,5024839.528,45.36038816,-75.6568918,9839
18--586,1/10/2018,11:21 AM,COLONEL BY DR @ HOG'S BACK RD (0002635),2635,03 - At intersection,03 - P.D. only,05 - Turning movement,03 - Snow,01 - Daylight,02 - Wet,01 - Traffic signal,01 - Functioning,2,0,0,0,,0,,,,,367603.0578,5025873.538,45.36999049,-75.69822342,9840
18--5860,6/1/2018,11:32 PM,MEADOWLANDS DR @ MERIVALE RD (0000625),625,03 - At intersection,03 - P.D. only,05 - Turning movement,01 - Clear,07 - Dark,01 - Dry,01 - Traffic signal,01 - Functioning,2,0,0,0,,0,,,,,364858.4529,5023725.529,45.3509036,-75.73352027,9841
18--5861,6/1/2018,11:46 AM,BELFAST RD btwn TRIOLE ST & MICHAEL ST (__3ZA793),__3ZA793,04 - At/near private drive,03 - P.D. only,02 - Angle,01 - Clear,01 - Daylight,01 - Dry,10 - No control,,2,0,0,0,,0,,,,,373115.0292,5030671.996,45.41264931,-75.62719827,9842
18--5862,6/1/2018,Unknown,SOLERA CIRC btwn DUNSTON TER & CAHILL DR (__6REWPU),__6REWPU,01 - Non intersection,03 - P.D. only,06 - SMV unattended vehicle,01 - Clear,00 - Unknown,01 - Dry,10 - No control,,1,0,0,0,,0,,,,,372305.8154,5024677.886,45.35879526,-75.6383555,9843
18--5863,6/1/2018,Unknown,COSTELLO AVE btwn ABINGDON DR & ABINGDON DR (__3ZBOH9),__3ZBOH9,01 - Non intersection,03 - P.D. only,06 - SMV unattended vehicle,01 - Clear,00 - Unknown,02 - Wet,10 - No control,,1,0,0,0,,0,,,,,360265.2966,5021860.24,45.33449806,-75.79234364,9844
18--5864,6/1/2018,12:09 PM,MARINOFF WAY btwn HANCOCK CRES & SABLON CRT (__3ZAZ1J),__3ZAZ1J,04 - At/near private drive,03 - P.D. only,02 - Angle,01 - Clear,01 - Daylight,01 - Dry,10 - No control,,2,0,0,0,,0,,,,,384298.9885,5038217.53,45.47935614,-75.48311243,9845
18--5865,6/1/2018,12:10 PM,INDUSTRIAL AVE btwn TRAINYARDS DR & RUSSELL RD (__3ZA3R9),__3ZA3R9,01 - Non intersection,03 - P.D. only,04 - Sideswipe,01 - Clear,01 - Daylight,01 - Dry,10 - No control,,2,0,0,0,,0,,,,,371705.0427,5030537.118,45.41157196,-75.64522871,9846
18--5866,6/1/2018,12:39 PM,BANK ST @ RIVERSIDE DR N (0010778),10778,02 - Intersection related,03 - P.D. only,03 - Rear end,01 - Clear,01 - Daylight,01 - Dry,01 - Traffic signal,01 - Functioning,2,0,0,0,,0,,,,,369225.6052,5027983.599,45.3888289,-75.67723593,9847
18--5867,6/1/2018,2:27 PM,BANK ST @ HERON RD (0002155),2155,02 - Intersection related,03 - P.D. only,03 - Rear end,01 - Clear,01 - Daylight,01 - Dry,01 - Traffic signal,01 - Functioning,2,0,0,0,,0,,,,,369995.4681,5026851.821,45.3785743,-75.66755471,9848
18--5868,6/1/2018,2:30 PM,GLADSTONE AVE @ BEVERLEY AVE (0006519),6519,02 - Intersection related,03 - P.D. only,06 - SMV unattended vehicle,01 - Clear,01 - Daylight,01 - Dry,02 - Stop sign,01 - Functioning,1,0,0,0,,0,,,,,365385.6599,5029194.656,45.40006843,-75.7261216,9849
18--5869,6/1/2018,2:35 PM,BANK ST @ CECIL AVE (0002601),2601,03 - At intersection,03 - P.D. only,02 - Angle,01 - Clear,01 - Daylight,01 - Dry,02 - Stop sign,01 - Functioning,2,0,0,0,,0,,,,,369944.6242,5026989.639,45.37981907,-75.66818565,9850
18--587,1/10/2018,11:45 AM,RIDEAU VALLEY DR E @ ROGER STEVENS DR E (0003678),3678,02 - Intersection related,02 - Non-fatal injury,03 - Rear end,03 - Snow,01 - Daylight,04 - Slush,02 - Stop sign,01 - Functioning,2,0,0,0,01 - Minimal,1,1,,,,372212.7033,5002825.333,45.16217929,-75.64250888,9851
18--5870,6/1/2018,2:57 PM,LEMIEUX ST @ ST. LAURENT BLVD (0002021),2021,03 - At intersection,03 - P.D. only,02 - Angle,01 - Clear,01 - Daylight,01 - Dry,01 - Traffic signal,01 - Functioning,2,0,0,0,,0,,,,,372391.647,5031742.511,45.42235155,-75.63629239,9852
18--5871,6/1/2018,3:10 PM,WATTERS RD btwn MONTCREST DR & TRIM RD (__3ZA5TU),__3ZA5TU,04 - At/near private drive,03 - P.D. only,03 - Rear end,01 - Clear,01 - Daylight,01 - Dry,10 - No control,,2,0,0,0,,0,,,,,384928.549,5038685.737,45.48349664,-75.4749845,9853
18--5872,6/1/2018,3:31 PM,MERIVALE RD @ WOODFIELD DR/ROYDON PL (0009776),9776,03 - At intersection,02 - Non-fatal injury,07 - SMV other,01 - Clear,01 - Daylight,01 - Dry,01 - Traffic signal,01 - Functioning,1,0,0,1,01 - Minimal,1,1,,,,365462.701,5022298.499,45.33801138,-75.72598443,9854
18--5873,6/1/2018,4:00 PM,ST. LAURENT BLVD btwn COVENTRY RD & LEMIEUX ST (__3ZA2C9),__3ZA2C9,01 - Non intersection,03 - P.D. only,04 - Sideswipe,01 - Clear,01 - Daylight,01 - Dry,10 - No control,,2,0,0,0,,0,,,,,372388.5618,5031750.726,45.42242577,-75.63633069,9855
18--5874,6/1/2018,4:15 PM,BRITTANY DR @ MONTREAL RD (0007685),7685,03 - At intersection,03 - P.D. only,03 - Rear end,01 - Clear,01 - Daylight,01 - Dry,01 - Traffic signal,01 - Functioning,2,0,0,0,,0,,,,,371912.7117,5033994.582,45.44266074,-75.64210472,9856
18--5875,6/1/2018,4:26 PM,BANK ST @ LEITRIM RD (0004125),4125,02 - Intersection related,02 - Non-fatal injury,03 - Rear end,01 - Clear,01 - Daylight,01 - Dry,01 - Traffic signal,01 - Functioning,2,1,0,0,02 - Minor,1,,1,,,375357.5512,5021619.581,45.33097748,-75.5998441,9857
18--5876,6/1/2018,4:30 PM,FOREST WATER WAY @ RIVER RUN AVE (0014337),14337,02 - Intersection related,03 - P.D. only,02 - Angle,01 - Clear,01 - Daylight,01 - Dry,02 - Stop sign,01 - Functioning,2,0,0,0,,0,,,,,364259.1301,5012943.123,45.25393503,-75.74246153,9858
18--5877,6/1/2018,4:30 PM,ST. LAURENT BLVD/DUNBARTON CRT @ BRITTANY DR (0007139),7139,02 - Intersection related,03 - P.D. only,03 - Rear end,01 - Clear,01 - Daylight,01 - Dry,01 - Traffic signal,01 - Functioning,2,0,0,0,,0,,,,,371331.5772,5034336.597,45.44579358,-75.64948624,9859
18--5878,6/1/2018,4:33 PM,HIGHWAY 417 btwn HWY417 IC124 RAMP65 & HWY417 IC122 RAMP51 (__3ZA2R8),__3ZA2R8,01 - Non intersection,03 - P.D. only,03 - Rear end,01 - Clear,01 - Daylight,01 - Dry,10 - No control,,3,0,0,0,,0,,,,,364815.8359,5028102.609,45.39029149,-75.73353232,9860
18--5879,6/1/2018,4:54 PM,ANDERSON RD @ HWY 417 ANDERSON IC104R61 (0004159),4159,02 - Intersection related,03 - P.D. only,04 - Sideswipe,01 - Clear,01 - Daylight,01 - Dry,02 - Stop sign,01 - Functioning,2,0,0,0,,0,,,,,379939.7369,5026229.467,45.37197886,-75.54069318,9861
18--588,1/10/2018,11:55 AM,HIGHWAY 416 btwn HWY416 IC66 RAMP53 & HWY416 IC57 RAMP34 (__3ZAZLC),__3ZAZLC,01 - Non intersection,03 - P.D. only,07 - SMV other,02 - Rain,01 - Daylight,06 - Ice,10 - No control,,1,0,0,0,,0,,,,,363776.2709,5009884.718,45.22645592,-75.74897551,9862
18--5880,6/1/2018,5:05 PM,ANDERSON RD @ HWY 417 ANDERSON IC104R51 (0004150),4150,02 - Intersection related,03 - P.D. only,03 - Rear end,01 - Clear,01 - Daylight,01 - Dry,02 - Stop sign,01 - Functioning,2,0,0,0,,0,,,,,380169.9232,5025656.647,45.36680027,-75.5378422,9863
18--5881,6/1/2018,5:11 PM,CARLING AVE @ PINECREST  RD/GREENVIEW AVE (0001630),1630,03 - At intersection,03 - P.D. only,04 - Sideswipe,01 - Clear,01 - Daylight,01 - Dry,01 - Traffic signal,01 - Functioning,2,0,0,0,,0,,,,,360006.6744,5024632.69,45.35946495,-75.79533357,9864
18--5882,6/1/2018,5:14 PM,PRINCE OF WALES DR btwn BASELINE RD/HERON RD & GREEN VALLEY CRES (__3ZA3G7),__3ZA3G7,04 - At/near private drive,02 - Non-fatal injury,02 - Angle,01 - Clear,01 - Daylight,01 - Dry,10 - No control,,2,0,0,0,02 - Minor,1,,1,,,366912.0375,5026557.832,45.37620919,-75.70695844,9865
18--5883,6/1/2018,5:33 PM,BASELINE RD/HWY 416 RICHMOND IC75R53 @ RICHMON (0000148),148,03 - At intersection,03 - P.D. only,04 - Sideswipe,01 - Clear,01 - Daylight,01 - Dry,01 - Traffic signal,01 - Functioning,2,0,0,0,,0,,,,,358635.5948,5021821.525,45.33427662,-75.81313895,9866
18--5884,6/1/2018,5:53 PM,BEARBROOK RD btwn ROCKCLIFFE PKWY & Continuation of BEARBROOK RD (__55RXY1),__55RXY1,04 - At/near private drive,03 - P.D. only,03 - Rear end,01 - Clear,01 - Daylight,01 - Dry,10 - No control,,2,0,0,0,,0,,,,,377004.013,5034412.501,45.4459136,-75.57696999,9867
18--5885,6/1/2018,6:05 PM,CASTLEFRANK RD @ TERRY FOX DR (0011757),11757,02 - Intersection related,03 - P.D. only,03 - Rear end,01 - Clear,01 - Daylight,01 - Dry,01 - Traffic signal,01 - Functioning,2,0,0,0,,0,,,,,352993.9965,5016304.84,45.28504645,-75.88564935,9868
18--5886,6/1/2018,6:08 PM,MICHAEL ST btwn BELFAST RD & NEWMARKET ST (__3ZA1DR),__3ZA1DR,04 - At/near private drive,02 - Non-fatal injury,02 - Angle,01 - Clear,01 - Daylight,01 - Dry,10 - No control,,2,0,0,0,01 - Minimal,1,1,,,,373149.6031,5030634.007,45.41230412,-75.62676187,9869
18--5887,6/1/2018,6:11 AM,WALKLEY RD btwn RUSSELL RD & LANCASTER RD (__3ZA1UN),__3ZA1UN,01 - Non intersection,03 - P.D. only,04 - Sideswipe,01 - Clear,01 - Daylight,01 - Dry,10 - No control,,2,0,0,0,,0,,,,,374678.594,5028501.002,45.39296142,-75.607532,9870
18--5888,6/1/2018,6:15 PM,NOEL ST btwn TAYLOR LANE & RIDEAU TER (__3ZA5HI),__3ZA5HI,01 - Non intersection,03 - P.D. only,01 - Approaching,01 - Clear,01 - Daylight,01 - Dry,10 - No control,,2,0,0,0,,0,,,,,368947.0481,5034075.015,45.44366287,-75.68000003,9871
18--5889,6/1/2018,6:20 PM,HIGHWAY 417 btwn HWY417 IC117 RAMP51 & HWY417 IC117 RAMP35 (__3ZA2YN),__3ZA2YN,01 - Non intersection,03 - P.D. only,04 - Sideswipe,01 - Clear,01 - Daylight,01 - Dry,10 - No control,,2,0,0,0,,0,,,,,370692.4023,5031169.834,45.41736096,-75.65808008,9872
18--589,1/10/2018,11:59 PM,CARP RD btwn RICHARDSON SIDE RD & HWY417 IC144 RAMP62 (__3ZA3FS),__3ZA3FS,01 - Non intersection,03 - P.D. only,07 - SMV other,04 - Freezing Rain,07 - Dark,06 - Ice,10 - No control,,1,0,0,0,,0,,,,,347038.5129,5016212.682,45.28460029,-75.96157083,9873
18--5890,6/1/2018,6:24 PM,MONTREAL RD btwn MONTGOMERY ST & PALACE ST (__3ZA3KD),__3ZA3KD,04 - At/near private drive,02 - Non-fatal injury,05 - Turning movement,01 - Clear,01 - Daylight,01 - Dry,10 - No control,,2,1,0,0,02 - Minor,1,,1,,,369892.0796,5032964.077,45.43357976,-75.66806776,9874
18--5891,6/1/2018,6:48 PM,HAMILTON AVE @ KENILWORTH ST (0006699),6699,03 - At intersection,03 - P.D. only,02 - Angle,01 - Clear,01 - Daylight,01 - Dry,02 - Stop sign,03 - Obscured,2,0,0,0,,0,,,,,365367.7033,5028564.558,45.3944005,-75.72642831,9875
18--5892,6/1/2018,6:50 PM,ROCHESTER ST @ ANDERSON ST (0006332),6332,03 - At intersection,03 - P.D. only,02 - Angle,01 - Clear,01 - Daylight,01 - Dry,02 - Stop sign,01 - Functioning,2,0,0,0,,0,,,,,366534.7002,5030078.564,45.40792122,-75.71133529,9876
18--5893,6/1/2018,7:00 PM,BASELINE RD @ WOODROFFE AVE (0002225),2225,02 - Intersection related,03 - P.D. only,03 - Rear end,01 - Clear,01 - Daylight,01 - Dry,01 - Traffic signal,01 - Functioning,2,0,0,0,,0,,,,,362549.6683,5023770.551,45.35150263,-75.76297775,9877
18--5894,6/1/2018,7:56 AM,LESTER RD btwn ALBION RD & UPLANDS DR (__3ZA2SC),__3ZA2SC,01 - Non intersection,03 - P.D. only,06 - SMV unattended vehicle,01 - Clear,00 - Unknown,01 - Dry,10 - No control,,1,0,0,0,,0,,,,,372444.448,5022152.28,45.33605737,-75.63693162,9878
18--5895,6/1/2018,8:01 AM,HARWOOD AVE @ PINECREST RD (0002747),2747,03 - At intersection,02 - Non-fatal injury,02 - Angle,01 - Clear,01 - Daylight,01 - Dry,02 - Stop sign,01 - Functioning,2,0,0,0,02 - Minor,1,,1,,,360209.6791,5024120.38,45.35483918,-75.79280001,9879
18--5896,6/1/2018,8:30 AM,ALBERT ST @ METCALFE ST (0002117),2117,02 - Intersection related,03 - P.D. only,04 - Sideswipe,01 - Clear,01 - Daylight,01 - Dry,01 - Traffic signal,01 - Functioning,2,0,0,0,,0,,,,,367691.6853,5031613.327,45.42162752,-75.69636033,9880
18--5897,6/1/2018,8:55 PM,MACDONALD ST btwn SOMERSET ST W & MACLAREN ST (__3ZA9UA),__3ZA9UA,04 - At/near private drive,03 - P.D. only,06 - SMV unattended vehicle,01 - Clear,05 - Dusk,01 - Dry,10 - No control,,1,0,0,0,,0,,,,,368471.0481,5031367.07,45.41934129,-75.68643434,9881
18--5898,6/1/2018,9:30 AM,GLADSTONE AVE btwn BAY ST & LYON ST N (__3ZA3PV),__3ZA3PV,01 - Non intersection,02 - Non-fatal injury,03 - Rear end,01 - Clear,01 - Daylight,01 - Dry,10 - No control,,2,0,0,0,01 - Minimal,1,1,,,,367571.6318,5030354.166,45.41030877,-75.69805463,9882
18--5899,6/1/2018,9:32 AM,RIVERSIDE DR RAMP 42A @ RIVERSIDE DR RAMP 42B (0002522),2522,02 - Intersection related,03 - P.D. only,03 - Rear end,01 - Clear,01 - Daylight,01 - Dry,03 - Yield sign,01 - Functioning,2,0,0,0,,0,,,,,368480.785,5027090.858,45.38086439,-75.68686206,9883
18--59,1/2/2018,11:00 PM,CHARLEMAGNE BLVD @ WATTERS RD (0012940),12940,03 - At intersection,03 - P.D. only,05 - Turning movement,03 - Snow,07 - Dark,04 - Slush,02 - Stop sign,01 - Functioning,2,0,0,0,,0,,,,,384558.7151,5038047.866,45.47780004,-75.47981829,9884
18--590,1/10/2018,12:13 PM,BARNSDALE RD E @ CEDARVIEW RD E (0001077),1077,03 - At intersection,02 - Non-fatal injury,02 - Angle,01 - Clear,01 - Daylight,01 - Dry,02 - Stop sign,01 - Functioning,2,0,0,0,02 - Minor,1,,1,,,364036.3322,5010032.782,45.22776639,-75.74564647,9885
18--5900,6/1/2018,9:46 AM,CHESLEY ST @ BANK ST (0007687),7687,03 - At intersection,02 - Non-fatal injury,05 - Turning movement,01 - Clear,01 - Daylight,01 - Dry,02 - Stop sign,00 - Unknown,2,0,0,0,02 - Minor,1,,1,,,368996.4241,5028205.105,45.39084299,-75.68013363,9886
18--5901,6/2/2018,1:02 PM,KENT ST @ SLATER ST (0002114),2114,03 - At intersection,03 - P.D. only,02 - Angle,01 - Clear,01 - Daylight,01 - Dry,01 - Traffic signal,01 - Functioning,2,0,0,0,,0,,,,,367261.7073,5031252.587,45.41842022,-75.70189985,9887
18--5902,6/2/2018,1:05 PM,CASTLEFRANK RD @ TERRY FOX DR (0011757),11757,02 - Intersection related,03 - P.D. only,03 - Rear end,01 - Clear,01 - Daylight,01 - Dry,01 - Traffic signal,01 - Functioning,3,0,0,0,,0,,,,,352994.0703,5016304.752,45.28504566,-75.88564842,9888
18--5653,5/28/2018,11:44 PM,MERIVALE RD btwn CALDWELL AVE & CENTRAL PARK DR (__3ZA3GW),__3ZA3GW,04 - At/near private drive,03 - P.D. only,03 - Rear end,01 - Clear,07 - Dark,01 - Dry,10 - No control,,2,0,0,0,,0,,,,,364928.5258,5026065.333,45.37195079,-75.7323414,9889