Anom_ID,Accident_Date,Accident_Time,Location,Geo_ID,Accident_Location,Classification_of_Accident,Initial_Impact_Type,Environment_Condition,Light,Road_Surface_Condition,Traffic_Control,Traffic_Control_Condition,No__of_Vehicles,No__of_Bicycles,No__of_Motorcycles,No__of_Pedestrians,Max_Injury,No__of_Injuries,No__of_Minimal,No__of_Minor,No__of_Major,No__of_Fatal,X,Y,Latitude,Longitude,ObjectId
18--615,1/10/2018,7:00 AM,ALDERGROVE WAY @ OLD PRESCOTT RD (0005864),5864,03 - At intersection,03 - P.D. only,02 - Angle,01 - Clear,03 - Dawn,05 - Packed snow,02 - Stop sign,01 - Functioning,2,0,0,0,,0,,,,,377679.1054,5014172.135,45.26373131,-75.57132467,10057
18--6150,6/8/2018,3:32 PM,BURNSIDE AVE @ STONEHURST AVE (0006334),6334,03 - At intersection,02 - Non-fatal injury,02 - Angle,01 - Clear,01 - Daylight,01 - Dry,02 - Stop sign,01 - Functioning,2,1,0,0,02 - Minor,1,,1,,,365083.2871,5030222.539,45.40934318,-75.72985788,10058
18--6151,6/8/2018,3:50 PM,BRONSON AVE @ SOMERSET ST (0002218),2218,02 - Intersection related,03 - P.D. only,03 - Rear end,01 - Clear,01 - Daylight,01 - Dry,01 - Traffic signal,01 - Functioning,3,0,0,0,,0,,,,,366967.7922,5030476.664,45.41146487,-75.70575284,10059
18--6152,6/8/2018,3:50 PM,HIGHWAY 417 btwn HWY417 IC117 RAMP51 & HWY417 IC117 RAMP35 (__3ZA2YN),__3ZA2YN,01 - Non intersection,03 - P.D. only,03 - Rear end,01 - Clear,01 - Daylight,01 - Dry,10 - No control,,2,0,0,0,,0,,,,,370828.3195,5031200.516,45.41762421,-75.65633952,10060
18--6153,6/8/2018,3:51 PM,RIVERSIDE DR NB btwn HWY417 IC117 RAMP25 & VANIER PKWY (__3ZA4SG),__3ZA4SG,07 - Overpass or bridge,03 - P.D. only,03 - Rear end,01 - Clear,01 - Daylight,01 - Dry,10 - No control,,2,0,0,0,,0,,,,,370819.2483,5031137.318,45.41705644,-75.65646388,10061
18--6154,6/8/2018,3:58 PM,BALSAM ST @ PRESTON ST (0006501),6501,02 - Intersection related,02 - Non-fatal injury,02 - Angle,01 - Clear,01 - Daylight,01 - Dry,02 - Stop sign,03 - Obscured,2,1,0,0,01 - Minimal,1,1,,,,366456.705,5029788.566,45.40531877,-75.71236786,10062
18--6155,6/8/2018,4:03 PM,BANK ST btwn LESTER RD & PARK LANE (__3ZA28G),__3ZA28G,01 - Non intersection,03 - P.D. only,05 - Turning movement,01 - Clear,01 - Daylight,01 - Dry,10 - No control,,2,0,0,0,,0,,,,,373833.2594,5022782.05,45.34158854,-75.61912614,10063
18--6156,6/8/2018,4:40 PM,ST. LAURENT BLVD @ WALKLEY RD (0007653),7653,02 - Intersection related,02 - Non-fatal injury,03 - Rear end,01 - Clear,01 - Daylight,01 - Dry,01 - Traffic signal,01 - Functioning,2,0,0,0,01 - Minimal,1,1,,,,373902.6198,5028046.716,45.38895096,-75.61750494,10064
18--6157,6/8/2018,4:45 PM,HWY 417 WOODROFF IC127R62 @ WOODROFFE AVE (0002349),2349,02 - Intersection related,03 - P.D. only,03 - Rear end,01 - Clear,01 - Daylight,01 - Dry,03 - Yield sign,01 - Functioning,2,1,0,0,,0,,,,,362050.7517,5025019.477,45.36278129,-75.76919994,10065
18--6158,6/8/2018,4:55 PM,BASELINE RD btwn GREENBANK RD & MCWATTERS RD (__3ZA4MM),__3ZA4MM,01 - Non intersection,03 - P.D. only,03 - Rear end,01 - Clear,01 - Daylight,01 - Dry,10 - No control,,2,0,0,0,,0,,,,,360660.8484,5022621.948,45.34132052,-75.78721138,10066
18--6159,6/8/2018,5:08 PM,ALERT RD/AIRPORT PKWY/UPLANDS DR RAMP 62 @ LES (0003652),3652,03 - At intersection,03 - P.D. only,05 - Turning movement,01 - Clear,01 - Daylight,01 - Dry,01 - Traffic signal,01 - Functioning,2,0,0,0,,0,,,,,371306.4997,5021353.701,45.32898077,-75.65155627,10067
18--616,1/10/2018,7:00 PM,AKERSON RD/CARRONBRIDGE CIR @ COPE DR (0009144),9144,02 - Intersection related,03 - P.D. only,03 - Rear end,04 - Freezing Rain,07 - Dark,06 - Ice,02 - Stop sign,01 - Functioning,3,0,0,0,,0,,,,,354386.0729,5015808.352,45.28048211,-75.8679546,10068
18--6160,6/8/2018,5:15 PM,BASELINE RD/HERON RD @ PRINCE OF WALES DR (0002345),2345,02 - Intersection related,03 - P.D. only,03 - Rear end,01 - Clear,01 - Daylight,01 - Dry,01 - Traffic signal,01 - Functioning,2,0,0,0,,0,,,,,366873.6822,5026438.565,45.37513946,-75.7074631,10069
18--6161,6/8/2018,5:17 PM,OTTAWA RIVER PKWY @ ISLAND PARK DR (0002127),2127,03 - At intersection,03 - P.D. only,05 - Turning movement,01 - Clear,01 - Daylight,01 - Dry,01 - Traffic signal,01 - Functioning,2,0,0,0,,0,,,,,363298.6949,5029453.563,45.40257552,-75.75274598,10070
18--6162,6/8/2018,5:38 PM,BRITANNIA RD @ REGINA ST (0003019),3019,02 - Intersection related,02 - Non-fatal injury,07 - SMV other,01 - Clear,01 - Daylight,01 - Dry,02 - Stop sign,01 - Functioning,1,0,0,1,03 - Major,1,,,1,,359979.6709,5025185.522,45.36444144,-75.79561649,10071
18--6163,6/8/2018,5:41 PM,ST. JOSEPH BLVD @ JEANNE D'ARC BLVD (0012421),12421,03 - At intersection,03 - P.D. only,02 - Angle,01 - Clear,01 - Daylight,01 - Dry,11 - Roundabout,01 - Functioning,2,0,0,0,,0,,,,,379860.7424,5036471.581,45.46413872,-75.54014138,10072
18--6164,6/8/2018,5:44 PM,ARLINGTON AVE @ KENT ST (0007259),7259,02 - Intersection related,03 - P.D. only,04 - Sideswipe,01 - Clear,01 - Daylight,01 - Dry,01 - Traffic signal,00 - Unknown,2,0,0,0,,0,,,,,367868.7835,5030257.473,45.40941204,-75.69427108,10073
18--6165,6/8/2018,6:41 PM,FRANK BENDER ST @ JEANNE D'ARC BLVD (0003635),3635,02 - Intersection related,03 - P.D. only,03 - Rear end,01 - Clear,01 - Daylight,01 - Dry,01 - Traffic signal,01 - Functioning,2,0,0,0,,0,,,,,381870.5062,5035883.442,45.45862829,-75.51453698,10074
18--6166,6/8/2018,7:04 PM,MONTREAL RD @ VANIER PKWY (0004630),4630,02 - Intersection related,03 - P.D. only,03 - Rear end,01 - Clear,01 - Daylight,01 - Dry,01 - Traffic signal,01 - Functioning,2,0,0,0,,0,,,,,370072.7169,5033065.648,45.43447681,-75.66574584,10075
18--6167,6/8/2018,7:07 PM,JOLLIET AVE btwn FERIAND ST & GENEST ST (__3ZA8B7),__3ZA8B7,04 - At/near private drive,03 - P.D. only,02 - Angle,01 - Clear,01 - Daylight,01 - Dry,10 - No control,,2,0,0,0,,0,,,,,369847.3406,5034045.283,45.44331216,-75.66849662,10076
18--6168,6/8/2018,7:07 PM,HIGHWAY 416 btwn HWY416 IC66 RAMP62 & HWY416 IC72 RAMP24 (__3ZAZMZ),__3ZAZMZ,01 - Non intersection,02 - Non-fatal injury,07 - SMV other,01 - Clear,01 - Daylight,01 - Dry,10 - No control,,1,0,0,0,02 - Minor,1,,1,,,359671.5052,5015431.465,45.27669817,-75.80063068,10077
18--6169,6/8/2018,7:42 PM,BANK ST btwn CAHILL DR & TURN LANE (1) (__3ZA3HV),__3ZA3HV,04 - At/near private drive,02 - Non-fatal injury,02 - Angle,01 - Clear,01 - Daylight,01 - Dry,10 - No control,,2,1,0,0,01 - Minimal,1,1,,,,371428.508,5024195.029,45.35453459,-75.64961728,10078
18--617,1/10/2018,7:14 AM,MCKINLEY DR @ TERRY FOX DR (0003118),3118,03 - At intersection,03 - P.D. only,02 - Angle,01 - Clear,03 - Dawn,02 - Wet,02 - Stop sign,01 - Functioning,2,0,0,0,,0,,,,,349987.2591,5023474.516,45.34976085,-75.92332154,10079
18--6170,6/8/2018,8:00 AM,BANK ST btwn QUEENSDALE AVE & LESTER RD (__3ZA2LF),__3ZA2LF,04 - At/near private drive,03 - P.D. only,02 - Angle,01 - Clear,01 - Daylight,01 - Dry,10 - No control,,2,0,0,0,,0,,,,,373402.2779,5023382.764,45.34703582,-75.62454157,10080
18--6171,6/8/2018,8:03 AM,ALBION RD @ D'AOUST AVE (0009629),9629,02 - Intersection related,02 - Non-fatal injury,03 - Rear end,01 - Clear,01 - Daylight,01 - Dry,01 - Traffic signal,01 - Functioning,2,0,0,0,02 - Minor,1,,1,,,372217.4721,5023470.635,45.34794133,-75.6396476,10081
18--6172,6/8/2018,8:36 AM,WALKLEY RD btwn COLLISTON CRES & CEDARWOOD DR (__3ZA370),__3ZA370,04 - At/near private drive,03 - P.D. only,02 - Angle,01 - Clear,01 - Daylight,01 - Dry,10 - No control,,2,0,0,0,,0,,,,,371065.579,5026373.726,45.37417217,-75.65395669,10082
18--6173,6/8/2018,9:08 AM,CARILLON ST @ HANNAH ST (0010006),10006,03 - At intersection,03 - P.D. only,02 - Angle,01 - Clear,01 - Daylight,01 - Dry,02 - Stop sign,01 - Functioning,2,0,0,0,,0,,,,,370155.7051,5033390.593,45.43739278,-75.66464214,10083
18--6174,6/9/2018,1:08 PM,BANK ST btwn RIVERSIDE DR & BILLINGS TRANSIT (__3ZA3NMA),__3ZA3NMA,04 - At/near private drive,03 - P.D. only,05 - Turning movement,01 - Clear,01 - Daylight,01 - Dry,10 - No control,,2,0,0,0,,0,,,,,369390.826,5027801.03,45.38717099,-75.67515005,10084
18--6175,6/9/2018,1:17 PM,KIRKWOOD AVE @ RICHMOND RD (0002080),2080,02 - Intersection related,03 - P.D. only,02 - Angle,01 - Clear,01 - Daylight,01 - Dry,01 - Traffic signal,01 - Functioning,2,0,0,0,,0,,,,,363778.6895,5028641.555,45.39522894,-75.74671222,10085
18--6176,6/9/2018,1:30 AM,HIGHWAY 417 btwn RAMP & HWY417 IC88 RAMP51 (__3ZA2W2),__3ZA2W2,01 - Non intersection,03 - P.D. only,07 - SMV other,01 - Clear,07 - Dark,01 - Dry,10 - No control,,1,0,0,0,,0,,,,,389716.2558,5023460.4,45.34594903,-75.41637351,10086
18--6177,6/9/2018,10:31 PM,GLADSTONE AVE @ LEBRETON ST (0005746),5746,02 - Intersection related,03 - P.D. only,02 - Angle,01 - Clear,07 - Dark,01 - Dry,02 - Stop sign,01 - Functioning,2,0,0,0,,0,,,,,366855.7,5029922.568,45.40648922,-75.70725453,10087
18--6178,6/9/2018,10:38 PM,PAUL ANKA DR @ UPLANDS DR (0007476),7476,03 - At intersection,02 - Non-fatal injury,02 - Angle,01 - Clear,07 - Dark,01 - Dry,02 - Stop sign,01 - Functioning,2,0,0,0,02 - Minor,1,,1,,,369457.7235,5023575.516,45.34914487,-75.67484885,10088
18--6179,6/9/2018,10:48 AM,CHURCHILL AVE @ RICHMOND RD (0002361),2361,02 - Intersection related,03 - P.D. only,02 - Angle,01 - Clear,01 - Daylight,01 - Dry,01 - Traffic signal,01 - Functioning,2,0,0,0,,0,,,,,363227.8588,5028292.283,45.39213243,-75.7537883,10089
18--618,1/10/2018,7:20 AM,BILBERRY DR btwn DU BOIS AVE S & JEANNE D'ARC BLVD N (__3ZA6AD),__3ZA6AD,01 - Non intersection,03 - P.D. only,07 - SMV other,01 - Clear,03 - Dawn,05 - Packed snow,10 - No control,,1,0,0,0,,0,,,,,380612.8854,5038143.617,45.47910112,-75.53026656,10090
18--6180,6/9/2018,11:14 AM,CARLING AVE EB btwn EDGEWORTH AVE & FOX CRES (__3ZA4V0),__3ZA4V0,01 - Non intersection,03 - P.D. only,04 - Sideswipe,01 - Clear,01 - Daylight,01 - Dry,10 - No control,,2,0,0,0,,0,,,,,361293.289,5025427.697,45.36651587,-75.77882143,10091
18--6181,6/9/2018,11:21 PM,INDUSTRIAL AVE btwn TRAINYARDS DR & RUSSELL RD (__3ZA3R9),__3ZA3R9,04 - At/near private drive,03 - P.D. only,07 - SMV other,01 - Clear,07 - Dark,01 - Dry,10 - No control,,1,0,0,0,,0,,,,,371992.6944,5030467.771,45.41092044,-75.64156357,10092
18--6182,6/9/2018,11:29 AM,MONTREAL RD @ GRANVILLE ST/LAFONTAINE AVE (0009348),9348,03 - At intersection,03 - P.D. only,02 - Angle,01 - Clear,01 - Daylight,01 - Dry,01 - Traffic signal,01 - Functioning,2,0,0,0,,0,,,,,370826.7137,5033474.591,45.43808551,-75.65605516,10093
18--6183,6/9/2018,11:29 AM,ALBERT ST @ LYON ST (0002208),2208,02 - Intersection related,03 - P.D. only,04 - Sideswipe,01 - Clear,01 - Daylight,01 - Dry,01 - Traffic signal,00 - Unknown,2,0,0,0,,0,,,,,367063.0708,5031219.802,45.41814293,-75.70444181,10094
18--6184,6/9/2018,Unknown,PRETORIA AVE btwn CHAMBERLAIN AVE & O'CONNOR ST (__3ZA96A),__3ZA96A,01 - Non intersection,03 - P.D. only,06 - SMV unattended vehicle,01 - Clear,00 - Unknown,01 - Dry,10 - No control,,1,0,0,0,,0,,,,,368198.6245,5030157.181,45.40847984,-75.69007055,10095
18--6185,6/9/2018,12:00 PM,BAYSHORE DR @ WOODRIDGE CRES N (0001209),1209,02 - Intersection related,03 - P.D. only,03 - Rear end,01 - Clear,01 - Daylight,01 - Dry,01 - Traffic signal,01 - Functioning,2,0,0,0,,0,,,,,359072.5776,5023875.368,45.35272349,-75.80733878,10096
18--6186,6/9/2018,12:17 PM,MAPLE GROVE RD @ TERRY FOX DR (0003177),3177,02 - Intersection related,03 - P.D. only,03 - Rear end,01 - Clear,01 - Daylight,01 - Dry,01 - Traffic signal,01 - Functioning,2,0,0,0,,0,,,,,351553.6629,5017864.819,45.29918086,-75.90386188,10097
18--6187,6/9/2018,12:55 PM,HINCHEY AVE @ SCOTT ST (0006481),6481,03 - At intersection,03 - P.D. only,02 - Angle,01 - Clear,01 - Daylight,01 - Dry,02 - Stop sign,01 - Functioning,2,0,0,0,,0,,,,,365087.9937,5029808.782,45.40561989,-75.72984835,10098
18--6188,6/9/2018,2:46 PM,KIRKWOOD AVE @ RICHMOND RD (0002080),2080,03 - At intersection,03 - P.D. only,05 - Turning movement,01 - Clear,01 - Daylight,01 - Dry,01 - Traffic signal,01 - Functioning,2,0,0,0,,0,,,,,363778.4932,5028641.582,45.3952292,-75.74671473,10099
18--6189,6/9/2018,3:12 PM,BRONSON AVE btwn UNIVERSITY RD & BREWER WAY (__3ZA3BT),__3ZA3BT,01 - Non intersection,03 - P.D. only,03 - Rear end,01 - Clear,01 - Daylight,01 - Dry,10 - No control,,2,0,0,0,,0,,,,,367993.5346,5027969.922,45.38881809,-75.69297058,10100
18--6009,6/5/2018,11:47 PM,HUNTLEY RD btwn FALLOWFIELD RD & MANSFIELD RD (__3ZBOCL),__3ZBOCL,01 - Non intersection,03 - P.D. only,07 - SMV other,01 - Clear,07 - Dark,01 - Dry,10 - No control,,1,0,0,0,,0,,,,,353248.7233,5008642.704,45.21608269,-75.88314921,10101
18--628,1/10/2018,8:59 AM,RICHMOND RD @ BELLFIELD ST/RIDGEVALLEY DR (0000521),521,03 - At intersection,02 - Non-fatal injury,02 - Angle,01 - Clear,01 - Daylight,01 - Dry,02 - Stop sign,00 - Unknown,2,0,0,0,02 - Minor,1,,1,,,359491.9718,5023527.264,45.34955867,-75.8020251,10102
18--5919,6/2/2018,3:34 AM,KINGSDALE AVE btwn EIGHTH ST & CONROY RD (__3ZA8P1),__3ZA8P1,01 - Non intersection,03 - P.D. only,06 - SMV unattended vehicle,01 - Clear,07 - Dark,01 - Dry,10 - No control,,1,0,0,0,,0,,,,,374026.486,5023946.002,45.35204228,-75.61649793,10103
18--6280,6/12/2018,3:37 PM,TERRY FOX DR S @ DIDSBURY RD/CENTRUM KANATA SC (0011820),11820,03 - At intersection,03 - P.D. only,03 - Rear end,01 - Clear,01 - Daylight,01 - Dry,01 - Traffic signal,01 - Functioning,2,0,0,0,,0,,,,,350622.9763,5018915.605,45.30869744,-75.91563095,10104
18--601,1/10/2018,5:00 PM,WALKLEY RD btwn TURN LANE & RYDER ST (__3ZA2DF),__3ZA2DF,01 - Non intersection,03 - P.D. only,03 - Rear end,01 - Clear,05 - Dusk,04 - Slush,10 - No control,,2,0,0,0,,0,,,,,372558.3284,5027258.203,45.38198759,-75.63477885,10105
18--592,1/10/2018,12:56 PM,RICHMOND RD @ WINONA AVE (0006990),6990,03 - At intersection,03 - P.D. only,02 - Angle,01 - Clear,01 - Daylight,02 - Wet,02 - Stop sign,01 - Functioning,2,0,0,0,,0,,,,,363294.5017,5028337.474,45.39253349,-75.75293189,10106
18--6281,6/12/2018,3:50 PM,ST. JOSEPH BLVD btwn MARENGER ST & JEANNE D'ARC BLVD S (__3ZA2BS),__3ZA2BS,04 - At/near private drive,02 - Non-fatal injury,05 - Turning movement,01 - Clear,01 - Daylight,01 - Dry,10 - No control,,2,1,0,0,01 - Minimal,1,1,,,,379723.0984,5036383.75,45.46336326,-75.54191468,10107
18--6010,6/5/2018,11:57 PM,CRESTHAVEN DR @ WATERBRIDGE DR (0010169),10169,03 - At intersection,03 - P.D. only,02 - Angle,01 - Clear,07 - Dark,01 - Dry,11 - Roundabout,01 - Functioning,2,0,0,0,,0,,,,,366937.3431,5015978.667,45.28101728,-75.7079632,10108
18--5920,6/2/2018,3:45 PM,LEASIDE AVE btwn KENZIE ST & ADDISON ST (__3ZA0QE),__3ZA0QE,04 - At/near private drive,03 - P.D. only,06 - SMV unattended vehicle,01 - Clear,01 - Daylight,01 - Dry,10 - No control,,1,0,0,0,,0,,,,,364575.6995,5027092.637,45.38122449,-75.73672116,10109
18--6282,6/12/2018,4:05 PM,COPE DR @ TERRY FOX (0009143),9143,03 - At intersection,02 - Non-fatal injury,05 - Turning movement,01 - Clear,01 - Daylight,01 - Dry,01 - Traffic signal,01 - Functioning,2,0,0,0,03 - Major,4,1,2,1,,353997.2084,5015345.366,45.27634337,-75.87295683,10110
18--655,1/11/2018,7:04 AM,BOUNDARY RD btwn COOPER HILL RD & Continuation of BOUNDARY RD (__3ZBOGT),__3ZBOGT,01 - Non intersection,03 - P.D. only,07 - SMV other,04 - Freezing Rain,03 - Dawn,06 - Ice,10 - No control,,1,0,0,0,,0,,,,,389493.37,5018403.914,45.3004822,-75.42008204,10111
18--6011,6/5/2018,Unknown,ANOKA ST btwn EDGE HILL PL & GRASMERE CRES (__3ZA9Y4),__3ZA9Y4,01 - Non intersection,03 - P.D. only,06 - SMV unattended vehicle,01 - Clear,00 - Unknown,01 - Dry,10 - No control,,1,0,0,0,,0,,,,,370378.5173,5026812.457,45.37818437,-75.66266951,10112
18--6012,6/5/2018,Unknown,HIBOUX ST btwn LISKA ST & CHARDONNAY DR (__308ITQ),__308ITQ,01 - Non intersection,03 - P.D. only,06 - SMV unattended vehicle,01 - Clear,00 - Unknown,01 - Dry,10 - No control,,1,0,0,0,,0,,,,,384592.4037,5036013.776,45.45949538,-75.47971771,10113
18--6013,6/5/2018,12:35 PM,FRANK ST @ METCALFE ST (0007271),7271,03 - At intersection,02 - Non-fatal injury,04 - Sideswipe,02 - Rain,01 - Daylight,02 - Wet,02 - Stop sign,01 - Functioning,2,0,0,0,01 - Minimal,1,1,,,,368203.6638,5030793.689,45.41420648,-75.68992431,10114
18--6014,6/5/2018,12:52 PM,WALKLEY RD @ GLENHAVEN PRIV (0011424),11424,02 - Intersection related,03 - P.D. only,03 - Rear end,01 - Clear,01 - Daylight,02 - Wet,01 - Traffic signal,01 - Functioning,3,0,0,0,,0,,,,,370213.2261,5025873.551,45.36975184,-75.66490414,10115
18--6015,6/5/2018,2:24 PM,KENT ST @ WELLINGTON ST (0002040),2040,03 - At intersection,03 - P.D. only,04 - Sideswipe,01 - Clear,01 - Daylight,01 - Dry,01 - Traffic signal,01 - Functioning,2,0,0,0,,0,,,,,367097.6752,5031526.685,45.42090109,-75.7039609,10116
18--6016,6/5/2018,2:39 PM,LAURIER AVE   W btwn METCALFE ST & ELGIN ST (__3ZA35P),__3ZA35P,04 - At/near private drive,03 - P.D. only,02 - Angle,01 - Clear,01 - Daylight,01 - Dry,10 - No control,,2,0,0,0,,0,,,,,367848.4411,5031486.591,45.42047308,-75.6943737,10117
18--6017,6/5/2018,3:29 PM,HIGHWAY 417 btwn HWY417 IC126 RAMP61 & HWY417 IC124 RAMP76 (__3ZA2Y2),__3ZA2Y2,01 - Non intersection,03 - P.D. only,03 - Rear end,01 - Clear,01 - Daylight,02 - Wet,10 - No control,,2,0,0,0,,0,,,,,363214.7733,5025940.317,45.37097086,-75.7542337,10118
18--6018,6/5/2018,3:53 PM,ISABELLA ST/HWY 417 O'CONN IC119BR57 @ O'CONNO (0001698),1698,02 - Intersection related,02 - Non-fatal injury,03 - Rear end,01 - Clear,01 - Daylight,02 - Wet,01 - Traffic signal,01 - Functioning,2,0,0,0,02 - Minor,1,,1,,,368297.7098,5030309.645,45.40984268,-75.68878521,10119
18--6019,6/5/2018,3:58 PM,BANK ST btwn BLAIS RD & RIDEAU RD (__3ZA29L),__3ZA29L,01 - Non intersection,03 - P.D. only,03 - Rear end,01 - Clear,01 - Daylight,01 - Dry,10 - No control,,3,0,0,0,,0,,,,,376389.1071,5019180.695,45.30892895,-75.58703794,10120
18--602,1/10/2018,5:02 PM,BESSERER ST @ WALLER ST (0008859),8859,02 - Intersection related,03 - P.D. only,04 - Sideswipe,04 - Freezing Rain,05 - Dusk,02 - Wet,01 - Traffic signal,01 - Functioning,2,0,0,0,,0,,,,,368315.9328,5032191.978,45.42677762,-75.68830979,10121
18--6020,6/5/2018,4:19 PM,RIVERSIDE DR NB btwn BILLINGS BRIDGE SC RAMP SB & BILLINGS BRIDGE SC R (__3ZA1KV),__3ZA1KV,01 - Non intersection,03 - P.D. only,04 - Sideswipe,02 - Rain,01 - Daylight,02 - Wet,10 - No control,,2,0,0,0,,0,,,,,369192.6207,5027790.976,45.38709877,-75.67768226,10122
18--6021,6/5/2018,4:40 PM,ALBION RD @ HUNT CLUB RD (0006974),6974,03 - At intersection,03 - P.D. only,05 - Turning movement,02 - Rain,01 - Daylight,02 - Wet,01 - Traffic signal,01 - Functioning,2,0,0,0,,0,,,,,371867.7515,5024320.642,45.35562294,-75.64399479,10123
18--6022,6/5/2018,4:50 PM,BOREALIS CRES @ DEN HAAG DR S (0011255),11255,02 - Intersection related,02 - Non-fatal injury,02 - Angle,01 - Clear,01 - Daylight,01 - Dry,02 - Stop sign,01 - Functioning,2,1,0,0,01 - Minimal,1,1,,,,372727.8107,5033654.079,45.43951834,-75.63173358,10124
18--6023,6/5/2018,5:30 PM,ALBERT ST @ LYON ST (0002208),2208,02 - Intersection related,03 - P.D. only,03 - Rear end,01 - Clear,01 - Daylight,01 - Dry,01 - Traffic signal,01 - Functioning,2,0,0,0,,0,,,,,367062.6824,5031219.649,45.41814159,-75.70444679,10125
18--6024,6/5/2018,5:30 PM,HIGHWAY 417 btwn HWY417 IC118 RAMP35 & HWY417 IC117 RAMP51 (__3ZA2YP),__3ZA2YP,01 - Non intersection,03 - P.D. only,03 - Rear end,01 - Clear,01 - Daylight,01 - Dry,10 - No control,,4,0,0,0,,0,,,,,369811.1792,5031136.734,45.41714557,-75.66934281,10126
18--6025,6/5/2018,5:40 PM,GEORGE ST btwn BY WARD MARKET SQ & WILLIAM ST (__3ZA8ZU),__3ZA8ZU,01 - Non intersection,03 - P.D. only,06 - SMV unattended vehicle,01 - Clear,01 - Daylight,01 - Dry,10 - No control,,1,0,0,0,,0,,,,,368037.7905,5032225.744,45.42710664,-75.69185956,10127
18--6026,6/5/2018,5:48 PM,MAITLAND AVE/GLENMOUNT AVE @ ERINDALE DR (0002724),2724,03 - At intersection,03 - P.D. only,02 - Angle,01 - Clear,01 - Daylight,01 - Dry,01 - Traffic signal,01 - Functioning,2,0,0,0,,0,,,,,363697.7145,5025211.386,45.36437162,-75.74815555,10128
18--6027,6/5/2018,5:52 PM,INNES RD btwn PORTOBELLO BLVD & PROVENCE AVE (__3ZAZNE),__3ZAZNE,01 - Non intersection,02 - Non-fatal injury,07 - SMV other,01 - Clear,01 - Daylight,02 - Wet,10 - No control,,1,0,0,1,03 - Major,1,,,1,,386091.4839,5037076.264,45.46888178,-75.46037685,10129
18--6028,6/5/2018,6:04 PM,COLONEL BY DR @ HOG'S BACK RD (0002635),2635,02 - Intersection related,02 - Non-fatal injury,03 - Rear end,01 - Clear,01 - Daylight,02 - Wet,01 - Traffic signal,01 - Functioning,3,0,0,0,02 - Minor,1,,1,,,367602.7429,5025873.658,45.3699916,-75.69822743,10130
18--6029,6/5/2018,6:33 PM,STRANDHERD BRIDGE (VIMY MEMORIAL BRIDGE) btwn PRINCE OF WALES DR & RIVER RD (e___2H44),e___2H44,01 - Non intersection,03 - P.D. only,03 - Rear end,01 - Clear,01 - Daylight,01 - Dry,10 - No control,,2,0,0,0,,0,,,,,367271.911,5014790.203,45.27029392,-75.70384858,10131
18--603,1/10/2018,5:10 PM,CHESTERTON DR btwn MULVAGH AVE & SOUTHVIEW CRES (__3ZAAV4),__3ZAAV4,01 - Non intersection,03 - P.D. only,03 - Rear end,03 - Snow,05 - Dusk,02 - Wet,10 - No control,,3,0,0,0,,0,,,,,365195.7691,5023960.832,45.35299186,-75.72918702,10132
18--6030,6/5/2018,6:44 PM,HUNT CLUB RD @ UPLANDS DR (0010844),10844,02 - Intersection related,03 - P.D. only,03 - Rear end,01 - Clear,01 - Daylight,01 - Dry,01 - Traffic signal,00 - Unknown,3,0,0,0,,0,,,,,370156.5669,5023121.669,45.34499651,-75.66599124,10133
18--6031,6/5/2018,6:45 AM,REGIONAL ROAD 174 btwn OR174 IC105 RAMP63 & OR174 IC102 RAMP36 (__3ZA27F),__3ZA27F,01 - Non intersection,03 - P.D. only,03 - Rear end,01 - Clear,01 - Daylight,01 - Dry,10 - No control,,2,0,0,0,,0,,,,,379954.7722,5037340.381,45.47194539,-75.53880626,10134
18--6032,6/5/2018,6:54 PM,TOULON ST btwn JAMISON AVE & JAMISON AVE (__3ZA68V),__3ZA68V,01 - Non intersection,03 - P.D. only,06 - SMV unattended vehicle,01 - Clear,01 - Daylight,02 - Wet,10 - No control,,1,0,0,0,,0,,,,,382027.6643,5037596.319,45.47402195,-75.51225865,10135
18--6033,6/5/2018,8:00 PM,HIGHWAY 417 btwn HWY417 IC127 RAMP67 & HWY417 IC126 RAMP16 (__3ZA2X0),__3ZA2X0,01 - Non intersection,03 - P.D. only,04 - Sideswipe,02 - Rain,01 - Daylight,02 - Wet,10 - No control,,2,0,0,0,,0,,,,,362735.0143,5025331.655,45.36553401,-75.76042952,10136
18--6034,6/5/2018,8:15 AM,YOUNG ST @ PRESTON ST (0006268),6268,03 - At intersection,03 - P.D. only,05 - Turning movement,02 - Rain,01 - Daylight,02 - Wet,02 - Stop sign,00 - Unknown,2,1,0,0,,0,,,,,366588.8169,5029487.563,45.40259877,-75.71071807,10137
18--6035,6/5/2018,8:30 AM,SIXTH LINE RD btwn BERRY SIDE RD & RIDDELL DR (__3ZBPHD),__3ZBPHD,01 - Non intersection,03 - P.D. only,07 - SMV other,01 - Clear,01 - Daylight,01 - Dry,10 - No control,,1,0,0,0,,0,,,,,349816.1163,5029478.297,45.40379493,-75.92495824,10138
18--6036,6/5/2018,8:30 PM,PRINCE ALBERT ST btwn ISIDORE ST & BERNARD ST (__3ZA8JC),__3ZA8JC,01 - Non intersection,03 - P.D. only,06 - SMV unattended vehicle,01 - Clear,05 - Dusk,01 - Dry,10 - No control,,1,0,0,0,,0,,,,,371758.7382,5032041.297,45.42510076,-75.64433838,10139
18--6037,6/5/2018,8:32 PM,MILTON RD/SABOURIN RD @ RUSSELL RD (0004219),4219,02 - Intersection related,02 - Non-fatal injury,03 - Rear end,02 - Rain,05 - Dusk,02 - Wet,02 - Stop sign,01 - Functioning,2,0,0,0,02 - Minor,1,,1,,,389748.6731,5025322.549,45.36269895,-75.41563995,10140