Anom_ID,Accident_Date,Accident_Time,Location,Geo_ID,Accident_Location,Classification_of_Accident,Initial_Impact_Type,Environment_Condition,Light,Road_Surface_Condition,Traffic_Control,Traffic_Control_Condition,No__of_Vehicles,No__of_Bicycles,No__of_Motorcycles,No__of_Pedestrians,Max_Injury,No__of_Injuries,No__of_Minimal,No__of_Minor,No__of_Major,No__of_Fatal,X,Y,Latitude,Longitude,ObjectId
18--6038,6/5/2018,8:41 PM,RIVERSIDE DR @ HERON RD (0002236),2236,02 - Intersection related,03 - P.D. only,03 - Rear end,01 - Clear,05 - Dusk,01 - Dry,01 - Traffic signal,01 - Functioning,2,0,0,0,,0,,,,,368121.1045,5026647.221,45.37690527,-75.69151124,10141
18--6039,6/5/2018,8:48 AM,SLACK RD btwn VAAN DR & GRENFELL CRES (__3ZA6N7),__3ZA6N7,01 - Non intersection,02 - Non-fatal injury,03 - Rear end,02 - Rain,01 - Daylight,02 - Wet,10 - No control,,2,0,0,0,01 - Minimal,2,2,,,,365324.1774,5020575.909,45.32252368,-75.72796235,10142
18--604,1/10/2018,5:20 PM,LAURIER AVE @ LYON ST (0002206),2206,02 - Intersection related,03 - P.D. only,05 - Turning movement,03 - Snow,05 - Dusk,02 - Wet,01 - Traffic signal,01 - Functioning,2,0,0,0,,0,,,,,367153.4344,5031068.569,45.41677414,-75.70330645,10143
18--6040,6/5/2018,9:03 PM,ST. LAURENT BLVD @ TRANSITWAY (0009137),9137,03 - At intersection,03 - P.D. only,02 - Angle,01 - Clear,05 - Dusk,01 - Dry,01 - Traffic signal,01 - Functioning,2,0,0,0,,0,,,,,372443.9998,5031616.001,45.42120822,-75.63564086,10144
18--6041,6/6/2018,1:00 PM,RIVER RD btwn RYEBURN DR & LEITRIM RD (__3ZBOG4),__3ZBOG4,01 - Non intersection,02 - Non-fatal injury,01 - Approaching,01 - Clear,01 - Daylight,01 - Dry,10 - No control,,2,0,0,0,02 - Minor,1,,1,,,368044.9777,5016929.913,45.2894777,-75.69372482,10145
18--6042,6/6/2018,1:43 AM,JAMES ST @ KENT ST (0007277),7277,03 - At intersection,02 - Non-fatal injury,02 - Angle,01 - Clear,07 - Dark,01 - Dry,02 - Stop sign,01 - Functioning,2,0,0,0,02 - Minor,1,,1,,,367659.579,5030598.822,45.41250221,-75.69689996,10146
18--6043,6/6/2018,10:08 AM,HUNTERSFIELD DR btwn LORRY GREENBERG DR & THORNHEDGE CRT (__3ZA8MX),__3ZA8MX,01 - Non intersection,02 - Non-fatal injury,07 - SMV other,01 - Clear,01 - Daylight,01 - Dry,10 - No control,,1,0,0,1,01 - Minimal,1,1,,,,373443.5716,5025545.882,45.36649467,-75.6237143,10147
18--6044,6/6/2018,10:35 AM,BRONSON/HERON RAMP 42/BRONSON/HERON RAMP 52 @  (0002516),2516,02 - Intersection related,03 - P.D. only,02 - Angle,01 - Clear,01 - Daylight,02 - Wet,02 - Stop sign,01 - Functioning,2,0,0,0,,0,,,,,368751.7172,5026892.536,45.37905527,-75.68342857,10148
18--6045,6/6/2018,10:55 PM,INNES RD @ 240 E OF TENTH LINE RD/HOME DEPOT E (0012919),12919,02 - Intersection related,03 - P.D. only,03 - Rear end,01 - Clear,07 - Dark,01 - Dry,01 - Traffic signal,01 - Functioning,2,0,0,0,,0,,,,,384168.0032,5036256.32,45.4617259,-75.48510439,10149
18--6046,6/6/2018,11:01 AM,SMYTH RD @ SMYTH RD NORTH SIDE RAMP/SMYTH RD S (0006582),6582,02 - Intersection related,03 - P.D. only,03 - Rear end,01 - Clear,01 - Daylight,02 - Wet,03 - Yield sign,00 - Unknown,2,0,0,0,,0,,,,,369916.9445,5029121.41,45.39900259,-75.66825776,10150
18--6047,6/6/2018,11:08 AM,CARLING AVE @ RIFLE RD (0000579),579,03 - At intersection,02 - Non-fatal injury,02 - Angle,01 - Clear,01 - Daylight,01 - Dry,02 - Stop sign,01 - Functioning,2,1,0,0,03 - Major,1,,,1,,353890.664,5023314.614,45.34805966,-75.87352515,10151
18--6048,6/6/2018,11:17 AM,BESSERER ST @ WALLER ST (0008859),8859,03 - At intersection,03 - P.D. only,05 - Turning movement,02 - Rain,01 - Daylight,02 - Wet,01 - Traffic signal,01 - Functioning,2,0,0,0,,0,,,,,368315.9769,5032192.223,45.42677982,-75.68830919,10152
18--6049,6/6/2018,Unknown,SANDERLING CRES btwn MOCKINGBIRD DR & END (__3ZA5BF),__3ZA5BF,01 - Non intersection,03 - P.D. only,06 - SMV unattended vehicle,01 - Clear,00 - Unknown,01 - Dry,10 - No control,,1,0,0,0,,0,,,,,382547.1532,5039181.252,45.48822412,-75.50536449,10153
18--605,1/10/2018,5:30 PM,HIGHWAY 417 btwn HWY417 IC138 RAMP61 & HWY417 IC134 RAMP36 (__3ZA20I),__3ZA20I,01 - Non intersection,03 - P.D. only,04 - Sideswipe,01 - Clear,05 - Dusk,01 - Dry,10 - No control,,2,0,0,0,,0,,,,,355549.766,5021780.877,45.33414084,-75.85251104,10154
18--6050,6/6/2018,Unknown,LEWIS ST btwn ELGIN ST & CARTIER ST (__3ZA9UJ),__3ZA9UJ,01 - Non intersection,03 - P.D. only,06 - SMV unattended vehicle,01 - Clear,00 - Unknown,01 - Dry,10 - No control,,1,0,0,0,,0,,,,,368405.7985,5031094.881,45.41689816,-75.68730312,10155
18--6051,6/6/2018,Unknown,SWEET GRASS CIR btwn SWEET GRASS CIR & SWEET GRASS CIR (__8PNLJC),__8PNLJC,01 - Non intersection,03 - P.D. only,06 - SMV unattended vehicle,01 - Clear,00 - Unknown,01 - Dry,10 - No control,,1,0,0,0,,0,,,,,364927.531,5012295.632,45.2480521,-75.73402485,10156
18--6052,6/6/2018,12:06 PM,BLAIR RD @ OGILVIE RD (0004120),4120,02 - Intersection related,03 - P.D. only,03 - Rear end,02 - Rain,01 - Daylight,02 - Wet,01 - Traffic signal,01 - Functioning,2,0,0,0,,0,,,,,374507.7976,5033198.618,45.43524516,-75.60904868,10157
18--6053,6/6/2018,12:22 PM,RIVERSIDE DR @ TREMBLAY RD/HWY417 IC117 RAMP52 (0010790),10790,02 - Intersection related,03 - P.D. only,03 - Rear end,01 - Clear,01 - Daylight,02 - Wet,01 - Traffic signal,01 - Functioning,2,0,0,0,,0,,,,,370802.1646,5031015.879,45.41596539,-75.6566984,10158
18--6054,6/6/2018,12:30 PM,SMYTH RD E/LANCASTER RD @ ST. LAURENT BLVD N/R (0002256),2256,02 - Intersection related,03 - P.D. only,03 - Rear end,01 - Clear,01 - Daylight,01 - Dry,01 - Traffic signal,01 - Functioning,2,0,0,0,,0,,,,,373364.6199,5029424.651,45.40140187,-75.6241833,10159
18--6055,6/6/2018,12:59 PM,WALKLEY RD @ GLENHAVEN PRIV (0011424),11424,02 - Intersection related,03 - P.D. only,03 - Rear end,02 - Rain,01 - Daylight,02 - Wet,01 - Traffic signal,01 - Functioning,2,0,0,0,,0,,,,,370213.2068,5025873.669,45.36975291,-75.66490437,10160
18--6056,6/6/2018,2:00 PM,MERIVALE RD @ SLACK RD (0000110),110,02 - Intersection related,03 - P.D. only,03 - Rear end,01 - Clear,01 - Daylight,01 - Dry,01 - Traffic signal,00 - Unknown,4,0,0,0,,0,,,,,366019.6936,5020955.595,45.32587974,-75.71904433,10161
18--6057,6/6/2018,2:24 PM,CARLING AVE @ KIRKWOOD AVE S (0002209),2209,03 - At intersection,03 - P.D. only,05 - Turning movement,01 - Clear,01 - Daylight,01 - Dry,01 - Traffic signal,01 - Functioning,2,0,0,0,,0,,,,,364351.5098,5027337.608,45.38344779,-75.73955404,10162
18--6058,6/6/2018,2:39 PM,HIGHWAY 417 btwn HWY417 IC110 RAMP55 & HWY417 IC104 RAMP51 (__3ZA2W8),__3ZA2W8,01 - Non intersection,03 - P.D. only,04 - Sideswipe,01 - Clear,01 - Daylight,01 - Dry,10 - No control,,2,0,0,0,,0,,,,,375822.8138,5028436.092,45.39226228,-75.59292955,10163
18--6059,6/6/2018,3:03 PM,BARNSDALE RD @ PRINCE OF WALES DR (0001082),1082,03 - At intersection,03 - P.D. only,02 - Angle,01 - Clear,01 - Daylight,01 - Dry,02 - Stop sign,01 - Functioning,2,0,0,0,,0,,,,,366646.697,5011532.414,45.2410357,-75.71222107,10164
18--606,1/10/2018,5:37 PM,WOODROFFE AVE @ SPORTSPLEX N (0005568),5568,02 - Intersection related,03 - P.D. only,03 - Rear end,04 - Freezing Rain,05 - Dusk,04 - Slush,01 - Traffic signal,00 - Unknown,2,0,0,0,,0,,,,,363763.663,5021067.234,45.3270774,-75.7478078,10165
18--6060,6/6/2018,3:19 PM,KILBORN AVE btwn BLOSSOM DR & BEAVER AVE (__3ZA9RD),__3ZA9RD,01 - Non intersection,02 - Non-fatal injury,07 - SMV other,01 - Clear,01 - Daylight,01 - Dry,10 - No control,,1,0,0,0,02 - Minor,1,,1,,,369876.1435,5027693.299,45.38615674,-75.66896721,10166
18--6061,6/6/2018,3:39 PM,INDUSTRIAL AVE btwn TRAINYARDS DR & RUSSELL RD (__3ZA3R9),__3ZA3R9,01 - Non intersection,02 - Non-fatal injury,04 - Sideswipe,01 - Clear,01 - Daylight,01 - Dry,10 - No control,,3,0,1,0,03 - Major,1,,,1,,372397.5443,5030313.092,45.40948972,-75.63641312,10167
18--6062,6/6/2018,3:43 PM,MERIVALE RD @ CAPILANO DR/WITHROW AVE (0009820),9820,02 - Intersection related,03 - P.D. only,03 - Rear end,01 - Clear,01 - Daylight,01 - Dry,01 - Traffic signal,01 - Functioning,2,0,0,0,,0,,,,,364642.3237,5024227.844,45.35544184,-75.73621752,10168
18--6063,6/6/2018,3:53 PM,HWY417 IC112 RAMP56 btwn INNES RD & HIGHWAY 417 (__3ZAYAS),__3ZAYAS,01 - Non intersection,03 - P.D. only,07 - SMV other,01 - Clear,01 - Daylight,01 - Dry,10 - No control,,1,0,0,0,,0,,,,,374574.7541,5030806.664,45.41371696,-75.60853182,10169
18--6064,6/6/2018,4:05 PM,BLACKBURN BYPASS @ INNES RD W (0009340),9340,02 - Intersection related,03 - P.D. only,03 - Rear end,01 - Clear,01 - Daylight,01 - Dry,01 - Traffic signal,01 - Functioning,2,0,0,0,,0,,,,,377187.2976,5032175.816,45.42577038,-75.57495614,10170
18--6065,6/6/2018,4:15 PM,HIGHWAY 417 btwn HWY417 IC129 RAMP61 & TRANSIT (__3ZA2SI),__3ZA2SI,01 - Non intersection,03 - P.D. only,04 - Sideswipe,01 - Clear,01 - Daylight,01 - Dry,10 - No control,,2,0,0,0,,0,,,,,360903.3068,5023902.579,45.35282426,-75.78397256,10171
18--6066,6/6/2018,4:17 PM,RICHMOND RD btwn RIDGEVALLEY DR & NE/OT BOUNDARY (__3ZA4LV),__3ZA4LV,01 - Non intersection,03 - P.D. only,05 - Turning movement,01 - Clear,01 - Daylight,01 - Dry,10 - No control,,2,0,0,0,,0,,,,,359522.8377,5023568.614,45.34992833,-75.80162665,10172
18--6067,6/6/2018,4:20 PM,ProposedCANYON WALK DR @ EARL ARMSTRONG RD (0013180),13180,02 - Intersection related,03 - P.D. only,03 - Rear end,01 - Clear,01 - Daylight,01 - Dry,01 - Traffic signal,01 - Functioning,2,0,0,0,,0,,,,,369396.976,5015630.355,45.27766151,-75.67665988,10173
18--6068,6/6/2018,4:43 PM,ST. LAURENT BLVD/GUY ST @ RIDEAU SS (0007214),7214,03 - At intersection,02 - Non-fatal injury,07 - SMV other,01 - Clear,01 - Daylight,01 - Dry,01 - Traffic signal,01 - Functioning,1,0,0,1,03 - Major,1,,,1,,371860.2693,5033043.792,45.43411102,-75.64290455,10174
18--6069,6/6/2018,5:00 PM,MORIN ST btwn ST. LAURENT BLVD & COTE ST (__3ZA8UY),__3ZA8UY,04 - At/near private drive,03 - P.D. only,06 - SMV unattended vehicle,01 - Clear,01 - Daylight,01 - Dry,10 - No control,,1,0,0,0,,0,,,,,371565.0979,5033530.733,45.43852053,-75.64661066,10175
18--607,1/10/2018,6:03 PM,STAGECOACH RD btwn BLANCHFIELD RD & OSGOODE MAIN ST (__3ZAZGD),__3ZAZGD,01 - Non intersection,03 - P.D. only,05 - Turning movement,04 - Freezing Rain,07 - Dark,02 - Wet,10 - No control,,2,0,0,0,,0,,,,,378012.0217,5002769.19,45.16109649,-75.56875904,10176
18--6070,6/6/2018,5:00 PM,ELGIN ST @ LAURIER AVE (0002232),2232,02 - Intersection related,03 - P.D. only,05 - Turning movement,01 - Clear,01 - Daylight,01 - Dry,01 - Traffic signal,00 - Unknown,2,0,0,0,,0,,,,,367948.5803,5031549.528,45.42103034,-75.69308619,10177
18--6071,6/6/2018,5:06 PM,BANK ST @ LAURIER AVE (0002221),2221,02 - Intersection related,03 - P.D. only,05 - Turning movement,01 - Clear,01 - Daylight,01 - Dry,01 - Traffic signal,01 - Functioning,2,0,0,0,,0,,,,,367480.6709,5031265.619,45.41851789,-75.69910067,10178
18--6072,6/6/2018,5:18 PM,NAVAN RD btwn ORLEANS BLVD & PAGE RD (__3ZA3J1),__3ZA3J1,01 - Non intersection,03 - P.D. only,03 - Rear end,01 - Clear,01 - Daylight,01 - Dry,10 - No control,,3,0,0,0,,0,,,,,381077.9304,5032950.394,45.432326,-75.52512447,10179
18--6073,6/6/2018,5:35 PM,MARCH RD @ TERRY FOX DR (0003173),3173,02 - Intersection related,03 - P.D. only,03 - Rear end,01 - Clear,01 - Daylight,01 - Dry,01 - Traffic signal,01 - Functioning,2,0,1,0,,0,,,,,349864.4622,5023399.328,45.34909219,-75.92489544,10180
18--6074,6/6/2018,5:36 AM,RUSSELL AVE btwn TEMPLETON ST & MANN AVE (__3ZA9VM),__3ZA9VM,01 - Non intersection,03 - P.D. only,06 - SMV unattended vehicle,01 - Clear,03 - Dawn,01 - Dry,10 - No control,,1,0,0,0,,0,,,,,369380.2886,5031654.125,45.42184077,-75.67477997,10181
18--6075,6/6/2018,5:37 PM,ALBION RD/COLLISTON CRES E @ WALKLEY RD (0011422),11422,02 - Intersection related,03 - P.D. only,04 - Sideswipe,01 - Clear,01 - Daylight,01 - Dry,01 - Traffic signal,01 - Functioning,2,0,0,0,,0,,,,,371033.7238,5026354.446,45.37400171,-75.65436594,10182
18--6076,6/6/2018,6:06 PM,OLD ALMONTE RD btwn HOWIE RD & BEAVERTAIL RD (__3ZBNAR),__3ZBNAR,01 - Non intersection,03 - P.D. only,07 - SMV other,01 - Clear,01 - Daylight,01 - Dry,10 - No control,,1,0,0,0,,0,,,,,340838.9627,5013960.535,45.26467955,-76.0407594,10183
18--6077,6/6/2018,6:13 PM,LAURIER AVE @ LYON ST (0002206),2206,03 - At intersection,02 - Non-fatal injury,05 - Turning movement,01 - Clear,01 - Daylight,01 - Dry,01 - Traffic signal,01 - Functioning,2,1,0,0,02 - Minor,1,,1,,,367154.0326,5031068.425,45.41677279,-75.70329882,10184
18--6078,6/6/2018,6:43 PM,CHAMPLAIN BRIDGE/ISLAND PARK DR btwn BATE ISLAND & PROVINCIAL BOUNDARY (__3ZA2ZEA),__3ZA2ZEA,07 - Overpass or bridge,03 - P.D. only,03 - Rear end,01 - Clear,01 - Daylight,01 - Dry,10 - No control,,2,0,0,0,,0,,,,,362899.7962,5030130.124,45.40869632,-75.7577613,10185
18--6079,6/6/2018,6:46 PM,INNES RD @ LANTHIER DR/PRESTWICK DR (0004251),4251,02 - Intersection related,03 - P.D. only,02 - Angle,01 - Clear,01 - Daylight,01 - Dry,01 - Traffic signal,01 - Functioning,2,0,0,0,,0,,,,,383540.7226,5035988.761,45.45938963,-75.49316716,10186
18--608,1/10/2018,6:04 PM,RUSSELL RD @ SOUTHVALE CRES N (0002650),2650,03 - At intersection,03 - P.D. only,03 - Rear end,04 - Freezing Rain,07 - Dark,03 - Loose snow,01 - Traffic signal,01 - Functioning,2,0,0,0,,0,,,,,373798.7315,5029097.549,45.39841611,-75.61868456,10187
18--6080,6/6/2018,6:57 PM,TENTH LINE RD @ TENTH LINE RD (0009412),9412,02 - Intersection related,03 - P.D. only,03 - Rear end,01 - Clear,01 - Daylight,01 - Dry,01 - Traffic signal,01 - Functioning,2,0,0,0,,0,,,,,383530.4989,5037154.923,45.46988286,-75.49311108,10188
18--6081,6/6/2018,7:00 AM,RICHMOND RD btwn EDGEWOOD AVE & ATHLONE AVE (__3ZA4O2),__3ZA4O2,01 - Non intersection,03 - P.D. only,06 - SMV unattended vehicle,01 - Clear,01 - Daylight,01 - Dry,10 - No control,,1,0,0,0,,0,,,,,363426.4478,5028422.998,45.39329199,-75.75123671,10189
18--6082,6/6/2018,7:30 AM,INNES RD @ TENTH LINE RD (0004633),4633,02 - Intersection related,02 - Non-fatal injury,03 - Rear end,01 - Clear,01 - Daylight,02 - Wet,01 - Traffic signal,01 - Functioning,2,0,0,0,01 - Minimal,1,1,,,,383951.5595,5036159.882,45.4608828,-75.48788719,10190
18--6083,6/6/2018,7:42 PM,SMYTH RD btwn RIVERSIDE HOSPITAL & SMYTH RD SOUTH SIDE RAMP (__3ZA1M4A),__3ZA1M4A,01 - Non intersection,02 - Non-fatal injury,03 - Rear end,01 - Clear,01 - Daylight,01 - Dry,10 - No control,,3,0,0,0,02 - Minor,2,,2,,,369932.5876,5029120.234,45.39899056,-75.66805813,10191
18--6084,6/6/2018,7:45 AM,PRINCE OF WALES DR btwn MEADOWLANDS DR & NESBITT PL (__3ZA36V),__3ZA36V,01 - Non intersection,02 - Non-fatal injury,03 - Rear end,02 - Rain,01 - Daylight,02 - Wet,10 - No control,,2,0,0,0,01 - Minimal,1,1,,,,367378.191,5025643.45,45.36794032,-75.70112305,10192
18--6085,6/6/2018,8:16 PM,WALKLEY RD @ HEATHERINGTON RD (0006928),6928,02 - Intersection related,02 - Non-fatal injury,03 - Rear end,01 - Clear,05 - Dusk,01 - Dry,01 - Traffic signal,01 - Functioning,2,0,0,0,02 - Minor,1,,1,,,371766.5899,5026794.692,45.37789323,-75.64495047,10193
18--6086,6/6/2018,8:24 PM,MARCH RD @ SOLANDT RD (0003172),3172,03 - At intersection,03 - P.D. only,05 - Turning movement,01 - Clear,05 - Dusk,01 - Dry,01 - Traffic signal,01 - Functioning,2,0,0,0,,0,,,,,350489.6612,5022710.661,45.34285497,-75.91698079,10194
18--6087,6/6/2018,8:49 AM,JOCKVALE RD @ STRANDHERD DR (0010541),10541,02 - Intersection related,03 - P.D. only,03 - Rear end,02 - Rain,01 - Daylight,02 - Wet,01 - Traffic signal,01 - Functioning,2,0,0,0,,0,,,,,363560.832,5014577.878,45.26870329,-75.75116407,10195
18--6088,6/6/2018,8:50 AM,MACKENZIE AVE @ MURRAY ST (0011914),11914,02 - Intersection related,03 - P.D. only,03 - Rear end,01 - Clear,01 - Daylight,01 - Dry,01 - Traffic signal,01 - Functioning,3,0,0,0,,0,,,,,367639.64,5032383.494,45.42856191,-75.69692705,10196
18--6089,6/6/2018,9:00 AM,MONTREAL RD @ GRANVILLE ST/LAFONTAINE AVE (0009348),9348,03 - At intersection,03 - P.D. only,05 - Turning movement,01 - Clear,01 - Daylight,01 - Dry,01 - Traffic signal,01 - Functioning,2,0,0,0,,0,,,,,370826.9525,5033474.446,45.43808419,-75.65605213,10197
18--609,1/10/2018,6:06 PM,RICHMOND RD @ STONEHAVEN DR (0010370),10370,03 - At intersection,02 - Non-fatal injury,05 - Turning movement,02 - Rain,07 - Dark,02 - Wet,01 - Traffic signal,01 - Functioning,3,0,0,0,01 - Minimal,2,2,,,,356781.1325,5015889.981,45.28104361,-75.8374196,10198
18--6090,6/6/2018,9:10 PM,TENTH LINE RD @ CHARLEMAGNE BLVD N/TOMPKINS AV (0009222),9222,02 - Intersection related,03 - P.D. only,04 - Sideswipe,01 - Clear,05 - Dusk,01 - Dry,01 - Traffic signal,00 - Unknown,2,0,0,0,,0,,,,,383183.6873,5037977.882,45.47732611,-75.4974145,10199
18--6091,6/6/2018,9:37 AM,MEADOWLANDS DR btwn PRINCE OF WALES DR & DEBRA AVE (__3ZA3GTB),__3ZA3GTB,04 - At/near private drive,02 - Non-fatal injury,05 - Turning movement,01 - Clear,01 - Daylight,01 - Dry,10 - No control,,2,1,0,0,01 - Minimal,1,1,,,,367338.2504,5025673.852,45.36821744,-75.70162904,10200
18--6092,6/6/2018,9:49 PM,BANK ST @ WALKLEY RD (0011423),11423,02 - Intersection related,03 - P.D. only,03 - Rear end,01 - Clear,07 - Dark,01 - Dry,01 - Traffic signal,01 - Functioning,2,0,0,0,,0,,,,,370338.0442,5025947.716,45.3704075,-75.66330098,10201
18--6093,6/7/2018,10:04 PM,CUMMINGS AVE btwn BURN ST & GARDENVALE RD (__3ZA7UC),__3ZA7UC,01 - Non intersection,03 - P.D. only,06 - SMV unattended vehicle,01 - Clear,07 - Dark,01 - Dry,10 - No control,,1,0,0,0,,0,,,,,372350.5993,5033173.277,45.43522887,-75.6366206,10202
18--6094,6/7/2018,10:15 PM,DEAKIN ST @ PRINCE OF WALES DR (0001073),1073,02 - Intersection related,03 - P.D. only,04 - Sideswipe,01 - Clear,07 - Dark,01 - Dry,01 - Traffic signal,01 - Functioning,3,0,0,0,,0,,,,,367390.7454,5021523.699,45.33087052,-75.70148422,10203
18--6095,6/7/2018,10:50 AM,BANNER RD @ GREENBANK RD (0000644),644,03 - At intersection,02 - Non-fatal injury,07 - SMV other,01 - Clear,01 - Daylight,01 - Dry,01 - Traffic signal,01 - Functioning,1,0,0,1,02 - Minor,1,,1,,,361021.6726,5021566.492,45.33179472,-75.78272751,10204
18--6096,6/7/2018,11:14 AM,HARMER AVE @ RUSKIN ST (0006665),6665,03 - At intersection,03 - P.D. only,02 - Angle,01 - Clear,01 - Daylight,01 - Dry,02 - Stop sign,01 - Functioning,2,0,0,0,,0,,,,,365125.7061,5028284.55,45.39190194,-75.72955305,10205
18--6097,6/7/2018,11:20 PM,HIGHWAY 416 btwn HWY416 IC42 RAMP43 & END (__3ZAZJE),__3ZAZJE,01 - Non intersection,03 - P.D. only,07 - SMV other,01 - Clear,07 - Dark,01 - Dry,10 - No control,,1,0,0,0,,0,,,,,372296.8065,4994127.669,45.08390949,-75.64261233,10206
18--6098,6/7/2018,11:29 AM,ABBOTT ST @ STITTSVILLE MAIN ST (0000082),82,02 - Intersection related,03 - P.D. only,03 - Rear end,01 - Clear,01 - Daylight,01 - Dry,01 - Traffic signal,01 - Functioning,2,0,0,0,,0,,,,,350248.757,5013331.43,45.25847358,-75.92091447,10207
18--6099,6/7/2018,11:41 AM,PRINCE OF WALES DR btwn WELLSMERE CRT & TURN LANE (__3ZA2Y6),__3ZA2Y6,01 - Non intersection,02 - Non-fatal injury,05 - Turning movement,01 - Clear,01 - Daylight,01 - Dry,10 - No control,,2,0,0,0,01 - Minimal,1,1,,,,367445.4909,5022060.417,45.33569493,-75.70071793,10208
18--5921,6/2/2018,3:54 PM,BRONSON AVE btwn BREWER WAY & RIVERSIDE DR RAMPS 34B & 42A-3 (__3ZA3BR),__3ZA3BR,01 - Non intersection,03 - P.D. only,03 - Rear end,01 - Clear,01 - Daylight,01 - Dry,10 - No control,,2,0,0,0,,0,,,,,368163.1875,5027666.9,45.38607626,-75.6908431,10209
18--5922,6/2/2018,4:35 PM,HIGHWAY 417 btwn HWY417 IC140 RAMP35 & HWY417 IC140 RAMP25 (__3ZA2QP),__3ZA2QP,01 - Non intersection,03 - P.D. only,99 - Other,01 - Clear,01 - Daylight,01 - Dry,10 - No control,,4,0,0,0,,0,,,,,351056.6849,5018637.827,45.30616949,-75.91012619,10210
18--5923,6/2/2018,4:37 PM,QUEEN ELIZABETH DRWY btwn FIRST AVE & LINDEN TER (__3ZA22O),__3ZA22O,01 - Non intersection,03 - P.D. only,05 - Turning movement,01 - Clear,01 - Daylight,01 - Dry,10 - No control,,2,0,0,0,,0,,,,,368821.2883,5030163.715,45.40848196,-75.68211587,10211
18--6283,6/12/2018,4:15 PM,WOODROFFE AVE btwn CHAPMAN MILLS DR & SERENA WAY (__673GUY),__673GUY,01 - Non intersection,03 - P.D. only,03 - Rear end,01 - Clear,01 - Daylight,01 - Dry,10 - No control,,3,0,0,0,,0,,,,,366180.7117,5015209.198,45.27416011,-75.71770188,10212
18--5924,6/2/2018,4:55 PM,EARL ARMSTRONG RD btwn Continuation of EARL ARMSTRONG RD & CANYON WALK (__4CPKSR),__4CPKSR,01 - Non intersection,03 - P.D. only,03 - Rear end,01 - Clear,01 - Daylight,01 - Dry,10 - No control,,2,0,0,0,,0,,,,,369379.28,5015619.294,45.27756361,-75.67688685,10213
18--6284,6/12/2018,4:30 PM,ALBERT ST @ BOOTH ST (0002162),2162,02 - Intersection related,03 - P.D. only,03 - Rear end,01 - Clear,01 - Daylight,01 - Dry,01 - Traffic signal,01 - Functioning,2,0,0,0,,0,,,,,366428.3247,5030626.736,45.41286289,-75.71262558,10214
18--6550,6/19/2018,3:05 PM,ST. LAURENT BLVD @ MCARTHUR AVE (0008246),8246,02 - Intersection related,03 - P.D. only,99 - Other,01 - Clear,01 - Daylight,01 - Dry,01 - Traffic signal,01 - Functioning,2,0,0,0,,0,,,,,371921.7189,5032887.575,45.43269956,-75.64214055,10215
18--5925,6/2/2018,5:32 PM,MONTREAL RD @ BORTHWICK AVE (0007747),7747,02 - Intersection related,02 - Non-fatal injury,02 - Angle,01 - Clear,01 - Daylight,01 - Dry,02 - Stop sign,01 - Functioning,2,1,0,0,01 - Minimal,1,1,,,,371942.711,5034009.583,45.44279284,-75.64171924,10216
18--6285,6/12/2018,4:38 PM,TERRY FOX DR btwn WALTER BAKER PL & 240 S OF EDGEWATER ST (__3ZA3DKA),__3ZA3DKA,01 - Non intersection,03 - P.D. only,03 - Rear end,01 - Clear,01 - Daylight,01 - Dry,10 - No control,,2,0,0,0,,0,,,,,351854.0347,5017548.808,45.29631725,-75.90006215,10217
18--6551,6/19/2018,3:07 PM,FISHER AVE @ PRINCE OF WALES DR (0000572),572,02 - Intersection related,03 - P.D. only,03 - Rear end,01 - Clear,01 - Daylight,01 - Dry,01 - Traffic signal,01 - Functioning,2,0,0,0,,0,,,,,367161.745,5023942.622,45.35265593,-75.70410055,10218
18--5926,6/2/2018,5:35 PM,OTTAWA RIVER PKWY @ ISLAND PARK DR (0002127),2127,02 - Intersection related,03 - P.D. only,03 - Rear end,01 - Clear,01 - Daylight,01 - Dry,01 - Traffic signal,01 - Functioning,2,0,0,0,,0,,,,,363298.695,5029453.564,45.40257553,-75.75274598,10219
18--5927,6/2/2018,5:38 PM,KIRKWOOD AVE @ LAPERRIERE AVE (0006742),6742,02 - Intersection related,02 - Non-fatal injury,02 - Angle,01 - Clear,01 - Daylight,01 - Dry,01 - Traffic signal,01 - Functioning,2,1,0,0,01 - Minimal,1,1,,,,364519.6483,5026958.587,45.38002311,-75.73745303,10220
18--5928,6/2/2018,7:10 PM,INNES RD @ VISENEAU DR (0012442),12442,02 - Intersection related,03 - P.D. only,03 - Rear end,01 - Clear,01 - Daylight,01 - Dry,01 - Traffic signal,00 - Unknown,3,0,0,0,,0,,,,,381798.6111,5035073.421,45.45134832,-75.51558296,10221
18--5929,6/2/2018,7:45 PM,NICHOLAS ST NB btwn HWY417 IC118 RAMP52 & WALLER ST/TRANSITWAY (__6KCFNL),__6KCFNL,01 - Non intersection,02 - Non-fatal injury,03 - Rear end,01 - Clear,01 - Daylight,01 - Dry,10 - No control,,3,0,0,0,01 - Minimal,1,1,,,,368538.7937,5031676.301,45.42211747,-75.68552879,10222