Anom_ID,Accident_Date,Accident_Time,Location,Geo_ID,Accident_Location,Classification_of_Accident,Initial_Impact_Type,Environment_Condition,Light,Road_Surface_Condition,Traffic_Control,Traffic_Control_Condition,No__of_Vehicles,No__of_Bicycles,No__of_Motorcycles,No__of_Pedestrians,Max_Injury,No__of_Injuries,No__of_Minimal,No__of_Minor,No__of_Major,No__of_Fatal,X,Y,Latitude,Longitude,ObjectId
18--593,1/10/2018,2:10 PM,MAITLAND AVE btwn AMESBROOKE DR & HENRY FARM DR (__3ZA4I3),__3ZA4I3,04 - At/near private drive,03 - P.D. only,04 - Sideswipe,01 - Clear,01 - Daylight,03 - Loose snow,10 - No control,,2,0,0,0,,0,,,,,363822.5174,5025160.807,45.36390602,-75.74656859,10223
18--5930,6/2/2018,7:55 PM,NICHOLAS ST NB btwn HWY417 IC118 RAMP52 & WALLER ST/TRANSITWAY (__6KCFNL),__6KCFNL,01 - Non intersection,03 - P.D. only,03 - Rear end,01 - Clear,01 - Daylight,01 - Dry,10 - No control,,3,0,0,0,,0,,,,,368534.7297,5031679.413,45.42214584,-75.68558031,10224
18--5931,6/2/2018,8:18 PM,BLAIR RD @ INNES RD (0004165),4165,02 - Intersection related,03 - P.D. only,03 - Rear end,01 - Clear,01 - Daylight,01 - Dry,01 - Traffic signal,01 - Functioning,2,0,0,0,,0,,,,,375578.7225,5031439.76,45.41931238,-75.59561541,10225
18--5932,6/2/2018,8:28 AM,STRANDHERD DR btwn GREENBANK RD & Continuation of STRANDHERD DR (__5U4IBT),__5U4IBT,04 - At/near private drive,02 - Non-fatal injury,02 - Angle,01 - Clear,01 - Daylight,01 - Dry,10 - No control,,2,1,0,0,02 - Minor,1,,1,,,364015.3165,5014834.295,45.27097241,-75.74534214,10226
18--5933,6/2/2018,8:42 AM,CLEARBROOK DR btwn BISSETT WAY/HIGHPOINTE CRES & SOUTHAM WAY (__7EYG8O),__7EYG8O,01 - Non intersection,02 - Non-fatal injury,03 - Rear end,01 - Clear,01 - Daylight,01 - Dry,10 - No control,,2,0,0,0,02 - Minor,1,,1,,,365304.761,5015105.42,45.27330223,-75.72887751,10227
18--5934,6/2/2018,9:05 AM,HAIG DR @ WESTON DR (0008366),8366,03 - At intersection,02 - Non-fatal injury,07 - SMV other,01 - Clear,01 - Daylight,01 - Dry,02 - Stop sign,01 - Functioning,1,0,0,1,03 - Major,1,,,1,,372362.7239,5028793.55,45.39582091,-75.63706609,10228
18--5935,6/2/2018,9:11 AM,HUNT CLUB RD btwn RIVERSIDE DR & LINDBERGH PRIV (__4B3PLN),__4B3PLN,01 - Non intersection,03 - P.D. only,04 - Sideswipe,01 - Clear,01 - Daylight,01 - Dry,10 - No control,,2,0,0,0,,0,,,,,368179.7309,5022021.388,45.33527781,-75.69135583,10229
18--5936,6/2/2018,9:15 AM,BRONSON AVE @ RENFREW AVE (0007197),7197,02 - Intersection related,03 - P.D. only,02 - Angle,01 - Clear,01 - Daylight,01 - Dry,02 - Stop sign,00 - Unknown,2,0,0,0,,0,,,,,367356.8314,5029551.573,45.40310651,-75.7009004,10230
18--11051,10/20/2018,4:35 PM,BASELINE RD @ FISHER AVE (0002346),2346,02 - Intersection related,03 - P.D. only,03 - Rear end,01 - Clear,01 - Daylight,01 - Dry,01 - Traffic signal,01 - Functioning,2,0,0,0,,0,,,,,366166.6937,5026028.533,45.37151235,-75.7165398,1481
18--5938,6/2/2018,9:56 AM,BANK ST @ MITCH OWENS RD (0001640),1640,03 - At intersection,02 - Non-fatal injury,02 - Angle,01 - Clear,01 - Daylight,01 - Dry,01 - Traffic signal,01 - Functioning,2,0,0,0,02 - Minor,3,1,2,,,377758.6218,5015947.337,45.27969564,-75.57005072,10232
18--5939,6/3/2018,10:18 AM,BAYSHORE DR @ WOODRIDGE CRES N (0001209),1209,03 - At intersection,03 - P.D. only,05 - Turning movement,01 - Clear,01 - Daylight,01 - Dry,01 - Traffic signal,01 - Functioning,2,0,0,0,,0,,,,,359072.723,5023875.181,45.3527218,-75.80733695,10233
18--594,1/10/2018,2:30 PM,ST. JOSEPH BLVD @ TENTH LINE RD (0009163),9163,02 - Intersection related,03 - P.D. only,03 - Rear end,01 - Clear,01 - Daylight,06 - Ice,01 - Traffic signal,01 - Functioning,2,0,0,0,,0,,,,,382890.8034,5038666.452,45.48355406,-75.50105065,10234
18--5940,6/3/2018,10:35 AM,VIEWMOUNT DR @ MERIVALE RD (0001528),1528,02 - Intersection related,03 - P.D. only,03 - Rear end,01 - Clear,01 - Daylight,01 - Dry,01 - Traffic signal,01 - Functioning,2,0,0,0,,0,,,,,365193.7778,5022948.598,45.34388409,-75.72933604,10235
18--5941,6/3/2018,11:15 PM,LEITRIM RD @ RIVER RD (0004194),4194,03 - At intersection,03 - P.D. only,02 - Angle,02 - Rain,07 - Dark,02 - Wet,02 - Stop sign,01 - Functioning,2,0,0,0,,0,,,,,368019.6112,5017177.464,45.29170742,-75.69401663,10236
18--5942,6/3/2018,Unknown,ST. PATRICK ST btwn DALHOUSIE ST & CUMBERLAND ST (__3ZA3WU),__3ZA3WU,01 - Non intersection,03 - P.D. only,06 - SMV unattended vehicle,01 - Clear,00 - Unknown,01 - Dry,10 - No control,,1,0,0,0,,0,,,,,367971.9293,5032649.379,45.43092431,-75.6926468,10237
18--5943,6/3/2018,12:07 PM,HUNT CLUB RD @ BRIDLE PATH DR/DAZE ST (0008214),8214,02 - Intersection related,02 - Non-fatal injury,03 - Rear end,04 - Freezing Rain,01 - Daylight,02 - Wet,01 - Traffic signal,04 - Missing/Damaged,2,0,0,0,01 - Minimal,1,1,,,,371291.7288,5023864.504,45.35157362,-75.65140726,10238
18--5944,6/3/2018,12:19 AM,HIGHWAY 417 btwn HWY417 IC138 RAMP61 & HWY417 IC134 RAMP36 (__3ZA20I),__3ZA20I,01 - Non intersection,03 - P.D. only,07 - SMV other,01 - Clear,07 - Dark,01 - Dry,10 - No control,,1,0,0,0,,0,,,,,355632.1654,5021829.442,45.33457187,-75.85145483,10239
18--5945,6/3/2018,2:24 PM,HWY 417 TERRYFO IC140R52 @ TERRY FOX DR (0003180),3180,02 - Intersection related,03 - P.D. only,03 - Rear end,01 - Clear,01 - Daylight,01 - Dry,01 - Traffic signal,00 - Unknown,2,0,0,0,,0,,,,,351052.5803,5018433.562,45.30433173,-75.91019759,10240
18--5946,6/3/2018,2:30 PM,BRONSON AVE @ GILMOUR ST (0006761),6761,03 - At intersection,03 - P.D. only,05 - Turning movement,01 - Clear,01 - Daylight,01 - Dry,10 - No control,00 - Unknown,2,0,0,0,,0,,,,,367031.5807,5030321.594,45.41006393,-75.70495755,10241
18--5947,6/3/2018,2:34 PM,EARL ARMSTRONG RD @ RIVER RD (0012470),12470,02 - Intersection related,03 - P.D. only,04 - Sideswipe,01 - Clear,01 - Daylight,01 - Dry,01 - Traffic signal,01 - Functioning,2,0,0,0,,0,,,,,367572.8688,5014684.344,45.26931461,-75.70002688,10242
18--5948,6/3/2018,3:01 PM,GLADSTONE AVE btwn PERCY ST & BAY ST (__3ZA3PR),__3ZA3PR,04 - At/near private drive,02 - Non-fatal injury,02 - Angle,01 - Clear,01 - Daylight,01 - Dry,10 - No control,,2,0,0,0,02 - Minor,2,,2,,,367370.3947,5030232.078,45.40922828,-75.7006408,10243
18--5949,6/3/2018,3:14 PM,INNES RD @ 298 E OF WILDFLOWER DR/LOBLAWS SC (0012918),12918,03 - At intersection,02 - Non-fatal injury,05 - Turning movement,01 - Clear,01 - Daylight,01 - Dry,01 - Traffic signal,01 - Functioning,2,0,1,0,02 - Minor,1,,1,,,383191.1059,5035796.561,45.4576997,-75.49766755,10244
18--595,1/10/2018,2:30 PM,LINCOLN HEIGHTS RD btwn RICHLIN CRES & REGINA ST (2) (__3ZABY2),__3ZABY2,04 - At/near private drive,03 - P.D. only,06 - SMV unattended vehicle,01 - Clear,01 - Daylight,05 - Packed snow,10 - No control,,1,0,0,0,,0,,,,,360489.6348,5025476.668,45.36702083,-75.78907435,10245
18--5950,6/3/2018,3:15 PM,PARKDALE AVE @ TYNDALL ST (0006515),6515,02 - Intersection related,02 - Non-fatal injury,03 - Rear end,01 - Clear,01 - Daylight,01 - Dry,02 - Stop sign,00 - Unknown,2,0,0,1,02 - Minor,1,,1,,,365263.7211,5029013.681,45.39845059,-75.7277012,10246
18--5951,6/3/2018,3:20 PM,GREENBANK RD btwn CANFIELD RD & BELLMAN DR (__3ZA4YT),__3ZA4YT,01 - Non intersection,03 - P.D. only,04 - Sideswipe,01 - Clear,01 - Daylight,01 - Dry,10 - No control,,2,0,0,0,,0,,,,,361181.6202,5021189.433,45.32838911,-75.78073001,10247
18--5952,6/3/2018,3:38 PM,AVIATION PKWY @ MONTREAL RD (0008799),8799,02 - Intersection related,03 - P.D. only,03 - Rear end,01 - Clear,01 - Daylight,01 - Dry,01 - Traffic signal,01 - Functioning,2,0,0,0,,0,,,,,372146.717,5034108.583,45.44366397,-75.63909819,10248
18--5953,6/3/2018,4:18 PM,CASTLEFRANK RD @ TERRY FOX DR (0011757),11757,02 - Intersection related,03 - P.D. only,03 - Rear end,01 - Clear,01 - Daylight,01 - Dry,01 - Traffic signal,00 - Unknown,2,0,0,0,,0,,,,,352993.788,5016304.881,45.28504684,-75.88565201,10249
18--5954,6/3/2018,4:24 PM,REGIONAL ROAD 174 EB btwn OR174 IC109 RAMP55 & TRANSIT (__3ZA28V),__3ZA28V,01 - Non intersection,03 - P.D. only,07 - SMV other,01 - Clear,01 - Daylight,01 - Dry,10 - No control,,1,0,0,0,,0,,,,,376571.2399,5035208.611,45.45312106,-75.58238554,10250
18--5955,6/3/2018,4:58 PM,JAMES ST @ KENT ST (0007277),7277,02 - Intersection related,03 - P.D. only,02 - Angle,01 - Clear,01 - Daylight,01 - Dry,02 - Stop sign,01 - Functioning,2,0,0,0,,0,,,,,367659.5686,5030598.644,45.41250061,-75.69690012,10251
18--5956,6/3/2018,5:10 PM,ROCHESTER ST btwn GLADSTONE AVE & HWY417 IC121B RAMP16 (__3ZA31L),__3ZA31L,01 - Non intersection,03 - P.D. only,04 - Sideswipe,01 - Clear,01 - Daylight,01 - Dry,10 - No control,,2,0,0,0,,0,,,,,366673.9828,5029761.311,45.40505436,-75.70959593,10252
18--5957,6/3/2018,5:41 PM,MCARTHUR AVE @ CARMEN AVE (0009811),9811,02 - Intersection related,03 - P.D. only,02 - Angle,01 - Clear,01 - Daylight,01 - Dry,02 - Stop sign,00 - Unknown,2,0,0,0,,0,,,,,370904.7725,5032766.692,45.43170878,-75.65515258,10253
18--5958,6/3/2018,5:52 PM,NELSON ST @ RIDEAU ST (0007626),7626,03 - At intersection,02 - Non-fatal injury,05 - Turning movement,01 - Clear,01 - Daylight,01 - Dry,01 - Traffic signal,01 - Functioning,2,0,0,0,01 - Minimal,2,2,,,,368651.4031,5032499.316,45.42951239,-75.68398329,10254
18--5959,6/3/2018,5:53 PM,CELTIC RIDGE CRES btwn BRAECREEK AVE & MAXWELL BRIDGE RD (__5J15OM),__5J15OM,01 - Non intersection,03 - P.D. only,06 - SMV unattended vehicle,01 - Clear,01 - Daylight,01 - Dry,10 - No control,,1,0,0,0,,0,,,,,349368.7829,5024776.291,45.36151408,-75.93109676,10255
18--596,1/10/2018,2:37 PM,GLADSTONE AVE @ PRESTON ST (0002212),2212,03 - At intersection,03 - P.D. only,03 - Rear end,01 - Clear,01 - Daylight,04 - Slush,01 - Traffic signal,01 - Functioning,2,0,0,0,,0,,,,,366489.7063,5029712.558,45.40463196,-75.71195583,10256
18--5960,6/3/2018,6:37 PM,DALHOUSIE ST btwn GUIGUES AVE & ST. PATRICK ST (__3ZA7BL),__3ZA7BL,01 - Non intersection,03 - P.D. only,06 - SMV unattended vehicle,02 - Rain,01 - Daylight,02 - Wet,10 - No control,,1,0,0,0,,0,,,,,367914.8486,5032710.077,45.43147561,-75.69336845,10257
18--5961,6/3/2018,8:22 PM,BEAUCLAIRE DR btwn TO BE DETERMINED & DECARIE DR (__3ZA7K8),__3ZA7K8,01 - Non intersection,03 - P.D. only,03 - Rear end,01 - Clear,01 - Daylight,01 - Dry,10 - No control,,2,1,0,0,,0,,,,,380842.6988,5038903.726,45.48591495,-75.52720971,10258
18--5962,6/3/2018,9:18 AM,GLADSTONE AVE btwn LYON ST N & KENT ST (__3ZA3P2),__3ZA3P2,01 - Non intersection,03 - P.D. only,06 - SMV unattended vehicle,01 - Clear,01 - Daylight,01 - Dry,10 - No control,,1,0,0,0,,0,,,,,367736.3579,5030454.392,45.41119578,-75.69593756,10259
18--5963,6/3/2018,9:30 AM,BRONSON AVE @ COOPER ST (0005110),5110,02 - Intersection related,03 - P.D. only,04 - Sideswipe,01 - Clear,01 - Daylight,01 - Dry,10 - No control,,2,0,0,0,,0,,,,,366931.8087,5030560.622,45.4122235,-75.70620194,10260
18--5964,6/4/2018,1:05 AM,KITCHENER AVE @ BANK ST (0011963),11963,03 - At intersection,02 - Non-fatal injury,07 - SMV other,02 - Rain,07 - Dark,02 - Wet,01 - Traffic signal,01 - Functioning,1,0,0,0,01 - Minimal,1,1,,,,370540.8761,5025499.972,45.36635984,-75.66077137,10261
18--5965,6/4/2018,1:09 AM,ANDERSON RD btwn INNES RD & DESJARDINS ST (__3ZBOG0),__3ZBOG0,01 - Non intersection,03 - P.D. only,03 - Rear end,02 - Rain,07 - Dark,02 - Wet,10 - No control,,2,0,0,0,,0,,,,,377257.0383,5031626.066,45.42081685,-75.57414589,10262
18--5966,6/4/2018,1:12 PM,BASELINE RD @ WOODROFFE AVE (0002225),2225,02 - Intersection related,03 - P.D. only,99 - Other,02 - Rain,01 - Daylight,02 - Wet,01 - Traffic signal,01 - Functioning,2,0,0,0,,0,,,,,362549.6899,5023770.505,45.35150222,-75.76297748,10263
18--5967,6/4/2018,1:46 PM,JOCKVALE RD @ STRANDHERD DR (0010541),10541,02 - Intersection related,03 - P.D. only,03 - Rear end,02 - Rain,01 - Daylight,02 - Wet,01 - Traffic signal,01 - Functioning,2,0,0,0,,0,,,,,363560.4984,5014577.983,45.26870426,-75.75116831,10264
18--5968,6/4/2018,11:20 AM,BLOHM DR @ HUNT CLUB RD (0011392),11392,02 - Intersection related,03 - P.D. only,03 - Rear end,01 - Clear,01 - Daylight,01 - Dry,01 - Traffic signal,01 - Functioning,2,0,0,0,,0,,,,,375129.6837,5026189.547,45.37211891,-75.60210083,10265
18--5969,6/4/2018,11:30 AM,HAWTHORNE RD @ LEITRIM RD (0009269),9269,03 - At intersection,02 - Non-fatal injury,02 - Angle,02 - Rain,01 - Daylight,02 - Wet,01 - Traffic signal,01 - Functioning,2,0,0,0,02 - Minor,1,,1,,,377038.5629,5022709.616,45.34061408,-75.57824181,10266
18--597,1/10/2018,2:54 AM,ANDERSON RD @ INNES RD (0004200),4200,02 - Intersection related,03 - P.D. only,07 - SMV other,01 - Clear,07 - Dark,02 - Wet,01 - Traffic signal,01 - Functioning,1,0,0,0,,0,,,,,376280.3927,5031840.17,45.4228437,-75.58659277,10267
18--5970,6/4/2018,Unknown,DONALD ST @ VANIER PKWY (0007644),7644,03 - At intersection,03 - P.D. only,02 - Angle,02 - Rain,07 - Dark,02 - Wet,01 - Traffic signal,01 - Functioning,2,0,0,0,,0,,,,,370311.7133,5032270.586,45.42730083,-75.66279732,10268
18--5971,6/4/2018,Unknown,CLEOPATRA DR btwn WEST HUNT CLUB RD & CAMELOT DR (__3ZA57Q),__3ZA57Q,01 - Non intersection,03 - P.D. only,06 - SMV unattended vehicle,02 - Rain,00 - Unknown,02 - Wet,10 - No control,,1,0,0,0,,0,,,,,365366.9766,5021387.768,45.32982501,-75.72731715,10269
18--5972,6/4/2018,Unknown,INNES RD @ PAGE RD (0012476),12476,03 - At intersection,02 - Non-fatal injury,07 - SMV other,01 - Clear,07 - Dark,01 - Dry,01 - Traffic signal,01 - Functioning,1,0,0,1,01 - Minimal,1,1,,,,380887.7491,5034540.555,45.44665377,-75.52730892,10270
18--5973,6/4/2018,12:00 PM,HAWTHORNE RD/RUSSELL RD @ WALKLEY RD (0002618),2618,02 - Intersection related,03 - P.D. only,03 - Rear end,02 - Rain,01 - Daylight,02 - Wet,01 - Traffic signal,01 - Functioning,2,0,0,0,,0,,,,,374674.6785,5028499.575,45.39294897,-75.60758221,10271
18--5974,6/4/2018,12:16 PM,"MCARTHUR AVE btwn EGLISE, RUE DE L & MAY ST (__3ZA3XI)",__3ZA3XI,04 - At/near private drive,03 - P.D. only,05 - Turning movement,01 - Clear,01 - Daylight,01 - Dry,10 - No control,,2,0,0,0,,0,,,,,371615.2466,5032843.494,45.43233229,-75.64606301,10272
18--5975,6/4/2018,12:16 PM,INDUSTRIAL AVE btwn TRAINYARDS DR & RUSSELL RD (__3ZA3R9),__3ZA3R9,04 - At/near private drive,03 - P.D. only,02 - Angle,02 - Rain,01 - Daylight,02 - Wet,10 - No control,,2,0,0,0,,0,,,,,371855.3444,5030508.037,45.41129591,-75.64331265,10273
18--5976,6/4/2018,12:30 PM,HIGHWAY 417 btwn HWY417 IC131 RAMP66 & HWY417 IC130 RAMP26 (__3ZA29A),__3ZA29A,01 - Non intersection,03 - P.D. only,04 - Sideswipe,01 - Clear,01 - Daylight,01 - Dry,10 - No control,,2,0,0,0,,0,,,,,359191.2699,5023079.583,45.34555381,-75.80591159,10274
18--5977,6/4/2018,2:02 PM,HIGHWAY 417 btwn HWY417 IC127 RAMP35 & HWY417 IC127 RAMP25 (__3ZA2RE),__3ZA2RE,01 - Non intersection,03 - P.D. only,03 - Rear end,02 - Rain,01 - Daylight,02 - Wet,10 - No control,,2,0,0,0,,0,,,,,362355.6505,5025007.299,45.36264674,-75.76530968,10275
18--5978,6/4/2018,3:00 PM,THURSTON DR btwn CONROY RD & THOMAS SPRATT PL (__3ZBPM1),__3ZBPM1,04 - At/near private drive,03 - P.D. only,02 - Angle,02 - Rain,01 - Daylight,02 - Wet,10 - No control,,2,0,0,0,,0,,,,,373680.3021,5027048.798,45.37999404,-75.62048302,10276
18--5979,6/4/2018,3:00 PM,"MCARTHUR AVE @ EGLISE, RUE DE L/MOORVALE ST (0007763)",7763,03 - At intersection,03 - P.D. only,02 - Angle,01 - Clear,01 - Daylight,01 - Dry,01 - Traffic signal,01 - Functioning,3,0,0,0,,0,,,,,371445.7169,5032824.578,45.43217827,-75.64823201,10277
18--598,1/10/2018,3:00 PM,ST. LAURENT BLVD btwn 125 N OF QUEEN MARY ST & QUEEN MARY ST (__3ZA2CFB),__3ZA2CFB,01 - Non intersection,03 - P.D. only,04 - Sideswipe,01 - Clear,01 - Daylight,02 - Wet,10 - No control,,2,0,0,0,,0,,,,,372203.7237,5032204.567,45.42652705,-75.63863024,10278
18--5980,6/4/2018,3:07 PM,BELFAST RD @ COVENTRY RD (0002646),2646,02 - Intersection related,03 - P.D. only,03 - Rear end,02 - Rain,01 - Daylight,02 - Wet,01 - Traffic signal,01 - Functioning,2,0,0,0,,0,,,,,371523.6384,5031641.674,45.42152759,-75.6473965,10279
18--5981,6/4/2018,3:46 PM,HIGHWAY 417 btwn HWY417 IC122 RAMP16 & HWY417 IC122 RAMP61 (__3ZA2RA),__3ZA2RA,01 - Non intersection,03 - P.D. only,03 - Rear end,01 - Clear,01 - Daylight,02 - Wet,10 - No control,,2,0,0,0,,0,,,,,365612.5297,5029085.192,45.39906382,-75.72323749,10280
18--5982,6/4/2018,3:51 PM,COLONEL BY DR btwn RIDEAU ST & MACKENZIE AVE (__3ZA8JW),__3ZA8JW,04 - At/near private drive,03 - P.D. only,02 - Angle,01 - Clear,01 - Daylight,01 - Dry,10 - No control,,2,0,0,0,,0,,,,,367995.2358,5031915.718,45.42432098,-75.69244311,10281
18--5983,6/4/2018,3:55 PM,WOODROFFE AVE @ ALGONQUIN COLLEGE/TRANSITWAY S (0004682),4682,02 - Intersection related,02 - Non-fatal injury,03 - Rear end,01 - Clear,01 - Daylight,01 - Dry,01 - Traffic signal,01 - Functioning,3,0,0,0,02 - Minor,1,,1,,,362823.4788,5023270.532,45.3469809,-75.75954225,10282
18--5984,6/4/2018,4:05 PM,HIGHWAY 417 btwn HWY417 IC124 RAMP65 & HWY417 IC122 RAMP51 (__3ZA2R8),__3ZA2R8,01 - Non intersection,03 - P.D. only,03 - Rear end,02 - Rain,01 - Daylight,02 - Wet,10 - No control,,2,0,0,0,,0,,,,,365178.3701,5028735.338,45.39595349,-75.72882535,10283
18--5985,6/4/2018,4:31 PM,FALLOWFIELD RD btwn STEEPLE HILL CRES & MOODIE DR (__3ZA4Y5),__3ZA4Y5,01 - Non intersection,03 - P.D. only,03 - Rear end,01 - Clear,01 - Daylight,02 - Wet,10 - No control,,2,0,0,0,,0,,,,,359482.0375,5014630.679,45.26950736,-75.80313357,10284
18--5986,6/4/2018,4:36 PM,MADELEINE MEILLEUR PRIV @ VANIER PKWY (0013514),13514,02 - Intersection related,03 - P.D. only,03 - Rear end,01 - Clear,01 - Daylight,01 - Dry,01 - Traffic signal,00 - Unknown,2,0,0,0,,0,,,,,369654.8152,5033359.306,45.43715791,-75.67104781,10285
18--5987,6/4/2018,5:01 PM,SAI CRES btwn BLOHM DR & BLOHM DR (__3ZA46B),__3ZA46B,04 - At/near private drive,03 - P.D. only,05 - Turning movement,01 - Clear,01 - Daylight,01 - Dry,10 - No control,,2,0,0,0,,0,,,,,374615.4054,5026592.008,45.37579149,-75.60860893,10286
18--5988,6/4/2018,5:05 PM,LOYOLA AVE @ SHEFFORD RD (0009494),9494,03 - At intersection,03 - P.D. only,02 - Angle,01 - Clear,01 - Daylight,01 - Dry,02 - Stop sign,01 - Functioning,2,0,0,0,,0,,,,,376000.805,5035167.71,45.45281141,-75.58968369,10287
18--5989,6/4/2018,5:15 PM,ST. JOSEPH BLVD @ JEANNE D'ARC BLVD (0012421),12421,02 - Intersection related,03 - P.D. only,02 - Angle,01 - Clear,01 - Daylight,01 - Dry,11 - Roundabout,01 - Functioning,2,0,0,0,,0,,,,,379860.7425,5036471.581,45.46413872,-75.54014138,10288
18--599,1/10/2018,3:06 PM,HIGHWAY 417 btwn HWY417 IC130 RAMP25 & HIGHWAY 417 (__3ZA2UW),__3ZA2UW,01 - Non intersection,03 - P.D. only,04 - Sideswipe,01 - Clear,01 - Daylight,01 - Dry,10 - No control,,2,0,0,0,,0,,,,,359612.7369,5023111.879,45.3458116,-75.80053006,10289
18--5990,6/4/2018,5:24 PM,HAZELDEAN RD @ CARBROOKE ST/IRWIN GATE (0003187),3187,03 - At intersection,02 - Non-fatal injury,02 - Angle,01 - Clear,01 - Daylight,01 - Dry,01 - Traffic signal,01 - Functioning,2,1,0,0,01 - Minimal,1,1,,,,353417.741,5018265.317,45.3026581,-75.88005583,10290
18--5991,6/4/2018,5:42 PM,AIRPORT PKWY btwn AIRPORT PKWY/WALKLEY RD SOUTHBOUND ON RAMP           (__3ZA1KS),__3ZA1KS,01 - Non intersection,03 - P.D. only,03 - Rear end,01 - Clear,01 - Daylight,01 - Dry,10 - No control,,2,0,0,0,,0,,,,,370151.4213,5025408.398,45.36557231,-75.66575461,10291
18--5992,6/4/2018,5:43 PM,EAGLESON RD btwn PALOMINO DR & ROTHESAY DR (__3ZA41K),__3ZA41K,01 - Non intersection,03 - P.D. only,07 - SMV other,01 - Clear,01 - Daylight,01 - Dry,10 - No control,,1,0,0,0,,0,,,,,354031.8522,5017521.594,45.29592315,-75.87229937,10292
18--5993,6/4/2018,5:47 PM,TERRY FOX DR N @ FLAMBOROUGH WAY/INNOVATION DR (0011795),11795,02 - Intersection related,03 - P.D. only,03 - Rear end,02 - Rain,01 - Daylight,02 - Wet,01 - Traffic signal,01 - Functioning,2,0,0,0,,0,,,,,349385.075,5022955.863,45.34513243,-75.93105297,10293
18--5994,6/4/2018,6:05 AM,MEADOWLANDS DR btwn DEER PARK RD & HOGAN ST (__3ZA4IP),__3ZA4IP,01 - Non intersection,03 - P.D. only,07 - SMV other,02 - Rain,01 - Daylight,02 - Wet,10 - No control,,1,0,0,0,,0,,,,,366023.1921,5024883.877,45.3612255,-75.71851353,10294
18--5995,6/4/2018,6:26 AM,SHEFFIELD RD @ WALKLEY RD (0005156),5156,03 - At intersection,03 - P.D. only,05 - Turning movement,02 - Rain,01 - Daylight,02 - Wet,01 - Traffic signal,01 - Functioning,2,0,0,0,,0,,,,,375257.8795,5028784.663,45.39545561,-75.60009395,10295
18--5996,6/4/2018,7:25 AM,OLD INNES RD @ BANTREE ST (0007674),7674,03 - At intersection,03 - P.D. only,02 - Angle,02 - Rain,01 - Daylight,02 - Wet,02 - Stop sign,01 - Functioning,2,0,0,0,,0,,,,,373727.5204,5030352.854,45.40971776,-75.61941855,10296
18--5997,6/4/2018,8:21 PM,HIGHWAY 417 btwn HWY417 IC122 RAMP15 & HWY417 IC121B RAMP51 (__3ZA2RB),__3ZA2RB,01 - Non intersection,02 - Non-fatal injury,07 - SMV other,01 - Clear,05 - Dusk,01 - Dry,10 - No control,,1,0,0,0,02 - Minor,1,,1,,,365669.7235,5029099.067,45.3991837,-75.7225053,10297
18--5998,6/4/2018,8:25 AM,HIGHWAY 417 btwn HWY417 IC129 RAMP25 & TRANSIT (__3ZA2SH),__3ZA2SH,01 - Non intersection,03 - P.D. only,04 - Sideswipe,02 - Rain,01 - Daylight,02 - Wet,10 - No control,,2,0,0,0,,0,,,,,361833.877,5024597.666,45.35900354,-75.77201678,10298
18--5999,6/4/2018,8:37 AM,ALBION RD @ HUNT CLUB RD (0006974),6974,03 - At intersection,02 - Non-fatal injury,05 - Turning movement,02 - Rain,01 - Daylight,02 - Wet,01 - Traffic signal,01 - Functioning,2,0,0,0,02 - Minor,1,,1,,,371867.7178,5024320.777,45.35562416,-75.6439952,10299
18--60,1/2/2018,11:04 AM,BANK ST btwn RANDALL AVE & 73 N OF EVANS BLVD (__3ZA3BJA),__3ZA3BJA,01 - Non intersection,03 - P.D. only,05 - Turning movement,03 - Snow,01 - Daylight,03 - Loose snow,10 - No control,,2,0,0,0,,0,,,,,369824.4416,5027185.921,45.38159632,-75.66969422,10300
18--600,1/10/2018,4:05 PM,AVRO CIR btwn LYSANDER PL & VOIE DU CHENE WAY (e___2I6I),e___2I6I,01 - Non intersection,03 - P.D. only,99 - Other,05 - Drifting Snow,01 - Daylight,05 - Packed snow,10 - No control,,2,0,0,0,,0,,,,,372450.3,5034708.629,45.44903356,-75.63513539,10301
18--6000,6/4/2018,8:41 PM,BRIDGESTONE DR/STEEPLE CHASE DR @ STONEHAVEN D (0002781),2781,02 - Intersection related,02 - Non-fatal injury,03 - Rear end,01 - Clear,05 - Dusk,01 - Dry,11 - Roundabout,01 - Functioning,2,0,0,0,01 - Minimal,1,1,,,,355105.4495,5016984.369,45.29101305,-75.85866646,10302
18--6001,6/4/2018,8:43 AM,LIVERPOOL CRT @ NEWMARKET ST (0007617),7617,02 - Intersection related,03 - P.D. only,99 - Other,02 - Rain,01 - Daylight,02 - Wet,02 - Stop sign,01 - Functioning,2,0,0,0,,0,,,,,373498.7321,5030383.553,45.41001647,-75.62233681,10303
18--6002,6/4/2018,9:22 AM,WEST HUNT CLUB RD @ 545 E OF ROYDON PL/SUNDERLAND ST (0010375),10375,03 - At intersection,03 - P.D. only,03 - Rear end,02 - Rain,01 - Daylight,02 - Wet,01 - Traffic signal,01 - Functioning,2,0,0,0,,0,,,,,366352.7945,5022407.312,45.33891294,-75.71461496,10304
18--6003,6/4/2018,9:28 PM,HIGHWAY 417 btwn HWY417 IC112 RAMP54 & HWY417 IC112 RAMP65 (__3ZAZE8),__3ZAZE8,01 - Non intersection,03 - P.D. only,03 - Rear end,01 - Clear,07 - Dark,01 - Dry,10 - No control,,2,0,0,0,,0,,,,,374228.2424,5031072.397,45.41614235,-75.61292101,10305