Anom_ID,Accident_Date,Accident_Time,Location,Geo_ID,Accident_Location,Classification_of_Accident,Initial_Impact_Type,Environment_Condition,Light,Road_Surface_Condition,Traffic_Control,Traffic_Control_Condition,No__of_Vehicles,No__of_Bicycles,No__of_Motorcycles,No__of_Pedestrians,Max_Injury,No__of_Injuries,No__of_Minimal,No__of_Minor,No__of_Major,No__of_Fatal,X,Y,Latitude,Longitude,ObjectId
18--6004,6/4/2018,9:42 AM,GREENFIELD AVE @ HWY 417 NICHOLAS IC118R43 (0002658),2658,03 - At intersection,02 - Non-fatal injury,05 - Turning movement,02 - Rain,01 - Daylight,02 - Wet,01 - Traffic signal,01 - Functioning,2,0,0,0,02 - Minor,1,,1,,,369099.7179,5031195.228,45.41773762,-75.67842467,10306
18--6005,6/4/2018,9:46 AM,MADELEINE MEILLEUR PRIV @ VANIER PKWY (0013514),13514,03 - At intersection,03 - P.D. only,02 - Angle,02 - Rain,01 - Daylight,02 - Wet,01 - Traffic signal,01 - Functioning,2,1,0,0,,0,,,,,369654.8152,5033359.306,45.43715791,-75.67104781,10307
18--6006,6/5/2018,11:00 AM,TENTH LINE RD btwn OR174 IC101 RAMP61 & OR174 IC101 RAMP26 (__3ZA1PT),__3ZA1PT,01 - Non intersection,03 - P.D. only,07 - SMV other,02 - Rain,01 - Daylight,02 - Wet,10 - No control,,1,0,0,0,,0,,,,,382707.3311,5039053.047,45.48705279,-75.50333596,10308
18--6007,6/5/2018,11:20 AM,GREENBANK RD @ CANFIELD RD/CRAIG HENRY DR (0000154),154,03 - At intersection,02 - Non-fatal injury,02 - Angle,02 - Rain,01 - Daylight,02 - Wet,01 - Traffic signal,01 - Functioning,2,0,0,0,02 - Minor,1,,1,,,361106.33,5021364.648,45.32997174,-75.7816705,10309
18--6008,6/5/2018,11:40 AM,SUSSEX DR btwn YORK ST & GEORGE ST (__3ZA1WN),__3ZA1WN,01 - Non intersection,03 - P.D. only,06 - SMV unattended vehicle,02 - Rain,01 - Daylight,02 - Wet,10 - No control,,1,0,0,0,,0,,,,,367813.1199,5032223.267,45.42710463,-75.69473075,10310
18--6286,6/12/2018,4:53 PM,FALLOWFIELD RD @ WOODROFFE AVE (0010372),10372,02 - Intersection related,03 - P.D. only,03 - Rear end,01 - Clear,01 - Daylight,01 - Dry,01 - Traffic signal,01 - Functioning,2,0,0,0,,0,,,,,365085.2978,5017903.163,45.29849507,-75.73133435,10311
18--6287,6/12/2018,4:55 PM,HUNTMAR DR @ PALLADIUM DR S (0011818),11818,03 - At intersection,03 - P.D. only,05 - Turning movement,01 - Clear,01 - Daylight,01 - Dry,01 - Traffic signal,01 - Functioning,2,0,0,0,,0,,,,,349675.6317,5017365.262,45.29480816,-75.92785192,10312
18--6552,6/19/2018,3:18 PM,CARLING AVE btwn HERZBERG RD & BAYFIELD AVE (__3ZA42G),__3ZA42G,01 - Non intersection,03 - P.D. only,03 - Rear end,01 - Clear,01 - Daylight,01 - Dry,10 - No control,,2,0,0,0,,0,,,,,352138.5702,5022316.594,45.33919974,-75.89597888,10313
18--6288,6/12/2018,5:04 PM,KENT ST @ WELLINGTON ST (0002040),2040,03 - At intersection,03 - P.D. only,04 - Sideswipe,01 - Clear,01 - Daylight,01 - Dry,01 - Traffic signal,01 - Functioning,2,0,0,0,,0,,,,,367097.7759,5031526.731,45.4209015,-75.7039596,10314
18--6289,6/12/2018,5:15 PM,THUNDER RD btwn BOUNDARY RD & HALL RD (__3ZA6VK),__3ZA6VK,01 - Non intersection,03 - P.D. only,03 - Rear end,01 - Clear,01 - Daylight,01 - Dry,10 - No control,,2,0,0,0,,0,,,,,387562.2364,5023349.644,45.34521,-75.44387499,10315
18--6553,6/19/2018,3:25 PM,HAWTHORNE RD @ STEVENAGE DR (0008802),8802,03 - At intersection,02 - Non-fatal injury,02 - Angle,01 - Clear,01 - Daylight,01 - Dry,01 - Traffic signal,01 - Functioning,2,0,0,0,02 - Minor,1,,1,,,375136.74,5027313.537,45.38223133,-75.60185065,10316
18--629,1/10/2018,9:03 AM,HIGHWAY 417 btwn REGIONAL ROAD 174 & HWY417 IC113 RAMP62 (__3ZA280),__3ZA280,01 - Non intersection,03 - P.D. only,03 - Rear end,01 - Clear,01 - Daylight,02 - Wet,10 - No control,,2,0,0,0,,0,,,,,373284.8477,5031731.725,45.42216764,-75.62488162,10317
18--6554,6/19/2018,3:35 PM,BANK ST btwn ARENA PL & WHITE ALDER AVE (__3ZA29N),__3ZA29N,01 - Non intersection,03 - P.D. only,03 - Rear end,01 - Clear,01 - Daylight,01 - Dry,10 - No control,,4,0,0,0,,0,,,,,375471.9088,5021349.088,45.32853219,-75.59842395,10318
18--6290,6/12/2018,5:19 PM,HIGHWAY 417 btwn HWY417 IC118 RAMP35 & HWY417 IC117 RAMP51 (__3ZA2YP),__3ZA2YP,01 - Non intersection,03 - P.D. only,03 - Rear end,01 - Clear,01 - Daylight,01 - Dry,10 - No control,,3,0,0,0,,0,,,,,370188.1242,5031100.812,45.41678723,-75.66453181,10319
18--6555,6/19/2018,4:00 PM,OTTAWA RIVER PKWY @ PORTAGE BRIDGE (0009072),9072,02 - Intersection related,03 - P.D. only,04 - Sideswipe,01 - Clear,01 - Daylight,01 - Dry,01 - Traffic signal,01 - Functioning,2,0,0,0,,0,,,,,366516.2081,5031314.634,45.41904466,-75.71141673,10320
18--6291,6/12/2018,5:20 PM,HIGHWAY 417 btwn HWY417 IC118 RAMP67 & HWY417 IC117 RAMP36 (__3ZA2YO),__3ZA2YO,01 - Non intersection,03 - P.D. only,04 - Sideswipe,01 - Clear,01 - Daylight,01 - Dry,10 - No control,,2,0,0,0,,0,,,,,370388.7422,5031142.447,45.41714307,-75.66196323,10321
18--6556,6/19/2018,4:36 PM,PRESTON ST @ SOMERSET ST (0002215),2215,02 - Intersection related,03 - P.D. only,04 - Sideswipe,01 - Clear,01 - Daylight,01 - Dry,01 - Traffic signal,01 - Functioning,2,0,0,0,,0,,,,,366307.6428,5030127.646,45.40838283,-75.71422957,10322
18--6292,6/12/2018,6:00 PM,RIOCAN AVE @ STRANDHERD DR (0010997),10997,03 - At intersection,03 - P.D. only,05 - Turning movement,01 - Clear,01 - Daylight,01 - Dry,01 - Traffic signal,01 - Functioning,2,0,0,0,,0,,,,,364172.035,5014944.708,45.2719527,-75.74333184,10323
18--6557,6/19/2018,4:41 PM,CYRVILLE RD @ MEADOWBROOK RD (0012477),12477,03 - At intersection,03 - P.D. only,02 - Angle,01 - Clear,01 - Daylight,01 - Dry,01 - Traffic signal,01 - Functioning,2,0,0,0,,0,,,,,374629.7492,5031242.551,45.41763336,-75.6077675,10324
18--6293,6/12/2018,6:25 AM,CARLING AVE btwn DAVIDSON'S SIDE RD & GRANDVIEW RD (__3ZA4Z8),__3ZA4Z8,01 - Non intersection,03 - P.D. only,07 - SMV other,01 - Clear,01 - Daylight,01 - Dry,10 - No control,,1,0,0,0,,0,,,,,354335.0228,5023590.21,45.35050826,-75.86782716,10325
18--6294,6/12/2018,6:36 PM,JEANNE D'ARC BLVD @ ORLEANS BLVD S (0004154),4154,03 - At intersection,03 - P.D. only,05 - Turning movement,01 - Clear,01 - Daylight,01 - Dry,01 - Traffic signal,01 - Functioning,2,0,0,0,,0,,,,,380940.4922,5036250.706,45.46203461,-75.52637001,10326
18--6295,6/12/2018,7:02 PM,HAZELDEAN RD @ TERRY FOX DR (0003682),3682,02 - Intersection related,02 - Non-fatal injury,02 - Angle,01 - Clear,01 - Daylight,01 - Dry,01 - Traffic signal,01 - Functioning,2,1,0,0,01 - Minimal,1,1,,,,352207.6386,5017242.473,45.293537,-75.89558324,10327
18--6296,6/12/2018,7:08 PM,BLAIR RD @ OGILVIE RD (0004120),4120,02 - Intersection related,03 - P.D. only,03 - Rear end,01 - Clear,01 - Daylight,01 - Dry,01 - Traffic signal,01 - Functioning,2,0,0,0,,0,,,,,374507.7346,5033198.632,45.43524529,-75.60904948,10328
18--6297,6/12/2018,7:22 AM,MACKENZIE AVE btwn 205 N OF RIDEAU ST & RIDEAU ST (__3ZA8H8A),__3ZA8H8A,01 - Non intersection,03 - P.D. only,03 - Rear end,01 - Clear,01 - Daylight,01 - Dry,10 - No control,,2,0,0,0,,0,,,,,367761.6483,5032181.169,45.42673048,-75.69539384,10329
18--6298,6/12/2018,7:49 AM,MCARTHUR AVE @ NORTH RIVER RD (0009202),9202,03 - At intersection,03 - P.D. only,05 - Turning movement,01 - Clear,01 - Daylight,01 - Dry,01 - Traffic signal,01 - Functioning,2,0,0,0,,0,,,,,369820.5303,5032646.886,45.43073246,-75.66902401,10330
18--6299,6/12/2018,7:50 AM,INNES RD @ STONEHENGE CRES E (0009355),9355,02 - Intersection related,03 - P.D. only,03 - Rear end,01 - Clear,01 - Daylight,01 - Dry,01 - Traffic signal,01 - Functioning,3,0,0,0,,0,,,,,375363.8207,5031313.572,45.41819872,-75.59837907,10331
18--63,1/2/2018,11:15 AM,INNES RD @ 473 E OF PAGE RD/BUILDERS' WAREHOUS (0009781),9781,02 - Intersection related,03 - P.D. only,07 - SMV other,03 - Snow,01 - Daylight,06 - Ice,01 - Traffic signal,01 - Functioning,1,0,0,0,,0,,,,,381301.2784,5034781.45,45.44877601,-75.52198576,10332
18--630,1/10/2018,9:05 AM,INNES RD btwn HWY417 IC112 RAMP55 & HWY417 IC112 RAMP58 (__33H3LG),__33H3LG,01 - Non intersection,03 - P.D. only,03 - Rear end,01 - Clear,01 - Daylight,01 - Dry,10 - No control,,2,0,0,0,,0,,,,,374217.9399,5030706.871,45.41285456,-75.61310411,10333
18--6300,6/12/2018,7:55 PM,ROGER GUINDON AVE btwn SMYTH RD & PETER MORAND CRES (__3ZAZAM),__3ZAZAM,01 - Non intersection,03 - P.D. only,06 - SMV unattended vehicle,01 - Clear,01 - Daylight,01 - Dry,10 - No control,,1,0,0,0,,0,,,,,371936.4729,5029478.812,45.40202761,-75.64241643,10334
18--6301,6/12/2018,7:59 PM,BANK ST btwn RIDEAU RD & TURN LANE (__3ZBPH9),__3ZBPH9,04 - At/near private drive,03 - P.D. only,07 - SMV other,01 - Clear,01 - Daylight,01 - Dry,10 - No control,,1,0,0,0,,0,,,,,377495.5509,5016541.869,45.28507225,-75.57331636,10335
18--6302,6/12/2018,8:13 AM,CROSSKEYS PL/HELENE CAMPBELL RD @ STRANDHERD DR (0015337),15337,02 - Intersection related,03 - P.D. only,04 - Sideswipe,01 - Clear,01 - Daylight,01 - Dry,01 - Traffic signal,01 - Functioning,2,0,0,0,,0,,,,,360982.3112,5014901.733,45.27182808,-75.78398493,10336
18--6303,6/12/2018,8:23 AM,RAMSAYVILLE RD btwn RIDGE RD & RUSSELL RD (__3ZA2B5),__3ZA2B5,01 - Non intersection,03 - P.D. only,07 - SMV other,01 - Clear,01 - Daylight,01 - Dry,10 - No control,,1,0,0,0,,0,,,,,377735.0821,5026785.927,45.37721849,-75.56875397,10337
18--6304,6/12/2018,8:35 PM,CAHILL DR @ HUNT CLUB RD (0011394),11394,03 - At intersection,03 - P.D. only,05 - Turning movement,01 - Clear,05 - Dusk,01 - Dry,01 - Traffic signal,01 - Functioning,2,0,0,0,,0,,,,,372407.7577,5024542.647,45.3575686,-75.63707295,10338
18--6305,6/12/2018,8:51 PM,SAUMURE RD btwn RUSSLAND RD & INDIAN CREEK RD (__3ZA3K1),__3ZA3K1,01 - Non intersection,03 - P.D. only,07 - SMV other,01 - Clear,05 - Dusk,01 - Dry,10 - No control,,1,0,0,0,,0,,,,,401313.2406,5024895.22,45.35735776,-75.26813527,10339
18--6306,6/12/2018,9:14 PM,DWYER HILL RD btwn PURDY RD & DWYER HILL RD (__3ZA3E3),__3ZA3E3,01 - Non intersection,03 - P.D. only,07 - SMV other,01 - Clear,07 - Dark,01 - Dry,10 - No control,,1,0,0,0,,0,,,,,350552.8018,4996191.653,45.10422204,-75.91861255,10340
18--6307,6/12/2018,9:15 AM,HIGHWAY 417 btwn HWY417 IC129 RAMP25 & TRANSIT (__3ZA2SH),__3ZA2SH,01 - Non intersection,03 - P.D. only,03 - Rear end,01 - Clear,01 - Daylight,01 - Dry,10 - No control,,2,0,0,0,,0,,,,,361098.0069,5024029.446,45.3539502,-75.78147342,10341
18--6308,6/12/2018,9:20 PM,PRESTWICK DR btwn DES PRAIRIES AVE & SUMMERLANDS CRES (2) (__3ZA6RO),__3ZA6RO,04 - At/near private drive,03 - P.D. only,06 - SMV unattended vehicle,01 - Clear,07 - Dark,01 - Dry,10 - No control,,1,0,0,0,,0,,,,,383512.7086,5036445.4,45.46350121,-75.4934522,10342
18--6309,6/12/2018,9:25 AM,CATHERINE ST btwn HWY417 IC120B RAMP36 & KENT ST (__3ZBOE0),__3ZBOE0,04 - At/near private drive,03 - P.D. only,05 - Turning movement,01 - Clear,01 - Daylight,01 - Dry,10 - No control,,2,0,0,0,,0,,,,,367788.2579,5030116.602,45.40815178,-75.69531773,10343
18--631,1/10/2018,9:05 AM,PINECREST RD @ RICHMOND RD (0002353),2353,02 - Intersection related,03 - P.D. only,03 - Rear end,01 - Clear,01 - Daylight,06 - Ice,01 - Traffic signal,01 - Functioning,2,0,0,0,,0,,,,,360072.6708,5024471.513,45.35800948,-75.79450927,10344
18--6310,6/12/2018,9:37 AM,WOODROFFE AVE NB btwn WEST HUNT CLUB RD & SPORTSPLEX N (__3ZA245A),__3ZA245A,01 - Non intersection,03 - P.D. only,03 - Rear end,01 - Clear,01 - Daylight,01 - Dry,10 - No control,,3,0,0,0,,0,,,,,363754.7774,5021086.946,45.32725551,-75.74791879,10345
18--6311,6/12/2018,9:54 AM,LEVIS AVE btwn ALTHA AVE & LACASSE AVE (__3ZA8TY),__3ZA8TY,01 - Non intersection,03 - P.D. only,06 - SMV unattended vehicle,01 - Clear,01 - Daylight,01 - Dry,10 - No control,,1,0,0,0,,0,,,,,370708.2533,5033212.907,45.43574217,-75.65760418,10346
18--6312,6/12/2018,9:56 AM,MER BLEUE RD @ WALL RD (0009861),9861,02 - Intersection related,03 - P.D. only,07 - SMV other,01 - Clear,01 - Daylight,08 - Loose sand or gravel,02 - Stop sign,01 - Functioning,1,0,0,0,,0,,,,,383900.0005,5032642,45.42923784,-75.48911188,10347
18--6313,6/13/2018,1:18 AM,KAKULU RD @ CASTLEFRANK RD (0003540),3540,02 - Intersection related,03 - P.D. only,07 - SMV other,01 - Clear,07 - Dark,01 - Dry,01 - Traffic signal,01 - Functioning,1,0,0,0,,0,,,,,352180.4031,5018499.724,45.3048519,-75.89581032,10348
18--6314,6/13/2018,10:00 AM,FALLOWFIELD RD @ LARKIN DR (0000555),555,02 - Intersection related,03 - P.D. only,03 - Rear end,01 - Clear,01 - Daylight,02 - Wet,01 - Traffic signal,01 - Functioning,2,0,0,0,,0,,,,,361721.465,5015913.216,45.28087003,-75.77444956,10349
18--6315,6/13/2018,10:00 AM,OGILVIE RD @ CITY PARK DR E/CSIS HQ ACCESS (0003696),3696,03 - At intersection,03 - P.D. only,05 - Turning movement,02 - Rain,01 - Daylight,02 - Wet,01 - Traffic signal,01 - Functioning,2,0,0,0,,0,,,,,374188.4774,5033010.821,45.43358722,-75.61315596,10350
18--6316,6/13/2018,10:00 AM,BROPHY DR @ HWY 416 BANKFIEL IC57R34 (0001078),1078,02 - Intersection related,03 - P.D. only,03 - Rear end,01 - Clear,01 - Daylight,01 - Dry,02 - Stop sign,01 - Functioning,2,0,0,0,,0,,,,,364561.3589,5007931.221,45.20881201,-75.73921326,10351
18--6317,6/13/2018,10:19 AM,RIVERSIDE DR @ PLEASANT PARK RD (0007296),7296,02 - Intersection related,03 - P.D. only,03 - Rear end,02 - Rain,01 - Daylight,02 - Wet,01 - Traffic signal,00 - Unknown,2,0,0,0,,0,,,,,369560.9015,5028415.181,45.39268121,-75.67289775,10352
18--6318,6/13/2018,10:26 AM,DONALD ST @ VANIER PKWY (0007644),7644,03 - At intersection,03 - P.D. only,02 - Angle,02 - Rain,01 - Daylight,02 - Wet,01 - Traffic signal,01 - Functioning,2,0,0,0,,0,,,,,370311.2826,5032270.755,45.42730239,-75.6628028,10353
18--6319,6/13/2018,10:47 AM,PATRICIA AVE @ RICHMOND RD (0005608),5608,03 - At intersection,02 - Non-fatal injury,07 - SMV other,01 - Clear,01 - Daylight,01 - Dry,01 - Traffic signal,01 - Functioning,1,0,0,1,02 - Minor,1,,1,,,363953.6858,5028753.556,45.39622195,-75.7444639,10354
18--632,1/10/2018,9:16 PM,CARLING AVE @ CLYDE AVE/COLE AVE (0006984),6984,03 - At intersection,03 - P.D. only,05 - Turning movement,01 - Clear,07 - Dark,02 - Wet,01 - Traffic signal,01 - Functioning,2,0,0,0,,0,,,,,363520.3422,5026851.239,45.37914168,-75.75022461,10355
18--6320,6/13/2018,Unknown,FULLERTON AVE btwn EVE ST & LOLA ST (__3ZA819),__3ZA819,01 - Non intersection,03 - P.D. only,06 - SMV unattended vehicle,02 - Rain,00 - Unknown,02 - Wet,10 - No control,,1,0,0,0,,0,,,,,371070.9775,5032446.991,45.42881652,-75.65307167,10356
18--6321,6/13/2018,Unknown,LAURIER AVE   W btwn LYON ST N & KENT ST (__3ZA3CQ),__3ZA3CQ,01 - Non intersection,03 - P.D. only,06 - SMV unattended vehicle,01 - Clear,00 - Unknown,02 - Wet,10 - No control,,1,0,0,0,,0,,,,,367249.1929,5031125.288,45.41727594,-75.70207587,10357
18--6322,6/13/2018,12:15 PM,HOLLY ACRES RD @ TRANSITWAY - BAYSHORE/278 N O (0009787),9787,02 - Intersection related,03 - P.D. only,07 - SMV other,02 - Rain,01 - Daylight,02 - Wet,01 - Traffic signal,01 - Functioning,1,0,0,0,,0,,,,,358496.6754,5022986.456,45.34476937,-75.8147848,10358
18--6323,6/13/2018,12:28 PM,DUNDAS ST @ MCARTHUR AVE (0009192),9192,03 - At intersection,03 - P.D. only,02 - Angle,01 - Clear,01 - Daylight,01 - Dry,02 - Stop sign,01 - Functioning,2,0,0,0,,0,,,,,369974.7294,5032664.579,45.4308773,-75.66705118,10359
18--6324,6/13/2018,12:50 PM,DALY AVE btwn MACKENZIE AVE & NICHOLAS ST (__3ZA8JX),__3ZA8JX,01 - Non intersection,03 - P.D. only,04 - Sideswipe,01 - Clear,01 - Daylight,01 - Dry,10 - No control,,2,0,0,0,,0,,,,,368221.3233,5032042.56,45.4254418,-75.68953795,10360
18--6325,6/13/2018,2:40 PM,BLAIR RD @ REGIONAL RD 174 S/OR174 IC112 RAMP15 (0012435),12435,02 - Intersection related,03 - P.D. only,07 - SMV other,02 - Rain,01 - Daylight,02 - Wet,01 - Traffic signal,01 - Functioning,1,0,0,0,,0,,,,,374907.8894,5032661.54,45.43037283,-75.60401211,10361
18--6326,6/13/2018,2:50 PM,HIGHWAY 417 btwn HWY417 IC138 RAMP51 & HWY417 IC138 RAMP35 (__3ZA29E),__3ZA29E,01 - Non intersection,03 - P.D. only,04 - Sideswipe,01 - Clear,01 - Daylight,01 - Dry,10 - No control,,2,0,0,0,,0,,,,,352436.278,5019824.615,45.31675626,-75.89242025,10362
18--6327,6/13/2018,2:57 PM,KANATA AVE @ TERRY FOX DR (0012691),12691,02 - Intersection related,02 - Non-fatal injury,03 - Rear end,01 - Clear,01 - Daylight,01 - Dry,01 - Traffic signal,01 - Functioning,2,0,0,0,02 - Minor,2,1,1,,,349305.8709,5019211.569,45.31144531,-75.93240024,10363
18--6328,6/13/2018,3:00 PM,HIGHWAY 417 btwn HWY417 IC138 RAMP61 & HWY417 IC134 RAMP36 (__3ZA20I),__3ZA20I,01 - Non intersection,03 - P.D. only,03 - Rear end,01 - Clear,01 - Daylight,01 - Dry,10 - No control,,2,0,0,0,,0,,,,,355197.0518,5021574.012,45.33230486,-75.85703191,10364
18--6329,6/13/2018,3:00 PM,HIGHWAY 417 btwn HWY417 IC119B RAMP76 & HWY417 IC119A RAMP67 (__3ZA2YT),__3ZA2YT,01 - Non intersection,03 - P.D. only,03 - Rear end,01 - Clear,01 - Daylight,01 - Dry,10 - No control,,2,0,0,0,,0,,,,,368189.2075,5030291.121,45.40968585,-75.69017362,10365
18--633,1/10/2018,9:17 AM,FARMERS WAY @ RUSSELL RD (0004158),4158,03 - At intersection,02 - Non-fatal injury,02 - Angle,01 - Clear,01 - Daylight,02 - Wet,02 - Stop sign,01 - Functioning,2,0,0,0,03 - Major,2,1,,1,,382110.8323,5026270.9,45.3721155,-75.51297246,10366
18--6330,6/13/2018,3:04 PM,MARCH RD btwn HWY417 IC155 RAMP36 & DIAMONDVIEW RD (__3ZA1M1),__3ZA1M1,01 - Non intersection,02 - Non-fatal injury,03 - Rear end,01 - Clear,01 - Daylight,01 - Dry,10 - No control,,2,0,0,0,02 - Minor,1,,1,,,340121.7014,5019852.174,45.31773177,-76.04947955,10367
18--6331,6/13/2018,3:05 PM,CONCORD ST @ GREENFIELD AVE (0011368),11368,02 - Intersection related,02 - Non-fatal injury,03 - Rear end,01 - Clear,01 - Daylight,01 - Dry,02 - Stop sign,01 - Functioning,2,0,0,0,02 - Minor,1,,1,,,369033.767,5031064.429,45.4165668,-75.67928431,10368
18--6332,6/13/2018,3:42 PM,EARL ARMSTRONG RD @ LIMEBANK RD (0004456),4456,02 - Intersection related,03 - P.D. only,99 - Other,01 - Clear,01 - Daylight,01 - Dry,01 - Traffic signal,01 - Functioning,2,0,0,0,,0,,,,,370155.7208,5015960.451,45.28056154,-75.66694663,10369
18--6333,6/13/2018,4:01 PM,MONTREAL RD btwn NORTH RIVER RD & MONTGOMERY ST (__3ZA3XR),__3ZA3XR,01 - Non intersection,03 - P.D. only,04 - Sideswipe,02 - Rain,01 - Daylight,02 - Wet,10 - No control,,2,0,0,0,,0,,,,,369788.7089,5032907.083,45.43307656,-75.66939631,10370
18--6334,6/13/2018,4:27 PM,INNES RD @ JEANNE D'ARC BLVD/MER BLEUE RD (0012475),12475,02 - Intersection related,03 - P.D. only,04 - Sideswipe,01 - Clear,01 - Daylight,01 - Dry,01 - Traffic signal,01 - Functioning,2,0,0,0,,0,,,,,382637.7555,5035567.718,45.45570263,-75.504778,10371
18--6335,6/13/2018,4:30 PM,BRIDGE ST @ DICKINSON ST (0009326),9326,03 - At intersection,03 - P.D. only,02 - Angle,01 - Clear,01 - Daylight,01 - Dry,01 - Traffic signal,01 - Functioning,2,0,0,0,,0,,,,,368855.8668,5010077.487,45.2277468,-75.68427167,10372
18--6336,6/13/2018,5:06 PM,MCARTHUR AVE btwn VANIER PKWY & ENFIELD AVE (__3ZA3WV),__3ZA3WV,04 - At/near private drive,02 - Non-fatal injury,07 - SMV other,01 - Clear,01 - Daylight,01 - Dry,10 - No control,,1,0,0,2,02 - Minor,2,1,1,,,370318.4258,5032703.162,45.43119234,-75.66265399,10373
18--6337,6/13/2018,5:55 PM,PRINCE OF WALES DR btwn TURN LANE & RIDEAU SHORE CRT (__3ZA2Y3),__3ZA2Y3,01 - Non intersection,03 - P.D. only,04 - Sideswipe,01 - Clear,01 - Daylight,01 - Dry,10 - No control,,2,0,0,0,,0,,,,,367171.6471,5023809.611,45.35145824,-75.70399097,10374
18--6338,6/13/2018,5:56 AM,ELGIN ST @ WELLINGTON ST W (0002113),2113,03 - At intersection,03 - P.D. only,07 - SMV other,01 - Clear,01 - Daylight,01 - Dry,01 - Traffic signal,01 - Functioning,1,0,0,0,,0,,,,,367664.7038,5031877.577,45.42400758,-75.69667135,10375
18--6339,6/13/2018,6:00 PM,TERRY FOX DR btwn MAPLE GROVE RD & WALTER BAKER PL (__3ZBOBD),__3ZBOBD,01 - Non intersection,03 - P.D. only,03 - Rear end,02 - Rain,01 - Daylight,02 - Wet,10 - No control,,2,0,0,0,,0,,,,,351641.6788,5017765.944,45.29828529,-75.90274902,10376
18--634,1/10/2018,9:29 AM,MCKITRICK DR btwn MELANIE CRES N & SUMNER ST (__3ZABZC),__3ZABZC,01 - Non intersection,03 - P.D. only,06 - SMV unattended vehicle,01 - Clear,01 - Daylight,02 - Wet,10 - No control,,1,0,0,0,,0,,,,,352999.6276,5017120.255,45.29238338,-75.88549835,10377
18--6340,6/13/2018,6:50 AM,CONROY RD @ HUNT CLUB RD (0002257),2257,02 - Intersection related,03 - P.D. only,04 - Sideswipe,01 - Clear,01 - Daylight,01 - Dry,01 - Traffic signal,01 - Functioning,2,0,0,0,,0,,,,,373763.6998,5025404.519,45.36519132,-75.61964784,10378
18--6341,6/13/2018,6:53 PM,PARKDALE AVE @ RUSKIN ST (0006697),6697,03 - At intersection,02 - Non-fatal injury,07 - SMV other,02 - Rain,01 - Daylight,02 - Wet,01 - Traffic signal,01 - Functioning,1,0,0,1,01 - Minimal,1,1,,,,365507.7023,5028451.557,45.39337162,-75.72465431,10379
18--6342,6/13/2018,7:00 AM,INNES RD @ WILDFLOWER DR (0012871),12871,02 - Intersection related,03 - P.D. only,03 - Rear end,01 - Clear,01 - Daylight,01 - Dry,01 - Traffic signal,01 - Functioning,2,0,0,0,,0,,,,,382936.7411,5035690.673,45.4567755,-75.50093626,10380
18--6343,6/13/2018,7:16 PM,BANK ST @ THIRD AVE (0007230),7230,03 - At intersection,02 - Non-fatal injury,05 - Turning movement,01 - Clear,01 - Daylight,01 - Dry,01 - Traffic signal,01 - Functioning,2,1,0,0,02 - Minor,1,,1,,,368336.6445,5029551.892,45.40302113,-75.6883855,10381
18--6344,6/13/2018,7:26 AM,BALSAM ST @ ROCHESTER ST (0006571),6571,03 - At intersection,02 - Non-fatal injury,02 - Angle,01 - Clear,01 - Daylight,01 - Dry,02 - Stop sign,01 - Functioning,2,1,0,0,01 - Minimal,1,1,,,,366632.5993,5029861.612,45.4059605,-75.71011195,10382
18--6345,6/13/2018,7:26 AM,GREENVIEW AVE btwn DON ST & CARLING AVE (__3ZABWO),__3ZABWO,01 - Non intersection,03 - P.D. only,06 - SMV unattended vehicle,01 - Clear,01 - Daylight,01 - Dry,10 - No control,,1,0,0,0,,0,,,,,359858.1471,5024976.008,45.36256579,-75.797191,10383
18--6346,6/13/2018,7:44 AM,HIGHWAY 417 btwn HWY417 IC155 RAMP25 & RAMP (__3ZAZN1),__3ZAZN1,01 - Non intersection,03 - P.D. only,07 - SMV other,01 - Clear,01 - Daylight,01 - Dry,10 - No control,,1,0,0,0,,0,,,,,341199.025,5018540.409,45.30587291,-76.03583534,10384
18--6347,6/13/2018,8:13 AM,ST. JOSEPH BLVD @ TENTH LINE RD (0009163),9163,03 - At intersection,03 - P.D. only,03 - Rear end,01 - Clear,01 - Daylight,01 - Dry,01 - Traffic signal,02 - Not functioning,2,0,0,0,,0,,,,,382890.6899,5038666.575,45.48355517,-75.50105208,10385
18--6348,6/13/2018,8:30 AM,HIGHWAY 417 btwn HWY417 IC126 RAMP25 & HWY417 IC124 RAMP57 (__3ZA2R5),__3ZA2R5,01 - Non intersection,03 - P.D. only,03 - Rear end,01 - Clear,01 - Daylight,01 - Dry,10 - No control,,2,0,0,0,,0,,,,,363813.0945,5026693.085,45.37769403,-75.7465058,10386
18--6349,6/13/2018,9:19 PM,CEDARVIEW RD btwn BRUIN RD & HWY416 IC72 RAMP62 (__3ZAZO7),__3ZAZO7,01 - Non intersection,03 - P.D. only,03 - Rear end,01 - Clear,07 - Dark,01 - Dry,10 - No control,,2,0,0,0,,0,,,,,359284.5485,5020735.682,45.32445607,-75.80497939,10387
18--635,1/11/2018,1:28 AM,RUSSELL RD btwn CUBA AVE & SMYTH RD (__3ZA78S),__3ZA78S,01 - Non intersection,03 - P.D. only,07 - SMV other,04 - Freezing Rain,07 - Dark,06 - Ice,10 - No control,,1,0,0,0,,0,,,,,373222.8274,5029434.071,45.4015005,-75.62599299,10388
18--6350,6/13/2018,9:30 AM,ALBION RD @ MITCH OWENS RD (0004212),4212,02 - Intersection related,03 - P.D. only,02 - Angle,02 - Rain,01 - Daylight,02 - Wet,01 - Traffic signal,01 - Functioning,2,0,0,0,,0,,,,,375906.8342,5014804.533,45.26960281,-75.59381475,10389