Anom_ID,Accident_Date,Accident_Time,Location,Geo_ID,Accident_Location,Classification_of_Accident,Initial_Impact_Type,Environment_Condition,Light,Road_Surface_Condition,Traffic_Control,Traffic_Control_Condition,No__of_Vehicles,No__of_Bicycles,No__of_Motorcycles,No__of_Pedestrians,Max_Injury,No__of_Injuries,No__of_Minimal,No__of_Minor,No__of_Major,No__of_Fatal,X,Y,Latitude,Longitude,ObjectId
18--6351,6/13/2018,9:37 AM,HWY417 IC119A RAMP75 btwn METCALFE ST & HIGHWAY 417 (__3ZAY9U),__3ZAY9U,01 - Non intersection,03 - P.D. only,04 - Sideswipe,02 - Rain,01 - Daylight,02 - Wet,10 - No control,,2,0,0,0,,0,,,,,368499.7743,5030441.212,45.41100812,-75.68618699,10390
18--6352,6/14/2018,1:00 PM,COLONEL BY DR btwn HAWTHORNE AVE & MAIN ST (__3ZA218),__3ZA218,04 - At/near private drive,03 - P.D. only,02 - Angle,01 - Clear,01 - Daylight,01 - Dry,10 - No control,,2,0,0,0,,0,,,,,368758.276,5030564.779,45.41209636,-75.68286874,10391
18--6353,6/14/2018,1:41 AM,PARKDALE AVE @ WELLINGTON ST (0002260),2260,03 - At intersection,03 - P.D. only,05 - Turning movement,01 - Clear,07 - Dark,01 - Dry,01 - Traffic signal,01 - Functioning,2,0,0,0,,0,,,,,365149.7629,5029270.509,45.40077131,-75.72912522,10392
18--6354,6/14/2018,10:17 PM,RICHMOND RD btwn HWY417 IC130 RAMP36 & TO BE DETERMINED (__3ZA4LR),__3ZA4LR,01 - Non intersection,03 - P.D. only,07 - SMV other,02 - Rain,07 - Dark,02 - Wet,10 - No control,,1,0,0,0,,0,,,,,359315.1472,5023286.247,45.34740376,-75.80430813,10393
18--6355,6/14/2018,10:23 AM,INNES RD btwn INDUSTRIAL AVE & BANTREE ST (__3ZA2XQ),__3ZA2XQ,01 - Non intersection,02 - Non-fatal injury,07 - SMV other,01 - Clear,01 - Daylight,01 - Dry,10 - No control,,1,0,0,0,02 - Minor,1,,1,,,373273.0444,5030108.852,45.40756696,-75.62525791,10394
18--6356,6/14/2018,10:45 AM,ANDERSON ST btwn PRESTON ST & ROCHESTER ST (__3ZBOM1),__3ZBOM1,01 - Non intersection,03 - P.D. only,06 - SMV unattended vehicle,01 - Clear,01 - Daylight,01 - Dry,10 - No control,,1,0,0,0,,0,,,,,366382.6304,5030015.739,45.40736933,-75.71328566,10395
18--6357,6/14/2018,Unknown,BOLTON ST btwn DALHOUSIE ST & CUMBERLAND ST (__3ZA7D9),__3ZA7D9,01 - Non intersection,03 - P.D. only,06 - SMV unattended vehicle,01 - Clear,00 - Unknown,01 - Dry,10 - No control,,1,0,0,0,,0,,,,,367758.142,5033012.981,45.43421516,-75.69533229,10396
18--6358,6/14/2018,Unknown,HOLMWOOD AVE btwn TORRINGTON PL & CRAIG ST (__3ZA9LO),__3ZA9LO,01 - Non intersection,03 - P.D. only,06 - SMV unattended vehicle,02 - Rain,00 - Unknown,02 - Wet,10 - No control,,1,0,0,0,,0,,,,,368045.3754,5028936.959,45.39751453,-75.69218464,10397
18--6359,6/14/2018,12:09 PM,BROOKFIELD RAMP 52A btwn AIRPORT PKWY & TO BE DETERMINED (__3ZAY0J),__3ZAY0J,01 - Non intersection,03 - P.D. only,07 - SMV other,01 - Clear,01 - Daylight,01 - Dry,10 - No control,,1,0,0,0,,0,,,,,368891.1591,5026402.73,45.3746354,-75.68171185,10398
18--636,1/11/2018,1:44 AM,LEITRIM RD btwn RAMSAYVILLE RD & ANDERSON RD (__3ZA2BA),__3ZA2BA,01 - Non intersection,03 - P.D. only,03 - Rear end,02 - Rain,07 - Dark,02 - Wet,10 - No control,,2,0,0,0,,0,,,,,379967.8567,5024606.097,45.35736976,-75.54058117,10399
18--6360,6/14/2018,12:20 AM,COVENTRY RD btwn BELFAST RD & ST. LAURENT SC WEST (__3ZA2CAA),__3ZA2CAA,01 - Non intersection,03 - P.D. only,07 - SMV other,01 - Clear,07 - Dark,01 - Dry,10 - No control,,1,0,0,0,,0,,,,,371875.0864,5031680.838,45.42184637,-75.64290082,10400
18--6361,6/14/2018,12:26 AM,DATA CENTRE RD btwn HERON RD & RIVERSIDE DR (__5FDU4W),__5FDU4W,04 - At/near private drive,03 - P.D. only,02 - Angle,01 - Clear,07 - Dark,01 - Dry,10 - No control,,2,0,0,0,,0,,,,,369017.029,5027427.141,45.38384122,-75.67997173,10401
18--6362,6/14/2018,12:29 PM,ST. LAURENT BLVD @ MCARTHUR AVE (0008246),8246,03 - At intersection,02 - Non-fatal injury,07 - SMV other,01 - Clear,01 - Daylight,01 - Dry,01 - Traffic signal,01 - Functioning,1,0,0,3,03 - Major,3,,2,1,,371921.7191,5032887.575,45.43269956,-75.64214055,10402
18--6363,6/14/2018,3:10 PM,CENTURY RD @ PRINCE OF WALES DR (0011830),11830,02 - Intersection related,03 - P.D. only,03 - Rear end,02 - Rain,01 - Daylight,02 - Wet,02 - Stop sign,00 - Unknown,2,0,0,0,,0,,,,,365690.8254,5006092.011,45.19216596,-75.72506069,10403
18--6364,6/14/2018,3:18 PM,KING EDWARD AVE NB btwn CLARENCE ST & YORK ST (__3ZA3WR),__3ZA3WR,01 - Non intersection,03 - P.D. only,03 - Rear end,01 - Clear,01 - Daylight,01 - Dry,10 - No control,,3,0,0,0,,0,,,,,368357.7386,5032686.383,45.4312223,-75.68771178,10404
18--6365,6/14/2018,3:30 PM,HALIFAX DR @ WALKLEY RD (0008803),8803,02 - Intersection related,03 - P.D. only,04 - Sideswipe,01 - Clear,01 - Daylight,01 - Dry,01 - Traffic signal,01 - Functioning,3,0,0,0,,0,,,,,373643.5744,5027899.662,45.38765335,-75.62083327,10405
18--6366,6/14/2018,3:30 PM,CABOT ST btwn PARKHILL CIRC & CHALMERS RD (__3ZA83C),__3ZA83C,04 - At/near private drive,03 - P.D. only,06 - SMV unattended vehicle,01 - Clear,01 - Daylight,01 - Dry,10 - No control,,1,0,0,0,,0,,,,,369711.7198,5028265.823,45.39132337,-75.6709914,10406
18--6367,6/14/2018,3:52 PM,PRINCE OF WALES DR btwn NORMANDY CRES & FALAISE RD (1) (__3ZA36P),__3ZA36P,01 - Non intersection,03 - P.D. only,03 - Rear end,02 - Rain,01 - Daylight,02 - Wet,10 - No control,,3,0,0,0,,0,,,,,367461.7847,5024895.921,45.36120676,-75.70015079,10407
18--6368,6/14/2018,4:00 PM,ANDERSON RD @ HWY 417 ANDERSON IC104R51 (0004150),4150,02 - Intersection related,03 - P.D. only,02 - Angle,01 - Clear,01 - Daylight,01 - Dry,02 - Stop sign,00 - Unknown,2,0,0,0,,0,,,,,380169.5996,5025656.514,45.3667991,-75.53784635,10408
18--6369,6/14/2018,4:15 PM,LEES AVE @ KING EDWARD AVE/MANN AVE (0011413),11413,02 - Intersection related,03 - P.D. only,02 - Angle,01 - Clear,01 - Daylight,01 - Dry,01 - Traffic signal,01 - Functioning,3,0,0,0,,0,,,,,369178.5664,5031334.739,45.41898564,-75.67739908,10409
18--664,1/11/2018,8:11 AM,FAIRBANKS AVE @ PLEASANT PARK RD (0007515),7515,02 - Intersection related,03 - P.D. only,03 - Rear end,02 - Rain,01 - Daylight,02 - Wet,02 - Stop sign,01 - Functioning,2,0,0,0,,0,,,,,370858.7248,5028520.554,45.39350809,-75.65631011,10410
18--6558,6/19/2018,4:44 PM,INNES RD btwn BEARBROOK RD & 173 W OF ORIENT PARK DR (__3ZA2AZA),__3ZA2AZA,04 - At/near private drive,02 - Non-fatal injury,05 - Turning movement,01 - Clear,01 - Daylight,01 - Dry,10 - No control,,2,1,0,0,02 - Minor,1,,1,,,378006.648,5032849.767,45.43174888,-75.5643868,10411
18--11395,10/29/2018,5:39 PM,PRINCE OF WALES DR @ MEADOWLANDS DR/HOG'S BACK (0001629),1629,02 - Intersection related,03 - P.D. only,03 - Rear end,02 - Rain,05 - Dusk,02 - Wet,01 - Traffic signal,01 - Functioning,5,0,0,0,,0,,,,,367371.9183,5025693.477,45.36839102,-75.70119679,1762
18--6559,6/19/2018,4:50 PM,GEORGE ST @ SUSSEX DR (0002109),2109,03 - At intersection,03 - P.D. only,02 - Angle,01 - Clear,01 - Daylight,01 - Dry,01 - Traffic signal,01 - Functioning,2,0,0,0,,0,,,,,367869.232,5032130.704,45.42626672,-75.69402559,10413
18--6641,6/21/2018,4:26 PM,FRANKTOWN RD btwn CONLEY RD & JOY'S RD (__3ZA42P),__3ZA42P,01 - Non intersection,03 - P.D. only,07 - SMV other,01 - Clear,01 - Daylight,01 - Dry,10 - No control,,1,0,0,0,,0,,,,,354778.2444,5004440.914,45.17816664,-75.86409776,10414
18--656,1/11/2018,7:13 AM,DELIA CRES S @ PRINCESS LOUISE DR (0004845),4845,03 - At intersection,03 - P.D. only,02 - Angle,02 - Rain,03 - Dawn,06 - Ice,02 - Stop sign,01 - Functioning,2,0,0,0,,0,,,,,383490.7063,5038090.88,45.47830823,-75.49347001,10415
18--6642,6/21/2018,4:34 PM,PLEASANT PARK RD @ ST. LAURENT BLVD (0008363),8363,03 - At intersection,02 - Non-fatal injury,02 - Angle,01 - Clear,01 - Daylight,01 - Dry,01 - Traffic signal,01 - Functioning,2,1,0,0,01 - Minimal,1,1,,,,373597.7274,5028795.55,45.39571865,-75.62129378,10416
18--6643,6/21/2018,4:51 PM,ST. JOSEPH BLVD btwn GREY NUNS DR & BOYER RD (__3ZA2BW),__3ZA2BW,01 - Non intersection,03 - P.D. only,03 - Rear end,01 - Clear,01 - Daylight,01 - Dry,10 - No control,,2,0,0,0,,0,,,,,380283.8896,5036752.252,45.46661838,-75.53468795,10417
18--6644,6/21/2018,4:55 AM,MARCH RD btwn DUNROBIN RD & MURPHY CRT (__3ZA3DI),__3ZA3DI,01 - Non intersection,03 - P.D. only,07 - SMV other,01 - Clear,03 - Dawn,01 - Dry,10 - No control,,1,0,0,0,,0,,,,,347687.6129,5025783.034,45.37067786,-75.95246785,10418
18--6645,6/21/2018,5:12 PM,ANDERSON RD @ RIDGE RD (0003631),3631,03 - At intersection,03 - P.D. only,02 - Angle,01 - Clear,01 - Daylight,01 - Dry,02 - Stop sign,01 - Functioning,2,0,0,0,,0,,,,,379029.7582,5028508.532,45.39258147,-75.55196656,10419
18--6646,6/21/2018,5:15 AM,HIGHWAY 417 btwn HWY417 IC142 RAMP35 & HWY417 IC142 RAMP25 (__3ZA1ZO),__3ZA1ZO,01 - Non intersection,03 - P.D. only,07 - SMV other,01 - Clear,03 - Dawn,01 - Dry,10 - No control,,1,0,0,0,,0,,,,,349380.2629,5017611.218,45.29704015,-75.93159547,10420
18--6647,6/21/2018,5:16 PM,CARLING AVE @ CARLINGWOOD SC (0008881),8881,03 - At intersection,03 - P.D. only,05 - Turning movement,01 - Clear,01 - Daylight,01 - Dry,01 - Traffic signal,01 - Functioning,2,0,0,0,,0,,,,,362072.8821,5025919.132,45.37087449,-75.76881318,10421
18--6648,6/21/2018,5:27 PM,HARWICK CRES btwn CEDARBANK AVE & CEDARBANK AVE (__3ZABOW),__3ZABOW,04 - At/near private drive,03 - P.D. only,06 - SMV unattended vehicle,01 - Clear,01 - Daylight,01 - Dry,10 - No control,,1,0,0,0,,0,,,,,357685.0546,5020218.509,45.31992484,-75.82543679,10422
18--6649,6/21/2018,5:34 PM,BASELINE RD btwn MORLEY BLVD & PRINCE OF WALES DR (__3ZA4JU),__3ZA4JU,01 - Non intersection,03 - P.D. only,04 - Sideswipe,01 - Clear,01 - Daylight,01 - Dry,10 - No control,,2,0,0,0,,0,,,,,366784.1578,5026411.683,45.3749055,-75.70860938,10423
18--665,1/11/2018,8:27 PM,SOMERSET ST    W btwn BOOTH ST & UPPER LORNE PL (__3ZA328),__3ZA328,01 - Non intersection,03 - P.D. only,04 - Sideswipe,01 - Clear,07 - Dark,02 - Wet,10 - No control,,2,0,0,0,,0,,,,,366638.9856,5030293.635,45.40984716,-75.70997619,10424
18--6650,6/21/2018,6:00 PM,HIGHWAY 417 btwn HWY417 IC121B RAMP51 & HWY417 IC121A RAMP51 (__3ZA2YW),__3ZA2YW,01 - Non intersection,02 - Non-fatal injury,03 - Rear end,01 - Clear,01 - Daylight,01 - Dry,10 - No control,,3,0,0,0,02 - Minor,1,,1,,,367024.4253,5029649.054,45.40401324,-75.70513383,10425
18--6651,6/21/2018,6:20 PM,CARLING AVE @ OTTAWA RIVER PKWY WB (0002142),2142,02 - Intersection related,03 - P.D. only,03 - Rear end,01 - Clear,01 - Daylight,01 - Dry,03 - Yield sign,01 - Functioning,2,0,0,0,,0,,,,,360856.6499,5025170.54,45.36423705,-75.78442419,10426
18--6652,6/21/2018,6:40 AM,HIGHWAY 417 btwn HWY417 IC115 RAMP61 & REGIONAL ROAD 174 (__3ZA2XG),__3ZA2XG,01 - Non intersection,03 - P.D. only,07 - SMV other,01 - Clear,01 - Daylight,01 - Dry,10 - No control,,1,0,0,0,,0,,,,,373024.7736,5031627.601,45.42125619,-75.62821895,10427
18--6653,6/21/2018,6:45 AM,HIGHWAY 417 btwn HWY417 IC122 RAMP61 & HWY417 IC121B RAMP16 (__3ZA2Y4),__3ZA2Y4,01 - Non intersection,03 - P.D. only,03 - Rear end,01 - Clear,01 - Daylight,01 - Dry,10 - No control,,2,0,0,0,,0,,,,,366221.5393,5029409.372,45.40192755,-75.71541892,10428
18--6654,6/21/2018,6:50 AM,HIGHWAY 417 btwn HWY417 IC122 RAMP61 & HWY417 IC121B RAMP16 (__3ZA2Y4),__3ZA2Y4,01 - Non intersection,02 - Non-fatal injury,07 - SMV other,01 - Clear,01 - Daylight,01 - Dry,10 - No control,,1,0,0,0,02 - Minor,1,,1,,,366481.0009,5029502.929,45.40274654,-75.71209325,10429
18--6655,6/21/2018,7:15 AM,FISHER AVE @ VIEWMOUNT DR (0005076),5076,03 - At intersection,03 - P.D. only,02 - Angle,01 - Clear,01 - Daylight,01 - Dry,01 - Traffic signal,01 - Functioning,2,0,0,0,,0,,,,,366918.7095,5024209.507,45.35507888,-75.70716849,10430
18--6656,6/21/2018,7:15 AM,HIGHWAY 417 btwn HWY417 IC123 RAMP62 & HWY417 IC122 RAMP16 (__3ZA2R9),__3ZA2R9,01 - Non intersection,03 - P.D. only,03 - Rear end,01 - Clear,01 - Daylight,01 - Dry,10 - No control,,2,0,0,0,,0,,,,,364894.3867,5028286.478,45.39193917,-75.73250684,10431
18--6657,6/21/2018,7:16 AM,RAILMARKET PRIV @ TERMINAL AVE (0013522),13522,02 - Intersection related,03 - P.D. only,03 - Rear end,01 - Clear,01 - Daylight,01 - Dry,02 - Stop sign,00 - Unknown,2,0,0,0,,0,,,,,371419.5819,5030901.185,45.41487491,-75.64882611,10432
18--6658,6/21/2018,7:21 PM,HEMLOCK RD @ ST. LAURENT BLVD (0007183),7183,03 - At intersection,02 - Non-fatal injury,05 - Turning movement,01 - Clear,01 - Daylight,01 - Dry,01 - Traffic signal,01 - Functioning,2,1,0,0,02 - Minor,1,,1,,,371145.687,5034781.674,45.44981585,-75.6518023,10433
18--6659,6/21/2018,7:42 AM,RICHMOND RD btwn ARNOLD DR/BLACK FOREST LANE & LONGWOOD AVE (__3ZABNZ),__3ZABNZ,01 - Non intersection,03 - P.D. only,06 - SMV unattended vehicle,01 - Clear,01 - Daylight,01 - Dry,10 - No control,,1,0,0,0,,0,,,,,357525.6473,5019892.33,45.31700183,-75.82750465,10434
18--666,1/11/2018,8:52 AM,MEADOWLANDS DR @ MERIVALE RD (0000625),625,02 - Intersection related,03 - P.D. only,03 - Rear end,02 - Rain,01 - Daylight,02 - Wet,01 - Traffic signal,01 - Functioning,2,0,0,0,,0,,,,,364858.6999,5023725.51,45.35090341,-75.73351712,10435
18--6660,6/21/2018,7:43 AM,HIGHWAY 417 btwn HWY417 IC169 RAMP35 & HWY417 IC169 RAMP25 (__5SO7MP),__5SO7MP,01 - Non intersection,03 - P.D. only,07 - SMV other,01 - Clear,01 - Daylight,01 - Dry,10 - No control,,1,0,0,0,,0,,,,,325639.0783,5024703.114,45.36196264,-76.23399518,10436
18--6661,6/21/2018,7:45 AM,MITCH OWENS RD btwn TEENA COLLEEN PRIV & ALBION RD (__3ZA3TR),__3ZA3TR,01 - Non intersection,03 - P.D. only,03 - Rear end,01 - Clear,01 - Daylight,01 - Dry,10 - No control,,2,0,0,0,,0,,,,,375903.0318,5014802.014,45.26958053,-75.59386356,10437
18--6662,6/21/2018,7:47 PM,CEDARVIEW RD @ WEST HUNT CLUB RD (0010267),10267,03 - At intersection,03 - P.D. only,05 - Turning movement,01 - Clear,01 - Daylight,01 - Dry,01 - Traffic signal,01 - Functioning,2,0,0,0,,0,,,,,359718.7176,5019554.529,45.31379417,-75.79957239,10438
18--6663,6/21/2018,7:54 AM,COVENTRY RD @ LOLA ST (0007175),7175,02 - Intersection related,03 - P.D. only,07 - SMV other,01 - Clear,01 - Daylight,01 - Dry,01 - Traffic signal,01 - Functioning,1,0,0,0,,0,,,,,371263.718,5031614.571,45.42130848,-75.65072108,10439
18--6664,6/21/2018,8:55 AM,TERON RD btwn STEACIE DR & BETHUNE CRT (__3ZACUL),__3ZACUL,01 - Non intersection,03 - P.D. only,03 - Rear end,01 - Clear,01 - Daylight,01 - Dry,10 - No control,,2,0,0,0,,0,,,,,351580.8942,5021525.403,45.33211785,-75.90316901,10440
18--6665,6/22/2018,1:00 PM,FALLOWFIELD RD @ STEEPLE HILL CRES (0000635),635,02 - Intersection related,03 - P.D. only,03 - Rear end,01 - Clear,01 - Daylight,01 - Dry,02 - Stop sign,00 - Unknown,2,0,0,0,,0,,,,,358398.5718,5013997.375,45.26389219,-75.81700857,10441
18--6666,6/22/2018,1:07 PM,BRONSON AVE @ SOMERSET ST (0002218),2218,02 - Intersection related,02 - Non-fatal injury,02 - Angle,01 - Clear,01 - Daylight,01 - Dry,01 - Traffic signal,01 - Functioning,2,1,0,0,01 - Minimal,1,1,,,,366967.6611,5030476.577,45.4114641,-75.70575453,10442
18--6667,6/22/2018,1:12 PM,ST. FRANCIS ST btwn GLADSTONE AVE & EDGAR ST (__3ZA4AV),__3ZA4AV,01 - Non intersection,03 - P.D. only,06 - SMV unattended vehicle,01 - Clear,01 - Daylight,01 - Dry,10 - No control,,1,0,0,0,,0,,,,,365663.2261,5029309.109,45.40107417,-75.72256237,10443
18--6668,6/22/2018,1:15 PM,ST. JOSEPH BLVD @ TENTH LINE RD (0009163),9163,02 - Intersection related,03 - P.D. only,03 - Rear end,01 - Clear,01 - Daylight,01 - Dry,01 - Traffic signal,01 - Functioning,3,0,0,0,,0,,,,,382890.7077,5038666.546,45.48355491,-75.50105186,10444
18--6669,6/22/2018,1:35 PM,FIFTH AVE btwn BANK ST & HOWICK PL (__3ZA92S),__3ZA92S,04 - At/near private drive,03 - P.D. only,02 - Angle,01 - Clear,01 - Daylight,01 - Dry,10 - No control,,2,0,0,0,,0,,,,,368509.0303,5029465.707,45.40223,-75.6861948,10445
18--667,1/11/2018,9:06 AM,TOMPKINS AVE @ CARAVEL CRES E/MCEACHERN CRES E (0004327),4327,02 - Intersection related,03 - P.D. only,02 - Angle,04 - Freezing Rain,01 - Daylight,06 - Ice,02 - Stop sign,01 - Functioning,2,0,0,0,,0,,,,,382659.361,5037784.275,45.47564287,-75.50415069,10446
18--6670,6/22/2018,1:40 PM,HIGHWAY 417 btwn HWY417 IC134 RAMP25 & HWY417 IC131 RAMP53 (__3ZA2LE),__3ZA2LE,01 - Non intersection,03 - P.D. only,07 - SMV other,01 - Clear,01 - Daylight,01 - Dry,10 - No control,,1,0,0,0,,0,,,,,356944.0623,5022494.717,45.3404618,-75.83464793,10447
18--6671,6/22/2018,1:56 PM,DES EPINETTES AVE @ JEANNE D'ARC BLVD (0004221),4221,03 - At intersection,03 - P.D. only,05 - Turning movement,01 - Clear,01 - Daylight,01 - Dry,01 - Traffic signal,01 - Functioning,2,0,0,0,,0,,,,,382226.7531,5035958.515,45.45926435,-75.50997069,10448
18--6672,6/22/2018,10:06 PM,WEST HUNT CLUB RD btwn HWY416 IC72 RAMP53 & HWY416 IC72 RAMP34 (__3ZBPN4),__3ZBPN4,01 - Non intersection,03 - P.D. only,04 - Sideswipe,01 - Clear,07 - Dark,01 - Dry,10 - No control,,2,0,0,0,,0,,,,,359285.3152,5019310.424,45.31163146,-75.80512639,10449
18--6673,6/22/2018,10:17 AM,BRIAN COBURN BLVD @ MER BLEUE RD (0014363),14363,02 - Intersection related,03 - P.D. only,03 - Rear end,01 - Clear,01 - Daylight,01 - Dry,11 - Roundabout,01 - Functioning,2,0,0,0,,0,,,,,383150.8189,5034441.164,45.44550953,-75.49839849,10450
18--6674,6/22/2018,10:34 AM,HENDERSON AVE btwn LAURIER AVE E & OSGOODE ST (__3ZA8JP),__3ZA8JP,01 - Non intersection,03 - P.D. only,06 - SMV unattended vehicle,01 - Clear,01 - Daylight,01 - Dry,10 - No control,,1,0,0,0,,0,,,,,368829.5169,5032041.387,45.42537583,-75.68176678,10451
18--6675,6/22/2018,10:59 AM,BLACKBURN BYPASS @ INNES RD E (0009245),9245,02 - Intersection related,03 - P.D. only,03 - Rear end,01 - Clear,01 - Daylight,01 - Dry,01 - Traffic signal,01 - Functioning,2,0,0,0,,0,,,,,379791.7629,5033781.547,45.43994322,-75.54143348,10452
18--6676,6/22/2018,11:00 PM,RUSSLAND RD @ SAUMURE RD (0012914),12914,02 - Intersection related,02 - Non-fatal injury,03 - Rear end,01 - Clear,07 - Dark,01 - Dry,02 - Stop sign,01 - Functioning,2,0,1,0,01 - Minimal,1,1,,,,401313.0678,5024763.543,45.35617314,-75.26816318,10453
18--6677,6/22/2018,11:10 AM,ST. JOSEPH BLVD btwn HART RD & R.C.M.P. COMPLEX (__3ZA2BHA),__3ZA2BHA,01 - Non intersection,03 - P.D. only,07 - SMV other,01 - Clear,01 - Daylight,01 - Dry,10 - No control,,1,0,0,0,,0,,,,,377789.138,5035726.549,45.45765496,-75.56673958,10454
18--6678,6/22/2018,Unknown,DORCHESTER AVE btwn HOLLINGTON ST & CHEVRIER ST (__3ZA0OT),__3ZA0OT,01 - Non intersection,03 - P.D. only,06 - SMV unattended vehicle,01 - Clear,00 - Unknown,01 - Dry,10 - No control,,1,0,0,0,,0,,,,,365394.0331,5026887,45.3793039,-75.72629801,10455
18--6679,6/22/2018,Unknown,HINTON AVE   N btwn WELLINGTON ST W & TYNDALL ST (__3ZBONW),__3ZBONW,01 - Non intersection,03 - P.D. only,06 - SMV unattended vehicle,01 - Clear,00 - Unknown,01 - Dry,10 - No control,,1,0,0,0,,0,,,,,365011.3874,5029177.613,45.39994737,-75.73090393,10456
18--668,1/12/2018,10:25 PM,DESCHAMPS AVE @ VANIER PKWY (0009243),9243,02 - Intersection related,03 - P.D. only,03 - Rear end,03 - Snow,07 - Dark,03 - Loose snow,01 - Traffic signal,00 - Unknown,2,0,0,0,,0,,,,,369851.712,5033267.592,45.43631442,-75.66854353,10457
18--6680,6/22/2018,12:17 PM,ORLEANS BLVD @ ST. JOSEPH BLVD (0004144),4144,02 - Intersection related,03 - P.D. only,03 - Rear end,01 - Clear,01 - Daylight,01 - Dry,01 - Traffic signal,01 - Functioning,2,0,0,0,,0,,,,,380631.5895,5036980.653,45.46863568,-75.53020685,10458
18--6681,6/22/2018,12:34 AM,BLACKWELL ST btwn BANTREE ST & LEEDS AVE (__3ZA783),__3ZA783,01 - Non intersection,03 - P.D. only,06 - SMV unattended vehicle,01 - Clear,07 - Dark,01 - Dry,10 - No control,,1,0,0,0,,0,,,,,374499.1371,5029849.099,45.40510881,-75.6096332,10459
18--6682,6/22/2018,12:58 PM,MACKENZIE AVE @ RIDEAU ST (0002136),2136,02 - Intersection related,03 - P.D. only,04 - Sideswipe,01 - Clear,01 - Daylight,01 - Dry,01 - Traffic signal,01 - Functioning,2,0,0,0,,0,,,,,367869.6988,5032009.614,45.42517715,-75.69403513,10460
18--6683,6/22/2018,2:30 PM,GREENBANK RD @ IRIS ST/HWY 417 IC129 RAMP51 (0009073),9073,02 - Intersection related,03 - P.D. only,04 - Sideswipe,01 - Clear,01 - Daylight,01 - Dry,01 - Traffic signal,00 - Unknown,2,0,0,0,,0,,,,,360531.3334,5023312.515,45.34754454,-75.78878607,10461
18--6684,6/22/2018,2:50 PM,BAY ST @ SPARKS ST (0005128),5128,03 - At intersection,02 - Non-fatal injury,02 - Angle,01 - Clear,01 - Daylight,01 - Dry,01 - Traffic signal,01 - Functioning,3,0,0,0,01 - Minimal,1,1,,,,366856.6982,5031279.59,45.41869922,-75.70707092,10462
18--6685,6/22/2018,2:55 PM,CRESTWAY DR @ STRANDHERD DR (0010538),10538,02 - Intersection related,02 - Non-fatal injury,03 - Rear end,01 - Clear,01 - Daylight,01 - Dry,01 - Traffic signal,01 - Functioning,5,0,0,0,03 - Major,4,1,1,2,,366346.8848,5015471.206,45.27650312,-75.71555172,10463
18--6686,6/22/2018,3:11 PM,FOSTERBROOK WAY @ MARAVISTA DR (0013652),13652,02 - Intersection related,03 - P.D. only,04 - Sideswipe,01 - Clear,01 - Daylight,01 - Dry,02 - Stop sign,01 - Functioning,2,0,0,0,,0,,,,,361526.046,5014725.228,45.27019622,-75.77707602,10464
18--6687,6/22/2018,3:38 PM,MARCH RD @ TERRY FOX DR (0003173),3173,02 - Intersection related,03 - P.D. only,03 - Rear end,01 - Clear,01 - Daylight,01 - Dry,01 - Traffic signal,01 - Functioning,2,0,0,0,,0,,,,,349864.6113,5023399.493,45.34909366,-75.92489352,10465
18--6688,6/22/2018,3:40 PM,LONGFIELDS DR @ PAUL METIVIER DR (0013783),13783,02 - Intersection related,03 - P.D. only,03 - Rear end,01 - Clear,01 - Daylight,01 - Dry,02 - Stop sign,01 - Functioning,2,0,0,0,,0,,,,,364841.334,5014200.437,45.26519892,-75.73489269,10466
18--6689,6/22/2018,3:50 PM,BASELINE RD/HERON RD @ PRINCE OF WALES DR (0002345),2345,02 - Intersection related,03 - P.D. only,04 - Sideswipe,01 - Clear,01 - Daylight,01 - Dry,01 - Traffic signal,01 - Functioning,2,0,0,0,,0,,,,,366873.6831,5026438.582,45.37513961,-75.70746309,10467
18--669,1/12/2018,10:30 PM,EAGLESON RD btwn CAMBRIAN RD & PERTH ST (__3ZA4YC),__3ZA4YC,01 - Non intersection,03 - P.D. only,01 - Approaching,03 - Snow,07 - Dark,05 - Packed snow,10 - No control,,2,0,0,0,,0,,,,,357639.9406,5008337.559,45.21302128,-75.82727617,10468
18--6690,6/22/2018,3:50 PM,HIGHWAY 417 btwn HWY417 IC127 RAMP25 & HWY417 IC126 RAMP51 (__3ZA2XA),__3ZA2XA,01 - Non intersection,03 - P.D. only,03 - Rear end,01 - Clear,01 - Daylight,01 - Dry,10 - No control,,2,0,0,0,,0,,,,,363098.4805,5025734.395,45.36912769,-75.75574256,10469
18--6691,6/22/2018,4:00 PM,BANK ST @ HUNT CLUB RD (0002119),2119,02 - Intersection related,03 - P.D. only,03 - Rear end,01 - Clear,01 - Daylight,01 - Dry,01 - Traffic signal,01 - Functioning,2,0,0,0,,0,,,,,371608.7393,5024096.487,45.35363079,-75.64733056,10470
18--6692,6/22/2018,4:35 PM,INNES RD btwn JEANNE D'ARC BLVD S & WILDFLOWER DR (__3ZA1ZE),__3ZA1ZE,04 - At/near private drive,03 - P.D. only,02 - Angle,01 - Clear,01 - Daylight,01 - Dry,10 - No control,,2,0,0,0,,0,,,,,382671.3654,5035582.175,45.45582895,-75.50434604,10471
18--6693,6/22/2018,4:43 PM,RAYMOND ST/HWY 417 ROCHEST IC121BR16 @ ROCHEST (0006495),6495,02 - Intersection related,03 - P.D. only,04 - Sideswipe,01 - Clear,01 - Daylight,01 - Dry,01 - Traffic signal,01 - Functioning,2,0,0,0,,0,,,,,366737.8178,5029618.689,45.40376544,-75.70879847,10472