Anom_ID,Accident_Date,Accident_Time,Location,Geo_ID,Accident_Location,Classification_of_Accident,Initial_Impact_Type,Environment_Condition,Light,Road_Surface_Condition,Traffic_Control,Traffic_Control_Condition,No__of_Vehicles,No__of_Bicycles,No__of_Motorcycles,No__of_Pedestrians,Max_Injury,No__of_Injuries,No__of_Minimal,No__of_Minor,No__of_Major,No__of_Fatal,X,Y,Latitude,Longitude,ObjectId
18--6694,6/22/2018,4:45 PM,JEANNE D'ARC BLVD @ GREY NUNS DR/YOUVILLE DR (0003147),3147,02 - Intersection related,03 - P.D. only,05 - Turning movement,01 - Clear,01 - Daylight,01 - Dry,01 - Traffic signal,01 - Functioning,2,0,0,0,,0,,,,,379670.7291,5036700.636,45.46621997,-75.54253599,10473
18--6695,6/22/2018,4:52 PM,GREENBANK RD @ IRIS ST/HWY 417 IC129 RAMP51 (0009073),9073,02 - Intersection related,03 - P.D. only,03 - Rear end,01 - Clear,01 - Daylight,01 - Dry,01 - Traffic signal,01 - Functioning,2,0,0,0,,0,,,,,360531.278,5023312.521,45.3475446,-75.78878677,10474
18--6696,6/22/2018,5:03 PM,CARP RD @ WESTBROOK RD (0001681),1681,03 - At intersection,02 - Non-fatal injury,05 - Turning movement,01 - Clear,01 - Daylight,01 - Dry,01 - Traffic signal,01 - Functioning,2,0,0,0,03 - Major,2,,1,1,,347737.58,5015442.459,45.27762719,-75.95272662,10475
18--6697,6/22/2018,6:04 AM,BROPHY DR @ FOURTH LINE RD (0003596),3596,02 - Intersection related,03 - P.D. only,03 - Rear end,01 - Clear,01 - Daylight,01 - Dry,02 - Stop sign,00 - Unknown,2,0,0,0,,0,,,,,360738.5913,5005671.351,45.188791,-75.78812838,10476
18--6698,6/22/2018,6:07 PM,GEORGE ST @ DALHOUSIE ST (0008516),8516,02 - Intersection related,03 - P.D. only,03 - Rear end,01 - Clear,01 - Daylight,01 - Dry,01 - Traffic signal,00 - Unknown,2,0,0,0,,0,,,,,368157.663,5032315.646,45.4279047,-75.69031625,10477
18--6699,6/22/2018,6:12 PM,KNUDSON DR @ KANATA AVE (0011935),11935,02 - Intersection related,03 - P.D. only,99 - Other,01 - Clear,01 - Daylight,01 - Dry,02 - Stop sign,01 - Functioning,2,0,0,0,,0,,,,,350344.6025,5020366.476,45.32177087,-75.91904741,10478
18--67,1/2/2018,11:45 AM,HIGHWAY 417 btwn HWY417 IC124 RAMP65 & HWY417 IC122 RAMP51 (__3ZA2R8),__3ZA2R8,01 - Non intersection,03 - P.D. only,03 - Rear end,03 - Snow,01 - Daylight,05 - Packed snow,10 - No control,,2,0,0,0,,0,,,,,365132.4674,5028676.009,45.39542362,-75.72941884,10479
18--670,1/12/2018,10:32 AM,HIGHWAY 417 btwn HWY417 IC121A RAMP61 & HWY417 IC120B RAMP36 (__3ZA2YV),__3ZA2YV,01 - Non intersection,03 - P.D. only,04 - Sideswipe,02 - Rain,01 - Daylight,02 - Wet,10 - No control,,2,0,0,0,,0,,,,,367539.3633,5029884.641,45.40608702,-75.69852659,10480
18--6700,6/22/2018,6:53 PM,OGILVIE RD btwn 190 E OF ELMRIDGE DR/JASMINE CRES & GREGORY CRT (__3ZBOFEA),__3ZBOFEA,04 - At/near private drive,03 - P.D. only,03 - Rear end,01 - Clear,01 - Daylight,01 - Dry,10 - No control,,2,0,0,0,,0,,,,,375620.4421,5034289.381,45.44494739,-75.59467254,10481
18--6701,6/22/2018,8:06 AM,KENT ST btwn GLOUCESTER ST & NEPEAN ST (__3ZA3CP),__3ZA3CP,01 - Non intersection,03 - P.D. only,03 - Rear end,01 - Clear,01 - Daylight,01 - Dry,10 - No control,,2,0,0,0,,0,,,,,367367.5413,5031081.987,45.41687576,-75.70056936,10482
18--6702,6/22/2018,8:35 AM,CEDARVIEW RD @ FALLOWFIELD RD (0001603),1603,03 - At intersection,03 - P.D. only,05 - Turning movement,01 - Clear,01 - Daylight,01 - Dry,01 - Traffic signal,01 - Functioning,2,0,0,0,,0,,,,,361294.6295,5015664.435,45.27866591,-75.77991811,10483
18--6703,6/22/2018,8:48 AM,HUNTSVILLE DR @ KANATA AVE (0014360),14360,02 - Intersection related,02 - Non-fatal injury,04 - Sideswipe,01 - Clear,01 - Daylight,01 - Dry,01 - Traffic signal,01 - Functioning,2,1,0,0,02 - Minor,1,,1,,,349349.0951,5019618.393,45.31510329,-75.93181244,10484
18--6704,6/22/2018,8:51 AM,SLACK RD @ WOODROFFE AVE (0000102),102,02 - Intersection related,03 - P.D. only,03 - Rear end,01 - Clear,01 - Daylight,01 - Dry,01 - Traffic signal,01 - Functioning,2,0,0,0,,0,,,,,364233.6127,5019974.432,45.31720481,-75.74194438,10485
18--6705,6/22/2018,9:30 PM,HIGHWAY 7 btwn HAZELDEAN IC RAMP 53 & HIGHWAY 7 (__7JQ7LK),__7JQ7LK,01 - Non intersection,03 - P.D. only,07 - SMV other,01 - Clear,07 - Dark,01 - Dry,10 - No control,,1,0,0,0,,0,,,,,345934.0152,5011539.576,45.24261517,-75.97603662,10486
18--6706,6/23/2018,1:00 PM,HIGHWAY 417 btwn HWY417 IC118 RAMP67 & HWY417 IC117 RAMP36 (__3ZA2YO),__3ZA2YO,01 - Non intersection,03 - P.D. only,07 - SMV other,01 - Clear,01 - Daylight,01 - Dry,10 - No control,,1,0,0,0,,0,,,,,369777.6559,5031157.021,45.41733122,-75.66976842,10487
18--6707,6/23/2018,1:16 PM,CARLING AVE @ FAIRLAWN AVE/WOODROFFE AVE E (0002393),2393,03 - At intersection,03 - P.D. only,02 - Angle,01 - Clear,01 - Daylight,01 - Dry,01 - Traffic signal,01 - Functioning,2,0,0,0,,0,,,,,361934.6841,5025830.528,45.37008852,-75.77058762,10488
18--6708,6/23/2018,11:20 AM,HIGHWAY 417 btwn HWY417 IC138 RAMP61 & HWY417 IC134 RAMP36 (__3ZA20I),__3ZA20I,01 - Non intersection,03 - P.D. only,04 - Sideswipe,01 - Clear,01 - Daylight,01 - Dry,10 - No control,,2,0,0,0,,0,,,,,355882.7909,5021976.057,45.33587292,-75.84824228,10489
18--6709,6/23/2018,11:41 AM,DUNROBIN RD @ MARCH RD (0003175),3175,03 - At intersection,03 - P.D. only,05 - Turning movement,01 - Clear,01 - Daylight,01 - Dry,01 - Traffic signal,01 - Functioning,3,0,0,0,,0,,,,,347174.6372,5026065.458,45.37325038,-75.95899232,10490
18--671,1/12/2018,10:50 AM,CARLING AVE @ PRESTON ST (0002161),2161,03 - At intersection,03 - P.D. only,05 - Turning movement,02 - Rain,01 - Daylight,02 - Wet,01 - Traffic signal,01 - Functioning,2,0,0,0,,0,,,,,366827.9678,5028936.25,45.39761706,-75.70773282,10491
18--6710,6/23/2018,Unknown,WAVERLEY ST btwn ELGIN ST & CARTIER ST (__3ZA9TF),__3ZA9TF,01 - Non intersection,03 - P.D. only,06 - SMV unattended vehicle,01 - Clear,00 - Unknown,01 - Dry,10 - No control,,1,0,0,0,,0,,,,,368356.1703,5030976.125,45.41583414,-75.68795248,10492
18--6711,6/23/2018,12:02 PM,QUEENSDALE AVE btwn MAVIS ST & BANNON WAY (__3ZA8O0),__3ZA8O0,01 - Non intersection,03 - P.D. only,01 - Approaching,01 - Clear,01 - Daylight,01 - Dry,10 - No control,,2,0,0,0,,0,,,,,373036.443,5023269.727,45.34605444,-75.62922517,10493
18--6712,6/23/2018,12:17 PM,CYRVILLE RD @ INNES RD (0009352),9352,02 - Intersection related,03 - P.D. only,03 - Rear end,01 - Clear,01 - Daylight,01 - Dry,01 - Traffic signal,01 - Functioning,2,0,0,0,,0,,,,,375047.7534,5031119.556,45.41648487,-75.60244475,10494
18--6713,6/23/2018,12:50 PM,MEADOWLANDS DR/PETER ST @ PERRY ST (0001114),1114,02 - Intersection related,03 - P.D. only,03 - Rear end,01 - Clear,01 - Daylight,01 - Dry,01 - Traffic signal,00 - Unknown,2,0,0,0,,0,,,,,364439.2312,5023493.562,45.34885217,-75.73889798,10495
18--6714,6/23/2018,2:01 PM,PAUL ANKA DR btwn UPLANDS DR & SAMPLE RD (__3ZA9BL),__3ZA9BL,01 - Non intersection,02 - Non-fatal injury,06 - SMV unattended vehicle,01 - Clear,01 - Daylight,01 - Dry,10 - No control,,1,0,0,0,01 - Minimal,1,1,,,,369416.5721,5023436.581,45.34789856,-75.67539211,10496
18--6715,6/23/2018,2:05 AM,KING EDWARD AVE @ RIDEAU ST (0002121),2121,02 - Intersection related,02 - Non-fatal injury,07 - SMV other,01 - Clear,07 - Dark,01 - Dry,01 - Traffic signal,01 - Functioning,1,0,0,1,02 - Minor,1,,1,,,368511.7072,5032413.589,45.42875379,-75.68577951,10497
18--6716,6/23/2018,3:26 AM,ALBION RD @ BANK ST (0012409),12409,02 - Intersection related,03 - P.D. only,04 - Sideswipe,01 - Clear,07 - Dark,01 - Dry,01 - Traffic signal,01 - Functioning,2,0,0,0,,0,,,,,371946.7881,5024129.49,45.35389546,-75.64301209,10498
18--6717,6/23/2018,3:55 PM,BEAUSOLEIL DR @ CLARENCE ST (0008932),8932,03 - At intersection,02 - Non-fatal injury,02 - Angle,01 - Clear,01 - Daylight,01 - Dry,02 - Stop sign,01 - Functioning,2,1,0,0,02 - Minor,1,,1,,,368601.6634,5032846.408,45.43263994,-75.68457393,10499
18--6718,6/23/2018,4:35 PM,INDUSTRIAL AVE @ RUSSELL RD (0007732),7732,02 - Intersection related,03 - P.D. only,03 - Rear end,01 - Clear,01 - Daylight,01 - Dry,01 - Traffic signal,01 - Functioning,2,0,0,0,,0,,,,,372465.7963,5030279.521,45.40918107,-75.63554588,10500
18--6719,6/23/2018,4:49 PM,MERIVALE RD/LOTTA AVE @ CLYDE AVE (0001112),1112,02 - Intersection related,03 - P.D. only,03 - Rear end,01 - Clear,01 - Daylight,01 - Dry,01 - Traffic signal,01 - Functioning,2,0,0,0,,0,,,,,364521.6981,5024507.527,45.35796868,-75.73772317,10501
18--672,1/12/2018,11:07 PM,PRINCE OF WALES DR @ FALLOWFIELD RD (0000566),566,03 - At intersection,03 - P.D. only,07 - SMV other,03 - Snow,07 - Dark,03 - Loose snow,01 - Traffic signal,01 - Functioning,1,0,0,0,,0,,,,,367399.3616,5019167.167,45.30966604,-75.70167216,10502
18--6720,6/23/2018,5:15 PM,HWY417 IC124 RAMP67 btwn CARLING AVE & HIGHWAY 417 (__3ZAYA7),__3ZAYA7,01 - Non intersection,03 - P.D. only,07 - SMV other,02 - Rain,01 - Daylight,02 - Wet,10 - No control,,1,0,0,0,,0,,,,,364366.556,5027545.727,45.38531913,-75.73933681,10503
18--6721,6/23/2018,6:18 PM,MERIVALE RD @ WEST HUNT CLUB RD (0000584),584,02 - Intersection related,02 - Non-fatal injury,03 - Rear end,02 - Rain,01 - Daylight,02 - Wet,01 - Traffic signal,01 - Functioning,3,0,0,0,02 - Minor,4,2,2,,,365612.6951,5021942.498,45.33479515,-75.72411453,10504
18--6722,6/23/2018,6:56 PM,INNES RD @ STONEHENGE CRES E (0009355),9355,03 - At intersection,03 - P.D. only,05 - Turning movement,02 - Rain,01 - Daylight,02 - Wet,01 - Traffic signal,01 - Functioning,2,0,0,0,,0,,,,,375363.766,5031313.623,45.41819918,-75.59837977,10505
18--6723,6/23/2018,7:00 PM,GREENBANK RD btwn MONTEREY DR & MEADOWBANK DR (__3ZA4LG),__3ZA4LG,01 - Non intersection,03 - P.D. only,03 - Rear end,02 - Rain,01 - Daylight,02 - Wet,10 - No control,,3,0,0,0,,0,,,,,360745.913,5022233.549,45.33781893,-75.78616995,10506
18--6724,6/23/2018,7:12 PM,ANDERSON RD btwn INNES RD & DESJARDINS ST (__3ZBOG0),__3ZBOG0,01 - Non intersection,03 - P.D. only,07 - SMV other,02 - Rain,01 - Daylight,02 - Wet,10 - No control,,1,0,0,0,,0,,,,,376624.0666,5031618.485,45.42081391,-75.58223404,10507
18--6725,6/23/2018,8:51 PM,ISLAND PARK DR @ RICHMOND RD (0002125),2125,03 - At intersection,03 - P.D. only,05 - Turning movement,02 - Rain,05 - Dusk,02 - Wet,01 - Traffic signal,01 - Functioning,2,0,0,0,,0,,,,,364130.6586,5028867.603,45.39723315,-75.74219001,10508
18--6726,6/23/2018,8:53 PM,STONEHAVEN DR @ HARNESS LANE/BLUEMEADOW WAY (0004046),4046,03 - At intersection,02 - Non-fatal injury,05 - Turning movement,01 - Clear,05 - Dusk,01 - Dry,01 - Traffic signal,01 - Functioning,2,0,0,0,02 - Minor,1,,1,,,354571.7967,5016744.291,45.28889078,-75.86549355,10509
18--6727,6/23/2018,9:20 PM,COLONEL BY DR @ SENECA ST (0006907),6907,02 - Intersection related,03 - P.D. only,03 - Rear end,02 - Rain,05 - Dusk,02 - Wet,02 - Stop sign,01 - Functioning,3,0,0,0,,0,,,,,368075.7173,5028519.553,45.39375609,-75.69185067,10510
18--6728,6/23/2018,9:56 AM,BEECHWOOD AVE @ CHARLEVOIX ST/MACKAY ST (0002248),2248,02 - Intersection related,03 - P.D. only,04 - Sideswipe,01 - Clear,01 - Daylight,01 - Dry,01 - Traffic signal,01 - Functioning,2,0,0,0,,0,,,,,369185.8704,5033592.351,45.4392981,-75.6770106,10511
18--6729,6/24/2018,1:12 PM,CHAMPLAIN BRIDGE/ISLAND PARK DR @ BATE ISLAND (0010849),10849,02 - Intersection related,02 - Non-fatal injury,05 - Turning movement,01 - Clear,01 - Daylight,01 - Dry,02 - Stop sign,01 - Functioning,2,1,0,0,01 - Minimal,1,1,,,,362967.0343,5030056.351,45.40802694,-75.7569111,10512
18--6560,6/19/2018,5:00 PM,PORTAGE BRIDGE NB btwn PROVINCIAL BOUNDARY & WELLINGTON ST (__6TE2PA),__6TE2PA,07 - Overpass or bridge,03 - P.D. only,04 - Sideswipe,01 - Clear,01 - Daylight,01 - Dry,10 - No control,,2,0,0,0,,0,,,,,366469.1308,5031412.496,45.41992934,-75.71200596,10513
18--6561,6/19/2018,5:15 PM,RIDEAU ST btwn WELLINGTON ST & MACKENZIE AVE (__3ZA25K),__3ZA25K,01 - Non intersection,03 - P.D. only,99 - Other,01 - Clear,01 - Daylight,01 - Dry,10 - No control,,2,0,0,0,,0,,,,,367834.8288,5031986.158,45.42496925,-75.69448369,10514
18--6562,6/19/2018,5:23 PM,DALY AVE @ KING EDWARD AVE (0007755),7755,03 - At intersection,03 - P.D. only,02 - Angle,01 - Clear,01 - Daylight,01 - Dry,02 - Stop sign,01 - Functioning,2,0,0,0,,0,,,,,368591.7071,5032273.586,45.42748681,-75.68477537,10515
18--6563,6/19/2018,5:35 PM,CARLING AVE WB btwn POULIN AVE & ALPINE AVE (__3ZA4VZ),__3ZA4VZ,01 - Non intersection,03 - P.D. only,03 - Rear end,01 - Clear,01 - Daylight,01 - Dry,10 - No control,,4,0,0,0,,0,,,,,360486.2492,5024935.85,45.36215484,-75.78917851,10516
18--6564,6/19/2018,5:58 PM,HOLLAND AVE @ INGLEWOOD PL (0006647),6647,03 - At intersection,03 - P.D. only,02 - Angle,01 - Clear,01 - Daylight,01 - Dry,02 - Stop sign,01 - Functioning,2,0,0,0,,0,,,,,365341.6962,5028208.554,45.3911995,-75.72680412,10517
18--6565,6/19/2018,6:30 AM,BASELINE RD btwn ZENA ST & MARSON ST (__3ZA4JJ),__3ZA4JJ,01 - Non intersection,03 - P.D. only,04 - Sideswipe,01 - Clear,01 - Daylight,01 - Dry,10 - No control,,2,0,0,0,,0,,,,,365676.7031,5025718.677,45.36876706,-75.72283304,10518
18--6566,6/19/2018,6:40 AM,BASELINE RD btwn MARSON ST & FISHER AVE (__3ZA4JL),__3ZA4JL,01 - Non intersection,03 - P.D. only,04 - Sideswipe,01 - Clear,01 - Daylight,01 - Dry,10 - No control,,2,0,0,0,,0,,,,,366083.8008,5025974.39,45.37103243,-75.7176047,10519
18--6567,6/19/2018,6:45 PM,ISLAND PARK DR SB btwn ISLAND PARK DR NB/SB SPLIT & ISLAND PARK CRES (__3ZA21T),__3ZA21T,01 - Non intersection,03 - P.D. only,03 - Rear end,01 - Clear,01 - Daylight,01 - Dry,10 - No control,,2,0,0,0,,0,,,,,364448.704,5028145.402,45.3907079,-75.7382154,10520
18--6568,6/19/2018,6:53 AM,HUNT CLUB RD btwn BLOHM DR & HAWTHORNE RD (__3ZA2F2),__3ZA2F2,01 - Non intersection,03 - P.D. only,04 - Sideswipe,01 - Clear,01 - Daylight,01 - Dry,10 - No control,,2,0,0,0,,0,,,,,375318.6225,5026298.138,45.37307697,-75.59967344,10521
18--6569,6/19/2018,7:33 PM,MAITLAND AVE/HWY 417 MAITLAND IC126R53 @ HWY 4 (0008229),8229,03 - At intersection,03 - P.D. only,05 - Turning movement,01 - Clear,01 - Daylight,01 - Dry,01 - Traffic signal,01 - Functioning,2,0,0,0,,0,,,,,363229.6448,5025774.563,45.36947819,-75.75406346,10522
18--657,1/11/2018,7:25 AM,CARLING AVE @ PARKDALE AVE (0008792),8792,03 - At intersection,03 - P.D. only,03 - Rear end,01 - Clear,03 - Dawn,04 - Slush,01 - Traffic signal,01 - Functioning,2,0,0,0,,0,,,,,365625.98,5028172.87,45.39085379,-75.72317818,10523
18--6570,6/19/2018,7:48 AM,SUSSEX DR btwn LADY GREY DR & 151 W OF KING EDWARD AVE/L.B. PEARSON BU (__3ZBOFZA),__3ZBOFZA,01 - Non intersection,02 - Non-fatal injury,04 - Sideswipe,01 - Clear,01 - Daylight,01 - Dry,10 - No control,,2,1,0,0,01 - Minimal,1,1,,,,367597.1094,5033349.929,45.43726138,-75.69734726,10524
18--6571,6/19/2018,7:49 AM,HIGHWAY 417 btwn HWY417 IC110 RAMP64 & HWY417 IC104 RAMP16 (__3ZA2W9),__3ZA2W9,01 - Non intersection,03 - P.D. only,03 - Rear end,01 - Clear,01 - Daylight,01 - Dry,10 - No control,,2,0,0,0,,0,,,,,379194.1439,5026151.967,45.37136111,-75.55022249,10525
18--6572,6/19/2018,7:51 AM,CARLING AVE @ HOLLAND AVE (0002146),2146,02 - Intersection related,02 - Non-fatal injury,02 - Angle,01 - Clear,01 - Daylight,01 - Dry,01 - Traffic signal,01 - Functioning,2,1,0,0,01 - Minimal,1,1,,,,365416.6639,5028038.515,45.38966304,-75.72586766,10526
18--6573,6/19/2018,7:56 PM,BANK ST btwn SCRIVENS DR & JOHN QUINN RD (__3ZA278),__3ZA278,04 - At/near private drive,03 - P.D. only,05 - Turning movement,01 - Clear,01 - Daylight,01 - Dry,10 - No control,,2,0,0,0,,0,,,,,383328.2858,5010780.431,45.23260663,-75.4998853,10527
18--6574,6/19/2018,7:58 PM,COBOURG ST @ RIDEAU ST (0008860),8860,02 - Intersection related,03 - P.D. only,03 - Rear end,01 - Clear,01 - Daylight,01 - Dry,01 - Traffic signal,01 - Functioning,2,0,0,0,,0,,,,,369128.6778,5032787.542,45.43206201,-75.67784673,10528
18--6575,6/19/2018,8:05 AM,BANK ST @ MEADOW DR N (0001639),1639,02 - Intersection related,03 - P.D. only,03 - Rear end,01 - Clear,01 - Daylight,01 - Dry,02 - Stop sign,00 - Unknown,2,0,0,0,,0,,,,,378334.803,5014531.543,45.26689688,-75.56291723,10529
18--6576,6/19/2018,8:08 AM,HERZBERG RD btwn BAYFIELD AVE & MARCH RD (__3ZACUJ),__3ZACUJ,01 - Non intersection,03 - P.D. only,03 - Rear end,01 - Clear,01 - Daylight,01 - Dry,10 - No control,,4,0,0,0,,0,,,,,352098.4394,5022162.157,45.3378128,-75.89650567,10530
18--6577,6/19/2018,8:24 AM,DALY AVE btwn MACKENZIE AVE & NICHOLAS ST (__3ZA8JX),__3ZA8JX,04 - At/near private drive,03 - P.D. only,02 - Angle,01 - Clear,01 - Daylight,01 - Dry,10 - No control,,2,0,0,0,,0,,,,,368008.7883,5031909.924,45.42426762,-75.69227068,10531
18--6578,6/19/2018,8:26 AM,ALBION RD @ CAHILL DR (0007499),7499,02 - Intersection related,03 - P.D. only,03 - Rear end,01 - Clear,01 - Daylight,01 - Dry,02 - Stop sign,01 - Functioning,2,0,0,0,,0,,,,,371725.7501,5024668.411,45.35876562,-75.6457599,10532
18--6579,6/19/2018,8:26 PM,OTTAWA RIVER PKWY WB btwn WOODROFFE AVE & TRANSIT (__3ZA23K),__3ZA23K,01 - Non intersection,03 - P.D. only,04 - Sideswipe,01 - Clear,05 - Dusk,01 - Dry,10 - No control,,2,0,0,0,,0,,,,,361439.9937,5027173.254,45.38221041,-75.7767486,10533
18--658,1/11/2018,7:48 PM,BRONSON AVE @ COMMISSIONER ST/SLATER ST (0001679),1679,02 - Intersection related,03 - P.D. only,04 - Sideswipe,02 - Rain,07 - Dark,02 - Wet,01 - Traffic signal,01 - Functioning,2,0,0,0,,0,,,,,366769.0538,5030949.961,45.41574109,-75.70823214,10534
18--6580,6/19/2018,8:27 PM,MARCH RD btwn PETER ROBINSON RD & CORKERY RD (__3ZA2RJ),__3ZA2RJ,01 - Non intersection,03 - P.D. only,07 - SMV other,01 - Clear,05 - Dusk,01 - Dry,10 - No control,,1,0,0,0,,0,,,,,335594.1211,5015817.872,45.28164212,-76.10747694,10535
18--6581,6/19/2018,8:30 AM,WELLINGTON ST btwn O'CONNOR ST & METCALFE ST (__3ZA4S6),__3ZA4S6,01 - Non intersection,03 - P.D. only,04 - Sideswipe,01 - Clear,01 - Daylight,01 - Dry,10 - No control,,2,0,0,0,,0,,,,,367443.644,5031741.22,45.42280052,-75.69951326,10536
18--6582,6/19/2018,8:30 AM,PRINCE OF WALES DR @ WEST HUNT CLUB RD (0000567),567,02 - Intersection related,03 - P.D. only,04 - Sideswipe,01 - Clear,01 - Daylight,01 - Dry,01 - Traffic signal,00 - Unknown,2,0,0,0,,0,,,,,367458.7555,5021891.511,45.33417396,-75.70057009,10537
18--6583,6/19/2018,8:32 AM,HIGHWAY 7 btwn HAZELDEAN IC RAMP 53 & HIGHWAY 7 (__7JQ7LK),__7JQ7LK,01 - Non intersection,03 - P.D. only,07 - SMV other,01 - Clear,01 - Daylight,01 - Dry,10 - No control,,1,0,0,0,,0,,,,,345764.7701,5011381.887,45.24120608,-75.97820536,10538
18--6584,6/19/2018,9:05 PM,FALLOWFIELD RD @ STRANDHERD DR (0005238),5238,03 - At intersection,02 - Non-fatal injury,02 - Angle,01 - Clear,05 - Dusk,01 - Dry,01 - Traffic signal,01 - Functioning,2,0,1,0,02 - Minor,1,,1,,,360752.2251,5014962.154,45.27239009,-75.78691022,10539
18--6585,6/20/2018,1:00 PM,HIGHWAY 417 btwn HWY417 IC126 RAMP61 & HWY417 IC124 RAMP76 (__3ZA2Y2),__3ZA2Y2,01 - Non intersection,03 - P.D. only,99 - Other,01 - Clear,01 - Daylight,01 - Dry,10 - No control,,2,0,0,0,,0,,,,,363414.2698,5026193.548,45.37323275,-75.75165695,10540
18--6586,6/20/2018,1:33 PM,GARLAND ST @ SOMERSET ST W/WELLINGTON ST (0006483),6483,02 - Intersection related,02 - Non-fatal injury,04 - Sideswipe,01 - Clear,01 - Daylight,01 - Dry,01 - Traffic signal,01 - Functioning,2,1,0,0,01 - Minimal,1,1,,,,365651.7018,5029845.561,45.40590204,-75.72264336,10541
18--6587,6/20/2018,10:13 AM,HWY 417 INNES IC112R68 @ INNES RD (0012300),12300,02 - Intersection related,03 - P.D. only,03 - Rear end,01 - Clear,01 - Daylight,01 - Dry,01 - Traffic signal,00 - Unknown,2,0,0,0,,0,,,,,374641.7831,5030921.633,45.4147447,-75.60765924,10542
18--6588,6/20/2018,10:22 AM,HWY 417 INNES IC112R68 @ INNES RD (0012300),12300,02 - Intersection related,03 - P.D. only,03 - Rear end,01 - Clear,01 - Daylight,01 - Dry,01 - Traffic signal,01 - Functioning,3,0,0,0,,0,,,,,374641.7249,5030921.591,45.41474433,-75.60765999,10543
18--6589,6/20/2018,10:30 AM,LYON ST @ WELLINGTON ST (0002388),2388,03 - At intersection,03 - P.D. only,04 - Sideswipe,01 - Clear,01 - Daylight,01 - Dry,01 - Traffic signal,01 - Functioning,2,0,0,0,,0,,,,,366935.2784,5031426.173,45.42001116,-75.70604848,10544
18--659,1/11/2018,7:49 AM,DONALD ST btwn EVE ST & LOLA ST (__3ZBOX2),__3ZBOX2,01 - Non intersection,03 - P.D. only,06 - SMV unattended vehicle,02 - Rain,03 - Dawn,04 - Slush,10 - No control,,1,0,0,0,,0,,,,,370972.4579,5032345.236,45.4279103,-75.65434426,10545
18--6590,6/20/2018,10:30 PM,HIGHWAY 416 btwn HWY416 IC75A RAMP43 & HWY416 IC72 RAMP34 (__3ZAZLD),__3ZAZLD,01 - Non intersection,03 - P.D. only,07 - SMV other,01 - Clear,07 - Dark,01 - Dry,10 - No control,,1,0,0,0,,0,,,,,359219.9144,5020570.286,45.32297285,-75.805822,10546
18--6591,6/20/2018,Unknown,BAYCREST DR btwn HERON RD & CEDARWOOD DR (__3ZA861),__3ZA861,01 - Non intersection,03 - P.D. only,06 - SMV unattended vehicle,01 - Clear,00 - Unknown,01 - Dry,10 - No control,,1,0,0,0,,0,,,,,371150.9951,5026934.483,45.37920958,-75.65279091,10547
18--6592,6/20/2018,Unknown,BERGAMOT CIRC btwn TO BE DETERMINED & PEPPERGRASS RD (__4VGROE),__4VGROE,01 - Non intersection,03 - P.D. only,06 - SMV unattended vehicle,01 - Clear,00 - Unknown,01 - Dry,10 - No control,,1,0,0,0,,0,,,,,385866.2558,5038248.609,45.47945554,-75.46306334,10548
18--6593,6/20/2018,12:30 PM,RIVERSIDE DR NB btwn SMYTH RD SOUTH SIDE RAMP & TRANSITWAY - RIVERSIDE H (__3ZA4SA),__3ZA4SA,01 - Non intersection,02 - Non-fatal injury,03 - Rear end,01 - Clear,01 - Daylight,01 - Dry,10 - No control,,2,0,0,0,01 - Minimal,1,1,,,,370026.6735,5029426.109,45.40173395,-75.66681604,10549
18--6594,6/20/2018,3:29 PM,RIVERSIDE DR @ PLEASANT PARK RD (0007296),7296,02 - Intersection related,03 - P.D. only,03 - Rear end,01 - Clear,01 - Daylight,01 - Dry,01 - Traffic signal,00 - Unknown,3,0,0,0,,0,,,,,369561.1753,5028415.04,45.39267992,-75.67289427,10550
18--6595,6/20/2018,3:32 PM,CYRVILLE RD btwn LABRIE AVE & STAR TOP RD (__3ZA3SO),__3ZA3SO,01 - Non intersection,03 - P.D. only,06 - SMV unattended vehicle,01 - Clear,01 - Daylight,01 - Dry,10 - No control,,1,0,0,0,,0,,,,,373707.963,5031564.865,45.42062477,-75.61949891,10551
18--6596,6/20/2018,4:20 PM,ROCKDALE RD S @ HIGHWAY 417 (0004639),4639,02 - Intersection related,03 - P.D. only,03 - Rear end,01 - Clear,01 - Daylight,01 - Dry,02 - Stop sign,00 - Unknown,2,0,0,0,,0,,,,,395261.5,5022264.707,45.33449833,-75.34584259,10552
18--6597,6/20/2018,4:36 PM,ELGIN ST @ LAURIER AVE (0002232),2232,03 - At intersection,02 - Non-fatal injury,07 - SMV other,01 - Clear,01 - Daylight,01 - Dry,01 - Traffic signal,01 - Functioning,1,0,0,1,02 - Minor,1,,1,,,367948.7098,5031549.576,45.42103076,-75.69308453,10553
18--6598,6/20/2018,4:45 PM,HIGHWAY 417 btwn HWY417 IC118 RAMP35 & HWY417 IC117 RAMP51 (__3ZA2YP),__3ZA2YP,01 - Non intersection,03 - P.D. only,04 - Sideswipe,01 - Clear,01 - Daylight,01 - Dry,10 - No control,,2,0,0,0,,0,,,,,369911.2192,5031129.807,45.41707394,-75.66806563,10554
18--6599,6/20/2018,4:47 PM,BRONSON AVE @ FOURTH AVE (0007224),7224,02 - Intersection related,03 - P.D. only,04 - Sideswipe,01 - Clear,01 - Daylight,01 - Dry,02 - Stop sign,01 - Functioning,2,0,0,0,,0,,,,,367583.7795,5029009.513,45.39820889,-75.69807065,10555