Anom_ID,Accident_Date,Accident_Time,Location,Geo_ID,Accident_Location,Classification_of_Accident,Initial_Impact_Type,Environment_Condition,Light,Road_Surface_Condition,Traffic_Control,Traffic_Control_Condition,No__of_Vehicles,No__of_Bicycles,No__of_Motorcycles,No__of_Pedestrians,Max_Injury,No__of_Injuries,No__of_Minimal,No__of_Minor,No__of_Major,No__of_Fatal,X,Y,Latitude,Longitude,ObjectId
18--66,1/2/2018,11:35 AM,WEST HUNT CLUB RD @ ANTARES DR/LASER ST (0000116),116,02 - Intersection related,03 - P.D. only,03 - Rear end,03 - Snow,01 - Daylight,05 - Packed snow,01 - Traffic signal,01 - Functioning,2,0,0,0,,0,,,,,367107.7112,5022081.502,45.33591472,-75.70502453,10556
18--660,1/11/2018,7:50 AM,SMYTH RD E/LANCASTER RD @ ST. LAURENT BLVD N/R (0002256),2256,02 - Intersection related,03 - P.D. only,04 - Sideswipe,02 - Rain,03 - Dawn,02 - Wet,01 - Traffic signal,01 - Functioning,2,0,0,0,,0,,,,,373364.1564,5029422.842,45.40138564,-75.62418948,10557
18--6600,6/20/2018,5:31 PM,MONTREAL RD @ MONTFORT HOSPITAL (0011388),11388,03 - At intersection,02 - Non-fatal injury,07 - SMV other,01 - Clear,01 - Daylight,01 - Dry,01 - Traffic signal,01 - Functioning,1,0,0,1,02 - Minor,1,,1,,,372222.4251,5034144.245,45.44397754,-75.63812563,10558
18--6601,6/20/2018,6:00 PM,HIGHWAY 417 btwn HWY417 IC127 RAMP67 & HWY417 IC126 RAMP16 (__3ZA2X0),__3ZA2X0,01 - Non intersection,03 - P.D. only,03 - Rear end,01 - Clear,01 - Daylight,01 - Dry,10 - No control,,4,0,0,0,,0,,,,,362487.4193,5025136.648,45.36379978,-75.76361271,10559
18--6602,6/20/2018,6:10 PM,BELFAST RD @ ST. LAURENT BLVD (0007658),7658,03 - At intersection,02 - Non-fatal injury,05 - Turning movement,01 - Clear,01 - Daylight,01 - Dry,01 - Traffic signal,01 - Functioning,2,0,0,0,02 - Minor,3,1,2,,,372860.7771,5030578.58,45.41183357,-75.63045915,10560
18--6603,6/20/2018,6:10 PM,HWY 417 WALKLEY IC110R64 @ WALKLEY EXTENSION R (0004205),4205,02 - Intersection related,03 - P.D. only,05 - Turning movement,01 - Clear,01 - Daylight,01 - Dry,02 - Stop sign,00 - Unknown,2,0,0,0,,0,,,,,375988.7505,5029175.628,45.39889938,-75.59070383,10561
18--6604,6/20/2018,6:40 PM,GEORGE ST @ WILLIAM ST (0007976),7976,02 - Intersection related,03 - P.D. only,04 - Sideswipe,01 - Clear,01 - Daylight,01 - Dry,01 - Traffic signal,01 - Functioning,2,0,0,0,,0,,,,,368047.9827,5032233.47,45.42717523,-75.69172833,10562
18--6605,6/20/2018,6:43 AM,BLACKBURN BYPASS WB btwn NAVAN RD & 1700 W OF NAVAN RD (__3ZA3J5B),__3ZA3J5B,01 - Non intersection,03 - P.D. only,03 - Rear end,01 - Clear,01 - Daylight,01 - Dry,10 - No control,,2,0,0,0,,0,,,,,379498.1989,5033177.155,45.43453676,-75.54527709,10563
18--6606,6/20/2018,7:11 AM,HWY 417 VANIER IC117R63 @ VANIER PKWY (0002101),2101,03 - At intersection,02 - Non-fatal injury,02 - Angle,01 - Clear,01 - Daylight,01 - Dry,01 - Traffic signal,01 - Functioning,2,0,0,0,02 - Minor,1,,1,,,370799.7252,5031397.561,45.41939984,-75.65667844,10564
18--6607,6/20/2018,7:26 AM,ALBION RD @ HIGH RD (0004208),4208,03 - At intersection,02 - Non-fatal injury,05 - Turning movement,01 - Clear,01 - Daylight,01 - Dry,02 - Stop sign,00 - Unknown,2,0,1,0,03 - Major,1,,,1,,374626.7326,5017746.476,45.29620176,-75.60971242,10565
18--6608,6/20/2018,7:33 PM,QUEEN MARY ST @ VANIER PKWY (0007648),7648,02 - Intersection related,02 - Non-fatal injury,04 - Sideswipe,02 - Rain,01 - Daylight,02 - Wet,01 - Traffic signal,01 - Functioning,3,0,0,0,01 - Minimal,1,1,,,,370363.7014,5031957.57,45.42447957,-75.66217467,10566
18--6609,6/20/2018,8:07 AM,SHEFFIELD RD @ WALKLEY RD (0005156),5156,02 - Intersection related,03 - P.D. only,03 - Rear end,01 - Clear,01 - Daylight,01 - Dry,01 - Traffic signal,01 - Functioning,2,0,0,0,,0,,,,,375257.7807,5028784.493,45.39545409,-75.60009524,10567
18--661,1/11/2018,7:56 PM,INNES RD @ JEANNE D'ARC BLVD/MER BLEUE RD (0012475),12475,03 - At intersection,03 - P.D. only,05 - Turning movement,02 - Rain,07 - Dark,02 - Wet,01 - Traffic signal,01 - Functioning,2,0,0,0,,0,,,,,382637.4052,5035567.554,45.45570119,-75.5047825,10568
18--6610,6/20/2018,8:23 PM,BANK ST @ WALKLEY RD (0011423),11423,02 - Intersection related,03 - P.D. only,04 - Sideswipe,01 - Clear,01 - Daylight,01 - Dry,01 - Traffic signal,00 - Unknown,2,0,0,0,,0,,,,,370337.9425,5025947.94,45.37040952,-75.66330225,10569
18--6611,6/20/2018,8:48 AM,CYRVILLE RD @ ST. LAURENT BLVD (0002647),2647,02 - Intersection related,03 - P.D. only,99 - Other,01 - Clear,01 - Daylight,01 - Dry,01 - Traffic signal,01 - Functioning,2,0,0,0,,0,,,,,372241.7211,5032111.58,45.42568673,-75.63815745,10570
18--6612,6/20/2018,9:13 AM,PARKDALE AVE @ HWY 417 PARKDAL IC122R15/HWY 41 (0002363),2363,02 - Intersection related,03 - P.D. only,03 - Rear end,01 - Clear,01 - Daylight,01 - Dry,01 - Traffic signal,01 - Functioning,2,0,0,0,,0,,,,,365336.6775,5028845.67,45.39693257,-75.72679004,10571
18--6613,6/20/2018,9:24 AM,ARGYLE AVE E @ METCALFE ST (0007280),7280,02 - Intersection related,03 - P.D. only,05 - Turning movement,01 - Clear,01 - Daylight,01 - Dry,10 - No control,,2,0,0,0,,0,,,,,368442.7239,5030641.549,45.41281587,-75.68688992,10572
18--6614,6/20/2018,9:30 PM,CROYDON AVE @ RICHMOND RD (0002652),2652,03 - At intersection,03 - P.D. only,02 - Angle,01 - Clear,07 - Dark,01 - Dry,01 - Traffic signal,01 - Functioning,2,0,0,0,,0,,,,,360545.6866,5025272.52,45.36517946,-75.78838189,10573
18--6615,6/20/2018,9:42 AM,RIVERSIDE DR @ SMYTH RD SOUTH SIDE RAMP (0011480),11480,02 - Intersection related,03 - P.D. only,03 - Rear end,01 - Clear,01 - Daylight,01 - Dry,01 - Traffic signal,01 - Functioning,2,0,0,0,,0,,,,,369788.4594,5028997.992,45.39790406,-75.66991499,10574
18--6616,6/20/2018,9:59 AM,CARLING AVE/STATION RD @ MARCH RD (0002681),2681,02 - Intersection related,03 - P.D. only,03 - Rear end,01 - Clear,01 - Daylight,01 - Dry,01 - Traffic signal,01 - Functioning,2,0,0,0,,0,,,,,350907.6602,5022246.482,45.33865084,-75.91169049,10575
18--6617,6/21/2018,10:00 PM,PORTOBELLO BLVD @ VALIN ST (0012844),12844,03 - At intersection,03 - P.D. only,02 - Angle,01 - Clear,07 - Dark,01 - Dry,02 - Stop sign,01 - Functioning,2,0,0,0,,0,,,,,385350.7661,5037697.569,45.47455749,-75.46974637,10576
18--6618,6/21/2018,11:00 AM,INNES RD @ JEANNE D'ARC BLVD/MER BLEUE RD (0012475),12475,02 - Intersection related,03 - P.D. only,03 - Rear end,01 - Clear,01 - Daylight,01 - Dry,01 - Traffic signal,01 - Functioning,3,0,0,0,,0,,,,,382637.7145,5035567.546,45.45570108,-75.50477855,10577
18--6619,6/21/2018,11:00 PM,FERRY RD btwn BADHAMS SIDE RD & OLD BIRCH RD (__3ZBPL3),__3ZBPL3,01 - Non intersection,03 - P.D. only,07 - SMV other,01 - Clear,07 - Dark,01 - Dry,10 - No control,,1,0,0,0,,0,,,,,327701.9407,5040206.116,45.50140089,-76.20694258,10578
18--662,1/11/2018,8:01 AM,ELGIN ST btwn LAURIER AVE W & GLOUCESTER ST (2) (__3ZA35S),__3ZA35S,01 - Non intersection,03 - P.D. only,04 - Sideswipe,04 - Freezing Rain,01 - Daylight,06 - Ice,10 - No control,,2,0,0,0,,0,,,,,367967.6901,5031513.605,45.42070539,-75.69284663,10579
18--6620,6/21/2018,11:30 PM,BRONSON AVE RAMP 52 btwn HERON RD EB & BRONSON AVE RAMP 62 (__3ZAYBG),__3ZAYBG,01 - Non intersection,01 - Fatal injury,07 - SMV other,01 - Clear,07 - Dark,01 - Dry,10 - No control,,1,0,1,0,04 - Fatal,1,,,,1,368806.9157,5026876.837,45.37890898,-75.68272587,10580
18--6621,6/21/2018,11:31 PM,RIVER RD btwn RIVERSEDGE CRES & HONEY GABLES DR (__3ZAZW9),__3ZAZW9,01 - Non intersection,03 - P.D. only,01 - Approaching,01 - Clear,07 - Dark,01 - Dry,10 - No control,,2,0,0,0,,0,,,,,368004.5316,5015876.654,45.28000424,-75.69437456,10581
18--6622,6/21/2018,11:58 AM,BANK ST @ CECIL AVE (0002601),2601,03 - At intersection,03 - P.D. only,05 - Turning movement,01 - Clear,01 - Daylight,01 - Dry,02 - Stop sign,00 - Unknown,2,0,0,0,,0,,,,,369944.7568,5026989.572,45.37981845,-75.66818397,10582
18--6623,6/21/2018,11:59 AM,MONTREAL RD @ ST. LAURENT BLVD (0002604),2604,02 - Intersection related,03 - P.D. only,04 - Sideswipe,01 - Clear,01 - Daylight,01 - Dry,01 - Traffic signal,01 - Functioning,2,0,0,0,,0,,,,,371545.6725,5033817.633,45.44110378,-75.64682002,10583
18--6624,6/21/2018,Unknown,COOPER ST btwn KENT ST & BANK ST (__3ZBORC),__3ZBORC,01 - Non intersection,03 - P.D. only,06 - SMV unattended vehicle,01 - Clear,00 - Unknown,01 - Dry,10 - No control,,1,0,0,0,,0,,,,,367581.5992,5030949.679,45.41566612,-75.69785145,10584
18--6625,6/21/2018,Unknown,ALBION RD    N btwn HEATHERINGTON RD & LILIBET CRES S (__4BTIUG),__4BTIUG,01 - Non intersection,03 - P.D. only,06 - SMV unattended vehicle,01 - Clear,00 - Unknown,01 - Dry,10 - No control,,1,0,0,0,,0,,,,,371134.8825,5026109.113,45.37178472,-75.65310749,10585
18--6626,6/21/2018,Unknown,DOBBIE ST btwn CAMPBELL AVE & CLYDE AVE (__3ZA0EH),__3ZA0EH,01 - Non intersection,03 - P.D. only,06 - SMV unattended vehicle,01 - Clear,00 - Unknown,01 - Dry,10 - No control,,1,0,0,0,,0,,,,,363627.8141,5026545.856,45.37638487,-75.74888885,10586
18--6627,6/21/2018,12:00 PM,HIGHWAY 417 btwn HWY417 IC131 RAMP66 & HWY417 IC130 RAMP26 (__3ZA29A),__3ZA29A,01 - Non intersection,03 - P.D. only,04 - Sideswipe,01 - Clear,01 - Daylight,01 - Dry,10 - No control,,2,0,0,0,,0,,,,,359262.2685,5023087.247,45.34561726,-75.8050048,10587
18--6628,6/21/2018,12:05 AM,CAHILL DR btwn SOUTHPORT DR & HUNT CLUB RD (__3ZA8ML),__3ZA8ML,01 - Non intersection,03 - P.D. only,06 - SMV unattended vehicle,01 - Clear,07 - Dark,01 - Dry,10 - No control,,1,0,0,0,,0,,,,,372402.7596,5024551.011,45.35764434,-75.63713559,10588
18--6629,6/21/2018,12:20 PM,GREENBANK RD @ MEADOWBANK DR (0001123),1123,02 - Intersection related,03 - P.D. only,03 - Rear end,01 - Clear,01 - Daylight,01 - Dry,02 - Stop sign,00 - Unknown,3,0,0,0,,0,,,,,360765.6251,5022186.493,45.33739395,-75.78592378,10589
18--663,1/11/2018,8:06 PM,FALLOWFIELD RD @ WOODROFFE AVE (0010372),10372,03 - At intersection,03 - P.D. only,05 - Turning movement,02 - Rain,07 - Dark,02 - Wet,01 - Traffic signal,00 - Unknown,2,0,0,0,,0,,,,,365084.1047,5017903.19,45.29849542,-75.73134956,10590
18--6630,6/21/2018,12:36 PM,KING EDWARD AVE @ MURRAY ST (0002713),2713,02 - Intersection related,03 - P.D. only,03 - Rear end,01 - Clear,01 - Daylight,01 - Dry,01 - Traffic signal,01 - Functioning,2,0,0,0,,0,,,,,368291.7137,5032753.526,45.43183243,-75.68854686,10591
18--6631,6/21/2018,12:51 PM,PRINCE OF WALES DR @ WEST HUNT CLUB RD (0000567),567,02 - Intersection related,03 - P.D. only,04 - Sideswipe,01 - Clear,01 - Daylight,01 - Dry,01 - Traffic signal,01 - Functioning,3,0,0,0,,0,,,,,367458.7267,5021891.552,45.33417433,-75.70057045,10592
18--6632,6/21/2018,2:13 AM,REVELSTOKE DR @ RIVERSIDE DR (0006918),6918,03 - At intersection,03 - P.D. only,07 - SMV other,01 - Clear,07 - Dark,01 - Dry,01 - Traffic signal,01 - Functioning,1,0,0,0,,0,,,,,368217.7117,5024423.518,45.35688822,-75.6905633,10593
18--6633,6/21/2018,2:15 PM,BANK ST btwn RIDEAU RD & TURN LANE (__3ZBPH9),__3ZBPH9,04 - At/near private drive,03 - P.D. only,02 - Angle,01 - Clear,01 - Daylight,01 - Dry,10 - No control,,2,0,0,0,,0,,,,,377143.8662,5017391.225,45.2927507,-75.577675,10594
18--6634,6/21/2018,3:12 PM,CROYDON AVE @ RICHMOND RD (0002652),2652,02 - Intersection related,03 - P.D. only,03 - Rear end,01 - Clear,01 - Daylight,01 - Dry,01 - Traffic signal,01 - Functioning,3,0,0,0,,0,,,,,360545.6235,5025272.536,45.36517961,-75.78838269,10595
18--6635,6/21/2018,3:23 PM,BLAIR RD btwn OR174 IC112 RAMP15 & MEADOWBROOK RD (__3ZA2E1),__3ZA2E1,01 - Non intersection,03 - P.D. only,03 - Rear end,01 - Clear,01 - Daylight,01 - Dry,10 - No control,,2,0,0,0,,0,,,,,375158.3335,5032355.586,45.42759488,-75.60085551,10596
18--6636,6/21/2018,3:30 PM,ELGIN ST @ WELLINGTON ST W (0002113),2113,03 - At intersection,03 - P.D. only,05 - Turning movement,01 - Clear,01 - Daylight,01 - Dry,01 - Traffic signal,01 - Functioning,2,0,0,0,,0,,,,,367664.6673,5031877.611,45.42400789,-75.69667181,10597
18--6637,6/21/2018,3:33 PM,HOWICK PL btwn FIFTH AVE & REGENT ST (__3ZA92T),__3ZA92T,04 - At/near private drive,03 - P.D. only,06 - SMV unattended vehicle,01 - Clear,01 - Daylight,01 - Dry,10 - No control,,1,0,0,0,,0,,,,,368527.7263,5029470.521,45.40227161,-75.68595539,10598
18--6638,6/21/2018,3:47 PM,FRENCH HILL RD btwn SARSFIELD RD & DUNNING RD (__3ZA5GO),__3ZA5GO,04 - At/near private drive,03 - P.D. only,05 - Turning movement,01 - Clear,01 - Daylight,01 - Dry,10 - No control,,2,0,0,0,,0,,,,,392490.6186,5037698.244,45.4737035,-75.3784436,10599
18--6639,6/21/2018,3:48 PM,BOOTH ST @ CARLING AVE (0002135),2135,02 - Intersection related,02 - Non-fatal injury,03 - Rear end,01 - Clear,01 - Daylight,01 - Dry,01 - Traffic signal,01 - Functioning,2,0,0,0,02 - Minor,1,,1,,,367094.708,5029106.598,45.39912612,-75.70430463,10600
18--646,1/11/2018,3:03 PM,SLACK RD @ WOODROFFE AVE (0000102),102,02 - Intersection related,03 - P.D. only,03 - Rear end,02 - Rain,01 - Daylight,02 - Wet,01 - Traffic signal,01 - Functioning,2,0,0,0,,0,,,,,364233.6835,5019974.478,45.31720522,-75.74194347,10601
18--6460,6/16/2018,4:21 PM,BRAEBURN PL btwn AUTUMN HILL CRES & ORIENT PARK DR (__3ZA7MO),__3ZA7MO,01 - Non intersection,03 - P.D. only,06 - SMV unattended vehicle,01 - Clear,01 - Daylight,01 - Dry,10 - No control,,1,0,0,0,,0,,,,,378993.3033,5033275.588,45.43547614,-75.55171446,10602
18--6461,6/16/2018,5:17 PM,TERRY FOX DR btwn WALTER BAKER PL & 240 S OF EDGEWATER ST (__3ZA3DKA),__3ZA3DKA,01 - Non intersection,03 - P.D. only,04 - Sideswipe,01 - Clear,01 - Daylight,01 - Dry,10 - No control,,2,0,0,0,,0,,,,,351810.1577,5017583.672,45.29663391,-75.90061824,10603
18--6462,6/16/2018,5:24 PM,CARLING AVE @ RICHMOND RD (0010847),10847,02 - Intersection related,03 - P.D. only,03 - Rear end,01 - Clear,01 - Daylight,01 - Dry,01 - Traffic signal,01 - Functioning,2,0,0,0,,0,,,,,360245.6447,5024781.587,45.36078586,-75.79226684,10604
18--6463,6/16/2018,7:38 PM,MORRISON DR @ BASELINE RD (0002570),2570,02 - Intersection related,03 - P.D. only,03 - Rear end,01 - Clear,01 - Daylight,01 - Dry,01 - Traffic signal,01 - Functioning,3,0,0,0,,0,,,,,360099.534,5022309.565,45.33855417,-75.79440816,10605
18--6464,6/16/2018,7:46 PM,VANIER PKWY SB btwn QUEEN MARY ST & PRESLAND RD (__3ZA4S5A),__3ZA4S5A,01 - Non intersection,02 - Non-fatal injury,03 - Rear end,01 - Clear,01 - Daylight,01 - Dry,10 - No control,,2,0,0,0,02 - Minor,2,,2,,,370351.7633,5031951.513,45.42442619,-75.66232802,10606
18--6465,6/16/2018,8:06 PM,VANCES SIDE RD btwn GREENLAND RD & TORWOOD DR (__3ZA3EA),__3ZA3EA,01 - Non intersection,03 - P.D. only,07 - SMV other,01 - Clear,01 - Daylight,01 - Dry,10 - No control,,1,0,0,0,,0,,,,,342441.9752,5035655.321,45.45981257,-76.01868059,10607
18--6466,6/16/2018,8:30 PM,TACHE WAY btwn MATHIEU WAY & MATHIEU WAY (__3ZA69D),__3ZA69D,04 - At/near private drive,03 - P.D. only,06 - SMV unattended vehicle,01 - Clear,05 - Dusk,01 - Dry,10 - No control,,1,0,0,0,,0,,,,,384600.5074,5037859.321,45.47609892,-75.47931445,10608
18--6467,6/16/2018,8:45 AM,TENTH LINE RD btwn ST. JOSEPH BLVD & OR174 IC101 RAMP26 (__3ZA11V),__3ZA11V,07 - Overpass or bridge,02 - Non-fatal injury,03 - Rear end,01 - Clear,01 - Daylight,01 - Dry,10 - No control,,2,0,0,0,02 - Minor,1,,1,,,382771.1678,5038919.771,45.48584656,-75.50254059,10609
18--6468,6/16/2018,9:42 PM,MURRAY ST btwn SUSSEX DR & PARENT AVE (__3ZA3VF),__3ZA3VF,01 - Non intersection,02 - Non-fatal injury,07 - SMV other,01 - Clear,07 - Dark,01 - Dry,10 - No control,,1,0,0,1,02 - Minor,1,,1,,,367819.37,5032462.313,45.42925492,-75.69462029,10610
18--6469,6/17/2018,1:00 PM,HIGHWAY 417 btwn HWY417 IC124 RAMP67 & HWY417 IC123 RAMP62 (__3ZA2YZ),__3ZA2YZ,01 - Non intersection,02 - Non-fatal injury,03 - Rear end,01 - Clear,01 - Daylight,01 - Dry,10 - No control,,2,0,0,0,02 - Minor,2,1,1,,,364708.472,5027942.353,45.38885873,-75.7349228,10611
18--647,1/11/2018,3:45 PM,HIGHWAY 417 btwn HWY417 IC138 RAMP61 & HWY417 IC134 RAMP36 (__3ZA20I),__3ZA20I,01 - Non intersection,03 - P.D. only,04 - Sideswipe,01 - Clear,01 - Daylight,01 - Dry,10 - No control,,2,0,0,0,,0,,,,,355556.3771,5021784.582,45.3341737,-75.85242632,10612
18--6470,6/17/2018,1:15 PM,KAKULU RD @ CASTLEFRANK RD (0003540),3540,02 - Intersection related,02 - Non-fatal injury,03 - Rear end,01 - Clear,01 - Daylight,01 - Dry,01 - Traffic signal,01 - Functioning,3,0,0,0,02 - Minor,1,,1,,,352180.3196,5018499.65,45.30485124,-75.89581139,10613
18--6471,6/17/2018,11:27 AM,VANIER PKWY NB btwn VANIER PKWY & DONALD ST (__3ZBPHY),__3ZBPHY,01 - Non intersection,03 - P.D. only,03 - Rear end,01 - Clear,01 - Daylight,01 - Dry,10 - No control,,3,0,0,0,,0,,,,,370305.8775,5032311.79,45.42767211,-75.66286641,10614
18--6472,6/17/2018,11:54 PM,RIDEAU ST btwn KING EDWARD AVE & NELSON ST (__3ZA3VG),__3ZA3VG,01 - Non intersection,03 - P.D. only,05 - Turning movement,01 - Clear,07 - Dark,01 - Dry,10 - No control,,2,0,0,0,,0,,,,,368514.651,5032415.353,45.4287694,-75.68574166,10615
18--6473,6/17/2018,2:20 PM,BRONSON AVE @ THIRD AVE (0007716),7716,02 - Intersection related,03 - P.D. only,04 - Sideswipe,01 - Clear,01 - Daylight,01 - Dry,02 - Stop sign,01 - Functioning,2,0,0,0,,0,,,,,367550.718,5029087.566,45.39891415,-75.69848297,10616
18--6474,6/17/2018,4:43 PM,PRINCE OF WALES DR btwn GREENBANK RD & BARNSDALE RD (__3ZA296),__3ZA296,04 - At/near private drive,03 - P.D. only,04 - Sideswipe,01 - Clear,01 - Daylight,01 - Dry,10 - No control,,2,0,0,0,,0,,,,,366644.6421,5011479.294,45.2405579,-75.71225385,10617
18--6475,6/17/2018,4:49 PM,RIDEAU VALLEY DR btwn BARNSDALE RD & BANKFIELD RD (__3ZAZ7W),__3ZAZ7W,01 - Non intersection,03 - P.D. only,07 - SMV other,01 - Clear,01 - Daylight,01 - Dry,10 - No control,,1,0,0,0,,0,,,,,367376.0681,5011408.104,45.2398527,-75.70294717,10618
18--6476,6/17/2018,5:55 PM,LOLA ST btwn DONALD ST & COLUMBUS AVE (__3ZA8ZR),__3ZA8ZR,01 - Non intersection,03 - P.D. only,06 - SMV unattended vehicle,01 - Clear,01 - Daylight,01 - Dry,10 - No control,,1,0,0,0,,0,,,,,371106.6081,5032266.376,45.42718804,-75.65264069,10619
18--6477,6/17/2018,6:42 AM,HUNT CLUB RD @ LORRY GREENBERG DR/SABLE RIDGE  (0008203),8203,03 - At intersection,03 - P.D. only,02 - Angle,01 - Clear,01 - Daylight,01 - Dry,01 - Traffic signal,01 - Functioning,2,0,0,0,,0,,,,,372823.6914,5024807.589,45.35991222,-75.63172824,10620
18--6478,6/17/2018,7:02 AM,INNES RD @ WILDFLOWER DR (0012871),12871,03 - At intersection,03 - P.D. only,02 - Angle,01 - Clear,01 - Daylight,01 - Dry,01 - Traffic signal,01 - Functioning,2,0,0,0,,0,,,,,382936.6966,5035690.562,45.45677451,-75.50093685,10621
18--6479,6/17/2018,7:16 PM,FIRST LINE RD btwn CENTURY RD E & CARSONBY RD E (__3ZA98Q),__3ZA98Q,01 - Non intersection,03 - P.D. only,04 - Sideswipe,01 - Clear,01 - Daylight,01 - Dry,10 - No control,,2,0,0,0,,0,,,,,369145.654,5005923.812,45.19034572,-75.68111821,10622
18--648,1/11/2018,4:29 PM,CARLING AVE @ KIRKWOOD AVE S (0002209),2209,02 - Intersection related,03 - P.D. only,04 - Sideswipe,01 - Clear,01 - Daylight,04 - Slush,01 - Traffic signal,01 - Functioning,2,0,0,0,,0,,,,,364351.7001,5027337.549,45.38344724,-75.73955162,10623
18--6480,6/17/2018,8:05 AM,FROBISHER LANE W @ RIVERSIDE DR (0011961),11961,03 - At intersection,03 - P.D. only,03 - Rear end,01 - Clear,01 - Daylight,01 - Dry,01 - Traffic signal,01 - Functioning,2,0,0,0,,0,,,,,370118.6502,5029601.251,45.40330124,-75.66561808,10624
18--6481,6/17/2018,9:55 PM,8TH LINE RD btwn WALKER RD & SPRINGHILL RD (__3ZAZGC),__3ZAZGC,01 - Non intersection,03 - P.D. only,07 - SMV other,01 - Clear,07 - Dark,01 - Dry,10 - No control,,1,0,0,0,,0,,,,,386188.7351,5009239.498,45.21841745,-75.46371324,10625
18--6482,6/18/2018,1:30 PM,MERIVALE RD @ ANNA AVE/LAPERRIERE AVE (0006316),6316,02 - Intersection related,03 - P.D. only,03 - Rear end,01 - Clear,01 - Daylight,01 - Dry,01 - Traffic signal,01 - Functioning,2,0,0,0,,0,,,,,364859.7971,5027164.742,45.38184898,-75.73308506,10626
18--6483,6/18/2018,10:10 AM,HIGHWAY 417 btwn HWY417 IC96 RAMP61 & HWY417 IC88 RAMP16 (__3ZA27Z),__3ZA27Z,01 - Non intersection,03 - P.D. only,07 - SMV other,02 - Rain,01 - Daylight,02 - Wet,10 - No control,,1,0,0,0,,0,,,,,394764.1581,5022461.643,45.33633408,-75.35215086,10627
18--6484,6/18/2018,10:20 AM,WOODROFFE AVE btwn 260 N OF FALLOWFIELD RD/TRANSITWAY & FALLOWFIELD RD (__3ZA3IOB),__3ZA3IOB,01 - Non intersection,03 - P.D. only,03 - Rear end,01 - Clear,01 - Daylight,01 - Dry,10 - No control,,2,0,0,0,,0,,,,,365060.4122,5017967.734,45.29907821,-75.73164378,10628
18--6485,6/18/2018,10:29 AM,BLAIR RD @ INNES RD (0004165),4165,02 - Intersection related,03 - P.D. only,03 - Rear end,02 - Rain,01 - Daylight,02 - Wet,01 - Traffic signal,01 - Functioning,3,0,0,0,,0,,,,,375578.6072,5031439.521,45.41931024,-75.59561692,10629
18--6486,6/18/2018,10:53 PM,ST. LAURENT BLVD @ JOLIFFE ST (0008914),8914,02 - Intersection related,02 - Non-fatal injury,03 - Rear end,01 - Clear,07 - Dark,01 - Dry,01 - Traffic signal,01 - Functioning,2,0,0,0,02 - Minor,1,,1,,,373751.6391,5028417.617,45.39230304,-75.61938102,10630
18--6487,6/18/2018,11:05 PM,PRINCE OF WALES DR @ MERIVALE RD (0000564),564,03 - At intersection,02 - Non-fatal injury,02 - Angle,01 - Clear,07 - Dark,01 - Dry,01 - Traffic signal,01 - Functioning,2,0,0,0,02 - Minor,1,,1,,,367449.7109,5017616.461,45.2957085,-75.70122609,10631
18--6488,6/18/2018,11:20 AM,HIGHWAY 417 btwn HWY417 IC124 RAMP65 & HWY417 IC122 RAMP51 (__3ZA2R8),__3ZA2R8,01 - Non intersection,03 - P.D. only,03 - Rear end,01 - Clear,01 - Daylight,01 - Dry,10 - No control,,2,0,0,0,,0,,,,,365138.4225,5028685.121,45.39550509,-75.72934167,10632
18--6489,6/18/2018,11:58 AM,BASELINE RD @ SANDCASTLE DR (0001122),1122,02 - Intersection related,03 - P.D. only,04 - Sideswipe,02 - Rain,01 - Daylight,02 - Wet,01 - Traffic signal,01 - Functioning,2,0,0,0,,0,,,,,359629.683,5021987.526,45.33569333,-75.80043843,10633
18--649,1/11/2018,5:14 PM,ST. LAURENT BLVD btwn HWY417 IC115 RAMP25 & TREMBLAY RD (__3ZA3SJ),__3ZA3SJ,01 - Non intersection,03 - P.D. only,04 - Sideswipe,02 - Rain,05 - Dusk,02 - Wet,10 - No control,,2,0,0,0,,0,,,,,372586.1824,5031265.702,45.41804263,-75.63387244,10634
18--6490,6/18/2018,Unknown,HADLEY CIRC btwn MOODIE DR & TO BE DETERMINED (__3ZABFZ),__3ZABFZ,01 - Non intersection,03 - P.D. only,06 - SMV unattended vehicle,02 - Rain,00 - Unknown,02 - Wet,10 - No control,,1,0,0,0,,0,,,,,357208.4459,5020317.301,45.32084952,-75.83150519,10635
18--6491,6/18/2018,12:12 PM,BERNIER TER btwn BYLOT CRT & KAKULU RD (2) (__3ZACWQ),__3ZACWQ,01 - Non intersection,03 - P.D. only,06 - SMV unattended vehicle,01 - Clear,01 - Daylight,01 - Dry,10 - No control,,1,0,0,0,,0,,,,,352309.7779,5018709.452,45.30673034,-75.89414053,10636
18--6492,6/18/2018,2:14 AM,OLD CARP RD btwn HUNTMAR DR & SECOND LINE RD (__3ZACVV),__3ZACVV,01 - Non intersection,03 - P.D. only,07 - SMV other,01 - Clear,07 - Dark,01 - Dry,10 - No control,,1,0,0,0,,0,,,,,347394.4364,5023203.238,45.34748208,-75.95643289,10637
18--6493,6/18/2018,2:25 PM,BANK ST @ EUCLID AVE (0007221),7221,03 - At intersection,03 - P.D. only,02 - Angle,01 - Clear,01 - Daylight,01 - Dry,02 - Stop sign,01 - Functioning,2,0,0,0,,0,,,,,368706.7139,5028648.556,45.39485952,-75.68377577,10638