Anom_ID,Accident_Date,Accident_Time,Location,Geo_ID,Accident_Location,Classification_of_Accident,Initial_Impact_Type,Environment_Condition,Light,Road_Surface_Condition,Traffic_Control,Traffic_Control_Condition,No__of_Vehicles,No__of_Bicycles,No__of_Motorcycles,No__of_Pedestrians,Max_Injury,No__of_Injuries,No__of_Minimal,No__of_Minor,No__of_Major,No__of_Fatal,X,Y,Latitude,Longitude,ObjectId
18--6494,6/18/2018,2:35 PM,MONTREAL RD @ VANIER PKWY (0004630),4630,02 - Intersection related,03 - P.D. only,03 - Rear end,01 - Clear,01 - Daylight,01 - Dry,01 - Traffic signal,01 - Functioning,2,0,0,0,,0,,,,,370072.7076,5033065.657,45.43447689,-75.66574596,10639
18--6495,6/18/2018,2:45 PM,ALBION RD @ HUNT CLUB RD (0006974),6974,03 - At intersection,02 - Non-fatal injury,05 - Turning movement,01 - Clear,01 - Daylight,01 - Dry,01 - Traffic signal,01 - Functioning,2,0,0,0,01 - Minimal,1,1,,,,371867.7369,5024320.557,45.35562218,-75.64399498,10640
18--6496,6/18/2018,2:50 PM,CARLING AVE @ KIRKWOOD AVE N (0002358),2358,03 - At intersection,03 - P.D. only,04 - Sideswipe,01 - Clear,01 - Daylight,01 - Dry,01 - Traffic signal,01 - Functioning,2,0,0,0,,0,,,,,364275.7559,5027493.459,45.38485654,-75.74050252,10641
18--6497,6/18/2018,3:10 PM,FALLOWFIELD RD btwn ASHDALE AVE & PRINCE OF WALES DR (__3ZA3IQ),__3ZA3IQ,01 - Non intersection,03 - P.D. only,03 - Rear end,01 - Clear,01 - Daylight,01 - Dry,10 - No control,,3,0,0,0,,0,,,,,367269.1108,5019084.461,45.30893346,-75.70334351,10642
18--6498,6/18/2018,3:19 PM,DOYLE RD @ SNAKE ISLAND RD (0001649),1649,03 - At intersection,02 - Non-fatal injury,02 - Angle,02 - Rain,01 - Daylight,02 - Wet,02 - Stop sign,01 - Functioning,2,0,0,0,02 - Minor,1,,1,,,375043.8003,5004189.512,45.17417795,-75.60630963,10643
18--6499,6/18/2018,3:29 PM,ST. LAURENT BLVD btwn SHORE ST & BELFAST RD (__3ZA2GU),__3ZA2GU,01 - Non intersection,03 - P.D. only,03 - Rear end,01 - Clear,01 - Daylight,01 - Dry,10 - No control,,2,0,0,0,,0,,,,,372834.0756,5030645.31,45.41243657,-75.63079104,10644
18--65,1/2/2018,11:32 AM,CLYDE AVE btwn CLYDE AVE & STARWOOD RD (__3ZA2TX),__3ZA2TX,04 - At/near private drive,03 - P.D. only,05 - Turning movement,03 - Snow,01 - Daylight,03 - Loose snow,10 - No control,,2,0,0,0,,0,,,,,364421.0197,5024742.538,45.36009184,-75.73897975,10645
18--650,1/11/2018,5:19 AM,MARCHURST RD btwn JOHN ASELFORD DRWY & MURPHY SIDE RD (__3ZAC3M),__3ZAC3M,01 - Non intersection,03 - P.D. only,07 - SMV other,04 - Freezing Rain,07 - Dark,06 - Ice,10 - No control,,1,0,0,0,,0,,,,,342241.0842,5027445.806,45.38595215,-76.02187321,10646
18--6500,6/18/2018,3:44 PM,FLORA ST @ KENT ST (0007260),7260,03 - At intersection,02 - Non-fatal injury,07 - SMV other,01 - Clear,01 - Daylight,01 - Dry,02 - Stop sign,01 - Functioning,1,0,0,1,01 - Minimal,1,1,,,,367828.7133,5030323.567,45.41001034,-75.69477449,10647
18--6501,6/18/2018,3:52 PM,MONTREAL RD @ DUCHARME BLVD/CANTIN ST (0009319),9319,02 - Intersection related,02 - Non-fatal injury,03 - Rear end,01 - Clear,01 - Daylight,01 - Dry,01 - Traffic signal,01 - Functioning,2,0,0,0,02 - Minor,2,1,1,,,371017.6723,5033565.662,45.43888687,-75.65360237,10648
18--6502,6/18/2018,4:00 PM,ST. JOSEPH BLVD @ JEANNE D'ARC BLVD (0012421),12421,02 - Intersection related,03 - P.D. only,04 - Sideswipe,01 - Clear,01 - Daylight,01 - Dry,11 - Roundabout,00 - Unknown,2,0,0,0,,0,,,,,379860.7432,5036471.623,45.46413909,-75.54014137,10649
18--6503,6/18/2018,4:00 PM,CARLING AVE @ HOLLAND AVE (0002146),2146,02 - Intersection related,03 - P.D. only,03 - Rear end,01 - Clear,01 - Daylight,01 - Dry,01 - Traffic signal,01 - Functioning,2,0,0,0,,0,,,,,365416.7703,5028038.527,45.38966314,-75.7258663,10650
18--6504,6/18/2018,4:38 PM,MERIVALE RD @ MORISSET AVE (0002729),2729,03 - At intersection,03 - P.D. only,02 - Angle,01 - Clear,01 - Daylight,01 - Dry,02 - Stop sign,01 - Functioning,2,0,0,0,,0,,,,,364866.555,5026492.796,45.37580235,-75.73308052,10651
18--6505,6/18/2018,5:10 PM,HIGHWAY 417 btwn HWY417 IC112 RAMP64 & HIGHWAY 417 (__3ZA2U1),__3ZA2U1,01 - Non intersection,03 - P.D. only,04 - Sideswipe,01 - Clear,01 - Daylight,01 - Dry,10 - No control,,2,0,0,0,,0,,,,,375154.1776,5030605.908,45.41185265,-75.60115845,10652
18--6506,6/18/2018,5:40 AM,HIGHWAY 7 btwn TO BE DETERMINED & RAMP (__7JQ7L1),__7JQ7L1,01 - Non intersection,01 - Fatal injury,07 - SMV other,01 - Clear,03 - Dawn,01 - Dry,10 - No control,,1,0,1,0,04 - Fatal,1,,,,1,346188.794,5011761.032,45.244593,-75.97277296,10653
18--6507,6/18/2018,6:20 PM,CONSTELLATION CRES @ BASELINE RD (0011415),11415,02 - Intersection related,03 - P.D. only,03 - Rear end,01 - Clear,01 - Daylight,01 - Dry,01 - Traffic signal,01 - Functioning,2,0,0,0,,0,,,,,362273.3081,5023596.307,45.3499575,-75.76652472,10654
18--6508,6/18/2018,6:21 AM,MICHAEL ST btwn PARISIEN ST & MICHAEL ST (__3ZA2QI),__3ZA2QI,01 - Non intersection,03 - P.D. only,07 - SMV other,01 - Clear,01 - Daylight,01 - Dry,10 - No control,,1,0,0,0,,0,,,,,372861.9288,5031348.88,45.41876425,-75.63033805,10655
18--6509,6/18/2018,6:55 AM,HIGHWAY 417 btwn HWY417 IC124 RAMP65 & HWY417 IC122 RAMP51 (__3ZA2R8),__3ZA2R8,01 - Non intersection,02 - Non-fatal injury,03 - Rear end,01 - Clear,01 - Daylight,01 - Dry,10 - No control,,4,0,0,0,01 - Minimal,1,1,,,,364656.4301,5027821.713,45.38777768,-75.73560199,10656
18--651,1/11/2018,5:32 PM,CARLING AVE @ KIRKWOOD AVE N (0002358),2358,03 - At intersection,02 - Non-fatal injury,05 - Turning movement,02 - Rain,05 - Dusk,02 - Wet,01 - Traffic signal,01 - Functioning,2,0,0,0,02 - Minor,1,,1,,,364274.0002,5027493.647,45.38485838,-75.74052492,10657
18--6510,6/18/2018,7:05 AM,THUNDER RD btwn BOUNDARY RD & HALL RD (__3ZA6VK),__3ZA6VK,01 - Non intersection,03 - P.D. only,03 - Rear end,01 - Clear,01 - Daylight,01 - Dry,10 - No control,,2,0,0,0,,0,,,,,386148.4123,5023493.776,45.34667217,-75.46189002,10658
18--6511,6/18/2018,7:09 AM,REGIONAL ROAD 174 btwn OR174 IC105 RAMP16 & OR174 IC105 RAMP26 (__3ZA1PU),__3ZA1PU,01 - Non intersection,03 - P.D. only,04 - Sideswipe,01 - Clear,01 - Daylight,01 - Dry,10 - No control,,2,0,0,0,,0,,,,,379236.7086,5036939.836,45.4684185,-75.54804935,10659
18--6512,6/18/2018,7:16 PM,EAGLESON RD @ FALLOWFIELD RD (0000118),118,02 - Intersection related,03 - P.D. only,03 - Rear end,02 - Rain,01 - Daylight,02 - Wet,01 - Traffic signal,01 - Functioning,2,0,0,0,,0,,,,,355961.6348,5012594.447,45.25144979,-75.84820415,10660
18--6513,6/18/2018,7:31 PM,CARLING AVE WB btwn SHERBOURNE RD & BROADVIEW AVE (__3ZA4U0),__3ZA4U0,01 - Non intersection,03 - P.D. only,04 - Sideswipe,01 - Clear,01 - Daylight,02 - Wet,10 - No control,,2,0,0,0,,0,,,,,363032.6004,5026545.095,45.37642774,-75.75648795,10661
18--6514,6/18/2018,7:50 PM,HIGHWAY 417 btwn Continuation of HIGHWAY 417 & HWY417 IC134 RAMP51 (__3ZA29B),__3ZA29B,01 - Non intersection,03 - P.D. only,04 - Sideswipe,02 - Rain,01 - Daylight,02 - Wet,10 - No control,,2,0,0,0,,0,,,,,355652.4067,5021792.419,45.33423726,-75.8512004,10662
18--6515,6/18/2018,7:58 AM,CLYDE AVE btwn DOHENY ST & DOBBIE ST (__3ZA0EK),__3ZA0EK,01 - Non intersection,03 - P.D. only,05 - Turning movement,01 - Clear,01 - Daylight,01 - Dry,10 - No control,,2,0,0,0,,0,,,,,363628.0828,5026611.987,45.37697988,-75.74887754,10663
18--6516,6/18/2018,8:31 PM,BRONSON AVE btwn LAURIER AVE W & GLOUCESTER ST (__3ZA33X),__3ZA33X,01 - Non intersection,03 - P.D. only,06 - SMV unattended vehicle,01 - Clear,05 - Dusk,01 - Dry,10 - No control,,1,0,0,0,,0,,,,,366832.855,5030794.611,45.41433764,-75.7074366,10664
18--6517,6/18/2018,8:37 AM,MERIVALE RD @ MACFARLANE RD (0010373),10373,03 - At intersection,02 - Non-fatal injury,02 - Angle,01 - Clear,01 - Daylight,01 - Dry,02 - Stop sign,01 - Functioning,2,0,0,0,02 - Minor,1,,1,,,366153.3626,5020632.423,45.3229602,-75.71737937,10665
18--6518,6/18/2018,9:00 AM,SOUTH GOWER BOUNDARY RD btwn RIVER RD & GABERT RD (__3ZA1HJ),__3ZA1HJ,01 - Non intersection,03 - P.D. only,07 - SMV other,01 - Clear,01 - Daylight,08 - Loose sand or gravel,10 - No control,,1,0,0,0,,0,,,,,374720.1133,4996374.82,45.10389411,-75.61152009,10666
18--6519,6/18/2018,9:03 AM,BYRON AVE @ KIRKWOOD AVE (0006296),6296,02 - Intersection related,02 - Non-fatal injury,03 - Rear end,01 - Clear,01 - Daylight,01 - Dry,01 - Traffic signal,01 - Functioning,2,1,0,0,01 - Minimal,1,1,,,,363866.6913,5028431.555,45.39333198,-75.74561349,10667
18--652,1/11/2018,6:14 PM,FERNBANK RD btwn DWYER HILL RD & MUNSTER RD (__3ZAC55),__3ZAC55,01 - Non intersection,03 - P.D. only,07 - SMV other,02 - Rain,07 - Dark,02 - Wet,10 - No control,,1,0,0,0,,0,,,,,345107.3786,5006970.225,45.20154563,-75.98693582,10668
18--6520,6/18/2018,9:10 AM,ELGIN ST @ SLATER ST (0002228),2228,02 - Intersection related,03 - P.D. only,03 - Rear end,01 - Clear,01 - Daylight,01 - Dry,01 - Traffic signal,01 - Functioning,2,0,0,0,,0,,,,,367890.638,5031646.67,45.42190962,-75.69381406,10669
18--6521,6/18/2018,9:15 AM,BELFAST RD @ ST. LAURENT BLVD (0007658),7658,03 - At intersection,03 - P.D. only,05 - Turning movement,01 - Clear,01 - Daylight,01 - Dry,01 - Traffic signal,01 - Functioning,2,0,0,0,,0,,,,,372860.7874,5030578.483,45.41183269,-75.63045903,10670
18--6522,6/18/2018,9:17 PM,FALCON AVE btwn GREGG ST & BROOKFIELD RD (__3ZA0T2),__3ZA0T2,01 - Non intersection,03 - P.D. only,07 - SMV other,01 - Clear,07 - Dark,01 - Dry,10 - No control,,1,0,0,0,,0,,,,,369630.8014,5026590.006,45.37625241,-75.67224482,10671
18--6523,6/18/2018,9:21 AM,FISHER AVE @ MEADOWLANDS DR (0002120),2120,03 - At intersection,03 - P.D. only,02 - Angle,01 - Clear,01 - Daylight,01 - Dry,01 - Traffic signal,01 - Functioning,2,0,0,0,,0,,,,,366575.0649,5025045.446,45.36263085,-75.71144959,10672
18--6524,6/18/2018,9:25 PM,KING EDWARD AVE @ RIDEAU ST (0002121),2121,03 - At intersection,02 - Non-fatal injury,07 - SMV other,01 - Clear,07 - Dark,01 - Dry,01 - Traffic signal,01 - Functioning,1,0,0,1,02 - Minor,1,,1,,,368511.707,5032413.589,45.42875379,-75.68577951,10673
18--6525,6/18/2018,9:45 AM,MCEWEN AVE btwn AMBLESIDE DR & RICHMOND RD (__3ZBPI8),__3ZBPI8,01 - Non intersection,03 - P.D. only,04 - Sideswipe,02 - Rain,01 - Daylight,02 - Wet,10 - No control,,2,0,0,0,,0,,,,,361035.7556,5025986.388,45.37156365,-75.78204517,10674
18--6526,6/18/2018,9:55 PM,DUMAURIER AVE @ RICHMOND RD (0002679),2679,02 - Intersection related,02 - Non-fatal injury,03 - Rear end,01 - Clear,07 - Dark,01 - Dry,01 - Traffic signal,01 - Functioning,2,0,0,0,02 - Minor,1,,1,,,359627.6987,5023735.556,45.35142228,-75.80027,10675
18--6527,6/19/2018,1:06 PM,STRANDHERD DR @ WOODROFFE AVE (0009688),9688,02 - Intersection related,03 - P.D. only,03 - Rear end,01 - Clear,01 - Daylight,01 - Dry,01 - Traffic signal,01 - Functioning,2,0,0,0,,0,,,,,366106.2783,5015395.156,45.27583984,-75.71862748,10676
18--6528,6/19/2018,1:18 PM,JOCKVALE RD @ LAMING ST/WEYBRIDGE DR W (0000813),813,03 - At intersection,03 - P.D. only,02 - Angle,01 - Clear,01 - Daylight,01 - Dry,02 - Stop sign,01 - Functioning,2,0,0,0,,0,,,,,361915.6749,5015397.436,45.27621326,-75.77203361,10677
18--6529,6/19/2018,1:23 PM,TERRY FOX DR @ 329 N OF CAMPEAU DR/SIGNATURE C (0012719),12719,03 - At intersection,03 - P.D. only,05 - Turning movement,01 - Clear,01 - Daylight,01 - Dry,01 - Traffic signal,01 - Functioning,2,0,0,0,,0,,,,,350061.3254,5019030.688,45.30976941,-75.92278266,10678
18--653,1/11/2018,6:31 AM,HIGHWAY 417 btwn HWY417 IC138 RAMP26 & HWY417 IC138 RAMP61 (__3ZA20H),__3ZA20H,01 - Non intersection,02 - Non-fatal injury,07 - SMV other,01 - Clear,07 - Dark,01 - Dry,10 - No control,,1,0,0,0,02 - Minor,1,,1,,,353173.2526,5020390.521,45.32179801,-75.88296573,10679
18--6530,6/19/2018,1:24 AM,GLADSTONE AVE btwn PERCY ST & BAY ST (__3ZA3PR),__3ZA3PR,04 - At/near private drive,03 - P.D. only,06 - SMV unattended vehicle,01 - Clear,07 - Dark,01 - Dry,10 - No control,,1,0,0,0,,0,,,,,367335.8226,5030210.878,45.40904062,-75.70108511,10680
18--6531,6/19/2018,1:40 PM,AVIATION PKWY btwn RAMP & MONTREAL RD (__3ZA2SR),__3ZA2SR,01 - Non intersection,03 - P.D. only,04 - Sideswipe,01 - Clear,01 - Daylight,01 - Dry,10 - No control,,2,0,0,0,,0,,,,,372097.2369,5034196.207,45.44445713,-75.63971865,10681
18--6532,6/19/2018,1:49 PM,BANK ST @ WILTON CRES (0007712),7712,03 - At intersection,02 - Non-fatal injury,05 - Turning movement,01 - Clear,01 - Daylight,01 - Dry,02 - Stop sign,01 - Functioning,2,1,0,0,02 - Minor,1,,1,,,368577.7564,5028966.568,45.39773265,-75.68538154,10682
18--6533,6/19/2018,10:01 AM,ARGYLE AVE S @ ELGIN ST (0007284),7284,03 - At intersection,02 - Non-fatal injury,05 - Turning movement,01 - Clear,01 - Daylight,01 - Dry,02 - Stop sign,00 - Unknown,2,0,0,0,01 - Minimal,1,1,,,,368509.7437,5030645.647,45.41284665,-75.68603322,10683
18--6534,6/19/2018,10:14 AM,CARLING AVE @ WESTGATE SC E (0008795),8795,03 - At intersection,03 - P.D. only,02 - Angle,01 - Clear,01 - Daylight,01 - Dry,01 - Traffic signal,01 - Functioning,2,0,0,0,,0,,,,,364800.3164,5027659.258,45.38630363,-75.7337844,10684
18--6535,6/19/2018,11:00 PM,HERON RD @ WALKLEY RD (0011256),11256,02 - Intersection related,03 - P.D. only,04 - Sideswipe,01 - Clear,07 - Dark,01 - Dry,01 - Traffic signal,01 - Functioning,3,0,0,0,,0,,,,,372267.1359,5027083.557,45.3804443,-75.6385206,10685
18--6536,6/19/2018,11:03 AM,ST. JOSEPH BLVD @ TENTH LINE RD (0009163),9163,02 - Intersection related,02 - Non-fatal injury,03 - Rear end,01 - Clear,01 - Daylight,01 - Dry,01 - Traffic signal,01 - Functioning,3,0,0,0,02 - Minor,2,1,1,,,382890.8001,5038666.491,45.48355441,-75.50105068,10686
18--6537,6/19/2018,11:17 AM,REGIONAL ROAD 174 btwn TRANSIT & OR174 IC109 RAMP56 (__3ZAZ6U),__3ZAZ6U,01 - Non intersection,03 - P.D. only,99 - Other,01 - Clear,01 - Daylight,01 - Dry,10 - No control,,2,0,0,0,,0,,,,,376053.0631,5034095.022,45.4431547,-75.589171,10687
18--6538,6/19/2018,11:27 AM,REGIONAL ROAD 174 btwn WEST ST & FAUBERT ST (__3ZA27W),__3ZA27W,01 - Non intersection,03 - P.D. only,03 - Rear end,01 - Clear,01 - Daylight,01 - Dry,10 - No control,,2,0,0,0,,0,,,,,390059.8859,5042648.508,45.51854107,-75.4086667,10688
18--6539,6/19/2018,11:30 PM,CALAVERAS AVE btwn PLUMAS GT & PALMADEO DR (__37ZO6M),__37ZO6M,04 - At/near private drive,03 - P.D. only,06 - SMV unattended vehicle,01 - Clear,07 - Dark,01 - Dry,10 - No control,,1,0,0,0,,0,,,,,365017.5168,5015888.407,45.28037219,-75.73244307,10689
18--654,1/11/2018,6:39 AM,THOMAS A. DOLAN PKWY btwn TORWOOD DR & STONERIDGE RD (__3ZAC2A),__3ZAC2A,01 - Non intersection,03 - P.D. only,07 - SMV other,01 - Clear,07 - Dark,04 - Slush,10 - No control,,1,0,0,0,,0,,,,,346282.5498,5035025.181,45.45392501,-75.96962721,10690
18--6540,6/19/2018,11:45 AM,MARENGER ST @ ST. JOSEPH BLVD (0003640),3640,03 - At intersection,03 - P.D. only,05 - Turning movement,01 - Clear,01 - Daylight,01 - Dry,02 - Stop sign,00 - Unknown,2,0,0,0,,0,,,,,379699.7559,5036368.583,45.4632293,-75.54221544,10691
18--6541,6/19/2018,11:59 AM,CHESTERTON DR @ MEADOWLANDS DR (0001110),1110,02 - Intersection related,03 - P.D. only,03 - Rear end,01 - Clear,01 - Daylight,01 - Dry,01 - Traffic signal,01 - Functioning,2,0,0,0,,0,,,,,365101.6634,5024009.529,45.35343812,-75.73038201,10692
18--6542,6/19/2018,Unknown,SOMERSET ST    W btwn BECKINGTON PRIV & BANK ST (__3ZAZQ1),__3ZAZQ1,01 - Non intersection,03 - P.D. only,06 - SMV unattended vehicle,01 - Clear,00 - Unknown,01 - Dry,10 - No control,,1,0,0,0,,0,,,,,367679.7306,5030906.353,45.41526747,-75.69660329,10693
18--6543,6/19/2018,Unknown,VIEWMOUNT DR btwn FARM GATE CRES & OLD COUNTRY GT (__3ZA0AF),__3ZA0AF,01 - Non intersection,03 - P.D. only,06 - SMV unattended vehicle,01 - Clear,00 - Unknown,01 - Dry,10 - No control,,1,0,0,0,,0,,,,,366768.6229,5024006.311,45.35326384,-75.70910936,10694
18--6544,6/19/2018,Unknown,WALLER ST btwn NICHOLAS ST & STEWART ST (__3ZA3VL),__3ZA3VL,01 - Non intersection,03 - P.D. only,06 - SMV unattended vehicle,01 - Clear,00 - Unknown,01 - Dry,10 - No control,,1,0,0,0,,0,,,,,368371.1756,5032013.699,45.42516851,-75.6876269,10695
18--6545,6/19/2018,Unknown,MANN AVE btwn SENTIER PRIV & CHAPEL ST (__3ZAZD5),__3ZAZD5,01 - Non intersection,03 - P.D. only,06 - SMV unattended vehicle,01 - Clear,00 - Unknown,01 - Dry,10 - No control,,1,0,0,0,,0,,,,,369492.7261,5031517.856,45.42060428,-75.67336126,10696
18--6546,6/19/2018,12:37 AM,RUSSLAND RD btwn ROCKDALE RD & DUNNING RD (__3ZA3KV),__3ZA3KV,01 - Non intersection,03 - P.D. only,07 - SMV other,01 - Clear,07 - Dark,01 - Dry,10 - No control,,1,0,0,0,,0,,,,,396277.8464,5022608.365,45.3374584,-75.33281465,10697
18--6547,6/19/2018,12:37 PM,LAURIER AVE   W btwn BANK ST & O'CONNOR ST (__3ZA34B),__3ZA34B,01 - Non intersection,02 - Non-fatal injury,07 - SMV other,01 - Clear,01 - Daylight,01 - Dry,10 - No control,,1,0,0,1,01 - Minimal,1,1,,,,367567.2751,5031317.185,45.4189741,-75.69798763,10698
18--6548,6/19/2018,2:12 PM,EAGLESON RD @ MICHAEL COWPLAND DR/STONEHAVEN D (0003544),3544,02 - Intersection related,02 - Non-fatal injury,07 - SMV other,01 - Clear,01 - Daylight,01 - Dry,01 - Traffic signal,01 - Functioning,1,0,1,0,01 - Minimal,1,1,,,,354382.626,5016623.444,45.28781674,-75.86791709,10699
18--6549,6/19/2018,2:55 PM,WEST HUNT CLUB RD WB btwn WOODROFFE AVE & 354 E OF WOODROFFE AVE/REC P (__3ZA3JEA),__3ZA3JEA,01 - Non intersection,03 - P.D. only,03 - Rear end,01 - Clear,01 - Daylight,01 - Dry,10 - No control,,2,0,0,0,,0,,,,,363949.6314,5021417.675,45.33021499,-75.74539376,10700
18--673,1/12/2018,11:59 AM,DESCHAMPS AVE @ MARIER AVE (0009150),9150,03 - At intersection,03 - P.D. only,03 - Rear end,01 - Clear,01 - Daylight,02 - Wet,02 - Stop sign,01 - Functioning,2,0,0,0,,0,,,,,370370.713,5033345.589,45.43696772,-75.66190026,10701
18--619,1/10/2018,7:20 AM,REGIONAL ROAD 174 btwn OR174 IC101 RAMP36 & OR174 IC101 RAMP26 (__3ZA11R),__3ZA11R,01 - Non intersection,03 - P.D. only,04 - Sideswipe,04 - Freezing Rain,03 - Dawn,06 - Ice,10 - No control,,2,0,0,0,,0,,,,,382657.8829,5038865.875,45.4853743,-75.50399813,10702
18--6190,6/9/2018,3:14 PM,HUNT CLUB RD @ LORRY GREENBERG DR/SABLE RIDGE  (0008203),8203,03 - At intersection,02 - Non-fatal injury,05 - Turning movement,01 - Clear,01 - Daylight,01 - Dry,01 - Traffic signal,01 - Functioning,2,0,0,0,02 - Minor,2,1,1,,,372823.7701,5024807.467,45.35991112,-75.63172725,10703
18--6191,6/9/2018,3:45 PM,FITZGERALD RD @ ROBERTSON RD (0005301),5301,03 - At intersection,03 - P.D. only,05 - Turning movement,01 - Clear,01 - Daylight,01 - Dry,01 - Traffic signal,01 - Functioning,2,0,0,0,,0,,,,,356789.6099,5020289.29,45.32062861,-75.83685022,10704
18--6192,6/9/2018,4:39 PM,ABBEYHILL DR @ EAGLESON RD (0003404),3404,02 - Intersection related,02 - Non-fatal injury,03 - Rear end,01 - Clear,01 - Daylight,01 - Dry,01 - Traffic signal,01 - Functioning,2,0,0,0,01 - Minimal,1,1,,,,353827.6722,5018034.714,45.3005546,-75.87485175,10705
18--6193,6/9/2018,5:11 PM,MARCH RD @ TERRY FOX DR (0003173),3173,02 - Intersection related,03 - P.D. only,07 - SMV other,01 - Clear,01 - Daylight,01 - Dry,01 - Traffic signal,01 - Functioning,1,0,0,0,,0,,,,,349864.609,5023399.509,45.34909381,-75.92489355,10706
18--6194,6/9/2018,5:22 PM,MCBEAN ST btwn HAMILTON ST & MARTIN ST (__3ZBOCK),__3ZBOCK,01 - Non intersection,03 - P.D. only,04 - Sideswipe,01 - Clear,01 - Daylight,01 - Dry,10 - No control,,2,0,0,0,,0,,,,,357016.0809,5005950.581,45.19158904,-75.83546831,10707
18--6195,6/9/2018,6:00 PM,VANIER PKWY NB btwn RIVERSIDE DR & HWY417 IC117 RAMP26 (__3ZA4TH),__3ZA4TH,01 - Non intersection,03 - P.D. only,03 - Rear end,01 - Clear,01 - Daylight,01 - Dry,10 - No control,,2,0,0,0,,0,,,,,370807.4489,5031292.432,45.4184532,-75.65659385,10708
18--6196,6/9/2018,6:20 AM,HIGHWAY 417 btwn Continuation of HIGHWAY 417 & HWY417 IC134 RAMP51 (__3ZA29B),__3ZA29B,01 - Non intersection,03 - P.D. only,07 - SMV other,01 - Clear,01 - Daylight,01 - Dry,10 - No control,,1,0,0,0,,0,,,,,354689.6281,5021228.456,45.32923175,-75.86354007,10709
18--6197,6/9/2018,6:46 PM,STRANDHERD DR @ WOODROFFE AVE (0009688),9688,02 - Intersection related,03 - P.D. only,03 - Rear end,01 - Clear,01 - Daylight,01 - Dry,01 - Traffic signal,01 - Functioning,2,0,0,0,,0,,,,,366106.0054,5015395.28,45.27584098,-75.71863094,10710
18--6198,6/9/2018,7:06 PM,HAWTHORNE RD @ HUNT CLUB RD (0007651),7651,03 - At intersection,02 - Non-fatal injury,05 - Turning movement,01 - Clear,01 - Daylight,01 - Dry,01 - Traffic signal,01 - Functioning,3,0,0,0,03 - Major,7,1,5,1,,375507.7959,5026406.839,45.37403595,-75.59724296,10711
18--6199,6/9/2018,7:17 PM,ARCH ST btwn BANGOR ST & HOLT CRES (__3ZBOZA),__3ZBOZA,01 - Non intersection,03 - P.D. only,06 - SMV unattended vehicle,01 - Clear,01 - Daylight,01 - Dry,10 - No control,,1,0,0,0,,0,,,,,372832.819,5028469.067,45.39285583,-75.63110732,10712
18--62,1/2/2018,11:09 AM,VIEWMOUNT DR @ MERIVALE RD (0001528),1528,03 - At intersection,03 - P.D. only,05 - Turning movement,03 - Snow,01 - Daylight,03 - Loose snow,01 - Traffic signal,01 - Functioning,2,0,0,0,,0,,,,,365194.7424,5022947.799,45.34387682,-75.72932383,10713
18--6730,6/24/2018,1:30 PM,BELMONT @ WILLARD ST (0007519),7519,03 - At intersection,02 - Non-fatal injury,02 - Angle,01 - Clear,01 - Daylight,01 - Dry,02 - Stop sign,01 - Functioning,2,0,0,0,01 - Minimal,1,1,,,,368876.7122,5028466.558,45.39320642,-75.68162839,10714
18--620,1/10/2018,7:35 PM,ST. JOSEPH BLVD @ JEANNE D'ARC BLVD (0012421),12421,03 - At intersection,02 - Non-fatal injury,02 - Angle,04 - Freezing Rain,07 - Dark,06 - Ice,11 - Roundabout,01 - Functioning,2,0,0,0,01 - Minimal,1,1,,,,379860.3941,5036472.278,45.46414502,-75.54014573,10715
18--6731,6/24/2018,1:31 PM,TERRY FOX DR btwn PALLADIUM DR & MAPLE GROVE RD (__3ZA3DN),__3ZA3DN,01 - Non intersection,03 - P.D. only,03 - Rear end,01 - Clear,01 - Daylight,01 - Dry,10 - No control,,3,0,0,0,,0,,,,,351335.1086,5018113.183,45.30143021,-75.90662512,10716
18--6200,6/9/2018,7:45 AM,RITCHIE ST @ HAUGHTON AVE (0002987),2987,02 - Intersection related,03 - P.D. only,05 - Turning movement,01 - Clear,01 - Daylight,01 - Dry,02 - Stop sign,00 - Unknown,2,0,0,0,,0,,,,,359353.7032,5024620.286,45.35940445,-75.80366894,10717
18--6201,6/9/2018,8:00 AM,PHOENIX CRES btwn GRANADA DR & VINCE DR (__3ZA6WA),__3ZA6WA,01 - Non intersection,03 - P.D. only,06 - SMV unattended vehicle,01 - Clear,01 - Daylight,01 - Dry,10 - No control,,1,0,0,0,,0,,,,,383438.8748,5037175.138,45.47007506,-75.49427945,10718
18--6202,6/9/2018,8:30 AM,TEMPLETON ST @ HENDERSON AVE (0007292),7292,02 - Intersection related,02 - Non-fatal injury,07 - SMV other,01 - Clear,01 - Daylight,01 - Dry,02 - Stop sign,01 - Functioning,1,0,0,1,01 - Minimal,1,1,,,,369128.7065,5031547.576,45.42090526,-75.67800831,10719
18--6203,6/9/2018,8:31 AM,CAMPEAU DR @ HERLIHEY WAY (0012766),12766,02 - Intersection related,03 - P.D. only,07 - SMV other,01 - Clear,01 - Daylight,01 - Dry,01 - Traffic signal,01 - Functioning,1,0,0,0,,0,,,,,350508.5849,5019177.484,45.31106135,-75.91706552,10720
18--6204,6/9/2018,8:44 PM,BLAIR RD @ OGILVIE RD (0004120),4120,02 - Intersection related,03 - P.D. only,03 - Rear end,01 - Clear,05 - Dusk,01 - Dry,01 - Traffic signal,01 - Functioning,2,0,0,0,,0,,,,,374507.5448,5033198.624,45.43524523,-75.60905191,10721