Anom_ID,Accident_Date,Accident_Time,Location,Geo_ID,Accident_Location,Classification_of_Accident,Initial_Impact_Type,Environment_Condition,Light,Road_Surface_Condition,Traffic_Control,Traffic_Control_Condition,No__of_Vehicles,No__of_Bicycles,No__of_Motorcycles,No__of_Pedestrians,Max_Injury,No__of_Injuries,No__of_Minimal,No__of_Minor,No__of_Major,No__of_Fatal,X,Y,Latitude,Longitude,ObjectId
18--6205,6/9/2018,9:17 PM,MACKENZIE AVE @ MURRAY ST (0011914),11914,02 - Intersection related,03 - P.D. only,03 - Rear end,01 - Clear,05 - Dusk,01 - Dry,01 - Traffic signal,01 - Functioning,2,0,0,0,,0,,,,,367639.7827,5032383.612,45.42856295,-75.69692521,10722
18--6206,6/9/2018,9:35 PM,SLACK RD @ WOODROFFE AVE (0000102),102,03 - At intersection,02 - Non-fatal injury,04 - Sideswipe,01 - Clear,07 - Dark,01 - Dry,01 - Traffic signal,01 - Functioning,2,1,0,0,03 - Major,1,,,1,,364233.6034,5019974.401,45.31720453,-75.7419445,10723
18--6207,6/9/2018,9:53 AM,BANK ST @ WELLINGTON ST (0002039),2039,03 - At intersection,02 - Non-fatal injury,02 - Angle,01 - Clear,01 - Daylight,01 - Dry,01 - Traffic signal,01 - Functioning,2,1,0,0,02 - Minor,1,,1,,,367257.7067,5031628.574,45.42180359,-75.7019033,10724
18--6208,6/10/2018,1:54 AM,HIGHWAY 416 btwn HWY416 IC66 RAMP53 & HWY416 IC57 RAMP34 (__3ZAZLC),__3ZAZLC,01 - Non intersection,03 - P.D. only,07 - SMV other,01 - Clear,07 - Dark,01 - Dry,10 - No control,,1,0,0,0,,0,,,,,363841.7585,5009735.811,45.22511056,-75.74815931,10725
18--6209,6/10/2018,10:00 AM,RONDEL ST btwn INNES RD & ORIENT PARK DR (__3ZA7MJ),__3ZA7MJ,04 - At/near private drive,03 - P.D. only,05 - Turning movement,01 - Clear,01 - Daylight,01 - Dry,10 - No control,,2,0,0,0,,0,,,,,378837.2192,5033229.98,45.43508234,-75.553716,10726
18--621,1/10/2018,7:40 PM,BLACKBURN BYPASS @ NAVAN RD (0004201),4201,02 - Intersection related,03 - P.D. only,03 - Rear end,04 - Freezing Rain,07 - Dark,06 - Ice,01 - Traffic signal,01 - Functioning,2,0,0,0,,0,,,,,379617.7471,5033274.563,45.43540039,-75.54373454,10727
18--6210,6/10/2018,10:34 AM,BANK ST @ WELLINGTON ST (0002039),2039,02 - Intersection related,02 - Non-fatal injury,03 - Rear end,01 - Clear,01 - Daylight,01 - Dry,01 - Traffic signal,01 - Functioning,2,0,0,0,02 - Minor,2,,2,,,367257.7041,5031628.614,45.42180395,-75.70190333,10728
18--6211,6/10/2018,11:56 PM,BETHAMY LANE btwn ELMRIDGE DR & MONTREAL RD (__3ZA7XJ),__3ZA7XJ,04 - At/near private drive,03 - P.D. only,02 - Angle,01 - Clear,07 - Dark,01 - Dry,10 - No control,,2,0,0,0,,0,,,,,375334.6087,5034329.63,45.44533843,-75.59832024,10729
18--6212,6/10/2018,Unknown,HALYARD WAY btwn BRETTONWOOD RIDGE & CLONRUSH WAY (e___2HHD),e___2HHD,04 - At/near private drive,03 - P.D. only,06 - SMV unattended vehicle,01 - Clear,00 - Unknown,01 - Dry,10 - No control,,1,0,0,0,,0,,,,,349063.49,5018483.783,45.30491179,-75.93555627,10730
18--6213,6/10/2018,Unknown,WESTVIEW AVE btwn BUELL ST & SEBRING AVE (__3ZA086),__3ZA086,01 - Non intersection,03 - P.D. only,06 - SMV unattended vehicle,01 - Clear,00 - Unknown,01 - Dry,10 - No control,,1,0,0,0,,0,,,,,364227.3887,5027806.445,45.38767684,-75.74108243,10731
18--6214,6/10/2018,Unknown,PRESTON ST btwn YOUNG ST & GEORGE ST W (__3ZBODS),__3ZBODS,01 - Non intersection,03 - P.D. only,06 - SMV unattended vehicle,01 - Clear,00 - Unknown,01 - Dry,10 - No control,,1,0,0,0,,0,,,,,366591.4378,5029481.552,45.40254446,-75.71068535,10732
18--6215,6/10/2018,Unknown,O'CONNOR ST btwn WELLINGTON ST & SPARKS ST (__3ZA35T),__3ZA35T,01 - Non intersection,03 - P.D. only,06 - SMV unattended vehicle,01 - Clear,00 - Unknown,01 - Dry,10 - No control,,1,0,0,0,,0,,,,,367452.4416,5031658.47,45.42205517,-75.69941138,10733
18--6216,6/10/2018,2:00 PM,TERRY FOX DR btwn HWY417 IC140 RAMP25 & PALLADIUM DR (__3ZA3DO),__3ZA3DO,01 - Non intersection,03 - P.D. only,03 - Rear end,01 - Clear,01 - Daylight,01 - Dry,10 - No control,,2,0,0,0,,0,,,,,351201.7911,5018265.468,45.30280933,-75.90831072,10734
18--6217,6/10/2018,2:02 PM,HWY 417 PALLADI IC142R36 @ PALLADIUM DR (0010683),10683,03 - At intersection,03 - P.D. only,03 - Rear end,01 - Clear,01 - Daylight,01 - Dry,01 - Traffic signal,01 - Functioning,3,0,1,0,,0,,,,,348774.0564,5017374.317,45.29494664,-75.93934532,10735
18--6218,6/10/2018,2:27 AM,SEYTON DR btwn WIFFEN PRIV & TO BE DETERMINED (__3ZABE7),__3ZABE7,01 - Non intersection,02 - Non-fatal injury,06 - SMV unattended vehicle,01 - Clear,07 - Dark,01 - Dry,10 - No control,,1,0,0,0,02 - Minor,1,,1,,,357195.7423,5019579.198,45.31420893,-75.83174529,10736
18--6219,6/10/2018,2:35 AM,HIGHWAY 416 btwn HWY416 IC49 RAMP34 & HWY416 IC49 RAMP43 (__3ZAZJB),__3ZAZJB,01 - Non intersection,03 - P.D. only,07 - SMV other,01 - Clear,07 - Dark,01 - Dry,10 - No control,,1,0,0,0,,0,,,,,369079.249,5001445.234,45.15005336,-75.6825399,10737
18--622,1/10/2018,7:51 PM,JEANNE D'ARC BLVD @ OR174 IC105 RAMP52 (0012417),12417,02 - Intersection related,02 - Non-fatal injury,02 - Angle,04 - Freezing Rain,07 - Dark,06 - Ice,01 - Traffic signal,01 - Functioning,2,0,0,0,01 - Minimal,1,1,,,,379454.8192,5036918.968,45.46820746,-75.54526355,10738
18--6220,6/10/2018,2:42 AM,TRIM RD btwn BRIARGATE PRIV & BRIARGATE PRIV (__5G4239),__5G4239,01 - Non intersection,03 - P.D. only,07 - SMV other,01 - Clear,07 - Dark,01 - Dry,10 - No control,,1,0,0,0,,0,,,,,386484.723,5037468.202,45.47236216,-75.45528347,10739
18--6221,6/10/2018,3:29 PM,CAMBRIAN RD @ GRAND CANAL ST (0014646),14646,02 - Intersection related,03 - P.D. only,03 - Rear end,01 - Clear,01 - Daylight,01 - Dry,02 - Stop sign,01 - Functioning,2,0,0,0,,0,,,,,364186.2637,5012513.461,45.25007507,-75.74344113,10740
18--6222,6/10/2018,4:49 AM,AMBASSADOR AVE btwn OGILVIE WALK CRES & CITY PARK DR (__3ZAZRK),__3ZAZRK,01 - Non intersection,03 - P.D. only,06 - SMV unattended vehicle,01 - Clear,03 - Dawn,01 - Dry,10 - No control,,1,0,0,0,,0,,,,,374183.9499,5032628.972,45.430152,-75.61326762,10741
18--6223,6/10/2018,5:37 PM,FISHER AVE @ SHILLINGTON AVE (0006792),6792,02 - Intersection related,02 - Non-fatal injury,03 - Rear end,01 - Clear,01 - Daylight,01 - Dry,01 - Traffic signal,01 - Functioning,2,0,0,0,02 - Minor,1,,1,,,365627.041,5027297.939,45.38298126,-75.72327246,10742
18--6224,6/10/2018,6:28 PM,SUMMERLANDS CRES btwn PRESTWICK DR & PRESTWICK DR (__3ZA6RJ),__3ZA6RJ,04 - At/near private drive,03 - P.D. only,07 - SMV other,01 - Clear,01 - Daylight,02 - Wet,10 - No control,,1,0,0,0,,0,,,,,383438.9802,5036275.055,45.46197691,-75.49442211,10743
18--6225,6/10/2018,6:30 PM,LIMEBANK RD btwn RIDEAU RD & MITCH OWENS RD (__3ZA6LY),__3ZA6LY,01 - Non intersection,03 - P.D. only,99 - Other,01 - Clear,01 - Daylight,01 - Dry,10 - No control,,2,0,0,0,,0,,,,,371010.8797,5013639.934,45.25960192,-75.65635697,10744
18--6226,6/10/2018,6:50 PM,9TH LINE RD @ VICTORIA ST (0001624),1624,02 - Intersection related,03 - P.D. only,02 - Angle,01 - Clear,01 - Daylight,01 - Dry,02 - Stop sign,01 - Functioning,2,0,0,0,,0,,,,,387133.2087,5012213.84,45.24506891,-75.45119754,10745
18--6227,6/10/2018,6:51 AM,SWALE RD btwn DEVEREAUX RD & SPRINGHILL RD (__3ZA7IA),__3ZA7IA,01 - Non intersection,02 - Non-fatal injury,07 - SMV other,01 - Clear,01 - Daylight,01 - Dry,10 - No control,,1,0,0,0,02 - Minor,1,,1,,,381220.4816,5005675.766,45.18690882,-75.52750885,10746
18--6228,6/10/2018,7:45 PM,BANK ST btwn BLAIS RD & RIDEAU RD (__3ZA29L),__3ZA29L,01 - Non intersection,03 - P.D. only,03 - Rear end,01 - Clear,01 - Daylight,01 - Dry,10 - No control,,2,0,0,0,,0,,,,,376635.2865,5018598.63,45.30366663,-75.58398323,10747
18--6229,6/10/2018,8:00 PM,CAMBRIDGE ST    N btwn SOMERSET ST W & CHRISTIE ST (__3ZA0WR),__3ZA0WR,01 - Non intersection,03 - P.D. only,06 - SMV unattended vehicle,01 - Clear,01 - Daylight,01 - Dry,10 - No control,,1,0,0,0,,0,,,,,366900.8204,5030428.692,45.41103918,-75.70661443,10748
18--623,1/10/2018,7:54 AM,GREENBANK RD @ HARRISON ST/ASHGROVE CRES (0000627),627,02 - Intersection related,03 - P.D. only,03 - Rear end,01 - Clear,03 - Dawn,06 - Ice,01 - Traffic signal,01 - Functioning,4,0,0,0,,0,,,,,360839.6814,5022007.494,45.33577741,-75.78499922,10749
18--6230,6/10/2018,8:17 PM,CARLING AVE @ DUNDEE AVE (0002769),2769,02 - Intersection related,03 - P.D. only,04 - Sideswipe,01 - Clear,01 - Daylight,01 - Dry,02 - Stop sign,01 - Functioning,2,0,0,0,,0,,,,,360363.8986,5024838.273,45.36128655,-75.79075114,10750
18--6231,6/10/2018,9:26 AM,TORWOOD DR btwn KERSCOTT HEIGHTS WAY & THOMAS A. DOLAN PKWY (__3ZA2TQ),__3ZA2TQ,01 - Non intersection,03 - P.D. only,07 - SMV other,01 - Clear,01 - Daylight,01 - Dry,10 - No control,,1,0,0,0,,0,,,,,345417.87,5034218.438,45.44671662,-75.98074867,10751
18--6232,6/11/2018,1:19 PM,HERRIDGE ST btwn GLENORA ST & MAIN ST (__3ZA95G),__3ZA95G,04 - At/near private drive,03 - P.D. only,06 - SMV unattended vehicle,01 - Clear,01 - Daylight,01 - Dry,10 - No control,,1,0,0,0,,0,,,,,369191.3361,5030036.828,45.40730632,-75.6774055,10752
18--6233,6/11/2018,1:32 PM,CASTLEFRANK RD btwn HAZELDEAN RD & TO BE DETERMINED (__3ZA1Z2),__3ZA1Z2,04 - At/near private drive,03 - P.D. only,02 - Angle,01 - Clear,01 - Daylight,01 - Dry,10 - No control,,2,0,0,0,,0,,,,,352714.1187,5017633.773,45.29702366,-75.88908851,10753
18--6234,6/11/2018,10:34 AM,BEATRICE DR btwn MOUNTSHANNON DR & KILBARRON RD (__3ZA1BJ),__3ZA1BJ,01 - Non intersection,03 - P.D. only,06 - SMV unattended vehicle,01 - Clear,01 - Daylight,01 - Dry,10 - No control,,1,0,0,0,,0,,,,,364922.2149,5016740.62,45.28804853,-75.73355447,10754
18--6235,6/11/2018,10:55 AM,HIGHWAY 417 btwn HWY417 IC123 RAMP62 & HWY417 IC122 RAMP16 (__3ZA2R9),__3ZA2R9,01 - Non intersection,03 - P.D. only,03 - Rear end,01 - Clear,01 - Daylight,01 - Dry,10 - No control,,2,0,0,0,,0,,,,,364853.2298,5028210.829,45.39126203,-75.73304163,10755
18--6236,6/11/2018,11:04 PM,YORK ST WB btwn BYWARD MARKE SQ & SUSSEX DR (__3ZA1B0),__3ZA1B0,01 - Non intersection,03 - P.D. only,99 - Other,01 - Clear,07 - Dark,01 - Dry,10 - No control,,2,0,0,0,,0,,,,,367904.282,5032326.502,45.42802528,-75.69355264,10756
18--6237,6/11/2018,Unknown,LORNE AVE btwn ALBERT ST & PRIMROSE AVE (__3ZA4GO),__3ZA4GO,01 - Non intersection,03 - P.D. only,06 - SMV unattended vehicle,01 - Clear,00 - Unknown,01 - Dry,10 - No control,,1,0,0,0,,0,,,,,366496.3524,5030663.76,45.41319003,-75.7117519,10757
18--6238,6/11/2018,Unknown,CREMONA CRES btwn CREMONA PL & KNOXDALE RD (__3ZABSM),__3ZABSM,01 - Non intersection,03 - P.D. only,06 - SMV unattended vehicle,01 - Clear,00 - Unknown,01 - Dry,10 - No control,,1,0,0,0,,0,,,,,362249.9855,5021309.627,45.32938398,-75.76708786,10758
18--6239,6/11/2018,Unknown,MONTFORT ST btwn MARIER AVE & PARK ST (__3ZA8VD),__3ZA8VD,01 - Non intersection,03 - P.D. only,06 - SMV unattended vehicle,01 - Clear,00 - Unknown,01 - Dry,10 - No control,,1,0,0,0,,0,,,,,370282.8102,5033542.946,45.43875169,-75.66299742,10759
18--624,1/10/2018,8:02 AM,OLD MONTREAL RD W @ REGIONAL RD 174 (0012878),12878,02 - Intersection related,03 - P.D. only,03 - Rear end,01 - Clear,01 - Daylight,02 - Wet,02 - Stop sign,01 - Functioning,2,0,0,0,,0,,,,,392542.7971,5042741.556,45.51907016,-75.37687464,10760
18--6240,6/11/2018,12:08 PM,COVENTRY RD @ VANIER PKWY (0002139),2139,03 - At intersection,03 - P.D. only,02 - Angle,01 - Clear,01 - Daylight,01 - Dry,01 - Traffic signal,01 - Functioning,2,0,0,0,,0,,,,,370676.3094,5031611.809,45.42133918,-75.65822659,10761
18--6241,6/11/2018,12:19 PM,HAWTHORNE RD/RUSSELL RD @ WALKLEY RD (0002618),2618,02 - Intersection related,03 - P.D. only,03 - Rear end,01 - Clear,01 - Daylight,01 - Dry,01 - Traffic signal,01 - Functioning,2,0,0,0,,0,,,,,374674.5257,5028499.652,45.39294968,-75.60758415,10762
18--6242,6/11/2018,12:48 PM,OTTAWA RIVER PKWY OFFR-EB @ PARKDALE AVE (0011241),11241,02 - Intersection related,03 - P.D. only,03 - Rear end,01 - Clear,01 - Daylight,01 - Dry,03 - Yield sign,01 - Functioning,2,0,0,0,,0,,,,,364684.0285,5030331.417,45.41035712,-75.73494487,10763
18--6243,6/11/2018,2:05 AM,HIGHWAY 417 btwn HWY417 IC140 RAMP16 & HWY417 IC140 RAMP61 (__3ZA2QQ),__3ZA2QQ,01 - Non intersection,03 - P.D. only,07 - SMV other,01 - Clear,07 - Dark,01 - Dry,10 - No control,,1,0,0,0,,0,,,,,351077.9003,5018712.435,45.30683943,-75.90984869,10764
18--6244,6/11/2018,2:25 PM,MAIN ST btwn HAZEL ST & HERRIDGE ST (__3ZA3B7),__3ZA3B7,01 - Non intersection,02 - Non-fatal injury,07 - SMV other,01 - Clear,01 - Daylight,01 - Dry,10 - No control,,1,0,0,1,02 - Minor,1,,1,,,369201.6946,5030090.42,45.40778757,-75.67726618,10765
18--6245,6/11/2018,2:47 PM,MORRISON DR @ BASELINE RD (0002570),2570,02 - Intersection related,02 - Non-fatal injury,03 - Rear end,01 - Clear,01 - Daylight,01 - Dry,01 - Traffic signal,01 - Functioning,2,0,0,0,01 - Minimal,1,1,,,,360099.6852,5022309.508,45.33855365,-75.79440624,10766
18--6246,6/11/2018,3:36 PM,WALKLEY RD @ 160 W OF CONROY RD  (0011391),11391,02 - Intersection related,02 - Non-fatal injury,03 - Rear end,01 - Clear,01 - Daylight,01 - Dry,01 - Traffic signal,01 - Functioning,3,0,0,0,01 - Minimal,1,1,,,,372768.6572,5027383.602,45.38309551,-75.63207616,10767
18--6247,6/11/2018,3:40 PM,BRONSON AVE @ BRONSON AVE SB OFF RAMP 34 (0002019),2019,02 - Intersection related,03 - P.D. only,04 - Sideswipe,01 - Clear,01 - Daylight,01 - Dry,10 - No control,,2,1,0,0,,0,,,,,367748.8433,5028477.79,45.39340978,-75.69603037,10768
18--6248,6/11/2018,3:57 PM,WOODROFFE AVE @ KNOXDALE RD/MEDHURST DR (0000519),519,03 - At intersection,03 - P.D. only,05 - Turning movement,01 - Clear,01 - Daylight,01 - Dry,01 - Traffic signal,01 - Functioning,2,0,0,0,,0,,,,,363419.6899,5021826.409,45.33393722,-75.75210554,10769
18--6249,6/11/2018,4:00 PM,BANK ST @ HUNT CLUB RD (0002119),2119,02 - Intersection related,03 - P.D. only,03 - Rear end,01 - Clear,01 - Daylight,01 - Dry,01 - Traffic signal,01 - Functioning,2,0,0,0,,0,,,,,371608.6607,5024096.583,45.35363167,-75.64733155,10770
18--625,1/10/2018,8:16 AM,BASELINE RD btwn FARLANE BLVD & ZENA ST (__3ZA4JH),__3ZA4JH,01 - Non intersection,03 - P.D. only,04 - Sideswipe,01 - Clear,01 - Daylight,05 - Packed snow,10 - No control,,2,0,0,0,,0,,,,,365450.3962,5025576.43,45.36750676,-75.72573933,10771
18--6250,6/11/2018,4:08 PM,BASELINE RD @ WOODROFFE AVE (0002225),2225,02 - Intersection related,03 - P.D. only,03 - Rear end,01 - Clear,01 - Daylight,01 - Dry,01 - Traffic signal,01 - Functioning,2,0,0,0,,0,,,,,362549.6831,5023770.582,45.35150291,-75.76297756,10772
18--6251,6/11/2018,4:30 PM,BASELINE RD @ CENTREPOINTE DR W/COBDEN RD (0002108),2108,03 - At intersection,02 - Non-fatal injury,03 - Rear end,01 - Clear,01 - Daylight,01 - Dry,01 - Traffic signal,01 - Functioning,2,0,0,0,01 - Minimal,2,2,,,,361633.8137,5023207.643,45.34651243,-75.77472997,10773
18--6252,6/11/2018,4:30 PM,CEDARVIEW RD @ WEST HUNT CLUB RD (0010267),10267,02 - Intersection related,02 - Non-fatal injury,03 - Rear end,01 - Clear,01 - Daylight,01 - Dry,01 - Traffic signal,01 - Functioning,3,0,0,0,02 - Minor,2,,2,,,359718.8552,5019554.549,45.31379434,-75.79957063,10774
18--6253,6/11/2018,4:33 PM,MEADOWLANDS DR btwn TURN LANE & SULLIVAN AVE (__3ZA3GE),__3ZA3GE,01 - Non intersection,03 - P.D. only,03 - Rear end,01 - Clear,01 - Daylight,01 - Dry,10 - No control,,2,0,0,0,,0,,,,,363119.306,5022765.585,45.34241289,-75.75582695,10775
18--6254,6/11/2018,4:36 PM,RUSSELL RD S @ ST. LAURENT BLVD (0007734),7734,03 - At intersection,02 - Non-fatal injury,05 - Turning movement,01 - Clear,01 - Daylight,01 - Dry,01 - Traffic signal,01 - Functioning,3,0,0,0,02 - Minor,1,,1,,,373569.3992,5029260.677,45.39990643,-75.62159071,10776
18--6255,6/11/2018,4:53 PM,BRIAN COBURN BLVD @ NANTES ST (0013816),13816,03 - At intersection,03 - P.D. only,02 - Angle,01 - Clear,01 - Daylight,01 - Dry,02 - Stop sign,01 - Functioning,2,0,0,0,,0,,,,,386131.2701,5035613.092,45.45571297,-75.46011018,10777
18--6256,6/11/2018,5:24 PM,CORONATION AVE btwn NEIGHBORHOOD WAY & CHOMLEY CRES (__3ZBOUX),__3ZBOUX,01 - Non intersection,02 - Non-fatal injury,07 - SMV other,01 - Clear,01 - Daylight,01 - Dry,10 - No control,,1,0,0,0,02 - Minor,1,,1,,,371432.4361,5030432.673,45.41065821,-75.64872523,10778
18--6257,6/11/2018,5:37 PM,MAITLAND AVE @ DUNCAN PL (0006514),6514,03 - At intersection,03 - P.D. only,02 - Angle,01 - Clear,01 - Daylight,01 - Dry,02 - Stop sign,01 - Functioning,3,0,0,0,,0,,,,,363002.5316,5026339.596,45.37458119,-75.75689606,10779
18--6258,6/11/2018,6:00 PM,CUMMINGS AVE @ OGILVIE RD (0009923),9923,03 - At intersection,03 - P.D. only,05 - Turning movement,01 - Clear,01 - Daylight,01 - Dry,01 - Traffic signal,01 - Functioning,2,0,0,0,,0,,,,,372748.7422,5032170.681,45.42616943,-75.63167078,10780
18--6259,6/11/2018,6:06 PM,PRESTON ST btwn LOUISA ST & ST. ANTHONY ST (__3ZA2G7),__3ZA2G7,01 - Non intersection,03 - P.D. only,05 - Turning movement,01 - Clear,01 - Daylight,01 - Dry,10 - No control,,2,0,0,0,,0,,,,,366532.2634,5029615.427,45.40375425,-75.71142441,10781
18--626,1/10/2018,8:16 AM,BASELINE RD btwn FARLANE BLVD & ZENA ST (__3ZA4JH),__3ZA4JH,01 - Non intersection,03 - P.D. only,03 - Rear end,01 - Clear,01 - Daylight,05 - Packed snow,10 - No control,,2,0,0,0,,0,,,,,365441.8226,5025571.041,45.36745902,-75.72584943,10782
18--6260,6/11/2018,6:44 PM,WALKLEY RD @ HEATHERINGTON RD (0006928),6928,03 - At intersection,02 - Non-fatal injury,07 - SMV other,01 - Clear,01 - Daylight,01 - Dry,01 - Traffic signal,01 - Functioning,1,0,0,1,01 - Minimal,1,1,,,,371766.7249,5026794.527,45.37789173,-75.64494877,10783
18--6261,6/11/2018,7:28 PM,RAMSAYVILLE RD @ RIDEAU RD (0009402),9402,02 - Intersection related,03 - P.D. only,07 - SMV other,01 - Clear,01 - Daylight,01 - Dry,02 - Stop sign,01 - Functioning,1,0,0,0,,0,,,,,380352.7796,5019957.477,45.31550281,-75.53637854,10784
18--6262,6/11/2018,7:42 PM,MITCH OWENS RD/BRIDGE ST @ RIVER RD (0003573),3573,02 - Intersection related,03 - P.D. only,03 - Rear end,01 - Clear,01 - Daylight,01 - Dry,01 - Traffic signal,03 - Obscured,2,0,0,0,,0,,,,,369499.7214,5010770.415,45.23392286,-75.67598317,10785
18--6263,6/11/2018,7:56 AM,INNES RD btwn HWY417 IC112 RAMP66 & CYRVILLE RD (__3ZA3RCB),__3ZA3RCB,01 - Non intersection,03 - P.D. only,03 - Rear end,01 - Clear,01 - Daylight,01 - Dry,10 - No control,,3,0,0,0,,0,,,,,374987.3336,5031078.026,45.41611727,-75.60322255,10786
18--6264,6/11/2018,8:00 AM,HIGHWAY 417 btwn HWY417 IC124 RAMP67 & HWY417 IC123 RAMP62 (__3ZA2YZ),__3ZA2YZ,01 - Non intersection,02 - Non-fatal injury,03 - Rear end,01 - Clear,01 - Daylight,01 - Dry,10 - No control,,5,0,0,0,01 - Minimal,2,2,,,,364679.9803,5027893.201,45.38841891,-75.7352926,10787
18--6265,6/11/2018,9:30 AM,BASELINE RD @ CLYDE AVE (0002343),2343,02 - Intersection related,03 - P.D. only,03 - Rear end,01 - Clear,01 - Daylight,01 - Dry,01 - Traffic signal,01 - Functioning,2,0,1,0,,0,,,,,364358.8083,5024890.178,45.36142557,-75.73975597,10788
18--6266,6/11/2018,9:30 AM,CATHERINE ST @ METCALFE ST (0011239),11239,02 - Intersection related,03 - P.D. only,04 - Sideswipe,01 - Clear,01 - Daylight,01 - Dry,01 - Traffic signal,01 - Functioning,2,0,0,0,,0,,,,,368392.6614,5030486.563,45.41142591,-75.68754945,10789
18--6267,6/11/2018,9:55 AM,MOODIE DR btwn FALLOWFIELD RD & BRIDE PRIV (__6KFIGW),__6KFIGW,04 - At/near private drive,03 - P.D. only,04 - Sideswipe,01 - Clear,01 - Daylight,01 - Dry,10 - No control,,2,0,0,0,,0,,,,,359539.2462,5014547.808,45.26875722,-75.80241369,10790
18--6268,6/12/2018,11:16 AM,FIELD ST btwn CALDER AVE & BERWICK AVE (__3ZBOKW),__3ZBOKW,01 - Non intersection,03 - P.D. only,06 - SMV unattended vehicle,01 - Clear,01 - Daylight,01 - Dry,10 - No control,,1,0,0,0,,0,,,,,362638.442,5024553.102,45.35853664,-75.76175333,10791
18--6269,6/12/2018,Unknown,OTTAWA RIVER PKWY @ ISLAND PARK DR (0002127),2127,03 - At intersection,03 - P.D. only,03 - Rear end,01 - Clear,07 - Dark,01 - Dry,01 - Traffic signal,01 - Functioning,2,0,0,0,,0,,,,,363298.6949,5029453.563,45.40257552,-75.75274598,10792
18--627,1/10/2018,8:25 AM,ELGIN ST @ SOMERSET ST (0006936),6936,03 - At intersection,03 - P.D. only,05 - Turning movement,01 - Clear,01 - Daylight,02 - Wet,01 - Traffic signal,01 - Functioning,2,0,0,0,,0,,,,,368163.6633,5031198.572,45.41785311,-75.69038326,10793
18--6270,6/12/2018,12:18 PM,HOBIN ST btwn BIRDSTONE AVE & PULLMAN AVE (__3ZACPI),__3ZACPI,04 - At/near private drive,03 - P.D. only,02 - Angle,01 - Clear,01 - Daylight,01 - Dry,10 - No control,,2,0,0,0,,0,,,,,349287.7631,5013701.805,45.26186778,-75.93312521,10794
18--6271,6/12/2018,12:20 PM,INDUSTRIAL AVE/INNES RD @ ST. LAURENT BLVD (0002203),2203,03 - At intersection,03 - P.D. only,05 - Turning movement,01 - Clear,01 - Daylight,01 - Dry,01 - Traffic signal,01 - Functioning,2,0,0,0,,0,,,,,373099.6032,5030005.523,45.4066542,-75.62748767,10795
18--6272,6/12/2018,12:33 PM,SPRATT RD btwn LIMEBANK RD & END (__6A6MHG),__6A6MHG,01 - Non intersection,03 - P.D. only,07 - SMV other,01 - Clear,01 - Daylight,01 - Dry,10 - No control,,1,0,0,0,,0,,,,,370249.3166,5017028.984,45.2901673,-75.6656128,10796
18--6273,6/12/2018,2:02 PM,WALKLEY RD @ 160 W OF CONROY RD  (0011391),11391,03 - At intersection,02 - Non-fatal injury,05 - Turning movement,01 - Clear,01 - Daylight,01 - Dry,01 - Traffic signal,01 - Functioning,2,0,0,0,02 - Minor,1,,1,,,372768.6675,5027383.622,45.38309568,-75.63207603,10797
18--6274,6/12/2018,2:34 PM,TRIM RD btwn WALL RD & NAVAN RD (__3ZA1D8),__3ZA1D8,04 - At/near private drive,03 - P.D. only,03 - Rear end,01 - Clear,01 - Daylight,01 - Dry,10 - No control,,2,0,0,0,,0,,,,,387965.5753,5033838.921,45.43953491,-75.43696094,10798
18--6275,6/12/2018,2:40 PM,CAMPEAU DR @ TERRY FOX DR (0008211),8211,03 - At intersection,03 - P.D. only,05 - Turning movement,01 - Clear,01 - Daylight,01 - Dry,01 - Traffic signal,01 - Functioning,2,0,0,0,,0,,,,,350455.7635,5019010.143,45.30955901,-75.91775455,10799
18--6276,6/12/2018,2:42 PM,INNES RD btwn PRESTWICK DR & TENTH LINE RD (__3ZA3Y7),__3ZA3Y7,04 - At/near private drive,02 - Non-fatal injury,02 - Angle,01 - Clear,01 - Daylight,01 - Dry,10 - No control,,2,1,0,0,01 - Minimal,1,1,,,,383910.8096,5036142.54,45.46073139,-75.48841097,10800
18--6277,6/12/2018,3:20 PM,BROADVIEW AVE @ RICHMOND RD (0006612),6612,03 - At intersection,03 - P.D. only,05 - Turning movement,01 - Clear,01 - Daylight,01 - Dry,02 - Stop sign,01 - Functioning,2,0,0,0,,0,,,,,362679.4417,5027865.66,45.38833928,-75.76084187,10801
18--6278,6/12/2018,3:30 PM,OTTAWA RIVER PKWY @ ISLAND PARK DR (0002127),2127,03 - At intersection,03 - P.D. only,05 - Turning movement,01 - Clear,01 - Daylight,01 - Dry,01 - Traffic signal,01 - Functioning,2,0,0,0,,0,,,,,363298.6949,5029453.564,45.40257553,-75.75274598,10802
18--6279,6/12/2018,3:36 PM,GREENBANK RD btwn BATEMAN DR/BELLMAN DR & GREENBANK SQUARE SC (__3ZA4YOA),__3ZA4YOA,01 - Non intersection,03 - P.D. only,03 - Rear end,01 - Clear,01 - Daylight,01 - Dry,10 - No control,,2,0,0,0,,0,,,,,361264.1315,5021000.705,45.3266843,-75.77969901,10803
18--6732,6/24/2018,1:38 PM,BRONSON AVE @ BRONSON AVE NB ON RAMP 42 (0011234),11234,02 - Intersection related,02 - Non-fatal injury,04 - Sideswipe,01 - Clear,01 - Daylight,01 - Dry,03 - Yield sign,01 - Functioning,2,0,0,0,01 - Minimal,1,1,,,,367753.1928,5028446.51,45.39312794,-75.69597882,10804