Anom_ID,Accident_Date,Accident_Time,Location,Geo_ID,Accident_Location,Classification_of_Accident,Initial_Impact_Type,Environment_Condition,Light,Road_Surface_Condition,Traffic_Control,Traffic_Control_Condition,No__of_Vehicles,No__of_Bicycles,No__of_Motorcycles,No__of_Pedestrians,Max_Injury,No__of_Injuries,No__of_Minimal,No__of_Minor,No__of_Major,No__of_Fatal,X,Y,Latitude,Longitude,ObjectId
18--6733,6/24/2018,1:38 PM,RIVERSIDE DR @ WALKLEY RD (0002158),2158,02 - Intersection related,03 - P.D. only,03 - Rear end,01 - Clear,01 - Daylight,01 - Dry,01 - Traffic signal,00 - Unknown,2,0,0,0,,0,,,,,368418.7263,5024853.535,45.3607392,-75.68794255,10805
18--6734,6/24/2018,11:00 AM,BIRKENDALE DR btwn EDENVALE DR & TEESWATER ST (__3ZAZ80),__3ZAZ80,04 - At/near private drive,03 - P.D. only,06 - SMV unattended vehicle,01 - Clear,01 - Daylight,01 - Dry,10 - No control,,1,0,0,0,,0,,,,,352548.036,5020174.304,45.31989525,-75.89096119,10806
18--6735,6/24/2018,11:19 AM,HOLLAND AVE @ WELLINGTON ST (0002364),2364,02 - Intersection related,03 - P.D. only,03 - Rear end,01 - Clear,01 - Daylight,01 - Dry,01 - Traffic signal,01 - Functioning,2,0,0,0,,0,,,,,364929.6784,5029153.583,45.39973817,-75.73195046,10807
18--6736,6/24/2018,Unknown,BRECKENRIDGE CRES btwn TO BE DETERMINED & WEATHERSTON ST (__4FPAWG),__4FPAWG,01 - Non intersection,03 - P.D. only,06 - SMV unattended vehicle,01 - Clear,00 - Unknown,01 - Dry,10 - No control,,1,0,0,0,,0,,,,,349023.5427,5024063.468,45.3551218,-75.93556718,10808
18--6737,6/24/2018,12:15 AM,INNES RD @ ORCHARDVIEW AVE/ESPRIT DR (0012279),12279,02 - Intersection related,03 - P.D. only,07 - SMV other,02 - Rain,07 - Dark,02 - Wet,01 - Traffic signal,01 - Functioning,1,0,0,0,,0,,,,,384844.7645,5036560.559,45.46438595,-75.47640234,10809
18--6738,6/24/2018,12:40 PM,FLORA ST btwn BRONSON AVE & PERCY ST (__3ZA89E),__3ZA89E,01 - Non intersection,03 - P.D. only,06 - SMV unattended vehicle,01 - Clear,01 - Daylight,01 - Dry,10 - No control,,1,0,0,0,,0,,,,,367223.1049,5029960.223,45.40679536,-75.70255671,10810
18--6739,6/24/2018,12:41 AM,GREENBANK RD @ IRIS ST/HWY 417 IC129 RAMP51 (0009073),9073,03 - At intersection,03 - P.D. only,02 - Angle,01 - Clear,07 - Dark,02 - Wet,01 - Traffic signal,01 - Functioning,2,0,0,0,,0,,,,,360531.294,5023312.52,45.34754458,-75.78878657,10811
18--674,1/12/2018,Unknown,AXIS WAY btwn COMPASS ST & LYNN VALLEY TERR (e___2JZC),e___2JZC,01 - Non intersection,03 - P.D. only,06 - SMV unattended vehicle,02 - Rain,00 - Unknown,02 - Wet,10 - No control,,1,0,0,0,,0,,,,,382207.243,5033643.472,45.43843767,-75.51058438,10812
18--6740,6/24/2018,12:55 PM,HIGHWAY 417 btwn HWY417 IC124 RAMP65 & HWY417 IC122 RAMP51 (__3ZA2R8),__3ZA2R8,01 - Non intersection,03 - P.D. only,03 - Rear end,01 - Clear,01 - Daylight,01 - Dry,10 - No control,,2,0,0,0,,0,,,,,364664.0753,5027833.41,45.38788228,-75.73550295,10813
18--6741,6/24/2018,2:01 PM,FALLOWFIELD RD @ STRANDHERD DR (0005238),5238,02 - Intersection related,03 - P.D. only,03 - Rear end,01 - Clear,01 - Daylight,01 - Dry,01 - Traffic signal,01 - Functioning,2,0,0,0,,0,,,,,360752.2237,5014962.079,45.27238942,-75.78691025,10814
18--6742,6/24/2018,2:30 AM,HIGHWAY 416 btwn HWY416 IC57 RAMP62 & HIGHWAY 416 (__6KDTT3),__6KDTT3,01 - Non intersection,03 - P.D. only,07 - SMV other,01 - Clear,07 - Dark,01 - Dry,10 - No control,,1,0,0,0,,0,,,,,364489.5981,5008479.75,45.21375381,-75.74006099,10815
18--6743,6/24/2018,2:45 PM,RIVERSIDE DR @ TREMBLAY RD/HWY417 IC117 RAMP52 (0010790),10790,02 - Intersection related,02 - Non-fatal injury,03 - Rear end,01 - Clear,01 - Daylight,01 - Dry,01 - Traffic signal,01 - Functioning,2,0,0,0,01 - Minimal,8,8,,,,370802.0524,5031015.947,45.41596601,-75.65669983,10816
18--6744,6/24/2018,4:30 PM,GEORGE ST btwn BY WARD MARKET SQ & WILLIAM ST (__3ZA8ZU),__3ZA8ZU,01 - Non intersection,03 - P.D. only,06 - SMV unattended vehicle,01 - Clear,01 - Daylight,01 - Dry,10 - No control,,1,0,0,0,,0,,,,,368045.5136,5032231.411,45.42715693,-75.69176015,10817
18--6745,6/24/2018,5:28 PM,ISLAND PARK DR btwn CLEARVIEW AVE & OTTAWA RIVER PKWY (__3ZA23A),__3ZA23A,01 - Non intersection,02 - Non-fatal injury,03 - Rear end,01 - Clear,01 - Daylight,01 - Dry,10 - No control,,2,0,0,0,01 - Minimal,1,1,,,,363480.6335,5029388.151,45.40197173,-75.75042991,10818
18--6746,6/24/2018,5:47 PM,HOPE SIDE RD btwn Continuation of HOPE SIDE RD & CROWNRIDGE DR (__5RG5H2),__5RG5H2,01 - Non intersection,02 - Non-fatal injury,07 - SMV other,01 - Clear,01 - Daylight,01 - Dry,10 - No control,,1,0,0,0,02 - Minor,1,,1,,,355901.0239,5014880.647,45.27202594,-75.84874112,10819
18--6747,6/24/2018,6:08 PM,PINECREST RD btwn FALLIS AVE & HARWOOD AVE (__3ZA4M5),__3ZA4M5,01 - Non intersection,03 - P.D. only,03 - Rear end,01 - Clear,01 - Daylight,02 - Wet,10 - No control,,2,0,0,0,,0,,,,,360208.8353,5024122.531,45.3548586,-75.79281053,10820
18--6748,6/24/2018,7:00 PM,HIGHWAY 417 btwn HWY417 IC163 RAMP15 & HWY417 IC155 RAMP51 (__3ZAZNS),__3ZAZNS,01 - Non intersection,03 - P.D. only,07 - SMV other,01 - Clear,01 - Daylight,01 - Dry,10 - No control,,1,0,0,0,,0,,,,,338094.9977,5019690.781,45.31637852,-76.07533982,10821
18--6749,6/24/2018,7:21 AM,UPLANDS DR @ AIRPORT PKWY RAMP 36 (0008654),8654,02 - Intersection related,03 - P.D. only,03 - Rear end,01 - Clear,01 - Daylight,01 - Dry,03 - Yield sign,00 - Unknown,2,0,0,0,,0,,,,,371084.758,5021380.507,45.32924294,-75.6543812,10822
18--675,1/12/2018,Unknown,AYERS AVE btwn WALKLEY RD & END (__3ZBPML),__3ZBPML,01 - Non intersection,03 - P.D. only,06 - SMV unattended vehicle,03 - Snow,00 - Unknown,04 - Slush,10 - No control,,1,0,0,0,,0,,,,,370544.1571,5026095.493,45.37171784,-75.66065023,10823
18--6750,6/24/2018,7:28 AM,GALETTA SIDE RD S @ HIGHWAY 15 (0001666),1666,03 - At intersection,02 - Non-fatal injury,02 - Angle,01 - Clear,01 - Daylight,01 - Dry,02 - Stop sign,01 - Functioning,2,0,0,0,03 - Major,3,,,3,,318994.4753,5027166.697,45.38429745,-76.31874029,10824
18--6751,6/24/2018,8:26 PM,HERON RD btwn WILDWOOD AVE & BANK ST (__3ZA2FC),__3ZA2FC,04 - At/near private drive,03 - P.D. only,02 - Angle,01 - Clear,05 - Dusk,02 - Wet,10 - No control,,2,0,0,0,,0,,,,,369977.3746,5026850.262,45.37856195,-75.66778591,10825
18--6752,6/24/2018,8:47 PM,CYRVILLE RD btwn STAR TOP RD & MEADOWBROOK RD (__3ZA3SN),__3ZA3SN,04 - At/near private drive,03 - P.D. only,03 - Rear end,02 - Rain,05 - Dusk,02 - Wet,10 - No control,,2,0,0,0,,0,,,,,374377.9483,5031323.235,45.41838439,-75.61097304,10826
18--6753,6/24/2018,9:24 PM,BRIAN COBURN BLVD @ TENTH LINE RD (0013966),13966,02 - Intersection related,03 - P.D. only,07 - SMV other,01 - Clear,07 - Dark,01 - Dry,01 - Traffic signal,01 - Functioning,1,0,0,0,,0,,,,,384428.3389,5035022.308,45.45059377,-75.48197576,10827
18--6754,6/25/2018,1:05 PM,ST. PATRICK ST @ SUSSEX DR (0011910),11910,03 - At intersection,03 - P.D. only,05 - Turning movement,01 - Clear,01 - Daylight,01 - Dry,01 - Traffic signal,01 - Functioning,2,0,0,0,,0,,,,,367666.9144,5032462.364,45.4292691,-75.69656846,10828
18--6755,6/25/2018,1:44 PM,JINKINSON RD btwn FERNBANK RD & HAZELDEAN RD (__7JQ7K3),__7JQ7K3,04 - At/near private drive,02 - Non-fatal injury,07 - SMV other,01 - Clear,01 - Daylight,01 - Dry,10 - No control,,1,0,1,0,02 - Minor,1,,1,,,345854.0654,5011355.987,45.24096782,-75.97707013,10829
18--6756,6/25/2018,1:45 PM,HIGHWAY 417 btwn HWY 417 ANDERSON IC104R61 & HWY 417 BOUNDARY IC96R16 (__3ZA2W5),__3ZA2W5,01 - Non intersection,03 - P.D. only,03 - Rear end,01 - Clear,01 - Daylight,01 - Dry,10 - No control,,2,0,0,0,,0,,,,,386200.729,5024146.597,45.35253966,-75.46111505,10830
18--6757,6/25/2018,10:08 AM,REGIONAL RD 174 @ TRIM RD (0012835),12835,02 - Intersection related,03 - P.D. only,03 - Rear end,01 - Clear,01 - Daylight,01 - Dry,01 - Traffic signal,01 - Functioning,2,0,0,0,,0,,,,,384351.8308,5039990.405,45.49530074,-75.48214936,10831
18--6758,6/25/2018,11:16 AM,INNES RD btwn HWY417 IC112 RAMP66 & 215 W OF CYRVILLE RD/HOME DEPOT W (__3ZA3RCA),__3ZA3RCA,01 - Non intersection,03 - P.D. only,03 - Rear end,01 - Clear,01 - Daylight,01 - Dry,10 - No control,,2,0,0,0,,0,,,,,374848.2181,5030993.464,45.41537037,-75.60501182,10832
18--6759,6/25/2018,11:17 AM,POTTS PRIV btwn PINNACLE ST & END (__7NHFJI),__7NHFJI,04 - At/near private drive,03 - P.D. only,02 - Angle,01 - Clear,01 - Daylight,01 - Dry,10 - No control,,2,0,0,0,,0,,,,,386855.2353,5036180.874,45.46073666,-75.45076047,10833
18--676,1/12/2018,Unknown,RUSSELL AVE btwn TEMPLETON ST & MANN AVE (__3ZA9VM),__3ZA9VM,01 - Non intersection,03 - P.D. only,06 - SMV unattended vehicle,03 - Snow,00 - Unknown,03 - Loose snow,10 - No control,,1,0,0,0,,0,,,,,369415.7106,5031595.576,45.42131069,-75.67433506,10834
18--6760,6/25/2018,11:23 PM,CAMPEAU DR @ HUNTMAR DR (0011612),11612,02 - Intersection related,03 - P.D. only,03 - Rear end,01 - Clear,07 - Dark,01 - Dry,11 - Roundabout,01 - Functioning,2,0,0,0,,0,,,,,349053.6082,5018056.464,45.30106727,-75.93572042,10835
18--6761,6/25/2018,11:41 AM,COVENTRY RD @ VANIER PKWY (0002139),2139,02 - Intersection related,02 - Non-fatal injury,03 - Rear end,01 - Clear,01 - Daylight,01 - Dry,01 - Traffic signal,01 - Functioning,2,0,0,0,02 - Minor,1,,1,,,370676.3854,5031611.703,45.42133822,-75.65822563,10836
18--6762,6/25/2018,11:58 AM,REGIONAL ROAD 174 btwn OR174 IC105 RAMP51 & OR174 IC105 RAMP35 (__3ZA2XC),__3ZA2XC,01 - Non intersection,02 - Non-fatal injury,03 - Rear end,01 - Clear,01 - Daylight,01 - Dry,10 - No control,,2,0,0,0,02 - Minor,3,,3,,,379470.8344,5037036.214,45.46926064,-75.54504095,10837
18--6763,6/25/2018,Unknown,ARDELL GRV btwn CONOVER ST & CHARING RD (__3ZABT1),__3ZABT1,01 - Non intersection,03 - P.D. only,06 - SMV unattended vehicle,01 - Clear,00 - Unknown,01 - Dry,10 - No control,,1,0,0,0,,0,,,,,361927.5217,5021565.146,45.33170945,-75.77117183,10838
18--6764,6/25/2018,Unknown,YORK ST EB btwn CUMBERLAND ST & KING EDWARD AVE (__3ZA7AQ),__3ZA7AQ,01 - Non intersection,03 - P.D. only,06 - SMV unattended vehicle,01 - Clear,00 - Unknown,01 - Dry,10 - No control,,1,0,0,0,,0,,,,,368276.2783,5032529.925,45.42982195,-75.68877293,10839
18--6765,6/25/2018,12:49 PM,MERIVALE RD @ WOODFIELD DR/ROYDON PL (0009776),9776,02 - Intersection related,03 - P.D. only,03 - Rear end,01 - Clear,01 - Daylight,01 - Dry,01 - Traffic signal,01 - Functioning,2,0,0,0,,0,,,,,365462.6226,5022298.5,45.3380114,-75.72598543,10840
18--6766,6/25/2018,2:00 PM,O'CONNOR ST btwn MCLEOD ST & ARGYLE AVE (__3ZBOE5),__3ZBOE5,01 - Non intersection,03 - P.D. only,04 - Sideswipe,01 - Clear,01 - Daylight,01 - Dry,10 - No control,,2,0,0,0,,0,,,,,368122.9875,5030584.526,45.41233181,-75.69098184,10841
18--6767,6/25/2018,3:14 AM,INNES RD WB btwn INNES RD E/BLACKBURN BYPASS & ORLEANS BLVD (__3ZA1ZJ),__3ZA1ZJ,01 - Non intersection,03 - P.D. only,07 - SMV other,01 - Clear,07 - Dark,01 - Dry,10 - No control,,1,0,0,0,,0,,,,,380151.1851,5034112.205,45.44287959,-75.53678926,10842
18--6768,6/25/2018,3:43 PM,LONG ACRES ST btwn BRIDLEGLEN CRES E & BRIDLEGLEN CRES W (__5WIIJD),__5WIIJD,04 - At/near private drive,03 - P.D. only,02 - Angle,01 - Clear,01 - Daylight,01 - Dry,10 - No control,,2,0,0,0,,0,,,,,356225.332,5016274.306,45.28454272,-75.84446385,10843
18--6769,6/25/2018,3:50 PM,CONROY RD @ WALKLEY RD (0002648),2648,02 - Intersection related,03 - P.D. only,03 - Rear end,01 - Clear,01 - Daylight,01 - Dry,01 - Traffic signal,01 - Functioning,2,0,0,0,,0,,,,,372903.754,5027463.536,45.3838016,-75.63034022,10844
18--677,1/12/2018,Unknown,COLONEL BY DR btwn UNIVERSITY RD & COLONEL BY DR SB ON RAMP 43 (__3ZA213),__3ZA213,01 - Non intersection,03 - P.D. only,06 - SMV unattended vehicle,02 - Rain,00 - Unknown,02 - Wet,10 - No control,,1,0,0,0,,0,,,,,367352.5574,5027083.927,45.38090368,-75.70126782,10845
18--6770,6/25/2018,4:02 PM,PALLADIUM DR @ SILVER SEVEN RD (0011839),11839,02 - Intersection related,03 - P.D. only,05 - Turning movement,01 - Clear,01 - Daylight,01 - Dry,01 - Traffic signal,01 - Functioning,2,0,0,0,,0,,,,,351051.6084,5017887.454,45.29941776,-75.91026093,10846
18--6771,6/25/2018,4:09 PM,CARP RD @ HAZELDEAN RD (0000086),86,02 - Intersection related,03 - P.D. only,03 - Rear end,01 - Clear,01 - Daylight,01 - Dry,01 - Traffic signal,01 - Functioning,2,0,0,0,,0,,,,,348804.571,5014360.455,45.26782495,-75.93922352,10847
18--6772,6/25/2018,4:10 PM,AVIATION PKWY btwn MONTREAL RD & LA CITE PRIV (1) (__3ZAZZJ),__3ZAZZJ,01 - Non intersection,03 - P.D. only,04 - Sideswipe,01 - Clear,01 - Daylight,01 - Dry,10 - No control,,2,0,0,0,,0,,,,,372185.1599,5034014.758,45.44281607,-75.63861968,10848
18--6773,6/25/2018,4:11 PM,BASELINE RD @ CLYDE AVE (0002343),2343,02 - Intersection related,02 - Non-fatal injury,03 - Rear end,01 - Clear,01 - Daylight,01 - Dry,01 - Traffic signal,01 - Functioning,3,0,0,0,02 - Minor,1,,1,,,364358.6627,5024890.518,45.36142865,-75.73975779,10849
18--6774,6/25/2018,4:30 PM,LEES AVE @ KING EDWARD AVE/MANN AVE (0011413),11413,02 - Intersection related,03 - P.D. only,03 - Rear end,01 - Clear,01 - Daylight,01 - Dry,01 - Traffic signal,01 - Functioning,2,0,0,0,,0,,,,,369178.9705,5031334.732,45.41898554,-75.67739392,10850
18--6775,6/25/2018,5:05 PM,TENTH LINE RD @ OR174 IC101 RAMP26 (0009164),9164,02 - Intersection related,03 - P.D. only,07 - SMV other,01 - Clear,01 - Daylight,01 - Dry,10 - No control,,1,0,0,0,,0,,,,,382761.7929,5038939.722,45.48602711,-75.50265733,10851
18--6776,6/25/2018,5:08 PM,INDUSTRIAL AVE/INNES RD @ ST. LAURENT BLVD (0002203),2203,02 - Intersection related,03 - P.D. only,05 - Turning movement,01 - Clear,01 - Daylight,01 - Dry,01 - Traffic signal,01 - Functioning,2,0,0,0,,0,,,,,373099.7509,5030005.655,45.40665537,-75.62748577,10852
18--6777,6/25/2018,5:08 PM,LARKIN ST btwn CHATELAIN AVE & LEPAGE AVE (__3ZAA6H),__3ZAA6H,01 - Non intersection,03 - P.D. only,06 - SMV unattended vehicle,01 - Clear,01 - Daylight,01 - Dry,10 - No control,,1,0,0,0,,0,,,,,364411.2115,5026493.658,45.37584899,-75.73889364,10853
18--6778,6/25/2018,6:15 PM,ST. LAURENT BLVD btwn MCARTHUR AVE & DONALD ST (__3ZBOF4),__3ZBOF4,01 - Non intersection,03 - P.D. only,03 - Rear end,01 - Clear,01 - Daylight,01 - Dry,10 - No control,,2,0,0,0,,0,,,,,372087.8013,5032489.121,45.4290985,-75.64007259,10854
18--6779,6/25/2018,6:30 PM,MONTREAL RD @ NORTH RIVER RD (0009805),9805,02 - Intersection related,03 - P.D. only,03 - Rear end,01 - Clear,01 - Daylight,01 - Dry,01 - Traffic signal,01 - Functioning,2,0,0,0,,0,,,,,369739.7082,5032887.585,45.43290568,-75.67002508,10855
18--678,1/12/2018,Unknown,DUNDONALD DR btwn ANDRE AUDET AVE & RIVER MIST RD (__8UZZ38),__8UZZ38,01 - Non intersection,03 - P.D. only,06 - SMV unattended vehicle,03 - Snow,00 - Unknown,03 - Loose snow,10 - No control,,1,0,0,0,,0,,,,,364808.132,5011957.267,45.24501767,-75.7355866,10856
18--6780,6/25/2018,6:37 PM,BRIGADE AVE @ STITTSVILLE MAIN ST (0000078),78,02 - Intersection related,03 - P.D. only,03 - Rear end,01 - Clear,01 - Daylight,01 - Dry,02 - Stop sign,00 - Unknown,2,0,0,0,,0,,,,,350950.5423,5012496.395,45.25091396,-75.91205068,10857
18--6781,6/25/2018,6:58 PM,540 E OF ANDERSON RD/DETENTION CENTRE @ INNES RD (0017312),17312,02 - Intersection related,02 - Non-fatal injury,04 - Sideswipe,01 - Clear,01 - Daylight,01 - Dry,01 - Traffic signal,01 - Functioning,2,1,0,0,02 - Minor,1,,1,,,376762.7389,5032132.564,45.42542503,-75.58038722,10858
18--6782,6/25/2018,7:05 AM,BALMORAL DR btwn RIDEAU COVE CRT & RIVER RD (__3ZAZYV),__3ZAZYV,01 - Non intersection,03 - P.D. only,01 - Approaching,01 - Clear,01 - Daylight,01 - Dry,10 - No control,,2,0,0,0,,0,,,,,367957.4426,5019482.363,45.31245216,-75.6945155,10859
18--6783,6/25/2018,7:14 AM,BRIDGE ST/MAPLE AVE @ MANOTICK MAIN ST (0008225),8225,02 - Intersection related,03 - P.D. only,03 - Rear end,01 - Clear,01 - Daylight,01 - Dry,01 - Traffic signal,01 - Functioning,2,0,0,0,,0,,,,,368699.677,5009932.334,45.22645491,-75.68627913,10860
18--6784,6/25/2018,7:32 PM,BERRIGAN DR @ WANSTEAD GT (0010204),10204,02 - Intersection related,02 - Non-fatal injury,03 - Rear end,01 - Clear,01 - Daylight,01 - Dry,02 - Stop sign,01 - Functioning,2,0,0,0,02 - Minor,1,,1,,,365005.2264,5015977.654,45.28117629,-75.73258889,10861
18--6785,6/25/2018,8:14 AM,WHITE ALDER AVE btwn WIDGEON WAY & FLAT SEDGE CRES (__67PTM6),__67PTM6,01 - Non intersection,03 - P.D. only,06 - SMV unattended vehicle,01 - Clear,01 - Daylight,01 - Dry,10 - No control,,1,0,0,0,,0,,,,,375105.9573,5020649.249,45.32227206,-75.60319126,10862
18--6786,6/25/2018,8:20 PM,MAITLAND AVE btwn CARLING AVE & DUNCAN PL (__3ZA4JY),__3ZA4JY,04 - At/near private drive,03 - P.D. only,02 - Angle,01 - Clear,01 - Daylight,01 - Dry,10 - No control,,2,0,0,0,,0,,,,,362957.9488,5026450.669,45.37558431,-75.75745214,10863
18--6787,6/25/2018,8:30 AM,PAUL ANKA DR @ UPLANDS DR (0007476),7476,03 - At intersection,03 - P.D. only,02 - Angle,01 - Clear,01 - Daylight,01 - Dry,02 - Stop sign,01 - Functioning,2,0,0,0,,0,,,,,369457.7576,5023575.511,45.34914482,-75.67484841,10864
18--6788,6/25/2018,9:19 PM,BAYCREST DR btwn HERON RD & CEDARWOOD DR (__3ZA861),__3ZA861,01 - Non intersection,03 - P.D. only,05 - Turning movement,01 - Clear,05 - Dusk,01 - Dry,10 - No control,,2,0,0,0,,0,,,,,371183.0849,5026870.024,45.37862656,-75.65238988,10865
18--6789,6/25/2018,9:52 AM,ELGIN ST btwn NEPEAN ST & LISGAR ST (1) (__3ZA34G),__3ZA34G,01 - Non intersection,03 - P.D. only,06 - SMV unattended vehicle,01 - Clear,01 - Daylight,01 - Dry,10 - No control,,1,0,0,0,,0,,,,,368070.3354,5031349.944,45.41922355,-75.69155619,10866
18--679,1/12/2018,12:13 PM,ELGIN ST @ GLADSTONE AVE (0007272),7272,02 - Intersection related,03 - P.D. only,04 - Sideswipe,02 - Rain,01 - Daylight,02 - Wet,01 - Traffic signal,01 - Functioning,2,0,0,0,,0,,,,,368384.7164,5030844.568,45.41464784,-75.68760476,10867
18--6790,6/26/2018,1:08 PM,BANK ST @ RIVERSIDE DR S (0002704),2704,02 - Intersection related,03 - P.D. only,04 - Sideswipe,01 - Clear,01 - Daylight,01 - Dry,01 - Traffic signal,01 - Functioning,2,0,0,0,,0,,,,,369304.5886,5027894.553,45.38802042,-75.676239,10868
18--6791,6/26/2018,1:17 PM,HUNT CLUB RD @ CANADAIR PRIV (0010852),10852,02 - Intersection related,02 - Non-fatal injury,05 - Turning movement,01 - Clear,01 - Daylight,01 - Dry,01 - Traffic signal,01 - Functioning,2,0,0,0,02 - Minor,1,,1,,,368662.7847,5022311.528,45.33784463,-75.68515586,10869
18--6792,6/26/2018,1:38 PM,CARLING AVE @ IROQUOIS RD (0003145),3145,03 - At intersection,02 - Non-fatal injury,03 - Rear end,01 - Clear,01 - Daylight,01 - Dry,01 - Traffic signal,01 - Functioning,3,0,0,0,01 - Minimal,3,3,,,,362213.5793,5026025.609,45.37182105,-75.76700471,10870
18--6793,6/26/2018,1:42 PM,HOLLAND AVE @ WELLINGTON ST (0002364),2364,03 - At intersection,03 - P.D. only,05 - Turning movement,01 - Clear,01 - Daylight,01 - Dry,01 - Traffic signal,01 - Functioning,2,1,0,0,,0,,,,,364929.7126,5029153.517,45.39973757,-75.73195003,10871
18--6794,6/26/2018,1:53 PM,RIVERSIDE DR @ 175 S OF HUNT CLUB  RD/RUNWAY C (0011890),11890,02 - Intersection related,03 - P.D. only,03 - Rear end,01 - Clear,01 - Daylight,01 - Dry,01 - Traffic signal,01 - Functioning,2,0,0,0,,0,,,,,368028.5833,5021766.273,45.33299598,-75.69331668,10872
18--6795,6/26/2018,10:01 PM,HOLLY ACRES RD @ TRANSITWAY - BAYSHORE/278 N O (0009787),9787,03 - At intersection,03 - P.D. only,05 - Turning movement,01 - Clear,07 - Dark,01 - Dry,01 - Traffic signal,01 - Functioning,2,0,0,0,,0,,,,,358496.6442,5022986.394,45.34476881,-75.8147852,10873
18--6796,6/26/2018,10:15 AM,HIGHWAY 417 btwn HWY417 IC140 RAMP51 & HWY417 IC140 RAMP35 (__3ZAZEY),__3ZAZEY,01 - Non intersection,03 - P.D. only,04 - Sideswipe,01 - Clear,01 - Daylight,01 - Dry,10 - No control,,2,0,0,0,,0,,,,,350903.2578,5018525.8,45.30517153,-75.91209303,10874
18--6797,6/26/2018,10:22 AM,FALLOWFIELD RD btwn HWY416 IC66 RAMP62 & STRANDHERD DR (__3ZAZYX),__3ZAZYX,01 - Non intersection,03 - P.D. only,04 - Sideswipe,01 - Clear,01 - Daylight,01 - Dry,10 - No control,,2,0,0,0,,0,,,,,360627.0705,5014948.096,45.27227355,-75.78850673,10875
18--6798,6/26/2018,11:49 AM,STITTSVILLE MAIN ST btwn HOBIN ST & BEVERLY ST (__3ZA3EH),__3ZA3EH,01 - Non intersection,03 - P.D. only,03 - Rear end,01 - Clear,01 - Daylight,01 - Dry,10 - No control,,2,0,0,0,,0,,,,,349716.2794,5013973.229,45.26428292,-75.92764067,10876
18--6799,6/26/2018,11:51 AM,CAMBRIAN RD @ CEDARVIEW RD (0001571),1571,03 - At intersection,02 - Non-fatal injury,07 - SMV other,01 - Clear,01 - Daylight,08 - Loose sand or gravel,02 - Stop sign,01 - Functioning,1,0,1,0,01 - Minimal,1,1,,,,363002.6713,5011834.403,45.24406373,-75.75859787,10877
18--68,1/2/2018,11:45 AM,HIGHWAY 417 btwn HWY417 IC124 RAMP65 & HWY417 IC122 RAMP51 (__3ZA2R8),__3ZA2R8,01 - Non intersection,03 - P.D. only,04 - Sideswipe,03 - Snow,01 - Daylight,06 - Ice,10 - No control,,2,0,0,0,,0,,,,,365130.6047,5028672.792,45.39539483,-75.72944302,10878
18--680,1/12/2018,12:20 PM,FRENCH HILL RD @ SARSFIELD RD (0004788),4788,03 - At intersection,01 - Fatal injury,02 - Angle,"07 - Fog, mist, smoke, dust",01 - Daylight,02 - Wet,02 - Stop sign,01 - Functioning,2,0,0,0,04 - Fatal,1,,,,1,393600.0647,5038171.615,45.47782208,-75.36417109,10879
18--6800,6/26/2018,Unknown,LAVAL ST btwn ST. CHARLES ST & MARIER AVE (__3ZA8X4),__3ZA8X4,01 - Non intersection,03 - P.D. only,06 - SMV unattended vehicle,01 - Clear,00 - Unknown,01 - Dry,10 - No control,,1,0,0,0,,0,,,,,369672.0281,5033817.897,45.44128253,-75.67076738,10880
18--6801,6/26/2018,Unknown,NEPEAN ST btwn O'CONNOR ST & METCALFE ST (__3ZA9U6),__3ZA9U6,01 - Non intersection,03 - P.D. only,06 - SMV unattended vehicle,01 - Clear,00 - Unknown,01 - Dry,10 - No control,,1,0,0,0,,0,,,,,367734.7433,5031235.207,45.41822145,-75.69585848,10881
18--6802,6/26/2018,12:00 PM,HAZELDEAN RD @ CARBROOKE ST/IRWIN GATE (0003187),3187,02 - Intersection related,03 - P.D. only,04 - Sideswipe,01 - Clear,01 - Daylight,01 - Dry,01 - Traffic signal,01 - Functioning,2,0,0,0,,0,,,,,353417.6429,5018265.488,45.30265965,-75.88005706,10882
18--6803,6/26/2018,12:57 PM,SMITHERS CRES btwn BARRINGTON ST & BARRINGTON ST (__3ZA6CG),__3ZA6CG,01 - Non intersection,03 - P.D. only,06 - SMV unattended vehicle,01 - Clear,01 - Daylight,01 - Dry,10 - No control,,1,0,0,0,,0,,,,,381482.605,5035804.028,45.45795647,-75.51950854,10883
18--6804,6/26/2018,2:21 PM,CARLING AVE @ IRVING PL/MAPLE DR (0006872),6872,03 - At intersection,02 - Non-fatal injury,02 - Angle,01 - Clear,01 - Daylight,01 - Dry,01 - Traffic signal,01 - Functioning,2,0,0,0,02 - Minor,1,,1,,,366186.639,5028527.58,45.39399647,-75.71597443,10884
18--6805,6/26/2018,2:46 PM,METCALFE ST @ SLATER ST (0002233),2233,03 - At intersection,02 - Non-fatal injury,07 - SMV other,01 - Clear,01 - Daylight,01 - Dry,01 - Traffic signal,01 - Functioning,1,0,0,1,01 - Minimal,1,1,,,,367731.6966,5031549.575,45.4210503,-75.69585725,10885
18--6806,6/26/2018,2:46 PM,CAMERON ST @ REGIONAL RD 174 (0012883),12883,02 - Intersection related,03 - P.D. only,03 - Rear end,01 - Clear,01 - Daylight,01 - Dry,01 - Traffic signal,01 - Functioning,2,0,0,0,,0,,,,,389860.7365,5042617.615,45.51828745,-75.41122072,10886