Anom_ID,Accident_Date,Accident_Time,Location,Geo_ID,Accident_Location,Classification_of_Accident,Initial_Impact_Type,Environment_Condition,Light,Road_Surface_Condition,Traffic_Control,Traffic_Control_Condition,No__of_Vehicles,No__of_Bicycles,No__of_Motorcycles,No__of_Pedestrians,Max_Injury,No__of_Injuries,No__of_Minimal,No__of_Minor,No__of_Major,No__of_Fatal,X,Y,Latitude,Longitude,ObjectId
18--6807,6/26/2018,2:49 PM,VALOUR DR @ SMYTH RD (0011904),11904,02 - Intersection related,02 - Non-fatal injury,03 - Rear end,01 - Clear,01 - Daylight,01 - Dry,01 - Traffic signal,01 - Functioning,2,0,0,0,02 - Minor,1,,1,,,370666.417,5029086.128,45.39861503,-75.65869045,10887
18--6808,6/26/2018,2:54 PM,BASELINE RD/HERON RD @ PRINCE OF WALES DR (0002345),2345,02 - Intersection related,03 - P.D. only,04 - Sideswipe,01 - Clear,01 - Daylight,01 - Dry,01 - Traffic signal,01 - Functioning,2,0,0,0,,0,,,,,366873.6861,5026438.589,45.37513967,-75.70746305,10888
18--6809,6/26/2018,3:10 PM,HUNT CLUB RD @ CANADAIR PRIV (0010852),10852,03 - At intersection,03 - P.D. only,07 - SMV other,01 - Clear,01 - Daylight,01 - Dry,01 - Traffic signal,01 - Functioning,1,0,0,0,,0,,,,,368662.7174,5022311.494,45.33784433,-75.68515673,10889
18--681,1/12/2018,12:22 PM,BANK ST @ WILTON CRES (0007712),7712,02 - Intersection related,03 - P.D. only,04 - Sideswipe,02 - Rain,01 - Daylight,02 - Wet,02 - Stop sign,01 - Functioning,2,0,0,0,,0,,,,,368577.7104,5028966.546,45.39773245,-75.68538214,10890
18--6810,6/26/2018,3:17 PM,SANDFORD FLEMING AVE btwn STEAMLINE ST & INDUSTRIAL AVE (__3ZA8GL),__3ZA8GL,01 - Non intersection,03 - P.D. only,03 - Rear end,01 - Clear,01 - Daylight,01 - Dry,10 - No control,,2,0,0,0,,0,,,,,370879.8805,5030643.277,45.41260553,-75.6557555,10891
18--6811,6/26/2018,3:30 PM,FALLOWFIELD RD btwn MUNSTER RD & CONLEY RD (__3ZA3EQ),__3ZA3EQ,04 - At/near private drive,02 - Non-fatal injury,03 - Rear end,02 - Rain,01 - Daylight,02 - Wet,10 - No control,,2,0,0,0,02 - Minor,3,2,1,,,348530.864,5006227.542,45.19465854,-75.94342613,10892
18--6812,6/26/2018,3:55 PM,REGIONAL ROAD 174 btwn OR174 IC105 RAMP51 & OR174 IC105 RAMP35 (__3ZA2XC),__3ZA2XC,01 - Non intersection,03 - P.D. only,03 - Rear end,01 - Clear,01 - Daylight,01 - Dry,10 - No control,,2,0,0,0,,0,,,,,379355.2057,5036971.862,45.468694,-75.54652927,10893
18--6813,6/26/2018,4:00 PM,BANK ST @ STRATHCONA AVE (0007238),7238,02 - Intersection related,03 - P.D. only,03 - Rear end,01 - Clear,01 - Daylight,01 - Dry,01 - Traffic signal,01 - Functioning,2,0,0,0,,0,,,,,368138.729,5030028.612,45.40732844,-75.69085217,10894
18--6814,6/26/2018,4:30 PM,PAMILLA ST @ PRESTON ST (0006134),6134,02 - Intersection related,03 - P.D. only,03 - Rear end,01 - Clear,01 - Daylight,01 - Dry,01 - Traffic signal,01 - Functioning,2,0,0,0,,0,,,,,366748.589,5029120.626,45.39928305,-75.70872345,10895
18--6815,6/26/2018,4:32 PM,BROOKFIELD RD @ KALADAR AVE (0007084),7084,02 - Intersection related,03 - P.D. only,99 - Other,01 - Clear,01 - Daylight,01 - Dry,02 - Stop sign,01 - Functioning,2,0,0,0,,0,,,,,369734.7183,5026392.528,45.37446594,-75.67094412,10896
18--6816,6/26/2018,4:52 PM,LAURIER AVE   W btwn ELGIN ST & QUEEN ELIZABETH DRWY/LAURIER AVE WB ON (__3ZA35Z),__3ZA35Z,04 - At/near private drive,02 - Non-fatal injury,05 - Turning movement,01 - Clear,01 - Daylight,01 - Dry,10 - No control,,2,1,0,0,02 - Minor,1,,1,,,367995.8747,5031577.727,45.42127979,-75.6924783,10897
18--6817,6/26/2018,4:55 PM,BANK ST btwn SURREY AVE & NOTTING HILL AVE (__3ZA4TV),__3ZA4TV,04 - At/near private drive,03 - P.D. only,02 - Angle,01 - Clear,01 - Daylight,01 - Dry,10 - No control,,2,0,0,0,,0,,,,,370388.7007,5025794.883,45.36902761,-75.66267463,10898
18--6818,6/26/2018,5:23 PM,INNES RD @ TENTH LINE RD (0004633),4633,02 - Intersection related,03 - P.D. only,03 - Rear end,01 - Clear,01 - Daylight,01 - Dry,01 - Traffic signal,01 - Functioning,2,0,0,0,,0,,,,,383951.7826,5036159.638,45.46088058,-75.48788438,10899
18--6819,6/26/2018,5:30 PM,SMYTH RD E/LANCASTER RD @ ST. LAURENT BLVD N/R (0002256),2256,03 - At intersection,03 - P.D. only,04 - Sideswipe,01 - Clear,01 - Daylight,01 - Dry,01 - Traffic signal,01 - Functioning,2,0,0,0,,0,,,,,373364.6881,5029424.586,45.40140128,-75.62418244,10900
18--637,1/11/2018,1:50 PM,ASTURCON ST btwn BALIKUN HTS & PERCHERON WAY (__827GFL),__827GFL,01 - Non intersection,03 - P.D. only,05 - Turning movement,01 - Clear,01 - Daylight,02 - Wet,10 - No control,,2,0,0,0,,0,,,,,352857.717,5015043.137,45.27370264,-75.88750863,10901
18--6370,6/14/2018,4:41 PM,MACDONALD ST @ SOMERSET ST (0006982),6982,03 - At intersection,03 - P.D. only,02 - Angle,01 - Clear,01 - Daylight,01 - Dry,02 - Stop sign,01 - Functioning,2,0,0,0,,0,,,,,368463.5949,5031378.539,45.41944516,-75.68652808,10902
18--6371,6/14/2018,4:59 PM,BASELINE RD btwn SOUTHWOOD DR & COBDEN RD (__3ZA4MP),__3ZA4MP,01 - Non intersection,02 - Non-fatal injury,03 - Rear end,02 - Rain,01 - Daylight,02 - Wet,10 - No control,,2,0,0,0,01 - Minimal,1,1,,,,361625.6871,5023202.268,45.34646473,-75.77483428,10903
18--6372,6/14/2018,5:12 PM,BASELINE RD @ CEDARVIEW RD (0010259),10259,03 - At intersection,02 - Non-fatal injury,05 - Turning movement,01 - Clear,01 - Daylight,01 - Dry,01 - Traffic signal,01 - Functioning,2,0,0,0,02 - Minor,1,,1,,,358967.6677,5021674.541,45.3329285,-75.80891859,10904
18--6373,6/14/2018,5:25 PM,GLOUCESTER ST @ METCALFE ST (0006945),6945,02 - Intersection related,03 - P.D. only,03 - Rear end,01 - Clear,01 - Daylight,01 - Dry,01 - Traffic signal,01 - Functioning,2,0,0,0,,0,,,,,367833.7299,5031386.759,45.41957615,-75.69457443,10905
18--6374,6/14/2018,5:30 AM,HIGHWAY 417 btwn Continuation of HIGHWAY 417 & HWY417 IC134 RAMP51 (__3ZA29B),__3ZA29B,01 - Non intersection,03 - P.D. only,07 - SMV other,02 - Rain,03 - Dawn,02 - Wet,10 - No control,,1,0,0,0,,0,,,,,355938.4939,5021960.681,45.33573051,-75.84753321,10906
18--6375,6/14/2018,5:32 PM,TERRY FOX DR btwn INNOVATION DR & MARCH RD (__3ZACVM),__3ZACVM,01 - Non intersection,03 - P.D. only,03 - Rear end,02 - Rain,01 - Daylight,02 - Wet,10 - No control,,3,0,0,0,,0,,,,,349498.522,5023060.795,45.34606941,-75.92959587,10907
18--6376,6/14/2018,6:45 PM,ISLAND PARK CRES @ ISLAND PARK DR (0002123),2123,02 - Intersection related,03 - P.D. only,04 - Sideswipe,01 - Clear,01 - Daylight,01 - Dry,02 - Stop sign,00 - Unknown,2,0,0,0,,0,,,,,364465.708,5028109.538,45.39038375,-75.7380026,10908
18--6377,6/14/2018,6:47 PM,MEADOWLANDS DR btwn PRINCE OF WALES DR & DEBRA AVE (__3ZA3GTB),__3ZA3GTB,04 - At/near private drive,03 - P.D. only,03 - Rear end,02 - Rain,01 - Daylight,02 - Wet,10 - No control,,2,0,0,0,,0,,,,,367305.6077,5025654.436,45.36804565,-75.70204818,10909
18--6378,6/14/2018,6:57 AM,CARLING AVE @ PRESTON ST (0002161),2161,03 - At intersection,03 - P.D. only,03 - Rear end,01 - Clear,01 - Daylight,01 - Dry,01 - Traffic signal,01 - Functioning,2,0,0,0,,0,,,,,366829.8442,5028935.755,45.39761244,-75.70770892,10910
18--6379,6/14/2018,6:59 PM,MERIVALE RD btwn CLYDE AVE & GILBEY DR (__3ZA4HD),__3ZA4HD,04 - At/near private drive,03 - P.D. only,05 - Turning movement,02 - Rain,01 - Daylight,02 - Wet,10 - No control,,2,0,0,0,,0,,,,,364543.656,5024519.774,45.358077,-75.73744145,10911
18--638,1/11/2018,Unknown,BOLTON ST btwn SUSSEX DR & PARENT AVE (__3ZA7CT),__3ZA7CT,01 - Non intersection,03 - P.D. only,06 - SMV unattended vehicle,02 - Rain,00 - Unknown,02 - Wet,10 - No control,,1,0,0,0,,0,,,,,367449.5822,5032831.887,45.43261345,-75.69929865,10912
18--6380,6/14/2018,7:30 AM,MAITLAND AVE btwn TARA DR & ERINDALE DR (__3ZA4I7),__3ZA4I7,01 - Non intersection,03 - P.D. only,03 - Rear end,02 - Rain,01 - Daylight,02 - Wet,10 - No control,,2,0,0,0,,0,,,,,363513.8945,5025368.182,45.36579787,-75.75048322,10913
18--6381,6/14/2018,7:32 PM,DONALD ST @ ST. LAURENT BLVD (0008630),8630,03 - At intersection,02 - Non-fatal injury,02 - Angle,02 - Rain,01 - Daylight,02 - Wet,01 - Traffic signal,02 - Not functioning,2,0,0,0,01 - Minimal,2,2,,,,372093.6714,5032472.572,45.42894903,-75.63999985,10914
18--6382,6/14/2018,7:51 PM,BELL ST    N btwn GLADSTONE AVE & LOUISA ST (__3ZAAJY),__3ZAAJY,01 - Non intersection,03 - P.D. only,06 - SMV unattended vehicle,01 - Clear,01 - Daylight,01 - Dry,10 - No control,,1,0,0,0,,0,,,,,366996.3164,5029858.618,45.40590134,-75.70546643,10915
18--6383,6/14/2018,8:02 AM,BRONSON AVE @ IMPERIAL AVE/PLYMOUTH ST (0010859),10859,03 - At intersection,02 - Non-fatal injury,05 - Turning movement,01 - Clear,01 - Daylight,01 - Dry,10 - No control,,2,0,0,0,02 - Minor,1,,1,,,367318.5693,5029643.789,45.40393966,-75.70137742,10916
18--6384,6/14/2018,8:19 PM,MAITLAND AVE btwn CARLING AVE & DUNCAN PL (__3ZA4JY),__3ZA4JY,04 - At/near private drive,03 - P.D. only,02 - Angle,01 - Clear,05 - Dusk,02 - Wet,10 - No control,,2,0,0,0,,0,,,,,362957.0819,5026452.687,45.37560254,-75.75746297,10917
18--6385,6/14/2018,8:35 AM,CEDARVIEW RD @ FALLOWFIELD RD (0001603),1603,02 - Intersection related,03 - P.D. only,03 - Rear end,02 - Rain,01 - Daylight,02 - Wet,01 - Traffic signal,01 - Functioning,2,0,0,0,,0,,,,,361294.6767,5015664.477,45.27866628,-75.77991751,10918
18--6386,6/14/2018,8:42 PM,OR174 IC105 RAMP63 btwn TRANSIT & REGIONAL ROAD 174 (__3ZAY00),__3ZAY00,01 - Non intersection,03 - P.D. only,07 - SMV other,02 - Rain,05 - Dusk,02 - Wet,10 - No control,,1,0,0,0,,0,,,,,379641.3403,5037179.352,45.47053023,-75.54283887,10919
18--6387,6/14/2018,9:00 PM,HIGHWAY 7 btwn OVERPASS RD & RAMP (__7JQ7LY),__7JQ7LY,01 - Non intersection,03 - P.D. only,07 - SMV other,02 - Rain,05 - Dusk,02 - Wet,10 - No control,,1,0,0,0,,0,,,,,340521.7682,5005879.767,45.19198029,-76.04538127,10920
18--6388,6/14/2018,9:34 AM,ORLEANS BLVD @ ST. JOSEPH BLVD (0004144),4144,03 - At intersection,03 - P.D. only,05 - Turning movement,01 - Clear,01 - Daylight,01 - Dry,01 - Traffic signal,01 - Functioning,2,0,0,0,,0,,,,,380631.806,5036980.658,45.46863571,-75.53020408,10921
18--6389,6/14/2018,9:47 AM,GREENBANK RD @ LARKIN DR (0001101),1101,02 - Intersection related,03 - P.D. only,03 - Rear end,02 - Rain,01 - Daylight,02 - Wet,01 - Traffic signal,01 - Functioning,2,0,0,0,,0,,,,,363176.7776,5016506.359,45.28608779,-75.75583117,10922
18--639,1/11/2018,Unknown,ELGIN ST btwn MCLEOD ST & PARK AVE (__3ZBOEZ),__3ZBOEZ,01 - Non intersection,03 - P.D. only,06 - SMV unattended vehicle,01 - Clear,00 - Unknown,05 - Packed snow,10 - No control,,1,0,0,0,,0,,,,,368430.4933,5030770.77,45.41397967,-75.68702948,10923
18--6390,6/14/2018,9:48 AM,HIGHWAY 417 btwn TRANSIT & HWY417 IC127 RAMP35 (__3ZA2SK),__3ZA2SK,01 - Non intersection,03 - P.D. only,03 - Rear end,02 - Rain,01 - Daylight,02 - Wet,10 - No control,,2,0,0,0,,0,,,,,362064.1228,5024777.849,45.36060604,-75.76905727,10924
18--6391,6/15/2018,1:04 PM,TERRY FOX DR btwn TERRY FOX DR & EAGLESON RD (__51NPEM),__51NPEM,01 - Non intersection,03 - P.D. only,07 - SMV other,01 - Clear,01 - Daylight,01 - Dry,10 - No control,,1,0,0,0,,0,,,,,354505.9017,5014908.597,45.27237744,-75.8665174,10925
18--6392,6/15/2018,1:11 AM,NAUGHTON ST @ QUEEN MARY ST (0008556),8556,03 - At intersection,03 - P.D. only,02 - Angle,01 - Clear,07 - Dark,01 - Dry,02 - Stop sign,01 - Functioning,2,0,0,0,,0,,,,,371333.7189,5032067.581,45.42537781,-75.64976552,10926
18--6393,6/15/2018,1:30 PM,DRIVEWAY (THE) @ PRINCE OF WALES DR (0002128),2128,02 - Intersection related,03 - P.D. only,03 - Rear end,01 - Clear,01 - Daylight,01 - Dry,11 - Roundabout,01 - Functioning,2,0,0,0,,0,,,,,366883.7219,5028137.588,45.39042596,-75.70712126,10927
18--6394,6/15/2018,10:14 PM,GLADSTONE AVE @ LORETTA AVE (0005092),5092,03 - At intersection,02 - Non-fatal injury,07 - SMV other,01 - Clear,07 - Dark,01 - Dry,02 - Stop sign,01 - Functioning,1,0,0,1,01 - Minimal,1,1,,,,366196.7008,5029567.564,45.4033531,-75.71571648,10928
18--6395,6/15/2018,10:30 AM,MERIVALE RD @ MACFARLANE RD (0010373),10373,02 - Intersection related,03 - P.D. only,03 - Rear end,01 - Clear,01 - Daylight,01 - Dry,02 - Stop sign,00 - Unknown,2,0,0,0,,0,,,,,366153.2069,5020632.366,45.3229597,-75.71738136,10929
18--6396,6/15/2018,10:43 PM,GREENBANK RD btwn LISA AVE & BASELINE RD (__3ZA4ML),__3ZA4ML,04 - At/near private drive,03 - P.D. only,05 - Turning movement,01 - Clear,07 - Dark,01 - Dry,10 - No control,,2,0,0,0,,0,,,,,360595.2746,5022591.38,45.34105069,-75.78805149,10930
18--6397,6/15/2018,10:45 AM,PEPPERVILLE CRES btwn TEMPLEFORD AVE & REGIMENT AVE (__7IFXPC),__7IFXPC,04 - At/near private drive,03 - P.D. only,06 - SMV unattended vehicle,01 - Clear,01 - Daylight,01 - Dry,10 - No control,,1,0,0,0,,0,,,,,354367.2672,5015612.407,45.27872028,-75.86821386,10931
18--6398,6/15/2018,11:05 AM,BESSERER ST @ CUMBERLAND ST (0011559),11559,02 - Intersection related,03 - P.D. only,04 - Sideswipe,01 - Clear,01 - Daylight,01 - Dry,01 - Traffic signal,01 - Functioning,2,0,0,0,,0,,,,,368416.6599,5032256.689,45.42735072,-75.68701433,10932
18--6399,6/15/2018,11:06 PM,BANK ST btwn ALBION RD & SIEVERIGHT AVE (__3ZA29S),__3ZA29S,04 - At/near private drive,03 - P.D. only,02 - Angle,01 - Clear,07 - Dark,01 - Dry,10 - No control,,2,0,0,0,,0,,,,,372125.9867,5024141.551,45.35398679,-75.64072362,10933
18--64,1/2/2018,11:15 AM,HIGHWAY 417 btwn HIGHWAY 417 & HIGHWAY 417 (2) (__3ZA2UZ),__3ZA2UZ,01 - Non intersection,03 - P.D. only,07 - SMV other,03 - Snow,01 - Daylight,03 - Loose snow,10 - No control,,1,0,0,0,,0,,,,,375260.708,5030502.777,45.41091402,-75.59981234,10934
18--640,1/11/2018,12:23 PM,CITY PARK DR btwn AMBASSADOR AVE & OGILVIE RD (__3ZA4B7),__3ZA4B7,01 - Non intersection,03 - P.D. only,05 - Turning movement,01 - Clear,01 - Daylight,02 - Wet,10 - No control,,2,0,0,0,,0,,,,,374214.0687,5032952.49,45.43305985,-75.61283714,10935
18--6400,6/15/2018,11:07 AM,SADDLESMITH CIRC btwn BRIDGESTONE DR & TO BE DETERMINED (__4V74OA),__4V74OA,01 - Non intersection,03 - P.D. only,04 - Sideswipe,01 - Clear,01 - Daylight,01 - Dry,10 - No control,,2,0,0,0,,0,,,,,355458.0494,5015931.144,45.28151059,-75.85427906,10936
18--6401,6/15/2018,11:08 AM,GREENBANK RD @ JOCKVALE RD (0010360),10360,02 - Intersection related,03 - P.D. only,03 - Rear end,01 - Clear,01 - Daylight,01 - Dry,01 - Traffic signal,01 - Functioning,2,0,0,0,,0,,,,,364121.7105,5014330.581,45.26643102,-75.74404651,10937
18--6402,6/15/2018,11:37 AM,MERIVALE RD @ CAPILANO DR/WITHROW AVE (0009820),9820,02 - Intersection related,03 - P.D. only,03 - Rear end,01 - Clear,01 - Daylight,01 - Dry,01 - Traffic signal,01 - Functioning,2,0,0,0,,0,,,,,364642.3709,5024227.727,45.35544079,-75.73621693,10938
18--6403,6/15/2018,Unknown,MEADOWBREEZE DR btwn FERNBROOK PL & GRASSY PLAINS DR (__3ZBO81),__3ZBO81,04 - At/near private drive,03 - P.D. only,06 - SMV unattended vehicle,01 - Clear,00 - Unknown,01 - Dry,10 - No control,,1,0,0,0,,0,,,,,355434.8093,5015409.611,45.2768194,-75.85462848,10939
18--6404,6/15/2018,Unknown,CHAPEL ST btwn STEWART ST & WILBROD ST (__3ZA812),__3ZA812,01 - Non intersection,03 - P.D. only,06 - SMV unattended vehicle,01 - Clear,00 - Unknown,01 - Dry,10 - No control,,1,0,0,0,,0,,,,,369052.2978,5032373.326,45.42834207,-75.67887685,10940
18--6405,6/15/2018,Unknown,WINSTON AVE btwn WILMONT AVE & WHITBY AVE (__3ZA0JE),__3ZA0JE,01 - Non intersection,03 - P.D. only,06 - SMV unattended vehicle,01 - Clear,00 - Unknown,01 - Dry,10 - No control,,1,0,0,0,,0,,,,,362965.041,5028332.565,45.39251676,-75.75713985,10941
18--6406,6/15/2018,Unknown,DOVERCOURT AVE btwn EDISON AVE & CHURCHILL AVE N (__3ZA06B),__3ZA06B,01 - Non intersection,03 - P.D. only,06 - SMV unattended vehicle,01 - Clear,00 - Unknown,01 - Dry,10 - No control,,1,0,0,0,,0,,,,,363585.4956,5027412.655,45.38418775,-75.74932591,10942
18--6407,6/15/2018,12:17 AM,TYRRELL PL @ MOODIE DR (0010386),10386,02 - Intersection related,03 - P.D. only,02 - Angle,01 - Clear,07 - Dark,02 - Wet,01 - Traffic signal,01 - Functioning,2,0,0,0,,0,,,,,357326.5896,5019854.382,45.31667529,-75.8300474,10943
18--6408,6/15/2018,12:34 PM,BRONSON AVE btwn CLEMOW AVE & CARLING AVE (__3ZA3OV),__3ZA3OV,01 - Non intersection,03 - P.D. only,03 - Rear end,01 - Clear,01 - Daylight,01 - Dry,10 - No control,,2,0,0,0,,0,,,,,367446.7169,5029338.431,45.40118068,-75.69977939,10944
18--6409,6/15/2018,12:56 PM,RESEARCH RD @ UPLANDS DR (0008656),8656,02 - Intersection related,03 - P.D. only,02 - Angle,01 - Clear,01 - Daylight,01 - Dry,01 - Traffic signal,01 - Functioning,2,0,0,0,,0,,,,,370831.7887,5021555.787,45.33084391,-75.65758469,10945
18--641,1/11/2018,2:08 PM,HIGHWAY 417 btwn HWY417 IC119A RAMP75 & HWY417 IC118 RAMP57 (__3ZA2R2),__3ZA2R2,01 - Non intersection,03 - P.D. only,04 - Sideswipe,01 - Clear,01 - Daylight,01 - Dry,10 - No control,,2,0,0,0,,0,,,,,368933.6313,5030689.183,45.41319965,-75.68061244,10946
18--6410,6/15/2018,12:59 PM,ELGIN ST @ WELLINGTON ST W (0002113),2113,02 - Intersection related,03 - P.D. only,03 - Rear end,01 - Clear,01 - Daylight,01 - Dry,01 - Traffic signal,01 - Functioning,2,0,0,0,,0,,,,,367664.7342,5031877.562,45.42400744,-75.69667096,10947
18--6411,6/15/2018,2:10 PM,HUNT CLUB RD EB btwn ALBION RD & DUNSTON TER (__3ZBOG7),__3ZBOG7,01 - Non intersection,03 - P.D. only,03 - Rear end,01 - Clear,01 - Daylight,01 - Dry,10 - No control,,2,0,0,0,,0,,,,,371965.1563,5024335.948,45.35575134,-75.64274964,10948
18--6412,6/15/2018,2:11 AM,MCCORDICK RD btwn EAGLESON RD & DOBSON LANE (__3ZABAJ),__3ZABAJ,01 - Non intersection,02 - Non-fatal injury,07 - SMV other,01 - Clear,07 - Dark,02 - Wet,10 - No control,,1,0,0,0,02 - Minor,1,,1,,,359088.4195,5004717.189,45.18033415,-75.80923068,10949
18--6413,6/15/2018,2:13 PM,O'CONNOR ST @ SLATER ST (0002230),2230,02 - Intersection related,03 - P.D. only,05 - Turning movement,01 - Clear,01 - Daylight,01 - Dry,01 - Traffic signal,01 - Functioning,2,0,0,0,,0,,,,,367579.5598,5031450.649,45.42017387,-75.69781367,10950
18--6414,6/15/2018,2:34 PM,HUNT CLUB RD EB btwn ALBION RD & DUNSTON TER (__3ZBOG7),__3ZBOG7,01 - Non intersection,03 - P.D. only,03 - Rear end,01 - Clear,01 - Daylight,01 - Dry,10 - No control,,2,0,0,0,,0,,,,,371970.5852,5024336.752,45.35575805,-75.64268025,10951
18--6415,6/15/2018,2:34 PM,CARLING AVE @ PINECREST  RD/GREENVIEW AVE (0001630),1630,02 - Intersection related,03 - P.D. only,03 - Rear end,01 - Clear,01 - Daylight,01 - Dry,01 - Traffic signal,01 - Functioning,2,0,0,0,,0,,,,,360006.6488,5024632.45,45.35946279,-75.79533392,10952
18--6416,6/15/2018,3:13 PM,CUMBERLAND ST @ RIDEAU ST (0007759),7759,02 - Intersection related,02 - Non-fatal injury,03 - Rear end,01 - Clear,01 - Daylight,01 - Dry,01 - Traffic signal,01 - Functioning,2,0,0,0,02 - Minor,1,,1,,,368374.4712,5032330.028,45.42801443,-75.68754396,10953
18--6417,6/15/2018,3:15 AM,HIGHWAY 416 btwn HWY416 IC66 RAMP53 & HWY416 IC57 RAMP34 (__3ZAZLC),__3ZAZLC,01 - Non intersection,03 - P.D. only,07 - SMV other,01 - Clear,07 - Dark,01 - Dry,10 - No control,,1,0,0,0,,0,,,,,364231.6167,5008863.433,45.21722803,-75.74329941,10954
18--6418,6/15/2018,3:15 PM,CONROY RD @ HUNT CLUB RD (0002257),2257,02 - Intersection related,03 - P.D. only,07 - SMV other,01 - Clear,01 - Daylight,01 - Dry,01 - Traffic signal,01 - Functioning,1,0,0,0,,0,,,,,373763.74,5025404.523,45.36519135,-75.61964733,10955
18--6419,6/15/2018,3:31 AM,FISHER AVE @ VIEWMOUNT DR (0005076),5076,02 - Intersection related,03 - P.D. only,07 - SMV other,01 - Clear,07 - Dark,01 - Dry,01 - Traffic signal,01 - Functioning,1,0,0,0,,0,,,,,366918.7097,5024209.507,45.35507888,-75.70716849,10956
18--642,1/11/2018,2:15 PM,BANK ST @ CAHILL DR/DAZE ST (0012178),12178,03 - At intersection,02 - Non-fatal injury,07 - SMV other,02 - Rain,01 - Daylight,02 - Wet,01 - Traffic signal,01 - Functioning,1,0,0,1,02 - Minor,1,,1,,,371306.4666,5024318.121,45.35565372,-75.65115817,10957
18--6420,6/15/2018,3:36 PM,KANATA AVE @ TERRY FOX DR (0012691),12691,02 - Intersection related,03 - P.D. only,03 - Rear end,01 - Clear,01 - Daylight,01 - Dry,01 - Traffic signal,01 - Functioning,2,0,0,0,,0,,,,,349305.9699,5019211.634,45.31144589,-75.93239897,10958
18--6421,6/15/2018,3:55 PM,RICHARDSON SIDE RD btwn RICHARDSON SIDE RD & KANATA AVE (__3ZA2H5),__3ZA2H5,01 - Non intersection,02 - Non-fatal injury,03 - Rear end,01 - Clear,01 - Daylight,01 - Dry,10 - No control,,3,0,0,0,02 - Minor,1,,1,,,348363.0006,5019117.82,45.31066085,-75.94443268,10959
18--6422,6/15/2018,4:03 PM,INNES RD @ ORLEANS BLVD (0003611),3611,02 - Intersection related,03 - P.D. only,03 - Rear end,01 - Clear,01 - Daylight,01 - Dry,01 - Traffic signal,01 - Functioning,2,0,0,0,,0,,,,,380460.7959,5034296.442,45.44450377,-75.53280376,10960
18--6423,6/15/2018,4:08 PM,BANK ST btwn ARENA PL & WHITE ALDER AVE (__3ZA29N),__3ZA29N,04 - At/near private drive,03 - P.D. only,02 - Angle,01 - Clear,01 - Daylight,01 - Dry,10 - No control,,2,0,0,0,,0,,,,,375485.5978,5021316.473,45.32823735,-75.598254,10961
18--6424,6/15/2018,4:15 PM,HIGHWAY 417 btwn HWY417 IC121A RAMP16 & HWY417 IC121A RAMP61 (__3ZA2YY),__3ZA2YY,01 - Non intersection,03 - P.D. only,04 - Sideswipe,01 - Clear,01 - Daylight,01 - Dry,10 - No control,,2,0,0,0,,0,,,,,367312.1736,5029780.444,45.40516981,-75.70144178,10962
18--6425,6/15/2018,4:20 PM,MITCH OWENS RD/BRIDGE ST @ RIVER RD (0003573),3573,02 - Intersection related,03 - P.D. only,03 - Rear end,01 - Clear,01 - Daylight,01 - Dry,01 - Traffic signal,01 - Functioning,2,0,0,0,,0,,,,,369499.7078,5010770.411,45.23392283,-75.67598334,10963
18--6426,6/15/2018,4:45 PM,BANDELIER WAY btwn OVERLAND DR & STITTSVILLE MAIN ST (__6NGPQW),__6NGPQW,04 - At/near private drive,03 - P.D. only,06 - SMV unattended vehicle,01 - Clear,01 - Daylight,01 - Dry,10 - No control,,1,0,0,0,,0,,,,,349283.7589,5014961.164,45.2732002,-75.93306343,10964
18--6427,6/15/2018,4:50 PM,CARLING AVE @ FAIRLAWN AVE/WOODROFFE AVE E (0002393),2393,03 - At intersection,03 - P.D. only,05 - Turning movement,01 - Clear,01 - Daylight,01 - Dry,01 - Traffic signal,01 - Functioning,2,0,0,0,,0,,,,,361934.6841,5025830.528,45.37008852,-75.77058762,10965
18--6428,6/15/2018,5:15 PM,REGIONAL ROAD 174 btwn OR174 IC105 RAMP16 & OR174 IC105 RAMP26 (__3ZA1PU),__3ZA1PU,01 - Non intersection,03 - P.D. only,03 - Rear end,01 - Clear,01 - Daylight,01 - Dry,10 - No control,,2,0,0,0,,0,,,,,379306.7702,5036981.672,45.46878743,-75.54714713,10966
18--6429,6/15/2018,5:15 PM,FALLOWFIELD RD @ WOODROFFE AVE (0010372),10372,02 - Intersection related,03 - P.D. only,03 - Rear end,01 - Clear,01 - Daylight,01 - Dry,01 - Traffic signal,01 - Functioning,2,0,0,0,,0,,,,,365085.1253,5017903.172,45.29849517,-75.73133655,10967
18--643,1/11/2018,2:29 PM,INDUSTRIAL AVE btwn TRAINYARDS DR & RUSSELL RD (__3ZA3R9),__3ZA3R9,04 - At/near private drive,03 - P.D. only,02 - Angle,01 - Clear,01 - Daylight,01 - Dry,10 - No control,,2,0,0,0,,0,,,,,371916.9601,5030490.919,45.41113599,-75.64252787,10968
18--6430,6/15/2018,6:47 PM,AVEIA PRIV/DAIRY DR @ OLD MONTREAL RD (0014909),14909,03 - At intersection,02 - Non-fatal injury,02 - Angle,01 - Clear,01 - Daylight,01 - Dry,02 - Stop sign,01 - Functioning,2,1,0,0,02 - Minor,1,,1,,,385062.7389,5039589.796,45.49161505,-75.4731204,10969