Anom_ID,Accident_Date,Accident_Time,Location,Geo_ID,Accident_Location,Classification_of_Accident,Initial_Impact_Type,Environment_Condition,Light,Road_Surface_Condition,Traffic_Control,Traffic_Control_Condition,No__of_Vehicles,No__of_Bicycles,No__of_Motorcycles,No__of_Pedestrians,Max_Injury,No__of_Injuries,No__of_Minimal,No__of_Minor,No__of_Major,No__of_Fatal,X,Y,Latitude,Longitude,ObjectId
18--6431,6/15/2018,7:20 AM,CARLING AVE EB btwn WOODROFFE AVE & WOODROFFE AVE (__3ZA4VF),__3ZA4VF,01 - Non intersection,03 - P.D. only,04 - Sideswipe,01 - Clear,01 - Daylight,01 - Dry,10 - No control,,2,0,0,0,,0,,,,,361835.3169,5025769.235,45.36954511,-75.77186317,10970
18--6432,6/15/2018,7:21 AM,BEAUSEJOUR DR N @ ORLEANS BLVD (0003637),3637,02 - Intersection related,03 - P.D. only,04 - Sideswipe,01 - Clear,01 - Daylight,01 - Dry,01 - Traffic signal,01 - Functioning,2,0,0,0,,0,,,,,381055.7424,5035895.528,45.45882643,-75.52495157,10971
18--6433,6/15/2018,7:21 AM,HIGHWAY 417 btwn HWY417 IC180 RAMP35 & HWY417 IC169 RAMP51 (__5SO6CL),__5SO6CL,01 - Non intersection,03 - P.D. only,07 - SMV other,01 - Clear,01 - Daylight,01 - Dry,10 - No control,,1,0,0,0,,0,,,,,319260.6891,5030900.459,45.41789043,-76.31523135,10972
18--6434,6/15/2018,7:22 AM,ECHO DR S @ MAIN ST (0007205),7205,03 - At intersection,03 - P.D. only,05 - Turning movement,01 - Clear,01 - Daylight,01 - Dry,02 - Stop sign,01 - Functioning,2,0,0,0,,0,,,,,368868.7311,5030872.587,45.4148558,-75.6814177,10973
18--6435,6/15/2018,8:03 AM,BANKFIELD RD btwn FIRST LINE RD & LOCKMASTER CRES (__3ZA2XX),__3ZA2XX,01 - Non intersection,03 - P.D. only,03 - Rear end,01 - Clear,01 - Daylight,01 - Dry,10 - No control,,3,0,0,0,,0,,,,,367190.012,5009448.685,45.22223838,-75.70556247,10974
18--6436,6/15/2018,8:29 AM,MONTREAL RD btwn MONTREAL SQUARE SC & CENTER ST (__3ZA3AWB),__3ZA3AWB,01 - Non intersection,02 - Non-fatal injury,03 - Rear end,01 - Clear,01 - Daylight,01 - Dry,10 - No control,,2,0,0,0,02 - Minor,1,,1,,,371776.161,5033929.209,45.44208565,-75.64385894,10975
18--6437,6/15/2018,8:55 AM,BESSERER ST @ WALLER ST (0008859),8859,02 - Intersection related,03 - P.D. only,04 - Sideswipe,01 - Clear,01 - Daylight,01 - Dry,01 - Traffic signal,00 - Unknown,2,0,0,0,,0,,,,,368315.896,5032192.056,45.42677833,-75.68831025,10976
18--6438,6/15/2018,9:02 AM,SANDALWOOD DR btwn BAYCREST DR & HERON RD (__3ZA9YZ),__3ZA9YZ,04 - At/near private drive,03 - P.D. only,02 - Angle,01 - Clear,01 - Daylight,01 - Dry,10 - No control,,2,0,0,0,,0,,,,,371460.074,5026962.576,45.37943301,-75.64884105,10977
18--6439,6/15/2018,9:11 AM,RICKEY PL @ MCKITRICK DR (0004018),4018,02 - Intersection related,03 - P.D. only,03 - Rear end,01 - Clear,01 - Daylight,01 - Dry,02 - Stop sign,01 - Functioning,2,0,0,0,,0,,,,,352813.5819,5016976.488,45.29110246,-75.88788404,10978
18--644,1/11/2018,2:42 PM,SMYTH RD E/LANCASTER RD @ ST. LAURENT BLVD N/R (0002256),2256,02 - Intersection related,03 - P.D. only,03 - Rear end,01 - Clear,01 - Daylight,02 - Wet,01 - Traffic signal,01 - Functioning,2,0,0,0,,0,,,,,373364.7293,5029424.551,45.40140096,-75.62418192,10979
18--6440,6/16/2018,1:00 PM,HIGHWAY 417 btwn HWY417 IC122 RAMP16 & HWY417 IC122 RAMP61 (__3ZA2RA),__3ZA2RA,01 - Non intersection,03 - P.D. only,99 - Other,01 - Clear,01 - Daylight,01 - Dry,10 - No control,,2,0,0,0,,0,,,,,365373.7688,5028922.853,45.39762383,-75.72630685,10980
18--6441,6/16/2018,1:14 PM,GREENBANK RD @ WEST HUNT CLUB RD (0005167),5167,02 - Intersection related,03 - P.D. only,04 - Sideswipe,01 - Clear,01 - Daylight,01 - Dry,01 - Traffic signal,00 - Unknown,3,0,0,0,,0,,,,,361479.6649,5020502.582,45.32218482,-75.77700673,10981
18--6442,6/16/2018,10:00 PM,DONALD ST @ ST. LAURENT BLVD (0008630),8630,02 - Intersection related,02 - Non-fatal injury,03 - Rear end,01 - Clear,07 - Dark,01 - Dry,01 - Traffic signal,01 - Functioning,2,0,0,0,02 - Minor,1,,1,,,372093.6382,5032472.53,45.42894866,-75.64000028,10982
18--6443,6/16/2018,10:00 PM,OTTAWA ROAD 29 btwn GALETTA SIDE RD & WALTER BRADLEY RD (__3ZAZ58),__3ZAZ58,01 - Non intersection,03 - P.D. only,07 - SMV other,01 - Clear,07 - Dark,01 - Dry,10 - No control,,1,0,0,0,,0,,,,,318977.0835,5027118.921,45.38386789,-76.31896375,10983
18--6444,6/16/2018,10:51 PM,REGIONAL ROAD 174 EB btwn OR174 IC109 RAMP55 & TRANSIT (__3ZA28V),__3ZA28V,01 - Non intersection,03 - P.D. only,07 - SMV other,01 - Clear,07 - Dark,01 - Dry,10 - No control,,1,0,0,0,,0,,,,,376571.4081,5035208.947,45.45312406,-75.58238334,10984
18--6445,6/16/2018,11:02 PM,ROMINA ST @ BRIGITTA ST (2) (0010645),10645,03 - At intersection,02 - Non-fatal injury,02 - Angle,01 - Clear,07 - Dark,01 - Dry,02 - Stop sign,01 - Functioning,2,1,0,0,02 - Minor,1,,1,,,354506.0976,5015238.17,45.27534301,-75.86648191,10985
18--6446,6/16/2018,11:24 PM,MARCH RD btwn RICHARDSON SIDE RD & HERZBERG RD (__3ZA42C),__3ZA42C,01 - Non intersection,03 - P.D. only,07 - SMV other,01 - Clear,07 - Dark,01 - Dry,10 - No control,,1,0,0,0,,0,,,,,351609.1336,5021731.542,45.33397085,-75.90278925,10986
18--6447,6/16/2018,11:26 AM,MEADOWLANDS DR @ MERIVALE RD (0000625),625,03 - At intersection,03 - P.D. only,05 - Turning movement,01 - Clear,01 - Daylight,01 - Dry,01 - Traffic signal,00 - Unknown,2,0,0,0,,0,,,,,364858.5563,5023725.555,45.35090383,-75.73351895,10987
18--6448,6/16/2018,Unknown,CLARIDGE DR btwn TOTTERIDGE AVE & FAIRLOP WAY (__4O3JXF),__4O3JXF,01 - Non intersection,03 - P.D. only,06 - SMV unattended vehicle,01 - Clear,00 - Unknown,01 - Dry,10 - No control,,1,0,0,0,,0,,,,,364535.2441,5016144.965,45.28272184,-75.73855889,10988
18--6449,6/16/2018,12:06 PM,BANK ST @ WALKLEY RD (0011423),11423,02 - Intersection related,03 - P.D. only,03 - Rear end,01 - Clear,01 - Daylight,01 - Dry,01 - Traffic signal,01 - Functioning,2,0,0,0,,0,,,,,370337.7677,5025947.845,45.37040868,-75.6633045,10989
18--645,1/11/2018,2:47 PM,BANK ST @ HUNT CLUB RD (0002119),2119,02 - Intersection related,03 - P.D. only,04 - Sideswipe,01 - Clear,01 - Daylight,02 - Wet,01 - Traffic signal,01 - Functioning,2,0,0,0,,0,,,,,371608.7366,5024096.506,45.35363097,-75.64733059,10990
18--6450,6/16/2018,12:34 PM,NAVAN RD btwn RENAUD RD & MER BLEUE RD (__3ZA3Y1),__3ZA3Y1,01 - Non intersection,03 - P.D. only,07 - SMV other,01 - Clear,01 - Daylight,01 - Dry,10 - No control,,1,0,0,0,,0,,,,,383941.973,5032284.011,45.42601221,-75.48863309,10991
18--6451,6/16/2018,12:46 PM,CARLING AVE @ KEMPSTER AVE/FAMOUS PLAYERS THEA (0002395),2395,02 - Intersection related,03 - P.D. only,03 - Rear end,01 - Clear,01 - Daylight,01 - Dry,01 - Traffic signal,01 - Functioning,2,0,0,0,,0,,,,,359210.7498,5024119.535,45.3549098,-75.8055486,10992
18--6452,6/16/2018,2:08 AM,SECOND LINE RD btwn THOMAS A. DOLAN PKWY & MURPHY SIDE RD (__3ZBNBL),__3ZBNBL,04 - At/near private drive,03 - P.D. only,07 - SMV other,01 - Clear,07 - Dark,01 - Dry,10 - No control,,1,0,0,0,,0,,,,,342973.7822,5028518.214,45.39556243,-76.01243395,10993
18--6453,6/16/2018,2:41 PM,KING EDWARD AVE @ GEORGE ST (0008239),8239,02 - Intersection related,03 - P.D. only,02 - Angle,01 - Clear,01 - Daylight,01 - Dry,02 - Stop sign,01 - Functioning,2,0,0,0,,0,,,,,368462.7104,5032481.653,45.42937067,-75.68639681,10994
18--6454,6/16/2018,2:44 PM,CUMMINGS AVE btwn WELDON DR & OGILVIE RD (__3ZA7UQ),__3ZA7UQ,04 - At/near private drive,03 - P.D. only,02 - Angle,01 - Clear,01 - Daylight,01 - Dry,10 - No control,,2,0,0,0,,0,,,,,372743.9131,5032179.529,45.42624951,-75.63173126,10995
18--6455,6/16/2018,2:51 PM,RICHMOND RD @ LYNHAR RD/STAFFORD RD (0000155),155,02 - Intersection related,02 - Non-fatal injury,03 - Rear end,01 - Clear,01 - Daylight,01 - Dry,01 - Traffic signal,01 - Functioning,3,0,0,0,01 - Minimal,1,1,,,,358137.6533,5021086.553,45.32770132,-75.81957067,10996
18--6456,6/16/2018,3:42 PM,CRESTHAVEN DR @ DAYBREAK ST (0010158),10158,03 - At intersection,02 - Non-fatal injury,05 - Turning movement,01 - Clear,01 - Daylight,01 - Dry,02 - Stop sign,01 - Functioning,2,0,0,0,02 - Minor,1,,1,,,366955.7256,5016122.102,45.28230627,-75.70771094,10997
18--6457,6/16/2018,3:55 PM,RUSSELL AVE @ TEMPLETON ST (0007310),7310,03 - At intersection,03 - P.D. only,02 - Angle,01 - Clear,01 - Daylight,01 - Dry,02 - Stop sign,01 - Functioning,2,0,0,0,,0,,,,,369360.7065,5031686.579,45.42213458,-75.67502591,10998
18--6458,6/16/2018,4:00 PM,MOUNTAINSIDE CRES btwn PRESTONE DR & TURNER CRES (__3ZBO5S),__3ZBO5S,04 - At/near private drive,03 - P.D. only,06 - SMV unattended vehicle,01 - Clear,01 - Daylight,01 - Dry,10 - No control,,1,0,0,0,,0,,,,,382812.7541,5038192.048,45.47929452,-75.50212427,10999
18--6459,6/16/2018,4:04 PM,CHAMPLAIN ST btwn JEANNE D'ARC BLVD N & OR174 IC102 RAMP61 (__3ZA1VO),__3ZA1VO,01 - Non intersection,03 - P.D. only,03 - Rear end,01 - Clear,01 - Daylight,01 - Dry,10 - No control,,2,0,0,0,,0,,,,,381380.4724,5038721.969,45.48422087,-75.5203595,11000
18--7180,7/6/2018,2:34 PM,CEDARVIEW RD @ WEST HUNT CLUB RD (0010267),10267,02 - Intersection related,03 - P.D. only,03 - Rear end,01 - Clear,01 - Daylight,01 - Dry,01 - Traffic signal,01 - Functioning,2,0,0,0,,0,,,,,359718.6621,5019554.561,45.31379446,-75.79957309,11001
18--7181,7/6/2018,2:38 PM,LAURIER AVE   W btwn BANK ST & O'CONNOR ST (__3ZA34B),__3ZA34B,01 - Non intersection,03 - P.D. only,04 - Sideswipe,01 - Clear,01 - Daylight,01 - Dry,10 - No control,,2,0,0,0,,0,,,,,367613.7229,5031344.623,45.41921681,-75.6973907,11002
18--7182,7/6/2018,3:05 PM,REGIONAL ROAD 174 btwn OR174 IC109 RAMP54 & OR174 IC109 RAMP55 (__3ZA28X),__3ZA28X,01 - Non intersection,03 - P.D. only,03 - Rear end,01 - Clear,01 - Daylight,01 - Dry,10 - No control,,2,0,0,0,,0,,,,,376423.9553,5034882.25,45.45019978,-75.58431589,11003
18--7183,7/6/2018,3:05 PM,OGILVIE RD btwn AVIATION PKWY & MATHESON RD (__3ZA2DL),__3ZA2DL,01 - Non intersection,03 - P.D. only,03 - Rear end,01 - Clear,01 - Daylight,01 - Dry,10 - No control,,2,0,0,0,,0,,,,,373199.0223,5032428.71,45.42844716,-75.62588141,11004
18--7184,7/6/2018,3:14 PM,CUMBERLAND ST @ GEORGE ST (0008508),8508,03 - At intersection,02 - Non-fatal injury,04 - Sideswipe,01 - Clear,01 - Daylight,01 - Dry,01 - Traffic signal,01 - Functioning,2,1,0,0,02 - Minor,1,,1,,,368325.8359,5032416.521,45.42879708,-75.68815428,11005
18--7185,7/6/2018,3:15 PM,HIGHWAY 417 btwn HWY417 IC118 RAMP67 & HWY417 IC117 RAMP36 (__3ZA2YO),__3ZA2YO,01 - Non intersection,03 - P.D. only,03 - Rear end,01 - Clear,01 - Daylight,01 - Dry,10 - No control,,2,0,0,0,,0,,,,,370281.139,5031126.285,45.41700773,-75.66334009,11006
18--7186,7/6/2018,3:34 PM,HWY417 IC129 RAMP51 btwn ASHLEY ST & HWY417 IC129 RAMP53 (__6KDGCM),__6KDGCM,01 - Non intersection,03 - P.D. only,04 - Sideswipe,01 - Clear,01 - Daylight,01 - Dry,10 - No control,,2,0,0,0,,0,,,,,360420.7405,5023296.183,45.34740636,-75.79019912,11007
18--7187,7/6/2018,3:44 PM,RUSSELL AVE @ LAURIER AVE (0007752),7752,03 - At intersection,03 - P.D. only,02 - Angle,01 - Clear,01 - Daylight,01 - Dry,02 - Stop sign,01 - Functioning,2,0,0,0,,0,,,,,369037.704,5032215.786,45.42692592,-75.67908388,11008
18--7188,7/6/2018,3:53 PM,METCALFE ST btwn SLATER ST & LAURIER AVE W (__3ZBOEQ),__3ZBOEQ,01 - Non intersection,03 - P.D. only,03 - Rear end,01 - Clear,01 - Daylight,01 - Dry,10 - No control,,2,0,0,0,,0,,,,,367754.769,5031512.604,45.42071557,-75.69556719,11009
18--7189,7/6/2018,3:53 PM,CARLING AVE @ GRENON AVE (0002645),2645,02 - Intersection related,03 - P.D. only,01 - Approaching,01 - Clear,01 - Daylight,01 - Dry,01 - Traffic signal,01 - Functioning,2,0,0,0,,0,,,,,359593.6858,5024350.501,45.35695821,-75.8006359,11010
18--719,1/13/2018,1:11 PM,BAYSHORE DR @ WOODRIDGE CRES S (0000360),360,02 - Intersection related,03 - P.D. only,05 - Turning movement,01 - Clear,01 - Daylight,01 - Dry,01 - Traffic signal,01 - Functioning,2,0,0,0,,0,,,,,359233.3206,5023511.597,45.34943782,-75.80532747,11011
18--7190,7/6/2018,3:56 PM,HIGHWAY 417 btwn HWY417 IC119A RAMP67 & HWY417 IC118 RAMP76 (__3ZA2YS),__3ZA2YS,01 - Non intersection,02 - Non-fatal injury,03 - Rear end,01 - Clear,01 - Daylight,01 - Dry,10 - No control,,4,0,0,0,02 - Minor,4,,4,,,368758.8328,5030622.853,45.41261883,-75.68285409,11012
18--7191,7/6/2018,4:14 PM,LENESTER AVE @ MAITLAND AVE (0010867),10867,03 - At intersection,03 - P.D. only,02 - Angle,01 - Clear,01 - Daylight,01 - Dry,02 - Stop sign,01 - Functioning,2,0,0,0,,0,,,,,363078.8077,5026146.503,45.37283742,-75.75594507,11013
18--7192,7/6/2018,4:23 PM,MOODIE DR @ CORKSTOWN RD (0000577),577,02 - Intersection related,03 - P.D. only,03 - Rear end,01 - Clear,01 - Daylight,01 - Dry,01 - Traffic signal,01 - Functioning,2,0,0,0,,0,,,,,356345.5818,5022761.575,45.34290724,-75.84225616,11014
18--7193,7/6/2018,4:30 PM,BRONSON AVE @ COMMISSIONER ST/SLATER ST (0001679),1679,03 - At intersection,03 - P.D. only,02 - Angle,01 - Clear,01 - Daylight,01 - Dry,01 - Traffic signal,01 - Functioning,2,0,0,0,,0,,,,,366768.6969,5030948.412,45.41572718,-75.7082369,11015
18--7194,7/6/2018,5:45 PM,OLD MONTREAL RD btwn CAMERON ST & ST. PETER ST (__3ZA2Z7),__3ZA2Z7,04 - At/near private drive,03 - P.D. only,02 - Angle,01 - Clear,01 - Daylight,01 - Dry,10 - No control,,2,0,0,0,,0,,,,,389947.8221,5042449.125,45.51676096,-75.41013549,11016
18--7195,7/6/2018,6:02 AM,HIGHWAY 417 btwn HWY417 IC118 RAMP76 & HWY417 IC118 RAMP67 (__3ZA2YR),__3ZA2YR,01 - Non intersection,03 - P.D. only,03 - Rear end,01 - Clear,01 - Daylight,01 - Dry,10 - No control,,3,0,0,0,,0,,,,,369676.5606,5031143.346,45.41721756,-75.6710618,11017
18--7196,7/6/2018,6:16 PM,ST. LAURENT BLVD btwn HWY417 IC115 RAMP36 & TRANSIT (__3ZA1KA),__3ZA1KA,01 - Non intersection,03 - P.D. only,03 - Rear end,01 - Clear,01 - Daylight,01 - Dry,10 - No control,,2,0,0,0,,0,,,,,372439.1407,5031631.641,45.42134941,-75.63570079,11018
18--7197,7/6/2018,7:04 AM,GREENBANK RD btwn JOCKVALE RD & CAMBRIAN RD (__3ZA2WE),__3ZA2WE,01 - Non intersection,02 - Non-fatal injury,07 - SMV other,01 - Clear,01 - Daylight,01 - Dry,10 - No control,,1,0,0,0,02 - Minor,1,,1,,,364242.2855,5014055.144,45.26394245,-75.74254308,11019
18--7198,7/6/2018,7:05 AM,PRINCE OF WALES DR btwn NORMANDY CRES & FALAISE RD (2) (__3ZA36R),__3ZA36R,01 - Non intersection,03 - P.D. only,07 - SMV other,01 - Clear,01 - Daylight,01 - Dry,10 - No control,,1,0,0,0,,0,,,,,367455.8572,5024955.212,45.36174078,-75.70021893,11020
18--7199,7/6/2018,7:29 AM,SMYTH RD @ GENERAL HOSPITAL E (0008855),8855,02 - Intersection related,03 - P.D. only,03 - Rear end,01 - Clear,01 - Daylight,01 - Dry,01 - Traffic signal,01 - Functioning,2,0,0,0,,0,,,,,371516.677,5029181.564,45.39939322,-75.6478184,11021
18--72,1/2/2018,Unknown,SPRINGWATER DR btwn WATERTON CRES & WATERTON CRES (__3ZA2WQ),__3ZA2WQ,01 - Non intersection,03 - P.D. only,06 - SMV unattended vehicle,01 - Clear,00 - Unknown,05 - Packed snow,10 - No control,,1,0,0,0,,0,,,,,354777.51,5017809.535,45.29846146,-75.86276388,11022
18--720,1/13/2018,1:40 PM,WOODROFFE AVE @ KNOXDALE RD/MEDHURST DR (0000519),519,02 - Intersection related,03 - P.D. only,03 - Rear end,01 - Clear,01 - Daylight,03 - Loose snow,01 - Traffic signal,01 - Functioning,2,0,0,0,,0,,,,,363419.6897,5021826.487,45.33393792,-75.75210553,11023
18--7200,7/6/2018,7:35 AM,HIGHWAY 417 btwn HWY417 IC118 RAMP67 & HWY417 IC117 RAMP36 (__3ZA2YO),__3ZA2YO,01 - Non intersection,02 - Non-fatal injury,03 - Rear end,01 - Clear,01 - Daylight,01 - Dry,10 - No control,,2,0,0,0,01 - Minimal,2,2,,,,370274.1222,5031125.566,45.41700192,-75.66342983,11024
18--7201,7/6/2018,8:26 AM,MERIVALE RD btwn ENTERPRISE AVE & BONGARD AVE (__3ZA3I1),__3ZA3I1,04 - At/near private drive,03 - P.D. only,04 - Sideswipe,01 - Clear,01 - Daylight,01 - Dry,10 - No control,,2,0,0,0,,0,,,,,365841.5848,5021387.987,45.32978586,-75.72126287,11025
18--7202,7/6/2018,9:47 AM,SLATER ST btwn O'CONNOR ST & METCALFE ST (__3ZA35R),__3ZA35R,01 - Non intersection,02 - Non-fatal injury,04 - Sideswipe,01 - Clear,01 - Daylight,01 - Dry,10 - No control,,2,1,0,0,02 - Minor,1,,1,,,367595.0523,5031460.676,45.4202627,-75.69761445,11026
18--7203,7/7/2018,10:00 AM,BANK ST btwn BLAIS RD & RIDEAU RD (__3ZA29L),__3ZA29L,04 - At/near private drive,03 - P.D. only,03 - Rear end,01 - Clear,01 - Daylight,01 - Dry,10 - No control,,2,0,0,0,,0,,,,,376864.5267,5018056.58,45.298766,-75.58113921,11027
18--7204,7/7/2018,10:42 PM,TORBOLTON RIDGE RD btwn KINBURN SIDE RD & VANCES SIDE RD (__3ZA1E5),__3ZA1E5,01 - Non intersection,02 - Non-fatal injury,07 - SMV other,01 - Clear,07 - Dark,08 - Loose sand or gravel,10 - No control,,1,0,0,0,01 - Minimal,1,1,,,,336264.8684,5033338.001,45.43926615,-76.09781192,11028
18--7205,7/7/2018,10:46 AM,LARIMAR CIR btwn LARIMAR CIR & LARIMAR CIR (e___2IZF),e___2IZF,01 - Non intersection,03 - P.D. only,06 - SMV unattended vehicle,01 - Clear,01 - Daylight,01 - Dry,10 - No control,,1,0,0,0,,0,,,,,369414.571,5015529.463,45.27675208,-75.67644878,11029
18--7206,7/7/2018,10:51 AM,EARL GREY DR @ 175 S OF KANATA AVE/WALMART SC (0012587),12587,03 - At intersection,02 - Non-fatal injury,05 - Turning movement,01 - Clear,01 - Daylight,01 - Dry,01 - Traffic signal,01 - Functioning,2,0,0,0,02 - Minor,1,,1,,,350933.9003,5019115.588,45.31047658,-75.9116474,11030
18--7207,7/7/2018,11:00 PM,ALBION RD @ BANK ST (0012409),12409,03 - At intersection,03 - P.D. only,05 - Turning movement,01 - Clear,07 - Dark,01 - Dry,01 - Traffic signal,01 - Functioning,2,0,0,0,,0,,,,,371946.5322,5024129.3,45.35389377,-75.64301539,11031
18--7208,7/7/2018,11:36 AM,GEORGE ST @ DALHOUSIE ST (0008516),8516,02 - Intersection related,03 - P.D. only,04 - Sideswipe,01 - Clear,01 - Daylight,01 - Dry,01 - Traffic signal,01 - Functioning,2,0,0,0,,0,,,,,368157.6875,5032315.579,45.42790409,-75.69031595,11032
18--7209,7/7/2018,11:37 AM,DALHOUSIE ST @ MURRAY ST (0008241),8241,03 - At intersection,02 - Non-fatal injury,07 - SMV other,01 - Clear,01 - Daylight,01 - Dry,01 - Traffic signal,01 - Functioning,1,0,0,1,03 - Major,1,,,1,,368000.6991,5032573.594,45.43023983,-75.69228888,11033
18--721,1/13/2018,1:45 PM,WALKLEY RD btwn HEATHERINGTON RD & 152 E OF HEATHERINGTON RD (__3ZA2LVA),__3ZA2LVA,01 - Non intersection,03 - P.D. only,04 - Sideswipe,01 - Clear,01 - Daylight,06 - Ice,10 - No control,,2,0,0,0,,0,,,,,371784.7431,5026804.765,45.37798212,-75.64471734,11034
18--7210,7/7/2018,11:46 PM,BARNSDALE RD btwn GREENBANK RD & PRINCE OF WALES DR (__3ZABML),__3ZABML,01 - Non intersection,02 - Non-fatal injury,07 - SMV other,01 - Clear,07 - Dark,01 - Dry,10 - No control,,1,0,0,0,02 - Minor,1,,1,,,365894.9038,5011102.103,45.2372294,-75.72184908,11035
18--7211,7/7/2018,Unknown,WILBROD ST btwn CUMBERLAND ST & RING LANE (__3ZA8KX),__3ZA8KX,01 - Non intersection,03 - P.D. only,06 - SMV unattended vehicle,01 - Clear,00 - Unknown,01 - Dry,10 - No control,,1,0,0,0,,0,,,,,368632.1463,5032111.563,45.42602529,-75.68427963,11036
18--7212,7/7/2018,Unknown,SWEETWATER LANE btwn BRETTONWOOD RIDGE & CLONRUSH WAY (e___2HHF),e___2HHF,01 - Non intersection,03 - P.D. only,06 - SMV unattended vehicle,01 - Clear,00 - Unknown,01 - Dry,10 - No control,,1,0,0,0,,0,,,,,348969.973,5018453.801,45.30464789,-75.9367514,11037
18--7213,7/7/2018,12:16 PM,MERIVALE RD @ WEST HUNT CLUB RD (0000584),584,02 - Intersection related,03 - P.D. only,04 - Sideswipe,01 - Clear,01 - Daylight,01 - Dry,01 - Traffic signal,01 - Functioning,2,0,0,0,,0,,,,,365612.5538,5021942.65,45.33479653,-75.72411632,11038
18--7214,7/7/2018,12:25 PM,8TH LINE RD @ PARKWAY RD (0001611),1611,03 - At intersection,03 - P.D. only,02 - Angle,01 - Clear,01 - Daylight,01 - Dry,02 - Stop sign,01 - Functioning,2,0,0,0,,0,,,,,383165.8642,5016891.461,45.28760838,-75.50098969,11039
18--7215,7/7/2018,12:46 AM,SHILLINGTON AVE btwn PANET ST & SILVER ST (__3ZA0P2),__3ZA0P2,01 - Non intersection,03 - P.D. only,06 - SMV unattended vehicle,01 - Clear,07 - Dark,01 - Dry,10 - No control,,1,0,0,0,,0,,,,,365007.0296,5026907.18,45.37951884,-75.7312366,11040
18--7216,7/7/2018,12:55 PM,HUNTMAR DR @ MAPLE GROVE RD (0003119),3119,02 - Intersection related,03 - P.D. only,03 - Rear end,01 - Clear,01 - Daylight,01 - Dry,01 - Traffic signal,01 - Functioning,2,0,0,0,,0,,,,,350267.5473,5016713.394,45.2889044,-75.92036535,11041
18--7217,7/7/2018,2:30 PM,HARE AVE btwn LENESTER AVE & HARMANY AVE (__3ZAAQ9),__3ZAAQ9,01 - Non intersection,03 - P.D. only,06 - SMV unattended vehicle,01 - Clear,01 - Daylight,01 - Dry,10 - No control,,1,0,0,0,,0,,,,,362575.2077,5025645.911,45.36837485,-75.76243262,11042
18--7218,7/7/2018,3:02 PM,EARL ARMSTRONG RD @ LIMEBANK RD (0004456),4456,02 - Intersection related,03 - P.D. only,03 - Rear end,01 - Clear,01 - Daylight,01 - Dry,01 - Traffic signal,01 - Functioning,2,0,0,0,,0,,,,,370155.7198,5015960.457,45.28056159,-75.66694664,11043
18--7219,7/7/2018,3:12 PM,BRONSON AVE btwn HWY417 IC121A RAMP51 & PLYMOUTH ST (__3ZA3B2),__3ZA3B2,04 - At/near private drive,03 - P.D. only,07 - SMV other,01 - Clear,01 - Daylight,00 - Unknown,10 - No control,,1,0,0,0,,0,,,,,367290.5123,5029707.223,45.40451292,-75.70172775,11044
18--722,1/13/2018,1:57 PM,KIRKWOOD AVE @ LAPERRIERE AVE (0006742),6742,03 - At intersection,03 - P.D. only,05 - Turning movement,01 - Clear,01 - Daylight,05 - Packed snow,01 - Traffic signal,01 - Functioning,2,0,0,0,,0,,,,,364520.089,5026959.021,45.38002698,-75.73744735,11045
18--7220,7/7/2018,3:30 PM,CRETE PL @ MCARTHUR AVE (0009807),9807,03 - At intersection,02 - Non-fatal injury,05 - Turning movement,01 - Clear,01 - Daylight,01 - Dry,02 - Stop sign,00 - Unknown,2,1,0,0,01 - Minimal,1,1,,,,370527.5938,5032726.709,45.43138458,-75.6599779,11046
18--7221,7/7/2018,3:35 AM,HIGHWAY 416 btwn HWY416 IC42 RAMP43 & END (__3ZAZJE),__3ZAZJE,01 - Non intersection,03 - P.D. only,07 - SMV other,01 - Clear,07 - Dark,01 - Dry,10 - No control,,1,0,0,0,,0,,,,,371694.987,4994639.871,45.08857547,-75.65018785,11047
18--7222,7/7/2018,4:24 PM,BOURASSA ST @ ST. LAURENT BLVD (0007731),7731,03 - At intersection,02 - Non-fatal injury,02 - Angle,01 - Clear,01 - Daylight,01 - Dry,01 - Traffic signal,01 - Functioning,2,0,0,0,02 - Minor,1,,1,,,373236.7263,5029693.533,45.40383367,-75.62577946,11048
18--7223,7/7/2018,4:25 PM,CASTLEFRANK RD @ HAZELDEAN RD (0003608),3608,03 - At intersection,03 - P.D. only,05 - Turning movement,01 - Clear,01 - Daylight,01 - Dry,01 - Traffic signal,01 - Functioning,2,0,0,0,,0,,,,,352677.826,5017676.756,45.29741291,-75.88954707,11049
18--7224,7/7/2018,4:44 AM,LOLA ST @ DONALD ST (0008513),8513,02 - Intersection related,03 - P.D. only,03 - Rear end,01 - Clear,07 - Dark,01 - Dry,01 - Traffic signal,01 - Functioning,2,0,0,0,,0,,,,,371094.7399,5032359.61,45.42802805,-75.65277979,11050
18--7225,7/7/2018,5:14 PM,PRINCE OF WALES DR @ WILLIAM MCEWEN DR (0011831),11831,03 - At intersection,02 - Non-fatal injury,02 - Angle,01 - Clear,01 - Daylight,01 - Dry,02 - Stop sign,00 - Unknown,2,0,0,0,02 - Minor,1,,1,,,365695.3262,5005905.617,45.19048838,-75.72502618,11051
18--7226,7/7/2018,5:35 AM,MARCH VALLEY RD btwn KLONDIKE RD & Continuation of MARCH VALLEY RD (__5RG65T),__5RG65T,01 - Non intersection,03 - P.D. only,07 - SMV other,01 - Clear,03 - Dawn,01 - Dry,10 - No control,,1,0,0,0,,0,,,,,350325.9424,5024940.689,45.36293186,-75.91886447,11052