Anom_ID,Accident_Date,Accident_Time,Location,Geo_ID,Accident_Location,Classification_of_Accident,Initial_Impact_Type,Environment_Condition,Light,Road_Surface_Condition,Traffic_Control,Traffic_Control_Condition,No__of_Vehicles,No__of_Bicycles,No__of_Motorcycles,No__of_Pedestrians,Max_Injury,No__of_Injuries,No__of_Minimal,No__of_Minor,No__of_Major,No__of_Fatal,X,Y,Latitude,Longitude,ObjectId
18--7227,7/7/2018,6:15 PM,LENNOX ST btwn BURKE ST & OTTAWA ST (__3ZACIO),__3ZACIO,01 - Non intersection,03 - P.D. only,07 - SMV other,01 - Clear,01 - Daylight,01 - Dry,10 - No control,,1,0,0,0,,0,,,,,357347.9312,5005357.828,45.18623062,-75.83130774,11053
18--7228,7/7/2018,6:25 PM,SOMERSET ST    W btwn BECKINGTON PRIV & BANK ST (__3ZAZQ1),__3ZAZQ1,04 - At/near private drive,03 - P.D. only,02 - Angle,01 - Clear,01 - Daylight,01 - Dry,10 - No control,,2,0,0,0,,0,,,,,367690.4255,5030912.806,45.41532457,-75.69646584,11054
18--7229,7/7/2018,7:55 PM,GREENFIELD AVE @ MONTCALM ST (0011431),11431,02 - Intersection related,03 - P.D. only,04 - Sideswipe,01 - Clear,01 - Daylight,01 - Dry,02 - Stop sign,01 - Functioning,2,0,0,0,,0,,,,,368998.1684,5030968.172,45.41570398,-75.67975165,11055
18--723,1/13/2018,10:00 AM,BEARBROOK RD btwn ROCKCLIFFE PKWY & Continuation of BEARBROOK RD (__55RXY1),__55RXY1,01 - Non intersection,02 - Non-fatal injury,07 - SMV other,01 - Clear,01 - Daylight,05 - Packed snow,10 - No control,,1,0,0,0,01 - Minimal,1,1,,,,377147.8981,5035158.756,45.45261303,-75.57502111,11056
18--7230,7/7/2018,8:43 PM,MARCH VALLEY RD btwn RIDDELL DR & KLONDIKE RD (__3ZACJC),__3ZACJC,01 - Non intersection,03 - P.D. only,07 - SMV other,01 - Clear,05 - Dusk,01 - Dry,10 - No control,,1,0,0,0,,0,,,,,349251.3609,5026111.066,45.37353211,-75.93247544,11057
18--7231,7/7/2018,9:34 PM,HWY 417 INNES IC112R57 @ INNES RD (0012298),12298,02 - Intersection related,03 - P.D. only,03 - Rear end,01 - Clear,07 - Dark,01 - Dry,01 - Traffic signal,01 - Functioning,2,0,0,0,,0,,,,,374298.9237,5030754.356,45.41327377,-75.61206288,11058
18--7232,7/7/2018,9:49 PM,MEADOWLANDS DR btwn VIEWMOUNT DR & INDIAN RD (__3ZA4HJ),__3ZA4HJ,01 - Non intersection,02 - Non-fatal injury,06 - SMV unattended vehicle,01 - Clear,07 - Dark,01 - Dry,10 - No control,,1,0,0,0,01 - Minimal,1,1,,,,363754.802,5023114.013,45.34549489,-75.74767699,11059
18--7233,7/7/2018,9:55 AM,HAZELDEAN RD @ TERRY FOX DR (0003682),3682,02 - Intersection related,02 - Non-fatal injury,03 - Rear end,01 - Clear,01 - Daylight,01 - Dry,01 - Traffic signal,01 - Functioning,2,0,0,0,02 - Minor,3,2,1,,,352207.5948,5017242.506,45.2935373,-75.8955838,11060
18--7234,7/8/2018,11:00 PM,BRONSON AVE @ BRONSON AVE NB OFFRAMP 24 (0011235),11235,02 - Intersection related,03 - P.D. only,05 - Turning movement,01 - Clear,07 - Dark,01 - Dry,10 - No control,,2,0,1,0,,0,,,,,367807.872,5028300.093,45.3918056,-75.69529924,11061
18--7235,7/8/2018,11:36 AM,STRANDHERD DR btwn CEDARVIEW RD & MADRID AVE (__6O5O8S),__6O5O8S,01 - Non intersection,03 - P.D. only,03 - Rear end,01 - Clear,01 - Daylight,01 - Dry,10 - No control,,2,0,0,0,,0,,,,,362393.9771,5013566.092,45.25969569,-75.7661503,11062
18--7236,7/8/2018,11:39 AM,HOLLY ACRES RD @ CARLING AVE (0000522),522,03 - At intersection,03 - P.D. only,02 - Angle,01 - Clear,01 - Daylight,01 - Dry,01 - Traffic signal,01 - Functioning,2,0,0,0,,0,,,,,358234.6542,5023497.536,45.3493881,-75.81807295,11063
18--7237,7/8/2018,11:40 AM,RIDEAU VALLEY DR    N btwn RIDEAU NARROWS DR & PHELAN RD E (__3ZA395),__3ZA395,01 - Non intersection,02 - Non-fatal injury,05 - Turning movement,01 - Clear,01 - Daylight,01 - Dry,10 - No control,,2,0,0,0,01 - Minimal,1,1,,,,372501.527,5005609.156,45.1872003,-75.63845782,11064
18--7238,7/8/2018,Unknown,TWINFLOWER WAY btwn GOOSEBERRY PL & SPICEBUSH PL (e___1G85),e___1G85,01 - Non intersection,03 - P.D. only,06 - SMV unattended vehicle,01 - Clear,00 - Unknown,01 - Dry,10 - No control,,1,0,0,0,,0,,,,,364767.017,5016504.667,45.2859387,-75.73556129,11065
18--7239,7/8/2018,12:10 PM,INNES RD @ 260 E OF BELCOURT BLVD/WALMART SC (0012533),12533,02 - Intersection related,03 - P.D. only,04 - Sideswipe,01 - Clear,01 - Daylight,01 - Dry,01 - Traffic signal,01 - Functioning,2,0,0,0,,0,,,,,382347.2397,5035399.176,45.45421853,-75.50851851,11066
18--724,1/13/2018,10:06 AM,INDUSTRIAL AVE @ RUSSELL RD (0007732),7732,02 - Intersection related,03 - P.D. only,03 - Rear end,03 - Snow,01 - Daylight,05 - Packed snow,01 - Traffic signal,01 - Functioning,2,0,0,0,,0,,,,,372465.7291,5030279.553,45.40918137,-75.63554673,11067
18--7240,7/8/2018,2:24 PM,DWYER HILL RD btwn PURDY RD & DWYER HILL RD (__3ZA3E3),__3ZA3E3,01 - Non intersection,02 - Non-fatal injury,07 - SMV other,01 - Clear,01 - Daylight,01 - Dry,10 - No control,,1,0,1,0,02 - Minor,1,,1,,,351007.5177,4995639.718,45.09922584,-75.91288562,11068
18--7241,7/8/2018,2:49 PM,LADOUCEUR ST btwn MERTON ST & GARLAND ST (__3ZAAJK),__3ZAAJK,04 - At/near private drive,03 - P.D. only,06 - SMV unattended vehicle,01 - Clear,01 - Daylight,01 - Dry,10 - No control,,1,0,0,0,,0,,,,,365496.8255,5029876.009,45.40618945,-75.72461791,11069
18--7242,7/8/2018,3:12 PM,PINECREST RD @ RICHMOND RD (0002353),2353,03 - At intersection,03 - P.D. only,02 - Angle,01 - Clear,01 - Daylight,01 - Dry,01 - Traffic signal,01 - Functioning,2,0,0,0,,0,,,,,360072.5622,5024471.483,45.35800922,-75.79451065,11070
18--7243,7/8/2018,3:25 PM,SMYTH RD @ RIVERSIDE HOSPITAL (0009069),9069,02 - Intersection related,03 - P.D. only,03 - Rear end,01 - Clear,01 - Daylight,01 - Dry,01 - Traffic signal,01 - Functioning,2,0,0,0,,0,,,,,369987.8675,5029120.162,45.39898477,-75.66735212,11071
18--7244,7/8/2018,3:45 PM,BELCOURT BLVD @ ST. JOSEPH BLVD (0004138),4138,02 - Intersection related,02 - Non-fatal injury,05 - Turning movement,01 - Clear,01 - Daylight,01 - Dry,01 - Traffic signal,01 - Functioning,2,0,0,0,01 - Minimal,1,1,,,,381204.815,5037358.692,45.4719745,-75.52281829,11072
18--7245,7/8/2018,4:30 AM,DONALD B. MUNRO DR btwn SALISBURY ST & DEUGO ST (__3ZA1PE),__3ZA1PE,01 - Non intersection,03 - P.D. only,07 - SMV other,01 - Clear,07 - Dark,01 - Dry,10 - No control,,1,0,0,0,,0,,,,,341545.3754,5022833.43,45.34448524,-76.0311002,11073
18--7246,7/8/2018,5:47 PM,BANK ST btwn HOPEWELL AVE & GLEN AVE (__3ZA3N3),__3ZA3N3,01 - Non intersection,03 - P.D. only,03 - Rear end,01 - Clear,01 - Daylight,01 - Dry,10 - No control,,2,0,0,0,,0,,,,,368775.8518,5028490.008,45.39342664,-75.68291338,11074
18--7247,7/8/2018,5:50 PM,FALLOWFIELD RD btwn RICHMOND RD & STEEPLE HILL CRES (__3ZA4Y4),__3ZA4Y4,01 - Non intersection,03 - P.D. only,07 - SMV other,01 - Clear,01 - Daylight,01 - Dry,10 - No control,,1,0,0,0,,0,,,,,357808.1985,5013579.721,45.2601788,-75.82457557,11075
18--7248,7/8/2018,6:19 PM,CLYDE AVE btwn STARWOOD RD & LOTTA AVE (__3ZA4HC),__3ZA4HC,01 - Non intersection,03 - P.D. only,03 - Rear end,01 - Clear,01 - Daylight,01 - Dry,10 - No control,,2,0,0,0,,0,,,,,364490.6965,5024582.518,45.35864608,-75.73810978,11076
18--7249,7/8/2018,6:30 PM,RIVERSIDE DR @ PLEASANT PARK RD (0007296),7296,02 - Intersection related,03 - P.D. only,04 - Sideswipe,01 - Clear,01 - Daylight,01 - Dry,01 - Traffic signal,01 - Functioning,2,0,0,0,,0,,,,,369561.1698,5028415.045,45.39267996,-75.67289434,11077
18--725,1/13/2018,10:06 PM,ProposedCANYON WALK DR @ EARL ARMSTRONG RD (0013180),13180,02 - Intersection related,03 - P.D. only,07 - SMV other,01 - Clear,07 - Dark,05 - Packed snow,01 - Traffic signal,01 - Functioning,1,0,0,0,,0,,,,,369397.5697,5015631.564,45.27767233,-75.67665216,11078
18--7250,7/8/2018,6:41 PM,ALBERT ST @ PRESTON ST (0002217),2217,02 - Intersection related,02 - Non-fatal injury,07 - SMV other,01 - Clear,01 - Daylight,01 - Dry,01 - Traffic signal,01 - Functioning,1,0,0,1,02 - Minor,1,,1,,,366160.6974,5030464.571,45.41142729,-75.7160647,11079
18--7251,7/8/2018,9:15 AM,PLACE D'ORLEANS DR btwn OR174 IC102 RAMP51 & CHAMPLAIN ST (__6K6SKJ),__6K6SKJ,01 - Non intersection,03 - P.D. only,04 - Sideswipe,01 - Clear,01 - Daylight,01 - Dry,10 - No control,,2,0,0,0,,0,,,,,381406.5463,5038074.547,45.47839306,-75.52012699,11080
18--7252,7/9/2018,1:08 PM,ALLEN BLVD @ MCARTHUR AVE (0009809),9809,03 - At intersection,02 - Non-fatal injury,03 - Rear end,01 - Clear,01 - Daylight,01 - Dry,01 - Traffic signal,01 - Functioning,2,0,0,0,01 - Minimal,1,1,,,,370750.6302,5032749.593,45.43156948,-75.65712466,11081
18--7253,7/9/2018,10:39 AM,ALBION RD/COLLISTON CRES E @ WALKLEY RD (0011422),11422,02 - Intersection related,03 - P.D. only,02 - Angle,01 - Clear,01 - Daylight,01 - Dry,01 - Traffic signal,01 - Functioning,2,0,0,0,,0,,,,,371033.7341,5026354.575,45.37400287,-75.65436579,11082
18--7254,7/9/2018,11:13 PM,288 N OF SUNNYSIDE AVE @ BRONSON AVE (0016459),16459,03 - At intersection,02 - Non-fatal injury,02 - Angle,01 - Clear,07 - Dark,01 - Dry,01 - Traffic signal,01 - Functioning,2,1,0,0,03 - Major,1,,,1,,367785.3419,5028344.658,45.39220861,-75.69558126,11083
18--7255,7/9/2018,11:15 AM,MONTREAL RD @ ST. LAURENT BLVD (0002604),2604,02 - Intersection related,02 - Non-fatal injury,03 - Rear end,01 - Clear,01 - Daylight,01 - Dry,01 - Traffic signal,01 - Functioning,3,0,0,0,01 - Minimal,2,2,,,,371545.727,5033817.677,45.44110417,-75.64681932,11084
18--7256,7/9/2018,11:21 AM,CEDARVIEW RD @ FALLOWFIELD RD (0001603),1603,02 - Intersection related,03 - P.D. only,03 - Rear end,01 - Clear,01 - Daylight,01 - Dry,01 - Traffic signal,01 - Functioning,2,0,0,0,,0,,,,,361294.6776,5015664.392,45.27866552,-75.7799175,11085
18--7257,7/9/2018,11:30 AM,HANNAH ST @ MARIER AVE (0010033),10033,03 - At intersection,03 - P.D. only,02 - Angle,01 - Clear,01 - Daylight,01 - Dry,02 - Stop sign,01 - Functioning,2,0,0,0,,0,,,,,370130.8399,5033636.623,45.43960878,-75.66492727,11086
18--7258,7/9/2018,11:49 PM,DUNROBIN RD btwn DUNROBIN RD & MURPHY SIDE RD (__3ZA3EB),__3ZA3EB,01 - Non intersection,03 - P.D. only,07 - SMV other,01 - Clear,07 - Dark,01 - Dry,10 - No control,,1,0,0,0,,0,,,,,344908.6314,5028535.013,45.39560544,-75.98772113,11087
18--7259,7/9/2018,Unknown,BELL ST    N btwn CHRISTIE ST & WILLOW ST (__3ZA0VR),__3ZA0VR,01 - Non intersection,03 - P.D. only,06 - SMV unattended vehicle,01 - Clear,00 - Unknown,01 - Dry,10 - No control,,1,0,0,0,,0,,,,,366887.6351,5030101.597,45.40809724,-75.70682406,11088
18--726,1/13/2018,10:12 AM,CARLING AVE @ CLYDE AVE/COLE AVE (0006984),6984,02 - Intersection related,03 - P.D. only,04 - Sideswipe,05 - Drifting Snow,01 - Daylight,06 - Ice,01 - Traffic signal,01 - Functioning,2,0,0,0,,0,,,,,363520.6903,5026850.542,45.37913538,-75.75022025,11089
18--7260,7/9/2018,Unknown,DOWNSVIEW CRES btwn WOODFIELD DR & WOODFIELD DR (__3ZA0X9),__3ZA0X9,01 - Non intersection,03 - P.D. only,06 - SMV unattended vehicle,01 - Clear,00 - Unknown,01 - Dry,10 - No control,,1,0,0,0,,0,,,,,364919.5226,5022020.164,45.33555371,-75.73294821,11090
18--7261,7/9/2018,12:20 PM,ATHLONE AVE @ RICHMOND RD (0006293),6293,02 - Intersection related,03 - P.D. only,04 - Sideswipe,01 - Clear,01 - Daylight,01 - Dry,01 - Traffic signal,01 - Functioning,2,0,0,0,,0,,,,,363453.6349,5028441.675,45.39345776,-75.75088729,11091
18--7262,7/9/2018,3:49 PM,INNES RD btwn HWY417 IC112 RAMP65 & HWY417 IC112 RAMP56 (__3ZA3RA),__3ZA3RA,07 - Overpass or bridge,03 - P.D. only,03 - Rear end,01 - Clear,01 - Daylight,01 - Dry,10 - No control,,5,0,0,0,,0,,,,,374450.8101,5030843.715,45.41406267,-75.61010994,11092
18--7263,7/9/2018,3:50 PM,ST. LAURENT BLVD @ TREMBLAY RD (0002573),2573,03 - At intersection,02 - Non-fatal injury,07 - SMV other,01 - Clear,01 - Daylight,01 - Dry,01 - Traffic signal,00 - Unknown,1,0,0,1,01 - Minimal,1,1,,,,372595.5832,5031241.578,45.41782466,-75.63375566,11093
18--7264,7/9/2018,4:08 PM,BOTELER ST @ PARENT AVE (0007704),7704,03 - At intersection,02 - Non-fatal injury,02 - Angle,01 - Clear,01 - Daylight,01 - Dry,02 - Stop sign,01 - Functioning,2,0,0,0,02 - Minor,1,,1,,,367555.8309,5032990.657,45.43403248,-75.69792062,11094
18--7265,7/9/2018,4:08 PM,HIGHWAY 417 btwn HWY417 IC138 RAMP61 & HWY417 IC134 RAMP36 (__3ZA20I),__3ZA20I,01 - Non intersection,03 - P.D. only,03 - Rear end,01 - Clear,01 - Daylight,01 - Dry,10 - No control,,2,0,0,0,,0,,,,,355575.5291,5021795.945,45.33427456,-75.85218082,11095
18--7266,7/9/2018,4:14 PM,ELGIN ST @ SLATER ST (0002228),2228,03 - At intersection,03 - P.D. only,02 - Angle,01 - Clear,01 - Daylight,01 - Dry,01 - Traffic signal,01 - Functioning,2,0,0,0,,0,,,,,367890.6587,5031646.608,45.42190906,-75.69381381,11096
18--7267,7/9/2018,4:23 PM,WOODROFFE AVE btwn GRENFELL CRES & 260 N OF FALLOWFIELD RD/TRANSITWAY  (__3ZA3IO),__3ZA3IO,01 - Non intersection,02 - Non-fatal injury,03 - Rear end,01 - Clear,01 - Daylight,01 - Dry,10 - No control,,2,1,1,0,03 - Major,2,,1,1,,364959.1385,5018225.536,45.30140658,-75.73290368,11097
18--7268,7/9/2018,4:29 PM,HILSON AVE @ IONA ST (0006652),6652,02 - Intersection related,03 - P.D. only,04 - Sideswipe,01 - Clear,01 - Daylight,01 - Dry,02 - Stop sign,02 - Not functioning,2,0,0,0,,0,,,,,364092.6089,5028199.539,45.39122525,-75.74275625,11098
18--7269,7/9/2018,4:30 AM,ROBERTSON RD btwn HAZELDEAN RD & HAANEL DR (__3ZA41S),__3ZA41S,01 - Non intersection,03 - P.D. only,07 - SMV other,01 - Clear,07 - Dark,01 - Dry,10 - No control,,1,0,0,0,,0,,,,,354106.4823,5018675.073,45.30629716,-75.87123318,11099
18--727,1/13/2018,10:29 AM,INNES RD @ 240 E OF TENTH LINE RD/HOME DEPOT E (0012919),12919,03 - At intersection,03 - P.D. only,03 - Rear end,03 - Snow,01 - Daylight,06 - Ice,01 - Traffic signal,01 - Functioning,3,0,0,0,,0,,,,,384168.1103,5036256.42,45.46172679,-75.485103,11100
18--700,1/12/2018,6:29 PM,CUMBERLAND ST @ RIDEAU ST (0007759),7759,03 - At intersection,03 - P.D. only,05 - Turning movement,04 - Freezing Rain,07 - Dark,04 - Slush,01 - Traffic signal,01 - Functioning,2,0,0,0,,0,,,,,368374.8594,5032329.277,45.42800764,-75.6875391,11101
18--7450,7/13/2018,9:04 PM,REGIONAL ROAD 174 btwn EAST SHORE RD & MORIN RD (__3ZA27Q),__3ZA27Q,01 - Non intersection,03 - P.D. only,07 - SMV other,01 - Clear,07 - Dark,01 - Dry,10 - No control,,1,0,0,0,,0,,,,,391912.6442,5042792.983,45.51961185,-75.38493004,11102
18--691,1/12/2018,4:18 PM,8TH LINE RD @ FOREST GREEN CRES S (0001608),1608,02 - Intersection related,02 - Non-fatal injury,07 - SMV other,04 - Freezing Rain,05 - Dusk,06 - Ice,02 - Stop sign,00 - Unknown,1,0,0,0,02 - Minor,3,1,2,,,384324.9994,5014088.89,45.26226239,-75.48666422,11103
18--7630,7/19/2018,1:33 PM,HAZELDEAN RD btwn SWEETNAM DR & CEDAROW CRT (__3ZBOBB),__3ZBOBB,01 - Non intersection,03 - P.D. only,04 - Sideswipe,01 - Clear,01 - Daylight,01 - Dry,10 - No control,,2,0,0,0,,0,,,,,350505.5097,5015683.286,45.27961973,-75.91742677,11104
18--7000,7/1/2018,10:30 PM,REGIONAL ROAD 174 btwn OR174 IC105 RAMP25 & OR174 IC102 RAMP51 (__3ZA27G),__3ZA27G,01 - Non intersection,03 - P.D. only,07 - SMV other,01 - Clear,07 - Dark,01 - Dry,10 - No control,,1,0,0,0,,0,,,,,379886.9557,5037272.354,45.47134063,-75.53968388,11105
18--7451,7/13/2018,9:26 AM,TERRY FOX DR btwn COPE DR & TRANS CANADA TRAIL (__355BDZB),__355BDZB,01 - Non intersection,03 - P.D. only,03 - Rear end,01 - Clear,01 - Daylight,01 - Dry,10 - No control,,3,0,1,0,,0,,,,,353452.3253,5015765.093,45.2801581,-75.87986009,11106
18--6910,6/28/2018,7:52 AM,FALLOWFIELD RD btwn WOODROFFE AVE & VIA PARK PL/275 W OF WOODROFFE AVE (__3ZA3IKD),__3ZA3IKD,04 - At/near private drive,03 - P.D. only,05 - Turning movement,01 - Clear,01 - Daylight,01 - Dry,10 - No control,,2,0,0,0,,0,,,,,365026.1946,5017869.012,45.29819285,-75.73209202,11107
18--7631,7/19/2018,10:04 AM,BANKFIELD RD btwn FIRST LINE RD & LOCKMASTER CRES (__3ZA2XX),__3ZA2XX,04 - At/near private drive,03 - P.D. only,03 - Rear end,01 - Clear,01 - Daylight,01 - Dry,10 - No control,,2,0,0,0,,0,,,,,367531.3279,5009644.753,45.22397228,-75.70119207,11108
18--7001,7/1/2018,10:54 PM,KING EDWARD AVE @ MURRAY ST (0002713),2713,03 - At intersection,03 - P.D. only,02 - Angle,01 - Clear,07 - Dark,01 - Dry,01 - Traffic signal,01 - Functioning,2,0,0,0,,0,,,,,368291.6919,5032753.614,45.43183322,-75.68854713,11109
18--7002,7/1/2018,11:55 AM,HIGHWAY 417 btwn HWY417 IC134 RAMP25 & HWY417 IC131 RAMP53 (__3ZA2LE),__3ZA2LE,01 - Non intersection,03 - P.D. only,04 - Sideswipe,01 - Clear,01 - Daylight,01 - Dry,10 - No control,,2,0,0,0,,0,,,,,357151.2042,5022553.897,45.34097888,-75.83199874,11110
18--7003,7/1/2018,Unknown,HEATHERINGTON RD btwn FAIRLEA CRES & ANGELA PRIV (__3ZBOQL),__3ZBOQL,01 - Non intersection,03 - P.D. only,06 - SMV unattended vehicle,01 - Clear,00 - Unknown,01 - Dry,10 - No control,,1,0,0,0,,0,,,,,371866.7353,5026542.783,45.37561707,-75.64370614,11111
18--7004,7/1/2018,12:34 AM,SUSSEX DR @ YORK ST (0011350),11350,03 - At intersection,03 - P.D. only,05 - Turning movement,01 - Clear,07 - Dark,01 - Dry,01 - Traffic signal,01 - Functioning,2,0,0,0,,0,,,,,367805.2112,5032236.209,45.42722179,-75.69483015,11112
18--7005,7/1/2018,12:55 PM,HUNT CLUB RD @ BRIDLE PATH DR/DAZE ST (0008214),8214,02 - Intersection related,03 - P.D. only,05 - Turning movement,01 - Clear,01 - Daylight,01 - Dry,01 - Traffic signal,01 - Functioning,2,0,0,0,,0,,,,,371291.7267,5023864.524,45.3515738,-75.65140728,11113
18--7006,7/1/2018,2:20 PM,OTTAWA RIVER PKWY @ ISLAND PARK DR (0002127),2127,03 - At intersection,03 - P.D. only,05 - Turning movement,01 - Clear,01 - Daylight,01 - Dry,01 - Traffic signal,01 - Functioning,2,0,0,0,,0,,,,,363298.6877,5029453.561,45.4025755,-75.75274607,11114
18--7007,7/1/2018,4:20 PM,CAMBRIAN RD/GOLFLINKS DR W @ LONGFIELDS DR (0009702),9702,02 - Intersection related,03 - P.D. only,03 - Rear end,01 - Clear,01 - Daylight,01 - Dry,11 - Roundabout,01 - Functioning,2,0,0,0,,0,,,,,365382.707,5013223.303,45.25636025,-75.72811374,11115
18--7008,7/1/2018,5:06 PM,HUNT CLUB RD/AIRPORT PKWY/HUNT CLUB RD RAMP 53 (0010853),10853,02 - Intersection related,02 - Non-fatal injury,02 - Angle,01 - Clear,01 - Daylight,01 - Dry,02 - Stop sign,01 - Functioning,2,1,0,0,03 - Major,1,,,1,,370950.6411,5023662.578,45.34978901,-75.65578689,11116
18--7009,7/1/2018,5:15 PM,LEES AVE / GRAHAM AVE @ MAIN ST (0002252),2252,02 - Intersection related,03 - P.D. only,03 - Rear end,01 - Clear,01 - Daylight,01 - Dry,01 - Traffic signal,01 - Functioning,2,0,0,0,,0,,,,,369001.7513,5030560.568,45.41203617,-75.67975897,11117
18--701,1/12/2018,6:45 PM,INNES RD btwn FRANK KENNY RD & O'TOOLE RD (__3ZA3MX),__3ZA3MX,01 - Non intersection,03 - P.D. only,01 - Approaching,03 - Snow,07 - Dark,03 - Loose snow,10 - No control,,2,0,0,0,,0,,,,,387935.7734,5037759.918,45.47481548,-75.43667892,11118
18--7010,7/1/2018,5:16 PM,MARAVISTA DR @ STRANDHERD DR (0013565),13565,02 - Intersection related,02 - Non-fatal injury,03 - Rear end,01 - Clear,01 - Daylight,01 - Dry,01 - Traffic signal,01 - Functioning,2,0,0,0,01 - Minimal,1,1,,,,361288.4381,5014584.958,45.26895318,-75.78011984,11119
18--7011,7/1/2018,9:23 PM,O'DONNELL CRT btwn MACFARLANE RD & END (__3ZA1IP),__3ZA1IP,01 - Non intersection,03 - P.D. only,07 - SMV other,01 - Clear,07 - Dark,01 - Dry,10 - No control,,1,0,0,0,,0,,,,,367289.6351,5021475.947,45.33044987,-75.70278006,11120
18--7012,7/2/2018,1:20 AM,HIGHWAY 417 btwn HWY417 IC123 RAMP62 & HWY417 IC122 RAMP16 (__3ZA2R9),__3ZA2R9,01 - Non intersection,03 - P.D. only,07 - SMV other,01 - Clear,07 - Dark,01 - Dry,10 - No control,,1,0,0,0,,0,,,,,365110.9487,5028683.547,45.3954933,-75.72969274,11121
18--7013,7/2/2018,1:30 PM,RIVERSTONE DR btwn PONDHOLLOW WAY & WERSCH LANE (__4NBCXA),__4NBCXA,01 - Non intersection,03 - P.D. only,06 - SMV unattended vehicle,01 - Clear,01 - Daylight,01 - Dry,10 - No control,,1,0,0,0,,0,,,,,365883.474,5014050.628,45.26376121,-75.72163233,11122
18--7014,7/2/2018,1:36 PM,LAFONTAINE AVE btwn MCARTHUR AVE & BLAKE BLVD (__3ZA7B1),__3ZA7B1,04 - At/near private drive,03 - P.D. only,07 - SMV other,01 - Clear,01 - Daylight,01 - Dry,10 - No control,,1,0,0,0,,0,,,,,370951.9881,5032777.334,45.43180006,-75.65454779,11123
18--7015,7/2/2018,11:06 PM,THOMAS A. DOLAN PKWY btwn DIAMONDVIEW RD & CARP RD (__3ZAC0F),__3ZAC0F,01 - Non intersection,02 - Non-fatal injury,07 - SMV other,01 - Clear,07 - Dark,01 - Dry,10 - No control,,1,0,0,0,02 - Minor,1,,1,,,335928.6287,5025517.304,45.36890768,-76.10260339,11124
18--7016,7/2/2018,Unknown,MAPLE RIDGE CRES btwn WHELAN DR & VANESSA TER (__3ZAA9K),__3ZAA9K,01 - Non intersection,03 - P.D. only,06 - SMV unattended vehicle,01 - Clear,00 - Unknown,01 - Dry,10 - No control,,1,0,0,0,,0,,,,,362798.7441,5015494.985,45.27701872,-75.76076801,11125
18--7017,7/2/2018,Unknown,FOUR SEASONS DR btwn VIEWMOUNT DR & SHADETREE CRES (__3ZA0A8),__3ZA0A8,01 - Non intersection,03 - P.D. only,06 - SMV unattended vehicle,01 - Clear,00 - Unknown,01 - Dry,10 - No control,,1,0,0,0,,0,,,,,366563.1465,5023788.931,45.35132602,-75.71175871,11126
18--7018,7/2/2018,12:40 PM,GLENDORE ST btwn PAUL METIVIER DR & HAILEYBURY ST (__6REWOA),__6REWOA,01 - Non intersection,03 - P.D. only,06 - SMV unattended vehicle,01 - Clear,01 - Daylight,01 - Dry,10 - No control,,1,0,0,0,,0,,,,,365805.7315,5014603.963,45.26874686,-75.72255492,11127
18--7019,7/2/2018,12:53 AM,RENAUD RD btwn Continuation of RENAUD RD & PERCIFOR WAY (__54PNN5),__54PNN5,01 - Non intersection,03 - P.D. only,07 - SMV other,01 - Clear,07 - Dark,01 - Dry,10 - No control,,1,0,1,0,,0,,,,,380816.0335,5032115.685,45.42484443,-75.52860001,11128
18--702,1/12/2018,6:50 PM,CRAIG HENRY DR @ KNOXDALE RD (0000590),590,02 - Intersection related,03 - P.D. only,04 - Sideswipe,01 - Clear,07 - Dark,03 - Loose snow,01 - Traffic signal,01 - Functioning,2,0,0,0,,0,,,,,363116.3395,5021654.794,45.33241831,-75.7559957,11129
18--7020,7/2/2018,2:10 AM,ELGIN ST @ LAURIER AVE (0002232),2232,03 - At intersection,03 - P.D. only,07 - SMV other,01 - Clear,07 - Dark,01 - Dry,01 - Traffic signal,01 - Functioning,1,0,0,0,,0,,,,,367948.7093,5031549.576,45.42103076,-75.69308453,11130
18--7021,7/2/2018,2:43 PM,CARLING AVE EB btwn ROSEVIEW AVE & SCRIVENS ST (__3ZA26B),__3ZA26B,04 - At/near private drive,03 - P.D. only,99 - Other,01 - Clear,01 - Daylight,01 - Dry,10 - No control,,2,0,0,0,,0,,,,,359397.6172,5024226.39,45.35585676,-75.80315196,11131
18--7022,7/2/2018,2:48 PM,ST. JOSEPH BLVD btwn ST. JEAN ST & BELCOURT BLVD (__3ZA2AP),__3ZA2AP,04 - At/near private drive,02 - Non-fatal injury,02 - Angle,01 - Clear,01 - Daylight,01 - Dry,10 - No control,,2,0,0,0,02 - Minor,1,,1,,,381136.6762,5037310.413,45.47154757,-75.52369712,11132
18--7023,7/2/2018,3:34 PM,MOODIE DR btwn ROBERTSON RD & HADLEY CIRC (__3ZA412),__3ZA412,04 - At/near private drive,03 - P.D. only,02 - Angle,01 - Clear,01 - Daylight,01 - Dry,10 - No control,,2,0,0,0,,0,,,,,357105.68,5020369.533,45.32132717,-75.83281041,11133
18--7024,7/2/2018,3:49 PM,"EGLISE, RUE DE L @ MONTREAL RD (0011441)",11441,02 - Intersection related,02 - Non-fatal injury,03 - Rear end,01 - Clear,01 - Daylight,01 - Dry,01 - Traffic signal,01 - Functioning,3,0,0,0,01 - Minimal,1,1,,,,371157.6231,5033633.602,45.43948489,-75.65180455,11134