Anom_ID,Accident_Date,Accident_Time,Location,Geo_ID,Accident_Location,Classification_of_Accident,Initial_Impact_Type,Environment_Condition,Light,Road_Surface_Condition,Traffic_Control,Traffic_Control_Condition,No__of_Vehicles,No__of_Bicycles,No__of_Motorcycles,No__of_Pedestrians,Max_Injury,No__of_Injuries,No__of_Minimal,No__of_Minor,No__of_Major,No__of_Fatal,X,Y,Latitude,Longitude,ObjectId
18--7025,7/2/2018,4:10 PM,ST. PATRICK ST @ SUSSEX DR (0011910),11910,02 - Intersection related,03 - P.D. only,04 - Sideswipe,01 - Clear,01 - Daylight,01 - Dry,01 - Traffic signal,01 - Functioning,2,0,0,0,,0,,,,,367666.9352,5032462.392,45.42926935,-75.69656819,11135
18--7026,7/2/2018,5:31 PM,LAURIER AVE @ NICHOLAS ST (0010711),10711,03 - At intersection,03 - P.D. only,04 - Sideswipe,01 - Clear,01 - Daylight,01 - Dry,01 - Traffic signal,01 - Functioning,2,0,0,0,,0,,,,,368373.5544,5031798.35,45.42323066,-75.6876243,11136
18--7027,7/2/2018,5:51 AM,PICKFORD DR btwn BUJOLD CRT & DECARLO GDN (__3ZBNDR),__3ZBNDR,01 - Non intersection,03 - P.D. only,07 - SMV other,01 - Clear,01 - Daylight,01 - Dry,10 - No control,,1,0,0,0,,0,,,,,352800.8516,5018780.711,45.30733816,-75.88787166,11137
18--7028,7/2/2018,6:30 PM,BROOKFIELD RD btwn 200 W OF FLANNERY DR & BROOKFIELD RAMP 36 (__3ZA225B),__3ZA225B,01 - Non intersection,03 - P.D. only,04 - Sideswipe,01 - Clear,01 - Daylight,01 - Dry,10 - No control,,2,0,0,0,,0,,,,,368576.3338,5026264.887,45.37342385,-75.6857488,11138
18--7029,7/2/2018,6:42 PM,OGILVIE RD btwn 125 E OF ELMLEA GT/EARL ARMSTRONG ARENA & ELMLEA GT (__3ZA2DRB),__3ZA2DRB,01 - Non intersection,03 - P.D. only,07 - SMV other,01 - Clear,01 - Daylight,01 - Dry,10 - No control,,1,0,0,0,,0,,,,,375141.7721,5033580.75,45.43861987,-75.6008921,11139
18--703,1/12/2018,6:53 PM,MONTREAL RD @ GRANVILLE ST/LAFONTAINE AVE (0009348),9348,02 - Intersection related,03 - P.D. only,02 - Angle,03 - Snow,07 - Dark,05 - Packed snow,01 - Traffic signal,01 - Functioning,2,0,0,0,,0,,,,,370827.0618,5033474.592,45.43808549,-75.65605071,11140
18--7030,7/2/2018,6:51 PM,OTTAWA RIVER PKWY @ ISLAND PARK DR (0002127),2127,02 - Intersection related,03 - P.D. only,04 - Sideswipe,01 - Clear,01 - Daylight,01 - Dry,01 - Traffic signal,01 - Functioning,2,0,0,0,,0,,,,,363298.695,5029453.563,45.40257552,-75.75274598,11141
18--7031,7/2/2018,7:01 PM,DOWNPATRICK RD @ UPLANDS DR (0009324),9324,02 - Intersection related,03 - P.D. only,07 - SMV other,01 - Clear,01 - Daylight,01 - Dry,02 - Stop sign,01 - Functioning,1,0,0,0,,0,,,,,370292.7339,5022804.512,45.34213012,-75.6642958,11142
18--7032,7/2/2018,8:20 AM,CASTLEFRANK RD @ KATIMAVIK RD (0003228),3228,03 - At intersection,03 - P.D. only,02 - Angle,01 - Clear,01 - Daylight,01 - Dry,01 - Traffic signal,01 - Functioning,2,0,0,0,,0,,,,,351950.47,5018943.576,45.30886126,-75.89870001,11143
18--7033,7/2/2018,9:05 AM,BANK ST @ RIVERSIDE DR S (0002704),2704,02 - Intersection related,02 - Non-fatal injury,03 - Rear end,01 - Clear,01 - Daylight,01 - Dry,01 - Traffic signal,01 - Functioning,2,0,0,0,02 - Minor,1,,1,,,369304.6742,5027894.472,45.38801969,-75.67623791,11144
18--7034,7/2/2018,9:52 AM,CUMBERLAND ST @ ST. PATRICK ST (0008238),8238,02 - Intersection related,03 - P.D. only,05 - Turning movement,01 - Clear,01 - Daylight,01 - Dry,01 - Traffic signal,01 - Functioning,2,0,0,0,,0,,,,,368128.6623,5032748.649,45.43180333,-75.69063115,11145
18--7035,7/3/2018,1:10 PM,MELROSE AVE btwn RUSKIN ST & CARLING AVE (__3ZA0KJ),__3ZA0KJ,01 - Non intersection,02 - Non-fatal injury,01 - Approaching,01 - Clear,01 - Daylight,01 - Dry,10 - No control,,2,0,0,0,02 - Minor,1,,1,,,365951.5291,5028436.065,45.39319361,-75.71898829,11146
18--7036,7/3/2018,1:43 PM,ROSS AVE @ SCOTT ST (0006155),6155,03 - At intersection,03 - P.D. only,02 - Angle,01 - Clear,01 - Daylight,01 - Dry,02 - Stop sign,01 - Functioning,2,0,0,0,,0,,,,,364356.6393,5029362.534,45.40166725,-75.73924413,11147
18--7037,7/3/2018,10:09 AM,BRONSON AVE @ IMPERIAL AVE/PLYMOUTH ST (0010859),10859,03 - At intersection,03 - P.D. only,05 - Turning movement,01 - Clear,01 - Daylight,01 - Dry,10 - No control,,2,0,0,0,,0,,,,,367318.6763,5029643.528,45.4039373,-75.70137608,11148
18--7038,7/3/2018,10:24 AM,MONTREAL RD @ 46 E OF HILLSIDE DR/MONTREAL SQU (0008215),8215,03 - At intersection,02 - Non-fatal injury,07 - SMV other,01 - Clear,01 - Daylight,01 - Dry,01 - Traffic signal,01 - Functioning,1,0,0,1,02 - Minor,1,,1,,,371749.9598,5033916.69,45.44197552,-75.64419553,11149
18--7039,7/3/2018,10:47 AM,BEATRICE DR btwn STRANDHERD DR & GREENPOINTE DR (__3ZAZ2J),__3ZAZ2J,01 - Non intersection,03 - P.D. only,03 - Rear end,01 - Clear,01 - Daylight,01 - Dry,10 - No control,,2,0,0,0,,0,,,,,365533.5167,5015351.308,45.27549501,-75.72593224,11150
18--704,1/12/2018,6:59 PM,HUNT CLUB RD @ MALAK ST (0007737),7737,02 - Intersection related,02 - Non-fatal injury,03 - Rear end,04 - Freezing Rain,07 - Dark,03 - Loose snow,02 - Stop sign,01 - Functioning,2,0,0,0,01 - Minimal,1,1,,,,374193.7351,5025653.517,45.36738925,-75.61412394,11151
18--7040,7/3/2018,10:50 AM,GREENBANK RD @ STRANDHERD DR (0005563),5563,02 - Intersection related,03 - P.D. only,99 - Other,01 - Clear,01 - Daylight,01 - Dry,01 - Traffic signal,01 - Functioning,2,0,0,0,,0,,,,,363933.6837,5014784.417,45.27053048,-75.74638834,11152
18--7041,7/3/2018,11:10 AM,DONNELLY DR btwn JOE DREW LANE & WEEDMARK RD (__3ZAZAZ),__3ZAZAZ,01 - Non intersection,03 - P.D. only,07 - SMV other,01 - Clear,01 - Daylight,01 - Dry,10 - No control,,1,0,0,0,,0,,,,,362046.5483,4983719.137,44.99115217,-75.77399164,11153
18--7042,7/3/2018,11:34 PM,HAWTHORNE RD btwn LEITRIM RD & LOUISEIZE RD (__3ZBO24),__3ZBO24,01 - Non intersection,03 - P.D. only,07 - SMV other,01 - Clear,07 - Dark,01 - Dry,10 - No control,,1,0,0,0,,0,,,,,377428.8102,5021787.921,45.33228082,-75.57339821,11154
18--7043,7/3/2018,11:43 AM,PRINCE OF WALES DR @ STRANDHERD DR (0013339),13339,03 - At intersection,03 - P.D. only,05 - Turning movement,01 - Clear,01 - Daylight,01 - Dry,01 - Traffic signal,01 - Functioning,2,0,0,0,,0,,,,,367175.0888,5014824.02,45.2706068,-75.70507813,11155
18--7044,7/3/2018,Unknown,BAKERVALE DR btwn SHILLINGTON AVE & EMPEROR AVE (__3ZA0RI),__3ZA0RI,01 - Non intersection,03 - P.D. only,06 - SMV unattended vehicle,01 - Clear,00 - Unknown,01 - Dry,10 - No control,,1,0,0,0,,0,,,,,365556.5826,5027227.172,45.38235062,-75.7241808,11156
18--7045,7/3/2018,Unknown,TACOM CIRC btwn Continuation of TACOM CIRC & Continuation of TACOM CIR (__6XB3ZS),__6XB3ZS,01 - Non intersection,03 - P.D. only,06 - SMV unattended vehicle,01 - Clear,00 - Unknown,01 - Dry,10 - No control,,1,0,0,0,,0,,,,,366273.7669,5015202.164,45.27408869,-75.71651687,11157
18--7046,7/3/2018,12:45 PM,CARLING AVE @ PINECREST  RD/GREENVIEW AVE (0001630),1630,03 - At intersection,02 - Non-fatal injury,05 - Turning movement,01 - Clear,01 - Daylight,01 - Dry,01 - Traffic signal,01 - Functioning,2,0,0,0,02 - Minor,2,,2,,,360006.5571,5024632.593,45.35946408,-75.79533507,11158
18--7047,7/3/2018,12:47 PM,GLADSTONE AVE @ SPADINA AVE (0006143),6143,03 - At intersection,03 - P.D. only,02 - Angle,01 - Clear,01 - Daylight,01 - Dry,02 - Stop sign,00 - Unknown,2,0,0,0,,0,,,,,365901.5475,5029436.628,45.4022008,-75.71950265,11159
18--7048,7/3/2018,12:56 PM,MONTREAL RD @ SHEFFORD RD (0012423),12423,02 - Intersection related,02 - Non-fatal injury,03 - Rear end,01 - Clear,01 - Daylight,01 - Dry,01 - Traffic signal,01 - Functioning,2,0,0,0,02 - Minor,1,,1,,,376125.7542,5034853.477,45.4499714,-75.58813196,11160
18--7049,7/3/2018,3:44 PM,BANKFIELD RD @ MANOTICK MAIN ST/RIDEAU VALLEY  (0000070),70,02 - Intersection related,03 - P.D. only,03 - Rear end,01 - Clear,01 - Daylight,01 - Dry,01 - Traffic signal,01 - Functioning,2,0,0,0,,0,,,,,368431.7863,5010157.389,45.2285042,-75.68966142,11161
18--705,1/12/2018,7:17 AM,DUNROBIN RD btwn HARWOOD LANE & KERWIN RD (__3ZA3FH),__3ZA3FH,01 - Non intersection,03 - P.D. only,07 - SMV other,02 - Rain,03 - Dawn,02 - Wet,10 - No control,,1,0,0,0,,0,,,,,346142.7093,5027317.33,45.38457667,-75.97206181,11162
18--7050,7/3/2018,3:45 PM,INNES RD btwn STAR TOP RD & HWY417 IC112 RAMP55 (__3ZAZPO),__3ZAZPO,01 - Non intersection,03 - P.D. only,03 - Rear end,01 - Clear,01 - Daylight,01 - Dry,10 - No control,,2,0,0,0,,0,,,,,374177.9799,5030685.444,45.41266573,-75.6136176,11163
18--7051,7/3/2018,3:55 PM,HIGHWAY 417 btwn HWY417 IC118 RAMP67 & HWY417 IC117 RAMP36 (__3ZA2YO),__3ZA2YO,01 - Non intersection,03 - P.D. only,03 - Rear end,01 - Clear,01 - Daylight,01 - Dry,10 - No control,,3,0,0,0,,0,,,,,370272.6059,5031125.536,45.41700179,-75.66344921,11164
18--7052,7/3/2018,4:16 AM,HIGHWAY 416 btwn HWY416 IC66 RAMP34 & HWY416 IC72 RAMP53 (__3ZAZM6),__3ZAZM6,01 - Non intersection,03 - P.D. only,07 - SMV other,01 - Clear,07 - Dark,01 - Dry,10 - No control,,1,0,0,0,,0,,,,,359313.0449,5016615.027,45.28737588,-75.80506911,11165
18--7053,7/3/2018,4:17 PM,BLAZER AVE @ PRINCE OF WALES DR (0000049),49,02 - Intersection related,03 - P.D. only,04 - Sideswipe,01 - Clear,01 - Daylight,01 - Dry,02 - Stop sign,01 - Functioning,2,0,0,0,,0,,,,,367352.8651,5021106.616,45.32712105,-75.70202014,11166
18--7054,7/3/2018,4:17 PM,COLONEL BY DR btwn UNIVERSITY RD & HOG'S BACK RD (__3ZA22V),__3ZA22V,01 - Non intersection,03 - P.D. only,03 - Rear end,01 - Clear,01 - Daylight,01 - Dry,10 - No control,,2,0,0,0,,0,,,,,367352.3613,5026751.671,45.37791414,-75.70131241,11167
18--7055,7/3/2018,4:18 PM,MCBEAN ST @ STRACHAN ST (0000136),136,03 - At intersection,03 - P.D. only,02 - Angle,01 - Clear,01 - Daylight,01 - Dry,02 - Stop sign,01 - Functioning,2,0,0,0,,0,,,,,357158.6366,5005791.401,45.19014612,-75.8336709,11168
18--7056,7/3/2018,4:20 PM,MAITLAND AVE btwn HWY417 IC126 RAMP63 & HWY417 IC126 RAMP52 (__3ZA3GY),__3ZA3GY,07 - Overpass or bridge,03 - P.D. only,04 - Sideswipe,01 - Clear,01 - Daylight,01 - Dry,10 - No control,,2,0,0,0,,0,,,,,363198.2659,5025850.45,45.37016363,-75.75445505,11169
18--7057,7/3/2018,4:25 PM,ELGIN ST btwn LAURIER AVE W & GLOUCESTER ST (1) (__3ZA25I),__3ZA25I,01 - Non intersection,02 - Non-fatal injury,04 - Sideswipe,01 - Clear,01 - Daylight,01 - Dry,10 - No control,,2,1,0,0,02 - Minor,1,,1,,,367971.9572,5031546.813,45.4210038,-75.69278786,11170
18--7058,7/3/2018,4:30 PM,GARLAND ST @ SOMERSET ST W/WELLINGTON ST (0006483),6483,02 - Intersection related,03 - P.D. only,03 - Rear end,01 - Clear,01 - Daylight,01 - Dry,01 - Traffic signal,01 - Functioning,2,0,0,0,,0,,,,,365651.7178,5029845.508,45.40590156,-75.72264316,11171
18--7059,7/3/2018,4:42 PM,WAVERLEY ST @ O'CONNOR ST (0007269),7269,03 - At intersection,02 - Non-fatal injury,02 - Angle,01 - Clear,01 - Daylight,01 - Dry,02 - Stop sign,01 - Functioning,2,1,0,0,02 - Minor,1,,1,,,368008.5885,5030765.561,45.41397104,-75.69242004,11172
18--706,1/12/2018,7:20 AM,CAMERON ST @ REGIONAL RD 174 (0012883),12883,02 - Intersection related,03 - P.D. only,03 - Rear end,02 - Rain,03 - Dawn,02 - Wet,01 - Traffic signal,01 - Functioning,3,0,0,0,,0,,,,,389860.7739,5042617.564,45.51828699,-75.41122025,11173
18--7060,7/3/2018,4:57 PM,EARL GREY DR @ ROLAND MICHENER DR (0011836),11836,02 - Intersection related,03 - P.D. only,04 - Sideswipe,01 - Clear,01 - Daylight,01 - Dry,02 - Stop sign,01 - Functioning,2,0,0,0,,0,,,,,350772.5517,5018945.491,45.30895659,-75.91372078,11174
18--7061,7/3/2018,5:00 PM,KANATA AVE @ LORD BYNG WAY/MARITIME WAY (0009115),9115,02 - Intersection related,03 - P.D. only,04 - Sideswipe,01 - Clear,01 - Daylight,01 - Dry,01 - Traffic signal,01 - Functioning,2,0,0,0,,0,,,,,351430.0241,5019331.33,45.31238512,-75.9053003,11175
18--7062,7/3/2018,5:01 PM,CARLETON AVE @ SUNNYMEDE AVE (0006142),6142,03 - At intersection,02 - Non-fatal injury,07 - SMV other,01 - Clear,01 - Daylight,01 - Dry,02 - Stop sign,01 - Functioning,1,0,0,0,02 - Minor,1,,1,,,364032.697,5029405.559,45.40208187,-75.74337653,11176
18--7063,7/3/2018,5:04 PM,HIGHWAY 417 btwn HWY417 IC110 RAMP64 & HWY417 IC104 RAMP16 (__3ZA2W9),__3ZA2W9,01 - Non intersection,03 - P.D. only,04 - Sideswipe,01 - Clear,01 - Daylight,01 - Dry,10 - No control,,2,0,0,0,,0,,,,,376315.6167,5027762.019,45.38614718,-75.58673418,11177
18--7064,7/3/2018,6:10 PM,CATHERINE ST @ KENT ST (0002707),2707,03 - At intersection,03 - P.D. only,05 - Turning movement,01 - Clear,01 - Daylight,01 - Dry,01 - Traffic signal,01 - Functioning,2,0,0,0,,0,,,,,367907.5562,5030188.475,45.40878772,-75.69378463,11178
18--7065,7/3/2018,6:24 PM,HUNTMAR DR btwn OLD CARP RD & BRADLEY SIDE RD (__3ZACWD),__3ZACWD,01 - Non intersection,02 - Non-fatal injury,07 - SMV other,01 - Clear,01 - Daylight,01 - Dry,10 - No control,,1,0,0,0,02 - Minor,2,,2,,,345877.9233,5021623.15,45.33335442,-75.97591617,11179
18--7066,7/3/2018,6:30 PM,STRANDHERD DR @ LONGFIELDS DR (0010935),10935,02 - Intersection related,03 - P.D. only,03 - Rear end,01 - Clear,01 - Daylight,01 - Dry,01 - Traffic signal,01 - Functioning,2,0,0,0,,0,,,,,364548.7974,5015173.337,45.27397799,-75.7385031,11180
18--7067,7/3/2018,6:39 PM,INDUSTRIAL AVE @ TRAINYARDS DR (0011906),11906,02 - Intersection related,02 - Non-fatal injury,03 - Rear end,01 - Clear,01 - Daylight,01 - Dry,01 - Traffic signal,01 - Functioning,2,0,0,0,01 - Minimal,1,1,,,,371685.9733,5030539.567,45.41159581,-75.64547198,11181
18--7068,7/3/2018,6:44 AM,REGIONAL ROAD 174 btwn OR174 IC109 RAMP64 & OR174 IC105 RAMP16 (__3ZA2XD),__3ZA2XD,01 - Non intersection,03 - P.D. only,03 - Rear end,01 - Clear,01 - Daylight,01 - Dry,10 - No control,,2,0,0,0,,0,,,,,376646.1361,5035371.299,45.45457712,-75.58140433,11182
18--7069,7/3/2018,6:47 AM,STANLEY AVE @ SUSSEX DR (0007143),7143,02 - Intersection related,03 - P.D. only,04 - Sideswipe,01 - Clear,01 - Daylight,01 - Dry,01 - Traffic signal,00 - Unknown,2,0,0,0,,0,,,,,367831.9762,5033871.896,45.44193671,-75.69427872,11183
18--707,1/12/2018,8:13 AM,LEES AVE btwn TURN LANE & TRANSIT (__4LN2VF),__4LN2VF,01 - Non intersection,03 - P.D. only,03 - Rear end,02 - Rain,01 - Daylight,02 - Wet,10 - No control,,2,0,0,0,,0,,,,,369270.6982,5031309.139,45.41874682,-75.67622533,11184
18--7070,7/3/2018,7:09 AM,CARLING AVE EB btwn MERIVALE RD EXTENSION & VISCOUNT AVE (__3ZA26Q),__3ZA26Q,01 - Non intersection,02 - Non-fatal injury,04 - Sideswipe,01 - Clear,01 - Daylight,01 - Dry,10 - No control,,2,0,0,0,02 - Minor,2,1,1,,,365044.8331,5027794.589,45.38750033,-75.73064564,11185
18--7071,7/3/2018,7:32 PM,BANKFIELD RD @ MANOTICK MAIN ST/RIDEAU VALLEY  (0000070),70,02 - Intersection related,03 - P.D. only,03 - Rear end,01 - Clear,01 - Daylight,01 - Dry,01 - Traffic signal,01 - Functioning,2,0,0,0,,0,,,,,368431.5286,5010157.483,45.22850507,-75.68966469,11186
18--7072,7/3/2018,7:39 PM,PLANTE DR btwn AVOCADO ST & MINA LANE (__3ZBN6Z),__3ZBN6Z,01 - Non intersection,03 - P.D. only,06 - SMV unattended vehicle,01 - Clear,01 - Daylight,01 - Dry,10 - No control,,1,0,0,0,,0,,,,,370195.0258,5024534.044,45.35770107,-75.66531373,11187
18--7073,7/3/2018,7:55 AM,REGIONAL ROAD 174 btwn OR174 IC105 RAMP16 & OR174 IC105 RAMP26 (__3ZA1PU),__3ZA1PU,01 - Non intersection,03 - P.D. only,04 - Sideswipe,01 - Clear,01 - Daylight,01 - Dry,10 - No control,,2,0,0,0,,0,,,,,379055.1973,5036831.902,45.46746671,-75.55038663,11188
18--7074,7/3/2018,8:00 AM,CAMPEAU DR @ CONACHER GT (0011761),11761,03 - At intersection,03 - P.D. only,03 - Rear end,01 - Clear,01 - Daylight,01 - Dry,02 - Stop sign,00 - Unknown,2,0,0,0,,0,,,,,351581.193,5019753.207,45.31617121,-75.90333262,11189
18--7075,7/3/2018,8:24 PM,HUNT CLUB RD @ BRIDLE PATH DR/DAZE ST (0008214),8214,03 - At intersection,02 - Non-fatal injury,03 - Rear end,01 - Clear,01 - Daylight,01 - Dry,01 - Traffic signal,01 - Functioning,3,0,0,0,01 - Minimal,1,1,,,,371291.6875,5023864.495,45.35157354,-75.65140779,11190
18--7076,7/3/2018,9:34 AM,KENT ST btwn WELLINGTON ST & SPARKS ST (__3ZA3C1),__3ZA3C1,01 - Non intersection,02 - Non-fatal injury,07 - SMV other,01 - Clear,01 - Daylight,01 - Dry,10 - No control,,1,0,0,1,02 - Minor,1,,1,,,367134.4921,5031464.385,45.42033726,-75.70349838,11191
18--7077,7/3/2018,9:40 AM,VANCES SIDE RD btwn GREENLAND RD & TORWOOD DR (__3ZA3EA),__3ZA3EA,01 - Non intersection,03 - P.D. only,05 - Turning movement,01 - Clear,01 - Daylight,01 - Dry,10 - No control,,2,0,0,0,,0,,,,,343328.917,5036424.969,45.46668963,-76.00727955,11192
18--7078,7/3/2018,9:44 PM,LEGACY RD @ SWANSEA CRES (0006396),6396,02 - Intersection related,03 - P.D. only,03 - Rear end,01 - Clear,07 - Dark,01 - Dry,02 - Stop sign,01 - Functioning,2,0,0,0,,0,,,,,374579.6452,5027373.574,45.38282723,-75.608955,11193
18--7079,7/4/2018,1:00 PM,HIGHWAY 417 btwn HWY417 IC131 RAMP66 & HWY417 IC130 RAMP26 (__3ZA29A),__3ZA29A,01 - Non intersection,03 - P.D. only,04 - Sideswipe,01 - Clear,01 - Daylight,01 - Dry,10 - No control,,2,0,0,0,,0,,,,,358971.6506,5023048.29,45.34528923,-75.80871738,11194
18--708,1/12/2018,8:15 PM,DEVINE RD @ ROCKDALE RD (0012909),12909,03 - At intersection,03 - P.D. only,02 - Angle,04 - Freezing Rain,07 - Dark,03 - Loose snow,02 - Stop sign,01 - Functioning,2,0,0,0,,0,,,,,394887.5282,5024097.153,45.35103272,-75.35027927,11195
18--7080,7/4/2018,1:31 PM,WALKLEY EXTENSION RD btwn HWY417 IC110 RAMP55 & HWY417 IC110 RAMP58 (__33J3Q5),__33J3Q5,01 - Non intersection,03 - P.D. only,04 - Sideswipe,01 - Clear,01 - Daylight,01 - Dry,10 - No control,,2,0,0,0,,0,,,,,375529.9039,5028931.224,45.39674687,-75.596599,11196
18--7081,7/4/2018,1:32 PM,MEADOWLANDS DR @ ORKNEY PRIV (0002344),2344,02 - Intersection related,03 - P.D. only,02 - Angle,01 - Clear,01 - Daylight,01 - Dry,10 - No control,,2,1,0,0,,0,,,,,366725.7153,5025141.517,45.36348199,-75.7095147,11197
18--7082,7/4/2018,10:08 AM,HUNT CLUB RD/AIRPORT PKWY/HUNT CLUB RD RAMP 53 (0010853),10853,02 - Intersection related,03 - P.D. only,03 - Rear end,01 - Clear,01 - Daylight,01 - Dry,02 - Stop sign,01 - Functioning,2,0,0,0,,0,,,,,370950.6611,5023662.494,45.34978825,-75.65578664,11198
18--7083,7/4/2018,10:38 AM,GLENDALE AVE btwn PERCY ST & CHAMBERLAIN AVE (__3ZA943),__3ZA943,04 - At/near private drive,03 - P.D. only,06 - SMV unattended vehicle,01 - Clear,01 - Daylight,01 - Dry,10 - No control,,1,0,0,0,,0,,,,,367624.5891,5029806.318,45.40537465,-75.69744794,11199
18--7084,7/4/2018,10:49 AM,ALTA VISTA DR btwn AYERS AVE & RIDGEMONT AVE (__3ZBORT),__3ZBORT,01 - Non intersection,02 - Non-fatal injury,03 - Rear end,01 - Clear,01 - Daylight,01 - Dry,10 - No control,,4,0,0,0,02 - Minor,1,,1,,,370518.2408,5026668.23,45.37687357,-75.66090486,11200
18--7085,7/4/2018,10:50 AM,CUMBERLAND ST @ ST. PATRICK ST (0008238),8238,02 - Intersection related,03 - P.D. only,05 - Turning movement,01 - Clear,01 - Daylight,01 - Dry,01 - Traffic signal,01 - Functioning,2,0,0,0,,0,,,,,368128.6772,5032748.672,45.43180354,-75.69063095,11201
18--7086,7/4/2018,10:58 PM,HAANEL DR @ TIMM DR (0000860),860,02 - Intersection related,03 - P.D. only,07 - SMV other,01 - Clear,07 - Dark,08 - Loose sand or gravel,02 - Stop sign,01 - Functioning,1,0,0,0,,0,,,,,354790.6374,5019845.465,45.3167802,-75.86239115,11202
18--7087,7/4/2018,11:43 AM,BOOTH ST @ SIR JOHN A. MACDONALD PKWY/WELLINGTON ST (0012252),12252,03 - At intersection,03 - P.D. only,05 - Turning movement,01 - Clear,01 - Daylight,01 - Dry,01 - Traffic signal,01 - Functioning,2,0,0,0,,0,,,,,366264.301,5031006.754,45.41629661,-75.71467359,11203
18--7088,7/4/2018,12:00 PM,PRETORIA AVE btwn METCALFE ST & ELGIN ST (__3ZA97C),__3ZA97C,04 - At/near private drive,03 - P.D. only,06 - SMV unattended vehicle,01 - Clear,01 - Daylight,01 - Dry,10 - No control,,1,0,0,0,,0,,,,,368498.0668,5030335.514,45.41005724,-75.68622246,11204
18--7089,7/4/2018,12:21 PM,WOODROFFE AVE btwn FLOWER AVE & CARLINGWOOD SC (__3ZA4NKA),__3ZA4NKA,01 - Non intersection,03 - P.D. only,03 - Rear end,01 - Clear,01 - Daylight,01 - Dry,10 - No control,,2,0,0,0,,0,,,,,361816.059,5026105.211,45.37256976,-75.77207023,11205
18--709,1/12/2018,8:25 PM,KING EDWARD AVE @ GEORGE ST (0008239),8239,02 - Intersection related,02 - Non-fatal injury,03 - Rear end,04 - Freezing Rain,07 - Dark,06 - Ice,02 - Stop sign,01 - Functioning,2,0,0,0,02 - Minor,2,,2,,,368462.7128,5032481.595,45.42937015,-75.68639679,11206
18--7090,7/4/2018,12:52 PM,MAITLAND AVE/GLENMOUNT AVE @ ERINDALE DR (0002724),2724,03 - At intersection,02 - Non-fatal injury,05 - Turning movement,01 - Clear,01 - Daylight,01 - Dry,01 - Traffic signal,01 - Functioning,2,0,0,0,02 - Minor,2,,2,,,363697.6802,5025211.495,45.3643726,-75.74815597,11207
18--7452,7/13/2018,9:27 AM,CARLING AVE @ CORKSTOWN RD (0001127),1127,02 - Intersection related,03 - P.D. only,03 - Rear end,01 - Clear,01 - Daylight,01 - Dry,01 - Traffic signal,00 - Unknown,2,0,0,0,,0,,,,,357999.6618,5023424.526,45.34874901,-75.82107954,11208
18--6911,6/28/2018,7:57 PM,TERON RD @ BEAVERBROOK RD/PENFIELD DR N (0002572),2572,03 - At intersection,02 - Non-fatal injury,02 - Angle,01 - Clear,01 - Daylight,01 - Dry,01 - Traffic signal,01 - Functioning,2,1,0,0,02 - Minor,1,,1,,,351884.5835,5021213.536,45.3292913,-75.89932441,11209
18--6912,6/28/2018,8:17 PM,DONALD ST @ FRANCES ST (0011534),11534,03 - At intersection,03 - P.D. only,05 - Turning movement,01 - Clear,01 - Daylight,01 - Dry,02 - Stop sign,01 - Functioning,2,0,0,0,,0,,,,,371488.6443,5032403.484,45.42838536,-75.64774047,11210
18--7632,7/19/2018,10:05 AM,HIGHWAY 417 btwn HWY417 IC120A RAMP52 & HWY417 IC119B RAMP57 (__3ZA2R1),__3ZA2R1,01 - Non intersection,03 - P.D. only,07 - SMV other,01 - Clear,01 - Daylight,01 - Dry,10 - No control,,1,0,0,0,,0,,,,,368115.4972,5030218.94,45.40904306,-75.69112448,11211
18--7453,7/13/2018,9:34 AM,ALBERT ST @ ELGIN ST/MACKENZIE KING BRIDGE (0002226),2226,03 - At intersection,03 - P.D. only,05 - Turning movement,01 - Clear,01 - Daylight,01 - Dry,01 - Traffic signal,01 - Functioning,2,0,0,0,,0,,,,,367850.7115,5031711.581,45.42249726,-75.69431589,11212
18--6913,6/28/2018,8:57 AM,HWY 417 PINECRE IC129R26 @ PINECREST RD (0011469),11469,02 - Intersection related,02 - Non-fatal injury,07 - SMV other,01 - Clear,01 - Daylight,01 - Dry,10 - No control,,1,0,0,1,02 - Minor,1,,1,,,360417.6727,5023602.498,45.35016282,-75.79020382,11213
18--7633,7/19/2018,10:24 AM,FISHER AVE btwn TUNIS AVE & SHILLINGTON AVE (__3ZA3AU),__3ZA3AU,01 - Non intersection,02 - Non-fatal injury,03 - Rear end,01 - Clear,01 - Daylight,01 - Dry,10 - No control,,2,0,0,0,02 - Minor,3,,3,,,365502.7972,5027582.473,45.38555221,-75.72482385,11214
18--7454,7/14/2018,1:01 PM,CAMERON ST @ REGIONAL RD 174 (0012883),12883,03 - At intersection,03 - P.D. only,07 - SMV other,01 - Clear,01 - Daylight,01 - Dry,01 - Traffic signal,01 - Functioning,1,0,0,0,,0,,,,,389860.7735,5042617.565,45.518287,-75.41122026,11215
18--6914,6/28/2018,9:12 AM,OTTAWA RIVER PKWY @ ISLAND PARK DR (0002127),2127,02 - Intersection related,03 - P.D. only,03 - Rear end,01 - Clear,01 - Daylight,02 - Wet,01 - Traffic signal,01 - Functioning,2,0,0,0,,0,,,,,363298.8987,5029453.571,45.40257557,-75.75274338,11216
18--7634,7/19/2018,11:04 PM,INNES RD @ TENTH LINE RD (0004633),4633,02 - Intersection related,02 - Non-fatal injury,03 - Rear end,01 - Clear,07 - Dark,01 - Dry,01 - Traffic signal,01 - Functioning,2,0,0,0,01 - Minimal,1,1,,,,383951.7602,5036159.561,45.46087989,-75.48788468,11217