Anom_ID,Accident_Date,Accident_Time,Location,Geo_ID,Accident_Location,Classification_of_Accident,Initial_Impact_Type,Environment_Condition,Light,Road_Surface_Condition,Traffic_Control,Traffic_Control_Condition,No__of_Vehicles,No__of_Bicycles,No__of_Motorcycles,No__of_Pedestrians,Max_Injury,No__of_Injuries,No__of_Minimal,No__of_Minor,No__of_Major,No__of_Fatal,X,Y,Latitude,Longitude,ObjectId
18--7635,7/19/2018,11:12 AM,MONTREAL RD @ SHEFFORD RD (0012423),12423,02 - Intersection related,03 - P.D. only,03 - Rear end,01 - Clear,01 - Daylight,01 - Dry,01 - Traffic signal,01 - Functioning,2,0,0,0,,0,,,,,376125.7603,5034853.61,45.44997259,-75.58813186,11218
18--7636,7/19/2018,12:07 AM,LEITRIM RD btwn RAMSAYVILLE RD & ANDERSON RD (__3ZA2BA),__3ZA2BA,01 - Non intersection,02 - Non-fatal injury,07 - SMV other,01 - Clear,07 - Dark,01 - Dry,10 - No control,,1,0,0,0,02 - Minor,1,,1,,,380443.2461,5024890.606,45.35987847,-75.53447077,11219
18--7637,7/19/2018,12:37 PM,COLONNADE RD @ PRINCE OF WALES DR (0005249),5249,02 - Intersection related,03 - P.D. only,04 - Sideswipe,01 - Clear,01 - Daylight,01 - Dry,01 - Traffic signal,01 - Functioning,2,0,0,0,,0,,,,,367394.7685,5023266.602,45.34655248,-75.70121242,11220
18--7638,7/19/2018,2:59 PM,DALHOUSIE ST @ YORK ST (0008500),8500,03 - At intersection,02 - Non-fatal injury,05 - Turning movement,01 - Clear,01 - Daylight,01 - Dry,01 - Traffic signal,01 - Functioning,2,1,0,0,02 - Minor,1,,1,,,368093.6748,5032419.621,45.42884602,-75.69112055,11221
18--7639,7/19/2018,3:04 PM,OLD ALMONTE RD btwn HOWIE RD & BEAVERTAIL RD (__3ZBNAR),__3ZBNAR,01 - Non intersection,02 - Non-fatal injury,07 - SMV other,01 - Clear,01 - Daylight,01 - Dry,10 - No control,,1,0,1,0,03 - Major,1,,,1,,340791.7668,5013923.745,45.26435091,-76.04136346,11222
18--764,1/13/2018,4:10 PM,HWY417 IC131 RAMP53 btwn HIGHWAY 417 & HWY417 IC131 RAMP63 (__3ZAY4R),__3ZAY4R,01 - Non intersection,03 - P.D. only,07 - SMV other,01 - Clear,01 - Daylight,05 - Packed snow,10 - No control,,1,0,0,0,,0,,,,,358248.3165,5022623.62,45.34152352,-75.81799304,11223
18--7640,7/19/2018,3:30 PM,HUNT CLUB RD @ BRIDLE PATH DR/DAZE ST (0008214),8214,03 - At intersection,03 - P.D. only,03 - Rear end,01 - Clear,01 - Daylight,01 - Dry,01 - Traffic signal,01 - Functioning,2,0,0,0,,0,,,,,371291.7291,5023864.504,45.35157362,-75.65140726,11224
18--7641,7/19/2018,3:52 PM,PRESTON ST @ ELM ST (0005112),5112,02 - Intersection related,03 - P.D. only,03 - Rear end,01 - Clear,01 - Daylight,01 - Dry,01 - Traffic signal,01 - Functioning,2,0,0,0,,0,,,,,366245.7045,5030273.562,45.40970119,-75.71500258,11225
18--7642,7/19/2018,3:57 PM,HUNT CLUB RD @ LINDBERGH PRIV (0011417),11417,02 - Intersection related,03 - P.D. only,03 - Rear end,01 - Clear,01 - Daylight,01 - Dry,02 - Stop sign,01 - Functioning,2,0,0,0,,0,,,,,368362.899,5022133.936,45.33627393,-75.68900462,11226
18--7643,7/19/2018,4:00 PM,SOUTHGATE RD btwn CLEARWATER CRES & CLEARWATER CRES (__3ZA9DF),__3ZA9DF,01 - Non intersection,03 - P.D. only,06 - SMV unattended vehicle,01 - Clear,01 - Daylight,01 - Dry,10 - No control,,1,0,0,0,,0,,,,,371188.3551,5024667.405,45.35880766,-75.65261859,11227
18--7644,7/19/2018,4:33 PM,CARLING AVE @ MERIVALE RD (0002148),2148,03 - At intersection,02 - Non-fatal injury,02 - Angle,01 - Clear,01 - Daylight,01 - Dry,01 - Traffic signal,01 - Functioning,2,0,1,0,02 - Minor,1,,1,,,364894.7037,5027700.544,45.38666703,-75.73257414,11228
18--7645,7/19/2018,5:35 PM,HIGHWAY 417 btwn HWY417 IC124 RAMP57 & HWY417 IC124 RAMP55 (__3ZA2Y1),__3ZA2Y1,01 - Non intersection,03 - P.D. only,03 - Rear end,01 - Clear,01 - Daylight,01 - Dry,10 - No control,,2,0,0,0,,0,,,,,364423.1935,5027498.658,45.38489079,-75.7386193,11229
18--7646,7/19/2018,5:39 PM,HIGHWAY 417 btwn HWY417 IC118 RAMP57 & HWY417 IC118 RAMP35 (__3ZA2YQ),__3ZA2YQ,01 - Non intersection,03 - P.D. only,03 - Rear end,01 - Clear,01 - Daylight,01 - Dry,10 - No control,,2,0,0,0,,0,,,,,369349.8931,5030967.056,45.41566158,-75.67525834,11230
18--7647,7/19/2018,6:02 PM,RIDGEWOOD AVE btwn RIVERSIDE DR & DUPONT ST (__3ZBOQW),__3ZBOQW,04 - At/near private drive,03 - P.D. only,02 - Angle,01 - Clear,01 - Daylight,01 - Dry,10 - No control,,2,0,0,0,,0,,,,,368362.2569,5025620.221,45.36764276,-75.68856465,11231
18--7648,7/19/2018,6:50 PM,CARLING AVE @ BAYSHORE DR/BIRCHDALE AVE (0000021),21,02 - Intersection related,03 - P.D. only,04 - Sideswipe,01 - Clear,01 - Daylight,01 - Dry,01 - Traffic signal,01 - Functioning,2,0,0,0,,0,,,,,359004.8226,5023990.627,45.35376583,-75.80819081,11232
18--7649,7/19/2018,6:55 AM,GREENBANK RD @ STRANDHERD DR (0005563),5563,02 - Intersection related,03 - P.D. only,04 - Sideswipe,01 - Clear,01 - Daylight,01 - Dry,01 - Traffic signal,01 - Functioning,2,0,0,0,,0,,,,,363933.6837,5014784.417,45.27053048,-75.74638834,11233
18--765,1/13/2018,4:14 PM,MALAKOFF RD btwn TURN LANE & PADEN RD (__3ZAAZO),__3ZAAZO,04 - At/near private drive,03 - P.D. only,05 - Turning movement,01 - Clear,05 - Dusk,06 - Ice,10 - No control,,2,0,0,0,,0,,,,,366411.1456,4991407.678,45.05997106,-75.71770243,11234
18--7650,7/19/2018,7:00 PM,ISLAND PARK DR @ MERIVALE RD (0002103),2103,02 - Intersection related,03 - P.D. only,03 - Rear end,01 - Clear,01 - Daylight,01 - Dry,01 - Traffic signal,01 - Functioning,2,0,0,0,,0,,,,,364653.7087,5028023.557,45.38959407,-75.73561226,11235
18--7651,7/19/2018,7:20 AM,BASELINE RD @ WOODROFFE AVE (0002225),2225,02 - Intersection related,03 - P.D. only,03 - Rear end,01 - Clear,01 - Daylight,01 - Dry,01 - Traffic signal,01 - Functioning,2,0,0,0,,0,,,,,362549.6311,5023770.488,45.35150207,-75.76297824,11236
18--7652,7/19/2018,7:33 PM,ABBEYHILL DR @ EAGLESON RD (0003404),3404,03 - At intersection,02 - Non-fatal injury,07 - SMV other,01 - Clear,01 - Daylight,01 - Dry,01 - Traffic signal,01 - Functioning,1,0,0,1,01 - Minimal,1,1,,,,353827.643,5018034.584,45.30055343,-75.87485213,11237
18--7653,7/19/2018,7:47 PM,MERIVALE RD @ FAMILY BROWN LANE (0010933),10933,02 - Intersection related,03 - P.D. only,03 - Rear end,01 - Clear,01 - Daylight,01 - Dry,01 - Traffic signal,01 - Functioning,2,0,0,0,,0,,,,,365004.9591,5023385.667,45.34783301,-75.73169207,11238
18--7654,7/19/2018,8:16 AM,CARP RD @ WESTBROOK RD (0001681),1681,02 - Intersection related,03 - P.D. only,03 - Rear end,01 - Clear,01 - Daylight,01 - Dry,01 - Traffic signal,01 - Functioning,3,0,0,0,,0,,,,,347737.5758,5015442.498,45.27762754,-75.95272667,11239
18--7655,7/19/2018,8:19 PM,INNES RD @ LANTHIER DR/PRESTWICK DR (0004251),4251,03 - At intersection,02 - Non-fatal injury,05 - Turning movement,01 - Clear,01 - Daylight,01 - Dry,01 - Traffic signal,01 - Functioning,2,0,0,0,01 - Minimal,1,1,,,,383540.7478,5035988.608,45.45938825,-75.49316686,11240
18--7656,7/19/2018,8:27 PM,GADWELL CRT btwn KINGFISHER CRES & END (__3ZA5CH),__3ZA5CH,04 - At/near private drive,03 - P.D. only,06 - SMV unattended vehicle,01 - Clear,05 - Dusk,01 - Dry,10 - No control,,1,0,0,0,,0,,,,,382013.74,5039289.598,45.48925813,-75.51217049,11241
18--7657,7/19/2018,8:30 AM,GOLDEN AVE btwn AVONDALE AVE & DOVERCOURT AVE (__3ZA0RD),__3ZA0RD,01 - Non intersection,03 - P.D. only,06 - SMV unattended vehicle,01 - Clear,01 - Daylight,01 - Dry,10 - No control,,1,0,0,0,,0,,,,,363181.4722,5027290.291,45.38312053,-75.75449921,11242
18--7658,7/19/2018,8:59 AM,INNES RD btwn INDUSTRIAL AVE & BANTREE ST (__3ZA2XQ),__3ZA2XQ,01 - Non intersection,02 - Non-fatal injury,03 - Rear end,01 - Clear,01 - Daylight,01 - Dry,10 - No control,,3,0,0,0,02 - Minor,1,,1,,,373187.1008,5030055.348,45.40709396,-75.62636313,11243
18--7659,7/19/2018,9:05 PM,EXHIBITION WAY btwn BANK ST & NO NAME (e___2HQY),e___2HQY,01 - Non intersection,03 - P.D. only,02 - Angle,01 - Clear,07 - Dark,01 - Dry,10 - No control,,2,0,0,0,,0,,,,,368584.95,5029110.004,45.39902258,-75.68527112,11244
18--766,1/13/2018,4:16 PM,BLAIR RD @ INNES RD (0004165),4165,02 - Intersection related,02 - Non-fatal injury,03 - Rear end,01 - Clear,01 - Daylight,02 - Wet,01 - Traffic signal,01 - Functioning,2,0,0,0,02 - Minor,1,,1,,,375578.7347,5031439.555,45.41931053,-75.59561528,11245
18--7660,7/19/2018,9:06 PM,JOCKVALE RD/RIDEAU VALLEY DR @ PRINCE OF WALES (0004638),4638,03 - At intersection,03 - P.D. only,05 - Turning movement,01 - Clear,05 - Dusk,01 - Dry,01 - Traffic signal,01 - Functioning,2,0,0,0,,0,,,,,366709.6972,5012195.397,45.24699567,-75.71133613,11246
18--7661,7/19/2018,9:26 PM,CARLING AVE btwn DEFENSE  RESEARCH COMPLEX & RIFLE RD (__3ZA4Z6B),__3ZA4Z6B,01 - Non intersection,03 - P.D. only,07 - SMV other,01 - Clear,07 - Dark,01 - Dry,10 - No control,,1,0,0,0,,0,,,,,353720.6717,5023207.628,45.34710886,-75.87570497,11247
18--7662,7/19/2018,9:30 PM,HAZELDEAN RD btwn JINKINSON RD/HAZELDEAN IC RAMP 62 & KITTIWAKE DR (__7JQ7JL),__7JQ7JL,01 - Non intersection,03 - P.D. only,07 - SMV other,01 - Clear,07 - Dark,01 - Dry,10 - No control,,1,0,0,0,,0,,,,,347427.2572,5012896.248,45.25473424,-75.95690028,11248
18--7663,7/19/2018,9:35 AM,HIGHWAY 417 btwn HWY417 IC129 RAMP61 & TRANSIT (__3ZA2SI),__3ZA2SI,01 - Non intersection,03 - P.D. only,03 - Rear end,01 - Clear,01 - Daylight,01 - Dry,10 - No control,,2,0,0,0,,0,,,,,361194.4455,5024129.5,45.35484273,-75.78023127,11249
18--7664,7/19/2018,9:39 PM,BAYVIEW RD/BURNSIDE AVE @ SLIDELL ST (0005647),5647,03 - At intersection,03 - P.D. only,02 - Angle,01 - Clear,07 - Dark,01 - Dry,11 - Roundabout,01 - Functioning,2,0,0,0,,0,,,,,365163.6978,5030242.57,45.40951649,-75.72882824,11250
18--7665,7/19/2018,9:59 AM,STITTSVILLE MAIN ST @ HAZELDEAN RD (0000050),50,03 - At intersection,03 - P.D. only,05 - Turning movement,01 - Clear,01 - Daylight,01 - Dry,01 - Traffic signal,01 - Functioning,2,0,0,0,,0,,,,,349558.3979,5014878.718,45.27244089,-75.92957082,11251
18--7666,7/20/2018,1:00 PM,HIGHWAY 417 btwn HWY417 IC127 RAMP25 & HWY417 IC126 RAMP51 (__3ZA2XA),__3ZA2XA,01 - Non intersection,03 - P.D. only,03 - Rear end,01 - Clear,01 - Daylight,01 - Dry,10 - No control,,2,0,0,0,,0,,,,,362692.2312,5025268.246,45.364967,-75.76098306,11252
18--7667,7/20/2018,1:09 PM,ELGIN ST @ LAURIER AVE (0002232),2232,03 - At intersection,03 - P.D. only,02 - Angle,01 - Clear,01 - Daylight,01 - Dry,01 - Traffic signal,01 - Functioning,2,0,0,0,,0,,,,,367948.71,5031549.576,45.42103076,-75.69308453,11253
18--7668,7/20/2018,1:17 AM,HIGHWAY 417 btwn HWY417 IC127 RAMP25 & HWY417 IC126 RAMP51 (__3ZA2XA),__3ZA2XA,01 - Non intersection,03 - P.D. only,07 - SMV other,01 - Clear,07 - Dark,01 - Dry,10 - No control,,1,0,0,0,,0,,,,,362925.827,5025492.47,45.36696521,-75.75797499,11254
18--7669,7/20/2018,1:37 PM,AGES DR @ HAWTHORNE RD (0006397),6397,03 - At intersection,03 - P.D. only,07 - SMV other,01 - Clear,01 - Daylight,01 - Dry,01 - Traffic signal,01 - Functioning,1,0,0,0,,0,,,,,374971.741,5027717.536,45.38588286,-75.60389988,11255
18--767,1/13/2018,4:40 PM,HWY 417 WOODROFF IC127R62 @ WOODROFFE AVE (0002349),2349,03 - At intersection,03 - P.D. only,03 - Rear end,01 - Clear,05 - Dusk,06 - Ice,03 - Yield sign,01 - Functioning,2,0,0,0,,0,,,,,362050.6919,5025019.515,45.36278163,-75.7692007,11256
18--7670,7/20/2018,1:59 PM,ALESTHER ST @ QUEEN MARY ST (0008476),8476,03 - At intersection,03 - P.D. only,02 - Angle,01 - Clear,01 - Daylight,01 - Dry,02 - Stop sign,02 - Not functioning,2,0,0,0,,0,,,,,372120.7266,5032152.585,45.42606733,-75.63969786,11257
18--7671,7/20/2018,1:59 PM,LAURIER AVE @ NICHOLAS ST (0010711),10711,02 - Intersection related,03 - P.D. only,04 - Sideswipe,01 - Clear,01 - Daylight,01 - Dry,01 - Traffic signal,01 - Functioning,2,0,0,0,,0,,,,,368373.6358,5031798.292,45.42323013,-75.68762327,11258
18--7672,7/20/2018,10:00 AM,MELANIE CRES btwn SUMNER ST & MCKITRICK DR (2) (__3ZABZ5),__3ZABZ5,04 - At/near private drive,03 - P.D. only,07 - SMV other,01 - Clear,01 - Daylight,01 - Dry,10 - No control,,1,0,0,0,,0,,,,,352802.4443,5017230.704,45.29339072,-75.88800143,11259
18--7673,7/20/2018,10:08 PM,RAMSAYVILLE RD btwn RIDGE RD & RUSSELL RD (__3ZA2B5),__3ZA2B5,01 - Non intersection,03 - P.D. only,03 - Rear end,01 - Clear,07 - Dark,01 - Dry,10 - No control,,2,0,0,0,,0,,,,,377187.8994,5027556.942,45.38421241,-75.57562652,11260
18--7674,7/20/2018,10:28 AM,HIGHWAY 417 btwn HIGHWAY 417 & HWY417 IC129 RAMP51 (__3ZA290),__3ZA290,01 - Non intersection,03 - P.D. only,04 - Sideswipe,01 - Clear,01 - Daylight,01 - Dry,10 - No control,,2,0,0,0,,0,,,,,359930.2508,5023173.572,45.34634183,-75.79647167,11261
18--7675,7/20/2018,10:51 PM,HWY 417 TERRYFO IC140R16 @ TERRY FOX DR (0003169),3169,02 - Intersection related,03 - P.D. only,03 - Rear end,01 - Clear,07 - Dark,01 - Dry,10 - No control,,3,0,0,0,,0,,,,,350895.9945,5018610.957,45.30593827,-75.91217773,11262
18--7676,7/20/2018,11:00 AM,HARMER AVE @ WELLINGTON ST (0005635),5635,02 - Intersection related,03 - P.D. only,04 - Sideswipe,01 - Clear,01 - Daylight,01 - Dry,01 - Traffic signal,01 - Functioning,2,0,0,0,,0,,,,,364774.6739,5029097.455,45.39924644,-75.73393701,11263
18--7677,7/20/2018,11:24 AM,THORNBURY CRES btwn REDDING WAY & REDDING WAY (__3ZBO79),__3ZBO79,04 - At/near private drive,03 - P.D. only,06 - SMV unattended vehicle,01 - Clear,01 - Daylight,01 - Dry,10 - No control,,1,0,0,0,,0,,,,,362032.1844,5023234.863,45.34672497,-75.76964353,11264
18--7678,7/20/2018,11:55 AM,ST. JOSEPH BLVD/OLD MONTREAL RD @ TRIM RD (0004118),4118,03 - At intersection,03 - P.D. only,02 - Angle,01 - Clear,01 - Daylight,01 - Dry,11 - Roundabout,01 - Functioning,2,0,0,0,,0,,,,,384682.7545,5039285.582,45.48892163,-75.47803064,11265
18--7679,7/20/2018,Unknown,WAVERLEY ST btwn BANK ST & O'CONNOR ST (__3ZA9TU),__3ZA9TU,01 - Non intersection,03 - P.D. only,06 - SMV unattended vehicle,01 - Clear,00 - Unknown,01 - Dry,10 - No control,,1,0,0,0,,0,,,,,367935.3669,5030722.674,45.41359177,-75.69336095,11266
18--768,1/13/2018,4:46 PM,SPRUCE ST @ TUSCAN PRIV (0012161),12161,03 - At intersection,03 - P.D. only,02 - Angle,01 - Clear,05 - Dusk,05 - Packed snow,10 - No control,,2,0,0,0,,0,,,,,366136.2637,5030140.69,45.40851524,-75.71641713,11267
18--7680,7/20/2018,12:05 PM,MONTREAL RD btwn PALACE ST & VANIER PKWY (__3ZA3LL),__3ZA3LL,01 - Non intersection,03 - P.D. only,04 - Sideswipe,01 - Clear,01 - Daylight,01 - Dry,10 - No control,,2,0,0,0,,0,,,,,369975.4716,5033010.246,45.4339874,-75.66699594,11268
18--7681,7/20/2018,12:24 PM,INDUSTRIAL AVE/INNES RD @ ST. LAURENT BLVD (0002203),2203,02 - Intersection related,03 - P.D. only,04 - Sideswipe,01 - Clear,01 - Daylight,01 - Dry,01 - Traffic signal,00 - Unknown,2,0,0,0,,0,,,,,373099.7276,5030005.567,45.40665458,-75.62748607,11269
18--7682,7/20/2018,12:34 PM,BANK ST @ SURREY AVE (0011314),11314,03 - At intersection,02 - Non-fatal injury,02 - Angle,01 - Clear,01 - Daylight,01 - Dry,02 - Stop sign,01 - Functioning,2,1,0,0,02 - Minor,1,,1,,,370383.2756,5025810.322,45.36916704,-75.66274183,11270
18--7683,7/20/2018,12:57 PM,DALY AVE @ KING EDWARD AVE (0007755),7755,03 - At intersection,03 - P.D. only,02 - Angle,01 - Clear,01 - Daylight,01 - Dry,02 - Stop sign,01 - Functioning,2,0,0,0,,0,,,,,368591.7076,5032273.586,45.42748681,-75.68477536,11271
18--7684,7/20/2018,12:59 AM,RUSSELL RD btwn BLAKE RD & RAMSAYVILLE RD (__3ZA2CH),__3ZA2CH,01 - Non intersection,03 - P.D. only,07 - SMV other,01 - Clear,07 - Dark,01 - Dry,10 - No control,,1,0,0,0,,0,,,,,377305.0872,5026551.921,45.37515766,-75.57427784,11272
18--7685,7/20/2018,2:12 PM,TERMINAL AVE @ TRAINYARDS DR (0012245),12245,02 - Intersection related,03 - P.D. only,04 - Sideswipe,01 - Clear,01 - Daylight,01 - Dry,01 - Traffic signal,01 - Functioning,2,0,0,0,,0,,,,,371845.3214,5030815.94,45.41406725,-75.6433988,11273
18--7686,7/20/2018,2:20 PM,WALKLEY RD btwn BAYCREST DR & HEATHERINGTON RD (__3ZA361),__3ZA361,04 - At/near private drive,03 - P.D. only,02 - Angle,01 - Clear,01 - Daylight,01 - Dry,10 - No control,,2,0,1,0,,0,,,,,371610.4912,5026702.831,45.3770816,-75.64695579,11274
18--7687,7/20/2018,2:25 PM,HIGHWAY 417 btwn HWY417 IC127 RAMP35 & HWY417 IC127 RAMP25 (__3ZA2RE),__3ZA2RE,01 - Non intersection,03 - P.D. only,03 - Rear end,01 - Clear,01 - Daylight,01 - Dry,10 - No control,,3,0,0,0,,0,,,,,362252.9479,5024927.631,45.36193832,-75.76662982,11275
18--7688,7/20/2018,2:26 PM,HUNT CLUB RD btwn RIVERSIDE DR & LINDBERGH PRIV (__4B3PLN),__4B3PLN,01 - Non intersection,03 - P.D. only,03 - Rear end,01 - Clear,01 - Daylight,01 - Dry,10 - No control,,3,0,0,0,,0,,,,,368362.1731,5022133.503,45.3362701,-75.68901394,11276
18--7689,7/20/2018,3:00 PM,BYRON AVE @ ISLAND PARK DR (0006365),6365,02 - Intersection related,03 - P.D. only,03 - Rear end,01 - Clear,01 - Daylight,01 - Dry,01 - Traffic signal,01 - Functioning,2,0,0,0,,0,,,,,364255.6725,5028603.576,45.39484688,-75.74062521,11277
18--769,1/13/2018,4:50 PM,EAGLESON RD @ MICHAEL COWPLAND DR/STONEHAVEN D (0003544),3544,03 - At intersection,03 - P.D. only,03 - Rear end,01 - Clear,05 - Dusk,06 - Ice,01 - Traffic signal,01 - Functioning,2,0,0,0,,0,,,,,354382.6256,5016623.444,45.28781674,-75.8679171,11278
18--7690,7/20/2018,3:03 PM,HIGHWAY 417 btwn HWY417 IC129 RAMP25 & HWY417 IC129 RAMP35 (__3ZAYFR),__3ZAYFR,01 - Non intersection,03 - P.D. only,04 - Sideswipe,01 - Clear,01 - Daylight,01 - Dry,10 - No control,,2,0,0,0,,0,,,,,360609.3454,5023642.648,45.35050886,-75.78775334,11279
18--7691,7/20/2018,3:05 PM,SHEFFIELD RD @ WALKLEY RD (0005156),5156,02 - Intersection related,03 - P.D. only,03 - Rear end,01 - Clear,01 - Daylight,01 - Dry,01 - Traffic signal,01 - Functioning,2,0,0,0,,0,,,,,375257.7516,5028784.579,45.39545487,-75.60009559,11280
18--7692,7/20/2018,3:15 PM,CARLING AVE WB btwn CONNAUGHT AVE & OTTAWA RIVER PKWY WB RAMP/CARLING  (__3ZA265),__3ZA265,01 - Non intersection,03 - P.D. only,03 - Rear end,01 - Clear,01 - Daylight,01 - Dry,10 - No control,,2,0,0,0,,0,,,,,360849.0733,5025165.76,45.36419464,-75.78452144,11281
18--7693,7/20/2018,3:17 PM,BELLWOOD AVE/WILLARD ST @ CAMERON AVE (0012028),12028,03 - At intersection,02 - Non-fatal injury,02 - Angle,01 - Clear,01 - Daylight,01 - Dry,02 - Stop sign,01 - Functioning,2,0,0,0,01 - Minimal,1,1,,,,369007.714,5028299.548,45.39169172,-75.67997717,11282
18--7694,7/20/2018,3:20 PM,HIGHWAY 417 btwn HWY417 IC118 RAMP67 & HWY417 IC117 RAMP36 (__3ZA2YO),__3ZA2YO,01 - Non intersection,03 - P.D. only,03 - Rear end,01 - Clear,01 - Daylight,01 - Dry,10 - No control,,2,0,0,0,,0,,,,,369762.0072,5031157.935,45.4173409,-75.66996822,11283
18--7695,7/20/2018,3:48 PM,CHURCHILL AVE @ DOVERCOURT AVE (0006184),6184,02 - Intersection related,03 - P.D. only,03 - Rear end,01 - Clear,01 - Daylight,01 - Dry,01 - Traffic signal,01 - Functioning,2,0,0,0,,0,,,,,363603.6204,5027423.62,45.38428489,-75.74909318,11284
18--7696,7/20/2018,4:22 PM,DWYER HILL RD btwn FLEWELLYN RD & FALLOWFIELD RD (__3ZA3F8),__3ZA3F8,01 - Non intersection,03 - P.D. only,01 - Approaching,01 - Clear,01 - Daylight,01 - Dry,10 - No control,,2,0,0,0,,0,,,,,344519.5215,5003248.352,45.16808741,-75.99471461,11285
18--7697,7/20/2018,4:35 PM,FALLOWFIELD RD @ WOODROFFE AVE (0010372),10372,02 - Intersection related,03 - P.D. only,03 - Rear end,01 - Clear,01 - Daylight,01 - Dry,01 - Traffic signal,01 - Functioning,2,0,0,0,,0,,,,,365085.1498,5017903.191,45.29849533,-75.73133623,11286
18--7698,7/20/2018,5:00 PM,SLACK RD @ WOODROFFE AVE (0000102),102,02 - Intersection related,03 - P.D. only,03 - Rear end,01 - Clear,01 - Daylight,01 - Dry,01 - Traffic signal,01 - Functioning,2,0,0,0,,0,,,,,364233.6832,5019974.478,45.31720522,-75.74194347,11287
18--7699,7/20/2018,5:13 PM,CARLING AVE @ CARLINGWOOD SC (0008881),8881,02 - Intersection related,03 - P.D. only,05 - Turning movement,01 - Clear,01 - Daylight,01 - Dry,01 - Traffic signal,01 - Functioning,2,0,0,0,,0,,,,,362073.0124,5025919.029,45.37087356,-75.76881153,11288
18--77,1/2/2018,12:10 PM,KING EDWARD AVE @ RIDEAU ST (0002121),2121,03 - At intersection,03 - P.D. only,02 - Angle,03 - Snow,01 - Daylight,05 - Packed snow,01 - Traffic signal,01 - Functioning,2,0,0,0,,0,,,,,368511.7089,5032413.407,45.42875216,-75.68577951,11289
18--770,1/13/2018,5:07 AM,HERZBERG RD btwn BAYFIELD AVE & MARCH RD (__3ZACUJ),__3ZACUJ,01 - Non intersection,03 - P.D. only,07 - SMV other,03 - Snow,07 - Dark,03 - Loose snow,10 - No control,,1,0,0,0,,0,,,,,352239.3409,5021862.327,45.33510535,-75.89473671,11290
18--7700,7/20/2018,5:30 AM,CARLING AVE btwn DAVIDSON'S SIDE RD & GRANDVIEW RD (__3ZA4Z8),__3ZA4Z8,01 - Non intersection,03 - P.D. only,07 - SMV other,01 - Clear,03 - Dawn,01 - Dry,10 - No control,,1,0,0,0,,0,,,,,355537.3253,5024124.253,45.35522768,-75.85242938,11291
18--7701,7/20/2018,5:40 PM,BANK ST @ FOURTH AVE (0007249),7249,03 - At intersection,03 - P.D. only,02 - Angle,01 - Clear,01 - Daylight,01 - Dry,02 - Stop sign,01 - Functioning,2,0,1,0,,0,,,,,368367.6417,5029476.594,45.40234081,-75.68799929,11292
18--7702,7/20/2018,5:45 PM,MAITLAND AVE/GLENMOUNT AVE @ ERINDALE DR (0002724),2724,02 - Intersection related,03 - P.D. only,04 - Sideswipe,01 - Clear,01 - Daylight,01 - Dry,01 - Traffic signal,01 - Functioning,2,0,0,0,,0,,,,,363697.5758,5025211.69,45.36437436,-75.74815728,11293
18--7703,7/20/2018,5:50 PM,BANK ST @ GLEBE AVE (0007713),7713,03 - At intersection,03 - P.D. only,04 - Sideswipe,01 - Clear,01 - Daylight,01 - Dry,01 - Traffic signal,01 - Functioning,2,0,0,0,,0,,,,,368239.7287,5029787.614,45.40515087,-75.68959304,11294
18--7704,7/20/2018,5:50 PM,HUNT CLUB RD/AIRPORT PKWY/HUNT CLUB RD RAMP 53 (0010853),10853,02 - Intersection related,03 - P.D. only,03 - Rear end,01 - Clear,01 - Daylight,01 - Dry,02 - Stop sign,01 - Functioning,2,0,0,0,,0,,,,,370950.727,5023662.504,45.34978833,-75.6557858,11295
18--7705,7/20/2018,6:05 PM,MONTREAL RD btwn PALACE ST & VANIER PKWY (__3ZA3LL),__3ZA3LL,04 - At/near private drive,03 - P.D. only,05 - Turning movement,01 - Clear,01 - Daylight,01 - Dry,10 - No control,,2,0,0,0,,0,,,,,370022.2353,5033036.547,45.43421968,-75.66639483,11296
18--7706,7/20/2018,6:26 AM,KLONDIKE RD @ MARCH RD (0003096),3096,03 - At intersection,03 - P.D. only,07 - SMV other,01 - Clear,01 - Daylight,01 - Dry,01 - Traffic signal,01 - Functioning,1,0,0,0,,0,,,,,349262.9706,5024061.621,45.35509004,-75.93251163,11297
18--7707,7/20/2018,7:43 PM,CARLING AVE @ RICHMOND RD (0010847),10847,03 - At intersection,03 - P.D. only,02 - Angle,01 - Clear,01 - Daylight,01 - Dry,01 - Traffic signal,01 - Functioning,2,0,0,0,,0,,,,,360245.6792,5024781.512,45.36078518,-75.79226641,11298
18--7708,7/20/2018,7:50 PM,BLAIR RD @ INNES RD (0004165),4165,03 - At intersection,03 - P.D. only,02 - Angle,01 - Clear,01 - Daylight,01 - Dry,01 - Traffic signal,01 - Functioning,2,0,0,0,,0,,,,,375578.7344,5031439.555,45.41931053,-75.59561529,11299
18--7709,7/20/2018,8:08 PM,MERIVALE RD @ WEST HUNT CLUB RD (0000584),584,02 - Intersection related,03 - P.D. only,03 - Rear end,01 - Clear,01 - Daylight,01 - Dry,01 - Traffic signal,01 - Functioning,2,0,0,0,,0,,,,,365612.6951,5021942.498,45.33479515,-75.72411453,11300
18--771,1/13/2018,5:29 PM,COOPER ST @ METCALFE ST (0006940),6940,03 - At intersection,02 - Non-fatal injury,02 - Angle,01 - Clear,05 - Dusk,01 - Dry,02 - Stop sign,01 - Functioning,2,0,0,0,01 - Minimal,1,1,,,,367962.3589,5031179.267,45.41769761,-75.69295761,11301