Anom_ID,Accident_Date,Accident_Time,Location,Geo_ID,Accident_Location,Classification_of_Accident,Initial_Impact_Type,Environment_Condition,Light,Road_Surface_Condition,Traffic_Control,Traffic_Control_Condition,No__of_Vehicles,No__of_Bicycles,No__of_Motorcycles,No__of_Pedestrians,Max_Injury,No__of_Injuries,No__of_Minimal,No__of_Minor,No__of_Major,No__of_Fatal,X,Y,Latitude,Longitude,ObjectId
18--7710,7/20/2018,8:35 AM,ALPINE AVE @ CARLING AVE (0011382),11382,03 - At intersection,03 - P.D. only,05 - Turning movement,01 - Clear,01 - Daylight,01 - Dry,01 - Traffic signal,01 - Functioning,2,0,0,0,,0,,,,,360496.7609,5024942.666,45.36221533,-75.78904358,11302
18--7711,7/20/2018,8:36 AM,HERRIDGE ST @ MAIN ST (0007201),7201,02 - Intersection related,02 - Non-fatal injury,03 - Rear end,01 - Clear,01 - Daylight,01 - Dry,02 - Stop sign,01 - Functioning,2,0,0,0,02 - Minor,1,,1,,,369218.7118,5030048.551,45.40740929,-75.67705428,11303
18--7712,7/20/2018,8:41 PM,MCCURDY DR btwn HUMPHREY WAY & PARSONS RIDGE RD (__3ZACXD),__3ZACXD,01 - Non intersection,03 - P.D. only,99 - Other,01 - Clear,05 - Dusk,01 - Dry,10 - No control,,2,0,0,0,,0,,,,,352293.052,5017991.341,45.30026974,-75.89442262,11304
18--7713,7/20/2018,9:01 AM,PRINCESS AVE @ ROCKCLIFFE PKWY (0012027),12027,03 - At intersection,03 - P.D. only,03 - Rear end,01 - Clear,01 - Daylight,01 - Dry,11 - Roundabout,00 - Unknown,2,0,0,0,,0,,,,,368227.8514,5034330.437,45.44602669,-75.68915976,11305
18--7714,7/20/2018,9:24 AM,READY WAY btwn FLINT CRT & PHEASANT RUN DR (__3ZAB70),__3ZAB70,04 - At/near private drive,03 - P.D. only,06 - SMV unattended vehicle,01 - Clear,01 - Daylight,01 - Dry,10 - No control,,1,0,0,0,,0,,,,,361549.2624,5015639.684,45.27842269,-75.77667564,11306
18--7091,7/4/2018,2:28 PM,BASELINE RD @ WOODROFFE AVE (0002225),2225,02 - Intersection related,03 - P.D. only,03 - Rear end,01 - Clear,01 - Daylight,01 - Dry,01 - Traffic signal,01 - Functioning,2,0,0,0,,0,,,,,362549.6694,5023770.558,45.35150269,-75.76297774,11307
18--7715,7/20/2018,9:54 PM,BARRETTE ST @ ST. CHARLES ST (0010059),10059,03 - At intersection,03 - P.D. only,02 - Angle,01 - Clear,07 - Dark,01 - Dry,02 - Stop sign,01 - Functioning,2,0,0,0,,0,,,,,369470.7144,5033730.606,45.44051577,-75.67335189,11308
18--7716,7/21/2018,1:01 PM,RUSSELL RD btwn HALL RD & TO BE DETERMINED (__3ZA3ZN),__3ZA3ZN,01 - Non intersection,02 - Non-fatal injury,07 - SMV other,01 - Clear,01 - Daylight,08 - Loose sand or gravel,10 - No control,,1,0,1,0,02 - Minor,1,,1,,,384111.9847,5026931.224,45.37783296,-75.48732166,11309
18--7717,7/21/2018,1:03 PM,KING EDWARD AVE @ LAURIER AVE (0002170),2170,02 - Intersection related,03 - P.D. only,03 - Rear end,01 - Clear,01 - Daylight,01 - Dry,01 - Traffic signal,01 - Functioning,2,0,0,0,,0,,,,,368739.7069,5032034.583,45.42532283,-75.68291523,11310
18--7718,7/21/2018,1:45 PM,GREENFIELD AVE @ MAIN ST (0002695),2695,03 - At intersection,03 - P.D. only,02 - Angle,01 - Clear,01 - Daylight,01 - Dry,01 - Traffic signal,01 - Functioning,2,0,0,0,,0,,,,,368891.7154,5030816.574,45.41434971,-75.68113135,11311
18--7719,7/21/2018,10:02 AM,AVIATION PKWY @ OGILVIE RD (0004114),4114,02 - Intersection related,03 - P.D. only,03 - Rear end,01 - Clear,01 - Daylight,01 - Dry,01 - Traffic signal,01 - Functioning,2,0,0,0,,0,,,,,373110.7139,5032376.586,45.4279868,-75.62701706,11312
18--772,1/13/2018,5:30 AM,HIGHWAY 416 btwn HWY416 IC57 RAMP24 & HWY416 IC49 RAMP42 (__3ZAZGI),__3ZAZGI,01 - Non intersection,03 - P.D. only,03 - Rear end,01 - Clear,07 - Dark,03 - Loose snow,10 - No control,,2,0,0,0,,0,,,,,365776.1719,5006300.904,45.19403823,-75.72394906,11313
18--7455,7/14/2018,1:32 PM,MERIVALE RD/LOTTA AVE @ CLYDE AVE (0001112),1112,03 - At intersection,03 - P.D. only,05 - Turning movement,01 - Clear,01 - Daylight,01 - Dry,01 - Traffic signal,01 - Functioning,2,0,0,0,,0,,,,,364521.687,5024507.448,45.35796797,-75.73772332,11314
18--6915,6/28/2018,9:35 PM,GREENBANK RD @ STRANDHERD DR (0005563),5563,03 - At intersection,03 - P.D. only,05 - Turning movement,01 - Clear,07 - Dark,01 - Dry,01 - Traffic signal,01 - Functioning,2,0,0,0,,0,,,,,363933.6916,5014784.498,45.27053121,-75.74638823,11315
18--7456,7/14/2018,11:41 AM,MARCH RD @ TERRY FOX DR (0003173),3173,02 - Intersection related,03 - P.D. only,03 - Rear end,01 - Clear,01 - Daylight,01 - Dry,01 - Traffic signal,01 - Functioning,2,0,0,0,,0,,,,,349864.6085,5023399.508,45.3490938,-75.92489356,11316
18--6916,6/28/2018,9:41 PM,DUNROBIN RD btwn GALETTA SIDE RD & BAIRD'S GRANT LANE (__3ZAZ5E),__3ZAZ5E,01 - Non intersection,02 - Non-fatal injury,04 - Sideswipe,01 - Clear,07 - Dark,01 - Dry,10 - No control,,2,1,1,0,02 - Minor,2,,2,,,333966.7366,5040056.831,45.4998238,-76.12678751,11317
18--7457,7/14/2018,Unknown,BALLANTYNE DR btwn CELESTE WAY & PROVENCE AVE (__3ZAZK7),__3ZAZK7,01 - Non intersection,03 - P.D. only,06 - SMV unattended vehicle,01 - Clear,00 - Unknown,01 - Dry,10 - No control,,1,0,0,0,,0,,,,,385943.9907,5037083.258,45.46896186,-75.46226165,11318
18--6917,6/28/2018,9:50 AM,FAIRMONT AVE btwn WELLINGTON ST W & DUHAMEL ST (__3ZAAHH),__3ZAAHH,01 - Non intersection,03 - P.D. only,06 - SMV unattended vehicle,01 - Clear,01 - Daylight,01 - Dry,10 - No control,,1,0,0,0,,0,,,,,365615.1502,5029602.323,45.40371662,-75.72314025,11319
18--7458,7/14/2018,Unknown,DOANE ST btwn LATS PRIV & CARLING AVE (__3ZA5YV),__3ZA5YV,01 - Non intersection,03 - P.D. only,06 - SMV unattended vehicle,01 - Clear,00 - Unknown,01 - Dry,10 - No control,,1,0,0,0,,0,,,,,359470.4765,5024356.483,45.35702165,-75.80220771,11320
18--6918,6/29/2018,1:10 PM,GREENBANK RD btwn HARRISON ST & BANNER RD (__3ZBOCZ),__3ZBOCZ,01 - Non intersection,03 - P.D. only,03 - Rear end,01 - Clear,01 - Daylight,01 - Dry,10 - No control,,2,0,0,0,,0,,,,,361017.6373,5021576.454,45.33188468,-75.78277785,11321
18--7459,7/14/2018,12:15 PM,MONTREAL RD @ VANIER PKWY (0004630),4630,02 - Intersection related,03 - P.D. only,03 - Rear end,01 - Clear,01 - Daylight,01 - Dry,01 - Traffic signal,01 - Functioning,2,0,0,0,,0,,,,,370072.7393,5033065.616,45.43447652,-75.66574556,11322
18--6919,6/29/2018,1:27 PM,DONALD ST @ EDITH AVE (0008623),8623,03 - At intersection,03 - P.D. only,02 - Angle,01 - Clear,01 - Daylight,01 - Dry,02 - Stop sign,01 - Functioning,2,0,0,0,,0,,,,,370900.7488,5032336.667,45.42783998,-75.65526173,11323
18--746,1/13/2018,12:45 PM,HUNT CLUB RD @ RIVERSIDE DR (0002237),2237,02 - Intersection related,03 - P.D. only,03 - Rear end,01 - Clear,01 - Daylight,02 - Wet,01 - Traffic signal,01 - Functioning,2,0,0,0,,0,,,,,368036.7031,5021945.499,45.33460788,-75.6931902,11324
18--7460,7/14/2018,12:31 AM,CENTREPOINTE DR @ PASEO PRIV (0013547),13547,03 - At intersection,03 - P.D. only,02 - Angle,01 - Clear,07 - Dark,01 - Dry,02 - Stop sign,01 - Functioning,2,0,0,0,,0,,,,,362512.5921,5022862.462,45.34333476,-75.76355686,11325
18--7461,7/14/2018,12:35 AM,ST. LAURENT BLVD/GUY ST @ RIDEAU SS (0007214),7214,03 - At intersection,03 - P.D. only,07 - SMV other,01 - Clear,07 - Dark,01 - Dry,01 - Traffic signal,01 - Functioning,1,0,0,0,,0,,,,,371860.269,5033043.791,45.43411101,-75.64290455,11326
18--7462,7/14/2018,2:21 AM,RICHMOND RD btwn RUSHMORE RD & STEEPLE HILL CRES (__3ZAB9G),__3ZAB9G,01 - Non intersection,03 - P.D. only,07 - SMV other,02 - Rain,07 - Dark,02 - Wet,10 - No control,,1,0,0,0,,0,,,,,358651.6698,5011415.834,45.24064369,-75.81406334,11327
18--7463,7/14/2018,2:41 AM,DALHOUSIE ST @ YORK ST (0008500),8500,03 - At intersection,02 - Non-fatal injury,07 - SMV other,02 - Rain,07 - Dark,02 - Wet,01 - Traffic signal,01 - Functioning,1,0,0,2,01 - Minimal,2,2,,,,368093.7065,5032419.59,45.42884574,-75.69112015,11328
18--7464,7/14/2018,2:45 AM,GREENBANK RD btwn WEST HUNT CLUB RD & FALLOWFIELD RD (__3ZA1NE),__3ZA1NE,01 - Non intersection,02 - Non-fatal injury,07 - SMV other,02 - Rain,07 - Dark,02 - Wet,10 - No control,,1,0,0,0,02 - Minor,1,,1,,,362882.5724,5017192.035,45.29228189,-75.75950101,11329
18--7465,7/14/2018,3:02 PM,ROGER STEVENS DR btwn THIRD LINE RD S & HWY416 IC49 RAMP34 (__3ZA39B),__3ZA39B,01 - Non intersection,03 - P.D. only,07 - SMV other,01 - Clear,01 - Daylight,01 - Dry,10 - No control,,1,0,0,0,,0,,,,,368298.6429,5000448.29,45.14115338,-75.69259278,11330
18--7466,7/14/2018,3:25 PM,OGILVIE RD @ BATHGATE DR/CITYPARK DR W (0012430),12430,03 - At intersection,02 - Non-fatal injury,05 - Turning movement,01 - Clear,01 - Daylight,01 - Dry,01 - Traffic signal,01 - Functioning,2,0,0,0,02 - Minor,1,,1,,,373828.722,5032800.577,45.43173116,-75.61778286,11331
18--7467,7/14/2018,3:45 PM,EAGLESON RD @ HWY 417 EAGLESO IC138R51/PARK AN (0009698),9698,02 - Intersection related,03 - P.D. only,03 - Rear end,01 - Clear,01 - Daylight,01 - Dry,01 - Traffic signal,01 - Functioning,3,0,0,0,,0,,,,,353037.1394,5020013.896,45.31841843,-75.88473853,11332
18--7468,7/14/2018,4:29 PM,LONGFIELDS DR @ WOODROFFE AVE (0000096),96,02 - Intersection related,03 - P.D. only,04 - Sideswipe,01 - Clear,01 - Daylight,01 - Dry,01 - Traffic signal,01 - Functioning,2,0,0,0,,0,,,,,365421.17,5017106.945,45.29130185,-75.72714954,11333
18--7469,7/14/2018,5:15 PM,BASELINE RD/HWY 416 RICHMOND IC75R53 @ RICHMON (0000148),148,02 - Intersection related,03 - P.D. only,04 - Sideswipe,01 - Clear,01 - Daylight,01 - Dry,01 - Traffic signal,01 - Functioning,2,0,0,0,,0,,,,,358635.6648,5021821.565,45.33427698,-75.81313805,11334
18--747,1/13/2018,12:48 PM,LIMEBANK RD/RIVERSIDE DR @ RIVER RD (0013336),13336,02 - Intersection related,03 - P.D. only,07 - SMV other,01 - Clear,01 - Daylight,02 - Wet,01 - Traffic signal,01 - Functioning,1,0,0,0,,0,,,,,368404.4582,5020475.708,45.32134976,-75.68868747,11335
18--7470,7/14/2018,5:32 PM,PRINCE OF WALES DR btwn FALLOWFIELD RD & AMBERWOOD CRES (__3ZA27I),__3ZA27I,01 - Non intersection,03 - P.D. only,03 - Rear end,01 - Clear,01 - Daylight,01 - Dry,10 - No control,,2,0,0,0,,0,,,,,367387.5787,5019287.24,45.31074749,-75.70180724,11336
18--7471,7/14/2018,6:13 PM,WALKLEY RD btwn CONROY RD & HARDING RD (__3ZA2EJ),__3ZA2EJ,01 - Non intersection,02 - Non-fatal injury,03 - Rear end,01 - Clear,01 - Daylight,01 - Dry,10 - No control,,2,1,0,0,02 - Minor,1,,1,,,373139.6434,5027603.58,45.38503868,-75.62730896,11337
18--7472,7/14/2018,6:42 AM,RENAUD RD @ RENAUD RD S (0004055),4055,02 - Intersection related,03 - P.D. only,07 - SMV other,01 - Clear,01 - Daylight,01 - Dry,10 - No control,,1,0,0,0,,0,,,,,379961.6185,5031598.535,45.42028381,-75.53959583,11338
18--7473,7/14/2018,6:50 PM,HWY417 IC110 RAMP56 btwn HIGHWAY 417 & WALKLEY EXTENSION RD (__3ZAY6U),__3ZAY6U,01 - Non intersection,02 - Non-fatal injury,07 - SMV other,01 - Clear,01 - Daylight,01 - Dry,10 - No control,,1,0,1,0,02 - Minor,1,,1,,,375913.0595,5029113.627,45.39834922,-75.59167945,11339
18--7474,7/14/2018,6:54 PM,BRONSON AVE @ FIFTH AVE/MADAWASKA DR (0006977),6977,03 - At intersection,02 - Non-fatal injury,05 - Turning movement,01 - Clear,01 - Daylight,01 - Dry,01 - Traffic signal,01 - Functioning,3,0,0,0,02 - Minor,6,4,2,,,367613.7421,5028938.563,45.39756782,-75.69769702,11340
18--7475,7/14/2018,7:15 PM,DALHOUSIE ST @ YORK ST (0008500),8500,02 - Intersection related,03 - P.D. only,04 - Sideswipe,01 - Clear,01 - Daylight,01 - Dry,01 - Traffic signal,01 - Functioning,2,0,0,0,,0,,,,,368093.7076,5032419.589,45.42884573,-75.69112013,11341
18--7476,7/14/2018,8:07 PM,ELGIN ST @ MCLEOD ST (0007274),7274,03 - At intersection,03 - P.D. only,02 - Angle,01 - Clear,05 - Dusk,01 - Dry,02 - Stop sign,01 - Functioning,2,0,0,0,,0,,,,,368424.6629,5030779.612,45.41405976,-75.68710282,11342
18--7477,7/14/2018,8:30 AM,HIGHWAY 417 btwn HWY417 IC112 RAMP55 & HIGHWAY 417 (__3ZAZPP),__3ZAZPP,01 - Non intersection,03 - P.D. only,07 - SMV other,01 - Clear,01 - Daylight,01 - Dry,10 - No control,,1,0,0,0,,0,,,,,375042.6033,5030628.033,45.41206293,-75.60258059,11343
18--7478,7/14/2018,9:15 PM,HWY 417 INNES IC112R57 @ INNES RD (0012298),12298,02 - Intersection related,03 - P.D. only,02 - Angle,01 - Clear,07 - Dark,01 - Dry,01 - Traffic signal,01 - Functioning,3,0,0,0,,0,,,,,374298.8517,5030754.329,45.41327353,-75.6120638,11344
18--7479,7/14/2018,9:38 PM,RUSSELL AVE @ LAURIER AVE (0007752),7752,03 - At intersection,03 - P.D. only,02 - Angle,01 - Clear,07 - Dark,01 - Dry,02 - Stop sign,01 - Functioning,2,0,0,0,,0,,,,,369037.6226,5032215.522,45.42692356,-75.67908496,11345
18--748,1/13/2018,2:02 PM,CANTER BLVD @ INDIAN RD (0001407),1407,03 - At intersection,03 - P.D. only,02 - Angle,01 - Clear,01 - Daylight,06 - Ice,02 - Stop sign,01 - Functioning,2,0,0,0,,0,,,,,363915.9474,5023482.039,45.34879279,-75.7455768,11346
18--7480,7/14/2018,9:44 PM,BLAIR RD @ REGIONAL RD 174 N/OR174 IC112 RAMP61 (0003617),3617,03 - At intersection,03 - P.D. only,02 - Angle,01 - Clear,07 - Dark,01 - Dry,01 - Traffic signal,01 - Functioning,2,0,0,0,,0,,,,,374634.767,5032991.54,45.43336931,-75.60745542,11347
18--7481,7/14/2018,9:45 PM,ANDERSON RD btwn INNES RD & DESJARDINS ST (__3ZBOG0),__3ZBOG0,01 - Non intersection,03 - P.D. only,07 - SMV other,01 - Clear,07 - Dark,01 - Dry,10 - No control,,1,0,0,0,,0,,,,,376322.6199,5031813.168,45.42259644,-75.58605716,11348
18--7482,7/15/2018,1:18 PM,LAURIER AVE   W btwn O'CONNOR ST & METCALFE ST (__3ZBOER),__3ZBOER,04 - At/near private drive,03 - P.D. only,06 - SMV unattended vehicle,01 - Clear,01 - Daylight,01 - Dry,10 - No control,,1,0,0,0,,0,,,,,367703.1367,5031398.18,45.41969067,-75.69624148,11349
18--7483,7/15/2018,10:35 AM,ISLAND PARK DR btwn CLEARVIEW AVE & SUNNYMEDE AVE (__3ZA230),__3ZA230,01 - Non intersection,03 - P.D. only,03 - Rear end,01 - Clear,01 - Daylight,01 - Dry,10 - No control,,2,0,0,0,,0,,,,,363564.984,5029357.417,45.40168811,-75.74935619,11350
18--7484,7/15/2018,10:48 AM,HIGHWAY 416 btwn HWY416 IC49 RAMP24 & HWY416 IC42 RAMP42 (__3ZA29T),__3ZA29T,01 - Non intersection,03 - P.D. only,05 - Turning movement,01 - Clear,01 - Daylight,01 - Dry,10 - No control,,3,0,0,0,,0,,,,,369438.8512,5000371.272,45.14035695,-75.67810608,11351
18--7485,7/15/2018,Unknown,CHINIAN ST btwn FARINCOURT CRES & STRASBOURG ST (__6ZT3DJ),__6ZT3DJ,01 - Non intersection,03 - P.D. only,06 - SMV unattended vehicle,01 - Clear,00 - Unknown,01 - Dry,10 - No control,,1,0,0,0,,0,,,,,383962.6442,5035028.622,45.45070348,-75.48792757,11352
18--7486,7/15/2018,2:12 PM,MONTREAL RD/HANNAH ST @ CODY AVE (0009349),9349,03 - At intersection,03 - P.D. only,02 - Angle,01 - Clear,01 - Daylight,01 - Dry,01 - Traffic signal,01 - Functioning,2,0,0,0,,0,,,,,370254.7172,5033169.592,45.43539504,-75.66340611,11353
18--7487,7/15/2018,2:20 PM,HWY417 HUNT CLUB IC109 RAMP63 btwn HIGHWAY 417 WB & HUNT CLUB RD WB (e___2H7R),e___2H7R,01 - Non intersection,02 - Non-fatal injury,01 - Approaching,01 - Clear,01 - Daylight,01 - Dry,10 - No control,,2,0,0,0,02 - Minor,3,,3,,,376620.0322,5027708.962,45.38563865,-75.58285497,11354
18--7488,7/15/2018,3:01 AM,CARLING AVE @ KIRKWOOD AVE N (0002358),2358,03 - At intersection,02 - Non-fatal injury,02 - Angle,01 - Clear,07 - Dark,01 - Dry,01 - Traffic signal,01 - Functioning,2,0,0,0,01 - Minimal,1,1,,,,364275.6891,5027493.59,45.38485773,-75.74050336,11355
18--7489,7/15/2018,3:20 PM,HIGHWAY 416 btwn HWY416 IC57 RAMP24 & HWY416 IC49 RAMP42 (__3ZAZGI),__3ZAZGI,01 - Non intersection,03 - P.D. only,07 - SMV other,01 - Clear,01 - Daylight,01 - Dry,10 - No control,,1,0,0,0,,0,,,,,368755.3499,5002565.506,45.16016306,-75.6865152,11356
18--7092,7/4/2018,3:05 PM,BANK ST @ RIVERSIDE DR S (0002704),2704,02 - Intersection related,03 - P.D. only,03 - Rear end,01 - Clear,01 - Daylight,01 - Dry,01 - Traffic signal,01 - Functioning,2,0,0,0,,0,,,,,369304.6594,5027894.572,45.38802059,-75.67623809,11357
18--749,1/13/2018,2:14 PM,CARLING AVE @ MERIVALE RD (0002148),2148,02 - Intersection related,03 - P.D. only,03 - Rear end,01 - Clear,01 - Daylight,04 - Slush,01 - Traffic signal,01 - Functioning,2,0,0,0,,0,,,,,364894.7032,5027700.544,45.38666703,-75.73257415,11358
18--7490,7/15/2018,4:00 PM,LAURIER AVE   E btwn COPERNICUS ST & RING LANE (__3ZA2GV),__3ZA2GV,04 - At/near private drive,03 - P.D. only,02 - Angle,01 - Clear,01 - Daylight,01 - Dry,10 - No control,,2,0,0,0,,0,,,,,368681.0786,5031998.974,45.42500779,-75.68366898,11359
18--7491,7/15/2018,4:02 PM,BEVERLY ST @ STITTSVILLE MAIN ST (0000083),83,02 - Intersection related,02 - Non-fatal injury,03 - Rear end,01 - Clear,01 - Daylight,01 - Dry,01 - Traffic signal,01 - Functioning,2,0,0,0,02 - Minor,1,,1,,,349843.5427,5013825.4,45.26294456,-75.92603247,11360
18--7492,7/15/2018,5:19 AM,MARCH RD btwn TALL FOREST DR & HUNTMAR DR (__3ZA3FN),__3ZA3FN,01 - Non intersection,02 - Non-fatal injury,07 - SMV other,01 - Clear,03 - Dawn,01 - Dry,10 - No control,,1,0,0,0,02 - Minor,2,,2,,,344068.2151,5023478.919,45.35015687,-75.99885673,11361
18--7493,7/15/2018,6:08 PM,BASELINE RD btwn SANDCASTLE DR & MONTEREY DR (__3ZA4LL),__3ZA4LL,01 - Non intersection,03 - P.D. only,04 - Sideswipe,01 - Clear,01 - Daylight,01 - Dry,10 - No control,,2,0,0,0,,0,,,,,359646.9887,5021998.527,45.33579097,-75.80021643,11362
18--7494,7/15/2018,6:48 PM,PARENT AVE @ ST. PATRICK ST (0008240),8240,02 - Intersection related,03 - P.D. only,04 - Sideswipe,01 - Clear,01 - Daylight,01 - Dry,01 - Traffic signal,01 - Functioning,2,0,0,0,,0,,,,,367821.7338,5032556.657,45.43010358,-75.69457801,11363
18--7495,7/15/2018,6:49 AM,BESSERER ST @ KING EDWARD AVE (0007758),7758,03 - At intersection,02 - Non-fatal injury,02 - Angle,01 - Clear,01 - Daylight,01 - Dry,01 - Traffic signal,01 - Functioning,2,1,0,0,02 - Minor,1,,1,,,368550.7196,5032340.535,45.42809293,-75.68529045,11364
18--7496,7/15/2018,7:30 AM,CHAMPLAIN ST @ OR174 IC102 RAMP61 (0008676),8676,02 - Intersection related,03 - P.D. only,03 - Rear end,01 - Clear,01 - Daylight,01 - Dry,01 - Traffic signal,01 - Functioning,2,0,0,0,,0,,,,,381519.6521,5038374.386,45.48107833,-75.51863364,11365
18--7497,7/15/2018,7:35 PM,HIGHWAY 417 btwn HWY417 IC126 RAMP25 & HWY417 IC124 RAMP57 (__3ZA2R5),__3ZA2R5,01 - Non intersection,03 - P.D. only,04 - Sideswipe,01 - Clear,01 - Daylight,01 - Dry,10 - No control,,2,0,0,0,,0,,,,,363634.101,5026457.243,45.37558701,-75.74881914,11366
18--7498,7/15/2018,7:41 PM,TENTH LINE RD @ CHARLEMAGNE BLVD N/TOMPKINS AV (0009222),9222,02 - Intersection related,03 - P.D. only,03 - Rear end,01 - Clear,01 - Daylight,01 - Dry,01 - Traffic signal,01 - Functioning,3,0,0,0,,0,,,,,383183.9216,5037977.916,45.47732639,-75.4974115,11367
18--7499,7/15/2018,8:27 AM,HUNT CLUB RD @ BRIDLE PATH DR/DAZE ST (0008214),8214,02 - Intersection related,03 - P.D. only,02 - Angle,01 - Clear,01 - Daylight,01 - Dry,01 - Traffic signal,01 - Functioning,2,0,0,0,,0,,,,,371291.7747,5023864.56,45.35157412,-75.65140667,11368
18--75,1/2/2018,12:00 PM,RIVERSIDE DR @ TREMBLAY RD/HWY417 IC117 RAMP52 (0010790),10790,02 - Intersection related,03 - P.D. only,03 - Rear end,01 - Clear,01 - Daylight,03 - Loose snow,01 - Traffic signal,01 - Functioning,2,0,0,0,,0,,,,,370802.0793,5031015.906,45.41596564,-75.65669949,11369
18--750,1/13/2018,2:16 AM,HIGHWAY 417 btwn HWY417 IC155 RAMP61 & HWY417 IC145 RAMP56 (__3ZA2Q2),__3ZA2Q2,01 - Non intersection,02 - Non-fatal injury,07 - SMV other,01 - Clear,07 - Dark,01 - Dry,10 - No control,,1,0,0,0,01 - Minimal,1,1,,,,342581.5633,5017299.358,45.29463239,-76.01830024,11370
18--7500,7/15/2018,9:15 AM,COPE DR btwn TERRY FOX DR & NORTHGRAVES CRES (__7IFXSM),__7IFXSM,01 - Non intersection,03 - P.D. only,07 - SMV other,01 - Clear,01 - Daylight,01 - Dry,10 - No control,,1,0,0,0,,0,,,,,354019.872,5015416.886,45.27698534,-75.8726609,11371
18--7501,7/15/2018,9:47 PM,BRONSON AVE @ FIFTH AVE/MADAWASKA DR (0006977),6977,03 - At intersection,02 - Non-fatal injury,05 - Turning movement,01 - Clear,07 - Dark,01 - Dry,01 - Traffic signal,01 - Functioning,2,1,0,0,01 - Minimal,1,1,,,,367613.7638,5028938.541,45.39756762,-75.69769674,11372
18--7502,7/16/2018,1:00 PM,KITCHENER AVE @ BANK ST (0011963),11963,02 - Intersection related,02 - Non-fatal injury,03 - Rear end,01 - Clear,01 - Daylight,01 - Dry,01 - Traffic signal,01 - Functioning,2,0,0,0,01 - Minimal,1,1,,,,370540.907,5025499.961,45.36635974,-75.66077097,11373
18--7503,7/16/2018,1:03 PM,RIOCAN AVE @ STRANDHERD DR (0010997),10997,03 - At intersection,03 - P.D. only,05 - Turning movement,01 - Clear,01 - Daylight,01 - Dry,01 - Traffic signal,01 - Functioning,2,0,0,0,,0,,,,,364172.1173,5014944.662,45.27195228,-75.7433308,11374
18--7504,7/16/2018,1:28 PM,BANK ST @ CLEMOW AVE (0007714),7714,03 - At intersection,02 - Non-fatal injury,07 - SMV other,01 - Clear,01 - Daylight,01 - Dry,02 - Stop sign,01 - Functioning,1,0,0,1,03 - Major,1,,,1,,368205.7114,5029865.564,45.40585533,-75.69001753,11375
18--7505,7/16/2018,1:50 PM,CYR AVE btwn MONTREAL RD & JEANNE MANCE ST (__3ZA8SM),__3ZA8SM,01 - Non intersection,03 - P.D. only,06 - SMV unattended vehicle,01 - Clear,01 - Daylight,01 - Dry,10 - No control,,1,0,0,0,,0,,,,,370252.33,5033093.708,45.4347125,-75.66344671,11376
18--7506,7/16/2018,10:15 AM,RICHMOND RD @ LYNHAR RD/STAFFORD RD (0000155),155,02 - Intersection related,03 - P.D. only,04 - Sideswipe,01 - Clear,01 - Daylight,01 - Dry,01 - Traffic signal,01 - Functioning,2,0,0,0,,0,,,,,358137.7184,5021086.536,45.32770117,-75.81956985,11377
18--7507,7/16/2018,11:33 AM,ALBION RD @ MITCH OWENS RD (0004212),4212,02 - Intersection related,03 - P.D. only,03 - Rear end,01 - Clear,01 - Daylight,01 - Dry,01 - Traffic signal,01 - Functioning,2,0,0,0,,0,,,,,375906.6757,5014804.595,45.26960338,-75.59381676,11378
18--7508,7/16/2018,11:36 AM,CORSHAM AVE btwn VARENNES BLVD & SHEENBORO CRES (__3ZA1YS),__3ZA1YS,04 - At/near private drive,02 - Non-fatal injury,06 - SMV unattended vehicle,01 - Clear,01 - Daylight,01 - Dry,10 - No control,,1,0,0,0,02 - Minor,3,,3,,,384905.6362,5038313.672,45.48015179,-75.47533824,11379
18--7509,7/16/2018,11:58 PM,INDUSTRIAL AVE @ RIVERSIDE DR (0011905),11905,03 - At intersection,03 - P.D. only,05 - Turning movement,01 - Clear,07 - Dark,01 - Dry,01 - Traffic signal,01 - Functioning,2,0,0,0,,0,,,,,370684.7192,5030592.554,45.41216755,-75.65825541,11380
18--751,1/13/2018,2:18 PM,TERRY FOX DR N @ FLAMBOROUGH WAY/INNOVATION DR (0011795),11795,03 - At intersection,02 - Non-fatal injury,05 - Turning movement,01 - Clear,01 - Daylight,03 - Loose snow,01 - Traffic signal,01 - Functioning,2,0,0,0,03 - Major,2,,1,1,,349387.125,5022957.405,45.34514617,-75.93102667,11381
18--7510,7/16/2018,12:15 PM,JEANNE D'ARC BLVD @ MONTCERF CRT (0004155),4155,02 - Intersection related,03 - P.D. only,03 - Rear end,01 - Clear,01 - Daylight,01 - Dry,01 - Traffic signal,01 - Functioning,2,0,0,0,,0,,,,,381117.7596,5036286.607,45.46233827,-75.52409799,11382
18--7511,7/16/2018,2:23 PM,HARDING RD @ WALKLEY RD (0007652),7652,03 - At intersection,03 - P.D. only,05 - Turning movement,01 - Clear,01 - Daylight,01 - Dry,01 - Traffic signal,01 - Functioning,2,0,0,0,,0,,,,,373148.7224,5027608.552,45.38508253,-75.62719235,11383