Anom_ID,Accident_Date,Accident_Time,Location,Geo_ID,Accident_Location,Classification_of_Accident,Initial_Impact_Type,Environment_Condition,Light,Road_Surface_Condition,Traffic_Control,Traffic_Control_Condition,No__of_Vehicles,No__of_Bicycles,No__of_Motorcycles,No__of_Pedestrians,Max_Injury,No__of_Injuries,No__of_Minimal,No__of_Minor,No__of_Major,No__of_Fatal,X,Y,Latitude,Longitude,ObjectId
18--7512,7/16/2018,3:54 PM,HUNT CLUB RD @ UPLANDS DR (0010844),10844,02 - Intersection related,03 - P.D. only,04 - Sideswipe,01 - Clear,01 - Daylight,01 - Dry,01 - Traffic signal,01 - Functioning,2,0,0,0,,0,,,,,370156.5932,5023121.5,45.34499498,-75.66599093,11384
18--7513,7/16/2018,4:07 PM,ALPINE AVE @ CARLING AVE (0011382),11382,03 - At intersection,03 - P.D. only,05 - Turning movement,01 - Clear,01 - Daylight,01 - Dry,01 - Traffic signal,01 - Functioning,2,0,0,0,,0,,,,,360496.6728,5024942.666,45.36221534,-75.7890447,11385
18--7514,7/16/2018,4:20 PM,OTTAWA RIVER PKWY btwn VIMY PLACE PRIV & BOOTH ST (__5VHJ2QB),__5VHJ2QB,01 - Non intersection,03 - P.D. only,04 - Sideswipe,01 - Clear,01 - Daylight,01 - Dry,10 - No control,,2,0,0,0,,0,,,,,366171.553,5030939.441,45.41569909,-75.7158669,11386
18--7515,7/16/2018,4:30 PM,COLONEL BY DR/SUSSEX DR @ RIDEAU ST (0007647),7647,02 - Intersection related,03 - P.D. only,03 - Rear end,01 - Clear,01 - Daylight,01 - Dry,01 - Traffic signal,01 - Functioning,2,0,0,0,,0,,,,,367921.6964,5032044.583,45.4254871,-75.69336624,11387
18--7516,7/16/2018,4:40 PM,CARLING AVE @ WOODROFFE AVE W (0011470),11470,03 - At intersection,03 - P.D. only,04 - Sideswipe,01 - Clear,01 - Daylight,01 - Dry,01 - Traffic signal,01 - Functioning,2,0,0,0,,0,,,,,361767.7362,5025725.474,45.36915685,-75.77273091,11388
18--7517,7/16/2018,5:20 PM,PARKDALE AVE @ GLADSTONE AVE (0002362),2362,02 - Intersection related,02 - Non-fatal injury,03 - Rear end,01 - Clear,01 - Daylight,01 - Dry,01 - Traffic signal,01 - Functioning,3,0,0,0,01 - Minimal,1,1,,,,365216.7834,5029118.717,45.39939974,-75.72828781,11389
18--7518,7/16/2018,5:50 PM,HIGHWAY 417 btwn HWY417 IC124 RAMP67 & HWY417 IC123 RAMP62 (__3ZA2YZ),__3ZA2YZ,01 - Non intersection,03 - P.D. only,04 - Sideswipe,01 - Clear,01 - Daylight,01 - Dry,10 - No control,,2,0,0,0,,0,,,,,364665.2818,5027870.122,45.3882125,-75.73548309,11390
18--7519,7/16/2018,6:00 PM,TEESWATER ST btwn BIRKENDALE DR & EDENVALE DR (__3ZAZ8B),__3ZAZ8B,01 - Non intersection,03 - P.D. only,06 - SMV unattended vehicle,01 - Clear,01 - Daylight,01 - Dry,10 - No control,,1,0,0,0,,0,,,,,352533.5893,5020249.437,45.32057229,-75.89113821,11391
18--752,1/13/2018,2:24 PM,RAMSAYVILLE RD btwn RIDEAU RD & MITCH OWENS RD (__3ZA6GU),__3ZA6GU,04 - At/near private drive,03 - P.D. only,05 - Turning movement,01 - Clear,01 - Daylight,05 - Packed snow,10 - No control,,2,0,0,0,,0,,,,,380813.9754,5018887.647,45.3058273,-75.53066127,11392
18--7520,7/16/2018,6:01 PM,HIGHWAY 417 btwn HWY417 IC126 RAMP16 & HWY417 IC126 RAMP61 (__3ZA2RC),__3ZA2RC,01 - Non intersection,03 - P.D. only,03 - Rear end,01 - Clear,01 - Daylight,01 - Dry,10 - No control,,3,0,0,0,,0,,,,,363143.8364,5025838.679,45.37006225,-75.75515126,11393
18--7521,7/16/2018,6:02 PM,MOONEY'S BAY PL @ RIVERSIDE DR (0011421),11421,02 - Intersection related,02 - Non-fatal injury,03 - Rear end,01 - Clear,01 - Daylight,01 - Dry,01 - Traffic signal,01 - Functioning,2,0,0,0,01 - Minimal,1,1,,,,368355.7154,5025296.512,45.36473071,-75.68868979,11394
18--7522,7/16/2018,7:06 AM,SCOTT ST btwn TUNNEY'S PASTURE DRWY & PARKDALE AVE (__3ZA31N),__3ZA31N,04 - At/near private drive,02 - Non-fatal injury,05 - Turning movement,01 - Clear,01 - Daylight,01 - Dry,10 - No control,,2,1,0,0,02 - Minor,1,,1,,,364907.9558,5029700.688,45.40466277,-75.73216122,11395
18--7523,7/16/2018,7:13 AM,BOOTH ST btwn VIMY PLACE PRIV & OTTAWA RIVER PKWY (__5VHJ2X),__5VHJ2X,01 - Non intersection,03 - P.D. only,03 - Rear end,01 - Clear,01 - Daylight,01 - Dry,10 - No control,,2,0,0,0,,0,,,,,366256.8775,5031025.669,45.41646746,-75.71476607,11396
18--7524,7/16/2018,7:59 AM,NAVAN RD btwn MUSTANG ST & TO BE DETERMINED (__3ZA3M4),__3ZA3M4,01 - Non intersection,03 - P.D. only,03 - Rear end,01 - Clear,01 - Daylight,01 - Dry,10 - No control,,2,0,0,0,,0,,,,,388421.8328,5032315.658,45.42577573,-75.43138868,11397
18--7525,7/16/2018,8:49 AM,HUNT CLUB RD @ BRIDLE PATH DR/DAZE ST (0008214),8214,03 - At intersection,03 - P.D. only,02 - Angle,01 - Clear,01 - Daylight,01 - Dry,01 - Traffic signal,01 - Functioning,2,0,0,0,,0,,,,,371291.8491,5023864.578,45.35157427,-75.65140572,11398
18--7526,7/16/2018,9:00 PM,BANK ST @ CAHILL DR/DAZE ST (0012178),12178,02 - Intersection related,03 - P.D. only,07 - SMV other,01 - Clear,05 - Dusk,01 - Dry,01 - Traffic signal,01 - Functioning,1,0,0,0,,0,,,,,371306.8149,5024316.727,45.35564114,-75.65115392,11399
18--7527,7/16/2018,9:30 AM,GLOUCESTER ST btwn BANK ST & O'CONNOR ST (__3ZBOR8),__3ZBOR8,01 - Non intersection,03 - P.D. only,06 - SMV unattended vehicle,01 - Clear,01 - Daylight,01 - Dry,10 - No control,,1,0,0,0,,0,,,,,367546.214,5031212.37,45.4180329,-75.69827006,11400
18--7528,7/16/2018,9:34 PM,INNES RD @ PAGE RD (0012476),12476,02 - Intersection related,03 - P.D. only,07 - SMV other,01 - Clear,07 - Dark,01 - Dry,01 - Traffic signal,01 - Functioning,1,0,0,0,,0,,,,,380887.7493,5034540.554,45.44665376,-75.52730892,11401
18--7529,7/16/2018,9:58 AM,ST. LAURENT BLVD @ COVENTRY RD/OGILVIE RD (0002151),2151,03 - At intersection,03 - P.D. only,02 - Angle,01 - Clear,01 - Daylight,01 - Dry,01 - Traffic signal,01 - Functioning,2,0,0,0,,0,,,,,372305.713,5031951.601,45.42424115,-75.63736171,11402
18--753,1/13/2018,2:45 PM,HUNT CLUB RD @ LORRY GREENBERG DR/SABLE RIDGE  (0008203),8203,03 - At intersection,03 - P.D. only,02 - Angle,05 - Drifting Snow,01 - Daylight,03 - Loose snow,01 - Traffic signal,01 - Functioning,2,0,0,0,,0,,,,,372823.3903,5024806.111,45.35989895,-75.63173228,11403
18--7530,7/17/2018,1:07 PM,DUMAURIER AVE @ PINECREST RD (0002743),2743,02 - Intersection related,03 - P.D. only,02 - Angle,01 - Clear,01 - Daylight,01 - Dry,01 - Traffic signal,01 - Functioning,2,0,0,0,,0,,,,,360321.8599,5023834.375,45.35225684,-75.79140046,11404
18--7531,7/17/2018,1:33 PM,HOLLY ACRES RD @ CARLING AVE (0000522),522,03 - At intersection,03 - P.D. only,02 - Angle,01 - Clear,01 - Daylight,01 - Dry,01 - Traffic signal,01 - Functioning,2,0,0,0,,0,,,,,358234.693,5023497.554,45.34938826,-75.81807246,11405
18--7532,7/17/2018,10:40 AM,HWY417 IC112 RAMP66 btwn HIGHWAY 417 & INNES RD (__3ZAY83),__3ZAY83,01 - Non intersection,03 - P.D. only,99 - Other,01 - Clear,01 - Daylight,01 - Dry,10 - No control,,2,0,0,0,,0,,,,,374804.1425,5030977.331,45.41522962,-75.60557718,11406
18--7533,7/17/2018,11:15 AM,CARSONBY RD @ FOURTH LINE RD (0003718),3718,02 - Intersection related,03 - P.D. only,07 - SMV other,01 - Clear,01 - Daylight,01 - Dry,02 - Stop sign,01 - Functioning,1,0,0,0,,0,,,,,363611.6532,5002525.313,45.16024865,-75.75193973,11407
18--7534,7/17/2018,11:24 AM,WOODROFFE AVE btwn KNOXDALE RD/MEDHURST DR & NORICE ST (__3ZA3JO),__3ZA3JO,01 - Non intersection,03 - P.D. only,07 - SMV other,01 - Clear,01 - Daylight,01 - Dry,10 - No control,,1,0,0,0,,0,,,,,363250.3566,5022258.053,45.33783525,-75.7542148,11408
18--7535,7/17/2018,11:30 AM,BUELL ST btwn PARKVIEW RD & END (__3ZA099),__3ZA099,01 - Non intersection,03 - P.D. only,06 - SMV unattended vehicle,01 - Clear,01 - Daylight,01 - Dry,10 - No control,,1,0,0,0,,0,,,,,364276.2935,5027918.847,45.38868406,-75.7404444,11409
18--7536,7/17/2018,12:11 PM,ALTA VISTA DR @ SMYTH RD (0011353),11353,02 - Intersection related,03 - P.D. only,04 - Sideswipe,01 - Clear,01 - Daylight,01 - Dry,01 - Traffic signal,01 - Functioning,2,0,0,0,,0,,,,,370432.7002,5029081.621,45.39859643,-75.66167598,11410
18--7537,7/17/2018,2:30 PM,GLAMORGAN DR btwn CASTLEFRANK RD & UXBRIDGE CRES (__3ZBNCB),__3ZBNCB,04 - At/near private drive,03 - P.D. only,99 - Other,01 - Clear,01 - Daylight,01 - Dry,10 - No control,,2,0,0,0,,0,,,,,353286.2349,5016304.301,45.28502151,-75.88192433,11411
18--7538,7/17/2018,2:40 PM,CENTER ST @ MONTREAL RD (0002691),2691,03 - At intersection,03 - P.D. only,05 - Turning movement,01 - Clear,01 - Daylight,01 - Dry,02 - Stop sign,01 - Functioning,2,0,0,0,,0,,,,,371821.7419,5033951.58,45.44228256,-75.64327331,11412
18--7539,7/17/2018,2:49 PM,NICHOLAS ST btwn DALY AVE & SB RAMP FROM WALLER/NICHOLAS/MACKENZIE KIN (__3ZA3VJ),__3ZA3VJ,01 - Non intersection,02 - Non-fatal injury,04 - Sideswipe,01 - Clear,01 - Daylight,01 - Dry,10 - No control,,2,1,0,0,01 - Minimal,1,1,,,,368293.0266,5031946.036,45.4245668,-75.68863418,11413
18--754,1/13/2018,3:02 AM,BOOTH ST @ SIR JOHN A. MACDONALD PKWY/WELLINGTON ST (0012252),12252,03 - At intersection,03 - P.D. only,07 - SMV other,03 - Snow,07 - Dark,04 - Slush,01 - Traffic signal,01 - Functioning,1,0,0,0,,0,,,,,366264.257,5031006.663,45.4162958,-75.71467416,11414
18--692,1/12/2018,4:22 PM,LAKESHORE DR @ STAGECOACH RD N (0010376),10376,02 - Intersection related,02 - Non-fatal injury,03 - Rear end,04 - Freezing Rain,05 - Dusk,06 - Ice,02 - Stop sign,01 - Functioning,2,0,0,0,01 - Minimal,3,3,,,,376518.9609,5011963.935,45.24398188,-75.58642476,11415
18--6920,6/29/2018,1:36 PM,CONSTANCE LAKE RD/MURPHY SIDE RD @ DUNROBIN RD (0008227),8227,02 - Intersection related,03 - P.D. only,04 - Sideswipe,01 - Clear,01 - Daylight,01 - Dry,02 - Stop sign,01 - Functioning,2,0,0,0,,0,,,,,344977.525,5028462.552,45.39494946,-75.98684713,11416
18--6921,6/29/2018,1:48 PM,INDUSTRIAL AVE/INNES RD @ ST. LAURENT BLVD (0002203),2203,02 - Intersection related,03 - P.D. only,03 - Rear end,01 - Clear,01 - Daylight,01 - Dry,01 - Traffic signal,01 - Functioning,2,0,0,0,,0,,,,,373099.7544,5030005.639,45.40665523,-75.62748572,11417
18--6922,6/29/2018,1:52 PM,BANK ST btwn FLORA ST & ARGYLE AVE (__3ZA3P3),__3ZA3P3,01 - Non intersection,02 - Non-fatal injury,04 - Sideswipe,01 - Clear,01 - Daylight,01 - Dry,10 - No control,,2,1,0,0,02 - Minor,1,,1,,,367980.0516,5030409.034,45.4107657,-75.69283031,11418
18--6923,6/29/2018,10:00 PM,UPPER DWYER HILL RD btwn VAUGHAN SIDE RD & CARROLL SIDE RD (__3ZA4QD),__3ZA4QD,01 - Non intersection,03 - P.D. only,07 - SMV other,01 - Clear,07 - Dark,01 - Dry,10 - No control,,1,0,0,0,,0,,,,,332714.6786,5015752.507,45.28117417,-76.14418322,11419
18--6924,6/29/2018,10:17 AM,MACKENZIE KING BR/NICHOLAS ST SB RAMP @ WALLER (0011252),11252,02 - Intersection related,03 - P.D. only,04 - Sideswipe,01 - Clear,01 - Daylight,01 - Dry,01 - Traffic signal,01 - Functioning,2,0,0,0,,0,,,,,368357.0762,5031952.665,45.42462063,-75.68781493,11420
18--6925,6/29/2018,10:26 AM,HWY 417 INNES IC112R68 @ INNES RD (0012300),12300,02 - Intersection related,03 - P.D. only,03 - Rear end,01 - Clear,01 - Daylight,01 - Dry,01 - Traffic signal,00 - Unknown,2,0,0,0,,0,,,,,374641.6897,5030921.598,45.4147444,-75.60766044,11421
18--6926,6/29/2018,10:35 PM,HIGHWAY 417 btwn HWY417 IC119B RAMP57 & HWY417 IC119A RAMP75 (__3ZA1QN),__3ZA1QN,01 - Non intersection,03 - P.D. only,07 - SMV other,01 - Clear,07 - Dark,01 - Dry,10 - No control,,1,0,0,0,,0,,,,,368201.8773,5030281.524,45.40959835,-75.69001301,11422
18--6927,6/29/2018,11:37 AM,BANK ST @ CATHERINE ST (0002708),2708,02 - Intersection related,03 - P.D. only,04 - Sideswipe,01 - Clear,01 - Daylight,01 - Dry,01 - Traffic signal,01 - Functioning,2,0,0,0,,0,,,,,368039.6896,5030267.58,45.40948756,-75.69208661,11423
18--6928,6/29/2018,11:38 PM,NELSON ST btwn SOMERSET ST E & TEMPLETON ST (__3ZA9VQ),__3ZA9VQ,01 - Non intersection,03 - P.D. only,06 - SMV unattended vehicle,01 - Clear,07 - Dark,01 - Dry,10 - No control,,1,0,0,0,,0,,,,,369197.2018,5031594.062,45.42131722,-75.6771271,11424
18--6929,6/29/2018,Unknown,LYNDA LANE btwn BILLINGS AVE & SMYTH RD (__3ZA9JG),__3ZA9JG,01 - Non intersection,03 - P.D. only,06 - SMV unattended vehicle,01 - Clear,00 - Unknown,01 - Dry,10 - No control,,1,0,0,0,,0,,,,,371564.0058,5029038.803,45.39810421,-75.64723325,11425
18--693,1/12/2018,5:12 PM,ST. JOSEPH BLVD @ TENTH LINE RD (0009163),9163,02 - Intersection related,03 - P.D. only,03 - Rear end,04 - Freezing Rain,05 - Dusk,05 - Packed snow,01 - Traffic signal,01 - Functioning,2,0,0,0,,0,,,,,382890.804,5038666.452,45.48355406,-75.50105064,11426
18--6930,6/29/2018,Unknown,BEECH ST btwn PRESTON ST & ROCHESTER ST (__3ZA05Q),__3ZA05Q,01 - Non intersection,03 - P.D. only,06 - SMV unattended vehicle,01 - Clear,00 - Unknown,01 - Dry,10 - No control,,1,0,0,0,,0,,,,,366705.0469,5029278.459,45.40070704,-75.70925976,11427
18--6931,6/29/2018,Unknown,PRESLAND RD btwn RENOUF AVE & WHITTON CRES (__3ZA9O6),__3ZA9O6,01 - Non intersection,03 - P.D. only,06 - SMV unattended vehicle,01 - Clear,00 - Unknown,01 - Dry,10 - No control,,1,0,0,0,,0,,,,,370727.7462,5031786.457,45.42290575,-75.65754603,11428
18--6932,6/29/2018,Unknown,BELL ST    N btwn ECCLES ST & CHRISTIE ST (__3ZBOMW),__3ZBOMW,01 - Non intersection,03 - P.D. only,06 - SMV unattended vehicle,01 - Clear,00 - Unknown,01 - Dry,10 - No control,,1,0,0,0,,0,,,,,366829.7144,5030236.131,45.40931288,-75.707547,11429
18--6933,6/29/2018,12:05 PM,KING EDWARD AVE @ RIDEAU ST (0002121),2121,02 - Intersection related,03 - P.D. only,04 - Sideswipe,01 - Clear,01 - Daylight,01 - Dry,01 - Traffic signal,01 - Functioning,2,0,0,0,,0,,,,,368511.6203,5032413.63,45.42875417,-75.68578061,11430
18--6934,6/29/2018,12:09 PM,MONTREAL RD @ ST. LAURENT BLVD (0002604),2604,02 - Intersection related,03 - P.D. only,04 - Sideswipe,01 - Clear,01 - Daylight,01 - Dry,01 - Traffic signal,01 - Functioning,2,0,0,0,,0,,,,,371545.6945,5033817.58,45.4411033,-75.64681975,11431
18--6935,6/29/2018,12:20 PM,HIGHWAY 417 btwn HWY417 IC126 RAMP25 & HWY417 IC124 RAMP57 (__3ZA2R5),__3ZA2R5,01 - Non intersection,03 - P.D. only,03 - Rear end,01 - Clear,01 - Daylight,01 - Dry,10 - No control,,4,0,0,0,,0,,,,,363930.5307,5026850.178,45.37909763,-75.74498767,11432
18--6936,6/29/2018,12:28 PM,CATHERINE ST/HWY 417 O'CONN IC119BR76 @ O'CONN (0001697),1697,02 - Intersection related,02 - Non-fatal injury,03 - Rear end,01 - Clear,01 - Daylight,01 - Dry,01 - Traffic signal,01 - Functioning,2,0,0,0,01 - Minimal,1,1,,,,368243.7047,5030392.489,45.41059299,-75.68946442,11433
18--6937,6/29/2018,12:31 PM,GREENBANK RD btwn BATEMAN DR/BELLMAN DR & GREENBANK SQUARE SC (__3ZA4YOA),__3ZA4YOA,01 - Non intersection,03 - P.D. only,03 - Rear end,01 - Clear,01 - Daylight,01 - Dry,10 - No control,,2,0,0,0,,0,,,,,361259.9484,5021010.623,45.32677388,-75.77975124,11434
18--6938,6/29/2018,12:43 PM,HAZELDEAN RD btwn GO/KA BOUNDARY & KINCARDINE DR (__3ZA1CZ),__3ZA1CZ,01 - Non intersection,02 - Non-fatal injury,03 - Rear end,01 - Clear,01 - Daylight,01 - Dry,10 - No control,,2,0,0,0,01 - Minimal,1,1,,,,351995.6921,5017045.841,45.29178192,-75.89830398,11435
18--6939,6/29/2018,2:00 PM,BRONSON AVE @ SOMERSET ST (0002218),2218,02 - Intersection related,03 - P.D. only,03 - Rear end,01 - Clear,01 - Daylight,01 - Dry,01 - Traffic signal,01 - Functioning,2,0,0,0,,0,,,,,366967.5589,5030476.643,45.4114647,-75.70575583,11436
18--694,1/12/2018,5:13 PM,BANK ST @ HERON RD (0002155),2155,03 - At intersection,03 - P.D. only,99 - Other,04 - Freezing Rain,05 - Dusk,04 - Slush,01 - Traffic signal,01 - Functioning,2,0,0,0,,0,,,,,369994.6747,5026850.845,45.37856559,-75.66756497,11437
18--6940,6/29/2018,2:00 PM,HIGHWAY 417 btwn HWY417 IC121A RAMP16 & HWY417 IC121A RAMP61 (__3ZA2YY),__3ZA2YY,01 - Non intersection,02 - Non-fatal injury,03 - Rear end,01 - Clear,01 - Daylight,01 - Dry,10 - No control,,2,0,0,0,01 - Minimal,1,1,,,,367359.9609,5029801.939,45.40535895,-75.70082866,11438
18--6941,6/29/2018,2:10 PM,BASELINE RD @ LOBLAWS SC (0009097),9097,02 - Intersection related,02 - Non-fatal injury,02 - Angle,01 - Clear,01 - Daylight,01 - Dry,01 - Traffic signal,01 - Functioning,2,1,0,0,01 - Minimal,1,1,,,,364742.7976,5025129.387,45.36354521,-75.73482593,11439
18--6942,6/29/2018,2:30 PM,OGILVIE RD btwn BEAULIEU PL & AVIATION PKWY (__3ZA2DK),__3ZA2DK,01 - Non intersection,02 - Non-fatal injury,03 - Rear end,01 - Clear,01 - Daylight,01 - Dry,10 - No control,,2,0,0,0,01 - Minimal,1,1,,,,373041.329,5032335.745,45.42762611,-75.62790932,11440
18--6943,6/29/2018,2:30 PM,BRONSON AVE btwn CARLING AVE & FIRST AVE (__3ZA3OQ),__3ZA3OQ,01 - Non intersection,03 - P.D. only,04 - Sideswipe,01 - Clear,01 - Daylight,01 - Dry,10 - No control,,2,0,0,0,,0,,,,,367487.5645,5029242.141,45.40031063,-75.69926991,11441
18--6944,6/29/2018,2:31 PM,STONEHAVEN DR @ STONEHILL CRT (0003662),3662,02 - Intersection related,02 - Non-fatal injury,03 - Rear end,01 - Clear,01 - Daylight,01 - Dry,02 - Stop sign,00 - Unknown,2,0,0,0,01 - Minimal,1,1,,,,354681.0751,5016827.479,45.28963157,-75.86409216,11442
18--6945,6/29/2018,2:35 PM,HIGHWAY 417 btwn HWY417 IC127 RAMP63 & HWY417 IC127 RAMP67 (__3ZA2RF),__3ZA2RF,01 - Non intersection,03 - P.D. only,03 - Rear end,01 - Clear,01 - Daylight,01 - Dry,10 - No control,,2,0,0,0,,0,,,,,362204.5655,5024914.747,45.36182635,-75.76724885,11443
18--6946,6/29/2018,2:55 PM,ISLAND PARK DR btwn RICHMOND RD & BASSETT LANE (__3ZA235),__3ZA235,04 - At/near private drive,02 - Non-fatal injury,05 - Turning movement,01 - Clear,01 - Daylight,01 - Dry,10 - No control,,2,1,0,0,02 - Minor,1,,1,,,364147.2748,5028843.187,45.39701205,-75.74198073,11444
18--6947,6/29/2018,3:00 PM,ST. JOSEPH BLVD @ JEANNE D'ARC BLVD (0012421),12421,03 - At intersection,03 - P.D. only,02 - Angle,01 - Clear,01 - Daylight,01 - Dry,11 - Roundabout,01 - Functioning,2,0,0,0,,0,,,,,379860.7141,5036471.595,45.46413885,-75.54014174,11445
18--6948,6/29/2018,3:22 PM,BOOTH ST @ 148 N OF MIDDLE ST/E.B.EDDY S (0012189),12189,02 - Intersection related,03 - P.D. only,04 - Sideswipe,01 - Clear,01 - Daylight,01 - Dry,01 - Traffic signal,01 - Functioning,2,0,0,0,,0,,,,,366035.5926,5031416.536,45.42000377,-75.71754458,11446
18--6949,6/29/2018,3:38 PM,HIGHWAY 417 btwn HWY417 IC124 RAMP55 & HWY417 IC124 RAMP65 (__3ZAZPV),__3ZAZPV,01 - Non intersection,02 - Non-fatal injury,03 - Rear end,01 - Clear,01 - Daylight,01 - Dry,10 - No control,,2,0,0,0,01 - Minimal,1,1,,,,364554.8428,5027674.198,45.38645905,-75.73691706,11447
18--695,1/12/2018,5:17 PM,FALLOWFIELD RD @ GREENBANK RD (0000549),549,03 - At intersection,03 - P.D. only,05 - Turning movement,04 - Freezing Rain,05 - Dusk,06 - Ice,01 - Traffic signal,01 - Functioning,2,0,0,0,,0,,,,,363080.3273,5016733.152,45.28813649,-75.75703394,11448
18--6950,6/29/2018,3:48 PM,CARLING AVE @ CLYDE AVE/COLE AVE (0006984),6984,02 - Intersection related,03 - P.D. only,03 - Rear end,01 - Clear,01 - Daylight,01 - Dry,01 - Traffic signal,01 - Functioning,2,0,0,0,,0,,,,,363520.7237,5026850.542,45.37913537,-75.75021982,11449
18--6951,6/29/2018,4:45 PM,HIGHWAY 417 btwn HWY417 IC126 RAMP61 & HWY417 IC124 RAMP76 (__3ZA2Y2),__3ZA2Y2,01 - Non intersection,03 - P.D. only,03 - Rear end,01 - Clear,01 - Daylight,01 - Dry,10 - No control,,2,0,0,0,,0,,,,,363550.9799,5026372.118,45.37482805,-75.74989045,11450
18--6952,6/29/2018,4:56 PM,INDUSTRIAL AVE @ NEIGHBORHOOD WAY (0002706),2706,02 - Intersection related,02 - Non-fatal injury,03 - Rear end,01 - Clear,01 - Daylight,01 - Dry,02 - Stop sign,00 - Unknown,3,0,0,0,02 - Minor,2,,2,,,371092.8105,5030527.455,45.41154328,-75.65305096,11451
18--6953,6/29/2018,5:03 PM,OR174 IC109 RAMP54 btwn REGIONAL ROAD 174 & ST. JOSEPH BLVD (__3ZAY7O),__3ZAY7O,01 - Non intersection,02 - Non-fatal injury,07 - SMV other,01 - Clear,01 - Daylight,01 - Dry,10 - No control,,1,0,1,0,01 - Minimal,1,1,,,,376577.2478,5034959.855,45.45088229,-75.58234504,11452
18--6954,6/29/2018,5:15 PM,NORTHSIDE RD W @ RICHMOND RD (0010416),10416,02 - Intersection related,03 - P.D. only,07 - SMV other,01 - Clear,01 - Daylight,01 - Dry,10 - No control,,1,0,0,0,,0,,,,,358175.6597,5021108.484,45.32789577,-75.8190835,11453
18--6955,6/29/2018,5:28 AM,DIAMONDVIEW RD btwn OLD COACH RD & DONALD B. MUNRO DR (__3ZAC9K),__3ZAC9K,01 - Non intersection,03 - P.D. only,07 - SMV other,01 - Clear,03 - Dawn,01 - Dry,10 - No control,,1,0,0,0,,0,,,,,337915.5866,5022415.866,45.34090857,-76.07744576,11454
18--6956,6/29/2018,5:30 PM,FIRST LINE RD btwn ELIJAH CRT & CENTURY RD E (__3ZA2XW),__3ZA2XW,04 - At/near private drive,03 - P.D. only,05 - Turning movement,01 - Clear,01 - Daylight,01 - Dry,10 - No control,,2,0,0,0,,0,,,,,367618.7507,5007610.039,45.20565612,-75.70033561,11455
18--6957,6/29/2018,6:12 AM,EAGLESON RD btwn KATIMAVIK RD & KAKULU RD (__3ZA41U),__3ZA41U,01 - Non intersection,03 - P.D. only,07 - SMV other,01 - Clear,01 - Daylight,01 - Dry,10 - No control,,1,0,0,0,,0,,,,,353290.5726,5019379.925,45.31269637,-75.88156825,11456
18--6958,6/29/2018,7:07 PM,DRIVEWAY (THE) @ PRINCE OF WALES DR (0002128),2128,03 - At intersection,03 - P.D. only,04 - Sideswipe,01 - Clear,01 - Daylight,01 - Dry,11 - Roundabout,01 - Functioning,2,0,0,0,,0,,,,,366883.7115,5028137.546,45.39042559,-75.7071214,11457
18--6959,6/29/2018,7:15 AM,PRINCE OF WALES DR btwn TURN LANE & RIDEAU SHORE CRT (__3ZA2Y3),__3ZA2Y3,01 - Non intersection,03 - P.D. only,03 - Rear end,01 - Clear,01 - Daylight,01 - Dry,10 - No control,,2,0,0,0,,0,,,,,367169.803,5023821.331,45.35156386,-75.70401302,11458
18--696,1/12/2018,5:34 PM,HIGHWAY 417 btwn HWY417 IC145 RAMP55 & HWY417 IC144 RAMP51 (__3ZA2Q4),__3ZA2Q4,01 - Non intersection,03 - P.D. only,07 - SMV other,05 - Drifting Snow,05 - Dusk,03 - Loose snow,10 - No control,,1,0,0,0,,0,,,,,346844.9894,5015303.191,45.27642794,-75.96411468,11459
18--6960,6/29/2018,7:19 AM,ALTA VISTA DR @ BANK ST (0011318),11318,03 - At intersection,03 - P.D. only,02 - Angle,01 - Clear,01 - Daylight,01 - Dry,01 - Traffic signal,01 - Functioning,2,0,0,0,,0,,,,,370248.0539,5026200.833,45.37269337,-75.66441619,11460
18--6961,6/29/2018,7:26 AM,GLADSTONE AVE @ PRESTON ST (0002212),2212,03 - At intersection,02 - Non-fatal injury,05 - Turning movement,01 - Clear,01 - Daylight,01 - Dry,01 - Traffic signal,01 - Functioning,2,0,0,0,01 - Minimal,1,1,,,,366489.6687,5029712.573,45.4046321,-75.71195631,11461
18--6962,6/29/2018,8:08 AM,OLD CARP RD @ SECOND LINE RD (0012543),12543,03 - At intersection,03 - P.D. only,07 - SMV other,01 - Clear,01 - Daylight,01 - Dry,02 - Stop sign,01 - Functioning,1,0,0,0,,0,,,,,347766.5992,5023537.502,45.35046718,-75.95165472,11462
18--6963,6/29/2018,8:08 AM,FINDLAY AVE @ TORRINGTON PL (0007562),7562,03 - At intersection,03 - P.D. only,02 - Angle,01 - Clear,01 - Daylight,01 - Dry,02 - Stop sign,01 - Functioning,2,0,0,0,,0,,,,,367933.6723,5028789.512,45.39619792,-75.69363012,11463
18--6964,6/29/2018,8:21 AM,CARP RD btwn LLOYDALEX CRES & ROTHBOURNE RD (__3ZBOBC),__3ZBOBC,04 - At/near private drive,03 - P.D. only,03 - Rear end,01 - Clear,01 - Daylight,01 - Dry,10 - No control,,3,0,0,0,,0,,,,,347923.1433,5015238.315,45.27577886,-75.95037931,11464
18--6965,6/29/2018,9:14 PM,FRANK BENDER ST @ JEANNE D'ARC BLVD (0003635),3635,02 - Intersection related,02 - Non-fatal injury,03 - Rear end,01 - Clear,07 - Dark,01 - Dry,01 - Traffic signal,01 - Functioning,3,0,0,0,02 - Minor,1,,1,,,381870.8167,5035883.555,45.45862928,-75.514533,11465