Anom_ID,Accident_Date,Accident_Time,Location,Geo_ID,Accident_Location,Classification_of_Accident,Initial_Impact_Type,Environment_Condition,Light,Road_Surface_Condition,Traffic_Control,Traffic_Control_Condition,No__of_Vehicles,No__of_Bicycles,No__of_Motorcycles,No__of_Pedestrians,Max_Injury,No__of_Injuries,No__of_Minimal,No__of_Minor,No__of_Major,No__of_Fatal,X,Y,Latitude,Longitude,ObjectId
18--6966,6/29/2018,9:25 PM,SUTCLIFFE TER btwn TAMARACK PL & ORISKA WAY (__3ZA1B4),__3ZA1B4,04 - At/near private drive,03 - P.D. only,06 - SMV unattended vehicle,01 - Clear,07 - Dark,01 - Dry,10 - No control,,1,0,0,0,,0,,,,,364392.8527,5017223.608,45.29243953,-75.74024422,11466
18--6967,6/29/2018,9:36 PM,EAGLESON RD @ KAKULU RD (0003188),3188,02 - Intersection related,02 - Non-fatal injury,07 - SMV other,01 - Clear,07 - Dark,01 - Dry,01 - Traffic signal,01 - Functioning,1,0,0,0,02 - Minor,1,,1,,,353381.618,5019151.469,45.31063439,-75.88042956,11467
18--6968,6/29/2018,9:49 AM,OLD SECOND LINE RD @ TERRY FOX DR (0013616),13616,02 - Intersection related,03 - P.D. only,03 - Rear end,01 - Clear,01 - Daylight,01 - Dry,01 - Traffic signal,01 - Functioning,4,0,0,0,,0,,,,,348795.2,5022408.413,45.34024358,-75.93862864,11468
18--6969,6/30/2018,1:00 AM,EARL ARMSTRONG RD @ SPRATT RD (0013063),13063,03 - At intersection,02 - Non-fatal injury,05 - Turning movement,01 - Clear,07 - Dark,01 - Dry,01 - Traffic signal,01 - Functioning,2,0,0,0,02 - Minor,6,,6,,,368396.5868,5015011.437,45.27218376,-75.68948864,11469
18--697,1/12/2018,5:45 PM,EAGLESON RD @ EMERALD MEADOWS DR (0010422),10422,03 - At intersection,03 - P.D. only,02 - Angle,03 - Snow,07 - Dark,06 - Ice,02 - Stop sign,01 - Functioning,2,0,0,0,,0,,,,,354998.9747,5015090.326,45.27397766,-75.86021539,11470
18--6970,6/30/2018,1:30 PM,RIDEAU ST btwn AUGUSTA ST & COBOURG ST (__3ZA3W7),__3ZA3W7,01 - Non intersection,03 - P.D. only,06 - SMV unattended vehicle,01 - Clear,01 - Daylight,01 - Dry,10 - No control,,1,0,0,0,,0,,,,,369021.7064,5032722.633,45.43148781,-75.6792222,11471
18--6971,6/30/2018,10:02 AM,SOMERSET ST    W btwn BREEZEHILL AVE N & PRESTON ST (__3ZA32I),__3ZA32I,01 - Non intersection,02 - Non-fatal injury,05 - Turning movement,01 - Clear,01 - Daylight,01 - Dry,10 - No control,,2,0,0,0,01 - Minimal,2,2,,,,365924.5289,5029959.666,45.40690495,-75.71914428,11472
18--6972,6/30/2018,10:20 PM,PRINCE OF WALES DR @ FALLOWFIELD RD (0000566),566,02 - Intersection related,02 - Non-fatal injury,03 - Rear end,01 - Clear,07 - Dark,01 - Dry,01 - Traffic signal,01 - Functioning,2,0,0,0,02 - Minor,1,,1,,,367399.6431,5019166.437,45.30965945,-75.70166866,11473
18--6973,6/30/2018,11:00 AM,SPRINGFIELD RD btwn RIDEAU TER & PUTMAN AVE (__3ZA8AF),__3ZA8AF,04 - At/near private drive,03 - P.D. only,02 - Angle,01 - Clear,01 - Daylight,01 - Dry,10 - No control,,2,0,0,0,,0,,,,,369173.3212,5033985.826,45.44283958,-75.67711952,11474
18--6974,6/30/2018,11:47 PM,HUNTMAR DR btwn OLD CARP RD & BRADLEY SIDE RD (__3ZACWD),__3ZACWD,01 - Non intersection,03 - P.D. only,07 - SMV other,01 - Clear,07 - Dark,01 - Dry,10 - No control,,1,0,0,0,,0,,,,,345340.3807,5022228.53,45.33883309,-75.98272441,11475
18--6975,6/30/2018,Unknown,KENT ST btwn JAMES ST & FLORENCE ST (__3ZA3QI),__3ZA3QI,01 - Non intersection,03 - P.D. only,06 - SMV unattended vehicle,01 - Clear,00 - Unknown,01 - Dry,10 - No control,,1,0,0,0,,0,,,,,367671.8925,5030579.178,45.41232436,-75.69674516,11476
18--6976,6/30/2018,12:04 PM,BETHAMY LANE btwn ELMRIDGE DR & MONTREAL RD (__3ZA7XJ),__3ZA7XJ,04 - At/near private drive,03 - P.D. only,02 - Angle,01 - Clear,01 - Daylight,01 - Dry,10 - No control,,2,0,0,0,,0,,,,,375413.3665,5034181.481,45.44399752,-75.59733482,11477
18--6977,6/30/2018,12:30 PM,BURNT OAK DR btwn EDGEWARE DR & RAYNER'S LANE (__31ATHG),__31ATHG,01 - Non intersection,03 - P.D. only,06 - SMV unattended vehicle,01 - Clear,01 - Daylight,01 - Dry,10 - No control,,1,0,0,0,,0,,,,,363981.3713,5015555.219,45.27746215,-75.74568877,11478
18--6978,6/30/2018,12:36 PM,RIDEAU VALLEY DR    S btwn FENNELL LANE & DILWORTH RD (__3ZBOF6),__3ZBOF6,04 - At/near private drive,02 - Non-fatal injury,07 - SMV other,01 - Clear,01 - Daylight,08 - Loose sand or gravel,10 - No control,,1,0,1,0,02 - Minor,1,,1,,,373843.8851,4996740.389,45.10726958,-75.62260268,11479
18--6979,6/30/2018,12:39 PM,BRONSON AVE @ FOURTH AVE (0007224),7224,03 - At intersection,03 - P.D. only,02 - Angle,01 - Clear,01 - Daylight,01 - Dry,02 - Stop sign,01 - Functioning,2,0,0,0,,0,,,,,367583.6725,5029009.495,45.39820874,-75.69807202,11480
18--698,1/12/2018,5:48 PM,BEATRICE DR btwn MOUNTSHANNON DR & KILBARRON RD (__3ZA1BJ),__3ZA1BJ,01 - Non intersection,03 - P.D. only,07 - SMV other,03 - Snow,07 - Dark,03 - Loose snow,10 - No control,,1,0,0,0,,0,,,,,364891.9212,5016790.302,45.28849816,-75.7339346,11481
18--6980,6/30/2018,2:27 PM,HIGHWAY 417 btwn HWY417 IC124 RAMP55 & HWY417 IC124 RAMP65 (__3ZAZPV),__3ZAZPV,01 - Non intersection,02 - Non-fatal injury,04 - Sideswipe,01 - Clear,01 - Daylight,01 - Dry,10 - No control,,3,0,0,0,01 - Minimal,1,1,,,,364494.5706,5027592.992,45.38573351,-75.7376965,11482
18--6981,6/30/2018,2:35 PM,METCALFE ST @ QUEEN ST (0003140),3140,02 - Intersection related,03 - P.D. only,02 - Angle,01 - Clear,01 - Daylight,01 - Dry,01 - Traffic signal,01 - Functioning,2,0,0,0,,0,,,,,367648.5839,5031680.588,45.42223659,-75.69690245,11483
18--6982,6/30/2018,2:35 PM,HIGHWAY 417 btwn HWY417 IC129 RAMP25 & TRANSIT (__3ZA2SH),__3ZA2SH,01 - Non intersection,03 - P.D. only,03 - Rear end,01 - Clear,01 - Daylight,01 - Dry,10 - No control,,2,0,0,0,,0,,,,,361633.012,5024440.536,45.357606,-75.77459849,11484
18--6983,6/30/2018,3:03 PM,CONROY RD @ HUNT CLUB RD (0002257),2257,03 - At intersection,03 - P.D. only,05 - Turning movement,01 - Clear,01 - Daylight,01 - Dry,01 - Traffic signal,01 - Functioning,2,0,0,0,,0,,,,,373763.8119,5025404.466,45.36519083,-75.61964642,11485
18--6984,6/30/2018,3:15 PM,AIRPORT PKWY btwn RAMP & RAMP (7) (__3ZAZP8),__3ZAZP8,01 - Non intersection,03 - P.D. only,07 - SMV other,01 - Clear,01 - Daylight,01 - Dry,10 - No control,,1,0,0,0,,0,,,,,370760.2973,5024127.129,45.35398682,-75.65815382,11486
18--6985,6/30/2018,3:19 PM,CYRVILLE RD @ INNES RD (0009352),9352,02 - Intersection related,03 - P.D. only,04 - Sideswipe,01 - Clear,01 - Daylight,01 - Dry,01 - Traffic signal,01 - Functioning,2,0,0,0,,0,,,,,375047.769,5031119.653,45.41648574,-75.60244453,11487
18--6986,6/30/2018,4:44 PM,KING EDWARD AVE @ MURRAY ST (0002713),2713,02 - Intersection related,03 - P.D. only,04 - Sideswipe,01 - Clear,01 - Daylight,01 - Dry,01 - Traffic signal,01 - Functioning,2,0,0,0,,0,,,,,368291.6396,5032753.544,45.4318326,-75.6885478,11488
18--6987,6/30/2018,5:21 PM,HUNT CLUB RD @ RIVERSIDE DR (0002237),2237,02 - Intersection related,03 - P.D. only,03 - Rear end,01 - Clear,01 - Daylight,01 - Dry,01 - Traffic signal,01 - Functioning,2,0,0,0,,0,,,,,368036.7319,5021945.417,45.33460714,-75.69318984,11489
18--6988,6/30/2018,5:31 PM,GREENBANK RD @ WEST HUNT CLUB RD (0005167),5167,02 - Intersection related,03 - P.D. only,03 - Rear end,01 - Clear,01 - Daylight,01 - Dry,01 - Traffic signal,01 - Functioning,2,0,0,0,,0,,,,,361479.5526,5020502.643,45.32218538,-75.77700816,11490
18--6989,6/30/2018,6:00 PM,LEES AVE @ KING EDWARD AVE/MANN AVE (0011413),11413,02 - Intersection related,03 - P.D. only,03 - Rear end,01 - Clear,01 - Daylight,01 - Dry,01 - Traffic signal,01 - Functioning,2,0,0,0,,0,,,,,369178.8958,5031334.844,45.41898655,-75.67739486,11491
18--699,1/12/2018,6:26 AM,REGIONAL ROAD 174 btwn FAUBERT ST & EAST ST (__3ZA27X),__3ZA27X,01 - Non intersection,03 - P.D. only,03 - Rear end,"07 - Fog, mist, smoke, dust",07 - Dark,02 - Wet,10 - No control,,2,0,0,0,,0,,,,,390355.9248,5042694.312,45.51891689,-75.40487007,11492
18--6990,6/30/2018,6:48 PM,LORRY GREENBERG DR btwn ZAIDAN DR & SIREN PRIV (__3ZBN0Z),__3ZBN0Z,01 - Non intersection,03 - P.D. only,06 - SMV unattended vehicle,01 - Clear,01 - Daylight,01 - Dry,10 - No control,,1,0,0,0,,0,,,,,372775.1664,5025384.41,45.36510694,-75.63226821,11493
18--6991,6/30/2018,8:36 PM,RIDGE RD btwn RAMSAYVILLE RD & ANDERSON RD (__3ZA6F0),__3ZA6F0,01 - Non intersection,03 - P.D. only,01 - Approaching,"07 - Fog, mist, smoke, dust",05 - Dusk,01 - Dry,10 - No control,,2,0,0,0,,0,,,,,377679.4392,5028827.849,45.39559632,-75.56916283,11494
18--6992,6/30/2018,9:16 AM,CONROY RD @ HUNT CLUB RD (0002257),2257,02 - Intersection related,02 - Non-fatal injury,03 - Rear end,01 - Clear,01 - Daylight,01 - Dry,01 - Traffic signal,01 - Functioning,2,0,0,0,01 - Minimal,2,2,,,,373763.6376,5025404.508,45.36519122,-75.61964864,11495
18--6993,6/30/2018,9:18 PM,WOODROFFE AVE btwn 260 N OF FALLOWFIELD RD/TRANSITWAY & FALLOWFIELD RD (__3ZA3IOB),__3ZA3IOB,01 - Non intersection,03 - P.D. only,07 - SMV other,01 - Clear,07 - Dark,01 - Dry,10 - No control,,1,0,0,0,,0,,,,,365012.0844,5018090.316,45.30018534,-75.73224504,11496
18--6994,7/1/2018,1:29 PM,PARKDALE AVE @ KENILWORTH ST (0006366),6366,03 - At intersection,03 - P.D. only,02 - Angle,01 - Clear,01 - Daylight,01 - Dry,02 - Stop sign,01 - Functioning,2,0,0,0,,0,,,,,365445.5914,5028595.489,45.39467207,-75.72542981,11497
18--6995,7/1/2018,1:30 AM,FARMSTEAD RDG btwn Continuation of FARMSTEAD RDG & Continuation of FAR (__3ZA57G),__3ZA57G,01 - Non intersection,02 - Non-fatal injury,06 - SMV unattended vehicle,01 - Clear,07 - Dark,01 - Dry,10 - No control,,1,0,0,0,01 - Minimal,1,1,,,,366013.6043,4998063.67,45.11989782,-75.72193691,11498
18--6996,7/1/2018,1:51 PM,INDUSTRIAL AVE/INNES RD @ ST. LAURENT BLVD (0002203),2203,02 - Intersection related,03 - P.D. only,03 - Rear end,01 - Clear,01 - Daylight,01 - Dry,01 - Traffic signal,01 - Functioning,2,0,0,0,,0,,,,,373099.4735,5030005.696,45.40665577,-75.6274893,11499
18--6997,7/1/2018,1:51 PM,ST. JOSEPH BLVD @ JEANNE D'ARC BLVD (0012421),12421,03 - At intersection,03 - P.D. only,04 - Sideswipe,01 - Clear,01 - Daylight,01 - Dry,11 - Roundabout,01 - Functioning,2,0,0,0,,0,,,,,379860.6673,5036471.556,45.4641385,-75.54014235,11500
18--6998,7/1/2018,10:08 AM,BRITTANY DR @ MONTREAL RD (0007685),7685,03 - At intersection,03 - P.D. only,02 - Angle,01 - Clear,01 - Daylight,01 - Dry,01 - Traffic signal,01 - Functioning,2,0,0,0,,0,,,,,371912.7583,5033994.6,45.4426609,-75.64210412,11501
18--6999,7/1/2018,10:19 PM,REGIONAL ROAD 174 btwn OR174 IC109 RAMP64 & OR174 IC105 RAMP16 (__3ZA2XD),__3ZA2XD,01 - Non intersection,03 - P.D. only,03 - Rear end,01 - Clear,07 - Dark,01 - Dry,10 - No control,,2,0,0,0,,0,,,,,376860.2522,5035575.144,45.45638914,-75.57863721,11502
18--70,1/2/2018,11:55 AM,HIGHWAY 417 btwn HWY417 IC122 RAMP16 & HWY417 IC122 RAMP61 (__3ZA2RA),__3ZA2RA,01 - Non intersection,03 - P.D. only,03 - Rear end,03 - Snow,01 - Daylight,04 - Slush,10 - No control,,3,0,0,0,,0,,,,,365328.6828,5028893.127,45.39736026,-75.72688632,11503
18--7093,7/4/2018,3:26 PM,RICHMOND RD btwn BERKLEY AVE & ROOSEVELT AVE (__3ZA307),__3ZA307,01 - Non intersection,02 - Non-fatal injury,03 - Rear end,01 - Clear,01 - Daylight,01 - Dry,10 - No control,,2,0,0,0,01 - Minimal,1,1,,,,362918.7495,5028071.37,45.39017041,-75.75776178,11504
18--7270,7/9/2018,4:35 PM,HIGHWAY 417 btwn HWY417 IC118 RAMP35 & HWY417 IC117 RAMP51 (__3ZA2YP),__3ZA2YP,01 - Non intersection,03 - P.D. only,03 - Rear end,01 - Clear,01 - Daylight,01 - Dry,10 - No control,,2,0,0,0,,0,,,,,370248.9268,5031107.181,45.41683885,-75.66375417,11505
18--7360,7/11/2018,8:51 AM,WEST HUNT CLUB RD EB btwn 354 E OF WOODROFFE AVE/REC PATH & CLEOPATRA  (__3ZBOG1B),__3ZBOG1B,01 - Non intersection,03 - P.D. only,03 - Rear end,01 - Clear,01 - Daylight,01 - Dry,10 - No control,,2,0,0,0,,0,,,,,364583.7577,5021629.323,45.33206565,-75.73727899,11506
18--7271,7/9/2018,4:40 PM,PRINCE OF WALES DR @ STRANDHERD DR (0013339),13339,02 - Intersection related,03 - P.D. only,03 - Rear end,01 - Clear,01 - Daylight,01 - Dry,01 - Traffic signal,01 - Functioning,2,0,0,0,,0,,,,,367175.2894,5014824.191,45.27060832,-75.70507555,11507
18--7361,7/11/2018,9:30 AM,PARKDALE AVE @ KENILWORTH ST (0006366),6366,03 - At intersection,03 - P.D. only,02 - Angle,01 - Clear,01 - Daylight,01 - Dry,02 - Stop sign,01 - Functioning,2,0,0,0,,0,,,,,365445.8052,5028595.59,45.39467296,-75.72542706,11508
18--7272,7/9/2018,4:58 PM,SECOND AVE @ BRONSON AVE (0007717),7717,02 - Intersection related,03 - P.D. only,03 - Rear end,01 - Clear,01 - Daylight,01 - Dry,02 - Stop sign,00 - Unknown,3,0,0,0,,0,,,,,367519.6441,5029162.681,45.3995928,-75.69887029,11509
18--7362,7/11/2018,9:31 PM,BASELINE RD @ CLYDE AVE (0002343),2343,02 - Intersection related,03 - P.D. only,03 - Rear end,01 - Clear,07 - Dark,01 - Dry,01 - Traffic signal,01 - Functioning,2,0,0,0,,0,,,,,364358.402,5024890.586,45.36142928,-75.73976111,11510
18--7273,7/9/2018,5:03 PM,CARP RD @ WESTBROOK RD (0001681),1681,02 - Intersection related,03 - P.D. only,03 - Rear end,01 - Clear,01 - Daylight,01 - Dry,01 - Traffic signal,00 - Unknown,2,0,0,0,,0,,,,,347737.7201,5015442.449,45.27762709,-75.95272484,11511
18--7363,7/11/2018,9:41 PM,ST. JOSEPH BLVD @ JEANNE D'ARC BLVD (0012421),12421,03 - At intersection,03 - P.D. only,04 - Sideswipe,01 - Clear,07 - Dark,01 - Dry,11 - Roundabout,00 - Unknown,2,0,0,0,,0,,,,,379860.7552,5036471.55,45.46413844,-75.54014122,11512
18--7274,7/9/2018,5:10 PM,CHAPEL ST @ OSGOODE ST (0008564),8564,03 - At intersection,03 - P.D. only,02 - Angle,01 - Clear,01 - Daylight,01 - Dry,02 - Stop sign,01 - Functioning,2,1,0,0,,0,,,,,369227.5459,5032082.569,45.42570983,-75.67667551,11513
18--7364,7/12/2018,1:05 PM,OGILVIE RD @ BATHGATE DR/CITYPARK DR W (0012430),12430,02 - Intersection related,03 - P.D. only,07 - SMV other,01 - Clear,01 - Daylight,01 - Dry,01 - Traffic signal,01 - Functioning,1,0,0,0,,0,,,,,373828.7226,5032800.576,45.43173115,-75.61778286,11514
18--7365,7/12/2018,1:21 PM,GARLAND ST btwn ARMSTRONG ST & WELLINGTON ST W (__3ZBOM6),__3ZBOM6,01 - Non intersection,03 - P.D. only,06 - SMV unattended vehicle,01 - Clear,01 - Daylight,01 - Dry,10 - No control,,1,0,0,0,,0,,,,,365617.902,5029855.451,45.40599396,-75.72307388,11515
18--7275,7/9/2018,5:12 PM,MCARTHUR AVE @ IRWIN MILLER ST (0009812),9812,02 - Intersection related,03 - P.D. only,03 - Rear end,01 - Clear,01 - Daylight,01 - Dry,01 - Traffic signal,01 - Functioning,2,0,0,0,,0,,,,,371078.6222,5032784.643,45.43185384,-75.65292854,11516
18--7366,7/12/2018,10:08 AM,BORRISOKANE RD/TARTAN DR @ STRANDHERD DR (0010634),10634,02 - Intersection related,03 - P.D. only,04 - Sideswipe,01 - Clear,01 - Daylight,01 - Dry,01 - Traffic signal,01 - Functioning,2,0,0,0,,0,,,,,362291.2665,5013545.364,45.25951758,-75.76746131,11517
18--7276,7/9/2018,5:48 PM,GREENBANK RD btwn WEST HUNT CLUB RD & FALLOWFIELD RD (__3ZA1NE),__3ZA1NE,01 - Non intersection,02 - Non-fatal injury,03 - Rear end,01 - Clear,01 - Daylight,01 - Dry,10 - No control,,2,0,0,0,01 - Minimal,3,3,,,,362960.0034,5017015.784,45.29068958,-75.75853459,11518
18--7367,7/12/2018,10:14 PM,BRONSON AVE @ IMPERIAL AVE/PLYMOUTH ST (0010859),10859,03 - At intersection,03 - P.D. only,05 - Turning movement,01 - Clear,07 - Dark,01 - Dry,10 - No control,,2,0,0,0,,0,,,,,367318.5571,5029643.59,45.40393787,-75.7013776,11519
18--7277,7/9/2018,6:21 PM,WOODROFFE AVE @ QUEENSBURY DR/RIDEAUCREST DR (0000043),43,02 - Intersection related,03 - P.D. only,03 - Rear end,01 - Clear,01 - Daylight,01 - Dry,01 - Traffic signal,01 - Functioning,2,0,0,0,,0,,,,,365727.7123,5016328.529,45.2842712,-75.72333743,11520
18--7368,7/12/2018,10:16 PM,ALTA VISTA DR @ SMYTH RD (0011353),11353,03 - At intersection,03 - P.D. only,05 - Turning movement,01 - Clear,07 - Dark,01 - Dry,01 - Traffic signal,01 - Functioning,2,0,0,0,,0,,,,,370432.7027,5029081.577,45.39859603,-75.66167596,11521
18--7369,7/12/2018,10:20 PM,HIGHWAY 417 btwn HWY417 IC155 RAMP25 & RAMP (__3ZAZN1),__3ZAZN1,01 - Non intersection,03 - P.D. only,07 - SMV other,01 - Clear,07 - Dark,01 - Dry,10 - No control,,1,0,0,0,,0,,,,,341427.6702,5018284.922,45.30356204,-76.03293861,11522
18--737,1/13/2018,11:59 AM,COLONNADE RD @ MERIVALE RD (0004569),4569,03 - At intersection,03 - P.D. only,02 - Angle,01 - Clear,01 - Daylight,02 - Wet,01 - Traffic signal,01 - Functioning,2,0,0,0,,0,,,,,365363.3466,5022544.496,45.34023341,-75.7272219,11523
18--7370,7/12/2018,10:30 AM,HIGHWAY 417 btwn HWY417 IC127 RAMP35 & HWY417 IC127 RAMP25 (__3ZA2RE),__3ZA2RE,01 - Non intersection,03 - P.D. only,04 - Sideswipe,01 - Clear,01 - Daylight,01 - Dry,10 - No control,,2,0,0,0,,0,,,,,362314.2837,5024974.731,45.36235709,-75.76584147,11524
18--7371,7/12/2018,10:51 AM,AMIENS ST @ TENTH LINE RD (0004168),4168,02 - Intersection related,03 - P.D. only,03 - Rear end,01 - Clear,01 - Daylight,01 - Dry,01 - Traffic signal,01 - Functioning,2,0,0,0,,0,,,,,383352.7044,5037568.217,45.47362132,-75.49531848,11525
18--7372,7/12/2018,10:54 PM,BRONSON AVE @ FIFTH AVE/MADAWASKA DR (0006977),6977,02 - Intersection related,03 - P.D. only,03 - Rear end,01 - Clear,07 - Dark,01 - Dry,01 - Traffic signal,01 - Functioning,2,0,0,0,,0,,,,,367613.799,5028938.566,45.39756784,-75.69769629,11526
18--7373,7/12/2018,11:34 AM,CONROY RD @ HUNT CLUB RD (0002257),2257,02 - Intersection related,03 - P.D. only,03 - Rear end,01 - Clear,01 - Daylight,01 - Dry,01 - Traffic signal,01 - Functioning,2,0,0,0,,0,,,,,373763.6489,5025404.656,45.36519255,-75.61964847,11527
18--7374,7/12/2018,11:57 AM,ELGIN ST @ WELLINGTON ST W (0002113),2113,02 - Intersection related,03 - P.D. only,04 - Sideswipe,01 - Clear,01 - Daylight,01 - Dry,01 - Traffic signal,01 - Functioning,2,0,0,0,,0,,,,,367664.7393,5031877.591,45.4240077,-75.69667089,11528
18--7375,7/12/2018,12:40 PM,COLONNADE RD btwn MERIVALE RD & COLONNADE RD N (__3ZA000),__3ZA000,01 - Non intersection,03 - P.D. only,02 - Angle,01 - Clear,01 - Daylight,01 - Dry,10 - No control,,2,0,0,0,,0,,,,,365752.2301,5022735.19,45.34191557,-75.72223678,11529
18--7376,7/12/2018,12:50 PM,OLD SECOND LINE RD @ TERRY FOX DR (0013616),13616,02 - Intersection related,03 - P.D. only,03 - Rear end,01 - Clear,01 - Daylight,01 - Dry,01 - Traffic signal,00 - Unknown,2,0,0,0,,0,,,,,348795.2,5022408.413,45.34024358,-75.93862864,11530
18--7377,7/12/2018,12:51 PM,BANK ST btwn GLADSTONE AVE & MCLEOD ST (__3ZA3PF),__3ZA3PF,04 - At/near private drive,03 - P.D. only,02 - Angle,01 - Clear,01 - Daylight,01 - Dry,10 - No control,,2,0,0,0,,0,,,,,367917.2396,5030561.303,45.41214144,-75.69361319,11531
18--7378,7/12/2018,12:58 PM,BRIDLEWOOD DR @ STONEHAVEN DR (0003692),3692,02 - Intersection related,03 - P.D. only,03 - Rear end,01 - Clear,01 - Daylight,01 - Dry,02 - Stop sign,01 - Functioning,2,0,0,0,,0,,,,,354795.9747,5016897.277,45.29025147,-75.86262042,11532
18--7379,7/12/2018,2:11 PM,HIGHWAY 417 btwn HWY417 IC155 RAMP61 & HWY417 IC145 RAMP56 (__3ZA2Q2),__3ZA2Q2,01 - Non intersection,03 - P.D. only,05 - Turning movement,01 - Clear,01 - Daylight,01 - Dry,10 - No control,,2,0,0,0,,0,,,,,342654.602,5017247.168,45.29415883,-76.01737304,11533
18--738,1/13/2018,Unknown,MOWAT ST btwn BLAIR RD & FLORETTE ST (__3ZA7WB),__3ZA7WB,01 - Non intersection,03 - P.D. only,06 - SMV unattended vehicle,03 - Snow,00 - Unknown,03 - Loose snow,10 - No control,,1,0,0,0,,0,,,,,374240.0276,5034001.709,45.44249757,-75.6123574,11534
18--7380,7/12/2018,2:30 PM,HIGHWAY 417 btwn HWY417 IC155 RAMP25 & RAMP (__3ZAZN1),__3ZAZN1,01 - Non intersection,03 - P.D. only,07 - SMV other,01 - Clear,01 - Daylight,01 - Dry,10 - No control,,1,0,0,0,,0,,,,,340222.7482,5019133.044,45.31125563,-76.04824218,11535
18--7381,7/12/2018,2:45 PM,AVONCOURT WAY @ WALKLEY RD (0006645),6645,02 - Intersection related,03 - P.D. only,04 - Sideswipe,01 - Clear,01 - Daylight,01 - Dry,01 - Traffic signal,00 - Unknown,2,0,0,0,,0,,,,,369605.7633,5025515.523,45.36658685,-75.67270544,11536
18--7382,7/12/2018,3:12 PM,BROADVIEW AVE btwn PRINCETON AVE & AVONDALE AVE (__3ZA06R),__3ZA06R,01 - Non intersection,03 - P.D. only,99 - Other,01 - Clear,01 - Daylight,01 - Dry,10 - No control,,2,0,0,0,,0,,,,,362906.1456,5027310.05,45.38332121,-75.75801236,11537
18--7383,7/12/2018,3:36 PM,CARLING AVE @ ROSEVIEW AVE (0002644),2644,02 - Intersection related,03 - P.D. only,03 - Rear end,01 - Clear,01 - Daylight,01 - Dry,02 - Stop sign,01 - Functioning,2,0,0,0,,0,,,,,359358.6377,5024199.497,45.35561781,-75.8036524,11538
18--7384,7/12/2018,3:57 PM,MAIN ST btwn HAZEL ST & HERRIDGE ST (__3ZA3B7),__3ZA3B7,04 - At/near private drive,02 - Non-fatal injury,05 - Turning movement,01 - Clear,01 - Daylight,01 - Dry,10 - No control,,2,1,0,0,02 - Minor,1,,1,,,369169.9931,5030164.336,45.40845556,-75.67766148,11539
18--7385,7/12/2018,4:00 PM,CEDAROCK DR @ STONEHAVEN DR (0003166),3166,03 - At intersection,02 - Non-fatal injury,02 - Angle,01 - Clear,01 - Daylight,01 - Dry,02 - Stop sign,01 - Functioning,2,0,0,0,02 - Minor,1,,1,,,354726.9653,5016855.161,45.2898774,-75.86350438,11540
18--7386,7/12/2018,4:00 PM,MAPLE GROVE RD @ TERRY FOX DR (0003177),3177,03 - At intersection,03 - P.D. only,03 - Rear end,01 - Clear,01 - Daylight,01 - Dry,01 - Traffic signal,01 - Functioning,2,0,0,0,,0,,,,,351553.776,5017864.47,45.29917771,-75.90386047,11541
18--7387,7/12/2018,4:19 PM,KITCHENER AVE @ BANK ST (0011963),11963,03 - At intersection,02 - Non-fatal injury,07 - SMV other,01 - Clear,01 - Daylight,01 - Dry,01 - Traffic signal,01 - Functioning,1,0,0,1,02 - Minor,1,,1,,,370540.8759,5025499.972,45.36635984,-75.66077137,11542
18--7388,7/12/2018,4:28 PM,BELFAST RD @ COVENTRY RD (0002646),2646,02 - Intersection related,03 - P.D. only,03 - Rear end,01 - Clear,01 - Daylight,01 - Dry,01 - Traffic signal,01 - Functioning,3,0,0,0,,0,,,,,371523.7392,5031641.615,45.42152705,-75.64739522,11543
18--7389,7/12/2018,4:33 PM,BANK ST @ HERON RD (0002155),2155,02 - Intersection related,03 - P.D. only,03 - Rear end,01 - Clear,01 - Daylight,01 - Dry,01 - Traffic signal,01 - Functioning,2,0,0,0,,0,,,,,369995.6184,5026851.526,45.37857163,-75.66755283,11544
18--739,1/13/2018,Unknown,ROSEHILL AVE btwn JOHNWOODS ST & PALMETO CRT (e___1G0J),e___1G0J,01 - Non intersection,03 - P.D. only,06 - SMV unattended vehicle,01 - Clear,00 - Unknown,05 - Packed snow,10 - No control,,1,0,0,0,,0,,,,,349843.497,5015844.901,45.28111673,-75.92584985,11545
18--7390,7/12/2018,4:45 PM,MERIVALE RD @ BENTLEY AVE/CAMELOT DR (0009792),9792,02 - Intersection related,03 - P.D. only,03 - Rear end,01 - Clear,01 - Daylight,01 - Dry,01 - Traffic signal,01 - Functioning,2,0,0,0,,0,,,,,365771.9868,5021559.231,45.33133274,-75.72212959,11546
18--7391,7/12/2018,5:22 PM,HAZELDEAN RD @ JOHNWOODS ST/VICTOR ST (0004683),4683,02 - Intersection related,03 - P.D. only,03 - Rear end,01 - Clear,01 - Daylight,01 - Dry,01 - Traffic signal,01 - Functioning,2,0,0,0,,0,,,,,350186.6257,5015396.457,45.27705941,-75.92151736,11547
18--11528,10/31/2018,8:22 PM,PRINCE OF WALES DR @ MEADOWLANDS DR/HOG'S BACK (0001629),1629,02 - Intersection related,03 - P.D. only,04 - Sideswipe,02 - Rain,07 - Dark,02 - Wet,01 - Traffic signal,01 - Functioning,2,0,0,0,,0,,,,,367371.9185,5025693.477,45.36839102,-75.70119678,1010
18--7393,7/12/2018,5:51 PM,MERIVALE RD/LOTTA AVE @ CLYDE AVE (0001112),1112,02 - Intersection related,03 - P.D. only,03 - Rear end,01 - Clear,01 - Daylight,01 - Dry,01 - Traffic signal,01 - Functioning,4,0,0,0,,0,,,,,364521.6972,5024507.481,45.35796826,-75.73772319,11549