Anom_ID,Accident_Date,Accident_Time,Location,Geo_ID,Accident_Location,Classification_of_Accident,Initial_Impact_Type,Environment_Condition,Light,Road_Surface_Condition,Traffic_Control,Traffic_Control_Condition,No__of_Vehicles,No__of_Bicycles,No__of_Motorcycles,No__of_Pedestrians,Max_Injury,No__of_Injuries,No__of_Minimal,No__of_Minor,No__of_Major,No__of_Fatal,X,Y,Latitude,Longitude,ObjectId
18--7394,7/12/2018,5:55 PM,BASELINE RD @ FARLANE BLVD (0002725),2725,02 - Intersection related,03 - P.D. only,03 - Rear end,01 - Clear,01 - Daylight,01 - Dry,01 - Traffic signal,01 - Functioning,2,0,0,0,,0,,,,,365356.6273,5025517.524,45.36698484,-75.72694349,11550
18--7395,7/12/2018,5:59 PM,BANK ST btwn BANK ST & ALBION RD (__3ZA3HX),__3ZA3HX,04 - At/near private drive,02 - Non-fatal injury,03 - Rear end,01 - Clear,01 - Daylight,01 - Dry,10 - No control,,2,0,0,0,02 - Minor,1,,1,,,371935.2496,5024128.671,45.35388919,-75.64315945,11551
18--7396,7/12/2018,6:00 PM,EVEREST PRIV @ RUSSELL RD (0014424),14424,03 - At intersection,03 - P.D. only,02 - Angle,01 - Clear,01 - Daylight,01 - Dry,02 - Stop sign,01 - Functioning,2,1,0,0,,0,,,,,372691.4938,5029716.211,45.4040908,-75.63274041,11552
18--7397,7/12/2018,6:32 AM,CARLING AVE @ MAITLAND AVE/SHERBOURNE RD (0002641),2641,03 - At intersection,02 - Non-fatal injury,02 - Angle,01 - Clear,01 - Daylight,01 - Dry,01 - Traffic signal,01 - Functioning,2,0,0,0,03 - Major,2,,1,1,,362942.6112,5026488.628,45.37592713,-75.75764348,11553
18--7398,7/12/2018,7:30 PM,CHAPMAN MILLS DR/TRANSITWAY SOUTHWEST @ WOODROFFE AVE (0013563),13563,03 - At intersection,03 - P.D. only,04 - Sideswipe,01 - Clear,01 - Daylight,01 - Dry,01 - Traffic signal,01 - Functioning,2,0,0,0,,0,,,,,366177.0901,5015219.37,45.27425195,-75.71774677,11554
18--7399,7/12/2018,7:40 AM,HIGHWAY 417 btwn HWY417 IC131 RAMP55 & HWY417 IC130 RAMP35 (__3ZA1MT),__3ZA1MT,01 - Non intersection,03 - P.D. only,03 - Rear end,01 - Clear,01 - Daylight,01 - Dry,10 - No control,,2,0,0,0,,0,,,,,359079.0616,5023045.128,45.34525248,-75.80734716,11555
18--74,1/2/2018,12:00 PM,PANMURE RD @ UPPER DWYER HILL RD (0011474),11474,03 - At intersection,03 - P.D. only,02 - Angle,03 - Snow,01 - Daylight,06 - Ice,02 - Stop sign,01 - Functioning,2,0,0,0,,0,,,,,329351.1647,5019818.24,45.31788566,-76.18685452,11556
18--740,1/13/2018,Unknown,ELGIN ST btwn LEWIS ST & WAVERLEY ST (__3ZA34R),__3ZA34R,01 - Non intersection,03 - P.D. only,06 - SMV unattended vehicle,01 - Clear,00 - Unknown,04 - Slush,10 - No control,,1,0,0,0,,0,,,,,368297.0213,5030985.368,45.41592268,-75.68870695,11557
18--7400,7/12/2018,7:45 AM,ST. JOSEPH BLVD @ JEANNE D'ARC BLVD (0012421),12421,03 - At intersection,03 - P.D. only,04 - Sideswipe,01 - Clear,01 - Daylight,01 - Dry,11 - Roundabout,03 - Obscured,2,0,0,0,,0,,,,,379860.7941,5036471.656,45.46413939,-75.54014071,11558
18--7401,7/12/2018,8:15 AM,HIGHWAY 417 btwn HWY417 IC119A RAMP75 & HWY417 IC118 RAMP57 (__3ZA2R2),__3ZA2R2,01 - Non intersection,03 - P.D. only,04 - Sideswipe,01 - Clear,01 - Daylight,01 - Dry,10 - No control,,2,0,0,0,,0,,,,,368619.9027,5030530.682,45.41180219,-75.68464083,11559
18--7402,7/12/2018,8:30 AM,POPLAR ST btwn PRESTON ST & ROCHESTER ST (__3ZAAKO),__3ZAAKO,04 - At/near private drive,03 - P.D. only,06 - SMV unattended vehicle,01 - Clear,01 - Daylight,01 - Dry,10 - No control,,1,0,0,0,,0,,,,,366429.9142,5029951.569,45.40678778,-75.71268969,11560
18--7403,7/12/2018,8:36 AM,BASELINE RD btwn MERIVALE RD & FARLANE BLVD (__3ZA4ID),__3ZA4ID,01 - Non intersection,02 - Non-fatal injury,03 - Rear end,01 - Clear,01 - Daylight,01 - Dry,10 - No control,,3,0,0,0,02 - Minor,1,,1,,,365139.6852,5025378.384,45.3657516,-75.72972968,11561
18--7404,7/12/2018,9:00 AM,LAURIER AVE   W btwn BRONSON AVE & PERCY ST (__3ZA33Z),__3ZA33Z,04 - At/near private drive,02 - Non-fatal injury,05 - Turning movement,01 - Clear,01 - Daylight,01 - Dry,10 - No control,,2,1,0,0,02 - Minor,1,,1,,,366886.8213,5030909.681,45.41536822,-75.70673267,11562
18--7094,7/4/2018,3:49 PM,KENT ST @ LAURIER AVE (0002222),2222,02 - Intersection related,03 - P.D. only,04 - Sideswipe,01 - Clear,01 - Daylight,01 - Dry,01 - Traffic signal,01 - Functioning,2,0,0,0,,0,,,,,367316.7656,5031164.59,45.41762353,-75.70120758,11563
18--7405,7/12/2018,9:05 AM,RICHMOND RD btwn BROADVIEW AVE & GOLDEN AVE (__3ZA304),__3ZA304,04 - At/near private drive,03 - P.D. only,02 - Angle,01 - Clear,01 - Daylight,01 - Dry,10 - No control,,2,0,0,0,,0,,,,,362795.8838,5027968.78,45.38925751,-75.75934283,11564
18--7406,7/12/2018,9:22 PM,DIAMONDVIEW RD @ KINBURN SIDE RD (0001760),1760,03 - At intersection,03 - P.D. only,02 - Angle,01 - Clear,07 - Dark,01 - Dry,02 - Stop sign,01 - Functioning,2,0,0,0,,0,,,,,331219.5295,5029832.663,45.40793259,-76.16248888,11565
18--7407,7/12/2018,9:53 AM,BASELINE RD btwn SOUTHWOOD DR & COBDEN RD (__3ZA4MP),__3ZA4MP,04 - At/near private drive,02 - Non-fatal injury,02 - Angle,01 - Clear,01 - Daylight,01 - Dry,10 - No control,,2,1,0,0,01 - Minimal,1,1,,,,361270.058,5022985.185,45.34454014,-75.77939697,11566
18--7408,7/13/2018,1:17 PM,MILTON RD btwn PERRAULT RD & RUSSELL RD (__3ZBOGV),__3ZBOGV,01 - Non intersection,03 - P.D. only,05 - Turning movement,01 - Clear,01 - Daylight,01 - Dry,10 - No control,,2,0,0,0,,0,,,,,388716.8208,5028088.373,45.3877075,-75.42833914,11567
18--7409,7/13/2018,1:30 PM,ROBERTSON RD btwn WESTCLIFFE RD & FITZGERALD RD (__3ZA41Z),__3ZA41Z,04 - At/near private drive,03 - P.D. only,02 - Angle,01 - Clear,01 - Daylight,01 - Dry,10 - No control,,2,0,0,0,,0,,,,,356529.0466,5020132.165,45.31923403,-75.84019001,11568
18--741,1/13/2018,12:15 PM,SCOUT ST btwn JENSCOTT PRIV & NIKI WAY (__3EX1O9),__3EX1O9,04 - At/near private drive,03 - P.D. only,02 - Angle,01 - Clear,01 - Daylight,05 - Packed snow,10 - No control,,2,0,0,0,,0,,,,,364450.6426,5025269.246,45.36482857,-75.73853809,11569
18--7410,7/13/2018,10:00 PM,FERRY RD btwn BADHAMS SIDE RD & OLD BIRCH RD (__3ZBPL3),__3ZBPL3,01 - Non intersection,03 - P.D. only,07 - SMV other,01 - Clear,07 - Dark,01 - Dry,10 - No control,,1,0,0,0,,0,,,,,327793.0423,5040119.145,45.5006153,-76.20578092,11570
18--7411,7/13/2018,10:09 AM,CARP RD @ HAZELDEAN RD (0000086),86,02 - Intersection related,03 - P.D. only,03 - Rear end,01 - Clear,01 - Daylight,01 - Dry,01 - Traffic signal,01 - Functioning,2,0,0,0,,0,,,,,348804.5112,5014360.448,45.26782489,-75.93922428,11571
18--7412,7/13/2018,10:15 AM,WEST HUNT CLUB RD @ CLEOPATRA DR/LANCELOT DR (0000114),114,02 - Intersection related,03 - P.D. only,07 - SMV other,01 - Clear,01 - Daylight,01 - Dry,01 - Traffic signal,01 - Functioning,1,0,0,0,,0,,,,,365235.6997,5021732.494,45.33293813,-75.72894967,11572
18--7413,7/13/2018,10:25 AM,ST. JOSEPH BLVD @ JEANNE D'ARC BLVD (0012421),12421,02 - Intersection related,03 - P.D. only,03 - Rear end,01 - Clear,01 - Daylight,01 - Dry,11 - Roundabout,01 - Functioning,2,0,0,0,,0,,,,,379860.621,5036471.652,45.46413937,-75.54014292,11573
18--7414,7/13/2018,10:51 PM,BRITTANY DR @ KRISTIN WAY (0006433),6433,02 - Intersection related,03 - P.D. only,07 - SMV other,01 - Clear,07 - Dark,01 - Dry,03 - Yield sign,01 - Functioning,1,0,0,0,,0,,,,,371850.7177,5034136.595,45.44394446,-75.64287775,11574
18--7415,7/13/2018,11:51 AM,ST. PATRICK ST @ SUSSEX DR (0011910),11910,03 - At intersection,02 - Non-fatal injury,05 - Turning movement,01 - Clear,01 - Daylight,01 - Dry,01 - Traffic signal,01 - Functioning,2,1,0,0,01 - Minimal,1,1,,,,367666.9291,5032462.336,45.42926885,-75.69656827,11575
18--7416,7/13/2018,11:55 AM,"DECOEUR, PROMENADE btwn AUBEPINES, PROMENADE DES & MAGNOLIA ST (e___2HVN)",e___2HVN,04 - At/near private drive,03 - P.D. only,07 - SMV other,01 - Clear,01 - Daylight,01 - Dry,10 - No control,,1,0,0,0,,0,,,,,384348.244,5034649.206,45.44724606,-75.48305992,11576
18--7417,7/13/2018,Unknown,BY WARD MARKET SQ btwn YORK ST & GEORGE ST (__3ZBOX6),__3ZBOX6,01 - Non intersection,03 - P.D. only,06 - SMV unattended vehicle,01 - Clear,00 - Unknown,01 - Dry,10 - No control,,1,0,0,0,,0,,,,,367956.6511,5032310.604,45.42787751,-75.69288549,11577
18--7418,7/13/2018,Unknown,CLONRUSH WAY btwn HALYARD WAY & SWEETWATER LANE (e___2HIP),e___2HIP,01 - Non intersection,03 - P.D. only,06 - SMV unattended vehicle,01 - Clear,00 - Unknown,02 - Wet,10 - No control,,1,0,0,0,,0,,,,,349105.925,5018570.311,45.30568772,-75.93500743,11578
18--7419,7/13/2018,Unknown,VERDON PRIV btwn TO BE DETERMINED & CAHILL DR (2) (__3ZA9EF),__3ZA9EF,01 - Non intersection,03 - P.D. only,06 - SMV unattended vehicle,01 - Clear,00 - Unknown,01 - Dry,10 - No control,,1,0,0,0,,0,,,,,371994.8276,5024900.609,45.36082911,-75.64229422,11579
18--742,1/13/2018,12:19 PM,INNES RD @ STAR TOP RD/WINDMILL LANE (0008734),8734,02 - Intersection related,03 - P.D. only,07 - SMV other,01 - Clear,01 - Daylight,02 - Wet,01 - Traffic signal,01 - Functioning,1,0,0,0,,0,,,,,374146.6805,5030666.561,45.41249894,-75.6140201,11580
18--7420,7/13/2018,12:50 PM,AVONCOURT WAY @ WALKLEY RD (0006645),6645,02 - Intersection related,03 - P.D. only,03 - Rear end,01 - Clear,01 - Daylight,01 - Dry,01 - Traffic signal,01 - Functioning,2,0,0,0,,0,,,,,369605.6095,5025515.524,45.36658687,-75.6727074,11581
18--7421,7/13/2018,2:15 PM,HIGHWAY 417 btwn HWY417 IC121A RAMP16 & HWY417 IC121A RAMP61 (__3ZA2YY),__3ZA2YY,01 - Non intersection,03 - P.D. only,03 - Rear end,01 - Clear,01 - Daylight,01 - Dry,10 - No control,,2,0,0,0,,0,,,,,367078.4513,5029690.618,45.40438242,-75.70443851,11582
18--7422,7/13/2018,2:24 PM,LAURIER AVE @ QUEEN ELIZABETH DRWY/LAURIER AVE (0011416),11416,02 - Intersection related,03 - P.D. only,03 - Rear end,01 - Clear,01 - Daylight,01 - Dry,01 - Traffic signal,00 - Unknown,2,0,0,0,,0,,,,,368075.7992,5031624.458,45.42169304,-75.69145112,11583
18--7423,7/13/2018,2:30 PM,RIDEAU ST btwn KING EDWARD AVE & NELSON ST (__3ZA3VG),__3ZA3VG,04 - At/near private drive,03 - P.D. only,02 - Angle,01 - Clear,01 - Daylight,01 - Dry,10 - No control,,2,0,0,0,,0,,,,,368637.3695,5032490.305,45.4294326,-75.68416379,11584
18--7424,7/13/2018,3:21 PM,OGILVIE RD btwn NASKAPI DR & MONTREAL RD (__3ZA7ZH),__3ZA7ZH,04 - At/near private drive,03 - P.D. only,03 - Rear end,01 - Clear,01 - Daylight,01 - Dry,10 - No control,,2,0,0,0,,0,,,,,375649.3157,5034573.317,45.44749915,-75.59426259,11585
18--7425,7/13/2018,3:22 PM,PRINCE OF WALES DR btwn BLAZER AVE & DEAKIN ST (__3ZA29V),__3ZA29V,01 - Non intersection,03 - P.D. only,03 - Rear end,01 - Clear,01 - Daylight,01 - Dry,10 - No control,,3,0,0,0,,0,,,,,367345.6155,5021222.582,45.32816514,-75.70209797,11586
18--7426,7/13/2018,3:32 PM,BOOTH ST @ CARLING AVE (0002135),2135,03 - At intersection,02 - Non-fatal injury,05 - Turning movement,01 - Clear,01 - Daylight,01 - Dry,01 - Traffic signal,01 - Functioning,2,1,0,0,02 - Minor,1,,1,,,367094.7114,5029106.419,45.39912451,-75.70430461,11587
18--7427,7/13/2018,3:32 PM,RUSSELL RD @ SOUTHVALE CRES N (0002650),2650,02 - Intersection related,03 - P.D. only,04 - Sideswipe,01 - Clear,01 - Daylight,01 - Dry,01 - Traffic signal,00 - Unknown,2,0,0,0,,0,,,,,373798.7281,5029097.506,45.39841573,-75.61868461,11588
18--7428,7/13/2018,3:42 PM,BRONSON PL @ BRONSON AVE NB OFFRAMP 24 (0007106),7106,03 - At intersection,02 - Non-fatal injury,02 - Angle,01 - Clear,01 - Daylight,01 - Dry,03 - Yield sign,01 - Functioning,2,1,0,0,01 - Minimal,1,1,,,,367840.4122,5028399.225,45.39269464,-75.69487103,11589
18--7429,7/13/2018,3:51 PM,JOCKVALE RD @ LAMING ST/WEYBRIDGE DR W (0000813),813,03 - At intersection,02 - Non-fatal injury,02 - Angle,01 - Clear,01 - Daylight,01 - Dry,02 - Stop sign,01 - Functioning,3,1,0,0,02 - Minor,1,,1,,,361915.645,5015397.44,45.27621329,-75.77203399,11590
18--743,1/13/2018,12:30 PM,ALTA VISTA DR btwn SMYTH RD & VALOUR DR (__4O00NK),__4O00NK,04 - At/near private drive,03 - P.D. only,07 - SMV other,05 - Drifting Snow,01 - Daylight,05 - Packed snow,10 - No control,,1,0,0,0,,0,,,,,370396.4584,5029300.196,45.40056648,-75.66210978,11591
18--7430,7/13/2018,4:06 PM,KIRKWOOD AVE @ MERIVALE RD (0002243),2243,03 - At intersection,03 - P.D. only,05 - Turning movement,01 - Clear,01 - Daylight,01 - Dry,01 - Traffic signal,01 - Functioning,2,0,0,0,,0,,,,,364853.7449,5026646.527,45.37718669,-75.73322536,11592
18--7431,7/13/2018,4:19 PM,LYON ST @ WELLINGTON ST (0002388),2388,03 - At intersection,03 - P.D. only,04 - Sideswipe,01 - Clear,01 - Daylight,01 - Dry,01 - Traffic signal,01 - Functioning,2,0,0,0,,0,,,,,366935.3393,5031426.14,45.42001086,-75.7060477,11593
18--7432,7/13/2018,4:36 PM,MEADOWLANDS DR btwn CLAYMOR AVE & DEBRA AVE (__3ZA3GTA),__3ZA3GTA,01 - Non intersection,03 - P.D. only,05 - Turning movement,01 - Clear,01 - Daylight,01 - Dry,10 - No control,,2,0,0,0,,0,,,,,366973.3968,5025396.642,45.36575563,-75.70632124,11594
18--7433,7/13/2018,4:45 PM,BANK ST btwn JOHN QUINN RD & TURN LANE (__3ZA277),__3ZA277,04 - At/near private drive,02 - Non-fatal injury,05 - Turning movement,01 - Clear,01 - Daylight,01 - Dry,10 - No control,,2,0,0,0,03 - Major,3,,2,1,,383614.0582,5010339.671,45.22860897,-75.49631615,11595
18--7434,7/13/2018,5:00 AM,ANDERSON RD btwn LEITRIM RD & EIGHTH LINE RD (__3ZA2B8),__3ZA2B8,01 - Non intersection,03 - P.D. only,07 - SMV other,01 - Clear,07 - Dark,01 - Dry,10 - No control,,1,0,0,0,,0,,,,,381240.7514,5022966.901,45.34248369,-75.52459007,11596
18--7435,7/13/2018,5:00 PM,HIGHWAY 417 btwn HWY417 IC120B RAMP36 & HWY417 IC119B RAMP76 (__3ZA2YU),__3ZA2YU,01 - Non intersection,03 - P.D. only,03 - Rear end,01 - Clear,01 - Daylight,01 - Dry,10 - No control,,2,0,0,0,,0,,,,,367876.7114,5030078.011,45.40779658,-75.69419277,11597
18--7436,7/13/2018,5:07 PM,TERRY FOX DR @ PALLADIUM DR/KATIMAVIK RD (0011858),11858,02 - Intersection related,03 - P.D. only,03 - Rear end,01 - Clear,01 - Daylight,01 - Dry,01 - Traffic signal,01 - Functioning,3,0,0,0,,0,,,,,351269.6494,5018181.897,45.30205285,-75.90745331,11598
18--7437,7/13/2018,5:43 PM,TERRY FOX DR btwn HWY417 IC140 RAMP36 & HWY417 IC140 RAMP61 (__39F4XC),__39F4XC,01 - Non intersection,03 - P.D. only,03 - Rear end,01 - Clear,01 - Daylight,01 - Dry,10 - No control,,3,0,0,0,,0,,,,,350806.3488,5018713.307,45.30686512,-75.91331134,11599
18--7438,7/13/2018,6:07 AM,ROCKDALE RD btwn FRANK KENNY RD & HIGHWAY LANE (__3ZA2YD),__3ZA2YD,01 - Non intersection,02 - Non-fatal injury,07 - SMV other,01 - Clear,01 - Daylight,01 - Dry,10 - No control,,1,0,0,0,02 - Minor,2,,2,,,395207.9048,5023294.423,45.34376945,-75.3463381,11600
18--7439,7/13/2018,6:18 PM,BASELINE RD @ 207 E OF CLYDE AVE (0008213),8213,02 - Intersection related,02 - Non-fatal injury,03 - Rear end,01 - Clear,01 - Daylight,01 - Dry,01 - Traffic signal,00 - Unknown,4,0,0,0,03 - Major,1,,,1,,364535.4397,5025001.027,45.36240795,-75.73748814,11601
18--744,1/13/2018,12:37 PM,HIGHWAY 417 btwn HWY417 IC121A RAMP51 & HWY417 IC120A RAMP52 (__3ZA2R6),__3ZA2R6,01 - Non intersection,03 - P.D. only,07 - SMV other,01 - Clear,01 - Daylight,02 - Wet,10 - No control,,1,0,0,0,,0,,,,,367461.7087,5029819.457,45.40550747,-75.69952678,11602
18--7440,7/13/2018,7:21 PM,BRONSON AVE @ SOMERSET ST (0002218),2218,02 - Intersection related,02 - Non-fatal injury,03 - Rear end,01 - Clear,01 - Daylight,01 - Dry,01 - Traffic signal,01 - Functioning,2,0,0,0,01 - Minimal,2,2,,,,366967.5876,5030476.783,45.41146596,-75.70575544,11603
18--7441,7/13/2018,7:48 AM,LEITRIM RD btwn HIGH RD & ALBION RD (__4B2G24),__4B2G24,01 - Non intersection,03 - P.D. only,04 - Sideswipe,01 - Clear,01 - Daylight,01 - Dry,10 - No control,,3,0,0,0,,0,,,,,373338.3147,5020297.651,45.31928331,-75.62578494,11604
18--7442,7/13/2018,7:50 AM,HIGHWAY 417 btwn HWY417 IC155 RAMP61 & HWY417 IC145 RAMP56 (__3ZA2Q2),__3ZA2Q2,01 - Non intersection,03 - P.D. only,03 - Rear end,01 - Clear,01 - Daylight,01 - Dry,10 - No control,,2,0,0,0,,0,,,,,342172.6219,5017589.564,45.29726566,-76.02349202,11605
18--7443,7/13/2018,7:58 AM,CHAPEL ST @ RIDEAU ST (0011918),11918,03 - At intersection,02 - Non-fatal injury,07 - SMV other,01 - Clear,01 - Daylight,01 - Dry,01 - Traffic signal,01 - Functioning,1,0,0,1,02 - Minor,1,,1,,,368892.4079,5032643.271,45.4307856,-75.68088485,11606
18--7444,7/13/2018,8:04 AM,CEDARVIEW RD @ JOCKVALE RD (0000788),788,03 - At intersection,02 - Non-fatal injury,02 - Angle,01 - Clear,01 - Daylight,01 - Dry,11 - Roundabout,01 - Functioning,2,1,0,0,02 - Minor,1,,1,,,361474.6909,5015252.414,45.27494402,-75.77767027,11607
18--7445,7/13/2018,8:20 AM,ABBEYHILL DR @ EAGLESON RD (0003404),3404,02 - Intersection related,03 - P.D. only,03 - Rear end,01 - Clear,01 - Daylight,01 - Dry,01 - Traffic signal,00 - Unknown,3,0,0,0,,0,,,,,353827.7311,5018034.438,45.30055211,-75.87485102,11608
18--7446,7/13/2018,8:37 AM,EAGLESON RD @ 146 N OF ABBEYHILL DR/HAZELDEAN  (0011577),11577,02 - Intersection related,03 - P.D. only,04 - Sideswipe,01 - Clear,01 - Daylight,01 - Dry,01 - Traffic signal,01 - Functioning,2,0,0,0,,0,,,,,353773.2968,5018172.055,45.30179421,-75.87553148,11609
18--7447,7/13/2018,8:45 AM,CENTRAL PARK DR N @ MERIVALE RD (0011433),11433,02 - Intersection related,03 - P.D. only,02 - Angle,01 - Clear,01 - Daylight,01 - Dry,01 - Traffic signal,01 - Functioning,2,0,0,0,,0,,,,,364952.9408,5025873.621,45.37022371,-75.73205306,11610
18--7448,7/13/2018,8:47 PM,BANK ST @ GILMOUR ST (0007270),7270,02 - Intersection related,03 - P.D. only,03 - Rear end,01 - Clear,05 - Dusk,01 - Dry,01 - Traffic signal,01 - Functioning,2,0,0,0,,0,,,,,367786.7044,5030774.571,45.41407212,-75.69525349,11611
18--7449,7/13/2018,8:54 PM,SMYTH RD @ SMYTH RD NORTH SIDE RAMP/SMYTH RD S (0006582),6582,02 - Intersection related,02 - Non-fatal injury,03 - Rear end,01 - Clear,05 - Dusk,01 - Dry,03 - Yield sign,00 - Unknown,2,0,0,0,02 - Minor,1,,1,,,369917.1718,5029121.502,45.3990034,-75.66825484,11612
18--745,1/13/2018,12:40 AM,ST. LAURENT BLVD/DUNBARTON CRT @ BRITTANY DR (0007139),7139,03 - At intersection,02 - Non-fatal injury,05 - Turning movement,03 - Snow,07 - Dark,04 - Slush,01 - Traffic signal,01 - Functioning,2,0,0,0,01 - Minimal,1,1,,,,371332.1052,5034337.05,45.44579761,-75.64947943,11613
18--682,1/12/2018,12:30 PM,HIGHWAY 417 btwn HWY417 IC124 RAMP76 & HWY417 IC124 RAMP67 (__3ZA2R7),__3ZA2R7,01 - Non intersection,03 - P.D. only,03 - Rear end,02 - Rain,01 - Daylight,02 - Wet,10 - No control,,2,0,0,0,,0,,,,,364474.5296,5027595.504,45.38575782,-75.7379521,11614
18--7278,7/9/2018,6:25 PM,BASELINE RD btwn LOBLAWS SC & MERIVALE RD (__3ZA4ISC),__3ZA4ISC,01 - Non intersection,03 - P.D. only,03 - Rear end,01 - Clear,01 - Daylight,01 - Dry,10 - No control,,2,0,0,0,,0,,,,,364981.7714,5025280.779,45.36488694,-75.73175725,11615
18--6820,6/26/2018,5:30 PM,HWY416 IC66 RAMP34 btwn HIGHWAY 416 & FALLOWFIELD RD (__3ZAY40),__3ZAY40,01 - Non intersection,03 - P.D. only,03 - Rear end,01 - Clear,01 - Daylight,01 - Dry,10 - No control,,2,0,0,0,,0,,,,,359726.4311,5015276.364,45.27529827,-75.79994783,11616
18--7279,7/9/2018,6:47 PM,BELFAST RD @ ST. LAURENT BLVD (0007658),7658,02 - Intersection related,03 - P.D. only,03 - Rear end,01 - Clear,01 - Daylight,01 - Dry,01 - Traffic signal,01 - Functioning,2,0,0,0,,0,,,,,372860.7243,5030578.562,45.41183341,-75.63045983,11617
18--6821,6/26/2018,5:32 PM,BEAVERPOND DR @ BLAIR RD (0004166),4166,02 - Intersection related,03 - P.D. only,03 - Rear end,01 - Clear,01 - Daylight,01 - Dry,01 - Traffic signal,01 - Functioning,2,0,0,0,,0,,,,,375399.7864,5031874.664,45.42324348,-75.59783918,11618
18--728,1/13/2018,10:32 AM,HERON RD @ BAYCREST DR (0007191),7191,02 - Intersection related,03 - P.D. only,03 - Rear end,01 - Clear,01 - Daylight,03 - Loose snow,01 - Traffic signal,01 - Functioning,2,0,0,0,,0,,,,,371143.7291,5026979.545,45.37961572,-75.65287763,11619
18--6822,6/26/2018,5:36 PM,AIRPORT PKWY @ HUNT CLUB RD (0010856),10856,02 - Intersection related,03 - P.D. only,99 - Other,01 - Clear,01 - Daylight,01 - Dry,01 - Traffic signal,01 - Functioning,2,0,0,0,,0,,,,,371018.5277,5023702.998,45.35014629,-75.6549152,11620
18--7280,7/9/2018,7:05 AM,DEANCOURT CRES btwn BRIARFIELD CRES & PRINCESS LOUISE DR (1) (__3ZA1VQ),__3ZA1VQ,01 - Non intersection,03 - P.D. only,06 - SMV unattended vehicle,01 - Clear,01 - Daylight,01 - Dry,10 - No control,,1,0,0,0,,0,,,,,383959.316,5038145.97,45.4787509,-75.4874681,11621
18--6823,6/26/2018,5:36 PM,TENTH LINE RD @ WALL RD (0004719),4719,03 - At intersection,03 - P.D. only,02 - Angle,01 - Clear,01 - Daylight,01 - Dry,02 - Stop sign,01 - Functioning,2,0,0,0,,0,,,,,385152.7689,5033307.539,45.43508295,-75.47299562,11622
18--7281,7/9/2018,7:56 PM,VIEWMOUNT DR btwn GLENMANOR DR & GLENRIDGE RD (__3ZAARZ),__3ZAARZ,04 - At/near private drive,03 - P.D. only,99 - Other,01 - Clear,01 - Daylight,01 - Dry,10 - No control,,2,0,0,0,,0,,,,,364901.8004,5022788.308,45.3424669,-75.733081,11623
18--6824,6/26/2018,5:45 PM,BANK ST btwn WALKLEY RD & SURREY AVE (__3ZA4TW),__3ZA4TW,04 - At/near private drive,03 - P.D. only,02 - Angle,01 - Clear,01 - Daylight,01 - Dry,10 - No control,,2,0,0,0,,0,,,,,370353.6399,5025899.383,45.36997115,-75.66310831,11624
18--6825,6/26/2018,6:38 PM,KING EDWARD AVE @ ST. ANDREW ST (0011434),11434,02 - Intersection related,03 - P.D. only,04 - Sideswipe,01 - Clear,01 - Daylight,01 - Dry,01 - Traffic signal,00 - Unknown,2,0,0,0,,0,,,,,368160.8063,5032968.741,45.43378073,-75.69019205,11625
18--7282,7/9/2018,7:56 PM,MER BLEUE RD btwn 210 S OF INNES RD & INNES RD (__3ZA2S1A),__3ZA2S1A,01 - Non intersection,03 - P.D. only,03 - Rear end,01 - Clear,01 - Daylight,01 - Dry,10 - No control,,3,0,0,0,,0,,,,,382650.159,5035551.573,45.45555599,-75.50462199,11626
18--6826,6/26/2018,6:48 AM,INNES RD @ 298 E OF WILDFLOWER DR/LOBLAWS SC (0012918),12918,02 - Intersection related,03 - P.D. only,03 - Rear end,01 - Clear,01 - Daylight,01 - Dry,01 - Traffic signal,01 - Functioning,2,0,0,0,,0,,,,,383190.8011,5035796.625,45.45770031,-75.49767143,11627
18--7283,7/9/2018,7:57 AM,AVIATION PKWY @ OGILVIE RD (0004114),4114,02 - Intersection related,03 - P.D. only,03 - Rear end,01 - Clear,01 - Daylight,01 - Dry,01 - Traffic signal,01 - Functioning,2,0,0,0,,0,,,,,373110.6457,5032376.384,45.42798499,-75.62701796,11628
18--7284,7/9/2018,8:35 AM,HAWTHORNE RD/RUSSELL RD @ WALKLEY RD (0002618),2618,02 - Intersection related,02 - Non-fatal injury,03 - Rear end,01 - Clear,01 - Daylight,01 - Dry,01 - Traffic signal,01 - Functioning,2,0,0,0,01 - Minimal,1,1,,,,374674.8095,5028499.436,45.3929477,-75.60758055,11629
18--7285,7/9/2018,8:51 AM,HOPE SIDE RD @ RICHMOND RD (0000581),581,02 - Intersection related,02 - Non-fatal injury,07 - SMV other,01 - Clear,01 - Daylight,01 - Dry,02 - Stop sign,01 - Functioning,1,0,0,0,03 - Major,3,,2,1,,356952.5589,5015485.516,45.27739147,-75.83527715,11630
18--7286,7/9/2018,8:55 AM,FALLOWFIELD RD btwn VIA PARK PL/275 W OF WOODROFFE AVE & TRANSIT (__3ZA3IKC),__3ZA3IKC,01 - Non intersection,02 - Non-fatal injury,03 - Rear end,01 - Clear,01 - Daylight,01 - Dry,10 - No control,,2,0,0,0,01 - Minimal,1,1,,,,364673.8904,5017666.029,45.29639653,-75.73660815,11631