Anom_ID,Accident_Date,Accident_Time,Location,Geo_ID,Accident_Location,Classification_of_Accident,Initial_Impact_Type,Environment_Condition,Light,Road_Surface_Condition,Traffic_Control,Traffic_Control_Condition,No__of_Vehicles,No__of_Bicycles,No__of_Motorcycles,No__of_Pedestrians,Max_Injury,No__of_Injuries,No__of_Minimal,No__of_Minor,No__of_Major,No__of_Fatal,X,Y,Latitude,Longitude,ObjectId
18--7287,7/9/2018,9:04 AM,OGILVIE RD @ MATHESON RD/PALMERSTON DR (0012348),12348,02 - Intersection related,03 - P.D. only,02 - Angle,01 - Clear,01 - Daylight,01 - Dry,01 - Traffic signal,01 - Functioning,2,0,0,0,,0,,,,,373380.1613,5032536.237,45.42939689,-75.6235518,11632
18--7288,7/9/2018,9:35 PM,HIGHWAY 7 btwn RAMP & DWYER HILL RD (__7JQ7LW),__7JQ7LW,01 - Non intersection,03 - P.D. only,07 - SMV other,01 - Clear,07 - Dark,01 - Dry,10 - No control,,1,0,0,0,,0,,,,,340949.8624,5007151.863,45.20340558,-76.03984098,11633
18--7289,7/10/2018,1:46 PM,WOODROFFE AVE @ KNOXDALE RD/MEDHURST DR (0000519),519,02 - Intersection related,03 - P.D. only,03 - Rear end,01 - Clear,01 - Daylight,01 - Dry,01 - Traffic signal,00 - Unknown,2,0,0,0,,0,,,,,363419.7133,5021826.522,45.33393823,-75.75210523,11634
18--729,1/13/2018,10:32 AM,SPRATT RD @ CANYON WALK DR E (0012314),12314,03 - At intersection,03 - P.D. only,03 - Rear end,01 - Clear,01 - Daylight,05 - Packed snow,02 - Stop sign,01 - Functioning,2,0,0,0,,0,,,,,369091.638,5016425.426,45.28484344,-75.68044826,11635
18--7290,7/10/2018,10:23 PM,LESTER RD btwn ALADDIN LANE & MEANDERING BROOK DR (__589X5P),__589X5P,01 - Non intersection,03 - P.D. only,06 - SMV unattended vehicle,01 - Clear,07 - Dark,01 - Dry,10 - No control,,1,0,0,0,,0,,,,,373122.0576,5022587.765,45.33991006,-75.62822694,11636
18--7291,7/10/2018,10:46 AM,ST. LAURENT BLVD @ COVENTRY RD/OGILVIE RD (0002151),2151,03 - At intersection,03 - P.D. only,02 - Angle,01 - Clear,01 - Daylight,01 - Dry,01 - Traffic signal,01 - Functioning,2,1,0,0,,0,,,,,372305.8313,5031951.673,45.42424178,-75.63736019,11637
18--7292,7/10/2018,11:02 AM,CYRVILLE RD btwn STAR TOP RD & MEADOWBROOK RD (__3ZA3SN),__3ZA3SN,04 - At/near private drive,03 - P.D. only,03 - Rear end,01 - Clear,01 - Daylight,01 - Dry,10 - No control,,2,0,0,0,,0,,,,,374474.2743,5031294.207,45.41811363,-75.6097465,11638
18--7293,7/10/2018,11:15 AM,HAWTHORNE RD btwn LEITRIM RD & LOUISEIZE RD (__3ZBO24),__3ZBO24,01 - Non intersection,02 - Non-fatal injury,07 - SMV other,01 - Clear,01 - Daylight,01 - Dry,10 - No control,,1,0,0,0,01 - Minimal,1,1,,,,377097.5492,5022570.802,45.33935902,-75.57750953,11639
18--7294,7/10/2018,11:22 PM,BAYVIEW RD @ SCOTT ST/ALBERT ST (0005646),5646,03 - At intersection,03 - P.D. only,05 - Turning movement,01 - Clear,07 - Dark,01 - Dry,01 - Traffic signal,01 - Functioning,2,0,0,0,,0,,,,,365519.0769,5030071.525,45.40794672,-75.72430961,11640
18--7295,7/10/2018,11:26 PM,GREENBANK RD @ STRANDHERD DR (0005563),5563,03 - At intersection,02 - Non-fatal injury,07 - SMV other,01 - Clear,07 - Dark,01 - Dry,01 - Traffic signal,01 - Functioning,1,0,0,1,03 - Major,1,,,1,,363933.6838,5014784.417,45.27053048,-75.74638834,11641
18--7296,7/10/2018,11:30 AM,635 E OF HUNTMAR DR/IBER RD @ HAZELDEAN RD (0013519),13519,02 - Intersection related,03 - P.D. only,03 - Rear end,01 - Clear,01 - Daylight,01 - Dry,01 - Traffic signal,01 - Functioning,2,0,0,0,,0,,,,,351410.32,5016506.602,45.28696877,-75.90581713,11642
18--7297,7/10/2018,11:40 PM,BAY ST @ SLATER ST (0005127),5127,02 - Intersection related,03 - P.D. only,04 - Sideswipe,01 - Clear,07 - Dark,01 - Dry,01 - Traffic signal,01 - Functioning,2,0,0,0,,0,,,,,366983.9901,5031078.726,45.41688061,-75.70546996,11643
18--7298,7/10/2018,2:07 PM,MCARTHUR AVE @ OLMSTEAD ST (0009808),9808,03 - At intersection,03 - P.D. only,05 - Turning movement,01 - Clear,01 - Daylight,01 - Dry,01 - Traffic signal,01 - Functioning,2,0,0,0,,0,,,,,370482.7093,5032723.589,45.43136072,-75.6605519,11644
18--7299,7/10/2018,2:18 AM,NIXON DR btwn RIVER RD & SNAKE ISLAND RD (__3ZA3T2),__3ZA3T2,01 - Non intersection,02 - Non-fatal injury,07 - SMV other,01 - Clear,07 - Dark,01 - Dry,10 - No control,,1,0,0,0,02 - Minor,1,,1,,,373446.506,5002702.325,45.16095357,-75.6268336,11645
18--73,1/2/2018,Unknown,SABLEWOOD PL btwn RANCHWOOD WAY E & SABLEWOOD PL (__3ZA19O),__3ZA19O,01 - Non intersection,03 - P.D. only,06 - SMV unattended vehicle,03 - Snow,00 - Unknown,03 - Loose snow,10 - No control,,1,0,0,0,,0,,,,,380603.9918,5034676.201,45.44790504,-75.530915,11646
18--730,1/13/2018,10:36 AM,CEDARVIEW RD btwn FALLOWFIELD RD & 217 S OF FALLOWFIELD RD/CEDARVIEW M (__3ZAB7IA),__3ZAB7IA,04 - At/near private drive,03 - P.D. only,05 - Turning movement,03 - Snow,01 - Daylight,03 - Loose snow,10 - No control,,2,0,0,0,,0,,,,,361304.8588,5015643.014,45.27847234,-75.77979018,11647
18--7300,7/10/2018,2:20 PM,HIGHWAY 417 btwn HWY417 IC112 RAMP65 & HWY417 IC112 RAMP55 (__3ZA281),__3ZA281,01 - Non intersection,03 - P.D. only,04 - Sideswipe,01 - Clear,01 - Daylight,01 - Dry,10 - No control,,2,0,0,0,,0,,,,,374620.2841,5030736.971,45.41308536,-75.60796005,11648
18--7301,7/10/2018,2:30 PM,SMYTH RD E/LANCASTER RD @ ST. LAURENT BLVD N/R (0002256),2256,02 - Intersection related,03 - P.D. only,04 - Sideswipe,01 - Clear,01 - Daylight,01 - Dry,01 - Traffic signal,00 - Unknown,2,0,0,0,,0,,,,,373364.5932,5029424.612,45.40140153,-75.62418365,11649
18--7302,7/10/2018,2:40 PM,HUNT CLUB RD @ PAUL ANKA DR (0008224),8224,03 - At intersection,03 - P.D. only,05 - Turning movement,01 - Clear,01 - Daylight,01 - Dry,01 - Traffic signal,01 - Functioning,2,0,0,0,,0,,,,,369777.6528,5022897.279,45.34301271,-75.67085549,11650
18--7303,7/10/2018,2:45 PM,HIGHWAY 417 btwn HWY417 IC127 RAMP25 & HWY417 IC126 RAMP51 (__3ZA2XA),__3ZA2XA,01 - Non intersection,03 - P.D. only,03 - Rear end,01 - Clear,01 - Daylight,01 - Dry,10 - No control,,2,0,0,0,,0,,,,,362917.6552,5025481.669,45.3668687,-75.75808057,11651
18--7304,7/10/2018,2:50 PM,BANK ST @ LEITRIM RD (0004125),4125,02 - Intersection related,03 - P.D. only,03 - Rear end,01 - Clear,01 - Daylight,01 - Dry,01 - Traffic signal,01 - Functioning,2,0,0,0,,0,,,,,375357.7777,5021619.496,45.33097669,-75.59984122,11652
18--7305,7/10/2018,3:30 PM,HIGHWAY 417 btwn HWY417 IC118 RAMP67 & HWY417 IC117 RAMP36 (__3ZA2YO),__3ZA2YO,01 - Non intersection,03 - P.D. only,03 - Rear end,01 - Clear,01 - Daylight,01 - Dry,10 - No control,,2,0,0,0,,0,,,,,370232.6303,5031119.906,45.41695487,-75.66396068,11653
18--7306,7/10/2018,4:00 PM,BANTREE ST btwn OLD INNES RD & EDINBURGH PL (__3ZA78D),__3ZA78D,04 - At/near private drive,03 - P.D. only,02 - Angle,01 - Clear,01 - Daylight,01 - Dry,10 - No control,,2,0,0,0,,0,,,,,373794.659,5030206.797,45.408397,-75.61858137,11654
18--7307,7/10/2018,4:06 PM,PINECREST RD @ LISA AVE (0002577),2577,02 - Intersection related,03 - P.D. only,03 - Rear end,01 - Clear,01 - Daylight,01 - Dry,02 - Stop sign,01 - Functioning,3,0,0,0,,0,,,,,360694.104,5022917.176,45.34397433,-75.78675371,11655
18--7308,7/10/2018,4:07 PM,ANTARES DR N @ AURIGA DR N (0005321),5321,03 - At intersection,03 - P.D. only,05 - Turning movement,01 - Clear,01 - Daylight,01 - Dry,02 - Stop sign,00 - Unknown,2,0,0,0,,0,,,,,366970.6061,5021994.526,45.33514429,-75.70678459,11656
18--7309,7/10/2018,4:30 PM,METCALFE ST btwn SLATER ST & LAURIER AVE W (__3ZBOEQ),__3ZBOEQ,01 - Non intersection,03 - P.D. only,04 - Sideswipe,01 - Clear,01 - Daylight,01 - Dry,10 - No control,,2,0,0,0,,0,,,,,367784.7955,5031464.284,45.4202781,-75.69518972,11657
18--731,1/13/2018,10:42 AM,CARLING AVE @ MERIVALE RD (0002148),2148,03 - At intersection,03 - P.D. only,02 - Angle,01 - Clear,01 - Daylight,03 - Loose snow,01 - Traffic signal,01 - Functioning,2,0,0,0,,0,,,,,364894.3554,5027698.454,45.38664825,-75.73257884,11658
18--7310,7/10/2018,4:44 PM,HOLLAND AVE @ KENILWORTH ST (0006299),6299,03 - At intersection,02 - Non-fatal injury,02 - Angle,01 - Clear,01 - Daylight,01 - Dry,01 - Traffic signal,01 - Functioning,2,1,0,0,01 - Minimal,1,1,,,,365214.5439,5028496.699,45.39380315,-75.72839259,11659
18--7311,7/10/2018,4:57 PM,FALLOWFIELD RD btwn MOODIE DR & HWY416 IC66 RAMP53 (__3ZA4Y6),__3ZA4Y6,01 - Non intersection,03 - P.D. only,03 - Rear end,01 - Clear,01 - Daylight,01 - Dry,10 - No control,,2,0,0,0,,0,,,,,359596.968,5014663.078,45.26978994,-75.80166543,11660
18--7312,7/10/2018,4:58 PM,LANTHIER DR @ VANTAGE DR (0004631),4631,03 - At intersection,03 - P.D. only,02 - Angle,01 - Clear,01 - Daylight,01 - Dry,02 - Stop sign,01 - Functioning,2,0,0,0,,0,,,,,383600.7053,5035848.667,45.45812243,-75.49242275,11661
18--7313,7/10/2018,5:06 PM,RIVERSIDE DR @ SAN REMO PRIV (0011379),11379,02 - Intersection related,03 - P.D. only,03 - Rear end,01 - Clear,01 - Daylight,01 - Dry,01 - Traffic signal,01 - Functioning,2,0,0,0,,0,,,,,370385.9533,5030402.167,45.41048258,-75.66209737,11662
18--7314,7/10/2018,6:04 PM,WEST HUNT CLUB RD @ ROYDON PL/SUNDERLAND ST (0009775),9775,02 - Intersection related,03 - P.D. only,05 - Turning movement,01 - Clear,01 - Daylight,01 - Dry,01 - Traffic signal,01 - Functioning,2,0,0,0,,0,,,,,365973.6241,5022169.561,45.33680686,-75.71948194,11663
18--7315,7/10/2018,6:15 PM,NICHOLAS ST NB btwn LAURIER AVE E & WALLER ST (__5D2DO8),__5D2DO8,01 - Non intersection,03 - P.D. only,03 - Rear end,01 - Clear,01 - Daylight,01 - Dry,10 - No control,,3,0,0,0,,0,,,,,368452.8451,5031734.389,45.42264795,-75.68661945,11664
18--7316,7/10/2018,6:25 PM,CRAIGHALL CIRC @ JOHNSTON RD (0012199),12199,03 - At intersection,03 - P.D. only,02 - Angle,01 - Clear,01 - Daylight,01 - Dry,02 - Stop sign,01 - Functioning,2,0,0,0,,0,,,,,372889.7953,5025787.962,45.36872682,-75.63074948,11665
18--7317,7/10/2018,7:07 AM,REGIONAL RD 174 @ TRIM RD (0012835),12835,02 - Intersection related,03 - P.D. only,03 - Rear end,01 - Clear,01 - Daylight,01 - Dry,01 - Traffic signal,01 - Functioning,2,0,0,0,,0,,,,,384351.862,5039990.375,45.49530046,-75.48214897,11666
18--7318,7/10/2018,7:22 AM,CYRVILLE RD @ INNES RD (0009352),9352,02 - Intersection related,02 - Non-fatal injury,03 - Rear end,01 - Clear,01 - Daylight,01 - Dry,01 - Traffic signal,01 - Functioning,2,0,0,0,02 - Minor,1,,1,,,375047.6877,5031119.507,45.41648444,-75.60244559,11667
18--7319,7/10/2018,8:12 PM,WOODROFFE AVE @ QUEENSBURY DR/RIDEAUCREST DR (0000043),43,02 - Intersection related,03 - P.D. only,03 - Rear end,01 - Clear,01 - Daylight,01 - Dry,01 - Traffic signal,01 - Functioning,2,0,0,0,,0,,,,,365727.8,5016328.356,45.28426963,-75.72333633,11668
18--732,1/13/2018,10:45 AM,GRENON AVE @ RICHMOND RD (0002741),2741,03 - At intersection,03 - P.D. only,02 - Angle,01 - Clear,01 - Daylight,04 - Slush,01 - Traffic signal,01 - Functioning,2,0,0,0,,0,,,,,359807.0189,5024032.813,45.35408295,-75.79794856,11669
18--7320,7/10/2018,8:49 AM,NICHOLAS ST SB btwn RAMP & LAURIER AVE E (__3ZAZP6),__3ZAZP6,04 - At/near private drive,03 - P.D. only,02 - Angle,01 - Clear,01 - Daylight,01 - Dry,10 - No control,,2,0,0,0,,0,,,,,368367.9077,5031808.821,45.42332539,-75.6876951,11670
18--7321,7/10/2018,9:04 AM,CARLING AVE EB ON RAMP/OTTAWA RIVER PKWY btwn CARLING AVE & OTTAWA RIV (__3ZAY0T),__3ZAY0T,01 - Non intersection,03 - P.D. only,03 - Rear end,01 - Clear,01 - Daylight,01 - Dry,10 - No control,,3,0,0,0,,0,,,,,360898.7554,5025154.347,45.36408797,-75.78388858,11671
18--7322,7/10/2018,9:28 AM,QUEEN ST btwn BAY ST & LYON ST N (__3ZA2FT),__3ZA2FT,04 - At/near private drive,03 - P.D. only,02 - Angle,01 - Clear,01 - Daylight,01 - Dry,10 - No control,,2,0,0,0,,0,,,,,366932.4355,5031233.206,45.41827515,-75.70610913,11672
18--7095,7/4/2018,4:08 PM,PRINCE OF WALES DR @ STRANDHERD DR (0013339),13339,03 - At intersection,03 - P.D. only,04 - Sideswipe,01 - Clear,01 - Daylight,01 - Dry,01 - Traffic signal,01 - Functioning,2,0,0,0,,0,,,,,367175.3294,5014824.201,45.27060841,-75.70507504,11673
18--7323,7/10/2018,9:59 AM,MAITLAND AVE @ WOODWARD DR (0003185),3185,03 - At intersection,02 - Non-fatal injury,05 - Turning movement,01 - Clear,01 - Daylight,01 - Dry,01 - Traffic signal,01 - Functioning,2,0,1,0,02 - Minor,1,,1,,,363273.6618,5025662.495,45.36846615,-75.75351484,11674
18--7324,7/11/2018,1:03 PM,KINBURN SIDE RD btwn DONALD B. MUNRO DR & MARY ST (__3ZA4R2),__3ZA4R2,05 - At railway crossing,03 - P.D. only,03 - Rear end,01 - Clear,01 - Daylight,01 - Dry,10 - No control,,2,0,0,0,,0,,,,,328918.8172,5027795.505,45.38968436,-76.19197979,11675
18--7325,7/11/2018,1:15 AM,REGIONAL ROAD 174 btwn QUIGLEY HILL RD & REGIONAL ROAD 174 DIVIDED (__3ZA2Y5),__3ZA2Y5,01 - Non intersection,03 - P.D. only,07 - SMV other,01 - Clear,07 - Dark,01 - Dry,10 - No control,,1,0,0,0,,0,,,,,384835.7851,5040827.664,45.50277821,-75.47582168,11676
18--7326,7/11/2018,1:30 PM,BANK ST btwn RIDEAU RD & TURN LANE (__3ZBPH9),__3ZBPH9,01 - Non intersection,03 - P.D. only,07 - SMV other,01 - Clear,01 - Daylight,01 - Dry,10 - No control,,1,0,0,0,,0,,,,,377539.8008,5016436.317,45.28411796,-75.57276783,11677
18--7540,7/17/2018,3:07 PM,BANK ST @ RIVERSIDE DR N (0010778),10778,03 - At intersection,02 - Non-fatal injury,02 - Angle,01 - Clear,01 - Daylight,01 - Dry,01 - Traffic signal,01 - Functioning,2,0,0,0,02 - Minor,1,,1,,,369225.7161,5027983.546,45.38882841,-75.67723452,11678
18--7327,7/11/2018,10:07 AM,CASTLEFRANK RD @ TERRY FOX DR (0011757),11757,02 - Intersection related,03 - P.D. only,99 - Other,01 - Clear,01 - Daylight,01 - Dry,01 - Traffic signal,01 - Functioning,2,0,0,0,,0,,,,,352993.9672,5016304.802,45.28504611,-75.88564973,11679
18--7328,7/11/2018,10:45 AM,RIDEAU RD btwn BANK ST & DONCASTER RD (__3ZBO26),__3ZBO26,01 - Non intersection,03 - P.D. only,01 - Approaching,01 - Clear,01 - Daylight,01 - Dry,10 - No control,,2,0,0,0,,0,,,,,378032.7525,5018472.15,45.30238432,-75.5661843,11680
18--7329,7/11/2018,10:50 AM,CHARLEMAGNE BLVD @ PRINCESS LOUISE DR W/VALADE (0003731),3731,03 - At intersection,03 - P.D. only,07 - SMV other,01 - Clear,01 - Daylight,01 - Dry,01 - Traffic signal,01 - Functioning,1,0,0,0,,0,,,,,383520.7526,5037973.576,45.47724945,-75.49310454,11681
18--733,1/13/2018,11:18 PM,HIGHWAY 417 btwn HWY417 IC126 RAMP25 & HWY417 IC124 RAMP57 (__3ZA2R5),__3ZA2R5,01 - Non intersection,03 - P.D. only,04 - Sideswipe,01 - Clear,07 - Dark,06 - Ice,10 - No control,,2,0,0,0,,0,,,,,363618.8584,5026438.196,45.37541691,-75.749016,11682
18--7330,7/11/2018,11:15 AM,PLEASANT PARK RD btwn RODNEY CRES & NO NAME (__5DB6SQ),__5DB6SQ,01 - Non intersection,03 - P.D. only,06 - SMV unattended vehicle,01 - Clear,01 - Daylight,01 - Dry,10 - No control,,1,0,0,0,,0,,,,,369991.1596,5028425.316,45.39273248,-75.66740189,11683
18--7331,7/11/2018,11:59 AM,DAKOTA AVE @ HALIFAX DR (0008938),8938,03 - At intersection,02 - Non-fatal injury,02 - Angle,01 - Clear,01 - Daylight,01 - Dry,03 - Yield sign,01 - Functioning,2,0,0,0,03 - Major,1,,,1,,373560.7343,5027957.538,45.38818223,-75.62188299,11684
18--7332,7/11/2018,Unknown,CALDERMILL PRIV btwn CALLISTO WAY & CALLISTO WAY (__78TO4D),__78TO4D,01 - Non intersection,03 - P.D. only,06 - SMV unattended vehicle,01 - Clear,00 - Unknown,01 - Dry,10 - No control,,1,0,0,0,,0,,,,,364998.921,5013117.481,45.25544101,-75.73301595,11685
18--7333,7/11/2018,Unknown,CEDAROCK DR btwn HANOVER CRT & SPRINGTREE PL (__3ZA2VO),__3ZA2VO,01 - Non intersection,03 - P.D. only,06 - SMV unattended vehicle,01 - Clear,00 - Unknown,01 - Dry,10 - No control,,1,0,0,0,,0,,,,,354947.7697,5016875.296,45.29004286,-75.86068759,11686
18--7334,7/11/2018,Unknown,DUNTROON CIRC btwn SHELLBROOK WAY & SHELLBROOK WAY (__4WKB8Q),__4WKB8Q,01 - Non intersection,03 - P.D. only,06 - SMV unattended vehicle,01 - Clear,00 - Unknown,01 - Dry,10 - No control,,1,0,0,0,,0,,,,,372891.2861,5025852.203,45.36930469,-75.63072159,11687
18--7335,7/11/2018,12:26 PM,CONROY RD @ LORRY GREENBERG DR (0011446),11446,02 - Intersection related,03 - P.D. only,03 - Rear end,01 - Clear,01 - Daylight,01 - Dry,01 - Traffic signal,01 - Functioning,2,0,0,0,,0,,,,,373567.9712,5025878.312,45.36947354,-75.62208016,11688
18--7336,7/11/2018,2:18 PM,MERIVALE RD @ WEST HUNT CLUB RD (0000584),584,02 - Intersection related,03 - P.D. only,03 - Rear end,01 - Clear,01 - Daylight,01 - Dry,01 - Traffic signal,01 - Functioning,2,0,0,0,,0,,,,,365612.7513,5021942.616,45.3347962,-75.7241138,11689
18--7337,7/11/2018,2:21 PM,HUNT CLUB RD @ PAUL ANKA DR (0008224),8224,02 - Intersection related,03 - P.D. only,03 - Rear end,01 - Clear,01 - Daylight,01 - Dry,01 - Traffic signal,01 - Functioning,3,0,0,0,,0,,,,,369777.7578,5022897.509,45.34301477,-75.67085412,11690
18--7338,7/11/2018,4:03 PM,OR174 IC112 RAMP15 btwn BLAIR RD & REGIONAL ROAD 174 (__3ZAYAH),__3ZAYAH,01 - Non intersection,02 - Non-fatal injury,03 - Rear end,01 - Clear,01 - Daylight,01 - Dry,10 - No control,,2,0,0,0,01 - Minimal,1,1,,,,375108.1149,5033052.692,45.43387209,-75.60139767,11691
18--7339,7/11/2018,4:12 PM,CARP RD @ ROTHBOURNE RD (0002007),2007,02 - Intersection related,03 - P.D. only,03 - Rear end,01 - Clear,01 - Daylight,01 - Dry,02 - Stop sign,00 - Unknown,2,0,0,0,,0,,,,,348253.6129,5014875.454,45.27249336,-75.94619931,11692
18--734,1/13/2018,11:36 AM,BRIDGE ST btwn MILL ST & WEST RIVER DR (__3ZBODG),__3ZBODG,01 - Non intersection,03 - P.D. only,01 - Approaching,02 - Rain,01 - Daylight,02 - Wet,10 - No control,,2,0,0,0,,0,,,,,368942.6709,5010171.412,45.22858403,-75.68315426,11693
18--7340,7/11/2018,4:27 PM,QUEEN ST btwn KENT ST & BANK ST (__3ZA2FR),__3ZA2FR,04 - At/near private drive,02 - Non-fatal injury,07 - SMV other,01 - Clear,01 - Daylight,01 - Dry,10 - No control,,1,0,0,1,01 - Minimal,1,1,,,,367258.5004,5031436.067,45.4200714,-75.70191756,11694
18--7341,7/11/2018,4:44 PM,BEVERLY ST @ STITTSVILLE MAIN ST (0000083),83,02 - Intersection related,03 - P.D. only,03 - Rear end,01 - Clear,01 - Daylight,01 - Dry,01 - Traffic signal,01 - Functioning,3,0,0,0,,0,,,,,349843.6038,5013825.51,45.26294555,-75.92603168,11695
18--7342,7/11/2018,5:00 PM,ANTLER AVE @ VALIANT ST (0001271),1271,02 - Intersection related,03 - P.D. only,02 - Angle,01 - Clear,01 - Daylight,01 - Dry,03 - Yield sign,01 - Functioning,2,1,0,0,,0,,,,,363253.6367,5015177.362,45.27412306,-75.755008,11696
18--7343,7/11/2018,5:30 PM,BASELINE RD @ CEDARVIEW RD (0010259),10259,02 - Intersection related,03 - P.D. only,03 - Rear end,01 - Clear,01 - Daylight,01 - Dry,01 - Traffic signal,01 - Functioning,2,0,0,0,,0,,,,,358967.5915,5021674.638,45.33292938,-75.80891956,11697
18--7344,7/11/2018,5:36 PM,AIRPORT PKWY btwn RAMP & TO BE DETERMINED (__3ZA222),__3ZA222,01 - Non intersection,03 - P.D. only,03 - Rear end,01 - Clear,01 - Daylight,01 - Dry,10 - No control,,4,0,0,0,,0,,,,,369912.0447,5025715.162,45.36835475,-75.66876963,11698
18--7345,7/11/2018,5:42 PM,MOODIE DR @ CORKSTOWN RD (0000577),577,03 - At intersection,03 - P.D. only,03 - Rear end,01 - Clear,01 - Daylight,01 - Dry,01 - Traffic signal,01 - Functioning,2,0,0,0,,0,,,,,356345.5572,5022761.583,45.34290732,-75.84225647,11699
18--7346,7/11/2018,5:49 PM,MAYFIELD ST @ MCARTHUR AVE (0009190),9190,03 - At intersection,03 - P.D. only,02 - Angle,01 - Clear,01 - Daylight,01 - Dry,02 - Stop sign,01 - Functioning,2,0,0,0,,0,,,,,370065.7068,5032674.584,45.43095883,-75.66588726,11700
18--7347,7/11/2018,5:49 PM,HWY 417 WOODROFF IC127R53 @ WOODROFFE AVE (0002347),2347,02 - Intersection related,03 - P.D. only,03 - Rear end,01 - Clear,01 - Daylight,01 - Dry,03 - Yield sign,01 - Functioning,2,0,0,0,,0,,,,,362206.9339,5024626.637,45.35923377,-75.76725208,11701
18--7348,7/11/2018,6:10 PM,RICHMOND RD @ BELLFIELD ST/RIDGEVALLEY DR (0000521),521,02 - Intersection related,03 - P.D. only,03 - Rear end,01 - Clear,01 - Daylight,01 - Dry,02 - Stop sign,00 - Unknown,2,0,0,0,,0,,,,,359492.6887,5023528.506,45.34956979,-75.80201582,11702
18--7349,7/11/2018,6:56 PM,TALLWOOD DR @ AVENSHIRE GT/MERIDIAN PL (0009774),9774,02 - Intersection related,03 - P.D. only,02 - Angle,01 - Clear,01 - Daylight,01 - Dry,02 - Stop sign,01 - Functioning,2,0,1,0,,0,,,,,362815.466,5022618.418,45.34111389,-75.75972097,11703
18--735,1/13/2018,11:36 PM,KENT ST @ WELLINGTON ST (0002040),2040,02 - Intersection related,03 - P.D. only,04 - Sideswipe,01 - Clear,07 - Dark,02 - Wet,01 - Traffic signal,01 - Functioning,2,0,0,0,,0,,,,,367097.6976,5031526.573,45.42090008,-75.70396062,11704
18--7350,7/11/2018,7:09 PM,ALBERT ST @ BAY ST (0006357),6357,03 - At intersection,03 - P.D. only,04 - Sideswipe,01 - Clear,01 - Daylight,01 - Dry,01 - Traffic signal,01 - Functioning,2,0,0,0,,0,,,,,366942.6595,5031143.663,45.41746856,-75.7059898,11705
18--7351,7/11/2018,7:14 PM,AIRPORT PKWY @ WALKLEY RD SB RAMP (0011347),11347,02 - Intersection related,03 - P.D. only,05 - Turning movement,01 - Clear,01 - Daylight,01 - Dry,10 - No control,,2,0,0,0,,0,,,,,370148.1639,5025414.656,45.36562892,-75.66579536,11706
18--7352,7/11/2018,7:16 AM,HAMPSTEAD PL @ WALKLEY RD (0006845),6845,02 - Intersection related,03 - P.D. only,04 - Sideswipe,01 - Clear,01 - Daylight,01 - Dry,01 - Traffic signal,01 - Functioning,2,0,0,0,,0,,,,,370682.7256,5026149.55,45.37219121,-75.65887412,11707
18--7353,7/11/2018,7:44 AM,ARGYLE AVE N @ ELGIN ST (0007262),7262,03 - At intersection,02 - Non-fatal injury,05 - Turning movement,01 - Clear,01 - Daylight,01 - Dry,01 - Traffic signal,01 - Functioning,2,1,0,0,01 - Minimal,1,1,,,,368493.7208,5030671.575,45.4130814,-75.68623456,11708
18--7354,7/11/2018,7:56 AM,INDUSTRIAL AVE/INNES RD @ ST. LAURENT BLVD (0002203),2203,03 - At intersection,03 - P.D. only,02 - Angle,01 - Clear,01 - Daylight,01 - Dry,01 - Traffic signal,01 - Functioning,2,0,0,0,,0,,,,,373099.6863,5030005.577,45.40665468,-75.6274866,11709
18--7355,7/11/2018,8:15 PM,AHEARN AVE @ SCRIVENS ST (0002976),2976,03 - At intersection,02 - Non-fatal injury,02 - Angle,01 - Clear,01 - Daylight,01 - Dry,03 - Yield sign,01 - Functioning,2,1,0,0,01 - Minimal,1,1,,,,359338.6991,5024457.207,45.35793823,-75.80387843,11710
18--7356,7/11/2018,8:33 AM,LIMEBANK RD btwn EARL ARMSTRONG RD & RIDEAU RD (__3ZA6L5),__3ZA6L5,01 - Non intersection,03 - P.D. only,05 - Turning movement,01 - Clear,01 - Daylight,01 - Dry,10 - No control,,2,0,0,0,,0,,,,,370247.831,5015727.181,45.27845405,-75.66580344,11711
18--7357,7/11/2018,8:33 PM,GREENBANK RD @ STRANDHERD DR (0005563),5563,03 - At intersection,02 - Non-fatal injury,05 - Turning movement,01 - Clear,05 - Dusk,01 - Dry,01 - Traffic signal,01 - Functioning,2,0,0,0,02 - Minor,2,1,1,,,363933.597,5014784.47,45.27053096,-75.74638944,11712
18--7358,7/11/2018,8:38 AM,COLONNADE RD @ MERIVALE RD (0004569),4569,03 - At intersection,02 - Non-fatal injury,05 - Turning movement,01 - Clear,01 - Daylight,01 - Dry,01 - Traffic signal,01 - Functioning,2,1,0,0,02 - Minor,1,,1,,,365363.576,5022544.585,45.3402342,-75.72721896,11713
18--7359,7/11/2018,8:40 PM,HOLMWOOD AVE @ O'CONNOR ST (0007111),7111,03 - At intersection,03 - P.D. only,06 - SMV unattended vehicle,01 - Clear,05 - Dusk,01 - Dry,10 - No control,,1,0,0,0,,0,,,,,368785.7587,5029379.613,45.40143012,-75.68267147,11714
18--736,1/13/2018,11:58 AM,HIGHWAY 417 btwn Continuation of HIGHWAY 417 & HWY417 IC134 RAMP51 (__3ZA29B),__3ZA29B,01 - Non intersection,02 - Non-fatal injury,07 - SMV other,01 - Clear,01 - Daylight,04 - Slush,10 - No control,,1,0,0,0,01 - Minimal,1,1,,,,353722.6942,5020662.59,45.32420806,-75.87593076,11715