Anom_ID,Accident_Date,Accident_Time,Location,Geo_ID,Accident_Location,Classification_of_Accident,Initial_Impact_Type,Environment_Condition,Light,Road_Surface_Condition,Traffic_Control,Traffic_Control_Condition,No__of_Vehicles,No__of_Bicycles,No__of_Motorcycles,No__of_Pedestrians,Max_Injury,No__of_Injuries,No__of_Minimal,No__of_Minor,No__of_Major,No__of_Fatal,X,Y,Latitude,Longitude,ObjectId
18--6827,6/26/2018,6:57 AM,ALBION RD/COLLISTON CRES E @ WALKLEY RD (0011422),11422,02 - Intersection related,03 - P.D. only,03 - Rear end,01 - Clear,01 - Daylight,01 - Dry,01 - Traffic signal,01 - Functioning,2,0,0,0,,0,,,,,371033.7102,5026354.543,45.37400258,-75.6543661,11716
18--6828,6/26/2018,6:57 PM,WOODROFFE AVE SB btwn TO BE DETERMINED & WEST HUNT CLUB RD (__3ZA246),__3ZA246,01 - Non intersection,02 - Non-fatal injury,03 - Rear end,01 - Clear,01 - Daylight,01 - Dry,10 - No control,,2,0,0,0,02 - Minor,1,,1,,,363587.5979,5021429.342,45.33035039,-75.75001064,11717
18--6829,6/26/2018,7:10 AM,AIRPORT PKWY @ HUNT CLUB RD (0010856),10856,02 - Intersection related,03 - P.D. only,03 - Rear end,01 - Clear,01 - Daylight,01 - Dry,01 - Traffic signal,01 - Functioning,2,0,0,0,,0,,,,,371018.5029,5023702.99,45.35014622,-75.65491552,11718
18--683,1/12/2018,12:56 PM,NORMAN ST btwn PRESTON ST & END (__3ZA04T),__3ZA04T,01 - Non intersection,03 - P.D. only,06 - SMV unattended vehicle,02 - Rain,01 - Daylight,02 - Wet,10 - No control,,1,0,0,0,,0,,,,,366698.0763,5029185.753,45.39987351,-75.70936042,11719
18--6830,6/26/2018,7:52 AM,DUROCHER ST @ MONTREAL RD (0009800),9800,03 - At intersection,02 - Non-fatal injury,02 - Angle,01 - Clear,01 - Daylight,01 - Dry,02 - Stop sign,00 - Unknown,2,1,0,0,01 - Minimal,1,1,,,,370136.7182,5033101.583,45.43479416,-75.66492315,11720
18--6831,6/26/2018,7:56 AM,DWYER HILL RD btwn MCCAFFREY TR & BLEEKS RD (__3ZA3FE),__3ZA3FE,01 - Non intersection,02 - Non-fatal injury,07 - SMV other,01 - Clear,01 - Daylight,08 - Loose sand or gravel,10 - No control,,1,0,1,0,02 - Minor,1,,1,,,346183.5745,5001308.081,45.15053208,-75.97370727,11721
18--6832,6/26/2018,7:57 PM,KING EDWARD AVE @ ST. ANDREW ST (0011434),11434,02 - Intersection related,03 - P.D. only,04 - Sideswipe,01 - Clear,01 - Daylight,01 - Dry,01 - Traffic signal,01 - Functioning,2,0,0,0,,0,,,,,368160.7216,5032968.656,45.43377997,-75.69019314,11722
18--6833,6/26/2018,8:04 AM,MERIVALE RD @ BONGARD AVE (0000588),588,03 - At intersection,03 - P.D. only,02 - Angle,01 - Clear,01 - Daylight,01 - Dry,02 - Stop sign,01 - Functioning,2,0,0,0,,0,,,,,365871.6953,5021315.378,45.32912991,-75.72088773,11723
18--6834,6/26/2018,8:25 AM,CARLING AVE @ BROADVIEW AVE (0006707),6707,03 - At intersection,02 - Non-fatal injury,05 - Turning movement,01 - Clear,01 - Daylight,01 - Dry,01 - Traffic signal,01 - Functioning,2,0,0,0,02 - Minor,1,,1,,,363180.645,5026638.667,45.37725737,-75.75458682,11724
18--6835,6/26/2018,8:29 PM,LEMIEUX ST @ ST. LAURENT BLVD (0002021),2021,02 - Intersection related,03 - P.D. only,03 - Rear end,01 - Clear,05 - Dusk,01 - Dry,01 - Traffic signal,01 - Functioning,3,0,0,0,,0,,,,,372391.6894,5031742.559,45.42235198,-75.63629184,11725
18--6836,6/26/2018,8:30 PM,PINEGLADE CRES btwn ORLEANS BLVD & LONGLEAF DR (__3ZA5UZ),__3ZA5UZ,04 - At/near private drive,02 - Non-fatal injury,99 - Other,01 - Clear,05 - Dusk,01 - Dry,10 - No control,,2,0,0,1,02 - Minor,1,,1,,,380453.442,5034172.114,45.44338596,-75.53291687,11726
18--6837,6/26/2018,8:32 AM,HUNT CLUB RD @ RIVERSIDE DR (0002237),2237,02 - Intersection related,03 - P.D. only,03 - Rear end,01 - Clear,01 - Daylight,01 - Dry,01 - Traffic signal,01 - Functioning,2,0,0,0,,0,,,,,368036.65,5021945.563,45.33460847,-75.69319087,11727
18--6838,6/26/2018,8:50 AM,ALTA VISTA DR @ SMYTH RD (0011353),11353,03 - At intersection,03 - P.D. only,05 - Turning movement,01 - Clear,01 - Daylight,01 - Dry,01 - Traffic signal,01 - Functioning,2,0,0,0,,0,,,,,370432.7483,5029081.62,45.39859642,-75.66167537,11728
18--6839,6/26/2018,9:05 PM,CARP RD @ STITTSVILLE MAIN ST (0005253),5253,02 - Intersection related,03 - P.D. only,03 - Rear end,01 - Clear,05 - Dusk,01 - Dry,01 - Traffic signal,01 - Functioning,2,0,0,0,,0,,,,,349524.6992,5014330.271,45.26750792,-75.93004967,11729
18--684,1/12/2018,2:12 PM,METCALFE ST @ GILMOUR ST (0006949),6949,02 - Intersection related,03 - P.D. only,03 - Rear end,02 - Rain,01 - Daylight,02 - Wet,01 - Traffic signal,01 - Functioning,3,0,0,0,,0,,,,,368098.7135,5030960.568,45.4157175,-75.69124363,11730
18--6840,6/26/2018,9:16 AM,SMYTH RD btwn VALOUR DR & BARNHART PL (__3ZA3OH),__3ZA3OH,01 - Non intersection,03 - P.D. only,07 - SMV other,01 - Clear,01 - Daylight,01 - Dry,10 - No control,,1,0,0,0,,0,,,,,370914.8807,5029114.321,45.39884528,-75.6555134,11731
18--6841,6/26/2018,9:35 AM,ALBION RD @ HUNT CLUB RD (0006974),6974,03 - At intersection,02 - Non-fatal injury,05 - Turning movement,01 - Clear,01 - Daylight,01 - Dry,01 - Traffic signal,01 - Functioning,3,0,0,0,02 - Minor,2,,2,,,371867.7466,5024320.486,45.35562154,-75.64399487,11732
18--6842,6/27/2018,1:12 PM,ST. JOSEPH BLVD @ TENTH LINE RD (0009163),9163,02 - Intersection related,02 - Non-fatal injury,07 - SMV other,01 - Clear,01 - Daylight,01 - Dry,01 - Traffic signal,01 - Functioning,1,0,1,0,03 - Major,1,,,1,,382890.8036,5038666.453,45.48355406,-75.50105065,11733
18--6843,6/27/2018,1:45 PM,KENT ST @ MACLAREN ST (0007603),7603,02 - Intersection related,03 - P.D. only,04 - Sideswipe,01 - Clear,01 - Daylight,01 - Dry,02 - Stop sign,01 - Functioning,2,0,0,0,,0,,,,,367572.7707,5030742.509,45.41380286,-75.69799062,11734
18--6844,6/27/2018,10:02 AM,AVIATION PKWY @ OGILVIE RD (0004114),4114,02 - Intersection related,03 - P.D. only,03 - Rear end,01 - Clear,01 - Daylight,01 - Dry,01 - Traffic signal,01 - Functioning,2,0,0,0,,0,,,,,373110.6493,5032376.615,45.42798707,-75.62701788,11735
18--6845,6/27/2018,10:33 PM,CARLING AVE @ BAYSHORE DR/BIRCHDALE AVE (0000021),21,03 - At intersection,03 - P.D. only,05 - Turning movement,02 - Rain,07 - Dark,02 - Wet,01 - Traffic signal,01 - Functioning,2,0,0,0,,0,,,,,359004.8342,5023990.806,45.35376744,-75.80819065,11736
18--6846,6/27/2018,10:49 AM,INDUSTRIAL AVE @ TRAINYARDS DR (0011906),11906,03 - At intersection,03 - P.D. only,02 - Angle,01 - Clear,01 - Daylight,01 - Dry,01 - Traffic signal,01 - Functioning,2,0,0,0,,0,,,,,371685.9187,5030539.553,45.41159569,-75.64547268,11737
18--6847,6/27/2018,11:00 AM,HOG'S BACK RD btwn PRINCE OF WALES DR & COLONEL BY DR (__3ZA22U),__3ZA22U,07 - Overpass or bridge,03 - P.D. only,07 - SMV other,01 - Clear,01 - Daylight,01 - Dry,08 - Traffic gate,01 - Functioning,1,0,0,0,,0,,,,,367560.7108,5025845.529,45.36974226,-75.69876755,11738
18--6848,6/27/2018,11:17 PM,NORICE ST @ SULLIVAN AVE (0001040),1040,03 - At intersection,03 - P.D. only,02 - Angle,01 - Clear,07 - Dark,02 - Wet,02 - Stop sign,01 - Functioning,2,0,0,0,,0,,,,,363562.6021,5022601.493,45.34089941,-75.75019032,11739
18--6849,6/27/2018,11:33 PM,BLAIR RD btwn OR174 IC112 RAMP52 & OR174 IC112 RAMP53 (__3ZAZFM),__3ZAZFM,01 - Non intersection,03 - P.D. only,07 - SMV other,02 - Rain,07 - Dark,02 - Wet,10 - No control,,1,0,0,0,,0,,,,,374841.3666,5032742.109,45.43110441,-75.60485072,11740
18--685,1/12/2018,2:22 AM,HWY417 IC129 RAMP61 btwn HWY417 IC129 RAMP63 & HIGHWAY 417 (__3ZAY5C),__3ZAY5C,01 - Non intersection,03 - P.D. only,07 - SMV other,03 - Snow,07 - Dark,03 - Loose snow,10 - No control,,1,0,0,0,,0,,,,,360604.8062,5023713.232,45.35114434,-75.7878033,11741
18--6850,6/27/2018,11:59 AM,ST. LAURENT BLVD @ MCARTHUR AVE (0008246),8246,02 - Intersection related,02 - Non-fatal injury,03 - Rear end,01 - Clear,01 - Daylight,01 - Dry,01 - Traffic signal,01 - Functioning,2,0,0,0,01 - Minimal,1,1,,,,371921.6579,5032887.61,45.43269988,-75.64214132,11742
18--6851,6/27/2018,Unknown,JAMES ST btwn LYON ST N & KENT ST (__3ZBORG),__3ZBORG,01 - Non intersection,03 - P.D. only,06 - SMV unattended vehicle,01 - Clear,00 - Unknown,01 - Dry,10 - No control,,1,0,0,0,,0,,,,,367518.6914,5030515.566,45.41176574,-75.69871037,11743
18--6852,6/27/2018,Unknown,BLASDELL AVE btwn WINGHAM PL & BLUE MOON PRIV (__3ZA51F),__3ZA51F,01 - Non intersection,03 - P.D. only,06 - SMV unattended vehicle,01 - Clear,00 - Unknown,01 - Dry,10 - No control,,1,0,0,0,,0,,,,,371143.0721,5035242.432,45.45396178,-75.65177358,11744
18--6853,6/27/2018,12:16 PM,WEST HUNT CLUB RD btwn PRINCE OF WALES DR & HUNT CLUB RD (__3ZA2T4),__3ZA2T4,01 - Non intersection,03 - P.D. only,04 - Sideswipe,01 - Clear,01 - Daylight,01 - Dry,10 - No control,,2,0,0,0,,0,,,,,367692.9565,5021881.049,45.33405887,-75.69758367,11745
18--6854,6/27/2018,12:47 PM,EAGLESON RD btwn KATIMAVIK RD & KAKULU RD (__3ZA41U),__3ZA41U,04 - At/near private drive,03 - P.D. only,02 - Angle,01 - Clear,01 - Daylight,01 - Dry,10 - No control,,2,0,0,0,,0,,,,,353263.0729,5019449.576,45.31332501,-75.88191214,11746
18--6855,6/27/2018,2:25 PM,LAFONTAINE AVE @ MCARTHUR AVE (0009806),9806,02 - Intersection related,03 - P.D. only,03 - Rear end,01 - Clear,01 - Daylight,01 - Dry,01 - Traffic signal,01 - Functioning,2,0,0,0,,0,,,,,370949.7847,5032771.678,45.43174938,-75.6545767,11747
18--6856,6/27/2018,2:35 PM,OGILVIE RD @ CITY PARK DR E/CSIS HQ ACCESS (0003696),3696,03 - At intersection,03 - P.D. only,05 - Turning movement,01 - Clear,01 - Daylight,01 - Dry,01 - Traffic signal,01 - Functioning,2,0,0,0,,0,,,,,374188.7574,5033010.697,45.43358608,-75.6131524,11748
18--6857,6/27/2018,2:45 PM,GRANT CARMAN DR @ FAMILY BROWN LANE (0010458),10458,03 - At intersection,02 - Non-fatal injury,02 - Angle,01 - Clear,01 - Daylight,01 - Dry,02 - Stop sign,01 - Functioning,2,1,0,0,01 - Minimal,1,1,,,,365218.7942,5023514.937,45.34897778,-75.72894766,11749
18--6858,6/27/2018,2:57 PM,9TH LINE RD @ PARKWAY RD (0001574),1574,03 - At intersection,03 - P.D. only,02 - Angle,01 - Clear,01 - Daylight,01 - Dry,02 - Stop sign,01 - Functioning,2,0,0,0,,0,,,,,384900.7986,5017936.44,45.29681483,-75.47870743,11750
18--6859,6/27/2018,3:14 PM,AVIATION PKWY @ OGILVIE RD (0004114),4114,03 - At intersection,03 - P.D. only,02 - Angle,01 - Clear,01 - Daylight,01 - Dry,01 - Traffic signal,01 - Functioning,2,0,0,0,,0,,,,,373110.507,5032376.489,45.42798595,-75.62701972,11751
18--686,1/12/2018,2:23 PM,HWY 416 WESTHUNT IC72R34 @ WEST HUNT CLUB RD (0005218),5218,02 - Intersection related,03 - P.D. only,03 - Rear end,03 - Snow,01 - Daylight,05 - Packed snow,01 - Traffic signal,01 - Functioning,2,0,0,0,,0,,,,,359370.8955,5019361.439,45.31208385,-75.80402941,11752
18--6860,6/27/2018,3:15 PM,LABELLE ST/RAMP @ LEMIEUX ST/HWY417 IC115 RAMP (0012538),12538,02 - Intersection related,03 - P.D. only,03 - Rear end,01 - Clear,01 - Daylight,01 - Dry,02 - Stop sign,01 - Functioning,2,0,0,0,,0,,,,,372541.7041,5031688.624,45.42185219,-75.63438255,11753
18--6861,6/27/2018,4:15 PM,PALLADIUM DR btwn HUNTMAR DR & HWY417 IC142 RAMP25 (__3ZAZW2),__3ZAZW2,04 - At/near private drive,03 - P.D. only,02 - Angle,02 - Rain,01 - Daylight,02 - Wet,10 - No control,,2,0,0,0,,0,,,,,349662.5994,5017353.35,45.2947018,-75.92801915,11754
18--6862,6/27/2018,4:20 PM,ATHLONE AVE btwn SCOTT ST & RICHMOND RD (__3ZA0KB),__3ZA0KB,01 - Non intersection,03 - P.D. only,06 - SMV unattended vehicle,01 - Clear,01 - Daylight,01 - Dry,10 - No control,,1,0,0,0,,0,,,,,363429.2779,5028498.291,45.39396922,-75.75119162,11755
18--6863,6/27/2018,4:48 PM,HIGHWAY 417 btwn HWY417 IC155 RAMP61 & HWY417 IC145 RAMP56 (__3ZA2Q2),__3ZA2Q2,01 - Non intersection,03 - P.D. only,07 - SMV other,02 - Rain,01 - Daylight,02 - Wet,10 - No control,,1,0,0,0,,0,,,,,344438.1931,5015356.823,45.27705035,-75.99478504,11756
18--6864,6/27/2018,5:01 PM,MCRAE AVE @ RICHMOND RD (0006867),6867,02 - Intersection related,03 - P.D. only,04 - Sideswipe,01 - Clear,01 - Daylight,01 - Dry,01 - Traffic signal,01 - Functioning,2,0,0,0,,0,,,,,363609.5885,5028538.422,45.39431519,-75.74888412,11757
18--6865,6/27/2018,5:18 PM,HUNTMAR DR btwn PALLADIUM DR & MAPLE GROVE RD (__3ZA1EH),__3ZA1EH,01 - Non intersection,03 - P.D. only,03 - Rear end,02 - Rain,01 - Daylight,02 - Wet,10 - No control,,3,0,0,0,,0,,,,,350032.9592,5016971.738,45.2912442,-75.92333225,11758
18--6866,6/27/2018,5:18 PM,MARCH VALLEY RD btwn RIDDELL DR & KLONDIKE RD (__3ZACJC),__3ZACJC,01 - Non intersection,02 - Non-fatal injury,07 - SMV other,02 - Rain,01 - Daylight,02 - Wet,10 - No control,,1,0,0,0,02 - Minor,1,,1,,,349548.2357,5025786.455,45.3705923,-75.92871474,11759
18--6867,6/27/2018,5:35 AM,HAZELDEAN RD @ HUNTMAR DR/IBER RD (0000075),75,03 - At intersection,02 - Non-fatal injury,05 - Turning movement,01 - Clear,03 - Dawn,01 - Dry,01 - Traffic signal,01 - Functioning,2,0,0,0,01 - Minimal,1,1,,,,350942.5772,5016079.521,45.28315663,-75.91181926,11760
18--6868,6/27/2018,5:50 PM,RIVERSIDE DR @ UPLANDS DR/KIMBERWICK CRES N (0006890),6890,02 - Intersection related,03 - P.D. only,03 - Rear end,01 - Clear,01 - Daylight,01 - Dry,01 - Traffic signal,01 - Functioning,2,0,0,0,,0,,,,,368194.6948,5022793.422,45.34222306,-75.69106602,11761
18--6869,6/27/2018,6:00 PM,WEST HUNT CLUB RD EB btwn 210 W OF MERIVALE RD & MERIVALE RD (__3ZA3JDB),__3ZA3JDB,01 - Non intersection,03 - P.D. only,03 - Rear end,02 - Rain,01 - Daylight,02 - Wet,10 - No control,,2,0,0,0,,0,,,,,365529.9493,5021874.511,45.33419058,-75.7251785,11762
18--687,1/12/2018,2:30 PM,WEST HUNT CLUB RD @ WOODROFFE AVE (0000576),576,02 - Intersection related,03 - P.D. only,04 - Sideswipe,02 - Rain,01 - Daylight,02 - Wet,01 - Traffic signal,01 - Functioning,2,0,0,0,,0,,,,,363670.6912,5021246.489,45.32869813,-75.74897241,11763
18--6870,6/27/2018,6:05 PM,EAGLESON RD btwn EAGLESON RD & FLEWELLYN RD (__3ZA41C),__3ZA41C,01 - Non intersection,03 - P.D. only,03 - Rear end,02 - Rain,01 - Daylight,02 - Wet,10 - No control,,2,0,0,0,,0,,,,,355316.4395,5014291.286,45.26676498,-75.85625085,11764
18--6871,6/27/2018,6:36 PM,HIGHWAY 417 btwn HWY417 IC127 RAMP63 & HWY417 IC127 RAMP67 (__3ZA2RF),__3ZA2RF,01 - Non intersection,03 - P.D. only,03 - Rear end,01 - Clear,01 - Daylight,01 - Dry,10 - No control,,4,0,0,0,,0,,,,,362176.8054,5024892.722,45.36163045,-75.76760573,11765
18--6872,6/27/2018,7:14 PM,YORK ST WB btwn BYWARD MARKE SQ & SUSSEX DR (__3ZA1B0),__3ZA1B0,01 - Non intersection,03 - P.D. only,06 - SMV unattended vehicle,01 - Clear,01 - Daylight,01 - Dry,10 - No control,,1,0,0,0,,0,,,,,367920.442,5032336.389,45.42811279,-75.69334487,11766
18--6873,6/27/2018,7:25 AM,RICHMOND RD @ LYNHAR RD/STAFFORD RD (0000155),155,02 - Intersection related,03 - P.D. only,03 - Rear end,01 - Clear,01 - Daylight,01 - Dry,01 - Traffic signal,01 - Functioning,2,0,0,0,,0,,,,,358137.7123,5021086.511,45.32770094,-75.81956993,11767
18--6874,6/27/2018,7:32 AM,SMYTH RD @ GENERAL HOSPITAL E (0008855),8855,03 - At intersection,03 - P.D. only,05 - Turning movement,01 - Clear,01 - Daylight,01 - Dry,01 - Traffic signal,01 - Functioning,2,0,0,0,,0,,,,,371516.663,5029181.629,45.39939381,-75.64781857,11768
18--6875,6/27/2018,8:53 PM,BELFAST RD @ TREMBLAY RD (0002698),2698,02 - Intersection related,02 - Non-fatal injury,03 - Rear end,99 - Other,05 - Dusk,02 - Wet,01 - Traffic signal,01 - Functioning,2,0,0,0,03 - Major,1,,,1,,371558.744,5031320.507,45.41863453,-75.64699148,11769
18--6876,6/27/2018,9:24 AM,VIEWMOUNT DR @ MERIVALE RD (0001528),1528,02 - Intersection related,03 - P.D. only,03 - Rear end,01 - Clear,01 - Daylight,01 - Dry,01 - Traffic signal,01 - Functioning,2,0,0,0,,0,,,,,365193.6593,5022948.6,45.34388412,-75.72933755,11770
18--6877,6/27/2018,9:27 PM,PRESTON ST btwn PAMILLA ST & ADELINE ST (__3ZBODV),__3ZBODV,01 - Non intersection,03 - P.D. only,06 - SMV unattended vehicle,01 - Clear,07 - Dark,01 - Dry,10 - No control,,1,0,0,0,,0,,,,,366753.2528,5029110.318,45.39918989,-75.70866518,11771
18--6878,6/27/2018,9:55 PM,BONGARD AVE @ GIFFORD ST/TRISTAN CRT (0000162),162,03 - At intersection,03 - P.D. only,03 - Rear end,02 - Rain,07 - Dark,02 - Wet,03 - Yield sign,01 - Functioning,2,0,0,0,,0,,,,,366407.6573,5021653.538,45.33212578,-75.71400884,11772
18--6879,6/28/2018,1:34 AM,ROSEBELLA AVE btwn EIGHTH ST & CONROY RD (__3ZA8P3),__3ZA8P3,01 - Non intersection,03 - P.D. only,06 - SMV unattended vehicle,02 - Rain,07 - Dark,02 - Wet,10 - No control,,1,0,0,0,,0,,,,,373893.8083,5023957.099,45.35215521,-75.61818947,11773
18--688,1/12/2018,3:10 PM,PARKGLEN DR @ WOODROFFE AVE (0001099),1099,02 - Intersection related,03 - P.D. only,02 - Angle,02 - Rain,01 - Daylight,02 - Wet,02 - Stop sign,00 - Unknown,2,0,0,0,,0,,,,,362887.1896,5023125.732,45.34567273,-75.75874628,11774
18--6880,6/28/2018,10:01 AM,HUNT CLUB RD @ UPLANDS DR (0010844),10844,02 - Intersection related,03 - P.D. only,03 - Rear end,01 - Clear,01 - Daylight,01 - Dry,01 - Traffic signal,01 - Functioning,2,0,0,0,,0,,,,,370156.7561,5023121.499,45.34499496,-75.66598885,11775
18--6881,6/28/2018,11:24 AM,O'CONNOR ST btwn LAURIER AVE W & GLOUCESTER ST (__3ZBOES),__3ZBOES,01 - Non intersection,03 - P.D. only,04 - Sideswipe,01 - Clear,01 - Daylight,01 - Dry,10 - No control,,2,0,0,0,,0,,,,,367638.9342,5031354.913,45.41930714,-75.69706728,11776
18--6882,6/28/2018,11:45 AM,ST. JOSEPH BLVD/OLD MONTREAL RD @ TRIM RD (0004118),4118,03 - At intersection,03 - P.D. only,04 - Sideswipe,01 - Clear,01 - Daylight,01 - Dry,11 - Roundabout,01 - Functioning,2,0,0,0,,0,,,,,384682.7663,5039285.568,45.4889215,-75.47803049,11777
18--6883,6/28/2018,11:50 AM,BRONSON AVE btwn LISGAR ST & COOPER ST (__3ZA33P),__3ZA33P,04 - At/near private drive,02 - Non-fatal injury,05 - Turning movement,01 - Clear,01 - Daylight,01 - Dry,10 - No control,,2,1,0,0,02 - Minor,1,,1,,,366910.3526,5030609.981,45.41266952,-75.70646981,11778
18--6884,6/28/2018,Unknown,CUTTS PRIV btwn CAHILL DR & PATOLA PRIV (__3ZBO0W),__3ZBO0W,01 - Non intersection,03 - P.D. only,06 - SMV unattended vehicle,01 - Clear,00 - Unknown,01 - Dry,10 - No control,,1,0,0,0,,0,,,,,372012.0164,5024819.102,45.3600941,-75.64208592,11779
18--6885,6/28/2018,Unknown,LOGPERCH CIR btwn LOGPERCH CIR & LOGPERCH CIR (e___2JMH),e___2JMH,01 - Non intersection,03 - P.D. only,06 - SMV unattended vehicle,01 - Clear,00 - Unknown,01 - Dry,10 - No control,,1,0,0,0,,0,,,,,364088.798,5013088.819,45.25526038,-75.74461407,11780
18--6886,6/28/2018,Unknown,GRENADIER WAY btwn QUEENSBURY DR & FIELDCREST AVE (__3ZA599),__3ZA599,01 - Non intersection,03 - P.D. only,06 - SMV unattended vehicle,01 - Clear,00 - Unknown,01 - Dry,10 - No control,,1,0,0,0,,0,,,,,365694.2886,5016131.301,45.28249944,-75.72378765,11781
18--6887,6/28/2018,12:10 PM,WEST HUNT CLUB RD @ ANTARES DR/LASER ST (0000116),116,02 - Intersection related,02 - Non-fatal injury,03 - Rear end,02 - Rain,01 - Daylight,02 - Wet,01 - Traffic signal,01 - Functioning,2,0,0,0,01 - Minimal,1,1,,,,367107.6074,5022081.523,45.33591492,-75.70502585,11782
18--6888,6/28/2018,12:22 PM,HWY417 IC134 RAMP51 btwn HIGHWAY 417 & HWY417 IC134 RAMP53 (__3ZAYBU),__3ZAYBU,01 - Non intersection,03 - P.D. only,07 - SMV other,01 - Clear,01 - Daylight,01 - Dry,10 - No control,,1,0,0,0,,0,,,,,356152.0615,5022059.663,45.33660556,-75.84479825,11783
18--6889,6/28/2018,12:44 PM,SUNSET BLVD btwn TRANQUIL GT & OLD PRESCOTT RD (__3ZA5UT),__3ZA5UT,04 - At/near private drive,03 - P.D. only,05 - Turning movement,01 - Clear,01 - Daylight,01 - Dry,10 - No control,,2,0,0,0,,0,,,,,376997.1038,5015323.844,45.2741643,-75.57984664,11784
18--689,1/12/2018,3:16 PM,MERIVALE RD @ CAPILANO DR/WITHROW AVE (0009820),9820,02 - Intersection related,03 - P.D. only,03 - Rear end,02 - Rain,01 - Daylight,02 - Wet,01 - Traffic signal,01 - Functioning,2,0,0,0,,0,,,,,364642.6245,5024227.936,45.35544265,-75.73621367,11785
18--6890,6/28/2018,2:21 AM,HIGHWAY 417 btwn Continuation of HIGHWAY 417 & HWY417 IC134 RAMP51 (__3ZA29B),__3ZA29B,01 - Non intersection,03 - P.D. only,07 - SMV other,01 - Clear,07 - Dark,01 - Dry,10 - No control,,1,0,0,0,,0,,,,,354893.3408,5021347.03,45.33028419,-75.8609294,11786
18--6891,6/28/2018,2:28 PM,FOREST VALLEY DR @ ORLEANS BLVD (0003627),3627,02 - Intersection related,02 - Non-fatal injury,03 - Rear end,01 - Clear,01 - Daylight,01 - Dry,01 - Traffic signal,01 - Functioning,2,0,0,0,02 - Minor,1,,1,,,380258.74,5034819.643,45.44923298,-75.5353061,11787
18--6892,6/28/2018,2:30 PM,ST. JOSEPH BLVD btwn COUSINEAU ST & DUSSERE ST (__3ZA2AL),__3ZA2AL,01 - Non intersection,03 - P.D. only,04 - Sideswipe,01 - Clear,01 - Daylight,01 - Dry,10 - No control,,2,0,0,0,,0,,,,,380712.3819,5037032.625,45.46909451,-75.52916573,11788
18--6893,6/28/2018,3:18 PM,GREENBANK RD @ STRANDHERD DR (0005563),5563,03 - At intersection,03 - P.D. only,05 - Turning movement,01 - Clear,01 - Daylight,01 - Dry,01 - Traffic signal,00 - Unknown,2,0,0,0,,0,,,,,363933.7182,5014784.408,45.27053039,-75.7463879,11789
18--6894,6/28/2018,3:23 PM,HIGHWAY 417 btwn HWY417 IC122 RAMP16 & HWY417 IC122 RAMP61 (__3ZA2RA),__3ZA2RA,01 - Non intersection,03 - P.D. only,03 - Rear end,01 - Clear,01 - Daylight,01 - Dry,10 - No control,,2,0,0,0,,0,,,,,365397.4048,5028939.161,45.39776852,-75.72600298,11790
18--6895,6/28/2018,3:45 PM,RICHMOND RD @ WEST HUNT CLUB RD (0000598),598,03 - At intersection,03 - P.D. only,03 - Rear end,01 - Clear,01 - Daylight,01 - Dry,01 - Traffic signal,01 - Functioning,2,0,0,0,,0,,,,,357145.5614,5018152.444,45.30137456,-75.83253595,11791
18--6896,6/28/2018,3:51 PM,DES PERES BLANCS AVE btwn STE. CECILE ST & LONGPRE ST (__3ZA8XG),__3ZA8XG,01 - Non intersection,03 - P.D. only,03 - Rear end,01 - Clear,01 - Daylight,01 - Dry,10 - No control,,2,0,0,0,,0,,,,,370169.3618,5033781.299,45.44090691,-75.66441571,11792
18--6897,6/28/2018,4:27 PM,BREEZEHILL AVE @ GLADSTONE AVE (0006286),6286,03 - At intersection,03 - P.D. only,02 - Angle,01 - Clear,01 - Daylight,01 - Dry,02 - Stop sign,01 - Functioning,2,0,0,0,,0,,,,,366098.686,5029523.569,45.40296584,-75.71697387,11793
18--6898,6/28/2018,4:28 PM,DONALD ST btwn FINDON GT & BELGATE WAY (__3ZBO2T),__3ZBO2T,01 - Non intersection,02 - Non-fatal injury,07 - SMV other,01 - Clear,01 - Daylight,01 - Dry,10 - No control,,1,0,0,1,01 - Minimal,1,1,,,,372426.9661,5032446.604,45.42868324,-75.63574446,11794
18--7541,7/17/2018,3:15 PM,MACKENZIE AVE btwn RIDEAU ST & COLONEL BY DR (__3ZA40Q),__3ZA40Q,07 - Overpass or bridge,03 - P.D. only,04 - Sideswipe,01 - Clear,01 - Daylight,01 - Dry,10 - No control,,2,0,0,0,,0,,,,,367979.2165,5031932.442,45.4244729,-75.69264565,11795
18--7096,7/4/2018,4:16 PM,HOG'S BACK RD btwn COLONEL BY DR & RIVERSIDE DR (__3ZA22W),__3ZA22W,01 - Non intersection,03 - P.D. only,04 - Sideswipe,01 - Clear,01 - Daylight,01 - Dry,10 - No control,,2,0,1,0,,0,,,,,367615.679,5025882.312,45.3700683,-75.69806119,11796
18--6899,6/28/2018,4:58 PM,MEADOWLANDS DR btwn BROOK LANE & WITHROW AVE (__3ZA4HH),__3ZA4HH,01 - Non intersection,03 - P.D. only,03 - Rear end,01 - Clear,01 - Daylight,01 - Dry,10 - No control,,3,0,0,0,,0,,,,,363655.68,5023058.705,45.34500556,-75.74894835,11797