Anom_ID,Accident_Date,Accident_Time,Location,Geo_ID,Accident_Location,Classification_of_Accident,Initial_Impact_Type,Environment_Condition,Light,Road_Surface_Condition,Traffic_Control,Traffic_Control_Condition,No__of_Vehicles,No__of_Bicycles,No__of_Motorcycles,No__of_Pedestrians,Max_Injury,No__of_Injuries,No__of_Minimal,No__of_Minor,No__of_Major,No__of_Fatal,X,Y,Latitude,Longitude,ObjectId
18--69,1/2/2018,11:50 AM,CARP RD/HWY 417 CARP IC144R63 @ HWY 417 CARP I (0001100),1100,02 - Intersection related,03 - P.D. only,03 - Rear end,03 - Snow,01 - Daylight,03 - Loose snow,01 - Traffic signal,01 - Functioning,2,0,0,0,,0,,,,,347300.5799,5015926.447,45.28200885,-75.95825484,11798
18--690,1/12/2018,3:41 PM,MANN AVE @ RUSSELL AVE (0006976),6976,02 - Intersection related,02 - Non-fatal injury,07 - SMV other,04 - Freezing Rain,01 - Daylight,02 - Wet,02 - Stop sign,01 - Functioning,1,0,0,1,02 - Minor,1,,1,,,369469.6692,5031504.581,45.42048697,-75.67365759,11799
18--6900,6/28/2018,6:12 PM,BANK ST @ JOHNSTON RD (0006967),6967,03 - At intersection,03 - P.D. only,05 - Turning movement,01 - Clear,01 - Daylight,01 - Dry,01 - Traffic signal,01 - Functioning,2,0,0,0,,0,,,,,370851.7917,5024839.519,45.36038807,-75.65689102,11800
18--6901,6/28/2018,6:13 PM,INDUSTRIAL AVE btwn TRAINYARDS DR & RUSSELL RD (__3ZA3R9),__3ZA3R9,01 - Non intersection,03 - P.D. only,04 - Sideswipe,01 - Clear,01 - Daylight,01 - Dry,10 - No control,,2,0,0,0,,0,,,,,371712.8781,5030535.58,45.41155737,-75.64512883,11801
18--6902,6/28/2018,6:17 PM,CARLING AVE WB btwn SHERBOURNE RD & BROADVIEW AVE (__3ZA4U0),__3ZA4U0,04 - At/near private drive,02 - Non-fatal injury,05 - Turning movement,01 - Clear,01 - Daylight,01 - Dry,10 - No control,,2,1,0,0,01 - Minimal,1,1,,,,363031.9525,5026544.71,45.37642433,-75.75649627,11802
18--6903,6/28/2018,6:35 PM,HARWOOD AVE @ PINECREST RD (0002747),2747,03 - At intersection,03 - P.D. only,05 - Turning movement,01 - Clear,01 - Daylight,01 - Dry,02 - Stop sign,00 - Unknown,2,0,0,0,,0,,,,,360209.5561,5024120.569,45.35484089,-75.79280156,11803
18--6904,6/28/2018,7:00 AM,FISHER AVE @ PRINCE OF WALES DR (0000572),572,02 - Intersection related,03 - P.D. only,07 - SMV other,01 - Clear,01 - Daylight,02 - Wet,01 - Traffic signal,01 - Functioning,1,0,0,0,,0,,,,,367161.7046,5023942.511,45.35265493,-75.70410108,11804
18--6905,6/28/2018,7:09 AM,DUFORD DR btwn BELLETERRE ST & JAMISON AVE (__3ZAZWP),__3ZAZWP,01 - Non intersection,03 - P.D. only,07 - SMV other,01 - Clear,01 - Daylight,02 - Wet,10 - No control,,1,0,0,0,,0,,,,,381866.1271,5037701.898,45.47498971,-75.51430784,11805
18--6906,6/28/2018,7:10 PM,MOODIE DR btwn HWY417 IC134 RAMP25 & HWY417 IC134 RAMP53 (__3ZA4ZY),__3ZA4ZY,01 - Non intersection,03 - P.D. only,07 - SMV other,01 - Clear,01 - Daylight,01 - Dry,10 - No control,,1,0,0,0,,0,,,,,356484.3241,5021898.268,45.33512892,-75.84057604,11806
18--6907,6/28/2018,7:16 PM,CHAPMAN MILLS DR @ LONGFIELDS DR (0013784),13784,02 - Intersection related,03 - P.D. only,03 - Rear end,01 - Clear,01 - Daylight,01 - Dry,02 - Stop sign,01 - Functioning,2,0,0,0,,0,,,,,364841.826,5014582.921,45.26864047,-75.73484018,11807
18--6908,6/28/2018,7:23 AM,WOODROFFE AVE btwn GRENFELL CRES & 260 N OF FALLOWFIELD RD/TRANSITWAY  (__3ZA3IO),__3ZA3IO,01 - Non intersection,02 - Non-fatal injury,07 - SMV other,01 - Clear,01 - Daylight,01 - Dry,10 - No control,,1,0,0,0,02 - Minor,1,,1,,,364566.2073,5019190.244,45.31012051,-75.73779722,11808
18--6909,6/28/2018,7:47 PM,MERIVALE RD/LOTTA AVE @ CLYDE AVE (0001112),1112,03 - At intersection,03 - P.D. only,02 - Angle,01 - Clear,01 - Daylight,01 - Dry,01 - Traffic signal,01 - Functioning,2,0,0,0,,0,,,,,364521.5899,5024507.669,45.35796996,-75.73772453,11809
18--7542,7/17/2018,3:16 PM,CONROY RD @ HUNT CLUB RD (0002257),2257,02 - Intersection related,03 - P.D. only,03 - Rear end,01 - Clear,01 - Daylight,01 - Dry,01 - Traffic signal,01 - Functioning,2,0,0,0,,0,,,,,373763.7311,5025404.535,45.36519146,-75.61964744,11810
18--7543,7/17/2018,3:23 PM,HIGHWAY 416 btwn HWY416 IC49 RAMP24 & HWY416 IC42 RAMP42 (__3ZA29T),__3ZA29T,01 - Non intersection,02 - Non-fatal injury,07 - SMV other,01 - Clear,01 - Daylight,01 - Dry,10 - No control,,1,0,0,0,02 - Minor,1,,1,,,369585.829,4999878.881,45.13591292,-75.67630122,11811
18--7544,7/17/2018,3:55 PM,BANK ST @ RIVERDALE AVE (0007210),7210,02 - Intersection related,03 - P.D. only,04 - Sideswipe,01 - Clear,01 - Daylight,01 - Dry,01 - Traffic signal,01 - Functioning,2,0,0,0,,0,,,,,369077.5473,5028117.021,45.39004299,-75.67910917,11812
18--7545,7/17/2018,4:00 PM,BANTREE ST @ INNES RD (0007684),7684,02 - Intersection related,03 - P.D. only,03 - Rear end,01 - Clear,01 - Daylight,01 - Dry,01 - Traffic signal,00 - Unknown,2,0,0,0,,0,,,,,373705.6546,5030406.599,45.41020349,-75.61969035,11813
18--7546,7/17/2018,4:09 PM,INNES RD @ VISENEAU DR (0012442),12442,02 - Intersection related,03 - P.D. only,03 - Rear end,01 - Clear,01 - Daylight,01 - Dry,01 - Traffic signal,01 - Functioning,2,0,0,0,,0,,,,,381798.7475,5035073.58,45.45134973,-75.51558119,11814
18--7547,7/17/2018,4:19 PM,OLD ST. PATRICK ST btwn BEAUSOLEIL DR & END (__3ZA7DO),__3ZA7DO,01 - Non intersection,03 - P.D. only,06 - SMV unattended vehicle,01 - Clear,01 - Daylight,01 - Dry,10 - No control,,1,0,0,0,,0,,,,,368497.9944,5032973.956,45.43379702,-75.68588225,11815
18--7548,7/17/2018,4:25 AM,RIVERSIDE DR @ RIVERSIDE HOSPITAL (0011960),11960,03 - At intersection,03 - P.D. only,05 - Turning movement,01 - Clear,07 - Dark,02 - Wet,01 - Traffic signal,01 - Functioning,2,0,0,0,,0,,,,,369715.1678,5028627.403,45.39457643,-75.6708998,11816
18--12725,11/23/2018,7:46 AM,BASELINE RD @ FISHER AVE (0002346),2346,03 - At intersection,01 - Fatal injury,02 - Angle,01 - Clear,01 - Daylight,01 - Dry,01 - Traffic signal,01 - Functioning,2,0,0,1,04 - Fatal,3,,2,,1,366166.6936,5026028.533,45.37151235,-75.7165398,3239
18--755,1/13/2018,3:28 PM,BRUYERE ST @ PARENT AVE (0008428),8428,03 - At intersection,03 - P.D. only,02 - Angle,01 - Clear,01 - Daylight,03 - Loose snow,02 - Stop sign,01 - Functioning,2,0,0,0,,0,,,,,367687.3517,5032763.583,45.43197753,-75.69626883,11818
18--7550,7/17/2018,4:26 PM,LYON ST @ SLATER ST (0002207),2207,02 - Intersection related,03 - P.D. only,04 - Sideswipe,01 - Clear,01 - Daylight,01 - Dry,01 - Traffic signal,01 - Functioning,2,0,0,0,,0,,,,,367102.4478,5031152.819,45.41753674,-75.70394719,11819
18--7551,7/17/2018,4:53 PM,BASELINE RD @ MERIVALE RD (0002342),2342,03 - At intersection,03 - P.D. only,05 - Turning movement,01 - Clear,01 - Daylight,01 - Dry,01 - Traffic signal,01 - Functioning,2,0,0,0,,0,,,,,365054.7405,5025325.555,45.36528356,-75.73082039,11820
18--7552,7/17/2018,5:13 PM,CARLING AVE @ CONNAUGHT AVE (0002143),2143,03 - At intersection,03 - P.D. only,05 - Turning movement,01 - Clear,01 - Daylight,01 - Dry,01 - Traffic signal,01 - Functioning,2,0,0,0,,0,,,,,360770.6765,5025117.514,45.36376679,-75.78552758,11821
18--7553,7/17/2018,5:19 PM,EAGLESON RD btwn SHATNER GT & HAZELDEAN RD (__3ZA41R),__3ZA41R,01 - Non intersection,03 - P.D. only,03 - Rear end,01 - Clear,01 - Daylight,01 - Dry,10 - No control,,4,0,0,0,,0,,,,,353531.107,5018782.971,45.30730821,-75.87855944,11822
18--7554,7/17/2018,5:20 PM,HIGHWAY 417 btwn HWY417 IC144 RAMP61 & HWY417 IC142 RAMP16 (__3ZA20K),__3ZA20K,01 - Non intersection,03 - P.D. only,03 - Rear end,01 - Clear,01 - Daylight,01 - Dry,10 - No control,,2,0,0,0,,0,,,,,348488.2346,5016856.775,45.29030745,-75.94303487,11823
18--7555,7/17/2018,5:20 PM,HIGHWAY 417 btwn HWY417 IC124 RAMP65 & HWY417 IC122 RAMP51 (__3ZA2R8),__3ZA2R8,01 - Non intersection,03 - P.D. only,03 - Rear end,01 - Clear,01 - Daylight,01 - Dry,10 - No control,,3,0,0,0,,0,,,,,365130.7712,5028676.053,45.39542416,-75.7294405,11824
18--7556,7/17/2018,5:30 PM,INDUSTRIAL AVE @ RIVERSIDE DR (0011905),11905,02 - Intersection related,03 - P.D. only,04 - Sideswipe,01 - Clear,01 - Daylight,01 - Dry,01 - Traffic signal,01 - Functioning,2,0,0,0,,0,,,,,370684.5929,5030592.645,45.41216838,-75.65825702,11825
18--7557,7/17/2018,5:33 PM,HIGHWAY 417 btwn HWY417 IC127 RAMP67 & HWY417 IC126 RAMP16 (__3ZA2X0),__3ZA2X0,01 - Non intersection,03 - P.D. only,03 - Rear end,01 - Clear,01 - Daylight,01 - Dry,10 - No control,,3,0,0,0,,0,,,,,362791.7758,5025379.153,45.3659567,-75.75969942,11826
18--7558,7/17/2018,5:35 PM,REGIONAL ROAD 174 EB btwn HWY417 IC113 RAMP65 & OR174 BLAIR IC112 RAMP51 (__3ZAZFJ),__3ZAZFJ,01 - Non intersection,03 - P.D. only,03 - Rear end,01 - Clear,01 - Daylight,01 - Dry,10 - No control,,4,0,0,0,,0,,,,,374384.874,5032511.244,45.42907278,-75.61071674,11827
18--7559,7/17/2018,5:36 PM,FITZGERALD RD @ ROBERTSON RD (0005301),5301,02 - Intersection related,03 - P.D. only,05 - Turning movement,01 - Clear,01 - Daylight,01 - Dry,01 - Traffic signal,01 - Functioning,2,0,0,0,,0,,,,,356789.557,5020289.348,45.32062914,-75.83685089,11828
18--756,1/13/2018,3:29 PM,ALBION RD @ FINDLAY CREEK DR (0013587),13587,02 - Intersection related,02 - Non-fatal injury,03 - Rear end,01 - Clear,01 - Daylight,05 - Packed snow,01 - Traffic signal,01 - Functioning,2,0,0,0,01 - Minimal,1,1,,,,374010.0249,5019208.054,45.30941359,-75.61737042,11829
18--7560,7/17/2018,5:45 PM,FAIRLEA CRES btwn HEATHERINGTON RD & CORLEY PRIV (__3ZA0T4),__3ZA0T4,01 - Non intersection,03 - P.D. only,99 - Other,01 - Clear,01 - Daylight,01 - Dry,10 - No control,,2,0,0,0,,0,,,,,371993.3888,5026531.578,45.37550411,-75.64209076,11830
18--7561,7/17/2018,5:46 PM,ST. JOSEPH BLVD btwn NOTRE DAME ST W & MARENGER ST (__3ZA2BR),__3ZA2BR,01 - Non intersection,03 - P.D. only,04 - Sideswipe,01 - Clear,01 - Daylight,01 - Dry,10 - No control,,2,0,0,0,,0,,,,,379560.0632,5036275.878,45.46241017,-75.54401562,11831
18--7562,7/17/2018,5:50 PM,HIGHWAY 417 btwn HWY417 IC144 RAMP61 & HWY417 IC142 RAMP16 (__3ZA20K),__3ZA20K,01 - Non intersection,03 - P.D. only,04 - Sideswipe,01 - Clear,01 - Daylight,01 - Dry,10 - No control,,2,0,0,0,,0,,,,,348494.8704,5016862.59,45.29035937,-75.94294976,11832
18--7563,7/17/2018,5:59 PM,PARKDALE AVE @ SHERWOOD DR (0006383),6383,03 - At intersection,03 - P.D. only,02 - Angle,01 - Clear,01 - Daylight,01 - Dry,01 - Traffic signal,01 - Functioning,3,0,0,0,,0,,,,,365380.5837,5028745.599,45.39602835,-75.72624158,11833
18--7564,7/17/2018,6:10 PM,HIGHWAY 417 btwn HWY417 IC129 RAMP25 & HWY417 IC129 RAMP35 (__3ZAYFR),__3ZAYFR,01 - Non intersection,03 - P.D. only,04 - Sideswipe,01 - Clear,01 - Daylight,01 - Dry,10 - No control,,2,0,0,0,,0,,,,,360540.6059,5023589.062,45.35003216,-75.78863657,11834
18--7565,7/17/2018,6:14 PM,HIGHWAY 417 btwn HWY417 IC127 RAMP25 & HWY417 IC126 RAMP51 (__3ZA2XA),__3ZA2XA,01 - Non intersection,03 - P.D. only,03 - Rear end,01 - Clear,01 - Daylight,01 - Dry,10 - No control,,2,0,0,0,,0,,,,,363187.4169,5025857.933,45.37023186,-75.75459266,11835
18--7566,7/17/2018,6:39 PM,PRINCE OF WALES DR btwn MEADOWLANDS DR & NESBITT PL (__3ZA36V),__3ZA36V,01 - Non intersection,03 - P.D. only,03 - Rear end,01 - Clear,01 - Daylight,01 - Dry,10 - No control,,2,0,0,0,,0,,,,,367373.5335,5025679.221,45.3682626,-75.70117798,11836
18--7567,7/17/2018,6:48 AM,RICHMOND RD btwn GRENON AVE & MARIELLE CRT (__3ZA4M3),__3ZA4M3,01 - Non intersection,03 - P.D. only,03 - Rear end,01 - Clear,01 - Daylight,01 - Dry,10 - No control,,2,0,0,0,,0,,,,,359933.3761,5024242.331,45.35595827,-75.79631263,11837
18--7568,7/17/2018,6:58 AM,MAITLAND AVE @ DUNCAN PL (0006514),6514,02 - Intersection related,03 - P.D. only,03 - Rear end,01 - Clear,01 - Daylight,01 - Dry,02 - Stop sign,00 - Unknown,3,0,0,0,,0,,,,,363002.7091,5026339.56,45.37458085,-75.7568938,11838
18--7569,7/17/2018,7:15 PM,COVENTRY RD @ LOLA ST (0007175),7175,03 - At intersection,02 - Non-fatal injury,07 - SMV other,01 - Clear,01 - Daylight,01 - Dry,01 - Traffic signal,01 - Functioning,1,0,0,1,01 - Minimal,1,1,,,,371263.7171,5031614.572,45.42130848,-75.65072109,11839
18--757,1/13/2018,3:29 PM,HUNT CLUB RD/AIRPORT PKWY/HUNT CLUB RD RAMP 53 (0010853),10853,02 - Intersection related,03 - P.D. only,03 - Rear end,03 - Snow,01 - Daylight,03 - Loose snow,02 - Stop sign,01 - Functioning,2,0,0,0,,0,,,,,370951.2806,5023663.277,45.34979524,-75.65577863,11840
18--7570,7/17/2018,7:37 AM,ROCKDALE RD btwn FRANK KENNY RD & HIGHWAY LANE (__3ZA2YD),__3ZA2YD,04 - At/near private drive,03 - P.D. only,05 - Turning movement,01 - Clear,01 - Daylight,01 - Dry,10 - No control,,2,0,0,0,,0,,,,,395314.2802,5023026.199,45.34134256,-75.34503004,11841
18--7571,7/17/2018,7:40 PM,BLAIR RD @ INNES RD (0004165),4165,02 - Intersection related,03 - P.D. only,03 - Rear end,01 - Clear,01 - Daylight,01 - Dry,01 - Traffic signal,01 - Functioning,3,0,0,0,,0,,,,,375578.7343,5031439.555,45.41931053,-75.59561529,11842
18--7572,7/17/2018,7:42 PM,INNES RD @ STAR TOP RD/WINDMILL LANE (0008734),8734,03 - At intersection,03 - P.D. only,02 - Angle,01 - Clear,01 - Daylight,01 - Dry,01 - Traffic signal,01 - Functioning,2,0,0,0,,0,,,,,374147.7255,5030666.561,45.41249883,-75.61400675,11843
18--7573,7/17/2018,8:01 PM,WEST HUNT CLUB RD @ WOODROFFE AVE (0000576),576,02 - Intersection related,03 - P.D. only,03 - Rear end,01 - Clear,01 - Daylight,01 - Dry,01 - Traffic signal,01 - Functioning,2,0,0,0,,0,,,,,363670.7186,5021246.486,45.3286981,-75.74897206,11844
18--7574,7/17/2018,8:15 AM,GLOUCESTER ST btwn BRONSON AVE & PERCY ST (__3ZA0XJ),__3ZA0XJ,04 - At/near private drive,02 - Non-fatal injury,07 - SMV other,01 - Clear,01 - Daylight,01 - Dry,10 - No control,,1,0,0,1,01 - Minimal,1,1,,,,366876.8756,5030818.157,45.4145456,-75.70687126,11845
18--7575,7/17/2018,8:31 AM,CAMPEAU DR @ TERON RD/COLCHESTER SQ (0009033),9033,02 - Intersection related,03 - P.D. only,03 - Rear end,01 - Clear,01 - Daylight,01 - Dry,01 - Traffic signal,01 - Functioning,2,0,0,0,,0,,,,,352563.7609,5020467.614,45.32253344,-75.89073234,11846
18--7576,7/17/2018,8:35 AM,CARLING AVE @ WOODROFFE AVE W (0011470),11470,02 - Intersection related,03 - P.D. only,04 - Sideswipe,01 - Clear,01 - Daylight,01 - Dry,01 - Traffic signal,01 - Functioning,2,0,0,0,,0,,,,,361767.6896,5025725.533,45.36915738,-75.7727315,11847
18--7577,7/17/2018,8:39 AM,GREENBANK RD @ LARKIN DR (0001101),1101,02 - Intersection related,03 - P.D. only,03 - Rear end,01 - Clear,01 - Daylight,01 - Dry,01 - Traffic signal,01 - Functioning,2,0,0,0,,0,,,,,363176.6779,5016506.453,45.28608865,-75.75583243,11848
18--7578,7/17/2018,9:20 AM,WEST HUNT CLUB RD @ WOODROFFE AVE (0000576),576,02 - Intersection related,03 - P.D. only,03 - Rear end,01 - Clear,01 - Daylight,01 - Dry,01 - Traffic signal,01 - Functioning,2,0,0,0,,0,,,,,363670.6906,5021246.489,45.32869813,-75.74897242,11849
18--7579,7/17/2018,9:21 AM,BOYD AVE @ CARLING AVE (0003071),3071,02 - Intersection related,03 - P.D. only,03 - Rear end,01 - Clear,01 - Daylight,01 - Dry,02 - Stop sign,01 - Functioning,3,0,0,0,,0,,,,,363383.6108,5026747.583,45.37822044,-75.75198262,11850
18--758,1/13/2018,3:41 PM,RICHMOND RD @ STONEHAVEN DR (0010370),10370,02 - Intersection related,03 - P.D. only,02 - Angle,01 - Clear,01 - Daylight,02 - Wet,01 - Traffic signal,01 - Functioning,3,0,0,0,,0,,,,,356781.641,5015891.438,45.28105669,-75.83741297,11851
18--7580,7/17/2018,9:24 PM,GRANT CARMAN DR @ FAMILY BROWN LANE (0010458),10458,03 - At intersection,03 - P.D. only,05 - Turning movement,01 - Clear,07 - Dark,01 - Dry,02 - Stop sign,01 - Functioning,2,1,0,0,,0,,,,,365218.8087,5023514.796,45.34897651,-75.7289475,11852
18--7581,7/17/2018,9:29 AM,RICHMOND RD btwn STINSON AVE & STAFFORD RD (__3ZBOCU),__3ZBOCU,01 - Non intersection,03 - P.D. only,05 - Turning movement,01 - Clear,01 - Daylight,01 - Dry,10 - No control,,2,0,0,0,,0,,,,,357922.6792,5020957.661,45.32655785,-75.82232674,11853
18--7582,7/17/2018,9:43 PM,RENAUD RD @ NAVAN RD (0003685),3685,03 - At intersection,03 - P.D. only,02 - Angle,01 - Clear,07 - Dark,01 - Dry,01 - Traffic signal,01 - Functioning,2,0,0,0,,0,,,,,381816.7894,5032736.654,45.43032196,-75.51571625,11854
18--7583,7/18/2018,10:27 AM,HUNT CLUB RD @ RIVERSIDE DR (0002237),2237,02 - Intersection related,03 - P.D. only,04 - Sideswipe,01 - Clear,01 - Daylight,01 - Dry,01 - Traffic signal,01 - Functioning,2,0,0,0,,0,,,,,368036.7028,5021945.498,45.33460788,-75.6931902,11855
18--7584,7/18/2018,10:59 PM,RIDEAU ST @ WURTEMBURG ST (0007118),7118,03 - At intersection,02 - Non-fatal injury,07 - SMV other,01 - Clear,07 - Dark,01 - Dry,01 - Traffic signal,01 - Functioning,1,0,0,1,02 - Minor,1,,1,,,369356.7063,5032925.589,45.43328309,-75.67491461,11856
18--7585,7/18/2018,10:59 PM,MONTREAL RD @ NORTH RIVER RD (0009805),9805,02 - Intersection related,02 - Non-fatal injury,07 - SMV other,01 - Clear,07 - Dark,01 - Dry,01 - Traffic signal,01 - Functioning,1,0,0,0,03 - Major,2,,1,1,,369739.7085,5032887.585,45.43290568,-75.67002507,11857
18--7586,7/18/2018,10:59 PM,FALLOWFIELD RD btwn HUNTLEY RD & KIMINI DR (__3ZBOB9),__3ZBOB9,01 - Non intersection,03 - P.D. only,03 - Rear end,01 - Clear,07 - Dark,01 - Dry,10 - No control,,2,0,0,0,,0,,,,,352457.6862,5009664.885,45.22533461,-75.89312231,11858
18--7587,7/18/2018,11:45 AM,BANK ST btwn NEPEAN ST & LISGAR ST (__3ZA34Y),__3ZA34Y,01 - Non intersection,03 - P.D. only,06 - SMV unattended vehicle,01 - Clear,01 - Daylight,01 - Dry,10 - No control,,1,0,0,0,,0,,,,,367572.9702,5031116.708,45.41716977,-75.69794041,11859
18--7588,7/18/2018,11:56 AM,HUNTSVILLE DR btwn ESCARPMENT CRES N/TERRANE PL & TERRY FOX DR (__8JUTGM),__8JUTGM,01 - Non intersection,03 - P.D. only,99 - Other,01 - Clear,01 - Daylight,01 - Dry,10 - No control,,2,0,0,0,,0,,,,,348394.038,5019944.391,45.31809666,-75.94396414,11860
18--7589,7/18/2018,2:22 PM,LEES AVE / GRAHAM AVE @ MAIN ST (0002252),2252,03 - At intersection,02 - Non-fatal injury,05 - Turning movement,01 - Clear,01 - Daylight,01 - Dry,01 - Traffic signal,01 - Functioning,2,1,0,0,01 - Minimal,1,1,,,,369001.7065,5030560.571,45.4120362,-75.67975954,11861
18--759,1/13/2018,3:49 PM,CRAIG HENRY DR btwn WOODVALE GR & KNOXDALE RD (__3ZA539),__3ZA539,01 - Non intersection,03 - P.D. only,06 - SMV unattended vehicle,01 - Clear,01 - Daylight,05 - Packed snow,10 - No control,,1,0,0,0,,0,,,,,363054.1862,5021769.117,45.33345215,-75.75677514,11862
18--7590,7/18/2018,2:33 PM,CASTLEFRANK RD @ PARSONS RIDGE RD (0003522),3522,02 - Intersection related,03 - P.D. only,03 - Rear end,01 - Clear,01 - Daylight,01 - Dry,02 - Stop sign,00 - Unknown,3,0,0,0,,0,,,,,352227.5029,5018247.516,45.30257929,-75.89523387,11863
18--7591,7/18/2018,2:51 PM,FIRST LINE RD btwn CARSONBY RD E & PHELAN RD E (__3ZA0MK),__3ZA0MK,01 - Non intersection,02 - Non-fatal injury,02 - Angle,01 - Clear,01 - Daylight,01 - Dry,10 - No control,,2,0,0,0,02 - Minor,1,,1,,,370012.09,5005022.128,45.1821528,-75.67021073,11864
18--7592,7/18/2018,3:11 PM,REGIONAL ROAD 174 EB btwn OR174 IC109 RAMP55 & TRANSIT (__3ZA28V),__3ZA28V,01 - Non intersection,03 - P.D. only,03 - Rear end,01 - Clear,01 - Daylight,01 - Dry,10 - No control,,2,0,0,0,,0,,,,,376474.1821,5034989.543,45.45115999,-75.58365821,11865
18--7593,7/18/2018,3:17 PM,REGIONAL ROAD 174 EB btwn HWY417 IC113 RAMP65 & OR174 BLAIR IC112 RAMP51 (__3ZAZFJ),__3ZAZFJ,01 - Non intersection,03 - P.D. only,03 - Rear end,01 - Clear,01 - Daylight,01 - Dry,10 - No control,,2,0,0,0,,0,,,,,374796.512,5032817.223,45.43178473,-75.60541323,11866
18--7594,7/18/2018,3:30 PM,KENT ST @ MACLAREN ST (0007603),7603,02 - Intersection related,03 - P.D. only,04 - Sideswipe,01 - Clear,01 - Daylight,01 - Dry,02 - Stop sign,01 - Functioning,2,0,0,0,,0,,,,,367572.7102,5030742.568,45.41380339,-75.69799139,11867
18--7595,7/18/2018,3:45 PM,HIGHWAY 417 btwn HIGHWAY 417 & HWY417 IC129 RAMP51 (__3ZA290),__3ZA290,01 - Non intersection,03 - P.D. only,04 - Sideswipe,01 - Clear,01 - Daylight,01 - Dry,10 - No control,,2,0,0,0,,0,,,,,359936.7197,5023176.166,45.34636466,-75.79638884,11868
18--7596,7/18/2018,4:00 AM,RIVER RD btwn DALMENY RD & Continuation of RIVER RD (__3ZA725),__3ZA725,01 - Non intersection,03 - P.D. only,07 - SMV other,01 - Clear,07 - Dark,01 - Dry,10 - No control,,1,0,0,0,,0,,,,,374397.6349,4996950.198,45.10910316,-75.6155374,11869
18--7597,7/18/2018,4:20 PM,MONTREAL RD btwn SHEFFORD RD & OR174 IC109 RAMP56 (__3ZAZPW),__3ZAZPW,01 - Non intersection,03 - P.D. only,03 - Rear end,01 - Clear,01 - Daylight,01 - Dry,10 - No control,,3,0,0,0,,0,,,,,376162.0337,5034870.896,45.45012442,-75.58766567,11870
18--7598,7/18/2018,4:21 PM,CARLING AVE @ BAYSHORE DR/BIRCHDALE AVE (0000021),21,03 - At intersection,03 - P.D. only,03 - Rear end,01 - Clear,01 - Daylight,01 - Dry,01 - Traffic signal,01 - Functioning,2,0,0,0,,0,,,,,359004.8711,5023990.612,45.3537657,-75.8081902,11871
18--7599,7/18/2018,4:29 PM,BANK ST @ WALKLEY RD (0011423),11423,02 - Intersection related,02 - Non-fatal injury,03 - Rear end,01 - Clear,01 - Daylight,01 - Dry,01 - Traffic signal,01 - Functioning,3,0,0,0,01 - Minimal,1,1,,,,370337.8231,5025947.775,45.37040805,-75.6633038,11872
18--76,1/2/2018,12:00 PM,CAMPEAU DR @ TERON RD/COLCHESTER SQ (0009033),9033,03 - At intersection,03 - P.D. only,07 - SMV other,03 - Snow,01 - Daylight,05 - Packed snow,01 - Traffic signal,01 - Functioning,1,0,0,0,,0,,,,,352564.0709,5020466.829,45.32252636,-75.89072846,11873
18--760,1/13/2018,3:58 PM,HIGHWAY 417 btwn HWY417 IC119A RAMP67 & HWY417 IC118 RAMP76 (__3ZA2YS),__3ZA2YS,01 - Non intersection,03 - P.D. only,03 - Rear end,01 - Clear,01 - Daylight,01 - Dry,10 - No control,,2,0,0,0,,0,,,,,368783.9401,5030634.576,45.41272202,-75.68253183,11874
18--7600,7/18/2018,4:35 PM,INNES RD @ JEANNE D'ARC BLVD/MER BLEUE RD (0012475),12475,02 - Intersection related,03 - P.D. only,03 - Rear end,01 - Clear,01 - Daylight,01 - Dry,01 - Traffic signal,01 - Functioning,2,0,0,0,,0,,,,,382637.7539,5035567.553,45.45570114,-75.50477805,11875
18--7601,7/18/2018,4:38 PM,CODD'S PRIV @ VIA VENUS PRIV (0008951),8951,03 - At intersection,03 - P.D. only,02 - Angle,01 - Clear,01 - Daylight,01 - Dry,02 - Stop sign,01 - Functioning,2,0,0,0,,0,,,,,372499.7118,5035006.6,45.45170977,-75.63446276,11876
18--7602,7/18/2018,5:00 PM,ARLINGTON AVE @ BANK ST (0007261),7261,02 - Intersection related,03 - P.D. only,02 - Angle,01 - Clear,01 - Daylight,01 - Dry,02 - Stop sign,01 - Functioning,2,0,0,0,,0,,,,,368006.7446,5030345.615,45.41019267,-75.69249745,11877
18--7603,7/18/2018,5:22 AM,REGIONAL ROAD 174 btwn OR174 IC112 RAMP26 & OR174 IC112 RAMP61 (__3ZA2XF),__3ZA2XF,01 - Non intersection,03 - P.D. only,07 - SMV other,01 - Clear,03 - Dawn,01 - Dry,10 - No control,,1,0,0,0,,0,,,,,374853.737,5032886.448,45.43240185,-75.60467211,11878
18--7604,7/18/2018,5:26 PM,PALLADIUM DR btwn SILVER SEVEN RD & TERRY FOX DR (__3ZA2I4),__3ZA2I4,01 - Non intersection,02 - Non-fatal injury,03 - Rear end,01 - Clear,01 - Daylight,01 - Dry,10 - No control,,2,0,0,0,01 - Minimal,1,1,,,,351063.9144,5017896.563,45.29949892,-75.91010318,11879
18--7605,7/18/2018,5:30 PM,PRINCE OF WALES DR btwn FALLOWFIELD RD & AMBERWOOD CRES (__3ZA27I),__3ZA27I,01 - Non intersection,03 - P.D. only,03 - Rear end,01 - Clear,01 - Daylight,01 - Dry,10 - No control,,3,0,0,0,,0,,,,,367384.6734,5019316.074,45.3110072,-75.70184065,11880