Anom_ID,Accident_Date,Accident_Time,Location,Geo_ID,Accident_Location,Classification_of_Accident,Initial_Impact_Type,Environment_Condition,Light,Road_Surface_Condition,Traffic_Control,Traffic_Control_Condition,No__of_Vehicles,No__of_Bicycles,No__of_Motorcycles,No__of_Pedestrians,Max_Injury,No__of_Injuries,No__of_Minimal,No__of_Minor,No__of_Major,No__of_Fatal,X,Y,Latitude,Longitude,ObjectId
18--7606,7/18/2018,5:34 PM,GIBFORD DR @ HUNT CLUB RD (0008828),8828,03 - At intersection,02 - Non-fatal injury,04 - Sideswipe,01 - Clear,01 - Daylight,01 - Dry,02 - Stop sign,00 - Unknown,2,0,1,0,03 - Major,1,,,1,,369960.1626,5023005.306,45.34396778,-75.6685126,11881
18--7607,7/18/2018,5:34 PM,ST. JOSEPH BLVD @ JEANNE D'ARC BLVD (0012421),12421,02 - Intersection related,03 - P.D. only,02 - Angle,01 - Clear,01 - Daylight,01 - Dry,11 - Roundabout,01 - Functioning,2,0,0,0,,0,,,,,379860.8182,5036471.614,45.464139,-75.54014041,11882
18--7608,7/18/2018,5:52 PM,MONTREAL RD/HANNAH ST @ CODY AVE (0009349),9349,02 - Intersection related,03 - P.D. only,04 - Sideswipe,01 - Clear,01 - Daylight,01 - Dry,01 - Traffic signal,01 - Functioning,3,0,0,0,,0,,,,,370254.7172,5033169.592,45.43539504,-75.66340611,11883
18--7609,7/18/2018,6:07 PM,INNES RD @ BEARBROOK RD/GLEN PARK DR E (0003630),3630,03 - At intersection,03 - P.D. only,02 - Angle,01 - Clear,01 - Daylight,01 - Dry,01 - Traffic signal,01 - Functioning,2,0,0,0,,0,,,,,377994.7933,5032842.603,45.43168566,-75.56453935,11884
18--761,1/13/2018,4:02 PM,CARLING AVE @ ISLAND PARK DR (0010785),10785,02 - Intersection related,03 - P.D. only,03 - Rear end,03 - Snow,01 - Daylight,06 - Ice,01 - Traffic signal,01 - Functioning,2,0,0,0,,0,,,,,365348.7028,5027997.197,45.38929715,-75.72674058,11885
18--7610,7/18/2018,6:14 AM,MARCH RD btwn PETER ROBINSON RD & CORKERY RD (__3ZA2RJ),__3ZA2RJ,01 - Non intersection,03 - P.D. only,07 - SMV other,01 - Clear,01 - Daylight,01 - Dry,10 - No control,,1,0,0,0,,0,,,,,335109.753,5015364.677,45.27758506,-76.11367856,11886
18--7611,7/18/2018,6:19 PM,BELFAST RD @ ST. LAURENT BLVD (0007658),7658,03 - At intersection,03 - P.D. only,05 - Turning movement,01 - Clear,01 - Daylight,01 - Dry,01 - Traffic signal,01 - Functioning,2,0,0,0,,0,,,,,372860.6796,5030578.525,45.41183308,-75.6304604,11887
18--7612,7/18/2018,7:21 PM,EAGLESON RD @ HAZELDEAN RD/ROBERTSON RD (0002715),2715,03 - At intersection,03 - P.D. only,05 - Turning movement,01 - Clear,01 - Daylight,01 - Dry,01 - Traffic signal,01 - Functioning,2,0,0,0,,0,,,,,353673.5677,5018424.482,45.30407255,-75.87677818,11888
18--7613,7/18/2018,7:23 AM,PRINCE OF WALES DR btwn FALLOWFIELD RD & AMBERWOOD CRES (__3ZA27I),__3ZA27I,01 - Non intersection,02 - Non-fatal injury,03 - Rear end,01 - Clear,01 - Daylight,01 - Dry,10 - No control,,4,0,0,0,02 - Minor,1,,1,,,367392.7496,5019237.566,45.31030007,-75.70174758,11889
18--7614,7/18/2018,7:26 AM,GREENBANK RD btwn MEADOWBANK DR & HARRISON ST (__3ZA4LE),__3ZA4LE,01 - Non intersection,03 - P.D. only,04 - Sideswipe,01 - Clear,01 - Daylight,01 - Dry,10 - No control,,2,0,0,0,,0,,,,,360802.2695,5022097.978,45.33659457,-75.78546628,11890
18--7615,7/18/2018,7:40 AM,FOURTH LINE RD @ LOCKHEAD RD (0008186),8186,03 - At intersection,03 - P.D. only,05 - Turning movement,01 - Clear,01 - Daylight,01 - Dry,02 - Stop sign,00 - Unknown,2,0,0,0,,0,,,,,367864.6483,4997791.316,45.11728443,-75.69844557,11891
18--7616,7/18/2018,7:59 AM,PRESTWICK DR btwn SUMMERLANDS CRES & SUMMERLANDS CRES (__3ZA6RK),__3ZA6RK,01 - Non intersection,03 - P.D. only,06 - SMV unattended vehicle,01 - Clear,01 - Daylight,01 - Dry,10 - No control,,1,0,0,0,,0,,,,,383588.6105,5036308.178,45.46225806,-75.49250374,11892
18--7617,7/18/2018,8:01 AM,HIGHWAY 417 btwn HWY417 IC119B RAMP76 & HWY417 IC119A RAMP67 (__3ZA2YT),__3ZA2YT,01 - Non intersection,03 - P.D. only,03 - Rear end,01 - Clear,01 - Daylight,01 - Dry,10 - No control,,2,0,0,0,,0,,,,,368547.9437,5030510.583,45.41162791,-75.68556268,11893
18--7618,7/18/2018,8:07 AM,KLONDIKE RD @ MARCH RD (0003096),3096,02 - Intersection related,03 - P.D. only,03 - Rear end,01 - Clear,01 - Daylight,01 - Dry,01 - Traffic signal,01 - Functioning,2,0,0,0,,0,,,,,349262.9058,5024061.629,45.35509012,-75.93251246,11894
18--7619,7/18/2018,8:20 AM,LAURIER AVE   W btwn PERCY ST & BAY ST (__3ZA331),__3ZA331,01 - Non intersection,02 - Non-fatal injury,05 - Turning movement,01 - Clear,01 - Daylight,01 - Dry,10 - No control,,2,1,0,0,02 - Minor,1,,1,,,366976.6733,5030962.697,45.41583726,-75.70557808,11895
18--762,1/13/2018,4:07 PM,AYLMER AVE @ SENECA ST (0008001),8001,03 - At intersection,03 - P.D. only,02 - Angle,01 - Clear,01 - Daylight,03 - Loose snow,02 - Stop sign,01 - Functioning,2,0,0,0,,0,,,,,368141.3639,5028408.856,45.39275414,-75.69102653,11896
18--7620,7/18/2018,8:30 AM,ISLAND PARK DR @ PREMIER AVE (0005640),5640,03 - At intersection,02 - Non-fatal injury,07 - SMV other,01 - Clear,01 - Daylight,01 - Dry,02 - Stop sign,01 - Functioning,1,0,0,1,02 - Minor,1,,1,,,363793.7031,5029071.662,45.3990977,-75.74646905,11897
18--7621,7/18/2018,9:00 AM,INDUSTRIAL AVE @ ALTA VISTA DR/SANDFORD FLEMIN (0006979),6979,03 - At intersection,02 - Non-fatal injury,05 - Turning movement,01 - Clear,01 - Daylight,01 - Dry,01 - Traffic signal,01 - Functioning,2,0,0,0,02 - Minor,2,,2,,,370884.7241,5030557.57,45.41183392,-75.65570512,11898
18--7622,7/18/2018,9:31 AM,HAWTHORNE AVE @ MAIN ST (0006919),6919,03 - At intersection,03 - P.D. only,05 - Turning movement,01 - Clear,01 - Daylight,01 - Dry,01 - Traffic signal,01 - Functioning,2,0,0,0,,0,,,,,368970.7091,5030632.567,45.41268684,-75.68014615,11899
18--7623,7/18/2018,9:37 AM,WILBROD ST btwn NELSON ST & FRIEL ST (__3ZA8ZT),__3ZA8ZT,04 - At/near private drive,03 - P.D. only,02 - Angle,01 - Clear,01 - Daylight,01 - Dry,10 - No control,,2,0,0,0,,0,,,,,368858.6926,5032251.323,45.42726209,-75.68136668,11900
18--7624,7/18/2018,9:40 PM,RUSSELL RD btwn HERBERT DR & FORCED RD (__3ZA3KB),__3ZA3KB,01 - Non intersection,02 - Non-fatal injury,07 - SMV other,01 - Clear,07 - Dark,01 - Dry,10 - No control,,1,0,0,0,02 - Minor,1,,1,,,394882.3277,5027399.436,45.38074347,-75.34974358,11901
18--7625,7/18/2018,9:48 PM,HUNT CLUB RD @ CANADAIR PRIV (0010852),10852,02 - Intersection related,03 - P.D. only,04 - Sideswipe,01 - Clear,07 - Dark,01 - Dry,01 - Traffic signal,00 - Unknown,2,0,0,0,,0,,,,,368662.693,5022311.372,45.33784324,-75.68515705,11902
18--7626,7/18/2018,9:53 PM,CUMBERLAND ST @ MURRAY ST (0008237),8237,03 - At intersection,03 - P.D. only,02 - Angle,01 - Clear,07 - Dark,01 - Dry,01 - Traffic signal,01 - Functioning,2,0,0,0,,0,,,,,368170.7025,5032679.589,45.43117815,-75.6901028,11903
18--7627,7/18/2018,9:57 AM,PINECREST RD @ QUEENSVIEW DR (0002739),2739,02 - Intersection related,03 - P.D. only,03 - Rear end,01 - Clear,01 - Daylight,01 - Dry,01 - Traffic signal,01 - Functioning,3,0,0,0,,0,,,,,360346.6796,5023783.506,45.35179715,-75.79108944,11904
18--7628,7/19/2018,1:19 PM,VIEWMOUNT DR @ MERIVALE RD (0001528),1528,03 - At intersection,02 - Non-fatal injury,07 - SMV other,01 - Clear,01 - Daylight,01 - Dry,01 - Traffic signal,01 - Functioning,1,0,0,1,02 - Minor,1,,1,,,365193.6969,5022948.496,45.34388318,-75.72933709,11905
18--7629,7/19/2018,1:30 PM,HIGHWAY 417 btwn TRANSIT & HWY417 IC127 RAMP16 (__3ZA2SJ),__3ZA2SJ,01 - Non intersection,03 - P.D. only,04 - Sideswipe,01 - Clear,01 - Daylight,01 - Dry,10 - No control,,2,0,0,0,,0,,,,,361716.0278,5024537.774,45.35847421,-75.77352778,11906
18--763,1/13/2018,4:08 PM,BELFAST RD @ COVENTRY RD (0002646),2646,03 - At intersection,03 - P.D. only,05 - Turning movement,01 - Clear,01 - Daylight,04 - Slush,01 - Traffic signal,01 - Functioning,2,0,0,0,,0,,,,,371523.3727,5031642.958,45.42153917,-75.64739972,11907
18--7097,7/4/2018,4:22 PM,CARP RD btwn THOMAS A. DOLAN PKWY & NORMA LANE (__3ZAZ54),__3ZAZ54,04 - At/near private drive,03 - P.D. only,07 - SMV other,01 - Clear,01 - Daylight,01 - Dry,10 - No control,,1,0,0,0,,0,,,,,337721.0353,5025114.48,45.36520101,-76.07974848,11908
18--7098,7/4/2018,4:30 PM,RIVERSIDE DR @ PLEASANT PARK RD (0007296),7296,03 - At intersection,03 - P.D. only,03 - Rear end,01 - Clear,01 - Daylight,01 - Dry,01 - Traffic signal,01 - Functioning,2,0,0,0,,0,,,,,369561.2982,5028415.121,45.39268063,-75.67289269,11909
18--7099,7/4/2018,4:37 PM,SLATER ST btwn BAY ST & LYON ST N (__3ZA33A),__3ZA33A,04 - At/near private drive,03 - P.D. only,02 - Angle,01 - Clear,01 - Daylight,01 - Dry,10 - No control,,3,0,0,0,,0,,,,,367095.3654,5031147.8,45.41749221,-75.70403831,11910
18--71,1/2/2018,Unknown,WARMSTONE DR btwn CENTO WAY & ROSEHILL AVE (e___1G0P),e___1G0P,04 - At/near private drive,03 - P.D. only,06 - SMV unattended vehicle,03 - Snow,00 - Unknown,05 - Packed snow,10 - No control,,1,0,0,0,,0,,,,,350151.2,5016287.2,45.28507689,-75.92188747,11911
18--710,1/12/2018,8:30 PM,HIGHWAY 417 btwn HWY417 IC119A RAMP75 & HWY417 IC118 RAMP57 (__3ZA2R2),__3ZA2R2,01 - Non intersection,03 - P.D. only,07 - SMV other,03 - Snow,07 - Dark,03 - Loose snow,10 - No control,,1,0,0,0,,0,,,,,368940.3197,5030693.187,45.41323506,-75.68052648,11912
18--7100,7/4/2018,5:00 PM,BRONSON AVE @ BRONSON AVE NB ON RAMP 42 (0011234),11234,03 - At intersection,02 - Non-fatal injury,03 - Rear end,01 - Clear,01 - Daylight,01 - Dry,03 - Yield sign,01 - Functioning,2,0,0,0,02 - Minor,1,,1,,,367753.187,5028446.55,45.3931283,-75.69597889,11913
18--7101,7/4/2018,5:26 PM,SOMERSET ST    W btwn BECKINGTON PRIV & BANK ST (__3ZAZQ1),__3ZAZQ1,04 - At/near private drive,03 - P.D. only,02 - Angle,01 - Clear,01 - Daylight,01 - Dry,10 - No control,,2,0,0,0,,0,,,,,367657.2472,5030893.09,45.41515016,-75.69689222,11914
18--7102,7/4/2018,5:43 PM,SOMERSET ST @ PERCY ST (0006762),6762,03 - At intersection,02 - Non-fatal injury,02 - Angle,01 - Clear,01 - Daylight,01 - Dry,01 - Traffic signal,01 - Functioning,2,1,0,0,02 - Minor,1,,1,,,367115.7264,5030568.634,45.41227923,-75.70385141,11915
18--7103,7/4/2018,5:59 PM,BANK ST @ OSSINGTON AVE (0007228),7228,03 - At intersection,02 - Non-fatal injury,07 - SMV other,01 - Clear,01 - Daylight,01 - Dry,10 - No control,,1,0,0,1,03 - Major,1,,,1,,368890.7171,5028320.554,45.39189144,-75.6814685,11916
18--7104,7/4/2018,6:17 PM,BELLMAN DR btwn GLENCOE ST & GREENBANK RD (__3ZABRI),__3ZABRI,01 - Non intersection,03 - P.D. only,04 - Sideswipe,01 - Clear,01 - Daylight,01 - Dry,10 - No control,,2,0,0,0,,0,,,,,361135.872,5020982.069,45.32652692,-75.78133718,11917
18--7105,7/4/2018,6:48 PM,BELFAST RD @ ST. LAURENT BLVD (0007658),7658,02 - Intersection related,03 - P.D. only,03 - Rear end,01 - Clear,01 - Daylight,01 - Dry,01 - Traffic signal,00 - Unknown,2,0,0,0,,0,,,,,372860.6349,5030578.555,45.41183336,-75.63046097,11918
18--7106,7/4/2018,7:19 PM,BRONSON AVE btwn PLYMOUTH ST & RENFREW AVE (__3ZA3B1),__3ZA3B1,04 - At/near private drive,03 - P.D. only,05 - Turning movement,01 - Clear,01 - Daylight,01 - Dry,10 - No control,,2,0,0,0,,0,,,,,367329.2792,5029618.302,45.40370938,-75.70124385,11919
18--7107,7/4/2018,7:52 PM,BESSERER ST btwn CUMBERLAND ST & KING EDWARD AVE (__3ZA8Z6),__3ZA8Z6,04 - At/near private drive,03 - P.D. only,05 - Turning movement,01 - Clear,01 - Daylight,01 - Dry,10 - No control,,2,0,0,0,,0,,,,,368471.1731,5032292.269,45.42766589,-75.68631316,11920
18--7108,7/4/2018,7:53 AM,ST. JOSEPH BLVD @ REGIONAL RD 174/TRANSITWAY (0012428),12428,02 - Intersection related,03 - P.D. only,03 - Rear end,01 - Clear,01 - Daylight,01 - Dry,01 - Traffic signal,01 - Functioning,2,0,0,0,,0,,,,,376556.3099,5035056.4,45.45175309,-75.5825986,11921
18--7109,7/4/2018,8:13 PM,COLONEL BY DR @ HAWTHORNE AVE/PRETORIA BRIDGE (0002122),2122,03 - At intersection,03 - P.D. only,04 - Sideswipe,01 - Clear,01 - Daylight,01 - Dry,01 - Traffic signal,01 - Functioning,2,0,0,0,,0,,,,,368767.71,5030525.567,45.41174268,-75.68275331,11922
18--711,1/12/2018,8:31 PM,HIGHWAY 417 btwn HWY417 IC112 RAMP54 & HWY417 IC112 RAMP65 (__3ZAZE8),__3ZAZE8,01 - Non intersection,03 - P.D. only,07 - SMV other,02 - Rain,07 - Dark,03 - Loose snow,10 - No control,,1,0,0,0,,0,,,,,374327.9205,5030926.424,45.41481907,-75.61166818,11923
18--7110,7/4/2018,8:16 PM,KANATA AVE @ TERRY FOX DR (0012691),12691,02 - Intersection related,03 - P.D. only,04 - Sideswipe,01 - Clear,01 - Daylight,01 - Dry,01 - Traffic signal,01 - Functioning,2,0,0,0,,0,,,,,349305.7975,5019211.674,45.31144626,-75.93240117,11924
18--7111,7/4/2018,9:39 AM,NEPEAN ST btwn O'CONNOR ST & METCALFE ST (__3ZA9U6),__3ZA9U6,01 - Non intersection,03 - P.D. only,07 - SMV other,01 - Clear,01 - Daylight,01 - Dry,10 - No control,,1,0,0,0,,0,,,,,367759.4461,5031249.971,45.41835207,-75.69554099,11925
18--7112,7/4/2018,9:43 AM,HAWTHORNE AVE/ISABELLA ST @ QUEEN ELIZABETH DR (0002105),2105,02 - Intersection related,03 - P.D. only,04 - Sideswipe,01 - Clear,01 - Daylight,01 - Dry,01 - Traffic signal,01 - Functioning,2,0,0,0,,0,,,,,368665.7412,5030476.578,45.4113112,-75.68406227,11926
18--7113,7/5/2018,1:07 PM,HAIG DR @ SMYTH RD (0007736),7736,03 - At intersection,03 - P.D. only,02 - Angle,01 - Clear,01 - Daylight,01 - Dry,01 - Traffic signal,01 - Functioning,2,0,0,0,,0,,,,,372564.5946,5029298.532,45.40034501,-75.63441865,11927
18--7114,7/5/2018,1:11 PM,THOMAS A. DOLAN PKWY btwn CONSTANCE CREEK DR & GREENLAND RD (__3ZAZJQ),__3ZAZJQ,01 - Non intersection,03 - P.D. only,07 - SMV other,01 - Clear,01 - Daylight,01 - Dry,10 - No control,,1,0,0,0,,0,,,,,343204.0761,5032204.148,45.42871677,-76.00920549,11928
18--7115,7/5/2018,1:33 PM,ALBION RD @ WYLDEWOOD ST (0009604),9604,02 - Intersection related,03 - P.D. only,03 - Rear end,01 - Clear,01 - Daylight,01 - Dry,02 - Stop sign,01 - Functioning,2,0,0,0,,0,,,,,372292.7068,5023293.582,45.34634104,-75.63871176,11929
18--7116,7/5/2018,1:34 PM,ALTA VISTA DR @ RIDGEMONT AVE (0007000),7000,03 - At intersection,02 - Non-fatal injury,04 - Sideswipe,01 - Clear,01 - Daylight,01 - Dry,01 - Traffic signal,01 - Functioning,2,0,0,0,01 - Minimal,1,1,,,,370517.5889,5026673.616,45.37692209,-75.66091246,11930
18--7117,7/5/2018,10:33 PM,HIGHWAY 416 btwn HWY416 IC49 RAMP43 & HWY416 IC42 RAMP34 (__3ZAZJ7),__3ZAZJ7,01 - Non intersection,03 - P.D. only,07 - SMV other,01 - Clear,07 - Dark,01 - Dry,10 - No control,,1,0,0,0,,0,,,,,369464.5125,5000175.646,45.13859435,-75.67780512,11931
18--7118,7/5/2018,11:00 AM,BORRISOKANE RD/TARTAN DR @ STRANDHERD DR (0010634),10634,03 - At intersection,03 - P.D. only,05 - Turning movement,01 - Clear,01 - Daylight,01 - Dry,01 - Traffic signal,01 - Functioning,2,0,0,0,,0,,,,,362291.2496,5013545.318,45.25951717,-75.76746153,11932
18--7119,7/5/2018,11:07 AM,RICHMOND RD btwn WEST HUNT CLUB RD & STONEHAVEN DR (__3ZA41H),__3ZA41H,04 - At/near private drive,03 - P.D. only,02 - Angle,01 - Clear,01 - Daylight,01 - Dry,10 - No control,,2,0,0,0,,0,,,,,356773.8469,5015909.683,45.28122143,-75.8375104,11933
18--712,1/12/2018,8:37 AM,DUROCHER ST @ MONTREAL RD (0009800),9800,02 - Intersection related,03 - P.D. only,05 - Turning movement,02 - Rain,01 - Daylight,02 - Wet,02 - Stop sign,00 - Unknown,2,0,0,0,,0,,,,,370136.3601,5033102.282,45.43480049,-75.66492764,11934
18--7120,7/5/2018,11:12 AM,INNES RD @ TENTH LINE RD (0004633),4633,02 - Intersection related,03 - P.D. only,03 - Rear end,01 - Clear,01 - Daylight,01 - Dry,01 - Traffic signal,01 - Functioning,2,0,0,0,,0,,,,,383951.7977,5036159.604,45.46088027,-75.48788419,11935
18--7121,7/5/2018,11:21 AM,GREENBANK RD @ LISA AVE (0002753),2753,02 - Intersection related,03 - P.D. only,03 - Rear end,01 - Clear,01 - Daylight,01 - Dry,01 - Traffic signal,01 - Functioning,2,0,0,0,,0,,,,,360554.6009,5022893.524,45.34377261,-75.78853639,11936
18--7122,7/5/2018,11:28 PM,DALHOUSIE ST @ RIDEAU ST (0007646),7646,02 - Intersection related,03 - P.D. only,04 - Sideswipe,01 - Clear,07 - Dark,01 - Dry,01 - Traffic signal,01 - Functioning,2,0,0,0,,0,,,,,368206.6419,5032227.546,45.42710757,-75.68970173,11937
18--7123,7/5/2018,11:29 AM,MERIVALE RD @ FAMILY BROWN LANE (0010933),10933,02 - Intersection related,03 - P.D. only,03 - Rear end,01 - Clear,01 - Daylight,01 - Dry,01 - Traffic signal,01 - Functioning,2,0,0,0,,0,,,,,365004.9156,5023385.695,45.34783327,-75.73169262,11938
18--7124,7/5/2018,Unknown,KENNEVALE DR btwn COBBLE HILL DR & AMAR LANE (__5WHGXK),__5WHGXK,01 - Non intersection,03 - P.D. only,06 - SMV unattended vehicle,01 - Clear,00 - Unknown,01 - Dry,10 - No control,,1,0,0,0,,0,,,,,361668.8223,5014194.807,45.26541192,-75.77531734,11939
18--7125,7/5/2018,Unknown,KNIGHTS DR btwn LORDS MANOR LANE & QUEENSCOURT CRES (__4BQHX6),__4BQHX6,04 - At/near private drive,03 - P.D. only,07 - SMV other,01 - Clear,07 - Dark,01 - Dry,10 - No control,,1,0,0,0,,0,,,,,372867.1508,5010913.141,45.23488963,-75.6330808,11940
18--7126,7/5/2018,Unknown,FALLINGWATER CIRC btwn RIVER RUN AVE & Continuation of FALLINGWATER CI (__61W6S2),__61W6S2,01 - Non intersection,03 - P.D. only,06 - SMV unattended vehicle,01 - Clear,00 - Unknown,01 - Dry,10 - No control,,1,0,0,0,,0,,,,,364340.8618,5012934.831,45.25385351,-75.74142131,11941
18--7127,7/5/2018,12:05 PM,RIOCAN AVE @ STRANDHERD DR (0010997),10997,02 - Intersection related,03 - P.D. only,03 - Rear end,01 - Clear,01 - Daylight,01 - Dry,01 - Traffic signal,01 - Functioning,2,0,0,0,,0,,,,,364172.111,5014944.692,45.27195255,-75.74333088,11942
18--7128,7/5/2018,12:18 AM,BANK ST @ ROTARY WAY (0013660),13660,03 - At intersection,03 - P.D. only,07 - SMV other,01 - Clear,07 - Dark,01 - Dry,01 - Traffic signal,01 - Functioning,1,0,0,0,,0,,,,,375523.5441,5021226.117,45.32742054,-75.59778288,11943
18--7129,7/5/2018,12:23 PM,HIGHWAY 417 btwn HWY417 IC119A RAMP67 & HWY417 IC118 RAMP76 (__3ZA2YS),__3ZA2YS,01 - Non intersection,03 - P.D. only,04 - Sideswipe,01 - Clear,01 - Daylight,01 - Dry,10 - No control,,2,0,0,0,,0,,,,,368663.492,5030572.793,45.41217712,-75.68407854,11944
18--713,1/12/2018,9:18 PM,FERNBANK RD @ ROMINA ST/TEMPLEFORD AVE (0012540),12540,03 - At intersection,03 - P.D. only,02 - Angle,03 - Snow,07 - Dark,03 - Loose snow,02 - Stop sign,01 - Functioning,2,0,0,0,,0,,,,,354467.2905,5015280.583,45.27572739,-75.86697224,11945
18--7130,7/5/2018,12:37 PM,CHESLEY ST @ BANK ST (0007687),7687,03 - At intersection,02 - Non-fatal injury,05 - Turning movement,01 - Clear,01 - Daylight,01 - Dry,02 - Stop sign,00 - Unknown,2,1,0,0,01 - Minimal,1,1,,,,368996.3966,5028205.054,45.39084253,-75.68013399,11946
18--7131,7/5/2018,12:39 PM,RIOCAN AVE btwn STRANDHERD DR & MARKETPLACE AVE (__4LZBMJ),__4LZBMJ,01 - Non intersection,03 - P.D. only,05 - Turning movement,01 - Clear,01 - Daylight,01 - Dry,10 - No control,,2,0,0,0,,0,,,,,364198.1999,5014909.605,45.27163463,-75.74300261,11947
18--7132,7/5/2018,12:49 PM,BANK ST @ HERON RD (0002155),2155,02 - Intersection related,03 - P.D. only,04 - Sideswipe,01 - Clear,01 - Daylight,01 - Dry,01 - Traffic signal,01 - Functioning,2,0,0,0,,0,,,,,369995.7196,5026851.59,45.3785722,-75.66755153,11948
18--7133,7/5/2018,2:19 PM,COUNTY RD 29 @ MADAWASKA BLVD (0011704),11704,02 - Intersection related,03 - P.D. only,02 - Angle,01 - Clear,01 - Daylight,01 - Dry,02 - Stop sign,01 - Functioning,2,0,0,0,,0,,,,,318895.4727,5031715.476,45.42523183,-76.31987448,11949
18--7134,7/5/2018,2:41 PM,BANK ST btwn RANDALL AVE & 73 N OF EVANS BLVD (__3ZA3BJA),__3ZA3BJA,04 - At/near private drive,02 - Non-fatal injury,02 - Angle,01 - Clear,01 - Daylight,01 - Dry,10 - No control,,2,0,0,0,02 - Minor,1,,1,,,369751.9051,5027266.38,45.38232699,-75.67060976,11950
18--7135,7/5/2018,3:14 PM,BANK ST @ RIVERSIDE DR S (0002704),2704,02 - Intersection related,02 - Non-fatal injury,03 - Rear end,01 - Clear,01 - Daylight,01 - Dry,01 - Traffic signal,01 - Functioning,4,0,0,0,02 - Minor,1,,1,,,369304.6397,5027894.571,45.38802058,-75.67623834,11951
18--7136,7/5/2018,3:20 PM,BANK ST @ KILBORN AVE/BELANGER AVE (0007208),7208,03 - At intersection,02 - Non-fatal injury,07 - SMV other,01 - Clear,01 - Daylight,01 - Dry,01 - Traffic signal,01 - Functioning,1,0,0,0,02 - Minor,1,,1,,,369653.7193,5027427.547,45.38378621,-75.67184222,11952
18--7137,7/5/2018,3:20 PM,ROCKCLIFFE PKWY btwn GL/OT BOUNDARY & ST. JOSEPH BLVD (__3ZA21V),__3ZA21V,01 - Non intersection,02 - Non-fatal injury,07 - SMV other,01 - Clear,01 - Daylight,01 - Dry,10 - No control,,1,0,0,0,01 - Minimal,1,1,,,,377591.2294,5036933.73,45.46853698,-75.56909101,11953
18--7138,7/5/2018,3:55 PM,HUNT CLUB RD btwn WEST HUNT CLUB RD & TURN LANE (__3ZBOEO),__3ZBOEO,01 - Non intersection,03 - P.D. only,04 - Sideswipe,01 - Clear,01 - Daylight,01 - Dry,10 - No control,,2,0,0,0,,0,,,,,367924.5087,5021909.501,45.33429408,-75.69462609,11954
18--7139,7/5/2018,4:14 PM,BENTLEY AVE btwn GIFFORD ST & END (__3ZAAYU),__3ZAAYU,04 - At/near private drive,03 - P.D. only,02 - Angle,01 - Clear,01 - Daylight,01 - Dry,10 - No control,,2,0,0,0,,0,,,,,366516.986,5022065.726,45.33582498,-75.71256276,11955
18--714,1/12/2018,9:38 PM,AIRPORT PKWY btwn RAMP & TO BE DETERMINED (__3ZA222),__3ZA222,06 - Underpass or tunnel,02 - Non-fatal injury,07 - SMV other,03 - Snow,07 - Dark,06 - Ice,10 - No control,,1,0,0,0,02 - Minor,1,,1,,,369928.3547,5025697.519,45.36819449,-75.66856376,11956
18--7140,7/5/2018,4:44 PM,FALLOWFIELD RD @ MOODIE DR (0010412),10412,02 - Intersection related,03 - P.D. only,03 - Rear end,01 - Clear,01 - Daylight,01 - Dry,01 - Traffic signal,00 - Unknown,3,0,0,0,,0,,,,,359501.6928,5014636.398,45.26955729,-75.80288247,11957
18--7141,7/5/2018,4:46 PM,CHAMPLAIN BRIDGE/ISLAND PARK DR btwn BATE ISLAND & PROVINCIAL BOUNDARY (__3ZA2ZEA),__3ZA2ZEA,01 - Non intersection,03 - P.D. only,03 - Rear end,01 - Clear,01 - Daylight,00 - Unknown,10 - No control,,4,0,0,0,,0,,,,,362821.3342,5030193.963,45.40927724,-75.75875608,11958
18--7142,7/5/2018,4:58 PM,BRONSON AVE @ FIFTH AVE/MADAWASKA DR (0006977),6977,02 - Intersection related,03 - P.D. only,04 - Sideswipe,01 - Clear,01 - Daylight,01 - Dry,01 - Traffic signal,01 - Functioning,3,0,0,0,,0,,,,,367613.7265,5028938.476,45.39756703,-75.69769723,11959
18--7143,7/5/2018,5:01 PM,ISABELLA ST/HWY417 IC119AR75 @ METCALFE ST (0011380),11380,03 - At intersection,02 - Non-fatal injury,07 - SMV other,01 - Clear,01 - Daylight,01 - Dry,01 - Traffic signal,01 - Functioning,1,0,1,0,02 - Minor,1,,1,,,368448.7063,5030399.564,45.41063803,-75.68684474,11960
18--7144,7/5/2018,5:26 PM,COLONIAL RD @ FRANK KENNY RD (0012888),12888,03 - At intersection,03 - P.D. only,02 - Angle,01 - Clear,01 - Daylight,01 - Dry,02 - Stop sign,01 - Functioning,2,0,0,0,,0,,,,,390200.8268,5032047.557,45.42314872,-75.40870533,11961
18--7145,7/5/2018,5:27 PM,JEANNE D'ARC BLVD @ MONTCERF CRT (0004155),4155,02 - Intersection related,03 - P.D. only,03 - Rear end,01 - Clear,01 - Daylight,01 - Dry,01 - Traffic signal,01 - Functioning,2,0,0,0,,0,,,,,381117.7101,5036286.512,45.46233742,-75.52409864,11962
18--7146,7/5/2018,5:45 PM,BASELINE RD btwn NAVAHO DR & COLLEGE SQUARE SC (__3ZAZDQB),__3ZAZDQB,04 - At/near private drive,02 - Non-fatal injury,02 - Angle,01 - Clear,01 - Daylight,01 - Dry,10 - No control,,2,1,0,0,02 - Minor,1,,1,,,363076.4257,5024091.782,45.35434946,-75.75621779,11963