Anom_ID,Accident_Date,Accident_Time,Location,Geo_ID,Accident_Location,Classification_of_Accident,Initial_Impact_Type,Environment_Condition,Light,Road_Surface_Condition,Traffic_Control,Traffic_Control_Condition,No__of_Vehicles,No__of_Bicycles,No__of_Motorcycles,No__of_Pedestrians,Max_Injury,No__of_Injuries,No__of_Minimal,No__of_Minor,No__of_Major,No__of_Fatal,X,Y,Latitude,Longitude,ObjectId
18--7147,7/5/2018,5:46 PM,WELLINGTON ST btwn ELGIN ST & ELGIN ST (__3ZA1XK),__3ZA1XK,04 - At/near private drive,03 - P.D. only,05 - Turning movement,01 - Clear,01 - Daylight,01 - Dry,10 - No control,,2,0,0,0,,0,,,,,367800.101,5031962.903,45.42476313,-75.69493041,11964
18--7148,7/5/2018,6:06 PM,HIGHWAY 417 btwn HWY417 IC142 RAMP25 & HIGHWAY 417 (__3ZA1ZP),__3ZA1ZP,01 - Non intersection,03 - P.D. only,07 - SMV other,01 - Clear,01 - Daylight,01 - Dry,10 - No control,,1,0,0,0,,0,,,,,349423.5673,5017647.988,45.29736827,-75.93104005,11965
18--7149,7/5/2018,6:50 AM,AVIATION PKWY @ AVIATION/ROCKCLIFFE PKWY WB ON (0002033),2033,03 - At intersection,02 - Non-fatal injury,02 - Angle,01 - Clear,01 - Daylight,01 - Dry,02 - Stop sign,01 - Functioning,2,1,0,0,02 - Minor,1,,1,,,371682.7071,5035491.607,45.45615229,-75.64484099,11966
18--715,1/12/2018,9:46 PM,ST. LAURENT BLVD btwn HWY417 IC115 RAMP51 & HWY417 IC115 RAMP25 (__3ZA3SL),__3ZA3SL,01 - Non intersection,03 - P.D. only,03 - Rear end,03 - Snow,07 - Dark,05 - Packed snow,10 - No control,,2,0,0,0,,0,,,,,372548.628,5031363.569,45.41892683,-75.63433878,11967
18--7150,7/5/2018,7:40 AM,MORRISON DR @ GREENBANK RD (0002755),2755,02 - Intersection related,03 - P.D. only,04 - Sideswipe,01 - Clear,01 - Daylight,01 - Dry,02 - Stop sign,00 - Unknown,2,0,0,0,,0,,,,,360554.8116,5023127.751,45.34588017,-75.7885073,11968
18--7151,7/5/2018,7:55 AM,HIGHWAY 417 btwn HWY417 IC129 RAMP25 & TRANSIT (__3ZA2SH),__3ZA2SH,01 - Non intersection,03 - P.D. only,03 - Rear end,01 - Clear,01 - Daylight,01 - Dry,10 - No control,,2,0,0,0,,0,,,,,361126.863,5024051.405,45.35414547,-75.78110266,11969
18--7152,7/5/2018,8:08 PM,BESSERER ST @ WALLER ST (0008859),8859,02 - Intersection related,03 - P.D. only,04 - Sideswipe,01 - Clear,01 - Daylight,01 - Dry,01 - Traffic signal,01 - Functioning,2,0,0,0,,0,,,,,368316.1573,5032191.888,45.42677679,-75.68830693,11970
18--7153,7/5/2018,8:30 AM,BASELINE RD @ GREENBANK RD (0002357),2357,02 - Intersection related,03 - P.D. only,03 - Rear end,01 - Clear,01 - Daylight,01 - Dry,01 - Traffic signal,01 - Functioning,2,0,0,0,,0,,,,,360597.6688,5022584.523,45.3409888,-75.78802171,11971
18--7154,7/5/2018,8:51 AM,HIGHWAY 417 btwn HWY417 IC121B RAMP16 & HWY417 IC121A RAMP16 (__3ZA2YX),__3ZA2YX,01 - Non intersection,03 - P.D. only,03 - Rear end,01 - Clear,01 - Daylight,01 - Dry,10 - No control,,2,0,0,0,,0,,,,,366938.4052,5029641.31,45.4039512,-75.70623354,11972
18--7155,7/5/2018,9:04 PM,BANK ST @ HUNT CLUB RD (0002119),2119,02 - Intersection related,03 - P.D. only,03 - Rear end,01 - Clear,07 - Dark,01 - Dry,01 - Traffic signal,01 - Functioning,2,0,0,0,,0,,,,,371608.6578,5024096.463,45.35363059,-75.6473316,11973
18--7156,7/5/2018,9:31 PM,BANK ST btwn SPRINGHILL RD & DALMENY RD (__3ZA27C),__3ZA27C,01 - Non intersection,03 - P.D. only,07 - SMV other,01 - Clear,07 - Dark,01 - Dry,10 - No control,,1,0,0,0,,0,,,,,385655.648,5004838.23,45.17887861,-75.47121363,11974
18--7157,7/5/2018,9:40 PM,MADELEINE MEILLEUR PRIV @ VANIER PKWY (0013514),13514,03 - At intersection,02 - Non-fatal injury,05 - Turning movement,01 - Clear,07 - Dark,01 - Dry,01 - Traffic signal,01 - Functioning,2,0,0,0,02 - Minor,2,1,1,,,369654.8152,5033359.306,45.43715791,-75.67104781,11975
18--7158,7/5/2018,9:45 PM,KING EDWARD AVE @ RIDEAU ST (0002121),2121,02 - Intersection related,03 - P.D. only,04 - Sideswipe,01 - Clear,07 - Dark,01 - Dry,01 - Traffic signal,01 - Functioning,2,0,0,0,,0,,,,,368511.7579,5032413.613,45.42875401,-75.68577886,11976
18--7159,7/6/2018,1:00 PM,COVENTRY RD @ VANIER PKWY (0002139),2139,02 - Intersection related,03 - P.D. only,04 - Sideswipe,01 - Clear,01 - Daylight,01 - Dry,01 - Traffic signal,01 - Functioning,2,0,0,0,,0,,,,,370676.3937,5031611.846,45.42133951,-75.65822551,11977
18--716,1/12/2018,9:53 AM,ROCKY HILL DR @ PRINCE OF WALES DR (0010328),10328,02 - Intersection related,03 - P.D. only,05 - Turning movement,01 - Clear,01 - Daylight,01 - Dry,01 - Traffic signal,01 - Functioning,2,0,0,0,,0,,,,,366967.7231,5014403.42,45.26684063,-75.70777324,11978
18--7160,7/6/2018,1:04 AM,SMYTH RD btwn RIVERSIDE HOSPITAL & ALTA VISTA DR (__3ZA1M4B),__3ZA1M4B,01 - Non intersection,03 - P.D. only,07 - SMV other,01 - Clear,07 - Dark,01 - Dry,10 - No control,,1,0,0,0,,0,,,,,370022.979,5029121.09,45.39898985,-75.66690356,11979
18--7161,7/6/2018,1:30 PM,BRUYERE ST @ KING EDWARD AVE (0011437),11437,02 - Intersection related,03 - P.D. only,04 - Sideswipe,01 - Clear,01 - Daylight,01 - Dry,02 - Stop sign,00 - Unknown,2,0,0,0,,0,,,,,368140.6437,5033039.559,45.43441975,-75.69044061,11980
18--7162,7/6/2018,1:42 PM,VANIER PKWY/CRICHTON ST @ BEECHWOOD AVE/ST. PA (0001604),1604,03 - At intersection,03 - P.D. only,02 - Angle,01 - Clear,01 - Daylight,01 - Dry,01 - Traffic signal,01 - Functioning,2,0,0,0,,0,,,,,369127.7985,5033487.066,45.43835613,-75.67776656,11981
18--7163,7/6/2018,1:44 AM,RIDDELL DR btwn CAMPBELL REID CRT & MORAN ST (__3ZA42A),__3ZA42A,01 - Non intersection,03 - P.D. only,07 - SMV other,01 - Clear,07 - Dark,01 - Dry,10 - No control,,1,0,0,0,,0,,,,,347541.5923,5026652.272,45.37850838,-75.95425673,11982
18--7164,7/6/2018,1:57 PM,BANKFIELD RD @ PRINCE OF WALES DR (0003618),3618,03 - At intersection,02 - Non-fatal injury,05 - Turning movement,01 - Clear,01 - Daylight,01 - Dry,01 - Traffic signal,01 - Functioning,2,0,0,0,02 - Minor,5,4,1,,,366379.678,5008975.443,45.21805143,-75.71593834,11983
18--7165,7/6/2018,10:39 AM,HIGHWAY 417 btwn HWY417 IC129 RAMP61 & TRANSIT (__3ZA2SI),__3ZA2SI,01 - Non intersection,03 - P.D. only,03 - Rear end,01 - Clear,01 - Daylight,01 - Dry,10 - No control,,3,0,0,0,,0,,,,,360944.4825,5023934.716,45.35311013,-75.78344344,11984
18--7166,7/6/2018,10:50 AM,ALTA VISTA DR @ FAIRCREST RD (0007580),7580,02 - Intersection related,03 - P.D. only,03 - Rear end,01 - Clear,01 - Daylight,01 - Dry,02 - Stop sign,01 - Functioning,2,0,0,0,,0,,,,,370432.5871,5028971.662,45.39760707,-75.66169206,11985
18--7167,7/6/2018,10:59 AM,HUNT CLUB RD btwn GIBFORD DR & UPLANDS DR (__3ZA36J),__3ZA36J,01 - Non intersection,03 - P.D. only,04 - Sideswipe,01 - Clear,01 - Daylight,01 - Dry,10 - No control,,2,0,0,0,,0,,,,,369993.513,5023024.797,45.34414005,-75.6680845,11986
18--7168,7/6/2018,11:20 PM,HUNT CLUB RD @ BRIDLE PATH DR/DAZE ST (0008214),8214,02 - Intersection related,03 - P.D. only,03 - Rear end,01 - Clear,07 - Dark,01 - Dry,01 - Traffic signal,01 - Functioning,3,0,0,0,,0,,,,,371291.8373,5023864.564,45.35157415,-75.65140587,11987
18--7169,7/6/2018,11:20 PM,BOOTH ST @ MIDDLE ST (0012187),12187,02 - Intersection related,03 - P.D. only,03 - Rear end,01 - Clear,07 - Dark,01 - Dry,02 - Stop sign,01 - Functioning,2,0,0,0,,0,,,,,366114.58,5031292.475,45.41888059,-75.71655083,11988
18--717,1/12/2018,9:55 PM,PRINCE OF WALES DR btwn SANFORD AVE & VILLA CRES (__3ZA3G4),__3ZA3G4,04 - At/near private drive,03 - P.D. only,07 - SMV other,03 - Snow,07 - Dark,03 - Loose snow,10 - No control,,1,0,0,0,,0,,,,,366811.3295,5026115.292,45.37223624,-75.70829971,11989
18--7170,7/6/2018,11:28 AM,BLAIR RD @ REGIONAL RD 174 S/OR174 IC112 RAMP15 (0012435),12435,03 - At intersection,02 - Non-fatal injury,02 - Angle,01 - Clear,01 - Daylight,01 - Dry,01 - Traffic signal,02 - Not functioning,2,0,0,0,02 - Minor,1,,1,,,374907.9837,5032661.565,45.43037305,-75.60401091,11990
18--7171,7/6/2018,11:30 AM,HWY 417 INNES IC112R57 @ INNES RD (0012298),12298,03 - At intersection,03 - P.D. only,02 - Angle,01 - Clear,01 - Daylight,01 - Dry,01 - Traffic signal,01 - Functioning,2,0,0,0,,0,,,,,374298.8573,5030754.336,45.41327359,-75.61206373,11991
18--7172,7/6/2018,Unknown,ST. LAURENT BLVD btwn MUTUAL ST & MCARTHUR AVE (__3ZA3XM),__3ZA3XM,01 - Non intersection,03 - P.D. only,06 - SMV unattended vehicle,01 - Clear,00 - Unknown,01 - Dry,10 - No control,,1,0,0,0,,0,,,,,371897.4965,5032953.203,45.43329237,-75.64244115,11992
18--7173,7/6/2018,Unknown,BERRIGAN DR btwn WANSTEAD GT & BEATRICE DR (__3EY2WQ),__3EY2WQ,01 - Non intersection,03 - P.D. only,06 - SMV unattended vehicle,01 - Clear,07 - Dark,01 - Dry,10 - No control,,1,0,0,0,,0,,,,,365131.7581,5016051,45.2818254,-75.73096727,11993
18--7174,7/6/2018,Unknown,CHAPEL ST btwn RIDEAU ST & END (__3ZA7AF),__3ZA7AF,01 - Non intersection,03 - P.D. only,06 - SMV unattended vehicle,01 - Clear,00 - Unknown,01 - Dry,10 - No control,,1,0,0,0,,0,,,,,368889.4512,5032653.828,45.43088086,-75.68092126,11994
18--7175,7/6/2018,Unknown,"ERIC CZAPNIK WAY btwn RECOLTE, PRIVE DE LA E & RECOLTE, PRIVE DE LA W (e___2H6P)",e___2H6P,01 - Non intersection,03 - P.D. only,06 - SMV unattended vehicle,00 - Unknown,00 - Unknown,00 - Unknown,10 - No control,,1,0,0,0,,0,,,,,382567.183,5038723.818,45.48410631,-75.50518073,11995
18--7176,7/6/2018,12:05 PM,WIGGINS PRIV btwn CHAPEL CRES & GOULBURN CRES (1) (__3ZA1M7),__3ZA1M7,01 - Non intersection,03 - P.D. only,99 - Other,01 - Clear,01 - Daylight,01 - Dry,10 - No control,,2,0,0,0,,0,,,,,369621.0313,5031475.196,45.42020857,-75.67172757,11996
18--7177,7/6/2018,12:23 AM,YORK ST WB btwn CUMBERLAND ST & SPLIT (__3ZA82X),__3ZA82X,01 - Non intersection,03 - P.D. only,02 - Angle,01 - Clear,07 - Dark,01 - Dry,10 - No control,,2,0,0,0,,0,,,,,368236.5634,5032527.246,45.42980145,-75.68928078,11997
18--7178,7/6/2018,12:25 PM,HIGHWAY 417 btwn HWY417 IC124 RAMP76 & HWY417 IC124 RAMP67 (__3ZA2R7),__3ZA2R7,01 - Non intersection,03 - P.D. only,03 - Rear end,01 - Clear,01 - Daylight,01 - Dry,10 - No control,,2,0,0,0,,0,,,,,364527.075,5027664.026,45.38636989,-75.73727286,11998
18--7179,7/6/2018,2:11 PM,CARLING AVE @ KIRKWOOD AVE N (0002358),2358,03 - At intersection,02 - Non-fatal injury,07 - SMV other,01 - Clear,01 - Daylight,01 - Dry,01 - Traffic signal,01 - Functioning,1,0,0,0,01 - Minimal,1,1,,,,364275.6943,5027493.614,45.38485794,-75.74050329,11999
18--718,1/13/2018,1:04 AM,QUEEN ELIZABETH DRWY btwn PRESTON ST & CRESCENT HGTS (__3ZA217),__3ZA217,01 - Non intersection,03 - P.D. only,07 - SMV other,03 - Snow,07 - Dark,05 - Packed snow,10 - No control,,1,0,0,0,,0,,,,,367011.9145,5028937.146,45.3976088,-75.70538343,12000
18--7810,7/24/2018,3:12 PM,LYON ST @ SLATER ST (0002207),2207,03 - At intersection,02 - Non-fatal injury,02 - Angle,01 - Clear,01 - Daylight,02 - Wet,01 - Traffic signal,01 - Functioning,2,1,0,0,02 - Minor,1,,1,,,367102.7051,5031152.588,45.41753463,-75.70394393,12001
18--7811,7/24/2018,3:16 PM,HERON RD btwn SANDALWOOD DR & JEFFERSON ST (__3ZA3AG),__3ZA3AG,01 - Non intersection,02 - Non-fatal injury,03 - Rear end,02 - Rain,01 - Daylight,02 - Wet,10 - No control,,4,0,0,0,02 - Minor,2,,2,,,371769.0351,5027046.358,45.38015739,-75.64488512,12002
18--7812,7/24/2018,3:16 PM,ABETTI RDG/RIVERSTONE DR @ JOCKVALE RD (0009699),9699,02 - Intersection related,03 - P.D. only,04 - Sideswipe,01 - Clear,01 - Daylight,02 - Wet,01 - Traffic signal,01 - Functioning,2,0,0,0,,0,,,,,365164.8642,5013549.969,45.25931832,-75.73084935,12003
18--7813,7/24/2018,3:39 PM,OLD PRESCOTT RD btwn PARKWAY RD & SHADOW RIDGE DR (__3ZA6GA),__3ZA6GA,01 - Non intersection,03 - P.D. only,07 - SMV other,02 - Rain,01 - Daylight,02 - Wet,10 - No control,,1,0,0,0,,0,,,,,377965.2546,5013497.438,45.25763094,-75.5677782,12004
18--7814,7/24/2018,3:52 PM,HAZELDEAN RD btwn 246 E OF CASTLEFRANK RD & IRWIN GT (__3ZA41NB),__3ZA41NB,04 - At/near private drive,02 - Non-fatal injury,02 - Angle,02 - Rain,01 - Daylight,02 - Wet,10 - No control,,2,0,0,0,02 - Minor,1,,1,,,352990.8269,5017958.874,45.29993007,-75.88552905,12005
18--7815,7/24/2018,4:05 PM,RIVERSIDE DR NB btwn DATA CENTRE RD & BILLINGS BRIDGESC RAMP NB (__3ZAZ3J),__3ZAZ3J,04 - At/near private drive,02 - Non-fatal injury,02 - Angle,02 - Rain,01 - Daylight,02 - Wet,10 - No control,,2,0,0,0,02 - Minor,1,,1,,,369000.8351,5027741.772,45.38667366,-75.68013758,12006
18--7816,7/24/2018,4:11 PM,JEANNE D'ARC BLVD  S btwn ST. JOSEPH BLVD & WOODCLIFFE PRIV (__4FNS33),__4FNS33,01 - Non intersection,03 - P.D. only,07 - SMV other,02 - Rain,01 - Daylight,02 - Wet,10 - No control,,1,0,0,0,,0,,,,,379974.8776,5036306.726,45.46264321,-75.53870727,12007
18--7817,7/24/2018,4:25 PM,BASELINE RD/HERON RD @ PRINCE OF WALES DR (0002345),2345,02 - Intersection related,02 - Non-fatal injury,03 - Rear end,02 - Rain,01 - Daylight,02 - Wet,01 - Traffic signal,01 - Functioning,2,0,0,0,01 - Minimal,2,2,,,,366873.7066,5026438.532,45.37513916,-75.70746279,12008
18--7818,7/24/2018,4:45 PM,WOODROFFE AVE @ KNOXDALE RD/MEDHURST DR (0000519),519,02 - Intersection related,03 - P.D. only,03 - Rear end,02 - Rain,01 - Daylight,02 - Wet,01 - Traffic signal,01 - Functioning,2,0,0,0,,0,,,,,363419.69,5021826.487,45.33393792,-75.75210553,12009
18--7819,7/24/2018,4:48 PM,WOODROFFE AVE @ KNOXDALE RD/MEDHURST DR (0000519),519,02 - Intersection related,03 - P.D. only,03 - Rear end,02 - Rain,01 - Daylight,02 - Wet,01 - Traffic signal,01 - Functioning,3,0,0,0,,0,,,,,363419.6893,5021826.487,45.33393792,-75.75210554,12010
18--782,1/13/2018,9:20 AM,CROSSKEYS PL/HELENE CAMPBELL RD @ STRANDHERD DR (0015337),15337,02 - Intersection related,03 - P.D. only,03 - Rear end,01 - Clear,01 - Daylight,02 - Wet,01 - Traffic signal,01 - Functioning,2,0,0,0,,0,,,,,360982.3112,5014901.733,45.27182808,-75.78398493,12011
18--7820,7/24/2018,4:59 PM,WEST HUNT CLUB RD @ CLEOPATRA DR/LANCELOT DR (0000114),114,02 - Intersection related,03 - P.D. only,03 - Rear end,02 - Rain,01 - Daylight,02 - Wet,01 - Traffic signal,01 - Functioning,2,0,0,0,,0,,,,,365235.6997,5021732.495,45.33293814,-75.72894967,12012
18--8351,8/10/2018,3:36 PM,HWY 417 INNES IC112R65 @ INNES RD (0009351),9351,02 - Intersection related,03 - P.D. only,04 - Sideswipe,01 - Clear,01 - Daylight,01 - Dry,10 - No control,,2,0,0,0,,0,,,,,374412.9589,5030821.706,45.41386841,-75.6105966,12013
18--7821,7/24/2018,5:00 PM,BEECHWOOD AVE @ CHARLEVOIX ST/MACKAY ST (0002248),2248,02 - Intersection related,03 - P.D. only,05 - Turning movement,02 - Rain,01 - Daylight,02 - Wet,01 - Traffic signal,01 - Functioning,2,0,0,0,,0,,,,,369185.8712,5033592.351,45.4392981,-75.67701059,12014
18--7822,7/24/2018,5:43 PM,SLATER ST btwn BAY ST & LYON ST N (__3ZA33A),__3ZA33A,04 - At/near private drive,03 - P.D. only,04 - Sideswipe,02 - Rain,01 - Daylight,02 - Wet,10 - No control,,2,0,0,0,,0,,,,,367056.0108,5031123.54,45.41727743,-75.70454417,12015
18--7823,7/24/2018,6:39 PM,ABBOTT ST @ STITTSVILLE MAIN ST (0000082),82,02 - Intersection related,03 - P.D. only,03 - Rear end,02 - Rain,01 - Daylight,02 - Wet,01 - Traffic signal,01 - Functioning,2,0,0,0,,0,,,,,350248.5836,5013331.417,45.25847347,-75.92091668,12016
18--7824,7/24/2018,7:10 PM,BELFAST RD @ COVENTRY RD (0002646),2646,03 - At intersection,03 - P.D. only,02 - Angle,01 - Clear,01 - Daylight,01 - Dry,01 - Traffic signal,01 - Functioning,2,0,0,0,,0,,,,,371523.7214,5031641.564,45.4215266,-75.64739545,12017
18--7825,7/24/2018,7:17 AM,CARP RD/HWY 417 CARP IC144R63 @ HWY 417 CARP I (0001100),1100,02 - Intersection related,03 - P.D. only,04 - Sideswipe,01 - Clear,01 - Daylight,02 - Wet,01 - Traffic signal,01 - Functioning,2,0,0,0,,0,,,,,347300.6062,5015926.449,45.28200886,-75.9582545,12018
18--7826,7/24/2018,7:28 AM,HWY 417 ST.LAURE IC115R51 @ ST. LAURENT BLVD (0002712),2712,03 - At intersection,03 - P.D. only,02 - Angle,01 - Clear,01 - Daylight,01 - Dry,01 - Traffic signal,02 - Not functioning,2,0,0,0,,0,,,,,372530.7174,5031410.562,45.41935138,-75.63456115,12019
18--7827,7/24/2018,7:30 PM,GREENBANK RD @ STRANDHERD DR (0005563),5563,02 - Intersection related,03 - P.D. only,03 - Rear end,02 - Rain,01 - Daylight,02 - Wet,01 - Traffic signal,01 - Functioning,2,0,0,0,,0,,,,,363933.6839,5014784.417,45.27053048,-75.74638834,12020
18--7828,7/24/2018,7:39 PM,GREENBANK RD @ JOCKVALE RD (0010360),10360,02 - Intersection related,03 - P.D. only,03 - Rear end,02 - Rain,01 - Daylight,02 - Wet,01 - Traffic signal,01 - Functioning,2,0,0,0,,0,,,,,364121.6874,5014330.414,45.26642952,-75.74404682,12021
18--7829,7/24/2018,7:56 AM,FALLOWFIELD RD @ VIA PARK PL/275 W OF WOODROFFE AVE (0010154),10154,03 - At intersection,03 - P.D. only,05 - Turning movement,01 - Clear,01 - Daylight,01 - Dry,01 - Traffic signal,01 - Functioning,2,0,0,0,,0,,,,,364847.2373,5017766.021,45.29728146,-75.73438607,12022
18--783,1/14/2018,1:03 PM,GREENBANK RD @ STRANDHERD DR (0005563),5563,02 - Intersection related,03 - P.D. only,03 - Rear end,01 - Clear,01 - Daylight,04 - Slush,01 - Traffic signal,01 - Functioning,2,0,0,0,,0,,,,,363933.6839,5014784.417,45.27053048,-75.74638834,12023
18--7830,7/24/2018,8:11 AM,HIGHWAY 417 btwn HWY417 IC118 RAMP67 & HWY417 IC117 RAMP36 (__3ZA2YO),__3ZA2YO,01 - Non intersection,03 - P.D. only,03 - Rear end,02 - Rain,01 - Daylight,02 - Wet,10 - No control,,2,0,0,0,,0,,,,,370226.542,5031119.006,45.41694734,-75.66403858,12024
18--7831,7/24/2018,9:00 PM,ISLAND PARK DR btwn HELENA ST & ISLAND PARK CRES (__3ZA23Z),__3ZA23Z,04 - At/near private drive,02 - Non-fatal injury,05 - Turning movement,01 - Clear,05 - Dusk,02 - Wet,10 - No control,,2,1,0,0,01 - Minimal,1,1,,,,364420.9517,5028221.982,45.39139932,-75.73856055,12025
18--7832,7/24/2018,9:17 PM,VANIER PKWY/CRICHTON ST @ BEECHWOOD AVE/ST. PA (0001604),1604,02 - Intersection related,03 - P.D. only,03 - Rear end,02 - Rain,07 - Dark,02 - Wet,01 - Traffic signal,01 - Functioning,2,0,0,0,,0,,,,,369127.9435,5033487.119,45.43835659,-75.6777647,12026
18--7833,7/24/2018,9:30 AM,MARCH RD @ TERRY FOX DR (0003173),3173,02 - Intersection related,03 - P.D. only,03 - Rear end,02 - Rain,01 - Daylight,02 - Wet,01 - Traffic signal,01 - Functioning,2,0,0,0,,0,,,,,349864.6085,5023399.509,45.34909381,-75.92489356,12027
18--7834,7/24/2018,9:35 AM,ST. JOSEPH BLVD @ TENTH LINE RD (0009163),9163,03 - At intersection,03 - P.D. only,03 - Rear end,02 - Rain,01 - Daylight,02 - Wet,01 - Traffic signal,01 - Functioning,2,0,0,0,,0,,,,,382890.8041,5038666.453,45.48355406,-75.50105064,12028
18--7835,7/24/2018,9:42 AM,BLAIR RD @ REGIONAL RD 174 S/OR174 IC112 RAMP15 (0012435),12435,02 - Intersection related,03 - P.D. only,07 - SMV other,01 - Clear,01 - Daylight,02 - Wet,01 - Traffic signal,01 - Functioning,1,0,0,0,,0,,,,,374907.8899,5032661.54,45.43037283,-75.60401211,12029
18--7836,7/25/2018,10:00 AM,BANK ST @ BLAIS RD (0009264),9264,02 - Intersection related,03 - P.D. only,03 - Rear end,02 - Rain,01 - Daylight,02 - Wet,02 - Stop sign,01 - Functioning,2,0,0,0,,0,,,,,376154.7568,5019727.474,45.31387249,-75.58994745,12030
18--7837,7/25/2018,11:18 AM,NORTHWESTERN AVE/WESTERN AVE @ PREMIER AVE (0005643),5643,03 - At intersection,03 - P.D. only,02 - Angle,01 - Clear,01 - Daylight,01 - Dry,02 - Stop sign,01 - Functioning,2,0,0,0,,0,,,,,364172.668,5029304.602,45.40116162,-75.74160088,12031
18--7838,7/25/2018,11:42 AM,BRIAN COBURN BLVD @ TENTH LINE RD (0013966),13966,02 - Intersection related,02 - Non-fatal injury,07 - SMV other,02 - Rain,01 - Daylight,02 - Wet,01 - Traffic signal,01 - Functioning,1,0,0,1,02 - Minor,1,,1,,,384428.3389,5035022.308,45.45059377,-75.48197576,12032
18--7839,7/25/2018,11:47 AM,ST. LAURENT BLVD @ WALKLEY RD (0007653),7653,02 - Intersection related,03 - P.D. only,03 - Rear end,02 - Rain,01 - Daylight,02 - Wet,01 - Traffic signal,01 - Functioning,2,0,0,0,,0,,,,,373902.7495,5028046.855,45.3889522,-75.61750326,12033
18--784,1/14/2018,1:05 PM,TERRY FOX DR @ PALLADIUM DR/KATIMAVIK RD (0011858),11858,02 - Intersection related,02 - Non-fatal injury,03 - Rear end,01 - Clear,01 - Daylight,01 - Dry,01 - Traffic signal,01 - Functioning,2,0,0,0,01 - Minimal,2,2,,,,351269.7177,5018181.775,45.30205175,-75.90745245,12034
18--7840,7/25/2018,Unknown,ST. ANDREW ST btwn PARENT AVE & DALHOUSIE ST (__3ZA7BX),__3ZA7BX,01 - Non intersection,03 - P.D. only,06 - SMV unattended vehicle,01 - Clear,00 - Unknown,01 - Dry,10 - No control,,1,0,0,0,,0,,,,,367865.8371,5032780.487,45.43211355,-75.69398576,12035
18--7841,7/25/2018,12:06 PM,ELGIN ST @ LAURIER AVE (0002232),2232,03 - At intersection,02 - Non-fatal injury,05 - Turning movement,02 - Rain,01 - Daylight,02 - Wet,01 - Traffic signal,01 - Functioning,2,1,0,0,02 - Minor,2,1,1,,,367948.7098,5031549.576,45.42103076,-75.69308453,12036
18--7842,7/25/2018,12:20 PM,HUNTER'S RUN DR @ JEANNE D'ARC BLVD (0012419),12419,02 - Intersection related,03 - P.D. only,03 - Rear end,02 - Rain,01 - Daylight,02 - Wet,01 - Traffic signal,01 - Functioning,2,0,0,0,,0,,,,,380567.7475,5036174.573,45.46139015,-75.53114744,12037
18--7843,7/25/2018,2:25 PM,RIVERSIDE DR btwn HOG'S BACK RD & RIDGEWOOD AVE (__3ZA372),__3ZA372,01 - Non intersection,03 - P.D. only,04 - Sideswipe,01 - Clear,01 - Daylight,01 - Dry,10 - No control,,2,0,0,0,,0,,,,,368260.0444,5025711.934,45.36847724,-75.68985759,12038
18--7844,7/25/2018,2:30 PM,INDUSTRIAL AVE @ TRAINYARDS DR (0011906),11906,02 - Intersection related,02 - Non-fatal injury,03 - Rear end,02 - Rain,01 - Daylight,02 - Wet,01 - Traffic signal,01 - Functioning,2,0,0,0,01 - Minimal,1,1,,,,371685.9546,5030539.479,45.41159502,-75.64547223,12039
18--7845,7/25/2018,2:40 PM,BANK ST @ WALKLEY RD (0011423),11423,02 - Intersection related,03 - P.D. only,04 - Sideswipe,02 - Rain,01 - Daylight,02 - Wet,01 - Traffic signal,01 - Functioning,2,0,0,0,,0,,,,,370337.8518,5025947.735,45.37040769,-75.66330344,12040
18--7846,7/25/2018,2:45 PM,BELFAST RD @ TRAINYARDS (0007799),7799,03 - At intersection,03 - P.D. only,05 - Turning movement,02 - Rain,01 - Daylight,02 - Wet,01 - Traffic signal,01 - Functioning,2,0,0,0,,0,,,,,371882.7209,5030913.574,45.41494213,-75.64290773,12041
18--7847,7/25/2018,3:00 PM,NAVAN RD @ TRIM RD (0004075),4075,03 - At intersection,03 - P.D. only,02 - Angle,01 - Clear,01 - Daylight,02 - Wet,02 - Stop sign,01 - Functioning,2,0,0,0,,0,,,,,388559.7996,5032375.526,45.42629786,-75.42961572,12042
18--7848,7/25/2018,3:12 AM,BANK ST btwn WALKLEY RD & SURREY AVE (__3ZA4TW),__3ZA4TW,01 - Non intersection,03 - P.D. only,07 - SMV other,02 - Rain,07 - Dark,02 - Wet,10 - No control,,1,0,0,0,,0,,,,,370369.4425,5025852.172,45.36954488,-75.66291286,12043
18--7849,7/25/2018,3:45 PM,GREENBANK RD @ STRANDHERD DR (0005563),5563,02 - Intersection related,03 - P.D. only,03 - Rear end,01 - Clear,01 - Daylight,01 - Dry,01 - Traffic signal,01 - Functioning,2,0,0,0,,0,,,,,363933.6839,5014784.417,45.27053048,-75.74638834,12044
18--785,1/14/2018,1:07 PM,HWY417 IC127 RAMP51 btwn HIGHWAY 417 & HWY417 IC127 RAMP53 (__3ZAYBM),__3ZAYBM,01 - Non intersection,03 - P.D. only,07 - SMV other,03 - Snow,01 - Daylight,06 - Ice,10 - No control,,1,0,0,0,,0,,,,,362104.3896,5024653.918,45.35948763,-75.7685577,12045
18--7850,7/25/2018,3:56 PM,FALLOWFIELD RD @ SHEA RD (0000130),130,03 - At intersection,03 - P.D. only,02 - Angle,01 - Clear,01 - Daylight,01 - Dry,02 - Stop sign,01 - Functioning,2,0,0,0,,0,,,,,354014.6096,5011021.384,45.23743375,-75.87316329,12046