Anom_ID,Accident_Date,Accident_Time,Location,Geo_ID,Accident_Location,Classification_of_Accident,Initial_Impact_Type,Environment_Condition,Light,Road_Surface_Condition,Traffic_Control,Traffic_Control_Condition,No__of_Vehicles,No__of_Bicycles,No__of_Motorcycles,No__of_Pedestrians,Max_Injury,No__of_Injuries,No__of_Minimal,No__of_Minor,No__of_Major,No__of_Fatal,X,Y,Latitude,Longitude,ObjectId
18--7851,7/25/2018,3:56 PM,BANK ST btwn RIDEAU RD & TURN LANE (__3ZBPH9),__3ZBPH9,01 - Non intersection,03 - P.D. only,03 - Rear end,01 - Clear,01 - Daylight,01 - Dry,10 - No control,,3,0,0,0,,0,,,,,377553.6787,5016403.67,45.28382278,-75.57259574,12047
18--7852,7/25/2018,4:31 PM,TEMAGAMI DR btwn CHAPMAN MILLS DR & TEMISKAMING CRES (__61W6QN),__61W6QN,01 - Non intersection,03 - P.D. only,03 - Rear end,01 - Clear,01 - Daylight,01 - Dry,10 - No control,,2,0,0,0,,0,,,,,365418.1154,5014798.806,45.27053356,-75.72747039,12048
18--7853,7/25/2018,4:37 PM,MONK ST btwn FIFTH AVE & THORNTON AVE (__3ZA919),__3ZA919,01 - Non intersection,03 - P.D. only,04 - Sideswipe,01 - Clear,01 - Daylight,01 - Dry,10 - No control,,2,0,0,0,,0,,,,,368361.2277,5029319.603,45.40092884,-75.68810144,12049
18--7854,7/25/2018,5:01 PM,HIGHWAY 417 btwn HWY417 IC138 RAMP51 & HWY417 IC138 RAMP35 (__3ZA29E),__3ZA29E,01 - Non intersection,03 - P.D. only,07 - SMV other,02 - Rain,01 - Daylight,02 - Wet,10 - No control,,1,0,0,0,,0,,,,,352770.1763,5020097.403,45.31918814,-75.88813534,12050
18--7855,7/25/2018,6:00 AM,HIGHWAY 417 btwn HIGHWAY 417 & HWY417 IC140 RAMP51 (__3ZA20L),__3ZA20L,01 - Non intersection,03 - P.D. only,07 - SMV other,02 - Rain,03 - Dawn,02 - Wet,10 - No control,,1,0,0,0,,0,,,,,349453.1922,5017672.355,45.29758565,-75.93066015,12051
18--7856,7/25/2018,6:05 AM,HIGHWAY 417 btwn HIGHWAY 417 & HWY417 IC140 RAMP36 (__3ZA20M),__3ZA20M,01 - Non intersection,03 - P.D. only,07 - SMV other,02 - Rain,03 - Dawn,02 - Wet,10 - No control,,1,0,0,0,,0,,,,,349806.6974,5017972.583,45.30026464,-75.92612584,12052
18--7857,7/25/2018,6:20 AM,HWY417 IC104 RAMP61 btwn ANDERSON RD & HIGHWAY 417 (__3ZAY0E),__3ZAY0E,01 - Non intersection,03 - P.D. only,07 - SMV other,02 - Rain,01 - Daylight,02 - Wet,10 - No control,,1,0,0,0,,0,,,,,380029.1279,5026259.986,45.37224386,-75.53954744,12053
18--7858,7/25/2018,6:32 PM,CAMBRIAN RD @ KILBIRNIE DR/TUCANA WAY (0013607),13607,03 - At intersection,02 - Non-fatal injury,02 - Angle,01 - Clear,01 - Daylight,02 - Wet,02 - Stop sign,01 - Functioning,2,0,0,0,02 - Minor,1,,1,,,365113.837,5013068.716,45.25499238,-75.73155788,12054
18--7859,7/25/2018,7:27 AM,HIGHWAY 417 btwn HIGHWAY 417 & HWY417 IC140 RAMP51 (__3ZA20L),__3ZA20L,01 - Non intersection,03 - P.D. only,04 - Sideswipe,02 - Rain,01 - Daylight,02 - Wet,10 - No control,,2,0,0,0,,0,,,,,350161.7796,5018114.19,45.30151602,-75.92158551,12055
18--786,1/14/2018,1:11 PM,MACDONALD-CARTIER BR RAMP SB-1 btwn MACDONALD-CARTIER BR & CATHCART ST (__7TR60I),__7TR60I,01 - Non intersection,03 - P.D. only,07 - SMV other,01 - Clear,01 - Daylight,04 - Slush,10 - No control,,1,0,0,0,,0,,,,,367889.2122,5033271.184,45.43652656,-75.69362416,12056
18--7860,7/25/2018,7:50 AM,NEIL WAY @ RIVERSIDE DR (0011903),11903,02 - Intersection related,03 - P.D. only,05 - Turning movement,02 - Rain,01 - Daylight,02 - Wet,02 - Stop sign,01 - Functioning,2,0,0,0,,0,,,,,369464.256,5028290.841,45.39157137,-75.67414823,12057
18--7861,7/25/2018,7:54 AM,KENASTON ST @ LOUIS LANE (0009524),9524,03 - At intersection,03 - P.D. only,02 - Angle,02 - Rain,01 - Daylight,02 - Wet,02 - Stop sign,01 - Functioning,2,0,0,0,,0,,,,,373112.7271,5031178.57,45.41720744,-75.62715746,12058
18--7862,7/25/2018,8:00 AM,HIGHWAY 417 btwn HWY417 IC115 RAMP61 & REGIONAL ROAD 174 (__3ZA2XG),__3ZA2XG,01 - Non intersection,03 - P.D. only,04 - Sideswipe,02 - Rain,01 - Daylight,02 - Wet,10 - No control,,2,0,0,0,,0,,,,,373233.9158,5031709.122,45.42196925,-75.62553551,12059
18--7863,7/25/2018,8:01 AM,CLYDE AVE btwn STARWOOD RD & LOTTA AVE (__3ZA4HC),__3ZA4HC,01 - Non intersection,03 - P.D. only,04 - Sideswipe,02 - Rain,01 - Daylight,02 - Wet,10 - No control,,2,0,0,0,,0,,,,,364492.8213,5024577.378,45.35859965,-75.73808328,12060
18--7864,7/25/2018,8:19 AM,BRONSON AVE btwn UNIVERSITY RD & BREWER WAY (__3ZA3BT),__3ZA3BT,01 - Non intersection,03 - P.D. only,04 - Sideswipe,02 - Rain,01 - Daylight,02 - Wet,10 - No control,,2,0,0,0,,0,,,,,368052.5142,5027868.849,45.38790334,-75.69223039,12061
18--7865,7/25/2018,8:21 AM,CARLING AVE @ HOLLAND AVE (0002146),2146,03 - At intersection,03 - P.D. only,05 - Turning movement,02 - Rain,01 - Daylight,02 - Wet,01 - Traffic signal,01 - Functioning,2,0,0,0,,0,,,,,365416.6988,5028038.546,45.38966332,-75.72586721,12062
18--7866,7/25/2018,9:06 AM,HIGHWAY 417 btwn HWY417 IC127 RAMP25 & HWY417 IC126 RAMP51 (__3ZA2XA),__3ZA2XA,01 - Non intersection,03 - P.D. only,03 - Rear end,02 - Rain,01 - Daylight,02 - Wet,10 - No control,,2,0,0,0,,0,,,,,362413.8928,5025052.531,45.36304895,-75.76456101,12063
18--7867,7/25/2018,9:15 AM,COOPER ST @ KENT ST (0011445),11445,03 - At intersection,03 - P.D. only,02 - Angle,01 - Clear,01 - Daylight,01 - Dry,02 - Stop sign,01 - Functioning,2,0,0,0,,0,,,,,367482.7045,5030889.562,45.41513407,-75.69912253,12064
18--7868,7/25/2018,9:21 PM,HIGHWAY 417 btwn HWY417 IC104 RAMP15 & HWY417 IC96 RAMP51 (__3ZA2W4),__3ZA2W4,01 - Non intersection,02 - Non-fatal injury,07 - SMV other,01 - Clear,07 - Dark,02 - Wet,10 - No control,,1,0,0,0,02 - Minor,1,,1,,,383906.3797,5025200.302,45.36228268,-75.49022365,12065
18--7869,7/25/2018,9:48 PM,DAVIDSON RD btwn CONROY RD & HAWTHORNE RD (__3ZA8PL),__3ZA8PL,01 - Non intersection,03 - P.D. only,03 - Rear end,01 - Clear,07 - Dark,01 - Dry,10 - No control,,2,0,0,0,,0,,,,,375439.6853,5024016.972,45.35253991,-75.59845407,12066
18--787,1/14/2018,1:38 PM,HUNTERSWOOD CRES btwn FOLKWAY GT (2) & HUNTERSWOOD CRES (__3ZBOAI),__3ZBOAI,04 - At/near private drive,03 - P.D. only,02 - Angle,01 - Clear,01 - Daylight,05 - Packed snow,10 - No control,,2,0,0,0,,0,,,,,375260.9488,5026723.926,45.37691381,-75.60034893,12067
18--7870,7/26/2018,1:00 PM,LEEDS AVE btwn BLACKWELL ST & SHEFFIELD RD (__3ZA784),__3ZA784,04 - At/near private drive,03 - P.D. only,02 - Angle,01 - Clear,01 - Daylight,01 - Dry,10 - No control,,2,0,0,0,,0,,,,,374802.287,5029526.239,45.40217363,-75.60580693,12068
18--7871,7/26/2018,1:34 AM,"DESROSIERS, RUE ST @ DESCHAMPS AVE (0010008)",10008,03 - At intersection,03 - P.D. only,05 - Turning movement,01 - Clear,07 - Dark,01 - Dry,02 - Stop sign,01 - Functioning,2,0,0,0,,0,,,,,369943.7057,5033295.594,45.4365578,-75.66736413,12069
18--7872,7/26/2018,1:35 AM,DES EPINETTES AVE @ WILDFLOWER DR (0012939),12939,02 - Intersection related,03 - P.D. only,06 - SMV unattended vehicle,01 - Clear,07 - Dark,01 - Dry,02 - Stop sign,01 - Functioning,1,0,0,0,,0,,,,,382491.7503,5036242.559,45.46179052,-75.50653789,12070
18--7873,7/26/2018,10:27 AM,INNES RD @ STAR TOP RD/WINDMILL LANE (0008734),8734,02 - Intersection related,02 - Non-fatal injury,03 - Rear end,01 - Clear,01 - Daylight,01 - Dry,01 - Traffic signal,01 - Functioning,3,0,0,0,01 - Minimal,1,1,,,,374147.726,5030666.561,45.41249883,-75.61400674,12071
18--7874,7/26/2018,10:34 PM,WOODROFFE AVE @ SPORTSPLEX S (0010592),10592,02 - Intersection related,03 - P.D. only,03 - Rear end,02 - Rain,07 - Dark,02 - Wet,01 - Traffic signal,01 - Functioning,2,0,0,0,,0,,,,,363832.1327,5020899.449,45.32556193,-75.74695442,12072
18--7875,7/26/2018,Unknown,CATHERINE ST btwn METCALFE ST & ELGIN ST (__3ZA3PE),__3ZA3PE,01 - Non intersection,03 - P.D. only,06 - SMV unattended vehicle,01 - Clear,00 - Unknown,01 - Dry,10 - No control,,1,0,0,0,,0,,,,,368547.5445,5030574.613,45.41220407,-75.6855595,12073
18--7876,7/26/2018,12:00 PM,SMYTH RD @ SMYTH RD NORTH SIDE RAMP/SMYTH RD S (0006582),6582,03 - At intersection,03 - P.D. only,02 - Angle,01 - Clear,01 - Daylight,01 - Dry,03 - Yield sign,01 - Functioning,2,0,0,0,,0,,,,,369917.1874,5029121.391,45.3990024,-75.66825466,12074
18--7877,7/26/2018,12:18 PM,ST. LAURENT BLVD @ MCARTHUR AVE (0008246),8246,02 - Intersection related,03 - P.D. only,03 - Rear end,01 - Clear,01 - Daylight,01 - Dry,01 - Traffic signal,01 - Functioning,2,0,0,0,,0,,,,,371921.719,5032887.575,45.43269956,-75.64214055,12075
18--7878,7/26/2018,12:30 PM,VIEWMOUNT DR @ MERIVALE RD (0001528),1528,02 - Intersection related,03 - P.D. only,03 - Rear end,01 - Clear,01 - Daylight,01 - Dry,01 - Traffic signal,01 - Functioning,2,0,0,0,,0,,,,,365193.5443,5022948.647,45.34388455,-75.72933902,12076
18--7879,7/26/2018,12:33 PM,HIGHWAY 417 btwn HWY417 IC119A RAMP75 & HWY417 IC118 RAMP57 (__3ZA2R2),__3ZA2R2,01 - Non intersection,03 - P.D. only,07 - SMV other,01 - Clear,01 - Daylight,01 - Dry,10 - No control,,1,0,0,0,,0,,,,,368624.365,5030532.986,45.41182252,-75.68458353,12077
18--788,1/14/2018,10:00 AM,INDUSTRIAL AVE/INNES RD @ ST. LAURENT BLVD (0002203),2203,03 - At intersection,03 - P.D. only,02 - Angle,01 - Clear,01 - Daylight,02 - Wet,01 - Traffic signal,01 - Functioning,2,0,0,0,,0,,,,,373098.6821,5030004.87,45.40664841,-75.62749953,12078
18--7880,7/26/2018,2:34 PM,CARLING AVE @ OTTAWA RIVER PKWY WB (0002142),2142,02 - Intersection related,03 - P.D. only,03 - Rear end,01 - Clear,01 - Daylight,01 - Dry,03 - Yield sign,01 - Functioning,2,0,0,0,,0,,,,,360856.6813,5025170.52,45.36423686,-75.78442379,12079
18--7881,7/26/2018,3:30 PM,KING EDWARD AVE btwn THOMAS MORE PRIV & MARIE CURIE PRIV (__3ZA3US),__3ZA3US,01 - Non intersection,02 - Non-fatal injury,07 - SMV other,01 - Clear,01 - Daylight,01 - Dry,10 - No control,,1,0,0,1,02 - Minor,1,,1,,,368855.4917,5031843.904,45.42359658,-75.68146056,12080
18--7882,7/26/2018,3:30 PM,RICHMOND RD @ CAMBRIAN RD N (0000845),845,03 - At intersection,02 - Non-fatal injury,05 - Turning movement,01 - Clear,01 - Daylight,01 - Dry,02 - Stop sign,01 - Functioning,2,0,0,0,02 - Minor,2,,2,,,359113.7445,5009588.449,45.22416501,-75.80837756,12081
18--7883,7/26/2018,3:40 PM,HERON RD btwn PRINCE OF WALES DR & TURN LANE (2) (__5FD1F0),__5FD1F0,01 - Non intersection,03 - P.D. only,03 - Rear end,01 - Clear,01 - Daylight,01 - Dry,10 - No control,,3,0,0,0,,0,,,,,366974.2663,5026441.1,45.37515335,-75.70617868,12082
18--7884,7/26/2018,4:11 PM,KLONDIKE RD @ MARCH VALLEY RD (0012141),12141,03 - At intersection,01 - Fatal injury,02 - Angle,01 - Clear,01 - Daylight,01 - Dry,02 - Stop sign,01 - Functioning,2,0,0,0,04 - Fatal,6,,5,,1,350278.6165,5024992.523,45.36340134,-75.91946378,12083
18--7885,7/26/2018,4:15 PM,KENT ST @ SLATER ST (0002114),2114,03 - At intersection,03 - P.D. only,02 - Angle,01 - Clear,01 - Daylight,01 - Dry,01 - Traffic signal,01 - Functioning,2,0,0,0,,0,,,,,367261.7074,5031252.587,45.41842022,-75.70189985,12084
18--7886,7/26/2018,4:20 PM,CROSSKEYS PL/HELENE CAMPBELL RD @ STRANDHERD DR (0015337),15337,03 - At intersection,03 - P.D. only,03 - Rear end,01 - Clear,01 - Daylight,01 - Dry,01 - Traffic signal,01 - Functioning,2,0,0,0,,0,,,,,360982.3112,5014901.733,45.27182808,-75.78398493,12085
18--7887,7/26/2018,4:25 PM,AMBERWOOD CRES @ MERIVALE RD (0000101),101,02 - Intersection related,03 - P.D. only,03 - Rear end,01 - Clear,01 - Daylight,01 - Dry,01 - Traffic signal,01 - Functioning,2,0,0,0,,0,,,,,366409.7052,5020016.483,45.3173956,-75.7141864,12086
18--7888,7/26/2018,4:27 PM,WEST HUNT CLUB RD WB btwn CEDARVIEW RD & GREENBANK RD (__3ZA199),__3ZA199,01 - Non intersection,02 - Non-fatal injury,03 - Rear end,01 - Clear,01 - Daylight,01 - Dry,10 - No control,,3,0,0,0,02 - Minor,4,2,2,,,359803.3378,5019608.954,45.31427727,-75.79848719,12087
18--7889,7/26/2018,4:40 PM,CENTURY RD S @ MCCORDICK RD S (0003724),3724,03 - At intersection,02 - Non-fatal injury,02 - Angle,01 - Clear,01 - Daylight,01 - Dry,02 - Stop sign,01 - Functioning,3,0,0,0,02 - Minor,1,,1,,,360469.6291,5003123.311,45.16588437,-75.79183518,12088
18--789,1/14/2018,10:17 AM,BANK ST @ JOHNSTON RD (0006967),6967,02 - Intersection related,03 - P.D. only,03 - Rear end,01 - Clear,01 - Daylight,05 - Packed snow,01 - Traffic signal,01 - Functioning,2,0,0,0,,0,,,,,370851.7306,5024839.528,45.36038816,-75.6568918,12089
18--7890,7/26/2018,5:00 PM,CROSSFIELD AVE btwn MANSFIELD AVE & FRASER AVE (__3ZA06D),__3ZA06D,01 - Non intersection,03 - P.D. only,06 - SMV unattended vehicle,01 - Clear,01 - Daylight,01 - Dry,10 - No control,,1,0,0,0,,0,,,,,362586.7855,5027393.033,45.38409429,-75.76208038,12090
18--7891,7/26/2018,5:30 PM,CEDARVIEW RD @ WEST HUNT CLUB RD (0010267),10267,02 - Intersection related,03 - P.D. only,03 - Rear end,01 - Clear,01 - Daylight,01 - Dry,01 - Traffic signal,01 - Functioning,2,0,0,0,,0,,,,,359718.677,5019554.478,45.31379371,-75.79957291,12091
18--7892,7/26/2018,5:30 PM,HIGHWAY 417 btwn HWY417 IC121A RAMP16 & HWY417 IC121A RAMP61 (__3ZA2YY),__3ZA2YY,01 - Non intersection,03 - P.D. only,03 - Rear end,01 - Clear,01 - Daylight,01 - Dry,10 - No control,,2,0,0,0,,0,,,,,367252.7623,5029755.731,45.40495275,-75.70220379,12092
18--7893,7/26/2018,5:55 PM,HINCHEY AVE @ SCOTT ST (0006481),6481,02 - Intersection related,02 - Non-fatal injury,02 - Angle,01 - Clear,01 - Daylight,01 - Dry,02 - Stop sign,01 - Functioning,2,1,0,0,02 - Minor,2,1,1,,,365087.994,5029808.782,45.40561989,-75.72984834,12093
18--7894,7/26/2018,6:00 PM,BASELINE RD @ WOODROFFE AVE (0002225),2225,02 - Intersection related,02 - Non-fatal injury,04 - Sideswipe,01 - Clear,01 - Daylight,01 - Dry,01 - Traffic signal,01 - Functioning,2,0,0,0,01 - Minimal,1,1,,,,362549.69,5023770.505,45.35150222,-75.76297748,12094
18--7895,7/26/2018,6:15 PM,MCARTHUR AVE @ VANIER PKWY (0004626),4626,02 - Intersection related,03 - P.D. only,03 - Rear end,01 - Clear,01 - Daylight,01 - Dry,01 - Traffic signal,01 - Functioning,2,0,0,0,,0,,,,,370218.7051,5032690.586,45.43108852,-75.66392999,12095
18--7896,7/26/2018,6:44 PM,HIGHWAY 417 btwn HWY417 IC124 RAMP65 & HWY417 IC122 RAMP51 (__3ZA2R8),__3ZA2R8,01 - Non intersection,03 - P.D. only,03 - Rear end,01 - Clear,01 - Daylight,01 - Dry,10 - No control,,2,0,0,0,,0,,,,,365133.0575,5028678.176,45.39544307,-75.72941104,12096
18--7897,7/26/2018,7:04 AM,HOPE SIDE RD @ RICHMOND RD (0000581),581,03 - At intersection,03 - P.D. only,02 - Angle,01 - Clear,01 - Daylight,01 - Dry,02 - Stop sign,01 - Functioning,2,0,0,0,,0,,,,,356952.6367,5015485.435,45.27739073,-75.83527617,12097
18--7898,7/26/2018,7:07 AM,HWY 417 ST.LAURE IC115R51 @ ST. LAURENT BLVD (0002712),2712,02 - Intersection related,02 - Non-fatal injury,03 - Rear end,01 - Clear,01 - Daylight,01 - Dry,01 - Traffic signal,01 - Functioning,2,0,0,0,02 - Minor,1,,1,,,372530.717,5031410.562,45.41935138,-75.63456115,12098
18--7899,7/26/2018,7:08 PM,HIGHWAY 417 btwn HWY417 IC122 RAMP51 & HWY417 IC122 RAMP15 (__3ZA2R0),__3ZA2R0,01 - Non intersection,03 - P.D. only,04 - Sideswipe,01 - Clear,01 - Daylight,01 - Dry,10 - No control,,2,0,0,0,,0,,,,,365331.9187,5028873.693,45.39718512,-75.72684737,12099
18--79,1/2/2018,12:14 PM,ROOSEVELT AVE @ RICHMOND RD (0006899),6899,02 - Intersection related,03 - P.D. only,03 - Rear end,03 - Snow,01 - Daylight,03 - Loose snow,01 - Traffic signal,01 - Functioning,2,0,0,0,,0,,,,,362978.6935,5028117.555,45.390581,-75.75699085,12100
18--790,1/14/2018,10:20 AM,ST. JOSEPH BLVD @ TENTH LINE RD (0009163),9163,02 - Intersection related,03 - P.D. only,03 - Rear end,01 - Clear,01 - Daylight,06 - Ice,01 - Traffic signal,01 - Functioning,2,0,0,0,,0,,,,,382890.8039,5038666.453,45.48355406,-75.50105064,12101
18--7991,7/29/2018,2:09 AM,MACOUN CIRC btwn Continuation of MACOUN CIRC & Continuation of MACOUN  (__683KOC),__683KOC,04 - At/near private drive,03 - P.D. only,06 - SMV unattended vehicle,01 - Clear,07 - Dark,01 - Dry,10 - No control,,1,0,0,0,,0,,,,,372113.6597,5025735.441,45.36832923,-75.64066384,12102
18--8171,8/4/2018,1:47 PM,BANK ST @ WALKLEY RD (0011423),11423,02 - Intersection related,03 - P.D. only,02 - Angle,01 - Clear,01 - Daylight,01 - Dry,01 - Traffic signal,01 - Functioning,2,0,0,0,,0,,,,,370337.8518,5025947.735,45.37040769,-75.66330344,12103
18--8352,8/10/2018,3:37 PM,BRONSON AVE btwn RENFREW AVE & POWELL AVE (__3ZA3BZ),__3ZA3BZ,04 - At/near private drive,03 - P.D. only,02 - Angle,01 - Clear,01 - Daylight,01 - Dry,10 - No control,,2,0,0,0,,0,,,,,367365.7727,5029529.935,45.40291102,-75.70078894,12104
18--7992,7/29/2018,3:18 PM,HAZELDEAN RD @ 246 E OF CASTLEFRANK RD/FARMBOY (0011366),11366,02 - Intersection related,02 - Non-fatal injury,02 - Angle,01 - Clear,01 - Daylight,01 - Dry,01 - Traffic signal,01 - Functioning,2,1,0,0,01 - Minimal,1,1,,,,352859.0673,5017840.873,45.2988773,-75.88722043,12105
18--8172,8/4/2018,1:51 PM,PINECREST RD/HWY 417 PINECRE IC129R63 @ TRANSI (0008264),8264,03 - At intersection,03 - P.D. only,02 - Angle,01 - Clear,01 - Daylight,01 - Dry,01 - Traffic signal,01 - Functioning,2,0,0,0,,0,,,,,360388.0858,5023677.836,45.35084306,-75.79057291,12106
18--8173,8/4/2018,10:19 AM,RICHMOND RD btwn ROBERTSON RD & STINSON AVE (__3ZA4YR),__3ZA4YR,01 - Non intersection,03 - P.D. only,02 - Angle,01 - Clear,01 - Daylight,01 - Dry,10 - No control,,2,0,0,0,,0,,,,,357706.4836,5020827.817,45.32540583,-75.82509838,12107
18--8174,8/4/2018,11:46 AM,INNES RD @ STONEHENGE CRES E (0009355),9355,02 - Intersection related,03 - P.D. only,04 - Sideswipe,01 - Clear,01 - Daylight,01 - Dry,01 - Traffic signal,01 - Functioning,2,0,0,0,,0,,,,,375363.7425,5031313.553,45.41819855,-75.59838008,12108
18--8175,8/4/2018,12:41 AM,DONALD B. MUNRO DR btwn GRANTS SIDE RD & LOMAR RD (__3ZBNAK),__3ZBNAK,01 - Non intersection,03 - P.D. only,07 - SMV other,01 - Clear,07 - Dark,01 - Dry,10 - No control,,1,0,0,0,,0,,,,,333187.999,5023698.824,45.3526605,-76.13769474,12109
18--8176,8/4/2018,12:49 PM,CUMBERLAND ST @ MURRAY ST (0008237),8237,02 - Intersection related,03 - P.D. only,05 - Turning movement,01 - Clear,01 - Daylight,01 - Dry,01 - Traffic signal,01 - Functioning,2,0,0,0,,0,,,,,368170.697,5032679.585,45.43117811,-75.69010287,12110
18--8177,8/4/2018,2:03 PM,VANIER PKWY NB btwn MONTREAL RD & MCARTHUR AVE (__3ZA4SS),__3ZA4SS,01 - Non intersection,02 - Non-fatal injury,07 - SMV other,01 - Clear,01 - Daylight,01 - Dry,10 - No control,,1,0,0,1,02 - Minor,1,,1,,,370210.0818,5032740.471,45.43153817,-75.66403356,12111
18--8178,8/4/2018,2:19 PM,STRANDHERD DR btwn CEDARVIEW RD & MCKENNA CASEY DR (__30IZPQ),__30IZPQ,01 - Non intersection,03 - P.D. only,03 - Rear end,02 - Rain,01 - Daylight,02 - Wet,10 - No control,,2,0,0,0,,0,,,,,361996.6854,5013584.068,45.25988985,-75.77121002,12112
18--8179,8/4/2018,2:23 AM,MONTREAL RD btwn MONA AVE & LAFONTAINE AVE (__3ZA2GN),__3ZA2GN,01 - Non intersection,02 - Non-fatal injury,07 - SMV other,01 - Clear,07 - Dark,01 - Dry,10 - No control,,1,0,0,1,02 - Minor,1,,1,,,370761.7116,5033443.591,45.43781272,-75.65689007,12113
18--818,1/14/2018,5:04 PM,KNOXDALE RD @ WEST HUNT CLUB RD (0005165),5165,02 - Intersection related,03 - P.D. only,03 - Rear end,01 - Clear,05 - Dusk,05 - Packed snow,01 - Traffic signal,01 - Functioning,2,0,0,0,,0,,,,,361863.6851,5020584.477,45.3228906,-75.77209922,12114
18--8180,8/4/2018,2:30 AM,GREENBANK RD @ WEST HUNT CLUB RD (0005167),5167,02 - Intersection related,03 - P.D. only,04 - Sideswipe,01 - Clear,07 - Dark,01 - Dry,01 - Traffic signal,01 - Functioning,2,0,0,0,,0,,,,,361479.6768,5020502.479,45.3221839,-75.77700659,12115
18--8181,8/4/2018,2:31 PM,ST. LAURENT BLVD @ TREMBLAY RD (0002573),2573,02 - Intersection related,03 - P.D. only,03 - Rear end,01 - Clear,01 - Daylight,01 - Dry,01 - Traffic signal,01 - Functioning,2,0,0,0,,0,,,,,372595.7139,5031241.577,45.41782464,-75.63375399,12116
18--8182,8/4/2018,3:20 PM,INNES RD @ LANTHIER DR/PRESTWICK DR (0004251),4251,03 - At intersection,02 - Non-fatal injury,05 - Turning movement,01 - Clear,01 - Daylight,01 - Dry,01 - Traffic signal,01 - Functioning,3,0,0,0,02 - Minor,1,,1,,,383540.7634,5035988.564,45.45938785,-75.49316667,12117
18--8183,8/4/2018,4:04 PM,CLOVER ST btwn GREGG ST & BROOKFIELD RD (__3ZA0TV),__3ZA0TV,04 - At/near private drive,03 - P.D. only,06 - SMV unattended vehicle,01 - Clear,01 - Daylight,01 - Dry,10 - No control,,1,0,0,0,,0,,,,,369331.4987,5026409.111,45.3746524,-75.67608954,12118
18--8184,8/4/2018,5:20 PM,RUSSELL RD S @ ST. LAURENT BLVD (0007734),7734,03 - At intersection,03 - P.D. only,03 - Rear end,01 - Clear,01 - Daylight,01 - Dry,01 - Traffic signal,01 - Functioning,2,0,0,0,,0,,,,,373569.7338,5029260.544,45.3999052,-75.62158645,12119
18--8185,8/4/2018,6:48 AM,BRONSON AVE @ CATHERINE ST/RAYMOND ST (0007198),7198,03 - At intersection,03 - P.D. only,02 - Angle,01 - Clear,01 - Daylight,01 - Dry,01 - Traffic signal,01 - Functioning,3,0,0,0,,0,,,,,367252.7088,5029796.566,45.40532018,-75.7021993,12120
18--8186,8/4/2018,7:36 PM,PLAINRIDGE CRES btwn GRAPEFERN TER & PLAINHILL DR (__5UW3Y4),__5UW3Y4,04 - At/near private drive,02 - Non-fatal injury,02 - Angle,01 - Clear,01 - Daylight,01 - Dry,10 - No control,,2,1,0,0,02 - Minor,1,,1,,,386208.0396,5036118.807,45.46025396,-75.45904506,12121
18--8187,8/4/2018,7:49 PM,MONTREAL RD @ VANIER PKWY (0004630),4630,02 - Intersection related,03 - P.D. only,03 - Rear end,01 - Clear,01 - Daylight,01 - Dry,01 - Traffic signal,01 - Functioning,2,0,0,0,,0,,,,,370072.7102,5033065.593,45.43447632,-75.66574593,12122
18--8188,8/4/2018,9:57 AM,ALBERT ST @ ELGIN ST/MACKENZIE KING BRIDGE (0002226),2226,03 - At intersection,03 - P.D. only,05 - Turning movement,01 - Clear,01 - Daylight,01 - Dry,01 - Traffic signal,01 - Functioning,2,0,0,0,,0,,,,,367850.7113,5031711.581,45.42249726,-75.6943159,12123
18--8189,8/5/2018,10:21 AM,CHAPEL ST @ RIDEAU ST (0011918),11918,02 - Intersection related,03 - P.D. only,07 - SMV other,01 - Clear,01 - Daylight,01 - Dry,01 - Traffic signal,01 - Functioning,1,0,0,0,,0,,,,,368892.4086,5032643.272,45.43078561,-75.68088484,12124
18--819,1/14/2018,5:28 PM,BLAIR RD @ OGILVIE RD (0004120),4120,03 - At intersection,03 - P.D. only,03 - Rear end,01 - Clear,05 - Dusk,01 - Dry,01 - Traffic signal,01 - Functioning,2,0,0,0,,0,,,,,374507.7237,5033198.575,45.43524478,-75.60904963,12125
18--8190,8/5/2018,3:35 AM,DALHOUSIE ST btwn YORK ST & GEORGE ST (__3ZBOX1),__3ZBOX1,01 - Non intersection,02 - Non-fatal injury,04 - Sideswipe,01 - Clear,07 - Dark,01 - Dry,10 - No control,,2,0,0,0,01 - Minimal,1,1,,,,368099.2354,5032410.828,45.4287664,-75.69105062,12126
18--8191,8/5/2018,3:52 AM,BLOSSOM TRAIL DR btwn BYLES WAY & APPLE BLOSSOM WAY (__5QCXCI),__5QCXCI,04 - At/near private drive,03 - P.D. only,07 - SMV other,01 - Clear,07 - Dark,01 - Dry,10 - No control,,1,0,0,0,,0,,,,,375277.3003,5011845.225,45.24303917,-75.60225623,12127
18--8192,8/5/2018,5:00 PM,YORK ST WB btwn BYWARD MARKE SQ & SUSSEX DR (__3ZA1B0),__3ZA1B0,01 - Non intersection,03 - P.D. only,06 - SMV unattended vehicle,01 - Clear,01 - Daylight,01 - Dry,10 - No control,,1,0,0,0,,0,,,,,367875.8978,5032309.225,45.42787239,-75.69391755,12128
18--8193,8/5/2018,6:35 PM,ROCKDALE RD btwn RUSSELL RD & FORCED RD (__3ZA2ZP),__3ZA2ZP,01 - Non intersection,03 - P.D. only,07 - SMV other,01 - Clear,01 - Daylight,01 - Dry,10 - No control,,1,0,0,0,,0,,,,,393795.7132,5026878.393,45.37619459,-75.36370965,12129