Anom_ID,Accident_Date,Accident_Time,Location,Geo_ID,Accident_Location,Classification_of_Accident,Initial_Impact_Type,Environment_Condition,Light,Road_Surface_Condition,Traffic_Control,Traffic_Control_Condition,No__of_Vehicles,No__of_Bicycles,No__of_Motorcycles,No__of_Pedestrians,Max_Injury,No__of_Injuries,No__of_Minimal,No__of_Minor,No__of_Major,No__of_Fatal,X,Y,Latitude,Longitude,ObjectId
18--8194,8/5/2018,8:15 AM,HIGHWAY 417 btwn HWY417 IC123 RAMP62 & HWY417 IC122 RAMP16 (__3ZA2R9),__3ZA2R9,01 - Non intersection,03 - P.D. only,04 - Sideswipe,01 - Clear,01 - Daylight,01 - Dry,10 - No control,,2,0,0,0,,0,,,,,364840.3352,5028187.073,45.39104938,-75.73320919,12130
18--8195,8/5/2018,9:30 AM,BANK ST @ FINDLAY CREEK SC/310 S OF FINDLAY CREEK DR (0013532),13532,02 - Intersection related,02 - Non-fatal injury,05 - Turning movement,01 - Clear,01 - Daylight,01 - Dry,01 - Traffic signal,01 - Functioning,2,0,0,0,02 - Minor,1,,1,,,375967.5345,5020175.263,45.31792052,-75.59227064,12131
18--8196,8/5/2018,9:30 AM,BANK ST @ HERON RD (0002155),2155,02 - Intersection related,03 - P.D. only,04 - Sideswipe,01 - Clear,01 - Daylight,01 - Dry,01 - Traffic signal,01 - Functioning,2,0,0,0,,0,,,,,369995.7201,5026851.542,45.37857176,-75.66755153,12132
18--8197,8/6/2018,1:00 AM,HIGHWAY 417 btwn HWY 417 ANDERSON IC104R61 & HWY 417 BOUNDARY IC96R16 (__3ZA2W5),__3ZA2W5,01 - Non intersection,03 - P.D. only,07 - SMV other,01 - Clear,07 - Dark,01 - Dry,10 - No control,,1,0,0,0,,0,,,,,383760.5578,5025335.78,45.36351805,-75.4920631,12133
18--8198,8/6/2018,1:30 AM,BANK ST btwn WILDWOOD AVE & RIDGEMONT AVE (__3ZA364),__3ZA364,04 - At/near private drive,03 - P.D. only,02 - Angle,01 - Clear,07 - Dark,01 - Dry,10 - No control,,2,0,0,0,,0,,,,,370072.0027,5026646.165,45.37671675,-75.66660477,12134
18--8199,8/6/2018,1:41 PM,PRINCE OF WALES DR btwn FISHER AVE & NE/OT BOUNDARY (__3ZA2TZ),__3ZA2TZ,04 - At/near private drive,03 - P.D. only,02 - Angle,01 - Clear,01 - Daylight,01 - Dry,10 - No control,,2,0,0,0,,0,,,,,367160.7854,5023962.837,45.35283791,-75.70411025,12135
18--82,1/2/2018,12:40 PM,SMYTH RD @ SMYTH RD NORTH SIDE RAMP/SMYTH RD S (0006582),6582,02 - Intersection related,03 - P.D. only,07 - SMV other,03 - Snow,01 - Daylight,04 - Slush,03 - Yield sign,01 - Functioning,1,0,0,0,,0,,,,,369917.7132,5029122.715,45.39901427,-75.66824777,12136
18--820,1/14/2018,5:50 PM,DALY AVE btwn CUMBERLAND ST & KING EDWARD AVE (__3ZA8ZJ),__3ZA8ZJ,04 - At/near private drive,03 - P.D. only,06 - SMV unattended vehicle,01 - Clear,07 - Dark,05 - Packed snow,10 - No control,,1,0,0,0,,0,,,,,368538.3365,5032240.345,45.42719258,-75.68546165,12137
18--8200,8/6/2018,1:42 PM,CROYDON AVE @ RICHMOND RD (0002652),2652,02 - Intersection related,03 - P.D. only,02 - Angle,01 - Clear,01 - Daylight,01 - Dry,01 - Traffic signal,01 - Functioning,2,0,0,0,,0,,,,,360545.6868,5025272.52,45.36517946,-75.78838189,12138
18--8201,8/6/2018,11:05 PM,KING EDWARD AVE @ ST. PATRICK ST (0002714),2714,03 - At intersection,03 - P.D. only,05 - Turning movement,01 - Clear,07 - Dark,02 - Wet,01 - Traffic signal,01 - Functioning,2,0,0,0,,0,,,,,368248.7016,5032823.589,45.43246674,-75.68908749,12139
18--8202,8/6/2018,11:18 PM,BANK ST @ GILMOUR ST (0007270),7270,02 - Intersection related,03 - P.D. only,03 - Rear end,01 - Clear,07 - Dark,01 - Dry,01 - Traffic signal,02 - Not functioning,2,0,0,0,,0,,,,,367786.7047,5030774.571,45.41407212,-75.69525349,12140
18--8203,8/6/2018,Unknown,MALAK ST btwn BRADLEY COLE PRIV & HUNT CLUB RD (__3ZA8M1),__3ZA8M1,01 - Non intersection,03 - P.D. only,06 - SMV unattended vehicle,02 - Rain,00 - Unknown,02 - Wet,10 - No control,,1,0,0,0,,0,,,,,374165.7651,5025706.854,45.36787192,-75.61447347,12141
18--8204,8/6/2018,12:59 PM,SHEFFIELD RD btwn INNES PARK WAY & BANTREE ST (__3ZA79N),__3ZA79N,04 - At/near private drive,03 - P.D. only,02 - Angle,01 - Clear,01 - Daylight,01 - Dry,10 - No control,,2,0,0,0,,0,,,,,374406.0642,5030465.662,45.4106656,-75.61073496,12142
18--8205,8/6/2018,2:51 PM,LEVIS AVE @ OLMSTEAD ST (0009888),9888,03 - At intersection,02 - Non-fatal injury,02 - Angle,01 - Clear,01 - Daylight,01 - Dry,02 - Stop sign,01 - Functioning,2,0,0,0,01 - Minimal,1,1,,,,370390.7075,5033103.586,45.43478841,-75.66167697,12143
18--8206,8/6/2018,3:20 PM,HAWTHORNE AVE/ISABELLA ST @ QUEEN ELIZABETH DR (0002105),2105,03 - At intersection,03 - P.D. only,05 - Turning movement,01 - Clear,01 - Daylight,01 - Dry,01 - Traffic signal,01 - Functioning,2,0,0,0,,0,,,,,368665.7357,5030476.499,45.41131049,-75.68406236,12144
18--8207,8/6/2018,3:20 PM,OTTAWA RIVER PKWY @ TRANSITWAY -  SCOTT ST (0007638),7638,03 - At intersection,03 - P.D. only,03 - Rear end,03 - Snow,01 - Daylight,03 - Loose snow,01 - Traffic signal,01 - Functioning,2,0,0,0,,0,,,,,362648.3076,5028268.661,45.391968,-75.76119219,12145
18--8208,8/6/2018,3:30 PM,JEANNE D'ARC BLVD @ WILLOW AVE (0004526),4526,03 - At intersection,02 - Non-fatal injury,02 - Angle,01 - Clear,01 - Daylight,01 - Dry,02 - Stop sign,01 - Functioning,2,1,0,0,02 - Minor,1,,1,,,381625.7426,5038839.6,45.48525226,-75.51720399,12146
18--8209,8/6/2018,4:20 PM,HIGHWAY 416 btwn HWY416 IC75A RAMP43 & HWY416 IC72 RAMP34 (__3ZAZLD),__3ZAZLD,01 - Non intersection,03 - P.D. only,07 - SMV other,01 - Clear,01 - Daylight,01 - Dry,10 - No control,,1,0,0,0,,0,,,,,358949.6154,5021442.919,45.33084575,-75.80917423,12147
18--821,1/14/2018,6:12 AM,MACDONALD-CARTIER BR btwn RAMP & END (1) (__3ZA1QK),__3ZA1QK,07 - Overpass or bridge,03 - P.D. only,07 - SMV other,01 - Clear,07 - Dark,02 - Wet,10 - No control,,1,0,0,0,,0,,,,,367409.4864,5033228.084,45.43618188,-75.69976066,12148
18--8210,8/6/2018,4:27 PM,MOSELLE CRES E @ VOYAGEUR DR (0003781),3781,03 - At intersection,03 - P.D. only,02 - Angle,01 - Clear,01 - Daylight,01 - Dry,02 - Stop sign,01 - Functioning,2,0,0,0,,0,,,,,379106.7225,5037764.596,45.4758529,-75.54958675,12149
18--8211,8/6/2018,5:05 PM,CARLING AVE WB btwn RICHMOND RD & POULIN AVE (__3ZAYF6),__3ZAYF6,01 - Non intersection,02 - Non-fatal injury,02 - Angle,01 - Clear,01 - Daylight,01 - Dry,10 - No control,,2,1,0,0,02 - Minor,1,,1,,,360271.5254,5024798.099,45.36093238,-75.79193466,12150
18--8212,8/6/2018,5:24 PM,CARP RD @ STITTSVILLE MAIN ST (0005253),5253,02 - Intersection related,03 - P.D. only,03 - Rear end,01 - Clear,01 - Daylight,01 - Dry,01 - Traffic signal,01 - Functioning,2,0,0,0,,0,,,,,349524.7859,5014330.203,45.2675073,-75.93004857,12151
18--8213,8/6/2018,7:25 AM,TERRY FOX DR btwn MARCH VALLEY RD & HERZBERG RD (__30XHE4),__30XHE4,01 - Non intersection,03 - P.D. only,07 - SMV other,01 - Clear,01 - Daylight,01 - Dry,10 - No control,,1,0,0,0,,0,,,,,350860.6198,5023733,45.35202992,-75.91215224,12152
18--8214,8/6/2018,7:45 AM,CROSSKEYS PL/HELENE CAMPBELL RD @ STRANDHERD DR (0015337),15337,03 - At intersection,03 - P.D. only,02 - Angle,01 - Clear,01 - Daylight,01 - Dry,01 - Traffic signal,01 - Functioning,2,0,0,0,,0,,,,,360982.3112,5014901.733,45.27182808,-75.78398493,12153
18--8215,8/6/2018,8:18 PM,WOODROFFE AVE @ GEORGINA DR/LENESTER AVE (0002351),2351,03 - At intersection,03 - P.D. only,02 - Angle,02 - Rain,07 - Dark,02 - Wet,01 - Traffic signal,02 - Not functioning,2,0,0,0,,0,,,,,361909.6869,5025370.52,45.36595145,-75.7709599,12154
18--8216,8/6/2018,8:40 PM,HIGHWAY 417 btwn HWY417 IC138 RAMP36 & HIGHWAY 417 (__3ZA29F),__3ZA29F,01 - Non intersection,03 - P.D. only,07 - SMV other,02 - Rain,07 - Dark,02 - Wet,10 - No control,,1,0,0,0,,0,,,,,352825.8324,5020186.562,45.3199866,-75.88741684,12155
18--8217,8/6/2018,8:53 PM,WALKLEY RD btwn TRANSIT & GLENHAVEN PRIV (__45CW09),__45CW09,01 - Non intersection,02 - Non-fatal injury,03 - Rear end,02 - Rain,07 - Dark,02 - Wet,10 - No control,,2,0,0,0,01 - Minimal,1,1,,,,370084.2487,5025795.479,45.3690614,-75.66656087,12156
18--8218,8/6/2018,9:25 PM,ST. LAURENT BLVD btwn NERTA ST & JOLIFFE ST (__3ZA74S),__3ZA74S,01 - Non intersection,03 - P.D. only,99 - Other,02 - Rain,07 - Dark,02 - Wet,10 - No control,,2,0,0,0,,0,,,,,373745.8387,5028432.242,45.3924352,-75.61945305,12157
18--8219,8/6/2018,9:39 PM,FISHER AVE @ TUNIS AVE (0006208),6208,02 - Intersection related,03 - P.D. only,07 - SMV other,02 - Rain,07 - Dark,02 - Wet,02 - Stop sign,01 - Functioning,1,0,0,0,,0,,,,,365496.6993,5027596.535,45.38567927,-75.72489998,12158
18--822,1/14/2018,6:12 PM,STRANDHERD DR btwn LONGFIELDS DR & CLARIDGE DR (__4BRV9S),__4BRV9S,01 - Non intersection,02 - Non-fatal injury,99 - Other,01 - Clear,07 - Dark,05 - Packed snow,10 - No control,,2,0,0,0,02 - Minor,2,,2,,,364741.6497,5015287.77,45.27499124,-75.7360316,12159
18--8220,8/7/2018,1:25 PM,HIGHWAY 416 btwn HWY416 IC66 RAMP53 & HWY416 IC57 RAMP34 (__3ZAZLC),__3ZAZLC,01 - Non intersection,03 - P.D. only,07 - SMV other,01 - Clear,01 - Daylight,01 - Dry,10 - No control,,1,0,0,0,,0,,,,,363421.5031,5010687.288,45.23370714,-75.75339832,12160
18--8221,8/7/2018,1:26 PM,MONTREAL RD @ SHEFFORD RD (0012423),12423,02 - Intersection related,03 - P.D. only,03 - Rear end,01 - Clear,01 - Daylight,01 - Dry,01 - Traffic signal,01 - Functioning,2,0,0,0,,0,,,,,376125.7305,5034853.574,45.44997227,-75.58813225,12161
18--8222,8/7/2018,11:25 PM,ST. LAURENT BLVD @ COVENTRY RD/OGILVIE RD (0002151),2151,03 - At intersection,03 - P.D. only,02 - Angle,01 - Clear,07 - Dark,01 - Dry,01 - Traffic signal,01 - Functioning,2,0,0,0,,0,,,,,372305.7197,5031951.575,45.42424091,-75.63736162,12162
18--8223,8/7/2018,11:36 AM,WEST HUNT CLUB RD @ CLEOPATRA DR/LANCELOT DR (0000114),114,02 - Intersection related,03 - P.D. only,03 - Rear end,02 - Rain,01 - Daylight,02 - Wet,01 - Traffic signal,01 - Functioning,2,0,0,0,,0,,,,,365235.7001,5021732.494,45.33293813,-75.72894967,12163
18--8224,8/7/2018,Unknown,RIVERDALE AVE btwn ECHO DR & GLENVIEW AVE (__3ZA9MY),__3ZA9MY,01 - Non intersection,03 - P.D. only,06 - SMV unattended vehicle,01 - Clear,00 - Unknown,01 - Dry,10 - No control,,1,0,0,0,,0,,,,,369281.163,5029342.271,45.40104867,-75.67634891,12164
18--8225,8/7/2018,12:20 PM,DONALD ST @ ST. LAURENT BLVD (0008630),8630,02 - Intersection related,03 - P.D. only,04 - Sideswipe,01 - Clear,01 - Daylight,01 - Dry,01 - Traffic signal,01 - Functioning,3,0,0,0,,0,,,,,372093.7128,5032472.584,45.42894914,-75.63999931,12165
18--8226,8/7/2018,12:32 PM,BRONSON AVE/BRONSON/HERON RAMP 35 @ HERON RD (0002386),2386,03 - At intersection,02 - Non-fatal injury,02 - Angle,01 - Clear,01 - Daylight,01 - Dry,01 - Traffic signal,01 - Functioning,2,0,0,0,01 - Minimal,1,1,,,,368641.5881,5026697.643,45.37731172,-75.68485982,12166
18--8227,8/7/2018,12:37 AM,REGIONAL ROAD 174 btwn OR174 IC112 RAMP15 & TRANSIT (__3ZA2WA),__3ZA2WA,01 - Non intersection,03 - P.D. only,07 - SMV other,01 - Clear,07 - Dark,01 - Dry,10 - No control,,1,0,0,0,,0,,,,,375209.371,5033134.243,45.43459566,-75.60009202,12167
18--8228,8/7/2018,12:46 PM,BANK ST @ KILBORN AVE/BELANGER AVE (0007208),7208,03 - At intersection,02 - Non-fatal injury,07 - SMV other,01 - Clear,01 - Daylight,01 - Dry,01 - Traffic signal,01 - Functioning,1,0,0,1,01 - Minimal,1,1,,,,369653.7195,5027427.547,45.38378621,-75.67184222,12168
18--8229,8/7/2018,12:53 PM,HUNT CLUB RD @ RIVERSIDE DR (0002237),2237,02 - Intersection related,02 - Non-fatal injury,03 - Rear end,01 - Clear,01 - Daylight,01 - Dry,01 - Traffic signal,01 - Functioning,3,0,0,0,01 - Minimal,2,2,,,,368036.6093,5021945.549,45.33460834,-75.69319139,12169
18--823,1/14/2018,6:24 PM,RIVERSIDE DR @ TREMBLAY RD/HWY417 IC117 RAMP52 (0010790),10790,03 - At intersection,03 - P.D. only,03 - Rear end,01 - Clear,07 - Dark,06 - Ice,01 - Traffic signal,01 - Functioning,2,0,0,0,,0,,,,,370802.0781,5031015.908,45.41596566,-75.6566995,12170
18--8230,8/7/2018,2:00 PM,BRUYERE ST btwn PARENT AVE & DALHOUSIE ST (__3ZBOXJ),__3ZBOXJ,01 - Non intersection,03 - P.D. only,06 - SMV unattended vehicle,01 - Clear,01 - Daylight,01 - Dry,10 - No control,,1,0,0,0,,0,,,,,367713.762,5032779.97,45.4321226,-75.69592923,12171
18--8231,8/7/2018,2:20 PM,HIGHWAY 417 btwn HWY417 IC123 RAMP62 & HWY417 IC122 RAMP16 (__3ZA2R9),__3ZA2R9,01 - Non intersection,03 - P.D. only,03 - Rear end,01 - Clear,01 - Daylight,01 - Dry,10 - No control,,3,0,0,0,,0,,,,,365029.3123,5028534.119,45.3941558,-75.73075356,12172
18--8232,8/7/2018,2:40 PM,HAWTHORNE AVE @ MAIN ST (0006919),6919,02 - Intersection related,03 - P.D. only,04 - Sideswipe,01 - Clear,01 - Daylight,01 - Dry,01 - Traffic signal,01 - Functioning,2,0,0,0,,0,,,,,368970.71,5030632.567,45.41268684,-75.68014614,12173
18--8233,8/7/2018,2:41 PM,BOOTH ST @ WELLINGTON ST S (0011393),11393,03 - At intersection,03 - P.D. only,05 - Turning movement,01 - Clear,01 - Daylight,01 - Dry,02 - Stop sign,01 - Functioning,2,0,0,0,,0,,,,,366402.7025,5030675.572,45.41330456,-75.7129468,12174
18--8234,8/7/2018,3:30 PM,HIGHWAY 417 btwn HWY417 IC127 RAMP25 & HWY417 IC126 RAMP51 (__3ZA2XA),__3ZA2XA,01 - Non intersection,02 - Non-fatal injury,03 - Rear end,01 - Clear,01 - Daylight,01 - Dry,10 - No control,,2,0,0,0,01 - Minimal,2,2,,,,363190.1722,5025863.762,45.37028408,-75.7545568,12175
18--8235,8/7/2018,3:36 AM,MACDONALD-CARTIER BR btwn RAMP & END (1) (__3ZA1QK),__3ZA1QK,07 - Overpass or bridge,03 - P.D. only,07 - SMV other,01 - Clear,07 - Dark,01 - Dry,10 - No control,,1,0,0,0,,0,,,,,367224.6882,5033294.394,45.43679504,-75.70211401,12176
18--8236,8/7/2018,4:00 PM,COMO CRES N @ VARENNES BLVD (0013071),13071,02 - Intersection related,03 - P.D. only,03 - Rear end,01 - Clear,01 - Daylight,01 - Dry,02 - Stop sign,01 - Functioning,2,0,0,0,,0,,,,,385041.5936,5038064.364,45.47789315,-75.47364017,12177
18--8237,8/7/2018,4:13 PM,PRINCE OF WALES DR btwn WATERBRIDGE DR & CRESTWAY DR (__3ZA294),__3ZA294,01 - Non intersection,03 - P.D. only,03 - Rear end,01 - Clear,01 - Daylight,01 - Dry,10 - No control,,3,0,0,0,,0,,,,,367361.598,5016476.51,45.28545919,-75.70249317,12178
18--8238,8/7/2018,4:32 PM,AVIATION PKWY @ MONTREAL RD (0008799),8799,02 - Intersection related,03 - P.D. only,03 - Rear end,01 - Clear,01 - Daylight,01 - Dry,01 - Traffic signal,01 - Functioning,2,0,0,0,,0,,,,,372146.7173,5034108.583,45.44366397,-75.63909819,12179
18--8239,8/7/2018,4:44 PM,CARLING AVE @ EDGEWORTH AVE (0002718),2718,02 - Intersection related,03 - P.D. only,03 - Rear end,01 - Clear,01 - Daylight,01 - Dry,01 - Traffic signal,01 - Functioning,3,0,0,0,,0,,,,,361262.6802,5025424.524,45.36648979,-75.7792125,12180
18--824,1/14/2018,6:43 PM,LEES AVE btwn HWY417 IC118 RAMP45 & TRANSIT (__3ZA3CM),__3ZA3CM,04 - At/near private drive,03 - P.D. only,05 - Turning movement,01 - Clear,07 - Dark,05 - Packed snow,10 - No control,,2,0,0,0,,0,,,,,369645.2104,5030944.114,45.41542785,-75.67148854,12181
18--8240,8/7/2018,4:46 PM,BLANCHFIELD RD @ OSGOODE MAIN ST (0005713),5713,03 - At intersection,03 - P.D. only,02 - Angle,01 - Clear,01 - Daylight,01 - Dry,02 - Stop sign,01 - Functioning,2,0,0,0,,0,,,,,377912.7367,5002875.357,45.16206205,-75.57000621,12182
18--8241,8/7/2018,4:57 PM,BRONSON PL @ COLONEL BY DR (0006903),6903,02 - Intersection related,03 - P.D. only,03 - Rear end,01 - Clear,01 - Daylight,01 - Dry,02 - Stop sign,01 - Functioning,2,0,0,0,,0,,,,,367808.7112,5028521.554,45.39379817,-75.69526024,12183
18--8242,8/7/2018,5:59 PM,RIDEAU ST btwn CUMBERLAND ST & KING EDWARD AVE (__3ZBOFX),__3ZBOFX,01 - Non intersection,02 - Non-fatal injury,07 - SMV other,01 - Clear,01 - Daylight,01 - Dry,10 - No control,,1,0,0,1,02 - Minor,1,,1,,,368494.1699,5032402.898,45.4286592,-75.68600499,12184
18--8243,8/7/2018,7:14 PM,BRONSON AVE @ SOMERSET ST (0002218),2218,03 - At intersection,03 - P.D. only,05 - Turning movement,01 - Clear,01 - Daylight,01 - Dry,01 - Traffic signal,01 - Functioning,2,1,0,0,,0,,,,,366967.6963,5030476.572,45.41146405,-75.70575408,12185
18--8244,8/7/2018,7:50 AM,INNES RD btwn ANDERSON RD & INNES RD (__3ZA3J2),__3ZA3J2,01 - Non intersection,02 - Non-fatal injury,03 - Rear end,01 - Clear,01 - Daylight,01 - Dry,10 - No control,,3,0,0,0,02 - Minor,1,,1,,,376298.8375,5031851.368,45.42294257,-75.58635548,12186
18--8245,8/7/2018,8:00 AM,GIFFORD ST btwn BENTLEY AVE & BONGARD AVE (__3ZA53Y),__3ZA53Y,01 - Non intersection,03 - P.D. only,06 - SMV unattended vehicle,01 - Clear,01 - Daylight,01 - Dry,10 - No control,,1,0,0,0,,0,,,,,366354.8862,5021738.817,45.33289774,-75.71467143,12187
18--8246,8/7/2018,8:19 PM,CYRVILLE RD @ INNES RD (0009352),9352,02 - Intersection related,03 - P.D. only,04 - Sideswipe,01 - Clear,07 - Dark,01 - Dry,01 - Traffic signal,01 - Functioning,2,0,0,0,,0,,,,,375047.7247,5031119.564,45.41648495,-75.60244511,12188
18--8247,8/7/2018,8:20 AM,MONTREAL RD btwn THOMSON ST & AVIATION PKWY (__3ZA3UF),__3ZA3UF,01 - Non intersection,02 - Non-fatal injury,05 - Turning movement,01 - Clear,01 - Daylight,02 - Wet,10 - No control,,2,0,0,0,01 - Minimal,2,2,,,,372056.3048,5034063.827,45.44326998,-75.64025993,12189
18--8248,8/7/2018,8:31 AM,HIGHWAY 417 btwn HWY417 IC126 RAMP25 & HWY417 IC124 RAMP57 (__3ZA2R5),__3ZA2R5,01 - Non intersection,03 - P.D. only,03 - Rear end,02 - Rain,01 - Daylight,02 - Wet,10 - No control,,2,0,0,0,,0,,,,,363810.8718,5026690.668,45.37767247,-75.74653447,12190
18--8249,8/7/2018,8:54 AM,CARP RD @ HAZELDEAN RD (0000086),86,02 - Intersection related,03 - P.D. only,02 - Angle,01 - Clear,01 - Daylight,01 - Dry,01 - Traffic signal,01 - Functioning,2,0,0,0,,0,,,,,348804.5755,5014360.436,45.26782478,-75.93922346,12191
18--825,1/14/2018,7:31 AM,ALBION RD btwn 210 S OF HIGH RD/EARL ARMSTRONG RD/RIDEAU CARLETON RACE (__3ZA3S0B),__3ZA3S0B,01 - Non intersection,03 - P.D. only,07 - SMV other,01 - Clear,03 - Dawn,05 - Packed snow,10 - No control,,1,0,0,0,,0,,,,,375031.7766,5016811.045,45.2877447,-75.6046812,12192
18--8250,8/7/2018,8:56 AM,JAMIE AVE @ MERIVALE RD (0005129),5129,03 - At intersection,02 - Non-fatal injury,02 - Angle,01 - Clear,01 - Daylight,02 - Wet,02 - Stop sign,01 - Functioning,2,0,0,0,01 - Minimal,1,1,,,,365679.7048,5021783.503,45.33335872,-75.72327922,12193
18--8251,8/8/2018,1:01 PM,MCBEAN ST @ OTTAWA ST (0000133),133,03 - At intersection,02 - Non-fatal injury,02 - Angle,01 - Clear,01 - Daylight,01 - Dry,02 - Stop sign,01 - Functioning,2,0,1,0,02 - Minor,1,,1,,,357660.6225,5005236.346,45.18511412,-75.82734177,12194
18--8252,8/8/2018,1:08 PM,BRONSON AVE @ MACLAREN ST (0006338),6338,03 - At intersection,03 - P.D. only,02 - Angle,01 - Clear,01 - Daylight,01 - Dry,02 - Stop sign,01 - Functioning,2,0,0,0,,0,,,,,366999.7,5030399.564,45.41076831,-75.70535496,12195
18--8253,8/8/2018,1:10 PM,HIGHWAY 417 btwn HWY417 IC145 RAMP55 & HWY417 IC144 RAMP51 (__3ZA2Q4),__3ZA2Q4,01 - Non intersection,03 - P.D. only,07 - SMV other,01 - Clear,01 - Daylight,01 - Dry,10 - No control,,1,0,0,0,,0,,,,,346905.3529,5015358.394,45.27692107,-75.96334067,12196
18--8254,8/8/2018,1:29 PM,INDUSTRIAL AVE/INNES RD @ ST. LAURENT BLVD (0002203),2203,02 - Intersection related,03 - P.D. only,03 - Rear end,01 - Clear,01 - Daylight,01 - Dry,01 - Traffic signal,01 - Functioning,2,0,0,0,,0,,,,,373099.7272,5030005.567,45.40665458,-75.62748608,12197
18--8255,8/8/2018,10:21 AM,COMPATA WAY btwn Continuation of COMPATA WAY & Continuation of COMPATA (__3ZA1O4),__3ZA1O4,04 - At/near private drive,03 - P.D. only,06 - SMV unattended vehicle,01 - Clear,01 - Daylight,01 - Dry,10 - No control,,1,0,0,0,,0,,,,,377855.346,5032655.152,45.43001368,-75.56634912,12198
18--8256,8/8/2018,11:19 AM,BANK ST @ WALKLEY RD (0011423),11423,02 - Intersection related,03 - P.D. only,06 - SMV unattended vehicle,01 - Clear,01 - Daylight,01 - Dry,01 - Traffic signal,01 - Functioning,1,0,0,0,,0,,,,,370337.8517,5025947.735,45.37040769,-75.66330344,12199
18--8257,8/8/2018,11:20 AM,BIRCH AVE EXT./ROCKCLIFFE PKWY @ ROCKCLIFFE PK (0008782),8782,02 - Intersection related,03 - P.D. only,03 - Rear end,01 - Clear,01 - Daylight,01 - Dry,02 - Stop sign,00 - Unknown,2,0,0,0,,0,,,,,370128.8633,5035705.588,45.45822459,-75.66467778,12200
18--8258,8/8/2018,11:30 AM,HWY417 IC118 RAMP67 btwn HWY417 IC118 RAMP64 & HIGHWAY 417 (__3ZAY9L),__3ZAY9L,01 - Non intersection,03 - P.D. only,04 - Sideswipe,01 - Clear,01 - Daylight,01 - Dry,10 - No control,,2,0,0,0,,0,,,,,369598.2346,5031166.01,45.41742874,-75.6720595,12201
18--8259,8/8/2018,Unknown,MORRISON DR btwn DRAPER AVE & BASELINE RD (__3ZAAG2),__3ZAAG2,01 - Non intersection,03 - P.D. only,06 - SMV unattended vehicle,02 - Rain,00 - Unknown,02 - Wet,10 - No control,,1,0,0,0,,0,,,,,360073.7194,5022378.434,45.33917589,-75.79472982,12202
18--826,1/14/2018,7:35 AM,MALAK ST btwn BLOHM DR & BRADLEY COLE PRIV (__3ZA8M4),__3ZA8M4,01 - Non intersection,03 - P.D. only,06 - SMV unattended vehicle,01 - Clear,03 - Dawn,06 - Ice,10 - No control,,1,0,0,0,,0,,,,,374096.5756,5025824.212,45.3689347,-75.61534018,12203
18--8260,8/8/2018,12:01 AM,MERIVALE RD btwn VIEWMOUNT DR & COLONNADE RD (__3ZA33F),__3ZA33F,01 - Non intersection,03 - P.D. only,07 - SMV other,01 - Clear,07 - Dark,01 - Dry,10 - No control,,1,0,0,0,,0,,,,,365307.3166,5022678.497,45.34144397,-75.72792038,12204
18--8353,8/10/2018,3:55 AM,WEST HUNT CLUB RD @ ROYDON PL/SUNDERLAND ST (0009775),9775,03 - At intersection,03 - P.D. only,07 - SMV other,01 - Clear,07 - Dark,01 - Dry,01 - Traffic signal,01 - Functioning,1,0,0,0,,0,,,,,365973.7077,5022169.49,45.33680621,-75.71948088,12205
18--8354,8/10/2018,4:15 PM,HIGHWAY 417 btwn HWY417 IC129 RAMP25 & TRANSIT (__3ZA2SH),__3ZA2SH,01 - Non intersection,03 - P.D. only,03 - Rear end,01 - Clear,01 - Daylight,01 - Dry,10 - No control,,2,0,0,0,,0,,,,,361124.5002,5024049.644,45.35412981,-75.78113302,12206
18--7993,7/29/2018,3:24 PM,HUNT CLUB RD/AIRPORT PKWY/HUNT CLUB RD RAMP 53 (0010853),10853,02 - Intersection related,02 - Non-fatal injury,03 - Rear end,01 - Clear,01 - Daylight,01 - Dry,02 - Stop sign,01 - Functioning,2,0,0,0,02 - Minor,2,,2,,,370950.727,5023662.504,45.34978833,-75.6557858,12207
18--8355,8/10/2018,4:20 PM,HUNT CLUB RD btwn WEST HUNT CLUB RD & TURN LANE (__3ZBOEO),__3ZBOEO,01 - Non intersection,03 - P.D. only,03 - Rear end,01 - Clear,01 - Daylight,01 - Dry,10 - No control,,2,0,0,0,,0,,,,,367916.3868,5021907.452,45.33427638,-75.69472996,12208
18--8356,8/10/2018,5:00 PM,GEORGINA DR btwn WINNINGTON AVE & WOODROFFE AVE (__3ZABYP),__3ZABYP,04 - At/near private drive,03 - P.D. only,02 - Angle,01 - Clear,01 - Daylight,01 - Dry,10 - No control,,2,0,0,0,,0,,,,,361894.4135,5025364.5,45.36589853,-75.77115555,12209
18--7994,7/29/2018,3:52 PM,CYRVILLE RD @ MEADOWBROOK RD (0012477),12477,02 - Intersection related,03 - P.D. only,03 - Rear end,01 - Clear,01 - Daylight,01 - Dry,01 - Traffic signal,01 - Functioning,2,0,0,0,,0,,,,,374629.7327,5031242.556,45.4176334,-75.60776771,12210
18--8357,8/10/2018,5:02 PM,FLEWELLYN RD btwn CONLEY RD & NO NAME (__5RG4JY),__5RG4JY,01 - Non intersection,03 - P.D. only,01 - Approaching,01 - Clear,01 - Daylight,01 - Dry,10 - No control,,2,0,0,0,,0,,,,,349166.3169,5008755.45,45.21736612,-75.93511385,12211
18--7995,7/29/2018,5:14 PM,LANARK AVE btwn KIRCHOFFER AVE & ATLANTIS AVE (__3ZA0Y3),__3ZA0Y3,01 - Non intersection,03 - P.D. only,06 - SMV unattended vehicle,01 - Clear,01 - Daylight,01 - Dry,10 - No control,,1,0,0,0,,0,,,,,362778.2124,5028722.816,45.39604367,-75.75947989,12212