Anom_ID,Accident_Date,Accident_Time,Location,Geo_ID,Accident_Location,Classification_of_Accident,Initial_Impact_Type,Environment_Condition,Light,Road_Surface_Condition,Traffic_Control,Traffic_Control_Condition,No__of_Vehicles,No__of_Bicycles,No__of_Motorcycles,No__of_Pedestrians,Max_Injury,No__of_Injuries,No__of_Minimal,No__of_Minor,No__of_Major,No__of_Fatal,X,Y,Latitude,Longitude,ObjectId
18--7996,7/29/2018,5:30 AM,VORLAGE DR btwn JEANNE D'ARC BLVD N & ST. ALBANS CRT (__3ZA69P),__3ZA69P,01 - Non intersection,03 - P.D. only,07 - SMV other,01 - Clear,03 - Dawn,01 - Dry,10 - No control,,1,0,0,0,,0,,,,,379293.3818,5037724.285,45.47547032,-75.54720574,12213
18--7997,7/29/2018,7:00 PM,LIMEBANK RD btwn TOM ROBERTS RD & LEITRIM RD (__3ZA0VJ),__3ZA0VJ,01 - Non intersection,03 - P.D. only,07 - SMV other,02 - Rain,01 - Daylight,02 - Wet,10 - No control,,1,0,0,0,,0,,,,,368673.8901,5019579.591,45.3132622,-75.6853666,12214
18--7998,7/29/2018,7:06 PM,HIGHWAY 417 btwn HWY417 IC119B RAMP76 & HWY417 IC119A RAMP67 (__3ZA2YT),__3ZA2YT,01 - Non intersection,02 - Non-fatal injury,03 - Rear end,01 - Clear,01 - Daylight,01 - Dry,10 - No control,,3,0,0,0,01 - Minimal,2,2,,,,368426.2621,5030442.239,45.41102405,-75.68712594,12215
18--7999,7/29/2018,7:22 PM,COLONNADE RD @ PRINCE OF WALES DR (0005249),5249,03 - At intersection,02 - Non-fatal injury,05 - Turning movement,01 - Clear,01 - Daylight,02 - Wet,01 - Traffic signal,01 - Functioning,2,0,0,0,03 - Major,3,,2,1,,367394.7114,5023266.516,45.34655171,-75.70121316,12216
18--80,1/2/2018,12:21 PM,UPLANDS DR @ AIRPORT PKWY RAMP 35 (0009397),9397,03 - At intersection,02 - Non-fatal injury,02 - Angle,03 - Snow,01 - Daylight,03 - Loose snow,01 - Traffic signal,01 - Functioning,2,0,0,0,01 - Minimal,2,2,,,,371124.1019,5021372.122,45.32916377,-75.65388045,12217
18--800,1/14/2018,12:18 PM,BECKENHAM LANE @ MONTREAL RD (0012434),12434,03 - At intersection,03 - P.D. only,07 - SMV other,01 - Clear,01 - Daylight,06 - Ice,02 - Stop sign,01 - Functioning,1,0,0,0,,0,,,,,374501.9811,5034383.973,45.44591089,-75.60895514,12218
18--8000,7/29/2018,7:27 PM,WOODROFFE AVE @ SPORTSPLEX S (0010592),10592,02 - Intersection related,02 - Non-fatal injury,03 - Rear end,01 - Clear,01 - Daylight,02 - Wet,01 - Traffic signal,01 - Functioning,2,0,0,0,02 - Minor,1,,1,,,363832.1325,5020899.449,45.32556193,-75.74695442,12219
18--8001,7/29/2018,7:46 AM,RIVER RD btwn CABIN RD & OSGOODE MAIN ST (__3ZA3TB),__3ZA3TB,04 - At/near private drive,03 - P.D. only,07 - SMV other,01 - Clear,01 - Daylight,01 - Dry,10 - No control,,1,0,0,0,,0,,,,,372960.4635,5000299.553,45.13938063,-75.63334296,12220
18--8002,7/29/2018,8:30 AM,PAUL ANKA DR @ UPLANDS DR (0007476),7476,03 - At intersection,03 - P.D. only,02 - Angle,01 - Clear,01 - Daylight,01 - Dry,02 - Stop sign,01 - Functioning,2,0,0,0,,0,,,,,369457.723,5023575.516,45.34914487,-75.67484885,12221
18--8003,7/29/2018,8:52 PM,VICTORIA ST btwn YORKS CORNERS RD & CARTWRIGHT RD (__3ZA3XA),__3ZA3XA,01 - Non intersection,03 - P.D. only,07 - SMV other,01 - Clear,05 - Dusk,01 - Dry,10 - No control,,1,0,0,0,,0,,,,,388907.6347,5013320.921,45.25481982,-75.42841062,12222
18--8004,7/29/2018,9:10 AM,VORLAGE DR btwn ST. ALBANS CRT & ST. LUCIA PL (__3ZA69O),__3ZA69O,01 - Non intersection,03 - P.D. only,06 - SMV unattended vehicle,01 - Clear,01 - Daylight,01 - Dry,10 - No control,,1,0,0,0,,0,,,,,379332.8553,5037709.599,45.47533398,-75.54670316,12223
18--8005,7/30/2018,1:09 PM,SLATER ST btwn BAY ST & LYON ST N (__3ZA33A),__3ZA33A,04 - At/near private drive,02 - Non-fatal injury,05 - Turning movement,01 - Clear,01 - Daylight,01 - Dry,10 - No control,,2,0,0,0,02 - Minor,1,,1,,,367085.1586,5031141.665,45.41743791,-75.70416949,12224
18--8006,7/30/2018,1:13 PM,OGILVIE RD btwn MATHESON RD & CADBORO RD (__3ZA2DM),__3ZA2DM,01 - Non intersection,03 - P.D. only,07 - SMV other,01 - Clear,01 - Daylight,01 - Dry,10 - No control,,1,0,0,0,,0,,,,,373553.7332,5032637.234,45.43028857,-75.62131973,12225
18--8007,7/30/2018,1:34 PM,MEADOWLANDS DR/TALLWOOD DR @ WOODROFFE AVE (0000095),95,02 - Intersection related,03 - P.D. only,02 - Angle,01 - Clear,01 - Daylight,01 - Dry,01 - Traffic signal,01 - Functioning,2,0,0,0,,0,,,,,363056.6894,5022730.494,45.34210235,-75.75663002,12226
18--8008,7/30/2018,1:56 PM,CEDARVIEW RD @ FALLOWFIELD RD (0001603),1603,03 - At intersection,03 - P.D. only,05 - Turning movement,01 - Clear,01 - Daylight,01 - Dry,01 - Traffic signal,01 - Functioning,2,0,0,0,,0,,,,,361294.6671,5015664.442,45.27866597,-75.77991763,12227
18--8009,7/30/2018,10:02 AM,MEADOWLANDS DR @ MERIVALE RD (0000625),625,03 - At intersection,02 - Non-fatal injury,05 - Turning movement,01 - Clear,01 - Daylight,01 - Dry,01 - Traffic signal,01 - Functioning,2,0,0,0,01 - Minimal,3,3,,,,364858.6995,5023725.51,45.35090341,-75.73351713,12228
18--801,1/14/2018,12:21 PM,BANK ST @ KILBORN AVE/BELANGER AVE (0007208),7208,03 - At intersection,02 - Non-fatal injury,05 - Turning movement,01 - Clear,01 - Daylight,02 - Wet,01 - Traffic signal,01 - Functioning,3,0,0,0,02 - Minor,1,,1,,,369653.7199,5027427.548,45.38378622,-75.67184222,12229
18--8010,7/30/2018,11:52 AM,MERIVALE RD btwn CLYDE AVE & RITA AVE (__3ZA4H7),__3ZA4H7,01 - Non intersection,02 - Non-fatal injury,03 - Rear end,01 - Clear,01 - Daylight,01 - Dry,10 - No control,,3,0,0,0,01 - Minimal,1,1,,,,364530.3047,5024487.465,45.35778743,-75.73761575,12230
18--8011,7/30/2018,12:08 PM,CAMBRIAN RD/GOLFLINKS DR W @ LONGFIELDS DR (0009702),9702,03 - At intersection,03 - P.D. only,04 - Sideswipe,01 - Clear,01 - Daylight,01 - Dry,11 - Roundabout,00 - Unknown,2,0,0,0,,0,,,,,365382.7324,5013223.302,45.25636024,-75.72811342,12231
18--8012,7/30/2018,12:41 PM,BANK ST btwn RIDGEMONT AVE & PORTLAND AVE (__3ZA36Z),__3ZA36Z,04 - At/near private drive,03 - P.D. only,05 - Turning movement,01 - Clear,01 - Daylight,01 - Dry,10 - No control,,2,0,0,0,,0,,,,,370087.7374,5026603.485,45.37633126,-75.66640953,12232
18--8013,7/30/2018,2:30 PM,BLAIR RD @ OGILVIE RD (0004120),4120,02 - Intersection related,03 - P.D. only,03 - Rear end,01 - Clear,01 - Daylight,01 - Dry,01 - Traffic signal,01 - Functioning,2,0,0,0,,0,,,,,374507.7231,5033198.575,45.43524478,-75.60904964,12233
18--8014,7/30/2018,2:47 PM,HUNT CLUB RD EB btwn 275 E OF HAWTHORNE RD/OC TRANSPO TURNAROUND & HAWTHORNE RD (e___2HF3A),e___2HF3A,01 - Non intersection,02 - Non-fatal injury,03 - Rear end,01 - Clear,01 - Daylight,01 - Dry,10 - No control,,4,0,0,0,02 - Minor,3,2,1,,,375540.542,5026418.992,45.37414199,-75.59682319,12234
18--8015,7/30/2018,3:29 PM,BRONSON AVE @ CATHERINE ST/RAYMOND ST (0007198),7198,02 - Intersection related,03 - P.D. only,04 - Sideswipe,01 - Clear,01 - Daylight,01 - Dry,01 - Traffic signal,01 - Functioning,2,0,0,0,,0,,,,,367252.7086,5029796.567,45.40532019,-75.7021993,12235
18--8016,7/30/2018,3:40 PM,BANK ST @ WALKLEY RD (0011423),11423,02 - Intersection related,03 - P.D. only,03 - Rear end,01 - Clear,01 - Daylight,01 - Dry,01 - Traffic signal,01 - Functioning,2,0,0,0,,0,,,,,370337.8519,5025947.735,45.37040769,-75.66330344,12236
18--8017,7/30/2018,3:48 PM,BILLINGS AVE @ RIVERSIDE DR (0007297),7297,02 - Intersection related,02 - Non-fatal injury,03 - Rear end,01 - Clear,01 - Daylight,01 - Dry,02 - Stop sign,01 - Functioning,3,0,0,0,01 - Minimal,1,1,,,,369672.7167,5028555.55,45.39393385,-75.67145138,12237
18--8018,7/30/2018,4:25 PM,SCOTT ST @ WESTERN AVE (0006132),6132,03 - At intersection,02 - Non-fatal injury,05 - Turning movement,01 - Clear,01 - Daylight,01 - Dry,02 - Stop sign,00 - Unknown,2,1,0,0,02 - Minor,1,,1,,,364205.6887,5029269.556,45.40084348,-75.74118335,12238
18--8019,7/30/2018,4:31 PM,FAIRMONT AVE btwn WOODSTOCK ST & SHERWOOD DR (__3ZA01F),__3ZA01F,01 - Non intersection,02 - Non-fatal injury,06 - SMV unattended vehicle,01 - Clear,01 - Daylight,01 - Dry,10 - No control,,1,0,0,0,02 - Minor,1,,1,,,365952.8921,5028853.11,45.39694596,-75.71891919,12239
18--802,1/14/2018,12:23 PM,BOUNDARY RD @ CARTWRIGHT RD (0001648),1648,02 - Intersection related,02 - Non-fatal injury,03 - Rear end,01 - Clear,01 - Daylight,05 - Packed snow,02 - Stop sign,01 - Functioning,2,0,0,0,02 - Minor,1,,1,,,390896.8364,5014589.418,45.26599211,-75.40285162,12240
18--8020,7/30/2018,4:35 PM,HIGHWAY 417 btwn HWY417 IC127 RAMP67 & HWY417 IC126 RAMP16 (__3ZA2X0),__3ZA2X0,01 - Non intersection,03 - P.D. only,03 - Rear end,01 - Clear,01 - Daylight,01 - Dry,10 - No control,,2,0,0,0,,0,,,,,362750.0387,5025343.581,45.36564008,-75.76023635,12241
18--8021,7/30/2018,4:45 PM,REGIONAL ROAD 174 btwn TRANSIT & OR174 IC109 RAMP54 (__3ZAZ6V),__3ZAZ6V,01 - Non intersection,03 - P.D. only,03 - Rear end,01 - Clear,01 - Daylight,01 - Dry,10 - No control,,2,0,0,0,,0,,,,,376385.2368,5034797.48,45.44944104,-75.58482316,12242
18--8022,7/30/2018,5:09 PM,FLEWELLYN RD @ SHEA RD (0000398),398,03 - At intersection,02 - Non-fatal injury,02 - Angle,01 - Clear,01 - Daylight,01 - Dry,02 - Stop sign,01 - Functioning,2,0,0,0,02 - Minor,1,,1,,,352993.6003,5012174.405,45.24787964,-75.88605519,12243
18--8023,7/30/2018,5:17 PM,WEST HUNT CLUB RD EB btwn ROYDON PL/SUNDERLAND ST & 545 E OF ROYDON PL (__3ZA3JPA),__3ZA3JPA,01 - Non intersection,03 - P.D. only,02 - Angle,01 - Clear,01 - Daylight,01 - Dry,10 - No control,,2,0,0,0,,0,,,,,366043.7564,5022200.306,45.33707738,-75.7185834,12244
18--8024,7/30/2018,5:26 PM,CHARLOTTE ST @ RIDEAU ST (0002622),2622,02 - Intersection related,03 - P.D. only,03 - Rear end,01 - Clear,01 - Daylight,01 - Dry,01 - Traffic signal,01 - Functioning,3,0,0,0,,0,,,,,369249.7094,5032859.592,45.43269914,-75.67629062,12245
18--8025,7/30/2018,5:30 PM,VIA MATTINO WAY SOUTH LEG btwn VIA CAMPANALE AVE & VIA MATTINO WAY (e___2I8T),e___2I8T,04 - At/near private drive,03 - P.D. only,06 - SMV unattended vehicle,01 - Clear,01 - Daylight,01 - Dry,10 - No control,,1,0,0,0,,0,,,,,364067.269,5016609.173,45.28693839,-75.74446817,12246
18--8026,7/30/2018,5:36 PM,OLD MONTREAL RD E @ REGIONAL RD 174 (0012877),12877,02 - Intersection related,02 - Non-fatal injury,03 - Rear end,01 - Clear,01 - Daylight,01 - Dry,02 - Stop sign,01 - Functioning,2,0,0,0,01 - Minimal,1,1,,,,394616.8115,5043035.555,45.52145107,-75.35027829,12247
18--8027,7/30/2018,5:45 PM,MULKINS ST N @ STITTSVILLE MAIN ST (0000006),6,02 - Intersection related,03 - P.D. only,03 - Rear end,01 - Clear,01 - Daylight,01 - Dry,02 - Stop sign,01 - Functioning,2,0,0,0,,0,,,,,349902.5755,5013759.428,45.26234714,-75.92528627,12248
18--8028,7/30/2018,6:35 AM,REGIONAL ROAD 174 btwn OR174 IC112 RAMP36 & OR174 IC112 RAMP26 (__3ZAZFK),__3ZAZFK,01 - Non intersection,03 - P.D. only,03 - Rear end,01 - Clear,01 - Daylight,01 - Dry,10 - No control,,5,0,0,0,,0,,,,,374533.0229,5032644.147,45.43025381,-75.60880484,12249
18--8029,7/30/2018,8:06 AM,BANTREE ST @ INNES RD (0007684),7684,02 - Intersection related,03 - P.D. only,05 - Turning movement,01 - Clear,01 - Daylight,01 - Dry,01 - Traffic signal,01 - Functioning,2,0,0,0,,0,,,,,373705.723,5030406.556,45.41020309,-75.61968949,12250
18--803,1/14/2018,12:37 PM,MARCH RD @ TERRY FOX DR (0003173),3173,02 - Intersection related,03 - P.D. only,03 - Rear end,01 - Clear,01 - Daylight,06 - Ice,01 - Traffic signal,01 - Functioning,2,0,0,0,,0,,,,,349864.6085,5023399.509,45.34909381,-75.92489356,12251
18--8030,7/30/2018,8:55 AM,ALBION RD btwn BANK ST & DES MESANGES DR (__3ZBORZ),__3ZBORZ,04 - At/near private drive,02 - Non-fatal injury,05 - Turning movement,01 - Clear,01 - Daylight,01 - Dry,10 - No control,,2,0,0,0,02 - Minor,1,,1,,,371950.3029,5024119.889,45.35380873,-75.64296854,12252
18--8031,7/30/2018,9:00 AM,STONEHAVEN DR btwn BRIDGESTONE DR & FURLONG CRES (__3ZA56Q),__3ZA56Q,01 - Non intersection,02 - Non-fatal injury,03 - Rear end,01 - Clear,01 - Daylight,01 - Dry,10 - No control,,2,0,0,0,01 - Minimal,1,1,,,,355397.386,5016989.575,45.29103894,-75.85494433,12253
18--8032,7/30/2018,9:03 AM,LAURIER AVE @ QUEEN ELIZABETH DRWY/LAURIER AVE (0011416),11416,02 - Intersection related,03 - P.D. only,04 - Sideswipe,01 - Clear,01 - Daylight,01 - Dry,01 - Traffic signal,01 - Functioning,2,0,0,0,,0,,,,,368075.783,5031624.523,45.42169362,-75.69145132,12254
18--8033,7/31/2018,1:19 PM,BANK ST @ WALKLEY RD (0011423),11423,02 - Intersection related,03 - P.D. only,03 - Rear end,01 - Clear,01 - Daylight,01 - Dry,01 - Traffic signal,01 - Functioning,2,0,0,0,,0,,,,,370337.8518,5025947.735,45.37040769,-75.66330344,12255
18--8034,7/31/2018,10:28 PM,CONROY RD @ HUNT CLUB RD (0002257),2257,03 - At intersection,03 - P.D. only,05 - Turning movement,01 - Clear,07 - Dark,01 - Dry,01 - Traffic signal,01 - Functioning,2,0,0,0,,0,,,,,373763.7395,5025404.523,45.36519135,-75.61964733,12256
18--8035,7/31/2018,10:30 AM,CATHCART ST btwn SUSSEX DR & PARENT AVE (__3ZA7BD),__3ZA7BD,01 - Non intersection,03 - P.D. only,06 - SMV unattended vehicle,01 - Clear,01 - Daylight,01 - Dry,10 - No control,,1,0,0,0,,0,,,,,367579.0647,5032812.861,45.43243064,-75.69764637,12257
18--8036,7/31/2018,10:44 AM,HIGHWAY 417 btwn HWY417 IC129 RAMP25 & TRANSIT (__3ZA2SH),__3ZA2SH,01 - Non intersection,03 - P.D. only,07 - SMV other,01 - Clear,01 - Daylight,01 - Dry,10 - No control,,1,0,0,0,,0,,,,,361819.5586,5024586.202,45.35890155,-75.77220084,12258
18--8037,7/31/2018,10:58 PM,LEITRIM RD btwn HIGH RD & ALBION RD (__4B2G24),__4B2G24,01 - Non intersection,03 - P.D. only,99 - Other,01 - Clear,07 - Dark,01 - Dry,10 - No control,,2,0,0,0,,0,,,,,372649.9088,5019890.448,45.31568628,-75.63462041,12259
18--8038,7/31/2018,11:30 AM,EAGLESON RD @ FLEWELLYN RD (0000121),121,03 - At intersection,03 - P.D. only,02 - Angle,01 - Clear,01 - Daylight,01 - Dry,02 - Stop sign,01 - Functioning,2,0,0,0,,0,,,,,355333.6238,5014247.425,45.26636907,-75.85603635,12260
18--8039,7/31/2018,11:53 PM,CYRVILLE RD @ MEADOWBROOK RD (0012477),12477,03 - At intersection,03 - P.D. only,02 - Angle,01 - Clear,07 - Dark,01 - Dry,01 - Traffic signal,01 - Functioning,2,0,0,0,,0,,,,,374629.733,5031242.556,45.4176334,-75.60776771,12261
18--804,1/14/2018,12:39 PM,ELGIN ST @ WELLINGTON ST W (0002113),2113,02 - Intersection related,03 - P.D. only,03 - Rear end,01 - Clear,01 - Daylight,02 - Wet,01 - Traffic signal,01 - Functioning,2,0,0,0,,0,,,,,367664.7032,5031877.577,45.42400758,-75.69667135,12262
18--8040,7/31/2018,11:54 AM,CAMBRIDGE ST    N btwn SOMERSET ST W & CHRISTIE ST (__3ZA0WR),__3ZA0WR,01 - Non intersection,03 - P.D. only,06 - SMV unattended vehicle,01 - Clear,01 - Daylight,01 - Dry,10 - No control,,1,0,0,0,,0,,,,,366940.5708,5030332.9,45.41017374,-75.70611871,12263
18--8041,7/31/2018,11:58 AM,INNES RD btwn HWY417 IC112 RAMP66 & CYRVILLE RD (__3ZA3RCB),__3ZA3RCB,01 - Non intersection,03 - P.D. only,07 - SMV other,01 - Clear,01 - Daylight,01 - Dry,10 - No control,,1,0,0,0,,0,,,,,374923.7496,5031034.054,45.41572801,-75.60404111,12264
18--8042,7/31/2018,Unknown,OXALIS CRES btwn PONDEROSA ST & PONDEROSA ST (e___2HY0),e___2HY0,01 - Non intersection,03 - P.D. only,06 - SMV unattended vehicle,01 - Clear,00 - Unknown,01 - Dry,10 - No control,,1,0,0,0,,0,,,,,352550.326,5016032.964,45.28263032,-75.89133086,12265
18--8043,7/31/2018,12:03 PM,MARTHA AVE btwn SUSAN ST & WALKLEY RD (__3ZA73N),__3ZA73N,04 - At/near private drive,03 - P.D. only,06 - SMV unattended vehicle,01 - Clear,01 - Daylight,01 - Dry,10 - No control,,1,0,0,0,,0,,,,,373938.6024,5028173.661,45.3900896,-75.61702768,12266
18--8044,7/31/2018,12:30 PM,LACROIX AVE btwn TO BE DETERMINED & DUFORD DR (1) (__3ZA6W4),__3ZA6W4,04 - At/near private drive,03 - P.D. only,06 - SMV unattended vehicle,01 - Clear,01 - Daylight,01 - Dry,10 - No control,,1,0,0,0,,0,,,,,382158.7204,5037041.346,45.46901428,-75.51067006,12267
18--8045,7/31/2018,12:31 PM,TENTH LINE RD @ CHARLEMAGNE BLVD N/TOMPKINS AV (0009222),9222,03 - At intersection,03 - P.D. only,03 - Rear end,01 - Clear,01 - Daylight,01 - Dry,01 - Traffic signal,01 - Functioning,2,0,0,0,,0,,,,,383183.93,5037977.882,45.47732608,-75.4974114,12268
18--8046,7/31/2018,12:45 PM,METCALFE ST @ LAURIER AVE (0002231),2231,02 - Intersection related,03 - P.D. only,07 - SMV other,01 - Clear,01 - Daylight,01 - Dry,01 - Traffic signal,01 - Functioning,1,0,0,0,,0,,,,,367792.7094,5031451.576,45.42016305,-75.69509024,12269
18--8047,7/31/2018,2:59 PM,BOTELER ST @ CUMBERLAND ST (0007971),7971,02 - Intersection related,03 - P.D. only,99 - Other,01 - Clear,01 - Daylight,01 - Dry,02 - Stop sign,01 - Functioning,2,0,0,0,,0,,,,,367895.6982,5033189.594,45.43579186,-75.69355173,12270
18--8048,7/31/2018,3:38 AM,OLD ALMONTE RD btwn HOWIE RD & BEAVERTAIL RD (__3ZBNAR),__3ZBNAR,01 - Non intersection,03 - P.D. only,07 - SMV other,01 - Clear,07 - Dark,01 - Dry,10 - No control,,1,0,0,0,,0,,,,,340717.1929,5013871.394,45.26388364,-76.04231749,12271
18--8049,7/31/2018,3:38 PM,MEADOWLANDS DR @ MERIVALE RD (0000625),625,02 - Intersection related,03 - P.D. only,03 - Rear end,01 - Clear,01 - Daylight,01 - Dry,01 - Traffic signal,01 - Functioning,2,0,0,0,,0,,,,,364858.7,5023725.511,45.35090342,-75.73351712,12272
18--805,1/14/2018,12:43 AM,LEIKIN DR btwn HOLITZNER WAY & CRESTWAY DR (__3ZA40I),__3ZA40I,01 - Non intersection,03 - P.D. only,07 - SMV other,01 - Clear,07 - Dark,06 - Ice,10 - No control,,1,0,0,0,,0,,,,,366842.3964,5017388.064,45.29370729,-75.70899708,12273
18--8050,7/31/2018,4:15 PM,INNES RD btwn BANTREE ST & STAR TOP RD (__3ZA2XP),__3ZA2XP,01 - Non intersection,03 - P.D. only,04 - Sideswipe,01 - Clear,01 - Daylight,01 - Dry,10 - No control,,2,0,0,0,,0,,,,,374125.4655,5030653.573,45.41238418,-75.61429294,12274
18--8051,7/31/2018,4:15 PM,OTTAWA RIVER PKWY EB btwn TURN LANE & TRANSIT (__3ZA23J),__3ZA23J,01 - Non intersection,03 - P.D. only,04 - Sideswipe,01 - Clear,01 - Daylight,01 - Dry,10 - No control,,2,0,0,0,,0,,,,,361473.1524,5027144.223,45.38194651,-75.77632855,12275
18--8052,7/31/2018,4:21 PM,ISLAND PARK DR btwn MERIVALE RD & ISLAND PARK CRES (__3ZA21O),__3ZA21O,01 - Non intersection,03 - P.D. only,04 - Sideswipe,01 - Clear,01 - Daylight,01 - Dry,10 - No control,,2,0,0,0,,0,,,,,364499.4097,5028069.325,45.39001905,-75.73757709,12276
18--8053,7/31/2018,4:38 PM,CAMPEAU DR/HWY 417 MARCH IC138R63 @ MARCH RD (0009710),9710,02 - Intersection related,03 - P.D. only,04 - Sideswipe,01 - Clear,01 - Daylight,01 - Dry,01 - Traffic signal,01 - Functioning,2,0,0,0,,0,,,,,352841.6251,5020476.467,45.32259414,-75.88718729,12277
18--8054,7/31/2018,5:00 PM,PENFIELD DR btwn SELWYN CRES & SELWYN CRES (__3ZABFG),__3ZABFG,04 - At/near private drive,03 - P.D. only,06 - SMV unattended vehicle,01 - Clear,01 - Daylight,01 - Dry,10 - No control,,1,0,0,0,,0,,,,,352370.9388,5021357.265,45.3305518,-75.89310633,12278
18--8055,7/31/2018,5:09 PM,ECCLES ST btwn ROCHESTER ST & BOOTH ST (__3ZA0VB),__3ZA0VB,01 - Non intersection,03 - P.D. only,06 - SMV unattended vehicle,01 - Clear,01 - Daylight,01 - Dry,10 - No control,,1,0,0,0,,0,,,,,366580.8627,5030167.824,45.40872028,-75.71073443,12279
18--8056,7/31/2018,5:31 PM,HERON RD @ ALTA VISTA DR (0007188),7188,03 - At intersection,02 - Non-fatal injury,04 - Sideswipe,01 - Clear,01 - Daylight,01 - Dry,01 - Traffic signal,01 - Functioning,2,1,0,0,02 - Minor,1,,1,,,370492.7221,5026902.537,45.37898418,-75.66119948,12280
18--8057,7/31/2018,7:49 AM,LYON ST @ WELLINGTON ST (0002388),2388,02 - Intersection related,03 - P.D. only,05 - Turning movement,01 - Clear,01 - Daylight,01 - Dry,01 - Traffic signal,01 - Functioning,2,0,0,0,,0,,,,,366935.2707,5031426.167,45.4200111,-75.70604858,12281
18--8058,7/31/2018,7:50 AM,PRESTONE DR @ ST. JOSEPH BLVD (0003551),3551,03 - At intersection,03 - P.D. only,03 - Rear end,01 - Clear,01 - Daylight,01 - Dry,01 - Traffic signal,01 - Functioning,2,0,0,0,,0,,,,,382325.7442,5038273.585,45.48008237,-75.50833989,12282
18--8059,7/31/2018,7:53 PM,CRESTWAY DR btwn STRANDHERD DR & GROVEHURST DR (__30LKUO),__30LKUO,04 - At/near private drive,02 - Non-fatal injury,02 - Angle,01 - Clear,01 - Daylight,01 - Dry,10 - No control,,2,0,0,0,01 - Minimal,1,1,,,,366347.6063,5015595.149,45.27761828,-75.71552715,12283
18--806,1/14/2018,2:04 AM,CARLING AVE WB btwn HWY417 IC124 RAMP67 & HWY417 IC124 RAMP65 (__3ZA1Q8),__3ZA1Q8,01 - Non intersection,03 - P.D. only,07 - SMV other,01 - Clear,07 - Dark,06 - Ice,10 - No control,,1,0,0,0,,0,,,,,364407.7981,5027551.486,45.38536744,-75.7388095,12284
18--8060,7/31/2018,8:05 AM,HUNT CLUB RD @ BRIDLE PATH DR/DAZE ST (0008214),8214,02 - Intersection related,02 - Non-fatal injury,03 - Rear end,01 - Clear,01 - Daylight,01 - Dry,01 - Traffic signal,01 - Functioning,2,0,0,0,01 - Minimal,1,1,,,,371291.7289,5023864.504,45.35157362,-75.65140726,12285
18--8061,7/31/2018,8:09 AM,EAGLESON RD @ KATIMAVIK RD/TIMM DR (0011925),11925,03 - At intersection,03 - P.D. only,05 - Turning movement,01 - Clear,01 - Daylight,01 - Dry,01 - Traffic signal,01 - Functioning,2,0,0,0,,0,,,,,353214.6236,5019565.47,45.31437119,-75.88251869,12286
18--8062,7/31/2018,8:11 PM,MANSFIELD RD btwn CONLEY RD & HUNTLEY RD (__3ZACH3),__3ZACH3,01 - Non intersection,02 - Non-fatal injury,07 - SMV other,01 - Clear,05 - Dusk,01 - Dry,10 - No control,,1,0,1,0,02 - Minor,1,,1,,,351052.8232,5006597.248,45.19782439,-75.91129586,12287
18--8063,7/31/2018,8:20 AM,LYON ST    N btwn SLATER ST & LAURIER AVE W (__3ZBODA),__3ZBODA,01 - Non intersection,03 - P.D. only,04 - Sideswipe,01 - Clear,01 - Daylight,01 - Dry,10 - No control,,2,0,0,0,,0,,,,,367128.9594,5031109.329,45.41714306,-75.70361398,12288
18--8064,7/31/2018,8:50 PM,GREENBANK RD SB btwn HWY417 IC129 RAMP53 & MORRISON DR (__3ZA4MR),__3ZA4MR,01 - Non intersection,03 - P.D. only,03 - Rear end,01 - Clear,05 - Dusk,01 - Dry,10 - No control,,2,0,0,0,,0,,,,,360544.4082,5023207.286,45.34659665,-75.78863109,12289
18--8065,7/31/2018,9:06 PM,SMITH RD @ TENTH LINE RD (0004493),4493,03 - At intersection,02 - Non-fatal injury,02 - Angle,01 - Clear,07 - Dark,01 - Dry,10 - No control,,2,0,0,0,02 - Minor,1,,1,,,386332.7862,5030466.521,45.40938553,-75.45838626,12290
18--8066,7/31/2018,9:12 PM,HORNCHURCH LANE @ LONGFIELDS DR (0013838),13838,03 - At intersection,02 - Non-fatal injury,05 - Turning movement,01 - Clear,07 - Dark,01 - Dry,02 - Stop sign,01 - Functioning,2,1,0,0,02 - Minor,1,,1,,,364329.9,5015565.735,45.27752735,-75.74124564,12291
18--8067,7/31/2018,9:13 PM,BLAIS RD @ HAWTHORNE RD (0009404),9404,03 - At intersection,02 - Non-fatal injury,02 - Angle,01 - Clear,07 - Dark,01 - Dry,02 - Stop sign,01 - Functioning,2,0,0,0,02 - Minor,1,,1,,,377874.7699,5020724.491,45.3226663,-75.56786635,12292
18--8068,7/31/2018,9:18 PM,NAVAHO DR @ WOODROFFE AVE/TRANSITWAY N BASELIN (0010359),10359,03 - At intersection,02 - Non-fatal injury,05 - Turning movement,01 - Clear,07 - Dark,01 - Dry,01 - Traffic signal,01 - Functioning,2,0,0,0,03 - Major,5,,4,1,,362706.2413,5023492.801,45.34899055,-75.7610122,12293
18--8069,7/31/2018,9:50 AM,GREENBANK RD btwn STRANDHERD DR & MARKETPLACE AVE (__4NMF9S),__4NMF9S,01 - Non intersection,03 - P.D. only,04 - Sideswipe,01 - Clear,01 - Daylight,01 - Dry,10 - No control,,2,0,0,0,,0,,,,,363943.2506,5014761.086,45.27031974,-75.74626921,12294