Anom_ID,Accident_Date,Accident_Time,Location,Geo_ID,Accident_Location,Classification_of_Accident,Initial_Impact_Type,Environment_Condition,Light,Road_Surface_Condition,Traffic_Control,Traffic_Control_Condition,No__of_Vehicles,No__of_Bicycles,No__of_Motorcycles,No__of_Pedestrians,Max_Injury,No__of_Injuries,No__of_Minimal,No__of_Minor,No__of_Major,No__of_Fatal,X,Y,Latitude,Longitude,ObjectId
18--807,1/14/2018,2:07 PM,FRASER FIELDS WAY @ STRANDHERD DR (0013567),13567,03 - At intersection,03 - P.D. only,05 - Turning movement,01 - Clear,01 - Daylight,01 - Dry,02 - Stop sign,01 - Functioning,2,0,0,0,,0,,,,,362949.5871,5013991.964,45.26348201,-75.75902158,12295
18--8070,8/1/2018,1:08 PM,MERIVALE RD @ WEST HUNT CLUB RD (0000584),584,02 - Intersection related,03 - P.D. only,03 - Rear end,01 - Clear,01 - Daylight,01 - Dry,01 - Traffic signal,01 - Functioning,2,0,0,0,,0,,,,,365612.6953,5021942.499,45.33479516,-75.72411453,12296
18--8071,8/1/2018,10:03 AM,TERRY FOX DR btwn FLAMBOROUGH WAY/INNOVATION DR & STATEWOOD DR (__8IAYKC),__8IAYKC,01 - Non intersection,03 - P.D. only,03 - Rear end,01 - Clear,01 - Daylight,01 - Dry,10 - No control,,2,0,0,0,,0,,,,,349319.528,5022893.816,45.34457828,-75.93189495,12297
18--8072,8/1/2018,Unknown,MACDONALD ST btwn SOMERSET ST W & MACLAREN ST (__3ZA9UA),__3ZA9UA,01 - Non intersection,03 - P.D. only,06 - SMV unattended vehicle,01 - Clear,00 - Unknown,01 - Dry,10 - No control,,1,0,0,0,,0,,,,,368487.9896,5031340.041,45.41909655,-75.68622138,12298
18--8073,8/1/2018,2:01 PM,FRANK BENDER ST @ JEANNE D'ARC BLVD (0003635),3635,03 - At intersection,02 - Non-fatal injury,07 - SMV other,01 - Clear,01 - Daylight,01 - Dry,01 - Traffic signal,01 - Functioning,1,0,0,1,02 - Minor,1,,1,,,381870.7178,5035883.551,45.45862925,-75.51453426,12299
18--8074,8/1/2018,3:00 PM,MERIVALE RD @ PINEGLEN CRES (0000053),53,02 - Intersection related,03 - P.D. only,03 - Rear end,01 - Clear,01 - Daylight,01 - Dry,02 - Stop sign,01 - Functioning,2,0,0,0,,0,,,,,366242.7101,5020412.481,45.32097338,-75.71626705,12300
18--8075,8/1/2018,3:10 PM,ELGIN ST @ WELLINGTON ST W (0002113),2113,02 - Intersection related,03 - P.D. only,03 - Rear end,01 - Clear,01 - Daylight,01 - Dry,01 - Traffic signal,01 - Functioning,3,0,0,0,,0,,,,,367664.7038,5031877.577,45.42400758,-75.69667135,12301
18--8076,8/1/2018,4:14 PM,ANDERSON RD/WEIR RD @ RENAUD RD (0003583),3583,02 - Intersection related,03 - P.D. only,01 - Approaching,01 - Clear,01 - Daylight,01 - Dry,11 - Roundabout,01 - Functioning,2,0,0,0,,0,,,,,377767.7479,5031503.561,45.41966155,-75.56763907,12302
18--8077,8/1/2018,4:30 PM,MCNAUGHTON AVE @ MAIN ST (0007234),7234,03 - At intersection,02 - Non-fatal injury,05 - Turning movement,01 - Clear,01 - Daylight,01 - Dry,02 - Stop sign,01 - Functioning,2,1,0,0,01 - Minimal,1,1,,,,369299.7103,5029854.562,45.40565638,-75.67604501,12303
18--8078,8/1/2018,4:36 PM,BANK ST @ SUNNYSIDE AVE (0007219),7219,03 - At intersection,03 - P.D. only,05 - Turning movement,01 - Clear,01 - Daylight,01 - Dry,01 - Traffic signal,01 - Functioning,2,0,0,0,,0,,,,,368734.6146,5028581.692,45.39425535,-75.68342812,12304
18--8079,8/1/2018,5:00 PM,ST. JOSEPH BLVD/OLD MONTREAL RD @ TRIM RD (0004118),4118,03 - At intersection,03 - P.D. only,04 - Sideswipe,01 - Clear,01 - Daylight,01 - Dry,11 - Roundabout,01 - Functioning,2,0,0,0,,0,,,,,384682.7539,5039285.582,45.48892163,-75.47803065,12305
18--808,1/14/2018,2:23 PM,INNES RD btwn HWY417 IC112 RAMP66 & CYRVILLE RD (__3ZA3RCB),__3ZA3RCB,01 - Non intersection,03 - P.D. only,04 - Sideswipe,01 - Clear,01 - Daylight,01 - Dry,10 - No control,,2,0,0,0,,0,,,,,374964.8674,5031062.411,45.41597903,-75.60351179,12306
18--8080,8/1/2018,5:00 PM,MONTREAL RD btwn ALTHA AVE & BRADLEY AVE (__3ZA3L0),__3ZA3L0,01 - Non intersection,03 - P.D. only,04 - Sideswipe,01 - Clear,01 - Daylight,01 - Dry,10 - No control,,2,0,0,0,,0,,,,,370644.1666,5033386.138,45.43730687,-75.65840003,12307
18--8358,8/10/2018,5:07 PM,MONTREAL RD @ ST. LAURENT BLVD (0002604),2604,02 - Intersection related,03 - P.D. only,03 - Rear end,01 - Clear,01 - Daylight,01 - Dry,01 - Traffic signal,01 - Functioning,2,0,0,0,,0,,,,,371545.6787,5033817.619,45.44110365,-75.64681995,12308
18--8359,8/10/2018,5:21 PM,HIGHWAY 417 btwn HWY417 IC129 RAMP25 & HWY417 IC129 RAMP35 (__3ZAYFR),__3ZAYFR,01 - Non intersection,03 - P.D. only,03 - Rear end,01 - Clear,01 - Daylight,01 - Dry,10 - No control,,2,0,0,0,,0,,,,,360456.1508,5023524.688,45.34945964,-75.78972156,12309
18--836,1/15/2018,1:52 PM,CARLING AVE @ RICHMOND RD (0010847),10847,02 - Intersection related,03 - P.D. only,03 - Rear end,01 - Clear,01 - Daylight,02 - Wet,01 - Traffic signal,01 - Functioning,3,0,0,0,,0,,,,,360245.6784,5024781.513,45.36078519,-75.79226642,12310
18--8360,8/10/2018,5:52 PM,ALBERT ST @ BOOTH ST (0002162),2162,03 - At intersection,02 - Non-fatal injury,05 - Turning movement,01 - Clear,01 - Daylight,01 - Dry,01 - Traffic signal,01 - Functioning,2,0,0,0,01 - Minimal,1,1,,,,366428.6927,5030626.567,45.41286134,-75.7126209,12311
18--8361,8/10/2018,6:53 PM,WEST HUNT CLUB RD @ CLEOPATRA DR/LANCELOT DR (0000114),114,02 - Intersection related,03 - P.D. only,03 - Rear end,01 - Clear,01 - Daylight,01 - Dry,01 - Traffic signal,01 - Functioning,2,0,0,0,,0,,,,,365235.6996,5021732.494,45.33293813,-75.72894967,12312
18--8362,8/10/2018,7:04 PM,CAHILL DR btwn PEBBLE RD & ALBION RD S (__3ZA9EN),__3ZA9EN,01 - Non intersection,03 - P.D. only,04 - Sideswipe,01 - Clear,01 - Daylight,01 - Dry,10 - No control,,2,0,0,0,,0,,,,,371721.2144,5024664.713,45.35873278,-75.64581829,12313
18--8363,8/10/2018,7:41 AM,SLATER ST btwn METCALFE ST & ELGIN ST (__3ZA35Y),__3ZA35Y,01 - Non intersection,03 - P.D. only,04 - Sideswipe,01 - Clear,01 - Daylight,01 - Dry,10 - No control,,2,0,0,0,,0,,,,,367805.6095,5031593.618,45.42143994,-75.69490725,12314
18--8364,8/10/2018,7:42 PM,RIDEAUCREST DR @ ROBLYN WAY (0000044),44,03 - At intersection,03 - P.D. only,02 - Angle,01 - Clear,01 - Daylight,01 - Dry,02 - Stop sign,01 - Functioning,2,0,0,0,,0,,,,,365858.7009,5016405.454,45.284952,-75.72165837,12315
18--8365,8/10/2018,8:12 PM,HWY417 IC126 RAMP61 btwn HWY417 IC126 RAMP63 & HIGHWAY 417 (__3ZAY5Y),__3ZAY5Y,01 - Non intersection,03 - P.D. only,07 - SMV other,01 - Clear,05 - Dusk,01 - Dry,10 - No control,,1,0,1,0,,0,,,,,363119.3549,5025844.823,45.37011957,-75.75546306,12316
18--8366,8/10/2018,9:30 AM,HIGHWAY 17 btwn THOMAS ELLIOT RD & GALETTA SIDE RD (__3ZA2RQ),__3ZA2RQ,01 - Non intersection,03 - P.D. only,07 - SMV other,01 - Clear,01 - Daylight,01 - Dry,10 - No control,,1,0,0,0,,0,,,,,321736.5426,5029875.802,45.40861449,-76.28363203,12317
18--8367,8/10/2018,9:38 PM,HIGHWAY 417 btwn HWY417 IC155 RAMP61 & HWY417 IC145 RAMP56 (__3ZA2Q2),__3ZA2Q2,01 - Non intersection,03 - P.D. only,07 - SMV other,01 - Clear,07 - Dark,01 - Dry,10 - No control,,1,0,0,0,,0,,,,,341889.8019,5017831.255,45.29945549,-76.02707983,12318
18--8368,8/10/2018,9:45 AM,AMIENS ST @ TENTH LINE RD (0004168),4168,03 - At intersection,03 - P.D. only,07 - SMV other,01 - Clear,01 - Daylight,01 - Dry,01 - Traffic signal,01 - Functioning,1,0,0,0,,0,,,,,383352.7202,5037568.301,45.47362208,-75.49531827,12319
18--8369,8/11/2018,10:07 AM,VALLEY STREAM DR btwn SANDCASTLE DR & GLADECREST CRT (__3ZAA2R),__3ZAA2R,04 - At/near private drive,03 - P.D. only,02 - Angle,01 - Clear,01 - Daylight,01 - Dry,10 - No control,,2,0,0,0,,0,,,,,359787.5825,5021737.31,45.33342953,-75.79845177,12320
18--837,1/15/2018,10:07 AM,HUNT CLUB RD @ LORRY GREENBERG DR/SABLE RIDGE  (0008203),8203,02 - Intersection related,03 - P.D. only,03 - Rear end,01 - Clear,01 - Daylight,01 - Dry,01 - Traffic signal,01 - Functioning,2,0,0,0,,0,,,,,372823.7387,5024807.504,45.35991145,-75.63172764,12321
18--8370,8/11/2018,10:30 AM,KIRKWOOD AVE @ RICHMOND RD (0002080),2080,02 - Intersection related,03 - P.D. only,04 - Sideswipe,01 - Clear,01 - Daylight,01 - Dry,01 - Traffic signal,01 - Functioning,2,0,0,0,,0,,,,,363778.69,5028641.555,45.39522894,-75.74671222,12322
18--8371,8/11/2018,11:06 AM,HOSPITAL LINK RD btwn ALTA VISTA DR & RIVERSIDE DR (e___2INL),e___2INL,01 - Non intersection,03 - P.D. only,07 - SMV other,01 - Clear,01 - Daylight,01 - Dry,10 - No control,,1,0,0,0,,0,,,,,370004.016,5030176.801,45.40849051,-75.66700616,12323
18--8372,8/11/2018,11:44 AM,DRAPER AVE btwn CORNELL ST & LISA AVE (__3ZABH5),__3ZABH5,04 - At/near private drive,03 - P.D. only,01 - Approaching,01 - Clear,01 - Daylight,01 - Dry,10 - No control,,2,0,0,0,,0,,,,,360447.8595,5022741.211,45.34241058,-75.78991551,12324
18--8373,8/11/2018,12:49 PM,CUMBERLAND ST @ ST. PATRICK ST (0008238),8238,03 - At intersection,02 - Non-fatal injury,02 - Angle,01 - Clear,01 - Daylight,01 - Dry,01 - Traffic signal,01 - Functioning,2,0,0,0,03 - Major,2,,1,1,,368128.7046,5032748.582,45.43180273,-75.69063062,12325
18--8374,8/11/2018,12:51 PM,CARLING AVE @ CLYDE AVE/COLE AVE (0006984),6984,03 - At intersection,03 - P.D. only,05 - Turning movement,01 - Clear,01 - Daylight,01 - Dry,01 - Traffic signal,01 - Functioning,2,0,0,0,,0,,,,,363520.6909,5026850.543,45.37913539,-75.75022024,12326
18--8375,8/11/2018,3:17 AM,TOPLEY CRES btwn KEYS WAY & KEYS WAY (__3ZA7ZU),__3ZA7ZU,04 - At/near private drive,03 - P.D. only,06 - SMV unattended vehicle,01 - Clear,07 - Dark,01 - Dry,10 - No control,,1,0,0,0,,0,,,,,373949.0231,5026496.233,45.37499583,-75.61712957,12327
18--8376,8/11/2018,3:32 PM,KANATA AVE @ LORD BYNG WAY/MARITIME WAY (0009115),9115,02 - Intersection related,02 - Non-fatal injury,03 - Rear end,01 - Clear,01 - Daylight,01 - Dry,01 - Traffic signal,01 - Functioning,2,0,0,0,01 - Minimal,1,1,,,,351430.0513,5019331.333,45.31238514,-75.90529995,12328
18--8377,8/11/2018,3:40 PM,BRAMBLING WAY @ EXCURSION WAY (0016454),16454,02 - Intersection related,03 - P.D. only,04 - Sideswipe,01 - Clear,01 - Daylight,01 - Dry,02 - Stop sign,01 - Functioning,2,0,0,0,,0,,,,,364381.8668,5012332.277,45.24842823,-75.74097116,12329
18--8378,8/11/2018,4:10 PM,CUMMINGS AVE @ STEELE PARK PRIV (0013968),13968,02 - Intersection related,03 - P.D. only,03 - Rear end,01 - Clear,01 - Daylight,01 - Dry,10 - No control,,2,0,0,0,,0,,,,,372626.3671,5032473.942,45.4289099,-75.63319269,12330
18--8379,8/11/2018,5:14 PM,HERON RD @ BRIAR HILL DR/SANDALWOOD DR (0007190),7190,03 - At intersection,02 - Non-fatal injury,05 - Turning movement,01 - Clear,01 - Daylight,01 - Dry,01 - Traffic signal,01 - Functioning,2,0,0,0,02 - Minor,1,,1,,,371452.7279,5027012.538,45.37988325,-75.6489281,12331
18--838,1/15/2018,10:17 AM,SHERWOOD DR btwn BAYSWATER AVE & BREEZEHILL AVE S (__3ZA0Z8),__3ZA0Z8,04 - At/near private drive,03 - P.D. only,02 - Angle,01 - Clear,01 - Daylight,03 - Loose snow,10 - No control,,2,0,0,0,,0,,,,,366343.8267,5028753.673,45.396017,-75.71393882,12332
18--8380,8/11/2018,5:23 PM,BRONSON AVE @ IMPERIAL AVE/PLYMOUTH ST (0010859),10859,03 - At intersection,03 - P.D. only,03 - Rear end,01 - Clear,01 - Daylight,01 - Dry,10 - No control,,2,0,0,0,,0,,,,,367318.7038,5029643.552,45.40393751,-75.70137573,12333
18--8381,8/11/2018,5:24 PM,MONTREAL RD @ VANIER PKWY (0004630),4630,02 - Intersection related,03 - P.D. only,03 - Rear end,01 - Clear,01 - Daylight,01 - Dry,01 - Traffic signal,01 - Functioning,2,0,0,0,,0,,,,,370072.7099,5033065.593,45.43447632,-75.66574594,12334
18--8382,8/11/2018,7:16 PM,HIGHWAY 417 btwn HWY417 IC155 RAMP25 & RAMP (__3ZAZN1),__3ZAZN1,01 - Non intersection,02 - Non-fatal injury,07 - SMV other,01 - Clear,01 - Daylight,01 - Dry,10 - No control,,1,0,0,0,01 - Minimal,2,2,,,,345290.4454,5014836.14,45.27231646,-75.98396543,12335
18--8383,8/11/2018,7:20 PM,MEADOWLANDS DR @ MERIVALE RD (0000625),625,03 - At intersection,02 - Non-fatal injury,05 - Turning movement,01 - Clear,01 - Daylight,01 - Dry,01 - Traffic signal,01 - Functioning,2,0,0,0,01 - Minimal,3,3,,,,364858.7003,5023725.51,45.35090341,-75.73351712,12336
18--8384,8/11/2018,8:45 PM,MAISONNEUVE ST @ ROCQUE ST (0003779),3779,03 - At intersection,03 - P.D. only,02 - Angle,01 - Clear,05 - Dusk,01 - Dry,02 - Stop sign,01 - Functioning,2,0,0,0,,0,,,,,381300.7427,5037796.589,45.47590382,-75.52152341,12337
18--8385,8/11/2018,9:03 AM,DWYER HILL RD btwn FALLOWFIELD RD & MCCAFFREY TR (__3ZA3F7),__3ZA3F7,01 - Non intersection,03 - P.D. only,07 - SMV other,01 - Clear,01 - Daylight,01 - Dry,10 - No control,,1,0,0,0,,0,,,,,345434.6591,5002187.013,45.15848475,-75.98315967,12338
18--8386,8/11/2018,9:31 PM,WALL RD btwn MONIQUE AVE & TENTH LINE RD (__3ZA6PV),__3ZA6PV,01 - Non intersection,03 - P.D. only,07 - SMV other,01 - Clear,07 - Dark,01 - Dry,10 - No control,,1,0,0,0,,0,,,,,384691.5521,5033113.195,45.43338726,-75.47892111,12339
18--8387,8/12/2018,1:01 PM,STONEHAVEN DR btwn RICHMOND RD & SAWYER WAY/SUMMITVIEW DR (__3ZA5XW),__3ZA5XW,04 - At/near private drive,03 - P.D. only,02 - Angle,01 - Clear,01 - Daylight,01 - Dry,10 - No control,,2,0,0,0,,0,,,,,356711.2925,5015864.197,45.28081676,-75.83831246,12340
18--8388,8/12/2018,10:16 PM,ST. LAURENT BLVD @ WALKLEY RD (0007653),7653,03 - At intersection,03 - P.D. only,05 - Turning movement,01 - Clear,07 - Dark,01 - Dry,01 - Traffic signal,01 - Functioning,2,0,0,0,,0,,,,,373902.7502,5028046.855,45.3889522,-75.61750325,12341
18--8389,8/12/2018,10:41 PM,NATIONAL CAPITAL COMM DRWY btwn TUNIS AVE & ASH LANE (__3ZA23Q),__3ZA23Q,01 - Non intersection,02 - Non-fatal injury,01 - Approaching,01 - Clear,07 - Dark,01 - Dry,10 - No control,,2,0,0,0,01 - Minimal,2,2,,,,365574.6739,5027517.989,45.38496577,-75.72391401,12342
18--839,1/15/2018,11:02 AM,RIVERSIDE DR @ TREMBLAY RD/HWY417 IC117 RAMP52 (0010790),10790,02 - Intersection related,03 - P.D. only,03 - Rear end,03 - Snow,01 - Daylight,03 - Loose snow,01 - Traffic signal,01 - Functioning,2,0,0,0,,0,,,,,370802.0783,5031015.908,45.41596566,-75.6566995,12343
18--8390,8/12/2018,10:50 PM,HIGHWAY 417 btwn HWY417 IC129 RAMP51 & HWY417 IC129 RAMP35 (__3ZA2X9),__3ZA2X9,01 - Non intersection,02 - Non-fatal injury,04 - Sideswipe,01 - Clear,07 - Dark,01 - Dry,10 - No control,,2,0,0,0,02 - Minor,1,,1,,,360071.4984,5023239.199,45.34692123,-75.79466198,12344
18--8391,8/12/2018,11:39 AM,TERRY FOX DR @ FERNBANK RD (0011863),11863,02 - Intersection related,02 - Non-fatal injury,04 - Sideswipe,01 - Clear,01 - Daylight,01 - Dry,01 - Traffic signal,01 - Functioning,2,0,1,0,02 - Minor,1,,1,,,354303.6354,5015130.474,45.27438821,-75.86907293,12345
18--8392,8/12/2018,11:43 AM,RIVERSIDE DR NB btwn BANK ST & RIVERSIDE DR NB RAMP FROM EB TO WB (__3ZBOEF),__3ZBOEF,01 - Non intersection,03 - P.D. only,04 - Sideswipe,01 - Clear,01 - Daylight,01 - Dry,10 - No control,,2,0,0,0,,0,,,,,369366.716,5028026.3,45.38920012,-75.67542844,12346
18--8393,8/12/2018,11:52 AM,SAUNDERSON DR @ PLEASANT PARK RD (0008313),8313,03 - At intersection,03 - P.D. only,02 - Angle,01 - Clear,01 - Daylight,01 - Dry,02 - Stop sign,01 - Functioning,2,0,0,0,,0,,,,,373145.7541,5028668.633,45.39462097,-75.62708343,12347
18--8394,8/12/2018,Unknown,RIVER RUN AVE btwn GRAND CANAL ST & NICHOL'S CREEK LANE (__61W6WZ),__61W6WZ,01 - Non intersection,03 - P.D. only,06 - SMV unattended vehicle,01 - Clear,00 - Unknown,01 - Dry,10 - No control,,1,0,0,0,,0,,,,,363717.5346,5012788.09,45.25258559,-75.7493795,12348
18--8395,8/12/2018,Unknown,PATTERSON AVE btwn ALLAN PL & COBALT AVE (__3ZA96W),__3ZA96W,01 - Non intersection,03 - P.D. only,06 - SMV unattended vehicle,01 - Clear,00 - Unknown,01 - Dry,10 - No control,,1,0,0,0,,0,,,,,368303.7079,5030071.564,45.40769996,-75.68873926,12349
18--8396,8/12/2018,12:00 PM,BRAMBLING WAY btwn DUNLIN RIDGE & REGATTA AVE (__8OJCQS),__8OJCQS,01 - Non intersection,03 - P.D. only,06 - SMV unattended vehicle,01 - Clear,01 - Daylight,01 - Dry,10 - No control,,1,0,0,0,,0,,,,,364614.883,5012466.858,45.24961943,-75.73798677,12350
18--8397,8/12/2018,2:21 PM,KING EDWARD AVE @ RIDEAU ST (0002121),2121,02 - Intersection related,03 - P.D. only,02 - Angle,01 - Clear,01 - Daylight,01 - Dry,01 - Traffic signal,01 - Functioning,2,0,0,0,,0,,,,,368511.7069,5032413.59,45.4287538,-75.68577951,12351
18--8398,8/12/2018,2:32 PM,FALLOWFIELD RD @ MOODIE DR (0010412),10412,02 - Intersection related,03 - P.D. only,03 - Rear end,01 - Clear,01 - Daylight,01 - Dry,01 - Traffic signal,01 - Functioning,2,0,0,0,,0,,,,,359501.6558,5014636.413,45.26955743,-75.80288294,12352
18--8399,8/12/2018,2:35 AM,SECOND LINE RD btwn THOMAS A. DOLAN PKWY & MURPHY SIDE RD (__3ZBNBL),__3ZBNBL,01 - Non intersection,03 - P.D. only,07 - SMV other,01 - Clear,07 - Dark,01 - Dry,10 - No control,,1,0,0,0,,0,,,,,341642.0911,5029895.428,45.40802633,-76.0293392,12353
18--84,1/2/2018,12:50 PM,HIGHWAY 417 btwn HWY417 IC163 RAMP15 & HWY417 IC155 RAMP51 (__3ZAZNS),__3ZAZNS,01 - Non intersection,03 - P.D. only,07 - SMV other,03 - Snow,01 - Daylight,05 - Packed snow,10 - No control,,1,0,0,0,,0,,,,,336050.1995,5020212.561,45.32116774,-76.10138657,12354
18--840,1/15/2018,11:10 AM,SCALA AVE btwn NEWCARLISLE CRES & NEWCARLISLE CRES (__4LKA05),__4LKA05,04 - At/near private drive,03 - P.D. only,02 - Angle,01 - Clear,01 - Daylight,05 - Packed snow,10 - No control,,2,0,0,0,,0,,,,,385880.6268,5036462.029,45.46338001,-75.46317435,12355
18--8400,8/12/2018,3:09 AM,MANOTICK STATION RD btwn PEBBLEWOODS DR & APPLE ORCHARD RD (__3ZA7Z7),__3ZA7Z7,01 - Non intersection,03 - P.D. only,07 - SMV other,01 - Clear,07 - Dark,01 - Dry,10 - No control,,1,0,0,0,,0,,,,,373818.8631,5012608.202,45.25004877,-75.62072575,12356
18--8401,8/12/2018,5:36 AM,HIGHWAY 416 btwn HWY416 IC66 RAMP62 & HWY416 IC72 RAMP24 (__3ZAZMZ),__3ZAZMZ,01 - Non intersection,03 - P.D. only,07 - SMV other,01 - Clear,07 - Dark,01 - Dry,10 - No control,,1,0,0,0,,0,,,,,359296.4582,5016431.584,45.28572653,-75.80530069,12357
18--8402,8/12/2018,6:19 PM,HIGHBURY PARK DR btwn VIA SAN MARINO ST & VIA VERONA AVE (__3ZAJCN),__3ZAJCN,01 - Non intersection,03 - P.D. only,06 - SMV unattended vehicle,01 - Clear,01 - Daylight,01 - Dry,10 - No control,,1,0,0,0,,0,,,,,363903.856,5015752.385,45.27924277,-75.7466532,12358
18--8403,8/12/2018,7:16 AM,FALLOWFIELD RD btwn STEEPLE HILL CRES & MOODIE DR (__3ZA4Y5),__3ZA4Y5,01 - Non intersection,03 - P.D. only,07 - SMV other,01 - Clear,01 - Daylight,01 - Dry,10 - No control,,1,0,0,0,,0,,,,,358646.4325,5014167.561,45.26540462,-75.81383193,12359
18--8404,8/12/2018,7:32 PM,FALLOWFIELD RD @ WOODROFFE AVE (0010372),10372,03 - At intersection,03 - P.D. only,05 - Turning movement,01 - Clear,01 - Daylight,01 - Dry,01 - Traffic signal,01 - Functioning,2,0,0,0,,0,,,,,365085.1501,5017903.19,45.29849533,-75.73133623,12360
18--8405,8/12/2018,7:39 AM,PINECREST RD btwn TRANSIT & HWY417 IC129 RAMP26 (__3ZA4MY),__3ZA4MY,01 - Non intersection,02 - Non-fatal injury,07 - SMV other,01 - Clear,01 - Daylight,01 - Dry,10 - No control,,1,0,0,0,02 - Minor,1,,1,,,360410.2071,5023621.519,45.35033456,-75.79029695,12361
18--8406,8/12/2018,8:15 AM,BANK ST @ CAHILL DR/DAZE ST (0012178),12178,03 - At intersection,03 - P.D. only,03 - Rear end,01 - Clear,01 - Daylight,01 - Dry,01 - Traffic signal,01 - Functioning,2,0,0,0,,0,,,,,371306.8151,5024316.727,45.35564114,-75.65115391,12362
18--8407,8/12/2018,8:53 PM,RIVERSIDE DR @ TREMBLAY RD/HWY417 IC117 RAMP52 (0010790),10790,02 - Intersection related,03 - P.D. only,04 - Sideswipe,01 - Clear,05 - Dusk,01 - Dry,01 - Traffic signal,01 - Functioning,3,0,0,0,,0,,,,,370801.8664,5031016.182,45.41596814,-75.65670217,12363
18--8408,8/12/2018,9:31 PM,KENT ST @ SOMERSET ST (0008857),8857,02 - Intersection related,02 - Non-fatal injury,05 - Turning movement,01 - Clear,07 - Dark,01 - Dry,01 - Traffic signal,01 - Functioning,2,1,0,0,01 - Minimal,1,1,,,,367526.7011,5030815.565,45.41446432,-75.69856987,12364
18--8409,8/12/2018,9:33 PM,BOOTH ST @ WELLINGTON ST S (0011393),11393,03 - At intersection,03 - P.D. only,02 - Angle,01 - Clear,07 - Dark,01 - Dry,02 - Stop sign,01 - Functioning,2,0,0,0,,0,,,,,366402.7021,5030675.571,45.41330455,-75.71294681,12365
18--841,1/15/2018,11:24 PM,KING EDWARD AVE btwn MARIE CURIE PRIV & TEMPLETON ST (__3ZA3MD),__3ZA3MD,04 - At/near private drive,03 - P.D. only,02 - Angle,01 - Clear,07 - Dark,03 - Loose snow,10 - No control,,2,0,0,0,,0,,,,,369051.3901,5031520.374,45.42066761,-75.67899971,12366
18--8410,8/12/2018,9:51 AM,STRANDHERD DR btwn WOODROFFE AVE & CRESTWAY DR (__30MO45),__30MO45,01 - Non intersection,02 - Non-fatal injury,03 - Rear end,01 - Clear,01 - Daylight,01 - Dry,10 - No control,,2,1,0,0,02 - Minor,1,,1,,,366134.4478,5015406.708,45.27594133,-75.71826706,12367
18--8411,8/12/2018,9:56 AM,CATHERINE ST btwn BANK ST & O'CONNOR ST (__3ZA3PU),__3ZA3PU,01 - Non intersection,03 - P.D. only,07 - SMV other,01 - Clear,01 - Daylight,01 - Dry,10 - No control,,1,0,0,0,,0,,,,,368123.1038,5030318.666,45.40993967,-75.6910145,12368
18--8412,8/13/2018,1:38 PM,PARKDALE AVE @ WELLINGTON ST (0002260),2260,02 - Intersection related,03 - P.D. only,05 - Turning movement,01 - Clear,01 - Daylight,01 - Dry,01 - Traffic signal,01 - Functioning,2,0,0,0,,0,,,,,365149.7002,5029270.556,45.40077174,-75.72912602,12369
18--8413,8/13/2018,10:40 AM,BANK ST @ LAURIER AVE (0002221),2221,03 - At intersection,02 - Non-fatal injury,05 - Turning movement,01 - Clear,01 - Daylight,01 - Dry,01 - Traffic signal,01 - Functioning,2,1,0,0,02 - Minor,1,,1,,,367480.7006,5031265.588,45.41851761,-75.6991003,12370
18--8414,8/13/2018,11:58 AM,SAUNDERS AVE @ WOODROFFE AVE (0003222),3222,02 - Intersection related,03 - P.D. only,03 - Rear end,01 - Clear,01 - Daylight,01 - Dry,02 - Stop sign,01 - Functioning,2,0,0,0,,0,,,,,361493.6826,5026857.543,45.37936533,-75.77609934,12371
18--8415,8/13/2018,12:18 PM,MONTREAL RD @ SHEFFORD RD (0012423),12423,03 - At intersection,02 - Non-fatal injury,05 - Turning movement,01 - Clear,01 - Daylight,01 - Dry,01 - Traffic signal,01 - Functioning,2,0,0,0,02 - Minor,2,1,1,,,376125.7308,5034853.575,45.44997228,-75.58813224,12372
18--8416,8/13/2018,12:18 PM,CARLING AVE @ TAVISTOCK RD (0002144),2144,03 - At intersection,03 - P.D. only,02 - Angle,01 - Clear,01 - Daylight,01 - Dry,02 - Stop sign,01 - Functioning,2,0,0,0,,0,,,,,360698.6768,5025069.52,45.36334069,-75.78645202,12373
18--8417,8/13/2018,2:57 PM,ALTA VISTA DR @ MOUNTBATTEN AVE (0007378),7378,03 - At intersection,02 - Non-fatal injury,05 - Turning movement,01 - Clear,01 - Daylight,01 - Dry,02 - Stop sign,01 - Functioning,2,1,0,0,02 - Minor,1,,1,,,370381.7167,5028348.556,45.39200535,-75.66242457,12374
18--8418,8/13/2018,3:26 PM,RIVERSIDE DR @ PLEASANT PARK RD (0007296),7296,02 - Intersection related,02 - Non-fatal injury,03 - Rear end,01 - Clear,01 - Daylight,01 - Dry,01 - Traffic signal,01 - Functioning,5,0,0,0,02 - Minor,2,,2,,,369561.2512,5028415.015,45.39267968,-75.6728933,12375
18--8419,8/13/2018,4:00 PM,BRONSON AVE btwn BRONSON AVE SB ON RAMP 43 & SUNNYSIDE AVE/UNIVERSITY  (__3ZA3NU),__3ZA3NU,01 - Non intersection,03 - P.D. only,04 - Sideswipe,01 - Clear,01 - Daylight,01 - Dry,10 - No control,,2,0,0,0,,0,,,,,367912.8843,5028109.391,45.39008026,-75.6939826,12376
18--842,1/15/2018,11:50 AM,HIGHWAY 417 @ HWY 417 CARLING IC124R67 (0002669),2669,02 - Intersection related,03 - P.D. only,03 - Rear end,01 - Clear,01 - Daylight,01 - Dry,10 - No control,,2,0,0,0,,0,,,,,364595.696,5027761.546,45.3872415,-75.73638482,12377