Anom_ID,Accident_Date,Accident_Time,Location,Geo_ID,Accident_Location,Classification_of_Accident,Initial_Impact_Type,Environment_Condition,Light,Road_Surface_Condition,Traffic_Control,Traffic_Control_Condition,No__of_Vehicles,No__of_Bicycles,No__of_Motorcycles,No__of_Pedestrians,Max_Injury,No__of_Injuries,No__of_Minimal,No__of_Minor,No__of_Major,No__of_Fatal,X,Y,Latitude,Longitude,ObjectId
18--8420,8/13/2018,4:20 PM,CARLING AVE @ CLYDE AVE/COLE AVE (0006984),6984,03 - At intersection,03 - P.D. only,05 - Turning movement,01 - Clear,01 - Daylight,01 - Dry,01 - Traffic signal,01 - Functioning,2,0,0,0,,0,,,,,363520.6907,5026850.542,45.37913538,-75.75022024,12378
18--8421,8/13/2018,4:40 PM,HIGHWAY 417 btwn HWY417 IC119A RAMP75 & HWY417 IC118 RAMP57 (__3ZA2R2),__3ZA2R2,01 - Non intersection,03 - P.D. only,03 - Rear end,01 - Clear,01 - Daylight,01 - Dry,10 - No control,,5,0,0,0,,0,,,,,369049.0969,5030761.916,45.41384348,-75.6791279,12379
18--8422,8/13/2018,6:02 PM,CATHERINE ST @ METCALFE ST (0011239),11239,03 - At intersection,02 - Non-fatal injury,02 - Angle,01 - Clear,01 - Daylight,01 - Dry,01 - Traffic signal,01 - Functioning,3,0,0,0,02 - Minor,2,,2,,,368393.7064,5030486.563,45.41142582,-75.6875361,12380
18--8423,8/13/2018,6:02 PM,CARLING AVE @ PINECREST  RD/GREENVIEW AVE (0001630),1630,02 - Intersection related,03 - P.D. only,04 - Sideswipe,01 - Clear,01 - Daylight,01 - Dry,01 - Traffic signal,01 - Functioning,2,0,0,0,,0,,,,,360006.6759,5024632.528,45.35946349,-75.79533356,12381
18--8424,8/13/2018,6:04 PM,HIGHWAY 417 btwn HWY417 IC134 RAMP61 & HWY417 IC131 RAMP66 (__3ZA297),__3ZA297,01 - Non intersection,03 - P.D. only,07 - SMV other,01 - Clear,01 - Daylight,01 - Dry,10 - No control,,1,0,0,0,,0,,,,,357013.2741,5022568.529,45.34112082,-75.83375706,12382
18--8425,8/13/2018,6:50 AM,HIGHWAY 417 btwn HWY417 IC112 RAMP55 & HIGHWAY 417 (__3ZAZPP),__3ZAZPP,01 - Non intersection,03 - P.D. only,04 - Sideswipe,01 - Clear,01 - Daylight,01 - Dry,10 - No control,,2,0,0,0,,0,,,,,375083.1824,5030604.459,45.41184675,-75.60206558,12383
18--8426,8/13/2018,7:00 AM,INDUSTRIAL AVE @ ALTA VISTA DR/SANDFORD FLEMIN (0006979),6979,02 - Intersection related,02 - Non-fatal injury,02 - Angle,01 - Clear,01 - Daylight,01 - Dry,01 - Traffic signal,01 - Functioning,2,1,0,0,01 - Minimal,1,1,,,,370884.6464,5030557.509,45.41183338,-75.65570612,12384
18--8427,8/13/2018,7:50 PM,EASTVALE DR S @ OGILVIE RD (0009416),9416,02 - Intersection related,02 - Non-fatal injury,05 - Turning movement,01 - Clear,05 - Dusk,01 - Dry,01 - Traffic signal,00 - Unknown,2,0,1,0,01 - Minimal,1,1,,,,375466.8175,5035025.569,45.45158671,-75.59653039,12385
18--8428,8/13/2018,9:36 AM,DUNROBIN RD btwn KINBURN SIDE RD & VANCES SIDE RD (__3ZA3FG),__3ZA3FG,04 - At/near private drive,02 - Non-fatal injury,02 - Angle,01 - Clear,01 - Daylight,01 - Dry,10 - No control,,3,0,0,0,02 - Minor,2,1,1,,,338049.671,5035907.168,45.4623016,-76.07482529,12386
18--8429,8/13/2018,9:38 AM,SMYTH RD E/LANCASTER RD @ ST. LAURENT BLVD N/R (0002256),2256,03 - At intersection,03 - P.D. only,05 - Turning movement,01 - Clear,01 - Daylight,01 - Dry,01 - Traffic signal,01 - Functioning,2,0,0,0,,0,,,,,373364.7297,5029424.551,45.40140096,-75.62418192,12387
18--843,1/15/2018,11:54 AM,CONROY RD @ HUNT CLUB RD (0002257),2257,02 - Intersection related,03 - P.D. only,03 - Rear end,02 - Rain,01 - Daylight,02 - Wet,01 - Traffic signal,01 - Functioning,2,0,0,0,,0,,,,,373763.7395,5025404.523,45.36519135,-75.61964733,12388
18--8430,8/13/2018,9:40 PM,HIGHWAY 416 btwn HWY416 IC75A RAMP43 & HWY416 IC72 RAMP34 (__3ZAZLD),__3ZAZLD,01 - Non intersection,03 - P.D. only,07 - SMV other,01 - Clear,07 - Dark,01 - Dry,10 - No control,,1,0,0,0,,0,,,,,359218.3731,5020321.678,45.32073598,-75.80586898,12389
18--8431,8/13/2018,9:54 PM,BOOTH ST @ GLADSTONE AVE (0002211),2211,03 - At intersection,03 - P.D. only,05 - Turning movement,01 - Clear,07 - Dark,01 - Dry,01 - Traffic signal,01 - Functioning,2,0,0,0,,0,,,,,366768.7052,5029850.562,45.40584904,-75.70837481,12390
18--8432,8/14/2018,1:09 PM,HWY417 IC155 RAMP25 btwn MARCH RD & HIGHWAY 417 (__3ZAY48),__3ZAY48,01 - Non intersection,03 - P.D. only,07 - SMV other,01 - Clear,01 - Daylight,01 - Dry,10 - No control,,1,0,0,0,,0,,,,,339208.5685,5019003.864,45.31014363,-76.06118493,12391
18--8433,8/14/2018,1:47 PM,LANCASTER RD @ WALKLEY RD (0003130),3130,02 - Intersection related,03 - P.D. only,03 - Rear end,01 - Clear,01 - Daylight,01 - Dry,01 - Traffic signal,01 - Functioning,2,0,0,0,,0,,,,,374908.8439,5028602.493,45.39385157,-75.60457726,12392
18--8434,8/14/2018,10:30 AM,HWY 417 ST.LAURE IC115R25 @ ST. LAURENT BLVD (0002258),2258,02 - Intersection related,03 - P.D. only,03 - Rear end,01 - Clear,01 - Daylight,01 - Dry,10 - No control,,2,0,0,0,,0,,,,,372578.7141,5031284.57,45.41821312,-75.63396526,12393
18--8435,8/14/2018,11:04 AM,FITZGERALD RD btwn ROBERTSON RD & MOODIE DR (__3ZA5ZV),__3ZA5ZV,04 - At/near private drive,03 - P.D. only,02 - Angle,01 - Clear,01 - Daylight,01 - Dry,10 - No control,,2,0,0,0,,0,,,,,356884.652,5020796.48,45.32518532,-75.83558465,12394
18--8436,8/14/2018,11:36 PM,BASELINE RD @ MERIVALE RD (0002342),2342,03 - At intersection,03 - P.D. only,07 - SMV other,01 - Clear,07 - Dark,01 - Dry,01 - Traffic signal,01 - Functioning,1,0,0,0,,0,,,,,365054.6241,5025325.579,45.36528378,-75.73082187,12395
18--8437,8/14/2018,12:41 PM,BESSERER ST @ DALHOUSIE ST (0011452),11452,03 - At intersection,03 - P.D. only,05 - Turning movement,01 - Clear,01 - Daylight,01 - Dry,01 - Traffic signal,01 - Functioning,2,0,0,0,,0,,,,,368252.7015,5032157.574,45.42647381,-75.68912219,12396
18--8438,8/14/2018,12:43 PM,HUNT CLUB RD @ RIVERSIDE DR (0002237),2237,02 - Intersection related,03 - P.D. only,03 - Rear end,01 - Clear,01 - Daylight,01 - Dry,01 - Traffic signal,01 - Functioning,2,0,0,0,,0,,,,,368036.703,5021945.499,45.33460788,-75.6931902,12397
18--8439,8/14/2018,12:43 PM,HOLLAND AVE @ WELLINGTON ST (0002364),2364,02 - Intersection related,03 - P.D. only,06 - SMV unattended vehicle,01 - Clear,01 - Daylight,01 - Dry,01 - Traffic signal,01 - Functioning,1,0,0,0,,0,,,,,364929.7013,5029153.554,45.39973791,-75.73195017,12398
18--844,1/15/2018,11:58 AM,PLACE D'ORLEANS @ CENTRUM BLVD/PLACE D'ORLEANS (0004167),4167,02 - Intersection related,03 - P.D. only,02 - Angle,01 - Clear,01 - Daylight,05 - Packed snow,01 - Traffic signal,01 - Functioning,2,0,0,0,,0,,,,,381964.7402,5038137.592,45.47889881,-75.5129783,12399
18--8440,8/14/2018,2:23 AM,HIGHWAY 417 btwn HWY417 IC124 RAMP57 & HWY417 IC124 RAMP55 (__3ZA2Y1),__3ZA2Y1,01 - Non intersection,03 - P.D. only,04 - Sideswipe,01 - Clear,07 - Dark,01 - Dry,10 - No control,,3,0,0,0,,0,,,,,364212.1294,5027222.566,45.38242449,-75.74134756,12400
18--8261,8/8/2018,2:25 PM,HIGHWAY 417 btwn Continuation of HIGHWAY 417 & HWY417 IC144 RAMP16 (__3ZA2Q6),__3ZA2Q6,01 - Non intersection,03 - P.D. only,07 - SMV other,01 - Clear,01 - Daylight,01 - Dry,10 - No control,,1,0,0,0,,0,,,,,347165.0671,5015653.385,45.27955991,-75.96000542,12401
18--8262,8/8/2018,2:56 PM,LEES AVE / GRAHAM AVE @ MAIN ST (0002252),2252,02 - Intersection related,03 - P.D. only,04 - Sideswipe,01 - Clear,01 - Daylight,01 - Dry,01 - Traffic signal,01 - Functioning,2,0,0,0,,0,,,,,369001.7068,5030560.571,45.4120362,-75.67975954,12402
18--8263,8/8/2018,3:00 PM,HIGHWAY 417 btwn HWY417 IC104 RAMP15 & HWY417 IC96 RAMP51 (__3ZA2W4),__3ZA2W4,01 - Non intersection,02 - Non-fatal injury,07 - SMV other,02 - Rain,01 - Daylight,02 - Wet,10 - No control,,1,0,0,0,02 - Minor,1,,1,,,384764.6155,5025035.219,45.36070002,-75.4792969,12403
18--8264,8/8/2018,3:06 AM,LEITRIM RD btwn LIMEBANK RD & HIGH RD (__3ZBOEL),__3ZBOEL,01 - Non intersection,03 - P.D. only,07 - SMV other,01 - Clear,07 - Dark,01 - Dry,10 - No control,,1,0,0,0,,0,,,,,369613.556,5018032.394,45.29925472,-75.67358588,12404
18--8265,8/8/2018,3:35 PM,HIGHWAY 417 btwn HWY417 IC110 RAMP55 & HWY417 IC104 RAMP51 (__3ZA2W8),__3ZA2W8,01 - Non intersection,03 - P.D. only,03 - Rear end,02 - Rain,01 - Daylight,02 - Wet,10 - No control,,2,0,0,0,,0,,,,,378988.4182,5026139.83,45.37127371,-75.55285042,12405
18--8081,8/1/2018,5:00 PM,PINECREST RD @ QUEENSVIEW DR (0002739),2739,03 - At intersection,03 - P.D. only,01 - Approaching,01 - Clear,01 - Daylight,01 - Dry,01 - Traffic signal,01 - Functioning,2,0,0,0,,0,,,,,360346.6798,5023783.506,45.35179715,-75.79108943,12406
18--8266,8/8/2018,3:48 PM,MERIVALE RD @ ROSSLAND AVE (0001757),1757,02 - Intersection related,02 - Non-fatal injury,03 - Rear end,01 - Clear,01 - Daylight,01 - Dry,02 - Stop sign,01 - Functioning,2,0,0,0,02 - Minor,1,,1,,,364673.6965,5024151.515,45.35475237,-75.73582638,12407
18--8267,8/8/2018,3:51 PM,PERRY ST btwn MEADOWLANDS DR W & LAIRD ST (__3ZAAUP),__3ZAAUP,04 - At/near private drive,03 - P.D. only,06 - SMV unattended vehicle,01 - Clear,01 - Daylight,01 - Dry,10 - No control,,1,0,0,0,,0,,,,,364452.9332,5023462.92,45.34857529,-75.73872683,12408
18--8268,8/8/2018,4:00 PM,HIGHWAY 417 btwn HWY417 IC118 RAMP57 & HWY417 IC118 RAMP35 (__3ZA2YQ),__3ZA2YQ,01 - Non intersection,03 - P.D. only,03 - Rear end,01 - Clear,01 - Daylight,01 - Dry,10 - No control,,2,0,0,0,,0,,,,,369427.6189,5031018.68,45.4161189,-75.67425858,12409
18--8269,8/8/2018,4:10 PM,PRINCE OF WALES DR @ STRANDHERD DR (0013339),13339,02 - Intersection related,03 - P.D. only,04 - Sideswipe,02 - Rain,01 - Daylight,02 - Wet,01 - Traffic signal,01 - Functioning,2,0,0,0,,0,,,,,367175.2898,5014824.192,45.27060833,-75.70507555,12410
18--827,1/14/2018,7:48 PM,FALLOWFIELD RD @ HOLITMAN DR (0010371),10371,02 - Intersection related,03 - P.D. only,04 - Sideswipe,01 - Clear,07 - Dark,04 - Slush,02 - Stop sign,01 - Functioning,2,0,0,0,,0,,,,,363742.6857,5017134.444,45.29169207,-75.74854315,12411
18--8270,8/8/2018,4:22 PM,ALBION RD @ MITCH OWENS RD (0004212),4212,02 - Intersection related,03 - P.D. only,03 - Rear end,01 - Clear,01 - Daylight,01 - Dry,01 - Traffic signal,01 - Functioning,3,0,0,0,,0,,,,,375906.7536,5014804.45,45.26960207,-75.59381579,12412
18--8271,8/8/2018,5:01 PM,GREENBANK RD @ STRANDHERD DR (0005563),5563,02 - Intersection related,03 - P.D. only,03 - Rear end,02 - Rain,01 - Daylight,02 - Wet,01 - Traffic signal,01 - Functioning,2,0,0,0,,0,,,,,363933.6837,5014784.417,45.27053048,-75.74638834,12413
18--8272,8/8/2018,5:18 PM,DONALD ST @ VANIER PKWY (0007644),7644,03 - At intersection,03 - P.D. only,05 - Turning movement,01 - Clear,01 - Daylight,01 - Dry,01 - Traffic signal,01 - Functioning,2,0,0,0,,0,,,,,370311.7132,5032270.586,45.42730083,-75.66279732,12414
18--8273,8/8/2018,5:27 PM,KING EDWARD AVE @ OSGOODE ST/THOMAS MORE PRIV (0007750),7750,02 - Intersection related,03 - P.D. only,04 - Sideswipe,01 - Clear,01 - Daylight,01 - Dry,01 - Traffic signal,01 - Functioning,2,0,0,0,,0,,,,,368849.7582,5031852.712,45.42367635,-75.68153267,12415
18--8274,8/8/2018,5:40 PM,DALEWOOD CRES btwn HEATHROW PRIV & MOREL PRIV (__7NJKNB),__7NJKNB,01 - Non intersection,03 - P.D. only,06 - SMV unattended vehicle,02 - Rain,01 - Daylight,02 - Wet,10 - No control,,1,0,0,0,,0,,,,,350805.0321,5011657.244,45.2433725,-75.91398201,12416
18--8275,8/8/2018,6:15 PM,HIGHWAY 417 btwn HWY417 IC123 RAMP62 & HWY417 IC122 RAMP16 (__3ZA2R9),__3ZA2R9,01 - Non intersection,02 - Non-fatal injury,03 - Rear end,01 - Clear,01 - Daylight,01 - Dry,10 - No control,,2,0,0,0,01 - Minimal,1,1,,,,364970.3783,5028426.097,45.39318891,-75.73151937,12417
18--8276,8/8/2018,6:30 PM,HIGHWAY 417 btwn HWY417 IC117 RAMP51 & HWY417 IC117 RAMP35 (__3ZA2YN),__3ZA2YN,01 - Non intersection,03 - P.D. only,04 - Sideswipe,02 - Rain,01 - Daylight,02 - Wet,10 - No control,,2,0,0,0,,0,,,,,370472.7019,5031138.727,45.41710173,-75.66089108,12418
18--8277,8/8/2018,6:36 PM,GLADSTONE AVE @ LEBRETON ST (0005746),5746,03 - At intersection,02 - Non-fatal injury,02 - Angle,01 - Clear,01 - Daylight,01 - Dry,02 - Stop sign,01 - Functioning,2,0,0,0,01 - Minimal,1,1,,,,366855.7007,5029922.569,45.40648923,-75.70725452,12419
18--8278,8/8/2018,6:56 AM,STITTSVILLE MAIN ST/HUNTLEY RD @ FLEWELLYN RD (0004602),4602,03 - At intersection,02 - Non-fatal injury,02 - Angle,01 - Clear,01 - Daylight,01 - Dry,02 - Stop sign,01 - Functioning,3,0,0,0,02 - Minor,1,,1,,,351416.596,5010740.397,45.23508214,-75.90627818,12420
18--8279,8/8/2018,7:07 PM,NORTH RIVER RD btwn MONTREAL RD & SELKIRK ST (__3ZBOF1),__3ZBOF1,01 - Non intersection,03 - P.D. only,05 - Turning movement,01 - Clear,01 - Daylight,01 - Dry,10 - No control,,2,0,0,0,,0,,,,,369755.1267,5032839.078,45.4324678,-75.66983444,12421
18--828,1/14/2018,8:21 AM,RUSSELL RD S @ ST. LAURENT BLVD (0007734),7734,03 - At intersection,03 - P.D. only,02 - Angle,01 - Clear,01 - Daylight,04 - Slush,01 - Traffic signal,01 - Functioning,2,0,0,0,,0,,,,,373571.2596,5029259.82,45.39989853,-75.62156707,12422
18--8280,8/8/2018,7:17 PM,OXALIS CRES btwn PONDEROSA ST & PONDEROSA ST (e___2HY0),e___2HY0,01 - Non intersection,03 - P.D. only,06 - SMV unattended vehicle,01 - Clear,05 - Dusk,01 - Dry,10 - No control,,1,0,0,0,,0,,,,,352551.0289,5016139.517,45.28358907,-75.89131165,12423
18--8281,8/8/2018,7:31 PM,MITCH OWENS RD/BRIDGE ST @ RIVER RD (0003573),3573,03 - At intersection,03 - P.D. only,07 - SMV other,01 - Clear,01 - Daylight,01 - Dry,01 - Traffic signal,01 - Functioning,1,0,0,0,,0,,,,,369499.7074,5010770.4,45.23392273,-75.67598335,12424
18--8282,8/8/2018,8:58 AM,RAYMOND ST btwn HWY417 IC121A RAMP16 & BRONSON AVE (__3ZA890),__3ZA890,01 - Non intersection,03 - P.D. only,03 - Rear end,01 - Clear,01 - Daylight,01 - Dry,10 - No control,,2,0,0,0,,0,,,,,367204.6655,5029780.893,45.40518344,-75.70281495,12425
18--8283,8/8/2018,9:13 PM,LEITRIM RD @ ALBION RD (0012479),12479,03 - At intersection,03 - P.D. only,02 - Angle,02 - Rain,07 - Dark,02 - Wet,01 - Traffic signal,01 - Functioning,2,0,0,0,,0,,,,,373497.5853,5020419.261,45.32036195,-75.6237368,12426
18--8284,8/8/2018,9:14 AM,ALBERT ST @ LYON ST (0002208),2208,02 - Intersection related,03 - P.D. only,99 - Other,01 - Clear,01 - Daylight,01 - Dry,01 - Traffic signal,01 - Functioning,2,0,0,0,,0,,,,,367062.7003,5031219.584,45.41814101,-75.70444657,12427
18--8285,8/8/2018,9:20 PM,CARLING AVE EB btwn EDGEWORTH AVE & FOX CRES (__3ZA4V0),__3ZA4V0,01 - Non intersection,03 - P.D. only,04 - Sideswipe,01 - Clear,07 - Dark,01 - Dry,10 - No control,,2,0,0,0,,0,,,,,361276.5654,5025417.26,45.36642331,-75.77903609,12428
18--8286,8/8/2018,9:50 AM,SHAREL DR btwn ILLINOIS AVE & CONNECTICUT AVE (__3ZA87A),__3ZA87A,04 - At/near private drive,03 - P.D. only,06 - SMV unattended vehicle,01 - Clear,01 - Daylight,01 - Dry,10 - No control,,1,0,0,0,,0,,,,,372085.2894,5027485.278,45.38407632,-75.64078756,12429
18--8287,8/8/2018,9:52 AM,BRONSON AVE @ FIFTH AVE/MADAWASKA DR (0006977),6977,03 - At intersection,03 - P.D. only,03 - Rear end,01 - Clear,01 - Daylight,01 - Dry,01 - Traffic signal,01 - Functioning,2,0,0,0,,0,,,,,367613.7123,5028938.554,45.39756774,-75.6976974,12430
18--8288,8/9/2018,1:04 PM,BRIAN COBURN BLVD @ NAVAN RD (0017228),17228,02 - Intersection related,03 - P.D. only,01 - Approaching,01 - Clear,01 - Daylight,01 - Dry,11 - Roundabout,01 - Functioning,2,0,0,0,,0,,,,,381168.997,5032906.816,45.43192398,-75.52396751,12431
18--8289,8/9/2018,1:16 PM,HARDING RD @ WALKLEY RD (0007652),7652,03 - At intersection,02 - Non-fatal injury,05 - Turning movement,01 - Clear,01 - Daylight,01 - Dry,01 - Traffic signal,01 - Functioning,2,0,0,0,02 - Minor,3,,3,,,373148.7305,5027608.535,45.38508238,-75.62719225,12432
18--829,1/14/2018,8:24 AM,RIVERSIDE DR @ TREMBLAY RD/HWY417 IC117 RAMP52 (0010790),10790,02 - Intersection related,03 - P.D. only,03 - Rear end,01 - Clear,01 - Daylight,06 - Ice,01 - Traffic signal,01 - Functioning,2,0,0,0,,0,,,,,370802.0781,5031015.907,45.41596565,-75.6566995,12433
18--8290,8/9/2018,1:20 PM,MONTREAL RD btwn BURMA RD & MONTREAL RD (__3ZA2D6),__3ZA2D6,01 - Non intersection,03 - P.D. only,03 - Rear end,01 - Clear,01 - Daylight,01 - Dry,10 - No control,,2,0,0,0,,0,,,,,373424.4206,5034499.29,45.44705508,-75.62271256,12434
18--8291,8/9/2018,1:54 PM,INDUSTRIAL AVE/INNES RD @ ST. LAURENT BLVD (0002203),2203,02 - Intersection related,02 - Non-fatal injury,03 - Rear end,01 - Clear,01 - Daylight,01 - Dry,01 - Traffic signal,01 - Functioning,2,0,0,0,02 - Minor,1,,1,,,373099.7277,5030005.566,45.40665457,-75.62748607,12435
18--8292,8/9/2018,10:03 AM,PRINCE OF WALES DR @ STRANDHERD DR (0013339),13339,02 - Intersection related,03 - P.D. only,03 - Rear end,01 - Clear,01 - Daylight,01 - Dry,01 - Traffic signal,01 - Functioning,2,0,0,0,,0,,,,,367175.2895,5014824.191,45.27060832,-75.70507555,12436
18--8293,8/9/2018,10:30 AM,RIVERSIDE DR btwn HERON RD & RIVERSIDE DR RAMP 34 (__5FDVSE),__5FDVSE,01 - Non intersection,03 - P.D. only,04 - Sideswipe,01 - Clear,01 - Daylight,01 - Dry,10 - No control,,2,0,0,0,,0,,,,,368112.3859,5026747.117,45.3778049,-75.69160974,12437
18--8294,8/9/2018,10:30 AM,KIRKWOOD AVE @ WOODWARD AVE (0006312),6312,02 - Intersection related,03 - P.D. only,04 - Sideswipe,01 - Clear,01 - Daylight,01 - Dry,02 - Stop sign,01 - Functioning,2,0,0,0,,0,,,,,364586.7033,5026902.537,45.37951306,-75.73660368,12438
18--8295,8/9/2018,10:39 AM,HIGHWAY 417 btwn HWY417 IC122 RAMP16 & HWY417 IC122 RAMP61 (__3ZA2RA),__3ZA2RA,01 - Non intersection,03 - P.D. only,07 - SMV other,01 - Clear,01 - Daylight,01 - Dry,10 - No control,,1,0,0,0,,0,,,,,365610.9649,5029084.845,45.39906084,-75.72325751,12439
18--8296,8/9/2018,11:15 AM,CARLING AVE @ BROADVIEW AVE (0006707),6707,02 - Intersection related,03 - P.D. only,04 - Sideswipe,01 - Clear,01 - Daylight,01 - Dry,01 - Traffic signal,01 - Functioning,2,0,0,0,,0,,,,,363180.6869,5026638.542,45.37725624,-75.7545863,12440
18--8297,8/9/2018,11:22 AM,RIVERSIDE DR @ SMYTH RD NORTH SIDE RAMP (0011479),11479,02 - Intersection related,03 - P.D. only,05 - Turning movement,01 - Clear,01 - Daylight,01 - Dry,01 - Traffic signal,01 - Functioning,2,0,0,0,,0,,,,,369937.5658,5029316.745,45.40075823,-75.66796859,12441
18--8298,8/9/2018,11:51 AM,MEADOWLANDS DR @ ROWLEY AVE (0001755),1755,02 - Intersection related,02 - Non-fatal injury,03 - Rear end,01 - Clear,01 - Daylight,01 - Dry,02 - Stop sign,01 - Functioning,2,0,0,0,01 - Minimal,1,1,,,,364323.4619,5023428.508,45.34827666,-75.7403831,12442
18--8299,8/9/2018,11:55 AM,KING EDWARD AVE @ ST. PATRICK ST (0002714),2714,03 - At intersection,02 - Non-fatal injury,05 - Turning movement,01 - Clear,01 - Daylight,01 - Dry,01 - Traffic signal,01 - Functioning,2,1,0,0,01 - Minimal,1,1,,,,368248.7015,5032823.589,45.43246674,-75.68908749,12443
18--83,1/2/2018,12:45 PM,CARLING AVE @ BEDALE DR (0000512),512,03 - At intersection,02 - Non-fatal injury,02 - Angle,01 - Clear,01 - Daylight,05 - Packed snow,01 - Traffic signal,01 - Functioning,2,0,0,0,02 - Minor,1,,1,,,357223.4582,5023713.767,45.35141007,-75.83095391,12444
18--830,1/14/2018,8:26 PM,CARLING AVE WB btwn HWY417 IC124 RAMP76 & KIRKWOOD AVE (__3ZBOD8),__3ZBOD8,01 - Non intersection,03 - P.D. only,04 - Sideswipe,01 - Clear,07 - Dark,02 - Wet,10 - No control,,2,0,0,0,,0,,,,,364197.5189,5027432.972,45.38431893,-75.74150879,12445
18--8300,8/9/2018,Unknown,KARSH DR btwn SOUTHLAND CRES & TOPLEY CRES (__3ZA8N7),__3ZA8N7,01 - Non intersection,03 - P.D. only,06 - SMV unattended vehicle,01 - Clear,00 - Unknown,01 - Dry,10 - No control,,1,0,0,0,,0,,,,,373800.8215,5026209.834,45.37243355,-75.61906154,12446
18--8301,8/9/2018,12:40 PM,ELGIN ST @ SPARKS ST W (0006451),6451,02 - Intersection related,02 - Non-fatal injury,04 - Sideswipe,01 - Clear,01 - Daylight,01 - Dry,13 - MPS,01 - Functioning,2,1,0,0,01 - Minimal,1,1,,,,367739.7313,5031829.541,45.42356862,-75.69571883,12447
18--8302,8/9/2018,12:52 PM,CARP RD @ WESTBROOK RD (0001681),1681,02 - Intersection related,03 - P.D. only,03 - Rear end,01 - Clear,01 - Daylight,01 - Dry,01 - Traffic signal,01 - Functioning,3,0,0,0,,0,,,,,347737.5648,5015442.441,45.27762702,-75.95272682,12448
18--8303,8/9/2018,2:39 PM,GRAVELLE CRES @ INNES RD W (0003645),3645,02 - Intersection related,03 - P.D. only,03 - Rear end,01 - Clear,01 - Daylight,01 - Dry,02 - Stop sign,01 - Functioning,2,0,0,0,,0,,,,,377462.7329,5032534.561,45.42896958,-75.57138386,12449
18--8304,8/9/2018,3:04 PM,KILBORN AVE @ ROONEY'S LANE (0002412),2412,02 - Intersection related,02 - Non-fatal injury,03 - Rear end,01 - Clear,01 - Daylight,01 - Dry,02 - Stop sign,01 - Functioning,2,0,0,0,02 - Minor,1,,1,,,369725.7192,5027527.537,45.38467922,-75.67090976,12450
18--8305,8/9/2018,3:20 PM,HIGHWAY 417 btwn HWY417 IC118 RAMP57 & HWY417 IC118 RAMP35 (__3ZA2YQ),__3ZA2YQ,01 - Non intersection,03 - P.D. only,03 - Rear end,01 - Clear,01 - Daylight,01 - Dry,10 - No control,,3,0,0,0,,0,,,,,369205.23,5030869.076,45.41479332,-75.67711928,12451
18--8306,8/9/2018,3:34 PM,MOODIE DR @ 200 N OF ROBERTSON RD (0010382),10382,02 - Intersection related,03 - P.D. only,03 - Rear end,01 - Clear,01 - Daylight,01 - Dry,01 - Traffic signal,01 - Functioning,2,0,0,0,,0,,,,,356987.6489,5020641.485,45.32378301,-75.8342872,12452
18--8307,8/9/2018,3:45 PM,QUEEN ELIZABETH DRWY @ TORRINGTON PL (0007554),7554,03 - At intersection,03 - P.D. only,02 - Angle,01 - Clear,01 - Daylight,01 - Dry,02 - Stop sign,01 - Functioning,2,0,0,0,,0,,,,,367984.7286,5028613.174,45.39460668,-75.69300066,12453
18--8308,8/9/2018,3:51 PM,ROBERTSON RD @ VANIER RD (0000640),640,03 - At intersection,02 - Non-fatal injury,07 - SMV other,01 - Clear,01 - Daylight,01 - Dry,01 - Traffic signal,01 - Functioning,1,0,0,0,01 - Minimal,1,1,,,,357395.6541,5020645.484,45.32378854,-75.82908257,12454
18--8309,8/9/2018,3:53 PM,FALLINGWATER CIRC btwn Continuation of FALLINGWATER CIRC & Continuatio (__61W6S6),__61W6S6,01 - Non intersection,03 - P.D. only,99 - Other,01 - Clear,01 - Daylight,01 - Dry,10 - No control,,2,0,0,0,,0,,,,,364301.9759,5012844.846,45.25304711,-75.74192746,12455
18--831,1/14/2018,8:35 AM,SAUNDERSON DR @ WINGATE DR (0008362),8362,03 - At intersection,03 - P.D. only,02 - Angle,01 - Clear,01 - Daylight,05 - Packed snow,02 - Stop sign,01 - Functioning,2,0,0,0,,0,,,,,373053.0769,5029059.849,45.39814999,-75.62821285,12456
18--8310,8/9/2018,4:03 PM,BARNSDALE RD @ PRINCE OF WALES DR (0001082),1082,03 - At intersection,03 - P.D. only,02 - Angle,01 - Clear,01 - Daylight,01 - Dry,02 - Stop sign,01 - Functioning,2,0,0,0,,0,,,,,366646.6964,5011532.413,45.24103569,-75.71222108,12457
18--8311,8/9/2018,4:30 PM,GEORGE ST btwn SUSSEX DR & 26 W OF BYWARD MARKET/FREIMAN MALL (__3ZA40PA),__3ZA40PA,01 - Non intersection,03 - P.D. only,06 - SMV unattended vehicle,01 - Clear,01 - Daylight,01 - Dry,10 - No control,,1,0,0,0,,0,,,,,367909.0524,5032156.205,45.42649258,-75.6935135,12458
18--8312,8/9/2018,4:45 PM,QUINPOOL CRES btwn SYCAMORE DR & SYCAMORE DR (__3ZABN2),__3ZABN2,04 - At/near private drive,03 - P.D. only,02 - Angle,01 - Clear,01 - Daylight,01 - Dry,10 - No control,,2,0,0,0,,0,,,,,357876.5283,5019945.921,45.31745761,-75.82302387,12459
18--8313,8/9/2018,5:26 PM,HIGHWAY 417 btwn HWY417 IC122 RAMP15 & HWY417 IC121B RAMP51 (__3ZA2RB),__3ZA2RB,01 - Non intersection,03 - P.D. only,04 - Sideswipe,01 - Clear,01 - Daylight,01 - Dry,10 - No control,,2,0,0,0,,0,,,,,366572.2466,5029512.29,45.40282272,-75.71092662,12460