Anom_ID,Accident_Date,Accident_Time,Location,Geo_ID,Accident_Location,Classification_of_Accident,Initial_Impact_Type,Environment_Condition,Light,Road_Surface_Condition,Traffic_Control,Traffic_Control_Condition,No__of_Vehicles,No__of_Bicycles,No__of_Motorcycles,No__of_Pedestrians,Max_Injury,No__of_Injuries,No__of_Minimal,No__of_Minor,No__of_Major,No__of_Fatal,X,Y,Latitude,Longitude,ObjectId
18--8314,8/9/2018,5:30 PM,CARP RD @ HAZELDEAN RD (0000086),86,03 - At intersection,03 - P.D. only,03 - Rear end,02 - Rain,01 - Daylight,02 - Wet,01 - Traffic signal,01 - Functioning,2,0,0,0,,0,,,,,348804.5757,5014360.436,45.26782478,-75.93922346,12461
18--8315,8/9/2018,5:32 PM,INNES RD btwn HWY417 IC112 RAMP66 & CYRVILLE RD (__3ZA3RCB),__3ZA3RCB,01 - Non intersection,02 - Non-fatal injury,03 - Rear end,01 - Clear,01 - Daylight,01 - Dry,10 - No control,,2,0,0,0,01 - Minimal,1,1,,,,374969.6734,5031065.727,45.41600838,-75.60344992,12462
18--8316,8/9/2018,5:46 PM,NEIL AVE @ CARP RD (0000088),88,02 - Intersection related,03 - P.D. only,03 - Rear end,02 - Rain,01 - Daylight,02 - Wet,02 - Stop sign,01 - Functioning,3,0,0,0,,0,,,,,349014.3078,5014324.333,45.26748676,-75.93655406,12463
18--8317,8/9/2018,5:55 PM,PRINCE OF WALES DR @ WEST HUNT CLUB RD (0000567),567,02 - Intersection related,02 - Non-fatal injury,03 - Rear end,01 - Clear,01 - Daylight,01 - Dry,01 - Traffic signal,01 - Functioning,3,0,0,0,02 - Minor,4,,4,,,367458.7099,5021891.503,45.33417389,-75.70057068,12464
18--8318,8/9/2018,6:13 PM,FLOWER AVE @ WOODROFFE AVE (0002757),2757,02 - Intersection related,03 - P.D. only,03 - Rear end,01 - Clear,01 - Daylight,01 - Dry,02 - Stop sign,01 - Functioning,2,0,0,0,,0,,,,,361811.6805,5026115.531,45.37266297,-75.77212493,12465
18--8319,8/9/2018,6:26 PM,PRESTON ST btwn SOMERSET ST W & ECCLES ST (__3ZA32V),__3ZA32V,04 - At/near private drive,03 - P.D. only,07 - SMV other,01 - Clear,01 - Daylight,01 - Dry,10 - No control,,1,0,0,0,,0,,,,,366308.6675,5030125.327,45.40836188,-75.71421677,12466
18--832,1/14/2018,9:32 PM,ANDERSON RD btwn INNES RD & DESJARDINS ST (__3ZBOG0),__3ZBOG0,01 - Non intersection,03 - P.D. only,07 - SMV other,01 - Clear,07 - Dark,01 - Dry,10 - No control,,1,0,0,0,,0,,,,,376647.7394,5031609.825,45.42073356,-75.58193285,12467
18--8320,8/9/2018,6:45 PM,ORLEANS BLVD btwn DES GRANDS CHAMPS & BLUE WILLOW CRES (__30XH7C),__30XH7C,01 - Non intersection,03 - P.D. only,99 - Other,01 - Clear,01 - Daylight,01 - Dry,10 - No control,,2,0,0,0,,0,,,,,380813.7608,5033369.538,45.43612591,-75.5284355,12468
18--8321,8/9/2018,7:15 PM,BLAIR RD @ INNES RD (0004165),4165,02 - Intersection related,03 - P.D. only,03 - Rear end,01 - Clear,01 - Daylight,01 - Dry,01 - Traffic signal,01 - Functioning,2,0,0,0,,0,,,,,375578.7347,5031439.555,45.41931053,-75.59561528,12469
18--8322,8/9/2018,8:00 AM,OTTAWA RIVER PKWY EB btwn TUNNEY'S PASTURE/REMIC RAPIDS ENT & ISLAND P (__3ZA24JA),__3ZA24JA,01 - Non intersection,03 - P.D. only,03 - Rear end,01 - Clear,01 - Daylight,01 - Dry,10 - No control,,2,0,0,0,,0,,,,,364284.2375,5030198.539,45.40919561,-75.74006803,12470
18--8323,8/9/2018,8:30 AM,ULLSWATER DR btwn CARLING AVE & ELTERWATER AVE (__3ZACKB),__3ZACKB,01 - Non intersection,03 - P.D. only,01 - Approaching,01 - Clear,01 - Daylight,01 - Dry,10 - No control,,2,0,0,0,,0,,,,,356514.282,5023714.952,45.35147339,-75.84000393,12471
18--8324,8/9/2018,8:35 AM,HIGHWAY 417 btwn HWY417 IC124 RAMP67 & HWY417 IC123 RAMP62 (__3ZA2YZ),__3ZA2YZ,01 - Non intersection,03 - P.D. only,07 - SMV other,01 - Clear,01 - Daylight,01 - Dry,10 - No control,,1,0,0,0,,0,,,,,364660.7639,5027863.405,45.38815245,-75.73554159,12472
18--8325,8/9/2018,8:42 AM,CRESTHAVEN DR btwn GROVEMONT DR & HARBOUR VIEW ST (__44Z9X1),__44Z9X1,01 - Non intersection,03 - P.D. only,06 - SMV unattended vehicle,01 - Clear,01 - Daylight,01 - Dry,10 - No control,,1,0,0,0,,0,,,,,366579.8398,5014886.459,45.27122117,-75.71265562,12473
18--8326,8/9/2018,9:00 PM,KENT ST @ LAURIER AVE (0002222),2222,03 - At intersection,03 - P.D. only,02 - Angle,01 - Clear,07 - Dark,01 - Dry,01 - Traffic signal,01 - Functioning,2,0,0,0,,0,,,,,367316.699,5031164.589,45.41762353,-75.70120843,12474
18--8327,8/9/2018,9:12 AM,TERRY FOX DR btwn COPE DR & TRANS CANADA TRAIL (__355BDZB),__355BDZB,01 - Non intersection,02 - Non-fatal injury,03 - Rear end,01 - Clear,01 - Daylight,01 - Dry,10 - No control,,3,0,0,0,02 - Minor,1,,1,,,353445.3296,5015773.025,45.28022996,-75.87994847,12475
18--8328,8/9/2018,9:19 AM,MARCH RD @ SOLANDT RD (0003172),3172,02 - Intersection related,02 - Non-fatal injury,05 - Turning movement,01 - Clear,01 - Daylight,01 - Dry,01 - Traffic signal,01 - Functioning,2,0,0,0,02 - Minor,1,,1,,,350489.6082,5022710.503,45.34285355,-75.91698148,12476
18--8329,8/9/2018,9:30 PM,BANK ST @ JOHNSTON RD (0006967),6967,03 - At intersection,03 - P.D. only,05 - Turning movement,01 - Clear,07 - Dark,01 - Dry,01 - Traffic signal,01 - Functioning,2,0,0,0,,0,,,,,370851.7307,5024839.529,45.36038817,-75.6568918,12477
18--833,1/14/2018,9:52 AM,LORRY GREENBERG DR btwn ZAIDAN DR & SIREN PRIV (__3ZBN0Z),__3ZBN0Z,04 - At/near private drive,03 - P.D. only,02 - Angle,01 - Clear,01 - Daylight,04 - Slush,10 - No control,,2,0,0,0,,0,,,,,372815.4208,5025386.427,45.36512119,-75.63175413,12478
18--8330,8/9/2018,9:30 PM,HIGHWAY 417 btwn HWY417 IC110 RAMP64 & HWY417 IC104 RAMP16 (__3ZA2W9),__3ZA2W9,01 - Non intersection,03 - P.D. only,03 - Rear end,01 - Clear,07 - Dark,01 - Dry,10 - No control,,2,0,0,0,,0,,,,,378460.3594,5026323.492,45.3729819,-75.55956374,12479
18--8331,8/10/2018,1:22 PM,MACKENZIE KING BR/WALLER ST @ NICHOLAS ST/WALL (0011251),11251,02 - Intersection related,03 - P.D. only,04 - Sideswipe,01 - Clear,01 - Daylight,01 - Dry,01 - Traffic signal,01 - Functioning,2,0,0,0,,0,,,,,368372.0676,5031992.621,45.42497878,-75.68761822,12480
18--8332,8/10/2018,1:25 PM,HUNTMAR DR @ MAPLE GROVE RD (0003119),3119,03 - At intersection,03 - P.D. only,03 - Rear end,01 - Clear,01 - Daylight,01 - Dry,11 - Roundabout,01 - Functioning,2,0,0,0,,0,,,,,350267.6053,5016713.454,45.28890494,-75.92036461,12481
18--8333,8/10/2018,1:58 PM,HAIG DR @ SMYTH RD (0007736),7736,03 - At intersection,02 - Non-fatal injury,02 - Angle,01 - Clear,01 - Daylight,01 - Dry,01 - Traffic signal,01 - Functioning,2,0,0,0,02 - Minor,2,,2,,,372564.7247,5029298.548,45.40034514,-75.63441699,12482
18--8334,8/10/2018,10:38 AM,ROBERTLEE DR btwn DONALD B. MUNRO DR & GLENNCASTLE DR (__3ZAC9U),__3ZAC9U,04 - At/near private drive,03 - P.D. only,06 - SMV unattended vehicle,01 - Clear,01 - Daylight,01 - Dry,10 - No control,,1,0,0,0,,0,,,,,342093.7383,5023016.211,45.34610103,-76.02408911,12483
18--8335,8/10/2018,10:46 PM,PINECREST RD @ RICHMOND RD (0002353),2353,03 - At intersection,03 - P.D. only,05 - Turning movement,01 - Clear,07 - Dark,01 - Dry,01 - Traffic signal,01 - Functioning,2,0,0,0,,0,,,,,360072.6708,5024471.513,45.35800948,-75.79450927,12484
18--8336,8/10/2018,10:49 PM,CAMPEAU DR @ TERON RD/COLCHESTER SQ (0009033),9033,03 - At intersection,03 - P.D. only,05 - Turning movement,01 - Clear,07 - Dark,01 - Dry,01 - Traffic signal,01 - Functioning,2,0,0,0,,0,,,,,352563.7518,5020467.524,45.32253264,-75.89073247,12485
18--8337,8/10/2018,11:00 AM,FERNBANK RD @ SHEA RD (0000399),399,03 - At intersection,03 - P.D. only,02 - Angle,01 - Clear,01 - Daylight,01 - Dry,11 - Roundabout,01 - Functioning,2,0,0,0,,0,,,,,352116.35,5013181.686,45.25700301,-75.89713408,12486
18--8338,8/10/2018,11:16 AM,PARKDALE AVE @ WELLINGTON ST (0002260),2260,02 - Intersection related,03 - P.D. only,05 - Turning movement,01 - Clear,01 - Daylight,01 - Dry,01 - Traffic signal,01 - Functioning,2,0,0,0,,0,,,,,365149.7003,5029270.556,45.40077174,-75.72912602,12487
18--8339,8/10/2018,11:30 PM,ANDERSON RD @ DOLMAN RIDGE RD (0004147),4147,03 - At intersection,03 - P.D. only,07 - SMV other,01 - Clear,07 - Dark,01 - Dry,02 - Stop sign,01 - Functioning,1,0,0,0,,0,,,,,378311.7495,5030274.542,45.40854667,-75.56087222,12488
18--834,1/15/2018,1:05 PM,HIGHWAY 417 btwn Continuation of HIGHWAY 417 & HWY417 IC134 RAMP51 (__3ZA29B),__3ZA29B,01 - Non intersection,03 - P.D. only,07 - SMV other,01 - Clear,01 - Daylight,01 - Dry,10 - No control,,1,0,0,0,,0,,,,,354880.1876,5021339.048,45.3302133,-75.861098,12489
18--8340,8/10/2018,11:40 AM,MONTREAL RD btwn AVIATION PKWY & DEN HAAG DR/LANG'S RD (__3ZA2CGB),__3ZA2CGB,01 - Non intersection,03 - P.D. only,04 - Sideswipe,01 - Clear,01 - Daylight,01 - Dry,10 - No control,,2,0,0,0,,0,,,,,372377.0389,5034217.039,45.44461757,-75.6361394,12490
18--8341,8/10/2018,12:02 PM,GREENBANK RD @ JOCKVALE RD (0010360),10360,03 - At intersection,03 - P.D. only,03 - Rear end,01 - Clear,01 - Daylight,01 - Dry,01 - Traffic signal,01 - Functioning,2,0,0,0,,0,,,,,364121.6877,5014330.413,45.26642951,-75.74404682,12491
18--8342,8/10/2018,12:20 PM,MARCH RD @ TERON RD (0011926),11926,02 - Intersection related,03 - P.D. only,03 - Rear end,01 - Clear,01 - Daylight,01 - Dry,01 - Traffic signal,01 - Functioning,2,0,0,0,,0,,,,,351414.616,5021779.482,45.33441517,-75.90526634,12492
18--8343,8/10/2018,12:29 PM,HAZELDEAN RD @ TERRY FOX DR (0003682),3682,02 - Intersection related,03 - P.D. only,03 - Rear end,01 - Clear,01 - Daylight,01 - Dry,01 - Traffic signal,01 - Functioning,2,0,0,0,,0,,,,,352207.6106,5017242.45,45.2935368,-75.8955836,12493
18--8344,8/10/2018,12:41 PM,WALKLEY RD btwn HARDING RD & HALIFAX DR (__3ZA2EK),__3ZA2EK,01 - Non intersection,02 - Non-fatal injury,03 - Rear end,01 - Clear,01 - Daylight,01 - Dry,10 - No control,,2,0,0,0,01 - Minimal,1,1,,,,373297.2953,5027698.665,45.38587882,-75.6252828,12494
18--8345,8/10/2018,12:45 PM,HUNT CLUB RD btwn DAZE ST & TURN LANE (__5AFH5U),__5AFH5U,01 - Non intersection,03 - P.D. only,04 - Sideswipe,01 - Clear,01 - Daylight,01 - Dry,10 - No control,,2,0,0,0,,0,,,,,371469.418,5023956.644,45.35238579,-75.64912735,12495
18--8346,8/10/2018,2:59 PM,HIGHWAY 417 btwn HIGHWAY 417 & RAMP (1) (__3ZA272),__3ZA272,01 - Non intersection,03 - P.D. only,04 - Sideswipe,01 - Clear,01 - Daylight,01 - Dry,10 - No control,,2,0,0,0,,0,,,,,387430.1333,5023828.896,45.34953747,-75.44548039,12496
18--8347,8/10/2018,3:19 PM,BLAIR RD btwn OR174 IC112 RAMP15 & MEADOWBROOK RD (__3ZA2E1),__3ZA2E1,01 - Non intersection,02 - Non-fatal injury,04 - Sideswipe,01 - Clear,01 - Daylight,01 - Dry,10 - No control,,2,0,1,0,02 - Minor,1,,1,,,375099.3582,5032427.839,45.4282509,-75.60159878,12497
18--8348,8/10/2018,3:22 PM,YOUNG ST @ PRESTON ST (0006268),6268,02 - Intersection related,03 - P.D. only,04 - Sideswipe,01 - Clear,01 - Daylight,01 - Dry,02 - Stop sign,01 - Functioning,2,0,0,0,,0,,,,,366588.7024,5029487.557,45.40259873,-75.71071954,12498
18--8349,8/10/2018,3:30 PM,GREENBANK RD @ HARRISON ST/ASHGROVE CRES (0000627),627,03 - At intersection,03 - P.D. only,05 - Turning movement,01 - Clear,01 - Daylight,01 - Dry,01 - Traffic signal,01 - Functioning,2,0,0,0,,0,,,,,360839.6816,5022007.495,45.33577742,-75.78499922,12499
18--835,1/15/2018,1:11 PM,BRONSON AVE @ CATHERINE ST/RAYMOND ST (0007198),7198,02 - Intersection related,03 - P.D. only,04 - Sideswipe,01 - Clear,01 - Daylight,01 - Dry,01 - Traffic signal,01 - Functioning,2,0,0,0,,0,,,,,367252.7083,5029796.567,45.40532019,-75.7021993,12500
18--8350,8/10/2018,3:31 PM,JINKINSON RD btwn FERNBANK RD & HAZELDEAN RD (__7JQ7K3),__7JQ7K3,01 - Non intersection,02 - Non-fatal injury,07 - SMV other,01 - Clear,01 - Daylight,01 - Dry,10 - No control,,1,0,1,0,02 - Minor,2,1,1,,,345315.9926,5009500.845,45.22430551,-75.98407466,12501
18--8082,8/1/2018,5:01 PM,JOHN QUINN RD btwn STONE SCHOOL RD & BANK ST (__3ZA645),__3ZA645,01 - Non intersection,02 - Non-fatal injury,07 - SMV other,02 - Rain,01 - Daylight,02 - Wet,10 - No control,,1,0,0,0,02 - Minor,1,,1,,,383426.1144,5010835.742,45.23309337,-75.49863083,12502
18--8083,8/1/2018,5:07 PM,CUMMINGS AVE @ MONTREAL RD (0007748),7748,03 - At intersection,03 - P.D. only,05 - Turning movement,02 - Rain,01 - Daylight,02 - Wet,01 - Traffic signal,01 - Functioning,2,0,0,0,,0,,,,,372007.7069,5034040.586,45.44306554,-75.64088426,12503
18--8084,8/1/2018,5:12 PM,KANATA AVE @ TERRY FOX DR (0012691),12691,02 - Intersection related,03 - P.D. only,04 - Sideswipe,02 - Rain,01 - Daylight,02 - Wet,01 - Traffic signal,01 - Functioning,2,0,0,0,,0,,,,,349305.9942,5019211.473,45.31144444,-75.93239868,12504
18--8085,8/1/2018,5:15 PM,HIGHWAY 417 btwn HWY417 IC140 RAMP51 & HWY417 IC140 RAMP35 (__3ZAZEY),__3ZAZEY,01 - Non intersection,03 - P.D. only,07 - SMV other,02 - Rain,01 - Daylight,02 - Wet,10 - No control,,1,0,0,0,,0,,,,,350775.5319,5018443.75,45.30444159,-75.91372931,12505
18--8086,8/1/2018,5:19 PM,BANK ST @ KILBORN AVE/BELANGER AVE (0007208),7208,03 - At intersection,03 - P.D. only,05 - Turning movement,01 - Clear,01 - Daylight,01 - Dry,01 - Traffic signal,01 - Functioning,2,0,0,0,,0,,,,,369653.7198,5027427.548,45.38378622,-75.67184222,12506
18--8087,8/1/2018,5:51 PM,ELGIN ST @ SLATER ST (0002228),2228,03 - At intersection,03 - P.D. only,04 - Sideswipe,01 - Clear,01 - Daylight,01 - Dry,01 - Traffic signal,01 - Functioning,2,0,0,0,,0,,,,,367890.7076,5031646.575,45.42190876,-75.69381319,12507
18--8088,8/1/2018,5:57 PM,FALLOWFIELD RD @ SHEA RD (0000130),130,02 - Intersection related,02 - Non-fatal injury,04 - Sideswipe,02 - Rain,01 - Daylight,02 - Wet,02 - Stop sign,01 - Functioning,2,0,0,0,02 - Minor,1,,1,,,354014.6105,5011021.384,45.23743375,-75.87316328,12508
18--8089,8/1/2018,6:18 AM,DWYER HILL RD btwn PURDY RD & DWYER HILL RD (__3ZA3E3),__3ZA3E3,01 - Non intersection,03 - P.D. only,07 - SMV other,01 - Clear,01 - Daylight,02 - Wet,10 - No control,,1,0,0,0,,0,,,,,350553.1613,4996191.225,45.10421816,-75.91860802,12509
18--809,1/14/2018,2:29 AM,HWY417 IC127 RAMP51 btwn HIGHWAY 417 & HWY417 IC127 RAMP53 (__3ZAYBM),__3ZAYBM,01 - Non intersection,03 - P.D. only,07 - SMV other,01 - Clear,07 - Dark,06 - Ice,10 - No control,,1,0,0,0,,0,,,,,362069.0361,5024653.561,45.35948731,-75.76900896,12510
18--8090,8/1/2018,6:18 PM,BAYVIEW RD btwn O'MEARA ST & ARMSTRONG ST (__3ZA32R),__3ZA32R,04 - At/near private drive,03 - P.D. only,05 - Turning movement,01 - Clear,01 - Daylight,01 - Dry,10 - No control,,2,0,0,0,,0,,,,,365652.7629,5030023.981,45.40750733,-75.72260778,12511
18--8091,8/1/2018,6:45 PM,BEAUSEJOUR DR @ JEANNE D'ARC BLVD (0003636),3636,03 - At intersection,03 - P.D. only,03 - Rear end,01 - Clear,01 - Daylight,02 - Wet,01 - Traffic signal,01 - Functioning,2,0,0,0,,0,,,,,381420.747,5036060.572,45.46027143,-75.52025938,12512
18--8092,8/1/2018,7:23 PM,BREWER RD @ BRONSON AVE (0002240),2240,02 - Intersection related,03 - P.D. only,04 - Sideswipe,02 - Rain,05 - Dusk,02 - Wet,01 - Traffic signal,01 - Functioning,3,0,0,0,,0,,,,,368109.047,5027766.436,45.38697675,-75.69152165,12513
18--8093,8/1/2018,7:37 AM,FALLOWFIELD RD @ RICHMOND RD (0000634),634,03 - At intersection,02 - Non-fatal injury,02 - Angle,01 - Clear,01 - Daylight,01 - Dry,01 - Traffic signal,01 - Functioning,2,0,0,0,02 - Minor,1,,1,,,357721.6352,5013529.416,45.25973267,-75.82568383,12514
18--8094,8/1/2018,7:39 PM,MANN AVE btwn TURN LANE & RUSSELL AVE (__3ZBOFH),__3ZBOFH,01 - Non intersection,03 - P.D. only,06 - SMV unattended vehicle,01 - Clear,01 - Daylight,01 - Dry,10 - No control,,1,0,0,0,,0,,,,,369293.2824,5031398.099,45.41954516,-75.67592515,12515
18--8441,8/14/2018,2:47 PM,WOODROFFE AVE btwn HWY417 IC127 RAMP26 & HWY417 IC127 RAMP63 (__3ZA4MC),__3ZA4MC,01 - Non intersection,03 - P.D. only,03 - Rear end,01 - Clear,01 - Daylight,01 - Dry,10 - No control,,3,0,0,0,,0,,,,,362101.7888,5024892.443,45.36163407,-75.76856324,12516
18--8095,8/1/2018,7:50 PM,JEANNE D'ARC BLVD @ VORLAGE DR W/VOYAGEUR WAY (0004394),4394,03 - At intersection,03 - P.D. only,02 - Angle,01 - Clear,01 - Daylight,01 - Dry,01 - Traffic signal,01 - Functioning,2,0,0,0,,0,,,,,379267.7275,5037741.566,45.47562854,-75.5475312,12517
18--8096,8/1/2018,8:15 PM,CARLING AVE WB btwn MERIVALE RD & HARMER AVE S (__3ZA4UH),__3ZA4UH,01 - Non intersection,02 - Non-fatal injury,07 - SMV other,01 - Clear,07 - Dark,02 - Wet,10 - No control,,1,0,0,1,02 - Minor,2,,2,,,365177.6924,5027896.587,45.38840664,-75.72893664,12518
18--8097,8/1/2018,9:00 AM,BANK ST @ RIVERSIDE DR N (0010778),10778,03 - At intersection,02 - Non-fatal injury,05 - Turning movement,01 - Clear,01 - Daylight,01 - Dry,01 - Traffic signal,01 - Functioning,2,1,0,0,02 - Minor,1,,1,,,369225.7159,5027983.545,45.3888284,-75.67723452,12519
18--8098,8/1/2018,9:56 PM,PRESTONE DR @ TOMPKINS AVE (0004842),4842,03 - At intersection,02 - Non-fatal injury,02 - Angle,01 - Clear,07 - Dark,01 - Dry,02 - Stop sign,01 - Functioning,2,1,0,0,02 - Minor,1,,1,,,382892.7417,5037915.58,45.47679817,-75.50114525,12520
18--8099,8/2/2018,1:02 PM,ALBERT ST btwn METCALFE ST & ELGIN ST (__3ZA353),__3ZA353,01 - Non intersection,02 - Non-fatal injury,04 - Sideswipe,01 - Clear,01 - Daylight,01 - Dry,10 - No control,,2,0,0,1,02 - Minor,4,1,3,,,367832.3234,5031702.54,45.42241757,-75.694552,12521
18--81,1/2/2018,12:26 PM,BANK ST @ HUNT CLUB RD (0002119),2119,02 - Intersection related,03 - P.D. only,03 - Rear end,03 - Snow,01 - Daylight,04 - Slush,01 - Traffic signal,01 - Functioning,2,0,0,0,,0,,,,,371608.7361,5024096.506,45.35363097,-75.64733059,12522
18--810,1/14/2018,2:40 AM,MCCARTHY RD btwn SOUTHMORE DR W & PLANTE DR (__3ZA9DP),__3ZA9DP,01 - Non intersection,02 - Non-fatal injury,01 - Approaching,01 - Clear,07 - Dark,06 - Ice,10 - No control,,2,0,0,0,03 - Major,1,,,1,,369633.4858,5024390.842,45.35646473,-75.67249912,12523
18--8100,8/2/2018,1:31 PM,ABBOTT ST    W btwn JONATHAN PACK ST & STITTSVILLE MAIN ST (__3ZABC7),__3ZABC7,01 - Non intersection,02 - Non-fatal injury,99 - Other,01 - Clear,01 - Daylight,01 - Dry,10 - No control,,2,0,0,0,01 - Minimal,2,2,,,,350025.9968,5013134.07,45.25671202,-75.92377059,12524
18--8101,8/2/2018,10:39 AM,CAHILL DR @ HUNT CLUB RD (0011394),11394,02 - Intersection related,03 - P.D. only,03 - Rear end,01 - Clear,01 - Daylight,01 - Dry,01 - Traffic signal,01 - Functioning,3,0,0,0,,0,,,,,372407.7343,5024542.509,45.35756736,-75.63707327,12525
18--8102,8/2/2018,10:41 AM,CARLING AVE @ RICHMOND RD (0010847),10847,02 - Intersection related,03 - P.D. only,04 - Sideswipe,01 - Clear,01 - Daylight,01 - Dry,01 - Traffic signal,01 - Functioning,2,0,0,0,,0,,,,,360245.6788,5024781.513,45.36078519,-75.79226642,12526
18--8103,8/2/2018,10:50 AM,FINDLAY AVE @ TORRINGTON PL (0007562),7562,03 - At intersection,02 - Non-fatal injury,02 - Angle,01 - Clear,01 - Daylight,01 - Dry,02 - Stop sign,01 - Functioning,3,0,0,0,02 - Minor,1,,1,,,367933.7066,5028789.55,45.39619826,-75.69362968,12527
18--8104,8/2/2018,10:58 AM,KEVIN AVE btwn RIDGEVALLEY DR & END (__3ZBOHF),__3ZBOHF,04 - At/near private drive,02 - Non-fatal injury,07 - SMV other,01 - Clear,01 - Daylight,01 - Dry,10 - No control,,1,0,0,1,02 - Minor,1,,1,,,359336.0919,5023490.736,45.34924213,-75.80401831,12528
18--8105,8/2/2018,11:00 AM,GEORGE ST @ WILLIAM ST (0007976),7976,02 - Intersection related,03 - P.D. only,06 - SMV unattended vehicle,01 - Clear,01 - Daylight,01 - Dry,01 - Traffic signal,01 - Functioning,1,0,0,0,,0,,,,,368047.9717,5032233.52,45.42717569,-75.69172847,12529
18--8106,8/2/2018,11:00 PM,AIRPORT PKWY btwn RAMP & RAMP (7) (__3ZAZP8),__3ZAZP8,01 - Non intersection,03 - P.D. only,03 - Rear end,01 - Clear,07 - Dark,01 - Dry,10 - No control,,3,0,0,0,,0,,,,,370760.4046,5024127.009,45.35398573,-75.65815246,12530
18--8107,8/2/2018,11:37 AM,ALGOMA RD @ STAR TOP RD (0009433),9433,02 - Intersection related,03 - P.D. only,03 - Rear end,01 - Clear,01 - Daylight,01 - Dry,02 - Stop sign,01 - Functioning,2,0,0,0,,0,,,,,373929.7309,5031213.563,45.41744205,-75.61671481,12531
18--8108,8/2/2018,12:13 PM,OGILVIE RD @ BATHGATE DR/CITYPARK DR W (0012430),12430,02 - Intersection related,02 - Non-fatal injury,03 - Rear end,01 - Clear,01 - Daylight,01 - Dry,01 - Traffic signal,01 - Functioning,2,0,0,0,01 - Minimal,1,1,,,,373828.722,5032800.576,45.43173115,-75.61778286,12532
18--8109,8/2/2018,12:28 PM,CARLING AVE @ BROADVIEW AVE (0006707),6707,03 - At intersection,03 - P.D. only,04 - Sideswipe,01 - Clear,01 - Daylight,01 - Dry,01 - Traffic signal,01 - Functioning,3,0,0,0,,0,,,,,363180.6866,5026638.542,45.37725624,-75.75458631,12533
18--811,1/14/2018,2:45 PM,DAVENTRY CRES btwn DEWBERRY CRES & ROSECLIFFE CRT (__3ZA1BM),__3ZA1BM,04 - At/near private drive,03 - P.D. only,06 - SMV unattended vehicle,01 - Clear,01 - Daylight,05 - Packed snow,10 - No control,,1,0,0,0,,0,,,,,364656.6765,5016854.184,45.28909304,-75.73692558,12534
18--8110,8/2/2018,2:24 PM,GREENBANK RD @ WEST HUNT CLUB RD (0005167),5167,02 - Intersection related,03 - P.D. only,03 - Rear end,01 - Clear,01 - Daylight,01 - Dry,01 - Traffic signal,01 - Functioning,2,0,0,0,,0,,,,,361479.6766,5020502.48,45.32218391,-75.7770066,12535
18--8111,8/2/2018,3:18 PM,HUNT CLUB RD @ RIVERSIDE DR (0002237),2237,02 - Intersection related,02 - Non-fatal injury,02 - Angle,01 - Clear,01 - Daylight,01 - Dry,01 - Traffic signal,01 - Functioning,2,1,0,0,02 - Minor,1,,1,,,368036.7028,5021945.498,45.33460788,-75.6931902,12536
18--8112,8/2/2018,3:32 PM,CROYDON AVE @ RICHMOND RD (0002652),2652,03 - At intersection,02 - Non-fatal injury,03 - Rear end,01 - Clear,01 - Daylight,01 - Dry,01 - Traffic signal,01 - Functioning,2,0,0,0,01 - Minimal,1,1,,,,360545.6867,5025272.519,45.36517945,-75.78838189,12537
18--13127,12/2/2018,4:10 PM,PRINCE OF WALES DR @ MEADOWLANDS DR/HOG'S BACK (0001629),1629,03 - At intersection,03 - P.D. only,02 - Angle,01 - Clear,05 - Dusk,02 - Wet,01 - Traffic signal,01 - Functioning,2,0,0,0,,0,,,,,367371.8094,5025693.572,45.36839188,-75.70119817,3986
18--8114,8/2/2018,3:35 PM,ALESTHER ST @ DONALD ST (0008493),8493,02 - Intersection related,03 - P.D. only,03 - Rear end,01 - Clear,01 - Daylight,01 - Dry,02 - Stop sign,01 - Functioning,3,0,0,0,,0,,,,,371992.7206,5032460.584,45.42885087,-75.64129147,12539
18--8115,8/2/2018,3:40 PM,ST. JOSEPH BLVD btwn ST. JOSEPH BLVD & PLACE D'ORLEANS DR (__3ZA2AV),__3ZA2AV,04 - At/near private drive,02 - Non-fatal injury,02 - Angle,02 - Rain,01 - Daylight,02 - Wet,10 - No control,,2,1,0,0,01 - Minimal,1,1,,,,381864.0886,5037889.194,45.47667506,-75.51430452,12540
18--8116,8/2/2018,3:50 PM,CAMPEAU DR @ HUNTMAR DR (0011612),11612,02 - Intersection related,03 - P.D. only,04 - Sideswipe,01 - Clear,01 - Daylight,01 - Dry,11 - Roundabout,01 - Functioning,2,0,0,0,,0,,,,,349053.6082,5018056.464,45.30106727,-75.93572042,12541
18--8117,8/2/2018,4:00 PM,HIGHWAY 417 btwn HWY417 IC119B RAMP76 & HWY417 IC119A RAMP67 (__3ZA2YT),__3ZA2YT,01 - Non intersection,03 - P.D. only,03 - Rear end,01 - Clear,01 - Daylight,01 - Dry,10 - No control,,2,0,0,0,,0,,,,,368141.6821,5030259.108,45.40940211,-75.69078483,12542
18--8118,8/2/2018,4:20 PM,RICHMOND RD btwn ROBERTSON RD & STINSON AVE (__3ZA4YR),__3ZA4YR,04 - At/near private drive,03 - P.D. only,05 - Turning movement,01 - Clear,01 - Daylight,01 - Dry,10 - No control,,2,0,0,0,,0,,,,,357710.8058,5020830.429,45.32542901,-75.82504297,12543