Anom_ID,Accident_Date,Accident_Time,Location,Geo_ID,Accident_Location,Classification_of_Accident,Initial_Impact_Type,Environment_Condition,Light,Road_Surface_Condition,Traffic_Control,Traffic_Control_Condition,No__of_Vehicles,No__of_Bicycles,No__of_Motorcycles,No__of_Pedestrians,Max_Injury,No__of_Injuries,No__of_Minimal,No__of_Minor,No__of_Major,No__of_Fatal,X,Y,Latitude,Longitude,ObjectId
18--8119,8/2/2018,4:36 PM,BORRISOKANE RD btwn CAMBRIAN RD & STRANDHERD DR (__3ZA1CC),__3ZA1CC,01 - Non intersection,03 - P.D. only,07 - SMV other,01 - Clear,01 - Daylight,01 - Dry,10 - No control,,1,0,0,0,,0,,,,,362341.0453,5013160.277,45.25604847,-75.76687168,12544
18--812,1/14/2018,3:14 PM,RIVERSIDE DR NB btwn RIVERSIDE DR SPLIT & DATA CENTRE RD (__5FDUZU),__5FDUZU,01 - Non intersection,02 - Non-fatal injury,03 - Rear end,01 - Clear,01 - Daylight,02 - Wet,10 - No control,,2,0,0,0,01 - Minimal,1,1,,,,368537.8447,5027345.737,45.38315253,-75.68610063,12545
18--8120,8/2/2018,5:19 PM,RIVERSIDE DR SB btwn BILLINGS BRIDGE SC RAMP SB & BANK ST (__3ZBOFL),__3ZBOFL,01 - Non intersection,03 - P.D. only,04 - Sideswipe,01 - Clear,01 - Daylight,01 - Dry,10 - No control,,2,0,0,0,,0,,,,,369147.6524,5027919.374,45.38825819,-75.67823972,12546
18--8121,8/2/2018,5:33 PM,HAZELDEAN RD @ TERRY FOX DR (0003682),3682,02 - Intersection related,03 - P.D. only,03 - Rear end,01 - Clear,01 - Daylight,01 - Dry,01 - Traffic signal,01 - Functioning,2,0,0,0,,0,,,,,352207.6105,5017242.451,45.29353681,-75.8955836,12547
18--8122,8/2/2018,5:35 PM,REGIONAL ROAD 174 EB btwn OR174 IC109 RAMP55 & TRANSIT (__3ZA28V),__3ZA28V,01 - Non intersection,03 - P.D. only,04 - Sideswipe,01 - Clear,01 - Daylight,01 - Dry,10 - No control,,2,0,0,0,,0,,,,,376530.5124,5035118.697,45.45231625,-75.5829193,12548
18--8123,8/2/2018,5:35 PM,MONTREAL RD btwn CYR AVE & HANNAH ST (__3ZA3LT),__3ZA3LT,01 - Non intersection,03 - P.D. only,03 - Rear end,01 - Clear,01 - Daylight,01 - Dry,10 - No control,,2,0,0,0,,0,,,,,370235.0522,5033157.497,45.43528806,-75.66365904,12549
18--8124,8/2/2018,5:38 PM,BANK ST @ RIVERSIDE DR N (0010778),10778,02 - Intersection related,02 - Non-fatal injury,07 - SMV other,01 - Clear,01 - Daylight,01 - Dry,01 - Traffic signal,01 - Functioning,1,0,0,2,02 - Minor,1,,1,,,369225.7155,5027983.546,45.38882841,-75.67723453,12550
18--8125,8/2/2018,5:40 PM,BEECHWOOD AVE @ SPRINGFIELD RD (0011442),11442,02 - Intersection related,03 - P.D. only,04 - Sideswipe,01 - Clear,01 - Daylight,01 - Dry,01 - Traffic signal,01 - Functioning,2,0,0,0,,0,,,,,369236.7015,5033653.589,45.43984441,-75.67635292,12551
18--8126,8/2/2018,5:43 PM,CARLING AVE WB btwn COLE AVE & CHURCHILL AVE N (__3ZA4T0),__3ZA4T0,04 - At/near private drive,03 - P.D. only,05 - Turning movement,01 - Clear,01 - Daylight,01 - Dry,10 - No control,,2,0,0,0,,0,,,,,363732.8611,5026986.16,45.38033783,-75.74749518,12552
18--8127,8/2/2018,5:45 PM,HIGHWAY 417 btwn HWY417 IC127 RAMP67 & HWY417 IC126 RAMP16 (__3ZA2X0),__3ZA2X0,01 - Non intersection,03 - P.D. only,03 - Rear end,01 - Clear,01 - Daylight,01 - Dry,10 - No control,,2,0,0,0,,0,,,,,362845.2,5025430.347,45.36641292,-75.75901147,12553
18--8128,8/2/2018,6:54 AM,AVIATION PKWY @ MONTREAL RD (0008799),8799,02 - Intersection related,02 - Non-fatal injury,03 - Rear end,01 - Clear,01 - Daylight,01 - Dry,01 - Traffic signal,01 - Functioning,2,0,1,0,01 - Minimal,1,1,,,,372146.7161,5034108.583,45.44366397,-75.6390982,12554
18--8129,8/2/2018,7:06 PM,PRESTON ST btwn ANDERSON ST & OAK ST (__3ZA32K),__3ZA32K,01 - Non intersection,02 - Non-fatal injury,99 - Other,01 - Clear,01 - Daylight,01 - Dry,10 - No control,,2,0,0,0,02 - Minor,2,1,1,,,366368.6179,5029987.566,45.40711707,-75.71346817,12555
18--813,1/14/2018,3:17 AM,TERRY FOX DR btwn HWY417 IC140 RAMP36 & HWY417 IC140 RAMP61 (__39F4XC),__39F4XC,01 - Non intersection,03 - P.D. only,07 - SMV other,01 - Clear,07 - Dark,05 - Packed snow,10 - No control,,1,0,0,0,,0,,,,,350740.1095,5018791.501,45.30757307,-75.91414876,12556
18--8130,8/2/2018,7:11 AM,SHEFFIELD RD btwn BANTREE ST & LEEDS AVE (__3ZA787),__3ZA787,04 - At/near private drive,03 - P.D. only,05 - Turning movement,01 - Clear,01 - Daylight,01 - Dry,10 - No control,,2,0,0,0,,0,,,,,374684.0666,5029960.879,45.40609611,-75.60725527,12557
18--8131,8/2/2018,8:00 AM,BANKFIELD RD @ PRINCE OF WALES DR (0003618),3618,03 - At intersection,03 - P.D. only,04 - Sideswipe,01 - Clear,01 - Daylight,01 - Dry,01 - Traffic signal,01 - Functioning,2,0,0,0,,0,,,,,366379.6895,5008975.386,45.21805092,-75.7159382,12558
18--8132,8/2/2018,8:30 PM,HIGHWAY 7 btwn ASHTON STATION RD & OVERPASS RD (__3ZA2QE),__3ZA2QE,01 - Non intersection,03 - P.D. only,07 - SMV other,01 - Clear,05 - Dusk,01 - Dry,10 - No control,,1,0,0,0,,0,,,,,340418.8954,5004479.75,45.17938723,-76.04679044,12559
18--8133,8/2/2018,8:47 PM,CARLING AVE @ KIRKWOOD AVE N (0002358),2358,02 - Intersection related,03 - P.D. only,03 - Rear end,01 - Clear,07 - Dark,01 - Dry,01 - Traffic signal,01 - Functioning,2,0,0,0,,0,,,,,364275.6924,5027493.535,45.38485723,-75.74050333,12560
18--8134,8/2/2018,8:48 AM,CRESTWAY DR @ PRINCE OF WALES DR (0010323),10323,02 - Intersection related,03 - P.D. only,03 - Rear end,01 - Clear,01 - Daylight,01 - Dry,01 - Traffic signal,01 - Functioning,2,0,0,0,,0,,,,,367370.5253,5016576.909,45.28636178,-75.70236672,12561
18--8135,8/2/2018,9:16 AM,BANK ST @ HERON RD (0002155),2155,03 - At intersection,02 - Non-fatal injury,02 - Angle,01 - Clear,01 - Daylight,01 - Dry,01 - Traffic signal,01 - Functioning,3,0,0,0,02 - Minor,3,1,2,,,369995.7196,5026851.542,45.37857176,-75.66755153,12562
18--8136,8/2/2018,9:16 AM,PRINCE OF WALES DR btwn NATIONAL CAPITAL COMM DRWY & HARTWELL LOCKS/54 (__3ZA30ZA),__3ZA30ZA,01 - Non intersection,02 - Non-fatal injury,03 - Rear end,01 - Clear,01 - Daylight,01 - Dry,10 - No control,,2,0,0,0,03 - Major,2,1,,1,,366885.3235,5028083.123,45.38993576,-75.70710766,12563
18--8137,8/2/2018,9:25 PM,BANK ST @ RIVERSIDE DR S (0002704),2704,03 - At intersection,03 - P.D. only,02 - Angle,01 - Clear,07 - Dark,01 - Dry,01 - Traffic signal,01 - Functioning,2,0,0,0,,0,,,,,369304.7165,5027894.553,45.38802041,-75.67623736,12564
18--8138,8/2/2018,9:30 AM,EAGLESON RD @ HWY 417 EAGLESO IC138R51/PARK AN (0009698),9698,02 - Intersection related,03 - P.D. only,03 - Rear end,01 - Clear,01 - Daylight,01 - Dry,01 - Traffic signal,01 - Functioning,2,0,0,0,,0,,,,,353037.1807,5020013.788,45.31841746,-75.88473802,12565
18--8139,8/3/2018,1:19 PM,MAPLE GROVE RD @ TERRY FOX DR (0003177),3177,02 - Intersection related,03 - P.D. only,03 - Rear end,01 - Clear,01 - Daylight,01 - Dry,01 - Traffic signal,01 - Functioning,2,0,0,0,,0,,,,,351553.6087,5017864.464,45.29917767,-75.9038626,12566
18--814,1/14/2018,4:00 AM,HWY416 IC42 RAMP34 btwn HIGHWAY 416 & DILWORTH RD (__3ZAY4T),__3ZAY4T,01 - Non intersection,03 - P.D. only,07 - SMV other,01 - Clear,07 - Dark,06 - Ice,10 - No control,,1,0,0,0,,0,,,,,371297.8618,4995462.291,45.09601311,-75.65512314,12567
18--8140,8/3/2018,1:27 PM,HILLIARD AVE btwn BARLYN AVE & MILLBROOK CRES (__3ZAAPM),__3ZAAPM,04 - At/near private drive,03 - P.D. only,06 - SMV unattended vehicle,01 - Clear,01 - Daylight,01 - Dry,10 - No control,,1,0,0,0,,0,,,,,365960.5108,5025298.957,45.36496579,-75.71926218,12568
18--8141,8/3/2018,11:06 AM,MAITLAND AVE/HWY 417 MAITLAND IC126R53 @ HWY 4 (0008229),8229,03 - At intersection,03 - P.D. only,05 - Turning movement,01 - Clear,01 - Daylight,01 - Dry,01 - Traffic signal,01 - Functioning,2,0,0,0,,0,,,,,363229.6901,5025774.518,45.36947778,-75.75406289,12569
18--8142,8/3/2018,11:25 AM,ARGYLE AVE @ O'CONNOR ST (0007254),7254,03 - At intersection,03 - P.D. only,02 - Angle,01 - Clear,01 - Daylight,01 - Dry,01 - Traffic signal,01 - Functioning,2,0,0,0,,0,,,,,368184.7105,5030485.573,45.41143587,-75.69020606,12570
18--8143,8/3/2018,Unknown,ST. ANTHONY ST btwn PRESTON ST & END (__3ZA4AP),__3ZA4AP,01 - Non intersection,03 - P.D. only,06 - SMV unattended vehicle,01 - Clear,00 - Unknown,01 - Dry,10 - No control,,1,0,0,0,,0,,,,,366500.3065,5029536.293,45.40304504,-75.71184249,12571
18--8144,8/3/2018,12:00 PM,HIGHWAY 417 btwn RAMP & HWY417 IC88 RAMP51 (__3ZA2W2),__3ZA2W2,01 - Non intersection,03 - P.D. only,04 - Sideswipe,01 - Clear,01 - Daylight,01 - Dry,10 - No control,,2,0,0,0,,0,,,,,387975.2059,5023750.334,45.34876621,-75.43853863,12572
18--8145,8/3/2018,12:20 PM,MONTREAL RD @ ST. LAURENT BLVD (0002604),2604,02 - Intersection related,02 - Non-fatal injury,03 - Rear end,01 - Clear,01 - Daylight,01 - Dry,01 - Traffic signal,01 - Functioning,2,0,0,0,01 - Minimal,1,1,,,,371545.7032,5033817.594,45.44110343,-75.64681964,12573
18--8146,8/3/2018,12:24 PM,HAZELDEAN RD btwn TURN LANE & SPRINGBROOK DR (__3ZBOGB),__3ZBOGB,01 - Non intersection,03 - P.D. only,07 - SMV other,01 - Clear,01 - Daylight,01 - Dry,10 - No control,,1,0,0,0,,0,,,,,349656.994,5014939.317,45.2729799,-75.92830883,12574
18--8147,8/3/2018,12:30 PM,HIGHWAY 417 btwn HWY417 IC121B RAMP16 & HWY417 IC121A RAMP16 (__3ZA2YX),__3ZA2YX,01 - Non intersection,03 - P.D. only,03 - Rear end,01 - Clear,01 - Daylight,01 - Dry,10 - No control,,5,0,0,0,,0,,,,,366937.3175,5029640.845,45.40394711,-75.70624749,12575
18--8148,8/3/2018,12:30 PM,HIGHWAY 417 btwn HWY417 IC121A RAMP16 & HWY417 IC121A RAMP61 (__3ZA2YY),__3ZA2YY,01 - Non intersection,02 - Non-fatal injury,03 - Rear end,01 - Clear,01 - Daylight,01 - Dry,10 - No control,,2,0,0,0,02 - Minor,1,,1,,,366984.9638,5029657.715,45.40409468,-75.70563678,12576
18--8149,8/3/2018,12:55 PM,HIGHWAY 417 btwn HWY417 IC124 RAMP65 & HWY417 IC122 RAMP51 (__3ZA2R8),__3ZA2R8,01 - Non intersection,03 - P.D. only,03 - Rear end,01 - Clear,01 - Daylight,01 - Dry,10 - No control,,4,0,0,0,,0,,,,,365081.2723,5028589.473,45.39464939,-75.73008323,12577
18--815,1/14/2018,4:00 PM,HIGHWAY 417 btwn HWY417 IC134 RAMP25 & HWY417 IC131 RAMP53 (__3ZA2LE),__3ZA2LE,01 - Non intersection,03 - P.D. only,07 - SMV other,01 - Clear,01 - Daylight,01 - Dry,10 - No control,,1,0,0,0,,0,,,,,357131.356,5022547.83,45.34092577,-75.83225263,12578
18--8150,8/3/2018,2:00 PM,OGILVIE RD @ ELMLEA GT/SHOPPERS CITY EAST SC (0008800),8800,03 - At intersection,03 - P.D. only,03 - Rear end,01 - Clear,01 - Daylight,01 - Dry,01 - Traffic signal,01 - Functioning,2,0,0,0,,0,,,,,374988.7321,5033486.583,45.43778799,-75.60286144,12579
18--8151,8/3/2018,2:05 PM,BASELINE RD btwn NAVAHO DR & COLLEGE SQUARE SC (__3ZAZDQB),__3ZAZDQB,04 - At/near private drive,02 - Non-fatal injury,07 - SMV other,01 - Clear,01 - Daylight,01 - Dry,10 - No control,,1,0,0,1,02 - Minor,1,,1,,,362846.6961,5023950.891,45.35310079,-75.75916612,12580
18--8152,8/3/2018,2:20 PM,HIGHWAY 417 btwn HWY417 IC129 RAMP25 & HWY417 IC129 RAMP35 (__3ZAYFR),__3ZAYFR,01 - Non intersection,03 - P.D. only,03 - Rear end,01 - Clear,01 - Daylight,01 - Dry,10 - No control,,2,0,0,0,,0,,,,,360659.8008,5023682.84,45.35086649,-75.78710493,12581
18--8153,8/3/2018,2:35 PM,COLONNADE RD @ PRINCE OF WALES DR (0005249),5249,02 - Intersection related,03 - P.D. only,03 - Rear end,01 - Clear,01 - Daylight,01 - Dry,01 - Traffic signal,01 - Functioning,2,0,0,0,,0,,,,,367394.7118,5023266.516,45.34655171,-75.70121315,12582
18--8154,8/3/2018,3:05 PM,WALKLEY RD btwn CONROY RD & HARDING RD (__3ZA2EJ),__3ZA2EJ,04 - At/near private drive,03 - P.D. only,02 - Angle,01 - Clear,01 - Daylight,01 - Dry,10 - No control,,2,0,0,0,,0,,,,,373046.0502,5027548.429,45.38455158,-75.62851163,12583
18--8155,8/3/2018,3:42 PM,MCCORDICK RD @ ROGER STEVENS DR (0003719),3719,03 - At intersection,02 - Non-fatal injury,02 - Angle,01 - Clear,01 - Daylight,01 - Dry,02 - Stop sign,01 - Functioning,2,0,0,0,02 - Minor,1,,1,,,364681.5791,4998309.254,45.12222173,-75.73883688,12584
18--8156,8/3/2018,3:43 PM,BASELINE RD @ CLYDE AVE (0002343),2343,02 - Intersection related,03 - P.D. only,03 - Rear end,01 - Clear,01 - Daylight,01 - Dry,01 - Traffic signal,01 - Functioning,2,0,0,0,,0,,,,,364358.7029,5024890.513,45.3614286,-75.73975728,12585
18--8157,8/3/2018,4:00 PM,DOUGLAS AVE btwn PUTMAN AVE & BEECHWOOD AVE (__3ZA8XA),__3ZA8XA,01 - Non intersection,03 - P.D. only,06 - SMV unattended vehicle,01 - Clear,01 - Daylight,01 - Dry,10 - No control,,1,0,0,0,,0,,,,,369297.8126,5033739.227,45.44060931,-75.67556064,12586
18--8158,8/3/2018,4:09 PM,JOCKVALE RD btwn WEYBRIDGE DR & TARTAN DR (__3ZAAA4),__3ZAAA4,04 - At/near private drive,03 - P.D. only,02 - Angle,01 - Clear,01 - Daylight,01 - Dry,10 - No control,,2,0,0,0,,0,,,,,363125.8432,5014883.973,45.27149375,-75.75667105,12587
18--8159,8/3/2018,4:30 PM,CLEARVIEW AVE @ ISLAND PARK DR (0006144),6144,02 - Intersection related,03 - P.D. only,03 - Rear end,01 - Clear,01 - Daylight,01 - Dry,02 - Stop sign,00 - Unknown,2,0,0,0,,0,,,,,363546.9402,5029364.685,45.40175502,-75.74958579,12588
18--816,1/14/2018,4:27 PM,BRONSON AVE @ THIRD AVE (0007716),7716,03 - At intersection,03 - P.D. only,05 - Turning movement,01 - Clear,01 - Daylight,06 - Ice,02 - Stop sign,01 - Functioning,2,0,0,0,,0,,,,,367550.7119,5029087.558,45.39891408,-75.69848305,12589
18--8160,8/3/2018,5:08 PM,CARLING AVE @ EDGEWORTH AVE (0002718),2718,03 - At intersection,03 - P.D. only,05 - Turning movement,01 - Clear,01 - Daylight,01 - Dry,01 - Traffic signal,01 - Functioning,2,0,0,0,,0,,,,,361262.6802,5025424.525,45.3664898,-75.7792125,12590
18--8161,8/3/2018,5:38 PM,TRIM RD btwn ST. JOSEPH BLVD & WATTERS RD (__3ZA2GC),__3ZA2GC,01 - Non intersection,03 - P.D. only,03 - Rear end,01 - Clear,01 - Daylight,01 - Dry,10 - No control,,2,0,0,0,,0,,,,,384866.2204,5038891.598,45.48535593,-75.47574812,12591
18--8162,8/3/2018,6:44 AM,HAVELOCK ST btwn GREENFIELD AVE & CONCORD ST N (__3ZA8AI),__3ZA8AI,01 - Non intersection,03 - P.D. only,06 - SMV unattended vehicle,01 - Clear,01 - Daylight,01 - Dry,10 - No control,,1,0,0,0,,0,,,,,369047.4867,5030903.053,45.41511353,-75.67913007,12592
18--8163,8/3/2018,6:50 AM,HIGHWAY 417 btwn HWY417 IC139 RAMP61 & HWY417 IC138 RAMP36 (__3ZA2QS),__3ZA2QS,01 - Non intersection,03 - P.D. only,07 - SMV other,01 - Clear,01 - Daylight,01 - Dry,10 - No control,,1,0,0,0,,0,,,,,352189.7728,5019667.911,45.31536289,-75.89557913,12593
18--8164,8/3/2018,7:00 AM,COLONIAL RD btwn LAFLEUR RD & BIRCHGROVE RD (__3ZA3KP),__3ZA3KP,01 - Non intersection,03 - P.D. only,07 - SMV other,01 - Clear,01 - Daylight,01 - Dry,10 - No control,,1,0,0,0,,0,,,,,396591.6598,5034706.002,45.44625647,-75.32656104,12594
18--8165,8/3/2018,7:00 AM,LEITRIM RD @ LIMEBANK RD (0012318),12318,03 - At intersection,03 - P.D. only,03 - Rear end,01 - Clear,01 - Daylight,01 - Dry,01 - Traffic signal,01 - Functioning,2,0,0,0,,0,,,,,369321.6299,5017960.093,45.29863104,-75.67731714,12595
18--8166,8/3/2018,9:24 AM,RIVERSIDE DR @ TREMBLAY RD/HWY417 IC117 RAMP52 (0010790),10790,03 - At intersection,03 - P.D. only,02 - Angle,01 - Clear,01 - Daylight,01 - Dry,01 - Traffic signal,01 - Functioning,2,0,0,0,,0,,,,,370802.0786,5031015.908,45.41596566,-75.6566995,12596
18--8167,8/3/2018,9:27 PM,AIRPORT PKWY @ WALKLEY RD SB RAMP (0011347),11347,02 - Intersection related,03 - P.D. only,04 - Sideswipe,01 - Clear,07 - Dark,01 - Dry,10 - No control,,2,0,0,0,,0,,,,,370148.1799,5025414.61,45.3656285,-75.66579516,12597
18--8168,8/3/2018,9:35 AM,THURSTON DR btwn CONROY RD & THOMAS SPRATT PL (__3ZBPM1),__3ZBPM1,04 - At/near private drive,03 - P.D. only,05 - Turning movement,01 - Clear,01 - Daylight,01 - Dry,10 - No control,,2,0,0,0,,0,,,,,373580.5378,5026990.251,45.37947706,-75.62176489,12598
18--8169,8/4/2018,1:13 PM,BANK ST @ HERON RD (0002155),2155,02 - Intersection related,03 - P.D. only,03 - Rear end,01 - Clear,01 - Daylight,01 - Dry,01 - Traffic signal,01 - Functioning,2,0,0,0,,0,,,,,369995.7198,5026851.542,45.37857176,-75.66755153,12599
18--817,1/14/2018,4:59 PM,WEST HUNT CLUB RD EB btwn KNOXDALE RD & WOODROFFE AVE (__3ZA17C),__3ZA17C,01 - Non intersection,03 - P.D. only,04 - Sideswipe,01 - Clear,05 - Dusk,01 - Dry,10 - No control,,2,0,0,0,,0,,,,,362443.1739,5020673.993,45.32364872,-75.76469748,12600
18--8170,8/4/2018,1:26 PM,JOHN SUTHERLAND DR @ RICHMOND RD (0000578),578,02 - Intersection related,03 - P.D. only,05 - Turning movement,01 - Clear,01 - Daylight,01 - Dry,01 - Traffic signal,01 - Functioning,2,0,0,0,,0,,,,,358786.6646,5022150.494,45.3372251,-75.81117578,12601
18--8531,8/16/2018,6:06 PM,OGILVIE RD @ BATHGATE DR/CITYPARK DR W (0012430),12430,02 - Intersection related,03 - P.D. only,04 - Sideswipe,01 - Clear,01 - Daylight,01 - Dry,01 - Traffic signal,01 - Functioning,2,0,0,0,,0,,,,,373828.7222,5032800.577,45.43173116,-75.61778286,12602
18--7720,7/21/2018,10:13 AM,BANK ST @ CAMERON AVE (0007227),7227,02 - Intersection related,03 - P.D. only,03 - Rear end,01 - Clear,01 - Daylight,01 - Dry,01 - Traffic signal,00 - Unknown,2,0,0,0,,0,,,,,368943.6643,5028262.603,45.39136517,-75.68079989,12603
18--8442,8/14/2018,2:56 PM,HIGHWAY 417 btwn HWY417 IC134 RAMP35 & HWY417 IC134 RAMP25 (__3ZA29D),__3ZA29D,01 - Non intersection,02 - Non-fatal injury,04 - Sideswipe,01 - Clear,01 - Daylight,01 - Dry,10 - No control,,2,0,0,0,02 - Minor,1,,1,,,356537.6473,5022308.771,45.33881873,-75.83985283,12604
18--8532,8/16/2018,6:09 PM,INNES RD btwn PRESTWICK DR & TENTH LINE RD (__3ZA3Y7),__3ZA3Y7,01 - Non intersection,03 - P.D. only,03 - Rear end,01 - Clear,01 - Daylight,01 - Dry,10 - No control,,3,0,0,0,,0,,,,,383725.7279,5036065.521,45.46005937,-75.4907896,12605
18--8533,8/16/2018,6:16 PM,PARKGLEN DR @ WOODROFFE AVE (0001099),1099,02 - Intersection related,03 - P.D. only,03 - Rear end,01 - Clear,01 - Daylight,01 - Dry,02 - Stop sign,01 - Functioning,2,0,0,0,,0,,,,,362888.6877,5023126.512,45.34567962,-75.75872708,12606
18--8534,8/16/2018,8:20 AM,KILBORN AVE btwn FEATHERSTON DR & PLAYFAIR DR (__3ZAZFO),__3ZAZFO,01 - Non intersection,03 - P.D. only,02 - Angle,01 - Clear,01 - Daylight,01 - Dry,10 - No control,,2,0,0,0,,0,,,,,371362.7916,5027861.169,45.38752747,-75.64996192,12607
18--8535,8/16/2018,8:29 AM,CEDARVIEW RD @ FALLOWFIELD RD (0001603),1603,02 - Intersection related,03 - P.D. only,03 - Rear end,01 - Clear,01 - Daylight,01 - Dry,01 - Traffic signal,01 - Functioning,2,0,0,0,,0,,,,,361294.6671,5015664.442,45.27866597,-75.77991763,12608
18--8536,8/16/2018,8:38 AM,BANNER RD @ GREENBANK RD (0000644),644,02 - Intersection related,03 - P.D. only,03 - Rear end,01 - Clear,01 - Daylight,01 - Dry,01 - Traffic signal,01 - Functioning,4,0,0,0,,0,,,,,361021.6721,5021566.492,45.33179472,-75.78272751,12609
18--8537,8/16/2018,8:45 PM,BOOTH ST @ MIDDLE ST (0012187),12187,03 - At intersection,03 - P.D. only,02 - Angle,01 - Clear,07 - Dark,01 - Dry,02 - Stop sign,01 - Functioning,2,0,0,0,,0,,,,,366114.6961,5031292.581,45.41888153,-75.71654934,12610
18--8538,8/16/2018,8:55 AM,OTTAWA RIVER PKWY @ ISLAND PARK DR (0002127),2127,02 - Intersection related,03 - P.D. only,03 - Rear end,01 - Clear,01 - Daylight,01 - Dry,01 - Traffic signal,01 - Functioning,2,0,0,0,,0,,,,,363298.6395,5029453.579,45.40257567,-75.75274669,12611
18--8539,8/16/2018,9:00 PM,BANK ST @ LEITRIM RD (0004125),4125,02 - Intersection related,03 - P.D. only,05 - Turning movement,01 - Clear,07 - Dark,01 - Dry,01 - Traffic signal,01 - Functioning,2,0,0,0,,0,,,,,375357.7542,5021619.497,45.3309767,-75.59984152,12612
18--854,1/15/2018,2:32 PM,CHAMPLAIN ST @ PLACE D'ORLEANS DR (0003595),3595,02 - Intersection related,03 - P.D. only,03 - Rear end,01 - Clear,01 - Daylight,01 - Dry,01 - Traffic signal,01 - Functioning,2,0,0,0,,0,,,,,381597.246,5038180.816,45.47932822,-75.5176715,12613
18--8540,8/16/2018,9:08 AM,IBER RD btwn HARRY DOUGLAS DR & ABBOTT ST E (__3ZAZR8),__3ZAZR8,04 - At/near private drive,03 - P.D. only,05 - Turning movement,01 - Clear,01 - Daylight,01 - Dry,10 - No control,,2,0,0,0,,0,,,,,351854.0773,5015019.82,45.2735607,-75.90030143,12614
18--8541,8/16/2018,9:18 PM,CONROY RD @ DAVIDSON RD N (0009364),9364,03 - At intersection,03 - P.D. only,05 - Turning movement,01 - Clear,07 - Dark,01 - Dry,02 - Stop sign,01 - Functioning,2,0,0,0,,0,,,,,374573.7513,5023515.51,45.34811465,-75.60957505,12615
18--8542,8/16/2018,9:45 PM,OR174 IC102 RAMP15 @ PLACE D'ORLEANS DR (0009219),9219,03 - At intersection,03 - P.D. only,03 - Rear end,01 - Clear,07 - Dark,01 - Dry,01 - Traffic signal,01 - Functioning,2,0,0,0,,0,,,,,381880.3104,5038346.399,45.4807868,-75.51402532,12616
18--8543,8/17/2018,1:07 AM,"DECOEUR, PROMENADE btwn AUBEPINES, PROMENADE DES & MOUNTAIN SORREL WAY (e___2JXQ)",e___2JXQ,01 - Non intersection,03 - P.D. only,06 - SMV unattended vehicle,01 - Clear,07 - Dark,01 - Dry,10 - No control,,1,0,0,0,,0,,,,,384148.865,5034551.813,45.44639247,-75.48562407,12617
18--8544,8/17/2018,1:15 PM,REGIONAL ROAD 174 btwn OR174 IC112 RAMP51 & OR174 IC112 RAMP15 (__3ZA2XE),__3ZA2XE,01 - Non intersection,02 - Non-fatal injury,07 - SMV other,02 - Rain,01 - Daylight,02 - Wet,10 - No control,,1,0,0,0,01 - Minimal,1,1,,,,374945.5669,5032932.204,45.43280433,-75.60349209,12618
18--8545,8/17/2018,1:30 AM,HIGHWAY 7 btwn HAZELDEAN IC RAMP 53 & HIGHWAY 7 (__7JQ7LK),__7JQ7LK,01 - Non intersection,03 - P.D. only,07 - SMV other,01 - Clear,07 - Dark,01 - Dry,10 - No control,,1,0,0,0,,0,,,,,342267.7215,5008350.542,45.21412318,-76.02297611,12619
18--8546,8/17/2018,1:41 PM,BANK ST btwn TO BE DETERMINED & LEDBURY AVE (__4YOOUF),__4YOOUF,01 - Non intersection,03 - P.D. only,03 - Rear end,01 - Clear,01 - Daylight,01 - Dry,10 - No control,,2,0,0,0,,0,,,,,370618.4496,5025257.137,45.36416761,-75.65981354,12620
18--8547,8/17/2018,10:02 PM,OLD MONTREAL RD btwn PIERRETTE DR & KINSELLA DR (__3ZA5FG),__3ZA5FG,01 - Non intersection,03 - P.D. only,07 - SMV other,01 - Clear,07 - Dark,01 - Dry,10 - No control,,1,0,0,0,,0,,,,,392260.4689,5042740.365,45.51909492,-75.38048802,12621
18--8548,8/17/2018,10:04 AM,FERNBANK RD @ ROMINA ST/TEMPLEFORD AVE (0012540),12540,03 - At intersection,03 - P.D. only,05 - Turning movement,02 - Rain,01 - Daylight,02 - Wet,02 - Stop sign,01 - Functioning,2,0,0,0,,0,,,,,354467.6382,5015279.886,45.27572109,-75.86696788,12622
18--8549,8/17/2018,10:16 AM,BAY ST @ SOMERSET ST (0007204),7204,02 - Intersection related,03 - P.D. only,05 - Turning movement,02 - Rain,01 - Daylight,02 - Wet,02 - Stop sign,01 - Functioning,2,0,0,0,,0,,,,,367244.6996,5030644.568,45.41295097,-75.70219418,12623
18--855,1/15/2018,2:36 PM,BASELINE RD @ GREENBANK RD (0002357),2357,02 - Intersection related,03 - P.D. only,04 - Sideswipe,01 - Clear,01 - Daylight,03 - Loose snow,01 - Traffic signal,01 - Functioning,2,0,0,0,,0,,,,,360597.6844,5022584.5,45.34098859,-75.78802152,12624
18--8550,8/17/2018,10:38 AM,CARLING AVE @ CLYDE AVE/COLE AVE (0006984),6984,03 - At intersection,03 - P.D. only,05 - Turning movement,01 - Clear,01 - Daylight,02 - Wet,01 - Traffic signal,01 - Functioning,3,0,0,0,,0,,,,,363520.6909,5026850.542,45.37913538,-75.75022024,12625
18--8551,8/17/2018,10:59 AM,CUMBERLAND ST @ ST. PATRICK ST (0008238),8238,03 - At intersection,02 - Non-fatal injury,02 - Angle,"07 - Fog, mist, smoke, dust",01 - Daylight,02 - Wet,01 - Traffic signal,01 - Functioning,2,0,0,0,02 - Minor,1,,1,,,368128.705,5032748.582,45.43180273,-75.69063061,12626