Anom_ID,Accident_Date,Accident_Time,Location,Geo_ID,Accident_Location,Classification_of_Accident,Initial_Impact_Type,Environment_Condition,Light,Road_Surface_Condition,Traffic_Control,Traffic_Control_Condition,No__of_Vehicles,No__of_Bicycles,No__of_Motorcycles,No__of_Pedestrians,Max_Injury,No__of_Injuries,No__of_Minimal,No__of_Minor,No__of_Major,No__of_Fatal,X,Y,Latitude,Longitude,ObjectId
18--8552,8/17/2018,11:29 AM,ST. LAURENT BLVD @ MCARTHUR AVE (0008246),8246,02 - Intersection related,03 - P.D. only,03 - Rear end,02 - Rain,01 - Daylight,02 - Wet,01 - Traffic signal,01 - Functioning,2,0,0,0,,0,,,,,371921.719,5032887.575,45.43269956,-75.64214055,12627
18--8553,8/17/2018,Unknown,PINE BLUFF TR btwn TRAILWAY CIRC & TRAILWAY CIRC (__3ZACQI),__3ZACQI,01 - Non intersection,03 - P.D. only,06 - SMV unattended vehicle,00 - Unknown,00 - Unknown,00 - Unknown,10 - No control,,1,0,0,0,,0,,,,,350381.6905,5014200.192,45.2662824,-75.91914107,12628
18--8554,8/17/2018,12:00 PM,GREENBANK RD @ WEST HUNT CLUB RD (0005167),5167,02 - Intersection related,03 - P.D. only,03 - Rear end,01 - Clear,01 - Daylight,01 - Dry,01 - Traffic signal,01 - Functioning,2,0,0,0,,0,,,,,361479.6776,5020502.479,45.3221839,-75.77700658,12629
18--8555,8/17/2018,12:25 PM,BAYSHORE DR @ RICHMOND RD (0010407),10407,02 - Intersection related,03 - P.D. only,03 - Rear end,02 - Rain,01 - Daylight,02 - Wet,01 - Traffic signal,01 - Functioning,2,0,0,0,,0,,,,,359372.6849,5023368.526,45.34813963,-75.80356484,12630
18--8556,8/17/2018,12:46 PM,CARLING AVE @ ISLAND PARK DR (0010785),10785,03 - At intersection,03 - P.D. only,02 - Angle,01 - Clear,01 - Daylight,01 - Dry,01 - Traffic signal,01 - Functioning,2,0,0,0,,0,,,,,365348.6247,5027997.595,45.38930074,-75.72674153,12631
18--8557,8/17/2018,2:13 PM,BANK ST btwn BANK ST EXTENSION NB & JOHNSTON RD (__3ZA37U),__3ZA37U,01 - Non intersection,03 - P.D. only,03 - Rear end,01 - Clear,01 - Daylight,01 - Dry,10 - No control,,2,0,0,0,,0,,,,,370840.1234,5024868.08,45.36064615,-75.65703612,12632
18--8558,8/17/2018,3:43 PM,FRANKTOWN RD @ GREEN'S RD (0000031),31,02 - Intersection related,03 - P.D. only,03 - Rear end,01 - Clear,01 - Daylight,01 - Dry,02 - Stop sign,01 - Functioning,3,0,0,0,,0,,,,,352344.5641,5002194.332,45.15811908,-75.89527506,12633
18--8559,8/17/2018,3:45 PM,MITCH OWENS RD btwn TEENA COLLEEN PRIV & ALBION RD (__3ZA3TR),__3ZA3TR,01 - Non intersection,03 - P.D. only,05 - Turning movement,02 - Rain,01 - Daylight,02 - Wet,10 - No control,,2,0,0,0,,0,,,,,375893.8179,5014796.307,45.26953011,-75.59398179,12634
18--856,1/15/2018,3:35 AM,KENNEVALE DR @ STRANDHERD DR (0010896),10896,02 - Intersection related,03 - P.D. only,07 - SMV other,01 - Clear,07 - Dark,04 - Slush,01 - Traffic signal,01 - Functioning,1,0,0,0,,0,,,,,361491.5116,5014098.852,45.26456282,-75.77758759,12635
18--8560,8/17/2018,3:45 PM,BLACKBURN BYPASS @ INNES RD W (0009340),9340,02 - Intersection related,03 - P.D. only,02 - Angle,02 - Rain,01 - Daylight,02 - Wet,01 - Traffic signal,01 - Functioning,2,0,0,0,,0,,,,,377187.3248,5032175.8,45.42577023,-75.57495579,12636
18--8561,8/17/2018,4:09 PM,BEAUSEJOUR DR @ JEANNE D'ARC BLVD (0003636),3636,02 - Intersection related,03 - P.D. only,03 - Rear end,01 - Clear,01 - Daylight,02 - Wet,01 - Traffic signal,01 - Functioning,3,0,0,0,,0,,,,,381420.7472,5036060.572,45.46027143,-75.52025938,12637
18--8562,8/17/2018,4:29 PM,PRESTON ST @ SOMERSET ST (0002215),2215,03 - At intersection,02 - Non-fatal injury,05 - Turning movement,01 - Clear,01 - Daylight,01 - Dry,01 - Traffic signal,01 - Functioning,2,0,0,0,01 - Minimal,1,1,,,,366307.6712,5030127.592,45.40838234,-75.71422921,12638
18--8563,8/17/2018,4:38 PM,BASELINE RD btwn CLYDE AVE & 207 E OF CLYDE AVE (__3ZA4ISA),__3ZA4ISA,01 - Non intersection,02 - Non-fatal injury,07 - SMV other,01 - Clear,01 - Daylight,01 - Dry,10 - No control,,1,0,0,1,01 - Minimal,1,1,,,,364446.5258,5024946.582,45.36192563,-75.73862958,12639
18--8564,8/17/2018,5:02 PM,MITCH OWENS RD/BRIDGE ST @ RIVER RD (0003573),3573,02 - Intersection related,03 - P.D. only,03 - Rear end,01 - Clear,01 - Daylight,01 - Dry,01 - Traffic signal,01 - Functioning,2,0,0,0,,0,,,,,369499.7079,5010770.399,45.23392272,-75.67598334,12640
18--8565,8/17/2018,5:23 PM,CAMPEAU DR/HWY 417 MARCH IC138R63 @ MARCH RD (0009710),9710,02 - Intersection related,02 - Non-fatal injury,03 - Rear end,01 - Clear,01 - Daylight,01 - Dry,01 - Traffic signal,01 - Functioning,3,0,0,0,02 - Minor,1,,1,,,352841.6247,5020476.467,45.32259414,-75.8871873,12641
18--8566,8/17/2018,5:59 PM,LYON ST    N btwn FLORA ST & ARLINGTON AVE (__3ZA3PN),__3ZA3PN,01 - Non intersection,03 - P.D. only,04 - Sideswipe,01 - Clear,01 - Daylight,01 - Dry,10 - No control,,2,0,0,0,,0,,,,,367675.6364,5030209.39,45.40899678,-75.6967445,12642
18--8567,8/17/2018,6:15 AM,HAWTHORNE RD @ LEITRIM RD (0009269),9269,02 - Intersection related,03 - P.D. only,03 - Rear end,01 - Clear,03 - Dawn,02 - Wet,01 - Traffic signal,01 - Functioning,2,0,0,0,,0,,,,,377038.7615,5022709.502,45.34061303,-75.57823929,12643
18--8568,8/17/2018,7:14 AM,NAVAHO DR @ WOODROFFE AVE/TRANSITWAY N BASELIN (0010359),10359,03 - At intersection,03 - P.D. only,05 - Turning movement,01 - Clear,01 - Daylight,01 - Dry,01 - Traffic signal,01 - Functioning,2,0,0,0,,0,,,,,362706.2413,5023492.801,45.34899055,-75.7610122,12644
18--8569,8/17/2018,7:16 AM,OGILVIE RD btwn 240 W OF BLAIR RD & CITY PARK DR (__3ZA2DOB),__3ZA2DOB,01 - Non intersection,02 - Non-fatal injury,04 - Sideswipe,01 - Clear,01 - Daylight,01 - Dry,10 - No control,,3,0,0,1,02 - Minor,4,1,3,,,374502.9279,5033195.771,45.43522003,-75.60911131,12645
18--857,1/15/2018,3:54 PM,INNES RD @ VISENEAU DR (0012442),12442,02 - Intersection related,03 - P.D. only,04 - Sideswipe,01 - Clear,01 - Daylight,05 - Packed snow,01 - Traffic signal,01 - Functioning,2,0,0,0,,0,,,,,381798.7508,5035073.556,45.45134952,-75.51558115,12646
18--8570,8/17/2018,7:29 AM,BLAIR RD @ OGILVIE RD (0004120),4120,02 - Intersection related,03 - P.D. only,03 - Rear end,01 - Clear,01 - Daylight,01 - Dry,01 - Traffic signal,01 - Functioning,3,0,0,0,,0,,,,,374507.7234,5033198.575,45.43524478,-75.60904963,12647
18--8571,8/17/2018,8:04 AM,RAMSAYVILLE RD @ MITCH OWENS RD (0003575),3575,03 - At intersection,03 - P.D. only,02 - Angle,01 - Clear,01 - Daylight,01 - Dry,02 - Stop sign,01 - Functioning,2,0,0,0,,0,,,,,381144.7915,5018038.472,45.29815101,-75.52657405,12648
18--8572,8/17/2018,8:11 AM,DALHOUSIE ST btwn GEORGE ST & RIDEAU ST (__3ZA8ZX),__3ZA8ZX,01 - Non intersection,03 - P.D. only,04 - Sideswipe,01 - Clear,01 - Daylight,01 - Dry,10 - No control,,2,0,0,0,,0,,,,,368167.8181,5032297.613,45.42774152,-75.69018881,12649
18--8573,8/17/2018,8:16 AM,QUEEN MARY ST @ VANIER PKWY (0007648),7648,03 - At intersection,03 - P.D. only,03 - Rear end,02 - Rain,01 - Daylight,02 - Wet,01 - Traffic signal,01 - Functioning,3,0,0,0,,0,,,,,370363.7104,5031957.585,45.4244797,-75.66217456,12650
18--8574,8/17/2018,8:51 PM,TAPIOLA CRES btwn BRANDO CRES & SOMERO PRIV (1) (__3ZA2HH),__3ZA2HH,01 - Non intersection,03 - P.D. only,06 - SMV unattended vehicle,01 - Clear,07 - Dark,01 - Dry,10 - No control,,1,0,0,0,,0,,,,,372279.1286,5025348.733,45.36483386,-75.63860449,12651
18--8575,8/17/2018,9:20 AM,FAIRMONT AVE @ YOUNG ST (0010721),10721,02 - Intersection related,02 - Non-fatal injury,02 - Angle,02 - Rain,01 - Daylight,02 - Wet,02 - Stop sign,01 - Functioning,2,1,0,0,02 - Minor,1,,1,,,365822.6968,5029151.544,45.39964256,-75.72054505,12652
18--8576,8/17/2018,9:30 PM,INNES RD btwn CYRVILLE RD & STONEHENGE CRES (__3ZA3RE),__3ZA3RE,01 - Non intersection,03 - P.D. only,07 - SMV other,01 - Clear,07 - Dark,01 - Dry,10 - No control,,1,0,0,0,,0,,,,,375173.2864,5031201.868,45.41721286,-75.60082925,12653
18--8577,8/18/2018,1:14 PM,AVIATION PKWY @ AVIATION/ROCKCLIFFE PKWY WB ON (0002033),2033,03 - At intersection,02 - Non-fatal injury,02 - Angle,01 - Clear,01 - Daylight,01 - Dry,02 - Stop sign,01 - Functioning,2,1,0,0,01 - Minimal,1,1,,,,371682.9529,5035491.795,45.45615396,-75.64483782,12654
18--8578,8/18/2018,1:18 PM,WEST HUNT CLUB RD @ HUNT CLUB RD (0010855),10855,03 - At intersection,02 - Non-fatal injury,05 - Turning movement,01 - Clear,01 - Daylight,01 - Dry,01 - Traffic signal,01 - Functioning,2,0,0,0,02 - Minor,3,,3,,,367803.0121,5021886.703,45.33409987,-75.69617895,12655
18--8579,8/18/2018,10:29 PM,RIVERSIDE DR NB btwn BILLINGS BRIDGE SC RAMP SB & BANK ST (__3ZA3NN),__3ZA3NN,01 - Non intersection,03 - P.D. only,04 - Sideswipe,01 - Clear,07 - Dark,01 - Dry,10 - No control,,2,0,0,0,,0,,,,,369254.2881,5027837.878,45.38751511,-75.6768887,12656
18--858,1/15/2018,4:00 PM,STONEHAVEN DR btwn BRIDLEWOOD DR & TAMARA WAY (__3ZA6LU),__3ZA6LU,01 - Non intersection,02 - Non-fatal injury,03 - Rear end,01 - Clear,05 - Dusk,06 - Ice,10 - No control,,2,0,0,0,01 - Minimal,1,1,,,,354908.4973,5016944.934,45.29067228,-75.86118119,12657
18--8580,8/18/2018,10:32 AM,LOYALIST ST @ WHITE SPRUCE ST (0005380),5380,03 - At intersection,02 - Non-fatal injury,02 - Angle,01 - Clear,01 - Daylight,01 - Dry,02 - Stop sign,01 - Functioning,2,0,0,0,01 - Minimal,1,1,,,,375697.7256,5001000.327,45.14541672,-75.59844366,12658
18--8581,8/18/2018,11:50 AM,ROLLING MEADOW CRES btwn ESTERBROOK DR N & KNOTRIDGE ST (__67PTLY),__67PTLY,01 - Non intersection,03 - P.D. only,06 - SMV unattended vehicle,01 - Clear,01 - Daylight,01 - Dry,10 - No control,,1,0,0,0,,0,,,,,381794.763,5032556.656,45.4287049,-75.51602585,12659
18--8582,8/18/2018,11:53 AM,PINECREST RD @ RICHMOND RD (0002353),2353,03 - At intersection,03 - P.D. only,02 - Angle,01 - Clear,01 - Daylight,01 - Dry,01 - Traffic signal,01 - Functioning,2,0,0,0,,0,,,,,360072.6704,5024471.512,45.35800947,-75.79450927,12660
18--8583,8/18/2018,Unknown,O'CONNOR ST btwn FRANK ST & GLADSTONE AVE (__3ZBOE2),__3ZBOE2,01 - Non intersection,03 - P.D. only,06 - SMV unattended vehicle,01 - Clear,00 - Unknown,01 - Dry,10 - No control,,1,0,0,0,,0,,,,,368066.3068,5030672.814,45.41313132,-75.69169459,12661
18--8584,8/18/2018,12:53 AM,APPLE ORCHARD RD btwn BLOSSOM TRAIL DR & STAGECOACH RD (__3ZA7ZB),__3ZA7ZB,01 - Non intersection,02 - Non-fatal injury,07 - SMV other,01 - Clear,07 - Dark,01 - Dry,10 - No control,,1,0,0,0,03 - Major,1,,,1,,376112.3148,5012523.57,45.24905862,-75.59152381,12662
18--8585,8/18/2018,2:01 PM,WOODROFFE AVE btwn GEORGINA DR & HWY417 IC127 RAMP36 (__3ZA4L6),__3ZA4L6,04 - At/near private drive,03 - P.D. only,03 - Rear end,01 - Clear,01 - Daylight,01 - Dry,10 - No control,,2,0,0,0,,0,,,,,362019.3354,5025097.73,45.36348796,-75.76959187,12663
18--8586,8/18/2018,2:09 AM,ANDERSON RD/WEIR RD @ RENAUD RD (0003583),3583,03 - At intersection,03 - P.D. only,02 - Angle,03 - Snow,07 - Dark,03 - Loose snow,11 - Roundabout,01 - Functioning,2,0,0,0,,0,,,,,377767.7482,5031503.561,45.41966155,-75.56763906,12664
18--8587,8/18/2018,3:46 PM,PRINCETON AVE btwn ROOSEVELT AVE & MELBOURNE AVE (__3ZA5W2),__3ZA5W2,04 - At/near private drive,03 - P.D. only,02 - Angle,01 - Clear,01 - Daylight,01 - Dry,10 - No control,,2,0,0,0,,0,,,,,363262.7403,5027662.515,45.38646296,-75.75341746,12665
18--8588,8/18/2018,5:08 PM,PORTOBELLO BLVD @ VALIN ST (0012844),12844,03 - At intersection,03 - P.D. only,02 - Angle,01 - Clear,01 - Daylight,01 - Dry,02 - Stop sign,01 - Functioning,2,0,0,0,,0,,,,,385350.7659,5037697.569,45.47455749,-75.46974637,12666
18--8589,8/18/2018,5:38 AM,BASELINE RD @ MERIVALE RD (0002342),2342,03 - At intersection,02 - Non-fatal injury,02 - Angle,01 - Clear,03 - Dawn,01 - Dry,01 - Traffic signal,01 - Functioning,2,0,0,0,02 - Minor,3,,3,,,365054.6958,5025325.515,45.3652832,-75.73082097,12667
18--859,1/15/2018,4:15 PM,CARLING AVE @ CHAMPAGNE AVE (0002024),2024,02 - Intersection related,03 - P.D. only,04 - Sideswipe,01 - Clear,01 - Daylight,05 - Packed snow,01 - Traffic signal,01 - Functioning,2,0,0,0,,0,,,,,366626.6551,5028809.844,45.39649749,-75.71031973,12668
18--8590,8/18/2018,5:40 PM,HIGHWAY 417 btwn HWY417 IC127 RAMP25 & HWY417 IC126 RAMP51 (__3ZA2XA),__3ZA2XA,01 - Non intersection,03 - P.D. only,03 - Rear end,01 - Clear,01 - Daylight,01 - Dry,10 - No control,,2,0,0,0,,0,,,,,363004.8909,5025603.163,45.36795465,-75.75695271,12669
18--8591,8/18/2018,5:55 PM,BLAIR RD @ INNES RD (0004165),4165,03 - At intersection,03 - P.D. only,04 - Sideswipe,01 - Clear,01 - Daylight,01 - Dry,01 - Traffic signal,01 - Functioning,2,0,0,0,,0,,,,,375578.735,5031439.555,45.41931053,-75.59561528,12670
18--8592,8/18/2018,6:05 PM,BIRCH AVE EXT./ROCKCLIFFE PKWY @ ROCKCLIFFE PK (0008782),8782,02 - Intersection related,02 - Non-fatal injury,03 - Rear end,01 - Clear,01 - Daylight,01 - Dry,02 - Stop sign,00 - Unknown,2,0,1,0,03 - Major,2,,,2,,370128.6793,5035705.621,45.45822491,-75.66468013,12671
18--8593,8/18/2018,6:37 PM,INNES RD @ JEANNE D'ARC BLVD/MER BLEUE RD (0012475),12475,02 - Intersection related,03 - P.D. only,03 - Rear end,01 - Clear,01 - Daylight,01 - Dry,01 - Traffic signal,01 - Functioning,2,0,0,0,,0,,,,,382637.7535,5035567.554,45.45570115,-75.50477805,12672
18--8594,8/18/2018,8:00 PM,STRANDHERD DR btwn ANDORA AVE & JOCKVALE RD (__3ZAZMN),__3ZAZMN,01 - Non intersection,03 - P.D. only,04 - Sideswipe,01 - Clear,05 - Dusk,01 - Dry,10 - No control,,2,0,0,0,,0,,,,,363555.7218,5014574.995,45.26867777,-75.75122953,12673
18--8595,8/18/2018,8:35 PM,CLEARBROOK DR/MARKETPLACE AVE @ LONGFIELDS DR (0011162),11162,03 - At intersection,03 - P.D. only,05 - Turning movement,01 - Clear,07 - Dark,01 - Dry,01 - Traffic signal,01 - Functioning,2,0,0,0,,0,,,,,364631.8301,5014953.584,45.27199359,-75.73747142,12674
18--8596,8/19/2018,1:50 PM,LANCASTER RD btwn SMYTH RD & GLADWIN CRES (__3ZA782),__3ZA782,01 - Non intersection,03 - P.D. only,03 - Rear end,01 - Clear,01 - Daylight,01 - Dry,10 - No control,,2,0,0,0,,0,,,,,373380.0916,5029437.609,45.40151695,-75.6239839,12675
18--8597,8/19/2018,1:58 PM,BLACKSTONE CRES btwn SOUTHVALE CRES & BARBERRY LANE (2) (__3ZA75Q),__3ZA75Q,01 - Non intersection,03 - P.D. only,01 - Approaching,01 - Clear,01 - Daylight,01 - Dry,10 - No control,,2,0,0,0,,0,,,,,374601.8727,5028717.801,45.39491972,-75.60848107,12676
18--8598,8/19/2018,12:14 PM,"MCARTHUR AVE @ EGLISE, RUE DE L/MOORVALE ST (0007763)",7763,03 - At intersection,03 - P.D. only,05 - Turning movement,01 - Clear,01 - Daylight,01 - Dry,01 - Traffic signal,01 - Functioning,2,0,0,0,,0,,,,,371445.7168,5032824.578,45.43217827,-75.64823201,12677
18--8599,8/19/2018,12:26 AM,OLD SECOND LINE RD @ TERRY FOX DR (0013616),13616,02 - Intersection related,03 - P.D. only,07 - SMV other,01 - Clear,07 - Dark,01 - Dry,01 - Traffic signal,01 - Functioning,1,0,0,0,,0,,,,,348795.2,5022408.413,45.34024358,-75.93862864,12678
18--86,1/2/2018,12:56 PM,MONTREAL RD btwn BETHAMY LANE & OGILVIE RD (__3ZA2DX),__3ZA2DX,04 - At/near private drive,02 - Non-fatal injury,02 - Angle,03 - Snow,01 - Daylight,05 - Packed snow,10 - No control,,2,0,0,0,01 - Minimal,1,1,,,,375598.6374,5034518.259,45.4470089,-75.59491831,12679
18--860,1/15/2018,4:25 PM,TENTH LINE RD @ OR174 IC101 RAMP26 (0009164),9164,02 - Intersection related,03 - P.D. only,03 - Rear end,01 - Clear,01 - Daylight,06 - Ice,10 - No control,,2,0,0,0,,0,,,,,382761.7929,5038939.723,45.48602712,-75.50265733,12680
18--8600,8/19/2018,12:29 AM,STRANDHERD DR btwn Continuation of STRANDHERD DR & MCKENNA CASEY DR (__3ZAZM9),__3ZAZM9,01 - Non intersection,03 - P.D. only,07 - SMV other,01 - Clear,07 - Dark,01 - Dry,10 - No control,,1,0,0,0,,0,,,,,361818.3808,5013667.138,45.2606518,-75.77347223,12681
18--8601,8/19/2018,2:13 PM,SCOTT ST @ WINONA AVE (0005131),5131,02 - Intersection related,03 - P.D. only,04 - Sideswipe,01 - Clear,01 - Daylight,01 - Dry,02 - Stop sign,01 - Functioning,2,0,0,0,,0,,,,,363163.6862,5028629.554,45.39517249,-75.75456792,12682
18--8602,8/19/2018,3:40 PM,NORICE ST @ WOODROFFE AVE (0001542),1542,02 - Intersection related,03 - P.D. only,02 - Angle,01 - Clear,01 - Daylight,01 - Dry,01 - Traffic signal,01 - Functioning,2,0,0,0,,0,,,,,363194.6838,5022397.492,45.33909455,-75.75490863,12683
18--8603,8/19/2018,3:49 PM,BANK ST btwn FIRST AVE & SECOND AVE (__3ZA3O4),__3ZA3O4,01 - Non intersection,03 - P.D. only,06 - SMV unattended vehicle,01 - Clear,01 - Daylight,01 - Dry,10 - No control,,1,0,0,0,,0,,,,,368284.6098,5029678.013,45.40416065,-75.68903388,12684
18--8604,8/19/2018,4:00 PM,BYRON AVE @ ISLAND PARK DR (0006365),6365,02 - Intersection related,03 - P.D. only,03 - Rear end,01 - Clear,01 - Daylight,01 - Dry,01 - Traffic signal,01 - Functioning,2,0,0,0,,0,,,,,364255.6796,5028603.608,45.39484717,-75.74062512,12685
18--8605,8/19/2018,4:18 PM,BANK ST @ RIVERSIDE DR N (0010778),10778,03 - At intersection,03 - P.D. only,02 - Angle,01 - Clear,01 - Daylight,01 - Dry,01 - Traffic signal,01 - Functioning,2,0,0,0,,0,,,,,369225.7153,5027983.546,45.38882841,-75.67723453,12686
18--8606,8/19/2018,4:28 PM,HIGHWAY 417 btwn HWY417 IC131 RAMP55 & HWY417 IC130 RAMP35 (__3ZA1MT),__3ZA1MT,01 - Non intersection,03 - P.D. only,03 - Rear end,01 - Clear,01 - Daylight,01 - Dry,10 - No control,,2,0,0,0,,0,,,,,359102.6388,5023048.185,45.34527816,-75.80704598,12687
18--8607,8/19/2018,4:30 PM,LONGLEAF DR btwn MONTCLAIR AVE & APPLE LEAF WAY (__3E6BMM),__3E6BMM,04 - At/near private drive,03 - P.D. only,02 - Angle,01 - Clear,01 - Daylight,01 - Dry,10 - No control,,2,0,0,0,,0,,,,,380654.3163,5033682.169,45.43895604,-75.53042496,12688
18--8608,8/19/2018,4:37 PM,RICHMOND RD btwn ROBERTSON RD & STINSON AVE (__3ZA4YR),__3ZA4YR,01 - Non intersection,02 - Non-fatal injury,07 - SMV other,01 - Clear,01 - Daylight,01 - Dry,10 - No control,,1,0,0,0,02 - Minor,1,,1,,,357620.9325,5020775.824,45.32494444,-75.82619518,12689
18--8609,8/19/2018,4:42 PM,BANK ST btwn BELMONT AVE & GROVE AVE (__3ZA3N1),__3ZA3N1,01 - Non intersection,02 - Non-fatal injury,04 - Sideswipe,01 - Clear,01 - Daylight,01 - Dry,10 - No control,,2,1,0,0,01 - Minimal,1,1,,,,368811.6272,5028422.897,45.39281953,-75.68246522,12690
18--861,1/15/2018,4:30 PM,HARTIN ST btwn Continuation of HARTIN ST & HAZELDEAN RD (__3ZACR3),__3ZACR3,04 - At/near private drive,03 - P.D. only,07 - SMV other,01 - Clear,01 - Daylight,05 - Packed snow,10 - No control,,1,0,0,0,,0,,,,,350038.4498,5015396.397,45.27706842,-75.92340587,12691
18--8610,8/19/2018,7:30 PM,ALBION RD @ BRIDLE PATH DR (0009630),9630,02 - Intersection related,02 - Non-fatal injury,03 - Rear end,01 - Clear,01 - Daylight,01 - Dry,01 - Traffic signal,01 - Functioning,2,0,0,0,01 - Minimal,1,1,,,,372106.7287,5023740.502,45.35038014,-75.64102397,12692
18--8611,8/19/2018,8:06 PM,PRINCESS LOUISE DR btwn YORK MILLS DR & GLENMORE ST (__3ZA6OR),__3ZA6OR,01 - Non intersection,03 - P.D. only,06 - SMV unattended vehicle,01 - Clear,05 - Dusk,01 - Dry,10 - No control,,1,0,0,0,,0,,,,,383294.1019,5038230.653,45.47958791,-75.49596204,12693
18--8612,8/19/2018,9:04 PM,VANIER PKWY NB btwn RIVERSIDE DR & HWY417 IC117 RAMP26 (__3ZA4TH),__3ZA4TH,01 - Non intersection,03 - P.D. only,03 - Rear end,01 - Clear,07 - Dark,01 - Dry,10 - No control,,2,0,0,0,,0,,,,,370802.6954,5031347.495,45.41894908,-75.6566472,12694
18--8613,8/20/2018,1:38 PM,LEWIS ST btwn METCALFE ST & END (__3ZBPMQ),__3ZBPMQ,01 - Non intersection,02 - Non-fatal injury,04 - Sideswipe,01 - Clear,01 - Daylight,01 - Dry,10 - No control,,2,0,0,0,01 - Minimal,2,2,,,,368125.5673,5030926.424,45.41540786,-75.69090495,12695
18--8614,8/20/2018,10:15 AM,KNOXDALE RD @ WEST HUNT CLUB RD (0005165),5165,02 - Intersection related,03 - P.D. only,03 - Rear end,01 - Clear,01 - Daylight,01 - Dry,01 - Traffic signal,01 - Functioning,2,0,0,0,,0,,,,,361863.4237,5020584.373,45.32288969,-75.77210256,12696
18--8615,8/20/2018,11:33 AM,HIGHWAY 417 btwn HWY417 IC119A RAMP75 & HWY417 IC118 RAMP57 (__3ZA2R2),__3ZA2R2,01 - Non intersection,03 - P.D. only,04 - Sideswipe,01 - Clear,01 - Daylight,01 - Dry,10 - No control,,2,0,0,0,,0,,,,,368865.0944,5030650.24,45.41285553,-75.68149306,12697
18--8616,8/20/2018,12:24 AM,BADGELEY AVE btwn REMNOR AVE & REMNOR AVE (__54M2YQ),__54M2YQ,04 - At/near private drive,03 - P.D. only,06 - SMV unattended vehicle,01 - Clear,07 - Dark,01 - Dry,10 - No control,,1,0,0,0,,0,,,,,349561.7699,5020381.745,45.32195861,-75.92903109,12698
18--8617,8/20/2018,12:30 PM,LEES AVE btwn TURN LANE & TRANSIT (__4LN2VF),__4LN2VF,01 - Non intersection,02 - Non-fatal injury,07 - SMV other,01 - Clear,01 - Daylight,01 - Dry,10 - No control,,1,0,0,1,02 - Minor,1,,1,,,369284.3834,5031304.118,45.41870038,-75.67605115,12699
18--8618,8/20/2018,12:31 PM,RICHMOND RD btwn MARIELLE CRT & HIGH ST (__3ZA4M6),__3ZA4M6,01 - Non intersection,03 - P.D. only,06 - SMV unattended vehicle,01 - Clear,01 - Daylight,01 - Dry,10 - No control,,1,0,0,0,,0,,,,,359988.1744,5024332.219,45.35676277,-75.79560323,12700
18--8619,8/20/2018,2:40 PM,BANK ST @ HERON RD (0002155),2155,03 - At intersection,02 - Non-fatal injury,02 - Angle,01 - Clear,01 - Daylight,01 - Dry,01 - Traffic signal,01 - Functioning,2,1,0,0,02 - Minor,1,,1,,,369995.7201,5026851.542,45.37857176,-75.66755153,12701
18--862,1/15/2018,4:30 PM,INDIAN RD @ MEADOWLANDS DR (0001753),1753,03 - At intersection,03 - P.D. only,02 - Angle,01 - Clear,01 - Daylight,04 - Slush,02 - Stop sign,01 - Functioning,2,0,0,0,,0,,,,,364031.6902,5023267.516,45.34685277,-75.74412554,12702
18--8620,8/20/2018,2:42 PM,BASELINE RD btwn TURN LANE & MERIVALE RD (__3ZA4IA),__3ZA4IA,01 - Non intersection,03 - P.D. only,03 - Rear end,01 - Clear,01 - Daylight,01 - Dry,10 - No control,,2,0,0,0,,0,,,,,365036.9287,5025314.778,45.36518812,-75.73104906,12703
18--7721,7/21/2018,10:30 PM,BASELINE RD/HWY 416 RICHMOND IC75R53 @ RICHMON (0000148),148,02 - Intersection related,03 - P.D. only,03 - Rear end,01 - Clear,07 - Dark,01 - Dry,01 - Traffic signal,01 - Functioning,2,0,0,0,,0,,,,,358635.6185,5021821.507,45.33427646,-75.81313865,12704
18--7722,7/21/2018,10:48 PM,RIOCAN AVE @ STRANDHERD DR (0010997),10997,03 - At intersection,03 - P.D. only,07 - SMV other,01 - Clear,07 - Dark,01 - Dry,01 - Traffic signal,01 - Functioning,1,0,0,0,,0,,,,,364172.209,5014944.572,45.27195146,-75.74332964,12705
18--8443,8/14/2018,3:00 PM,BELLWOOD AVE @ BELMONT AVE (0007527),7527,03 - At intersection,03 - P.D. only,05 - Turning movement,01 - Clear,01 - Daylight,01 - Dry,01 - Traffic signal,01 - Functioning,2,0,0,0,,0,,,,,369003.4321,5028541.386,45.39386809,-75.68000038,12706
18--7723,7/21/2018,12:15 AM,CLARENCE ST @ DALHOUSIE ST (0008415),8415,02 - Intersection related,03 - P.D. only,03 - Rear end,01 - Clear,07 - Dark,01 - Dry,01 - Traffic signal,01 - Functioning,2,0,0,0,,0,,,,,368042.7192,5032503.605,45.42960629,-75.6917609,12707
18--7724,7/21/2018,2:42 AM,MONTREAL RD btwn BURMA RD & MONTREAL RD (__3ZA2D6),__3ZA2D6,01 - Non intersection,02 - Non-fatal injury,07 - SMV other,01 - Clear,07 - Dark,01 - Dry,10 - No control,,1,0,0,1,02 - Minor,1,,1,,,373424.6621,5034499.269,45.44705486,-75.62270948,12708
18--8444,8/14/2018,3:15 PM,TRIM RD @ WATTERS RD (0012847),12847,03 - At intersection,03 - P.D. only,05 - Turning movement,01 - Clear,01 - Daylight,01 - Dry,01 - Traffic signal,01 - Functioning,2,0,0,0,,0,,,,,384964.6523,5038717.576,45.48377895,-75.47451754,12709