Anom_ID,Accident_Date,Accident_Time,Location,Geo_ID,Accident_Location,Classification_of_Accident,Initial_Impact_Type,Environment_Condition,Light,Road_Surface_Condition,Traffic_Control,Traffic_Control_Condition,No__of_Vehicles,No__of_Bicycles,No__of_Motorcycles,No__of_Pedestrians,Max_Injury,No__of_Injuries,No__of_Minimal,No__of_Minor,No__of_Major,No__of_Fatal,X,Y,Latitude,Longitude,ObjectId
18--7725,7/21/2018,3:30 PM,ST. JOSEPH BLVD/OLD MONTREAL RD @ TRIM RD (0004118),4118,03 - At intersection,03 - P.D. only,04 - Sideswipe,01 - Clear,01 - Daylight,01 - Dry,11 - Roundabout,00 - Unknown,2,0,0,0,,0,,,,,384682.7292,5039285.451,45.48892045,-75.47803098,12710
18--8445,8/14/2018,3:21 PM,MCARTHUR AVE @ VANIER PKWY (0004626),4626,02 - Intersection related,03 - P.D. only,07 - SMV other,02 - Rain,01 - Daylight,02 - Wet,01 - Traffic signal,01 - Functioning,1,0,0,0,,0,,,,,370218.7046,5032690.586,45.43108852,-75.66392999,12711
18--8446,8/14/2018,3:28 PM,HIGHWAY 417 btwn HWY417 IC127 RAMP25 & HWY417 IC126 RAMP51 (__3ZA2XA),__3ZA2XA,01 - Non intersection,03 - P.D. only,03 - Rear end,01 - Clear,01 - Daylight,01 - Dry,10 - No control,,3,0,0,0,,0,,,,,362761.7153,5025321.065,45.36543652,-75.76008994,12712
18--8447,8/14/2018,3:31 PM,PRINCE OF WALES DR @ NORMANDY CRES S/KOCHAR DR (0006961),6961,03 - At intersection,02 - Non-fatal injury,05 - Turning movement,01 - Clear,01 - Daylight,01 - Dry,01 - Traffic signal,01 - Functioning,2,0,0,0,02 - Minor,1,,1,,,367446.7092,5024562.521,45.35820825,-75.70038546,12713
18--8448,8/14/2018,3:43 PM,HOLLAND AVE @ RUSKIN ST (0006676),6676,03 - At intersection,03 - P.D. only,02 - Angle,02 - Rain,01 - Daylight,02 - Wet,02 - Stop sign,01 - Functioning,2,0,0,0,,0,,,,,365279.7019,5028350.557,45.39248257,-75.72757839,12714
18--8449,8/14/2018,4:00 AM,FLEWELLYN RD btwn NO NAME & BLACK'S SIDE RD (__3ZACRE),__3ZACRE,01 - Non intersection,03 - P.D. only,07 - SMV other,"07 - Fog, mist, smoke, dust",07 - Dark,02 - Wet,10 - No control,,1,0,0,0,,0,,,,,350439.9362,5009897.489,45.22756131,-75.91879385,12715
18--845,1/15/2018,Unknown,WATERBRIDGE DR btwn CRESTWAY DR & OLDFIELD ST (__4CZRM3),__4CZRM3,01 - Non intersection,03 - P.D. only,06 - SMV unattended vehicle,01 - Clear,00 - Unknown,01 - Dry,10 - No control,,1,0,0,0,,0,,,,,366530.5431,5016121.06,45.28233436,-75.71313029,12716
18--8450,8/14/2018,4:17 PM,BAYVIEW RD btwn BURNSIDE AVE & SCOTT ST (__3ZA0V3),__3ZA0V3,04 - At/near private drive,03 - P.D. only,02 - Angle,01 - Clear,01 - Daylight,01 - Dry,10 - No control,,2,0,0,0,,0,,,,,365300.3294,5030197.874,45.40910253,-75.72708836,12717
18--8451,8/14/2018,4:48 PM,145 N OF VIMY PLACE PRIV @ BOOTH ST (0012250),12250,02 - Intersection related,03 - P.D. only,03 - Rear end,01 - Clear,01 - Daylight,01 - Dry,01 - Traffic signal,01 - Functioning,2,0,0,0,,0,,,,,366233.5783,5031084.814,45.41700167,-75.71505636,12718
18--8452,8/14/2018,4:55 PM,FALLOWFIELD RD @ WOODROFFE AVE (0010372),10372,02 - Intersection related,03 - P.D. only,03 - Rear end,02 - Rain,01 - Daylight,02 - Wet,01 - Traffic signal,01 - Functioning,2,0,0,0,,0,,,,,365085.1495,5017903.19,45.29849533,-75.73133624,12719
18--8453,8/14/2018,4:57 PM,WOODROFFE AVE btwn MAJESTIC DR & TO BE DETERMINED (__3ZA247),__3ZA247,01 - Non intersection,02 - Non-fatal injury,07 - SMV other,01 - Clear,01 - Daylight,01 - Dry,10 - No control,,1,0,0,1,02 - Minor,1,,1,,,363570.8418,5021475.774,45.33076959,-75.75021888,12720
18--8454,8/14/2018,5:00 PM,ROCKDALE RD S @ HIGHWAY 417 (0004639),4639,02 - Intersection related,03 - P.D. only,03 - Rear end,01 - Clear,01 - Daylight,01 - Dry,02 - Stop sign,01 - Functioning,2,0,0,0,,0,,,,,395261.3362,5022264.824,45.3344994,-75.34584465,12721
18--8455,8/14/2018,5:05 PM,LAURIER AVE   E btwn HENDERSON AVE & NELSON ST (__3ZA3VQ),__3ZA3VQ,04 - At/near private drive,03 - P.D. only,99 - Other,01 - Clear,01 - Daylight,01 - Dry,10 - No control,,2,0,0,0,,0,,,,,368832.0812,5032090.858,45.42582072,-75.68172758,12722
18--8456,8/14/2018,5:45 PM,PINECREST RD @ RICHMOND RD (0002353),2353,02 - Intersection related,02 - Non-fatal injury,03 - Rear end,01 - Clear,01 - Daylight,01 - Dry,01 - Traffic signal,01 - Functioning,2,0,0,0,01 - Minimal,1,1,,,,360072.6738,5024471.518,45.35800952,-75.79450923,12723
18--8457,8/14/2018,5:50 PM,MAITLAND AVE/HWY 417 MAITLAND IC126R53 @ HWY 4 (0008229),8229,02 - Intersection related,03 - P.D. only,05 - Turning movement,01 - Clear,01 - Daylight,01 - Dry,01 - Traffic signal,01 - Functioning,2,0,0,0,,0,,,,,363229.7465,5025774.487,45.3694775,-75.75406217,12724
18--8458,8/14/2018,6:00 PM,HUNT CLUB RD @ RIVERSIDE DR (0002237),2237,02 - Intersection related,03 - P.D. only,03 - Rear end,01 - Clear,01 - Daylight,01 - Dry,01 - Traffic signal,01 - Functioning,2,0,0,0,,0,,,,,368036.7031,5021945.499,45.33460788,-75.6931902,12725
18--8459,8/14/2018,6:38 AM,SCALA AVE @ PORTOBELLO BLVD (0013032),13032,03 - At intersection,03 - P.D. only,02 - Angle,01 - Clear,01 - Daylight,01 - Dry,02 - Stop sign,01 - Functioning,2,0,0,0,,0,,,,,385640.4886,5036379.872,45.46266867,-75.46625814,12726
18--846,1/15/2018,12:20 PM,FRANK BENDER ST @ JEANNE D'ARC BLVD (0003635),3635,02 - Intersection related,03 - P.D. only,03 - Rear end,01 - Clear,01 - Daylight,02 - Wet,01 - Traffic signal,01 - Functioning,2,0,0,0,,0,,,,,381870.7504,5035883.574,45.45862945,-75.51453384,12727
18--8460,8/14/2018,7:10 PM,WEST HUNT CLUB RD EB btwn 354 E OF WOODROFFE AVE/REC PATH & CLEOPATRA  (__3ZBOG1B),__3ZBOG1B,01 - Non intersection,02 - Non-fatal injury,07 - SMV other,01 - Clear,01 - Daylight,01 - Dry,10 - No control,,1,0,0,1,01 - Minimal,1,1,,,,364591.2272,5021633.753,45.33210487,-75.73718317,12728
18--8461,8/14/2018,7:12 PM,BLAIR RD @ REGIONAL RD 174 N/OR174 IC112 RAMP61 (0003617),3617,02 - Intersection related,03 - P.D. only,04 - Sideswipe,01 - Clear,01 - Daylight,01 - Dry,01 - Traffic signal,01 - Functioning,2,0,0,0,,0,,,,,374634.7315,5032991.575,45.43336963,-75.60745587,12729
18--8462,8/14/2018,7:31 AM,ALBION RD @ MITCH OWENS RD (0004212),4212,03 - At intersection,03 - P.D. only,02 - Angle,01 - Clear,01 - Daylight,01 - Dry,01 - Traffic signal,01 - Functioning,2,0,0,0,,0,,,,,375906.7538,5014804.449,45.26960206,-75.59381579,12730
18--8463,8/14/2018,8:16 AM,RIDGEWOOD AVE @ RIVERSIDE DR (0007180),7180,02 - Intersection related,03 - P.D. only,03 - Rear end,01 - Clear,01 - Daylight,01 - Dry,01 - Traffic signal,01 - Functioning,3,0,0,0,,0,,,,,368280.7049,5025609.532,45.36755398,-75.68960702,12731
18--8464,8/14/2018,8:28 AM,LOLA ST @ DONALD ST (0008513),8513,03 - At intersection,03 - P.D. only,02 - Angle,01 - Clear,01 - Daylight,01 - Dry,01 - Traffic signal,01 - Functioning,2,0,0,0,,0,,,,,371094.8738,5032359.566,45.42802764,-75.65277808,12732
18--8465,8/14/2018,8:48 PM,CARLING AVE @ KIRKWOOD AVE N (0002358),2358,03 - At intersection,02 - Non-fatal injury,07 - SMV other,01 - Clear,07 - Dark,01 - Dry,01 - Traffic signal,01 - Functioning,1,0,0,1,03 - Major,1,,,1,,364275.6918,5027493.534,45.38485722,-75.74050333,12733
18--8466,8/14/2018,9:07 AM,HIGHWAY 417 btwn HWY417 IC127 RAMP25 & HWY417 IC126 RAMP51 (__3ZA2XA),__3ZA2XA,01 - Non intersection,03 - P.D. only,03 - Rear end,01 - Clear,01 - Daylight,01 - Dry,10 - No control,,2,0,0,0,,0,,,,,363188.4469,5025861.906,45.37026753,-75.75457904,12734
18--8467,8/14/2018,9:46 AM,EAGLESON RD @ FALLOWFIELD RD (0000118),118,02 - Intersection related,03 - P.D. only,07 - SMV other,01 - Clear,01 - Daylight,01 - Dry,01 - Traffic signal,01 - Functioning,1,0,0,0,,0,,,,,355961.6345,5012594.405,45.25144941,-75.84820416,12735
18--8468,8/15/2018,10:05 AM,DUNNING RD btwn GIROUX RD & COLONIAL RD (__3ZA3K7),__3ZA3K7,04 - At/near private drive,03 - P.D. only,03 - Rear end,"07 - Fog, mist, smoke, dust",01 - Daylight,01 - Dry,10 - No control,,2,0,0,0,,0,,,,,393676.0547,5034503.409,45.44481058,-75.36386242,12736
18--8469,8/15/2018,10:13 PM,MARCH RD @ MORGAN'S GRANT WAY/SHIRLEY'S BROOK  (0002651),2651,03 - At intersection,02 - Non-fatal injury,05 - Turning movement,01 - Clear,07 - Dark,01 - Dry,01 - Traffic signal,01 - Functioning,2,0,0,0,02 - Minor,1,,1,,,349661.6093,5023617.51,45.35106844,-75.92746429,12737
18--847,1/15/2018,12:20 PM,CAHILL DR @ HUNT CLUB RD (0011394),11394,02 - Intersection related,03 - P.D. only,04 - Sideswipe,01 - Clear,01 - Daylight,01 - Dry,01 - Traffic signal,01 - Functioning,2,0,0,0,,0,,,,,372407.7344,5024542.509,45.35756736,-75.63707327,12738
18--8470,8/15/2018,10:49 AM,BYRON AVE @ ISLAND PARK DR (0006365),6365,02 - Intersection related,03 - P.D. only,03 - Rear end,01 - Clear,01 - Daylight,01 - Dry,01 - Traffic signal,01 - Functioning,3,0,0,0,,0,,,,,364255.7107,5028603.567,45.39484679,-75.74062473,12739
18--8471,8/15/2018,11:11 AM,BORRISOKANE RD btwn CAMBRIAN RD & STRANDHERD DR (__3ZA1CC),__3ZA1CC,01 - Non intersection,03 - P.D. only,07 - SMV other,01 - Clear,01 - Daylight,01 - Dry,10 - No control,,1,0,0,0,,0,,,,,362760.2489,5012133.687,45.24677672,-75.76165077,12740
18--8472,8/15/2018,11:13 AM,CYRVILLE RD @ INNES RD (0009352),9352,03 - At intersection,03 - P.D. only,05 - Turning movement,01 - Clear,01 - Daylight,01 - Dry,01 - Traffic signal,01 - Functioning,2,0,0,0,,0,,,,,375047.6639,5031119.552,45.41648484,-75.60244589,12741
18--8473,8/15/2018,11:26 PM,HIGHWAY 417 btwn HWY417 IC127 RAMP35 & HWY417 IC127 RAMP25 (__3ZA2RE),__3ZA2RE,01 - Non intersection,02 - Non-fatal injury,03 - Rear end,01 - Clear,07 - Dark,01 - Dry,10 - No control,,2,0,0,0,01 - Minimal,1,1,,,,362122.5972,5024827.327,45.36104646,-75.7683052,12742
18--8474,8/15/2018,11:29 AM,HWY417 IC127 RAMP53 btwn HWY417 IC127 RAMP51 & WOODROFFE AVE (__3ZAYBN),__3ZAYBN,01 - Non intersection,03 - P.D. only,03 - Rear end,01 - Clear,01 - Daylight,01 - Dry,10 - No control,,2,0,0,0,,0,,,,,362169.5272,5024659.517,45.35953268,-75.76772569,12743
18--8475,8/15/2018,11:45 AM,PRINCE OF WALES DR btwn BASELINE RD/HERON RD & GREEN VALLEY CRES (__3ZA3G7),__3ZA3G7,01 - Non intersection,03 - P.D. only,04 - Sideswipe,01 - Clear,01 - Daylight,01 - Dry,10 - No control,,2,0,0,0,,0,,,,,366900.632,5026535.035,45.37600508,-75.70710692,12744
18--8476,8/15/2018,Unknown,PRINCE OF WALES DR btwn VILLA CRES & MARYLAND AVE (__3ZA3G1),__3ZA3G1,01 - Non intersection,03 - P.D. only,06 - SMV unattended vehicle,01 - Clear,00 - Unknown,01 - Dry,10 - No control,,1,0,0,0,,0,,,,,367047.5287,5025955.646,45.37077884,-75.70530456,12745
18--8477,8/15/2018,Unknown,FINESCALE WAY btwn MILLARS SOUND WAY & PEARL DACE CRES (e___2JLG),e___2JLG,01 - Non intersection,03 - P.D. only,06 - SMV unattended vehicle,01 - Clear,00 - Unknown,01 - Dry,10 - No control,,1,0,0,0,,0,,,,,364333.732,5013214.721,45.25637257,-75.74147861,12746
18--8478,8/15/2018,Unknown,GEORGE ST    W btwn PRESTON ST & END (__3ZA06J),__3ZA06J,01 - Non intersection,03 - P.D. only,06 - SMV unattended vehicle,01 - Clear,00 - Unknown,01 - Dry,10 - No control,,1,0,0,0,,0,,,,,366609.0639,5029412.366,45.40192038,-75.71046889,12747
18--8479,8/15/2018,12:05 PM,INDUSTRIAL AVE @ RIVERSIDE DR (0011905),11905,02 - Intersection related,03 - P.D. only,04 - Sideswipe,01 - Clear,01 - Daylight,01 - Dry,01 - Traffic signal,01 - Functioning,2,0,0,0,,0,,,,,370684.7191,5030592.553,45.41216754,-75.65825542,12748
18--848,1/15/2018,12:26 PM,ALTA VISTA DR @ KILBORN AVE (0008082),8082,03 - At intersection,03 - P.D. only,02 - Angle,01 - Clear,01 - Daylight,03 - Loose snow,01 - Traffic signal,01 - Functioning,2,0,0,0,,0,,,,,370366.0715,5027750.842,45.3866288,-75.66270378,12749
18--8480,8/15/2018,12:26 PM,CRESTHAVEN DR @ BARNSTONE DR (0010930),10930,03 - At intersection,03 - P.D. only,07 - SMV other,01 - Clear,01 - Daylight,01 - Dry,02 - Stop sign,01 - Functioning,1,0,0,0,,0,,,,,366909.2812,5015100.818,45.27312094,-75.70843069,12750
18--8481,8/15/2018,2:02 PM,225 E OF RIVERSIDE DR / T & T SC @ HUNT CLUB RD (0013516),13516,02 - Intersection related,03 - P.D. only,03 - Rear end,01 - Clear,01 - Daylight,01 - Dry,01 - Traffic signal,01 - Functioning,4,0,0,0,,0,,,,,368235.6976,5022055.979,45.335584,-75.69063741,12751
18--8482,8/15/2018,2:55 PM,CARLING AVE @ WOODROFFE AVE W (0011470),11470,02 - Intersection related,03 - P.D. only,04 - Sideswipe,01 - Clear,01 - Daylight,01 - Dry,01 - Traffic signal,01 - Functioning,2,0,0,0,,0,,,,,361767.6834,5025725.513,45.3691572,-75.77273158,12752
18--8483,8/15/2018,3:30 PM,STRANDHERD DR btwn LONGFIELDS DR & CLARIDGE DR (__4BRV9S),__4BRV9S,04 - At/near private drive,03 - P.D. only,05 - Turning movement,01 - Clear,01 - Daylight,01 - Dry,10 - No control,,2,0,0,0,,0,,,,,364696.2835,5015259.872,45.27474408,-75.73661312,12753
18--8484,8/15/2018,3:41 PM,HWY 417 MAITLAND IC126R26/62 @ MAITLAND AVE (0008228),8228,02 - Intersection related,03 - P.D. only,03 - Rear end,01 - Clear,01 - Daylight,01 - Dry,01 - Traffic signal,01 - Functioning,2,0,0,0,,0,,,,,363145.6791,5025983.592,45.371366,-75.75511062,12754
18--8485,8/15/2018,3:45 PM,HIGHWAY 417 btwn HWY417 IC121A RAMP16 & HWY417 IC121A RAMP61 (__3ZA2YY),__3ZA2YY,01 - Non intersection,03 - P.D. only,03 - Rear end,01 - Clear,01 - Daylight,01 - Dry,10 - No control,,2,0,0,0,,0,,,,,367312.3814,5029780.712,45.4051722,-75.70143909,12755
18--8486,8/15/2018,4:00 PM,FIFTH AVE btwn GORDON ST & CHRYSLER ST (__3ZA9MZ),__3ZA9MZ,04 - At/near private drive,03 - P.D. only,02 - Angle,01 - Clear,01 - Daylight,01 - Dry,10 - No control,,2,0,0,0,,0,,,,,367771.8685,5029027.106,45.3983503,-75.69566621,12756
18--8487,8/15/2018,5:10 PM,HIGHWAY 417 btwn HWY417 IC145 RAMP55 & HWY417 IC144 RAMP51 (__3ZA2Q4),__3ZA2Q4,01 - Non intersection,03 - P.D. only,07 - SMV other,01 - Clear,01 - Daylight,01 - Dry,10 - No control,,1,0,0,0,,0,,,,,346916.1864,5015368.79,45.27701397,-75.96320172,12757
18--8488,8/15/2018,5:19 PM,REGIONAL ROAD 174 btwn OR174 IC112 RAMP26 & OR174 IC112 RAMP61 (__3ZA2XF),__3ZA2XF,01 - Non intersection,02 - Non-fatal injury,04 - Sideswipe,01 - Clear,01 - Daylight,01 - Dry,10 - No control,,5,0,0,0,03 - Major,5,1,3,1,,374853.1115,5032885.978,45.43239769,-75.60468017,12758
18--8489,8/15/2018,5:22 PM,UPLANDS DR btwn TO BE DETERMINED & RAMP (__3ZA0U8),__3ZA0U8,01 - Non intersection,03 - P.D. only,07 - SMV other,01 - Clear,01 - Daylight,01 - Dry,10 - No control,,1,0,0,0,,0,,,,,371069.5086,5021383.223,45.32926881,-75.65457536,12759
18--849,1/15/2018,12:28 PM,MONTREAL RD @ OGILVIE RD (0009279),9279,02 - Intersection related,03 - P.D. only,03 - Rear end,01 - Clear,01 - Daylight,01 - Dry,01 - Traffic signal,01 - Functioning,2,0,0,0,,0,,,,,375654.7353,5034556.586,45.44734806,-75.59419573,12760
18--8490,8/15/2018,5:23 PM,HIGHWAY 417 btwn HWY417 IC122 RAMP61 & HWY417 IC121B RAMP16 (__3ZA2Y4),__3ZA2Y4,01 - Non intersection,02 - Non-fatal injury,03 - Rear end,01 - Clear,01 - Daylight,01 - Dry,10 - No control,,2,0,0,0,01 - Minimal,1,1,,,,366242.2174,5029417.244,45.40199657,-75.71515383,12761
18--8491,8/15/2018,6:24 PM,FISHER AVE btwn TUNIS AVE & SHILLINGTON AVE (__3ZA3AU),__3ZA3AU,01 - Non intersection,03 - P.D. only,03 - Rear end,01 - Clear,01 - Daylight,01 - Dry,10 - No control,,3,0,0,0,,0,,,,,365516.6366,5027550.537,45.38526366,-75.72465107,12762
18--8492,8/15/2018,6:31 PM,BRONSON AVE @ COMMISSIONER ST/SLATER ST (0001679),1679,03 - At intersection,03 - P.D. only,02 - Angle,01 - Clear,01 - Daylight,01 - Dry,01 - Traffic signal,01 - Functioning,2,0,0,0,,0,,,,,366768.7054,5030948.568,45.41572858,-75.70823677,12763
18--13676,12/12/2018,5:52 PM,BASELINE RD @ FISHER AVE (0002346),2346,02 - Intersection related,03 - P.D. only,04 - Sideswipe,01 - Clear,07 - Dark,01 - Dry,01 - Traffic signal,01 - Functioning,2,0,0,0,,0,,,,,366166.8474,5026028.817,45.37151489,-75.7165378,4209
18--8494,8/15/2018,7:00 PM,BANK ST btwn CECIL AVE & HERON RD (__3ZA3AC),__3ZA3AC,01 - Non intersection,03 - P.D. only,01 - Approaching,01 - Clear,01 - Daylight,01 - Dry,10 - No control,,2,0,0,0,,0,,,,,369978.2666,5026898.763,45.37899827,-75.66776812,12765
18--8495,8/15/2018,8:30 AM,HWY417 IC122 RAMP61 btwn BEVERLEY AVE & HIGHWAY 417 (__3ZAY92),__3ZAY92,01 - Non intersection,03 - P.D. only,04 - Sideswipe,01 - Clear,01 - Daylight,01 - Dry,10 - No control,,2,0,0,0,,0,,,,,365628.5273,5029101.957,45.39921328,-75.7230311,12766
18--8496,8/15/2018,8:40 AM,BANK ST @ COLLINS AVE/WILDWOOD AVE (0006959),6959,02 - Intersection related,02 - Non-fatal injury,05 - Turning movement,01 - Clear,01 - Daylight,01 - Dry,02 - Stop sign,01 - Functioning,2,0,0,0,02 - Minor,1,,1,,,370050.7195,5026697.537,45.37718096,-75.66686969,12767
18--8497,8/15/2018,8:45 AM,MAITLAND AVE btwn HWY417 IC126 RAMP55 & HWY417 IC126 RAMP25 (__3ZA3GV),__3ZA3GV,01 - Non intersection,03 - P.D. only,03 - Rear end,01 - Clear,01 - Daylight,01 - Dry,10 - No control,,2,0,0,0,,0,,,,,363253.2878,5025716.676,45.36895536,-75.7537685,12768
18--8498,8/15/2018,9:38 AM,DONALD ST @ VANIER PKWY (0007644),7644,02 - Intersection related,03 - P.D. only,03 - Rear end,01 - Clear,01 - Daylight,01 - Dry,01 - Traffic signal,01 - Functioning,2,0,0,0,,0,,,,,370311.7133,5032270.586,45.42730083,-75.66279732,12769
18--8499,8/16/2018,1:12 PM,LAURIER AVE   E btwn LAURIER AVE W & NICHOLAS ST (__3E4JGF),__3E4JGF,01 - Non intersection,02 - Non-fatal injury,03 - Rear end,01 - Clear,01 - Daylight,01 - Dry,10 - No control,,2,0,0,0,02 - Minor,1,,1,,,368368.7895,5031795.363,45.42320422,-75.68768557,12770
18--85,1/2/2018,12:55 PM,RIVERSIDE DR @ HERON RD (0002236),2236,02 - Intersection related,03 - P.D. only,03 - Rear end,03 - Snow,01 - Daylight,03 - Loose snow,01 - Traffic signal,01 - Functioning,2,0,0,0,,0,,,,,368121.105,5026647.221,45.37690527,-75.69151123,12771
18--850,1/15/2018,12:35 PM,GREENBANK RD @ IRIS ST/HWY 417 IC129 RAMP51 (0009073),9073,02 - Intersection related,03 - P.D. only,03 - Rear end,01 - Clear,01 - Daylight,02 - Wet,01 - Traffic signal,01 - Functioning,2,0,0,0,,0,,,,,360531.3087,5023312.493,45.34754434,-75.78878638,12772
18--8500,8/16/2018,1:18 PM,BANK ST btwn ALTA VISTA DR & ERIE AVE (__3ZA36X),__3ZA36X,01 - Non intersection,02 - Non-fatal injury,03 - Rear end,01 - Clear,01 - Daylight,01 - Dry,10 - No control,,2,0,0,0,02 - Minor,3,1,2,,,370225.3835,5026256.45,45.37319591,-75.66469823,12773
18--8501,8/16/2018,1:19 PM,INNES RD @ JEANNE D'ARC BLVD/MER BLEUE RD (0012475),12475,03 - At intersection,02 - Non-fatal injury,05 - Turning movement,01 - Clear,01 - Daylight,01 - Dry,01 - Traffic signal,01 - Functioning,2,0,0,0,02 - Minor,1,,1,,,382637.7535,5035567.553,45.45570114,-75.50477805,12774
18--8502,8/16/2018,1:25 PM,SHEFFIELD RD @ WALKLEY RD (0005156),5156,02 - Intersection related,03 - P.D. only,03 - Rear end,01 - Clear,01 - Daylight,01 - Dry,01 - Traffic signal,01 - Functioning,2,0,0,0,,0,,,,,375257.7349,5028784.538,45.3954545,-75.60009581,12775
18--8503,8/16/2018,1:33 PM,LYNDA LANE @ SMYTH RD (0002250),2250,02 - Intersection related,03 - P.D. only,02 - Angle,01 - Clear,01 - Daylight,01 - Dry,02 - Stop sign,01 - Functioning,2,0,0,0,,0,,,,,371611.7225,5029191.548,45.39947399,-75.64660315,12776
18--8504,8/16/2018,10:43 AM,BANK ST btwn ALTA VISTA DR & ERIE AVE (__3ZA36X),__3ZA36X,04 - At/near private drive,03 - P.D. only,02 - Angle,01 - Clear,01 - Daylight,01 - Dry,10 - No control,,2,0,0,0,,0,,,,,370156.0316,5026422.936,45.37470037,-75.66556154,12777
18--8505,8/16/2018,11:20 AM,INDUSTRIAL AVE @ ALTA VISTA DR/SANDFORD FLEMIN (0006979),6979,02 - Intersection related,03 - P.D. only,03 - Rear end,01 - Clear,01 - Daylight,01 - Dry,01 - Traffic signal,01 - Functioning,2,0,0,0,,0,,,,,370884.7238,5030557.57,45.41183392,-75.65570512,12778
18--8506,8/16/2018,12:00 PM,HINTON AVE   N btwn WELLINGTON ST W & TYNDALL ST (__3ZBONW),__3ZBONW,01 - Non intersection,03 - P.D. only,06 - SMV unattended vehicle,01 - Clear,01 - Daylight,01 - Dry,10 - No control,,1,0,0,0,,0,,,,,365012.9179,5029174.555,45.39991972,-75.73088476,12779
18--8507,8/16/2018,12:28 PM,FALLOWFIELD RD @ STRANDHERD DR (0005238),5238,02 - Intersection related,03 - P.D. only,03 - Rear end,01 - Clear,01 - Daylight,01 - Dry,01 - Traffic signal,01 - Functioning,2,0,0,0,,0,,,,,360752.2246,5014962.154,45.27239009,-75.78691023,12780
18--8508,8/16/2018,12:57 PM,BRONSON AVE btwn FIRST AVE & SECOND AVE (__3ZA3OO),__3ZA3OO,01 - Non intersection,03 - P.D. only,03 - Rear end,01 - Clear,01 - Daylight,01 - Dry,10 - No control,,2,0,0,0,,0,,,,,367512.5214,5029180.282,45.39975181,-75.69895902,12781
18--8509,8/16/2018,2:04 PM,RICHMOND RD @ STONEHAVEN DR (0010370),10370,03 - At intersection,03 - P.D. only,05 - Turning movement,01 - Clear,01 - Daylight,01 - Dry,01 - Traffic signal,01 - Functioning,2,0,0,0,,0,,,,,356781.6409,5015891.437,45.28105668,-75.83741297,12782
18--851,1/15/2018,12:38 PM,INNES RD btwn EASTPARK DR & CLEROUX CRES (__3ZA2A6),__3ZA2A6,04 - At/near private drive,03 - P.D. only,05 - Turning movement,01 - Clear,01 - Daylight,02 - Wet,10 - No control,,2,0,0,0,,0,,,,,378935.3375,5033394.086,45.43654845,-75.55243739,12783
18--8510,8/16/2018,2:21 PM,AQUAVIEW DR/LAKERIDGE DR @ BRIAN COBURN BLVD (0013114),13114,03 - At intersection,02 - Non-fatal injury,02 - Angle,01 - Clear,01 - Daylight,01 - Dry,02 - Stop sign,01 - Functioning,2,1,0,0,02 - Minor,1,,1,,,384776.3378,5035179.102,45.45196472,-75.47750192,12784
18--8511,8/16/2018,2:30 PM,STRANDHERD DR @ LONGFIELDS DR (0010935),10935,02 - Intersection related,03 - P.D. only,03 - Rear end,01 - Clear,01 - Daylight,01 - Dry,01 - Traffic signal,01 - Functioning,2,0,0,0,,0,,,,,364548.8106,5015173.325,45.27397788,-75.73850293,12785
18--8512,8/16/2018,2:40 PM,CLAYMOR AVE @ MEADOWLANDS DR (0003184),3184,03 - At intersection,03 - P.D. only,03 - Rear end,01 - Clear,01 - Daylight,01 - Dry,01 - Traffic signal,01 - Functioning,2,0,0,0,,0,,,,,366920.7051,5025322.525,45.36509341,-75.70700313,12786
18--8513,8/16/2018,2:51 PM,NEPEAN ST btwn KENT ST & BANK ST (__3ZA9UN),__3ZA9UN,04 - At/near private drive,03 - P.D. only,02 - Angle,01 - Clear,01 - Daylight,01 - Dry,10 - No control,,2,0,0,0,,0,,,,,367467.6995,5031072.04,45.41677729,-75.69929102,12787
18--8514,8/16/2018,2:54 PM,WALKLEY EXTENSION RD btwn HWY417 IC110 RAMP58 & HWY417 IC110 RAMP57 (__3ZA2ES),__3ZA2ES,01 - Non intersection,03 - P.D. only,07 - SMV other,01 - Clear,01 - Daylight,01 - Dry,10 - No control,,1,0,0,0,,0,,,,,375553.2753,5028943.826,45.39685789,-75.59629872,12788
18--8515,8/16/2018,2:59 PM,ALTA VISTA DR @ BALFOUR AVE (0007433),7433,03 - At intersection,03 - P.D. only,05 - Turning movement,01 - Clear,01 - Daylight,01 - Dry,02 - Stop sign,00 - Unknown,2,0,0,0,,0,,,,,370521.6165,5029777.394,45.40484839,-75.66044766,12789
18--8516,8/16/2018,3:12 PM,HAZELDEAN RD btwn YOUNG RD & CASTLEFRANK RD (__3ZA41L),__3ZA41L,01 - Non intersection,03 - P.D. only,03 - Rear end,01 - Clear,01 - Daylight,01 - Dry,10 - No control,,2,0,0,0,,0,,,,,352530.2045,5017540.831,45.29619987,-75.89144225,12790
18--8517,8/16/2018,3:15 PM,MONTREAL RD btwn PALACE ST & VANIER PKWY (__3ZA3LL),__3ZA3LL,01 - Non intersection,03 - P.D. only,04 - Sideswipe,01 - Clear,01 - Daylight,01 - Dry,10 - No control,,2,0,0,0,,0,,,,,370004.9938,5033026.968,45.4341351,-75.66661644,12791