Anom_ID,Accident_Date,Accident_Time,Location,Geo_ID,Accident_Location,Classification_of_Accident,Initial_Impact_Type,Environment_Condition,Light,Road_Surface_Condition,Traffic_Control,Traffic_Control_Condition,No__of_Vehicles,No__of_Bicycles,No__of_Motorcycles,No__of_Pedestrians,Max_Injury,No__of_Injuries,No__of_Minimal,No__of_Minor,No__of_Major,No__of_Fatal,X,Y,Latitude,Longitude,ObjectId
18--8518,8/16/2018,3:15 PM,HIGHWAY 417 btwn HWY417 IC121A RAMP61 & HWY417 IC120B RAMP36 (__3ZA2YV),__3ZA2YV,01 - Non intersection,03 - P.D. only,04 - Sideswipe,01 - Clear,01 - Daylight,01 - Dry,10 - No control,,2,0,0,0,,0,,,,,367662.2213,5029951.11,45.40667406,-75.6969488,12792
18--8519,8/16/2018,3:50 PM,PRESLAND RD btwn ELLIS PRIV & LOLA ST (__3ZA9OC),__3ZA9OC,04 - At/near private drive,03 - P.D. only,02 - Angle,01 - Clear,01 - Daylight,01 - Dry,10 - No control,,2,0,0,0,,0,,,,,371084.2063,5031827.134,45.42323806,-75.65298605,12793
18--852,1/15/2018,12:43 PM,GREENBANK RD @ LISA AVE (0002753),2753,02 - Intersection related,03 - P.D. only,99 - Other,01 - Clear,01 - Daylight,01 - Dry,01 - Traffic signal,01 - Functioning,2,0,0,0,,0,,,,,360552.9329,5022894.189,45.34377873,-75.7885576,12794
18--8520,8/16/2018,4:00 PM,CYRVILLE RD @ INNES RD (0009352),9352,03 - At intersection,03 - P.D. only,02 - Angle,01 - Clear,01 - Daylight,01 - Dry,01 - Traffic signal,01 - Functioning,2,0,0,0,,0,,,,,375047.7245,5031119.564,45.41648495,-75.60244511,12795
18--8521,8/16/2018,4:41 PM,BANK ST btwn ROCKINGHAM AVE & RANDALL AVE (__3ZBOFN),__3ZBOFN,01 - Non intersection,03 - P.D. only,02 - Angle,01 - Clear,01 - Daylight,01 - Dry,10 - No control,,2,0,0,0,,0,,,,,369728.6203,5027299.615,45.38262819,-75.67090269,12796
18--8522,8/16/2018,4:44 PM,WEST HUNT CLUB RD btwn HWY416 IC72 RAMP63 & CEDARVIEW RD (__3ZA190),__3ZA190,01 - Non intersection,03 - P.D. only,03 - Rear end,01 - Clear,01 - Daylight,01 - Dry,10 - No control,,2,0,0,0,,0,,,,,359630.5887,5019508.114,45.31338341,-75.80070143,12797
18--8523,8/16/2018,4:58 PM,REGIONAL RD 174 @ TRIM RD (0012835),12835,03 - At intersection,03 - P.D. only,05 - Turning movement,01 - Clear,01 - Daylight,01 - Dry,01 - Traffic signal,01 - Functioning,2,0,0,0,,0,,,,,384351.853,5039990.341,45.49530016,-75.48214909,12798
18--8524,8/16/2018,5:08 PM,NIXON DR/ROGER STEVENS DR @ RIVER RD (0001087),1087,03 - At intersection,03 - P.D. only,02 - Angle,01 - Clear,01 - Daylight,01 - Dry,02 - Stop sign,01 - Functioning,2,0,0,0,,0,,,,,373169.7058,5002763.346,45.1615295,-75.63034567,12799
18--8525,8/16/2018,5:10 PM,TOMPKINS AVE btwn LEFEBVRE WAY & TENTH LINE RD (__3ZA606),__3ZA606,01 - Non intersection,03 - P.D. only,02 - Angle,01 - Clear,01 - Daylight,01 - Dry,10 - No control,,2,0,0,0,,0,,,,,383091.4801,5037939.37,45.47698996,-75.49859986,12800
18--8526,8/16/2018,5:17 PM,INNES RD btwn BLAIR RD & ANDERSON RD (__3ZA3JZ),__3ZA3JZ,01 - Non intersection,02 - Non-fatal injury,03 - Rear end,01 - Clear,01 - Daylight,01 - Dry,10 - No control,,4,0,0,0,02 - Minor,1,,1,,,376216.337,5031806.804,45.42255003,-75.58741603,12801
18--8527,8/16/2018,5:20 PM,HIGHWAY 417 btwn HWY417 IC104 RAMP15 & HWY417 IC96 RAMP51 (__3ZA2W4),__3ZA2W4,01 - Non intersection,02 - Non-fatal injury,03 - Rear end,01 - Clear,01 - Daylight,01 - Dry,10 - No control,,2,0,1,0,02 - Minor,1,,1,,,384718.0432,5025050.462,45.36084248,-75.47988881,12802
18--8528,8/16/2018,5:25 PM,MARCH RD @ TERON RD (0011926),11926,02 - Intersection related,02 - Non-fatal injury,03 - Rear end,01 - Clear,01 - Daylight,01 - Dry,01 - Traffic signal,01 - Functioning,2,0,0,0,01 - Minimal,1,1,,,,351414.6161,5021779.483,45.33441518,-75.90526634,12803
18--8529,8/16/2018,5:44 PM,WOODROFFE AVE btwn GEORGINA DR & HWY417 IC127 RAMP36 (__3ZA4L6),__3ZA4L6,01 - Non intersection,03 - P.D. only,04 - Sideswipe,01 - Clear,01 - Daylight,01 - Dry,10 - No control,,2,0,0,0,,0,,,,,361917.2223,5025351.771,45.36578213,-75.77086588,12804
18--853,1/15/2018,12:47 PM,EAGLESON RD @ HAZELDEAN RD/ROBERTSON RD (0002715),2715,02 - Intersection related,03 - P.D. only,04 - Sideswipe,01 - Clear,01 - Daylight,01 - Dry,01 - Traffic signal,01 - Functioning,2,0,0,0,,0,,,,,353673.6255,5018424.46,45.30407235,-75.87677744,12805
18--8530,8/16/2018,6:00 PM,HIGHWAY 417 btwn HWY417 IC129 RAMP25 & HWY417 IC129 RAMP35 (__3ZAYFR),__3ZAYFR,01 - Non intersection,03 - P.D. only,03 - Rear end,01 - Clear,01 - Daylight,01 - Dry,10 - No control,,2,0,0,0,,0,,,,,360523.0202,5023575.587,45.34991231,-75.78886251,12806
18--7726,7/21/2018,4:20 PM,WELLINGTON ST    W btwn FAIRMONT AVE & IRVING AVE (__3ZA31T),__3ZA31T,01 - Non intersection,02 - Non-fatal injury,04 - Sideswipe,01 - Clear,01 - Daylight,01 - Dry,10 - No control,,2,1,0,0,02 - Minor,1,,1,,,365582.8183,5029739.022,45.40494941,-75.72353637,12807
18--7727,7/21/2018,5:29 PM,RIVERSIDE DR @ TREMBLAY RD/HWY417 IC117 RAMP52 (0010790),10790,03 - At intersection,03 - P.D. only,02 - Angle,01 - Clear,01 - Daylight,01 - Dry,01 - Traffic signal,01 - Functioning,2,0,0,0,,0,,,,,370802.0785,5031015.908,45.41596566,-75.6566995,12808
18--7728,7/21/2018,5:59 PM,BASELINE RD @ CLYDE AVE (0002343),2343,02 - Intersection related,03 - P.D. only,03 - Rear end,01 - Clear,01 - Daylight,01 - Dry,01 - Traffic signal,01 - Functioning,2,0,0,0,,0,,,,,364358.7036,5024890.513,45.3614286,-75.73975727,12809
18--7729,7/21/2018,7:29 PM,HAZELDEAN RD btwn STITTSVILLE MAIN ST & TURN LANE (__3ZA3EL),__3ZA3EL,01 - Non intersection,03 - P.D. only,07 - SMV other,01 - Clear,01 - Daylight,01 - Dry,10 - No control,,1,0,0,0,,0,,,,,349563.2068,5014881.66,45.27246706,-75.92950927,12810
18--773,1/13/2018,6:00 PM,BANK ST @ CATHERINE ST (0002708),2708,02 - Intersection related,02 - Non-fatal injury,07 - SMV other,03 - Snow,07 - Dark,03 - Loose snow,01 - Traffic signal,01 - Functioning,1,0,0,1,02 - Minor,1,,1,,,368038.6601,5030266.875,45.40948131,-75.69209985,12811
18--7730,7/21/2018,9:00 AM,ASHTON STATION RD @ HIGHWAY 7 (0000066),66,03 - At intersection,03 - P.D. only,03 - Rear end,01 - Clear,01 - Daylight,01 - Dry,02 - Stop sign,01 - Functioning,2,0,0,0,,0,,,,,339963.4742,5003788.446,45.17318925,-76.05263368,12812
18--7731,7/21/2018,9:33 AM,ST. JOSEPH BLVD/OLD MONTREAL RD @ TRIM RD (0004118),4118,03 - At intersection,03 - P.D. only,02 - Angle,01 - Clear,01 - Daylight,01 - Dry,11 - Roundabout,01 - Functioning,2,0,0,0,,0,,,,,384682.6986,5039285.553,45.48892138,-75.47803136,12813
18--7732,7/22/2018,1:05 PM,BOOTH ST @ GLADSTONE AVE (0002211),2211,02 - Intersection related,03 - P.D. only,03 - Rear end,01 - Clear,01 - Daylight,01 - Dry,01 - Traffic signal,01 - Functioning,2,0,0,0,,0,,,,,366768.66,5029850.581,45.40584921,-75.70837538,12814
18--7733,7/22/2018,10:06 PM,OTTAWA RIVER PKWY @ ISLAND PARK DR (0002127),2127,02 - Intersection related,03 - P.D. only,03 - Rear end,02 - Rain,07 - Dark,02 - Wet,01 - Traffic signal,01 - Functioning,2,0,0,0,,0,,,,,363298.8833,5029453.673,45.40257649,-75.75274356,12815
18--7734,7/22/2018,10:13 PM,MURRAY ST btwn CUMBERLAND ST & KING EDWARD AVE (__3ZA3W1),__3ZA3W1,01 - Non intersection,02 - Non-fatal injury,07 - SMV other,02 - Rain,07 - Dark,02 - Wet,10 - No control,,1,0,0,1,02 - Minor,1,,1,,,368214.0011,5032706.068,45.43141247,-75.68954607,12816
18--7735,7/22/2018,10:40 AM,ROCKCLIFFE PKWY btwn HILLSDALE RD & TO BE DETERMINED (__3ZA211),__3ZA211,01 - Non intersection,03 - P.D. only,01 - Approaching,02 - Rain,01 - Daylight,02 - Wet,10 - No control,,3,0,0,0,,0,,,,,369606.6155,5035543.642,45.45681611,-75.6713761,12817
18--7736,7/22/2018,10:43 AM,GRANT CARMAN DR @ MEADOWLANDS DR (0001111),1111,03 - At intersection,02 - Non-fatal injury,07 - SMV other,02 - Rain,01 - Daylight,02 - Wet,01 - Traffic signal,01 - Functioning,1,0,0,1,02 - Minor,1,,1,,,365051.6947,5023901.507,45.35247045,-75.73103286,12818
18--7737,7/22/2018,11:40 AM,ABETTI RDG/RIVERSTONE DR @ JOCKVALE RD (0009699),9699,03 - At intersection,03 - P.D. only,02 - Angle,02 - Rain,01 - Daylight,02 - Wet,01 - Traffic signal,01 - Functioning,2,0,0,0,,0,,,,,365164.8642,5013549.969,45.25931832,-75.73084935,12819
18--7738,7/22/2018,12:03 AM,CARLING AVE @ PINECREST  RD/GREENVIEW AVE (0001630),1630,03 - At intersection,03 - P.D. only,02 - Angle,01 - Clear,07 - Dark,01 - Dry,01 - Traffic signal,01 - Functioning,2,0,0,0,,0,,,,,360006.676,5024632.528,45.35946349,-75.79533356,12820
18--7739,7/22/2018,12:16 PM,AVIATION PKWY @ MONTREAL RD (0008799),8799,02 - Intersection related,02 - Non-fatal injury,03 - Rear end,01 - Clear,01 - Daylight,01 - Dry,01 - Traffic signal,01 - Functioning,2,0,0,0,01 - Minimal,1,1,,,,372146.7169,5034108.582,45.44366396,-75.63909819,12821
18--774,1/13/2018,6:34 PM,GREENBANK RD @ IRIS ST/HWY 417 IC129 RAMP51 (0009073),9073,02 - Intersection related,03 - P.D. only,04 - Sideswipe,01 - Clear,07 - Dark,01 - Dry,01 - Traffic signal,01 - Functioning,2,0,0,0,,0,,,,,360531.3093,5023312.494,45.34754435,-75.78878638,12822
18--7740,7/22/2018,12:36 PM,HWY 417 WOODROFF IC127R53 @ WOODROFFE AVE (0002347),2347,02 - Intersection related,03 - P.D. only,04 - Sideswipe,01 - Clear,01 - Daylight,01 - Dry,03 - Yield sign,01 - Functioning,2,0,0,0,,0,,,,,362206.6924,5024626.528,45.35923281,-75.76725518,12823
18--7741,7/22/2018,12:39 PM,MERIVALE RD @ WEST HUNT CLUB RD (0000584),584,02 - Intersection related,03 - P.D. only,03 - Rear end,02 - Rain,01 - Daylight,02 - Wet,01 - Traffic signal,01 - Functioning,2,0,0,0,,0,,,,,365612.8239,5021942.539,45.33479551,-75.72411288,12824
18--7742,7/22/2018,12:42 PM,HOLLAND AVE @ SHERWOOD DR (0006392),6392,03 - At intersection,03 - P.D. only,02 - Angle,02 - Rain,01 - Daylight,02 - Wet,02 - Stop sign,01 - Functioning,2,0,0,0,,0,,,,,365149.701,5028648.556,45.39517512,-75.72920211,12825
18--7743,7/22/2018,12:54 PM,BASIL MACDONALD WAY @ GRANT CARMAN DR (0010302),10302,03 - At intersection,03 - P.D. only,05 - Turning movement,01 - Clear,01 - Daylight,01 - Dry,02 - Stop sign,01 - Functioning,2,0,0,0,,0,,,,,365350.4411,5023324.219,45.34725037,-75.72729112,12826
18--7744,7/22/2018,2:21 PM,HIGHWAY 416 btwn HWY416 IC57 RAMP24 & HWY416 IC49 RAMP42 (__3ZAZGI),__3ZAZGI,01 - Non intersection,03 - P.D. only,04 - Sideswipe,01 - Clear,01 - Daylight,01 - Dry,10 - No control,,2,0,0,0,,0,,,,,368361.205,5003132.53,45.16530078,-75.69145589,12827
18--7745,7/22/2018,3:06 AM,COOPER ST @ ELGIN ST (0006934),6934,02 - Intersection related,03 - P.D. only,03 - Rear end,01 - Clear,07 - Dark,01 - Dry,01 - Traffic signal,01 - Functioning,2,0,0,0,,0,,,,,368119.6575,5031271.634,45.41851448,-75.69093609,12828
18--7746,7/22/2018,3:15 PM,HIGHWAY 416 btwn HWY416 IC75A RAMP26 & HWY416 IC72 RAMP62 (__3ZAZLF),__3ZAZLF,01 - Non intersection,03 - P.D. only,07 - SMV other,01 - Clear,01 - Daylight,01 - Dry,10 - No control,,1,0,0,0,,0,,,,,359240.1596,5020299.698,45.32053651,-75.80559352,12829
18--7747,7/22/2018,4:12 PM,CATHERINE ST @ KENT ST (0002707),2707,03 - At intersection,03 - P.D. only,05 - Turning movement,01 - Clear,01 - Daylight,01 - Dry,01 - Traffic signal,01 - Functioning,2,0,0,0,,0,,,,,367907.7075,5030188.564,45.40878851,-75.69378268,12830
18--7748,7/22/2018,4:52 PM,SPRINGLAND DR btwn HOBSON RD & NORBERRY CRES (__3ZA0SW),__3ZA0SW,01 - Non intersection,02 - Non-fatal injury,04 - Sideswipe,01 - Clear,01 - Daylight,01 - Dry,10 - No control,,2,0,0,0,01 - Minimal,1,1,,,,368715.9135,5025873.075,45.36988571,-75.68401762,12831
18--7749,7/22/2018,5:30 AM,NELSON ST btwn YORK ST & RIDEAU ST (__3ZA82D),__3ZA82D,01 - Non intersection,03 - P.D. only,04 - Sideswipe,01 - Clear,03 - Dawn,01 - Dry,10 - No control,,2,0,0,0,,0,,,,,368624.3397,5032541.302,45.42989264,-75.68432369,12832
18--775,1/13/2018,6:46 PM,HUNT CLUB RD @ PAUL ANKA DR (0008224),8224,03 - At intersection,02 - Non-fatal injury,05 - Turning movement,01 - Clear,07 - Dark,01 - Dry,01 - Traffic signal,01 - Functioning,2,0,0,0,03 - Major,3,,2,1,,369776.6799,5022898.187,45.34302097,-75.67086778,12833
18--7750,7/22/2018,6:44 PM,FALLOWFIELD RD btwn TRANSIT & 482 E OF HOLITMAN DR/BARRHAVEN CROSSING  (__5UXZZVB),__5UXZZVB,05 - At railway crossing,03 - P.D. only,07 - SMV other,01 - Clear,01 - Daylight,01 - Dry,08 - Traffic gate,01 - Functioning,1,0,0,0,,0,,,,,364389.4427,5017504.46,45.29496692,-75.74025395,12834
18--7751,7/22/2018,7:00 PM,BETHUNE CRT btwn TERON RD & GINGRAS CRT (__3ZA5Y3),__3ZA5Y3,01 - Non intersection,03 - P.D. only,07 - SMV other,01 - Clear,01 - Daylight,01 - Dry,10 - No control,,1,0,0,0,,0,,,,,351613.1136,5021548.338,45.33232208,-75.90275581,12835
18--7752,7/22/2018,7:29 PM,HEMLOCK RD @ ST. LAURENT BLVD (0007183),7183,03 - At intersection,02 - Non-fatal injury,02 - Angle,01 - Clear,01 - Daylight,01 - Dry,01 - Traffic signal,01 - Functioning,2,0,0,0,02 - Minor,1,,1,,,371145.7092,5034781.597,45.44981515,-75.65180203,12836
18--7753,7/22/2018,7:53 PM,COLONEL BY DR @ MAIN ST (0002626),2626,03 - At intersection,02 - Non-fatal injury,05 - Turning movement,01 - Clear,01 - Daylight,01 - Dry,02 - Stop sign,01 - Functioning,2,0,1,0,02 - Minor,1,,1,,,368859.7035,5030914.575,45.41523442,-75.68152757,12837
18--7754,7/22/2018,7:53 PM,PRESTON ST btwn LOUISA ST & ST. ANTHONY ST (__3ZA2G7),__3ZA2G7,01 - Non intersection,03 - P.D. only,04 - Sideswipe,02 - Rain,01 - Daylight,02 - Wet,10 - No control,,2,0,0,0,,0,,,,,366534.788,5029610.362,45.40370845,-75.71139279,12838
18--7755,7/23/2018,1:39 PM,LEES AVE @ KING EDWARD AVE/MANN AVE (0011413),11413,02 - Intersection related,03 - P.D. only,99 - Other,01 - Clear,01 - Daylight,01 - Dry,01 - Traffic signal,01 - Functioning,2,0,0,0,,0,,,,,369178.7981,5031334.745,45.41898567,-75.67739612,12839
18--7756,7/23/2018,10:05 PM,AUGUSTA ST btwn RIDEAU ST & BESSERER ST (__3ZA7AG),__3ZA7AG,01 - Non intersection,03 - P.D. only,06 - SMV unattended vehicle,02 - Rain,07 - Dark,02 - Wet,10 - No control,,1,0,0,0,,0,,,,,369020.6926,5032698.782,45.4312733,-75.67923827,12840
18--7757,7/23/2018,10:20 PM,CONROY RD @ JOHNSTON RD (0011908),11908,02 - Intersection related,03 - P.D. only,05 - Turning movement,02 - Rain,07 - Dark,02 - Wet,01 - Traffic signal,01 - Functioning,2,0,0,0,,0,,,,,373396.8134,5026308.534,45.37336127,-75.62420523,12841
18--7758,7/23/2018,11:00 PM,ST. LAURENT BLVD btwn MEADOW PARK PL & KAREN WAY (__3ZA3A6),__3ZA3A6,01 - Non intersection,03 - P.D. only,99 - Other,01 - Clear,07 - Dark,01 - Dry,10 - No control,,2,0,0,0,,0,,,,,371253.0668,5034522.747,45.44747594,-75.65046463,12842
18--7759,7/23/2018,11:52 AM,CYRVILLE RD btwn STAR TOP RD & MEADOWBROOK RD (__3ZA3SN),__3ZA3SN,01 - Non intersection,03 - P.D. only,07 - SMV other,01 - Clear,01 - Daylight,01 - Dry,10 - No control,,1,0,0,0,,0,,,,,373938.2414,5031479.52,45.41983416,-75.61656876,12843
18--776,1/13/2018,6:58 AM,CARLING AVE EB btwn EDGEWORTH AVE & FOX CRES (__3ZA4V0),__3ZA4V0,04 - At/near private drive,03 - P.D. only,07 - SMV other,03 - Snow,03 - Dawn,03 - Loose snow,10 - No control,,1,0,0,0,,0,,,,,361313.8451,5025439.772,45.36662287,-75.77855765,12844
18--7760,7/23/2018,11:52 PM,PLACE D'ORLEANS DR @ OR174 IC102 RAMP51/TRANSI (0008777),8777,03 - At intersection,03 - P.D. only,07 - SMV other,02 - Rain,07 - Dark,02 - Wet,01 - Traffic signal,01 - Functioning,1,0,0,0,,0,,,,,381391.7378,5038030.591,45.4779992,-75.52032323,12845
18--7761,7/23/2018,Unknown,RICHLIN CRES btwn PLOVER LANE & PLOVER LANE (__3ZABY9),__3ZABY9,01 - Non intersection,03 - P.D. only,06 - SMV unattended vehicle,01 - Clear,00 - Unknown,01 - Dry,10 - No control,,1,0,0,0,,0,,,,,360477.212,5025637.549,45.36846941,-75.78921479,12846
18--7762,7/23/2018,Unknown,STEEPLE CHASE DR btwn SPRINGWATER DR & INWOOD DR (__3ZBPHT),__3ZBPHT,01 - Non intersection,03 - P.D. only,06 - SMV unattended vehicle,01 - Clear,00 - Unknown,01 - Dry,10 - No control,,1,0,0,0,,0,,,,,355013.0311,5017706.171,45.29751458,-75.85977153,12847
18--7763,7/23/2018,12:38 PM,MARIER AVE @ MONTREAL RD (0009346),9346,03 - At intersection,02 - Non-fatal injury,07 - SMV other,01 - Clear,01 - Daylight,01 - Dry,01 - Traffic signal,01 - Functioning,1,0,0,1,02 - Minor,1,,1,,,370419.7085,5033261.591,45.43620735,-75.66128528,12848
18--7764,7/23/2018,12:47 PM,ELGIN ST @ GLADSTONE AVE (0007272),7272,03 - At intersection,03 - P.D. only,05 - Turning movement,01 - Clear,01 - Daylight,01 - Dry,01 - Traffic signal,01 - Functioning,2,0,0,0,,0,,,,,368384.7164,5030844.568,45.41464784,-75.68760476,12849
18--7765,7/23/2018,2:15 PM,ELGIN ST @ LAURIER AVE (0002232),2232,02 - Intersection related,03 - P.D. only,03 - Rear end,01 - Clear,01 - Daylight,01 - Dry,01 - Traffic signal,01 - Functioning,3,0,0,0,,0,,,,,367948.5741,5031549.557,45.4210306,-75.69308626,12850
18--7766,7/23/2018,2:34 PM,RICHMOND RD @ HOLLY ACRES RD/NANAIMO DR (0001068),1068,03 - At intersection,03 - P.D. only,05 - Turning movement,01 - Clear,01 - Daylight,01 - Dry,01 - Traffic signal,01 - Functioning,2,0,0,0,,0,,,,,359058.6721,5022748.496,45.34258495,-75.80763987,12851
18--7767,7/23/2018,3:01 PM,WEST HUNT CLUB RD @ CLEOPATRA DR/LANCELOT DR (0000114),114,02 - Intersection related,03 - P.D. only,04 - Sideswipe,01 - Clear,01 - Daylight,01 - Dry,01 - Traffic signal,00 - Unknown,2,0,0,0,,0,,,,,365235.5903,5021732.646,45.33293951,-75.72895105,12852
18--7768,7/23/2018,3:09 PM,TERRY FOX DR btwn COPE DR & TRANS CANADA TRAIL (__355BDZB),__355BDZB,01 - Non intersection,03 - P.D. only,03 - Rear end,02 - Rain,01 - Daylight,02 - Wet,10 - No control,,3,0,0,0,,0,,,,,353522.3636,5015685.088,45.27943334,-75.87897526,12853
18--7769,7/23/2018,3:20 PM,OTTAWA RIVER PKWY WB btwn TRANSIT & TURN LANE (__3ZA23O),__3ZA23O,01 - Non intersection,03 - P.D. only,03 - Rear end,01 - Clear,01 - Daylight,01 - Dry,10 - No control,,3,0,0,0,,0,,,,,363224.9732,5029365.75,45.40179155,-75.75369801,12854
18--777,1/13/2018,7:15 PM,BLACKBURN BYPASS EB btwn 1700 W OF NAVAN RD & NAVAN RD (__3ZA3J6B),__3ZA3J6B,01 - Non intersection,03 - P.D. only,04 - Sideswipe,01 - Clear,07 - Dark,02 - Wet,10 - No control,,2,0,0,0,,0,,,,,379216.773,5032989.134,45.43287508,-75.54890193,12855
18--7770,7/23/2018,4:15 PM,HIGHWAY 417 btwn HWY417 IC123 RAMP62 & HWY417 IC122 RAMP16 (__3ZA2R9),__3ZA2R9,01 - Non intersection,03 - P.D. only,03 - Rear end,02 - Rain,01 - Daylight,02 - Wet,10 - No control,,2,0,0,0,,0,,,,,365019.6554,5028515.63,45.39399027,-75.73087915,12856
18--7771,7/23/2018,4:44 PM,HERZBERG RD btwn LEGGET DR & CARLING AVE (__3ZACVH),__3ZACVH,04 - At/near private drive,02 - Non-fatal injury,05 - Turning movement,01 - Clear,01 - Daylight,02 - Wet,10 - No control,,3,2,0,0,01 - Minimal,2,2,,,,351959.4934,5022485.084,45.34072791,-75.89824765,12857
18--7772,7/23/2018,4:46 PM,CARLING AVE @ FAIRLAWN AVE/WOODROFFE AVE E (0002393),2393,03 - At intersection,03 - P.D. only,04 - Sideswipe,01 - Clear,01 - Daylight,01 - Dry,01 - Traffic signal,01 - Functioning,2,0,0,0,,0,,,,,361934.6841,5025830.528,45.37008852,-75.77058762,12858
18--7773,7/23/2018,4:55 PM,PRESTON ST btwn ST. ANTHONY ST & YOUNG ST (__3ZA3Z8),__3ZA3Z8,01 - Non intersection,03 - P.D. only,06 - SMV unattended vehicle,01 - Clear,01 - Daylight,01 - Dry,10 - No control,,1,0,0,0,,0,,,,,366582.7818,5029500.623,45.40271682,-75.71079352,12859
18--7774,7/23/2018,4:55 PM,HIGHWAY 417 btwn RAMP & HWY417 IC88 RAMP51 (__3ZA2W2),__3ZA2W2,01 - Non intersection,03 - P.D. only,04 - Sideswipe,01 - Clear,01 - Daylight,01 - Dry,10 - No control,,2,0,0,0,,0,,,,,391008.8604,5023175.269,45.34322602,-75.39993115,12860
18--7775,7/23/2018,4:56 PM,HARTHILL WAY @ TARTAN DR (0000751),751,02 - Intersection related,03 - P.D. only,03 - Rear end,01 - Clear,01 - Daylight,01 - Dry,02 - Stop sign,01 - Functioning,2,0,0,0,,0,,,,,362489.6835,5013843.417,45.26218324,-75.76489873,12861
18--7776,7/23/2018,5:05 PM,CENTENNIAL BLVD @ MAIN ST (0007246),7246,02 - Intersection related,02 - Non-fatal injury,03 - Rear end,02 - Rain,01 - Daylight,02 - Wet,02 - Stop sign,01 - Functioning,3,0,0,0,01 - Minimal,3,3,,,,369480.7196,5029416.56,45.40169869,-75.67379039,12862
18--7777,7/23/2018,5:25 PM,MONTREAL RD @ SHEFFORD RD (0012423),12423,02 - Intersection related,03 - P.D. only,04 - Sideswipe,01 - Clear,01 - Daylight,01 - Dry,01 - Traffic signal,01 - Functioning,2,0,0,0,,0,,,,,376125.7303,5034853.574,45.44997227,-75.58813225,12863
18--7778,7/23/2018,5:27 PM,CENTREPOINTE DR @ TALLWOOD DR (0004573),4573,02 - Intersection related,03 - P.D. only,03 - Rear end,01 - Clear,01 - Daylight,01 - Dry,01 - Traffic signal,01 - Functioning,2,0,0,0,,0,,,,,362670.6928,5022576.499,45.34074866,-75.76157303,12864
18--7779,7/23/2018,5:29 PM,HWY 417 CASTLEFR IC139R61 @ KANATA AVE (0012625),12625,02 - Intersection related,03 - P.D. only,03 - Rear end,02 - Rain,01 - Daylight,02 - Wet,01 - Traffic signal,01 - Functioning,2,0,0,0,,0,,,,,351616.063,5019224.794,45.3114141,-75.90293783,12865
18--778,1/13/2018,7:26 PM,CATHERINE ST @ KENT ST (0002707),2707,03 - At intersection,03 - P.D. only,05 - Turning movement,01 - Clear,07 - Dark,01 - Dry,01 - Traffic signal,01 - Functioning,2,0,0,0,,0,,,,,367907.3591,5030187.171,45.40877601,-75.69378731,12866
18--7780,7/23/2018,5:30 PM,INNES RD @ LANTHIER DR/PRESTWICK DR (0004251),4251,02 - Intersection related,03 - P.D. only,03 - Rear end,01 - Clear,01 - Daylight,02 - Wet,01 - Traffic signal,01 - Functioning,2,0,0,0,,0,,,,,383540.8217,5035988.574,45.45938794,-75.49316592,12867
18--7781,7/23/2018,5:50 PM,DONALD ST @ ST. LAURENT BLVD (0008630),8630,02 - Intersection related,03 - P.D. only,03 - Rear end,02 - Rain,01 - Daylight,02 - Wet,01 - Traffic signal,01 - Functioning,2,0,0,0,,0,,,,,372093.713,5032472.585,45.42894914,-75.63999931,12868
18--7782,7/23/2018,5:50 PM,HIGHWAY 417 btwn HWY417 IC123 RAMP62 & HWY417 IC122 RAMP16 (__3ZA2R9),__3ZA2R9,01 - Non intersection,03 - P.D. only,04 - Sideswipe,02 - Rain,01 - Daylight,02 - Wet,10 - No control,,2,0,0,0,,0,,,,,364931.7766,5028355.53,45.39255728,-75.73202094,12869
18--7783,7/23/2018,6:25 PM,BLOHM DR @ HUNT CLUB RD (0011392),11392,02 - Intersection related,03 - P.D. only,02 - Angle,02 - Rain,01 - Daylight,02 - Wet,01 - Traffic signal,01 - Functioning,2,0,0,0,,0,,,,,375129.7456,5026189.518,45.37211864,-75.60210004,12870
18--7784,7/23/2018,6:33 PM,MERIVALE RD/LOTTA AVE @ CLYDE AVE (0001112),1112,03 - At intersection,03 - P.D. only,02 - Angle,02 - Rain,01 - Daylight,02 - Wet,01 - Traffic signal,01 - Functioning,2,0,0,0,,0,,,,,364521.6984,5024507.526,45.35796867,-75.73772317,12871
18--7785,7/23/2018,6:54 PM,HIGHWAY 416 btwn HWY416 IC49 RAMP43 & HWY416 IC42 RAMP34 (__3ZAZJ7),__3ZAZJ7,01 - Non intersection,03 - P.D. only,07 - SMV other,02 - Rain,01 - Daylight,02 - Wet,10 - No control,,1,0,0,0,,0,,,,,370473.729,4996824.754,45.10834968,-75.66541428,12872
18--7786,7/23/2018,6:59 PM,CARLING AVE @ CHURCHILL AVE (0002149),2149,02 - Intersection related,02 - Non-fatal injury,03 - Rear end,01 - Clear,01 - Daylight,01 - Dry,01 - Traffic signal,01 - Functioning,2,0,0,0,01 - Minimal,2,2,,,,363775.6955,5027013.538,45.38058057,-75.74694501,12873
18--7787,7/23/2018,7:22 PM,HIGHWAY 417 btwn RAMP & HWY417 IC88 RAMP51 (__3ZA2W2),__3ZA2W2,01 - Non intersection,03 - P.D. only,04 - Sideswipe,02 - Rain,01 - Daylight,02 - Wet,10 - No control,,2,0,0,0,,0,,,,,392909.4245,5022730.371,45.33898716,-75.37576286,12874