Anom_ID,Accident_Date,Accident_Time,Location,Geo_ID,Accident_Location,Classification_of_Accident,Initial_Impact_Type,Environment_Condition,Light,Road_Surface_Condition,Traffic_Control,Traffic_Control_Condition,No__of_Vehicles,No__of_Bicycles,No__of_Motorcycles,No__of_Pedestrians,Max_Injury,No__of_Injuries,No__of_Minimal,No__of_Minor,No__of_Major,No__of_Fatal,X,Y,Latitude,Longitude,ObjectId
18--7788,7/23/2018,7:38 PM,HIGHWAY 417 btwn HWY417 IC118 RAMP57 & HWY417 IC118 RAMP35 (__3ZA2YQ),__3ZA2YQ,01 - Non intersection,03 - P.D. only,07 - SMV other,02 - Rain,01 - Daylight,02 - Wet,10 - No control,,1,0,0,0,,0,,,,,369248.6104,5030898.682,45.41505571,-75.67656121,12875
18--7789,7/23/2018,7:40 PM,NELSON ST btwn YORK ST & RIDEAU ST (__3ZA82D),__3ZA82D,01 - Non intersection,03 - P.D. only,04 - Sideswipe,02 - Rain,01 - Daylight,02 - Wet,10 - No control,,2,0,0,0,,0,,,,,368537.1418,5032686.061,45.43120308,-75.68541923,12876
18--779,1/13/2018,8:06 AM,SMYTH RD btwn EDGECOMBE ST & HAIG DR (__3ZA3RY),__3ZA3RY,01 - Non intersection,03 - P.D. only,07 - SMV other,01 - Clear,01 - Daylight,05 - Packed snow,10 - No control,,1,0,0,0,,0,,,,,372345.3682,5029273.636,45.40014219,-75.637222,12877
18--7790,7/23/2018,7:40 PM,HIGHWAY 417 btwn HWY417 IC139 RAMP15 & HWY417 IC138 RAMP51 (__3ZA2QR),__3ZA2QR,01 - Non intersection,03 - P.D. only,07 - SMV other,02 - Rain,01 - Daylight,02 - Wet,10 - No control,,1,0,0,0,,0,,,,,352243.5135,5019659.422,45.31528287,-75.89489455,12878
18--7791,7/23/2018,8:07 AM,WEST HUNT CLUB RD EB btwn WOODROFFE AVE & 354 E OF WOODROFFE AVE/REC P (__3ZBOG1A),__3ZBOG1A,01 - Non intersection,03 - P.D. only,03 - Rear end,01 - Clear,01 - Daylight,01 - Dry,10 - No control,,5,0,0,0,,0,,,,,363878.9372,5021383.15,45.3299103,-75.74629968,12879
18--7792,7/23/2018,8:29 PM,REGIONAL ROAD 174 btwn OR174 IC109 RAMP86 & OR174 IC109 RAMP64 (__3ZA28U),__3ZA28U,01 - Non intersection,03 - P.D. only,07 - SMV other,02 - Rain,05 - Dusk,02 - Wet,10 - No control,,1,0,0,0,,0,,,,,376502.7448,5035100.26,45.45215322,-75.58327695,12880
18--7793,7/23/2018,8:40 AM,ST. LAURENT BLVD @ COVENTRY RD/OGILVIE RD (0002151),2151,02 - Intersection related,03 - P.D. only,04 - Sideswipe,01 - Clear,01 - Daylight,01 - Dry,01 - Traffic signal,01 - Functioning,2,0,0,0,,0,,,,,372305.6744,5031951.552,45.42424071,-75.63736221,12881
18--7794,7/23/2018,8:58 AM,DALY AVE @ NICHOLAS ST (0011451),11451,03 - At intersection,03 - P.D. only,05 - Turning movement,01 - Clear,01 - Daylight,01 - Dry,01 - Traffic signal,01 - Functioning,2,0,0,0,,0,,,,,368227.7011,5032046.573,45.42547733,-75.68945594,12882
18--7795,7/23/2018,9:02 AM,RIDEAU ST btwn CHARLOTTE ST & WURTEMBURG ST (__3ZA3XQ),__3ZA3XQ,01 - Non intersection,02 - Non-fatal injury,04 - Sideswipe,01 - Clear,01 - Daylight,01 - Dry,10 - No control,,2,0,0,0,01 - Minimal,1,1,,,,369347.7352,5032920.054,45.43323411,-75.67502999,12883
18--7796,7/23/2018,9:13 AM,PRINCE OF WALES DR @ WEST HUNT CLUB RD (0000567),567,02 - Intersection related,03 - P.D. only,03 - Rear end,01 - Clear,01 - Daylight,01 - Dry,01 - Traffic signal,01 - Functioning,2,0,0,0,,0,,,,,367458.7101,5021891.503,45.33417389,-75.70057067,12884
18--7797,7/23/2018,9:16 PM,OR174 IC109 RAMP65 @ MONTREAL RD (0004119),4119,03 - At intersection,03 - P.D. only,02 - Angle,01 - Clear,05 - Dusk,01 - Dry,01 - Traffic signal,01 - Functioning,2,0,0,0,,0,,,,,376402.725,5034982.597,45.45110481,-75.58457267,12885
18--7798,7/23/2018,9:30 AM,CUMMINGS AVE @ OGILVIE RD (0009923),9923,02 - Intersection related,03 - P.D. only,03 - Rear end,01 - Clear,01 - Daylight,01 - Dry,01 - Traffic signal,01 - Functioning,2,0,0,0,,0,,,,,372748.7198,5032170.586,45.42616858,-75.63167108,12886
18--7799,7/23/2018,9:36 AM,TENTH LINE RD @ VANGUARD DR (0004632),4632,03 - At intersection,02 - Non-fatal injury,02 - Angle,01 - Clear,01 - Daylight,01 - Dry,01 - Traffic signal,01 - Functioning,2,1,0,0,02 - Minor,1,,1,,,384072.7626,5035874.564,45.45830203,-75.48638361,12887
18--78,1/2/2018,12:13 AM,HWY416 IC75B RAMP25 btwn HWY416 IC75C RAMP24 & HWY417 IC131 RAMP55 (__3ZAY4O),__3ZAY4O,01 - Non intersection,03 - P.D. only,07 - SMV other,01 - Clear,07 - Dark,06 - Ice,10 - No control,,1,0,0,0,,0,,,,,358744.7845,5022932.516,45.34426498,-75.81162483,12888
18--780,1/13/2018,8:50 AM,HWY416 IC57 RAMP34 btwn HIGHWAY 416 & BROPHY DR (__3ZAY6D),__3ZAY6D,01 - Non intersection,03 - P.D. only,07 - SMV other,01 - Clear,01 - Daylight,03 - Loose snow,10 - No control,,1,0,0,0,,0,,,,,364510.2863,5008025.896,45.20966823,-75.73985203,12889
18--7800,7/24/2018,1:00 PM,TERON RD btwn BEAVERBROOK RD & PARKWAY (THE) (__3ZBNBG),__3ZBNBG,01 - Non intersection,03 - P.D. only,04 - Sideswipe,02 - Rain,01 - Daylight,02 - Wet,10 - No control,,2,0,0,0,,0,,,,,352240.2984,5020842.566,45.32592928,-75.89482223,12890
18--7801,7/24/2018,1:10 PM,BANK ST @ RIVERSIDE DR N (0010778),10778,03 - At intersection,03 - P.D. only,04 - Sideswipe,01 - Clear,01 - Daylight,01 - Dry,01 - Traffic signal,01 - Functioning,2,0,0,0,,0,,,,,369225.716,5027983.546,45.38882841,-75.67723452,12891
18--7802,7/24/2018,1:27 PM,BANNER RD @ GREENBANK RD (0000644),644,02 - Intersection related,03 - P.D. only,03 - Rear end,01 - Clear,01 - Daylight,01 - Dry,01 - Traffic signal,00 - Unknown,2,0,0,0,,0,,,,,361021.6723,5021566.492,45.33179472,-75.78272751,12892
18--7803,7/24/2018,10:25 AM,HWY 417 INNES IC112R68 @ INNES RD (0012300),12300,02 - Intersection related,03 - P.D. only,03 - Rear end,01 - Clear,01 - Daylight,01 - Dry,01 - Traffic signal,01 - Functioning,2,0,0,0,,0,,,,,374641.7338,5030921.555,45.41474401,-75.60765988,12893
18--7804,7/24/2018,10:30 PM,HIGHWAY 416 btwn HWY416 IC66 RAMP53 & HWY416 IC57 RAMP34 (__3ZAZLC),__3ZAZLC,01 - Non intersection,03 - P.D. only,07 - SMV other,02 - Rain,07 - Dark,02 - Wet,10 - No control,,1,0,0,0,,0,,,,,360802.0507,5013276.127,45.25721508,-75.78646535,12894
18--7805,7/24/2018,10:57 AM,ALBERT ST @ BANK ST (0002115),2115,03 - At intersection,03 - P.D. only,05 - Turning movement,01 - Clear,01 - Daylight,01 - Dry,01 - Traffic signal,01 - Functioning,2,0,0,0,,0,,,,,367385.6956,5031423.573,45.41994762,-75.70029403,12895
18--7806,7/24/2018,11:21 PM,KING EDWARD AVE @ ST. PATRICK ST (0002714),2714,03 - At intersection,03 - P.D. only,02 - Angle,02 - Rain,07 - Dark,02 - Wet,01 - Traffic signal,01 - Functioning,2,0,0,0,,0,,,,,368248.7012,5032823.589,45.43246674,-75.68908749,12896
18--7807,7/24/2018,Unknown,QUEEN ST btwn KENT ST & BANK ST (__3ZA2FR),__3ZA2FR,01 - Non intersection,03 - P.D. only,06 - SMV unattended vehicle,01 - Clear,00 - Unknown,01 - Dry,10 - No control,,1,0,0,0,,0,,,,,367282.4201,5031450.935,45.42020304,-75.70161006,12897
18--7808,7/24/2018,Unknown,BLACKWELL ST btwn BANTREE ST & LEEDS AVE (__3ZA783),__3ZA783,01 - Non intersection,03 - P.D. only,06 - SMV unattended vehicle,01 - Clear,00 - Unknown,01 - Dry,10 - No control,,1,0,0,0,,0,,,,,374487.652,5029874.755,45.4053408,-75.60977627,12898
18--7809,7/24/2018,12:11 PM,REGIONAL ROAD 174 btwn OR174 IC109 RAMP64 & OR174 IC105 RAMP16 (__3ZA2XD),__3ZA2XD,01 - Non intersection,02 - Non-fatal injury,03 - Rear end,01 - Clear,01 - Daylight,01 - Dry,10 - No control,,3,0,0,0,02 - Minor,1,,1,,,378093.1324,5036287.857,45.46267339,-75.56276946,12899
18--781,1/13/2018,8:51 AM,OR174 IC109 RAMP55 btwn REGIONAL ROAD 174 & ST. JOSEPH BLVD (__3ZAY59),__3ZAY59,01 - Non intersection,03 - P.D. only,07 - SMV other,01 - Clear,01 - Daylight,04 - Slush,10 - No control,,1,0,0,0,,0,,,,,376458.2595,5034943.364,45.45074613,-75.58386848,12900
18--7900,7/26/2018,7:12 PM,WOODROFFE AVE @ CLARIDGE DR/STONEWAY DR N (0009791),9791,03 - At intersection,02 - Non-fatal injury,05 - Turning movement,01 - Clear,01 - Daylight,01 - Dry,01 - Traffic signal,01 - Functioning,2,1,0,0,02 - Minor,1,,1,,,365576.6999,5016707.443,45.28769372,-75.72521584,12901
18--7901,7/26/2018,8:32 AM,PRINCE OF WALES DR @ FALLOWFIELD RD (0000566),566,03 - At intersection,02 - Non-fatal injury,02 - Angle,01 - Clear,01 - Daylight,01 - Dry,01 - Traffic signal,01 - Functioning,2,0,0,0,02 - Minor,2,,2,,,367399.7097,5019166.47,45.30965974,-75.70166781,12902
18--7902,7/26/2018,8:50 AM,HERZBERG RD btwn BAYFIELD AVE & MARCH RD (__3ZACUJ),__3ZACUJ,01 - Non intersection,03 - P.D. only,03 - Rear end,01 - Clear,01 - Daylight,01 - Dry,10 - No control,,2,0,0,0,,0,,,,,352334.2349,5021622.463,45.33294059,-75.8935491,12903
18--7903,7/26/2018,8:58 PM,HUNT CLUB RD @ RIVERSIDE DR (0002237),2237,03 - At intersection,03 - P.D. only,02 - Angle,01 - Clear,05 - Dusk,01 - Dry,01 - Traffic signal,01 - Functioning,3,0,0,0,,0,,,,,368036.7031,5021945.499,45.33460788,-75.6931902,12904
18--7904,7/26/2018,9:00 PM,RICHMOND RD btwn WEST HUNT CLUB RD & SEYTON DR (__3ZA41P),__3ZA41P,01 - Non intersection,03 - P.D. only,07 - SMV other,01 - Clear,05 - Dusk,01 - Dry,10 - No control,,1,0,0,0,,0,,,,,357158.9085,5018211.637,45.30190619,-75.83235952,12905
18--7905,7/27/2018,1:15 AM,HIGHWAY 7 btwn RAMP & DWYER HILL RD (__7JQ7LW),__7JQ7LW,01 - Non intersection,03 - P.D. only,07 - SMV other,01 - Clear,07 - Dark,01 - Dry,10 - No control,,1,0,0,0,,0,,,,,340952.9005,5007154.448,45.20342869,-76.03980212,12906
18--7906,7/27/2018,1:40 PM,WEST HUNT CLUB RD WB btwn 354 E OF WOODROFFE AVE/REC PATH & CLEOPATRA DR/LANCELOT DR (__3ZA3JEB),__3ZA3JEB,01 - Non intersection,03 - P.D. only,04 - Sideswipe,01 - Clear,01 - Daylight,01 - Dry,10 - No control,,2,1,0,0,,0,,,,,365038.9348,5021698.507,45.33264924,-75.73146395,12907
18--7907,7/27/2018,1:45 PM,JOCKVALE RD @ STRANDHERD DR (0010541),10541,03 - At intersection,03 - P.D. only,05 - Turning movement,01 - Clear,01 - Daylight,01 - Dry,01 - Traffic signal,01 - Functioning,2,0,0,0,,0,,,,,363560.4806,5014577.837,45.26870295,-75.75116855,12908
18--7908,7/27/2018,1:50 PM,HIGHWAY 417 btwn HWY417 IC124 RAMP65 & HWY417 IC122 RAMP51 (__3ZA2R8),__3ZA2R8,01 - Non intersection,03 - P.D. only,03 - Rear end,01 - Clear,01 - Daylight,01 - Dry,10 - No control,,2,0,0,0,,0,,,,,364892.2996,5028249.997,45.3916111,-75.73253793,12909
18--7909,7/27/2018,1:52 PM,HIGHWAY 417 btwn HWY417 IC124 RAMP65 & HWY417 IC122 RAMP51 (__3ZA2R8),__3ZA2R8,01 - Non intersection,03 - P.D. only,03 - Rear end,01 - Clear,01 - Daylight,01 - Dry,10 - No control,,2,0,0,0,,0,,,,,365028.7225,5028496.766,45.39381976,-75.73076566,12910
18--791,1/14/2018,10:22 AM,STRANDHERD DR @ LONGFIELDS DR (0010935),10935,03 - At intersection,03 - P.D. only,02 - Angle,01 - Clear,01 - Daylight,02 - Wet,01 - Traffic signal,01 - Functioning,2,0,0,0,,0,,,,,364547.7652,5015173.325,45.27397797,-75.73851625,12911
18--7910,7/27/2018,10:50 AM,HOG'S BACK RD btwn PRINCE OF WALES DR & COLONEL BY DR (__3ZA22U),__3ZA22U,01 - Non intersection,03 - P.D. only,03 - Rear end,01 - Clear,01 - Daylight,01 - Dry,10 - No control,,2,0,0,0,,0,,,,,367566.9103,5025849.311,45.36977574,-75.69868793,12912
18--7911,7/27/2018,11:30 AM,HIGHWAY 417 btwn HWY417 IC124 RAMP65 & HWY417 IC122 RAMP51 (__3ZA2R8),__3ZA2R8,01 - Non intersection,03 - P.D. only,03 - Rear end,01 - Clear,01 - Daylight,01 - Dry,10 - No control,,4,0,0,0,,0,,,,,365116.9242,5028651.008,45.3952,-75.7296204,12913
18--7912,7/27/2018,11:53 AM,BEARBROOK RD/ROCKCLIFFE PKWY @ ST. JOSEPH BLVD (0012382),12382,03 - At intersection,02 - Non-fatal injury,05 - Turning movement,01 - Clear,01 - Daylight,01 - Dry,01 - Traffic signal,02 - Not functioning,2,0,0,0,01 - Minimal,2,2,,,,377128.7341,5035239.593,45.45334233,-75.5752542,12914
18--7913,7/27/2018,12:06 PM,CUMMINGS AVE/LABELLE ST @ CYRVILLE RD (0008791),8791,03 - At intersection,03 - P.D. only,02 - Angle,01 - Clear,01 - Daylight,01 - Dry,01 - Traffic signal,01 - Functioning,2,0,0,0,,0,,,,,372860.7162,5031871.567,45.42346726,-75.63028134,12915
18--7914,7/27/2018,12:10 PM,ST. JOSEPH BLVD btwn HART RD & R.C.M.P. COMPLEX (__3ZA2BHA),__3ZA2BHA,04 - At/near private drive,03 - P.D. only,02 - Angle,01 - Clear,01 - Daylight,01 - Dry,10 - No control,,2,0,0,0,,0,,,,,377740.976,5035699.092,45.45741295,-75.56735938,12916
18--7915,7/27/2018,12:28 PM,ST. JOSEPH BLVD btwn ST. JEAN ST & BELCOURT BLVD (__3ZA2AP),__3ZA2AP,04 - At/near private drive,02 - Non-fatal injury,02 - Angle,01 - Clear,01 - Daylight,01 - Dry,10 - No control,,2,0,0,0,02 - Minor,1,,1,,,381042.4585,5037249.043,45.47100571,-75.52491146,12917
18--7916,7/27/2018,12:40 PM,BANK ST btwn ROSEBERY AVE & STRATHCONA AVE (__3ZA3OG),__3ZA3OG,01 - Non intersection,03 - P.D. only,04 - Sideswipe,01 - Clear,01 - Daylight,00 - Unknown,10 - No control,,2,0,0,0,,0,,,,,368127.8631,5030053.642,45.40755464,-75.69098775,12918
18--7917,7/27/2018,2:05 PM,THORNBURY CRES btwn REDDING WAY & REDDING WAY (__3ZBO79),__3ZBO79,04 - At/near private drive,03 - P.D. only,06 - SMV unattended vehicle,01 - Clear,01 - Daylight,01 - Dry,10 - No control,,1,0,0,0,,0,,,,,362035.1719,5023230.244,45.34668316,-75.76960594,12919
18--7918,7/27/2018,2:09 AM,EVANSHEN CRES btwn EVANSHEN PL & ROBSON CRT (1) (__3ZA2IW),__3ZA2IW,01 - Non intersection,03 - P.D. only,06 - SMV unattended vehicle,01 - Clear,07 - Dark,01 - Dry,10 - No control,,1,0,0,0,,0,,,,,350337.4755,5019850.543,45.31712883,-75.91918575,12920
18--7919,7/27/2018,2:15 PM,IROQUOIS RD btwn CARLING AVE & 118 N OF CARLING AVE/CARLINGWOOD SC (__3ZAAEVA),__3ZAAEVA,04 - At/near private drive,03 - P.D. only,05 - Turning movement,01 - Clear,01 - Daylight,01 - Dry,10 - No control,,2,0,0,0,,0,,,,,362212.8595,5026046.362,45.37200784,-75.76701149,12921
18--792,1/14/2018,10:36 AM,INNES RD @ STONEHENGE CRES W (0009354),9354,02 - Intersection related,03 - P.D. only,03 - Rear end,01 - Clear,01 - Daylight,06 - Ice,01 - Traffic signal,01 - Functioning,2,0,0,0,,0,,,,,375199.7409,5031216.564,45.41734242,-75.60048918,12922
18--7920,7/27/2018,2:15 PM,BANK ST @ CHAMBERLAIN AVE N/ISABELLA ST (0002132),2132,02 - Intersection related,03 - P.D. only,03 - Rear end,01 - Clear,01 - Daylight,01 - Dry,01 - Traffic signal,01 - Functioning,2,0,0,0,,0,,,,,368082.7115,5030166.562,45.40857474,-75.69155001,12923
18--7921,7/27/2018,2:24 PM,CLYDE AVE @ DOHENY ST (0003079),3079,02 - Intersection related,03 - P.D. only,04 - Sideswipe,01 - Clear,01 - Daylight,01 - Dry,01 - Traffic signal,01 - Functioning,2,0,0,0,,0,,,,,363590.6938,5026701.538,45.37778879,-75.74934422,12924
18--7922,7/27/2018,3:32 PM,ALBION RD @ QUINN RD/FENTON RD (0003552),3552,02 - Intersection related,03 - P.D. only,03 - Rear end,02 - Rain,01 - Daylight,02 - Wet,02 - Stop sign,01 - Functioning,2,0,0,0,,0,,,,,373630.7377,5020104.491,45.31751671,-75.62208233,12925
18--7923,7/27/2018,3:35 PM,COVENTRY RD @ VANIER PKWY (0002139),2139,02 - Intersection related,02 - Non-fatal injury,03 - Rear end,01 - Clear,01 - Daylight,01 - Dry,01 - Traffic signal,01 - Functioning,2,0,0,0,01 - Minimal,1,1,,,,370676.3841,5031611.703,45.42133822,-75.65822565,12926
18--7924,7/27/2018,3:44 PM,NICHOLAS ST NB btwn NICHOLAS ST NB OFF RAMP TO NICHOLAS ST SB & LAURIE (__3ZAZP5),__3ZAZP5,01 - Non intersection,03 - P.D. only,03 - Rear end,02 - Rain,01 - Daylight,02 - Wet,10 - No control,,2,0,0,0,,0,,,,,368382.9854,5031814.155,45.42337201,-75.68750176,12927
18--7925,7/27/2018,3:46 PM,CARLING AVE @ ROSEVIEW AVE (0002644),2644,03 - At intersection,03 - P.D. only,02 - Angle,01 - Clear,01 - Daylight,01 - Dry,02 - Stop sign,01 - Functioning,2,0,0,0,,0,,,,,359358.6714,5024199.506,45.35561789,-75.80365197,12928
18--7926,7/27/2018,3:57 PM,CROYDON AVE btwn RICHMOND RD & BOND ST (__3ZABX1),__3ZABX1,01 - Non intersection,02 - Non-fatal injury,07 - SMV other,01 - Clear,01 - Daylight,01 - Dry,10 - No control,,1,0,0,1,01 - Minimal,1,1,,,,360556.543,5025255.136,45.36502217,-75.78824527,12929
18--7927,7/27/2018,4:10 PM,MERIVALE RD @ CLEOPATRA DR (0000112),112,02 - Intersection related,02 - Non-fatal injury,03 - Rear end,02 - Rain,01 - Daylight,02 - Wet,01 - Traffic signal,01 - Functioning,2,0,0,0,01 - Minimal,1,1,,,,365950.7031,5021122.489,45.32738744,-75.71990372,12930
18--7928,7/27/2018,4:25 PM,BANK ST btwn ARENA PL & WHITE ALDER AVE (__3ZA29N),__3ZA29N,04 - At/near private drive,03 - P.D. only,07 - SMV other,02 - Rain,01 - Daylight,02 - Wet,10 - No control,,1,0,0,0,,0,,,,,375658.5817,5020906.435,45.32453055,-75.59610617,12931
18--7929,7/27/2018,4:40 PM,PRINCE OF WALES DR @ WEST HUNT CLUB RD (0000567),567,02 - Intersection related,03 - P.D. only,03 - Rear end,01 - Clear,01 - Daylight,01 - Dry,01 - Traffic signal,01 - Functioning,2,0,0,0,,0,,,,,367458.7105,5021891.503,45.33417389,-75.70057067,12932
18--793,1/14/2018,10:57 AM,BROADLEAF ST btwn MAROMA ST & SWEETVALLEY DR (e___2HCS),e___2HCS,04 - At/near private drive,03 - P.D. only,04 - Sideswipe,01 - Clear,01 - Daylight,03 - Loose snow,10 - No control,,2,0,0,0,,0,,,,,384573.329,5034282.667,45.44392262,-75.48024233,12933
18--7930,7/27/2018,5:10 PM,UPLANDS DR btwn CHATSWORTH CRES & CHATSWORTH CRES (__3ZA9ZL),__3ZA9ZL,01 - Non intersection,03 - P.D. only,05 - Turning movement,01 - Clear,01 - Daylight,02 - Wet,10 - No control,,2,0,0,0,,0,,,,,368382.7368,5022830.595,45.34254052,-75.68866201,12934
18--7931,7/27/2018,5:15 PM,MAITLAND AVE/HWY 417 MAITLAND IC126R53 @ HWY 4 (0008229),8229,03 - At intersection,03 - P.D. only,02 - Angle,01 - Clear,01 - Daylight,01 - Dry,01 - Traffic signal,01 - Functioning,2,0,0,0,,0,,,,,363229.5906,5025774.407,45.36947679,-75.75406417,12935
18--7932,7/27/2018,5:24 AM,HIGHWAY 417 btwn HWY417 IC134 RAMP61 & HWY417 IC131 RAMP66 (__3ZA297),__3ZA297,01 - Non intersection,03 - P.D. only,07 - SMV other,01 - Clear,03 - Dawn,01 - Dry,10 - No control,,1,0,0,0,,0,,,,,357277.5795,5022649.413,45.3418289,-75.83037617,12936
18--7933,7/27/2018,5:30 PM,COVENTRY RD btwn ST. LAURENT SC WEST & ST. LAURENT BLVD (__3ZA2CAC),__3ZA2CAC,01 - Non intersection,03 - P.D. only,04 - Sideswipe,01 - Clear,01 - Daylight,01 - Dry,10 - No control,,2,0,0,0,,0,,,,,372206.343,5031936.867,45.42411816,-75.6386334,12937
18--7934,7/27/2018,5:49 AM,ST. LAURENT BLVD @ TREMBLAY RD (0002573),2573,02 - Intersection related,03 - P.D. only,06 - SMV unattended vehicle,01 - Clear,01 - Daylight,01 - Dry,01 - Traffic signal,01 - Functioning,1,0,0,0,,0,,,,,372595.6727,5031241.535,45.41782426,-75.63375452,12938
18--7935,7/27/2018,5:53 AM,LEEDS AVE @ SHEFFIELD RD (0007680),7680,03 - At intersection,02 - Non-fatal injury,05 - Turning movement,01 - Clear,01 - Daylight,01 - Dry,03 - Yield sign,01 - Functioning,3,0,0,0,03 - Major,1,,,1,,374862.7393,5029550.553,45.40238635,-75.60503137,12939
18--7936,7/27/2018,6:03 PM,FERNBANK RD @ SHEA RD (0000399),399,03 - At intersection,03 - P.D. only,02 - Angle,01 - Clear,01 - Daylight,01 - Dry,11 - Roundabout,01 - Functioning,2,0,0,0,,0,,,,,352116.4424,5013181.743,45.25700352,-75.8971329,12940
18--7937,7/27/2018,6:19 PM,DONALD ST @ ST. LAURENT BLVD (0008630),8630,03 - At intersection,03 - P.D. only,05 - Turning movement,01 - Clear,01 - Daylight,01 - Dry,01 - Traffic signal,01 - Functioning,2,0,0,0,,0,,,,,372093.7131,5032472.585,45.42894914,-75.63999931,12941
18--7938,7/27/2018,7:00 PM,BANK ST @ HUNT CLUB RD (0002119),2119,02 - Intersection related,03 - P.D. only,03 - Rear end,01 - Clear,01 - Daylight,01 - Dry,01 - Traffic signal,01 - Functioning,2,0,0,0,,0,,,,,371608.7371,5024096.506,45.35363097,-75.64733058,12942
18--7939,7/27/2018,7:33 PM,BAYSHORE DR btwn WOODRIDGE CRES N & BAYSHORE CS (__3ZAA4OA),__3ZAA4OA,01 - Non intersection,02 - Non-fatal injury,03 - Rear end,01 - Clear,01 - Daylight,01 - Dry,10 - No control,,2,0,0,0,01 - Minimal,1,1,,,,359125.2305,5023788.955,45.35194187,-75.80667633,12943
18--794,1/14/2018,11:07 AM,FALLOWFIELD RD btwn ASHDALE AVE & PRINCE OF WALES DR (__3ZA3IQ),__3ZA3IQ,01 - Non intersection,03 - P.D. only,03 - Rear end,01 - Clear,01 - Daylight,04 - Slush,10 - No control,,3,0,0,0,,0,,,,,367230.088,5019059.988,45.30871673,-75.70384419,12944
18--7940,7/27/2018,8:13 AM,GREENBANK RD btwn FALLOWFIELD RD & LARKIN DR (__3ZA3HF),__3ZA3HF,01 - Non intersection,02 - Non-fatal injury,03 - Rear end,01 - Clear,01 - Daylight,01 - Dry,10 - No control,,2,0,0,0,01 - Minimal,1,1,,,,363120.7055,5016640.667,45.28730095,-75.75653011,12945
18--7941,7/27/2018,8:38 AM,STRANDHERD DR @ LONGFIELDS DR (0010935),10935,02 - Intersection related,03 - P.D. only,03 - Rear end,01 - Clear,01 - Daylight,01 - Dry,01 - Traffic signal,01 - Functioning,3,0,0,0,,0,,,,,364548.811,5015173.325,45.27397788,-75.73850293,12946
18--7942,7/27/2018,8:51 AM,STRANDHERD DR @ 210 W OF WOODROFFE AVE (0010890),10890,02 - Intersection related,03 - P.D. only,03 - Rear end,01 - Clear,01 - Daylight,01 - Dry,01 - Traffic signal,01 - Functioning,4,0,0,0,,0,,,,,365924.343,5015321.475,45.2751927,-75.72095517,12947
18--7943,7/27/2018,8:52 AM,MERIVALE RD btwn VIEWMOUNT DR & COLONNADE RD (__3ZA33F),__3ZA33F,04 - At/near private drive,03 - P.D. only,07 - SMV other,01 - Clear,01 - Daylight,01 - Dry,10 - No control,,1,0,0,0,,0,,,,,365201.6292,5022929.661,45.34371302,-75.72923817,12948
18--7944,7/27/2018,9:25 AM,MERIVALE RD @ SHILLINGTON AVE (0011308),11308,02 - Intersection related,03 - P.D. only,02 - Angle,01 - Clear,01 - Daylight,01 - Dry,01 - Traffic signal,01 - Functioning,2,0,0,0,,0,,,,,364844.6939,5026809.538,45.37865421,-75.73332109,12949
18--7945,7/27/2018,9:33 AM,CATHERINE ST @ LYON ST/HWY 417 LYON IC120BR36 (0002254),2254,03 - At intersection,03 - P.D. only,02 - Angle,01 - Clear,01 - Daylight,01 - Dry,01 - Traffic signal,01 - Functioning,2,0,0,0,,0,,,,,367747.7068,5030092.565,45.40793915,-75.69583879,12950
18--7946,7/28/2018,1:13 AM,GREENBANK RD @ MALVERN DR/FOXFIELD DR (0009821),9821,02 - Intersection related,03 - P.D. only,02 - Angle,01 - Clear,07 - Dark,01 - Dry,01 - Traffic signal,01 - Functioning,2,0,0,0,,0,,,,,363311.6859,5016194.433,45.28326986,-75.75414833,12951
18--7947,7/28/2018,1:17 PM,O'CONNOR ST @ SPARKS ST (0005688),5688,03 - At intersection,03 - P.D. only,05 - Turning movement,01 - Clear,01 - Daylight,01 - Dry,01 - Traffic signal,01 - Functioning,2,0,0,0,,0,,,,,367456.6976,5031652.576,45.42200176,-75.69935775,12952
18--7948,7/28/2018,1:27 PM,CONROY RD btwn QUEENSDALE AVE & DAVIDSON RD (__3ZBOF0),__3ZBOF0,01 - Non intersection,03 - P.D. only,07 - SMV other,01 - Clear,01 - Daylight,01 - Dry,10 - No control,,1,0,0,0,,0,,,,,374385.7116,5023963.004,45.3521597,-75.61191148,12953
18--7949,7/28/2018,1:53 AM,HIGHWAY 417 btwn HWY417 IC122 RAMP15 & HWY417 IC121B RAMP51 (__3ZA2RB),__3ZA2RB,01 - Non intersection,02 - Non-fatal injury,04 - Sideswipe,01 - Clear,07 - Dark,01 - Dry,10 - No control,,2,0,0,0,01 - Minimal,1,1,,,,365661.6036,5029093.247,45.39913204,-75.72260973,12954
18--795,1/14/2018,11:45 AM,MARCH RD btwn DUNROBIN RD & MURPHY CRT (__3ZA3DI),__3ZA3DI,01 - Non intersection,03 - P.D. only,07 - SMV other,01 - Clear,01 - Daylight,01 - Dry,10 - No control,,1,0,0,0,,0,,,,,347653.7895,5025813.736,45.37095619,-75.95289698,12955
18--7950,7/28/2018,10:00 PM,BASELINE RD btwn ZENA ST & MARSON ST (__3ZA4JJ),__3ZA4JJ,01 - Non intersection,03 - P.D. only,03 - Rear end,02 - Rain,07 - Dark,02 - Wet,10 - No control,,2,0,0,0,,0,,,,,365752.5423,5025766.331,45.36918925,-75.72185907,12956
18--7951,7/28/2018,10:21 PM,MONTREAL RD btwn PALACE ST & VANIER PKWY (__3ZA3LL),__3ZA3LL,01 - Non intersection,03 - P.D. only,06 - SMV unattended vehicle,01 - Clear,07 - Dark,02 - Wet,10 - No control,,1,0,0,0,,0,,,,,369992.6011,5033020.083,45.43407431,-75.66677573,12957