Anom_ID,Accident_Date,Accident_Time,Location,Geo_ID,Accident_Location,Classification_of_Accident,Initial_Impact_Type,Environment_Condition,Light,Road_Surface_Condition,Traffic_Control,Traffic_Control_Condition,No__of_Vehicles,No__of_Bicycles,No__of_Motorcycles,No__of_Pedestrians,Max_Injury,No__of_Injuries,No__of_Minimal,No__of_Minor,No__of_Major,No__of_Fatal,X,Y,Latitude,Longitude,ObjectId
18--7952,7/28/2018,11:13 AM,HAZELDEAN RD btwn SAVAGE DR & ROWAN RD (__3ZA3D2),__3ZA3D2,01 - Non intersection,03 - P.D. only,07 - SMV other,01 - Clear,01 - Daylight,01 - Dry,10 - No control,,1,0,0,0,,0,,,,,350297.5657,5015495.739,45.27794561,-75.92009433,12958
18--7953,7/28/2018,11:42 AM,VANIER PKWY SB btwn PRESLAND RD & COVENTRY RD (__3ZA4S5B),__3ZA4S5B,01 - Non intersection,03 - P.D. only,03 - Rear end,01 - Clear,01 - Daylight,01 - Dry,10 - No control,,2,0,0,0,,0,,,,,370573.9681,5031651.798,45.42170862,-75.65952884,12959
18--7954,7/28/2018,11:46 AM,BRONSON AVE @ SUNNYSIDE AVE/UNIVERSITY RD - CA (0007209),7209,02 - Intersection related,03 - P.D. only,02 - Angle,01 - Clear,01 - Daylight,01 - Dry,01 - Traffic signal,01 - Functioning,2,0,0,0,,0,,,,,367922.71,5028091.547,45.38991882,-75.69385941,12960
18--7955,7/28/2018,11:53 AM,FERNBANK RD @ ROMINA ST/TEMPLEFORD AVE (0012540),12540,03 - At intersection,02 - Non-fatal injury,02 - Angle,01 - Clear,01 - Daylight,01 - Dry,02 - Stop sign,01 - Functioning,2,0,0,0,01 - Minimal,2,2,,,,354467.594,5015279.886,45.2757211,-75.86696844,12961
18--7956,7/28/2018,Unknown,DAVENTRY CRES btwn MOUNTSHANNON DR & DEWBERRY CRES (__3ZA1BN),__3ZA1BN,01 - Non intersection,03 - P.D. only,06 - SMV unattended vehicle,01 - Clear,00 - Unknown,01 - Dry,10 - No control,,1,0,0,0,,0,,,,,364531.3423,5016933.247,45.28981511,-75.73851372,12962
18--7957,7/28/2018,Unknown,DAVENTRY CRES btwn MOUNTSHANNON DR & ROSECLIFFE CRT (__3ZA1BL),__3ZA1BL,01 - Non intersection,03 - P.D. only,06 - SMV unattended vehicle,01 - Clear,00 - Unknown,01 - Dry,10 - No control,,1,0,0,0,,0,,,,,364492.189,5016643.961,45.28721545,-75.73904763,12963
18--7958,7/28/2018,12:02 AM,SPEEDWAY RD btwn SPRUCE RIDGE RD & END (__7JQ7KY),__7JQ7KY,01 - Non intersection,03 - P.D. only,07 - SMV other,01 - Clear,07 - Dark,01 - Dry,10 - No control,,1,0,0,0,,0,,,,,344802.0387,5010515.008,45.23346084,-75.9905375,12964
18--7959,7/28/2018,12:35 PM,TENTH LINE RD @ CHARLEMAGNE BLVD N/TOMPKINS AV (0009222),9222,02 - Intersection related,03 - P.D. only,03 - Rear end,01 - Clear,01 - Daylight,01 - Dry,01 - Traffic signal,01 - Functioning,2,0,0,0,,0,,,,,383183.93,5037977.882,45.47732608,-75.4974114,12965
18--796,1/14/2018,11:46 AM,CARLING AVE @ MAITLAND AVE/SHERBOURNE RD (0002641),2641,02 - Intersection related,03 - P.D. only,04 - Sideswipe,01 - Clear,01 - Daylight,05 - Packed snow,01 - Traffic signal,01 - Functioning,2,0,0,0,,0,,,,,362942.6977,5026488.527,45.37592622,-75.75764239,12966
18--7960,7/28/2018,12:48 AM,REGIONAL ROAD 174 btwn TRANSIT & OR174 IC105 RAMP51 (__3ZA28H),__3ZA28H,01 - Non intersection,03 - P.D. only,07 - SMV other,01 - Clear,07 - Dark,01 - Dry,10 - No control,,1,0,0,0,,0,,,,,376739.9746,5035454.728,45.45531811,-75.5801925,12967
18--7961,7/28/2018,2:03 PM,HIGHWAY 417 btwn HWY417 IC144 RAMP61 & HWY417 IC142 RAMP16 (__3ZA20K),__3ZA20K,01 - Non intersection,03 - P.D. only,04 - Sideswipe,01 - Clear,01 - Daylight,01 - Dry,10 - No control,,3,0,0,0,,0,,,,,348440.192,5016813.081,45.28991727,-75.94365116,12968
18--7962,7/28/2018,2:45 PM,GEORGE ST @ DALHOUSIE ST (0008516),8516,02 - Intersection related,03 - P.D. only,03 - Rear end,01 - Clear,01 - Daylight,01 - Dry,01 - Traffic signal,01 - Functioning,2,0,0,0,,0,,,,,368157.6982,5032315.589,45.42790418,-75.69031581,12969
18--14037,12/18/2018,6:07 AM,PRINCE OF WALES DR @ MEADOWLANDS DR/HOG'S BACK (0001629),1629,03 - At intersection,03 - P.D. only,05 - Turning movement,01 - Clear,07 - Dark,05 - Packed snow,01 - Traffic signal,01 - Functioning,2,0,0,0,,0,,,,,367371.6519,5025693.387,45.36839023,-75.7012002,4918
18--7964,7/28/2018,3:51 PM,PARKDALE AVE @ WELLINGTON ST (0002260),2260,03 - At intersection,03 - P.D. only,02 - Angle,01 - Clear,01 - Daylight,01 - Dry,01 - Traffic signal,01 - Functioning,2,0,0,0,,0,,,,,365149.7002,5029270.556,45.40077174,-75.72912602,12971
18--7965,7/28/2018,5:05 PM,DU GRAND BOIS AVE @ INNES RD (0004107),4107,02 - Intersection related,03 - P.D. only,03 - Rear end,02 - Rain,01 - Daylight,02 - Wet,02 - Stop sign,01 - Functioning,2,0,0,0,,0,,,,,383109.755,5035762.563,45.45740293,-75.49871298,12972
18--7966,7/28/2018,5:10 PM,GLOUCESTER ST btwn BAY ST & LYON ST N (__3ZA0PX),__3ZA0PX,01 - Non intersection,03 - P.D. only,06 - SMV unattended vehicle,01 - Clear,01 - Daylight,01 - Dry,10 - No control,,1,0,0,0,,0,,,,,367131.5247,5030963.666,45.4158322,-75.70359963,12973
18--7967,7/28/2018,5:15 PM,HIGHWAY 417 btwn HWY417 IC129 RAMP25 & TRANSIT (__3ZA2SH),__3ZA2SH,01 - Non intersection,03 - P.D. only,03 - Rear end,01 - Clear,01 - Daylight,01 - Dry,10 - No control,,2,0,0,0,,0,,,,,360879.747,5023856.833,45.35241452,-75.78427841,12974
18--7968,7/28/2018,5:20 PM,HIGHWAY 417 btwn HWY417 IC127 RAMP25 & HWY417 IC126 RAMP51 (__3ZA2XA),__3ZA2XA,01 - Non intersection,03 - P.D. only,03 - Rear end,01 - Clear,01 - Daylight,01 - Dry,10 - No control,,2,0,0,0,,0,,,,,362631.6004,5025221.851,45.36455455,-75.7617624,12975
18--7969,7/28/2018,5:30 PM,HWY 417 CASTLEFR IC139R61 @ KANATA AVE (0012625),12625,03 - At intersection,03 - P.D. only,03 - Rear end,01 - Clear,01 - Daylight,01 - Dry,01 - Traffic signal,01 - Functioning,2,0,0,0,,0,,,,,351616.0627,5019224.795,45.31141411,-75.90293783,12976
18--797,1/14/2018,11:52 AM,ESSON ST @ HUNT CLUB RD (0002152),2152,02 - Intersection related,03 - P.D. only,04 - Sideswipe,01 - Clear,01 - Daylight,01 - Dry,02 - Stop sign,01 - Functioning,2,0,0,0,,0,,,,,374639.7382,5025907.521,45.36963037,-75.60839507,12977
18--7970,7/28/2018,5:33 PM,HUNTMAR DR @ PAINE AVE (0017103),17103,02 - Intersection related,03 - P.D. only,03 - Rear end,01 - Clear,01 - Daylight,01 - Dry,02 - Stop sign,01 - Functioning,2,0,0,0,,0,,,,,348757.8592,5018383.547,45.30402903,-75.93946234,12978
18--7971,7/28/2018,5:44 PM,FOXWELL ST btwn AMBROSE DR & AMBROSE DR (__3ZA4FN),__3ZA4FN,01 - Non intersection,02 - Non-fatal injury,07 - SMV other,01 - Clear,01 - Daylight,01 - Dry,10 - No control,,1,0,0,1,02 - Minor,1,,1,,,374362.6365,5031502.741,45.42000102,-75.61114332,12979
18--7972,7/28/2018,5:50 AM,HIGHWAY 417 btwn HWY417 IC169 RAMP25 & HWY417 IC163 RAMP51 (__5SPOUW),__5SPOUW,01 - Non intersection,03 - P.D. only,07 - SMV other,01 - Clear,03 - Dawn,01 - Dry,10 - No control,,1,0,0,0,,0,,,,,326282.8175,5024229.654,45.35768275,-76.2257987,12980
18--7973,7/28/2018,5:58 PM,LONDON TER @ HEMLOCK RD (0012030),12030,03 - At intersection,02 - Non-fatal injury,05 - Turning movement,01 - Clear,01 - Daylight,01 - Dry,02 - Stop sign,01 - Functioning,2,1,0,0,01 - Minimal,1,1,,,,371190.7114,5034783.608,45.44982897,-75.65122649,12981
18--7974,7/28/2018,5:58 PM,LEMIEUX ST @ ST. LAURENT BLVD (0002021),2021,02 - Intersection related,03 - P.D. only,03 - Rear end,01 - Clear,01 - Daylight,01 - Dry,01 - Traffic signal,01 - Functioning,2,0,0,0,,0,,,,,372391.7244,5031742.565,45.42235203,-75.6362914,12982
18--7975,7/28/2018,7:08 AM,CARLING AVE @ EDGEWORTH AVE (0002718),2718,02 - Intersection related,03 - P.D. only,03 - Rear end,01 - Clear,01 - Daylight,01 - Dry,01 - Traffic signal,01 - Functioning,2,0,0,0,,0,,,,,361262.6801,5025424.524,45.36648979,-75.77921251,12983
18--7976,7/28/2018,7:34 PM,GLADSTONE AVE @ LEBRETON ST (0005746),5746,03 - At intersection,02 - Non-fatal injury,02 - Angle,01 - Clear,01 - Daylight,01 - Dry,02 - Stop sign,01 - Functioning,2,0,0,0,03 - Major,3,,2,1,,366855.7004,5029922.569,45.40648923,-75.70725452,12984
18--7977,7/28/2018,7:37 AM,STRANDHERD DR @ LONGFIELDS DR (0010935),10935,02 - Intersection related,02 - Non-fatal injury,03 - Rear end,01 - Clear,01 - Daylight,01 - Dry,01 - Traffic signal,01 - Functioning,2,0,0,0,01 - Minimal,2,2,,,,364548.8108,5015173.325,45.27397788,-75.73850293,12985
18--7978,7/28/2018,8:30 AM,JOSEPH DROUIN AVE btwn PARC DU VILLAGE ST & END (__3ZA48J),__3ZA48J,01 - Non intersection,03 - P.D. only,06 - SMV unattended vehicle,01 - Clear,01 - Daylight,01 - Dry,10 - No control,,1,0,0,0,,0,,,,,380879.7515,5037629.208,45.47444386,-75.5269332,12986
18--7979,7/28/2018,8:35 PM,HIGHWAY 416 btwn HWY416 IC72 RAMP62 & HWY416 IC72 RAMP24 (__3ZAZEQ),__3ZAZEQ,01 - Non intersection,03 - P.D. only,07 - SMV other,02 - Rain,05 - Dusk,02 - Wet,10 - No control,,1,0,0,0,,0,,,,,359384.3825,5019788.824,45.31592844,-75.80381033,12987
18--798,1/14/2018,Unknown,SAVOY PL btwn SOUTHAMPTON CRT & RIDDELL AVE S (__3ZA0CF),__3ZA0CF,01 - Non intersection,03 - P.D. only,06 - SMV unattended vehicle,01 - Clear,00 - Unknown,01 - Dry,10 - No control,,1,0,0,0,,0,,,,,363115.7836,5025578.879,45.36772693,-75.75554004,12988
18--7980,7/28/2018,9:07 PM,HIGHWAY 417 btwn HWY417 IC118 RAMP35 & HWY417 IC117 RAMP51 (__3ZA2YP),__3ZA2YP,01 - Non intersection,02 - Non-fatal injury,07 - SMV other,02 - Rain,07 - Dark,02 - Wet,10 - No control,,1,0,0,0,02 - Minor,1,,1,,,370198.4329,5031101.346,45.41679107,-75.66440004,12989
18--7981,7/28/2018,9:15 AM,HIGHCROFT DR @ MANOTICK MAIN ST (0008830),8830,03 - At intersection,03 - P.D. only,05 - Turning movement,01 - Clear,01 - Daylight,01 - Dry,02 - Stop sign,01 - Functioning,2,0,0,0,,0,,,,,368614.704,5009988.394,45.22696704,-75.68735391,12990
18--7982,7/28/2018,9:45 PM,ST. LAURENT BLVD btwn THURSTON DR & WALKLEY RD (__3ZA7QN),__3ZA7QN,01 - Non intersection,02 - Non-fatal injury,01 - Approaching,02 - Rain,07 - Dark,02 - Wet,10 - No control,,2,0,0,0,01 - Minimal,3,3,,,,373735.6394,5027516.581,45.3841975,-75.6197112,12991
18--7983,7/29/2018,1:28 PM,MEADOW DR btwn SHIELDS DR & TO BE DETERMINED (__3ZA7H2),__3ZA7H2,04 - At/near private drive,03 - P.D. only,99 - Other,01 - Clear,01 - Daylight,01 - Dry,10 - No control,,2,0,0,0,,0,,,,,378713.4117,5014048.942,45.26251495,-75.55816494,12992
18--7984,7/29/2018,10:33 PM,HIGHWAY 417 btwn HWY417 IC115 RAMP61 & REGIONAL ROAD 174 (__3ZA2XG),__3ZA2XG,01 - Non intersection,01 - Fatal injury,07 - SMV other,01 - Clear,07 - Dark,01 - Dry,10 - No control,,1,0,0,1,04 - Fatal,1,,,,1,372884.8495,5031589.644,45.4209283,-75.63001195,12993
18--7985,7/29/2018,11:55 AM,MONTREAL RD @ GRANVILLE ST/LAFONTAINE AVE (0009348),9348,03 - At intersection,03 - P.D. only,02 - Angle,01 - Clear,01 - Daylight,01 - Dry,01 - Traffic signal,01 - Functioning,2,0,0,0,,0,,,,,370826.7138,5033474.592,45.43808552,-75.65605516,12994
18--7986,7/29/2018,12:13 AM,HIGHWAY 417 btwn HWY417 IC117 RAMP36 & HWY417 IC117 RAMP26 (__3ZAZE0),__3ZAZE0,01 - Non intersection,02 - Non-fatal injury,07 - SMV other,01 - Clear,07 - Dark,01 - Dry,10 - No control,,1,0,1,0,02 - Minor,1,,1,,,370760.2675,5031197.816,45.41760633,-75.6572093,12995
18--7987,7/29/2018,12:28 PM,WEST HUNT CLUB RD @ WOODROFFE AVE (0000576),576,02 - Intersection related,03 - P.D. only,03 - Rear end,01 - Clear,01 - Daylight,01 - Dry,01 - Traffic signal,01 - Functioning,2,0,0,0,,0,,,,,363670.6914,5021246.488,45.32869812,-75.74897241,12996
18--7988,7/29/2018,12:31 PM,EAGLESON RD @ 240 N OF CADENCE GT/LOBLAWS SC (0012114),12114,03 - At intersection,03 - P.D. only,05 - Turning movement,01 - Clear,01 - Daylight,01 - Dry,01 - Traffic signal,01 - Functioning,2,0,0,0,,0,,,,,354525.794,5016263.675,45.28456934,-75.86612814,12997
18--7989,7/29/2018,12:36 PM,RIVER RD btwn OSGOODE MAIN ST & DALMENY RD (__3ZA3TA),__3ZA3TA,01 - Non intersection,02 - Non-fatal injury,07 - SMV other,01 - Clear,01 - Daylight,01 - Dry,10 - No control,,1,0,1,1,03 - Major,2,,,2,,374105.1414,4998023.208,45.11878681,-75.6191055,12998
18--799,1/14/2018,Unknown,HARMER AVE   N btwn KENORA ST & JAVA ST (__3ZA01L),__3ZA01L,01 - Non intersection,03 - P.D. only,06 - SMV unattended vehicle,01 - Clear,00 - Unknown,05 - Packed snow,10 - No control,,1,0,0,0,,0,,,,,364914.6961,5028771.351,45.39630022,-75.7321884,12999
18--7990,7/29/2018,2:00 AM,ROGER STEVENS DR btwn DWYER HILL RD & MALAKOFF RD (__3ZA4ZQ),__3ZA4ZQ,01 - Non intersection,03 - P.D. only,07 - SMV other,01 - Clear,07 - Dark,01 - Dry,10 - No control,,1,0,0,0,,0,,,,,355862.0684,4990644.492,45.05394242,-75.85171577,13000
18--9072,9/3/2018,12:59 AM,MITCH OWENS RD btwn RIVER RD & SPRATT RD (__3ZA38F),__3ZA38F,01 - Non intersection,02 - Non-fatal injury,01 - Approaching,01 - Clear,07 - Dark,02 - Wet,10 - No control,,2,0,0,0,02 - Minor,3,1,2,,,369824.4232,5010966.364,45.23565609,-75.67182258,13001
18--9073,9/3/2018,2:14 PM,CALAVERAS AVE @ LONGFIELDS DR (0010987),10987,03 - At intersection,03 - P.D. only,05 - Turning movement,01 - Clear,01 - Daylight,01 - Dry,02 - Stop sign,01 - Functioning,2,0,0,0,,0,,,,,364359.6931,5015493.666,45.27687635,-75.74087458,13002
18--9074,9/3/2018,4:00 PM,NICHOLAS ST NB btwn LAURIER AVE E & WALLER ST (__5D2DO8),__5D2DO8,01 - Non intersection,02 - Non-fatal injury,03 - Rear end,01 - Clear,01 - Daylight,01 - Dry,10 - No control,,2,0,0,0,01 - Minimal,2,2,,,,368451.8221,5031735.159,45.42265497,-75.68663242,13003
18--9075,9/3/2018,5:11 PM,GARVIN RD @ HUNTLEY RD (0010390),10390,02 - Intersection related,03 - P.D. only,07 - SMV other,01 - Clear,01 - Daylight,01 - Dry,02 - Stop sign,01 - Functioning,1,0,0,0,,0,,,,,355984.6141,5007387.362,45.2045933,-75.84844695,13004
18--9076,9/3/2018,6:02 PM,BARNSDALE RD @ PRINCE OF WALES DR (0001082),1082,03 - At intersection,02 - Non-fatal injury,02 - Angle,01 - Clear,01 - Daylight,01 - Dry,02 - Stop sign,01 - Functioning,2,0,1,0,03 - Major,1,,,1,,366646.6964,5011532.413,45.24103569,-75.71222108,13005
18--9077,9/3/2018,7:31 PM,BOTELER ST @ SUSSEX DR (0011436),11436,03 - At intersection,02 - Non-fatal injury,05 - Turning movement,01 - Clear,05 - Dusk,01 - Dry,01 - Traffic signal,01 - Functioning,2,0,1,0,01 - Minimal,1,1,,,,367451.3722,5032952.114,45.43369505,-75.69926048,13006
18--9078,9/3/2018,9:01 PM,ALTA VISTA DR @ SMYTH RD (0011353),11353,03 - At intersection,03 - P.D. only,05 - Turning movement,01 - Clear,07 - Dark,01 - Dry,01 - Traffic signal,01 - Functioning,2,0,0,0,,0,,,,,370432.7046,5029081.585,45.39859611,-75.66167593,13007
18--9079,9/3/2018,9:20 AM,FALLOWFIELD RD @ MOODIE DR (0010412),10412,02 - Intersection related,02 - Non-fatal injury,03 - Rear end,01 - Clear,01 - Daylight,01 - Dry,01 - Traffic signal,01 - Functioning,2,0,0,0,01 - Minimal,1,1,,,,359501.6562,5014636.413,45.26955743,-75.80288293,13008
18--908,1/16/2018,5:13 PM,ST. LAURENT BLVD @ WALKLEY RD (0007653),7653,02 - Intersection related,03 - P.D. only,05 - Turning movement,01 - Clear,05 - Dusk,04 - Slush,01 - Traffic signal,01 - Functioning,2,0,0,0,,0,,,,,373902.7498,5028046.855,45.3889522,-75.61750326,13009
18--9080,9/4/2018,1:07 PM,WALKLEY RD btwn BAYCREST DR & HEATHERINGTON RD (__3ZA361),__3ZA361,01 - Non intersection,02 - Non-fatal injury,03 - Rear end,01 - Clear,01 - Daylight,01 - Dry,10 - No control,,2,0,0,0,01 - Minimal,1,1,,,,371680.2501,5026743.84,45.37744393,-75.64605964,13010
18--9081,9/4/2018,1:10 PM,HIGHWAY 417 btwn TRANSIT & HWY417 IC127 RAMP16 (__3ZA2SJ),__3ZA2SJ,01 - Non intersection,03 - P.D. only,04 - Sideswipe,01 - Clear,01 - Daylight,01 - Dry,10 - No control,,2,0,0,0,,0,,,,,361819.2906,5024618.374,45.35919105,-75.77220055,13011
18--9082,9/4/2018,1:55 PM,SISKIN CRT btwn RIVERBROOK RD & END (__3ZA1S6),__3ZA1S6,01 - Non intersection,03 - P.D. only,07 - SMV other,01 - Clear,01 - Daylight,01 - Dry,10 - No control,,1,0,0,0,,0,,,,,360554.9642,5020036.452,45.31806463,-75.78885356,13012
18--9083,9/4/2018,10:50 AM,BRIDGE ST btwn MANOTICK MAIN ST & DICKINSON CIRC (__3ZA388),__3ZA388,04 - At/near private drive,03 - P.D. only,02 - Angle,01 - Clear,01 - Daylight,01 - Dry,10 - No control,,2,0,0,0,,0,,,,,368711.2249,5009947.803,45.22659305,-75.6861301,13013
18--9084,9/4/2018,10:53 AM,POULIN AVE @ RICHMOND RD (0002748),2748,02 - Intersection related,03 - P.D. only,03 - Rear end,01 - Clear,01 - Daylight,01 - Dry,01 - Traffic signal,01 - Functioning,2,0,0,0,,0,,,,,360325.6789,5024900.514,45.36184962,-75.79123197,13014
18--9085,9/4/2018,11:40 AM,INDUSTRIAL AVE btwn RUSSELL RD & ST. LAURENT BLVD (__3ZA3R7),__3ZA3R7,04 - At/near private drive,02 - Non-fatal injury,07 - SMV other,01 - Clear,01 - Daylight,01 - Dry,10 - No control,,1,0,0,1,02 - Minor,1,,1,,,372696.9453,5030080.981,45.40737231,-75.63262055,13015
18--9086,9/4/2018,Unknown,FELICIA CRES btwn HARBOUR VIEW ST & AQUAPASS PL (__5I7UGV),__5I7UGV,01 - Non intersection,03 - P.D. only,06 - SMV unattended vehicle,01 - Clear,00 - Unknown,01 - Dry,10 - No control,,1,0,0,0,,0,,,,,366820.1394,5014910.029,45.2714121,-75.70959051,13016
18--9087,9/4/2018,Unknown,KENZIE ST btwn COLDREY AVE & LEASIDE AVE (__3ZBOOB),__3ZBOOB,01 - Non intersection,03 - P.D. only,06 - SMV unattended vehicle,01 - Clear,00 - Unknown,01 - Dry,10 - No control,,1,0,0,0,,0,,,,,364534.6918,5027133.144,45.38159246,-75.73723984,13017
18--9088,9/4/2018,12:02 PM,GREENBANK RD @ MARKETPLACE AVE (0010406),10406,02 - Intersection related,03 - P.D. only,03 - Rear end,01 - Clear,01 - Daylight,01 - Dry,01 - Traffic signal,01 - Functioning,2,0,0,0,,0,,,,,364008.3558,5014602.189,45.2688845,-75.74545851,13018
18--9089,9/4/2018,12:03 PM,CARLING AVE @ TAVISTOCK RD (0002144),2144,02 - Intersection related,02 - Non-fatal injury,02 - Angle,01 - Clear,01 - Daylight,01 - Dry,02 - Stop sign,01 - Functioning,2,1,0,0,02 - Minor,1,,1,,,360698.6775,5025069.582,45.36334125,-75.786452,13019
18--909,1/16/2018,5:30 PM,APPLE ORCHARD RD @ MANOTICK STATION RD (0005370),5370,03 - At intersection,03 - P.D. only,02 - Angle,03 - Snow,05 - Dusk,03 - Loose snow,02 - Stop sign,01 - Functioning,2,0,0,0,,0,,,,,374364.7389,5011409.421,45.23920868,-75.61394004,13020
18--9090,9/4/2018,12:35 PM,LAURIER AVE @ WALLER ST/TRANSITWAY (0002020),2020,03 - At intersection,02 - Non-fatal injury,07 - SMV other,01 - Clear,01 - Daylight,01 - Dry,01 - Traffic signal,01 - Functioning,1,0,0,1,01 - Minimal,1,1,,,,368454.2688,5031858.888,45.42376802,-75.68658517,13021
18--9091,9/4/2018,12:50 PM,LAURIER AVE @ LYON ST (0002206),2206,03 - At intersection,02 - Non-fatal injury,05 - Turning movement,01 - Clear,01 - Daylight,01 - Dry,01 - Traffic signal,01 - Functioning,2,1,0,0,01 - Minimal,1,1,,,,367153.6485,5031068.627,45.41677464,-75.70330371,13022
18--9092,9/4/2018,2:32 PM,BAYSHORE DR @ RICHMOND RD (0010407),10407,03 - At intersection,03 - P.D. only,03 - Rear end,01 - Clear,01 - Daylight,01 - Dry,01 - Traffic signal,01 - Functioning,2,0,0,0,,0,,,,,359372.6858,5023368.526,45.34813963,-75.80356483,13023
18--9093,9/4/2018,2:35 PM,HWY417 IC118 RAMP52 btwn HWY417 IC118 RAMP57 & HWY417 IC118 RAMP62 (__6KCF0O),__6KCF0O,01 - Non intersection,03 - P.D. only,99 - Other,01 - Clear,01 - Daylight,01 - Dry,10 - No control,,2,0,0,0,,0,,,,,369232.1896,5030865.75,45.41476091,-75.6767753,13024
18--9094,9/4/2018,3:00 PM,BRONSON AVE btwn FOURTH AVE & MADAWASKA DR (__3ZA3NE),__3ZA3NE,01 - Non intersection,03 - P.D. only,04 - Sideswipe,01 - Clear,01 - Daylight,01 - Dry,10 - No control,,2,0,0,0,,0,,,,,367592.8956,5028987.849,45.39801315,-75.69795698,13025
18--9095,9/4/2018,3:00 PM,HAZELDEAN RD btwn JOHNWOODS ST & SAVAGE DR (__3ZA3D1),__3ZA3D1,04 - At/near private drive,03 - P.D. only,05 - Turning movement,01 - Clear,01 - Daylight,01 - Dry,10 - No control,,2,0,0,0,,0,,,,,350281.8489,5015481.522,45.2778187,-75.92029595,13026
18--9096,9/4/2018,3:30 PM,COOPER ST btwn METCALFE ST & ELGIN ST (__3ZA9UY),__3ZA9UY,01 - Non intersection,03 - P.D. only,06 - SMV unattended vehicle,01 - Clear,01 - Daylight,01 - Dry,10 - No control,,1,0,0,0,,0,,,,,368099.1156,5031259.249,45.4184049,-75.69120013,13027
18--9097,9/4/2018,3:55 PM,MERIVALE RD/LOTTA AVE @ CLYDE AVE (0001112),1112,02 - Intersection related,03 - P.D. only,03 - Rear end,01 - Clear,01 - Daylight,01 - Dry,01 - Traffic signal,01 - Functioning,3,0,0,0,,0,,,,,364521.6982,5024507.526,45.35796867,-75.73772317,13028
18--9098,9/4/2018,4:23 PM,ALTA VISTA DR @ BANK ST (0011318),11318,02 - Intersection related,03 - P.D. only,03 - Rear end,01 - Clear,01 - Daylight,01 - Dry,01 - Traffic signal,01 - Functioning,3,0,0,0,,0,,,,,370248.0734,5026200.765,45.37269276,-75.66441595,13029
18--9099,9/4/2018,4:45 PM,COPERNICUS ST @ UNIVERSITE PRIV (0008542),8542,02 - Intersection related,03 - P.D. only,06 - SMV unattended vehicle,01 - Clear,01 - Daylight,01 - Dry,02 - Stop sign,01 - Functioning,1,0,0,0,,0,,,,,368719.7132,5031903.58,45.42414594,-75.6831877,13030
18--91,1/2/2018,2:15 PM,SLATER ST btwn BANK ST & O'CONNOR ST (__3ZA35K),__3ZA35K,01 - Non intersection,03 - P.D. only,03 - Rear end,03 - Snow,01 - Daylight,05 - Packed snow,10 - No control,,2,0,0,0,,0,,,,,367527.1287,5031418.014,45.41988493,-75.69848772,13031
18--910,1/16/2018,5:47 AM,INNES RD @ STONEHENGE CRES E (0009355),9355,03 - At intersection,03 - P.D. only,02 - Angle,03 - Snow,07 - Dark,03 - Loose snow,01 - Traffic signal,01 - Functioning,2,0,0,0,,0,,,,,375364.7878,5031314.25,45.41820472,-75.59836662,13032
18--9100,9/4/2018,5:02 PM,WOODROFFE AVE @ KNOXDALE RD/MEDHURST DR (0000519),519,02 - Intersection related,02 - Non-fatal injury,03 - Rear end,01 - Clear,01 - Daylight,01 - Dry,01 - Traffic signal,01 - Functioning,2,0,0,0,01 - Minimal,1,1,,,,363419.6903,5021826.487,45.33393792,-75.75210553,13033
18--9101,9/4/2018,5:17 PM,BESSERER ST @ NICHOLAS ST (0007614),7614,02 - Intersection related,03 - P.D. only,05 - Turning movement,01 - Clear,01 - Daylight,01 - Dry,01 - Traffic signal,01 - Functioning,2,0,0,0,,0,,,,,368185.7086,5032111.58,45.42606604,-75.68998414,13034
18--9102,9/4/2018,5:35 AM,ARGYLE AVE @ O'CONNOR ST (0007254),7254,02 - Intersection related,03 - P.D. only,06 - SMV unattended vehicle,01 - Clear,07 - Dark,01 - Dry,01 - Traffic signal,01 - Functioning,1,0,0,0,,0,,,,,368184.6716,5030485.642,45.41143649,-75.69020655,13035
18--9103,9/4/2018,5:40 PM,HIGHWAY 417 btwn HWY417 IC126 RAMP16 & HWY417 IC126 RAMP61 (__3ZA2RC),__3ZA2RC,01 - Non intersection,03 - P.D. only,03 - Rear end,01 - Clear,01 - Daylight,01 - Dry,10 - No control,,2,0,0,0,,0,,,,,363088.0232,5025766.753,45.36941971,-75.75587223,13036
18--9104,9/4/2018,6:10 PM,ASHLEY ST @ HWY 417 GREENBA IC126R51 (0003039),3039,02 - Intersection related,03 - P.D. only,99 - Other,01 - Clear,01 - Daylight,01 - Dry,10 - No control,,2,0,0,0,,0,,,,,360377.6772,5023310.511,45.3475387,-75.79074702,13037
18--9105,9/4/2018,7:10 AM,AERO DR btwn HORNER DR & FAIRFIELD ST (__3ZAA3O),__3ZAA3O,01 - Non intersection,03 - P.D. only,06 - SMV unattended vehicle,01 - Clear,01 - Daylight,01 - Dry,10 - No control,,1,0,0,0,,0,,,,,357911.6154,5022981.029,45.34476508,-75.82225071,13038
18--9106,9/4/2018,7:25 PM,HUNT CLUB RD @ RIVERSIDE DR (0002237),2237,02 - Intersection related,03 - P.D. only,03 - Rear end,02 - Rain,05 - Dusk,02 - Wet,01 - Traffic signal,01 - Functioning,2,0,0,0,,0,,,,,368036.7024,5021945.498,45.33460788,-75.69319021,13039