Anom_ID,Accident_Date,Accident_Time,Location,Geo_ID,Accident_Location,Classification_of_Accident,Initial_Impact_Type,Environment_Condition,Light,Road_Surface_Condition,Traffic_Control,Traffic_Control_Condition,No__of_Vehicles,No__of_Bicycles,No__of_Motorcycles,No__of_Pedestrians,Max_Injury,No__of_Injuries,No__of_Minimal,No__of_Minor,No__of_Major,No__of_Fatal,X,Y,Latitude,Longitude,ObjectId
18--9107,9/4/2018,7:32 AM,REGIONAL ROAD 174 btwn OR174 IC112 RAMP61 & TRANSIT (__3ZA2W0),__3ZA2W0,01 - Non intersection,03 - P.D. only,03 - Rear end,01 - Clear,01 - Daylight,01 - Dry,10 - No control,,2,0,0,0,,0,,,,,375411.6397,5033307.356,45.43613283,-75.5974823,13040
18--9108,9/4/2018,7:38 AM,ALPINE AVE @ CARLING AVE (0011382),11382,03 - At intersection,03 - P.D. only,05 - Turning movement,01 - Clear,01 - Daylight,01 - Dry,01 - Traffic signal,01 - Functioning,3,0,0,0,,0,,,,,360496.6767,5024942.519,45.36221402,-75.78904467,13041
18--9109,9/4/2018,7:45 AM,ALTA VISTA DR @ VALOUR DR (0012073),12073,02 - Intersection related,03 - P.D. only,03 - Rear end,01 - Clear,01 - Daylight,01 - Dry,02 - Stop sign,01 - Functioning,2,0,0,0,,0,,,,,370439.7192,5029581.556,45.403094,-75.6615198,13042
18--911,1/16/2018,5:54 PM,INNES RD @ ORLEANS BLVD (0003611),3611,02 - Intersection related,03 - P.D. only,03 - Rear end,04 - Freezing Rain,07 - Dark,06 - Ice,01 - Traffic signal,01 - Functioning,2,0,0,0,,0,,,,,380460.7946,5034296.403,45.44450342,-75.53280378,13043
18--9110,9/4/2018,8:00 AM,WHEATLAND AVE btwn Continuation of WHEATLAND AVE & Continuation of WHE (__3ZA55M),__3ZA55M,01 - Non intersection,03 - P.D. only,06 - SMV unattended vehicle,01 - Clear,01 - Daylight,01 - Dry,10 - No control,,1,0,0,0,,0,,,,,355563.0822,5015232.008,45.27521204,-75.85301183,13044
18--9111,9/4/2018,8:15 AM,AVIATION PKWY @ OGILVIE RD (0004114),4114,02 - Intersection related,02 - Non-fatal injury,03 - Rear end,01 - Clear,01 - Daylight,01 - Dry,01 - Traffic signal,01 - Functioning,2,0,0,0,01 - Minimal,1,1,,,,373110.7141,5032376.586,45.4279868,-75.62701706,13045
18--9112,9/4/2018,8:16 AM,OLMSTEAD ST @ JEANNE MANCE ST (0009887),9887,03 - At intersection,03 - P.D. only,05 - Turning movement,01 - Clear,01 - Daylight,01 - Dry,02 - Stop sign,01 - Functioning,2,0,0,0,,0,,,,,370466.7023,5032942.706,45.43333375,-75.66072723,13046
18--9113,9/4/2018,8:23 AM,BRIGATINE AVE @ HUNTMAR DR (0010608),10608,02 - Intersection related,02 - Non-fatal injury,03 - Rear end,01 - Clear,01 - Daylight,01 - Dry,02 - Stop sign,01 - Functioning,2,0,1,0,02 - Minor,1,,1,,,350651.0189,5016352.762,45.28563441,-75.91551032,13047
18--9114,9/4/2018,8:30 AM,CARLING AVE @ CHURCHILL AVE (0002149),2149,02 - Intersection related,03 - P.D. only,04 - Sideswipe,01 - Clear,01 - Daylight,01 - Dry,01 - Traffic signal,01 - Functioning,2,0,0,0,,0,,,,,363775.6956,5027013.537,45.38058056,-75.74694501,13048
18--9115,9/4/2018,8:50 AM,BOOTH ST @ SOMERSET ST (0002216),2216,02 - Intersection related,03 - P.D. only,06 - SMV unattended vehicle,01 - Clear,01 - Daylight,01 - Dry,01 - Traffic signal,01 - Functioning,1,0,0,0,,0,,,,,366592.7025,5030254.571,45.40949976,-75.71057232,13049
18--9116,9/4/2018,8:50 AM,HIGHWAY 417 btwn HWY417 IC122 RAMP16 & HWY417 IC122 RAMP61 (__3ZA2RA),__3ZA2RA,01 - Non intersection,03 - P.D. only,03 - Rear end,01 - Clear,01 - Daylight,01 - Dry,10 - No control,,2,0,0,0,,0,,,,,365159.3761,5028745.082,45.3960428,-75.72906674,13050
18--9117,9/4/2018,9:07 AM,DEERCROFT AVE @ LONGFIELDS DR (0011042),11042,02 - Intersection related,03 - P.D. only,03 - Rear end,01 - Clear,01 - Daylight,01 - Dry,02 - Stop sign,01 - Functioning,2,0,0,0,,0,,,,,364480.5882,5015294.216,45.27507145,-75.73935781,13051
18--9118,9/4/2018,9:23 AM,BAYSHORE DR btwn WOODRIDGE CRES S & BAYSHORE CS (__3ZAA4OB),__3ZAA4OB,01 - Non intersection,03 - P.D. only,04 - Sideswipe,01 - Clear,01 - Daylight,01 - Dry,10 - No control,,2,0,0,0,,0,,,,,359182.8534,5023595.345,45.3501953,-75.80596227,13052
18--9119,9/4/2018,9:24 AM,FRANK BENDER ST @ JEANNE D'ARC BLVD (0003635),3635,03 - At intersection,02 - Non-fatal injury,05 - Turning movement,01 - Clear,01 - Daylight,01 - Dry,01 - Traffic signal,01 - Functioning,2,0,0,0,01 - Minimal,3,3,,,,381870.7504,5035883.574,45.45862945,-75.51453384,13053
18--912,1/16/2018,6:00 PM,PLACE D'ORLEANS DR W @ ST. JOSEPH BLVD (0008776),8776,02 - Intersection related,03 - P.D. only,05 - Turning movement,03 - Snow,07 - Dark,04 - Slush,01 - Traffic signal,01 - Functioning,2,0,0,0,,0,,,,,381601.9028,5037684.13,45.47485895,-75.5176896,13054
18--9120,9/4/2018,9:24 AM,ALTA VISTA DR @ DALE AVE (0007995),7995,02 - Intersection related,02 - Non-fatal injury,03 - Rear end,01 - Clear,01 - Daylight,01 - Dry,02 - Stop sign,01 - Functioning,2,0,0,0,02 - Minor,2,,2,,,370697.7172,5030198.555,45.40862128,-75.65814204,13055
18--9121,9/4/2018,9:30 AM,HIGHWAY 417 btwn HWY417 IC122 RAMP61 & HWY417 IC121B RAMP16 (__3ZA2Y4),__3ZA2Y4,01 - Non intersection,03 - P.D. only,03 - Rear end,01 - Clear,01 - Daylight,01 - Dry,10 - No control,,2,0,0,0,,0,,,,,365956.3451,5029293.596,45.40090904,-75.71882048,13056
18--9122,9/4/2018,9:40 AM,MARAVISTA DR @ STRANDHERD DR (0013565),13565,02 - Intersection related,03 - P.D. only,03 - Rear end,01 - Clear,01 - Daylight,01 - Dry,01 - Traffic signal,01 - Functioning,2,0,0,0,,0,,,,,361288.4381,5014584.958,45.26895318,-75.78011984,13057
18--9123,9/4/2018,9:56 AM,ALBERT ST @ BANK ST (0002115),2115,02 - Intersection related,03 - P.D. only,03 - Rear end,01 - Clear,01 - Daylight,01 - Dry,01 - Traffic signal,01 - Functioning,2,0,0,0,,0,,,,,367385.6261,5031423.588,45.41994776,-75.70029492,13058
18--9124,9/5/2018,1:33 PM,AVIATION PKWY @ OGILVIE RD (0004114),4114,02 - Intersection related,03 - P.D. only,03 - Rear end,01 - Clear,01 - Daylight,01 - Dry,01 - Traffic signal,01 - Functioning,3,0,0,0,,0,,,,,373110.7736,5032376.679,45.42798763,-75.62701628,13059
18--9125,9/5/2018,10:02 PM,BLACKBURN BYPASS @ NAVAN RD (0004201),4201,03 - At intersection,03 - P.D. only,05 - Turning movement,01 - Clear,07 - Dark,01 - Dry,01 - Traffic signal,01 - Functioning,2,0,0,0,,0,,,,,379617.723,5033274.584,45.43540058,-75.54373485,13060
18--9126,9/5/2018,11:28 AM,ESCARPMENT CRES btwn COQUINA PL & HUNTSVILLE DR (__8JUUKH),__8JUUKH,01 - Non intersection,03 - P.D. only,06 - SMV unattended vehicle,01 - Clear,01 - Daylight,01 - Dry,10 - No control,,1,0,0,0,,0,,,,,348844.4,5020209.7,45.32045588,-75.93819652,13061
18--9127,9/5/2018,11:44 AM,MERIVALE RD btwn BURRIS LANE & OT/NE BOUNDARY (__3ZAZ7D),__3ZAZ7D,04 - At/near private drive,02 - Non-fatal injury,03 - Rear end,01 - Clear,01 - Daylight,01 - Dry,10 - No control,,2,0,0,0,02 - Minor,1,,1,,,364960.287,5025198.38,45.36414737,-75.73204151,13062
18--9128,9/5/2018,11:48 AM,BLAIR RD @ REGIONAL RD 174 N/OR174 IC112 RAMP61 (0003617),3617,02 - Intersection related,03 - P.D. only,03 - Rear end,01 - Clear,01 - Daylight,01 - Dry,01 - Traffic signal,01 - Functioning,2,0,0,0,,0,,,,,374634.7313,5032991.575,45.43336963,-75.60745588,13063
18--9129,9/5/2018,12:10 PM,HIGHWAY 417 btwn HWY417 IC121B RAMP16 & HWY417 IC121A RAMP16 (__3ZA2YX),__3ZA2YX,01 - Non intersection,03 - P.D. only,03 - Rear end,01 - Clear,01 - Daylight,01 - Dry,10 - No control,,2,0,0,0,,0,,,,,366890.8299,5029624.487,45.40380406,-75.70684333,13064
18--913,1/16/2018,6:12 PM,HIGHWAY 417 btwn HWY417 IC122 RAMP61 & HWY417 IC121B RAMP16 (__3ZA2Y4),__3ZA2Y4,01 - Non intersection,03 - P.D. only,03 - Rear end,01 - Clear,07 - Dark,02 - Wet,10 - No control,,2,0,0,0,,0,,,,,366207.0792,5029403.198,45.40187327,-75.71560438,13065
18--9130,9/5/2018,12:15 PM,CARLING AVE @ HIGHLAND AVE (0006705),6705,03 - At intersection,03 - P.D. only,04 - Sideswipe,01 - Clear,01 - Daylight,01 - Dry,02 - Stop sign,01 - Functioning,2,0,0,0,,0,,,,,363303.694,5026716.54,45.3779478,-75.75300662,13066
18--9131,9/5/2018,12:20 AM,RIDEAU ST @ WALLER ST (0011913),11913,02 - Intersection related,03 - P.D. only,02 - Angle,01 - Clear,07 - Dark,01 - Dry,01 - Traffic signal,01 - Functioning,2,0,0,0,,0,,,,,368282.8067,5032274.678,45.42752474,-75.68872241,13067
18--9132,9/5/2018,12:31 PM,HIGHWAY 417 btwn HWY417 IC121B RAMP16 & HWY417 IC121A RAMP16 (__3ZA2YX),__3ZA2YX,01 - Non intersection,03 - P.D. only,03 - Rear end,01 - Clear,01 - Daylight,01 - Dry,10 - No control,,2,0,0,0,,0,,,,,366624.976,5029548.181,45.403141,-75.71024863,13068
18--9133,9/5/2018,3:14 PM,ISABELLA ST btwn CHAMBERLAIN AVE & O'CONNOR ST (__3ZA3PM),__3ZA3PM,01 - Non intersection,03 - P.D. only,04 - Sideswipe,01 - Clear,01 - Daylight,01 - Dry,10 - No control,,2,0,0,0,,0,,,,,368087.8568,5030176.127,45.40866034,-75.69148306,13069
18--9134,9/5/2018,3:25 PM,HIGHWAY 417 btwn HWY417 IC118 RAMP57 & HWY417 IC118 RAMP35 (__3ZA2YQ),__3ZA2YQ,01 - Non intersection,03 - P.D. only,03 - Rear end,01 - Clear,01 - Daylight,01 - Dry,10 - No control,,3,0,0,0,,0,,,,,369455.5658,5031037.354,45.41628434,-75.67389909,13070
18--9135,9/5/2018,3:26 PM,HIGHWAY 417 btwn HIGHWAY 417 & HWY417 IC140 RAMP51 (__3ZA20L),__3ZA20L,01 - Non intersection,03 - P.D. only,07 - SMV other,02 - Rain,01 - Daylight,02 - Wet,10 - No control,,1,0,0,0,,0,,,,,349451.4513,5017671.295,45.29757622,-75.93068244,13071
18--9136,9/5/2018,3:48 PM,INNES RD @ TRIM RD (0012870),12870,02 - Intersection related,03 - P.D. only,03 - Rear end,01 - Clear,01 - Daylight,01 - Dry,01 - Traffic signal,01 - Functioning,2,0,0,0,,0,,,,,386566.7717,5037273.556,45.47060133,-75.45426666,13072
18--9137,9/5/2018,4:00 PM,OTTAWA RIVER PKWY @ ISLAND PARK DR (0002127),2127,02 - Intersection related,03 - P.D. only,03 - Rear end,01 - Clear,01 - Daylight,01 - Dry,01 - Traffic signal,01 - Functioning,2,0,0,0,,0,,,,,363298.6916,5029453.521,45.40257514,-75.75274603,13073
18--9138,9/5/2018,4:01 PM,MCARTHUR AVE btwn MAY ST & MAY ST (__3ZA3XK),__3ZA3XK,01 - Non intersection,03 - P.D. only,03 - Rear end,02 - Rain,01 - Daylight,02 - Wet,10 - No control,,2,0,0,0,,0,,,,,371685.0793,5032851.62,45.43239873,-75.6451695,13074
18--9139,9/5/2018,4:05 PM,BASELINE RD @ SOUTHWOOD DR (0002754),2754,02 - Intersection related,03 - P.D. only,03 - Rear end,02 - Rain,01 - Daylight,02 - Wet,02 - Stop sign,01 - Functioning,2,0,0,0,,0,,,,,361229.6787,5022960.497,45.34432125,-75.77991502,13075
18--914,1/16/2018,6:18 PM,CARLING AVE @ CHURCHILL AVE (0002149),2149,03 - At intersection,03 - P.D. only,03 - Rear end,01 - Clear,07 - Dark,04 - Slush,01 - Traffic signal,01 - Functioning,2,0,0,0,,0,,,,,363775.6956,5027013.538,45.38058057,-75.746945,13076
18--9140,9/5/2018,4:15 PM,REGIONAL ROAD 174 btwn EAST ST & EAST SHORE RD (__3ZA27Y),__3ZA27Y,01 - Non intersection,03 - P.D. only,07 - SMV other,02 - Rain,01 - Daylight,02 - Wet,10 - No control,,1,0,0,0,,0,,,,,390849.807,5042769.252,45.51953033,-75.39853632,13077
18--9141,9/5/2018,4:30 PM,NEW ORCHARD AVE @ RICHMOND RD (0011467),11467,03 - At intersection,03 - P.D. only,05 - Turning movement,01 - Clear,01 - Daylight,01 - Dry,01 - Traffic signal,01 - Functioning,2,0,0,0,,0,,,,,361293.6771,5026219.521,45.37364062,-75.77872592,13078
18--9142,9/5/2018,4:43 PM,FRENCH HILL RD btwn FRANK KENNY RD & O'TOOLE RD (__3ZA6UL),__3ZA6UL,01 - Non intersection,03 - P.D. only,07 - SMV other,01 - Clear,01 - Daylight,08 - Loose sand or gravel,10 - No control,,1,0,0,0,,0,,,,,388671.0387,5036067.263,45.45949889,-75.42756524,13079
18--9143,9/5/2018,4:45 PM,LYON ST @ SOMERSET ST (0010860),10860,03 - At intersection,03 - P.D. only,04 - Sideswipe,01 - Clear,01 - Daylight,01 - Dry,01 - Traffic signal,01 - Functioning,2,0,0,0,,0,,,,,367366.7003,5030716.565,45.41358788,-75.70062649,13080
18--9144,9/5/2018,4:47 PM,CARLING AVE @ PRESTON ST (0002161),2161,03 - At intersection,02 - Non-fatal injury,05 - Turning movement,01 - Clear,01 - Daylight,01 - Dry,01 - Traffic signal,01 - Functioning,2,1,0,0,02 - Minor,1,,1,,,366829.7097,5028935.553,45.39761063,-75.70771066,13081
18--9145,9/5/2018,4:51 PM,PRINCE OF WALES DR btwn DYNES RD & 187 N OF MEADOWLANDS DR (__3ZA36WB),__3ZA36WB,04 - At/near private drive,03 - P.D. only,02 - Angle,01 - Clear,01 - Daylight,01 - Dry,10 - No control,,2,0,0,0,,0,,,,,367276.5094,5025863.02,45.36992504,-75.70239323,13082
18--9146,9/5/2018,5:04 PM,PRINCE OF WALES DR btwn BLAZER AVE & DEAKIN ST (__3ZA29V),__3ZA29V,01 - Non intersection,03 - P.D. only,04 - Sideswipe,01 - Clear,01 - Daylight,01 - Dry,10 - No control,,2,0,0,0,,0,,,,,367386.1127,5021503.429,45.33068855,-75.70154588,13083
18--9147,9/5/2018,5:15 PM,BEAUSEJOUR DR @ JEANNE D'ARC BLVD (0003636),3636,03 - At intersection,03 - P.D. only,02 - Angle,02 - Rain,01 - Daylight,02 - Wet,01 - Traffic signal,02 - Not functioning,2,0,0,0,,0,,,,,381420.7468,5036060.571,45.46027142,-75.52025939,13084
18--9148,9/5/2018,5:18 PM,INNES RD @ STAR TOP RD/WINDMILL LANE (0008734),8734,03 - At intersection,03 - P.D. only,03 - Rear end,01 - Clear,01 - Daylight,01 - Dry,01 - Traffic signal,01 - Functioning,2,0,0,0,,0,,,,,374147.7254,5030666.561,45.41249883,-75.61400675,13085
18--9149,9/5/2018,5:28 PM,ISABELLA ST/HWY417 IC119AR75 @ METCALFE ST (0011380),11380,02 - Intersection related,03 - P.D. only,04 - Sideswipe,01 - Clear,01 - Daylight,01 - Dry,01 - Traffic signal,01 - Functioning,2,0,0,0,,0,,,,,368448.7214,5030399.601,45.41063836,-75.68684454,13086
18--915,1/16/2018,7:18 AM,FOREST VALLEY DR @ ORLEANS BLVD (0003627),3627,02 - Intersection related,03 - P.D. only,07 - SMV other,03 - Snow,03 - Dawn,03 - Loose snow,01 - Traffic signal,01 - Functioning,1,0,0,0,,0,,,,,380259.01,5034820.617,45.44924171,-75.53530249,13087
18--9150,9/5/2018,5:30 PM,STRANDHERD DR btwn 215 W OF GREENBANK RD/BARRHAVEN MALL SC & GREENBANK (__3ZAZMMB),__3ZAZMMB,04 - At/near private drive,03 - P.D. only,02 - Angle,01 - Clear,01 - Daylight,01 - Dry,10 - No control,,2,0,0,0,,0,,,,,363920.1466,5014776.801,45.27046309,-75.74656175,13088
18--9151,9/5/2018,5:47 PM,MOODIE DR @ 325 N OF CORKSTOWN RD/NORTEL S ENT (0004646),4646,02 - Intersection related,03 - P.D. only,03 - Rear end,02 - Rain,01 - Daylight,02 - Wet,01 - Traffic signal,01 - Functioning,2,0,0,0,,0,,,,,356249.6519,5023062.497,45.34562201,-75.84344888,13089
18--9152,9/5/2018,6:00 PM,CARLING AVE EB btwn FAIRLAWN AVE/WOODROFFE AVE W & CARLINGWOOD SC/FAIRLAWN PLAZA SC (__3ZA4WHA),__3ZA4WHA,01 - Non intersection,03 - P.D. only,03 - Rear end,01 - Clear,01 - Daylight,02 - Wet,10 - No control,,3,0,0,0,,0,,,,,361951.7039,5025841.417,45.37018511,-75.7703691,13090
18--9153,9/5/2018,6:00 PM,FRANK BENDER ST @ JEANNE D'ARC BLVD (0003635),3635,02 - Intersection related,02 - Non-fatal injury,03 - Rear end,02 - Rain,01 - Daylight,02 - Wet,01 - Traffic signal,02 - Not functioning,2,0,0,0,01 - Minimal,1,1,,,,381870.7507,5035883.574,45.45862945,-75.51453384,13091
18--9154,9/5/2018,6:13 PM,HERZBERG RD @ CARLING AVE (0003193),3193,02 - Intersection related,02 - Non-fatal injury,03 - Rear end,02 - Rain,01 - Daylight,02 - Wet,01 - Traffic signal,01 - Functioning,2,0,0,0,02 - Minor,1,,1,,,352037.7126,5022300.521,45.33906191,-75.89726725,13092
18--9155,9/5/2018,6:38 PM,CASTLEFRANK RD @ TERRY FOX DR (0011757),11757,02 - Intersection related,02 - Non-fatal injury,03 - Rear end,02 - Rain,01 - Daylight,02 - Wet,01 - Traffic signal,01 - Functioning,2,0,0,0,01 - Minimal,1,1,,,,352993.9444,5016304.833,45.28504639,-75.88565002,13093
18--9156,9/5/2018,6:54 AM,MOODIE DR btwn HADLEY CIRC & TYRRELL PL (__3ZA41X),__3ZA41X,01 - Non intersection,03 - P.D. only,04 - Sideswipe,01 - Clear,01 - Daylight,01 - Dry,10 - No control,,2,0,0,0,,0,,,,,357157.0533,5020254.141,45.32028503,-75.83216736,13094
18--9157,9/5/2018,7:17 AM,HIGHWAY 417 btwn HWY417 IC131 RAMP55 & HWY417 IC130 RAMP35 (__3ZA1MT),__3ZA1MT,01 - Non intersection,02 - Non-fatal injury,04 - Sideswipe,01 - Clear,01 - Daylight,01 - Dry,10 - No control,,2,0,0,0,02 - Minor,1,,1,,,359012.5384,5023035.748,45.34517322,-75.80819702,13095
18--9158,9/5/2018,7:20 AM,HIGHWAY 417 btwn HWY417 IC110 RAMP64 & HWY417 IC104 RAMP16 (__3ZA2W9),__3ZA2W9,01 - Non intersection,02 - Non-fatal injury,03 - Rear end,01 - Clear,01 - Daylight,01 - Dry,10 - No control,,3,0,0,0,01 - Minimal,2,2,,,,375992.3031,5028268.738,45.39073931,-75.59078933,13096
18--9159,9/5/2018,7:30 AM,FALLOWFIELD RD btwn MERIVALE RD & ASHDALE AVE (__3ZA3I0),__3ZA3I0,01 - Non intersection,02 - Non-fatal injury,03 - Rear end,01 - Clear,01 - Daylight,01 - Dry,10 - No control,,3,0,0,0,02 - Minor,2,,2,,,366934.5369,5018871.82,45.30704982,-75.70763651,13097
18--916,1/16/2018,7:18 AM,ROBERTSON RD btwn FITZGERALD RD & MOODIE DR (__3ZA411),__3ZA411,04 - At/near private drive,03 - P.D. only,05 - Turning movement,03 - Snow,03 - Dawn,03 - Loose snow,10 - No control,,2,0,0,0,,0,,,,,356894.4135,5020352.837,45.32119265,-75.83550681,13098
18--9160,9/5/2018,7:46 PM,RICHARDSON SIDE RD btwn CARP RD & OAK CREEK RD (__3ZAC40),__3ZAC40,04 - At/near private drive,03 - P.D. only,02 - Angle,01 - Clear,05 - Dusk,01 - Dry,10 - No control,,2,0,0,0,,0,,,,,346283.1796,5017228.596,45.29378686,-75.97111396,13099
18--9161,9/5/2018,7:53 AM,MAIN ST @ RIVERDALE AVE (0007229),7229,02 - Intersection related,03 - P.D. only,03 - Rear end,01 - Clear,01 - Daylight,01 - Dry,01 - Traffic signal,01 - Functioning,2,0,0,0,,0,,,,,369431.7412,5029532.493,45.40274634,-75.67440077,13100
18--8621,8/20/2018,2:53 PM,BANK ST @ HERON RD (0002155),2155,02 - Intersection related,03 - P.D. only,04 - Sideswipe,01 - Clear,01 - Daylight,01 - Dry,01 - Traffic signal,01 - Functioning,2,0,0,0,,0,,,,,369995.72,5026851.542,45.37857176,-75.66755153,13101
18--8622,8/20/2018,2:55 PM,CLEMENTINE BLVD @ HERON RD (0006858),6858,02 - Intersection related,03 - P.D. only,03 - Rear end,01 - Clear,01 - Daylight,01 - Dry,01 - Traffic signal,01 - Functioning,2,0,0,0,,0,,,,,369547.7208,5026786.536,45.37802841,-75.67327971,13102
18--8623,8/20/2018,3:30 PM,ABBEYHILL DR @ EAGLESON RD (0003404),3404,02 - Intersection related,03 - P.D. only,03 - Rear end,01 - Clear,01 - Daylight,01 - Dry,01 - Traffic signal,01 - Functioning,2,0,0,0,,0,,,,,353827.6246,5018034.456,45.30055228,-75.87485238,13103
18--8624,8/20/2018,3:30 PM,HIGHWAY 417 btwn HWY417 IC121A RAMP16 & HWY417 IC121A RAMP61 (__3ZA2YY),__3ZA2YY,01 - Non intersection,03 - P.D. only,03 - Rear end,01 - Clear,01 - Daylight,01 - Dry,10 - No control,,2,0,0,0,,0,,,,,367307.0044,5029778.586,45.40515356,-75.70150805,13104
18--8625,8/20/2018,3:33 PM,DALY AVE btwn CHARLOTTE ST & WURTEMBURG ST (__3ZA8IM),__3ZA8IM,01 - Non intersection,03 - P.D. only,06 - SMV unattended vehicle,01 - Clear,01 - Daylight,01 - Dry,10 - No control,,1,0,0,0,,0,,,,,369343.525,5032728.098,45.43150736,-75.67510895,13105
18--8626,8/20/2018,3:35 PM,MEADOW PARK PL @ ST. LAURENT BLVD (0007686),7686,02 - Intersection related,02 - Non-fatal injury,03 - Rear end,01 - Clear,01 - Daylight,01 - Dry,02 - Stop sign,01 - Functioning,2,0,0,0,01 - Minimal,2,2,,,,371210.7056,5034624.603,45.44839642,-75.65099237,13106
18--8627,8/20/2018,4:15 PM,FALLOWFIELD RD btwn WOODROFFE AVE & VIA PARK PL/275 W OF WOODROFFE AVE (__3ZA3IKD),__3ZA3IKD,01 - Non intersection,03 - P.D. only,04 - Sideswipe,01 - Clear,01 - Daylight,01 - Dry,10 - No control,,2,0,0,0,,0,,,,,365032.819,5017872.985,45.29822803,-75.73200708,13107
18--8628,8/20/2018,4:21 PM,ALPINE AVE @ CARLING AVE (0011382),11382,02 - Intersection related,03 - P.D. only,03 - Rear end,01 - Clear,01 - Daylight,01 - Dry,01 - Traffic signal,01 - Functioning,3,0,0,0,,0,,,,,360496.6768,5024942.519,45.36221402,-75.78904467,13108
18--8629,8/20/2018,4:28 PM,INNES RD btwn ANDERSON RD & INNES RD (__3ZA3J2),__3ZA3J2,01 - Non intersection,02 - Non-fatal injury,04 - Sideswipe,01 - Clear,01 - Daylight,01 - Dry,10 - No control,,3,0,0,0,02 - Minor,2,1,1,,,376412.4233,5031915.232,45.42350556,-75.58489493,13109
18--863,1/15/2018,5:20 PM,REGIONAL ROAD 174 btwn OLD MONTREAL RD & OLD MONTREAL RD (__3ZA27O),__3ZA27O,01 - Non intersection,03 - P.D. only,03 - Rear end,01 - Clear,05 - Dusk,02 - Wet,10 - No control,,2,0,0,0,,0,,,,,394616.6043,5043035.517,45.52145075,-75.35028094,13110
18--8630,8/20/2018,4:55 PM,HUNT CLUB RD @ UPLANDS DR (0010844),10844,03 - At intersection,02 - Non-fatal injury,05 - Turning movement,01 - Clear,01 - Daylight,01 - Dry,01 - Traffic signal,01 - Functioning,2,0,0,0,02 - Minor,3,,3,,,370156.7266,5023121.493,45.34499491,-75.66598922,13111
18--8631,8/20/2018,4:58 PM,SAUNDERSON DR @ PLEASANT PARK RD (0008313),8313,03 - At intersection,02 - Non-fatal injury,02 - Angle,01 - Clear,01 - Daylight,01 - Dry,02 - Stop sign,01 - Functioning,2,1,0,0,02 - Minor,1,,1,,,373145.7281,5028668.558,45.39462029,-75.62708377,13112
18--8632,8/20/2018,5:00 PM,CUMMINGS AVE @ OGILVIE RD (0009923),9923,03 - At intersection,02 - Non-fatal injury,05 - Turning movement,01 - Clear,01 - Daylight,01 - Dry,01 - Traffic signal,01 - Functioning,2,1,0,0,02 - Minor,1,,1,,,372748.7206,5032170.586,45.42616858,-75.63167107,13113
18--8633,8/20/2018,5:13 PM,LAFONTAINE AVE @ MCARTHUR AVE (0009806),9806,03 - At intersection,03 - P.D. only,02 - Angle,01 - Clear,01 - Daylight,01 - Dry,01 - Traffic signal,01 - Functioning,2,0,0,0,,0,,,,,370949.7121,5032771.574,45.43174845,-75.65457764,13114
18--9162,9/5/2018,7:53 AM,EVELYN AVE btwn MAIN ST & ROSEMERE AVE (__3ZA8FD),__3ZA8FD,01 - Non intersection,03 - P.D. only,04 - Sideswipe,01 - Clear,01 - Daylight,01 - Dry,10 - No control,,2,0,0,0,,0,,,,,369101.4814,5030510.839,45.41157957,-75.67849144,13115
18--8634,8/20/2018,5:16 PM,STITTSVILLE MAIN ST @ MANCHESTER ST (0000051),51,02 - Intersection related,03 - P.D. only,03 - Rear end,01 - Clear,01 - Daylight,01 - Dry,02 - Stop sign,01 - Functioning,2,0,0,0,,0,,,,,350208.5883,5013401.414,45.25910592,-75.92141986,13116
18--8635,8/20/2018,5:45 PM,HAWTHORNE RD @ HUNT CLUB RD (0007651),7651,02 - Intersection related,03 - P.D. only,03 - Rear end,01 - Clear,01 - Daylight,01 - Dry,01 - Traffic signal,01 - Functioning,2,0,0,0,,0,,,,,375507.7498,5026406.529,45.37403317,-75.5972436,13117
18--8636,8/20/2018,6:01 PM,CYRVILLE RD @ OGILVIE RD (0003554),3554,02 - Intersection related,03 - P.D. only,05 - Turning movement,01 - Clear,01 - Daylight,01 - Dry,01 - Traffic signal,01 - Functioning,2,0,0,0,,0,,,,,372453.7186,5032005.57,45.42471243,-75.63546319,13118
18--8637,8/20/2018,6:10 PM,JINKINSON RD btwn FERNBANK RD & HAZELDEAN RD (__7JQ7K3),__7JQ7K3,04 - At/near private drive,02 - Non-fatal injury,07 - SMV other,01 - Clear,01 - Daylight,01 - Dry,10 - No control,,1,0,0,0,01 - Minimal,1,1,,,,345851.1893,5011353.302,45.24094383,-75.97710698,13119
18--8638,8/20/2018,6:49 PM,BOYER RD @ JEANNE D'ARC BLVD (0003638),3638,03 - At intersection,03 - P.D. only,02 - Angle,01 - Clear,01 - Daylight,01 - Dry,02 - Stop sign,00 - Unknown,2,0,0,0,,0,,,,,380683.6439,5036192.63,45.46154003,-75.52966289,13120
18--8639,8/20/2018,7:28 AM,HIGHWAY 417 btwn HWY417 IC123 RAMP62 & HWY417 IC122 RAMP16 (__3ZA2R9),__3ZA2R9,01 - Non intersection,03 - P.D. only,99 - Other,01 - Clear,01 - Daylight,01 - Dry,10 - No control,,2,0,0,0,,0,,,,,364818.2429,5028147.905,45.39069885,-75.73349607,13121
18--864,1/15/2018,5:43 PM,BASELINE RD @ JOHN SUTHERLAND DR/VALLEY STREAM (0000011),11,03 - At intersection,03 - P.D. only,03 - Rear end,01 - Clear,07 - Dark,02 - Wet,01 - Traffic signal,01 - Functioning,2,0,0,0,,0,,,,,359310.6666,5021789.491,45.33393626,-75.80453021,13122