Anom_ID,Accident_Date,Accident_Time,Location,Geo_ID,Accident_Location,Classification_of_Accident,Initial_Impact_Type,Environment_Condition,Light,Road_Surface_Condition,Traffic_Control,Traffic_Control_Condition,No__of_Vehicles,No__of_Bicycles,No__of_Motorcycles,No__of_Pedestrians,Max_Injury,No__of_Injuries,No__of_Minimal,No__of_Minor,No__of_Major,No__of_Fatal,X,Y,Latitude,Longitude,ObjectId
18--8640,8/20/2018,7:59 AM,HIGHWAY 417 btwn HWY417 IC129 RAMP25 & TRANSIT (__3ZA2SH),__3ZA2SH,01 - Non intersection,03 - P.D. only,03 - Rear end,01 - Clear,01 - Daylight,01 - Dry,10 - No control,,2,0,0,0,,0,,,,,360879.1649,5023855.94,45.35240653,-75.78428594,13123
18--8641,8/20/2018,8:05 AM,HIGHWAY 417 btwn HWY417 IC121A RAMP16 & HWY417 IC121A RAMP61 (__3ZA2YY),__3ZA2YY,01 - Non intersection,02 - Non-fatal injury,03 - Rear end,01 - Clear,01 - Daylight,01 - Dry,10 - No control,,4,0,0,0,02 - Minor,1,,1,,,366973.6531,5029653.882,45.40406119,-75.70578173,13124
18--8642,8/20/2018,8:51 AM,DOHENY ST btwn CAMPBELL AVE & CLYDE AVE (__3ZA0EA),__3ZA0EA,01 - Non intersection,03 - P.D. only,06 - SMV unattended vehicle,01 - Clear,01 - Daylight,01 - Dry,10 - No control,,1,0,0,0,,0,,,,,363515.6157,5026671.505,45.37752485,-75.75030633,13125
18--8643,8/20/2018,9:24 AM,REGIONAL ROAD 174 btwn OR174 IC112 RAMP36 & OR174 IC112 RAMP26 (__3ZAZFK),__3ZAZFK,01 - Non intersection,03 - P.D. only,03 - Rear end,01 - Clear,01 - Daylight,01 - Dry,10 - No control,,4,0,0,0,,0,,,,,374713.195,5032779.754,45.43145594,-75.60648325,13126
18--8644,8/20/2018,9:38 AM,HIGHWAY 417 btwn HWY417 IC124 RAMP67 & HWY417 IC123 RAMP62 (__3ZA2YZ),__3ZA2YZ,01 - Non intersection,03 - P.D. only,99 - Other,01 - Clear,01 - Daylight,01 - Dry,10 - No control,,2,0,0,0,,0,,,,,364689.9134,5027911.373,45.38858157,-75.73516355,13127
18--8645,8/20/2018,9:45 PM,TRESA CRT btwn TIMBERMILL ST & END (1) (__3ZA1H9),__3ZA1H9,01 - Non intersection,03 - P.D. only,06 - SMV unattended vehicle,01 - Clear,07 - Dark,01 - Dry,10 - No control,,1,0,0,0,,0,,,,,372525.6639,5023419.287,45.34744963,-75.63572207,13128
18--8646,8/21/2018,1:03 PM,MEADOWLANDS DR @ MERIVALE RD (0000625),625,02 - Intersection related,02 - Non-fatal injury,07 - SMV other,01 - Clear,01 - Daylight,01 - Dry,01 - Traffic signal,01 - Functioning,1,0,0,1,01 - Minimal,1,1,,,,364858.7001,5023725.51,45.35090341,-75.73351712,13129
18--8647,8/21/2018,10:29 PM,DALHOUSIE ST @ YORK ST (0008500),8500,02 - Intersection related,02 - Non-fatal injury,04 - Sideswipe,02 - Rain,07 - Dark,02 - Wet,01 - Traffic signal,00 - Unknown,2,1,0,0,01 - Minimal,1,1,,,,368093.6159,5032419.627,45.42884608,-75.6911213,13130
18--8648,8/21/2018,10:50 PM,HIGHWAY 417 btwn HWY417 IC110 RAMP64 & HWY417 IC104 RAMP16 (__3ZA2W9),__3ZA2W9,01 - Non intersection,03 - P.D. only,07 - SMV other,02 - Rain,07 - Dark,02 - Wet,10 - No control,,1,0,0,0,,0,,,,,376913.2246,5027283.299,45.38177865,-75.57917356,13131
18--8649,8/21/2018,11:10 PM,WHITE ALDER AVE btwn WIDGEON WAY & FLAT SEDGE CRES (__67PTM6),__67PTM6,04 - At/near private drive,03 - P.D. only,06 - SMV unattended vehicle,02 - Rain,07 - Dark,02 - Wet,10 - No control,,1,0,0,0,,0,,,,,375189.3895,5020658.048,45.32234287,-75.6021259,13132
18--865,1/15/2018,5:50 PM,MEADOWLANDS DR @ ORTONA AVE (0003220),3220,02 - Intersection related,03 - P.D. only,03 - Rear end,01 - Clear,07 - Dark,02 - Wet,02 - Stop sign,01 - Functioning,2,0,0,0,,0,,,,,366678.7082,5025110.514,45.36320718,-75.71011858,13133
18--8650,8/21/2018,11:15 AM,ST. JOSEPH BLVD btwn MAISONNEUVE ST & GABRIEL ST (__3ZA2AU),__3ZA2AU,04 - At/near private drive,03 - P.D. only,02 - Angle,01 - Clear,01 - Daylight,01 - Dry,10 - No control,,2,0,0,0,,0,,,,,381492.7204,5037601.124,45.47412414,-75.51909881,13134
18--8651,8/21/2018,11:16 AM,GLADSTONE AVE @ IRVING AVE (0006283),6283,02 - Intersection related,02 - Non-fatal injury,99 - Other,01 - Clear,01 - Daylight,01 - Dry,02 - Stop sign,01 - Functioning,2,0,0,0,02 - Minor,2,1,1,,,365807.7022,5029387.557,45.40176745,-75.72070736,13135
18--8652,8/21/2018,11:45 PM,BATHGATE DR btwn PLUMBER AVE & BATHGATE DR (__3ZBO1E),__3ZBO1E,01 - Non intersection,03 - P.D. only,06 - SMV unattended vehicle,01 - Clear,07 - Dark,01 - Dry,10 - No control,,1,0,0,0,,0,,,,,373510.5627,5033685.349,45.43972321,-75.62172511,13136
18--8653,8/21/2018,11:46 PM,GREENBANK RD @ PRINCE OF WALES DR (0001083),1083,02 - Intersection related,03 - P.D. only,03 - Rear end,02 - Rain,07 - Dark,02 - Wet,02 - Stop sign,01 - Functioning,2,0,0,0,,0,,,,,366201.6912,5009543.381,45.22317729,-75.7181343,13137
18--8654,8/21/2018,11:55 PM,ALBION RD @ HUNT CLUB RD (0006974),6974,03 - At intersection,02 - Non-fatal injury,07 - SMV other,02 - Rain,07 - Dark,02 - Wet,01 - Traffic signal,01 - Functioning,1,0,0,0,02 - Minor,1,,1,,,371867.7337,5024320.518,45.35562183,-75.64399503,13138
18--8655,8/21/2018,12:39 PM,BRONSON AVE @ FIRST AVE (0007719),7719,03 - At intersection,03 - P.D. only,05 - Turning movement,01 - Clear,01 - Daylight,01 - Dry,02 - Stop sign,01 - Functioning,2,0,0,0,,0,,,,,367489.7071,5029236.562,45.40026024,-75.69924325,13139
18--8656,8/21/2018,12:41 PM,ROBERTSON RD btwn MOODIE DR & VANIER RD (__3ZBOCN),__3ZBOCN,04 - At/near private drive,03 - P.D. only,02 - Angle,01 - Clear,01 - Daylight,01 - Dry,10 - No control,,2,0,0,0,,0,,,,,357239.6304,5020556.124,45.32299614,-75.83108215,13140
18--8657,8/21/2018,12:51 PM,FORESTBROOK ST @ OLD SECOND LINE RD (0013618),13618,02 - Intersection related,02 - Non-fatal injury,07 - SMV other,01 - Clear,01 - Daylight,01 - Dry,02 - Stop sign,01 - Functioning,1,0,0,1,02 - Minor,1,,1,,,348355.5129,5022892.544,45.34462735,-75.94419608,13141
18--8658,8/21/2018,12:55 PM,MONTREAL RD btwn ST. LAURENT BLVD & HILLSIDE DR (__3ZA1MC),__3ZA1MC,01 - Non intersection,03 - P.D. only,04 - Sideswipe,01 - Clear,01 - Daylight,01 - Dry,10 - No control,,2,0,0,0,,0,,,,,371564.4404,5033826.647,45.44118309,-75.64657893,13142
18--8659,8/21/2018,2:19 PM,KENT ST @ LISGAR ST (0007733),7733,02 - Intersection related,03 - P.D. only,04 - Sideswipe,01 - Clear,01 - Daylight,01 - Dry,02 - Stop sign,01 - Functioning,2,0,0,0,,0,,,,,367437.7018,5030963.57,45.415804,-75.69968805,13143
18--866,1/15/2018,5:56 PM,ORLEANS BLVD @ NAVAN RD (0012474),12474,02 - Intersection related,02 - Non-fatal injury,03 - Rear end,01 - Clear,07 - Dark,06 - Ice,01 - Traffic signal,01 - Functioning,2,0,0,0,02 - Minor,3,1,2,,,380596.5179,5033091.748,45.43365014,-75.53125455,13144
18--8660,8/21/2018,2:19 PM,KITCHENER AVE @ BANK ST (0011963),11963,02 - Intersection related,03 - P.D. only,04 - Sideswipe,01 - Clear,01 - Daylight,01 - Dry,01 - Traffic signal,01 - Functioning,2,0,0,0,,0,,,,,370540.8757,5025499.972,45.36635984,-75.66077137,13145
18--8661,8/21/2018,2:42 PM,ECCLES ST @ ROCHESTER ST (0006320),6320,03 - At intersection,03 - P.D. only,06 - SMV unattended vehicle,02 - Rain,01 - Daylight,02 - Wet,02 - Stop sign,01 - Functioning,1,0,0,0,,0,,,,,366511.7047,5030137.569,45.40845415,-75.71162165,13146
18--8662,8/21/2018,3:20 PM,ALBION RD @ DEL ZOTTO AVE (0009359),9359,02 - Intersection related,03 - P.D. only,03 - Rear end,01 - Clear,01 - Daylight,01 - Dry,02 - Stop sign,01 - Functioning,2,0,0,0,,0,,,,,373791.7446,5019723.474,45.31407264,-75.62008203,13147
18--8663,8/21/2018,3:40 PM,HAZELDEAN RD @ EDGEWATER ST (0003176),3176,02 - Intersection related,03 - P.D. only,04 - Sideswipe,02 - Rain,01 - Daylight,02 - Wet,01 - Traffic signal,01 - Functioning,2,0,0,0,,0,,,,,352323.6056,5017351.444,45.29450972,-75.89409438,13148
18--8664,8/21/2018,4:00 PM,PRESTONE DR @ ST. JOSEPH BLVD (0003551),3551,03 - At intersection,03 - P.D. only,05 - Turning movement,02 - Rain,01 - Daylight,02 - Wet,01 - Traffic signal,01 - Functioning,2,0,0,0,,0,,,,,382325.7444,5038273.585,45.48008237,-75.50833989,13149
18--8665,8/21/2018,4:08 PM,BOOTH ST @ WELLINGTON ST S (0011393),11393,02 - Intersection related,03 - P.D. only,03 - Rear end,01 - Clear,01 - Daylight,01 - Dry,02 - Stop sign,01 - Functioning,2,0,1,0,,0,,,,,366402.703,5030675.571,45.41330455,-75.7129468,13150
18--8666,8/21/2018,4:10 PM,BRIDGESTONE DR/STEEPLE CHASE DR @ STONEHAVEN D (0002781),2781,03 - At intersection,03 - P.D. only,03 - Rear end,01 - Clear,01 - Daylight,02 - Wet,11 - Roundabout,01 - Functioning,2,0,0,0,,0,,,,,355105.6321,5016984.447,45.29101374,-75.85866413,13151
18--8667,8/21/2018,4:13 PM,HAWTHORNE RD @ RUSSELL RD (0006430),6430,02 - Intersection related,03 - P.D. only,04 - Sideswipe,02 - Rain,01 - Daylight,02 - Wet,01 - Traffic signal,01 - Functioning,2,0,0,0,,0,,,,,374835.7432,5028068.54,45.38905464,-75.60558657,13152
18--8668,8/21/2018,4:18 PM,CATHCART ST @ KING EDWARD AVE NB (0013340),13340,03 - At intersection,03 - P.D. only,99 - Other,02 - Rain,01 - Daylight,02 - Wet,02 - Stop sign,01 - Functioning,3,0,0,0,,0,,,,,368093.7027,5033120.592,45.43515311,-75.69103009,13153
18--8669,8/21/2018,4:30 PM,BASELINE RD/HERON RD @ PRINCE OF WALES DR (0002345),2345,02 - Intersection related,03 - P.D. only,03 - Rear end,02 - Rain,01 - Daylight,02 - Wet,01 - Traffic signal,01 - Functioning,2,0,0,0,,0,,,,,366873.7066,5026438.532,45.37513916,-75.70746279,13154
18--867,1/15/2018,6:15 PM,MONTREAL RD @ FOXVIEW PL/DESLOGES PRIV (0008207),8207,02 - Intersection related,03 - P.D. only,03 - Rear end,01 - Clear,07 - Dark,01 - Dry,02 - Stop sign,01 - Functioning,2,0,0,0,,0,,,,,372908.7212,5034446.585,45.44663131,-75.62931173,13155
18--8670,8/21/2018,4:37 PM,PRINCE OF WALES DR btwn MELFA CRES & NORMANDY CRES (__3ZA36S),__3ZA36S,01 - Non intersection,03 - P.D. only,03 - Rear end,02 - Rain,01 - Daylight,02 - Wet,10 - No control,,3,0,0,0,,0,,,,,367416.1405,5025322.558,45.36504962,-75.7006793,13156
18--8671,8/21/2018,4:58 PM,AIRPORT PKWY @ HUNT CLUB RD (0010856),10856,03 - At intersection,03 - P.D. only,02 - Angle,02 - Rain,01 - Daylight,02 - Wet,01 - Traffic signal,01 - Functioning,2,0,0,0,,0,,,,,371018.528,5023702.998,45.35014629,-75.6549152,13157
18--8672,8/21/2018,5:06 PM,EAGLESON RD @ FLEWELLYN RD (0000121),121,03 - At intersection,02 - Non-fatal injury,03 - Rear end,02 - Rain,01 - Daylight,02 - Wet,02 - Stop sign,01 - Functioning,2,0,0,0,01 - Minimal,2,2,,,,355333.6232,5014247.425,45.26636907,-75.85603635,13158
18--8673,8/21/2018,5:14 PM,CARLING AVE btwn BURKE RD & DEFENSE  RESEARCH COMPLEX (__3ZA4Z6A),__3ZA4Z6A,01 - Non intersection,03 - P.D. only,03 - Rear end,02 - Rain,01 - Daylight,02 - Wet,10 - No control,,3,0,0,0,,0,,,,,352853.6366,5022674.843,45.34237471,-75.88682065,13159
18--8674,8/21/2018,5:17 PM,PALLADIUM DR btwn CYCLONE TAYLOR BLVD & SILVER SEVEN RD (__3ZA561),__3ZA561,01 - Non intersection,03 - P.D. only,04 - Sideswipe,01 - Clear,01 - Daylight,02 - Wet,10 - No control,,2,0,0,0,,0,,,,,351035.1811,5017874.684,45.29930394,-75.91047157,13160
18--8675,8/21/2018,5:19 PM,RIVERSIDE DR @ TREMBLAY RD/HWY417 IC117 RAMP52 (0010790),10790,02 - Intersection related,03 - P.D. only,03 - Rear end,02 - Rain,01 - Daylight,02 - Wet,01 - Traffic signal,01 - Functioning,2,0,0,0,,0,,,,,370802.0784,5031015.908,45.41596566,-75.6566995,13161
18--8676,8/21/2018,5:46 PM,MCARTHUR AVE @ VANIER PKWY (0004626),4626,02 - Intersection related,03 - P.D. only,03 - Rear end,02 - Rain,01 - Daylight,02 - Wet,01 - Traffic signal,01 - Functioning,2,0,0,0,,0,,,,,370218.7048,5032690.586,45.43108852,-75.66392999,13162
18--8677,8/21/2018,5:58 PM,BOOTH ST @ RAYMOND ST (0006498),6498,03 - At intersection,02 - Non-fatal injury,07 - SMV other,02 - Rain,01 - Daylight,02 - Wet,01 - Traffic signal,01 - Functioning,1,0,0,1,02 - Minor,1,,1,,,366860.6982,5029641.561,45.40396035,-75.70722605,13163
18--8678,8/21/2018,6:00 PM,EAGLESON RD @ FERNBANK RD (0011846),11846,02 - Intersection related,03 - P.D. only,03 - Rear end,02 - Rain,01 - Daylight,02 - Wet,01 - Traffic signal,01 - Functioning,3,0,0,0,,0,,,,,354798.6294,5015587.425,45.27846494,-75.86271856,13164
18--8679,8/21/2018,7:28 PM,WILLIAM MCEWEN DR btwn CENTURY RD W & CEDARVIEW RD (__3ZABLE),__3ZABLE,01 - Non intersection,02 - Non-fatal injury,07 - SMV other,02 - Rain,01 - Daylight,02 - Wet,10 - No control,,1,0,0,0,02 - Minor,1,,1,,,365653.8303,5006190.318,45.19305373,-75.72551947,13165
18--868,1/15/2018,7:07 AM,WOODROFFE AVE @ KNOXDALE RD/MEDHURST DR (0000519),519,02 - Intersection related,02 - Non-fatal injury,03 - Rear end,01 - Clear,07 - Dark,02 - Wet,01 - Traffic signal,01 - Functioning,2,0,0,0,01 - Minimal,1,1,,,,363419.6901,5021826.486,45.33393791,-75.75210553,13166
18--8680,8/21/2018,7:29 AM,LAURIER AVE @ NICHOLAS ST (0010711),10711,02 - Intersection related,02 - Non-fatal injury,03 - Rear end,01 - Clear,01 - Daylight,01 - Dry,01 - Traffic signal,01 - Functioning,2,0,0,0,01 - Minimal,1,1,,,,368373.6369,5031798.269,45.42322993,-75.68762326,13167
18--8681,8/21/2018,7:31 AM,FAUBERT ST @ REGIONAL RD 174 (0012886),12886,02 - Intersection related,02 - Non-fatal injury,03 - Rear end,01 - Clear,01 - Daylight,01 - Dry,02 - Stop sign,01 - Functioning,2,0,0,0,02 - Minor,1,,1,,,390281.8257,5042682.716,45.51882165,-75.4058204,13168
18--8682,8/21/2018,8:42 AM,RICHMOND RD btwn REDWOOD AVE & WAVELL AVE (__3ZAZQL),__3ZAZQL,04 - At/near private drive,03 - P.D. only,02 - Angle,01 - Clear,01 - Daylight,01 - Dry,10 - No control,,2,0,0,0,,0,,,,,362088.6765,5027319.548,45.383474,-75.76844909,13169
18--8683,8/21/2018,8:52 PM,TENTH LINE RD @ CHARLEMAGNE BLVD S/DES EPINETT (0003686),3686,03 - At intersection,03 - P.D. only,05 - Turning movement,02 - Rain,07 - Dark,02 - Wet,01 - Traffic signal,01 - Functioning,2,0,0,0,,0,,,,,383640.9751,5036900.456,45.46758093,-75.49173924,13170
18--8684,8/21/2018,9:45 AM,SOMERSET ST    W btwn PERCY ST & BAY ST (__3ZA3BA),__3ZA3BA,01 - Non intersection,03 - P.D. only,03 - Rear end,01 - Clear,01 - Daylight,01 - Dry,10 - No control,,2,0,0,0,,0,,,,,367159.3894,5030594.407,45.41250724,-75.70329037,13171
18--8685,8/21/2018,9:47 PM,STRANDHERD DR btwn WOODROFFE AVE & 210 W OF WOODROFFE AVE (__3ZACGCA),__3ZACGCA,01 - Non intersection,03 - P.D. only,03 - Rear end,02 - Rain,07 - Dark,02 - Wet,10 - No control,,2,0,0,0,,0,,,,,366014.7625,5015353.453,45.27547257,-75.71979892,13172
18--8686,8/21/2018,9:50 PM,HWY417 IC96 RAMP15 btwn BOUNDARY RD & RAMP (__3ZAY85),__3ZAY85,01 - Non intersection,02 - Non-fatal injury,07 - SMV other,02 - Rain,07 - Dark,02 - Wet,10 - No control,,1,0,0,0,01 - Minimal,1,1,,,,387335.7178,5023795.52,45.3492483,-75.44669068,13173
18--8687,8/22/2018,1:09 PM,BALSAM ST @ PRESTON ST (0006501),6501,03 - At intersection,03 - P.D. only,02 - Angle,01 - Clear,01 - Daylight,01 - Dry,02 - Stop sign,01 - Functioning,2,0,0,0,,0,,,,,366456.7044,5029788.566,45.40531877,-75.71236786,13174
18--8688,8/22/2018,10:07 AM,METCALFE ST @ WELLINGTON ST (0002227),2227,02 - Intersection related,03 - P.D. only,04 - Sideswipe,01 - Clear,01 - Daylight,01 - Dry,01 - Traffic signal,01 - Functioning,2,0,0,0,,0,,,,,367565.6997,5031817.581,45.42347665,-75.69794401,13175
18--8689,8/22/2018,10:27 PM,DALHOUSIE ST btwn RIDEAU ST & BESSERER ST (__3ZBOX9),__3ZBOX9,01 - Non intersection,02 - Non-fatal injury,07 - SMV other,01 - Clear,07 - Dark,01 - Dry,10 - No control,,1,0,0,1,02 - Minor,1,,1,,,368213.3914,5032218.05,45.42702151,-75.68961671,13176
18--869,1/15/2018,7:15 AM,HIGHWAY 417 btwn HWY417 IC129 RAMP51 & HWY417 IC129 RAMP35 (__3ZA2X9),__3ZA2X9,01 - Non intersection,03 - P.D. only,03 - Rear end,01 - Clear,03 - Dawn,06 - Ice,10 - No control,,4,0,0,0,,0,,,,,360316.7975,5023418.502,45.34851522,-75.79151175,13177
18--8690,8/22/2018,10:33 AM,BOUNDARY RD @ DEVINE RD (0001671),1671,02 - Intersection related,03 - P.D. only,03 - Rear end,01 - Clear,01 - Daylight,01 - Dry,02 - Stop sign,01 - Functioning,2,0,0,0,,0,,,,,388360.833,5021455.471,45.32807319,-75.43400574,13178
18--8691,8/22/2018,11:28 PM,HWY417 IC140 RAMP36 btwn TERRY FOX DR & HIGHWAY 417 (__3ZAYB4),__3ZAYB4,01 - Non intersection,03 - P.D. only,07 - SMV other,01 - Clear,07 - Dark,01 - Dry,10 - No control,,1,0,0,0,,0,,,,,350788.5711,5018554.507,45.30543736,-75.91355277,13179
18--8692,8/22/2018,11:49 AM,MERIVALE RD @ FAMILY BROWN LANE (0010933),10933,02 - Intersection related,03 - P.D. only,04 - Sideswipe,01 - Clear,01 - Daylight,01 - Dry,01 - Traffic signal,01 - Functioning,2,0,0,0,,0,,,,,365004.9597,5023385.667,45.34783301,-75.73169207,13180
18--8693,8/22/2018,12:03 PM,JUNO AVE btwn YALE AVE & BOWMAN RD (1) (__3ZBOT9),__3ZBOT9,04 - At/near private drive,03 - P.D. only,02 - Angle,01 - Clear,01 - Daylight,01 - Dry,10 - No control,,2,0,0,0,,0,,,,,371934.0309,5027746.162,45.38643816,-75.64268338,13181
18--8694,8/22/2018,12:37 PM,CAMPEAU DR/HWY 417 MARCH IC138R63 @ MARCH RD (0009710),9710,02 - Intersection related,03 - P.D. only,03 - Rear end,02 - Rain,01 - Daylight,02 - Wet,01 - Traffic signal,01 - Functioning,2,0,0,0,,0,,,,,352841.6245,5020476.467,45.32259414,-75.8871873,13182
18--8695,8/22/2018,2:10 PM,BOOTH ST @ WELLINGTON ST S (0011393),11393,02 - Intersection related,03 - P.D. only,03 - Rear end,01 - Clear,01 - Daylight,01 - Dry,02 - Stop sign,01 - Functioning,3,0,0,0,,0,,,,,366402.7027,5030675.572,45.41330456,-75.7129468,13183
18--8696,8/22/2018,2:10 PM,HIGHWAY 417 btwn HWY417 IC121B RAMP16 & HWY417 IC121A RAMP16 (__3ZA2YX),__3ZA2YX,01 - Non intersection,03 - P.D. only,03 - Rear end,01 - Clear,01 - Daylight,01 - Dry,10 - No control,,2,0,0,0,,0,,,,,366597.8932,5029540.922,45.40307808,-75.71059546,13184
18--8697,8/22/2018,2:12 PM,TERMINAL AVE @ TRAINYARDS DR (0012245),12245,03 - At intersection,03 - P.D. only,02 - Angle,02 - Rain,01 - Daylight,02 - Wet,01 - Traffic signal,01 - Functioning,3,0,0,0,,0,,,,,371845.3346,5030815.925,45.41406711,-75.64339863,13185
18--8698,8/22/2018,2:20 PM,SOMERSET ST    W btwn BREEZEHILL AVE N & PRESTON ST (__3ZA32I),__3ZA32I,01 - Non intersection,02 - Non-fatal injury,04 - Sideswipe,01 - Clear,01 - Daylight,01 - Dry,10 - No control,,2,1,0,0,03 - Major,1,,,1,,366123.8543,5030047.547,45.40767825,-75.71658724,13186
18--8699,8/22/2018,3:00 PM,GREENBANK RD @ IRIS ST/HWY 417 IC129 RAMP51 (0009073),9073,02 - Intersection related,03 - P.D. only,03 - Rear end,01 - Clear,01 - Daylight,01 - Dry,01 - Traffic signal,01 - Functioning,2,0,0,0,,0,,,,,360531.309,5023312.493,45.34754434,-75.78878638,13187
18--87,1/2/2018,2:00 PM,SOLEIL AVE btwn SERRA RIDGE & SOLSTICE WAY (__8XI260),__8XI260,04 - At/near private drive,03 - P.D. only,99 - Other,01 - Clear,01 - Daylight,05 - Packed snow,10 - No control,,2,0,0,0,,0,,,,,386119.712,5035123.376,45.45130833,-75.4603389,13188
18--870,1/15/2018,7:15 PM,CHURCHILL AVE @ SCOTT ST (0005132),5132,02 - Intersection related,03 - P.D. only,04 - Sideswipe,01 - Clear,07 - Dark,03 - Loose snow,02 - Stop sign,00 - Unknown,2,0,0,0,,0,,,,,363094.6894,5028584.549,45.39477329,-75.7554544,13189
18--8700,8/22/2018,3:05 PM,BESSERER ST @ WALLER ST (0008859),8859,03 - At intersection,03 - P.D. only,05 - Turning movement,01 - Clear,01 - Daylight,01 - Dry,01 - Traffic signal,01 - Functioning,2,0,0,0,,0,,,,,368315.9331,5032191.978,45.42677762,-75.68830978,13190
18--8701,8/22/2018,3:09 PM,CHICAGO PRIV @ WOODROFFE AVE (0014533),14533,03 - At intersection,03 - P.D. only,02 - Angle,01 - Clear,01 - Daylight,01 - Dry,02 - Stop sign,01 - Functioning,2,0,0,0,,0,,,,,361960.3682,5025244.431,45.36481278,-75.77032756,13191
18--8702,8/22/2018,3:24 PM,LEES AVE @ KING EDWARD AVE/MANN AVE (0011413),11413,02 - Intersection related,03 - P.D. only,04 - Sideswipe,01 - Clear,01 - Daylight,01 - Dry,01 - Traffic signal,01 - Functioning,2,0,0,0,,0,,,,,369178.7654,5031334.679,45.41898508,-75.67739655,13192
18--8703,8/22/2018,3:40 AM,HAZELDEAN RD btwn 246 E OF CASTLEFRANK RD & IRWIN GT (__3ZA41NB),__3ZA41NB,01 - Non intersection,03 - P.D. only,07 - SMV other,01 - Clear,07 - Dark,02 - Wet,10 - No control,,1,0,0,0,,0,,,,,352934.1702,5017908.122,45.29947728,-75.88625635,13193
18--8704,8/22/2018,3:42 PM,ROBERTSON RD btwn MOODIE DR & VANIER RD (__3ZBOCN),__3ZBOCN,01 - Non intersection,03 - P.D. only,03 - Rear end,01 - Clear,01 - Daylight,01 - Dry,10 - No control,,2,0,0,0,,0,,,,,357154.2559,5020505.308,45.32254527,-75.83217648,13194
18--8705,8/22/2018,3:50 PM,HIGHWAY 417 btwn TRANSIT & HWY417 IC127 RAMP35 (__3ZA2SK),__3ZA2SK,01 - Non intersection,03 - P.D. only,03 - Rear end,01 - Clear,01 - Daylight,01 - Dry,10 - No control,,2,0,0,0,,0,,,,,361992.6205,5024721.453,45.36010443,-75.76997641,13195
18--8706,8/22/2018,4:00 PM,HIGHWAY 417 btwn HWY417 IC118 RAMP57 & HWY417 IC118 RAMP35 (__3ZA2YQ),__3ZA2YQ,01 - Non intersection,03 - P.D. only,03 - Rear end,01 - Clear,01 - Daylight,01 - Dry,10 - No control,,3,0,0,0,,0,,,,,369352.0842,5030968.204,45.41567171,-75.67523019,13196
18--8707,8/22/2018,4:30 PM,MAIN ST btwn TURN LANE & CENTENNIAL BLVD (__3ZBOEC),__3ZBOEC,01 - Non intersection,03 - P.D. only,03 - Rear end,01 - Clear,01 - Daylight,01 - Dry,10 - No control,,2,0,0,0,,0,,,,,369468.5204,5029444.757,45.40195352,-75.67394251,13197
18--8708,8/22/2018,4:39 PM,WOODROFFE AVE btwn NAVAHO DR & Continuation of WOODROFFE AVE (__3ZBOCC),__3ZBOCC,01 - Non intersection,03 - P.D. only,03 - Rear end,01 - Clear,01 - Daylight,01 - Dry,10 - No control,,3,0,0,0,,0,,,,,362802.5292,5023317.451,45.3474048,-75.75980407,13198
18--8709,8/22/2018,4:45 PM,LEMIEUX ST @ ST. LAURENT BLVD (0002021),2021,02 - Intersection related,03 - P.D. only,03 - Rear end,01 - Clear,01 - Daylight,01 - Dry,01 - Traffic signal,01 - Functioning,3,0,0,0,,0,,,,,372391.7249,5031742.565,45.42235203,-75.63629139,13199
18--871,1/15/2018,7:17 AM,REGIONAL ROAD 174 btwn QUIGLEY HILL RD & REGIONAL ROAD 174 DIVIDED (__3ZA2Y5),__3ZA2Y5,01 - Non intersection,02 - Non-fatal injury,01 - Approaching,01 - Clear,03 - Dawn,01 - Dry,10 - No control,,2,0,0,0,01 - Minimal,2,2,,,,384749.9292,5040583.809,45.5005941,-75.4769599,13200
18--8710,8/22/2018,4:55 PM,GILMOUR ST @ O'CONNOR ST (0007286),7286,03 - At intersection,02 - Non-fatal injury,05 - Turning movement,01 - Clear,01 - Daylight,01 - Dry,01 - Traffic signal,01 - Functioning,2,1,0,0,02 - Minor,1,,1,,,367943.711,5030868.57,45.41490374,-75.69323566,13201
18--8711,8/22/2018,5:15 PM,HIGHWAY 417 btwn HWY417 IC121B RAMP51 & HWY417 IC121A RAMP51 (__3ZA2YW),__3ZA2YW,01 - Non intersection,03 - P.D. only,03 - Rear end,01 - Clear,01 - Daylight,01 - Dry,10 - No control,,2,0,0,0,,0,,,,,366757.2308,5029568.767,45.40331454,-75.70855678,13202
18--8801,8/25/2018,10:07 PM,CARLING AVE btwn DAVIDSON'S SIDE RD & GRANDVIEW RD (__3ZA4Z8),__3ZA4Z8,01 - Non intersection,03 - P.D. only,04 - Sideswipe,02 - Rain,07 - Dark,02 - Wet,10 - No control,,2,0,0,0,,0,,,,,355059.9871,5024032.304,45.35443469,-75.85853071,13203
18--8892,8/28/2018,10:35 AM,CLEARVIEW AVE @ ISLAND PARK DR (0006144),6144,03 - At intersection,02 - Non-fatal injury,02 - Angle,01 - Clear,01 - Daylight,01 - Dry,02 - Stop sign,00 - Unknown,2,0,0,0,01 - Minimal,1,1,,,,363546.6808,5029364.608,45.40175435,-75.74958911,13204
18--9163,9/5/2018,8:03 PM,CAMPEAU DR/HWY 417 MARCH IC138R63 @ MARCH RD (0009710),9710,03 - At intersection,03 - P.D. only,02 - Angle,01 - Clear,07 - Dark,01 - Dry,01 - Traffic signal,01 - Functioning,2,0,0,0,,0,,,,,352841.6249,5020476.467,45.32259414,-75.88718729,13205