Anom_ID,Accident_Date,Accident_Time,Location,Geo_ID,Accident_Location,Classification_of_Accident,Initial_Impact_Type,Environment_Condition,Light,Road_Surface_Condition,Traffic_Control,Traffic_Control_Condition,No__of_Vehicles,No__of_Bicycles,No__of_Motorcycles,No__of_Pedestrians,Max_Injury,No__of_Injuries,No__of_Minimal,No__of_Minor,No__of_Major,No__of_Fatal,X,Y,Latitude,Longitude,ObjectId
18--8712,8/22/2018,5:15 PM,HIGHWAY 417 btwn HWY417 IC126 RAMP25 & HWY417 IC124 RAMP57 (__3ZA2R5),__3ZA2R5,01 - Non intersection,03 - P.D. only,03 - Rear end,01 - Clear,01 - Daylight,01 - Dry,10 - No control,,3,0,0,0,,0,,,,,363366.3241,5026095.717,45.37235648,-75.75228063,13206
18--8893,8/28/2018,11:31 AM,CONFEDERATION PRIV btwn CONFEDERATION PRIV & CONFEDERATION PRIV (__3ZA1QC),__3ZA1QC,01 - Non intersection,03 - P.D. only,06 - SMV unattended vehicle,01 - Clear,01 - Daylight,01 - Dry,10 - No control,,1,0,0,0,,0,,,,,368805.3685,5026059.812,45.37155776,-75.68285152,13207
18--9164,9/5/2018,8:09 AM,BRIAN COBURN BLVD btwn CHAPERAL PRIV & MER BLEUE RD (e___2HGI),e___2HGI,01 - Non intersection,02 - Non-fatal injury,03 - Rear end,01 - Clear,01 - Daylight,01 - Dry,10 - No control,,2,0,0,0,02 - Minor,3,1,2,,,383326.035,5034522.562,45.44622221,-75.49614596,13208
18--8713,8/22/2018,5:24 PM,BASELINE RD btwn COLLEGE SQUARE SC & WOODROFFE AVE (__3ZAZDQA),__3ZAZDQA,01 - Non intersection,03 - P.D. only,04 - Sideswipe,01 - Clear,01 - Daylight,01 - Dry,10 - No control,,2,0,0,0,,0,,,,,362645.2262,5023825.567,45.35198979,-75.76175188,13209
18--8714,8/22/2018,5:34 PM,BANTREE ST @ INNES RD (0007684),7684,02 - Intersection related,03 - P.D. only,02 - Angle,01 - Clear,01 - Daylight,01 - Dry,01 - Traffic signal,01 - Functioning,2,0,0,0,,0,,,,,373705.7229,5030406.556,45.41020309,-75.61968949,13210
18--8715,8/22/2018,5:40 AM,HIGHWAY 417 btwn HWY417 IC142 RAMP35 & HWY417 IC142 RAMP25 (__3ZA1ZO),__3ZA1ZO,01 - Non intersection,03 - P.D. only,07 - SMV other,02 - Rain,03 - Dawn,02 - Wet,10 - No control,,1,0,0,0,,0,,,,,348947.9164,5017219.179,45.29353976,-75.93714258,13211
18--8716,8/22/2018,6:05 PM,THIRD LINE RD    S btwn ROGER STEVENS DR & LOCKHEAD RD W (__3ZA0MS),__3ZA0MS,04 - At/near private drive,02 - Non-fatal injury,07 - SMV other,01 - Clear,01 - Daylight,01 - Dry,10 - No control,,1,0,0,1,02 - Minor,1,,1,,,368680.8677,4999887.084,45.13606913,-75.68780485,13212
18--8717,8/22/2018,6:28 PM,BASELINE RD @ MARSON ST (0002189),2189,02 - Intersection related,03 - P.D. only,03 - Rear end,01 - Clear,01 - Daylight,01 - Dry,02 - Stop sign,01 - Functioning,3,0,0,0,,0,,,,,365897.6992,5025857.537,45.36999726,-75.71999484,13213
18--8718,8/22/2018,6:51 AM,RAMSAYVILLE RD @ RUSSELL RD N (0004146),4146,02 - Intersection related,03 - P.D. only,07 - SMV other,02 - Rain,01 - Daylight,02 - Wet,02 - Stop sign,01 - Functioning,1,0,0,0,,0,,,,,377777.7609,5026758.533,45.37696757,-75.56821316,13214
18--8719,8/22/2018,7:02 AM,MCARTHUR AVE @ OLMSTEAD ST (0009808),9808,02 - Intersection related,03 - P.D. only,03 - Rear end,02 - Rain,01 - Daylight,02 - Wet,01 - Traffic signal,01 - Functioning,2,0,0,0,,0,,,,,370482.7092,5032723.589,45.43136072,-75.6605519,13215
18--872,1/15/2018,7:26 AM,ST. LAURENT BLVD btwn TREMBLAY RD & SHORE ST (__3ZA2GT),__3ZA2GT,01 - Non intersection,03 - P.D. only,99 - Other,01 - Clear,03 - Dawn,02 - Wet,10 - No control,,3,0,0,0,,0,,,,,372758.0268,5030839.431,45.41419057,-75.63173576,13216
18--8720,8/22/2018,7:30 PM,GREENBANK RD btwn MONTEREY DR & MEADOWBANK DR (__3ZA4LG),__3ZA4LG,01 - Non intersection,03 - P.D. only,03 - Rear end,01 - Clear,01 - Daylight,01 - Dry,10 - No control,,2,0,0,0,,0,,,,,360668.6054,5022417.421,45.33947957,-75.7871355,13217
18--8721,8/22/2018,7:53 PM,LYON ST @ WELLINGTON ST (0002388),2388,03 - At intersection,03 - P.D. only,05 - Turning movement,01 - Clear,01 - Daylight,01 - Dry,01 - Traffic signal,01 - Functioning,2,0,0,0,,0,,,,,366935.2713,5031426.166,45.4200111,-75.70604857,13218
18--8722,8/22/2018,8:00 AM,HIGHWAY 417 btwn HWY417 IC124 RAMP65 & HWY417 IC122 RAMP51 (__3ZA2R8),__3ZA2R8,01 - Non intersection,03 - P.D. only,03 - Rear end,01 - Clear,01 - Daylight,01 - Dry,10 - No control,,2,0,0,0,,0,,,,,365138.1628,5028685.596,45.39550939,-75.72934493,13219
18--8723,8/22/2018,8:14 PM,NIXON DR btwn CABIN RD & TAYLOR WAY (__3ZA7GN),__3ZA7GN,01 - Non intersection,03 - P.D. only,01 - Approaching,01 - Clear,07 - Dark,01 - Dry,10 - No control,,2,0,0,0,,0,,,,,373972.9742,5001505.071,45.15012939,-75.62030362,13220
18--8724,8/22/2018,8:55 PM,BANK ST btwn SIEVERIGHT AVE & ATHANS AVE (__3ZAYF2),__3ZAYF2,01 - Non intersection,03 - P.D. only,05 - Turning movement,01 - Clear,07 - Dark,01 - Dry,10 - No control,,2,0,0,0,,0,,,,,372215.6094,5024126.888,45.35384625,-75.6395819,13221
18--8725,8/22/2018,9:08 PM,CROIL PRIV @ CANADAIR PRIV (0011320),11320,03 - At intersection,03 - P.D. only,02 - Angle,01 - Clear,07 - Dark,01 - Dry,02 - Stop sign,01 - Functioning,2,0,0,0,,0,,,,,369465.724,5021479.494,45.33028464,-75.6750207,13222
18--8726,8/22/2018,9:23 AM,BANK ST @ HOLMWOOD AVE (0007225),7225,03 - At intersection,02 - Non-fatal injury,05 - Turning movement,01 - Clear,01 - Daylight,01 - Dry,01 - Traffic signal,01 - Functioning,2,1,0,0,02 - Minor,1,,1,,,368481.7082,5029197.558,45.39981977,-75.6865784,13223
18--8727,8/22/2018,9:55 PM,HIGHWAY 417 btwn HWY417 IC129 RAMP25 & TRANSIT (__3ZA2SH),__3ZA2SH,01 - Non intersection,02 - Non-fatal injury,03 - Rear end,01 - Clear,07 - Dark,01 - Dry,10 - No control,,3,0,0,0,02 - Minor,2,,2,,,361807.1419,5024577.158,45.35882118,-75.77236036,13224
18--8728,8/23/2018,1:06 PM,AIRPORT PKWY @ HUNT CLUB RD (0010856),10856,02 - Intersection related,03 - P.D. only,03 - Rear end,01 - Clear,01 - Daylight,01 - Dry,01 - Traffic signal,01 - Functioning,2,0,0,0,,0,,,,,371018.528,5023702.998,45.35014629,-75.6549152,13225
18--8729,8/23/2018,1:25 PM,CARP RD btwn KINBURN SIDE RD & BAIRD SIDE RD (__3ZA4Q9),__3ZA4Q9,04 - At/near private drive,03 - P.D. only,05 - Turning movement,01 - Clear,01 - Daylight,01 - Dry,10 - No control,,2,0,0,0,,0,,,,,333912.6679,5028794.069,45.39848006,-76.12814588,13226
18--873,1/15/2018,7:27 AM,TORWOOD DR btwn VANCES SIDE RD & KERSCOTT HEIGHTS WAY (__3ZA3E0),__3ZA3E0,01 - Non intersection,03 - P.D. only,07 - SMV other,01 - Clear,03 - Dawn,02 - Wet,10 - No control,,1,0,0,0,,0,,,,,343475.7356,5036279.417,45.46537182,-76.00541351,13227
18--8730,8/23/2018,11:00 PM,RODEO DR btwn HAYLOCK WAY & CLARIDGE DR (__4FPWNY),__4FPWNY,01 - Non intersection,03 - P.D. only,06 - SMV unattended vehicle,01 - Clear,07 - Dark,01 - Dry,10 - No control,,1,0,0,0,,0,,,,,364637.3384,5015565.066,45.27749523,-75.73732753,13228
18--8731,8/23/2018,11:30 AM,MCCORMICK ST btwn GRANT ST & WELLINGTON ST W (__3ZA0GU),__3ZA0GU,01 - Non intersection,03 - P.D. only,01 - Approaching,01 - Clear,01 - Daylight,01 - Dry,10 - No control,,2,0,0,0,,0,,,,,365300.4644,5029407.623,45.40199202,-75.7271836,13229
18--8732,8/23/2018,Unknown,NORTHGRAVES CRES btwn HENBURY WAY & HENBURY WAY (__7IFXQ5),__7IFXQ5,01 - Non intersection,03 - P.D. only,06 - SMV unattended vehicle,01 - Clear,00 - Unknown,01 - Dry,10 - No control,,1,0,0,0,,0,,,,,353969.7714,5015817.953,45.28059775,-75.87325969,13230
18--8733,8/23/2018,Unknown,CAHILL DR    W btwn MCCARTHY RD & OWL DR (__3ZA9CX),__3ZA9CX,01 - Non intersection,03 - P.D. only,06 - SMV unattended vehicle,01 - Clear,07 - Dark,01 - Dry,10 - No control,,1,0,0,0,,0,,,,,370282.4013,5023774.04,45.35085462,-75.66429927,13231
18--8734,8/23/2018,12:00 PM,HIGHWAY 417 btwn HWY417 IC119B RAMP76 & HWY417 IC119A RAMP67 (__3ZA2YT),__3ZA2YT,01 - Non intersection,03 - P.D. only,03 - Rear end,01 - Clear,01 - Daylight,01 - Dry,10 - No control,,4,0,0,0,,0,,,,,368445.3741,5030453.055,45.41111963,-75.6868804,13232
18--8735,8/23/2018,12:10 PM,CATHERINE ST @ METCALFE ST (0011239),11239,02 - Intersection related,03 - P.D. only,04 - Sideswipe,01 - Clear,01 - Daylight,01 - Dry,01 - Traffic signal,01 - Functioning,2,0,0,0,,0,,,,,368393.7068,5030486.563,45.41142582,-75.6875361,13233
18--8736,8/23/2018,12:17 PM,CAMPEAU DR @ KNUDSON DR (0011764),11764,02 - Intersection related,03 - P.D. only,07 - SMV other,01 - Clear,01 - Daylight,01 - Dry,01 - Traffic signal,01 - Functioning,1,0,0,0,,0,,,,,351807.6154,5019846.466,45.31699526,-75.90043604,13234
18--8737,8/23/2018,12:37 PM,INNES RD btwn JEANNE D'ARC BLVD S & WILDFLOWER DR (__3ZA1ZE),__3ZA1ZE,01 - Non intersection,03 - P.D. only,03 - Rear end,01 - Clear,01 - Daylight,01 - Dry,10 - No control,,3,0,0,0,,0,,,,,382776.5777,5035625.664,45.4562085,-75.50299412,13235
18--8738,8/23/2018,12:45 PM,KLONDIKE RD @ MARCH RD (0003096),3096,03 - At intersection,03 - P.D. only,05 - Turning movement,01 - Clear,01 - Daylight,01 - Dry,01 - Traffic signal,01 - Functioning,2,0,0,0,,0,,,,,349262.9714,5024061.621,45.35509004,-75.93251162,13236
18--8739,8/23/2018,2:29 AM,GLADSTONE AVE @ O'CONNOR ST (0002710),2710,03 - At intersection,03 - P.D. only,02 - Angle,01 - Clear,07 - Dark,01 - Dry,01 - Traffic signal,01 - Functioning,2,0,0,0,,0,,,,,368074.7111,5030658.569,45.41300239,-75.69158905,13237
18--874,1/15/2018,7:40 AM,HWY417 IC131 RAMP51 btwn HIGHWAY 417 & HWY416 IC75C RAMP24 (__3ZAY6A),__3ZAY6A,01 - Non intersection,03 - P.D. only,03 - Rear end,01 - Clear,03 - Dawn,01 - Dry,10 - No control,,2,0,0,0,,0,,,,,358661.0105,5022700.633,45.34218493,-75.81271901,13238
18--8740,8/23/2018,3:04 PM,CARLING AVE @ KIRKWOOD AVE N (0002358),2358,03 - At intersection,03 - P.D. only,05 - Turning movement,01 - Clear,01 - Daylight,01 - Dry,01 - Traffic signal,01 - Functioning,2,0,0,0,,0,,,,,364275.6921,5027493.534,45.38485722,-75.74050333,13239
18--8741,8/23/2018,3:45 PM,BELFAST RD @ ST. LAURENT BLVD (0007658),7658,02 - Intersection related,02 - Non-fatal injury,03 - Rear end,01 - Clear,01 - Daylight,01 - Dry,01 - Traffic signal,01 - Functioning,2,0,0,0,01 - Minimal,1,1,,,,372860.7239,5030578.562,45.41183341,-75.63045983,13240
18--8742,8/23/2018,4:00 PM,BAY ST @ SLATER ST (0005127),5127,03 - At intersection,03 - P.D. only,03 - Rear end,01 - Clear,01 - Daylight,01 - Dry,01 - Traffic signal,01 - Functioning,2,0,0,0,,0,,,,,366983.6978,5031078.57,45.41687923,-75.70547371,13241
18--8743,8/23/2018,4:50 PM,COOPER ST @ METCALFE ST (0006940),6940,03 - At intersection,03 - P.D. only,02 - Angle,01 - Clear,01 - Daylight,01 - Dry,02 - Stop sign,01 - Functioning,2,0,0,0,,0,,,,,367962.7075,5031178.57,45.41769131,-75.69295324,13242
18--8744,8/23/2018,4:59 PM,WALKLEY RD btwn MELFORT ST & RUSSELL RD (__3ZA2EO),__3ZA2EO,01 - Non intersection,02 - Non-fatal injury,05 - Turning movement,01 - Clear,01 - Daylight,01 - Dry,10 - No control,,2,0,0,0,01 - Minimal,1,1,,,,374544.5023,5028424.247,45.39228418,-75.60925522,13243
18--8745,8/23/2018,5:04 PM,SMYTH RD E/LANCASTER RD @ ST. LAURENT BLVD N/R (0002256),2256,02 - Intersection related,03 - P.D. only,03 - Rear end,01 - Clear,01 - Daylight,01 - Dry,01 - Traffic signal,01 - Functioning,2,0,0,0,,0,,,,,373364.7292,5029424.551,45.40140096,-75.62418192,13244
18--8746,8/23/2018,5:16 PM,WOODROFFE AVE btwn FIRESTATION & BASELINE RD (__3ZA34KB),__3ZA34KB,01 - Non intersection,03 - P.D. only,04 - Sideswipe,01 - Clear,01 - Daylight,01 - Dry,10 - No control,,2,0,0,0,,0,,,,,362542.1758,5023789.822,45.35167665,-75.76307112,13245
18--8747,8/23/2018,5:25 PM,HIGHWAY 417 btwn HWY417 IC138 RAMP61 & HWY417 IC134 RAMP36 (__3ZA20I),__3ZA20I,01 - Non intersection,03 - P.D. only,03 - Rear end,01 - Clear,01 - Daylight,01 - Dry,10 - No control,,3,0,0,0,,0,,,,,354786.7084,5021333.526,45.33017028,-75.86229105,13246
18--8748,8/23/2018,5:47 PM,DEAKIN ST @ PRINCE OF WALES DR (0001073),1073,02 - Intersection related,03 - P.D. only,03 - Rear end,01 - Clear,01 - Daylight,01 - Dry,01 - Traffic signal,01 - Functioning,3,0,0,0,,0,,,,,367390.7113,5021523.488,45.33086862,-75.70148469,13247
18--8749,8/23/2018,5:58 PM,ST. JOSEPH BLVD @ JEANNE D'ARC BLVD (0012421),12421,03 - At intersection,03 - P.D. only,02 - Angle,01 - Clear,01 - Daylight,01 - Dry,11 - Roundabout,01 - Functioning,2,0,0,0,,0,,,,,379860.7427,5036471.581,45.46413872,-75.54014138,13248
18--875,1/15/2018,7:58 AM,REGIONAL ROAD 174 btwn Continuation of REGIONAL ROAD 174 & OR174 IC112 (__3ZA2YI),__3ZA2YI,01 - Non intersection,03 - P.D. only,04 - Sideswipe,01 - Clear,01 - Daylight,06 - Ice,10 - No control,,4,0,0,0,,0,,,,,374284.5883,5032455.719,45.42858317,-75.61200606,13249
18--8750,8/23/2018,6:01 PM,BASELINE RD @ CORDOVA ST (0003208),3208,02 - Intersection related,03 - P.D. only,03 - Rear end,01 - Clear,01 - Daylight,01 - Dry,01 - Traffic signal,01 - Functioning,2,0,0,0,,0,,,,,363593.6879,5024409.526,45.35716531,-75.74957875,13250
18--8751,8/23/2018,6:39 PM,RAMSAYVILLE RD @ RUSSELL RD N (0004146),4146,03 - At intersection,02 - Non-fatal injury,07 - SMV other,01 - Clear,01 - Daylight,01 - Dry,02 - Stop sign,01 - Functioning,1,0,1,0,02 - Minor,1,,1,,,377777.7614,5026758.534,45.37696758,-75.56821315,13251
18--8752,8/23/2018,6:43 AM,HIGHWAY 417 btwn HWY417 IC122 RAMP15 & HWY417 IC121B RAMP51 (__3ZA2RB),__3ZA2RB,01 - Non intersection,03 - P.D. only,03 - Rear end,01 - Clear,01 - Daylight,01 - Dry,10 - No control,,2,0,0,0,,0,,,,,366573.0517,5029512.681,45.40282617,-75.71091629,13252
18--8753,8/23/2018,6:49 PM,GLEBE AVE @ LYON ST (0007397),7397,03 - At intersection,03 - P.D. only,02 - Angle,01 - Clear,01 - Daylight,01 - Dry,02 - Stop sign,01 - Functioning,2,0,0,0,,0,,,,,368010.7046,5029649.562,45.40392944,-75.6925361,13253
18--8802,8/25/2018,10:23 AM,GLOUCESTER ST @ LYON ST (0006765),6765,03 - At intersection,03 - P.D. only,02 - Angle,01 - Clear,01 - Daylight,01 - Dry,01 - Traffic signal,01 - Functioning,2,0,0,0,,0,,,,,367194.6981,5031001.572,45.41616764,-75.70278775,13254
18--8754,8/23/2018,7:31 AM,BASELINE RD @ ERINDALE DR (0003209),3209,03 - At intersection,02 - Non-fatal injury,07 - SMV other,01 - Clear,01 - Daylight,01 - Dry,02 - Stop sign,01 - Functioning,1,0,0,1,01 - Minimal,1,1,,,,363857.6921,5024575.523,45.35863674,-75.74618955,13255
18--8755,8/23/2018,7:47 AM,WHYTE SIDE RD btwn HAWTHORNE RD & RAMSAYVILLE RD (__3ZA6GI),__3ZA6GI,01 - Non intersection,03 - P.D. only,07 - SMV other,01 - Clear,01 - Daylight,01 - Dry,10 - No control,,1,0,0,0,,0,,,,,377227.2855,5025163.424,45.36267275,-75.57547462,13256
18--8756,8/23/2018,7:52 AM,MARCH RD btwn SOLANDT RD & STATION RD (__3ZA3CD),__3ZA3CD,01 - Non intersection,03 - P.D. only,03 - Rear end,01 - Clear,01 - Daylight,01 - Dry,10 - No control,,2,0,0,0,,0,,,,,350496.4154,5022702.691,45.34278281,-75.91689535,13257
18--8757,8/23/2018,8:22 PM,HAWTHORNE AVE @ MAIN ST (0006919),6919,03 - At intersection,03 - P.D. only,05 - Turning movement,01 - Clear,07 - Dark,01 - Dry,01 - Traffic signal,01 - Functioning,2,0,0,0,,0,,,,,368970.709,5030632.568,45.41268685,-75.68014615,13258
18--8758,8/23/2018,8:35 AM,KANATA AVE @ TERRY FOX DR (0012691),12691,03 - At intersection,03 - P.D. only,03 - Rear end,01 - Clear,01 - Daylight,01 - Dry,01 - Traffic signal,01 - Functioning,2,0,0,0,,0,,,,,349305.8674,5019211.584,45.31144545,-75.93240029,13259
18--8759,8/23/2018,9:12 PM,HIGHWAY 416 btwn HWY416 IC49 RAMP24 & HWY416 IC42 RAMP42 (__3ZA29T),__3ZA29T,01 - Non intersection,01 - Fatal injury,99 - Other,01 - Clear,07 - Dark,01 - Dry,10 - No control,,3,0,0,0,04 - Fatal,2,,1,,1,369693.6102,4998729.802,45.12556352,-75.67508008,13260
18--876,1/15/2018,8:00 AM,MAPLE GROVE RD @ TERRY FOX DR (0003177),3177,02 - Intersection related,03 - P.D. only,03 - Rear end,01 - Clear,01 - Daylight,02 - Wet,01 - Traffic signal,01 - Functioning,2,0,0,0,,0,,,,,351553.6089,5017864.464,45.29917767,-75.9038626,13261
18--8760,8/23/2018,9:30 PM,KINGSTON AVE btwn MERIVALE RD & PRINCE ST (__3ZA0D1),__3ZA0D1,01 - Non intersection,03 - P.D. only,06 - SMV unattended vehicle,01 - Clear,07 - Dark,01 - Dry,10 - No control,,1,0,0,0,,0,,,,,364993.392,5026326.879,45.37429857,-75.73148145,13262
18--8761,8/23/2018,9:32 AM,DONALD ST @ ST. LAURENT BLVD (0008630),8630,03 - At intersection,02 - Non-fatal injury,05 - Turning movement,01 - Clear,01 - Daylight,01 - Dry,01 - Traffic signal,01 - Functioning,3,0,0,0,02 - Minor,1,,1,,,372093.7917,5032472.717,45.42895032,-75.63999829,13263
18--8762,8/24/2018,1:42 PM,FOREST VALLEY DR @ ORLEANS BLVD (0003627),3627,03 - At intersection,02 - Non-fatal injury,02 - Angle,01 - Clear,01 - Daylight,01 - Dry,01 - Traffic signal,01 - Functioning,2,1,0,0,02 - Minor,1,,1,,,380258.7484,5034819.572,45.44923234,-75.535306,13264
18--8763,8/24/2018,1:55 PM,PARKDALE AVE @ SCOTT ST (0002213),2213,03 - At intersection,02 - Non-fatal injury,05 - Turning movement,01 - Clear,01 - Daylight,01 - Dry,01 - Traffic signal,01 - Functioning,2,1,0,0,01 - Minimal,1,1,,,,364949.7032,5029726.56,45.40489197,-75.73162482,13265
18--8764,8/24/2018,1:55 PM,DONALD ST @ ST. LAURENT BLVD (0008630),8630,02 - Intersection related,03 - P.D. only,03 - Rear end,01 - Clear,01 - Daylight,01 - Dry,01 - Traffic signal,01 - Functioning,2,0,0,0,,0,,,,,372093.7133,5032472.584,45.42894914,-75.63999931,13266
18--8765,8/24/2018,10:29 PM,BELL ST    N btwn GLADSTONE AVE & LOUISA ST (__3ZAAJY),__3ZAAJY,01 - Non intersection,03 - P.D. only,06 - SMV unattended vehicle,01 - Clear,07 - Dark,01 - Dry,10 - No control,,1,0,0,0,,0,,,,,366995.4282,5029860.552,45.40591882,-75.70547753,13267
18--8766,8/24/2018,Unknown,ROSEHILL AVE btwn JOHNWOODS ST & PALMETO CRT (e___1G0J),e___1G0J,01 - Non intersection,03 - P.D. only,06 - SMV unattended vehicle,01 - Clear,00 - Unknown,01 - Dry,10 - No control,,1,0,0,0,,0,,,,,349857.424,5015857.685,45.28123087,-75.92567117,13268
18--8767,8/24/2018,Unknown,REGINA ST btwn LINCOLN HEIGHTS RD & ASSALY RD (__3ZABY3),__3ZABY3,01 - Non intersection,03 - P.D. only,06 - SMV unattended vehicle,01 - Clear,00 - Unknown,01 - Dry,10 - No control,,1,0,0,0,,0,,,,,360579.5177,5025521.765,45.36741946,-75.78792191,13269
18--9342,9/11/2018,11:27 AM,JEANNE D'ARC BLVD  S btwn SAPINIER ST & INNES RD (__3ZA3Y3),__3ZA3Y3,01 - Non intersection,03 - P.D. only,05 - Turning movement,01 - Clear,01 - Daylight,02 - Wet,10 - No control,,2,0,0,0,,0,,,,,382618.6206,5035614.702,45.45612748,-75.50501518,13270
18--8768,8/24/2018,Unknown,BESSERER ST btwn DALHOUSIE ST & WALLER ST (__3ZA3VZ),__3ZA3VZ,01 - Non intersection,03 - P.D. only,06 - SMV unattended vehicle,01 - Clear,00 - Unknown,01 - Dry,10 - No control,,1,0,0,0,,0,,,,,368275.377,5032170.063,45.42658412,-75.68883083,13271
18--8769,8/24/2018,12:22 PM,BANK ST btwn ALTA VISTA DR & ERIE AVE (__3ZA36X),__3ZA36X,01 - Non intersection,03 - P.D. only,03 - Rear end,01 - Clear,01 - Daylight,01 - Dry,10 - No control,,2,0,0,0,,0,,,,,370171.3544,5026385.808,45.37436488,-75.66537084,13272
18--877,1/15/2018,8:16 PM,INDUSTRIAL AVE @ TRAINYARDS DR (0011906),11906,02 - Intersection related,02 - Non-fatal injury,03 - Rear end,01 - Clear,07 - Dark,01 - Dry,01 - Traffic signal,01 - Functioning,2,0,0,0,01 - Minimal,1,1,,,,371685.9556,5030539.478,45.41159501,-75.64547222,13273
18--8770,8/24/2018,12:23 AM,WOODRIDGE CRES btwn BAYSHORE DR & BAYSHORE PS (__6KE4J1A),__6KE4J1A,01 - Non intersection,03 - P.D. only,06 - SMV unattended vehicle,01 - Clear,07 - Dark,01 - Dry,10 - No control,,1,0,0,0,,0,,,,,358872.6246,5023728.416,45.35141666,-75.80990659,13274
18--8771,8/24/2018,12:50 PM,HWY 416 ACRES IC75R24 @ HOLLY ACRES RD (0005257),5257,02 - Intersection related,03 - P.D. only,05 - Turning movement,01 - Clear,01 - Daylight,01 - Dry,01 - Traffic signal,01 - Functioning,2,0,0,0,,0,,,,,358757.6743,5022868.497,45.34368794,-75.81146734,13275
18--8772,8/24/2018,2:20 PM,HIGHWAY 417 btwn HWY417 IC122 RAMP61 & HWY417 IC121B RAMP16 (__3ZA2Y4),__3ZA2Y4,01 - Non intersection,02 - Non-fatal injury,03 - Rear end,01 - Clear,01 - Daylight,01 - Dry,10 - No control,,4,0,0,0,02 - Minor,3,,3,,,366021.2073,5029321.031,45.40115023,-75.71798863,13276
18--8773,8/24/2018,2:29 PM,PALLADIUM DR @ SILVER SEVEN RD (0011839),11839,02 - Intersection related,03 - P.D. only,99 - Other,01 - Clear,01 - Daylight,01 - Dry,01 - Traffic signal,01 - Functioning,2,0,0,0,,0,,,,,351051.6074,5017887.447,45.2994177,-75.91026094,13277
18--8774,8/24/2018,2:34 PM,STITTSVILLE MAIN ST @ HAZELDEAN RD (0000050),50,02 - Intersection related,03 - P.D. only,03 - Rear end,01 - Clear,01 - Daylight,01 - Dry,01 - Traffic signal,01 - Functioning,2,0,0,0,,0,,,,,349558.3975,5014878.717,45.27244088,-75.92957082,13278
18--8775,8/24/2018,3:16 PM,SLACK RD @ WOODROFFE AVE (0000102),102,02 - Intersection related,03 - P.D. only,07 - SMV other,01 - Clear,01 - Daylight,01 - Dry,01 - Traffic signal,01 - Functioning,1,0,0,0,,0,,,,,364233.6833,5019974.479,45.31720523,-75.74194347,13279
18--8776,8/24/2018,3:53 PM,MARCH RD @ SOLANDT RD (0003172),3172,02 - Intersection related,03 - P.D. only,03 - Rear end,01 - Clear,01 - Daylight,01 - Dry,01 - Traffic signal,01 - Functioning,2,0,0,0,,0,,,,,350489.6086,5022710.503,45.34285355,-75.91698148,13280
18--8777,8/24/2018,4:10 PM,HIGHWAY 417 btwn HWY417 IC119B RAMP76 & HWY417 IC119A RAMP67 (__3ZA2YT),__3ZA2YT,01 - Non intersection,03 - P.D. only,04 - Sideswipe,01 - Clear,01 - Daylight,01 - Dry,10 - No control,,2,0,0,0,,0,,,,,368216.7877,5030309.05,45.40984467,-75.689819,13281
18--8778,8/24/2018,4:20 PM,HIGHWAY 417 btwn HWY417 IC119B RAMP76 & HWY417 IC119A RAMP67 (__3ZA2YT),__3ZA2YT,01 - Non intersection,03 - P.D. only,04 - Sideswipe,01 - Clear,01 - Daylight,01 - Dry,10 - No control,,2,0,0,0,,0,,,,,368187.4507,5030289.683,45.40967307,-75.69019625,13282
18--8779,8/24/2018,4:40 PM,CHARLOTTE ST @ STEWART ST (0007742),7742,03 - At intersection,03 - P.D. only,01 - Approaching,01 - Clear,01 - Daylight,01 - Dry,01 - Traffic signal,01 - Functioning,2,0,0,0,,0,,,,,369374.7039,5032657.583,45.43087001,-75.67471976,13283
18--878,1/15/2018,8:30 AM,HERZBERG RD @ MARCH RD (0003170),3170,03 - At intersection,02 - Non-fatal injury,07 - SMV other,01 - Clear,01 - Daylight,01 - Dry,01 - Traffic signal,01 - Functioning,1,0,0,0,02 - Minor,2,1,1,,,352323.2738,5021528.488,45.33209573,-75.89369796,13284
18--8780,8/24/2018,4:43 PM,STRANDHERD DR btwn 215 W OF GREENBANK RD/BARRHAVEN MALL SC & GREENBANK (__3ZAZMMB),__3ZAZMMB,01 - Non intersection,03 - P.D. only,04 - Sideswipe,01 - Clear,01 - Daylight,01 - Dry,10 - No control,,2,0,0,0,,0,,,,,363889.6511,5014760.058,45.270315,-75.74695235,13285
18--8781,8/24/2018,4:49 PM,REGIONAL ROAD 174 btwn OR174 IC112 RAMP51 & OR174 IC112 RAMP15 (__3ZA2XE),__3ZA2XE,01 - Non intersection,03 - P.D. only,99 - Other,01 - Clear,01 - Daylight,01 - Dry,10 - No control,,2,0,0,0,,0,,,,,374945.6398,5032932.26,45.43280483,-75.60349115,13286
18--8782,8/24/2018,5:06 PM,DALHOUSIE ST btwn ST. ANDREW ST & GUIGUES AVE (__3ZA7BY),__3ZA7BY,01 - Non intersection,03 - P.D. only,99 - Other,01 - Clear,01 - Daylight,01 - Dry,10 - No control,,2,0,0,0,,0,,,,,367892.666,5032746.983,45.43180967,-75.6936472,13287
18--8783,8/24/2018,5:11 PM,CASTLEFRANK RD @ KATIMAVIK RD (0003228),3228,02 - Intersection related,03 - P.D. only,03 - Rear end,01 - Clear,01 - Daylight,01 - Dry,01 - Traffic signal,01 - Functioning,3,0,0,0,,0,,,,,351950.4525,5018943.516,45.30886072,-75.89870024,13288