Anom_ID,Accident_Date,Accident_Time,Location,Geo_ID,Accident_Location,Classification_of_Accident,Initial_Impact_Type,Environment_Condition,Light,Road_Surface_Condition,Traffic_Control,Traffic_Control_Condition,No__of_Vehicles,No__of_Bicycles,No__of_Motorcycles,No__of_Pedestrians,Max_Injury,No__of_Injuries,No__of_Minimal,No__of_Minor,No__of_Major,No__of_Fatal,X,Y,Latitude,Longitude,ObjectId
18--8784,8/24/2018,5:17 PM,BORRISOKANE RD btwn CAMBRIAN RD & STRANDHERD DR (__3ZA1CC),__3ZA1CC,01 - Non intersection,02 - Non-fatal injury,07 - SMV other,01 - Clear,01 - Daylight,01 - Dry,10 - No control,,1,0,0,0,02 - Minor,1,,1,,,362756.7897,5012141.918,45.24685107,-75.76169388,13289
18--8785,8/24/2018,5:35 PM,HWY 417 IC129 RAMP57 btwn GREENBANK RD & HWY417 IC129 RAMP51 (__6KEHH1),__6KEHH1,01 - Non intersection,02 - Non-fatal injury,03 - Rear end,01 - Clear,01 - Daylight,01 - Dry,10 - No control,,2,0,0,0,02 - Minor,1,,1,,,360514.5328,5023288.635,45.347331,-75.78900314,13290
18--8786,8/24/2018,5:50 PM,MEADOWLANDS DR @ BAYNE AVE (0001756),1756,02 - Intersection related,03 - P.D. only,03 - Rear end,01 - Clear,01 - Daylight,01 - Dry,02 - Stop sign,01 - Functioning,2,0,0,0,,0,,,,,364769.8504,5023677.766,45.35048142,-75.73465673,13291
18--8787,8/24/2018,5:53 PM,KIRKWOOD AVE btwn RAVEN AVE & CHATELAIN AVE (__3ZA30T),__3ZA30T,01 - Non intersection,03 - P.D. only,05 - Turning movement,01 - Clear,01 - Daylight,01 - Dry,10 - No control,,2,0,0,0,,0,,,,,364725.0367,5026718.682,45.37784695,-75.73485982,13292
18--8788,8/24/2018,6:00 PM,HIGHWAY 417 btwn HWY417 IC123 RAMP62 & HWY417 IC122 RAMP16 (__3ZA2R9),__3ZA2R9,01 - Non intersection,03 - P.D. only,03 - Rear end,01 - Clear,01 - Daylight,01 - Dry,10 - No control,,2,0,0,0,,0,,,,,365101.8472,5028666.861,45.39534394,-75.72981101,13293
18--8789,8/24/2018,6:18 PM,KENT ST @ SOMERSET ST (0008857),8857,02 - Intersection related,03 - P.D. only,06 - SMV unattended vehicle,01 - Clear,01 - Daylight,01 - Dry,01 - Traffic signal,01 - Functioning,1,0,0,0,,0,,,,,367526.7013,5030815.565,45.41446432,-75.69856987,13294
18--879,1/15/2018,8:39 AM,ST. LAURENT BLVD @ WALKLEY RD (0007653),7653,02 - Intersection related,02 - Non-fatal injury,03 - Rear end,01 - Clear,01 - Daylight,02 - Wet,01 - Traffic signal,01 - Functioning,2,0,0,0,02 - Minor,1,,1,,,373902.7496,5028046.854,45.38895219,-75.61750326,13295
18--8790,8/24/2018,6:44 PM,RICHARDSON SIDE RD btwn CARDEVCO RD & CARP RD (__3ZAC49),__3ZAC49,04 - At/near private drive,02 - Non-fatal injury,03 - Rear end,01 - Clear,01 - Daylight,01 - Dry,10 - No control,,2,0,0,0,02 - Minor,1,,1,,,346051.7747,5017014.856,45.29187717,-75.97408189,13296
18--8791,8/24/2018,6:56 AM,CARP RD @ HWY 417 CARP IC144R51 (0001683),1683,02 - Intersection related,02 - Non-fatal injury,02 - Angle,01 - Clear,01 - Daylight,01 - Dry,02 - Stop sign,01 - Functioning,2,0,0,0,02 - Minor,1,,1,,,347517.5657,5015685.454,45.27982715,-75.95550984,13297
18--8792,8/24/2018,7:15 PM,HIGHWAY 417 btwn HWY417 IC118 RAMP76 & HWY417 IC118 RAMP67 (__3ZA2YR),__3ZA2YR,01 - Non intersection,03 - P.D. only,04 - Sideswipe,01 - Clear,01 - Daylight,01 - Dry,10 - No control,,2,0,0,0,,0,,,,,369251.1254,5030920.364,45.41525056,-75.67652625,13298
18--8793,8/24/2018,7:37 AM,LAURIER AVE   W btwn ELGIN ST & QUEEN ELIZABETH DRWY/LAURIER AVE WB ON (__3ZA35Z),__3ZA35Z,01 - Non intersection,02 - Non-fatal injury,03 - Rear end,01 - Clear,01 - Daylight,01 - Dry,10 - No control,,2,0,0,0,02 - Minor,1,,1,,,368035.321,5031600.803,45.42148386,-75.69197134,13299
18--8794,8/24/2018,8:43 PM,MERIVALE RD @ WEST HUNT CLUB RD (0000584),584,02 - Intersection related,03 - P.D. only,03 - Rear end,01 - Clear,07 - Dark,01 - Dry,01 - Traffic signal,01 - Functioning,2,0,0,0,,0,,,,,365612.6946,5021942.498,45.33479515,-75.72411454,13300
18--8795,8/24/2018,8:45 AM,DEERFOX DR btwn APPLEDALE DR & BEATRICE DR (__3ZAZ2H),__3ZAZ2H,04 - At/near private drive,03 - P.D. only,99 - Other,01 - Clear,01 - Daylight,01 - Dry,10 - No control,,2,0,0,0,,0,,,,,365320.0672,5015616.258,45.27789742,-75.72862018,13301
18--8796,8/24/2018,9:00 PM,RIVERSIDE DR btwn HUNT CLUB RD & KIMBERWICK CRES (__3ZBOEN),__3ZBOEN,01 - Non intersection,03 - P.D. only,99 - Other,01 - Clear,07 - Dark,01 - Dry,10 - No control,,2,0,0,0,,0,,,,,368049.6871,5022148.906,45.33643693,-75.69299856,13302
18--8797,8/24/2018,9:06 PM,ANDERSON ST @ PRESTON ST (0006505),6505,02 - Intersection related,03 - P.D. only,04 - Sideswipe,01 - Clear,07 - Dark,01 - Dry,02 - Stop sign,01 - Functioning,2,0,0,0,,0,,,,,366360.7018,5030006.577,45.40728882,-75.71356691,13303
18--8798,8/25/2018,1:15 PM,ST. JOSEPH BLVD @ JEANNE D'ARC BLVD (0012421),12421,03 - At intersection,03 - P.D. only,02 - Angle,01 - Clear,01 - Daylight,01 - Dry,11 - Roundabout,01 - Functioning,2,0,0,0,,0,,,,,379860.7425,5036471.581,45.46413872,-75.54014138,13304
18--8799,8/25/2018,1:17 PM,HAZELDEAN RD @ CARBROOKE ST/IRWIN GATE (0003187),3187,03 - At intersection,01 - Fatal injury,05 - Turning movement,01 - Clear,01 - Daylight,01 - Dry,01 - Traffic signal,01 - Functioning,2,0,1,0,04 - Fatal,2,,1,,1,353417.6214,5018265.463,45.30265942,-75.88005734,13305
18--88,1/2/2018,2:00 PM,HIGHWAY 416 btwn HWY416 IC49 RAMP43 & HWY416 IC42 RAMP34 (__3ZAZJ7),__3ZAZJ7,01 - Non intersection,03 - P.D. only,07 - SMV other,01 - Clear,01 - Daylight,06 - Ice,10 - No control,,1,0,0,0,,0,,,,,369669.0389,4998791.246,45.12611865,-75.67538443,13306
18--880,1/15/2018,8:54 AM,CARLING AVE @ PRESTON ST (0002161),2161,02 - Intersection related,02 - Non-fatal injury,03 - Rear end,01 - Clear,01 - Daylight,01 - Dry,01 - Traffic signal,01 - Functioning,2,0,0,0,02 - Minor,1,,1,,,366829.7099,5028935.553,45.39761063,-75.70771066,13307
18--8800,8/25/2018,1:54 PM,WOODROFFE AVE @ CRESTHAVEN DR/PAUL METIVIER (0010547),10547,03 - At intersection,03 - P.D. only,02 - Angle,01 - Clear,01 - Daylight,01 - Dry,01 - Traffic signal,01 - Functioning,2,0,0,0,,0,,,,,366327.1148,5014853.404,45.27094589,-75.71588023,13308
18--8894,8/28/2018,11:35 AM,WEST HUNT CLUB RD @ ROYDON PL/SUNDERLAND ST (0009775),9775,02 - Intersection related,03 - P.D. only,04 - Sideswipe,01 - Clear,01 - Daylight,01 - Dry,01 - Traffic signal,01 - Functioning,2,0,0,0,,0,,,,,365973.7079,5022169.49,45.33680621,-75.71948088,13309
18--9165,9/5/2018,8:45 AM,GREENBANK RD @ LARKIN DR (0001101),1101,02 - Intersection related,03 - P.D. only,03 - Rear end,01 - Clear,01 - Daylight,01 - Dry,01 - Traffic signal,01 - Functioning,2,0,0,0,,0,,,,,363176.6685,5016506.507,45.28608914,-75.75583254,13310
18--9343,9/11/2018,Unknown,SHERK CRES btwn BALDING CRES & BALDING CRES (__3ZA5R9),__3ZA5R9,01 - Non intersection,03 - P.D. only,06 - SMV unattended vehicle,01 - Clear,00 - Unknown,01 - Dry,10 - No control,,1,0,0,0,,0,,,,,351389.8357,5020051.231,45.31886563,-75.90574511,13311
18--9166,9/5/2018,8:46 AM,CARLING AVE @ CHURCHILL AVE (0002149),2149,02 - Intersection related,03 - P.D. only,03 - Rear end,01 - Clear,01 - Daylight,01 - Dry,01 - Traffic signal,01 - Functioning,2,0,0,0,,0,,,,,363775.5898,5027013.482,45.38058007,-75.74694636,13312
18--8895,8/28/2018,11:45 AM,LEBRETON ST @ SOMERSET ST (0006348),6348,03 - At intersection,03 - P.D. only,07 - SMV other,01 - Clear,01 - Daylight,01 - Dry,02 - Stop sign,01 - Functioning,1,0,0,0,,0,,,,,366681.6939,5030319.567,45.41007671,-75.70942737,13313
18--9344,9/11/2018,12:23 AM,HAWTHORNE RD @ HUNT CLUB RD (0007651),7651,03 - At intersection,03 - P.D. only,07 - SMV other,02 - Rain,07 - Dark,02 - Wet,01 - Traffic signal,01 - Functioning,1,0,0,0,,0,,,,,375507.7837,5026406.568,45.37403351,-75.59724316,13314
18--9167,9/5/2018,9:08 PM,VANIER PKWY NB btwn VANIER PKWY & DONALD ST (__3ZBPHY),__3ZBPHY,01 - Non intersection,02 - Non-fatal injury,07 - SMV other,01 - Clear,07 - Dark,02 - Wet,10 - No control,,1,0,0,1,03 - Major,1,,,1,,370280.7886,5032417.799,45.42862828,-75.6631729,13315
18--8896,8/28/2018,11:45 PM,VANIER PKWY/CRICHTON ST @ BEECHWOOD AVE/ST. PA (0001604),1604,02 - Intersection related,03 - P.D. only,03 - Rear end,01 - Clear,07 - Dark,01 - Dry,01 - Traffic signal,01 - Functioning,2,0,0,0,,0,,,,,369127.7945,5033487.18,45.43835716,-75.6777666,13316
18--9345,9/11/2018,12:39 PM,HAZELDEAN RD @ FRINGEWOOD DR (0000073),73,02 - Intersection related,03 - P.D. only,03 - Rear end,01 - Clear,01 - Daylight,02 - Wet,01 - Traffic signal,01 - Functioning,2,0,0,0,,0,,,,,350755.5498,5015910.421,45.28164727,-75.91421884,13317
18--9346,9/11/2018,2:35 PM,DEMETER ST btwn LUDLOWE ST & TRIM RD (__4TRKTX),__4TRKTX,01 - Non intersection,03 - P.D. only,07 - SMV other,01 - Clear,01 - Daylight,01 - Dry,10 - No control,,1,0,0,0,,0,,,,,385920.7118,5037769.209,45.47513606,-75.46244607,13318
18--9347,9/11/2018,3:20 PM,HERON RD @ WALKLEY RD (0011256),11256,02 - Intersection related,03 - P.D. only,04 - Sideswipe,01 - Clear,01 - Daylight,01 - Dry,01 - Traffic signal,00 - Unknown,2,0,0,0,,0,,,,,372267.0332,5027083.437,45.38044323,-75.63852193,13319
18--9348,9/11/2018,3:35 PM,ST. JOSEPH BLVD @ JEANNE D'ARC BLVD (0012421),12421,03 - At intersection,03 - P.D. only,04 - Sideswipe,01 - Clear,01 - Daylight,01 - Dry,11 - Roundabout,01 - Functioning,2,0,0,0,,0,,,,,379860.7392,5036471.597,45.46413886,-75.54014142,13320
18--9349,9/11/2018,3:40 PM,MEADOWLANDS DR btwn TURN LANE & SULLIVAN AVE (__3ZA3GE),__3ZA3GE,04 - At/near private drive,03 - P.D. only,02 - Angle,01 - Clear,01 - Daylight,01 - Dry,10 - No control,,2,0,0,0,,0,,,,,363104.5748,5022757.551,45.34234183,-75.75601585,13321
18--935,1/16/2018,9:04 AM,BLAIR RD @ OGILVIE RD (0004120),4120,03 - At intersection,03 - P.D. only,03 - Rear end,03 - Snow,01 - Daylight,06 - Ice,01 - Traffic signal,01 - Functioning,2,0,0,0,,0,,,,,374507.7237,5033198.575,45.43524478,-75.60904963,13322
18--9350,9/11/2018,3:46 PM,HUNT CLUB RD btwn DAZE ST & TURN LANE (__5AFH5U),__5AFH5U,01 - Non intersection,03 - P.D. only,03 - Rear end,01 - Clear,01 - Daylight,01 - Dry,10 - No control,,2,0,0,0,,0,,,,,371564.4337,5024030.293,45.35303942,-75.6479049,13323
18--9351,9/11/2018,4:08 PM,WALKLEY RD btwn MELFORT ST & RUSSELL RD (__3ZA2EO),__3ZA2EO,04 - At/near private drive,02 - Non-fatal injury,05 - Turning movement,01 - Clear,01 - Daylight,01 - Dry,10 - No control,,2,0,0,0,02 - Minor,2,,2,,,374527.6411,5028414.185,45.39219533,-75.60947196,13324
18--9352,9/11/2018,4:18 PM,WOODROFFE AVE NB btwn WEST HUNT CLUB RD & SPORTSPLEX N (__3ZA245A),__3ZA245A,01 - Non intersection,02 - Non-fatal injury,03 - Rear end,01 - Clear,01 - Daylight,01 - Dry,10 - No control,,3,0,0,0,02 - Minor,1,,1,,,363721.9746,5021159.509,45.32791119,-75.74832858,13325
18--9353,9/11/2018,4:19 PM,DRIVEWAY (THE) @ PRINCE OF WALES DR (0002128),2128,02 - Intersection related,03 - P.D. only,03 - Rear end,01 - Clear,01 - Daylight,01 - Dry,11 - Roundabout,01 - Functioning,2,0,0,0,,0,,,,,366883.544,5028137.49,45.3904251,-75.70712354,13326
18--9354,9/11/2018,4:27 PM,JOHNSTON RD @ TAPIOLA CRES E (0012081),12081,02 - Intersection related,02 - Non-fatal injury,03 - Rear end,01 - Clear,01 - Daylight,01 - Dry,02 - Stop sign,01 - Functioning,2,0,0,0,02 - Minor,1,,1,,,372254.6697,5025674.696,45.36776911,-75.63887218,13327
18--9355,9/11/2018,4:31 PM,KIRKWOOD AVE @ LAPERRIERE AVE (0006742),6742,03 - At intersection,03 - P.D. only,02 - Angle,01 - Clear,01 - Daylight,01 - Dry,01 - Traffic signal,01 - Functioning,2,0,0,0,,0,,,,,364519.7102,5026958.534,45.38002263,-75.73745225,13328
18--9356,9/11/2018,4:41 PM,CARP RD btwn HWY417 IC144 RAMP16 & HWY417 IC144 RAMP35 (__3ZA3F4),__3ZA3F4,01 - Non intersection,03 - P.D. only,03 - Rear end,01 - Clear,01 - Daylight,01 - Dry,10 - No control,,2,0,0,0,,0,,,,,347373.3885,5015845.103,45.28127248,-75.95733378,13329
18--9357,9/11/2018,4:44 PM,RIDEAU ST @ WALLER ST (0011913),11913,02 - Intersection related,03 - P.D. only,02 - Angle,01 - Clear,01 - Daylight,01 - Dry,01 - Traffic signal,01 - Functioning,2,0,0,0,,0,,,,,368282.7446,5032274.643,45.42752443,-75.68872321,13330
18--9358,9/11/2018,4:45 PM,MELROSE AVE btwn RUSKIN ST & CARLING AVE (__3ZA0KJ),__3ZA0KJ,01 - Non intersection,03 - P.D. only,06 - SMV unattended vehicle,01 - Clear,01 - Daylight,01 - Dry,10 - No control,,1,0,0,0,,0,,,,,365935.0183,5028474.31,45.39353917,-75.71919441,13331
18--9359,9/11/2018,4:48 PM,INNOVATION DR @ ProposedNULL NAME (0011796),11796,03 - At intersection,03 - P.D. only,02 - Angle,01 - Clear,01 - Daylight,01 - Dry,01 - Traffic signal,01 - Functioning,2,0,0,0,,0,,,,,349650.8832,5022435.65,45.34043448,-75.92770834,13332
18--936,1/16/2018,9:05 AM,CARLING AVE @ MAITLAND AVE/SHERBOURNE RD (0002641),2641,02 - Intersection related,03 - P.D. only,07 - SMV other,03 - Snow,01 - Daylight,03 - Loose snow,01 - Traffic signal,01 - Functioning,1,0,0,0,,0,,,,,362942.3495,5026489.224,45.37593252,-75.75764675,13333
18--9360,9/11/2018,5:00 PM,RIVERSIDE DR @ HERON RD (0002236),2236,03 - At intersection,03 - P.D. only,03 - Rear end,01 - Clear,01 - Daylight,01 - Dry,01 - Traffic signal,01 - Functioning,3,0,0,0,,0,,,,,368121.1047,5026647.221,45.37690527,-75.69151123,13334
18--9361,9/11/2018,5:21 PM,"AUBEPINES, PROMENADE DES btwn BRIAN COBURN BLVD & HYSSOP ST/YELLOWCRESS WAY (e___2ICB)",e___2ICB,01 - Non intersection,03 - P.D. only,02 - Angle,02 - Rain,01 - Daylight,02 - Wet,10 - No control,,2,0,0,0,,0,,,,,384076.117,5034781.109,45.44846372,-75.48651697,13335
18--8803,8/25/2018,10:29 PM,PICKFORD DR btwn SHATNER GT & CLARKSON CRES (__3ZABDK),__3ZABDK,01 - Non intersection,02 - Non-fatal injury,06 - SMV unattended vehicle,02 - Rain,07 - Dark,02 - Wet,10 - No control,,1,0,0,0,02 - Minor,1,,1,,,353411.4885,5018716.666,45.30671987,-75.88009129,13336
18--9362,9/11/2018,5:27 PM,CEDARVIEW RD btwn BRUIN RD & HWY416 IC72 RAMP62 (__3ZAZO7),__3ZAZO7,04 - At/near private drive,02 - Non-fatal injury,03 - Rear end,01 - Clear,01 - Daylight,01 - Dry,10 - No control,,2,0,0,0,02 - Minor,1,,1,,,359291.9008,5020552.682,45.32280886,-75.80490575,13337
18--9363,9/11/2018,5:39 PM,LOVELL LANE btwn TO BE DETERMINED & SEYTON DR (__3ZABFN),__3ZABFN,01 - Non intersection,02 - Non-fatal injury,07 - SMV other,01 - Clear,01 - Daylight,01 - Dry,10 - No control,,1,0,0,1,01 - Minimal,1,1,,,,357015.2395,5019895.063,45.31706457,-75.83401397,13338
18--9364,9/11/2018,5:50 PM,HAWTHORNE RD btwn STEVENAGE DR & HUNT CLUB RD (__3ZA2E8),__3ZA2E8,01 - Non intersection,03 - P.D. only,04 - Sideswipe,01 - Clear,01 - Daylight,01 - Dry,10 - No control,,2,0,0,0,,0,,,,,375476.7444,5026482.699,45.37472164,-75.59762851,13339
18--9365,9/11/2018,5:50 PM,BANK ST @ SLATER ST (0002223),2223,02 - Intersection related,03 - P.D. only,04 - Sideswipe,01 - Clear,01 - Daylight,01 - Dry,01 - Traffic signal,00 - Unknown,2,0,0,0,,0,,,,,367424.6617,5031354.695,45.41932439,-75.69980494,13340
18--9366,9/11/2018,6:34 PM,HOLLY ACRES RD @ CARLING AVE (0000522),522,03 - At intersection,03 - P.D. only,05 - Turning movement,01 - Clear,01 - Daylight,01 - Dry,01 - Traffic signal,01 - Functioning,2,0,0,0,,0,,,,,358234.5735,5023497.473,45.34938754,-75.81807399,13341
18--9367,9/11/2018,6:51 PM,CHURCHILL AVE @ RICHMOND RD (0002361),2361,02 - Intersection related,03 - P.D. only,05 - Turning movement,01 - Clear,01 - Daylight,01 - Dry,01 - Traffic signal,01 - Functioning,2,0,0,0,,0,,,,,363227.7065,5028292.498,45.39213438,-75.75379022,13342
18--9368,9/11/2018,7:05 AM,FALLOWFIELD RD btwn CONLEY RD & HUNTLEY RD (__3ZA3ER),__3ZA3ER,04 - At/near private drive,03 - P.D. only,07 - SMV other,02 - Rain,01 - Daylight,02 - Wet,10 - No control,,1,0,0,0,,0,,,,,351479.8401,5008794.722,45.21757002,-75.9056552,13343
18--9369,9/11/2018,7:29 AM,FALLOWFIELD RD @ RICHMOND RD (0000634),634,03 - At intersection,03 - P.D. only,03 - Rear end,02 - Rain,01 - Daylight,02 - Wet,01 - Traffic signal,01 - Functioning,2,0,0,0,,0,,,,,357721.6274,5013529.395,45.25973248,-75.82568393,13344
18--937,1/16/2018,9:08 AM,INNES RD @ TRIM RD (0012870),12870,03 - At intersection,03 - P.D. only,05 - Turning movement,01 - Clear,01 - Daylight,03 - Loose snow,01 - Traffic signal,01 - Functioning,2,0,0,0,,0,,,,,386566.7719,5037273.556,45.47060133,-75.45426666,13345
18--9370,9/11/2018,7:43 AM,HAWTHORNE RD @ LEITRIM RD (0009269),9269,02 - Intersection related,03 - P.D. only,03 - Rear end,02 - Rain,01 - Daylight,02 - Wet,01 - Traffic signal,01 - Functioning,2,0,0,0,,0,,,,,377038.7059,5022709.61,45.34061401,-75.57823999,13346
18--9371,9/11/2018,8:14 PM,AIRPORT PKWY/HUNT CLUB RAMP 42 btwn AIRPORT PKWY & TO BE DETERMINED (__3ZAY5Q),__3ZAY5Q,01 - Non intersection,02 - Non-fatal injury,03 - Rear end,01 - Clear,07 - Dark,01 - Dry,10 - No control,,3,0,0,0,02 - Minor,1,,1,,,370757.1447,5024139.792,45.35410106,-75.65819236,13347
18--9372,9/11/2018,8:17 AM,GREENBANK RD btwn MALVERN DR & HIGHBURY PARK DR (__3ZAZK0),__3ZAZK0,01 - Non intersection,02 - Non-fatal injury,07 - SMV other,02 - Rain,01 - Daylight,02 - Wet,10 - No control,,1,0,0,0,01 - Minimal,1,1,,,,363614.8324,5015525.255,45.27722329,-75.75036373,13348
18--9373,9/11/2018,8:17 AM,CRERAR AVE @ FISHER AVE (0006253),6253,03 - At intersection,03 - P.D. only,02 - Angle,02 - Rain,01 - Daylight,02 - Wet,02 - Stop sign,01 - Functioning,2,0,0,0,,0,,,,,365452.6742,5027697.488,45.38659143,-75.72544973,13349
18--9374,9/11/2018,8:20 AM,HUNTER'S RUN DR @ JEANNE D'ARC BLVD (0012419),12419,02 - Intersection related,03 - P.D. only,03 - Rear end,02 - Rain,01 - Daylight,02 - Wet,01 - Traffic signal,01 - Functioning,2,0,0,0,,0,,,,,380567.7158,5036174.611,45.46139049,-75.53114784,13350
18--9375,9/11/2018,8:25 AM,RIVERGATE WAY @ RIVERSIDE DR (0007177),7177,02 - Intersection related,03 - P.D. only,03 - Rear end,02 - Rain,01 - Daylight,02 - Wet,01 - Traffic signal,01 - Functioning,2,0,0,0,,0,,,,,368116.6074,5023242.512,45.34627093,-75.69200485,13351
18--9376,9/11/2018,8:27 AM,YOUVILLE DR btwn ST. JOSEPH BLVD & JEANNE D'ARC BLVD S (__3ZA6DC),__3ZA6DC,04 - At/near private drive,03 - P.D. only,02 - Angle,01 - Clear,01 - Daylight,01 - Dry,10 - No control,,2,0,0,0,,0,,,,,379153.1847,5036185.652,45.46164181,-75.54923145,13352
18--9377,9/11/2018,8:49 AM,GREY STONE DR @ RICHARDSON SIDE RD (0011501),11501,03 - At intersection,03 - P.D. only,02 - Angle,01 - Clear,01 - Daylight,02 - Wet,02 - Stop sign,01 - Functioning,2,0,0,0,,0,,,,,343632.7771,5014790.254,45.27199705,-76.00509453,13353
18--9378,9/11/2018,8:51 AM,WOODROFFE AVE btwn KNOXDALE RD/MEDHURST DR & NORICE ST (__3ZA3JO),__3ZA3JO,01 - Non intersection,03 - P.D. only,03 - Rear end,02 - Rain,01 - Daylight,02 - Wet,10 - No control,,2,0,0,0,,0,,,,,363300.8175,5022123.179,45.33661746,-75.75358695,13354
18--9379,9/11/2018,8:55 AM,HIGHWAY 417 btwn HWY417 IC138 RAMP61 & HWY417 IC134 RAMP36 (__3ZA20I),__3ZA20I,01 - Non intersection,03 - P.D. only,03 - Rear end,02 - Rain,01 - Daylight,02 - Wet,10 - No control,,2,0,0,0,,0,,,,,353736.1581,5020718.969,45.32471443,-75.87575345,13355
18--938,1/16/2018,9:20 AM,GREENBANK RD @ MARKETPLACE AVE (0010406),10406,02 - Intersection related,03 - P.D. only,04 - Sideswipe,01 - Clear,01 - Daylight,03 - Loose snow,01 - Traffic signal,01 - Functioning,2,0,0,0,,0,,,,,364008.3554,5014602.19,45.26888451,-75.74545852,13356
18--9380,9/11/2018,9:02 AM,WOODROFFE AVE btwn HWY417 IC127 RAMP62 & HWY417 IC127 RAMP26 (__3ZA4ME),__3ZA4ME,01 - Non intersection,02 - Non-fatal injury,04 - Sideswipe,02 - Rain,01 - Daylight,02 - Wet,10 - No control,,2,0,0,0,01 - Minimal,2,2,,,,362053.3975,5025012.232,45.36271588,-75.76916701,13357
18--9381,9/11/2018,9:10 AM,HIGHWAY 417 btwn HWY417 IC138 RAMP61 & HWY417 IC134 RAMP36 (__3ZA20I),__3ZA20I,01 - Non intersection,03 - P.D. only,03 - Rear end,02 - Rain,01 - Daylight,02 - Wet,10 - No control,,2,0,0,0,,0,,,,,353847.6052,5020784.112,45.32529282,-75.87432543,13358
18--9382,9/11/2018,9:30 AM,MEADOWBROOK RD btwn FOXWELL ST & DONDALE ST (__3ZA44O),__3ZA44O,01 - Non intersection,03 - P.D. only,03 - Rear end,02 - Rain,01 - Daylight,02 - Wet,10 - No control,,2,0,0,0,,0,,,,,374569.0637,5031416.478,45.41920431,-75.60851817,13359
18--9383,9/11/2018,9:40 AM,MITCH OWENS RD btwn HALL RD & BLACKCREEK RD (__3ZA20W),__3ZA20W,01 - Non intersection,03 - P.D. only,05 - Turning movement,01 - Clear,01 - Daylight,01 - Dry,10 - No control,,2,0,0,0,,0,,,,,386382.0369,5021173.253,45.32576681,-75.45929171,13360
18--9384,9/11/2018,9:40 AM,HIGHWAY 417 btwn HWY417 IC180 RAMP61 & HWY417 IC169 RAMP36 (__5DVYB1),__5DVYB1,01 - Non intersection,03 - P.D. only,07 - SMV other,01 - Clear,01 - Daylight,01 - Dry,10 - No control,,1,0,0,0,,0,,,,,319695.9916,5030885.843,45.41774978,-76.30966982,13361
18--9385,9/12/2018,1:00 PM,"MONTREAL RD btwn MONTREAL RD & EGLISE, RUE DE L (__3ZA3MI)",__3ZA3MI,01 - Non intersection,03 - P.D. only,04 - Sideswipe,01 - Clear,01 - Daylight,01 - Dry,10 - No control,,2,0,0,0,,0,,,,,371124.6108,5033618.085,45.43934841,-75.65222856,13362
18--9386,9/12/2018,1:11 PM,ST. JOSEPH BLVD @ JEANNE D'ARC BLVD (0012421),12421,03 - At intersection,03 - P.D. only,04 - Sideswipe,01 - Clear,01 - Daylight,01 - Dry,11 - Roundabout,01 - Functioning,2,0,0,0,,0,,,,,379860.7783,5036471.788,45.46414057,-75.54014089,13363
18--9387,9/12/2018,1:15 PM,EARL ARMSTRONG RD @ LIMEBANK RD (0004456),4456,03 - At intersection,03 - P.D. only,03 - Rear end,01 - Clear,01 - Daylight,01 - Dry,01 - Traffic signal,01 - Functioning,2,0,0,0,,0,,,,,370155.7706,5015960.505,45.28056202,-75.66694599,13364
18--9388,9/12/2018,1:16 PM,HIGHWAY 417 btwn HWY417 IC127 RAMP25 & HWY417 IC126 RAMP51 (__3ZA2XA),__3ZA2XA,01 - Non intersection,03 - P.D. only,04 - Sideswipe,01 - Clear,01 - Daylight,01 - Dry,10 - No control,,2,0,0,0,,0,,,,,362448.8546,5025080.634,45.36329894,-75.76411148,13365
18--9389,9/12/2018,1:57 PM,HUNTMAR DR @ PALLADIUM DR S (0011818),11818,03 - At intersection,02 - Non-fatal injury,05 - Turning movement,01 - Clear,01 - Daylight,01 - Dry,01 - Traffic signal,01 - Functioning,2,0,0,0,02 - Minor,1,,1,,,349675.4805,5017365.426,45.29480965,-75.92785383,13366
18--939,1/16/2018,9:20 AM,ALTA VISTA DR @ PALEN AVE (0007122),7122,03 - At intersection,02 - Non-fatal injury,03 - Rear end,01 - Clear,01 - Daylight,01 - Dry,02 - Stop sign,01 - Functioning,2,0,0,0,01 - Minimal,1,1,,,,370422.7192,5027284.544,45.38242791,-75.66204244,13367
18--9390,9/12/2018,10:03 AM,LAPERRIERE AVE btwn CLYDE AVE & BELLEVUE AVE (__3ZAA6K),__3ZAA6K,04 - At/near private drive,03 - P.D. only,03 - Rear end,01 - Clear,01 - Daylight,01 - Dry,10 - No control,,2,0,0,0,,0,,,,,363742.172,5026472.315,45.37571355,-75.74743763,13368
18--9391,9/12/2018,10:43 PM,QUEEN ELIZABETH DRWY btwn PATTERSON AVE & MONKLAND AVE (__3ZA22Q),__3ZA22Q,01 - Non intersection,02 - Non-fatal injury,01 - Approaching,01 - Clear,07 - Dark,01 - Dry,10 - No control,,2,0,1,0,03 - Major,1,,,1,,368763.907,5030289.294,45.40961712,-75.68283256,13369
18--9392,9/12/2018,11:45 AM,REGIONAL ROAD 174 EB btwn HWY417 IC113 RAMP65 & OR174 BLAIR IC112 RAMP51 (__3ZAZFJ),__3ZAZFJ,01 - Non intersection,03 - P.D. only,07 - SMV other,01 - Clear,01 - Daylight,01 - Dry,10 - No control,,1,0,0,0,,0,,,,,374782.6206,5032807.02,45.43169432,-75.60559219,13370
18--9393,9/12/2018,Unknown,PRESTON ST btwn YOUNG ST & GEORGE ST W (__3ZBODS),__3ZBODS,01 - Non intersection,03 - P.D. only,06 - SMV unattended vehicle,01 - Clear,00 - Unknown,01 - Dry,10 - No control,,1,0,0,0,,0,,,,,366609.4653,5029438.423,45.4021548,-75.7104605,13371