Anom_ID,Accident_Date,Accident_Time,Location,Geo_ID,Accident_Location,Classification_of_Accident,Initial_Impact_Type,Environment_Condition,Light,Road_Surface_Condition,Traffic_Control,Traffic_Control_Condition,No__of_Vehicles,No__of_Bicycles,No__of_Motorcycles,No__of_Pedestrians,Max_Injury,No__of_Injuries,No__of_Minimal,No__of_Minor,No__of_Major,No__of_Fatal,X,Y,Latitude,Longitude,ObjectId
18--9394,9/12/2018,12:52 PM,SMYTH RD E/LANCASTER RD @ ST. LAURENT BLVD N/R (0002256),2256,02 - Intersection related,02 - Non-fatal injury,03 - Rear end,01 - Clear,01 - Daylight,01 - Dry,01 - Traffic signal,01 - Functioning,2,0,0,0,01 - Minimal,1,1,,,,373364.7431,5029424.57,45.40140113,-75.62418174,13372
18--9395,9/12/2018,2:16 PM,CUMMINGS AVE btwn OGILVIE RD & LABELLE ST (__3ZA7QG),__3ZA7QG,04 - At/near private drive,02 - Non-fatal injury,03 - Rear end,01 - Clear,01 - Daylight,01 - Dry,10 - No control,,2,0,0,0,01 - Minimal,1,1,,,,372762.2735,5032142.817,45.42591741,-75.63150173,13373
18--9396,9/12/2018,2:40 PM,MOODIE DR @ ROBERTSON RD (0010545),10545,02 - Intersection related,03 - P.D. only,04 - Sideswipe,01 - Clear,01 - Daylight,01 - Dry,01 - Traffic signal,01 - Functioning,2,0,0,0,,0,,,,,357066.6292,5020455.559,45.32210415,-75.83329941,13374
18--9397,9/12/2018,3:06 PM,HAWTHORNE RD/RUSSELL RD @ WALKLEY RD (0002618),2618,02 - Intersection related,03 - P.D. only,03 - Rear end,01 - Clear,01 - Daylight,01 - Dry,01 - Traffic signal,01 - Functioning,2,0,0,0,,0,,,,,374674.744,5028499.542,45.39294867,-75.60758137,13375
18--9398,9/12/2018,3:15 PM,WINDING WAY btwn TRADEWINDS DR & PENDERBROOK AVE (__4O47SY),__4O47SY,01 - Non intersection,03 - P.D. only,06 - SMV unattended vehicle,01 - Clear,01 - Daylight,01 - Dry,10 - No control,,1,0,0,0,,0,,,,,367554.3373,5016356.754,45.28436446,-75.70005161,13376
18--9399,9/12/2018,3:21 PM,INDUSTRIAL AVE @ NEIGHBORHOOD WAY (0002706),2706,03 - At intersection,03 - P.D. only,02 - Angle,01 - Clear,01 - Daylight,01 - Dry,02 - Stop sign,01 - Functioning,2,0,0,0,,0,,,,,371092.6522,5030527.646,45.41154501,-75.65305295,13377
18--94,1/2/2018,2:24 PM,JOHNSTON RD btwn TAPIOLA CRES & MACOUN CIRC (__7N384S),__7N384S,01 - Non intersection,03 - P.D. only,01 - Approaching,01 - Clear,01 - Daylight,03 - Loose snow,10 - No control,,2,0,0,0,,0,,,,,371995.7857,5025517.836,45.36638261,-75.64219806,13378
18--940,1/16/2018,9:40 AM,HIGHWAY 417 btwn HWY417 IC144 RAMP25 & HWY417 IC142 RAMP51 (__3ZA20J),__3ZA20J,01 - Non intersection,02 - Non-fatal injury,07 - SMV other,03 - Snow,01 - Daylight,02 - Wet,10 - No control,,1,0,0,0,01 - Minimal,1,1,,,,348257.1808,5016590.184,45.2879229,-75.9460037,13379
18--9400,9/12/2018,3:24 PM,ST. LAURENT BLVD btwn HWY417 IC115 RAMP35 & HWY417 IC115 RAMP26 (__3ZAZEA),__3ZAZEA,01 - Non intersection,02 - Non-fatal injury,03 - Rear end,01 - Clear,01 - Daylight,01 - Dry,10 - No control,,3,0,0,0,02 - Minor,2,1,1,,,372494.5769,5031499.884,45.42015856,-75.63501061,13380
18--9401,9/12/2018,3:25 PM,HIGHWAY 417 btwn HWY417 IC118 RAMP57 & HWY417 IC118 RAMP35 (__3ZA2YQ),__3ZA2YQ,01 - Non intersection,03 - P.D. only,07 - SMV other,01 - Clear,01 - Daylight,01 - Dry,10 - No control,,1,0,0,0,,0,,,,,369513.8301,5031071.129,45.41658285,-75.6731503,13381
18--9402,9/12/2018,3:30 PM,HIGHWAY 417 btwn HWY417 IC122 RAMP16 & HWY417 IC122 RAMP61 (__3ZA2RA),__3ZA2RA,01 - Non intersection,03 - P.D. only,03 - Rear end,01 - Clear,01 - Daylight,01 - Dry,10 - No control,,3,0,0,0,,0,,,,,365622.0231,5029092.203,45.39912608,-75.72311537,13382
18--9403,9/12/2018,3:40 AM,MARCH RD btwn CARP RD & DONALD B. MUNRO DR (__3ZA3FJ),__3ZA3FJ,01 - Non intersection,02 - Non-fatal injury,07 - SMV other,"07 - Fog, mist, smoke, dust",07 - Dark,01 - Dry,10 - No control,,1,0,0,0,01 - Minimal,1,1,,,,342355.6015,5021902.185,45.33606264,-76.02083212,13383
18--9404,9/12/2018,4:00 PM,LONGFIELDS DR @ MOUNTSHANNON DR W (0010533),10533,03 - At intersection,03 - P.D. only,05 - Turning movement,01 - Clear,01 - Daylight,01 - Dry,02 - Stop sign,01 - Functioning,2,0,0,0,,0,,,,,364264.2043,5016434.759,45.28535238,-75.74197878,13384
18--9405,9/12/2018,4:25 PM,KIRKWOOD AVE @ RICHMOND RD (0002080),2080,02 - Intersection related,03 - P.D. only,05 - Turning movement,01 - Clear,01 - Daylight,01 - Dry,01 - Traffic signal,01 - Functioning,2,0,0,0,,0,,,,,363778.6895,5028641.556,45.39522895,-75.74671222,13385
18--9406,9/12/2018,4:44 PM,MOODIE DR btwn WEST HUNT CLUB RD & ALTI PL (__3ZBOCW),__3ZBOCW,01 - Non intersection,01 - Fatal injury,01 - Approaching,01 - Clear,01 - Daylight,01 - Dry,10 - No control,,2,0,0,0,04 - Fatal,1,,,,1,358830.1363,5016220.682,45.28386481,-75.81126771,13386
18--9407,9/12/2018,5:09 PM,MITCH OWENS RD btwn TRANQUIL GT & OLD PRESCOTT RD (__3ZA3TU),__3ZA3TU,01 - Non intersection,02 - Non-fatal injury,03 - Rear end,01 - Clear,01 - Daylight,01 - Dry,10 - No control,,3,0,0,0,02 - Minor,2,,2,,,376917.5988,5015441.815,45.27523392,-75.58084266,13387
18--9408,9/12/2018,5:10 AM,MURRAY ST btwn BEAUSOLEIL DR & END (__3ZA7CE),__3ZA7CE,01 - Non intersection,02 - Non-fatal injury,06 - SMV unattended vehicle,01 - Clear,07 - Dark,01 - Dry,10 - No control,,1,0,0,0,02 - Minor,1,,1,,,368655.9589,5032973.56,45.43377905,-75.68386358,13388
18--9409,9/12/2018,5:12 PM,BOWESVILLE RD @ RIDEAU RD (0009410),9410,03 - At intersection,03 - P.D. only,02 - Angle,01 - Clear,01 - Daylight,01 - Dry,02 - Stop sign,01 - Functioning,2,0,0,0,,0,,,,,373361.7009,5015566.437,45.27671095,-75.62614085,13389
18--941,1/16/2018,9:45 AM,HOPE SIDE RD @ RICHMOND RD (0000581),581,03 - At intersection,03 - P.D. only,05 - Turning movement,03 - Snow,01 - Daylight,05 - Packed snow,02 - Stop sign,01 - Functioning,2,0,0,0,,0,,,,,356952.6368,5015485.435,45.27739073,-75.83527616,13390
18--9410,9/12/2018,5:58 PM,HIGHWAY 417 btwn HWY417 IC121B RAMP51 & HWY417 IC121A RAMP51 (__3ZA2YW),__3ZA2YW,01 - Non intersection,03 - P.D. only,03 - Rear end,01 - Clear,01 - Daylight,01 - Dry,10 - No control,,2,0,0,0,,0,,,,,366951.0348,5029626.008,45.4038124,-75.70607415,13391
18--9411,9/12/2018,6:01 PM,TRIM RD @ DAIRY DR/TAYLOR CREEK DR (0012921),12921,02 - Intersection related,03 - P.D. only,04 - Sideswipe,01 - Clear,01 - Daylight,01 - Dry,11 - Roundabout,01 - Functioning,2,0,0,0,,0,,,,,384535.0693,5039595.5,45.49172686,-75.47986939,13392
18--9412,9/12/2018,6:15 PM,CARLING AVE WB btwn HWY417 IC124 RAMP65 & 73 E OF ARCHIBALD ST/WESTGAT (__3ZA26SA),__3ZA26SA,01 - Non intersection,03 - P.D. only,04 - Sideswipe,01 - Clear,01 - Daylight,01 - Dry,10 - No control,,2,0,0,0,,0,,,,,364649.6308,5027564.559,45.38546444,-75.73572,13393
18--9413,9/12/2018,6:24 PM,GRANITE RIDGE DR btwn FELDSPAR CRES & FELDSPAR CRES (__37BBII),__37BBII,04 - At/near private drive,03 - P.D. only,02 - Angle,01 - Clear,01 - Daylight,01 - Dry,10 - No control,,2,0,0,0,,0,,,,,351356.7592,5014620.005,45.26999615,-75.90667684,13394
18--9414,9/12/2018,6:26 PM,INNOVATION DR btwn FLAMBOROUGH WAY & FLAMBOROUGH WAY (__3G5TW2),__3G5TW2,04 - At/near private drive,03 - P.D. only,02 - Angle,01 - Clear,01 - Daylight,01 - Dry,10 - No control,,2,0,0,0,,0,,,,,349613.4451,5022441.719,45.34049149,-75.92818547,13395
18--9415,9/12/2018,6:40 AM,HIGHWAY 417 btwn HWY417 IC124 RAMP55 & HWY417 IC124 RAMP65 (__3ZAZPV),__3ZAZPV,01 - Non intersection,03 - P.D. only,04 - Sideswipe,01 - Clear,03 - Dawn,01 - Dry,10 - No control,,2,0,0,0,,0,,,,,364597.5629,5027731.703,45.38697282,-75.73636459,13396
18--9416,9/12/2018,6:55 AM,BOOTH ST @ RAYMOND ST (0006498),6498,02 - Intersection related,03 - P.D. only,02 - Angle,01 - Clear,01 - Daylight,01 - Dry,01 - Traffic signal,01 - Functioning,2,0,0,0,,0,,,,,366860.6681,5029641.477,45.4039596,-75.70722645,13397
18--9417,9/12/2018,6:56 PM,ARTHUR ST @ SOMERSET ST (0005109),5109,02 - Intersection related,03 - P.D. only,02 - Angle,01 - Clear,05 - Dusk,01 - Dry,01 - Traffic signal,01 - Functioning,2,0,0,0,,0,,,,,366831.5838,5030389.382,45.41069162,-75.70750384,13398
18--9418,9/12/2018,7:05 PM,TERRY FOX DR N @ FLAMBOROUGH WAY/INNOVATION DR (0011795),11795,03 - At intersection,03 - P.D. only,07 - SMV other,01 - Clear,05 - Dusk,01 - Dry,01 - Traffic signal,01 - Functioning,1,0,0,1,,0,,,,,349384.9849,5022955.843,45.34513225,-75.93105412,13399
18--9419,9/12/2018,7:32 AM,HERON RD btwn CLEMENTINE BLVD & FALCON AVE (__3ZA36E),__3ZA36E,01 - Non intersection,03 - P.D. only,03 - Rear end,01 - Clear,01 - Daylight,01 - Dry,10 - No control,,4,0,0,0,,0,,,,,369558.0279,5026788.023,45.37804083,-75.67314792,13400
18--942,1/17/2018,10:27 AM,SIXTH LINE RD btwn TORWOOD DR & BESSBOROUGH LANE (__3ZA3ED),__3ZA3ED,01 - Non intersection,03 - P.D. only,07 - SMV other,03 - Snow,01 - Daylight,04 - Slush,10 - No control,,1,0,0,0,,0,,,,,345567.955,5034054.781,45.44523527,-75.97884366,13401
18--9420,9/12/2018,7:59 AM,INNES RD @ PROVENCE AVE (0009244),9244,02 - Intersection related,03 - P.D. only,03 - Rear end,01 - Clear,01 - Daylight,01 - Dry,01 - Traffic signal,01 - Functioning,2,0,0,0,,0,,,,,386110.1528,5037083.947,45.46894873,-75.46013687,13402
18--9421,9/12/2018,8:33 AM,CARLING AVE @ FAIRLAWN AVE/WOODROFFE AVE E (0002393),2393,03 - At intersection,03 - P.D. only,05 - Turning movement,01 - Clear,01 - Daylight,01 - Dry,01 - Traffic signal,01 - Functioning,2,0,0,0,,0,,,,,361934.6841,5025830.528,45.37008852,-75.77058762,13403
18--9422,9/12/2018,9:06 AM,HWY417 IC131 RAMP63 btwn HWY417 IC131 RAMP53 & HWY417 IC131 RAMP66 (__3ZAY4Q),__3ZAY4Q,01 - Non intersection,03 - P.D. only,03 - Rear end,01 - Clear,01 - Daylight,01 - Dry,10 - No control,,3,0,0,0,,0,,,,,358857.9523,5023018.496,45.34502992,-75.81017143,13404
18--9423,9/12/2018,9:11 PM,MERIVALE RD @ MORISSET AVE (0002729),2729,03 - At intersection,02 - Non-fatal injury,02 - Angle,01 - Clear,07 - Dark,01 - Dry,02 - Stop sign,01 - Functioning,2,0,0,0,02 - Minor,2,,2,,,364866.7227,5026492.674,45.37580124,-75.73307839,13405
18--9424,9/12/2018,9:12 AM,ALERT RD/AIRPORT PKWY/UPLANDS DR RAMP 62 @ LES (0003652),3652,03 - At intersection,03 - P.D. only,04 - Sideswipe,01 - Clear,01 - Daylight,01 - Dry,01 - Traffic signal,01 - Functioning,3,0,0,0,,0,,,,,371306.7257,5021353.764,45.32898131,-75.65155338,13406
18--9425,9/12/2018,9:39 AM,EAGLESON RD @ HAZELDEAN RD/ROBERTSON RD (0002715),2715,02 - Intersection related,03 - P.D. only,07 - SMV other,01 - Clear,01 - Daylight,01 - Dry,01 - Traffic signal,01 - Functioning,1,0,0,0,,0,,,,,353673.6249,5018424.461,45.30407236,-75.87677745,13407
18--9426,9/12/2018,9:40 AM,HIGHWAY 417 btwn HWY417 IC145 RAMP55 & HWY417 IC144 RAMP51 (__3ZA2Q4),__3ZA2Q4,01 - Non intersection,03 - P.D. only,07 - SMV other,01 - Clear,01 - Daylight,01 - Dry,10 - No control,,1,0,0,0,,0,,,,,346911.5294,5015364.423,45.27697495,-75.96326144,13408
18--9427,9/13/2018,1:25 PM,HWY417 IC119B RAMP57 btwn HIGHWAY 417 & O'CONNOR ST (__3ZAY7Q),__3ZAY7Q,01 - Non intersection,03 - P.D. only,04 - Sideswipe,01 - Clear,01 - Daylight,01 - Dry,10 - No control,,2,0,0,0,,0,,,,,368123.7881,5030222.676,45.40907592,-75.69101809,13409
18--9428,9/13/2018,1:30 PM,LYON ST @ SOMERSET ST (0010860),10860,02 - Intersection related,03 - P.D. only,03 - Rear end,01 - Clear,01 - Daylight,01 - Dry,01 - Traffic signal,01 - Functioning,2,0,0,0,,0,,,,,367366.6757,5030716.567,45.4135879,-75.70062681,13410
18--9429,9/13/2018,1:35 PM,RIVERSIDE DR @ RIVERSIDE HOSPITAL (0011960),11960,02 - Intersection related,03 - P.D. only,03 - Rear end,01 - Clear,01 - Daylight,01 - Dry,01 - Traffic signal,01 - Functioning,2,0,0,0,,0,,,,,369715.0455,5028627.445,45.39457682,-75.67090136,13411
18--943,1/17/2018,10:30 AM,HIGHWAY 7 btwn HAZELDEAN IC RAMP 53 & HIGHWAY 7 (__7JQ7LK),__7JQ7LK,01 - Non intersection,03 - P.D. only,07 - SMV other,01 - Clear,01 - Daylight,01 - Dry,10 - No control,,1,0,0,0,,0,,,,,343011.4141,5009006.025,45.21998164,-76.01345775,13412
18--9430,9/13/2018,1:42 PM,CARLING AVE @ PARKDALE AVE (0008792),8792,03 - At intersection,03 - P.D. only,02 - Angle,01 - Clear,01 - Daylight,01 - Dry,01 - Traffic signal,01 - Functioning,2,0,0,0,,0,,,,,365625.8296,5028173.026,45.39085521,-75.72318008,13413
18--9431,9/13/2018,1:55 PM,CEDARWOOD DR @ WALKLEY RD (0002235),2235,02 - Intersection related,02 - Non-fatal injury,03 - Rear end,01 - Clear,01 - Daylight,01 - Dry,01 - Traffic signal,01 - Functioning,2,0,0,0,02 - Minor,1,,1,,,371194.8492,5026455.466,45.37489541,-75.65229543,13414
18--9168,9/5/2018,9:20 PM,HIGHWAY 417 btwn HWY417 IC129 RAMP61 & TRANSIT (__3ZA2SI),__3ZA2SI,01 - Non intersection,03 - P.D. only,03 - Rear end,01 - Clear,07 - Dark,01 - Dry,10 - No control,,2,0,0,0,,0,,,,,360938.8487,5023929.808,45.35306642,-75.7835159,13415
18--9169,9/5/2018,9:40 AM,RICHMOND RD btwn POULIN AVE & 140 E OF POULIN AVE (__3ZA4MDA),__3ZA4MDA,01 - Non intersection,03 - P.D. only,04 - Sideswipe,01 - Clear,01 - Daylight,01 - Dry,10 - No control,,2,0,0,0,,0,,,,,360327.3979,5024902.412,45.36186657,-75.79120981,13416
18--8897,8/28/2018,Unknown,CAVANAGH DR btwn LANGSTAFF DR & ROBERTLEE DR (__3ZAC9S),__3ZAC9S,01 - Non intersection,03 - P.D. only,06 - SMV unattended vehicle,01 - Clear,00 - Unknown,01 - Dry,10 - No control,,1,0,0,0,,0,,,,,341485.449,5023095.74,45.34684874,-76.03184542,13417
18--917,1/16/2018,7:20 AM,ROBERTSON RD btwn FITZGERALD RD & MOODIE DR (__3ZA411),__3ZA411,04 - At/near private drive,03 - P.D. only,05 - Turning movement,01 - Clear,03 - Dawn,03 - Loose snow,10 - No control,,2,0,0,0,,0,,,,,356937.595,5020378.843,45.32142345,-75.83495331,13418
18--8804,8/25/2018,10:41 AM,WOODROFFE AVE/HWY 417 WOODROFF IC127R25 @ HWY  (0002348),2348,02 - Intersection related,03 - P.D. only,03 - Rear end,01 - Clear,01 - Daylight,01 - Dry,01 - Traffic signal,01 - Functioning,2,0,0,0,,0,,,,,362179.6955,5024694.524,45.35984684,-75.76759185,13419
18--8898,8/28/2018,12:30 PM,BANK ST @ MEADOW DR S (0005708),5708,02 - Intersection related,03 - P.D. only,04 - Sideswipe,01 - Clear,01 - Daylight,01 - Dry,02 - Stop sign,01 - Functioning,2,0,0,0,,0,,,,,379198.7739,5013965.438,45.26171245,-75.55199361,13420
18--9170,9/6/2018,1:20 PM,GABRIEL ST @ ST. JOSEPH BLVD (0004100),4100,03 - At intersection,03 - P.D. only,02 - Angle,01 - Clear,01 - Daylight,01 - Dry,02 - Stop sign,01 - Functioning,2,0,0,0,,0,,,,,381544.7359,5037641.595,45.47448255,-75.51842731,13421
18--8805,8/25/2018,10:58 PM,GREENBANK RD btwn WEST HUNT CLUB RD & FALLOWFIELD RD (__3ZA1NE),__3ZA1NE,01 - Non intersection,03 - P.D. only,07 - SMV other,02 - Rain,07 - Dark,02 - Wet,10 - No control,,1,0,0,0,,0,,,,,362289.9794,5018569.731,45.30472715,-75.76689566,13422
18--8899,8/28/2018,2:00 PM,COLONEL BY DR/MACKENZIE AVE @ DALY AVE (0008541),8541,03 - At intersection,03 - P.D. only,05 - Turning movement,01 - Clear,01 - Daylight,01 - Dry,01 - Traffic signal,01 - Functioning,2,0,0,0,,0,,,,,368002.7096,5031904.605,45.42422031,-75.69234904,13423
18--9171,9/6/2018,11:49 AM,DEERCROFT AVE btwn KELTIE PRIV & KELTIE PRIV (__54O9EU),__54O9EU,01 - Non intersection,03 - P.D. only,06 - SMV unattended vehicle,01 - Clear,01 - Daylight,01 - Dry,10 - No control,,1,0,0,0,,0,,,,,364329.6153,5015206.834,45.27429799,-75.74129231,13424
18--8806,8/25/2018,11:13 PM,EAGLESON RD @ HOPE SIDE RD/TERRY FOX DR (0000509),509,02 - Intersection related,03 - P.D. only,03 - Rear end,02 - Rain,07 - Dark,02 - Wet,01 - Traffic signal,01 - Functioning,2,0,0,0,,0,,,,,355188.1523,5014616.005,45.26969608,-75.85785261,13425
18--8807,8/25/2018,11:22 PM,BASELINE RD @ CENTREPOINTE DR E/HIGHGATE RD (0011468),11468,02 - Intersection related,02 - Non-fatal injury,07 - SMV other,02 - Rain,07 - Dark,02 - Wet,01 - Traffic signal,01 - Functioning,1,0,1,0,02 - Minor,1,,1,,,362061.6861,5023465.505,45.34879786,-75.76924037,13426
18--8808,8/25/2018,11:53 PM,KANATA AVE @ TERRY FOX DR (0012691),12691,03 - At intersection,03 - P.D. only,07 - SMV other,02 - Rain,07 - Dark,02 - Wet,01 - Traffic signal,01 - Functioning,1,0,0,0,,0,,,,,349305.8677,5019211.585,45.31144545,-75.93240028,13427
18--8809,8/25/2018,11:58 AM,CHAMPLAIN BRIDGE/ISLAND PARK DR btwn BATE ISLAND & PROVINCIAL BOUNDARY (__3ZA2ZEA),__3ZA2ZEA,07 - Overpass or bridge,03 - P.D. only,03 - Rear end,01 - Clear,01 - Daylight,00 - Unknown,10 - No control,,2,0,0,0,,0,,,,,362795.7353,5030214.829,45.40946711,-75.75908063,13428
18--881,1/15/2018,9:03 AM,HERON RD @ BAYCREST DR (0007191),7191,02 - Intersection related,03 - P.D. only,03 - Rear end,01 - Clear,01 - Daylight,01 - Dry,01 - Traffic signal,01 - Functioning,2,0,0,0,,0,,,,,371143.7291,5026979.545,45.37961572,-75.65287763,13429
18--8810,8/25/2018,Unknown,YORK ST btwn WILLIAM ST & DALHOUSIE ST (__3ZA817),__3ZA817,01 - Non intersection,03 - P.D. only,06 - SMV unattended vehicle,01 - Clear,00 - Unknown,01 - Dry,10 - No control,,1,0,0,0,,0,,,,,368008.2307,5032366.365,45.42837457,-75.69221923,13430
18--8811,8/25/2018,12:25 PM,HIGHWAY 417 btwn HWY417 IC118 RAMP57 & HWY417 IC118 RAMP35 (__3ZA2YQ),__3ZA2YQ,01 - Non intersection,03 - P.D. only,04 - Sideswipe,01 - Clear,01 - Daylight,01 - Dry,10 - No control,,2,0,0,0,,0,,,,,369120.4422,5030810.636,45.4142753,-75.6782101,13431
18--8812,8/25/2018,12:52 AM,DUNROBIN RD btwn CONSTANCE BAY RD & KINBURN SIDE RD (__3ZAFF),__3ZAFF,01 - Non intersection,03 - P.D. only,07 - SMV other,01 - Clear,07 - Dark,01 - Dry,10 - No control,,1,0,0,0,,0,,,,,336843.2967,5037153.396,45.47357185,-76.09016995,13432
18--8813,8/25/2018,2:00 PM,HEARST WAY btwn ROBERGE CRES & COHEN AVE (__3ZBPMD),__3ZBPMD,01 - Non intersection,03 - P.D. only,06 - SMV unattended vehicle,01 - Clear,01 - Daylight,01 - Dry,10 - No control,,1,0,0,0,,0,,,,,352500.6353,5019749.488,45.31607589,-75.89160668,13433
18--8814,8/25/2018,2:18 PM,DALMENY RD @ RIVER RD (0012900),12900,02 - Intersection related,02 - Non-fatal injury,02 - Angle,01 - Clear,01 - Daylight,01 - Dry,02 - Stop sign,01 - Functioning,2,0,0,0,02 - Minor,2,,2,,,374387.7104,4996968.277,45.10926681,-75.615661,13434
18--8815,8/25/2018,2:39 AM,REGIONAL ROAD 174 btwn QUIGLEY HILL RD & REGIONAL ROAD 174 DIVIDED (__3ZA2Y5),__3ZA2Y5,01 - Non intersection,03 - P.D. only,07 - SMV other,01 - Clear,07 - Dark,01 - Dry,10 - No control,,1,0,0,0,,0,,,,,384835.7166,5040827.528,45.502777,-75.47582258,13435
18--8816,8/25/2018,3:28 PM,MARIER AVE @ MONTREAL RD (0009346),9346,02 - Intersection related,03 - P.D. only,04 - Sideswipe,01 - Clear,01 - Daylight,01 - Dry,01 - Traffic signal,01 - Functioning,2,0,0,0,,0,,,,,370419.7083,5033261.591,45.43620735,-75.66128528,13436
18--8817,8/25/2018,3:30 PM,BANK ST btwn MCLEOD ST & FLORA ST (__3ZA3P6),__3ZA3P6,01 - Non intersection,02 - Non-fatal injury,04 - Sideswipe,01 - Clear,01 - Daylight,01 - Dry,10 - No control,,2,1,0,0,01 - Minimal,1,1,,,,367959.9622,5030459.028,45.41121735,-75.69308053,13437
18--8818,8/25/2018,4:00 AM,CUMMINGS AVE @ WILSON ST (0007627),7627,02 - Intersection related,03 - P.D. only,07 - SMV other,01 - Clear,07 - Dark,01 - Dry,02 - Stop sign,01 - Functioning,1,0,0,0,,0,,,,,372097.713,5033813.594,45.44101452,-75.63976489,13438
18--8819,8/25/2018,5:20 PM,PRINCE OF WALES DR btwn BLAZER AVE & DEAKIN ST (__3ZA29V),__3ZA29V,01 - Non intersection,03 - P.D. only,03 - Rear end,01 - Clear,01 - Daylight,01 - Dry,10 - No control,,2,0,0,0,,0,,,,,367346.0784,5021202.164,45.32798138,-75.70209464,13439
18--882,1/15/2018,9:08 AM,WELLINGTON ST    W btwn HINTON AVE N & HAMILTON AVE N (__3ZA4QV),__3ZA4QV,01 - Non intersection,03 - P.D. only,06 - SMV unattended vehicle,01 - Clear,01 - Daylight,03 - Loose snow,10 - No control,,1,0,0,0,,0,,,,,365041.43,5029212.68,45.40026031,-75.73051594,13440
18--8820,8/25/2018,5:43 PM,UPLANDS DR @ GIBFORD DR (0009325),9325,03 - At intersection,02 - Non-fatal injury,02 - Angle,01 - Clear,01 - Daylight,01 - Dry,02 - Stop sign,01 - Functioning,2,0,1,0,03 - Major,1,,,1,,370236.5135,5022934.475,45.34330473,-75.66499592,13441
18--8821,8/25/2018,5:46 AM,GLADSTONE AVE btwn LYON ST N & KENT ST (__3ZA3P2),__3ZA3P2,01 - Non intersection,02 - Non-fatal injury,06 - SMV unattended vehicle,01 - Clear,07 - Dark,01 - Dry,10 - No control,,1,0,0,0,01 - Minimal,1,1,,,,367635.4058,5030393.036,45.41065279,-75.697235,13442
18--8822,8/25/2018,7:00 PM,CARRONBRIDGE CIR btwn CARRONBRIDGE CIR & WESTHALL WAY W (__7IFXP2),__7IFXP2,01 - Non intersection,03 - P.D. only,06 - SMV unattended vehicle,01 - Clear,01 - Daylight,02 - Wet,10 - No control,,1,0,0,0,,0,,,,,354685.167,5015691.802,45.27941221,-75.86415417,13443
18--8823,8/25/2018,7:13 PM,WEST HUNT CLUB RD @ WOODROFFE AVE (0000576),576,02 - Intersection related,02 - Non-fatal injury,03 - Rear end,01 - Clear,01 - Daylight,01 - Dry,01 - Traffic signal,01 - Functioning,2,0,0,0,02 - Minor,1,,1,,,363670.6907,5021246.489,45.32869813,-75.74897241,13444
18--8824,8/25/2018,8:00 PM,POULIN AVE @ RICHMOND RD (0002748),2748,03 - At intersection,03 - P.D. only,05 - Turning movement,01 - Clear,05 - Dusk,01 - Dry,01 - Traffic signal,01 - Functioning,2,0,0,0,,0,,,,,360325.6788,5024900.514,45.36184962,-75.79123197,13445
18--8825,8/25/2018,8:14 PM,NEW ORCHARD AVE @ RICHMOND RD (0011467),11467,02 - Intersection related,03 - P.D. only,05 - Turning movement,01 - Clear,07 - Dark,01 - Dry,01 - Traffic signal,01 - Functioning,2,0,0,0,,0,,,,,361293.6779,5026219.521,45.37364062,-75.77872591,13446
18--8826,8/25/2018,8:26 PM,CARLING AVE @ GRENON AVE (0002645),2645,02 - Intersection related,03 - P.D. only,03 - Rear end,01 - Clear,07 - Dark,01 - Dry,01 - Traffic signal,01 - Functioning,3,0,0,0,,0,,,,,359593.6659,5024350.511,45.3569583,-75.80063615,13447
18--8827,8/26/2018,1:15 AM,BLUEGRASS DR btwn SULKY WAY & SULKY WAY (__3ZABG9),__3ZABG9,01 - Non intersection,03 - P.D. only,06 - SMV unattended vehicle,02 - Rain,07 - Dark,02 - Wet,10 - No control,,1,0,0,0,,0,,,,,355069.528,5016144.164,45.28345528,-75.85920952,13448
18--8828,8/26/2018,10:37 PM,BANK ST @ WALKLEY RD (0011423),11423,02 - Intersection related,03 - P.D. only,04 - Sideswipe,01 - Clear,07 - Dark,01 - Dry,01 - Traffic signal,01 - Functioning,2,0,0,0,,0,,,,,370337.8515,5025947.734,45.37040768,-75.66330344,13449
18--8829,8/26/2018,11:07 AM,BRIDLEWOOD DR @ STONEHAVEN DR (0003692),3692,02 - Intersection related,03 - P.D. only,03 - Rear end,01 - Clear,01 - Daylight,01 - Dry,02 - Stop sign,01 - Functioning,2,0,0,0,,0,,,,,354796.0309,5016897.353,45.29025215,-75.8626197,13450
18--883,1/15/2018,9:10 AM,KILBIRNIE DR btwn ASHBOURNE CRES & CHEYENNE WAY (__51NJR7),__51NJR7,04 - At/near private drive,03 - P.D. only,02 - Angle,01 - Clear,01 - Daylight,04 - Slush,10 - No control,,2,0,0,0,,0,,,,,365241.197,5012862.184,45.25312307,-75.72996048,13451
18--8830,8/26/2018,11:10 PM,PARKDALE AVE @ HWY 417 PARKDAL IC122R15/HWY 41 (0002363),2363,03 - At intersection,02 - Non-fatal injury,02 - Angle,01 - Clear,07 - Dark,01 - Dry,01 - Traffic signal,01 - Functioning,2,0,0,0,01 - Minimal,1,1,,,,365336.6977,5028845.555,45.39693153,-75.72678979,13452
18--8831,8/26/2018,11:21 AM,WOODROFFE AVE btwn GEORGINA DR & HWY417 IC127 RAMP36 (__3ZA4L6),__3ZA4L6,01 - Non intersection,03 - P.D. only,03 - Rear end,02 - Rain,01 - Daylight,02 - Wet,10 - No control,,2,0,0,0,,0,,,,,361984.9568,5025183.259,45.36426035,-75.77002078,13453