Anom_ID,Accident_Date,Accident_Time,Location,Geo_ID,Accident_Location,Classification_of_Accident,Initial_Impact_Type,Environment_Condition,Light,Road_Surface_Condition,Traffic_Control,Traffic_Control_Condition,No__of_Vehicles,No__of_Bicycles,No__of_Motorcycles,No__of_Pedestrians,Max_Injury,No__of_Injuries,No__of_Minimal,No__of_Minor,No__of_Major,No__of_Fatal,X,Y,Latitude,Longitude,ObjectId
18--8832,8/26/2018,11:51 AM,CEDARVIEW RD btwn WEST HUNT CLUB RD & LYTLE AVE (__3ZA1XV),__3ZA1XV,01 - Non intersection,02 - Non-fatal injury,03 - Rear end,02 - Rain,01 - Daylight,02 - Wet,10 - No control,,3,0,0,0,01 - Minimal,3,3,,,,360108.114,5018649.269,45.30561803,-75.79470748,13454
18--8833,8/26/2018,12:10 PM,CAMPEAU DR/HWY 417 MARCH IC138R63 @ MARCH RD (0009710),9710,03 - At intersection,02 - Non-fatal injury,05 - Turning movement,01 - Clear,01 - Daylight,01 - Dry,01 - Traffic signal,01 - Functioning,2,0,0,0,02 - Minor,5,2,3,,,352841.625,5020476.467,45.32259414,-75.88718729,13455
18--8834,8/26/2018,12:30 PM,HIGHWAY 417 btwn HWY417 IC126 RAMP25 & HWY417 IC124 RAMP57 (__3ZA2R5),__3ZA2R5,01 - Non intersection,03 - P.D. only,99 - Other,01 - Clear,01 - Daylight,01 - Dry,10 - No control,,2,0,0,0,,0,,,,,363375.5857,5026108.896,45.37247429,-75.75216084,13456
18--8835,8/26/2018,12:37 PM,CAMBRIDGE ST @ SOMERSET ST (0006339),6339,03 - At intersection,02 - Non-fatal injury,07 - SMV other,01 - Clear,01 - Daylight,01 - Dry,02 - Stop sign,01 - Functioning,1,0,0,1,02 - Minor,1,,1,,,366898.699,5030433.567,45.41108323,-75.70664091,13457
18--8836,8/26/2018,2:07 PM,REGIONAL ROAD 174 btwn OR174 IC112 RAMP26 & OR174 IC112 RAMP61 (__3ZA2XF),__3ZA2XF,01 - Non intersection,03 - P.D. only,03 - Rear end,01 - Clear,01 - Daylight,01 - Dry,10 - No control,,2,0,0,0,,0,,,,,374933.0559,5032946.052,45.43293019,-75.60365,13458
18--8837,8/26/2018,2:24 PM,BRONSON AVE @ SOMERSET ST (0002218),2218,02 - Intersection related,03 - P.D. only,02 - Angle,01 - Clear,01 - Daylight,01 - Dry,01 - Traffic signal,01 - Functioning,2,0,0,0,,0,,,,,366967.6961,5030476.573,45.41146406,-75.70575408,13459
18--8838,8/26/2018,2:29 PM,HERON RD @ KALADAR AVE (0006960),6960,02 - Intersection related,03 - P.D. only,99 - Other,01 - Clear,01 - Daylight,01 - Dry,01 - Traffic signal,01 - Functioning,2,0,0,0,,0,,,,,369685.6236,5026804.498,45.37817726,-75.67151674,13460
18--8839,8/26/2018,2:37 PM,RIDEAU ST @ WALLER ST (0011913),11913,03 - At intersection,03 - P.D. only,02 - Angle,01 - Clear,01 - Daylight,01 - Dry,01 - Traffic signal,01 - Functioning,2,0,0,0,,0,,,,,368282.7476,5032274.584,45.4275239,-75.68872318,13461
18--884,1/15/2018,9:11 AM,HIGHWAY 417 btwn HWY417 IC115 RAMP61 & REGIONAL ROAD 174 (__3ZA2XG),__3ZA2XG,01 - Non intersection,03 - P.D. only,03 - Rear end,01 - Clear,01 - Daylight,02 - Wet,10 - No control,,2,0,0,0,,0,,,,,373224.6483,5031705.226,45.4219351,-75.62565445,13462
18--8840,8/26/2018,2:48 PM,GRANT CARMAN DR btwn MEADOWLANDS DR E & FAMILY BROWN LANE (__3ZAASB),__3ZAASB,01 - Non intersection,02 - Non-fatal injury,07 - SMV other,01 - Clear,01 - Daylight,01 - Dry,10 - No control,,1,0,0,1,02 - Minor,1,,1,,,365107.115,5023818.333,45.3517173,-75.73033576,13463
18--8841,8/26/2018,3:16 PM,FALLOWFIELD RD @ GREENBANK RD (0000549),549,02 - Intersection related,03 - P.D. only,03 - Rear end,01 - Clear,01 - Daylight,01 - Dry,01 - Traffic signal,01 - Functioning,3,0,0,0,,0,,,,,363080.7001,5016732.508,45.28813066,-75.75702927,13464
18--8842,8/26/2018,3:37 PM,VIEWMOUNT DR @ MERIVALE RD (0001528),1528,02 - Intersection related,03 - P.D. only,04 - Sideswipe,02 - Rain,01 - Daylight,02 - Wet,01 - Traffic signal,00 - Unknown,2,0,0,0,,0,,,,,365193.7743,5022948.642,45.34388449,-75.72933608,13465
18--8843,8/26/2018,5:30 PM,AIRPORT PKWY btwn RAMP & TO BE DETERMINED (__3ZA222),__3ZA222,01 - Non intersection,03 - P.D. only,03 - Rear end,01 - Clear,01 - Daylight,01 - Dry,10 - No control,,2,0,0,0,,0,,,,,369890.3457,5025736.903,45.36855239,-75.66904375,13466
18--8844,8/26/2018,6:43 PM,REGIONAL ROAD 174 btwn OR174 IC112 RAMP26 & OR174 IC112 RAMP61 (__3ZA2XF),__3ZA2XF,01 - Non intersection,03 - P.D. only,04 - Sideswipe,01 - Clear,01 - Daylight,01 - Dry,10 - No control,,2,0,0,0,,0,,,,,374893.1704,5032916.08,45.43266451,-75.60416397,13467
18--8845,8/26/2018,6:53 AM,QUEEN MARY ST @ VANIER PKWY (0007648),7648,02 - Intersection related,02 - Non-fatal injury,05 - Turning movement,01 - Clear,01 - Daylight,02 - Wet,01 - Traffic signal,01 - Functioning,2,0,0,0,02 - Minor,2,,2,,,370363.7104,5031957.585,45.4244797,-75.66217456,13468
18--8846,8/26/2018,6:57 AM,DALEWOOD CRES btwn WEST RIDGE DR & BARRACKS WAY (__6R1U1F),__6R1U1F,01 - Non intersection,03 - P.D. only,07 - SMV other,01 - Clear,01 - Daylight,01 - Dry,10 - No control,,1,0,0,0,,0,,,,,350561.9011,5011670.928,45.24351148,-75.91707762,13469
18--8847,8/26/2018,8:07 PM,BASELINE RD @ MERIVALE RD (0002342),2342,02 - Intersection related,03 - P.D. only,04 - Sideswipe,01 - Clear,05 - Dusk,01 - Dry,01 - Traffic signal,01 - Functioning,2,0,0,0,,0,,,,,365054.6966,5025325.515,45.3652832,-75.73082096,13470
18--8848,8/26/2018,8:13 PM,BANK ST @ RIVERSIDE DR S (0002704),2704,02 - Intersection related,02 - Non-fatal injury,03 - Rear end,01 - Clear,05 - Dusk,01 - Dry,01 - Traffic signal,01 - Functioning,2,0,0,0,01 - Minimal,1,1,,,,369304.7167,5027894.553,45.38802041,-75.67623736,13471
18--8849,8/26/2018,8:43 PM,WALKLEY RD @ GLENHAVEN PRIV (0011424),11424,03 - At intersection,02 - Non-fatal injury,05 - Turning movement,01 - Clear,07 - Dark,01 - Dry,01 - Traffic signal,01 - Functioning,2,0,0,0,02 - Minor,2,,2,,,370213.2032,5025873.558,45.36975191,-75.66490443,13472
18--885,1/15/2018,9:12 AM,FRANKTOWN RD btwn MATILDA GT & WOOD'S RD (__3ZA3E8),__3ZA3E8,01 - Non intersection,03 - P.D. only,03 - Rear end,01 - Clear,01 - Daylight,02 - Wet,10 - No control,,2,0,0,0,,0,,,,,349218.7932,4999441.639,45.13355239,-75.93527474,13473
18--8850,8/26/2018,9:48 PM,HAZELDEAN RD @ TERRY FOX DR (0003682),3682,02 - Intersection related,02 - Non-fatal injury,05 - Turning movement,01 - Clear,07 - Dark,01 - Dry,01 - Traffic signal,01 - Functioning,2,0,0,0,01 - Minimal,2,2,,,,352207.6111,5017242.452,45.29353682,-75.8955836,13474
18--8851,8/26/2018,9:49 AM,CARP RD @ MARCH RD (0001689),1689,03 - At intersection,03 - P.D. only,07 - SMV other,01 - Clear,01 - Daylight,01 - Dry,01 - Traffic signal,01 - Functioning,1,0,0,0,,0,,,,,342164.5713,5021732.545,45.33454635,-76.02328218,13475
18--8852,8/27/2018,1:27 PM,MAITLAND AVE/GLENMOUNT AVE @ ERINDALE DR (0002724),2724,03 - At intersection,03 - P.D. only,03 - Rear end,01 - Clear,01 - Daylight,01 - Dry,01 - Traffic signal,01 - Functioning,2,0,0,0,,0,,,,,363697.6909,5025211.514,45.36437277,-75.74815583,13476
18--8853,8/27/2018,10:50 AM,HIGHWAY 416 btwn HWY416 IC66 RAMP62 & HWY416 IC72 RAMP24 (__3ZAZMZ),__3ZAZMZ,01 - Non intersection,03 - P.D. only,04 - Sideswipe,01 - Clear,01 - Daylight,01 - Dry,10 - No control,,2,0,0,0,,0,,,,,359513.2687,5015685.772,45.27899879,-75.80261931,13477
18--8854,8/27/2018,11:03 PM,MALAKOFF RD btwn TURN LANE & PADEN RD (__3ZAAZO),__3ZAAZO,01 - Non intersection,03 - P.D. only,07 - SMV other,01 - Clear,07 - Dark,01 - Dry,10 - No control,,1,0,0,0,,0,,,,,366399.8796,4991399.653,45.05989982,-75.71784645,13478
18--8855,8/27/2018,11:28 AM,PARKGLEN DR @ WOODROFFE AVE (0001099),1099,02 - Intersection related,02 - Non-fatal injury,03 - Rear end,01 - Clear,01 - Daylight,01 - Dry,02 - Stop sign,01 - Functioning,2,0,0,0,01 - Minimal,1,1,,,,362888.6872,5023126.513,45.34567963,-75.75872708,13479
18--8856,8/27/2018,11:38 AM,AVIATION PKWY @ MONTREAL RD (0008799),8799,02 - Intersection related,03 - P.D. only,03 - Rear end,01 - Clear,01 - Daylight,01 - Dry,01 - Traffic signal,01 - Functioning,2,0,0,0,,0,,,,,372146.7054,5034108.541,45.44366359,-75.63909835,13480
18--8857,8/27/2018,11:41 AM,CLYDE AVE @ MAITLAND AVE (0003214),3214,02 - Intersection related,03 - P.D. only,03 - Rear end,01 - Clear,01 - Daylight,01 - Dry,03 - Yield sign,01 - Functioning,4,0,0,0,,0,,,,,364249.693,5025140.517,45.36368735,-75.74111854,13481
18--8858,8/27/2018,Unknown,BANK ST @ FIRST AVE (0007233),7233,02 - Intersection related,03 - P.D. only,03 - Rear end,01 - Clear,00 - Unknown,01 - Dry,01 - Traffic signal,01 - Functioning,2,0,0,0,,0,,,,,368273.7096,5029703.567,45.40439157,-75.68916982,13482
18--8859,8/27/2018,12:02 PM,CARLING AVE @ CHURCHILL AVE (0002149),2149,02 - Intersection related,03 - P.D. only,04 - Sideswipe,01 - Clear,01 - Daylight,01 - Dry,01 - Traffic signal,01 - Functioning,2,0,0,0,,0,,,,,363775.6951,5027013.538,45.38058057,-75.74694501,13483
18--886,1/15/2018,9:23 AM,INNES RD/BEATON RD @ DUNNING RD (0004206),4206,03 - At intersection,03 - P.D. only,02 - Angle,03 - Snow,01 - Daylight,06 - Ice,02 - Stop sign,01 - Functioning,2,0,0,0,,0,,,,,391641.7215,5039326.763,45.48846099,-75.38901091,13484
18--8860,8/27/2018,12:24 PM,HIGHWAY 417 btwn HWY417 IC124 RAMP55 & HWY417 IC124 RAMP65 (__3ZAZPV),__3ZAZPV,01 - Non intersection,02 - Non-fatal injury,03 - Rear end,01 - Clear,01 - Daylight,01 - Dry,10 - No control,,2,0,0,0,02 - Minor,1,,1,,,364467.7581,5027556.422,45.38540674,-75.73804329,13485
18--8861,8/27/2018,12:25 PM,HIGHWAY 417 btwn HWY417 IC124 RAMP55 & HWY417 IC124 RAMP65 (__3ZAZPV),__3ZAZPV,01 - Non intersection,02 - Non-fatal injury,03 - Rear end,01 - Clear,01 - Daylight,01 - Dry,10 - No control,,3,0,0,0,02 - Minor,3,,3,,,364567.6862,5027691.501,45.38661364,-75.73675096,13486
18--8862,8/27/2018,3:00 PM,CATHERINE ST @ KENT ST (0002707),2707,02 - Intersection related,03 - P.D. only,04 - Sideswipe,01 - Clear,01 - Daylight,01 - Dry,01 - Traffic signal,01 - Functioning,2,0,0,0,,0,,,,,367907.707,5030188.565,45.40878852,-75.69378269,13487
18--8863,8/27/2018,3:16 PM,LANTHIER DR btwn INNES RD & NO NAME (__3ZA47E),__3ZA47E,01 - Non intersection,03 - P.D. only,05 - Turning movement,01 - Clear,01 - Daylight,01 - Dry,10 - No control,,2,0,0,0,,0,,,,,383570.4426,5035919.302,45.45876135,-75.49279832,13488
18--8864,8/27/2018,3:43 PM,RAMP btwn REGIONAL ROAD 174 & TRIM RD (__3ZAY79),__3ZAY79,01 - Non intersection,03 - P.D. only,03 - Rear end,01 - Clear,01 - Daylight,01 - Dry,10 - No control,,2,0,0,0,,0,,,,,384438.145,5039800.095,45.49357867,-75.48107604,13489
18--8865,8/27/2018,3:50 PM,HIGHWAY 417 btwn HWY417 IC121A RAMP61 & HWY417 IC120B RAMP36 (__3ZA2YV),__3ZA2YV,01 - Non intersection,03 - P.D. only,04 - Sideswipe,01 - Clear,01 - Daylight,01 - Dry,10 - No control,,2,0,0,0,,0,,,,,367572.3358,5029902.483,45.4062446,-75.69810315,13490
18--8866,8/27/2018,3:54 PM,LEITRIM RD btwn FENTON RD & BANK ST (__3ZA3SF),__3ZA3SF,01 - Non intersection,03 - P.D. only,07 - SMV other,01 - Clear,01 - Daylight,01 - Dry,10 - No control,,1,0,0,0,,0,,,,,374123.772,5020829.705,45.32399342,-75.61569305,13491
18--8867,8/27/2018,4:15 PM,HIGHWAY 417 btwn HWY417 IC123 RAMP62 & HWY417 IC122 RAMP16 (__3ZA2R9),__3ZA2R9,01 - Non intersection,03 - P.D. only,03 - Rear end,01 - Clear,01 - Daylight,01 - Dry,10 - No control,,2,0,0,0,,0,,,,,364854.9361,5028215.168,45.39130092,-75.73301931,13492
18--8868,8/27/2018,4:15 PM,HIGHWAY 417 btwn HWY417 IC118 RAMP76 & HWY417 IC118 RAMP67 (__3ZA2YR),__3ZA2YR,01 - Non intersection,03 - P.D. only,04 - Sideswipe,01 - Clear,01 - Daylight,01 - Dry,10 - No control,,2,0,0,0,,0,,,,,369357.4591,5030991.859,45.41588405,-75.67515843,13493
18--8869,8/27/2018,4:25 PM,BOOTH ST btwn SOMERSET ST W & ECCLES ST (__3ZBODL),__3ZBODL,01 - Non intersection,03 - P.D. only,07 - SMV other,01 - Clear,01 - Daylight,01 - Dry,10 - No control,,1,0,0,0,,0,,,,,366597.1512,5030244.807,45.40941151,-75.71051671,13494
18--887,1/15/2018,9:25 AM,TERRY FOX DR @ PALLADIUM DR/KATIMAVIK RD (0011858),11858,02 - Intersection related,03 - P.D. only,03 - Rear end,01 - Clear,01 - Daylight,01 - Dry,01 - Traffic signal,01 - Functioning,2,0,0,0,,0,,,,,351269.7177,5018181.775,45.30205175,-75.90745245,13495
18--8870,8/27/2018,4:30 PM,TERRY FOX DR btwn CASTLEFRANK RD & TRANS CANADA TRAIL (__355BDZA),__355BDZA,01 - Non intersection,03 - P.D. only,03 - Rear end,01 - Clear,01 - Daylight,01 - Dry,10 - No control,,2,0,0,0,,0,,,,,353026.8396,5016266.32,45.28469759,-75.88523445,13496
18--8871,8/27/2018,4:39 PM,DES EPINETTES AVE @ JEANNE D'ARC BLVD (0004221),4221,03 - At intersection,02 - Non-fatal injury,05 - Turning movement,01 - Clear,01 - Daylight,01 - Dry,01 - Traffic signal,01 - Functioning,2,0,0,0,02 - Minor,1,,1,,,382226.7481,5035958.572,45.45926486,-75.50997074,13497
18--8872,8/27/2018,5:16 PM,ROBERTSON RD btwn MOODIE DR & VANIER RD (__3ZBOCN),__3ZBOCN,04 - At/near private drive,03 - P.D. only,02 - Angle,01 - Clear,01 - Daylight,01 - Dry,10 - No control,,2,0,0,0,,0,,,,,357349.4888,5020619.099,45.32355458,-75.82967422,13498
18--8873,8/27/2018,5:19 PM,KING EDWARD AVE @ SOMERSET ST/MARIE CURIE PRIV (0001696),1696,02 - Intersection related,03 - P.D. only,03 - Rear end,01 - Clear,01 - Daylight,01 - Dry,01 - Traffic signal,01 - Functioning,2,0,0,0,,0,,,,,368957.7104,5031673.578,45.42205468,-75.68017667,13499
18--8874,8/27/2018,5:30 PM,HIGHWAY 417 btwn HWY417 IC112 RAMP55 & HIGHWAY 417 (__3ZAZPP),__3ZAZPP,01 - Non intersection,03 - P.D. only,07 - SMV other,01 - Clear,01 - Daylight,01 - Dry,10 - No control,,1,0,0,0,,0,,,,,375062.5391,5030616.853,45.41196033,-75.60232752,13500
18--8875,8/27/2018,5:38 PM,MEADOWLANDS DR @ MERIVALE RD (0000625),625,02 - Intersection related,02 - Non-fatal injury,03 - Rear end,01 - Clear,01 - Daylight,01 - Dry,01 - Traffic signal,01 - Functioning,2,0,0,0,01 - Minimal,1,1,,,,364858.6998,5023725.511,45.35090342,-75.73351713,13501
18--8876,8/27/2018,6:04 AM,MARCH RD btwn JACOB'S GT & BEARHILL RD (__3ZA2Q0),__3ZA2Q0,01 - Non intersection,03 - P.D. only,07 - SMV other,"07 - Fog, mist, smoke, dust",03 - Dawn,01 - Dry,10 - No control,,1,0,0,0,,0,,,,,337697.0369,5017617.923,45.29774467,-76.08055305,13502
18--8877,8/27/2018,6:10 AM,SHEA RD btwn FERNBANK RD & FLEWELLYN RD (__3ZABGL),__3ZABGL,01 - Non intersection,03 - P.D. only,07 - SMV other,01 - Clear,03 - Dawn,01 - Dry,10 - No control,,1,0,0,0,,0,,,,,352926.8591,5012251.178,45.24857504,-75.88689793,13503
18--8878,8/27/2018,6:49 PM,LEES AVE btwn HWY417 IC118 RAMP45 & TRANSIT (__3ZA3CM),__3ZA3CM,04 - At/near private drive,02 - Non-fatal injury,05 - Turning movement,01 - Clear,01 - Daylight,01 - Dry,10 - No control,,2,1,0,0,02 - Minor,1,,1,,,369642.9901,5030942.768,45.41541594,-75.67151708,13504
18--8879,8/27/2018,7:24 PM,MONTREAL RD btwn NORTH RIVER RD & MONTGOMERY ST (__3ZA3XR),__3ZA3XR,01 - Non intersection,03 - P.D. only,04 - Sideswipe,01 - Clear,01 - Daylight,01 - Dry,10 - No control,,2,0,0,0,,0,,,,,369786.3275,5032905.787,45.43306512,-75.66942691,13505
18--888,1/15/2018,9:30 AM,HIGHWAY 417 btwn HWY417 IC110 RAMP64 & HWY417 IC104 RAMP16 (__3ZA2W9),__3ZA2W9,01 - Non intersection,03 - P.D. only,07 - SMV other,01 - Clear,01 - Daylight,01 - Dry,10 - No control,,1,0,0,0,,0,,,,,376548.7529,5027552.102,45.38423462,-75.58378789,13506
18--8880,8/27/2018,8:00 AM,LANCASTER RD @ WALKLEY RD (0003130),3130,02 - Intersection related,03 - P.D. only,04 - Sideswipe,01 - Clear,01 - Daylight,01 - Dry,01 - Traffic signal,01 - Functioning,2,0,0,0,,0,,,,,374908.7406,5028602.541,45.39385201,-75.60457857,13507
18--8881,8/27/2018,8:12 AM,BROPHY DR btwn EAGLESON RD & FOURTH LINE RD (__3ZA4ZO),__3ZA4ZO,01 - Non intersection,03 - P.D. only,07 - SMV other,01 - Clear,01 - Daylight,01 - Dry,10 - No control,,1,0,0,0,,0,,,,,360357.9369,5005454.962,45.18687397,-75.79299631,13508
18--8882,8/27/2018,8:28 PM,MERIVALE RD @ BENTLEY AVE/CAMELOT DR (0009792),9792,03 - At intersection,03 - P.D. only,04 - Sideswipe,01 - Clear,05 - Dusk,01 - Dry,01 - Traffic signal,01 - Functioning,2,0,0,0,,0,,,,,365771.9864,5021559.231,45.33133274,-75.7221296,13509
18--8883,8/27/2018,8:30 AM,HWY417 IC117 RAMP51 btwn HIGHWAY 417 & HWY417 IC117 RAMP53 (__3ZAY9J),__3ZAY9J,01 - Non intersection,03 - P.D. only,07 - SMV other,01 - Clear,01 - Daylight,01 - Dry,10 - No control,,1,0,0,0,,0,,,,,370564.2948,5031127.927,45.41699595,-75.65972235,13510
18--8884,8/27/2018,8:34 AM,BESSERER ST @ WALLER ST (0008859),8859,03 - At intersection,03 - P.D. only,05 - Turning movement,01 - Clear,01 - Daylight,01 - Dry,01 - Traffic signal,01 - Functioning,2,0,0,0,,0,,,,,368315.9334,5032191.978,45.42677762,-75.68830978,13511
18--8885,8/27/2018,8:42 AM,INDUSTRIAL AVE @ TRAINYARDS DR (0011906),11906,03 - At intersection,03 - P.D. only,07 - SMV other,01 - Clear,01 - Daylight,01 - Dry,01 - Traffic signal,01 - Functioning,1,0,0,0,,0,,,,,371685.9544,5030539.479,45.41159502,-75.64547223,13512
18--8886,8/27/2018,8:52 AM,MERIVALE RD @ BENTLEY AVE/CAMELOT DR (0009792),9792,02 - Intersection related,03 - P.D. only,99 - Other,01 - Clear,01 - Daylight,01 - Dry,01 - Traffic signal,01 - Functioning,2,0,0,0,,0,,,,,365771.987,5021559.231,45.33133274,-75.72212959,13513
18--8887,8/28/2018,1:04 PM,HAWTHORNE RD btwn STEVENAGE DR & HUNT CLUB RD (__3ZA2E8),__3ZA2E8,04 - At/near private drive,03 - P.D. only,02 - Angle,01 - Clear,01 - Daylight,01 - Dry,10 - No control,,2,0,0,0,,0,,,,,375171.5954,5027228.958,45.38146683,-75.60141769,13514
18--8888,8/28/2018,1:19 PM,ALERT RD/AIRPORT PKWY/UPLANDS DR RAMP 62 @ LES (0003652),3652,02 - Intersection related,03 - P.D. only,05 - Turning movement,01 - Clear,01 - Daylight,01 - Dry,01 - Traffic signal,01 - Functioning,2,0,0,0,,0,,,,,371306.7075,5021353.781,45.32898147,-75.65155361,13515
18--8889,8/28/2018,1:29 AM,BRONSON AVE @ SUNNYSIDE AVE/UNIVERSITY RD - CA (0007209),7209,02 - Intersection related,03 - P.D. only,07 - SMV other,01 - Clear,07 - Dark,01 - Dry,01 - Traffic signal,01 - Functioning,1,0,0,0,,0,,,,,367922.7108,5028091.547,45.38991882,-75.6938594,13516
18--889,1/15/2018,9:41 AM,HWY417 IC118 RAMP35 btwn HWY417 IC118 RAMP45 & MANN AVE OVERPASS (__3ZAYAW),__3ZAYAW,01 - Non intersection,03 - P.D. only,04 - Sideswipe,01 - Clear,01 - Daylight,02 - Wet,10 - No control,,3,0,0,0,,0,,,,,369423.8164,5031102.117,45.41686998,-75.67429622,13517
18--8890,8/28/2018,10:21 AM,CATHERINE ST @ LYON ST/HWY 417 LYON IC120BR36 (0002254),2254,03 - At intersection,03 - P.D. only,02 - Angle,01 - Clear,01 - Daylight,01 - Dry,01 - Traffic signal,01 - Functioning,2,0,0,0,,0,,,,,367747.7066,5030092.565,45.40793915,-75.69583879,13518
18--8891,8/28/2018,10:33 PM,MERIVALE RD/LOTTA AVE @ CLYDE AVE (0001112),1112,03 - At intersection,03 - P.D. only,04 - Sideswipe,01 - Clear,07 - Dark,01 - Dry,01 - Traffic signal,01 - Functioning,2,0,0,0,,0,,,,,364521.6981,5024507.526,45.35796867,-75.73772317,13519
18--9432,9/13/2018,10:12 PM,KALADAR AVE btwn GREGG ST & BROOKFIELD RD (__3ZA9YR),__3ZA9YR,01 - Non intersection,03 - P.D. only,06 - SMV unattended vehicle,01 - Clear,07 - Dark,01 - Dry,10 - No control,,1,0,0,0,,0,,,,,369705.1709,5026641.639,45.3767101,-75.67128859,13520
18--9252,9/8/2018,Unknown,KELTIE PRIV btwn DEERCROFT AVE & ELITE PRIV (2) (__5Z2MVX),__5Z2MVX,01 - Non intersection,03 - P.D. only,06 - SMV unattended vehicle,01 - Clear,00 - Unknown,01 - Dry,10 - No control,,1,0,0,0,,0,,,,,364360.1147,5015203.555,45.2742659,-75.74090402,13521
18--89,1/2/2018,2:01 PM,MERIVALE RD btwn CLYDE AVE & GILBEY DR (__3ZA4HD),__3ZA4HD,01 - Non intersection,03 - P.D. only,03 - Rear end,03 - Snow,01 - Daylight,06 - Ice,10 - No control,,2,0,0,0,,0,,,,,364570.612,5024538.051,45.35823916,-75.73709521,13522
18--9172,9/6/2018,Unknown,BEECH ST btwn PRESTON ST & ROCHESTER ST (__3ZA05Q),__3ZA05Q,01 - Non intersection,03 - P.D. only,06 - SMV unattended vehicle,01 - Clear,00 - Unknown,01 - Dry,10 - No control,,1,0,0,0,,0,,,,,366815.5915,5029325.265,45.40111841,-75.70784197,13523
18--9433,9/13/2018,10:55 PM,RICHMOND RD @ STEEPLE HILL CRES N (0000596),596,02 - Intersection related,03 - P.D. only,03 - Rear end,01 - Clear,07 - Dark,01 - Dry,02 - Stop sign,01 - Functioning,2,0,0,0,,0,,,,,357391.6206,5014373.437,45.26735208,-75.82979916,13524
18--9253,9/8/2018,Unknown,KENILWORTH ST @ REID AVE (0006384),6384,02 - Intersection related,03 - P.D. only,06 - SMV unattended vehicle,01 - Clear,00 - Unknown,01 - Dry,02 - Stop sign,01 - Functioning,1,0,0,0,,0,,,,,365741.6987,5028723.553,45.39579865,-75.72163243,13525
18--890,1/15/2018,9:42 AM,CARLING AVE btwn DEFENSE  RESEARCH COMPLEX & RIFLE RD (__3ZA4Z6B),__3ZA4Z6B,01 - Non intersection,03 - P.D. only,07 - SMV other,01 - Clear,01 - Daylight,02 - Wet,10 - No control,,1,0,0,0,,0,,,,,353638.7215,5023156.313,45.34665283,-75.87675578,13526
18--9173,9/6/2018,Unknown,THORNTON AVE btwn RALPH ST & MONK ST (__3ZA9NR),__3ZA9NR,01 - Non intersection,03 - P.D. only,06 - SMV unattended vehicle,01 - Clear,00 - Unknown,01 - Dry,10 - No control,,1,0,0,0,,0,,,,,368230.2141,5029214.257,45.39999285,-75.68978832,13527
18--9434,9/13/2018,10:57 AM,HILLSDALE RD btwn LANSDOWNE RD N & SANDRIDGE RD (__3ZA84F),__3ZA84F,01 - Non intersection,02 - Non-fatal injury,06 - SMV unattended vehicle,01 - Clear,01 - Daylight,01 - Dry,10 - No control,,1,0,0,2,01 - Minimal,2,2,,,,369690.6023,5035185.81,45.4535887,-75.67034956,13528
18--9254,9/8/2018,Unknown,ALTHA AVE @ PATTON ST (0009994),9994,02 - Intersection related,03 - P.D. only,06 - SMV unattended vehicle,01 - Clear,00 - Unknown,01 - Dry,02 - Stop sign,01 - Functioning,1,0,0,0,,0,,,,,370667.7104,5033279.593,45.436346,-75.65811339,13529
18--8900,8/28/2018,4:05 PM,MONTREAL RD btwn BLAIR RD & CLOVELLY RD (__3ZA2D1),__3ZA2D1,01 - Non intersection,02 - Non-fatal injury,07 - SMV other,01 - Clear,01 - Daylight,01 - Dry,10 - No control,,1,0,0,0,01 - Minimal,1,1,,,,374036.1197,5034437.515,45.44643894,-75.61490229,13530
18--9174,9/6/2018,12:26 PM,HWY 417 WOODROFF IC127R35 @ WOODROFFE AVE (0002137),2137,02 - Intersection related,03 - P.D. only,03 - Rear end,01 - Clear,01 - Daylight,01 - Dry,10 - No control,,3,0,0,0,,0,,,,,362149.6966,5024771.521,45.36054211,-75.7679658,13531
18--9435,9/13/2018,11:22 PM,RICHMOND RD @ STEEPLE HILL CRES N (0000596),596,02 - Intersection related,03 - P.D. only,04 - Sideswipe,01 - Clear,07 - Dark,01 - Dry,02 - Stop sign,00 - Unknown,2,0,0,0,,0,,,,,357391.6174,5014373.489,45.26735255,-75.82979919,13532
18--9255,9/8/2018,Unknown,HOLLAND AVE btwn KENILWORTH ST & RUSKIN ST (__3ZA4OY),__3ZA4OY,01 - Non intersection,03 - P.D. only,06 - SMV unattended vehicle,01 - Clear,00 - Unknown,01 - Dry,10 - No control,,1,0,0,0,,0,,,,,365235.6776,5028449.429,45.393376,-75.72812849,13533
18--9256,9/8/2018,12:00 PM,VICTORIA ST btwn HUME ST & DERBY ST (__3ZA200),__3ZA200,01 - Non intersection,03 - P.D. only,07 - SMV other,01 - Clear,01 - Daylight,01 - Dry,10 - No control,,1,0,0,0,,0,,,,,385251.4985,5011045.233,45.23477207,-75.47535286,13534
18--9257,9/8/2018,12:20 PM,MONTREAL RD btwn CENTER ST & BRITTANY DR (__3ZA3A1),__3ZA3A1,01 - Non intersection,03 - P.D. only,03 - Rear end,01 - Clear,01 - Daylight,01 - Dry,10 - No control,,3,0,0,0,,0,,,,,371900.3513,5033988.641,45.44260848,-75.64226352,13535
18--9258,9/8/2018,12:31 PM,HUNT CLUB RD @ HWY417 HUNT CLUB IC109 RAMP52 (0017210),17210,02 - Intersection related,03 - P.D. only,03 - Rear end,01 - Clear,01 - Daylight,01 - Dry,02 - Stop sign,01 - Functioning,2,0,0,0,,0,,,,,376416.5641,5027444.644,45.38328129,-75.58549128,13536