Anom_ID,Accident_Date,Accident_Time,Location,Geo_ID,Accident_Location,Classification_of_Accident,Initial_Impact_Type,Environment_Condition,Light,Road_Surface_Condition,Traffic_Control,Traffic_Control_Condition,No__of_Vehicles,No__of_Bicycles,No__of_Motorcycles,No__of_Pedestrians,Max_Injury,No__of_Injuries,No__of_Minimal,No__of_Minor,No__of_Major,No__of_Fatal,X,Y,Latitude,Longitude,ObjectId
18--9259,9/8/2018,2:09 PM,PARKDALE AVE/SPENCER ST @ OXFORD ST (0005645),5645,03 - At intersection,02 - Non-fatal injury,02 - Angle,01 - Clear,01 - Daylight,01 - Dry,02 - Stop sign,01 - Functioning,2,0,0,0,01 - Minimal,1,1,,,,365059.6948,5029474.566,45.40261513,-75.73025066,13537
18--926,1/16/2018,8:10 AM,PRESTON ST @ SIDNEY ST (0011959),11959,02 - Intersection related,03 - P.D. only,05 - Turning movement,03 - Snow,01 - Daylight,03 - Loose snow,02 - Stop sign,01 - Functioning,2,0,0,0,,0,,,,,366808.949,5028985.339,45.39806043,-75.70796955,13538
18--9260,9/8/2018,2:14 PM,WOODROFFE AVE btwn CARLINGWOOD SC & CARLING AVE (__3ZA4NKB),__3ZA4NKB,04 - At/near private drive,03 - P.D. only,02 - Angle,01 - Clear,01 - Daylight,01 - Dry,10 - No control,,2,0,0,0,,0,,,,,361909.6257,5025886.789,45.3705968,-75.770901,13539
18--9261,9/8/2018,2:25 PM,INNES RD btwn FRANK KENNY RD & O'TOOLE RD (__3ZA3MX),__3ZA3MX,01 - Non intersection,02 - Non-fatal injury,07 - SMV other,01 - Clear,01 - Daylight,01 - Dry,10 - No control,,1,0,0,0,02 - Minor,1,,1,,,388991.8488,5038256.534,45.47915694,-75.4230888,13540
18--9262,9/8/2018,2:34 PM,CARLING AVE @ HOLLAND AVE (0002146),2146,02 - Intersection related,03 - P.D. only,04 - Sideswipe,01 - Clear,01 - Daylight,01 - Dry,01 - Traffic signal,01 - Functioning,2,0,0,0,,0,,,,,365416.6985,5028038.547,45.38966333,-75.72586722,13541
18--9263,9/8/2018,2:40 PM,GREENFIELD AVE @ HWY 417 NICHOLAS IC118R43 (0002658),2658,03 - At intersection,03 - P.D. only,05 - Turning movement,01 - Clear,01 - Daylight,01 - Dry,01 - Traffic signal,01 - Functioning,2,0,0,0,,0,,,,,369099.9496,5031195.074,45.41773621,-75.67842173,13542
18--9264,9/8/2018,3:17 PM,INNES RD btwn PRESTWICK DR & TENTH LINE RD (__3ZA3Y7),__3ZA3Y7,04 - At/near private drive,02 - Non-fatal injury,02 - Angle,01 - Clear,01 - Daylight,01 - Dry,10 - No control,,2,0,0,0,01 - Minimal,1,1,,,,383902.5533,5036139.218,45.46070243,-75.48851706,13543
18--9265,9/8/2018,3:55 PM,RIVERSIDE DR @ HERON RD (0002236),2236,03 - At intersection,03 - P.D. only,01 - Approaching,01 - Clear,01 - Daylight,01 - Dry,01 - Traffic signal,01 - Functioning,2,0,0,0,,0,,,,,368120.9445,5026647.259,45.37690563,-75.69151327,13544
18--9266,9/8/2018,3:56 PM,BAYSHORE DR btwn WOODRIDGE CRES S & BAYSHORE CS (__3ZAA4OB),__3ZAA4OB,04 - At/near private drive,03 - P.D. only,05 - Turning movement,01 - Clear,01 - Daylight,01 - Dry,10 - No control,,2,0,0,0,,0,,,,,359197.4278,5023566.414,45.34993385,-75.80577947,13545
18--9267,9/8/2018,4:00 PM,CARLING AVE @ KIRKWOOD AVE S (0002209),2209,03 - At intersection,03 - P.D. only,03 - Rear end,01 - Clear,01 - Daylight,01 - Dry,01 - Traffic signal,01 - Functioning,2,0,0,0,,0,,,,,364351.7006,5027337.55,45.38344725,-75.73955162,13546
18--9268,9/8/2018,4:03 PM,GILMOUR ST @ KENT ST (0007283),7283,02 - Intersection related,03 - P.D. only,04 - Sideswipe,01 - Clear,01 - Daylight,01 - Dry,01 - Traffic signal,01 - Functioning,2,0,0,0,,0,,,,,367615.7094,5030672.57,45.41316972,-75.69745099,13547
18--9269,9/8/2018,4:37 AM,LAFONTAINE AVE btwn FRONTENAC ST & BLAKE BLVD (__3ZA7D3),__3ZA7D3,01 - Non intersection,03 - P.D. only,03 - Rear end,01 - Clear,07 - Dark,01 - Dry,10 - No control,,4,0,0,0,,0,,,,,370936.9609,5033075.109,45.43448073,-75.65469982,13548
18--927,1/16/2018,8:12 AM,BASELINE RD @ MERIVALE RD (0002342),2342,03 - At intersection,03 - P.D. only,03 - Rear end,03 - Snow,01 - Daylight,04 - Slush,01 - Traffic signal,01 - Functioning,2,0,0,0,,0,,,,,365054.6964,5025325.515,45.3652832,-75.73082096,13549
18--9270,9/8/2018,4:37 AM,LAFONTAINE AVE btwn IBERVILLE ST & LEVIS AVE (__3ZBOW4),__3ZBOW4,01 - Non intersection,03 - P.D. only,04 - Sideswipe,01 - Clear,07 - Dark,01 - Dry,10 - No control,,3,0,0,0,,0,,,,,370904.404,5033300.069,45.4365079,-75.65508568,13550
18--9271,9/8/2018,5:30 PM,OTTAWA RIVER PKWY WB btwn RAMP & RIVER ST (__3ZA24N),__3ZA24N,01 - Non intersection,02 - Non-fatal injury,07 - SMV other,01 - Clear,01 - Daylight,01 - Dry,10 - No control,,1,0,1,0,02 - Minor,1,,1,,,364861.6894,5030385.3,45.41082672,-75.73266879,13551
18--9272,9/8/2018,5:45 PM,HUNT CLUB RD @ BRIDLE PATH DR/DAZE ST (0008214),8214,03 - At intersection,03 - P.D. only,05 - Turning movement,01 - Clear,01 - Daylight,01 - Dry,01 - Traffic signal,01 - Functioning,2,0,0,0,,0,,,,,371291.7289,5023864.504,45.35157362,-75.65140726,13552
18--9273,9/8/2018,5:55 PM,COMPASS ST/MARKINCH RD @ RENAUD RD (0014566),14566,03 - At intersection,03 - P.D. only,05 - Turning movement,01 - Clear,01 - Daylight,01 - Dry,02 - Stop sign,01 - Functioning,2,0,0,0,,0,,,,,382358.0101,5033070.714,45.43326775,-75.50874781,13553
18--9274,9/8/2018,7:37 PM,BEAUSEJOUR DR @ JEANNE D'ARC BLVD (0003636),3636,03 - At intersection,03 - P.D. only,05 - Turning movement,01 - Clear,05 - Dusk,01 - Dry,01 - Traffic signal,01 - Functioning,2,0,0,0,,0,,,,,381420.6181,5036060.527,45.46027104,-75.52026104,13554
18--9275,9/8/2018,7:39 PM,MEADOWLANDS DR btwn HOGAN ST & NESS ST (__3ZA4IQ),__3ZA4IQ,04 - At/near private drive,02 - Non-fatal injury,05 - Turning movement,01 - Clear,05 - Dusk,01 - Dry,10 - No control,,2,1,0,0,02 - Minor,1,,1,,,366392.4887,5024930.041,45.36160853,-75.71379431,13555
18--9276,9/8/2018,8:53 PM,BEECHWOOD AVE @ LANGEVIN AVE (0007708),7708,02 - Intersection related,03 - P.D. only,03 - Rear end,01 - Clear,07 - Dark,01 - Dry,02 - Stop sign,00 - Unknown,2,0,0,0,,0,,,,,369373.6476,5033749.585,45.44069551,-75.67459002,13556
18--9277,9/8/2018,9:28 PM,ANDERSON RD @ NINTH LINE RD (0004111),4111,02 - Intersection related,03 - P.D. only,07 - SMV other,01 - Clear,07 - Dark,01 - Dry,02 - Stop sign,01 - Functioning,1,0,0,0,,0,,,,,382008.6251,5021090.517,45.32551709,-75.5150859,13557
18--9278,9/9/2018,1:44 PM,AIRPORT PKWY btwn RAMP & RAMP (1) (__3ZA223),__3ZA223,01 - Non intersection,03 - P.D. only,03 - Rear end,01 - Clear,01 - Daylight,01 - Dry,10 - No control,,2,0,0,0,,0,,,,,368921.5327,5026228.409,45.37306413,-75.68134673,13558
18--9279,9/9/2018,10:44 PM,BANK ST @ HUNT CLUB RD (0002119),2119,03 - At intersection,02 - Non-fatal injury,02 - Angle,01 - Clear,07 - Dark,01 - Dry,01 - Traffic signal,01 - Functioning,2,0,0,0,02 - Minor,1,,1,,,371608.7367,5024096.506,45.35363097,-75.64733059,13559
18--928,1/16/2018,8:15 AM,BRONSON AVE @ SUNNYSIDE AVE/UNIVERSITY RD - CA (0007209),7209,03 - At intersection,03 - P.D. only,03 - Rear end,03 - Snow,01 - Daylight,03 - Loose snow,01 - Traffic signal,01 - Functioning,2,0,0,0,,0,,,,,367922.7106,5028091.547,45.38991882,-75.69385941,13560
18--9280,9/9/2018,11:07 PM,JOHNSTON RD @ LANGSTROM CRES/GARDENIA CRT (0012017),12017,03 - At intersection,02 - Non-fatal injury,05 - Turning movement,01 - Clear,07 - Dark,01 - Dry,03 - Yield sign,00 - Unknown,2,0,0,0,02 - Minor,2,,2,,,373511.6959,5026361.547,45.37382701,-75.62273129,13561
18--9281,9/9/2018,11:57 AM,CARP RD @ ROTHBOURNE RD (0002007),2007,03 - At intersection,03 - P.D. only,05 - Turning movement,01 - Clear,01 - Daylight,01 - Dry,02 - Stop sign,01 - Functioning,2,0,0,0,,0,,,,,348253.5716,5014875.436,45.2724932,-75.94619984,13562
18--9282,9/9/2018,Unknown,TERRY FOX DR btwn TERRY FOX DR & EAGLESON RD (__51NPEM),__51NPEM,01 - Non intersection,03 - P.D. only,07 - SMV other,01 - Clear,00 - Unknown,01 - Dry,10 - No control,,1,0,0,0,,0,,,,,354892.1372,5014592.472,45.26950547,-75.86162717,13563
18--9283,9/9/2018,Unknown,DUNCAN PL btwn MAITLAND AVE & END (__3ZAZ6O),__3ZAZ6O,01 - Non intersection,03 - P.D. only,06 - SMV unattended vehicle,01 - Clear,00 - Unknown,01 - Dry,10 - No control,,1,0,0,0,,0,,,,,363055.2322,5026359.383,45.37475485,-75.75622092,13564
18--9284,9/9/2018,12:09 PM,BANK ST @ RIVERSIDE DR N (0010778),10778,02 - Intersection related,02 - Non-fatal injury,03 - Rear end,01 - Clear,01 - Daylight,01 - Dry,01 - Traffic signal,00 - Unknown,2,0,0,0,01 - Minimal,1,1,,,,369225.7015,5027983.519,45.38882817,-75.67723471,13565
18--9285,9/9/2018,12:43 PM,BRONSON AVE @ CARLING AVE/GLEBE AVE (0002134),2134,03 - At intersection,02 - Non-fatal injury,07 - SMV other,01 - Clear,01 - Daylight,01 - Dry,01 - Traffic signal,01 - Functioning,1,0,0,0,01 - Minimal,1,1,,,,367447.619,5029335.636,45.40115545,-75.69976822,13566
18--9286,9/9/2018,12:52 PM,YORK ST btwn WILLIAM ST & WILLIAM ST (__3ZBOXY),__3ZBOXY,01 - Non intersection,02 - Non-fatal injury,04 - Sideswipe,01 - Clear,01 - Daylight,01 - Dry,10 - No control,,2,1,0,0,01 - Minimal,1,1,,,,367982.4475,5032350.699,45.42823594,-75.69255071,13567
18--9287,9/9/2018,2:00 PM,TERRY FOX DR @ WESTPHALIAN AVE (0014366),14366,02 - Intersection related,02 - Non-fatal injury,03 - Rear end,01 - Clear,01 - Daylight,01 - Dry,01 - Traffic signal,01 - Functioning,2,0,0,0,01 - Minimal,3,3,,,,353455.2261,5015759.789,45.28011017,-75.87982363,13568
18--9288,9/9/2018,2:30 PM,ELGIN ST @ SLATER ST (0002228),2228,02 - Intersection related,03 - P.D. only,99 - Other,01 - Clear,01 - Daylight,01 - Dry,01 - Traffic signal,01 - Functioning,2,0,0,0,,0,,,,,367890.708,5031646.575,45.42190876,-75.69381318,13569
18--9289,9/9/2018,3:14 PM,WEST HUNT CLUB RD @ ANTARES DR/LASER ST (0000116),116,02 - Intersection related,03 - P.D. only,03 - Rear end,01 - Clear,01 - Daylight,01 - Dry,01 - Traffic signal,01 - Functioning,2,0,0,0,,0,,,,,367107.7738,5022081.408,45.33591387,-75.70502374,13570
18--929,1/16/2018,8:20 AM,HIGHWAY 417 btwn Continuation of HIGHWAY 417 & HWY417 IC134 RAMP51 (__3ZA29B),__3ZA29B,01 - Non intersection,02 - Non-fatal injury,03 - Rear end,03 - Snow,01 - Daylight,04 - Slush,10 - No control,,2,0,0,0,01 - Minimal,1,1,,,,354767.5807,5021273.516,45.32963166,-75.86254111,13571
18--9290,9/9/2018,4:00 AM,FALLOWFIELD RD btwn MOODIE DR & HWY416 IC66 RAMP53 (__3ZA4Y6),__3ZA4Y6,01 - Non intersection,03 - P.D. only,07 - SMV other,01 - Clear,07 - Dark,01 - Dry,10 - No control,,1,0,0,0,,0,,,,,359550.5436,5014650.04,45.26967624,-75.80225846,13572
18--9291,9/9/2018,4:00 PM,HOLLAND AVE btwn FISHER AVE & ISLAND PARK DR (__3ZA4NG),__3ZA4NG,01 - Non intersection,03 - P.D. only,03 - Rear end,01 - Clear,01 - Daylight,01 - Dry,10 - No control,,3,0,0,0,,0,,,,,365425.0769,5027915.747,45.38855767,-75.72577531,13573
18--9292,9/9/2018,4:00 PM,KIRKWOOD AVE @ SWITZER AVE (0006225),6225,02 - Intersection related,03 - P.D. only,03 - Rear end,01 - Clear,01 - Daylight,01 - Dry,01 - Traffic signal,01 - Functioning,2,0,0,0,,0,,,,,364233.5244,5027587.556,45.3857068,-75.74103044,13574
18--9293,9/9/2018,4:11 PM,DALHOUSIE ST @ RIDEAU ST (0007646),7646,02 - Intersection related,03 - P.D. only,03 - Rear end,01 - Clear,01 - Daylight,01 - Dry,01 - Traffic signal,01 - Functioning,2,0,0,0,,0,,,,,368206.7092,5032227.581,45.42710788,-75.68970086,13575
18--9294,9/9/2018,4:32 PM,PARKDALE AVE @ GLADSTONE AVE (0002362),2362,03 - At intersection,03 - P.D. only,02 - Angle,01 - Clear,01 - Daylight,01 - Dry,01 - Traffic signal,01 - Functioning,3,0,0,0,,0,,,,,365216.7019,5029118.561,45.39939834,-75.72828887,13576
18--9295,9/9/2018,5:09 AM,MEADOWLANDS DR btwn CLAYMOR AVE & DEBRA AVE (__3ZA3GTA),__3ZA3GTA,01 - Non intersection,02 - Non-fatal injury,06 - SMV unattended vehicle,01 - Clear,07 - Dark,01 - Dry,10 - No control,,1,0,0,0,02 - Minor,1,,1,,,367203.5801,5025581.192,45.36739571,-75.70335979,13577
18--9296,9/9/2018,5:24 PM,RIDEAU ST btwn COBOURG ST & CHARLOTTE ST (__3ZA3XJ),__3ZA3XJ,01 - Non intersection,03 - P.D. only,06 - SMV unattended vehicle,01 - Clear,01 - Daylight,01 - Dry,10 - No control,,1,0,0,0,,0,,,,,369163.4423,5032808.257,45.43224519,-75.67739976,13578
18--9297,9/9/2018,5:32 PM,MCARTHUR AVE @ NORTH RIVER RD (0009202),9202,02 - Intersection related,02 - Non-fatal injury,02 - Angle,01 - Clear,01 - Daylight,01 - Dry,01 - Traffic signal,01 - Functioning,2,1,0,0,01 - Minimal,1,1,,,,369820.425,5032646.668,45.43073051,-75.66902538,13579
18--9298,9/9/2018,5:38 PM,MARQUIS AVE E @ NASKAPI DR E (0009945),9945,03 - At intersection,03 - P.D. only,99 - Other,01 - Clear,01 - Daylight,01 - Dry,02 - Stop sign,01 - Functioning,2,0,0,0,,0,,,,,375275.8217,5034648.63,45.44821453,-75.59902595,13580
18--9299,9/9/2018,5:49 PM,ANDERSON RD/WEIR RD @ RENAUD RD (0003583),3583,03 - At intersection,03 - P.D. only,02 - Angle,01 - Clear,01 - Daylight,01 - Dry,11 - Roundabout,01 - Functioning,2,0,0,0,,0,,,,,377767.7482,5031503.561,45.41966155,-75.56763906,13581
18--93,1/2/2018,2:22 PM,CARLING AVE @ ISLAND PARK DR (0010785),10785,03 - At intersection,02 - Non-fatal injury,03 - Rear end,01 - Clear,01 - Daylight,04 - Slush,01 - Traffic signal,01 - Functioning,2,0,0,0,02 - Minor,1,,1,,,365348.6996,5027997.543,45.38930026,-75.72674058,13582
18--930,1/16/2018,8:20 PM,FIFTH LINE RD btwn GREENLAND RD & BERRY SIDE RD (__3ZAC25),__3ZAC25,01 - Non intersection,03 - P.D. only,07 - SMV other,01 - Clear,07 - Dark,01 - Dry,10 - No control,,1,0,0,0,,0,,,,,346150.8149,5031394.865,45.42126669,-75.97161639,13583
18--9300,9/9/2018,6:38 PM,MAITLAND AVE btwn DUNCAN PL & LENESTER AVE (__3ZBOCE),__3ZBOCE,01 - Non intersection,02 - Non-fatal injury,07 - SMV other,01 - Clear,01 - Daylight,01 - Dry,10 - No control,,1,0,0,0,02 - Minor,1,,1,,,363013.6718,5026311.29,45.37432557,-75.75675717,13584
18--9301,9/9/2018,6:39 PM,ROCKCLIFFE PKWY btwn HILLSDALE RD & TO BE DETERMINED (__3ZA211),__3ZA211,01 - Non intersection,02 - Non-fatal injury,07 - SMV other,01 - Clear,01 - Daylight,01 - Dry,10 - No control,,1,0,1,0,03 - Major,2,,1,1,,369771.6039,5035611.074,45.45740751,-75.66925785,13585
18--9302,9/9/2018,7:25 PM,MARCH RD btwn SOLANDT RD & STATION RD (__3ZA3CD),__3ZA3CD,01 - Non intersection,03 - P.D. only,07 - SMV other,01 - Clear,05 - Dusk,01 - Dry,10 - No control,,1,0,0,0,,0,,,,,350555.6363,5022634.716,45.3421673,-75.91614599,13586
18--9303,9/9/2018,7:31 PM,CLARKE AVE btwn ST. LAURENT BLVD & CLAUDE ST (__3ZA8U2),__3ZA8U2,01 - Non intersection,02 - Non-fatal injury,01 - Approaching,01 - Clear,05 - Dusk,01 - Dry,10 - No control,,2,1,0,0,02 - Minor,1,,1,,,371839.8518,5033411.799,45.43742413,-75.64311536,13587
18--14448,12/29/2018,1:06 PM,BASELINE RD @ FISHER AVE (0002346),2346,02 - Intersection related,03 - P.D. only,04 - Sideswipe,01 - Clear,01 - Daylight,01 - Dry,01 - Traffic signal,01 - Functioning,2,0,0,0,,0,,,,,366166.5949,5026028.576,45.37151274,-75.71654105,4661
18--9305,9/9/2018,7:52 PM,BANK ST @ SNAKE ISLAND RD/VICTORIA ST (0001080),1080,03 - At intersection,03 - P.D. only,02 - Angle,01 - Clear,05 - Dusk,01 - Dry,01 - Traffic signal,01 - Functioning,2,0,0,0,,0,,,,,383696.7886,5010121.407,45.22663588,-75.49529735,13589
18--9306,9/9/2018,8:18 PM,APPLE ORCHARD RD @ STAGECOACH RD (0005294),5294,03 - At intersection,02 - Non-fatal injury,02 - Angle,01 - Clear,07 - Dark,01 - Dry,02 - Stop sign,01 - Functioning,2,0,0,0,02 - Minor,1,,1,,,376239.755,5012603.426,45.24976422,-75.58988903,13590
18--9307,9/9/2018,8:22 AM,MERIVALE RD @ BASIL MACDONALD WAY/MERIVALE MAL (0010301),10301,02 - Intersection related,03 - P.D. only,03 - Rear end,01 - Clear,01 - Daylight,01 - Dry,01 - Traffic signal,01 - Functioning,2,0,0,0,,0,,,,,365097.2824,5023171.237,45.34589567,-75.73054013,13591
18--9308,9/9/2018,8:40 AM,HUNTMAR DR btwn VENDEVALE AVE & MISTRAL WAY (__6O5XMU),__6O5XMU,01 - Non intersection,03 - P.D. only,07 - SMV other,01 - Clear,01 - Daylight,01 - Dry,10 - No control,,1,0,0,0,,0,,,,,350335.2703,5016639.44,45.28823456,-75.91950883,13592
18--9309,9/9/2018,8:51 PM,HAWTHORNE AVE @ MAIN ST (0006919),6919,03 - At intersection,03 - P.D. only,05 - Turning movement,01 - Clear,07 - Dark,01 - Dry,01 - Traffic signal,01 - Functioning,2,0,0,0,,0,,,,,368970.6687,5030632.528,45.41268649,-75.68014667,13593
18--931,1/16/2018,8:23 AM,MARCH RD btwn CARLING AVE/STATION RD & 280 S OF CARLING AVE/STATION RD (__3ZA42DA),__3ZA42DA,01 - Non intersection,03 - P.D. only,03 - Rear end,03 - Snow,01 - Daylight,04 - Slush,10 - No control,,2,0,0,0,,0,,,,,351008.5045,5022134.891,45.33764008,-75.91041426,13594
18--9310,9/9/2018,9:05 AM,DONALD B. MUNRO DR btwn PANMURE RD & THOMAS A. DOLAN PKWY (__3ZACEJ),__3ZACEJ,01 - Non intersection,03 - P.D. only,07 - SMV other,01 - Clear,01 - Daylight,01 - Dry,10 - No control,,1,0,0,0,,0,,,,,333868.5763,5023695.136,45.35259944,-76.12900919,13595
18--9311,9/9/2018,9:40 AM,HOLLAND AVE btwn SHERWOOD DR & KENILWORTH ST (__3ZA4O7),__3ZA4O7,04 - At/near private drive,03 - P.D. only,06 - SMV unattended vehicle,01 - Clear,01 - Daylight,01 - Dry,10 - No control,,1,0,0,0,,0,,,,,365161.4161,5028621.15,45.39492751,-75.72905585,13596
18--9312,9/10/2018,1:00 PM,NORICE ST btwn WOODROFFE AVE & SULLIVAN AVE (__3ZA0F0),__3ZA0F0,01 - Non intersection,03 - P.D. only,06 - SMV unattended vehicle,01 - Clear,01 - Daylight,01 - Dry,10 - No control,,1,0,0,0,,0,,,,,363239.1784,5022420.719,45.33929984,-75.7543382,13597
18--9313,9/10/2018,1:24 PM,GREENBANK RD btwn MONTEREY DR & MEADOWBANK DR (__3ZA4LG),__3ZA4LG,01 - Non intersection,03 - P.D. only,03 - Rear end,01 - Clear,01 - Daylight,01 - Dry,10 - No control,,2,0,0,0,,0,,,,,360656.432,5022446.38,45.33974112,-75.78728755,13598
18--9314,9/10/2018,10:08 AM,AVIATION PKWY @ MONTREAL RD (0008799),8799,03 - At intersection,03 - P.D. only,05 - Turning movement,01 - Clear,01 - Daylight,01 - Dry,01 - Traffic signal,01 - Functioning,2,0,0,0,,0,,,,,372146.7595,5034108.592,45.44366404,-75.63909765,13599
18--9315,9/10/2018,10:36 AM,BANK ST btwn HERON RD & ANOKA ST (__3ZA360),__3ZA360,04 - At/near private drive,03 - P.D. only,05 - Turning movement,01 - Clear,01 - Daylight,01 - Dry,10 - No control,,2,0,0,0,,0,,,,,370012.5647,5026803.499,45.37813792,-75.66734282,13600
18--9316,9/10/2018,10:37 PM,BRIDGESTONE DR/STEEPLE CHASE DR @ STONEHAVEN D (0002781),2781,03 - At intersection,03 - P.D. only,07 - SMV other,02 - Rain,07 - Dark,02 - Wet,11 - Roundabout,01 - Functioning,1,0,0,0,,0,,,,,355105.5832,5016984.49,45.29101413,-75.85866474,13601
18--9317,9/10/2018,11:00 AM,HUNT CLUB RD EB btwn HWY417 HUNT CLUB IC109 RAMP25 & HWY417 HUNT CLUB IC109 RAMP26 (e___2I6C),e___2I6C,01 - Non intersection,03 - P.D. only,07 - SMV other,01 - Clear,01 - Daylight,01 - Dry,10 - No control,,1,0,0,0,,0,,,,,376422.925,5027340.732,45.3823457,-75.58542514,13602
18--9318,9/10/2018,Unknown,ALBERNI ST btwn GLACIER ST & SUNRIDGE LANE (__3ZAA9T),__3ZAA9T,01 - Non intersection,03 - P.D. only,06 - SMV unattended vehicle,00 - Unknown,00 - Unknown,01 - Dry,10 - No control,,1,0,0,0,,0,,,,,363497.2739,5015543.622,45.27739838,-75.7518598,13603
18--9319,9/10/2018,12:20 PM,DELAWARE AVE @ QUEEN ELIZABETH DRWY (0007128),7128,02 - Intersection related,02 - Non-fatal injury,01 - Approaching,01 - Clear,01 - Daylight,01 - Dry,02 - Stop sign,01 - Functioning,2,1,0,0,01 - Minimal,1,1,,,,368805.728,5031047.617,45.41643643,-75.68219985,13604
18--932,1/16/2018,8:38 AM,RICHMOND RD @ LYNHAR RD/STAFFORD RD (0000155),155,02 - Intersection related,03 - P.D. only,04 - Sideswipe,03 - Snow,01 - Daylight,03 - Loose snow,01 - Traffic signal,01 - Functioning,2,0,0,0,,0,,,,,358137.6642,5021086.476,45.32770063,-75.81957054,13605
18--9320,9/10/2018,3:13 PM,HIGHWAY 417 btwn HIGHWAY 417 & HWY417 IC140 RAMP36 (__3ZA20M),__3ZA20M,01 - Non intersection,02 - Non-fatal injury,03 - Rear end,02 - Rain,01 - Daylight,02 - Wet,10 - No control,,2,0,0,0,01 - Minimal,1,1,,,,349397.9291,5017686.036,45.29771227,-75.93136351,13606
18--9321,9/10/2018,4:09 PM,REGIONAL ROAD 174 btwn OR174 IC101 RAMP45 & RAMP (__3ZA1ZF),__3ZA1ZF,01 - Non intersection,03 - P.D. only,04 - Sideswipe,02 - Rain,01 - Daylight,02 - Wet,10 - No control,,2,0,0,0,,0,,,,,384183.8386,5039848.96,45.49404728,-75.48432133,13607
18--9322,9/10/2018,4:38 PM,LEITRIM RD btwn FENTON RD & BANK ST (__3ZA3SF),__3ZA3SF,01 - Non intersection,03 - P.D. only,03 - Rear end,02 - Rain,01 - Daylight,02 - Wet,10 - No control,,4,0,0,0,,0,,,,,375220.7028,5021481.643,45.32975011,-75.60160939,13608
18--9323,9/10/2018,4:47 PM,BYRON AVE @ HOLLAND AVE (0005636),5636,03 - At intersection,02 - Non-fatal injury,05 - Turning movement,02 - Rain,01 - Daylight,02 - Wet,02 - Stop sign,01 - Functioning,2,0,0,0,02 - Minor,2,,2,,,365014.7606,5028958.492,45.39797547,-75.7308876,13609
18--9324,9/10/2018,5:20 PM,BASELINE RD @ CENTREPOINTE DR W/COBDEN RD (0002108),2108,02 - Intersection related,03 - P.D. only,03 - Rear end,02 - Rain,01 - Daylight,02 - Wet,01 - Traffic signal,01 - Functioning,2,0,0,0,,0,,,,,361633.681,5023207.548,45.34651159,-75.77473167,13610
18--9325,9/10/2018,5:22 PM,CARLING AVE btwn MARCH RD & SCHNEIDER RD (__3ZA42E),__3ZA42E,01 - Non intersection,03 - P.D. only,03 - Rear end,02 - Rain,01 - Daylight,02 - Wet,10 - No control,,2,0,0,0,,0,,,,,351043.2812,5022235.58,45.33854381,-75.90996115,13611
18--9326,9/10/2018,5:24 PM,BASELINE RD @ MERIVALE RD (0002342),2342,02 - Intersection related,03 - P.D. only,03 - Rear end,02 - Rain,01 - Daylight,02 - Wet,01 - Traffic signal,01 - Functioning,3,0,0,0,,0,,,,,365054.705,5025325.528,45.36528332,-75.73082085,13612
18--9327,9/10/2018,5:33 PM,GILCHRIST ST @ SCOTT ST (0006128),6128,02 - Intersection related,03 - P.D. only,04 - Sideswipe,01 - Clear,01 - Daylight,01 - Dry,02 - Stop sign,01 - Functioning,2,0,0,0,,0,,,,,364281.6881,5029316.56,45.40125996,-75.74020699,13613
18--9328,9/10/2018,5:45 PM,JOCKVALE RD btwn BLACKLEAF DR & GOLFLINKS DR (__6ZT2B4),__6ZT2B4,01 - Non intersection,03 - P.D. only,07 - SMV other,02 - Rain,01 - Daylight,02 - Wet,10 - No control,,1,0,0,0,,0,,,,,365665.4096,5012786.625,45.25240663,-75.72456563,13614
18--9329,9/10/2018,5:58 PM,EARL ARMSTRONG RD @ RIVER RD (0012470),12470,02 - Intersection related,02 - Non-fatal injury,03 - Rear end,02 - Rain,01 - Daylight,02 - Wet,01 - Traffic signal,01 - Functioning,2,0,0,0,02 - Minor,1,,1,,,367572.7463,5014684.41,45.26931522,-75.70002844,13615
18--933,1/16/2018,8:45 AM,FISHER AVE @ KINTYRE PRIV (0002340),2340,02 - Intersection related,03 - P.D. only,03 - Rear end,03 - Snow,01 - Daylight,03 - Loose snow,01 - Traffic signal,01 - Functioning,2,0,0,0,,0,,,,,366496.7085,5025235.516,45.36434797,-75.71242597,13616
18--9330,9/10/2018,6:02 PM,BRONSON AVE @ HOLMWOOD AVE (0007215),7215,02 - Intersection related,03 - P.D. only,03 - Rear end,02 - Rain,01 - Daylight,02 - Wet,01 - Traffic signal,01 - Functioning,3,0,0,0,,0,,,,,367700.7578,5028729.352,45.39567758,-75.69661238,13617
18--9331,9/10/2018,7:26 AM,CAMPEAU DR/HWY 417 MARCH IC138R63 @ MARCH RD (0009710),9710,02 - Intersection related,03 - P.D. only,04 - Sideswipe,01 - Clear,01 - Daylight,01 - Dry,01 - Traffic signal,01 - Functioning,2,0,0,0,,0,,,,,352841.5232,5020476.517,45.3225946,-75.88718858,13618
18--9332,9/10/2018,7:45 AM,FALLOWFIELD RD @ STRANDHERD DR (0005238),5238,02 - Intersection related,03 - P.D. only,04 - Sideswipe,01 - Clear,01 - Daylight,01 - Dry,01 - Traffic signal,01 - Functioning,2,0,0,0,,0,,,,,360752.2245,5014962.154,45.27239009,-75.78691023,13619