Anom_ID,Accident_Date,Accident_Time,Location,Geo_ID,Accident_Location,Classification_of_Accident,Initial_Impact_Type,Environment_Condition,Light,Road_Surface_Condition,Traffic_Control,Traffic_Control_Condition,No__of_Vehicles,No__of_Bicycles,No__of_Motorcycles,No__of_Pedestrians,Max_Injury,No__of_Injuries,No__of_Minimal,No__of_Minor,No__of_Major,No__of_Fatal,X,Y,Latitude,Longitude,ObjectId
18--9333,9/10/2018,7:52 AM,HUNT CLUB RD @ LORRY GREENBERG DR/SABLE RIDGE  (0008203),8203,02 - Intersection related,03 - P.D. only,03 - Rear end,01 - Clear,01 - Daylight,01 - Dry,01 - Traffic signal,01 - Functioning,2,0,0,0,,0,,,,,372823.7388,5024807.504,45.35991145,-75.63172764,13620
18--9334,9/10/2018,8:00 PM,KIRKWOOD AVE @ RICHMOND RD (0002080),2080,03 - At intersection,02 - Non-fatal injury,07 - SMV other,01 - Clear,07 - Dark,02 - Wet,01 - Traffic signal,01 - Functioning,1,0,0,1,02 - Minor,1,,1,,,363778.6892,5028641.555,45.39522894,-75.74671223,13621
18--9335,9/10/2018,8:02 PM,RICHMOND RD btwn JOHN SUTHERLAND DR & HOLLY ACRES RD (__3ZA2LS),__3ZA2LS,01 - Non intersection,03 - P.D. only,07 - SMV other,02 - Rain,07 - Dark,02 - Wet,10 - No control,,1,0,0,0,,0,,,,,358790.6379,5022158.886,45.3373003,-75.81112417,13622
18--9336,9/10/2018,8:15 PM,MONTREAL RD @ STE. ANNE ST (0009798),9798,03 - At intersection,02 - Non-fatal injury,02 - Angle,01 - Clear,07 - Dark,01 - Dry,02 - Stop sign,01 - Functioning,2,1,0,0,01 - Minimal,1,1,,,,370706.7057,5033416.765,45.43757654,-75.65759666,13623
18--9337,9/10/2018,9:09 PM,BRONSON AVE btwn BRONSON AVE NB ON RAMP 42 & BRONSON AVE SB OFF RAMP 3 (__30QAKA),__30QAKA,01 - Non intersection,03 - P.D. only,07 - SMV other,02 - Rain,07 - Dark,02 - Wet,10 - No control,,1,0,0,0,,0,,,,,367748.9541,5028474.813,45.39338298,-75.69602934,13624
18--9338,9/11/2018,1:10 PM,IRIS ST @ WOODROFFE AVE (0002736),2736,02 - Intersection related,03 - P.D. only,04 - Sideswipe,01 - Clear,01 - Daylight,01 - Dry,01 - Traffic signal,01 - Functioning,2,0,0,0,,0,,,,,362282.6804,5024441.561,45.35756227,-75.76630685,13625
18--9339,9/11/2018,1:30 PM,PRINCE OF WALES DR btwn WATERBEND LANE & TURN LANE (__3ZA1H4),__3ZA1H4,04 - At/near private drive,03 - P.D. only,03 - Rear end,01 - Clear,01 - Daylight,01 - Dry,10 - No control,,2,0,0,0,,0,,,,,367430.3281,5021708.134,45.3325265,-75.70095595,13626
18--934,1/16/2018,9:03 AM,MOODIE DR @ ROBERTSON RD (0010545),10545,02 - Intersection related,03 - P.D. only,03 - Rear end,03 - Snow,01 - Daylight,05 - Packed snow,01 - Traffic signal,01 - Functioning,3,0,0,0,,0,,,,,357066.6522,5020455.478,45.32210342,-75.83329913,13627
18--9340,9/11/2018,10:36 AM,SUSSEX DR btwn GUIGUES AVE & ST. PATRICK ST (1) (__3ZA3U4),__3ZA3U4,01 - Non intersection,03 - P.D. only,04 - Sideswipe,01 - Clear,01 - Daylight,01 - Dry,10 - No control,,2,0,0,0,,0,,,,,367622.9861,5032523.129,45.42981979,-75.69712205,13628
18--9341,9/11/2018,11:01 AM,WEST HUNT CLUB RD @ ROYDON PL/SUNDERLAND ST (0009775),9775,02 - Intersection related,03 - P.D. only,04 - Sideswipe,01 - Clear,01 - Daylight,01 - Dry,01 - Traffic signal,01 - Functioning,2,0,0,0,,0,,,,,365973.8121,5022169.483,45.33680614,-75.71947955,13629
18--8982,8/31/2018,10:06 AM,WESTCLIFFE RD btwn PRIAM WAY & FLORIZEL AVE (__3ZA5LM),__3ZA5LM,01 - Non intersection,02 - Non-fatal injury,06 - SMV unattended vehicle,01 - Clear,01 - Daylight,01 - Dry,10 - No control,,1,0,0,0,02 - Minor,1,,1,,,356653.0507,5019818.683,45.31640414,-75.83864124,13630
18--8901,8/28/2018,4:10 PM,HIGHWAY 417 btwn HWY417 IC129 RAMP25 & TRANSIT (__3ZA2SH),__3ZA2SH,01 - Non intersection,03 - P.D. only,07 - SMV other,01 - Clear,01 - Daylight,01 - Dry,10 - No control,,1,0,0,0,,0,,,,,361064.1626,5024002.972,45.3537147,-75.78190835,13631
18--9175,9/6/2018,2:30 PM,OTTAWA RIVER PKWY WB RAMP/CARLING AVE WB btwn CARLING AVE & OTTAWA RIV (__3ZAY0V),__3ZAY0V,01 - Non intersection,03 - P.D. only,03 - Rear end,01 - Clear,01 - Daylight,01 - Dry,10 - No control,,2,0,0,0,,0,,,,,360920.5237,5025492.062,45.36712497,-75.78357237,13632
18--9436,9/13/2018,11:43 AM,NAVAHO DR @ WOODROFFE AVE/TRANSITWAY N BASELIN (0010359),10359,03 - At intersection,03 - P.D. only,05 - Turning movement,01 - Clear,01 - Daylight,01 - Dry,01 - Traffic signal,01 - Functioning,2,0,0,0,,0,,,,,362706.1678,5023492.79,45.34899045,-75.76101314,13633
18--8983,8/31/2018,10:07 AM,KIRKWOOD AVE @ RICHMOND RD (0002080),2080,03 - At intersection,02 - Non-fatal injury,02 - Angle,01 - Clear,01 - Daylight,01 - Dry,01 - Traffic signal,01 - Functioning,2,0,0,0,02 - Minor,1,,1,,,363778.6892,5028641.555,45.39522894,-75.74671223,13634
18--9176,9/6/2018,2:52 PM,MITCH OWENS RD btwn LIMEBANK RD & DOWNEY RD (__3ZA3H4),__3ZA3H4,01 - Non intersection,03 - P.D. only,05 - Turning movement,01 - Clear,01 - Daylight,01 - Dry,10 - No control,,2,0,0,0,,0,,,,,371758.6353,5012162.603,45.24623838,-75.64702932,13635
18--8902,8/28/2018,4:56 PM,PRESTONE DR @ ST. JOSEPH BLVD (0003551),3551,03 - At intersection,03 - P.D. only,05 - Turning movement,01 - Clear,01 - Daylight,01 - Dry,01 - Traffic signal,01 - Functioning,2,0,0,0,,0,,,,,382325.7447,5038273.584,45.48008236,-75.50833989,13636
18--9437,9/13/2018,11:45 AM,BANK ST btwn WALKLEY RD & SURREY AVE (__3ZA4TW),__3ZA4TW,04 - At/near private drive,03 - P.D. only,02 - Angle,01 - Clear,01 - Daylight,01 - Dry,10 - No control,,2,0,0,0,,0,,,,,370362.4315,5025873.653,45.36973882,-75.6629995,13637
18--8984,8/31/2018,Unknown,CLAUDE ST btwn CLARKE AVE & BURN ST (__3ZA8IR),__3ZA8IR,01 - Non intersection,03 - P.D. only,06 - SMV unattended vehicle,01 - Clear,00 - Unknown,01 - Dry,10 - No control,,1,0,0,0,,0,,,,,372006.8796,5033356.638,45.43691179,-75.64098823,13638
18--9177,9/6/2018,3:00 PM,CARLING AVE @ MAITLAND AVE/SHERBOURNE RD (0002641),2641,02 - Intersection related,03 - P.D. only,03 - Rear end,01 - Clear,01 - Daylight,01 - Dry,01 - Traffic signal,01 - Functioning,2,0,0,0,,0,,,,,362942.6971,5026488.528,45.37592623,-75.7576424,13639
18--8903,8/28/2018,4:59 PM,METCALFE ST @ NEPEAN ST (0006944),6944,03 - At intersection,02 - Non-fatal injury,02 - Angle,01 - Clear,01 - Daylight,01 - Dry,01 - Traffic signal,01 - Functioning,2,0,0,0,02 - Minor,1,,1,,,367874.7139,5031319.573,45.41896794,-75.6940594,13640
18--9438,9/13/2018,12:38 PM,MONTREAL RD @ DUCHARME BLVD/CANTIN ST (0009319),9319,02 - Intersection related,03 - P.D. only,04 - Sideswipe,01 - Clear,01 - Daylight,01 - Dry,01 - Traffic signal,01 - Functioning,2,0,0,0,,0,,,,,371017.6629,5033565.553,45.43888589,-75.6536025,13641
18--9439,9/13/2018,12:45 PM,HWY 417 INNES IC112R57 @ INNES RD (0012298),12298,02 - Intersection related,03 - P.D. only,04 - Sideswipe,01 - Clear,01 - Daylight,01 - Dry,01 - Traffic signal,01 - Functioning,2,0,0,0,,0,,,,,374298.81,5030754.415,45.41327431,-75.61206432,13642
18--944,1/17/2018,11:12 PM,RICHMOND RD btwn TURN LANE & JOHN SUTHERLAND DR (__3ZA4LM),__3ZA4LM,01 - Non intersection,03 - P.D. only,07 - SMV other,01 - Clear,07 - Dark,02 - Wet,10 - No control,,1,0,0,0,,0,,,,,358742.3661,5022054.963,45.33636891,-75.81175136,13643
18--9440,9/13/2018,2:18 PM,ALBION RD @ HIGH RD (0004208),4208,03 - At intersection,02 - Non-fatal injury,05 - Turning movement,01 - Clear,01 - Daylight,01 - Dry,02 - Stop sign,01 - Functioning,2,0,0,0,01 - Minimal,2,2,,,,374626.832,5017746.53,45.29620224,-75.60971114,13644
18--9441,9/13/2018,2:30 PM,SPENCER ST btwn HAMILTON AVE N & PARKDALE AVE (__3ZA0G0),__3ZA0G0,01 - Non intersection,03 - P.D. only,06 - SMV unattended vehicle,01 - Clear,01 - Daylight,01 - Dry,10 - No control,,1,0,0,0,,0,,,,,365051.2807,5029462.7,45.40250908,-75.73035958,13645
18--9442,9/13/2018,2:45 PM,DESCHAMPS AVE @ VANIER PKWY (0009243),9243,02 - Intersection related,03 - P.D. only,03 - Rear end,01 - Clear,01 - Daylight,01 - Dry,01 - Traffic signal,00 - Unknown,2,0,0,0,,0,,,,,369851.6975,5033267.694,45.43631534,-75.6685437,13646
18--9443,9/13/2018,3:19 PM,FALLOWFIELD RD btwn MERIVALE RD & WOODROFFE AVE (__3ZA3IN),__3ZA3IN,01 - Non intersection,02 - Non-fatal injury,03 - Rear end,01 - Clear,01 - Daylight,01 - Dry,10 - No control,,2,0,0,0,01 - Minimal,1,1,,,,365627.2651,5018291.547,45.30194301,-75.724377,13647
18--9444,9/13/2018,3:42 PM,CARLING AVE WB btwn WOODROFFE AVE & ANCASTER AVE (__3ZAZXL),__3ZAZXL,01 - Non intersection,03 - P.D. only,04 - Sideswipe,01 - Clear,01 - Daylight,01 - Dry,10 - No control,,2,0,0,0,,0,,,,,361804.0372,5025765.64,45.36951531,-75.77226288,13648
18--9445,9/13/2018,4:02 PM,MONTREAL RD @ VANIER PKWY (0004630),4630,02 - Intersection related,03 - P.D. only,03 - Rear end,01 - Clear,01 - Daylight,01 - Dry,01 - Traffic signal,01 - Functioning,2,0,0,0,,0,,,,,370072.6379,5033065.776,45.43447797,-75.66574683,13649
18--9446,9/13/2018,4:15 PM,HIGHWAY 417 btwn HWY417 IC118 RAMP57 & HWY417 IC118 RAMP35 (__3ZA2YQ),__3ZA2YQ,01 - Non intersection,03 - P.D. only,03 - Rear end,01 - Clear,01 - Daylight,01 - Dry,10 - No control,,3,0,0,0,,0,,,,,369313.1827,5030942.524,45.41544423,-75.67573054,13650
18--9447,9/13/2018,4:18 PM,HIGHWAY 417 btwn HWY417 IC110 RAMP55 & HWY417 IC104 RAMP51 (__3ZA2W8),__3ZA2W8,01 - Non intersection,03 - P.D. only,03 - Rear end,01 - Clear,01 - Daylight,01 - Dry,10 - No control,,3,0,0,0,,0,,,,,378698.2393,5026204.13,45.37188291,-75.55654495,13651
18--9448,9/13/2018,4:22 PM,STRANDHERD DR @ WOODROFFE AVE (0009688),9688,03 - At intersection,03 - P.D. only,05 - Turning movement,01 - Clear,01 - Daylight,01 - Dry,01 - Traffic signal,01 - Functioning,2,0,0,0,,0,,,,,366106.1955,5015395.207,45.27584031,-75.71862853,13652
18--9449,9/13/2018,4:54 PM,HIGHWAY 417 btwn HWY417 IC134 RAMP61 & HWY417 IC131 RAMP66 (__3ZA297),__3ZA297,01 - Non intersection,03 - P.D. only,03 - Rear end,01 - Clear,01 - Daylight,01 - Dry,10 - No control,,2,0,0,0,,0,,,,,357100.2696,5022595.204,45.34135436,-75.83264426,13653
18--945,1/17/2018,11:57 AM,ANN ST btwn MAPLE AVE & TIGHE ST (__3ZA90F),__3ZA90F,04 - At/near private drive,03 - P.D. only,99 - Other,01 - Clear,01 - Daylight,04 - Slush,10 - No control,,2,0,0,0,,0,,,,,368737.484,5009806.742,45.22532141,-75.68581386,13654
18--9450,9/13/2018,4:55 PM,HIGHWAY 417 btwn HWY417 IC117 RAMP25 & HWY417 IC115 RAMP51 (__3ZA2R3),__3ZA2R3,01 - Non intersection,03 - P.D. only,04 - Sideswipe,01 - Clear,01 - Daylight,01 - Dry,10 - No control,,2,0,0,0,,0,,,,,371937.3444,5031443.487,45.41970482,-75.64213771,13655
18--9451,9/13/2018,4:58 PM,IRIS ST @ WOODROFFE AVE (0002736),2736,02 - Intersection related,03 - P.D. only,03 - Rear end,01 - Clear,01 - Daylight,01 - Dry,01 - Traffic signal,01 - Functioning,2,0,0,0,,0,,,,,362282.7081,5024441.44,45.35756117,-75.76630651,13656
18--9452,9/13/2018,5:33 PM,BASELINE RD @ GREENBANK RD (0002357),2357,02 - Intersection related,03 - P.D. only,03 - Rear end,01 - Clear,01 - Daylight,01 - Dry,01 - Traffic signal,01 - Functioning,2,0,0,0,,0,,,,,360597.748,5022584.488,45.34098848,-75.78802071,13657
18--9453,9/13/2018,6:05 PM,KIRKWOOD AVE @ RICHMOND RD (0002080),2080,03 - At intersection,03 - P.D. only,05 - Turning movement,01 - Clear,01 - Daylight,01 - Dry,01 - Traffic signal,01 - Functioning,2,0,0,0,,0,,,,,363778.6965,5028641.572,45.3952291,-75.74671213,13658
18--9454,9/13/2018,6:07 PM,BELL ST @ STITTSVILLE MAIN ST (0000080),80,02 - Intersection related,03 - P.D. only,03 - Rear end,01 - Clear,01 - Daylight,01 - Dry,02 - Stop sign,01 - Functioning,2,0,0,0,,0,,,,,350723.5433,5012792.417,45.25359252,-75.91491511,13659
18--9455,9/13/2018,6:20 PM,WOODROFFE AVE btwn 260 N OF FALLOWFIELD RD/TRANSITWAY & FALLOWFIELD RD (__3ZA3IOB),__3ZA3IOB,01 - Non intersection,03 - P.D. only,03 - Rear end,01 - Clear,05 - Dusk,01 - Dry,10 - No control,,2,0,0,0,,0,,,,,365041.596,5018013.998,45.29949611,-75.73187805,13660
18--9456,9/13/2018,6:22 PM,OGILVIE RD @ ELMLEA GT/SHOPPERS CITY EAST SC (0008800),8800,02 - Intersection related,03 - P.D. only,03 - Rear end,01 - Clear,01 - Daylight,01 - Dry,01 - Traffic signal,01 - Functioning,2,0,0,0,,0,,,,,374988.9238,5033486.582,45.43778796,-75.60285899,13661
18--9457,9/13/2018,6:26 AM,BANKFIELD RD @ PRINCE OF WALES DR (0003618),3618,02 - Intersection related,03 - P.D. only,03 - Rear end,01 - Clear,03 - Dawn,01 - Dry,01 - Traffic signal,01 - Functioning,2,0,0,0,,0,,,,,366379.595,5008975.358,45.21805068,-75.71593941,13662
18--9458,9/13/2018,6:43 AM,BLACKBURN BYPASS WB btwn 1700 W OF NAVAN RD & INNES RD W (__3ZA3J5A),__3ZA3J5A,01 - Non intersection,03 - P.D. only,03 - Rear end,01 - Clear,03 - Dawn,01 - Dry,10 - No control,,3,0,0,0,,0,,,,,377340.2317,5032157.709,45.42559162,-75.5730047,13663
18--9459,9/13/2018,6:47 PM,ANDREW ST @ FOURTH LINE RD (0003711),3711,03 - At intersection,02 - Non-fatal injury,02 - Angle,01 - Clear,01 - Daylight,01 - Dry,02 - Stop sign,01 - Functioning,2,0,1,0,02 - Minor,1,,1,,,366407.5834,4999412.219,45.13199809,-75.71676361,13664
18--946,1/17/2018,Unknown,QUEENSBURY DR btwn BEATRICE DR & BURNTWOOD AVE (__3ZA6KN),__3ZA6KN,01 - Non intersection,03 - P.D. only,06 - SMV unattended vehicle,01 - Clear,00 - Unknown,02 - Wet,10 - No control,,1,0,0,0,,0,,,,,365231.3737,5016206.862,45.28321929,-75.72967864,13665
18--9460,9/13/2018,7:00 PM,CAMBRIAN RD @ KILBIRNIE DR/TUCANA WAY (0013607),13607,03 - At intersection,03 - P.D. only,02 - Angle,01 - Clear,01 - Daylight,01 - Dry,02 - Stop sign,01 - Functioning,2,0,0,0,,0,,,,,365113.837,5013068.716,45.25499238,-75.73155788,13666
18--9461,9/13/2018,7:00 PM,EXHIBITION WAY btwn BANK ST & NO NAME (e___2HQY),e___2HQY,01 - Non intersection,03 - P.D. only,06 - SMV unattended vehicle,01 - Clear,05 - Dusk,01 - Dry,10 - No control,,1,0,0,0,,0,,,,,368556.081,5029169.847,45.39956366,-75.6856321,13667
18--9462,9/13/2018,7:08 PM,BANK ST @ WALKLEY RD (0011423),11423,03 - At intersection,03 - P.D. only,05 - Turning movement,01 - Clear,01 - Daylight,01 - Dry,01 - Traffic signal,01 - Functioning,2,0,0,0,,0,,,,,370337.7905,5025947.957,45.37040969,-75.66330419,13668
18--9463,9/13/2018,7:17 AM,8TH LINE RD @ PARKWAY RD (0001611),1611,03 - At intersection,02 - Non-fatal injury,02 - Angle,"07 - Fog, mist, smoke, dust",03 - Dawn,01 - Dry,02 - Stop sign,01 - Functioning,2,0,0,0,01 - Minimal,1,1,,,,383165.7833,5016891.591,45.28760956,-75.5009907,13669
18--9464,9/13/2018,7:30 PM,ROCKCLIFFE PKWY btwn GL/OT BOUNDARY & ST. JOSEPH BLVD (__3ZA21V),__3ZA21V,01 - Non intersection,02 - Non-fatal injury,07 - SMV other,01 - Clear,07 - Dark,01 - Dry,10 - No control,,1,0,1,0,03 - Major,1,,,1,,377118.3474,5035262.565,45.4535501,-75.5753836,13670
18--9465,9/13/2018,7:35 AM,HIGHWAY 417 btwn Continuation of HIGHWAY 417 & HWY417 IC134 RAMP51 (__3ZA29B),__3ZA29B,01 - Non intersection,03 - P.D. only,03 - Rear end,01 - Clear,01 - Daylight,01 - Dry,10 - No control,,3,0,0,0,,0,,,,,354699.7938,5021233.8,45.32927912,-75.86340985,13671
18--9466,9/13/2018,7:38 PM,CAMERON ST @ REGIONAL RD 174 (0012883),12883,02 - Intersection related,02 - Non-fatal injury,03 - Rear end,01 - Clear,07 - Dark,01 - Dry,01 - Traffic signal,01 - Functioning,2,0,0,0,02 - Minor,2,1,1,,,389860.7731,5042617.564,45.51828699,-75.41122026,13672
18--9467,9/13/2018,8:04 AM,CEDARVIEW RD @ HWY 416 WESTHUNT IC72R42 (0005515),5515,03 - At intersection,02 - Non-fatal injury,05 - Turning movement,01 - Clear,01 - Daylight,01 - Dry,10 - No control,,2,0,0,0,01 - Minimal,2,2,,,,359597.4949,5019761.811,45.31566878,-75.80109541,13673
18--9468,9/13/2018,8:19 AM,HAZELDEAN RD @ EDGEWATER ST (0003176),3176,03 - At intersection,03 - P.D. only,03 - Rear end,01 - Clear,01 - Daylight,01 - Dry,01 - Traffic signal,01 - Functioning,2,0,0,0,,0,,,,,352323.6056,5017351.445,45.29450973,-75.89409438,13674
18--9469,9/13/2018,8:22 AM,BROADVIEW AVE @ TILLBURY AVE (0006728),6728,03 - At intersection,03 - P.D. only,05 - Turning movement,01 - Clear,01 - Daylight,01 - Dry,02 - Stop sign,01 - Functioning,2,0,0,0,,0,,,,,363070.7375,5026906.456,45.37967605,-75.75595842,13675
18--947,1/17/2018,Unknown,8TH LINE RD btwn VICTORIA ST & LLOYD GRAHAM AVE (__3ZBO4Y),__3ZBO4Y,01 - Non intersection,03 - P.D. only,06 - SMV unattended vehicle,01 - Clear,00 - Unknown,03 - Loose snow,10 - No control,,1,0,0,0,,0,,,,,385456.3984,5011156.061,45.23574579,-75.47272566,13676
18--9470,9/13/2018,8:25 PM,DEAKIN ST @ PRINCE OF WALES DR (0001073),1073,02 - Intersection related,02 - Non-fatal injury,03 - Rear end,01 - Clear,07 - Dark,01 - Dry,01 - Traffic signal,01 - Functioning,2,0,0,0,01 - Minimal,1,1,,,,367390.7154,5021523.562,45.33086929,-75.70148462,13677
18--9471,9/13/2018,8:39 AM,CARLING AVE @ PARKDALE AVE (0008792),8792,02 - Intersection related,03 - P.D. only,05 - Turning movement,01 - Clear,01 - Daylight,01 - Dry,01 - Traffic signal,01 - Functioning,2,0,0,0,,0,,,,,365626.0394,5028172.861,45.3908537,-75.72317743,13678
18--9472,9/13/2018,8:49 PM,LEITRIM RD @ ALBION RD (0012479),12479,02 - Intersection related,03 - P.D. only,03 - Rear end,01 - Clear,07 - Dark,01 - Dry,01 - Traffic signal,01 - Functioning,2,0,0,0,,0,,,,,373497.5399,5020419.277,45.32036209,-75.62373737,13679
18--9473,9/13/2018,8:51 AM,LAURIER AVE   W btwn BANK ST & O'CONNOR ST (__3ZA34B),__3ZA34B,04 - At/near private drive,02 - Non-fatal injury,05 - Turning movement,01 - Clear,01 - Daylight,01 - Dry,10 - No control,,2,1,0,0,02 - Minor,1,,1,,,367550.038,5031306.903,45.41888314,-75.69820917,13680
18--9474,9/13/2018,8:52 AM,INNES RD @ STONEHENGE CRES W (0009354),9354,03 - At intersection,03 - P.D. only,02 - Angle,01 - Clear,01 - Daylight,01 - Dry,01 - Traffic signal,01 - Functioning,2,0,0,0,,0,,,,,375199.7589,5031216.675,45.41734342,-75.60048894,13681
18--9475,9/13/2018,9:31 AM,REGIONAL ROAD 174 btwn HWY417 IC113 RAMP67 & Continuation of REGIONAL  (__3ZA28A),__3ZA28A,01 - Non intersection,03 - P.D. only,03 - Rear end,01 - Clear,01 - Daylight,01 - Dry,10 - No control,,3,0,0,0,,0,,,,,373718.4694,5032033.024,45.42483599,-75.61929918,13682
18--9476,9/13/2018,9:38 PM,BANK ST @ HERON RD (0002155),2155,02 - Intersection related,03 - P.D. only,05 - Turning movement,01 - Clear,07 - Dark,01 - Dry,01 - Traffic signal,01 - Functioning,2,0,0,0,,0,,,,,369995.7725,5026851.558,45.3785719,-75.66755086,13683
18--9477,9/14/2018,1:19 PM,INDUSTRIAL AVE/INNES RD @ ST. LAURENT BLVD (0002203),2203,02 - Intersection related,02 - Non-fatal injury,03 - Rear end,01 - Clear,01 - Daylight,02 - Wet,01 - Traffic signal,01 - Functioning,2,0,0,0,01 - Minimal,1,1,,,,373099.6126,5030005.441,45.40665346,-75.62748756,13684
18--9478,9/14/2018,1:24 PM,ALBERT ST @ PRESTON ST (0002217),2217,02 - Intersection related,03 - P.D. only,04 - Sideswipe,01 - Clear,01 - Daylight,01 - Dry,01 - Traffic signal,01 - Functioning,2,0,0,0,,0,,,,,366160.7063,5030464.569,45.41142727,-75.71606459,13685
18--9479,9/14/2018,1:34 PM,BANK ST @ SUNNYSIDE AVE (0007219),7219,03 - At intersection,02 - Non-fatal injury,07 - SMV other,01 - Clear,01 - Daylight,01 - Dry,01 - Traffic signal,01 - Functioning,1,0,0,1,01 - Minimal,1,1,,,,368734.7048,5028581.466,45.39425331,-75.68342699,13686
18--948,1/17/2018,12:00 PM,PARKDALE AVE btwn EMMERSON AVE & COLOMBINE DRWY (__3ZA326),__3ZA326,01 - Non intersection,03 - P.D. only,06 - SMV unattended vehicle,01 - Clear,01 - Daylight,03 - Loose snow,10 - No control,,1,0,0,0,,0,,,,,364725.5097,5030246.092,45.40958583,-75.73442535,13687
18--9480,9/14/2018,1:47 PM,JAMIE AVE @ SUNDERLAND ST (0004576),4576,03 - At intersection,02 - Non-fatal injury,02 - Angle,01 - Clear,01 - Daylight,01 - Dry,02 - Stop sign,01 - Functioning,2,0,0,0,02 - Minor,1,,1,,,366064.7345,5022022.429,45.33547503,-75.71833778,13688
18--9481,9/14/2018,1:58 PM,MADELEINE MEILLEUR PRIV @ VANIER PKWY (0013514),13514,02 - Intersection related,03 - P.D. only,04 - Sideswipe,01 - Clear,01 - Daylight,01 - Dry,01 - Traffic signal,01 - Functioning,2,0,0,0,,0,,,,,369654.8152,5033359.306,45.43715791,-75.67104781,13689
18--9482,9/14/2018,10:58 AM,PARKDALE AVE @ KENILWORTH ST (0006366),6366,03 - At intersection,02 - Non-fatal injury,02 - Angle,01 - Clear,01 - Daylight,01 - Dry,02 - Stop sign,01 - Functioning,2,0,1,0,02 - Minor,1,,1,,,365445.6026,5028595.679,45.39467378,-75.72542964,13690
18--9483,9/14/2018,11:29 AM,CARP RD @ ECHOWOODS AVE/KITTIWAKE DR (0009789),9789,02 - Intersection related,03 - P.D. only,03 - Rear end,01 - Clear,01 - Daylight,02 - Wet,01 - Traffic signal,01 - Functioning,2,0,0,0,,0,,,,,348596.2106,5014562.881,45.26965946,-75.9418608,13691
18--9484,9/14/2018,11:45 AM,RIVERSIDE DR @ HERON RD (0002236),2236,02 - Intersection related,03 - P.D. only,03 - Rear end,01 - Clear,01 - Daylight,01 - Dry,01 - Traffic signal,01 - Functioning,3,0,0,0,,0,,,,,368121.1281,5026647.453,45.37690736,-75.69151091,13692
18--9485,9/14/2018,11:48 PM,ARLINGTON AVE @ BANK ST (0007261),7261,02 - Intersection related,03 - P.D. only,05 - Turning movement,01 - Clear,07 - Dark,01 - Dry,02 - Stop sign,00 - Unknown,2,0,0,0,,0,,,,,368006.7397,5030345.568,45.41019225,-75.69249752,13693
18--9486,9/14/2018,Unknown,PRETORIA AVE btwn CHAMBERLAIN AVE & O'CONNOR ST (__3ZA96A),__3ZA96A,01 - Non intersection,03 - P.D. only,06 - SMV unattended vehicle,01 - Clear,00 - Unknown,01 - Dry,10 - No control,,1,0,0,0,,0,,,,,368313.6737,5030226.082,45.40908936,-75.68859205,13694
18--9487,9/14/2018,Unknown,SPENCER ST btwn HOLLAND AVE & HINTON AVE N (__3ZA0GV),__3ZA0GV,01 - Non intersection,03 - P.D. only,06 - SMV unattended vehicle,01 - Clear,00 - Unknown,01 - Dry,10 - No control,,1,0,0,0,,0,,,,,364854.6255,5029381.259,45.40179319,-75.73288132,13695
18--9488,9/14/2018,12:00 PM,TRENTON AVE @ MERIVALE RD (0002734),2734,02 - Intersection related,03 - P.D. only,02 - Angle,01 - Clear,01 - Daylight,01 - Dry,02 - Stop sign,02 - Not functioning,2,0,0,0,,0,,,,,364887.4405,5026361.621,45.37462027,-75.73282984,13696
18--9489,9/14/2018,2:14 PM,PORTRUSH AVE btwn LONGFIELDS DR & HAYLOCK WAY (__4VGUK7),__4VGUK7,01 - Non intersection,03 - P.D. only,06 - SMV unattended vehicle,01 - Clear,01 - Daylight,01 - Dry,10 - No control,,1,0,0,0,,0,,,,,364524.4032,5015409.237,45.27610269,-75.73878559,13697
18--949,1/17/2018,12:13 PM,BRONSON AVE @ IMPERIAL AVE/PLYMOUTH ST (0010859),10859,02 - Intersection related,03 - P.D. only,04 - Sideswipe,01 - Clear,01 - Daylight,02 - Wet,10 - No control,,2,0,0,0,,0,,,,,367318.7036,5029643.552,45.40393751,-75.70137573,13698
18--9490,9/14/2018,2:27 PM,PRESTON ST btwn ST. ANTHONY ST & YOUNG ST (__3ZA3Z8),__3ZA3Z8,01 - Non intersection,03 - P.D. only,03 - Rear end,01 - Clear,01 - Daylight,01 - Dry,10 - No control,,2,0,0,0,,0,,,,,366585.5814,5029494.359,45.40266021,-75.71075855,13699
18--9491,9/14/2018,2:28 PM,STRANDHERD DR @ WOODROFFE AVE (0009688),9688,02 - Intersection related,03 - P.D. only,04 - Sideswipe,01 - Clear,01 - Daylight,01 - Dry,01 - Traffic signal,01 - Functioning,2,0,0,0,,0,,,,,366106.2993,5015395.032,45.27583872,-75.71862723,13700
18--9492,9/14/2018,2:39 AM,HWY417 IC140 RAMP61 btwn TERRY FOX DR & HIGHWAY 417 (__3ZAY7F),__3ZAY7F,01 - Non intersection,02 - Non-fatal injury,07 - SMV other,01 - Clear,07 - Dark,01 - Dry,10 - No control,,1,0,0,0,01 - Minimal,1,1,,,,351029.311,5018789.54,45.30753644,-75.91046109,13701
18--9493,9/14/2018,2:40 PM,KING EDWARD AVE @ YORK ST (0008244),8244,02 - Intersection related,03 - P.D. only,03 - Rear end,01 - Clear,01 - Daylight,01 - Dry,01 - Traffic signal,01 - Functioning,2,0,0,0,,0,,,,,368396.6184,5032621.83,45.43063795,-75.68722327,13702