Anom_ID,Accident_Date,Accident_Time,Location,Geo_ID,Accident_Location,Classification_of_Accident,Initial_Impact_Type,Environment_Condition,Light,Road_Surface_Condition,Traffic_Control,Traffic_Control_Condition,No__of_Vehicles,No__of_Bicycles,No__of_Motorcycles,No__of_Pedestrians,Max_Injury,No__of_Injuries,No__of_Minimal,No__of_Minor,No__of_Major,No__of_Fatal,X,Y,Latitude,Longitude,ObjectId
18--9494,9/14/2018,2:44 AM,CARLING AVE WB btwn HWY417 IC124 RAMP67 & HWY417 IC124 RAMP65 (__3ZA1Q8),__3ZA1Q8,01 - Non intersection,03 - P.D. only,07 - SMV other,01 - Clear,07 - Dark,01 - Dry,10 - No control,,1,0,0,0,,0,,,,,364580.1815,5027540.057,45.38524991,-75.73660975,13703
18--9495,9/14/2018,2:58 PM,ALBERT ST @ BOOTH ST (0002162),2162,02 - Intersection related,02 - Non-fatal injury,03 - Rear end,01 - Clear,01 - Daylight,01 - Dry,01 - Traffic signal,01 - Functioning,2,0,0,0,01 - Minimal,1,1,,,,366428.7812,5030626.688,45.41286242,-75.71261976,13704
18--9496,9/14/2018,3:02 PM,IRIS ST @ WOODROFFE AVE (0002736),2736,02 - Intersection related,03 - P.D. only,03 - Rear end,01 - Clear,01 - Daylight,01 - Dry,01 - Traffic signal,01 - Functioning,2,0,0,0,,0,,,,,362282.6978,5024441.428,45.35756107,-75.76630664,13705
18--9497,9/14/2018,3:05 AM,JOCKVALE RD btwn GREENBANK RD & BREN-MAUR RD (__3ZA4J9),__3ZA4J9,01 - Non intersection,02 - Non-fatal injury,07 - SMV other,01 - Clear,07 - Dark,01 - Dry,10 - No control,,1,0,0,1,01 - Minimal,1,1,,,,364550.5203,5014104.44,45.2643599,-75.73860975,13706
18--9498,9/14/2018,3:05 PM,HIGHWAY 417 btwn HWY417 IC129 RAMP61 & TRANSIT (__3ZA2SI),__3ZA2SI,01 - Non intersection,03 - P.D. only,03 - Rear end,01 - Clear,01 - Daylight,01 - Dry,10 - No control,,2,0,0,0,,0,,,,,360884.2756,5023888.144,45.3526959,-75.78421707,13707
18--9499,9/14/2018,3:28 PM,BASELINE RD @ LOBLAWS SC (0009097),9097,02 - Intersection related,03 - P.D. only,03 - Rear end,01 - Clear,01 - Daylight,01 - Dry,01 - Traffic signal,01 - Functioning,3,0,0,0,,0,,,,,364742.5558,5025129.593,45.36354709,-75.73482899,13708
18--95,1/2/2018,2:30 PM,JEANNE D'ARC BLVD @ GREY NUNS DR/YOUVILLE DR (0003147),3147,02 - Intersection related,03 - P.D. only,03 - Rear end,01 - Clear,01 - Daylight,03 - Loose snow,01 - Traffic signal,01 - Functioning,2,0,0,0,,0,,,,,379670.7413,5036700.582,45.46621948,-75.54253585,13709
18--950,1/17/2018,2:26 PM,BELCOURT BLVD @ ST. JOSEPH BLVD (0004138),4138,03 - At intersection,02 - Non-fatal injury,05 - Turning movement,01 - Clear,01 - Daylight,01 - Dry,01 - Traffic signal,01 - Functioning,2,0,0,0,01 - Minimal,1,1,,,,381204.3918,5037359.293,45.47197995,-75.52282361,13710
18--9500,9/14/2018,3:30 PM,SMYTH RD/OTHELLO AVE @ RUSSELL RD W (0007730),7730,02 - Intersection related,03 - P.D. only,02 - Angle,01 - Clear,01 - Daylight,01 - Dry,01 - Traffic signal,01 - Functioning,2,0,0,0,,0,,,,,373255.693,5029373.633,45.4009535,-75.62558161,13711
18--9501,9/14/2018,3:40 PM,STONEHENGE CRES btwn INNES RD & WHITTAKER CRES (__3ZA7YM),__3ZA7YM,01 - Non intersection,03 - P.D. only,06 - SMV unattended vehicle,01 - Clear,01 - Daylight,01 - Dry,10 - No control,,1,0,0,0,,0,,,,,375376.2617,5031464.189,45.41955263,-75.59819856,13712
18--9502,9/14/2018,3:45 PM,WOODROFFE AVE @ KNOXDALE RD/MEDHURST DR (0000519),519,03 - At intersection,02 - Non-fatal injury,05 - Turning movement,01 - Clear,01 - Daylight,01 - Dry,01 - Traffic signal,01 - Functioning,2,0,0,0,03 - Major,2,,1,1,,363419.5585,5021826.583,45.3339388,-75.7521072,13713
18--9503,9/14/2018,3:56 PM,HAWTHORNE RD btwn STEVENAGE DR & HUNT CLUB RD (__3ZA2E8),__3ZA2E8,04 - At/near private drive,03 - P.D. only,03 - Rear end,01 - Clear,01 - Daylight,01 - Dry,10 - No control,,2,0,0,0,,0,,,,,375260.3973,5027013.394,45.37951836,-75.60031467,13714
18--9504,9/14/2018,4:13 PM,GLADSTONE AVE @ O'CONNOR ST (0002710),2710,03 - At intersection,03 - P.D. only,05 - Turning movement,01 - Clear,01 - Daylight,01 - Dry,01 - Traffic signal,01 - Functioning,2,0,0,0,,0,,,,,368074.7115,5030658.569,45.41300239,-75.69158905,13715
18--9505,9/14/2018,4:22 PM,COLONEL BY DR @ COLONEL BY DR SB ON RAMP 43 (0002623),2623,02 - Intersection related,03 - P.D. only,04 - Sideswipe,01 - Clear,01 - Daylight,01 - Dry,02 - Stop sign,01 - Functioning,2,0,0,0,,0,,,,,367640.7947,5028440.68,45.39308558,-75.69741494,13716
18--9506,9/14/2018,5:21 PM,CARLING AVE @ MERIVALE RD (0002148),2148,03 - At intersection,03 - P.D. only,05 - Turning movement,01 - Clear,01 - Daylight,01 - Dry,01 - Traffic signal,01 - Functioning,2,0,0,0,,0,,,,,364894.7033,5027700.544,45.38666703,-75.73257414,13717
18--9507,9/14/2018,5:57 PM,RIVERSIDE DR @ PLEASANT PARK RD (0007296),7296,03 - At intersection,02 - Non-fatal injury,07 - SMV other,01 - Clear,01 - Daylight,01 - Dry,01 - Traffic signal,01 - Functioning,1,0,0,2,02 - Minor,2,1,1,,,369561.2959,5028415.218,45.39268151,-75.67289271,13718
18--9508,9/14/2018,6:10 PM,GLADSTONE AVE @ ROCHESTER ST (0006496),6496,03 - At intersection,03 - P.D. only,02 - Angle,01 - Clear,01 - Daylight,01 - Dry,01 - Traffic signal,01 - Functioning,2,1,0,0,,0,,,,,366662.5404,5029787.809,45.40529379,-75.70973876,13719
18--9509,9/14/2018,6:16 PM,WEST HUNT CLUB RD @ ANTARES DR/LASER ST (0000116),116,02 - Intersection related,02 - Non-fatal injury,03 - Rear end,01 - Clear,01 - Daylight,01 - Dry,01 - Traffic signal,01 - Functioning,3,0,0,0,02 - Minor,2,,2,,,367107.6348,5022081.5,45.33591471,-75.7050255,13720
18--951,1/17/2018,2:38 PM,CUMBERLAND ST @ LAURIER AVE (0007751),7751,02 - Intersection related,03 - P.D. only,02 - Angle,01 - Clear,01 - Daylight,02 - Wet,01 - Traffic signal,01 - Functioning,2,0,0,0,,0,,,,,368597.7044,5031948.585,45.42456202,-75.68474083,13721
18--9510,9/14/2018,6:23 PM,FALLOWFIELD RD @ GREENBANK RD (0000549),549,02 - Intersection related,03 - P.D. only,03 - Rear end,01 - Clear,01 - Daylight,01 - Dry,01 - Traffic signal,01 - Functioning,2,0,0,0,,0,,,,,363080.6537,5016732.426,45.28812993,-75.75702987,13722
18--9511,9/14/2018,6:30 PM,HWY417 IC118 RAMP62 btwn HWY417 IC118 RAMP64 & HWY417 IC118 RAMP52 (__3ZAY9M),__3ZAY9M,01 - Non intersection,02 - Non-fatal injury,04 - Sideswipe,01 - Clear,01 - Daylight,01 - Dry,10 - No control,,2,0,1,0,02 - Minor,1,,1,,,369473.6874,5031167.047,45.41744959,-75.67365056,13723
18--9512,9/14/2018,6:36 PM,ORLEANS BLVD @ MAPLE RUN AVE/BEAUSEJOUR DR S (0003628),3628,02 - Intersection related,03 - P.D. only,04 - Sideswipe,01 - Clear,05 - Dusk,01 - Dry,01 - Traffic signal,01 - Functioning,2,0,0,0,,0,,,,,380572.7068,5035315.512,45.45366046,-75.53121641,13724
18--9513,9/14/2018,6:41 PM,CLEROUX CRES W @ INNES RD (0004132),4132,02 - Intersection related,03 - P.D. only,03 - Rear end,01 - Clear,05 - Dusk,01 - Dry,01 - Traffic signal,01 - Functioning,3,0,0,0,,0,,,,,379015.7303,5033439.529,45.43694879,-75.55140314,13725
18--9514,9/14/2018,6:45 PM,ISABELLA ST btwn O'CONNOR ST & METCALFE ST (__3ZA3PW),__3ZA3PW,01 - Non intersection,03 - P.D. only,04 - Sideswipe,01 - Clear,01 - Daylight,01 - Dry,10 - No control,,2,0,0,0,,0,,,,,368429.7472,5030388.171,45.41053724,-75.6870884,13726
18--9515,9/14/2018,7:00 PM,CATHERINE ST @ METCALFE ST (0011239),11239,02 - Intersection related,03 - P.D. only,04 - Sideswipe,01 - Clear,01 - Daylight,01 - Dry,01 - Traffic signal,01 - Functioning,2,0,0,0,,0,,,,,368393.7443,5030486.566,45.41142584,-75.68753562,13727
18--9516,9/14/2018,7:04 PM,BLAIR RD @ OGILVIE RD (0004120),4120,02 - Intersection related,03 - P.D. only,99 - Other,01 - Clear,01 - Daylight,01 - Dry,01 - Traffic signal,01 - Functioning,2,0,0,0,,0,,,,,374507.6666,5033198.628,45.43524526,-75.60905035,13728
18--9517,9/14/2018,7:17 AM,HWY 417 ST.LAURE IC115R51 @ ST. LAURENT BLVD (0002712),2712,02 - Intersection related,03 - P.D. only,03 - Rear end,01 - Clear,01 - Daylight,01 - Dry,01 - Traffic signal,01 - Functioning,2,0,0,0,,0,,,,,372531.0628,5031410.907,45.41935445,-75.63455669,13729
18--9518,9/14/2018,7:44 PM,JEANNE D'ARC BLVD @ ORLEANS BLVD S (0004154),4154,03 - At intersection,03 - P.D. only,05 - Turning movement,01 - Clear,07 - Dark,01 - Dry,01 - Traffic signal,01 - Functioning,2,0,0,0,,0,,,,,380940.7733,5036250.524,45.46203294,-75.52636644,13730
18--9519,9/14/2018,8:00 PM,DAVIDSON RD btwn CONROY RD & HAWTHORNE RD (__3ZA8PL),__3ZA8PL,04 - At/near private drive,03 - P.D. only,05 - Turning movement,01 - Clear,07 - Dark,01 - Dry,10 - No control,,2,0,0,0,,0,,,,,376150.0612,5024431.836,45.35620074,-75.58932911,13731
18--952,1/17/2018,2:40 AM,HIGHWAY 417 btwn HWY417 IC119B RAMP76 & HWY417 IC119A RAMP67 (__3ZA2YT),__3ZA2YT,01 - Non intersection,03 - P.D. only,07 - SMV other,03 - Snow,07 - Dark,03 - Loose snow,10 - No control,,1,0,0,0,,0,,,,,368575.2953,5030526.642,45.41176991,-75.6852112,13732
18--9520,9/14/2018,8:00 PM,BROADVIEW AVE btwn WELLESLEY AVE & CARLING AVE (__3ZA0N7),__3ZA0N7,04 - At/near private drive,03 - P.D. only,02 - Angle,01 - Clear,07 - Dark,01 - Dry,10 - No control,,2,0,0,0,,0,,,,,363178.5608,5026643.677,45.37730262,-75.75461284,13733
18--9521,9/14/2018,8:07 AM,HAWTHORNE RD @ HUNT CLUB RD (0007651),7651,02 - Intersection related,03 - P.D. only,04 - Sideswipe,01 - Clear,01 - Daylight,01 - Dry,01 - Traffic signal,01 - Functioning,2,0,0,0,,0,,,,,375507.7981,5026406.563,45.37403347,-75.59724297,13734
18--8985,8/31/2018,12:19 PM,DOMALATCHY PL @ WOODROFFE AVE (0005078),5078,02 - Intersection related,03 - P.D. only,03 - Rear end,01 - Clear,01 - Daylight,01 - Dry,02 - Stop sign,01 - Functioning,2,0,0,0,,0,,,,,362403.6944,5024139.51,45.3548345,-75.76479759,13735
18--8904,8/28/2018,5:15 PM,COBOURG ST @ ST. PATRICK ST (0011483),11483,03 - At intersection,03 - P.D. only,05 - Turning movement,01 - Clear,01 - Daylight,01 - Dry,01 - Traffic signal,01 - Functioning,2,0,0,0,,0,,,,,368802.4622,5033234.262,45.43611135,-75.68195743,13736
18--9178,9/6/2018,3:10 PM,BOUNDARY RD @ HWY 417 BOUNDARY IC96R15/51 (0004216),4216,03 - At intersection,03 - P.D. only,02 - Angle,01 - Clear,01 - Daylight,01 - Dry,02 - Stop sign,01 - Functioning,2,0,0,0,,0,,,,,387508.8777,5023593.548,45.34741073,-75.44451499,13737
18--8905,8/28/2018,5:38 PM,BANKFIELD RD btwn PRINCE OF WALES DR & FIRST LINE RD (__3ZA2XY),__3ZA2XY,01 - Non intersection,03 - P.D. only,03 - Rear end,01 - Clear,01 - Daylight,01 - Dry,10 - No control,,2,0,0,0,,0,,,,,366430.1826,5009008.373,45.21834332,-75.71529128,13738
18--8986,8/31/2018,12:20 PM,BASELINE RD @ CLYDE AVE (0002343),2343,02 - Intersection related,03 - P.D. only,04 - Sideswipe,01 - Clear,01 - Daylight,01 - Dry,01 - Traffic signal,01 - Functioning,3,0,0,0,,0,,,,,364358.7028,5024890.513,45.3614286,-75.73975728,13739
18--8906,8/28/2018,7:26 PM,ATHLONE AVE @ RICHMOND RD (0006293),6293,03 - At intersection,03 - P.D. only,02 - Angle,01 - Clear,01 - Daylight,01 - Dry,01 - Traffic signal,01 - Functioning,2,0,0,0,,0,,,,,363453.6893,5028441.556,45.39345669,-75.75088661,13740
18--9179,9/6/2018,3:25 PM,BLOSSOM DR btwn CROCUS AVE & BEGONIA AVE (__3ZA9S9),__3ZA9S9,04 - At/near private drive,03 - P.D. only,05 - Turning movement,01 - Clear,01 - Daylight,01 - Dry,10 - No control,,2,0,0,0,,0,,,,,369835.9277,5027907.4,45.38808688,-75.66945251,13741
18--8987,8/31/2018,12:38 PM,BYRON AVE @ MAYFAIR AVE (0006387),6387,03 - At intersection,03 - P.D. only,02 - Angle,01 - Clear,01 - Daylight,01 - Dry,02 - Stop sign,01 - Functioning,2,0,0,0,,0,,,,,364406.638,5028674.571,45.39547284,-75.73868866,13742
18--8907,8/28/2018,7:30 PM,CARLING AVE @ PINECREST  RD/GREENVIEW AVE (0001630),1630,02 - Intersection related,03 - P.D. only,03 - Rear end,01 - Clear,01 - Daylight,01 - Dry,01 - Traffic signal,01 - Functioning,2,0,0,0,,0,,,,,360006.6759,5024632.528,45.35946349,-75.79533356,13743
18--918,1/16/2018,7:36 AM,INNES RD btwn ANDERSON RD & INNES RD (__3ZA3J2),__3ZA3J2,01 - Non intersection,03 - P.D. only,04 - Sideswipe,03 - Snow,03 - Dawn,04 - Slush,10 - No control,,2,0,0,0,,0,,,,,376369.336,5031889.491,45.42327837,-75.58544919,13744
18--8988,8/31/2018,12:57 PM,BOTTRIELL WAY N @ CHARLEMAGNE BLVD (0004324),4324,02 - Intersection related,03 - P.D. only,04 - Sideswipe,01 - Clear,01 - Daylight,01 - Dry,01 - Traffic signal,01 - Functioning,2,0,0,0,,0,,,,,383695.7486,5037954.574,45.47705873,-75.49086962,13745
18--8908,8/28/2018,7:41 AM,LEITRIM RD N @ RAMSAYVILLE RD (0004149),4149,03 - At intersection,03 - P.D. only,03 - Rear end,01 - Clear,01 - Daylight,01 - Dry,02 - Stop sign,01 - Functioning,2,0,0,0,,0,,,,,378726.7718,5023873.505,45.35091026,-75.55652935,13746
18--9180,9/6/2018,3:30 PM,HIGHWAY 417 btwn HWY417 IC115 RAMP51 & HWY417 IC115 RAMP35 (__3ZAZEB),__3ZAZEB,01 - Non intersection,03 - P.D. only,03 - Rear end,01 - Clear,01 - Daylight,01 - Dry,10 - No control,,2,0,0,0,,0,,,,,372283.1548,5031479.347,45.4199942,-75.63771463,13747
18--8989,8/31/2018,2:00 PM,JEANNE D'ARC BLVD @ ORLEANS BLVD S (0004154),4154,03 - At intersection,03 - P.D. only,03 - Rear end,01 - Clear,01 - Daylight,01 - Dry,01 - Traffic signal,01 - Functioning,2,0,0,0,,0,,,,,380940.7449,5036250.58,45.46203345,-75.52636679,13748
18--899,1/16/2018,2:00 PM,ALTA VISTA DR @ SMYTH RD (0011353),11353,03 - At intersection,03 - P.D. only,05 - Turning movement,01 - Clear,01 - Daylight,02 - Wet,01 - Traffic signal,01 - Functioning,2,0,0,0,,0,,,,,370432.7159,5029081.558,45.39859586,-75.66167579,13749
18--8990,8/31/2018,2:02 PM,BANK ST btwn AYLMER AVE & EUCLID AVE (__3ZA3N7),__3ZA3N7,01 - Non intersection,03 - P.D. only,01 - Approaching,01 - Clear,01 - Daylight,01 - Dry,10 - No control,,2,0,0,0,,0,,,,,368679.6861,5028714.886,45.3954588,-75.68411234,13750
18--8991,8/31/2018,2:36 PM,CARLING AVE @ KIRKWOOD AVE N (0002358),2358,02 - Intersection related,03 - P.D. only,03 - Rear end,01 - Clear,01 - Daylight,01 - Dry,01 - Traffic signal,01 - Functioning,2,0,0,0,,0,,,,,364275.692,5027493.534,45.38485722,-75.74050333,13751
18--8992,8/31/2018,2:41 PM,HUNT CLUB RD @ CANADAIR PRIV (0010852),10852,02 - Intersection related,02 - Non-fatal injury,03 - Rear end,01 - Clear,01 - Daylight,01 - Dry,01 - Traffic signal,01 - Functioning,2,0,0,0,02 - Minor,1,,1,,,368662.7173,5022311.494,45.33784433,-75.68515673,13752
18--8993,8/31/2018,2:51 PM,CUMMINGS AVE @ MONTREAL RD (0007748),7748,03 - At intersection,02 - Non-fatal injury,02 - Angle,01 - Clear,01 - Daylight,01 - Dry,01 - Traffic signal,01 - Functioning,2,1,0,0,02 - Minor,1,,1,,,372007.7076,5034040.586,45.44306554,-75.64088425,13753
18--8994,8/31/2018,2:55 PM,INNES RD btwn HWY417 IC112 RAMP66 & CYRVILLE RD (__3ZA3RCB),__3ZA3RCB,01 - Non intersection,03 - P.D. only,03 - Rear end,01 - Clear,01 - Daylight,01 - Dry,10 - No control,,2,0,0,0,,0,,,,,374965.0179,5031062.515,45.41597995,-75.60350985,13754
18--8995,8/31/2018,3:18 PM,BANK ST @ RIVERSIDE DR S (0002704),2704,03 - At intersection,02 - Non-fatal injury,05 - Turning movement,01 - Clear,01 - Daylight,01 - Dry,01 - Traffic signal,01 - Functioning,2,0,0,0,01 - Minimal,4,4,,,,369304.7164,5027894.553,45.38802041,-75.67623736,13755
18--8996,8/31/2018,3:20 PM,BIRCH AVE EXT./ROCKCLIFFE PKWY @ ROCKCLIFFE PK (0008782),8782,02 - Intersection related,02 - Non-fatal injury,03 - Rear end,01 - Clear,01 - Daylight,01 - Dry,02 - Stop sign,00 - Unknown,2,0,1,0,01 - Minimal,1,1,,,,370128.6947,5035705.741,45.45822599,-75.66467992,13756
18--8997,8/31/2018,3:20 PM,HIGHWAY 417 btwn HWY417 IC130 RAMP35 & HWY417 IC130 RAMP25 (__3ZA298),__3ZA298,01 - Non intersection,03 - P.D. only,03 - Rear end,01 - Clear,01 - Daylight,01 - Dry,10 - No control,,2,0,0,0,,0,,,,,359367.1884,5023081.215,45.34555483,-75.80366668,13757
18--8998,8/31/2018,3:21 PM,REGIONAL ROAD 174 btwn HWY417 IC113 RAMP67 & Continuation of REGIONAL  (__3ZA28A),__3ZA28A,01 - Non intersection,02 - Non-fatal injury,03 - Rear end,01 - Clear,01 - Daylight,01 - Dry,10 - No control,,4,0,0,0,01 - Minimal,1,1,,,,373816.6705,5032105.578,45.42547911,-75.61803427,13758
18--8999,8/31/2018,3:31 PM,BLACKBURN BYPASS @ NAVAN RD (0004201),4201,02 - Intersection related,03 - P.D. only,03 - Rear end,01 - Clear,01 - Daylight,01 - Dry,01 - Traffic signal,01 - Functioning,2,0,0,0,,0,,,,,379617.7473,5033274.563,45.43540039,-75.54373454,13759
18--90,1/2/2018,2:02 PM,HEARST WAY btwn ROBERGE CRES & COHEN AVE (__3ZBPMD),__3ZBPMD,01 - Non intersection,03 - P.D. only,03 - Rear end,03 - Snow,01 - Daylight,03 - Loose snow,10 - No control,,2,0,0,0,,0,,,,,352665.0881,5019868.658,45.31713701,-75.88949778,13760
18--900,1/16/2018,2:28 PM,METCALFE ST btwn GLOUCESTER ST & NEPEAN ST (__3ZA34F),__3ZA34F,01 - Non intersection,03 - P.D. only,06 - SMV unattended vehicle,01 - Clear,01 - Daylight,02 - Wet,10 - No control,,1,0,0,0,,0,,,,,367863.9892,5031337.088,45.4191265,-75.69419418,13761
18--9000,8/31/2018,3:35 PM,TERRY FOX DR @ 135 S OF HAZELDEAN RD/SOBEY'S S (0012468),12468,02 - Intersection related,02 - Non-fatal injury,07 - SMV other,01 - Clear,01 - Daylight,01 - Dry,01 - Traffic signal,01 - Functioning,1,0,0,1,02 - Minor,1,,1,,,352292.2136,5017139.576,45.2926054,-75.89451488,13762
18--9001,8/31/2018,3:35 PM,FRANK KENNY RD btwn MCFADDEN RD & RUSSELL RD (__3ZA6IY),__3ZA6IY,01 - Non intersection,02 - Non-fatal injury,07 - SMV other,01 - Clear,01 - Daylight,01 - Dry,10 - No control,,1,0,1,0,02 - Minor,1,,1,,,392072.9415,5027527.225,45.38224877,-75.38558696,13763
18--9002,8/31/2018,3:39 PM,KITCHENER AVE btwn BANFF AVE & COCHRANE ST (__3ZBN6V),__3ZBN6V,01 - Non intersection,03 - P.D. only,03 - Rear end,01 - Clear,01 - Daylight,01 - Dry,10 - No control,,2,0,0,0,,0,,,,,370820.7957,5025669.085,45.36785516,-75.65717579,13764
18--9003,8/31/2018,3:48 AM,PORTOBELLO BLVD/SPRINGRIDGE DR S @ TRIM RD (0012338),12338,03 - At intersection,02 - Non-fatal injury,07 - SMV other,01 - Clear,07 - Dark,01 - Dry,01 - Traffic signal,01 - Functioning,1,0,0,0,02 - Minor,1,,1,,,385690.0813,5038071.501,45.47788254,-75.46534563,13765
18--9004,8/31/2018,3:50 PM,ALBION RD @ HIGH RD (0004208),4208,03 - At intersection,03 - P.D. only,05 - Turning movement,01 - Clear,01 - Daylight,01 - Dry,02 - Stop sign,01 - Functioning,2,0,0,0,,0,,,,,374626.7548,5017746.474,45.29620174,-75.60971213,13766
18--9005,8/31/2018,3:57 PM,GREENBANK RD @ PRINCE OF WALES DR (0001083),1083,02 - Intersection related,03 - P.D. only,07 - SMV other,01 - Clear,01 - Daylight,01 - Dry,02 - Stop sign,01 - Functioning,1,0,0,0,,0,,,,,366201.691,5009543.381,45.22317729,-75.7181343,13767
18--9006,8/31/2018,4:05 PM,GREENBANK RD btwn 220 N OF STRANDHERD DR & STRANDHERD DR (__3ZA4JFB),__3ZA4JFB,01 - Non intersection,03 - P.D. only,03 - Rear end,01 - Clear,01 - Daylight,01 - Dry,10 - No control,,2,0,0,0,,0,,,,,363930.1056,5014794.453,45.27062108,-75.74643274,13768
18--9007,8/31/2018,4:13 PM,BENTLEY AVE btwn SUNDERLAND ST & CAMELOT DR (__3ZA53R),__3ZA53R,04 - At/near private drive,02 - Non-fatal injury,05 - Turning movement,01 - Clear,01 - Daylight,01 - Dry,10 - No control,,2,0,1,0,01 - Minimal,1,1,,,,366082.8696,5021792.686,45.33340625,-75.71813487,13769
18--9008,8/31/2018,4:36 PM,O'CONNOR ST @ SOMERSET ST (0002690),2690,02 - Intersection related,03 - P.D. only,03 - Rear end,01 - Clear,01 - Daylight,01 - Dry,01 - Traffic signal,01 - Functioning,2,0,0,0,,0,,,,,367855.7095,5031012.574,45.41620738,-75.69434149,13770
18--9009,8/31/2018,4:40 PM,INNES RD btwn BLAIR RD & ANDERSON RD (__3ZA3JZ),__3ZA3JZ,01 - Non intersection,02 - Non-fatal injury,03 - Rear end,01 - Clear,01 - Daylight,01 - Dry,10 - No control,,2,0,0,0,01 - Minimal,2,2,,,,376010.8651,5031690.206,45.4215219,-75.59005815,13771
18--901,1/16/2018,2:39 PM,MAYFIELD ST @ MCARTHUR AVE (0009190),9190,03 - At intersection,03 - P.D. only,02 - Angle,01 - Clear,01 - Daylight,02 - Wet,02 - Stop sign,01 - Functioning,2,0,0,0,,0,,,,,370065.707,5032674.585,45.43095884,-75.66588726,13772
18--9010,8/31/2018,4:46 PM,BANKFIELD RD btwn KILREEN LANE & PRINCE OF WALES DR (__3ZA4KO),__3ZA4KO,01 - Non intersection,03 - P.D. only,03 - Rear end,01 - Clear,01 - Daylight,01 - Dry,10 - No control,,4,0,0,0,,0,,,,,366029.995,5008780.562,45.21632836,-75.72041422,13773
18--9011,8/31/2018,4:48 PM,TERRY FOX DR btwn HUNTSVILLE DR & RICHARDSON SIDE RD (e___2HFP),e___2HFP,01 - Non intersection,03 - P.D. only,03 - Rear end,01 - Clear,01 - Daylight,01 - Dry,10 - No control,,2,0,0,0,,0,,,,,348610.895,5019663.771,45.31555806,-75.94122311,13774
18--9012,8/31/2018,4:55 PM,ROSEMOUNT AVE btwn WELLINGTON ST W & GLADSTONE AVE (__3ZA05K),__3ZA05K,04 - At/near private drive,03 - P.D. only,02 - Angle,01 - Clear,01 - Daylight,01 - Dry,10 - No control,,2,0,0,0,,0,,,,,365373.5563,5029406.356,45.4019743,-75.72625018,13775
18--9013,8/31/2018,4:55 PM,HIGHWAY 417 btwn HWY417 IC129 RAMP25 & TRANSIT (__3ZA2SH),__3ZA2SH,01 - Non intersection,03 - P.D. only,03 - Rear end,01 - Clear,01 - Daylight,01 - Dry,10 - No control,,2,0,0,0,,0,,,,,361832.1751,5024596.487,45.35899307,-75.77203863,13776
18--9014,8/31/2018,5:29 PM,FLEWELLYN RD @ SHEA RD (0000398),398,03 - At intersection,03 - P.D. only,02 - Angle,01 - Clear,01 - Daylight,01 - Dry,02 - Stop sign,01 - Functioning,2,0,0,0,,0,,,,,352993.5996,5012174.406,45.24787965,-75.8860552,13777
18--9015,8/31/2018,7:04 PM,COLONEL BY DR @ HAWTHORNE AVE/PRETORIA BRIDGE (0002122),2122,02 - Intersection related,03 - P.D. only,03 - Rear end,01 - Clear,01 - Daylight,01 - Dry,01 - Traffic signal,01 - Functioning,2,0,0,0,,0,,,,,368767.7103,5030525.567,45.41174268,-75.68275331,13778
18--9016,8/31/2018,7:23 PM,BRONSON AVE @ FIRST AVE (0007719),7719,03 - At intersection,02 - Non-fatal injury,02 - Angle,01 - Clear,05 - Dusk,01 - Dry,02 - Stop sign,01 - Functioning,2,0,0,0,02 - Minor,1,,1,,,367489.707,5029236.562,45.40026024,-75.69924325,13779
18--9017,8/31/2018,7:45 AM,ABBEYDALE CIRC btwn Continuation of ABBEYDALE CIRC & FORESTBROOK ST (__5GNZDN),__5GNZDN,04 - At/near private drive,03 - P.D. only,02 - Angle,01 - Clear,01 - Daylight,01 - Dry,10 - No control,,2,0,0,0,,0,,,,,348350.7548,5022979.302,45.34540832,-75.94424916,13780
18--9018,8/31/2018,8:09 AM,ALBERT ST @ ELGIN ST/MACKENZIE KING BRIDGE (0002226),2226,03 - At intersection,03 - P.D. only,07 - SMV other,01 - Clear,01 - Daylight,01 - Dry,01 - Traffic signal,01 - Functioning,1,0,0,0,,0,,,,,367850.7113,5031711.581,45.42249726,-75.6943159,13781
18--9019,8/31/2018,8:30 AM,EWING ST @ JOHNSTON RD (0008253),8253,03 - At intersection,03 - P.D. only,02 - Angle,01 - Clear,01 - Daylight,01 - Dry,02 - Stop sign,01 - Functioning,2,0,0,0,,0,,,,,373637.737,5026421.529,45.37435433,-75.6211139,13782
18--902,1/16/2018,2:44 PM,LIBRARY RD @ UNIVERSITY RD (0007869),7869,02 - Intersection related,02 - Non-fatal injury,05 - Turning movement,01 - Clear,01 - Daylight,01 - Dry,02 - Stop sign,01 - Functioning,2,1,0,0,02 - Minor,1,,1,,,367412.7093,5026904.537,45.3792842,-75.70052256,13783
18--9020,8/31/2018,8:30 AM,BEACONWOOD DR btwn NASKAPI DR & NASKAPI DR (__3ZA1FJ),__3ZA1FJ,01 - Non intersection,03 - P.D. only,04 - Sideswipe,01 - Clear,01 - Daylight,01 - Dry,10 - No control,,2,0,0,0,,0,,,,,375465.84,5034570.126,45.44748901,-75.59660831,13784