Anom_ID,Accident_Date,Accident_Time,Location,Geo_ID,Accident_Location,Classification_of_Accident,Initial_Impact_Type,Environment_Condition,Light,Road_Surface_Condition,Traffic_Control,Traffic_Control_Condition,No__of_Vehicles,No__of_Bicycles,No__of_Motorcycles,No__of_Pedestrians,Max_Injury,No__of_Injuries,No__of_Minimal,No__of_Minor,No__of_Major,No__of_Fatal,X,Y,Latitude,Longitude,ObjectId
18--9021,8/31/2018,9:01 AM,INNES RD @ JEANNE D'ARC BLVD/MER BLEUE RD (0012475),12475,02 - Intersection related,03 - P.D. only,03 - Rear end,01 - Clear,01 - Daylight,01 - Dry,01 - Traffic signal,01 - Functioning,2,0,0,0,,0,,,,,382637.7536,5035567.554,45.45570115,-75.50477805,13785
18--9022,8/31/2018,9:20 AM,RENAUD RD @ NAVAN RD (0003685),3685,03 - At intersection,02 - Non-fatal injury,02 - Angle,01 - Clear,01 - Daylight,01 - Dry,01 - Traffic signal,01 - Functioning,2,0,0,0,02 - Minor,3,2,1,,,381816.769,5032736.52,45.43032076,-75.51571653,13786
18--9023,8/31/2018,9:32 AM,SLACK RD @ WOODROFFE AVE (0000102),102,03 - At intersection,03 - P.D. only,05 - Turning movement,01 - Clear,01 - Daylight,01 - Dry,01 - Traffic signal,01 - Functioning,2,0,0,0,,0,,,,,364233.6833,5019974.479,45.31720523,-75.74194347,13787
18--9024,8/31/2018,9:38 PM,MOODIE DR btwn TYRRELL PL & WIFFEN PRIV (__4FOEI2),__4FOEI2,01 - Non intersection,02 - Non-fatal injury,02 - Angle,01 - Clear,07 - Dark,01 - Dry,10 - No control,,2,0,0,0,01 - Minimal,3,3,,,,357328.8355,5019849.096,45.31662756,-75.83001932,13788
18--9025,8/31/2018,9:50 PM,RUSSELL RD btwn RUISSELLET RD & LANGLADE RD (__3ZA1O2),__3ZA1O2,01 - Non intersection,03 - P.D. only,07 - SMV other,01 - Clear,07 - Dark,01 - Dry,10 - No control,,1,0,0,0,,0,,,,,399856.9796,5029419.369,45.39825868,-75.28584741,13789
18--9026,8/31/2018,9:54 AM,WEST HUNT CLUB RD @ WOODROFFE AVE (0000576),576,02 - Intersection related,02 - Non-fatal injury,03 - Rear end,01 - Clear,01 - Daylight,01 - Dry,01 - Traffic signal,01 - Functioning,3,0,0,0,02 - Minor,1,,1,,,363670.691,5021246.489,45.32869813,-75.74897241,13790
18--9027,9/1/2018,1:12 PM,CARLING AVE @ CARLINGWOOD SC (0008881),8881,03 - At intersection,02 - Non-fatal injury,07 - SMV other,01 - Clear,01 - Daylight,01 - Dry,01 - Traffic signal,01 - Functioning,1,0,0,1,02 - Minor,1,,1,,,362073.0118,5025919.029,45.37087356,-75.76881154,13791
18--9028,9/1/2018,1:33 PM,BANK ST btwn RIDEAU RD & TURN LANE (__3ZBPH9),__3ZBPH9,01 - Non intersection,02 - Non-fatal injury,07 - SMV other,01 - Clear,01 - Daylight,01 - Dry,10 - No control,,1,0,0,0,02 - Minor,1,,1,,,377497.3802,5016537.5,45.28503275,-75.57329368,13792
18--9029,9/1/2018,10:50 PM,HWY417 IC117 RAMP36 btwn HIGHWAY 417 & VANIER PKWY (__3ZAYAX),__3ZAYAX,01 - Non intersection,03 - P.D. only,03 - Rear end,01 - Clear,07 - Dark,01 - Dry,10 - No control,,2,0,0,0,,0,,,,,370769.0207,5031438.59,45.41977189,-75.65706524,13793
18--903,1/16/2018,2:44 PM,ST. LAURENT BLVD btwn JOLIFFE ST & SUSAN ST (__3ZA731),__3ZA731,01 - Non intersection,03 - P.D. only,04 - Sideswipe,01 - Clear,01 - Daylight,04 - Slush,10 - No control,,2,0,0,0,,0,,,,,373781.6818,5028343.274,45.39163118,-75.61900777,13794
18--9030,9/1/2018,10:59 PM,HIGHWAY 417 btwn HWY417 IC144 RAMP16 & HWY417 IC144 RAMP61 (__3ZA2QU),__3ZA2QU,01 - Non intersection,03 - P.D. only,07 - SMV other,01 - Clear,07 - Dark,01 - Dry,10 - No control,,1,0,0,0,,0,,,,,347516.3029,5015971.462,45.28240083,-75.95550132,13795
18--9031,9/1/2018,11:00 PM,BELLEVIEW DR btwn MARCASITE RD & PINEVIEW RD (__31BXXP),__31BXXP,01 - Non intersection,03 - P.D. only,06 - SMV unattended vehicle,01 - Clear,07 - Dark,01 - Dry,10 - No control,,1,0,0,0,,0,,,,,353196.4556,5018719.169,45.30675724,-75.88283305,13796
18--9032,9/1/2018,11:42 AM,PINECREST RD btwn QUEENSVIEW DR & HWY417 IC129 RAMP36 (__3ZA4LW),__3ZA4LW,01 - Non intersection,03 - P.D. only,03 - Rear end,01 - Clear,01 - Daylight,01 - Dry,10 - No control,,2,0,0,0,,0,,,,,360357.9334,5023754.736,45.35153739,-75.79094905,13797
18--9033,9/1/2018,11:45 PM,LONG POINT CIRC btwn TUNDRA SWAN BAY & LARUE MILLS PL (__49P5HT),__49P5HT,01 - Non intersection,03 - P.D. only,06 - SMV unattended vehicle,01 - Clear,07 - Dark,01 - Dry,10 - No control,,1,0,0,0,,0,,,,,375251.3416,5020377.471,45.31981214,-75.60137566,13798
18--9034,9/1/2018,2:08 AM,KING EDWARD AVE btwn WILBROD ST & LAURIER AVE E (__3ZA3VM),__3ZA3VM,01 - Non intersection,03 - P.D. only,06 - SMV unattended vehicle,01 - Clear,07 - Dark,01 - Dry,10 - No control,,1,0,0,0,,0,,,,,368688.0524,5032119.328,45.42609005,-75.68356426,13799
18--9035,9/1/2018,2:17 PM,BARWELL AVE btwn ALENMEDE CRES & ALENMEDE CRES (__3ZABJU),__3ZABJU,04 - At/near private drive,03 - P.D. only,06 - SMV unattended vehicle,01 - Clear,01 - Daylight,01 - Dry,10 - No control,,1,0,0,0,,0,,,,,359722.5729,5023480.293,45.349118,-75.79908763,13800
18--9036,9/1/2018,3:24 PM,RICHMOND RD @ LYNHAR RD/STAFFORD RD (0000155),155,02 - Intersection related,03 - P.D. only,03 - Rear end,01 - Clear,01 - Daylight,01 - Dry,01 - Traffic signal,01 - Functioning,2,0,0,0,,0,,,,,358137.6639,5021086.475,45.32770062,-75.81957055,13801
18--9037,9/1/2018,3:26 AM,MERIVALE RD @ WOODFIELD DR/ROYDON PL (0009776),9776,02 - Intersection related,03 - P.D. only,03 - Rear end,01 - Clear,07 - Dark,01 - Dry,01 - Traffic signal,01 - Functioning,2,0,0,0,,0,,,,,365462.7012,5022298.499,45.33801138,-75.72598443,13802
18--9038,9/1/2018,3:56 PM,PRINCE OF WALES DR @ THIRD LINE RD (0011955),11955,03 - At intersection,03 - P.D. only,05 - Turning movement,01 - Clear,01 - Daylight,01 - Dry,02 - Stop sign,01 - Functioning,2,0,0,0,,0,,,,,366929.6626,5001817.306,45.1535937,-75.70982798,13803
18--9039,9/1/2018,5:06 PM,HOGAN ST btwn MEADOWLANDS DR E & WIGAN DR (__3ZAALA),__3ZAALA,01 - Non intersection,03 - P.D. only,06 - SMV unattended vehicle,01 - Clear,01 - Daylight,01 - Dry,10 - No control,,1,0,0,0,,0,,,,,366121.6338,5024846.361,45.36087934,-75.71726174,13804
18--904,1/16/2018,3:00 PM,BANK ST @ CATHERINE ST (0002708),2708,02 - Intersection related,03 - P.D. only,04 - Sideswipe,01 - Clear,01 - Daylight,01 - Dry,01 - Traffic signal,01 - Functioning,2,0,0,0,,0,,,,,368039.7056,5030267.572,45.40948749,-75.69208641,13805
18--9040,9/1/2018,5:47 PM,INNES RD @ LANTHIER DR/PRESTWICK DR (0004251),4251,03 - At intersection,02 - Non-fatal injury,07 - SMV other,01 - Clear,01 - Daylight,01 - Dry,01 - Traffic signal,01 - Functioning,1,0,0,1,03 - Major,1,,,1,,383540.7632,5035988.565,45.45938786,-75.49316667,13806
18--9041,9/1/2018,6:00 PM,KING EDWARD AVE @ SUSSEX DR (0002653),2653,02 - Intersection related,03 - P.D. only,05 - Turning movement,01 - Clear,01 - Daylight,01 - Dry,01 - Traffic signal,01 - Functioning,2,0,0,0,,0,,,,,367663.7001,5033503.597,45.43863804,-75.69647658,13807
18--9042,9/1/2018,6:29 PM,KERWIN RD btwn MOWBRAY ST & FIFTH LINE RD (__3ZBNC2),__3ZBNC2,01 - Non intersection,02 - Non-fatal injury,07 - SMV other,01 - Clear,01 - Daylight,01 - Dry,10 - No control,,1,0,1,0,02 - Minor,1,,1,,,347191.7555,5028982.708,45.39949938,-75.95852321,13808
18--9043,9/1/2018,8:14 AM,JINKINSON RD btwn FERNBANK RD & HAZELDEAN RD (__7JQ7K3),__7JQ7K3,01 - Non intersection,03 - P.D. only,07 - SMV other,01 - Clear,01 - Daylight,01 - Dry,10 - No control,,1,0,0,0,,0,,,,,345797.7485,5007776.381,45.20876003,-75.97808228,13809
18--9044,9/1/2018,9:45 AM,LEITRIM RD btwn 810 W OF HAWTHORNE & BANK ST (__3ZA3SPA),__3ZA3SPA,04 - At/near private drive,03 - P.D. only,03 - Rear end,01 - Clear,01 - Daylight,01 - Dry,10 - No control,,2,0,0,0,,0,,,,,375532.4414,5021717.803,45.33184363,-75.59759914,13810
18--9045,9/2/2018,1:05 PM,HWY417 IC115 RAMP36 btwn ST. LAURENT BLVD & TRANSIT (__3ZAY8E),__3ZAY8E,01 - Non intersection,02 - Non-fatal injury,03 - Rear end,02 - Rain,01 - Daylight,02 - Wet,10 - No control,,3,0,0,0,01 - Minimal,1,1,,,,372407.7283,5031666.799,45.42166878,-75.63609731,13811
18--9046,9/2/2018,10:09 PM,SPEEDWAY RD btwn SPRUCE RIDGE RD & END (__7JQ7KY),__7JQ7KY,01 - Non intersection,03 - P.D. only,07 - SMV other,01 - Clear,07 - Dark,01 - Dry,10 - No control,,1,0,0,0,,0,,,,,344802.0279,5010515.006,45.23346082,-75.99053764,13812
18--9047,9/2/2018,10:49 AM,BRONSON AVE @ LAKEVIEW TER (0007216),7216,03 - At intersection,03 - P.D. only,02 - Angle,01 - Clear,01 - Daylight,01 - Dry,02 - Stop sign,01 - Functioning,2,0,0,0,,0,,,,,367687.7081,5028761.546,45.39596843,-75.69677493,13813
18--9048,9/2/2018,11:00 AM,RIVERSIDE DR @ TREMBLAY RD/HWY417 IC117 RAMP52 (0010790),10790,02 - Intersection related,03 - P.D. only,03 - Rear end,01 - Clear,01 - Daylight,01 - Dry,01 - Traffic signal,01 - Functioning,2,0,0,0,,0,,,,,370802.078,5031015.908,45.41596566,-75.6566995,13814
18--9049,9/2/2018,11:11 AM,BANK ST @ ROSEBELLA AVE (0009238),9238,03 - At intersection,03 - P.D. only,05 - Turning movement,01 - Clear,01 - Daylight,01 - Dry,01 - Traffic signal,01 - Functioning,2,0,0,0,,0,,,,,373205.7427,5023550.514,45.34856437,-75.62702613,13815
18--905,1/16/2018,3:00 PM,TERRY FOX DR N @ FLAMBOROUGH WAY/INNOVATION DR (0011795),11795,02 - Intersection related,03 - P.D. only,03 - Rear end,01 - Clear,01 - Daylight,03 - Loose snow,01 - Traffic signal,01 - Functioning,2,0,0,0,,0,,,,,349384.9772,5022955.856,45.34513237,-75.93105422,13816
18--9050,9/2/2018,Unknown,ALENMEDE CRES btwn REID HAVEN RD & BARWELL AVE (1) (__3ZAA3F),__3ZAA3F,01 - Non intersection,03 - P.D. only,06 - SMV unattended vehicle,01 - Clear,00 - Unknown,01 - Dry,10 - No control,,1,0,0,0,,0,,,,,359609.7493,5023602.389,45.35022545,-75.80051382,13817
18--9051,9/2/2018,12:19 AM,LAURIER AVE @ NICHOLAS ST (0010711),10711,02 - Intersection related,02 - Non-fatal injury,03 - Rear end,01 - Clear,07 - Dark,01 - Dry,01 - Traffic signal,01 - Functioning,2,0,0,0,01 - Minimal,1,1,,,,368373.6021,5031798.286,45.42323008,-75.6876237,13818
18--9052,9/2/2018,12:30 PM,LILIBET CRES btwn ALBION RD N & ALBION RD N (__45KRIQ),__45KRIQ,04 - At/near private drive,03 - P.D. only,06 - SMV unattended vehicle,01 - Clear,01 - Daylight,01 - Dry,10 - No control,,1,0,0,0,,0,,,,,371092.5867,5026057.625,45.37132545,-75.65365433,13819
18--9053,9/2/2018,12:50 PM,BEARBROOK RD/ROCKCLIFFE PKWY @ ST. JOSEPH BLVD (0012382),12382,02 - Intersection related,03 - P.D. only,07 - SMV other,02 - Rain,01 - Daylight,02 - Wet,01 - Traffic signal,01 - Functioning,1,0,0,0,,0,,,,,377128.8076,5035239.484,45.45334135,-75.57525328,13820
18--9054,9/2/2018,2:21 PM,NICHOLAS ST NB btwn HWY417 IC118 RAMP52 & WALLER ST/TRANSITWAY (__6KCFNL),__6KCFNL,01 - Non intersection,03 - P.D. only,03 - Rear end,01 - Clear,01 - Daylight,01 - Dry,10 - No control,,2,0,0,0,,0,,,,,368543.7355,5031672.094,45.42207917,-75.68546619,13821
18--9055,9/2/2018,2:32 PM,MERIVALE RD @ CAPILANO DR/WITHROW AVE (0009820),9820,02 - Intersection related,03 - P.D. only,03 - Rear end,02 - Rain,01 - Daylight,02 - Wet,01 - Traffic signal,01 - Functioning,2,0,0,0,,0,,,,,364642.4291,5024227.769,45.35544116,-75.73621618,13822
18--9056,9/2/2018,2:44 AM,BRONSON AVE @ COMMISSIONER ST/SLATER ST (0001679),1679,03 - At intersection,02 - Non-fatal injury,02 - Angle,01 - Clear,07 - Dark,01 - Dry,01 - Traffic signal,01 - Functioning,2,0,0,0,02 - Minor,2,,2,,,366768.6848,5030948.633,45.41572917,-75.70823703,13823
18--9057,9/2/2018,2:50 PM,HWY417 IC129 RAMP35 btwn HIGHWAY 417 & GREENBANK RD (__3ZAYBL),__3ZAYBL,01 - Non intersection,03 - P.D. only,07 - SMV other,01 - Clear,01 - Daylight,01 - Dry,10 - No control,,1,0,0,0,,0,,,,,360373.2319,5023341.592,45.34781872,-75.79080025,13824
18--9058,9/2/2018,2:56 PM,KITCHENER AVE @ BANK ST (0011963),11963,03 - At intersection,03 - P.D. only,05 - Turning movement,02 - Rain,01 - Daylight,02 - Wet,01 - Traffic signal,01 - Functioning,3,0,0,0,,0,,,,,370540.8761,5025499.972,45.36635984,-75.66077137,13825
18--9059,9/2/2018,3:08 PM,CITIGATE DR @ CROSSKEYS PL (0017384),17384,02 - Intersection related,03 - P.D. only,02 - Angle,01 - Clear,01 - Daylight,01 - Dry,11 - Roundabout,01 - Functioning,2,0,0,0,,0,,,,,360723.6749,5014675.715,45.26981496,-75.78730632,13826
18--906,1/16/2018,3:28 PM,WALKLEY RD btwn MCCARTHY RD & WEXFORD WAY (__3ZA37X),__3ZA37X,01 - Non intersection,03 - P.D. only,03 - Rear end,01 - Clear,01 - Daylight,04 - Slush,10 - No control,,2,0,0,0,,0,,,,,369341.4712,5025361.16,45.36522232,-75.67609914,13827
18--9060,9/2/2018,3:33 PM,PINECREST RD btwn KELLY AVE & DUMAURIER AVE (__3ZA4M1),__3ZA4M1,04 - At/near private drive,03 - P.D. only,02 - Angle,01 - Clear,01 - Daylight,01 - Dry,10 - No control,,2,0,0,0,,0,,,,,360305.3985,5023882.001,45.35268668,-75.79160519,13828
18--9061,9/2/2018,5:13 PM,ABBEYHILL DR @ EAGLESON RD (0003404),3404,02 - Intersection related,02 - Non-fatal injury,03 - Rear end,01 - Clear,01 - Daylight,01 - Dry,01 - Traffic signal,01 - Functioning,2,0,0,0,02 - Minor,2,1,1,,,353827.5896,5018034.542,45.30055305,-75.87485282,13829
18--9062,9/2/2018,5:57 PM,GREENBANK RD @ HIGHBURY PARK DR (0005310),5310,02 - Intersection related,03 - P.D. only,03 - Rear end,01 - Clear,01 - Daylight,01 - Dry,01 - Traffic signal,01 - Functioning,2,0,0,0,,0,,,,,363615.9252,5015523.049,45.27720335,-75.75035007,13830
18--9063,9/2/2018,7:20 PM,HIGHWAY 416 btwn HWY416 IC66 RAMP62 & HWY416 IC72 RAMP24 (__3ZAZMZ),__3ZAZMZ,01 - Non intersection,03 - P.D. only,07 - SMV other,02 - Rain,05 - Dusk,02 - Wet,10 - No control,,1,0,0,0,,0,,,,,359775.412,5017158.027,45.29222584,-75.79911513,13831
18--9064,9/2/2018,8:11 PM,CONROY RD @ HUNT CLUB RD (0002257),2257,02 - Intersection related,03 - P.D. only,03 - Rear end,02 - Rain,07 - Dark,02 - Wet,01 - Traffic signal,01 - Functioning,3,0,0,0,,0,,,,,373763.7403,5025404.523,45.36519135,-75.61964732,13832
18--9065,9/2/2018,8:13 PM,BLAKE BLVD @ LAFONTAINE AVE (0009882),9882,03 - At intersection,03 - P.D. only,02 - Angle,01 - Clear,07 - Dark,01 - Dry,02 - Stop sign,01 - Functioning,2,0,0,0,,0,,,,,370940.6282,5033037.692,45.43414372,-75.65465798,13833
18--9066,9/2/2018,8:48 PM,2ND LINE RD btwn DALMENY RD & BELMEADE RD (__3ZA7IE),__3ZA7IE,01 - Non intersection,03 - P.D. only,07 - SMV other,01 - Clear,07 - Dark,01 - Dry,10 - No control,,1,0,0,0,,0,,,,,377709.0891,4997859.442,45.11695078,-75.57332768,13834
18--9067,9/2/2018,9:30 PM,NAVAN RD btwn DIAMOND WAY & TENTH LINE RD (__3ZA3YY),__3ZA3YY,01 - Non intersection,03 - P.D. only,07 - SMV other,"07 - Fog, mist, smoke, dust",07 - Dark,01 - Dry,10 - No control,,1,0,0,0,,0,,,,,385708.6257,5031844.221,45.42185327,-75.46613267,13835
18--9068,9/2/2018,9:58 AM,PRINCE OF WALES DR @ FALLOWFIELD RD (0000566),566,02 - Intersection related,03 - P.D. only,07 - SMV other,01 - Clear,01 - Daylight,01 - Dry,01 - Traffic signal,01 - Functioning,1,0,0,0,,0,,,,,367399.7816,5019166.534,45.30966031,-75.70166688,13836
18--9069,9/3/2018,1:40 AM,BREWER RD @ BRONSON AVE (0002240),2240,03 - At intersection,02 - Non-fatal injury,07 - SMV other,01 - Clear,07 - Dark,01 - Dry,01 - Traffic signal,01 - Functioning,1,0,0,1,02 - Minor,1,,1,,,368109.0623,5027766.41,45.38697651,-75.69152145,13837
18--907,1/16/2018,3:34 PM,"MONTREAL RD btwn EGLISE, RUE DE L & ST. LAURENT BLVD (__3ZA3ML)",__3ZA3ML,04 - At/near private drive,02 - Non-fatal injury,02 - Angle,03 - Snow,01 - Daylight,04 - Slush,10 - No control,,2,0,0,0,02 - Minor,1,,1,,,371172.6928,5033641.253,45.4395523,-75.65161091,13838
18--9070,9/3/2018,1:53 PM,PARKDALE AVE btwn OXFORD ST & SPENCER ST (__3ZA3ZB),__3ZA3ZB,01 - Non intersection,03 - P.D. only,06 - SMV unattended vehicle,01 - Clear,01 - Daylight,01 - Dry,10 - No control,,1,0,0,0,,0,,,,,365061.7691,5029469.726,45.4025714,-75.73022476,13839
18--9071,9/3/2018,11:38 PM,LYON ST    N btwn GLADSTONE AVE & MCLEOD ST (__3ZBOE8),__3ZBOE8,01 - Non intersection,03 - P.D. only,06 - SMV unattended vehicle,01 - Clear,07 - Dark,01 - Dry,10 - No control,,1,0,0,0,,0,,,,,367596.1641,5030341.311,45.4101909,-75.69774288,13840
18--8909,8/28/2018,8:10 PM,INNES RD @ JEANNE D'ARC BLVD/MER BLEUE RD (0012475),12475,02 - Intersection related,02 - Non-fatal injury,05 - Turning movement,01 - Clear,05 - Dusk,01 - Dry,01 - Traffic signal,01 - Functioning,3,0,0,0,02 - Minor,2,1,1,,,382637.7539,5035567.553,45.45570114,-75.50477805,13841
18--891,1/15/2018,9:44 AM,KIRKWOOD AVE @ MERIVALE RD (0002243),2243,03 - At intersection,03 - P.D. only,03 - Rear end,01 - Clear,01 - Daylight,01 - Dry,01 - Traffic signal,01 - Functioning,2,0,0,0,,0,,,,,364853.7012,5026646.542,45.37718683,-75.73322592,13842
18--9181,9/6/2018,3:49 PM,MEADOWLANDS DR @ NESS ST (0001669),1669,02 - Intersection related,02 - Non-fatal injury,03 - Rear end,01 - Clear,01 - Daylight,01 - Dry,02 - Stop sign,01 - Functioning,3,0,0,0,01 - Minimal,1,1,,,,366414.7043,5024944.518,45.36173684,-75.71350896,13843
18--8910,8/28/2018,8:15 PM,CRESTWAY DR @ LEIKIN DR (0009767),9767,03 - At intersection,02 - Non-fatal injury,07 - SMV other,01 - Clear,07 - Dark,01 - Dry,02 - Stop sign,01 - Functioning,1,0,0,1,02 - Minor,1,,1,,,366939.4046,5016514.564,45.28583905,-75.70786982,13844
18--8911,8/28/2018,8:51 AM,GREENBANK RD @ WEST HUNT CLUB RD (0005167),5167,02 - Intersection related,03 - P.D. only,03 - Rear end,01 - Clear,01 - Daylight,01 - Dry,01 - Traffic signal,01 - Functioning,3,0,0,0,,0,,,,,361479.6766,5020502.479,45.3221839,-75.7770066,13845
18--9182,9/6/2018,3:51 PM,BANK ST @ CATHERINE ST (0002708),2708,03 - At intersection,02 - Non-fatal injury,02 - Angle,01 - Clear,01 - Daylight,01 - Dry,01 - Traffic signal,01 - Functioning,2,0,0,0,02 - Minor,1,,1,,,368039.7051,5030267.572,45.40948749,-75.69208641,13846
18--8912,8/28/2018,9:26 AM,HAWTHORNE AVE @ MAIN ST (0006919),6919,02 - Intersection related,03 - P.D. only,03 - Rear end,01 - Clear,01 - Daylight,01 - Dry,01 - Traffic signal,01 - Functioning,2,0,0,0,,0,,,,,368970.7099,5030632.567,45.41268684,-75.68014614,13847
18--9183,9/6/2018,4:00 PM,HIGHWAY 417 btwn HWY417 IC127 RAMP67 & HWY417 IC126 RAMP16 (__3ZA2X0),__3ZA2X0,01 - Non intersection,03 - P.D. only,03 - Rear end,01 - Clear,01 - Daylight,01 - Dry,10 - No control,,3,0,0,0,,0,,,,,362390.2742,5025059.859,45.36311683,-75.76486162,13848
18--8913,8/29/2018,1:00 PM,KLONDIKE RD @ MARCH RD (0003096),3096,03 - At intersection,02 - Non-fatal injury,05 - Turning movement,01 - Clear,01 - Daylight,01 - Dry,01 - Traffic signal,02 - Not functioning,2,0,0,0,01 - Minimal,1,1,,,,349262.9711,5024061.621,45.35509004,-75.93251163,13849
18--9184,9/6/2018,4:15 PM,HIGHWAY 417 btwn HWY417 IC124 RAMP65 & HWY417 IC122 RAMP51 (__3ZA2R8),__3ZA2R8,01 - Non intersection,02 - Non-fatal injury,03 - Rear end,01 - Clear,01 - Daylight,01 - Dry,10 - No control,,3,0,0,0,01 - Minimal,1,1,,,,365001.9604,5028449.253,45.39339455,-75.73111323,13850
18--8914,8/29/2018,1:44 PM,INDUSTRIAL AVE @ ALTA VISTA DR/SANDFORD FLEMIN (0006979),6979,02 - Intersection related,03 - P.D. only,03 - Rear end,02 - Rain,01 - Daylight,02 - Wet,01 - Traffic signal,01 - Functioning,2,0,0,0,,0,,,,,370884.7242,5030557.57,45.41183392,-75.65570511,13851
18--8915,8/29/2018,11:14 PM,RICHMOND RD btwn GRENON AVE & MARIELLE CRT (__3ZA4M3),__3ZA4M3,01 - Non intersection,02 - Non-fatal injury,07 - SMV other,01 - Clear,07 - Dark,01 - Dry,10 - No control,,1,0,0,0,02 - Minor,1,,1,,,359812.0631,5024042.36,45.35416846,-75.79788312,13852
18--9185,9/6/2018,4:30 PM,CARLING AVE @ IROQUOIS RD (0003145),3145,03 - At intersection,02 - Non-fatal injury,05 - Turning movement,01 - Clear,01 - Daylight,01 - Dry,01 - Traffic signal,01 - Functioning,2,0,0,0,01 - Minimal,1,1,,,,362213.6856,5026025.53,45.37182033,-75.76700337,13853
18--8916,8/29/2018,11:24 AM,SOMERSET ST @ PERCY ST (0006762),6762,03 - At intersection,03 - P.D. only,05 - Turning movement,01 - Clear,01 - Daylight,01 - Dry,01 - Traffic signal,02 - Not functioning,2,0,0,0,,0,,,,,367115.7037,5030568.572,45.41227868,-75.70385171,13854
18--9186,9/6/2018,4:30 PM,OTTAWA RIVER PKWY EB btwn TRANSIT & TURN LANE (1) (__3ZA232),__3ZA232,01 - Non intersection,03 - P.D. only,04 - Sideswipe,01 - Clear,01 - Daylight,01 - Dry,10 - No control,,2,0,0,0,,0,,,,,363145.5851,5029274.096,45.40097348,-75.75472285,13855
18--8917,8/29/2018,11:33 PM,MERIVALE RD @ WEST HUNT CLUB RD (0000584),584,02 - Intersection related,03 - P.D. only,03 - Rear end,01 - Clear,07 - Dark,01 - Dry,01 - Traffic signal,01 - Functioning,2,0,0,0,,0,,,,,365612.6172,5021942.472,45.33479492,-75.72411553,13856
18--9187,9/6/2018,5:08 PM,WELLINGTON ST btwn BAY ST & LYON ST N (__5D2JK9),__5D2JK9,04 - At/near private drive,03 - P.D. only,02 - Angle,01 - Clear,01 - Daylight,01 - Dry,10 - No control,,2,0,0,0,,0,,,,,366864.2976,5031382.418,45.41962376,-75.70696088,13857
18--8918,8/29/2018,11:37 AM,PARKDALE AVE btwn GRANT ST & WELLINGTON ST W (__3ZA3ZQ),__3ZA3ZQ,01 - Non intersection,02 - Non-fatal injury,03 - Rear end,01 - Clear,01 - Daylight,01 - Dry,10 - No control,,2,0,0,0,01 - Minimal,1,1,,,,365145.363,5029280.07,45.40085772,-75.72918025,13858
18--9188,9/6/2018,5:10 PM,MONTREAL RD btwn VANIER PKWY & DUROCHER ST (__3ZA3LN),__3ZA3LN,04 - At/near private drive,03 - P.D. only,02 - Angle,01 - Clear,01 - Daylight,01 - Dry,10 - No control,,2,0,0,0,,0,,,,,370116.8192,5033090.302,45.43469452,-75.66517895,13859
18--8919,8/29/2018,11:40 PM,ELGIN ST @ LAURIER AVE (0002232),2232,03 - At intersection,03 - P.D. only,05 - Turning movement,01 - Clear,07 - Dark,01 - Dry,01 - Traffic signal,01 - Functioning,2,1,0,0,,0,,,,,367948.71,5031549.576,45.42103076,-75.69308453,13860
18--9189,9/6/2018,5:30 PM,CARLING AVE @ RICHMOND RD (0010847),10847,02 - Intersection related,03 - P.D. only,03 - Rear end,01 - Clear,01 - Daylight,01 - Dry,01 - Traffic signal,01 - Functioning,2,0,0,0,,0,,,,,360245.679,5024781.512,45.36078518,-75.79226641,13861
18--892,1/16/2018,1:01 PM,ST. LAURENT BLVD @ MCARTHUR AVE (0008246),8246,03 - At intersection,03 - P.D. only,05 - Turning movement,01 - Clear,01 - Daylight,04 - Slush,01 - Traffic signal,01 - Functioning,2,0,0,0,,0,,,,,371921.719,5032887.576,45.43269957,-75.64214055,13862
18--8920,8/29/2018,Unknown,SHERWAY DR btwn ALDGATE CRES & BERKSHIRE WAY (__3ZAABQ),__3ZAABQ,01 - Non intersection,03 - P.D. only,06 - SMV unattended vehicle,01 - Clear,00 - Unknown,01 - Dry,10 - No control,,1,0,0,0,,0,,,,,362651.5099,5015239.907,45.27473564,-75.76267418,13863
18--8921,8/29/2018,Unknown,TOWHEE PL btwn BRAMBLING WAY & EGRET WAY (__8JUTEU),__8JUTEU,01 - Non intersection,03 - P.D. only,06 - SMV unattended vehicle,01 - Clear,00 - Unknown,01 - Dry,10 - No control,,1,0,0,0,,0,,,,,364827.095,5012368.65,45.24871769,-75.73529539,13864
18--8922,8/29/2018,12:00 PM,WAVELL AVE btwn KEENAN AVE & DOVERCOURT AVE (__3ZA0O6),__3ZA0O6,01 - Non intersection,03 - P.D. only,07 - SMV other,01 - Clear,01 - Daylight,01 - Dry,10 - No control,,1,0,0,0,,0,,,,,362346.4216,5026972.965,45.38033436,-75.76519847,13865
18--8923,8/29/2018,12:15 PM,BASELINE RD btwn COLLEGE SQUARE SC & WOODROFFE AVE (__3ZAZDQA),__3ZAZDQA,04 - At/near private drive,03 - P.D. only,02 - Angle,01 - Clear,01 - Daylight,01 - Dry,10 - No control,,2,0,0,0,,0,,,,,362624.6642,5023813.549,45.35188334,-75.76201568,13866
18--8924,8/29/2018,12:32 PM,RAYMOND ST btwn HWY417 IC121A RAMP16 & BRONSON AVE (__3ZA890),__3ZA890,01 - Non intersection,03 - P.D. only,03 - Rear end,01 - Clear,01 - Daylight,01 - Dry,10 - No control,,2,0,0,0,,0,,,,,367242.2643,5029794.72,45.4053045,-75.70233294,13867