Anom_ID,Accident_Date,Accident_Time,Location,Geo_ID,Accident_Location,Classification_of_Accident,Initial_Impact_Type,Environment_Condition,Light,Road_Surface_Condition,Traffic_Control,Traffic_Control_Condition,No__of_Vehicles,No__of_Bicycles,No__of_Motorcycles,No__of_Pedestrians,Max_Injury,No__of_Injuries,No__of_Minimal,No__of_Minor,No__of_Major,No__of_Fatal,X,Y,Latitude,Longitude,ObjectId
18--8925,8/29/2018,12:48 PM,BANK ST @ JOHNSTON RD (0006967),6967,03 - At intersection,02 - Non-fatal injury,07 - SMV other,01 - Clear,01 - Daylight,01 - Dry,01 - Traffic signal,01 - Functioning,1,0,0,1,02 - Minor,1,,1,,,370851.7336,5024839.496,45.36038787,-75.65689176,13868
18--8926,8/29/2018,2:03 AM,BLACKBURN BYPASS EB btwn 1700 W OF NAVAN RD & INNES RD (__3ZA3J6A),__3ZA3J6A,01 - Non intersection,03 - P.D. only,07 - SMV other,01 - Clear,07 - Dark,01 - Dry,10 - No control,,1,0,0,0,,0,,,,,377580.6092,5032109.937,45.42513683,-75.56994037,13869
18--8927,8/29/2018,3:38 PM,CENTRAL PARK DR N @ MERIVALE RD (0011433),11433,02 - Intersection related,03 - P.D. only,03 - Rear end,01 - Clear,01 - Daylight,01 - Dry,01 - Traffic signal,01 - Functioning,2,0,0,0,,0,,,,,364952.904,5025873.588,45.37022341,-75.73205354,13870
18--8928,8/29/2018,4:07 PM,KING EDWARD AVE @ YORK ST (0008244),8244,03 - At intersection,03 - P.D. only,03 - Rear end,01 - Clear,01 - Daylight,01 - Dry,01 - Traffic signal,01 - Functioning,2,0,0,0,,0,,,,,368396.7085,5032621.589,45.43063577,-75.68722215,13871
18--8929,8/29/2018,4:13 PM,BANK ST @ CATHERINE ST (0002708),2708,03 - At intersection,03 - P.D. only,05 - Turning movement,01 - Clear,01 - Daylight,01 - Dry,01 - Traffic signal,01 - Functioning,3,0,0,0,,0,,,,,368039.7052,5030267.572,45.40948749,-75.69208641,13872
18--893,1/16/2018,1:40 PM,RAMSAYVILLE RD @ RUSSELL RD N (0004146),4146,02 - Intersection related,03 - P.D. only,07 - SMV other,01 - Clear,01 - Daylight,02 - Wet,02 - Stop sign,01 - Functioning,1,0,0,0,,0,,,,,377777.4131,5026757.836,45.37696134,-75.5682177,13873
18--8930,8/29/2018,4:18 PM,FLOWING CREEK CIR btwn FLOWING CREEK CIR & MEADOWBREEZE DR (e___1GDL),e___1GDL,04 - At/near private drive,03 - P.D. only,02 - Angle,01 - Clear,01 - Daylight,01 - Dry,10 - No control,,2,0,0,0,,0,,,,,356256.5542,5015234.269,45.27518198,-75.8441737,13874
18--8931,8/29/2018,4:37 PM,INDUSTRIAL AVE btwn RUSSELL RD & ST. LAURENT BLVD (__3ZA3R7),__3ZA3R7,04 - At/near private drive,03 - P.D. only,05 - Turning movement,01 - Clear,01 - Daylight,01 - Dry,10 - No control,,2,0,0,0,,0,,,,,373020.0293,5029965.118,45.40629841,-75.62850968,13875
18--8932,8/29/2018,4:59 PM,HIGHWAY 416 btwn HWY416 IC49 RAMP43 & HWY416 IC42 RAMP34 (__3ZAZJ7),__3ZAZJ7,01 - Non intersection,03 - P.D. only,04 - Sideswipe,01 - Clear,01 - Daylight,01 - Dry,10 - No control,,2,0,0,0,,0,,,,,369476.6224,5000134.909,45.13822668,-75.67765643,13876
18--8933,8/29/2018,5:36 PM,CARLING AVE @ RICHMOND RD (0010847),10847,02 - Intersection related,03 - P.D. only,99 - Other,01 - Clear,01 - Daylight,01 - Dry,01 - Traffic signal,01 - Functioning,2,0,0,0,,0,,,,,360245.6966,5024781.598,45.36078595,-75.79226618,13877
18--8934,8/29/2018,6:03 PM,WEST HUNT CLUB RD btwn PRINCE OF WALES DR & HUNT CLUB RD (__3ZA2T4),__3ZA2T4,01 - Non intersection,03 - P.D. only,04 - Sideswipe,01 - Clear,01 - Daylight,01 - Dry,10 - No control,,2,0,0,0,,0,,,,,367634.2121,5021883.711,45.33408808,-75.69833274,13878
18--8935,8/29/2018,6:30 PM,ST. LAURENT BLVD btwn MCARTHUR AVE & DONALD ST (__3ZBOF4),__3ZBOF4,01 - Non intersection,03 - P.D. only,03 - Rear end,01 - Clear,01 - Daylight,01 - Dry,10 - No control,,2,0,0,0,,0,,,,,372002.5341,5032693.817,45.43094845,-75.64113424,13879
18--8936,8/29/2018,6:40 PM,HUNT CLUB RD @ LINDBERGH PRIV (0011417),11417,02 - Intersection related,03 - P.D. only,02 - Angle,01 - Clear,01 - Daylight,01 - Dry,02 - Stop sign,01 - Functioning,2,0,0,0,,0,,,,,368362.8995,5022133.936,45.33627393,-75.68900461,13880
18--8937,8/29/2018,7:18 PM,HIGHWAY 417 btwn HWY417 IC180 RAMP61 & HWY417 IC169 RAMP36 (__5DVYB1),__5DVYB1,01 - Non intersection,03 - P.D. only,07 - SMV other,02 - Rain,05 - Dusk,02 - Wet,10 - No control,,1,0,0,0,,0,,,,,320969.8914,5029769.784,45.40767862,-76.29342957,13881
18--8938,8/29/2018,7:47 AM,BANK ST @ GLADSTONE AVE (0002253),2253,03 - At intersection,03 - P.D. only,05 - Turning movement,01 - Clear,01 - Daylight,01 - Dry,01 - Traffic signal,01 - Functioning,2,0,0,0,,0,,,,,367916.7061,5030562.57,45.41215289,-75.69361985,13882
18--8939,8/29/2018,7:50 AM,WEST HUNT CLUB RD @ ROYDON PL/SUNDERLAND ST (0009775),9775,03 - At intersection,03 - P.D. only,05 - Turning movement,01 - Clear,01 - Daylight,01 - Dry,01 - Traffic signal,01 - Functioning,2,0,0,0,,0,,,,,365973.7075,5022169.49,45.33680621,-75.71948088,13883
18--894,1/16/2018,10:00 PM,MARCH RD btwn MARCH RD & BEACHVALE LANE (__3ZA3FO),__3ZA3FO,01 - Non intersection,03 - P.D. only,07 - SMV other,01 - Clear,07 - Dark,01 - Dry,10 - No control,,1,0,0,0,,0,,,,,344165.9159,5023568.191,45.35095469,-75.99760281,13884
18--8940,8/29/2018,7:51 AM,CARP RD btwn MCGEE SIDE RD & ARBOURBROOK BLVD (__5RGDMI),__5RGDMI,04 - At/near private drive,02 - Non-fatal injury,05 - Turning movement,01 - Clear,01 - Daylight,01 - Dry,10 - No control,,2,0,0,0,02 - Minor,2,1,1,,,344794.1397,5018767.096,45.30771722,-75.98997346,13885
18--8941,8/29/2018,9:15 AM,HIGHWAY 417 btwn HWY417 IC118 RAMP35 & HWY417 IC117 RAMP51 (__3ZA2YP),__3ZA2YP,01 - Non intersection,03 - P.D. only,03 - Rear end,01 - Clear,01 - Daylight,01 - Dry,10 - No control,,2,0,0,0,,0,,,,,370228.0565,5031104.53,45.41681695,-75.66402115,13886
18--8942,8/29/2018,9:37 PM,RICHMOND RD btwn WEST HUNT CLUB RD & STONEHAVEN DR (__3ZA41H),__3ZA41H,01 - Non intersection,03 - P.D. only,07 - SMV other,01 - Clear,07 - Dark,01 - Dry,10 - No control,,1,0,0,0,,0,,,,,357124.1557,5018053.543,45.30048623,-75.83281931,13887
18--8943,8/29/2018,9:48 AM,CARRUTHERS AVE @ SCOTT ST (0006480),6480,03 - At intersection,02 - Non-fatal injury,07 - SMV other,01 - Clear,01 - Daylight,01 - Dry,09 - Traffic controller,01 - Functioning,1,0,0,1,01 - Minimal,1,1,,,,365153.2908,5029848.782,45.40597417,-75.72900939,13888
18--8944,8/30/2018,1:20 PM,BANK ST @ CHAMBERLAIN AVE N/ISABELLA ST (0002132),2132,03 - At intersection,03 - P.D. only,05 - Turning movement,01 - Clear,01 - Daylight,01 - Dry,01 - Traffic signal,01 - Functioning,2,0,0,0,,0,,,,,368082.7125,5030166.562,45.40857474,-75.69155,13889
18--8945,8/30/2018,1:20 PM,CAMPEAU DR @ TERON RD/COLCHESTER SQ (0009033),9033,02 - Intersection related,03 - P.D. only,03 - Rear end,01 - Clear,01 - Daylight,01 - Dry,01 - Traffic signal,01 - Functioning,2,0,0,0,,0,,,,,352563.7225,5020467.526,45.32253266,-75.89073284,13890
18--8946,8/30/2018,1:29 PM,STRANDHERD DR btwn MCGARRY TER & LONGFIELDS DR (__4BRV6M),__4BRV6M,01 - Non intersection,03 - P.D. only,03 - Rear end,01 - Clear,01 - Daylight,01 - Dry,10 - No control,,2,0,0,0,,0,,,,,364416.1122,5015102.047,45.27334778,-75.74020258,13891
18--8947,8/30/2018,1:33 PM,CUMBERLAND ST @ RIDEAU ST (0007759),7759,03 - At intersection,02 - Non-fatal injury,07 - SMV other,01 - Clear,01 - Daylight,01 - Dry,01 - Traffic signal,01 - Functioning,1,0,0,1,01 - Minimal,1,1,,,,368374.5114,5032329.974,45.42801394,-75.68754345,13892
18--8948,8/30/2018,1:40 PM,BANK ST btwn VANCOUVER AVE & FOXBAR AVE (__3ZA4TT),__3ZA4TT,04 - At/near private drive,03 - P.D. only,03 - Rear end,01 - Clear,01 - Daylight,01 - Dry,10 - No control,,3,0,0,0,,0,,,,,370451.2649,5025665.51,45.3678577,-75.6618932,13893
18--8949,8/30/2018,1:50 PM,STRANDHERD DR btwn 215 W OF GREENBANK RD/BARRHAVEN MALL SC & GREENBANK (__3ZAZMMB),__3ZAZMMB,04 - At/near private drive,03 - P.D. only,03 - Rear end,01 - Clear,01 - Daylight,01 - Dry,10 - No control,,2,0,0,0,,0,,,,,363758.1296,5014687.255,45.26967095,-75.74863698,13894
18--895,1/16/2018,10:15 AM,CHAMBERLAIN AVE @ LYON ST (0006917),6917,03 - At intersection,03 - P.D. only,02 - Angle,03 - Snow,01 - Daylight,03 - Loose snow,02 - Stop sign,01 - Functioning,2,0,0,0,,0,,,,,367817.0605,5029979.564,45.40691616,-75.69496732,13895
18--8950,8/30/2018,1:55 PM,HIGHWAY 417 btwn HWY417 IC131 RAMP66 & HWY417 IC130 RAMP26 (__3ZA29A),__3ZA29A,01 - Non intersection,03 - P.D. only,04 - Sideswipe,01 - Clear,01 - Daylight,01 - Dry,10 - No control,,2,0,0,0,,0,,,,,358993.7251,5023051.151,45.34531327,-75.80843539,13896
18--8951,8/30/2018,11:03 AM,ARGYLE AVE @ O'CONNOR ST (0007254),7254,02 - Intersection related,02 - Non-fatal injury,04 - Sideswipe,01 - Clear,01 - Daylight,01 - Dry,01 - Traffic signal,01 - Functioning,2,1,0,0,03 - Major,1,,,1,,368184.7105,5030485.573,45.41143587,-75.69020606,13897
18--8952,8/30/2018,Unknown,CARLING AVE @ HARMER AVE (0006603),6603,02 - Intersection related,03 - P.D. only,06 - SMV unattended vehicle,01 - Clear,00 - Unknown,01 - Dry,02 - Stop sign,01 - Functioning,1,0,0,0,,0,,,,,365270.6952,5027955.549,45.38892915,-75.72774182,13898
18--8953,8/30/2018,12:21 AM,BANK ST @ MITCH OWENS RD (0001640),1640,03 - At intersection,02 - Non-fatal injury,02 - Angle,01 - Clear,07 - Dark,01 - Dry,01 - Traffic signal,01 - Functioning,2,0,0,0,02 - Minor,2,,2,,,377758.7657,5015947.459,45.27969672,-75.57004887,13899
18--8954,8/30/2018,12:21 PM,HWY 417 WOODROFF IC127R53 @ WOODROFFE AVE (0002347),2347,02 - Intersection related,03 - P.D. only,03 - Rear end,01 - Clear,01 - Daylight,01 - Dry,03 - Yield sign,01 - Functioning,2,0,0,0,,0,,,,,362206.5846,5024626.652,45.35923393,-75.76725654,13900
18--8955,8/30/2018,12:26 PM,MONTREAL RD @ SHEFFORD RD (0012423),12423,03 - At intersection,03 - P.D. only,05 - Turning movement,01 - Clear,01 - Daylight,01 - Dry,01 - Traffic signal,01 - Functioning,2,0,0,0,,0,,,,,376125.7306,5034853.575,45.44997228,-75.58813225,13901
18--8956,8/30/2018,12:36 PM,MONTREAL RD btwn MONTREAL SQUARE SC & CENTER ST (__3ZA3AWB),__3ZA3AWB,01 - Non intersection,03 - P.D. only,02 - Angle,01 - Clear,01 - Daylight,01 - Dry,10 - No control,,2,0,0,0,,0,,,,,371804.3988,5033943.084,45.44220778,-75.64349613,13902
18--8957,8/30/2018,2:03 PM,BANK ST @ PATTERSON AVE (0007237),7237,03 - At intersection,03 - P.D. only,05 - Turning movement,01 - Clear,01 - Daylight,01 - Dry,02 - Stop sign,01 - Functioning,2,0,0,0,,0,,,,,368156.7078,5029984.565,45.4069305,-75.69062817,13903
18--8958,8/30/2018,2:23 PM,MOODIE DR @ WEST HUNT CLUB RD (0010414),10414,02 - Intersection related,03 - P.D. only,05 - Turning movement,01 - Clear,01 - Daylight,01 - Dry,01 - Traffic signal,01 - Functioning,2,0,0,0,,0,,,,,357907.6516,5018498.456,45.30443082,-75.82278206,13904
18--8959,8/30/2018,2:42 PM,CARP RD @ MARCH RD (0001689),1689,03 - At intersection,03 - P.D. only,02 - Angle,01 - Clear,01 - Daylight,01 - Dry,01 - Traffic signal,01 - Functioning,2,0,0,0,,0,,,,,342164.7487,5021732.408,45.33454511,-76.02327993,13905
18--896,1/16/2018,10:23 AM,WOODRIDGE CRES btwn BAYSHORE PS & TRANSITWAY LINK (__6KE4J1B),__6KE4J1B,01 - Non intersection,03 - P.D. only,07 - SMV other,03 - Snow,01 - Daylight,04 - Slush,10 - No control,,1,0,0,0,,0,,,,,358653.2057,5023224.021,45.34689499,-75.81276162,13906
18--8960,8/30/2018,2:42 PM,HWY416 IC42 RAMP24 btwn HIGHWAY 416 & DILWORTH RD (__3ZAY4S),__3ZAY4S,01 - Non intersection,03 - P.D. only,07 - SMV other,01 - Clear,01 - Daylight,01 - Dry,10 - No control,,1,0,0,0,,0,,,,,371691.8822,4995108.628,45.09279368,-75.65016473,13907
18--8961,8/30/2018,3:10 PM,MORRISON DR @ GREENBANK RD (0002755),2755,03 - At intersection,02 - Non-fatal injury,01 - Approaching,01 - Clear,01 - Daylight,01 - Dry,02 - Stop sign,01 - Functioning,2,1,0,0,02 - Minor,1,,1,,,360554.8403,5023127.8,45.34588061,-75.78850693,13908
18--8962,8/30/2018,3:30 PM,ST. JOSEPH BLVD @ JEANNE D'ARC BLVD (0012421),12421,03 - At intersection,03 - P.D. only,04 - Sideswipe,01 - Clear,01 - Daylight,01 - Dry,11 - Roundabout,01 - Functioning,2,0,0,0,,0,,,,,379860.7419,5036471.581,45.46413872,-75.54014139,13909
18--8963,8/30/2018,4:20 PM,CHAPEL ST @ LAURIER AVE (0007756),7756,03 - At intersection,03 - P.D. only,05 - Turning movement,01 - Clear,01 - Daylight,01 - Dry,01 - Traffic signal,01 - Functioning,2,0,0,0,,0,,,,,369118.7091,5032264.584,45.42735755,-75.67804243,13910
18--8964,8/30/2018,4:28 PM,HIGHWAY 417 btwn HWY417 IC134 RAMP36 & HWY417 IC134 RAMP26 (__3ZA29C),__3ZA29C,01 - Non intersection,03 - P.D. only,03 - Rear end,01 - Clear,01 - Daylight,01 - Dry,10 - No control,,3,0,0,0,,0,,,,,356352.6116,5022253.068,45.33833113,-75.84221945,13911
18--8965,8/30/2018,4:40 PM,NORICE ST @ WOODROFFE AVE (0001542),1542,02 - Intersection related,03 - P.D. only,03 - Rear end,01 - Clear,01 - Daylight,01 - Dry,01 - Traffic signal,01 - Functioning,2,0,0,0,,0,,,,,363194.6835,5022397.492,45.33909455,-75.75490863,13912
18--8966,8/30/2018,5:20 PM,OGILVIE RD @ BATHGATE DR/CITYPARK DR W (0012430),12430,02 - Intersection related,03 - P.D. only,03 - Rear end,01 - Clear,01 - Daylight,01 - Dry,01 - Traffic signal,01 - Functioning,2,0,0,0,,0,,,,,373828.722,5032800.577,45.43173116,-75.61778286,13913
18--8967,8/30/2018,5:38 PM,WELLINGTON ST btwn O'CONNOR ST & METCALFE ST (__3ZA4S6),__3ZA4S6,01 - Non intersection,03 - P.D. only,04 - Sideswipe,01 - Clear,01 - Daylight,01 - Dry,10 - No control,,2,0,0,0,,0,,,,,367422.5691,5031728.122,45.42268455,-75.69978421,13914
18--8968,8/30/2018,6:02 PM,CASTLEFRANK RD btwn HAZELDEAN RD & TO BE DETERMINED (__3ZA1Z2),__3ZA1Z2,04 - At/near private drive,03 - P.D. only,05 - Turning movement,01 - Clear,01 - Daylight,01 - Dry,10 - No control,,2,0,0,0,,0,,,,,352729.9135,5017614.17,45.29684619,-75.88888903,13915
18--8969,8/30/2018,6:24 PM,CATHERINE ST @ KENT ST (0002707),2707,03 - At intersection,03 - P.D. only,02 - Angle,01 - Clear,01 - Daylight,01 - Dry,01 - Traffic signal,01 - Functioning,2,0,0,0,,0,,,,,367907.7073,5030188.564,45.40878851,-75.69378269,13916
18--897,1/16/2018,11:47 AM,BASELINE RD/HERON RD @ PRINCE OF WALES DR (0002345),2345,02 - Intersection related,03 - P.D. only,04 - Sideswipe,03 - Snow,01 - Daylight,03 - Loose snow,01 - Traffic signal,01 - Functioning,2,0,0,0,,0,,,,,366873.7064,5026438.532,45.37513916,-75.7074628,13917
18--8970,8/30/2018,6:30 PM,REGIONAL ROAD 174 btwn TRANSIT & OR174 IC105 RAMP51 (__3ZA28H),__3ZA28H,01 - Non intersection,02 - Non-fatal injury,03 - Rear end,01 - Clear,01 - Daylight,01 - Dry,10 - No control,,3,0,0,0,01 - Minimal,1,1,,,,376740.1256,5035454.876,45.45531942,-75.58019055,13918
18--8971,8/30/2018,6:55 AM,HIGHWAY 417 btwn HWY417 IC126 RAMP61 & HWY417 IC124 RAMP76 (__3ZA2Y2),__3ZA2Y2,01 - Non intersection,03 - P.D. only,04 - Sideswipe,01 - Clear,01 - Daylight,01 - Dry,10 - No control,,2,0,0,0,,0,,,,,363330.8649,5026086.649,45.37227785,-75.75273438,13919
18--8972,8/30/2018,7:10 PM,GREENBANK RD @ IRIS ST/HWY 417 IC129 RAMP51 (0009073),9073,02 - Intersection related,03 - P.D. only,04 - Sideswipe,01 - Clear,01 - Daylight,01 - Dry,01 - Traffic signal,01 - Functioning,2,0,0,0,,0,,,,,360531.3088,5023312.494,45.34754435,-75.78878638,13920
18--8973,8/30/2018,7:25 AM,NICHOLAS ST/HWY417 IC118 RAMP36 @ HWY417 IC118 (0002509),2509,02 - Intersection related,03 - P.D. only,04 - Sideswipe,01 - Clear,01 - Daylight,01 - Dry,10 - No control,,2,0,0,0,,0,,,,,369115.793,5031286.52,45.41855756,-75.67820738,13921
18--8974,8/30/2018,7:40 PM,STRANDHERD DR @ LONGFIELDS DR (0010935),10935,02 - Intersection related,03 - P.D. only,03 - Rear end,01 - Clear,01 - Daylight,01 - Dry,01 - Traffic signal,01 - Functioning,2,0,0,0,,0,,,,,364548.81,5015173.324,45.27397787,-75.73850294,13922
18--8975,8/30/2018,7:49 AM,HIGHWAY 417 btwn HWY417 IC121A RAMP16 & HWY417 IC121A RAMP61 (__3ZA2YY),__3ZA2YY,01 - Non intersection,03 - P.D. only,03 - Rear end,01 - Clear,01 - Daylight,01 - Dry,10 - No control,,3,0,0,0,,0,,,,,367448.3719,5029840.076,45.40569419,-75.69969452,13923
18--8976,8/30/2018,7:52 AM,HIGHWAY 417 btwn HWY417 IC121B RAMP16 & HWY417 IC121A RAMP16 (__3ZA2YX),__3ZA2YX,01 - Non intersection,02 - Non-fatal injury,03 - Rear end,01 - Clear,01 - Daylight,01 - Dry,10 - No control,,2,0,0,0,02 - Minor,1,,1,,,366910.2083,5029631.512,45.40386555,-75.70659493,13924
18--8977,8/30/2018,8:08 AM,BOURASSA ST @ ST. LAURENT BLVD (0007731),7731,02 - Intersection related,03 - P.D. only,03 - Rear end,01 - Clear,01 - Daylight,01 - Dry,01 - Traffic signal,01 - Functioning,2,0,0,0,,0,,,,,373236.7317,5029693.557,45.40383388,-75.62577939,13925
18--8978,8/30/2018,8:52 AM,COVENTRY RD btwn BELFAST RD & ST. LAURENT SC WEST (__3ZA2CAA),__3ZA2CAA,01 - Non intersection,03 - P.D. only,02 - Angle,01 - Clear,01 - Daylight,01 - Dry,10 - No control,,2,0,0,0,,0,,,,,371623.8695,5031652.953,45.42161951,-75.64611434,13926
18--8979,8/30/2018,9:16 PM,HWY417 IC110 RAMP54 btwn HWY417 IC110 RAMP58 & HIGHWAY 417 (__3ZAYAO),__3ZAYAO,01 - Non intersection,03 - P.D. only,04 - Sideswipe,01 - Clear,07 - Dark,01 - Dry,10 - No control,,2,0,0,0,,0,,,,,375619.3121,5029167.639,45.39886497,-75.59542324,13927
18--898,1/16/2018,12:47 AM,BANK ST @ HERON RD (0002155),2155,02 - Intersection related,03 - P.D. only,03 - Rear end,03 - Snow,07 - Dark,03 - Loose snow,01 - Traffic signal,01 - Functioning,2,0,0,0,,0,,,,,369995.7196,5026851.542,45.37857176,-75.66755153,13928
18--8980,8/31/2018,1:30 PM,ST. JOSEPH BLVD/OLD MONTREAL RD @ TRIM RD (0004118),4118,03 - At intersection,03 - P.D. only,04 - Sideswipe,01 - Clear,01 - Daylight,01 - Dry,11 - Roundabout,01 - Functioning,2,0,0,0,,0,,,,,384682.7535,5039285.582,45.48892163,-75.47803065,13929
18--8981,8/31/2018,1:45 PM,COLONEL BY DR btwn MACKENZIE AVE & N.D.H.Q. (__3ZA8HKA),__3ZA8HKA,01 - Non intersection,03 - P.D. only,03 - Rear end,01 - Clear,01 - Daylight,01 - Dry,10 - No control,,2,0,0,0,,0,,,,,368042.197,5031872.037,45.42392371,-75.69184867,13930
18--919,1/16/2018,7:43 AM,SMYTH RD E/LANCASTER RD @ ST. LAURENT BLVD N/R (0002256),2256,03 - At intersection,03 - P.D. only,03 - Rear end,03 - Snow,03 - Dawn,03 - Loose snow,01 - Traffic signal,01 - Functioning,3,0,0,0,,0,,,,,373364.7296,5029424.551,45.40140096,-75.62418192,13931
18--9190,9/6/2018,5:37 PM,ALEXANDRA BR btwn MURRAY ST & END (__3ZA2TK),__3ZA2TK,07 - Overpass or bridge,03 - P.D. only,03 - Rear end,01 - Clear,01 - Daylight,01 - Dry,10 - No control,,2,0,0,0,,0,,,,,367297.8725,5032443.486,45.42913232,-75.7012867,13932
18--9191,9/6/2018,6:00 PM,INNES RD @ TENTH LINE RD (0004633),4633,02 - Intersection related,03 - P.D. only,03 - Rear end,01 - Clear,01 - Daylight,01 - Dry,01 - Traffic signal,01 - Functioning,2,0,0,0,,0,,,,,383951.7601,5036159.561,45.46087989,-75.48788468,13933
18--9192,9/6/2018,6:08 PM,CHAMPLAIN ST @ JEANNE D'ARC BLVD (0004106),4106,03 - At intersection,03 - P.D. only,05 - Turning movement,01 - Clear,01 - Daylight,01 - Dry,01 - Traffic signal,01 - Functioning,2,0,0,0,,0,,,,,381379.7444,5038723.599,45.48423561,-75.52036856,13934
18--9193,9/6/2018,6:15 PM,HIGHWAY 417 btwn HWY417 IC126 RAMP61 & HWY417 IC124 RAMP76 (__3ZA2Y2),__3ZA2Y2,01 - Non intersection,03 - P.D. only,03 - Rear end,01 - Clear,01 - Daylight,01 - Dry,10 - No control,,2,0,0,0,,0,,,,,363300.6226,5026049.068,45.37194223,-75.7531249,13935
18--9194,9/6/2018,6:16 AM,HUNT CLUB RD @ PAUL ANKA DR (0008224),8224,03 - At intersection,02 - Non-fatal injury,05 - Turning movement,01 - Clear,03 - Dawn,01 - Dry,01 - Traffic signal,01 - Functioning,2,0,1,0,01 - Minimal,1,1,,,,369777.6762,5022897.479,45.3430145,-75.67085516,13936
18--9195,9/6/2018,6:28 PM,CARP RD/HWY 417 CARP IC144R63 @ HWY 417 CARP I (0001100),1100,02 - Intersection related,03 - P.D. only,03 - Rear end,01 - Clear,01 - Daylight,01 - Dry,01 - Traffic signal,01 - Functioning,2,0,0,0,,0,,,,,347300.476,5015926.395,45.28200838,-75.95825617,13937
18--9196,9/6/2018,7:03 PM,GARVIN RD @ HUNTLEY RD (0010390),10390,03 - At intersection,02 - Non-fatal injury,02 - Angle,01 - Clear,01 - Daylight,01 - Dry,02 - Stop sign,01 - Functioning,2,0,0,0,03 - Major,2,,,2,,355984.6137,5007387.363,45.2045933,-75.84844695,13938
18--9197,9/6/2018,7:15 AM,ERINDALE DR btwn FORLAN DR & AINSLEY DR (__3ZBOKS),__3ZBOKS,04 - At/near private drive,03 - P.D. only,06 - SMV unattended vehicle,01 - Clear,03 - Dawn,01 - Dry,10 - No control,,1,0,0,0,,0,,,,,363754.2189,5024783.385,45.36051577,-75.74748538,13939
18--9198,9/6/2018,7:41 AM,BEAVERPOND DR @ BLAIR RD (0004166),4166,02 - Intersection related,03 - P.D. only,03 - Rear end,01 - Clear,01 - Daylight,02 - Wet,01 - Traffic signal,01 - Functioning,3,0,0,0,,0,,,,,375399.7292,5031874.567,45.42324262,-75.59783993,13940
18--9199,9/6/2018,8:10 PM,FALLOWFIELD RD @ GREENBANK RD (0000549),549,02 - Intersection related,03 - P.D. only,03 - Rear end,01 - Clear,07 - Dark,01 - Dry,01 - Traffic signal,01 - Functioning,2,0,0,0,,0,,,,,363080.6751,5016732.455,45.28813019,-75.75702959,13941
18--92,1/2/2018,2:20 PM,BLACKBURN BYPASS @ INNES RD E (0009245),9245,02 - Intersection related,03 - P.D. only,03 - Rear end,03 - Snow,01 - Daylight,03 - Loose snow,01 - Traffic signal,01 - Functioning,2,0,0,0,,0,,,,,379791.748,5033781.565,45.43994338,-75.54143366,13942
18--920,1/16/2018,7:50 AM,HUNT CLUB RD @ CANADAIR PRIV (0010852),10852,03 - At intersection,03 - P.D. only,03 - Rear end,03 - Snow,03 - Dawn,04 - Slush,01 - Traffic signal,01 - Functioning,2,0,0,0,,0,,,,,368662.7173,5022311.494,45.33784433,-75.68515673,13943
18--9200,9/6/2018,8:14 PM,JAMIE AVE @ SUNDERLAND ST (0004576),4576,03 - At intersection,02 - Non-fatal injury,02 - Angle,01 - Clear,07 - Dark,01 - Dry,02 - Stop sign,01 - Functioning,2,0,0,0,02 - Minor,1,,1,,,366064.7031,5022022.506,45.33547573,-75.71833817,13944
18--9201,9/6/2018,8:15 AM,AVIATION PKWY @ OGILVIE RD (0004114),4114,02 - Intersection related,03 - P.D. only,04 - Sideswipe,01 - Clear,01 - Daylight,01 - Dry,01 - Traffic signal,01 - Functioning,2,0,0,0,,0,,,,,373110.7141,5032376.586,45.4279868,-75.62701706,13945
18--9202,9/6/2018,8:22 PM,ST. JOSEPH BLVD @ TENTH LINE RD (0009163),9163,03 - At intersection,02 - Non-fatal injury,05 - Turning movement,01 - Clear,07 - Dark,01 - Dry,01 - Traffic signal,01 - Functioning,3,0,0,0,02 - Minor,1,,1,,,382890.8039,5038666.453,45.48355406,-75.50105064,13946
18--9203,9/6/2018,8:23 AM,REGIONAL ROAD 174 btwn OR174 IC109 RAMP56 & OR174 IC109 RAMP86 (__3ZA28W),__3ZA28W,01 - Non intersection,02 - Non-fatal injury,03 - Rear end,01 - Clear,01 - Daylight,01 - Dry,10 - No control,,3,0,0,0,02 - Minor,1,,1,,,376419.8895,5034916.29,45.45050647,-75.58436291,13947
18--9204,9/6/2018,9:09 AM,ROBERTSON RD btwn FITZGERALD RD & MOODIE DR (__3ZA411),__3ZA411,01 - Non intersection,03 - P.D. only,02 - Angle,01 - Clear,01 - Daylight,01 - Dry,10 - No control,,2,0,0,0,,0,,,,,356979.8488,5020404.927,45.32165501,-75.83441162,13948
18--9205,9/6/2018,9:09 AM,MAIN ST btwn HERRIDGE ST & CLEGG ST (__3ZA3B6),__3ZA3B6,01 - Non intersection,03 - P.D. only,03 - Rear end,01 - Clear,01 - Daylight,01 - Dry,10 - No control,,3,0,0,0,,0,,,,,369263.9669,5029940.125,45.40642954,-75.67649038,13949
18--9206,9/6/2018,9:20 AM,RIDGEWOOD AVE btwn RIVERSIDE DR & DUPONT ST (__3ZBOQW),__3ZBOQW,01 - Non intersection,03 - P.D. only,99 - Other,01 - Clear,01 - Daylight,01 - Dry,10 - No control,,2,0,0,0,,0,,,,,368307.5915,5025613.05,45.3675832,-75.68926336,13950