Anom_ID,Accident_Date,Accident_Time,Location,Geo_ID,Accident_Location,Classification_of_Accident,Initial_Impact_Type,Environment_Condition,Light,Road_Surface_Condition,Traffic_Control,Traffic_Control_Condition,No__of_Vehicles,No__of_Bicycles,No__of_Motorcycles,No__of_Pedestrians,Max_Injury,No__of_Injuries,No__of_Minimal,No__of_Minor,No__of_Major,No__of_Fatal,X,Y,Latitude,Longitude,ObjectId
18--9207,9/6/2018,9:38 PM,MONTREAL RD @ NORTH RIVER RD (0009805),9805,02 - Intersection related,03 - P.D. only,05 - Turning movement,01 - Clear,07 - Dark,01 - Dry,01 - Traffic signal,01 - Functioning,2,0,0,0,,0,,,,,369739.709,5032887.585,45.43290568,-75.67002507,13951
18--9208,9/6/2018,9:41 AM,ST. LAURENT BLVD btwn MCARTHUR AVE & DONALD ST (__3ZBOF4),__3ZBOF4,01 - Non intersection,02 - Non-fatal injury,05 - Turning movement,01 - Clear,01 - Daylight,01 - Dry,10 - No control,,2,1,0,0,01 - Minimal,1,1,,,,372037.4648,5032612.505,45.43021349,-75.64069897,13952
18--9209,9/6/2018,9:42 PM,HUNT CLUB RD @ DOWNPATRICK RD/MCCARTHY RD (0006931),6931,03 - At intersection,02 - Non-fatal injury,02 - Angle,01 - Clear,07 - Dark,01 - Dry,01 - Traffic signal,01 - Functioning,2,0,0,0,02 - Minor,1,,1,,,370507.7341,5023400.509,45.34747262,-75.66147347,13953
18--921,1/16/2018,7:56 PM,DONALD ST @ VANIER PKWY (0007644),7644,02 - Intersection related,03 - P.D. only,03 - Rear end,01 - Clear,07 - Dark,04 - Slush,01 - Traffic signal,01 - Functioning,2,0,0,0,,0,,,,,370311.7124,5032270.586,45.42730083,-75.66279733,13954
18--9210,9/6/2018,9:49 AM,BRONSON AVE @ SUNNYSIDE AVE/UNIVERSITY RD - CA (0007209),7209,02 - Intersection related,03 - P.D. only,04 - Sideswipe,01 - Clear,01 - Daylight,01 - Dry,01 - Traffic signal,01 - Functioning,2,0,0,0,,0,,,,,367922.7103,5028091.548,45.38991883,-75.69385941,13955
18--9211,9/7/2018,1:40 PM,RICHMOND RD btwn WINSTON AVE & CHURCHILL AVE N (__3ZA4OS),__3ZA4OS,04 - At/near private drive,03 - P.D. only,03 - Rear end,01 - Clear,01 - Daylight,01 - Dry,10 - No control,,2,0,0,0,,0,,,,,363127.3951,5028224.268,45.39152882,-75.75507931,13956
18--9212,9/7/2018,10:06 PM,RIVERSIDE DR SB btwn TRANSITWAY - RIVERSIDE H & SMYTH RD SOUTH SIDE RA (__3ZAZB4B),__3ZAZB4B,01 - Non intersection,03 - P.D. only,03 - Rear end,01 - Clear,07 - Dark,01 - Dry,10 - No control,,2,0,0,0,,0,,,,,369769.5695,5028923.227,45.3972331,-75.67016609,13957
18--9213,9/7/2018,10:14 AM,IROQUOIS RD @ NEEPAWA AVE (0002860),2860,03 - At intersection,02 - Non-fatal injury,02 - Angle,01 - Clear,01 - Daylight,01 - Dry,02 - Stop sign,01 - Functioning,2,1,0,0,01 - Minimal,1,1,,,,362292.6889,5026376.527,45.37497209,-75.76595396,13958
18--9214,9/7/2018,10:57 AM,RIDEAU RD btwn DOWNEY RD & BOWESVILLE RD (__3ZA6L7),__3ZA6L7,01 - Non intersection,03 - P.D. only,07 - SMV other,01 - Clear,01 - Daylight,01 - Dry,10 - No control,,1,0,0,0,,0,,,,,372870.9018,5015251.139,45.27392167,-75.63243889,13959
18--9215,9/7/2018,11:20 AM,PINECREST RD @ RICHMOND RD (0002353),2353,02 - Intersection related,03 - P.D. only,03 - Rear end,01 - Clear,01 - Daylight,01 - Dry,01 - Traffic signal,01 - Functioning,2,0,0,0,,0,,,,,360072.6698,5024471.513,45.35800948,-75.79450928,13960
18--9216,9/7/2018,12:10 PM,HINTON AVE   N btwn ARMSTRONG ST & WELLINGTON ST W (__3ZBONM),__3ZBONM,01 - Non intersection,03 - P.D. only,06 - SMV unattended vehicle,01 - Clear,01 - Daylight,01 - Dry,10 - No control,,1,0,0,0,,0,,,,,364964.6989,5029284.805,45.40091587,-75.73148717,13961
18--9217,9/7/2018,2:00 PM,HIGHWAY 417 btwn HWY417 IC127 RAMP25 & HWY417 IC126 RAMP51 (__3ZA2XA),__3ZA2XA,01 - Non intersection,03 - P.D. only,04 - Sideswipe,01 - Clear,01 - Daylight,01 - Dry,10 - No control,,2,0,0,0,,0,,,,,363058.5641,5025678.158,45.36862499,-75.75625873,13962
18--9218,9/7/2018,2:30 PM,PRINCE OF WALES DR btwn SECOND LINE RD S & BANKFIELD RD (__3ZA295),__3ZA295,01 - Non intersection,03 - P.D. only,04 - Sideswipe,01 - Clear,01 - Daylight,01 - Dry,10 - No control,,2,0,0,0,,0,,,,,366376.6602,5007980.96,45.20910329,-75.71609971,13963
18--9219,9/7/2018,3:07 PM,LISGAR ST @ LYON ST (0007213),7213,03 - At intersection,03 - P.D. only,02 - Angle,01 - Clear,01 - Daylight,01 - Dry,01 - Traffic signal,01 - Functioning,2,0,0,0,,0,,,,,367275.7051,5030865.57,45.41493671,-75.70177008,13964
18--922,1/16/2018,7:59 PM,RICHMOND RD btwn CROYDON AVE & ASSALY RD (__3ZA2XS),__3ZA2XS,01 - Non intersection,03 - P.D. only,07 - SMV other,03 - Snow,07 - Dark,02 - Wet,10 - No control,,1,0,0,0,,0,,,,,360597.6032,5025361.021,45.36597165,-75.78770921,13965
18--9220,9/7/2018,3:35 PM,OTTAWA RIVER PKWY btwn VIMY PLACE PRIV & BOOTH ST (__5VHJ2QB),__5VHJ2QB,01 - Non intersection,03 - P.D. only,03 - Rear end,01 - Clear,01 - Daylight,01 - Dry,10 - No control,,3,0,0,0,,0,,,,,366003.7567,5030818.227,45.41462314,-75.71802565,13966
18--9221,9/7/2018,3:36 PM,MARCH RD btwn HWY417 IC138 RAMP36 & HWY417 IC138 RAMP26 (__3ZAZEW),__3ZAZEW,01 - Non intersection,03 - P.D. only,03 - Rear end,01 - Clear,01 - Daylight,01 - Dry,10 - No control,,3,0,0,0,,0,,,,,352882.9997,5020375.582,45.32168353,-75.88666935,13967
18--9222,9/7/2018,3:54 PM,EAGLESON RD btwn PALOMINO DR/ROTHESAY DR & EAGLESON BUSINESS CENTRE (__3ZA41JA),__3ZA41JA,01 - Non intersection,02 - Non-fatal injury,03 - Rear end,01 - Clear,01 - Daylight,01 - Dry,10 - No control,,3,0,0,0,01 - Minimal,1,1,,,,354128.3154,5017278.772,45.29373142,-75.8710937,13968
18--9223,9/7/2018,4:13 PM,INDUSTRIAL AVE btwn TRAINYARDS DR & RUSSELL RD (__3ZA3R9),__3ZA3R9,04 - At/near private drive,02 - Non-fatal injury,04 - Sideswipe,01 - Clear,01 - Daylight,01 - Dry,10 - No control,,2,0,0,0,02 - Minor,1,,1,,,372168.1513,5030408.753,45.41037256,-75.6393303,13969
18--9224,9/7/2018,4:21 PM,BURKE ST @ MCBEAN ST (0000134),134,03 - At intersection,03 - P.D. only,05 - Turning movement,01 - Clear,01 - Daylight,01 - Dry,02 - Stop sign,01 - Functioning,2,0,0,0,,0,,,,,357439.617,5005481.349,45.18733526,-75.83012804,13970
18--9225,9/7/2018,4:40 PM,JEANNE D'ARC BLVD @ FORTUNE DR/VINEYARD DR (0004393),4393,03 - At intersection,03 - P.D. only,05 - Turning movement,01 - Clear,01 - Daylight,01 - Dry,01 - Traffic signal,01 - Functioning,2,0,0,0,,0,,,,,379238.7434,5037375.651,45.47233941,-75.54795731,13971
18--9226,9/7/2018,4:40 PM,RUSSELL RD S @ ST. LAURENT BLVD (0007734),7734,02 - Intersection related,03 - P.D. only,07 - SMV other,01 - Clear,01 - Daylight,01 - Dry,01 - Traffic signal,01 - Functioning,1,0,0,0,,0,,,,,373569.7329,5029260.544,45.3999052,-75.62158647,13972
18--9227,9/7/2018,4:48 PM,LYON ST @ FLORENCE ST (0007250),7250,02 - Intersection related,03 - P.D. only,05 - Turning movement,01 - Clear,01 - Daylight,01 - Dry,02 - Stop sign,00 - Unknown,2,0,0,0,,0,,,,,367541.6418,5030428.492,45.41098022,-75.69842827,13973
18--9228,9/7/2018,5:00 PM,ISLAND PARK DR btwn CLEARVIEW AVE & OTTAWA RIVER PKWY (__3ZA23A),__3ZA23A,01 - Non intersection,03 - P.D. only,03 - Rear end,01 - Clear,01 - Daylight,01 - Dry,10 - No control,,2,0,0,0,,0,,,,,363463.0321,5029394.616,45.40203137,-75.75065395,13974
18--9229,9/7/2018,5:13 PM,BANK ST @ RIVERSIDE DR N (0010778),10778,02 - Intersection related,02 - Non-fatal injury,05 - Turning movement,01 - Clear,01 - Daylight,01 - Dry,01 - Traffic signal,01 - Functioning,2,1,0,0,01 - Minimal,1,1,,,,369225.7155,5027983.546,45.38882841,-75.67723453,13975
18--923,1/16/2018,8:01 AM,AIRPORT PKWY @ HUNT CLUB RD (0010856),10856,02 - Intersection related,03 - P.D. only,04 - Sideswipe,03 - Snow,01 - Daylight,04 - Slush,01 - Traffic signal,01 - Functioning,3,0,0,0,,0,,,,,371018.5281,5023702.998,45.35014629,-75.6549152,13976
18--9230,9/7/2018,5:52 PM,JOCKVALE RD @ LAMING ST/WEYBRIDGE DR W (0000813),813,02 - Intersection related,03 - P.D. only,03 - Rear end,01 - Clear,01 - Daylight,01 - Dry,02 - Stop sign,01 - Functioning,2,0,0,0,,0,,,,,361915.677,5015397.493,45.27621377,-75.77203358,13977
18--9231,9/7/2018,6:01 PM,ALBION RD btwn BANK ST & DES MESANGES DR (__3ZBORZ),__3ZBORZ,04 - At/near private drive,03 - P.D. only,02 - Angle,01 - Clear,01 - Daylight,01 - Dry,10 - No control,,2,0,0,0,,0,,,,,371951.6475,5024116.515,45.35377825,-75.64295184,13978
18--9232,9/7/2018,6:05 PM,KANATA AVE @ TERRY FOX DR (0012691),12691,03 - At intersection,03 - P.D. only,05 - Turning movement,01 - Clear,01 - Daylight,01 - Dry,01 - Traffic signal,01 - Functioning,2,0,0,0,,0,,,,,349305.8673,5019211.585,45.31144545,-75.93240029,13979
18--9233,9/7/2018,6:23 AM,DUNNING RD @ OLD MONTREAL RD (0004641),4641,03 - At intersection,03 - P.D. only,02 - Angle,01 - Clear,03 - Dawn,01 - Dry,02 - Stop sign,01 - Functioning,2,0,0,0,,0,,,,,390267.7619,5042527.592,45.51742776,-75.40602744,13980
18--9234,9/7/2018,6:52 PM,CONROY RD btwn HUNT CLUB RD & CONROY RD (__3ZA2TB),__3ZA2TB,04 - At/near private drive,02 - Non-fatal injury,07 - SMV other,01 - Clear,01 - Daylight,01 - Dry,10 - No control,,1,1,0,0,02 - Minor,1,,1,,,373810.0122,5025304.264,45.36428471,-75.61907071,13981
18--9235,9/7/2018,7:00 PM,HIGHWAY 417 btwn HWY417 IC126 RAMP51 & HWY417 IC126 RAMP25 (__3ZA2RD),__3ZA2RD,01 - Non intersection,03 - P.D. only,03 - Rear end,01 - Clear,01 - Daylight,01 - Dry,10 - No control,,2,0,0,0,,0,,,,,363317.2557,5026031.04,45.37177863,-75.7529147,13982
18--9236,9/7/2018,7:01 AM,EAGLESON RD @ HOPE SIDE RD/TERRY FOX DR (0000509),509,02 - Intersection related,03 - P.D. only,03 - Rear end,01 - Clear,01 - Daylight,01 - Dry,01 - Traffic signal,01 - Functioning,2,0,0,0,,0,,,,,355188.1531,5014616.005,45.26969608,-75.8578526,13983
18--9237,9/7/2018,7:10 PM,CARLING AVE @ CROYDON AVE (0002642),2642,03 - At intersection,02 - Non-fatal injury,05 - Turning movement,01 - Clear,01 - Daylight,01 - Dry,01 - Traffic signal,01 - Functioning,2,0,0,0,02 - Minor,1,,1,,,360658.6324,5025042.479,45.36310057,-75.7869662,13984
18--9238,9/7/2018,7:12 AM,HERITAGE GLEN DR @ WOODROFFE AVE (0005312),5312,03 - At intersection,02 - Non-fatal injury,07 - SMV other,01 - Clear,01 - Daylight,01 - Dry,02 - Stop sign,01 - Functioning,1,0,0,1,02 - Minor,1,,1,,,366011.823,5015622.318,45.27789206,-75.71980323,13985
18--9239,9/7/2018,7:19 PM,TENTH LINE RD @ VANGUARD DR (0004632),4632,02 - Intersection related,03 - P.D. only,03 - Rear end,01 - Clear,05 - Dusk,01 - Dry,01 - Traffic signal,01 - Functioning,2,0,0,0,,0,,,,,384072.7627,5035874.563,45.45830202,-75.48638361,13986
18--924,1/16/2018,8:05 PM,BANK ST @ CHAMBERLAIN AVE N/ISABELLA ST (0002132),2132,03 - At intersection,03 - P.D. only,05 - Turning movement,01 - Clear,07 - Dark,04 - Slush,01 - Traffic signal,01 - Functioning,2,0,0,0,,0,,,,,368082.712,5030166.563,45.40857475,-75.69155,13987
18--9240,9/7/2018,7:30 AM,JAMIE AVE btwn MERIVALE RD & SUNDERLAND ST (__3ZA0XW),__3ZA0XW,04 - At/near private drive,03 - P.D. only,05 - Turning movement,01 - Clear,01 - Daylight,01 - Dry,10 - No control,,2,0,0,0,,0,,,,,365953.5612,5021952.383,45.33485447,-75.71976474,13988
18--9241,9/7/2018,7:50 AM,STEEPLE CHASE DR btwn NIPIGON WAY & MATTAWA CRES (__3ZAZV6),__3ZAZV6,01 - Non intersection,03 - P.D. only,06 - SMV unattended vehicle,01 - Clear,01 - Daylight,01 - Dry,10 - No control,,1,0,0,0,,0,,,,,355210.3651,5017982.555,45.2999874,-75.85722753,13989
18--9242,9/7/2018,7:55 AM,MERIVALE RD @ ANNA AVE/LAPERRIERE AVE (0006316),6316,03 - At intersection,03 - P.D. only,02 - Angle,01 - Clear,01 - Daylight,01 - Dry,01 - Traffic signal,01 - Functioning,2,0,0,0,,0,,,,,364859.706,5027164.542,45.38184718,-75.73308625,13990
18--9243,9/7/2018,8:03 AM,BAYCREST DR @ WALKLEY RD (0006958),6958,02 - Intersection related,03 - P.D. only,03 - Rear end,01 - Clear,01 - Daylight,01 - Dry,01 - Traffic signal,01 - Functioning,2,0,0,0,,0,,,,,371421.7306,5026590.527,45.3760891,-75.64938079,13991
18--9244,9/7/2018,8:20 AM,GREENBANK RD @ CANFIELD RD/CRAIG HENRY DR (0000154),154,02 - Intersection related,03 - P.D. only,03 - Rear end,01 - Clear,01 - Daylight,01 - Dry,01 - Traffic signal,00 - Unknown,2,0,0,0,,0,,,,,361106.6635,5021364.513,45.3299705,-75.78166626,13992
18--9245,9/7/2018,8:39 AM,WOODROFFE AVE btwn KNOXDALE RD/MEDHURST DR & NORICE ST (__3ZA3JO),__3ZA3JO,01 - Non intersection,03 - P.D. only,03 - Rear end,01 - Clear,01 - Daylight,01 - Dry,10 - No control,,2,0,0,0,,0,,,,,363400.8585,5021874.065,45.3343676,-75.75234014,13993
18--9246,9/7/2018,9:05 AM,ANN ST btwn TIGHE ST & BEAVERWOOD RD (__3ZA90B),__3ZA90B,01 - Non intersection,01 - Fatal injury,07 - SMV other,01 - Clear,01 - Daylight,01 - Dry,10 - No control,,1,0,0,1,04 - Fatal,1,,,,1,368802.8228,5009748.197,45.22478869,-75.68498944,13994
18--9247,9/7/2018,9:52 AM,BANK ST @ ERIE AVE (0006828),6828,02 - Intersection related,03 - P.D. only,04 - Sideswipe,01 - Clear,01 - Daylight,01 - Dry,01 - Traffic signal,01 - Functioning,2,0,0,0,,0,,,,,370134.6373,5026479.561,45.37521186,-75.66582717,13995
18--9248,9/7/2018,9:59 PM,ARLINGTON AVE btwn KENT ST & BANK ST (__3ZA977),__3ZA977,01 - Non intersection,03 - P.D. only,06 - SMV unattended vehicle,01 - Clear,07 - Dark,01 - Dry,10 - No control,,1,0,0,0,,0,,,,,367953.3525,5030311.544,45.40989093,-75.69318386,13996
18--9249,9/8/2018,1:36 PM,HILSON AVE @ BYRON AVE (0006298),6298,03 - At intersection,03 - P.D. only,02 - Angle,01 - Clear,01 - Daylight,01 - Dry,02 - Stop sign,01 - Functioning,2,0,0,0,,0,,,,,363970.6857,5028478.549,45.39374605,-75.74427977,13997
18--925,1/16/2018,8:09 AM,HOPE SIDE RD @ RICHMOND RD (0000581),581,03 - At intersection,03 - P.D. only,03 - Rear end,03 - Snow,01 - Daylight,03 - Loose snow,02 - Stop sign,01 - Functioning,2,0,0,0,,0,,,,,356952.6364,5015485.435,45.27739073,-75.83527617,13998
18--9250,9/8/2018,11:45 AM,HWY 417 TERRYFO IC140R61 @ TERRY FOX DR (0011777),11777,02 - Intersection related,02 - Non-fatal injury,03 - Rear end,01 - Clear,01 - Daylight,01 - Dry,01 - Traffic signal,01 - Functioning,3,0,0,0,02 - Minor,1,,1,,,350809.6021,5018709.466,45.30683034,-75.91327022,13999
18--9251,9/8/2018,11:48 AM,GREENBANK RD btwn BATEMAN DR/BELLMAN DR & GREENBANK SQUARE SC (__3ZA4YOA),__3ZA4YOA,01 - Non intersection,03 - P.D. only,03 - Rear end,01 - Clear,01 - Daylight,01 - Dry,10 - No control,,3,0,0,0,,0,,,,,361264.8437,5020998.715,45.32666634,-75.77969015,14000
18--9522,9/14/2018,8:21 AM,LEACOCK DR btwn LEACOCK WAY & SANDWELL CRES (__3ZACXJ),__3ZACXJ,01 - Non intersection,02 - Non-fatal injury,06 - SMV unattended vehicle,01 - Clear,01 - Daylight,01 - Dry,10 - No control,,1,0,0,0,01 - Minimal,1,1,,,,351704.0755,5020559.878,45.32342162,-75.90168902,14001
18--9523,9/14/2018,8:35 PM,WOODROFFE AVE @ DEERFOX DR/STONEWAY DR (0004601),4601,03 - At intersection,02 - Non-fatal injury,05 - Turning movement,01 - Clear,07 - Dark,01 - Dry,01 - Traffic signal,01 - Functioning,2,0,0,0,02 - Minor,5,,5,,,365885.5891,5015940.309,45.28076431,-75.7213729,14002
18--9524,9/14/2018,8:37 AM,BANTREE ST @ INNES RD (0007684),7684,02 - Intersection related,03 - P.D. only,05 - Turning movement,01 - Clear,01 - Daylight,01 - Dry,01 - Traffic signal,01 - Functioning,2,0,0,0,,0,,,,,373705.6435,5030406.563,45.41020317,-75.6196905,14003
18--9525,9/14/2018,8:45 AM,BRONSON PL @ BRONSON AVE NB OFFRAMP 24 (0007106),7106,03 - At intersection,02 - Non-fatal injury,02 - Angle,01 - Clear,01 - Daylight,01 - Dry,03 - Yield sign,01 - Functioning,2,1,0,0,01 - Minimal,1,1,,,,367840.3417,5028399.297,45.39269529,-75.69487192,14004
18--9526,9/14/2018,8:45 PM,MONTREAL RD @ NORTH RIVER RD (0009805),9805,02 - Intersection related,03 - P.D. only,05 - Turning movement,01 - Clear,07 - Dark,01 - Dry,01 - Traffic signal,01 - Functioning,2,0,0,0,,0,,,,,369739.7136,5032887.69,45.43290662,-75.67002499,14005
18--9527,9/14/2018,8:51 PM,MAITLAND AVE/GLENMOUNT AVE @ ERINDALE DR (0002724),2724,02 - Intersection related,03 - P.D. only,03 - Rear end,01 - Clear,07 - Dark,01 - Dry,01 - Traffic signal,01 - Functioning,2,0,0,0,,0,,,,,363697.7149,5025211.554,45.36437313,-75.74815552,14006
18--9528,9/14/2018,8:55 AM,BANK ST btwn EVANS AVE & EVANS BLVD (__3ZAZRS),__3ZAZRS,01 - Non intersection,03 - P.D. only,04 - Sideswipe,01 - Clear,01 - Daylight,01 - Dry,10 - No control,,2,0,0,0,,0,,,,,369925.3311,5027047.259,45.38033931,-75.66842438,14007
18--9529,9/14/2018,9:05 PM,HIGHWAY 416 btwn HWY416 IC57 RAMP53 & HWY416 IC49 RAMP34 (__3ZAZJC),__3ZAZJC,01 - Non intersection,03 - P.D. only,07 - SMV other,01 - Clear,07 - Dark,01 - Dry,10 - No control,,1,0,0,0,,0,,,,,368751.2679,5002497.925,45.15955533,-75.68657577,14008
18--953,1/17/2018,2:40 PM,HIGHWAY 417 btwn Continuation of HIGHWAY 417 & HWY417 IC134 RAMP51 (__3ZA29B),__3ZA29B,01 - Non intersection,03 - P.D. only,03 - Rear end,01 - Clear,01 - Daylight,01 - Dry,10 - No control,,2,0,0,0,,0,,,,,355520.3295,5021715.021,45.33355038,-75.85289333,14009
18--9530,9/14/2018,9:13 AM,REGIONAL ROAD 174 btwn OR174 IC112 RAMP26 & OR174 IC112 RAMP61 (__3ZA2XF),__3ZA2XF,01 - Non intersection,02 - Non-fatal injury,03 - Rear end,01 - Clear,01 - Daylight,01 - Dry,10 - No control,,2,0,0,0,01 - Minimal,1,1,,,,375021.0155,5033011.996,45.43351469,-75.60251655,14010
18--9531,9/14/2018,9:35 AM,AVIATION PKWY @ MONTREAL RD (0008799),8799,03 - At intersection,03 - P.D. only,05 - Turning movement,01 - Clear,01 - Daylight,01 - Dry,01 - Traffic signal,01 - Functioning,2,0,0,0,,0,,,,,372146.6597,5034108.644,45.44366452,-75.63909892,14011
18--9532,9/14/2018,9:38 PM,HAWTHORNE RD @ LEITRIM RD (0009269),9269,02 - Intersection related,03 - P.D. only,07 - SMV other,01 - Clear,07 - Dark,01 - Dry,01 - Traffic signal,01 - Functioning,1,0,0,0,,0,,,,,377038.8224,5022709.553,45.34061348,-75.57823851,14012
18--9533,9/15/2018,1:06 PM,BASELINE RD btwn FISHER AVE & LEXINGTON ST (__3ZA4JR),__3ZA4JR,01 - Non intersection,02 - Non-fatal injury,03 - Rear end,01 - Clear,01 - Daylight,01 - Dry,10 - No control,,2,0,0,0,01 - Minimal,1,1,,,,366347.7364,5026141.764,45.3725153,-75.71421456,14013
18--9534,9/15/2018,1:14 PM,INNES RD @ 298 E OF WILDFLOWER DR/LOBLAWS SC (0012918),12918,03 - At intersection,03 - P.D. only,05 - Turning movement,01 - Clear,01 - Daylight,01 - Dry,01 - Traffic signal,01 - Functioning,4,0,0,0,,0,,,,,383190.8578,5035796.608,45.45770015,-75.49767071,14014
18--9535,9/15/2018,1:30 PM,CARLING AVE @ WOODROFFE AVE W (0011470),11470,03 - At intersection,03 - P.D. only,04 - Sideswipe,01 - Clear,01 - Daylight,01 - Dry,01 - Traffic signal,01 - Functioning,3,0,0,0,,0,,,,,361767.8082,5025725.557,45.36915759,-75.77272998,14015
18--9536,9/15/2018,1:30 PM,ROBINWOOD PL btwn Continuation of ROBINWOOD PL & Continuation of ROBIN (__3ZBO3S),__3ZBO3S,04 - At/near private drive,03 - P.D. only,02 - Angle,01 - Clear,01 - Daylight,01 - Dry,10 - No control,,2,0,0,0,,0,,,,,381020.1538,5035001.675,45.45078814,-75.52554509,14016
18--9537,9/15/2018,10:30 AM,BASELINE RD @ GREENBANK RD (0002357),2357,02 - Intersection related,03 - P.D. only,03 - Rear end,01 - Clear,01 - Daylight,01 - Dry,01 - Traffic signal,01 - Functioning,3,0,0,0,,0,,,,,360597.5785,5022584.615,45.34098964,-75.78802285,14017
18--9538,9/15/2018,10:50 PM,SPEEDWAY RD btwn SPRUCE RIDGE RD & END (__7JQ7KY),__7JQ7KY,01 - Non intersection,03 - P.D. only,07 - SMV other,01 - Clear,07 - Dark,01 - Dry,10 - No control,,1,0,0,0,,0,,,,,345251.3379,5010946.09,45.23731426,-75.98478045,14018
18--9539,9/15/2018,11:12 AM,MONTREAL RD btwn BURMA RD & MONTREAL RD (__3ZA2D6),__3ZA2D6,01 - Non intersection,02 - Non-fatal injury,07 - SMV other,01 - Clear,01 - Daylight,01 - Dry,10 - No control,,1,0,0,0,01 - Minimal,1,1,,,,373237.5002,5034516.075,45.44722443,-75.62509952,14019
18--954,1/17/2018,2:45 PM,HWY417 IC138 RAMP35 btwn HIGHWAY 417 & EAGLESON RD (__3ZAY6O),__3ZAY6O,01 - Non intersection,03 - P.D. only,03 - Rear end,01 - Clear,01 - Daylight,02 - Wet,10 - No control,,3,0,0,0,,0,,,,,352967.4974,5020162.528,45.31976063,-75.88561231,14020
18--9540,9/15/2018,11:21 AM,SAUNDERSON DR @ SMYTH RD (0007729),7729,03 - At intersection,03 - P.D. only,02 - Angle,01 - Clear,01 - Daylight,01 - Dry,01 - Traffic signal,01 - Functioning,2,0,0,0,,0,,,,,372793.7264,5029323.547,45.40054787,-75.63148876,14021
18--9541,9/15/2018,11:56 AM,HWY 417 INNES IC112R57 @ INNES RD (0012298),12298,02 - Intersection related,03 - P.D. only,03 - Rear end,01 - Clear,01 - Daylight,01 - Dry,01 - Traffic signal,01 - Functioning,2,0,0,0,,0,,,,,374298.8555,5030754.36,45.41327381,-75.61206375,14022
18--9542,9/15/2018,Unknown,FRANCES ST btwn KING GEORGE ST & QUEEN MARY ST (__3ZA8KP),__3ZA8KP,01 - Non intersection,03 - P.D. only,06 - SMV unattended vehicle,01 - Clear,07 - Dark,01 - Dry,10 - No control,,1,0,0,0,,0,,,,,371528.7799,5032151.882,45.42611773,-75.64726169,14023
18--9543,9/15/2018,Unknown,SPEARMAN LANE btwn MCELROY DR & MCELROY DR (__3ZBNEI),__3ZBNEI,01 - Non intersection,03 - P.D. only,06 - SMV unattended vehicle,01 - Clear,00 - Unknown,01 - Dry,10 - No control,,1,0,0,0,,0,,,,,352872.0502,5016846.297,45.28992697,-75.8871513,14024
18--9544,9/15/2018,12:03 PM,FIFTH AVE btwn BANK ST & HOWICK PL (__3ZA92S),__3ZA92S,01 - Non intersection,03 - P.D. only,06 - SMV unattended vehicle,01 - Clear,01 - Daylight,01 - Dry,10 - No control,,1,0,0,0,,0,,,,,368482.903,5029450.093,45.40209189,-75.68653053,14025
18--9545,9/15/2018,12:09 PM,EAGLESON RD btwn EAGLESON BUSINESS CENTRE & MICHAEL COWPLAND DR/STONEH (__3ZA41JB),__3ZA41JB,01 - Non intersection,03 - P.D. only,03 - Rear end,01 - Clear,01 - Daylight,01 - Dry,10 - No control,,2,0,0,0,,0,,,,,354341.3084,5016729.129,45.28877063,-75.86843323,14026
18--9546,9/15/2018,12:29 PM,BANK ST btwn ST. PAUL AVE & KITCHENER AVE (__3ZA4TR),__3ZA4TR,04 - At/near private drive,03 - P.D. only,02 - Angle,01 - Clear,01 - Daylight,01 - Dry,10 - No control,,2,0,0,0,,0,,,,,370532.6505,5025514.876,45.36649472,-75.66087438,14027
18--9547,9/15/2018,12:35 AM,BANK ST @ RIVERSIDE DR N (0010778),10778,03 - At intersection,03 - P.D. only,04 - Sideswipe,01 - Clear,07 - Dark,01 - Dry,01 - Traffic signal,01 - Functioning,2,0,0,0,,0,,,,,369225.6624,5027983.69,45.38882971,-75.67723519,14028
18--9548,9/15/2018,12:39 PM,DES EPINETTES AVE @ DUVERNAY DR/LAMOUREUX DR (0004496),4496,02 - Intersection related,02 - Non-fatal injury,03 - Rear end,01 - Clear,01 - Daylight,01 - Dry,02 - Stop sign,01 - Functioning,2,0,0,0,02 - Minor,1,,1,,,383558.7154,5036863.479,45.46725753,-75.49279698,14029
18--9549,9/15/2018,12:40 PM,DOZOIS RD btwn LONGSHADOW ST & RIDEAU BEND CRES (__3ZA6LW),__3ZA6LW,04 - At/near private drive,03 - P.D. only,02 - Angle,01 - Clear,01 - Daylight,01 - Dry,10 - No control,,2,0,0,0,,0,,,,,371830.0285,5011746.86,45.2424908,-75.646176,14030
18--955,1/17/2018,3:02 PM,MONTREAL RD @ CARSON'S RD/CODD'S RD (0010801),10801,02 - Intersection related,03 - P.D. only,03 - Rear end,01 - Clear,01 - Daylight,02 - Wet,01 - Traffic signal,01 - Functioning,2,0,0,0,,0,,,,,372770.7183,5034398.581,45.44621282,-75.63108236,14031
18--9550,9/15/2018,12:43 PM,PINECREST RD/HWY 417 PINECRE IC129R63 @ TRANSI (0008264),8264,02 - Intersection related,03 - P.D. only,04 - Sideswipe,01 - Clear,01 - Daylight,01 - Dry,01 - Traffic signal,01 - Functioning,2,0,0,0,,0,,,,,360388.0733,5023677.775,45.35084251,-75.79057308,14032
18--9551,9/15/2018,2:07 AM,HWY417 IC115 RAMP61 btwn RAMP & HIGHWAY 417 (__3ZAYAU),__3ZAYAU,01 - Non intersection,03 - P.D. only,07 - SMV other,01 - Clear,07 - Dark,01 - Dry,10 - No control,,1,0,0,0,,0,,,,,372651.5715,5031562.42,45.42070602,-75.63299618,14033