Anom_ID,Accident_Date,Accident_Time,Location,Geo_ID,Accident_Location,Classification_of_Accident,Initial_Impact_Type,Environment_Condition,Light,Road_Surface_Condition,Traffic_Control,Traffic_Control_Condition,No__of_Vehicles,No__of_Bicycles,No__of_Motorcycles,No__of_Pedestrians,Max_Injury,No__of_Injuries,No__of_Minimal,No__of_Minor,No__of_Major,No__of_Fatal,X,Y,Latitude,Longitude,ObjectId
18--9552,9/15/2018,2:19 PM,EAGLESON RD/MCCORDICK RD @ BROPHY DR (0000160),160,02 - Intersection related,02 - Non-fatal injury,07 - SMV other,01 - Clear,01 - Daylight,01 - Dry,02 - Stop sign,01 - Functioning,1,0,1,0,02 - Minor,1,,1,,,359085.5059,5004722.362,45.18038092,-75.80926718,14034
18--9553,9/15/2018,2:39 PM,MONTREAL RD @ MONTFORT HOSPITAL (0011388),11388,02 - Intersection related,03 - P.D. only,03 - Rear end,01 - Clear,01 - Daylight,01 - Dry,01 - Traffic signal,01 - Functioning,2,0,0,0,,0,,,,,372222.4356,5034144.279,45.44397784,-75.63812549,14035
18--9554,9/15/2018,3:17 PM,AIRPORT PKWY btwn RAMP & RAMP (4) (__3ZA22T),__3ZA22T,01 - Non intersection,03 - P.D. only,03 - Rear end,01 - Clear,01 - Daylight,01 - Dry,10 - No control,,3,0,0,0,,0,,,,,371076.9603,5023239.014,45.34596598,-75.65423174,14036
18--9555,9/15/2018,3:26 PM,FITZGERALD RD @ ROBERTSON RD (0005301),5301,03 - At intersection,03 - P.D. only,02 - Angle,01 - Clear,01 - Daylight,01 - Dry,01 - Traffic signal,01 - Functioning,2,0,0,0,,0,,,,,356789.4864,5020289.336,45.32062904,-75.83685179,14037
18--9556,9/15/2018,5:15 PM,WALKLEY RD @ HEATHERINGTON RD (0006928),6928,02 - Intersection related,03 - P.D. only,03 - Rear end,01 - Clear,01 - Daylight,01 - Dry,01 - Traffic signal,01 - Functioning,2,0,0,0,,0,,,,,371766.3949,5026794.674,45.37789308,-75.64495296,14038
18--9557,9/15/2018,5:20 PM,CARP RD @ WESTBROOK RD (0001681),1681,02 - Intersection related,03 - P.D. only,03 - Rear end,01 - Clear,01 - Daylight,01 - Dry,01 - Traffic signal,01 - Functioning,2,0,0,0,,0,,,,,347737.5198,5015442.488,45.27762745,-75.95272739,14039
18--9558,9/15/2018,5:30 PM,BORRISOKANE RD btwn CAMBRIAN RD & STRANDHERD DR (__3ZA1CC),__3ZA1CC,01 - Non intersection,03 - P.D. only,07 - SMV other,01 - Clear,01 - Daylight,01 - Dry,10 - No control,,1,0,0,0,,0,,,,,362911.1117,5011954.592,45.24515277,-75.75975004,14040
18--9559,9/15/2018,5:52 PM,BAYSHORE DR @ RICHMOND RD (0010407),10407,02 - Intersection related,03 - P.D. only,03 - Rear end,01 - Clear,01 - Daylight,01 - Dry,01 - Traffic signal,01 - Functioning,2,0,0,0,,0,,,,,359372.6599,5023368.538,45.34813974,-75.80356516,14041
18--956,1/17/2018,3:18 PM,NORTHPARK DR btwn HIGHBURN CRES & BUTTERNUT CRT (__3ZA6ZB),__3ZA6ZB,04 - At/near private drive,03 - P.D. only,06 - SMV unattended vehicle,01 - Clear,01 - Daylight,01 - Dry,10 - No control,,1,0,0,0,,0,,,,,377987.5627,5033641.749,45.4388766,-75.56451294,14042
18--9560,9/15/2018,6:26 PM,RICHMOND RD @ WOODROFFE AVE (0011466),11466,03 - At intersection,02 - Non-fatal injury,05 - Turning movement,01 - Clear,01 - Daylight,01 - Dry,01 - Traffic signal,01 - Functioning,2,0,0,0,01 - Minimal,1,1,,,,361584.5332,5026654.724,45.37753303,-75.77496272,14043
18--9561,9/15/2018,6:27 PM,BANK ST @ LEITRIM RD (0004125),4125,02 - Intersection related,03 - P.D. only,04 - Sideswipe,01 - Clear,01 - Daylight,01 - Dry,01 - Traffic signal,01 - Functioning,2,0,0,0,,0,,,,,375357.7107,5021619.579,45.33097744,-75.59984207,14044
18--9562,9/15/2018,6:59 PM,CARLING AVE @ KIRKWOOD AVE N (0002358),2358,03 - At intersection,02 - Non-fatal injury,02 - Angle,01 - Clear,05 - Dusk,01 - Dry,01 - Traffic signal,01 - Functioning,2,0,0,0,02 - Minor,1,,1,,,364275.702,5027493.595,45.38485777,-75.7405032,14045
18--9563,9/15/2018,8:00 PM,MONTREAL RD @ VANIER PKWY (0004630),4630,02 - Intersection related,03 - P.D. only,03 - Rear end,01 - Clear,07 - Dark,01 - Dry,01 - Traffic signal,01 - Functioning,2,0,0,0,,0,,,,,370072.7767,5033065.735,45.43447759,-75.66574506,14046
18--9564,9/15/2018,8:13 PM,SHEFFIELD RD @ WALKLEY RD (0005156),5156,02 - Intersection related,03 - P.D. only,03 - Rear end,01 - Clear,07 - Dark,01 - Dry,01 - Traffic signal,01 - Functioning,2,0,0,0,,0,,,,,375257.6423,5028784.707,45.39545603,-75.60009697,14047
18--9565,9/15/2018,8:32 AM,HIGHWAY 417 btwn HWY417 IC163 RAMP16 & HWY417 IC169 RAMP61 (__5SPO79),__5SPO79,01 - Non intersection,03 - P.D. only,07 - SMV other,01 - Clear,01 - Daylight,01 - Dry,10 - No control,,1,0,0,0,,0,,,,,328477.3903,5022827.039,45.34499058,-76.19785527,14048
18--9566,9/15/2018,8:45 PM,TENTH LINE RD btwn TOMPKINS AVE & CANOTIA PL (__3ZA1TD),__3ZA1TD,01 - Non intersection,03 - P.D. only,99 - Other,01 - Clear,07 - Dark,01 - Dry,10 - No control,,2,0,0,0,,0,,,,,383215.9207,5037883.149,45.47647017,-75.4970174,14049
18--9567,9/15/2018,9:49 PM,RIDDELL AVE   N btwn LENESTER AVE & END (__3ZA0DU),__3ZA0DU,01 - Non intersection,03 - P.D. only,06 - SMV unattended vehicle,01 - Clear,07 - Dark,01 - Dry,10 - No control,,1,0,0,0,,0,,,,,363038.0109,5025981.6,45.37135704,-75.75648532,14050
18--9568,9/16/2018,1:15 PM,HIGHWAY 417 btwn HWY417 IC124 RAMP76 & HWY417 IC124 RAMP67 (__3ZA2R7),__3ZA2R7,01 - Non intersection,02 - Non-fatal injury,03 - Rear end,01 - Clear,01 - Daylight,01 - Dry,10 - No control,,4,0,0,0,01 - Minimal,1,1,,,,364237.2602,5027288.248,45.38301336,-75.74101877,14051
18--9569,9/16/2018,1:24 PM,CUMBERLAND ST @ YORK ST (0008416),8416,03 - At intersection,03 - P.D. only,04 - Sideswipe,01 - Clear,01 - Daylight,01 - Dry,01 - Traffic signal,01 - Functioning,2,0,0,0,,0,,,,,368262.7873,5032521.472,45.42974712,-75.68894642,14052
18--957,1/17/2018,3:33 PM,HIGHWAY 417 btwn HWY417 IC124 RAMP67 & HWY417 IC123 RAMP62 (__3ZA2YZ),__3ZA2YZ,01 - Non intersection,03 - P.D. only,03 - Rear end,01 - Clear,01 - Daylight,04 - Slush,10 - No control,,2,0,0,0,,0,,,,,364673.5342,5027883.233,45.38832977,-75.73537612,14053
18--9570,9/16/2018,1:41 AM,LAURIER AVE   E btwn RUSSELL AVE & CHAPEL ST (__3ZA3V3),__3ZA3V3,01 - Non intersection,03 - P.D. only,07 - SMV other,01 - Clear,07 - Dark,01 - Dry,10 - No control,,1,0,0,0,,0,,,,,369113.3993,5032261.19,45.4273275,-75.67811072,14054
18--9571,9/16/2018,1:41 PM,CARP RD @ HOBIN ST/MCCOOEYE LANE (0009339),9339,02 - Intersection related,03 - P.D. only,07 - SMV other,01 - Clear,01 - Daylight,01 - Dry,01 - Traffic signal,01 - Functioning,1,0,0,0,,0,,,,,349415.5779,5014324.44,45.26746238,-75.93144071,14055
18--9572,9/16/2018,1:43 PM,HOG'S BACK RD btwn COLONEL BY DR & RIVERSIDE DR (__3ZA22W),__3ZA22W,01 - Non intersection,02 - Non-fatal injury,03 - Rear end,01 - Clear,01 - Daylight,01 - Dry,10 - No control,,3,0,1,0,02 - Minor,1,,1,,,367967.0551,5026152.943,45.37247179,-75.69354117,14056
18--9573,9/16/2018,1:58 PM,DUVAL LANE btwn PRESTWICK DR & DES EPINETTES AVE (__3ZA6SS),__3ZA6SS,04 - At/near private drive,03 - P.D. only,06 - SMV unattended vehicle,01 - Clear,01 - Daylight,01 - Dry,10 - No control,,1,0,0,0,,0,,,,,383330.531,5036805.664,45.46676305,-75.4957239,14057
18--9574,9/16/2018,10:38 AM,SOMERSET ST    W btwn BECKINGTON PRIV & BANK ST (__3ZAZQ1),__3ZAZQ1,04 - At/near private drive,03 - P.D. only,02 - Angle,01 - Clear,01 - Daylight,01 - Dry,10 - No control,,2,0,0,0,,0,,,,,367685.0427,5030909.875,45.41529868,-75.69653498,14058
18--9575,9/16/2018,10:41 PM,SOMERO PRIV E @ TAPIOLA CRES (0007660),7660,02 - Intersection related,02 - Non-fatal injury,02 - Angle,01 - Clear,07 - Dark,01 - Dry,03 - Yield sign,01 - Functioning,2,1,0,0,02 - Minor,1,,1,,,372370.647,5025399.559,45.36528236,-75.63742941,14059
18--9576,9/16/2018,11:00 AM,RIVERSIDE DR @ WALKLEY RD (0002158),2158,02 - Intersection related,03 - P.D. only,03 - Rear end,01 - Clear,01 - Daylight,01 - Dry,01 - Traffic signal,01 - Functioning,2,0,0,0,,0,,,,,368418.6097,5024853.496,45.36073886,-75.68794404,14060
18--9577,9/16/2018,11:00 AM,HIGHWAY 417 btwn HWY417 IC122 RAMP15 & HWY417 IC121B RAMP51 (__3ZA2RB),__3ZA2RB,01 - Non intersection,03 - P.D. only,07 - SMV other,01 - Clear,01 - Daylight,01 - Dry,10 - No control,,1,0,0,0,,0,,,,,366185.8072,5029375.289,45.40162402,-75.71587955,14061
18--9578,9/16/2018,11:20 AM,OLD TENTH LINE RD @ TENTH LINE RD (0009223),9223,02 - Intersection related,02 - Non-fatal injury,03 - Rear end,01 - Clear,01 - Daylight,01 - Dry,01 - Traffic signal,01 - Functioning,2,0,0,0,01 - Minimal,1,1,,,,383041.8319,5038358.848,45.4807696,-75.49916797,14062
18--9579,9/16/2018,Unknown,ERINBROOK CRES btwn ELDERFIELD CRT & SOUTHVALE CRES (__3ZA77B),__3ZA77B,01 - Non intersection,03 - P.D. only,06 - SMV unattended vehicle,01 - Clear,00 - Unknown,01 - Dry,10 - No control,,1,0,0,0,,0,,,,,373894.524,5029329.006,45.40048921,-75.61742873,14063
18--958,1/17/2018,3:50 PM,PERCY ST btwn GLADSTONE AVE & MCLEOD ST (__3ZA80J),__3ZA80J,01 - Non intersection,02 - Non-fatal injury,03 - Rear end,01 - Clear,01 - Daylight,05 - Packed snow,10 - No control,,2,1,0,0,01 - Minimal,1,1,,,,367343.0412,5030183.489,45.40879353,-75.70099638,14064
18--9580,9/16/2018,Unknown,RAVEN AVE btwn CAVAN ST & KIRKWOOD AVE (__3ZBOPR),__3ZBOPR,01 - Non intersection,03 - P.D. only,06 - SMV unattended vehicle,01 - Clear,00 - Unknown,01 - Dry,10 - No control,,1,0,0,0,,0,,,,,364656.638,5026751.936,45.37815201,-75.73572905,14065
18--9581,9/16/2018,Unknown,GLAMORGAN DR btwn BALLANTRAE WAY & DUNDEGAN DR (__3ZACLB),__3ZACLB,01 - Non intersection,03 - P.D. only,06 - SMV unattended vehicle,01 - Clear,00 - Unknown,01 - Dry,10 - No control,,1,0,0,0,,0,,,,,353576.8252,5016649.383,45.28810653,-75.87818634,14066
18--9582,9/16/2018,12:33 PM,HAWTHORNE RD @ HUNT CLUB RD (0007651),7651,02 - Intersection related,03 - P.D. only,03 - Rear end,01 - Clear,01 - Daylight,01 - Dry,01 - Traffic signal,01 - Functioning,2,0,0,0,,0,,,,,375507.8114,5026406.54,45.37403326,-75.59724281,14067
18--9583,9/16/2018,12:42 PM,BRONSON AVE @ COMMISSIONER ST/SLATER ST (0001679),1679,03 - At intersection,02 - Non-fatal injury,05 - Turning movement,01 - Clear,01 - Daylight,01 - Dry,01 - Traffic signal,01 - Functioning,2,0,0,0,01 - Minimal,1,1,,,,366768.6369,5030948.822,45.41573088,-75.70823761,14068
18--9584,9/16/2018,12:55 PM,INDUSTRIAL AVE @ OC TRANSPO GARAGE/215m E OF RUSSELL RD (0014365),14365,02 - Intersection related,02 - Non-fatal injury,03 - Rear end,01 - Clear,01 - Daylight,01 - Dry,01 - Traffic signal,01 - Functioning,2,0,0,0,01 - Minimal,2,2,,,,372639.512,5030159.872,45.40808771,-75.63334332,14069
18--9585,9/16/2018,2:50 PM,KILBIRNIE DR btwn GREENBANK RD & KILMARNOCK WAY (__54YKQP),__54YKQP,01 - Non intersection,03 - P.D. only,01 - Approaching,01 - Clear,01 - Daylight,01 - Dry,10 - No control,,2,0,0,0,,0,,,,,365405.54,5011700.801,45.24265879,-75.72800847,14070
18--9586,9/16/2018,4:04 AM,STRANDHERD DR @ LONGFIELDS DR (0010935),10935,02 - Intersection related,03 - P.D. only,07 - SMV other,01 - Clear,07 - Dark,01 - Dry,01 - Traffic signal,01 - Functioning,1,0,0,0,,0,,,,,364548.8309,5015173.193,45.27397669,-75.73850269,14071
18--9587,9/16/2018,4:18 PM,GREENBANK RD btwn MARKETPLACE AVE & JOCKVALE RD (__3ZA4JE),__3ZA4JE,01 - Non intersection,03 - P.D. only,01 - Approaching,01 - Clear,01 - Daylight,01 - Dry,10 - No control,,2,0,0,0,,0,,,,,364064.4826,5014466.083,45.26765509,-75.74475955,14072
18--9588,9/16/2018,4:30 PM,HIGHWAY 417 btwn HWY417 IC127 RAMP25 & HWY417 IC126 RAMP51 (__3ZA2XA),__3ZA2XA,01 - Non intersection,02 - Non-fatal injury,03 - Rear end,01 - Clear,01 - Daylight,01 - Dry,10 - No control,,4,0,0,0,02 - Minor,2,,2,,,362796.565,5025347.574,45.36567216,-75.75964199,14073
18--9589,9/16/2018,5:22 PM,DALMENY RD @ RIVER RD (0012900),12900,03 - At intersection,02 - Non-fatal injury,03 - Rear end,01 - Clear,01 - Daylight,01 - Dry,02 - Stop sign,01 - Functioning,2,0,1,0,03 - Major,3,2,,1,,374387.6945,4996968.218,45.10926628,-75.61566121,14074
18--959,1/17/2018,3:55 PM,WEST HUNT CLUB RD WB btwn 354 E OF WOODROFFE AVE/REC PATH & CLEOPATRA DR/LANCELOT DR (__3ZA3JEB),__3ZA3JEB,01 - Non intersection,03 - P.D. only,03 - Rear end,03 - Snow,01 - Daylight,02 - Wet,10 - No control,,2,0,0,0,,0,,,,,364673.7986,5021687.747,45.33258367,-75.73612329,14075
18--9590,9/16/2018,5:28 PM,REGIONAL ROAD 174 btwn OR174 IC102 RAMP61 & OR174 IC101 RAMP36 (__3ZA1SY),__3ZA1SY,01 - Non intersection,03 - P.D. only,04 - Sideswipe,01 - Clear,01 - Daylight,01 - Dry,10 - No control,,2,0,0,0,,0,,,,,381988.5963,5038486.96,45.48203948,-75.51261829,14076
18--9591,9/16/2018,5:34 PM,PORTOBELLO BLVD btwn NESTING WAY & INNES RD (__3ZA19I),__3ZA19I,04 - At/near private drive,03 - P.D. only,02 - Angle,01 - Clear,01 - Daylight,01 - Dry,10 - No control,,2,0,0,0,,0,,,,,385621.1494,5036917.809,45.46751074,-75.46641695,14077
18--9592,9/16/2018,5:44 PM,CUMMINGS AVE btwn DONALD ST & EADY CRT (__3ZBO9T),__3ZBO9T,04 - At/near private drive,02 - Non-fatal injury,02 - Angle,01 - Clear,01 - Daylight,01 - Dry,10 - No control,,2,0,0,0,01 - Minimal,2,2,,,,372654.3944,5032403.16,45.42827032,-75.6328443,14078
18--9593,9/16/2018,6:03 PM,ST. JOSEPH BLVD/OLD MONTREAL RD @ TRIM RD (0004118),4118,03 - At intersection,03 - P.D. only,02 - Angle,01 - Clear,01 - Daylight,01 - Dry,11 - Roundabout,00 - Unknown,2,0,0,0,,0,,,,,384682.6828,5039285.663,45.48892237,-75.47803154,14079
18--9594,9/16/2018,6:09 PM,KING EDWARD AVE @ RIDEAU ST (0002121),2121,02 - Intersection related,03 - P.D. only,03 - Rear end,01 - Clear,01 - Daylight,01 - Dry,01 - Traffic signal,01 - Functioning,3,0,0,0,,0,,,,,368511.6128,5032413.492,45.42875293,-75.68578073,14080
18--9595,9/16/2018,6:28 PM,RIVERSIDE DR @ 175 S OF HUNT CLUB  RD/RUNWAY C (0011890),11890,02 - Intersection related,03 - P.D. only,99 - Other,01 - Clear,01 - Daylight,01 - Dry,01 - Traffic signal,01 - Functioning,2,0,0,0,,0,,,,,368028.5769,5021766.281,45.33299605,-75.69331676,14081
18--9596,9/16/2018,6:50 PM,SUNNYSIDE AVE btwn ROSEDALE AVE & GROSVENOR AVE (__3ZA9HF),__3ZA9HF,04 - At/near private drive,02 - Non-fatal injury,02 - Angle,01 - Clear,01 - Daylight,01 - Dry,10 - No control,,2,0,0,0,01 - Minimal,1,1,,,,368486.1516,5028431.329,45.39292507,-75.68662057,14082
18--9597,9/16/2018,7:09 AM,HUNT CLUB RD btwn MOUNTAIN CRES & TURN LANE (__3ZA3HU),__3ZA3HU,01 - Non intersection,02 - Non-fatal injury,03 - Rear end,01 - Clear,01 - Daylight,01 - Dry,10 - No control,,2,0,0,0,02 - Minor,1,,1,,,371553.3721,5024040.073,45.35312847,-75.64804474,14083
18--9598,9/16/2018,7:30 PM,CORONATION AVE btwn BOTSFORD ST & RUSSELL RD (__3ZA79U),__3ZA79U,01 - Non intersection,03 - P.D. only,06 - SMV unattended vehicle,01 - Clear,05 - Dusk,01 - Dry,10 - No control,,1,0,0,0,,0,,,,,372242.3074,5030259.412,45.40902171,-75.63840345,14084
18--9599,9/16/2018,9:00 PM,NELSON ST @ WILBROD ST (0007771),7771,02 - Intersection related,03 - P.D. only,06 - SMV unattended vehicle,01 - Clear,07 - Dark,01 - Dry,02 - Stop sign,00 - Unknown,1,0,0,0,,0,,,,,368813.7487,5032223.583,45.42701661,-75.68194458,14085
18--96,1/2/2018,2:30 PM,BRIAN COBURN BLVD btwn STRASBOURG ST & TENTH LINE RD (__6ZT4O3),__6ZT4O3,01 - Non intersection,03 - P.D. only,03 - Rear end,03 - Snow,01 - Daylight,03 - Loose snow,10 - No control,,2,0,0,0,,0,,,,,384417.2353,5035017.658,45.4505532,-75.48211845,14086
18--960,1/17/2018,4:21 PM,RIVERSIDE DR @ SMYTH RD SOUTH SIDE RAMP (0011480),11480,02 - Intersection related,03 - P.D. only,04 - Sideswipe,01 - Clear,01 - Daylight,02 - Wet,01 - Traffic signal,01 - Functioning,2,0,0,0,,0,,,,,369788.4451,5028997.976,45.39790392,-75.66991518,14087
18--9600,9/16/2018,9:50 AM,LOYOLA AVE @ SHEFFORD RD (0009494),9494,02 - Intersection related,02 - Non-fatal injury,03 - Rear end,01 - Clear,01 - Daylight,01 - Dry,02 - Stop sign,01 - Functioning,2,0,0,0,01 - Minimal,1,1,,,,376000.5775,5035167.788,45.45281213,-75.58968659,14088
18--9601,9/17/2018,1:40 PM,INNES RD @ TAUVETTE ST/GLEN PARK DR W (0003683),3683,02 - Intersection related,03 - P.D. only,03 - Rear end,01 - Clear,01 - Daylight,01 - Dry,02 - Stop sign,00 - Unknown,2,0,0,0,,0,,,,,377346.7461,5032465.581,45.42836098,-75.57287611,14089
18--9602,9/17/2018,10:12 AM,CUMMINGS AVE @ DONALD ST (0009936),9936,03 - At intersection,02 - Non-fatal injury,05 - Turning movement,01 - Clear,01 - Daylight,01 - Dry,01 - Traffic signal,01 - Functioning,2,0,0,0,01 - Minimal,1,1,,,,372650.6593,5032411.775,45.4283482,-75.63289084,14090
18--9603,9/17/2018,10:23 PM,BROMLEY RD @ MCKELLAR AVE (0003054),3054,03 - At intersection,03 - P.D. only,99 - Other,01 - Clear,07 - Dark,01 - Dry,02 - Stop sign,01 - Functioning,2,0,0,0,,0,,,,,362729.693,5026458.524,45.3756739,-75.7603653,14091
18--9604,9/17/2018,10:45 AM,HIGHWAY 417 btwn HWY417 IC124 RAMP65 & HWY417 IC122 RAMP51 (__3ZA2R8),__3ZA2R8,01 - Non intersection,02 - Non-fatal injury,03 - Rear end,01 - Clear,01 - Daylight,01 - Dry,10 - No control,,2,0,0,0,02 - Minor,2,,2,,,364659.5484,5027826.072,45.38781664,-75.73556164,14092
18--9605,9/17/2018,10:50 AM,HIGHWAY 417 btwn HWY417 IC126 RAMP25 & HWY417 IC124 RAMP57 (__3ZA2R5),__3ZA2R5,01 - Non intersection,03 - P.D. only,03 - Rear end,01 - Clear,01 - Daylight,01 - Dry,10 - No control,,3,0,0,0,,0,,,,,363952.2103,5026879.192,45.37935686,-75.7447074,14093
18--9606,9/17/2018,11:22 AM,GREENBANK RD @ STRANDHERD DR (0005563),5563,03 - At intersection,03 - P.D. only,05 - Turning movement,01 - Clear,01 - Daylight,01 - Dry,01 - Traffic signal,01 - Functioning,2,0,0,0,,0,,,,,363933.7169,5014784.436,45.27053065,-75.74638791,14094
18--9607,9/17/2018,Unknown,FITZROY ST btwn OLD SHIP RD & TO BE DETERMINED (__3ZA4RL),__3ZA4RL,01 - Non intersection,03 - P.D. only,07 - SMV other,00 - Unknown,00 - Unknown,99 - Other,10 - No control,,1,0,0,0,,0,,,,,327412.0381,5037134.419,45.47377018,-76.21079365,14095
18--9608,9/17/2018,12:05 PM,CATHERINE ST btwn BANK ST & O'CONNOR ST (__3ZA3PU),__3ZA3PU,04 - At/near private drive,02 - Non-fatal injury,07 - SMV other,01 - Clear,01 - Daylight,01 - Dry,10 - No control,,1,0,0,1,02 - Minor,1,,1,,,368139.5098,5030328.62,45.41002775,-75.69080365,14096
18--9609,9/17/2018,12:28 PM,BANK ST @ GLADSTONE AVE (0002253),2253,02 - Intersection related,03 - P.D. only,03 - Rear end,01 - Clear,01 - Daylight,01 - Dry,01 - Traffic signal,01 - Functioning,2,0,0,0,,0,,,,,367916.6606,5030562.672,45.41215381,-75.69362042,14097
18--961,1/17/2018,4:28 PM,HIGHWAY 417 btwn HWY417 IC122 RAMP61 & HWY417 IC121B RAMP16 (__3ZA2Y4),__3ZA2Y4,01 - Non intersection,03 - P.D. only,03 - Rear end,01 - Clear,01 - Daylight,01 - Dry,10 - No control,,2,0,0,0,,0,,,,,365669.1315,5029123.403,45.39940272,-75.72250986,14098
18--9610,9/17/2018,12:35 PM,DONALD ST @ ST. LAURENT BLVD (0008630),8630,03 - At intersection,02 - Non-fatal injury,02 - Angle,01 - Clear,01 - Daylight,01 - Dry,01 - Traffic signal,02 - Not functioning,2,1,0,0,03 - Major,1,,,1,,372093.7299,5032472.62,45.42894946,-75.63999909,14099
18--9611,9/17/2018,12:35 PM,BASELINE RD @ NAVAHO DR (0003158),3158,02 - Intersection related,03 - P.D. only,04 - Sideswipe,01 - Clear,01 - Daylight,01 - Dry,01 - Traffic signal,01 - Functioning,2,0,0,0,,0,,,,,363085.666,5024097.502,45.35440016,-75.75609919,14100
18--9612,9/17/2018,12:46 PM,SPEEDWAY RD btwn SPRUCE RIDGE RD & END (__7JQ7KY),__7JQ7KY,01 - Non intersection,02 - Non-fatal injury,07 - SMV other,01 - Clear,01 - Daylight,01 - Dry,10 - No control,,1,0,0,0,02 - Minor,1,,1,,,344803.5438,5010516.362,45.23347294,-75.99051823,14101
18--9613,9/17/2018,2:10 PM,FALLOWFIELD RD @ STRANDHERD DR (0005238),5238,02 - Intersection related,03 - P.D. only,03 - Rear end,01 - Clear,01 - Daylight,01 - Dry,01 - Traffic signal,01 - Functioning,2,0,0,0,,0,,,,,360752.2604,5014962.204,45.27239054,-75.78690977,14102
18--9614,9/17/2018,2:22 PM,REGIONAL ROAD 174 btwn REGIONAL ROAD 174 & OR174 IC102 RAMP61 (__3ZA1SZ),__3ZA1SZ,01 - Non intersection,03 - P.D. only,07 - SMV other,01 - Clear,01 - Daylight,01 - Dry,10 - No control,,1,0,0,0,,0,,,,,381585.0476,5038257.683,45.48002115,-75.51781549,14103
18--9615,9/17/2018,2:44 PM,BRONSON AVE @ POWELL AVE (0007212),7212,02 - Intersection related,03 - P.D. only,03 - Rear end,01 - Clear,01 - Daylight,01 - Dry,01 - Traffic signal,01 - Functioning,2,0,0,0,,0,,,,,367387.8476,5029477.176,45.40243433,-75.70051368,14104
18--9616,9/17/2018,2:56 PM,BESSERER ST @ NICHOLAS ST (0007614),7614,02 - Intersection related,03 - P.D. only,07 - SMV other,01 - Clear,01 - Daylight,01 - Dry,01 - Traffic signal,01 - Functioning,1,0,0,0,,0,,,,,368185.6958,5032111.496,45.42606529,-75.68998432,14105
18--9617,9/17/2018,3:20 PM,KNOXDALE RD @ WEST HUNT CLUB RD (0005165),5165,02 - Intersection related,03 - P.D. only,03 - Rear end,01 - Clear,01 - Daylight,01 - Dry,01 - Traffic signal,01 - Functioning,2,0,0,0,,0,,,,,361863.6679,5020584.531,45.32289109,-75.77209943,14106
18--9904,9/22/2018,9:08 PM,BASELINE RD btwn LOBLAWS SC & MERIVALE RD (__3ZA4ISC),__3ZA4ISC,01 - Non intersection,03 - P.D. only,03 - Rear end,01 - Clear,07 - Dark,01 - Dry,10 - No control,,2,0,0,0,,0,,,,,364968.7531,5025272.756,45.36481587,-75.73192439,14107
18--9905,9/22/2018,9:45 AM,RICHMOND RD @ NORTHSIDE RD E (0010417),10417,02 - Intersection related,03 - P.D. only,03 - Rear end,01 - Clear,01 - Daylight,01 - Dry,01 - Traffic signal,02 - Not functioning,2,0,0,0,,0,,,,,358329.3019,5021226.531,45.32894626,-75.81711085,14108
18--9906,9/22/2018,9:45 AM,RICHMOND RD @ EDGEWORTH AVE/MCEWEN AVE (0002352),2352,02 - Intersection related,03 - P.D. only,03 - Rear end,01 - Clear,01 - Daylight,01 - Dry,01 - Traffic signal,02 - Not functioning,2,0,0,0,,0,,,,,361075.6489,5025883.52,45.37063485,-75.78154762,14109
18--9907,9/23/2018,1:03 AM,MONTREAL RD @ VANIER PKWY (0004630),4630,02 - Intersection related,03 - P.D. only,05 - Turning movement,01 - Clear,07 - Dark,01 - Dry,01 - Traffic signal,01 - Functioning,2,0,0,0,,0,,,,,370072.6977,5033065.842,45.43447856,-75.66574606,14110
18--9908,9/23/2018,1:04 PM,EAGLESON RD @ FALLOWFIELD RD (0000118),118,03 - At intersection,02 - Non-fatal injury,02 - Angle,01 - Clear,01 - Daylight,01 - Dry,01 - Traffic signal,02 - Not functioning,2,0,0,0,01 - Minimal,1,1,,,,355961.5549,5012594.418,45.25144953,-75.84820517,14111
18--9909,9/23/2018,1:08 PM,MCCARTHY RD @ PAUL ANKA DR (0007479),7479,02 - Intersection related,03 - P.D. only,04 - Sideswipe,01 - Clear,01 - Daylight,01 - Dry,01 - Traffic signal,01 - Functioning,2,0,0,0,,0,,,,,369699.7208,5023876.505,45.35183074,-75.67172134,14112
18--991,1/18/2018,Unknown,YOUNG ST btwn LORETTA AVE S & CHAMPAGNE AVE S (__3ZA05F),__3ZA05F,01 - Non intersection,03 - P.D. only,06 - SMV unattended vehicle,01 - Clear,00 - Unknown,02 - Wet,10 - No control,,1,0,0,0,,0,,,,,366299.4765,5029358.681,45.4014646,-75.71442979,14113
18--9910,9/23/2018,1:14 PM,STITTSVILLE MAIN ST btwn RAVENSCROFT CRT & HOBIN ST (__3ZA2GF),__3ZA2GF,01 - Non intersection,03 - P.D. only,03 - Rear end,01 - Clear,01 - Daylight,01 - Dry,10 - No control,,2,0,0,0,,0,,,,,349590.687,5014144.902,45.2658357,-75.92922551,14114
18--9911,9/23/2018,1:17 PM,FALLOWFIELD RD @ HWY 416 FALLOWFI IC66R24 (0005506),5506,02 - Intersection related,03 - P.D. only,03 - Rear end,01 - Clear,01 - Daylight,01 - Dry,01 - Traffic signal,02 - Not functioning,3,0,0,0,,0,,,,,360278.3918,5014851.593,45.2714328,-75.79296094,14115