Anom_ID,Accident_Date,Accident_Time,Location,Geo_ID,Accident_Location,Classification_of_Accident,Initial_Impact_Type,Environment_Condition,Light,Road_Surface_Condition,Traffic_Control,Traffic_Control_Condition,No__of_Vehicles,No__of_Bicycles,No__of_Motorcycles,No__of_Pedestrians,Max_Injury,No__of_Injuries,No__of_Minimal,No__of_Minor,No__of_Major,No__of_Fatal,X,Y,Latitude,Longitude,ObjectId
18--9912,9/23/2018,1:50 PM,DIAMONDVIEW RD btwn OLD COACH RD & DONALD B. MUNRO DR (__3ZAC9K),__3ZAC9K,04 - At/near private drive,03 - P.D. only,03 - Rear end,01 - Clear,01 - Daylight,01 - Dry,10 - No control,,2,0,0,0,,0,,,,,337277.3336,5023178.187,45.34779812,-76.08553959,14116
18--9913,9/23/2018,10:12 AM,MERIVALE RD @ WEST HUNT CLUB RD (0000584),584,02 - Intersection related,03 - P.D. only,03 - Rear end,01 - Clear,01 - Daylight,01 - Dry,01 - Traffic signal,02 - Not functioning,2,0,0,0,,0,,,,,365612.6107,5021942.428,45.33479453,-75.72411562,14117
18--9914,9/23/2018,11:05 AM,HWY416 IC66 RAMP62 btwn HIGHWAY 416 & FALLOWFIELD RD (__3ZAY49),__3ZAY49,01 - Non intersection,03 - P.D. only,07 - SMV other,01 - Clear,01 - Daylight,01 - Dry,10 - No control,,1,0,0,0,,0,,,,,359942.9667,5015031.77,45.27308043,-75.7972154,14118
18--9915,9/23/2018,Unknown,IVANHOE AVE btwn CARLING AVE & ELMHURST ST (__3ZABWP),__3ZABWP,01 - Non intersection,03 - P.D. only,06 - SMV unattended vehicle,01 - Clear,00 - Unknown,01 - Dry,10 - No control,,1,0,0,0,,0,,,,,360510.0597,5024687.907,45.35992197,-75.78890255,14119
18--9916,9/23/2018,12:15 PM,RIVERSIDE DR NB btwn FROBISHER LANE & HINCKS LANE (__3ZAZR1),__3ZAZR1,01 - Non intersection,03 - P.D. only,03 - Rear end,01 - Clear,01 - Daylight,01 - Dry,10 - No control,,2,0,0,0,,0,,,,,370167.2898,5029818.397,45.4052505,-75.66496804,14120
18--9917,9/23/2018,12:41 PM,BLAIR RD @ OGILVIE RD (0004120),4120,03 - At intersection,03 - P.D. only,05 - Turning movement,01 - Clear,01 - Daylight,01 - Dry,01 - Traffic signal,01 - Functioning,2,0,0,0,,0,,,,,374507.7242,5033198.575,45.43524478,-75.60904962,14121
18--9918,9/23/2018,12:50 PM,PRINCE OF WALES DR @ WEST HUNT CLUB RD (0000567),567,02 - Intersection related,03 - P.D. only,03 - Rear end,01 - Clear,01 - Daylight,01 - Dry,01 - Traffic signal,01 - Functioning,2,0,0,0,,0,,,,,367458.7098,5021891.504,45.3341739,-75.70057068,14122
18--9919,9/23/2018,12:59 PM,CRESTWAY DR @ PRINCE OF WALES DR (0010323),10323,02 - Intersection related,03 - P.D. only,03 - Rear end,01 - Clear,01 - Daylight,01 - Dry,01 - Traffic signal,02 - Not functioning,2,0,0,0,,0,,,,,367370.3659,5016577.02,45.28636279,-75.70236874,14123
18--992,1/18/2018,Unknown,DOVERCOURT AVE btwn GOLDEN AVE & COLE AVE (__3ZA5WB),__3ZA5WB,01 - Non intersection,03 - P.D. only,06 - SMV unattended vehicle,01 - Clear,00 - Unknown,04 - Slush,10 - No control,,1,0,0,0,,0,,,,,363217.7535,5027253.737,45.38278859,-75.75404028,14124
18--9920,9/23/2018,3:00 AM,PRINCE OF WALES DR @ MERIVALE RD (0000564),564,02 - Intersection related,03 - P.D. only,03 - Rear end,01 - Clear,07 - Dark,01 - Dry,01 - Traffic signal,01 - Functioning,2,0,0,0,,0,,,,,367449.7117,5017616.46,45.29570849,-75.70122608,14125
18--9921,9/23/2018,3:20 PM,WALKLEY RD @ DON REID DR/RYDER ST (0008218),8218,03 - At intersection,03 - P.D. only,02 - Angle,01 - Clear,01 - Daylight,01 - Dry,01 - Traffic signal,01 - Functioning,2,0,0,0,,0,,,,,372601.7266,5027284.544,45.3822204,-75.63422114,14126
18--9922,9/23/2018,3:22 PM,CLAYMOR AVE @ MEADOWLANDS DR (0003184),3184,03 - At intersection,03 - P.D. only,05 - Turning movement,01 - Clear,01 - Daylight,01 - Dry,01 - Traffic signal,01 - Functioning,2,0,0,0,,0,,,,,366920.6117,5025322.534,45.3650935,-75.70700432,14127
18--9923,9/23/2018,3:30 PM,HIGHWAY 417 btwn HWY417 IC117 RAMP25 & HWY417 IC115 RAMP51 (__3ZA2R3),__3ZA2R3,01 - Non intersection,03 - P.D. only,04 - Sideswipe,01 - Clear,01 - Daylight,01 - Dry,10 - No control,,2,0,0,0,,0,,,,,371462.395,5031390.193,45.41927072,-75.64821301,14128
18--9924,9/23/2018,3:54 PM,REGIONAL ROAD 174 btwn OR174 IC112 RAMP36 & OR174 IC112 RAMP26 (__3ZAZFK),__3ZAZFK,01 - Non intersection,02 - Non-fatal injury,03 - Rear end,01 - Clear,01 - Daylight,01 - Dry,10 - No control,,2,0,0,0,01 - Minimal,1,1,,,,374776.6808,5032828.342,45.43188676,-75.60566507,14129
18--9925,9/23/2018,3:55 PM,CAHILL DR @ HUNT CLUB RD (0011394),11394,03 - At intersection,03 - P.D. only,02 - Angle,01 - Clear,01 - Daylight,01 - Dry,01 - Traffic signal,02 - Not functioning,2,0,0,0,,0,,,,,372407.7344,5024542.51,45.35756737,-75.63707327,14130
18--9926,9/23/2018,4:38 PM,FALLOWFIELD RD @ HWY 416 FALLOWFI IC66R24 (0005506),5506,03 - At intersection,03 - P.D. only,02 - Angle,01 - Clear,01 - Daylight,01 - Dry,01 - Traffic signal,02 - Not functioning,2,0,0,0,,0,,,,,360278.3916,5014851.593,45.2714328,-75.79296094,14131
18--9927,9/23/2018,5:30 PM,RIVERSIDE DR @ BROOKFIELD RD/HOG'S BACK RD (0001627),1627,02 - Intersection related,03 - P.D. only,03 - Rear end,01 - Clear,01 - Daylight,01 - Dry,01 - Traffic signal,01 - Functioning,2,0,0,0,,0,,,,,368167.7117,5026222.522,45.37307973,-75.69097071,14132
18--9928,9/23/2018,6:10 PM,BRITTANY DR @ MONTREAL RD (0007685),7685,03 - At intersection,03 - P.D. only,03 - Rear end,01 - Clear,01 - Daylight,01 - Dry,01 - Traffic signal,01 - Functioning,2,0,0,0,,0,,,,,371912.7117,5033994.582,45.44266074,-75.64210472,14133
18--9929,9/23/2018,6:23 PM,CAMPEAU DR @ TERRY FOX DR (0008211),8211,03 - At intersection,03 - P.D. only,05 - Turning movement,01 - Clear,05 - Dusk,01 - Dry,01 - Traffic signal,01 - Functioning,2,0,0,0,,0,,,,,350455.6004,5019010.456,45.30956183,-75.9177566,14134
18--993,1/18/2018,3:30 PM,MAITLAND AVE btwn CARLING AVE & DUNCAN PL (__3ZA4JY),__3ZA4JY,04 - At/near private drive,03 - P.D. only,02 - Angle,01 - Clear,01 - Daylight,01 - Dry,10 - No control,,2,0,0,0,,0,,,,,362951.6318,5026465.785,45.37572085,-75.75753101,14135
18--9930,9/23/2018,7:30 PM,RUSSELL RD S @ ST. LAURENT BLVD (0007734),7734,03 - At intersection,03 - P.D. only,05 - Turning movement,01 - Clear,05 - Dusk,01 - Dry,01 - Traffic signal,01 - Functioning,2,0,0,0,,0,,,,,373569.7335,5029260.544,45.3999052,-75.62158646,14136
18--9931,9/23/2018,7:56 AM,BRIDGESTONE DR @ EAGLESON RD (0010095),10095,02 - Intersection related,03 - P.D. only,07 - SMV other,01 - Clear,01 - Daylight,01 - Dry,02 - Stop sign,01 - Functioning,1,0,0,0,,0,,,,,354872.6551,5015403.882,45.27680811,-75.86179361,14137
18--9932,9/23/2018,7:56 PM,INNES RD @ ORLEANS BLVD (0003611),3611,02 - Intersection related,03 - P.D. only,04 - Sideswipe,01 - Clear,07 - Dark,01 - Dry,01 - Traffic signal,01 - Functioning,2,0,0,0,,0,,,,,380460.7277,5034296.383,45.44450325,-75.53280464,14138
18--9933,9/23/2018,8:16 PM,CRESTWAY DR @ STRANDHERD DR (0010538),10538,03 - At intersection,03 - P.D. only,02 - Angle,01 - Clear,07 - Dark,01 - Dry,01 - Traffic signal,02 - Not functioning,2,0,0,0,,0,,,,,366346.8719,5015471.188,45.27650295,-75.71555188,14139
18--9934,9/23/2018,8:20 PM,GREENBANK RD @ WEST HUNT CLUB RD (0005167),5167,03 - At intersection,02 - Non-fatal injury,05 - Turning movement,01 - Clear,07 - Dark,01 - Dry,01 - Traffic signal,02 - Not functioning,2,0,0,0,03 - Major,1,,,1,,361479.6763,5020502.479,45.3221839,-75.7770066,14140
18--9935,9/23/2018,8:30 PM,REGIONAL RD 174 @ TRIM RD (0012835),12835,02 - Intersection related,03 - P.D. only,03 - Rear end,01 - Clear,07 - Dark,01 - Dry,01 - Traffic signal,01 - Functioning,2,0,0,0,,0,,,,,384351.7362,5039990.327,45.49530005,-75.48215058,14141
18--9936,9/23/2018,8:45 AM,CROSSKEYS PL/HELENE CAMPBELL RD @ STRANDHERD DR (0015337),15337,03 - At intersection,03 - P.D. only,02 - Angle,01 - Clear,01 - Daylight,01 - Dry,01 - Traffic signal,02 - Not functioning,3,0,0,0,,0,,,,,360982.3112,5014901.733,45.27182808,-75.78398493,14142
18--9937,9/23/2018,9:30 PM,ROGER STEVENS DR btwn MCKENNA RD & DWYER HILL RD (__3ZA428),__3ZA428,01 - Non intersection,03 - P.D. only,07 - SMV other,01 - Clear,07 - Dark,01 - Dry,10 - No control,,1,0,0,0,,0,,,,,353889.3914,4988946.34,45.03880081,-75.87692528,14143
18--9938,9/23/2018,9:39 PM,KENT ST @ WELLINGTON ST (0002040),2040,02 - Intersection related,03 - P.D. only,04 - Sideswipe,01 - Clear,07 - Dark,01 - Dry,01 - Traffic signal,01 - Functioning,2,0,0,0,,0,,,,,367097.6531,5031526.596,45.42090029,-75.70396119,14144
18--9939,9/23/2018,9:52 PM,MEADOWLANDS DR @ MERIVALE RD (0000625),625,03 - At intersection,03 - P.D. only,02 - Angle,01 - Clear,07 - Dark,01 - Dry,01 - Traffic signal,02 - Not functioning,3,0,0,0,,0,,,,,364858.7432,5023725.51,45.35090341,-75.73351657,14145
18--994,1/18/2018,3:43 PM,MONCTON RD btwn KELLY AVE & GOLD CRES (__3ZABUO),__3ZABUO,01 - Non intersection,03 - P.D. only,99 - Other,01 - Clear,01 - Daylight,02 - Wet,10 - No control,,2,0,0,0,,0,,,,,360567.9009,5023991.572,45.35365177,-75.78824286,14146
18--9940,9/24/2018,1:17 PM,LANCASTER RD @ WALKLEY RD (0003130),3130,02 - Intersection related,02 - Non-fatal injury,03 - Rear end,01 - Clear,01 - Daylight,01 - Dry,01 - Traffic signal,01 - Functioning,2,0,0,0,01 - Minimal,2,2,,,,374908.7406,5028602.542,45.39385202,-75.60457857,14147
18--9941,9/24/2018,1:30 PM,AMBIANCE DR btwn Continuation of AMBIANCE DR & Continuation of AMBIANC (__4O3KK1),__4O3KK1,01 - Non intersection,03 - P.D. only,06 - SMV unattended vehicle,01 - Clear,01 - Daylight,01 - Dry,10 - No control,,1,0,0,0,,0,,,,,367026.0747,5016579.195,45.28641293,-75.70675698,14148
18--9942,9/24/2018,1:30 PM,STEWART ST btwn COBOURG ST & CHARLOTTE ST (__3ZA7A6),__3ZA7A6,04 - At/near private drive,03 - P.D. only,06 - SMV unattended vehicle,01 - Clear,01 - Daylight,01 - Dry,10 - No control,,1,0,0,0,,0,,,,,369344.5523,5032639.283,45.43070814,-75.67510747,14149
18--9943,9/24/2018,10:19 AM,HIGHWAY 417 btwn HWY417 IC121A RAMP61 & HWY417 IC120B RAMP36 (__3ZA2YV),__3ZA2YV,01 - Non intersection,03 - P.D. only,04 - Sideswipe,01 - Clear,01 - Daylight,01 - Dry,10 - No control,,2,0,0,0,,0,,,,,367594.894,5029914.567,45.4063513,-75.69781346,14150
18--9944,9/24/2018,10:38 AM,BILLINGS BRIDGESC RAMP SB @ RIVERSIDE DR EB (0010763),10763,03 - At intersection,03 - P.D. only,02 - Angle,01 - Clear,01 - Daylight,01 - Dry,02 - Stop sign,01 - Functioning,2,0,0,0,,0,,,,,369177.2945,5027785.495,45.38705087,-75.67787867,14151
18--9945,9/24/2018,10:38 AM,COUNTRY MEADOW DR btwn BEARHILL RD & COUNTRY CARRIAGE WAY (__4YT1QE),__4YT1QE,04 - At/near private drive,03 - P.D. only,06 - SMV unattended vehicle,01 - Clear,01 - Daylight,01 - Dry,10 - No control,,1,0,0,0,,0,,,,,337768.6267,5018583.574,45.30643073,-76.07957607,14152
18--9946,9/24/2018,10:41 AM,INNES RD @ JEANNE D'ARC BLVD/MER BLEUE RD (0012475),12475,02 - Intersection related,03 - P.D. only,05 - Turning movement,01 - Clear,01 - Daylight,01 - Dry,01 - Traffic signal,01 - Functioning,2,0,0,0,,0,,,,,382637.7535,5035567.553,45.45570114,-75.50477805,14153
18--9947,9/24/2018,11:21 AM,IRIS ST @ SODERLIND ST (0002955),2955,02 - Intersection related,02 - Non-fatal injury,03 - Rear end,01 - Clear,01 - Daylight,01 - Dry,02 - Stop sign,01 - Functioning,2,0,0,0,01 - Minimal,1,1,,,,361129.8487,5023663.334,45.35065338,-75.78110877,14154
18--9948,9/24/2018,12:10 AM,HIGHWAY 7 btwn HAZELDEAN IC RAMP 53 & HIGHWAY 7 (__7JQ7LK),__7JQ7LK,01 - Non intersection,03 - P.D. only,07 - SMV other,01 - Clear,07 - Dark,01 - Dry,10 - No control,,1,0,0,0,,0,,,,,342448.0102,5008511.215,45.21555939,-76.02066868,14155
18--9949,9/24/2018,12:45 AM,HIGHWAY 7 btwn HAZELDEAN IC RAMP 53 & HIGHWAY 7 (__7JQ7LK),__7JQ7LK,01 - Non intersection,03 - P.D. only,07 - SMV other,01 - Clear,07 - Dark,01 - Dry,10 - No control,,1,0,0,0,,0,,,,,344296.0052,5010029.411,45.22911975,-75.9970206,14156
18--995,1/18/2018,4:24 PM,ORLEANS BLVD @ FORTUNE DR/SUGAR CREEK WAY (0004384),4384,02 - Intersection related,02 - Non-fatal injury,03 - Rear end,01 - Clear,01 - Daylight,03 - Loose snow,02 - Stop sign,01 - Functioning,2,0,0,0,01 - Minimal,1,1,,,,380211.741,5037785.598,45.47592339,-75.53545189,14157
18--9950,9/24/2018,2:43 PM,STRANDHERD DR @ LONGFIELDS DR (0010935),10935,02 - Intersection related,02 - Non-fatal injury,03 - Rear end,01 - Clear,01 - Daylight,01 - Dry,01 - Traffic signal,01 - Functioning,3,0,0,0,01 - Minimal,1,1,,,,364548.8107,5015173.325,45.27397788,-75.73850293,14158
18--9951,9/24/2018,3:40 PM,ELGIN ST @ GLADSTONE AVE (0007272),7272,02 - Intersection related,03 - P.D. only,04 - Sideswipe,01 - Clear,01 - Daylight,01 - Dry,01 - Traffic signal,00 - Unknown,2,0,0,0,,0,,,,,368384.7103,5030844.584,45.41464799,-75.68760484,14159
18--9952,9/24/2018,4:00 PM,ELGIN ST @ GLADSTONE AVE (0007272),7272,02 - Intersection related,03 - P.D. only,04 - Sideswipe,01 - Clear,01 - Daylight,01 - Dry,01 - Traffic signal,01 - Functioning,2,0,0,0,,0,,,,,368384.716,5030844.568,45.41464784,-75.68760477,14160
18--9953,9/24/2018,4:09 PM,TERRY FOX DR btwn COPE DR & FERNBANK RD (__51NQRE),__51NQRE,01 - Non intersection,03 - P.D. only,04 - Sideswipe,01 - Clear,01 - Daylight,01 - Dry,10 - No control,,2,0,0,0,,0,,,,,354289.7888,5015145.682,45.27452603,-75.86924788,14161
18--9954,9/24/2018,4:43 PM,MITCH OWENS RD btwn RIVER RD & SPRATT RD (__3ZA38F),__3ZA38F,04 - At/near private drive,03 - P.D. only,04 - Sideswipe,01 - Clear,01 - Daylight,01 - Dry,10 - No control,,2,0,0,0,,0,,,,,369557.64,5010803.283,45.23421328,-75.67524131,14162
18--9955,9/24/2018,7:30 AM,RAJ TER @ MANJU ST (0008594),8594,03 - At intersection,02 - Non-fatal injury,02 - Angle,01 - Clear,01 - Daylight,01 - Dry,02 - Stop sign,01 - Functioning,2,0,1,0,01 - Minimal,1,1,,,,373570.6101,5026159.651,45.37200465,-75.62200731,14163
18--9956,9/24/2018,7:50 AM,HIGHWAY 417 btwn HWY417 IC119A RAMP67 & HWY417 IC118 RAMP76 (__3ZA2YS),__3ZA2YS,01 - Non intersection,03 - P.D. only,04 - Sideswipe,01 - Clear,01 - Daylight,01 - Dry,10 - No control,,2,0,0,0,,0,,,,,368650.7325,5030566.367,45.41212046,-75.68424237,14164
18--9957,9/24/2018,8:28 PM,MOODIE DR btwn BRIDE PRIV & MCKENNA CASEY DR (__3ZA4Y1),__3ZA4Y1,04 - At/near private drive,03 - P.D. only,07 - SMV other,01 - Clear,07 - Dark,01 - Dry,10 - No control,,1,0,0,0,,0,,,,,359978.3968,5013529.256,45.25955784,-75.7969308,14165
18--9958,9/24/2018,9:09 AM,GREENBANK RD @ STRANDHERD DR (0005563),5563,02 - Intersection related,03 - P.D. only,03 - Rear end,02 - Rain,01 - Daylight,02 - Wet,01 - Traffic signal,00 - Unknown,2,0,0,0,,0,,,,,363933.8365,5014784.545,45.27053162,-75.74638638,14166
18--9959,9/24/2018,9:51 AM,CARLING AVE @ BAYSHORE DR/BIRCHDALE AVE (0000021),21,03 - At intersection,02 - Non-fatal injury,07 - SMV other,01 - Clear,01 - Daylight,01 - Dry,01 - Traffic signal,01 - Functioning,1,0,0,1,03 - Major,1,,,1,,359004.8707,5023990.612,45.3537657,-75.8081902,14167
18--996,1/18/2018,4:29 PM,DWYER HILL RD @ ROGER STEVENS DR (0003690),3690,02 - Intersection related,02 - Non-fatal injury,03 - Rear end,01 - Clear,01 - Daylight,06 - Ice,02 - Stop sign,01 - Functioning,2,0,0,0,01 - Minimal,3,3,,,,354336.5422,4989351.272,45.04241354,-75.87121018,14168
18--9960,9/24/2018,9:54 AM,COLUMBUS AVE @ EDITH AVE (0008572),8572,03 - At intersection,03 - P.D. only,02 - Angle,01 - Clear,01 - Daylight,01 - Dry,02 - Stop sign,01 - Functioning,2,0,0,0,,0,,,,,370908.7182,5032245.582,45.42701968,-75.65517212,14169
18--9961,9/24/2018,9:55 AM,BANK ST btwn NOTTING HILL AVE & VANCOUVER AVE (__3ZA4TU),__3ZA4TU,01 - Non intersection,03 - P.D. only,03 - Rear end,01 - Clear,01 - Daylight,01 - Dry,10 - No control,,2,0,0,0,,0,,,,,370432.469,5025700.566,45.36817488,-75.66212846,14170
18--9962,9/25/2018,1:15 PM,BLAIR RD @ INNES RD (0004165),4165,02 - Intersection related,02 - Non-fatal injury,04 - Sideswipe,02 - Rain,01 - Daylight,02 - Wet,01 - Traffic signal,01 - Functioning,2,0,0,0,01 - Minimal,1,1,,,,375578.7348,5031439.555,45.41931053,-75.59561528,14171
18--9963,9/25/2018,1:15 PM,HUNTMAR DR @ MAPLE GROVE RD (0003119),3119,03 - At intersection,03 - P.D. only,03 - Rear end,02 - Rain,01 - Daylight,02 - Wet,01 - Traffic signal,01 - Functioning,2,0,0,0,,0,,,,,350267.6049,5016713.453,45.28890493,-75.92036461,14172
18--9964,9/25/2018,1:50 PM,ST. JOSEPH BLVD @ DUFORD DR/PLACE D'ORLEANS DR (0003629),3629,02 - Intersection related,03 - P.D. only,02 - Angle,02 - Rain,01 - Daylight,02 - Wet,01 - Traffic signal,01 - Functioning,2,0,0,0,,0,,,,,381996.7357,5037996.588,45.47762664,-75.51259127,14173
18--9965,9/25/2018,1:52 PM,BEATON RD btwn INNES RD & SARSFIELD RD (__3ZA5GS),__3ZA5GS,01 - Non intersection,03 - P.D. only,07 - SMV other,02 - Rain,01 - Daylight,02 - Wet,10 - No control,,1,0,0,0,,0,,,,,391848.2035,5039427.713,45.48934349,-75.38635194,14174
18--9966,9/25/2018,11:00 AM,DECARIE DR btwn GRENOBLE CRES & CHAMPLAIN ST (__3ZBO3A),__3ZBO3A,04 - At/near private drive,03 - P.D. only,06 - SMV unattended vehicle,02 - Rain,01 - Daylight,02 - Wet,10 - No control,,1,0,0,0,,0,,,,,381194.5377,5038910.865,45.48594076,-75.5227083,14175
18--9967,9/25/2018,11:04 PM,MONTREAL RD @ ST. LAURENT BLVD (0002604),2604,03 - At intersection,03 - P.D. only,07 - SMV other,01 - Clear,07 - Dark,01 - Dry,01 - Traffic signal,01 - Functioning,1,0,0,0,,0,,,,,371545.7258,5033817.584,45.44110334,-75.64681935,14176
18--9968,9/25/2018,11:15 PM,HINES RD @ SOLANDT RD (0011896),11896,02 - Intersection related,03 - P.D. only,07 - SMV other,01 - Clear,07 - Dark,02 - Wet,10 - No control,,1,0,0,0,,0,,,,,350332.14,5022567.969,45.34158123,-75.91900386,14177
18--9969,9/25/2018,11:45 AM,CARLING AVE @ KIRKWOOD AVE S (0002209),2209,03 - At intersection,02 - Non-fatal injury,05 - Turning movement,02 - Rain,01 - Daylight,02 - Wet,01 - Traffic signal,01 - Functioning,2,0,1,0,02 - Minor,1,,1,,,364351.6574,5027337.573,45.38344746,-75.73955216,14178
18--997,1/18/2018,4:35 PM,RUSSELL RD btwn SHELLEY AVE & THIRSK ST (__3ZA79M),__3ZA79M,01 - Non intersection,03 - P.D. only,03 - Rear end,01 - Clear,01 - Daylight,04 - Slush,10 - No control,,3,0,0,0,,0,,,,,372486.1675,5030063.065,45.40723153,-75.63531537,14179
18--9970,9/25/2018,12:20 PM,STRANDHERD DR @ 215 W OF GREENBANK RD/BARRHAVE (0005413),5413,02 - Intersection related,03 - P.D. only,03 - Rear end,02 - Rain,01 - Daylight,02 - Wet,01 - Traffic signal,00 - Unknown,2,0,0,0,,0,,,,,363743.8888,5014679.369,45.26960119,-75.74881938,14180
18--9971,9/25/2018,12:23 PM,INNES RD @ ORLEANS BLVD (0003611),3611,02 - Intersection related,03 - P.D. only,04 - Sideswipe,01 - Clear,01 - Daylight,01 - Dry,01 - Traffic signal,01 - Functioning,2,0,0,0,,0,,,,,380460.7943,5034296.402,45.44450341,-75.53280379,14181
18--9972,9/25/2018,12:30 PM,PARKDALE AVE @ TYNDALL ST (0006515),6515,02 - Intersection related,03 - P.D. only,03 - Rear end,01 - Clear,01 - Daylight,01 - Dry,02 - Stop sign,01 - Functioning,2,0,0,0,,0,,,,,365263.7104,5029013.633,45.39845016,-75.72770134,14182
18--9973,9/25/2018,12:46 PM,BREWER RD @ BRONSON AVE (0002240),2240,02 - Intersection related,03 - P.D. only,03 - Rear end,02 - Rain,01 - Daylight,02 - Wet,01 - Traffic signal,01 - Functioning,2,0,0,0,,0,,,,,368108.9873,5027766.466,45.38697702,-75.6915224,14183
18--9974,9/25/2018,2:00 PM,CANOTEK RD @ SHEFFORD RD (0009369),9369,02 - Intersection related,03 - P.D. only,03 - Rear end,02 - Rain,01 - Daylight,02 - Wet,01 - Traffic signal,01 - Functioning,2,0,0,0,,0,,,,,376029.6836,5035093.587,45.45214155,-75.58932525,14184
18--9975,9/25/2018,2:20 PM,BANK ST @ FOURTH AVE (0007249),7249,02 - Intersection related,03 - P.D. only,02 - Angle,02 - Rain,01 - Daylight,02 - Wet,02 - Stop sign,00 - Unknown,2,0,0,0,,0,,,,,368367.6829,5029476.552,45.40234043,-75.68799876,14185
18--9976,9/25/2018,2:52 PM,CARLING AVE @ BROADVIEW AVE (0006707),6707,02 - Intersection related,03 - P.D. only,04 - Sideswipe,02 - Rain,01 - Daylight,02 - Wet,01 - Traffic signal,01 - Functioning,2,0,0,0,,0,,,,,363180.6935,5026638.662,45.37725732,-75.7545862,14186
18--9977,9/25/2018,3:10 PM,BANK ST @ KINGSDALE AVE (0009261),9261,02 - Intersection related,03 - P.D. only,02 - Angle,02 - Rain,01 - Daylight,02 - Wet,02 - Stop sign,00 - Unknown,2,0,0,0,,0,,,,,373269.0162,5023500.681,45.34810981,-75.62622565,14187
18--9978,9/25/2018,3:15 PM,REGIONAL ROAD 174 EB btwn OR174 IC109 RAMP55 & TRANSIT (__3ZA28V),__3ZA28V,01 - Non intersection,03 - P.D. only,03 - Rear end,02 - Rain,01 - Daylight,02 - Wet,10 - No control,,2,0,0,0,,0,,,,,376530.0354,5035117.634,45.45230674,-75.58292555,14188
18--9979,9/25/2018,3:38 PM,WEST HUNT CLUB RD @ ANTARES DR/LASER ST (0000116),116,02 - Intersection related,03 - P.D. only,03 - Rear end,02 - Rain,01 - Daylight,02 - Wet,01 - Traffic signal,01 - Functioning,2,0,0,0,,0,,,,,367107.6703,5022081.385,45.33591367,-75.70502506,14189
18--998,1/18/2018,4:50 PM,HOLLAND AVE @ WELLINGTON ST (0002364),2364,02 - Intersection related,03 - P.D. only,04 - Sideswipe,01 - Clear,05 - Dusk,05 - Packed snow,01 - Traffic signal,01 - Functioning,2,0,0,0,,0,,,,,364929.7014,5029153.555,45.39973792,-75.73195017,14190
18--9980,9/25/2018,3:54 PM,AVIATION PKWY @ MONTREAL RD (0008799),8799,03 - At intersection,03 - P.D. only,05 - Turning movement,02 - Rain,01 - Daylight,02 - Wet,01 - Traffic signal,01 - Functioning,2,0,0,0,,0,,,,,372146.7168,5034108.583,45.44366397,-75.6390982,14191
18--9981,9/25/2018,4:25 PM,CAHILL DR @ UPLANDS DR (0007392),7392,02 - Intersection related,03 - P.D. only,02 - Angle,01 - Clear,01 - Daylight,02 - Wet,03 - Yield sign,01 - Functioning,2,0,0,0,,0,,,,,370087.7214,5023246.514,45.34612624,-75.6668532,14192
18--9982,9/25/2018,4:27 PM,ALBION RD btwn KILLYMOON WAY & MITCH OWENS RD (__3ZA3TS),__3ZA3TS,04 - At/near private drive,02 - Non-fatal injury,05 - Turning movement,02 - Rain,01 - Daylight,02 - Wet,10 - No control,,2,0,0,0,02 - Minor,1,,1,,,375898.0237,5014824.261,45.2697812,-75.59392419,14193
18--9983,9/25/2018,4:35 PM,COLONNADE RD @ PRINCE OF WALES DR (0005249),5249,02 - Intersection related,02 - Non-fatal injury,03 - Rear end,01 - Clear,01 - Daylight,01 - Dry,01 - Traffic signal,01 - Functioning,2,0,0,0,01 - Minimal,1,1,,,,367394.8355,5023266.633,45.34655275,-75.70121156,14194
18--9984,9/25/2018,4:40 PM,INNES RD btwn STONEHENGE CRES & BLAIR RD (__3ZA3SK),__3ZA3SK,01 - Non intersection,03 - P.D. only,04 - Sideswipe,02 - Rain,01 - Daylight,02 - Wet,10 - No control,,2,0,0,0,,0,,,,,375368.3209,5031316.304,45.41822284,-75.59832119,14195
18--9985,9/25/2018,5:05 PM,MACDONALD-CARTIER BR RAMP NB-1 btwn MACDONALD-CARTIER BR & MACDONALD-C (__7TTREF),__7TTREF,01 - Non intersection,02 - Non-fatal injury,03 - Rear end,02 - Rain,01 - Daylight,02 - Wet,10 - No control,,2,0,0,0,02 - Minor,1,,1,,,367584.9898,5033181.114,45.43574353,-75.69752369,14196
18--9986,9/25/2018,5:15 PM,QUEEN ELIZABETH DRWY btwn QUEEN ELIZABETH PL & FIFTH AVE (__3ZA22J),__3ZA22J,01 - Non intersection,03 - P.D. only,03 - Rear end,02 - Rain,01 - Daylight,02 - Wet,10 - No control,,2,0,0,0,,0,,,,,368723.7176,5028864.785,45.39680353,-75.6835306,14197
18--9987,9/25/2018,5:48 PM,ST. LAURENT BLVD @ COVENTRY RD/OGILVIE RD (0002151),2151,02 - Intersection related,03 - P.D. only,03 - Rear end,02 - Rain,01 - Daylight,02 - Wet,01 - Traffic signal,01 - Functioning,2,0,0,0,,0,,,,,372305.6391,5031951.525,45.42424047,-75.63736266,14198