Anom_ID,Accident_Date,Accident_Time,Location,Geo_ID,Accident_Location,Classification_of_Accident,Initial_Impact_Type,Environment_Condition,Light,Road_Surface_Condition,Traffic_Control,Traffic_Control_Condition,No__of_Vehicles,No__of_Bicycles,No__of_Motorcycles,No__of_Pedestrians,Max_Injury,No__of_Injuries,No__of_Minimal,No__of_Minor,No__of_Major,No__of_Fatal,X,Y,Latitude,Longitude,ObjectId
18--9988,9/25/2018,5:59 AM,MANN AVE btwn TURN LANE & RUSSELL AVE (__3ZBOFH),__3ZBOFH,01 - Non intersection,02 - Non-fatal injury,06 - SMV unattended vehicle,02 - Rain,03 - Dawn,02 - Wet,10 - No control,,1,0,0,0,02 - Minor,1,,1,,,369284.334,5031393.23,45.41950218,-75.67604011,14199
18--9989,9/25/2018,6:41 PM,DOWNPATRICK RD @ UPLANDS DR (0009324),9324,02 - Intersection related,03 - P.D. only,03 - Rear end,02 - Rain,05 - Dusk,02 - Wet,02 - Stop sign,01 - Functioning,2,0,0,0,,0,,,,,370292.7333,5022804.511,45.34213011,-75.66429581,14200
18--999,1/18/2018,5:27 PM,BOOTH ST @ CARLING AVE (0002135),2135,02 - Intersection related,03 - P.D. only,03 - Rear end,03 - Snow,05 - Dusk,02 - Wet,01 - Traffic signal,01 - Functioning,2,0,0,0,,0,,,,,367094.7114,5029106.56,45.39912578,-75.70430459,14201
18--9990,9/25/2018,6:50 AM,BLACKBURN BYPASS @ INNES RD E (0009245),9245,02 - Intersection related,03 - P.D. only,03 - Rear end,02 - Rain,03 - Dawn,02 - Wet,01 - Traffic signal,01 - Functioning,2,0,0,0,,0,,,,,379791.7482,5033781.565,45.43994338,-75.54143366,14202
18--9991,9/25/2018,6:50 PM,OTTAWA ROAD 29 btwn GALETTA SIDE RD & GALETTA SIDE RD (__3ZA2RW),__3ZA2RW,01 - Non intersection,03 - P.D. only,07 - SMV other,"07 - Fog, mist, smoke, dust",05 - Dusk,02 - Wet,10 - No control,,1,0,0,0,,0,,,,,319142.655,5027336.368,45.38582123,-76.31684315,14203
18--9992,9/25/2018,7:15 AM,CORKERY RD btwn MARCH RD & MANION RD (__3ZACCH),__3ZACCH,01 - Non intersection,03 - P.D. only,07 - SMV other,02 - Rain,03 - Dawn,02 - Wet,10 - No control,,1,0,0,0,,0,,,,,337719.1803,5014372.144,45.26853637,-76.08048604,14204
18--9993,9/25/2018,7:15 AM,HIGHWAY 417 btwn HIGHWAY 417 & Continuation of HIGHWAY 417 (__3ZAZOB),__3ZAZOB,01 - Non intersection,03 - P.D. only,03 - Rear end,02 - Rain,01 - Daylight,02 - Wet,10 - No control,,3,0,0,0,,0,,,,,353006.5341,5020241.734,45.32047067,-75.8851067,14205
18--9994,9/25/2018,7:15 PM,MONDAVI ST @ VALIN ST (0013159),13159,02 - Intersection related,02 - Non-fatal injury,07 - SMV other,02 - Rain,07 - Dark,02 - Wet,02 - Stop sign,01 - Functioning,1,0,0,1,01 - Minimal,1,1,,,,386622.8708,5037797.561,45.47530922,-75.45346206,14206
18--9995,9/25/2018,7:20 AM,TENTH LINE RD @ CHARLEMAGNE BLVD S/DES EPINETT (0003686),3686,03 - At intersection,02 - Non-fatal injury,05 - Turning movement,02 - Rain,01 - Daylight,02 - Wet,01 - Traffic signal,01 - Functioning,2,0,0,0,01 - Minimal,1,1,,,,383640.9751,5036900.456,45.46758093,-75.49173924,14207
18--9996,9/25/2018,7:20 AM,BASELINE RD btwn BARBARA ANN PRIV & HIGHGATE RD (__3ZA4MS),__3ZA4MS,01 - Non intersection,03 - P.D. only,04 - Sideswipe,02 - Rain,03 - Dawn,02 - Wet,10 - No control,,2,0,0,0,,0,,,,,361847.1745,5023336.353,45.34765324,-75.77199259,14208
18--9997,9/25/2018,8:00 AM,PINECREST RD @ RICHMOND RD (0002353),2353,02 - Intersection related,03 - P.D. only,03 - Rear end,02 - Rain,01 - Daylight,02 - Wet,01 - Traffic signal,01 - Functioning,2,0,0,0,,0,,,,,360072.6705,5024471.513,45.35800948,-75.79450927,14209
18--9998,9/25/2018,8:00 AM,CLAPP LANE btwn MANOTICK MAIN ST & MILL ST (__3ZA9AR),__3ZA9AR,01 - Non intersection,03 - P.D. only,06 - SMV unattended vehicle,01 - Clear,01 - Daylight,01 - Dry,10 - No control,,1,0,0,0,,0,,,,,368848.0403,5009962.708,45.22671474,-75.6843861,14210
18--9999,9/25/2018,8:00 PM,BANTREE ST @ INNES RD (0007684),7684,02 - Intersection related,02 - Non-fatal injury,03 - Rear end,02 - Rain,07 - Dark,02 - Wet,01 - Traffic signal,01 - Functioning,2,0,0,0,01 - Minimal,1,1,,,,373705.7348,5030406.573,45.41020325,-75.61968933,14211
18--9713,9/19/2018,2:50 PM,KING EDWARD AVE @ YORK ST (0008244),8244,03 - At intersection,03 - P.D. only,05 - Turning movement,01 - Clear,01 - Daylight,01 - Dry,01 - Traffic signal,01 - Functioning,2,0,0,0,,0,,,,,368396.5627,5032621.491,45.4306349,-75.68722403,14212
18--9714,9/19/2018,3:03 PM,HUNT CLUB RD @ UPLANDS DR (0010844),10844,02 - Intersection related,03 - P.D. only,03 - Rear end,01 - Clear,01 - Daylight,01 - Dry,01 - Traffic signal,01 - Functioning,2,0,0,0,,0,,,,,370156.7025,5023121.505,45.34499502,-75.66598953,14213
18--9715,9/19/2018,3:20 PM,ST. JOSEPH BLVD @ JEANNE D'ARC BLVD (0012421),12421,03 - At intersection,02 - Non-fatal injury,04 - Sideswipe,01 - Clear,01 - Daylight,01 - Dry,11 - Roundabout,01 - Functioning,2,0,0,0,01 - Minimal,2,2,,,,379860.7427,5036471.582,45.46413873,-75.54014138,14214
18--9716,9/19/2018,3:50 PM,WEST HUNT CLUB RD WB btwn KNOXDALE RD & WOODROFFE AVE (__3ZA17D),__3ZA17D,01 - Non intersection,02 - Non-fatal injury,03 - Rear end,01 - Clear,01 - Daylight,01 - Dry,10 - No control,,2,0,0,0,01 - Minimal,1,1,,,,363550.8154,5021168.906,45.32801009,-75.75051077,14215
18--9717,9/19/2018,3:53 PM,NAVAHO DR @ WOODROFFE AVE/TRANSITWAY N BASELIN (0010359),10359,03 - At intersection,02 - Non-fatal injury,07 - SMV other,01 - Clear,01 - Daylight,01 - Dry,01 - Traffic signal,01 - Functioning,1,0,0,1,03 - Major,1,,,1,,362706.2412,5023492.802,45.34899056,-75.76101221,14216
18--9718,9/19/2018,3:56 PM,CASTLEFRANK RD @ TERRY FOX DR (0011757),11757,02 - Intersection related,03 - P.D. only,07 - SMV other,01 - Clear,01 - Daylight,01 - Dry,01 - Traffic signal,01 - Functioning,1,0,0,0,,0,,,,,352993.9703,5016304.793,45.28504603,-75.88564969,14217
18--9719,9/19/2018,4:00 PM,CHAMPAGNE AVE   S btwn YOUNG ST & BEECH ST (__3ZBONO),__3ZBONO,01 - Non intersection,03 - P.D. only,06 - SMV unattended vehicle,01 - Clear,01 - Daylight,01 - Dry,10 - No control,,1,0,0,0,,0,,,,,366465.9642,5029179.269,45.39983566,-75.71232578,14218
18--972,1/17/2018,7:34 PM,RIOCAN AVE @ STRANDHERD DR (0010997),10997,03 - At intersection,03 - P.D. only,05 - Turning movement,01 - Clear,07 - Dark,01 - Dry,01 - Traffic signal,01 - Functioning,2,0,0,0,,0,,,,,364172.2091,5014944.573,45.27195147,-75.74332964,14219
18--9720,9/19/2018,4:12 PM,RICHMOND RD btwn HOPE SIDE RD & KHYMER CRT (__3ZBOCM),__3ZBOCM,01 - Non intersection,03 - P.D. only,07 - SMV other,01 - Clear,01 - Daylight,01 - Dry,10 - No control,,1,0,0,0,,0,,,,,357258.0868,5014716.308,45.27044727,-75.83146451,14220
18--9721,9/19/2018,4:33 PM,AURIGA DR btwn ANTARES DR & DEAKIN ST (1) (__3ZA52G),__3ZA52G,04 - At/near private drive,02 - Non-fatal injury,02 - Angle,01 - Clear,01 - Daylight,01 - Dry,10 - No control,,2,1,0,0,01 - Minimal,1,1,,,,367018.9099,5021441.676,45.33016555,-75.70623785,14221
18--9722,9/19/2018,5:07 PM,CUMMINGS AVE @ OGILVIE RD (0009923),9923,03 - At intersection,03 - P.D. only,05 - Turning movement,01 - Clear,01 - Daylight,01 - Dry,01 - Traffic signal,01 - Functioning,2,1,0,0,,0,,,,,372748.7234,5032170.451,45.42616736,-75.63167105,14222
18--9723,9/19/2018,5:10 PM,BRONSON AVE @ HOLMWOOD AVE (0007215),7215,02 - Intersection related,03 - P.D. only,04 - Sideswipe,01 - Clear,01 - Daylight,01 - Dry,01 - Traffic signal,01 - Functioning,2,0,0,0,,0,,,,,367700.4723,5028728.798,45.39567262,-75.69661609,14223
18--9724,9/19/2018,5:11 PM,MEADOWLANDS DR/PETER ST @ PERRY ST (0001114),1114,02 - Intersection related,03 - P.D. only,03 - Rear end,01 - Clear,01 - Daylight,01 - Dry,01 - Traffic signal,01 - Functioning,2,0,0,0,,0,,,,,364438.9416,5023493.619,45.34885271,-75.73890167,14224
18--9725,9/19/2018,5:20 PM,BRONSON AVE btwn PLYMOUTH ST & RENFREW AVE (__3ZA3B1),__3ZA3B1,04 - At/near private drive,03 - P.D. only,05 - Turning movement,01 - Clear,01 - Daylight,01 - Dry,10 - No control,,2,0,0,0,,0,,,,,367332.9421,5029609.178,45.40362695,-75.70119822,14225
18--9726,9/19/2018,5:45 PM,PINECREST RD @ RICHMOND RD (0002353),2353,02 - Intersection related,03 - P.D. only,03 - Rear end,01 - Clear,01 - Daylight,01 - Dry,01 - Traffic signal,01 - Functioning,2,0,0,0,,0,,,,,360072.6706,5024471.512,45.35800947,-75.79450927,14226
18--9727,9/19/2018,6:00 AM,ALBION RD btwn LESTER RD & LEITRIM RD (__3ZA3SQ),__3ZA3SQ,01 - Non intersection,03 - P.D. only,07 - SMV other,01 - Clear,07 - Dark,01 - Dry,10 - No control,,1,0,0,0,,0,,,,,372851.5593,5021954.945,45.33424245,-75.63176506,14227
18--9728,9/19/2018,6:10 PM,HIGHWAY 417 btwn HWY417 IC123 RAMP62 & HWY417 IC122 RAMP16 (__3ZA2R9),__3ZA2R9,01 - Non intersection,03 - P.D. only,03 - Rear end,01 - Clear,01 - Daylight,01 - Dry,10 - No control,,3,0,0,0,,0,,,,,364818.7503,5028148.476,45.39070394,-75.73348952,14228
18--9729,9/19/2018,6:21 PM,HWY417 IC126 RAMP62 btwn HWY417 IC126 RAMP63 & HWY417 IC126 RAMP26 (__3ZAY5Z),__3ZAY5Z,01 - Non intersection,03 - P.D. only,03 - Rear end,01 - Clear,01 - Daylight,01 - Dry,10 - No control,,2,0,0,0,,0,,,,,363073.5259,5025939.463,45.37097494,-75.75603692,14229
18--973,1/17/2018,7:37 AM,INNES RD btwn INDUSTRIAL AVE & BANTREE ST (__3ZA2XQ),__3ZA2XQ,01 - Non intersection,03 - P.D. only,03 - Rear end,03 - Snow,03 - Dawn,04 - Slush,10 - No control,,2,0,0,0,,0,,,,,373428.7861,5030231.777,45.40865773,-75.62325143,14230
18--9730,9/19/2018,6:58 PM,BASELINE RD @ MERIVALE RD (0002342),2342,02 - Intersection related,02 - Non-fatal injury,03 - Rear end,01 - Clear,05 - Dusk,01 - Dry,01 - Traffic signal,01 - Functioning,3,0,0,0,02 - Minor,2,,2,,,365054.8479,5025325.753,45.36528533,-75.730819,14231
18--9731,9/19/2018,7:00 AM,BESSERER ST @ DALHOUSIE ST (0011452),11452,03 - At intersection,03 - P.D. only,05 - Turning movement,01 - Clear,01 - Daylight,01 - Dry,01 - Traffic signal,01 - Functioning,2,0,0,0,,0,,,,,368252.7015,5032157.574,45.42647381,-75.68912219,14232
18--9732,9/19/2018,7:20 PM,FALLOWFIELD RD @ WOODROFFE AVE (0010372),10372,02 - Intersection related,03 - P.D. only,03 - Rear end,01 - Clear,05 - Dusk,01 - Dry,01 - Traffic signal,01 - Functioning,3,0,0,0,,0,,,,,365085.0731,5017903.227,45.29849567,-75.73133721,14233
18--9733,9/19/2018,7:40 AM,BANK ST @ HERON RD (0002155),2155,02 - Intersection related,02 - Non-fatal injury,07 - SMV other,01 - Clear,01 - Daylight,01 - Dry,01 - Traffic signal,01 - Functioning,1,0,0,1,01 - Minimal,1,1,,,,369995.4793,5026851.571,45.37857205,-75.6675546,14234
18--9734,9/19/2018,7:59 AM,HWY417 IC138 RAMP36 btwn HIGHWAY 417 & MARCH RD (__3ZAY8W),__3ZAY8W,01 - Non intersection,03 - P.D. only,05 - Turning movement,01 - Clear,01 - Daylight,01 - Dry,10 - No control,,2,0,0,0,,0,,,,,352859.236,5020413.066,45.32202244,-75.88696881,14235
18--9735,9/19/2018,8:17 AM,CUMBERLAND ST @ LAURIER AVE (0007751),7751,02 - Intersection related,02 - Non-fatal injury,07 - SMV other,01 - Clear,01 - Daylight,01 - Dry,01 - Traffic signal,01 - Functioning,1,0,0,1,01 - Minimal,1,1,,,,368597.7955,5031948.553,45.42456172,-75.68473967,14236
18--9736,9/19/2018,8:20 AM,HWY417 IC122 RAMP51 btwn HIGHWAY 417 & PARKDALE AVE (__3ZAYA8),__3ZAYA8,01 - Non intersection,03 - P.D. only,03 - Rear end,01 - Clear,01 - Daylight,01 - Dry,10 - No control,,2,0,0,0,,0,,,,,365318.0208,5028832.92,45.39681946,-75.72702987,14237
18--9737,9/19/2018,8:39 PM,FISHER AVE @ MEADOWLANDS DR (0002120),2120,03 - At intersection,02 - Non-fatal injury,05 - Turning movement,01 - Clear,07 - Dark,01 - Dry,01 - Traffic signal,01 - Functioning,2,0,0,0,02 - Minor,3,,3,,,366574.9745,5025045.523,45.36263156,-75.71145073,14238
18--9738,9/19/2018,8:40 PM,CHAMPLAIN BRIDGE/ISLAND PARK DR @ BATE ISLAND (0010849),10849,03 - At intersection,02 - Non-fatal injury,02 - Angle,01 - Clear,07 - Dark,01 - Dry,02 - Stop sign,00 - Unknown,2,0,0,0,02 - Minor,5,,5,,,362966.9306,5030056.357,45.408027,-75.75691242,14239
18--9739,9/19/2018,8:41 AM,LEITRIM RD btwn HIGH RD & ALBION RD (__4B2G24),__4B2G24,01 - Non intersection,03 - P.D. only,03 - Rear end,01 - Clear,01 - Daylight,01 - Dry,10 - No control,,2,0,0,0,,0,,,,,372988.1177,5020088.329,45.31743399,-75.63028005,14240
18--974,1/17/2018,7:41 AM,CARP RD @ ECHOWOODS AVE/KITTIWAKE DR (0009789),9789,03 - At intersection,03 - P.D. only,04 - Sideswipe,01 - Clear,03 - Dawn,04 - Slush,01 - Traffic signal,01 - Functioning,2,0,0,0,,0,,,,,348596.3474,5014562.766,45.26965842,-75.94185907,14241
18--9740,9/19/2018,8:45 PM,VIEWMOUNT DR @ MERIVALE RD (0001528),1528,02 - Intersection related,03 - P.D. only,03 - Rear end,01 - Clear,07 - Dark,01 - Dry,01 - Traffic signal,01 - Functioning,2,0,0,0,,0,,,,,365193.6624,5022948.486,45.34388309,-75.72933753,14242
18--9741,9/19/2018,9:17 AM,AIRPORT PKWY btwn AIRPORT PKWY/HUNT CLUB RAMP 42 & WALKLEY RD NB RAMP (__3ZAZP9),__3ZAZP9,01 - Non intersection,02 - Non-fatal injury,04 - Sideswipe,01 - Clear,01 - Daylight,01 - Dry,10 - No control,,2,1,0,0,01 - Minimal,1,1,,,,370230.3238,5025235.514,45.36400939,-75.66477038,14243
18--9742,9/20/2018,1:10 PM,QUEEN ST btwn O'CONNOR ST & METCALFE ST (__3ZA2FP),__3ZA2FP,01 - Non intersection,02 - Non-fatal injury,06 - SMV unattended vehicle,01 - Clear,01 - Daylight,01 - Dry,10 - No control,,1,0,0,1,03 - Major,2,,1,1,,367605.6648,5031653.502,45.42199673,-75.69745428,14244
18--9743,9/20/2018,1:20 PM,AVIATION PKWY @ MONTREAL RD (0008799),8799,03 - At intersection,03 - P.D. only,02 - Angle,01 - Clear,01 - Daylight,01 - Dry,01 - Traffic signal,01 - Functioning,2,0,0,0,,0,,,,,372146.7862,5034108.707,45.44366507,-75.63909729,14245
18--9744,9/20/2018,10:00 PM,RAMSAYVILLE RD btwn WALKLEY EXTENSION RD & RIDGE RD (__3ZA2ER),__3ZA2ER,01 - Non intersection,03 - P.D. only,06 - SMV unattended vehicle,01 - Clear,07 - Dark,01 - Dry,10 - No control,,1,0,0,0,,0,,,,,376472.3226,5029411.978,45.40097659,-75.5844936,14246
18--9745,9/20/2018,10:20 PM,HIGHWAY 417 btwn REGIONAL ROAD 174 & HWY417 IC113 RAMP85 (__3ZA289),__3ZA289,01 - Non intersection,03 - P.D. only,04 - Sideswipe,01 - Clear,07 - Dark,02 - Wet,10 - No control,,2,0,0,0,,0,,,,,373440.6479,5031767.1,45.42247065,-75.62288607,14247
18--9746,9/20/2018,11:00 AM,MAITLAND AVE btwn HENRY FARM DR & TERREBONNE DR (__3ZA4I1),__3ZA4I1,01 - Non intersection,03 - P.D. only,04 - Sideswipe,01 - Clear,01 - Daylight,01 - Dry,10 - No control,,2,0,0,0,,0,,,,,363966.453,5025137.72,45.36368615,-75.74473415,14248
18--9747,9/20/2018,11:25 AM,TERRY FOX DR @ EDGEWATER ST/WALTER BAKER PL (0002699),2699,02 - Intersection related,03 - P.D. only,04 - Sideswipe,01 - Clear,01 - Daylight,01 - Dry,01 - Traffic signal,01 - Functioning,2,0,0,0,,0,,,,,351777.5268,5017613.482,45.29690433,-75.90103144,14249
18--9748,9/20/2018,11:28 AM,HERON RD EB btwn RIVERSIDE DR & BRONSON AVE RAMP 35 (__5FD4WD),__5FD4WD,01 - Non intersection,03 - P.D. only,07 - SMV other,01 - Clear,01 - Daylight,01 - Dry,10 - No control,,1,0,0,0,,0,,,,,368370.8463,5026660.82,45.37700502,-75.68832108,14250
18--9749,9/20/2018,11:38 AM,BEAUPARC PRIV @ CYRVILLE RD (0014717),14717,02 - Intersection related,03 - P.D. only,03 - Rear end,01 - Clear,01 - Daylight,01 - Dry,02 - Stop sign,00 - Unknown,2,0,0,0,,0,,,,,373065.166,5031805.48,45.42285272,-75.62767823,14251
18--975,1/17/2018,7:47 PM,BASELINE RD btwn NAVAHO DR & DEERFIELD DR (__3ZA4H4),__3ZA4H4,01 - Non intersection,03 - P.D. only,07 - SMV other,03 - Snow,07 - Dark,04 - Slush,10 - No control,,1,0,0,0,,0,,,,,363115.3074,5024114.231,45.35454822,-75.75571894,14252
18--9750,9/20/2018,11:45 AM,YORK ST EB btwn BY WARD MARKET SQ & SUSSEX DR (__3ZA8ZZ),__3ZA8ZZ,01 - Non intersection,03 - P.D. only,06 - SMV unattended vehicle,01 - Clear,01 - Daylight,01 - Dry,10 - No control,,1,0,0,0,,0,,,,,367924.3576,5032311.303,45.42788672,-75.69329805,14253
18--9751,9/20/2018,11:55 AM,ELGIN ST @ WELLINGTON ST W (0002113),2113,02 - Intersection related,03 - P.D. only,04 - Sideswipe,01 - Clear,01 - Daylight,01 - Dry,01 - Traffic signal,01 - Functioning,2,0,0,0,,0,,,,,367664.7911,5031877.65,45.42400823,-75.69667022,14254
18--9752,9/20/2018,Unknown,ABERFOYLE CIRC btwn Continuation of ABERFOYLE CIRC & Continuation of A (__54YR7U),__54YR7U,01 - Non intersection,03 - P.D. only,06 - SMV unattended vehicle,02 - Rain,00 - Unknown,02 - Wet,10 - No control,,1,0,0,0,,0,,,,,350517.3121,5024009.815,45.35454322,-75.91650787,14255
18--9753,9/20/2018,12:00 PM,YORK ST EB btwn BY WARD MARKET SQ & SUSSEX DR (__3ZA8ZZ),__3ZA8ZZ,01 - Non intersection,03 - P.D. only,06 - SMV unattended vehicle,01 - Clear,01 - Daylight,01 - Dry,10 - No control,,1,0,0,0,,0,,,,,367927.9983,5032313.335,45.42790467,-75.69325127,14256
18--9754,9/20/2018,12:00 PM,LAWN AVE btwn RICHARDSON AVE & WOODLAND AVE (__3ZAACK),__3ZAACK,01 - Non intersection,03 - P.D. only,06 - SMV unattended vehicle,01 - Clear,01 - Daylight,01 - Dry,10 - No control,,1,0,0,0,,0,,,,,361464.2151,5025888.928,45.3706522,-75.7765867,14257
18--9755,9/20/2018,12:14 PM,DALHOUSIE ST btwn RIDEAU ST & BESSERER ST (__3ZBOX9),__3ZBOX9,01 - Non intersection,02 - Non-fatal injury,07 - SMV other,01 - Clear,01 - Daylight,01 - Dry,10 - No control,,1,0,0,1,01 - Minimal,1,1,,,,368228.1636,5032195.329,45.42681574,-75.68943087,14258
18--9756,9/20/2018,12:46 PM,ORLEANS BLVD @ ST. JOSEPH BLVD (0004144),4144,03 - At intersection,03 - P.D. only,05 - Turning movement,01 - Clear,01 - Daylight,01 - Dry,01 - Traffic signal,01 - Functioning,2,0,0,0,,0,,,,,380631.7022,5036980.619,45.46863537,-75.53020541,14259
18--9757,9/20/2018,2:08 PM,CHARLEMAGNE BLVD @ GARDENWAY DR/BOTTRIELL WAY  (0003748),3748,02 - Intersection related,02 - Non-fatal injury,03 - Rear end,01 - Clear,01 - Daylight,01 - Dry,01 - Traffic signal,00 - Unknown,2,0,0,0,01 - Minimal,1,1,,,,384049.6974,5037034.578,45.46874138,-75.48649147,14260
18--9758,9/20/2018,3:25 PM,UPLANDS DR btwn DOWNPATRICK RD & BREADNER BLVD (__3ZA35E),__3ZA35E,01 - Non intersection,02 - Non-fatal injury,07 - SMV other,01 - Clear,01 - Daylight,01 - Dry,10 - No control,,1,0,0,0,02 - Minor,1,,1,,,370337.3702,5022703.347,45.34121569,-75.66373969,14261
18--9759,9/20/2018,3:35 PM,BLAIR RD @ MONTREAL RD (0009277),9277,03 - At intersection,02 - Non-fatal injury,05 - Turning movement,01 - Clear,01 - Daylight,01 - Dry,01 - Traffic signal,01 - Functioning,2,0,0,0,01 - Minimal,1,1,,,,374019.7202,5034439.585,45.44645918,-75.61511162,14262
18--976,1/17/2018,7:52 AM,ST. LAURENT BLVD @ WALKLEY RD (0007653),7653,03 - At intersection,03 - P.D. only,05 - Turning movement,01 - Clear,03 - Dawn,04 - Slush,01 - Traffic signal,01 - Functioning,2,0,0,0,,0,,,,,373902.75,5028046.855,45.3889522,-75.61750325,14263
18--9760,9/20/2018,4:15 PM,MER BLEUE RD btwn 210 S OF INNES RD & INNES RD (__3ZA2S1A),__3ZA2S1A,01 - Non intersection,03 - P.D. only,04 - Sideswipe,01 - Clear,01 - Daylight,01 - Dry,10 - No control,,2,0,0,0,,0,,,,,382642.2459,5035561.482,45.45564602,-75.50472158,14264
18--9761,9/20/2018,4:15 PM,TUCANA WAY btwn CALLISTO WAY/HALF MOON BAY & TRITON PL (__6E55NP),__6E55NP,04 - At/near private drive,03 - P.D. only,06 - SMV unattended vehicle,01 - Clear,01 - Daylight,01 - Dry,10 - No control,,1,0,0,0,,0,,,,,365009.813,5013251.679,45.25664759,-75.73286093,14265
18--9762,9/20/2018,4:20 PM,BRONSON AVE/BRONSON/HERON RAMP 35 @ HERON RD (0002386),2386,02 - Intersection related,03 - P.D. only,03 - Rear end,01 - Clear,01 - Daylight,01 - Dry,01 - Traffic signal,01 - Functioning,2,0,0,0,,0,,,,,368641.5975,5026697.71,45.37731233,-75.68485969,14266
18--9763,9/20/2018,4:36 PM,FALLOWFIELD RD @ MOODIE DR (0010412),10412,02 - Intersection related,03 - P.D. only,04 - Sideswipe,01 - Clear,01 - Daylight,01 - Dry,01 - Traffic signal,01 - Functioning,2,0,0,0,,0,,,,,359501.5021,5014636.341,45.26955679,-75.8028849,14267
18--9764,9/20/2018,4:40 PM,CENTENNIAL BLVD @ MAIN ST (0007246),7246,03 - At intersection,03 - P.D. only,02 - Angle,01 - Clear,01 - Daylight,01 - Dry,02 - Stop sign,01 - Functioning,2,0,0,0,,0,,,,,369480.7149,5029416.304,45.40169639,-75.67379049,14268
18--9765,9/20/2018,5:16 PM,KNOXDALE RD @ WEST HUNT CLUB RD (0005165),5165,02 - Intersection related,03 - P.D. only,03 - Rear end,01 - Clear,01 - Daylight,01 - Dry,01 - Traffic signal,01 - Functioning,2,0,0,0,,0,,,,,361863.4766,5020584.568,45.32289144,-75.77210187,14269
18--9766,9/20/2018,5:22 PM,METCALFE ST @ SOMERSET ST (0002689),2689,03 - At intersection,03 - P.D. only,02 - Angle,01 - Clear,01 - Daylight,01 - Dry,01 - Traffic signal,01 - Functioning,2,0,0,0,,0,,,,,368010.4659,5031104.35,45.41701919,-75.6923526,14270
18--9767,9/20/2018,5:22 PM,OTTAWA RIVER PKWY EB btwn TRANSIT & TURN LANE (2) (__3ZA24U),__3ZA24U,01 - Non intersection,03 - P.D. only,03 - Rear end,01 - Clear,01 - Daylight,01 - Dry,10 - No control,,3,0,0,0,,0,,,,,361280.1773,5026731.138,45.37824519,-75.77883975,14271
18--9768,9/20/2018,5:45 PM,LEITRIM RD @ ALBION RD (0012479),12479,03 - At intersection,03 - P.D. only,05 - Turning movement,01 - Clear,01 - Daylight,01 - Dry,01 - Traffic signal,01 - Functioning,2,0,0,0,,0,,,,,373497.585,5020419.261,45.32036195,-75.6237368,14272
18--9769,9/20/2018,6:09 PM,CAHILL DR btwn PEBBLE RD & ALBION RD S (__3ZA9EN),__3ZA9EN,01 - Non intersection,03 - P.D. only,05 - Turning movement,01 - Clear,01 - Daylight,01 - Dry,10 - No control,,2,0,0,0,,0,,,,,371664.1752,5024616.984,45.35830877,-75.64655272,14273
18--977,1/17/2018,7:53 PM,PARKDALE AVE @ KENILWORTH ST (0006366),6366,03 - At intersection,03 - P.D. only,02 - Angle,01 - Clear,07 - Dark,01 - Dry,02 - Stop sign,01 - Functioning,2,0,0,0,,0,,,,,365445.3514,5028596.944,45.39468518,-75.72543269,14274
18--9770,9/20/2018,6:42 PM,WILHAVEN DR btwn DUNNING RD & SARSFIELD RD (__3ZA5GU),__3ZA5GU,01 - Non intersection,02 - Non-fatal injury,07 - SMV other,01 - Clear,05 - Dusk,01 - Dry,10 - No control,,1,0,0,0,02 - Minor,2,,2,,,391708.127,5040831.37,45.50198929,-75.38789509,14275
18--9771,9/20/2018,6:47 PM,WOODROFFE AVE SB btwn TO BE DETERMINED & WEST HUNT CLUB RD (__3ZA246),__3ZA246,01 - Non intersection,03 - P.D. only,03 - Rear end,01 - Clear,05 - Dusk,01 - Dry,10 - No control,,2,0,0,0,,0,,,,,363615.2954,5021369.076,45.3298058,-75.74966448,14276
18--9772,9/20/2018,7:00 PM,MCCARTHY RD @ SOUTHMORE DR (0007491),7491,02 - Intersection related,03 - P.D. only,03 - Rear end,01 - Clear,01 - Daylight,01 - Dry,02 - Stop sign,01 - Functioning,2,0,0,0,,0,,,,,369449.7228,5024837.528,45.36050085,-75.67478591,14277
18--9773,9/20/2018,7:07 AM,MCCORDICK RD btwn DILWORTH RD & MCMULLEN RD (__3ZBOPT),__3ZBOPT,01 - Non intersection,03 - P.D. only,07 - SMV other,01 - Clear,03 - Dawn,01 - Dry,10 - No control,,1,0,0,0,,0,,,,,369026.2229,4993409.101,45.07774801,-75.68424507,14278
18--9774,9/20/2018,7:20 AM,TERRY FOX DR @ TRANS CANADA TRAIL (0011969),11969,02 - Intersection related,03 - P.D. only,03 - Rear end,02 - Rain,01 - Daylight,02 - Wet,01 - Traffic signal,01 - Functioning,2,0,0,0,,0,,,,,353251.6751,5015999.8,45.28228391,-75.88239458,14279
18--9775,9/20/2018,7:41 AM,MERIVALE RD btwn WOODWARD AVE & LAPERRIERE AVE (__3ZA3AL),__3ZA3AL,01 - Non intersection,02 - Non-fatal injury,05 - Turning movement,01 - Clear,01 - Daylight,01 - Dry,10 - No control,,2,0,0,0,02 - Minor,1,,1,,,364855.041,5027072.338,45.38101795,-75.73315702,14280
18--9776,9/20/2018,7:49 PM,ALLENBY RD/GATESHEAD AVE @ MORGAN'S GRANT WAY (0012145),12145,02 - Intersection related,03 - P.D. only,03 - Rear end,01 - Clear,07 - Dark,01 - Dry,02 - Stop sign,01 - Functioning,2,0,0,0,,0,,,,,349480.5766,5023492.602,45.34995605,-75.92978585,14281