Anom_ID,Accident_Date,Accident_Time,Location,Geo_ID,Accident_Location,Classification_of_Accident,Initial_Impact_Type,Environment_Condition,Light,Road_Surface_Condition,Traffic_Control,Traffic_Control_Condition,No__of_Vehicles,No__of_Bicycles,No__of_Motorcycles,No__of_Pedestrians,Max_Injury,No__of_Injuries,No__of_Minimal,No__of_Minor,No__of_Major,No__of_Fatal,X,Y,Latitude,Longitude,ObjectId
18--9777,9/20/2018,7:57 AM,ROBERTSON RD @ HAANEL DR (0000600),600,02 - Intersection related,03 - P.D. only,03 - Rear end,02 - Rain,01 - Daylight,02 - Wet,02 - Stop sign,00 - Unknown,2,0,0,0,,0,,,,,354989.5518,5019202.49,45.31098041,-75.85991937,14282
18--9778,9/20/2018,8:00 AM,BRETTONWOOD RIDGE @ CALVINGTON AVE (0016179),16179,03 - At intersection,03 - P.D. only,02 - Angle,02 - Rain,01 - Daylight,02 - Wet,02 - Stop sign,01 - Functioning,2,0,0,0,,0,,,,,349022.3299,5018338.924,45.3036109,-75.93609403,14283
18--9779,9/20/2018,8:21 AM,BLACKBURN AVE @ LAURIER AVE (0007757),7757,03 - At intersection,02 - Non-fatal injury,02 - Angle,02 - Rain,01 - Daylight,02 - Wet,02 - Stop sign,01 - Functioning,2,0,0,0,01 - Minimal,1,1,,,,369187.668,5032307.676,45.42773893,-75.67715563,14284
18--978,1/17/2018,8:21 PM,BANK ST @ SLATER ST (0002223),2223,03 - At intersection,02 - Non-fatal injury,07 - SMV other,01 - Clear,07 - Dark,04 - Slush,01 - Traffic signal,01 - Functioning,1,0,0,1,02 - Minor,1,,1,,,367425.0508,5031354.577,45.41932329,-75.69979998,14285
18--9780,9/20/2018,8:27 AM,BEECHWOOD AVE @ SPRINGFIELD RD (0011442),11442,02 - Intersection related,02 - Non-fatal injury,03 - Rear end,02 - Rain,01 - Daylight,02 - Wet,01 - Traffic signal,01 - Functioning,3,0,0,0,02 - Minor,1,,1,,,369236.6654,5033653.507,45.43984368,-75.67635339,14286
18--9781,9/20/2018,8:30 AM,TENTH LINE RD @ VANGUARD DR (0004632),4632,03 - At intersection,03 - P.D. only,02 - Angle,01 - Clear,01 - Daylight,01 - Dry,01 - Traffic signal,01 - Functioning,2,0,0,0,,0,,,,,384072.763,5035874.564,45.45830203,-75.4863836,14287
18--9782,9/20/2018,8:37 AM,QUEEN ELIZABETH DRWY @ SOMERSET ST (0007135),7135,02 - Intersection related,03 - P.D. only,07 - SMV other,02 - Rain,01 - Daylight,02 - Wet,02 - Stop sign,01 - Functioning,1,0,0,0,,0,,,,,368570.7076,5031473.578,45.42029053,-75.68514727,14288
18--9783,9/20/2018,8:45 AM,COLONEL BY DR btwn ROSEDALE AVE & ECHO DR (__3ZA21I),__3ZA21I,01 - Non intersection,03 - P.D. only,03 - Rear end,01 - Clear,01 - Daylight,02 - Wet,10 - No control,,2,0,0,0,,0,,,,,368356.665,5028714.506,45.39548478,-75.68823768,14289
18--9784,9/20/2018,9:15 AM,WEST HUNT CLUB RD @ WOODROFFE AVE (0000576),576,02 - Intersection related,03 - P.D. only,03 - Rear end,02 - Rain,01 - Daylight,02 - Wet,01 - Traffic signal,01 - Functioning,2,0,0,0,,0,,,,,363670.6804,5021246.519,45.3286984,-75.74897254,14290
18--9785,9/20/2018,9:17 AM,BASELINE RD @ ERINDALE DR (0003209),3209,02 - Intersection related,03 - P.D. only,03 - Rear end,01 - Clear,01 - Daylight,01 - Dry,02 - Stop sign,00 - Unknown,2,0,0,0,,0,,,,,363857.7027,5024575.556,45.35863704,-75.74618942,14291
18--9786,9/20/2018,9:30 PM,MILTON RD btwn PERRAULT RD & RUSSELL RD (__3ZBOGV),__3ZBOGV,01 - Non intersection,03 - P.D. only,03 - Rear end,01 - Clear,07 - Dark,01 - Dry,10 - No control,,2,0,0,0,,0,,,,,389055.7024,5027170.708,45.37941056,-75.42416884,14292
18--9787,9/21/2018,1:20 PM,CASTLEFRANK RD @ HAZELDEAN RD (0003608),3608,03 - At intersection,03 - P.D. only,05 - Turning movement,01 - Clear,01 - Daylight,01 - Dry,01 - Traffic signal,01 - Functioning,2,0,0,0,,0,,,,,352677.8778,5017676.769,45.29741302,-75.88954641,14293
18--9788,9/21/2018,1:25 PM,WALLER ST btwn NICHOLAS ST & STEWART ST (__3ZA3VL),__3ZA3VL,01 - Non intersection,03 - P.D. only,04 - Sideswipe,01 - Clear,01 - Daylight,01 - Dry,10 - No control,,2,0,0,0,,0,,,,,368371.5189,5032033.143,45.42534343,-75.68762001,14294
18--9789,9/21/2018,1:30 PM,BRITANNIA RD btwn HOWE ST & VIOLET ST (__3ZABYJ),__3ZABYJ,01 - Non intersection,03 - P.D. only,06 - SMV unattended vehicle,06 - Strong wind,01 - Daylight,01 - Dry,10 - No control,,1,0,0,0,,0,,,,,359939.4457,5025276.722,45.36526522,-75.79611976,14295
18--979,1/17/2018,8:34 PM,SEYTON DR btwn WESTCLIFFE RD & HAMMILL CRT (__3ZA5LL),__3ZA5LL,01 - Non intersection,01 - Fatal injury,06 - SMV unattended vehicle,01 - Clear,07 - Dark,02 - Wet,10 - No control,,1,0,0,1,04 - Fatal,1,,,,1,356766.6583,5019887.571,45.3170156,-75.83718511,14296
18--9790,9/21/2018,1:30 PM,NICHOLAS ST/NICHOLAS ST SB @ SB RAMP FROM WALL (0008232),8232,03 - At intersection,03 - P.D. only,02 - Angle,01 - Clear,01 - Daylight,01 - Dry,01 - Traffic signal,01 - Functioning,2,0,0,0,,0,,,,,368321.3194,5031893.739,45.42409368,-75.68827942,14297
18--9791,9/21/2018,1:43 PM,HIGHWAY 417 btwn HWY417 IC123 RAMP62 & HWY417 IC122 RAMP16 (__3ZA2R9),__3ZA2R9,01 - Non intersection,03 - P.D. only,03 - Rear end,01 - Clear,01 - Daylight,01 - Dry,10 - No control,,4,0,0,0,,0,,,,,364854.6965,5028214.289,45.39129303,-75.73302248,14298
18--9792,9/21/2018,1:45 PM,BELFAST RD btwn TRAINYARDS DR & ST. LAURENT BLVD (__3ZA79Z),__3ZA79Z,04 - At/near private drive,03 - P.D. only,02 - Angle,01 - Clear,01 - Daylight,01 - Dry,10 - No control,,2,0,0,0,,0,,,,,372832.2835,5030567.896,45.41174021,-75.63082462,14299
18--9793,9/21/2018,1:48 AM,REGIONAL ROAD 174 btwn OR174 IC101 RAMP36 & OR174 IC101 RAMP26 (__3ZA11R),__3ZA11R,01 - Non intersection,02 - Non-fatal injury,03 - Rear end,01 - Clear,07 - Dark,01 - Dry,10 - No control,,2,0,0,0,02 - Minor,2,1,1,,,382587.3856,5038825.687,45.48502058,-75.5049062,14300
18--9794,9/21/2018,10:00 AM,HIGHWAY 417 btwn HWY417 IC121B RAMP51 & HWY417 IC121A RAMP51 (__3ZA2YW),__3ZA2YW,01 - Non intersection,03 - P.D. only,04 - Sideswipe,02 - Rain,01 - Daylight,02 - Wet,10 - No control,,2,0,0,0,,0,,,,,366633.3545,5029530.889,45.40298468,-75.71014378,14301
18--9795,9/21/2018,10:00 PM,CARP RD @ STITTSVILLE MAIN ST (0005253),5253,02 - Intersection related,03 - P.D. only,03 - Rear end,01 - Clear,07 - Dark,02 - Wet,01 - Traffic signal,01 - Functioning,2,0,0,0,,0,,,,,349524.7864,5014330.203,45.2675073,-75.93004856,14302
18--9796,9/21/2018,10:08 AM,PLACE D'ORLEANS DR W @ ST. JOSEPH BLVD (0008776),8776,03 - At intersection,02 - Non-fatal injury,05 - Turning movement,02 - Rain,01 - Daylight,02 - Wet,01 - Traffic signal,01 - Functioning,2,0,0,0,01 - Minimal,1,1,,,,381601.9636,5037684.242,45.47485996,-75.5176888,14303
18--9797,9/21/2018,10:18 PM,BASELINE RD @ GREENBANK RD (0002357),2357,02 - Intersection related,02 - Non-fatal injury,02 - Angle,01 - Clear,07 - Dark,01 - Dry,01 - Traffic signal,02 - Not functioning,2,0,0,0,02 - Minor,1,,1,,,360597.6815,5022584.382,45.34098753,-75.78802157,14304
18--9798,9/21/2018,10:21 AM,LAURIER AVE   W btwn O'CONNOR ST & METCALFE ST (__3ZBOER),__3ZBOER,04 - At/near private drive,03 - P.D. only,02 - Angle,01 - Clear,01 - Daylight,01 - Dry,10 - No control,,2,0,0,0,,0,,,,,367775.0237,5031441.036,45.42006981,-75.69531755,14305
18--9799,9/21/2018,10:22 PM,CYRVILLE RD @ ST. LAURENT BLVD (0002647),2647,02 - Intersection related,03 - P.D. only,07 - SMV other,01 - Clear,07 - Dark,01 - Dry,01 - Traffic signal,01 - Functioning,1,0,0,0,,0,,,,,372241.7208,5032111.58,45.42568673,-75.63815745,14306
18--98,1/2/2018,2:34 PM,BRONSON AVE @ SUNNYSIDE AVE/UNIVERSITY RD - CA (0007209),7209,02 - Intersection related,03 - P.D. only,03 - Rear end,03 - Snow,01 - Daylight,04 - Slush,01 - Traffic signal,01 - Functioning,2,0,0,0,,0,,,,,367922.7104,5028091.548,45.38991883,-75.69385941,14307
18--980,1/17/2018,8:52 PM,AIRPORT PARKWAY PRIV @ AIRPORT SECOND AVE (0013150),13150,02 - Intersection related,03 - P.D. only,02 - Angle,01 - Clear,07 - Dark,01 - Dry,02 - Stop sign,01 - Functioning,2,0,0,0,,0,,,,,370201.9441,5020595.178,45.32225956,-75.6657461,14308
18--9800,9/21/2018,10:48 AM,TENTH LINE RD btwn CANOTIA PL & AMIENS ST (__3ZA2GB),__3ZA2GB,01 - Non intersection,03 - P.D. only,03 - Rear end,02 - Rain,01 - Daylight,02 - Wet,10 - No control,,2,0,0,0,,0,,,,,383292.9656,5037707.329,45.47487964,-75.4960602,14309
18--9801,9/21/2018,10:50 AM,DALY AVE btwn MACKENZIE AVE & NICHOLAS ST (__3ZA8JX),__3ZA8JX,04 - At/near private drive,03 - P.D. only,99 - Other,02 - Rain,01 - Daylight,02 - Wet,10 - No control,,2,0,0,0,,0,,,,,368219.9259,5032041.823,45.42543529,-75.6895559,14310
18--9802,9/21/2018,11:02 AM,MERIVALE RD @ WEST HUNT CLUB RD (0000584),584,03 - At intersection,03 - P.D. only,02 - Angle,02 - Rain,01 - Daylight,02 - Wet,01 - Traffic signal,02 - Not functioning,2,0,0,0,,0,,,,,365612.6107,5021942.492,45.3347951,-75.72411561,14311
18--9803,9/21/2018,11:11 AM,BASELINE RD/HERON RD @ PRINCE OF WALES DR (0002345),2345,02 - Intersection related,02 - Non-fatal injury,07 - SMV other,01 - Clear,01 - Daylight,02 - Wet,01 - Traffic signal,01 - Functioning,1,0,0,1,02 - Minor,1,,1,,,366873.6794,5026438.625,45.37514,-75.70746313,14312
18--9804,9/21/2018,11:11 AM,HERON RD @ FINN CRT (0012186),12186,02 - Intersection related,03 - P.D. only,03 - Rear end,02 - Rain,01 - Daylight,02 - Wet,01 - Traffic signal,02 - Not functioning,2,0,0,0,,0,,,,,370831.4893,5026945.111,45.3793354,-75.65686869,14313
18--9805,9/21/2018,11:11 PM,MERIVALE RD @ WOODFIELD DR/ROYDON PL (0009776),9776,02 - Intersection related,02 - Non-fatal injury,03 - Rear end,01 - Clear,07 - Dark,01 - Dry,01 - Traffic signal,02 - Not functioning,2,0,1,0,03 - Major,1,,,1,,365462.7944,5022298.562,45.33801194,-75.72598323,14314
18--9806,9/21/2018,11:30 AM,NEW LISKEARD CRES btwn GLENDORE ST & HAILEYBURY ST (__6REWNE),__6REWNE,01 - Non intersection,03 - P.D. only,06 - SMV unattended vehicle,06 - Strong wind,01 - Daylight,01 - Dry,10 - No control,,1,0,0,0,,0,,,,,365982.2707,5014597.743,45.26867555,-75.72030612,14315
18--9807,9/21/2018,11:30 AM,FISHER AVE btwn TRENT ST & 220 S OF TRENT ST (__3ZA30SA),__3ZA30SA,04 - At/near private drive,03 - P.D. only,03 - Rear end,02 - Rain,01 - Daylight,02 - Wet,10 - No control,,2,0,0,0,,0,,,,,365864.8546,5026742.761,45.37796519,-75.72030466,14316
18--9808,9/21/2018,11:30 PM,WALKLEY RD btwn AIRPORT PKWY & TRANSIT (__3ZA1KU),__3ZA1KU,01 - Non intersection,02 - Non-fatal injury,07 - SMV other,01 - Clear,07 - Dark,01 - Dry,10 - No control,,1,0,0,0,02 - Minor,1,,1,,,370072.2088,5025788.475,45.3689995,-75.66671548,14317
18--9618,9/17/2018,3:21 PM,COLONY HEIGHTS RD @ WHITEWOOD AVE (0003881),3881,03 - At intersection,03 - P.D. only,02 - Angle,01 - Clear,01 - Daylight,01 - Dry,02 - Stop sign,01 - Functioning,2,0,0,0,,0,,,,,368361.6862,5009841.331,45.22566665,-75.69059441,14318
18--9619,9/17/2018,3:28 PM,HEARST WAY btwn ROBERGE CRES & ROBERGE CRES (__3ZAZT2),__3ZAZT2,01 - Non intersection,03 - P.D. only,06 - SMV unattended vehicle,01 - Clear,01 - Daylight,01 - Dry,10 - No control,,1,0,0,0,,0,,,,,352395.0704,5019615.656,45.3148788,-75.89296588,14319
18--962,1/17/2018,4:47 PM,GREENBANK RD @ MARKETPLACE AVE (0010406),10406,02 - Intersection related,03 - P.D. only,04 - Sideswipe,01 - Clear,05 - Dusk,01 - Dry,01 - Traffic signal,01 - Functioning,2,0,0,0,,0,,,,,364008.3562,5014602.189,45.2688845,-75.74545851,14320
18--9620,9/17/2018,3:47 PM,PRINCE OF WALES DR @ WEST HUNT CLUB RD (0000567),567,02 - Intersection related,02 - Non-fatal injury,03 - Rear end,01 - Clear,01 - Daylight,01 - Dry,01 - Traffic signal,01 - Functioning,3,0,0,0,01 - Minimal,1,1,,,,367458.7508,5021891.502,45.33417388,-75.70057015,14321
18--9621,9/17/2018,3:59 PM,MONTREAL RD @ ST. LAURENT BLVD (0002604),2604,02 - Intersection related,03 - P.D. only,03 - Rear end,01 - Clear,01 - Daylight,01 - Dry,01 - Traffic signal,01 - Functioning,2,0,0,0,,0,,,,,371545.6234,5033817.656,45.44110399,-75.64682065,14322
18--9622,9/17/2018,4:30 PM,RIDEAU ST btwn KING EDWARD AVE & NELSON ST (__3ZA3VG),__3ZA3VG,01 - Non intersection,02 - Non-fatal injury,07 - SMV other,01 - Clear,01 - Daylight,01 - Dry,10 - No control,,1,0,0,1,02 - Minor,1,,1,,,368525.3813,5032421.925,45.42882755,-75.68560369,14323
18--9623,9/17/2018,4:57 PM,ST. JOSEPH BLVD @ JEANNE D'ARC BLVD (0012421),12421,03 - At intersection,03 - P.D. only,02 - Angle,01 - Clear,01 - Daylight,01 - Dry,11 - Roundabout,01 - Functioning,2,0,0,0,,0,,,,,379860.6896,5036471.528,45.46413824,-75.54014207,14324
18--9624,9/17/2018,5:20 AM,CASTLEFRANK RD @ TERRY FOX DR (0011757),11757,03 - At intersection,02 - Non-fatal injury,07 - SMV other,"07 - Fog, mist, smoke, dust",07 - Dark,01 - Dry,01 - Traffic signal,01 - Functioning,1,0,0,0,02 - Minor,1,,1,,,352994.0397,5016304.8,45.28504609,-75.88564881,14325
18--9625,9/17/2018,5:30 PM,ALTA VISTA DR @ SMYTH RD (0011353),11353,03 - At intersection,02 - Non-fatal injury,05 - Turning movement,01 - Clear,01 - Daylight,01 - Dry,01 - Traffic signal,01 - Functioning,2,0,0,0,01 - Minimal,1,1,,,,370432.6627,5029081.549,45.39859579,-75.66167647,14326
18--9626,9/17/2018,5:34 PM,EARL ARMSTRONG RD @ BOWESVILLE RD (0009411),9411,03 - At intersection,02 - Non-fatal injury,02 - Angle,01 - Clear,01 - Daylight,01 - Dry,02 - Stop sign,01 - Functioning,2,0,0,0,02 - Minor,1,,1,,,372560.7008,5017440.51,45.29365104,-75.63609298,14327
18--9627,9/17/2018,5:50 PM,BRONSON AVE @ SUNNYSIDE AVE/UNIVERSITY RD - CA (0007209),7209,02 - Intersection related,03 - P.D. only,04 - Sideswipe,01 - Clear,01 - Daylight,01 - Dry,01 - Traffic signal,01 - Functioning,2,0,0,0,,0,,,,,367922.7208,5028091.536,45.38991872,-75.69385928,14328
18--9628,9/17/2018,5:50 PM,BRONSON AVE @ SUNNYSIDE AVE/UNIVERSITY RD - CA (0007209),7209,03 - At intersection,03 - P.D. only,04 - Sideswipe,01 - Clear,01 - Daylight,01 - Dry,01 - Traffic signal,01 - Functioning,2,0,0,0,,0,,,,,367922.7484,5028091.508,45.38991847,-75.69385893,14329
18--9629,9/17/2018,6:00 AM,NAVAN RD btwn INNES RD & ORLEANS BLVD (__42HNW4),__42HNW4,01 - Non intersection,03 - P.D. only,07 - SMV other,01 - Clear,03 - Dawn,01 - Dry,10 - No control,,1,0,0,0,,0,,,,,379871.7239,5033220.037,45.43488258,-75.54049717,14330
18--963,1/17/2018,4:56 PM,WOODROFFE AVE btwn FALLOWFIELD RD & EARL MULLIGAN DR (__3ZA3IL),__3ZA3IL,04 - At/near private drive,03 - P.D. only,05 - Turning movement,01 - Clear,05 - Dusk,02 - Wet,10 - No control,,2,0,0,0,,0,,,,,365093.4885,5017884.711,45.29832834,-75.73123217,14331
18--9630,9/17/2018,6:00 PM,ST. LAURENT BLVD btwn SHORE ST & BELFAST RD (__3ZA2GU),__3ZA2GU,01 - Non intersection,03 - P.D. only,04 - Sideswipe,01 - Clear,01 - Daylight,01 - Dry,10 - No control,,2,0,0,0,,0,,,,,372859.1816,5030582.6,45.41186989,-75.63047898,14332
18--9631,9/17/2018,6:40 AM,HIGHWAY 417 btwn HWY417 IC139 RAMP15 & HWY417 IC138 RAMP51 (__3ZA2QR),__3ZA2QR,01 - Non intersection,03 - P.D. only,03 - Rear end,01 - Clear,03 - Dawn,01 - Dry,10 - No control,,2,0,0,0,,0,,,,,352356.5296,5019755.565,45.31614034,-75.89344397,14333
18--9632,9/17/2018,6:59 PM,MOUNTSHANNON DR btwn DAVENTRY CRES N & DEWBERRY CRES (__3ZA114),__3ZA114,04 - At/near private drive,03 - P.D. only,06 - SMV unattended vehicle,01 - Clear,01 - Daylight,01 - Dry,10 - No control,,1,0,0,0,,0,,,,,364486.8401,5016952.383,45.28999108,-75.73907871,14334
18--9633,9/17/2018,7:29 AM,GLENCOE ST btwn BELLMAN DR & MIDLAND CRES (__3ZABP2),__3ZABP2,01 - Non intersection,03 - P.D. only,06 - SMV unattended vehicle,01 - Clear,01 - Daylight,01 - Dry,10 - No control,,1,0,0,0,,0,,,,,361108.345,5020856.17,45.32539629,-75.78170263,14335
18--9634,9/17/2018,7:30 AM,NORMAN ST @ ROCHESTER ST (0006126),6126,03 - At intersection,02 - Non-fatal injury,02 - Angle,01 - Clear,01 - Daylight,01 - Dry,02 - Stop sign,01 - Functioning,2,0,0,0,02 - Minor,1,,1,,,366889.7001,5029270.555,45.40061957,-75.70690232,14336
18--9635,9/17/2018,7:30 AM,HIGHWAY 417 btwn HWY 417 ANDERSON IC104R61 & HWY 417 BOUNDARY IC96R16 (__3ZA2W5),__3ZA2W5,01 - Non intersection,03 - P.D. only,03 - Rear end,01 - Clear,01 - Daylight,01 - Dry,10 - No control,,2,0,0,0,,0,,,,,382911.8606,5025440.455,45.36455492,-75.50287858,14337
18--9636,9/17/2018,7:39 AM,BASELINE RD btwn GREENBANK RD & MCWATTERS RD (__3ZA4MM),__3ZA4MM,01 - Non intersection,03 - P.D. only,03 - Rear end,01 - Clear,01 - Daylight,01 - Dry,10 - No control,,2,0,0,0,,0,,,,,360661.6032,5022622.227,45.34132297,-75.78720172,14338
18--9637,9/17/2018,7:41 AM,ALERT RD/AIRPORT PKWY/UPLANDS DR RAMP 62 @ LES (0003652),3652,03 - At intersection,03 - P.D. only,02 - Angle,01 - Clear,01 - Daylight,01 - Dry,01 - Traffic signal,01 - Functioning,2,0,0,0,,0,,,,,371306.7591,5021353.913,45.32898265,-75.65155294,14339
18--9638,9/17/2018,7:45 AM,IRIS ST @ WOODROFFE AVE (0002736),2736,02 - Intersection related,02 - Non-fatal injury,03 - Rear end,01 - Clear,01 - Daylight,01 - Dry,01 - Traffic signal,01 - Functioning,2,0,0,0,01 - Minimal,2,2,,,,362282.6426,5024441.667,45.35756322,-75.76630732,14340
18--9639,9/17/2018,7:46 AM,RICHMOND RD @ HOLLY ACRES RD/NANAIMO DR (0001068),1068,02 - Intersection related,03 - P.D. only,03 - Rear end,01 - Clear,01 - Daylight,01 - Dry,01 - Traffic signal,01 - Functioning,2,0,0,0,,0,,,,,359058.7149,5022748.483,45.34258483,-75.80763932,14341
18--964,1/17/2018,5:19 PM,ST. JOSEPH BLVD @ JEANNE D'ARC BLVD (0012421),12421,03 - At intersection,03 - P.D. only,02 - Angle,01 - Clear,05 - Dusk,04 - Slush,11 - Roundabout,01 - Functioning,2,0,0,0,,0,,,,,379860.7428,5036471.581,45.46413872,-75.54014138,14342
18--9640,9/17/2018,7:48 PM,SHILLINGTON AVE btwn MERIVALE RD & PANET ST (__3ZA0OJ),__3ZA0OJ,04 - At/near private drive,02 - Non-fatal injury,02 - Angle,01 - Clear,05 - Dusk,01 - Dry,10 - No control,,2,1,0,0,02 - Minor,1,,1,,,364854.0648,5026812.771,45.3786825,-75.73320106,14343
18--9641,9/17/2018,7:50 AM,PANMURE RD btwn UPPER DWYER HILL RD & BREEZY HEIGHTS RD (__3ZBN08),__3ZBN08,01 - Non intersection,03 - P.D. only,07 - SMV other,01 - Clear,01 - Daylight,01 - Dry,10 - No control,,1,0,0,0,,0,,,,,329564.7598,5020005.997,45.31956771,-76.18412081,14344
18--9642,9/17/2018,8:03 AM,CARLING AVE @ SCHNEIDER RD (0003192),3192,02 - Intersection related,03 - P.D. only,03 - Rear end,01 - Clear,01 - Daylight,01 - Dry,02 - Stop sign,01 - Functioning,2,0,0,0,,0,,,,,351624.5261,5022236.491,45.33851346,-75.9025451,14345
18--9643,9/17/2018,8:15 PM,BLAKE BLVD @ LACASSE AVE (0009899),9899,03 - At intersection,03 - P.D. only,02 - Angle,01 - Clear,07 - Dark,01 - Dry,02 - Stop sign,01 - Functioning,2,0,0,0,,0,,,,,370786.6865,5033018.603,45.43398651,-75.65662785,14346
18--9644,9/17/2018,8:17 AM,CAMBRIAN RD @ GRAND CANAL ST (0014646),14646,03 - At intersection,02 - Non-fatal injury,02 - Angle,01 - Clear,01 - Daylight,01 - Dry,02 - Stop sign,01 - Functioning,2,0,0,0,02 - Minor,1,,1,,,364186.2637,5012513.461,45.25007507,-75.74344113,14347
18--9645,9/17/2018,8:22 PM,MEADOWLANDS DR btwn BAYNE AVE & MERIVALE RD (__3ZA4HT),__3ZA4HT,04 - At/near private drive,03 - P.D. only,02 - Angle,01 - Clear,07 - Dark,01 - Dry,10 - No control,,2,0,1,0,,0,,,,,364793.9449,5023690.477,45.35059373,-75.73434772,14348
18--9646,9/17/2018,8:43 AM,WALKLEY RD @ HEATHERINGTON RD (0006928),6928,03 - At intersection,02 - Non-fatal injury,07 - SMV other,01 - Clear,01 - Daylight,01 - Dry,01 - Traffic signal,01 - Functioning,1,0,0,1,02 - Minor,1,,1,,,371766.8305,5026794.524,45.37789169,-75.64494742,14349
18--9647,9/17/2018,9:00 PM,ROXDALE AVE btwn PAYETTE DR & AMIENS ST (__3ZA6X9),__3ZA6X9,04 - At/near private drive,03 - P.D. only,06 - SMV unattended vehicle,01 - Clear,07 - Dark,01 - Dry,10 - No control,,1,0,0,0,,0,,,,,383178.6188,5037403.3,45.47215711,-75.49757099,14350
18--9648,9/17/2018,9:05 PM,HIGHWAY 417 btwn HWY417 IC140 RAMP61 & HWY417 IC139 RAMP61 (__4BCL0Z),__4BCL0Z,01 - Non intersection,03 - P.D. only,04 - Sideswipe,01 - Clear,07 - Dark,01 - Dry,10 - No control,,2,0,0,0,,0,,,,,351703.1305,5019250.417,45.31163885,-75.90182506,14351
18--9649,9/17/2018,9:17 AM,DEVINE RD @ ROCKDALE RD (0012909),12909,03 - At intersection,02 - Non-fatal injury,02 - Angle,01 - Clear,01 - Daylight,01 - Dry,02 - Stop sign,01 - Functioning,2,0,0,0,01 - Minimal,2,2,,,,394887.8789,5024096.429,45.35102616,-75.35027492,14352
18--965,1/17/2018,5:53 PM,HIGHWAY 417 btwn HWY417 IC129 RAMP61 & TRANSIT (__3ZA2SI),__3ZA2SI,01 - Non intersection,03 - P.D. only,03 - Rear end,01 - Clear,07 - Dark,01 - Dry,10 - No control,,2,0,0,0,,0,,,,,361013.5562,5023987.513,45.35357966,-75.78255594,14353
18--9650,9/17/2018,9:45 PM,ALERT RD/AIRPORT PKWY/UPLANDS DR RAMP 62 @ LES (0003652),3652,03 - At intersection,03 - P.D. only,04 - Sideswipe,01 - Clear,07 - Dark,01 - Dry,01 - Traffic signal,01 - Functioning,2,0,0,0,,0,,,,,371306.649,5021353.834,45.32898195,-75.65155435,14354
18--9651,9/18/2018,1:53 PM,HWY 417 INNES IC112R67 @ INNES RD (0012301),12301,02 - Intersection related,02 - Non-fatal injury,03 - Rear end,01 - Clear,01 - Daylight,01 - Dry,03 - Yield sign,01 - Functioning,2,0,0,0,01 - Minimal,1,1,,,,374771.6638,5030964.576,45.41511811,-75.60599391,14355
18--9652,9/18/2018,10:13 AM,BRONSON AVE @ SUNNYSIDE AVE/UNIVERSITY RD - CA (0007209),7209,02 - Intersection related,03 - P.D. only,04 - Sideswipe,01 - Clear,01 - Daylight,01 - Dry,01 - Traffic signal,01 - Functioning,2,0,0,0,,0,,,,,367922.7056,5028091.547,45.38991882,-75.69385947,14356
18--9653,9/18/2018,11:00 AM,BRONSON AVE btwn FINDLAY AVE & BRONSON AVE SB OFF RAMP 34 (__3ZA3N5),__3ZA3N5,01 - Non intersection,03 - P.D. only,04 - Sideswipe,01 - Clear,01 - Daylight,01 - Dry,10 - No control,,2,0,0,0,,0,,,,,367734.5977,5028629.843,45.39477919,-75.6961929,14357
18--9654,9/18/2018,11:07 AM,HERON RD btwn JEFFERSON ST & TURN LANE (__3ZA3BI),__3ZA3BI,04 - At/near private drive,03 - P.D. only,03 - Rear end,01 - Clear,01 - Daylight,01 - Dry,10 - No control,,2,0,0,0,,0,,,,,371908.756,5027064.722,45.38030925,-75.64309875,14358
18--9655,9/18/2018,11:40 AM,COOPER ST @ O'CONNOR ST (0006954),6954,03 - At intersection,03 - P.D. only,02 - Angle,01 - Clear,01 - Daylight,01 - Dry,02 - Stop sign,01 - Functioning,2,1,0,0,,0,,,,,367808.7115,5031085.571,45.41686842,-75.69493259,14359
18--9656,9/18/2018,11:44 AM,GREENBANK RD btwn LARKIN DR & MALVERN DR (__3ZA4KJ),__3ZA4KJ,01 - Non intersection,03 - P.D. only,07 - SMV other,01 - Clear,01 - Daylight,01 - Dry,10 - No control,,1,0,0,0,,0,,,,,363307.4165,5016204.449,45.28336034,-75.75420157,14360
18--9657,9/18/2018,11:44 AM,BRONSON AVE @ SUNNYSIDE AVE/UNIVERSITY RD - CA (0007209),7209,02 - Intersection related,03 - P.D. only,04 - Sideswipe,01 - Clear,01 - Daylight,01 - Dry,01 - Traffic signal,00 - Unknown,2,0,0,0,,0,,,,,367922.7093,5028091.594,45.38991925,-75.69385942,14361
18--9658,9/18/2018,11:47 AM,CEDARVIEW RD btwn BRUIN RD & HWY416 IC72 RAMP62 (__3ZAZO7),__3ZAZO7,04 - At/near private drive,02 - Non-fatal injury,03 - Rear end,01 - Clear,01 - Daylight,01 - Dry,10 - No control,,2,0,0,0,01 - Minimal,3,3,,,,359291.6677,5020597.43,45.32321152,-75.8049038,14362
18--9659,9/18/2018,11:56 AM,CARLING AVE @ IROQUOIS RD (0003145),3145,03 - At intersection,03 - P.D. only,05 - Turning movement,01 - Clear,01 - Daylight,01 - Dry,01 - Traffic signal,01 - Functioning,2,0,0,0,,0,,,,,362213.6229,5026025.646,45.37182138,-75.76700415,14363
18--966,1/17/2018,6:00 PM,SILVER ST @ SUMMERVILLE AVE (0003063),3063,03 - At intersection,03 - P.D. only,02 - Angle,01 - Clear,07 - Dark,04 - Slush,02 - Stop sign,01 - Functioning,2,0,0,0,,0,,,,,365208.6536,5026650.846,45.37719504,-75.72869372,14364