Anom_ID,Accident_Date,Accident_Time,Location,Geo_ID,Accident_Location,Classification_of_Accident,Initial_Impact_Type,Environment_Condition,Light,Road_Surface_Condition,Traffic_Control,Traffic_Control_Condition,No__of_Vehicles,No__of_Bicycles,No__of_Motorcycles,No__of_Pedestrians,Max_Injury,No__of_Injuries,No__of_Minimal,No__of_Minor,No__of_Major,No__of_Fatal,X,Y,Latitude,Longitude,ObjectId
18--9660,9/18/2018,Unknown,SCOUT ST btwn NIKI WAY & WHITESTONE DR (__30KGYS),__30KGYS,01 - Non intersection,03 - P.D. only,06 - SMV unattended vehicle,01 - Clear,00 - Unknown,01 - Dry,10 - No control,,1,0,0,0,,0,,,,,364588.3206,5025352.504,45.36556598,-75.73677066,14365
18--9661,9/18/2018,12:00 PM,KING EDWARD AVE @ MURRAY ST (0002713),2713,02 - Intersection related,03 - P.D. only,03 - Rear end,01 - Clear,01 - Daylight,01 - Dry,01 - Traffic signal,01 - Functioning,2,0,0,0,,0,,,,,368291.7775,5032753.494,45.43183214,-75.68854605,14366
18--9662,9/18/2018,12:23 PM,CARP RD @ STITTSVILLE MAIN ST (0005253),5253,02 - Intersection related,03 - P.D. only,03 - Rear end,01 - Clear,01 - Daylight,01 - Dry,01 - Traffic signal,00 - Unknown,2,0,0,0,,0,,,,,349524.7682,5014330.238,45.26750762,-75.93004879,14367
18--9663,9/18/2018,2:12 AM,BLACKBURN BYPASS WB btwn NAVAN RD & 1700 W OF NAVAN RD (__3ZA3J5B),__3ZA3J5B,01 - Non intersection,02 - Non-fatal injury,07 - SMV other,01 - Clear,07 - Dark,01 - Dry,10 - No control,,1,0,0,0,02 - Minor,1,,1,,,379250.8478,5033032.556,45.43326214,-75.54845992,14368
18--9664,9/18/2018,2:15 PM,KANATA AVE @ TERRY FOX DR (0012691),12691,02 - Intersection related,03 - P.D. only,03 - Rear end,01 - Clear,01 - Daylight,01 - Dry,01 - Traffic signal,01 - Functioning,2,0,0,0,,0,,,,,349305.795,5019211.79,45.3114473,-75.93240119,14369
18--9665,9/18/2018,3:00 PM,BLAIR RD btwn OR174 IC112 RAMP26 & OR174 IC112 RAMP52 (__3ZAZFL),__3ZAZFL,01 - Non intersection,03 - P.D. only,03 - Rear end,01 - Clear,01 - Daylight,01 - Dry,10 - No control,,2,0,0,0,,0,,,,,374782.5934,5032814.162,45.43175859,-75.60559153,14370
18--9666,9/18/2018,3:04 PM,BLAIR PL @ OGILVIE RD (0004162),4162,02 - Intersection related,03 - P.D. only,03 - Rear end,01 - Clear,01 - Daylight,01 - Dry,01 - Traffic signal,01 - Functioning,3,0,0,0,,0,,,,,374799.7469,5033371.59,45.4367723,-75.60529307,14371
18--9667,9/18/2018,3:22 PM,MEDFORD ST btwn ROSENTHAL AVE & CALDWELL AVE (__3ZAA53),__3ZAA53,01 - Non intersection,03 - P.D. only,06 - SMV unattended vehicle,01 - Clear,01 - Daylight,01 - Dry,10 - No control,,1,0,0,0,,0,,,,,364693.693,5026153.634,45.37276542,-75.73532852,14372
18--9668,9/18/2018,3:35 PM,HIGHWAY 417 btwn HWY417 IC118 RAMP57 & HWY417 IC118 RAMP35 (__3ZA2YQ),__3ZA2YQ,01 - Non intersection,03 - P.D. only,03 - Rear end,01 - Clear,01 - Daylight,01 - Dry,10 - No control,,2,0,0,0,,0,,,,,369261.1562,5030907.053,45.41512987,-75.67639984,14373
18--9669,9/18/2018,3:50 PM,LAURIER AVE @ QUEEN ELIZABETH DRWY/LAURIER AVE (0011416),11416,02 - Intersection related,03 - P.D. only,03 - Rear end,01 - Clear,01 - Daylight,01 - Dry,01 - Traffic signal,01 - Functioning,2,0,0,0,,0,,,,,368075.7258,5031624.515,45.42169356,-75.69145205,14374
18--967,1/17/2018,6:02 AM,HAWTHORNE RD @ STEVENAGE DR (0008802),8802,03 - At intersection,03 - P.D. only,05 - Turning movement,03 - Snow,07 - Dark,04 - Slush,01 - Traffic signal,01 - Functioning,2,0,0,0,,0,,,,,375136.7411,5027313.537,45.38223133,-75.60185064,14375
18--9670,9/18/2018,3:54 PM,KIRKWOOD AVE @ MERIVALE RD (0002243),2243,03 - At intersection,02 - Non-fatal injury,05 - Turning movement,01 - Clear,01 - Daylight,01 - Dry,01 - Traffic signal,01 - Functioning,2,0,0,0,01 - Minimal,2,2,,,,364853.6526,5026646.569,45.37718708,-75.73322654,14376
18--9671,9/18/2018,4:15 PM,KING EDWARD AVE @ YORK ST (0008244),8244,02 - Intersection related,03 - P.D. only,02 - Angle,01 - Clear,01 - Daylight,01 - Dry,01 - Traffic signal,01 - Functioning,2,0,0,0,,0,,,,,368396.6436,5032621.609,45.43063595,-75.68722298,14377
18--9672,9/18/2018,4:16 PM,WEST HUNT CLUB RD @ ANTARES DR/LASER ST (0000116),116,02 - Intersection related,03 - P.D. only,03 - Rear end,01 - Clear,01 - Daylight,01 - Dry,01 - Traffic signal,01 - Functioning,2,0,0,0,,0,,,,,367107.613,5022081.504,45.33591475,-75.70502578,14378
18--9673,9/18/2018,4:28 PM,NAVAN RD btwn RENAUD RD & MER BLEUE RD (__3ZA3Y1),__3ZA3Y1,01 - Non intersection,03 - P.D. only,07 - SMV other,01 - Clear,01 - Daylight,01 - Dry,10 - No control,,1,0,1,0,,0,,,,,383728.4824,5032318.419,45.42634591,-75.49135538,14379
18--9674,9/18/2018,4:45 PM,NORICE ST @ WOODROFFE AVE (0001542),1542,02 - Intersection related,03 - P.D. only,03 - Rear end,01 - Clear,01 - Daylight,01 - Dry,01 - Traffic signal,01 - Functioning,3,0,0,0,,0,,,,,363194.6603,5022397.413,45.33909384,-75.75490894,14380
18--9675,9/18/2018,4:45 PM,AVIATION PKWY @ OGILVIE RD (0004114),4114,02 - Intersection related,03 - P.D. only,03 - Rear end,01 - Clear,01 - Daylight,01 - Dry,01 - Traffic signal,01 - Functioning,2,0,0,0,,0,,,,,373110.6693,5032376.636,45.42798726,-75.62701762,14381
18--9676,9/18/2018,4:49 PM,KING EDWARD AVE @ LAURIER AVE (0002170),2170,02 - Intersection related,03 - P.D. only,04 - Sideswipe,01 - Clear,01 - Daylight,01 - Dry,01 - Traffic signal,01 - Functioning,2,0,0,0,,0,,,,,368739.6453,5032034.692,45.42532382,-75.682916,14382
18--9677,9/18/2018,4:55 PM,BANK ST btwn QUEENSDALE AVE & LESTER RD (__3ZA2LF),__3ZA2LF,01 - Non intersection,03 - P.D. only,03 - Rear end,01 - Clear,01 - Daylight,01 - Dry,10 - No control,,3,0,0,0,,0,,,,,373358.472,5023424.627,45.34741677,-75.62509472,14383
18--9678,9/18/2018,5:00 PM,CARLING AVE @ IRVING PL/MAPLE DR (0006872),6872,02 - Intersection related,03 - P.D. only,03 - Rear end,01 - Clear,01 - Daylight,01 - Dry,01 - Traffic signal,01 - Functioning,2,0,0,0,,0,,,,,366186.7036,5028527.554,45.39399623,-75.7159736,14384
18--9679,9/18/2018,5:23 PM,HOLLAND AVE btwn SCOTT ST & SPENCER ST (__3ZA3Z2),__3ZA3Z2,01 - Non intersection,03 - P.D. only,05 - Turning movement,01 - Clear,01 - Daylight,01 - Dry,10 - No control,,2,0,0,0,,0,,,,,364829.461,5029380.228,45.40178607,-75.73320286,14385
18--968,1/17/2018,6:10 PM,SOMERSET ST    W btwn BREEZEHILL AVE N & PRESTON ST (__3ZA32I),__3ZA32I,04 - At/near private drive,03 - P.D. only,02 - Angle,01 - Clear,07 - Dark,02 - Wet,10 - No control,,2,0,0,0,,0,,,,,366247.4199,5030098.3,45.40812407,-75.71500251,14386
18--9680,9/18/2018,5:30 PM,CARP RD @ STITTSVILLE MAIN ST (0005253),5253,02 - Intersection related,03 - P.D. only,03 - Rear end,01 - Clear,01 - Daylight,01 - Dry,01 - Traffic signal,00 - Unknown,3,0,0,0,,0,,,,,349524.5693,5014330.462,45.26750964,-75.93005131,14387
18--9681,9/18/2018,5:44 PM,HAWTHORNE RD @ HUNT CLUB RD (0007651),7651,02 - Intersection related,02 - Non-fatal injury,03 - Rear end,01 - Clear,01 - Daylight,01 - Dry,01 - Traffic signal,01 - Functioning,3,0,0,0,01 - Minimal,1,1,,,,375507.8034,5026406.586,45.37403367,-75.5972429,14388
18--9682,9/18/2018,5:48 PM,EDGECOMBE ST btwn HALSTEAD ST & HASTINGS AVE (__3ZA78W),__3ZA78W,04 - At/near private drive,03 - P.D. only,06 - SMV unattended vehicle,01 - Clear,01 - Daylight,01 - Dry,10 - No control,,1,0,0,0,,0,,,,,372302.4109,5029460.267,45.40182556,-75.6377451,14389
18--9683,9/18/2018,6:03 PM,WELLINGTON ST btwn TURN LANE & TO BE DETERMINED (__3ZA2L9),__3ZA2L9,01 - Non intersection,03 - P.D. only,04 - Sideswipe,01 - Clear,01 - Daylight,00 - Unknown,10 - No control,,2,0,0,0,,0,,,,,366687.0988,5031277.16,45.41869238,-75.70923808,14390
18--9684,9/18/2018,6:04 PM,STITTSVILLE MAIN ST @ MULKINS ST S/WINTERGREEN (0009338),9338,03 - At intersection,02 - Non-fatal injury,01 - Approaching,01 - Clear,01 - Daylight,01 - Dry,01 - Traffic signal,01 - Functioning,2,1,0,0,01 - Minimal,1,1,,,,350005.4163,5013641.413,45.2612786,-75.92398664,14391
18--9685,9/18/2018,6:15 AM,HERZBERG RD btwn BAYFIELD AVE & MARCH RD (__3ZACUJ),__3ZACUJ,01 - Non intersection,03 - P.D. only,07 - SMV other,01 - Clear,03 - Dawn,01 - Dry,10 - No control,,1,0,0,0,,0,,,,,352291.3934,5021719.248,45.33381438,-75.89408636,14392
18--9686,9/18/2018,6:30 AM,REGIONAL ROAD 174 btwn OR174 IC112 RAMP36 & OR174 IC112 RAMP26 (__3ZAZFK),__3ZAZFK,01 - Non intersection,03 - P.D. only,03 - Rear end,01 - Clear,03 - Dawn,01 - Dry,10 - No control,,2,0,0,0,,0,,,,,374534.8932,5032645.469,45.43026552,-75.60878075,14393
18--9687,9/18/2018,6:40 PM,BROPHY DR @ MOODIE DR (0003715),3715,02 - Intersection related,03 - P.D. only,03 - Rear end,01 - Clear,01 - Daylight,01 - Dry,02 - Stop sign,01 - Functioning,2,0,0,0,,0,,,,,362750.3809,5006864.89,45.19936823,-75.76238981,14394
18--9688,9/18/2018,6:58 PM,ALLEN BLVD @ MCARTHUR AVE (0009809),9809,02 - Intersection related,03 - P.D. only,03 - Rear end,01 - Clear,05 - Dusk,01 - Dry,01 - Traffic signal,01 - Functioning,2,0,0,0,,0,,,,,370750.7019,5032749.559,45.43156917,-75.65712375,14395
18--9689,9/18/2018,7:01 AM,RIVERSIDE DR @ HERON RD (0002236),2236,02 - Intersection related,02 - Non-fatal injury,03 - Rear end,01 - Clear,01 - Daylight,01 - Dry,01 - Traffic signal,01 - Functioning,2,0,0,0,02 - Minor,1,,1,,,368121.1347,5026647.204,45.37690512,-75.69151085,14396
18--969,1/17/2018,7:16 PM,MONTREAL RD @ VANIER PKWY (0004630),4630,03 - At intersection,03 - P.D. only,04 - Sideswipe,01 - Clear,07 - Dark,04 - Slush,01 - Traffic signal,01 - Functioning,2,0,0,0,,0,,,,,370072.7105,5033065.592,45.43447631,-75.66574593,14397
18--9690,9/18/2018,7:21 AM,REGIONAL ROAD 174 btwn OR174 IC112 RAMP51 & OR174 IC112 RAMP15 (__3ZA2XE),__3ZA2XE,01 - Non intersection,02 - Non-fatal injury,04 - Sideswipe,01 - Clear,01 - Daylight,01 - Dry,10 - No control,,2,0,0,0,01 - Minimal,1,1,,,,374845.6443,5032855.298,45.43212239,-75.60477996,14398
18--9691,9/18/2018,7:36 PM,CARLING AVE EB btwn MAITLAND AVE & REX AVE (__3ZA4U9),__3ZA4U9,01 - Non intersection,03 - P.D. only,04 - Sideswipe,01 - Clear,05 - Dusk,01 - Dry,10 - No control,,2,0,0,0,,0,,,,,363021.3296,5026519.961,45.37620253,-75.75663481,14399
18--9692,9/18/2018,8:00 PM,ST. JOSEPH BLVD @ JEANNE D'ARC BLVD (0012421),12421,03 - At intersection,03 - P.D. only,04 - Sideswipe,01 - Clear,07 - Dark,01 - Dry,11 - Roundabout,01 - Functioning,2,0,0,0,,0,,,,,379860.7422,5036471.581,45.46413872,-75.54014138,14400
18--9693,9/18/2018,8:10 AM,AVIATION PKWY @ OGILVIE RD (0004114),4114,02 - Intersection related,03 - P.D. only,03 - Rear end,01 - Clear,01 - Daylight,01 - Dry,01 - Traffic signal,01 - Functioning,2,0,0,0,,0,,,,,373110.7596,5032376.589,45.42798683,-75.62701647,14401
18--9694,9/18/2018,8:15 PM,ST. JOSEPH BLVD @ JEANNE D'ARC BLVD (0012421),12421,03 - At intersection,03 - P.D. only,04 - Sideswipe,01 - Clear,07 - Dark,01 - Dry,11 - Roundabout,01 - Functioning,2,0,0,0,,0,,,,,379860.6899,5036471.612,45.464139,-75.54014205,14402
18--9695,9/18/2018,9:05 PM,KING EDWARD AVE @ OSGOODE ST/THOMAS MORE PRIV (0007750),7750,02 - Intersection related,03 - P.D. only,04 - Sideswipe,01 - Clear,07 - Dark,01 - Dry,01 - Traffic signal,01 - Functioning,2,0,0,0,,0,,,,,368849.6642,5031852.703,45.42367628,-75.68153388,14403
18--9696,9/18/2018,9:22 PM,HINCKS LANE @ RIVERSIDE DR (0011354),11354,02 - Intersection related,02 - Non-fatal injury,07 - SMV other,01 - Clear,07 - Dark,01 - Dry,01 - Traffic signal,01 - Functioning,1,0,0,1,03 - Major,1,,,1,,370166.6967,5030205.657,45.40873497,-75.66492427,14404
18--9697,9/18/2018,9:22 PM,GREENBANK RD btwn CAMBRIAN RD & DUNDONALD DR (__5DCY38),__5DCY38,01 - Non intersection,02 - Non-fatal injury,07 - SMV other,01 - Clear,07 - Dark,01 - Dry,10 - No control,,1,1,0,0,01 - Minimal,1,1,,,,364852.8365,5012671.571,45.25144118,-75.7349309,14405
18--9698,9/18/2018,9:30 PM,HIGHWAY 417 btwn HWY417 IC110 RAMP55 & HWY417 IC104 RAMP51 (__3ZA2W8),__3ZA2W8,01 - Non intersection,03 - P.D. only,04 - Sideswipe,01 - Clear,07 - Dark,01 - Dry,10 - No control,,2,0,0,0,,0,,,,,378042.4452,5026349.611,45.37326071,-75.56489474,14406
18--9699,9/19/2018,1:00 PM,BASELINE RD @ WOODROFFE AVE (0002225),2225,02 - Intersection related,03 - P.D. only,03 - Rear end,01 - Clear,01 - Daylight,01 - Dry,01 - Traffic signal,01 - Functioning,2,0,0,0,,0,,,,,362549.6209,5023770.499,45.35150217,-75.76297837,14407
18--97,1/2/2018,2:34 PM,UPLANDS DR @ AIRPORT PKWY RAMP 35 (0009397),9397,03 - At intersection,03 - P.D. only,02 - Angle,01 - Clear,01 - Daylight,03 - Loose snow,01 - Traffic signal,01 - Functioning,2,0,0,0,,0,,,,,371124.7988,5021372.818,45.32916997,-75.65387147,14408
18--970,1/17/2018,7:26 AM,TENTH LINE RD @ TENTH LINE RD (0009412),9412,02 - Intersection related,03 - P.D. only,03 - Rear end,03 - Snow,03 - Dawn,06 - Ice,01 - Traffic signal,01 - Functioning,2,0,0,0,,0,,,,,383530.6992,5037154.969,45.46988325,-75.49310852,14409
18--9700,9/19/2018,10:16 AM,CARLING AVE @ WOODROFFE AVE W (0011470),11470,02 - Intersection related,03 - P.D. only,07 - SMV other,01 - Clear,01 - Daylight,01 - Dry,01 - Traffic signal,00 - Unknown,1,0,0,0,,0,,,,,361767.6089,5025725.502,45.36915711,-75.77273253,14410
18--9701,9/19/2018,10:45 AM,OXFORD ST btwn PINEHURST AVE & HINCHEY AVE (__3ZAAHM),__3ZAAHM,01 - Non intersection,03 - P.D. only,07 - SMV other,01 - Clear,01 - Daylight,01 - Dry,10 - No control,,1,0,0,0,,0,,,,,365176.9588,5029526.099,45.4030687,-75.72874658,14411
18--9702,9/19/2018,10:51 AM,BOOTH ST @ CARLING AVE (0002135),2135,02 - Intersection related,03 - P.D. only,04 - Sideswipe,01 - Clear,01 - Daylight,01 - Dry,01 - Traffic signal,01 - Functioning,2,0,0,0,,0,,,,,367094.6715,5029106.565,45.39912583,-75.7043051,14412
18--9703,9/19/2018,11:09 AM,SILVER SPRUCE WAY btwn ASPER TRAIL CIR & MEADOWBREEZE DR (e___2HR5),e___2HR5,04 - At/near private drive,03 - P.D. only,06 - SMV unattended vehicle,01 - Clear,01 - Daylight,01 - Dry,10 - No control,,1,0,0,0,,0,,,,,356341.307,5015476.217,45.27735287,-75.84306845,14413
18--9704,9/19/2018,Unknown,ELGIN ST btwn LISGAR ST & COOPER ST (__3ZA340),__3ZA340,01 - Non intersection,03 - P.D. only,06 - SMV unattended vehicle,01 - Clear,00 - Unknown,01 - Dry,10 - No control,,1,0,0,0,,0,,,,,368107.5249,5031291.426,45.41869366,-75.69108856,14414
18--9705,9/19/2018,12:04 PM,UPPER DWYER HILL RD btwn HAMILTON SIDE RD & MCARTON RD (__3ZA4E9),__3ZA4E9,01 - Non intersection,03 - P.D. only,07 - SMV other,01 - Clear,01 - Daylight,01 - Dry,10 - No control,,1,0,0,0,,0,,,,,338937.9599,5008877.928,45.21903812,-76.06533185,14415
18--9706,9/19/2018,12:15 PM,HINCHEY AVE btwn LYNDALE AVE & SCOTT ST (__3ZBOM5),__3ZBOM5,01 - Non intersection,03 - P.D. only,06 - SMV unattended vehicle,01 - Clear,01 - Daylight,01 - Dry,10 - No control,,1,0,0,0,,0,,,,,365085.633,5029813.185,45.40565971,-75.72987796,14416
18--9707,9/19/2018,12:21 PM,ALBERT ST @ KENT ST (OTTAWA) (0003136),3136,02 - Intersection related,03 - P.D. only,02 - Angle,01 - Clear,01 - Daylight,01 - Dry,01 - Traffic signal,01 - Functioning,2,0,0,0,,0,,,,,367221.6701,5031319.463,45.41902552,-75.7024029,14417
18--9708,9/19/2018,12:30 PM,ALTA VISTA DR @ SMYTH RD (0011353),11353,03 - At intersection,03 - P.D. only,05 - Turning movement,01 - Clear,01 - Daylight,01 - Dry,01 - Traffic signal,01 - Functioning,2,0,0,0,,0,,,,,370432.6142,5029081.598,45.39859623,-75.66167709,14418
18--9709,9/19/2018,12:30 PM,MEADOWLANDS DR/TALLWOOD DR @ WOODROFFE AVE (0000095),95,02 - Intersection related,03 - P.D. only,03 - Rear end,01 - Clear,01 - Daylight,01 - Dry,01 - Traffic signal,01 - Functioning,2,0,0,0,,0,,,,,363056.6201,5022730.424,45.34210172,-75.75663091,14419
18--971,1/17/2018,7:30 PM,CARLING AVE WB btwn SCRIVENS ST & DOANE ST (__3ZA4VP),__3ZA4VP,01 - Non intersection,02 - Non-fatal injury,03 - Rear end,01 - Clear,07 - Dark,06 - Ice,10 - No control,,2,0,0,0,01 - Minimal,2,2,,,,359441.0494,5024269.594,45.35624212,-75.80259289,14420
18--9710,9/19/2018,2:30 PM,WEST HUNT CLUB RD @ ANTARES DR/LASER ST (0000116),116,02 - Intersection related,03 - P.D. only,03 - Rear end,01 - Clear,01 - Daylight,01 - Dry,01 - Traffic signal,01 - Functioning,2,0,0,0,,0,,,,,367107.7492,5022081.506,45.33591475,-75.70502404,14421
18--9711,9/19/2018,2:34 PM,WOODROFFE AVE btwn HWY417 IC127 RAMP53 & IRIS ST (__3ZA4L2),__3ZA4L2,01 - Non intersection,02 - Non-fatal injury,03 - Rear end,01 - Clear,01 - Daylight,01 - Dry,10 - No control,,2,0,0,0,02 - Minor,2,1,1,,,362243.2917,5024537.107,45.35842521,-75.76679845,14422
18--9712,9/19/2018,2:45 PM,COVENTRY RD @ VANIER PKWY (0002139),2139,02 - Intersection related,03 - P.D. only,04 - Sideswipe,01 - Clear,01 - Daylight,01 - Dry,01 - Traffic signal,00 - Unknown,2,0,0,0,,0,,,,,370676.4187,5031611.813,45.42133921,-75.65822519,14423
18--9809,9/21/2018,11:39 PM,BANK ST @ CATHERINE ST (0002708),2708,03 - At intersection,03 - P.D. only,02 - Angle,01 - Clear,07 - Dark,01 - Dry,01 - Traffic signal,02 - Not functioning,2,0,0,0,,0,,,,,368039.6779,5030267.474,45.40948661,-75.69208677,14424
18--981,1/17/2018,9:12 AM,SCOTT ST btwn TUNNEY'S PASTURE DRWY & PARKDALE AVE (__3ZA31N),__3ZA31N,01 - Non intersection,03 - P.D. only,05 - Turning movement,01 - Clear,01 - Daylight,04 - Slush,10 - No control,,2,0,0,0,,0,,,,,364823.1232,5029648.35,45.40419912,-75.73325117,14425
18--9810,9/21/2018,11:40 AM,LABELLE ST/RAMP @ LEMIEUX ST/HWY417 IC115 RAMP (0012538),12538,03 - At intersection,03 - P.D. only,02 - Angle,01 - Clear,01 - Daylight,01 - Dry,02 - Stop sign,01 - Functioning,2,0,0,0,,0,,,,,372541.7198,5031688.57,45.4218517,-75.63438235,14426
18--9811,9/21/2018,11:55 PM,STITTSVILLE MAIN ST @ HAZELDEAN RD (0000050),50,03 - At intersection,02 - Non-fatal injury,02 - Angle,06 - Strong wind,07 - Dark,01 - Dry,01 - Traffic signal,02 - Not functioning,2,0,0,0,01 - Minimal,1,1,,,,349558.3986,5014878.717,45.27244088,-75.92957081,14427
18--9812,9/21/2018,Unknown,LECLAIR CRES btwn PIMPRENELLE TER & PIMPRENELLE TER (__3ZA6QM),__3ZA6QM,01 - Non intersection,03 - P.D. only,06 - SMV unattended vehicle,01 - Clear,00 - Unknown,01 - Dry,10 - No control,,1,0,0,0,,0,,,,,382568.7082,5035897.757,45.45867972,-75.5056085,14428
18--9813,9/21/2018,Unknown,DUPLANTE AVE btwn SENATEURS WAY & STOJKO ST (__3ZAZS8),__3ZAZS8,01 - Non intersection,03 - P.D. only,06 - SMV unattended vehicle,01 - Clear,00 - Unknown,01 - Dry,10 - No control,,1,0,0,0,,0,,,,,385204.8541,5038174.231,45.47886285,-75.47153428,14429
18--9814,9/21/2018,12:10 PM,SHERWAY DR btwn BERKSHIRE WAY & ALDGATE CRES (__3ZAABH),__3ZAABH,04 - At/near private drive,03 - P.D. only,02 - Angle,01 - Clear,01 - Daylight,01 - Dry,10 - No control,,2,0,0,0,,0,,,,,362755.237,5015194.976,45.27432281,-75.76135752,14430
18--9815,9/21/2018,12:30 PM,HAZELDEAN RD @ CARBROOKE ST/IRWIN GATE (0003187),3187,02 - Intersection related,02 - Non-fatal injury,07 - SMV other,01 - Clear,01 - Daylight,01 - Dry,01 - Traffic signal,01 - Functioning,1,0,0,1,02 - Minor,1,,1,,,353417.6232,5018265.525,45.30265998,-75.88005731,14431
18--9816,9/21/2018,2:00 AM,CARSON'S RD @ DEN HAAG DR (0011527),11527,03 - At intersection,02 - Non-fatal injury,02 - Angle,01 - Clear,07 - Dark,01 - Dry,02 - Stop sign,01 - Functioning,2,1,0,0,02 - Minor,1,,1,,,373029.8288,5033806.659,45.44086177,-75.62785243,14432
18--9817,9/21/2018,2:23 PM,SANDFORD FLEMING AVE btwn STEAMLINE ST & INDUSTRIAL AVE (__3ZA8GL),__3ZA8GL,04 - At/near private drive,03 - P.D. only,05 - Turning movement,01 - Clear,01 - Daylight,01 - Dry,10 - No control,,2,0,0,0,,0,,,,,370881.6015,5030627.63,45.41246458,-75.65573561,14433
18--9818,9/21/2018,2:47 PM,BELFAST RD @ TRIOLE ST (0008405),8405,03 - At intersection,02 - Non-fatal injury,02 - Angle,01 - Clear,01 - Daylight,01 - Dry,02 - Stop sign,01 - Functioning,2,0,0,0,02 - Minor,1,,1,,,372980.7293,5030623.556,45.41222656,-75.6289206,14434
18--9819,9/21/2018,3:19 PM,MEADOWLANDS DR btwn ASHWOOD CRES & BAYNE AVE (__3ZA4HS),__3ZA4HS,01 - Non intersection,03 - P.D. only,04 - Sideswipe,01 - Clear,01 - Daylight,01 - Dry,10 - No control,,2,0,0,0,,0,,,,,364692.989,5023635.329,45.35010615,-75.7356427,14435
18--982,1/17/2018,9:12 AM,MATTAWA CRES @ STEEPLE CHASE DR (0012602),12602,02 - Intersection related,03 - P.D. only,07 - SMV other,01 - Clear,01 - Daylight,03 - Loose snow,02 - Stop sign,01 - Functioning,1,0,0,0,,0,,,,,355347.5695,5018096.324,45.30100126,-75.85546658,14436
18--9820,9/21/2018,4:22 PM,POWELL AVE @ PERCY ST (0007401),7401,03 - At intersection,03 - P.D. only,02 - Angle,01 - Clear,01 - Daylight,01 - Dry,02 - Stop sign,01 - Functioning,2,0,0,0,,0,,,,,367664.512,5029643.566,45.40390667,-75.69695875,14437
18--9821,9/21/2018,4:22 PM,ST. LAURENT BLVD btwn DONALD ST & 125 N OF QUEEN MARY ST (__3ZA2CFA),__3ZA2CFA,04 - At/near private drive,02 - Non-fatal injury,02 - Angle,01 - Clear,01 - Daylight,01 - Dry,10 - No control,,2,0,0,0,01 - Minimal,1,1,,,,372112.9015,5032425.882,45.42852709,-75.6397605,14438
18--9822,9/21/2018,4:50 PM,RUSSELL RD S @ ST. LAURENT BLVD (0007734),7734,03 - At intersection,03 - P.D. only,05 - Turning movement,06 - Strong wind,01 - Daylight,01 - Dry,01 - Traffic signal,01 - Functioning,2,0,0,0,,0,,,,,373569.6481,5029260.366,45.3999036,-75.62158757,14439
18--9823,9/21/2018,4:50 PM,DUNROBIN RD btwn KINBURN SIDE RD & VANCES SIDE RD (__3ZA3FG),__3ZA3FG,01 - Non intersection,03 - P.D. only,07 - SMV other,02 - Rain,01 - Daylight,02 - Wet,10 - No control,,1,0,0,0,,0,,,,,338363.0164,5035556.476,45.459131,-76.07084249,14440
18--9824,9/21/2018,5:00 PM,THOMAS A. DOLAN PKWY btwn PORCUPINE TR & CONSTANCE CREEK DR (__3ZA433),__3ZA433,01 - Non intersection,03 - P.D. only,07 - SMV other,02 - Rain,01 - Daylight,02 - Wet,10 - No control,,1,0,0,0,,0,,,,,342591.0667,5031691.092,45.42413357,-76.01707868,14441
18--9825,9/21/2018,5:10 PM,ALPINE AVE @ CARLING AVE (0011382),11382,02 - Intersection related,03 - P.D. only,04 - Sideswipe,02 - Rain,01 - Daylight,02 - Wet,01 - Traffic signal,01 - Functioning,2,0,0,0,,0,,,,,360496.6769,5024942.519,45.36221402,-75.78904466,14442
18--9826,9/21/2018,5:12 PM,HIGHWAY 417 btwn HWY417 IC163 RAMP16 & HWY417 IC169 RAMP61 (__5SPO79),__5SPO79,01 - Non intersection,03 - P.D. only,07 - SMV other,06 - Strong wind,01 - Daylight,02 - Wet,10 - No control,,1,0,0,0,,0,,,,,328590.899,5022739.864,45.34420229,-76.19641101,14443
18--9827,9/21/2018,5:30 PM,DUMAURIER AVE @ RICHMOND RD (0002679),2679,03 - At intersection,03 - P.D. only,02 - Angle,02 - Rain,01 - Daylight,02 - Wet,01 - Traffic signal,02 - Not functioning,2,0,0,0,,0,,,,,359627.6649,5023735.512,45.35142189,-75.80027044,14444
18--9828,9/21/2018,5:30 PM,BYRON AVE @ HOLLAND AVE (0005636),5636,02 - Intersection related,03 - P.D. only,05 - Turning movement,01 - Clear,01 - Daylight,01 - Dry,02 - Stop sign,01 - Functioning,2,0,0,0,,0,,,,,365014.6676,5028958.599,45.39797644,-75.73088878,14445
18--9829,9/21/2018,5:35 PM,HIGHWAY 417 btwn HWY417 IC117 RAMP25 & HWY417 IC115 RAMP51 (__3ZA2R3),__3ZA2R3,01 - Non intersection,03 - P.D. only,03 - Rear end,02 - Rain,01 - Daylight,02 - Wet,10 - No control,,2,0,0,0,,0,,,,,372064.6382,5031454.946,45.41979569,-75.6405098,14446
18--983,1/17/2018,9:22 AM,SUNNYSIDE DR @ FERNBANK RD (0000297),297,02 - Intersection related,03 - P.D. only,02 - Angle,01 - Clear,01 - Daylight,02 - Wet,02 - Stop sign,01 - Functioning,2,0,0,0,,0,,,,,351339.0673,5012506.184,45.25097646,-75.9071003,14447