Anom_ID,Accident_Date,Accident_Time,Location,Geo_ID,Accident_Location,Classification_of_Accident,Initial_Impact_Type,Environment_Condition,Light,Road_Surface_Condition,Traffic_Control,Traffic_Control_Condition,No__of_Vehicles,No__of_Bicycles,No__of_Motorcycles,No__of_Pedestrians,Max_Injury,No__of_Injuries,No__of_Minimal,No__of_Minor,No__of_Major,No__of_Fatal,X,Y,Latitude,Longitude,ObjectId
18--9830,9/21/2018,5:45 PM,TENTH LINE RD @ CHARLEMAGNE BLVD S/DES EPINETT (0003686),3686,03 - At intersection,02 - Non-fatal injury,05 - Turning movement,02 - Rain,01 - Daylight,02 - Wet,01 - Traffic signal,01 - Functioning,2,0,0,0,01 - Minimal,1,1,,,,383640.9751,5036900.456,45.46758093,-75.49173924,14448
18--9831,9/21/2018,5:45 PM,KINBURN SIDE RD btwn WOODKILTON RD & DUNROBIN RD (__3ZA3GH),__3ZA3GH,01 - Non intersection,03 - P.D. only,07 - SMV other,02 - Rain,01 - Daylight,02 - Wet,10 - No control,,1,0,0,0,,0,,,,,337876.6435,5035799.93,45.46134485,-76.07704501,14449
18--9832,9/21/2018,5:56 PM,BRONSON AVE @ SUNNYSIDE AVE/UNIVERSITY RD - CA (0007209),7209,02 - Intersection related,03 - P.D. only,03 - Rear end,02 - Rain,01 - Daylight,02 - Wet,01 - Traffic signal,01 - Functioning,2,0,0,0,,0,,,,,367922.71,5028091.547,45.38991882,-75.69385941,14450
18--9833,9/21/2018,5:57 AM,ST. LAURENT BLVD @ WALKLEY RD (0007653),7653,03 - At intersection,02 - Non-fatal injury,05 - Turning movement,02 - Rain,07 - Dark,02 - Wet,01 - Traffic signal,01 - Functioning,2,0,0,0,02 - Minor,1,,1,,,373902.75,5028046.855,45.3889522,-75.61750325,14451
18--9834,9/21/2018,5:58 PM,JEANNE D'ARC BLVD @ FORTUNE DR/VINEYARD DR (0004393),4393,03 - At intersection,03 - P.D. only,05 - Turning movement,02 - Rain,01 - Daylight,02 - Wet,01 - Traffic signal,01 - Functioning,2,0,0,0,,0,,,,,379238.7282,5037375.598,45.47233893,-75.54795751,14452
18--9835,9/21/2018,6:00 PM,WEST HUNT CLUB RD @ WOODROFFE AVE (0000576),576,03 - At intersection,03 - P.D. only,02 - Angle,02 - Rain,01 - Daylight,02 - Wet,01 - Traffic signal,02 - Not functioning,2,0,0,0,,0,,,,,363670.701,5021246.488,45.32869812,-75.74897228,14453
18--9836,9/21/2018,6:00 PM,COLONNADE RD btwn MERIVALE RD & COLONNADE RD N (__3ZA000),__3ZA000,01 - Non intersection,03 - P.D. only,07 - SMV other,02 - Rain,01 - Daylight,02 - Wet,10 - No control,,1,0,0,0,,0,,,,,365466.6652,5022584.714,45.34058636,-75.72589876,14454
18--9837,9/21/2018,6:00 PM,COLONNADE RD btwn MERIVALE RD & COLONNADE RD N (__3ZA000),__3ZA000,01 - Non intersection,03 - P.D. only,07 - SMV other,06 - Strong wind,01 - Daylight,02 - Wet,10 - No control,,1,0,0,0,,0,,,,,365549.5818,5022618.635,45.34088441,-75.72483669,14455
18--9838,9/21/2018,6:00 PM,OTTAWA ROAD 29 btwn GALETTA SIDE RD & GALETTA SIDE RD (__3ZA2RW),__3ZA2RW,01 - Non intersection,03 - P.D. only,07 - SMV other,06 - Strong wind,01 - Daylight,02 - Wet,10 - No control,,1,0,0,0,,0,,,,,319019.4849,5027210.212,45.38468852,-76.31841967,14456
18--9839,9/21/2018,6:00 PM,CARLING AVE @ KIRKWOOD AVE N (0002358),2358,03 - At intersection,03 - P.D. only,02 - Angle,02 - Rain,01 - Daylight,02 - Wet,01 - Traffic signal,02 - Not functioning,2,0,0,0,,0,,,,,364275.6924,5027493.534,45.38485722,-75.74050333,14457
18--984,1/17/2018,9:25 AM,HOLLAND AVE @ WELLINGTON ST (0002364),2364,03 - At intersection,03 - P.D. only,03 - Rear end,03 - Snow,01 - Daylight,03 - Loose snow,01 - Traffic signal,01 - Functioning,2,0,0,0,,0,,,,,364929.7011,5029153.555,45.39973792,-75.73195017,14458
18--9840,9/21/2018,6:00 PM,BANK ST @ ROSEBELLA AVE (0009238),9238,03 - At intersection,03 - P.D. only,02 - Angle,02 - Rain,01 - Daylight,02 - Wet,01 - Traffic signal,01 - Functioning,2,0,0,0,,0,,,,,373205.7319,5023550.576,45.34856492,-75.62702626,14459
18--9841,9/21/2018,6:10 PM,ANDERSON RD @ INNES RD (0004200),4200,02 - Intersection related,03 - P.D. only,03 - Rear end,02 - Rain,01 - Daylight,02 - Wet,01 - Traffic signal,01 - Functioning,2,0,0,0,,0,,,,,376280.7411,5031841.565,45.42285622,-75.58658812,14460
18--9842,9/21/2018,6:12 AM,BESSERER ST @ DALHOUSIE ST (0011452),11452,03 - At intersection,03 - P.D. only,04 - Sideswipe,02 - Rain,03 - Dawn,02 - Wet,01 - Traffic signal,01 - Functioning,2,0,0,0,,0,,,,,368252.7682,5032157.702,45.42647495,-75.68912132,14461
18--9843,9/21/2018,6:20 PM,CARLING AVE EB btwn HWY417 IC124 RAMP57 & KIRKWOOD AVE (__3ZA30Y),__3ZA30Y,01 - Non intersection,03 - P.D. only,03 - Rear end,01 - Clear,05 - Dusk,02 - Wet,10 - No control,,2,0,0,0,,0,,,,,364291.9751,5027256.699,45.38272484,-75.74032396,14462
18--9844,9/21/2018,6:39 AM,FRANK BENDER ST btwn END & INNES RD (__87XGK6),__87XGK6,01 - Non intersection,03 - P.D. only,07 - SMV other,01 - Clear,03 - Dawn,01 - Dry,10 - No control,,1,0,0,0,,0,,,,,382263.933,5034944.848,45.4501401,-75.50965502,14463
18--9845,9/21/2018,6:47 AM,HIGHWAY 417 btwn HWY417 IC88 RAMP16 & HWY417 IC88 RAMP61 (__3ZAZE2),__3ZAZE2,01 - Non intersection,03 - P.D. only,05 - Turning movement,02 - Rain,03 - Dawn,02 - Wet,10 - No control,,2,0,0,0,,0,,,,,395701.5806,5022507.966,45.33663002,-75.34018427,14464
18--9846,9/21/2018,7:00 AM,BLAIR RD @ REGIONAL RD 174 N/OR174 IC112 RAMP61 (0003617),3617,02 - Intersection related,03 - P.D. only,03 - Rear end,02 - Rain,03 - Dawn,02 - Wet,01 - Traffic signal,01 - Functioning,2,0,0,0,,0,,,,,374634.7311,5032991.575,45.43336963,-75.60745588,14465
18--9847,9/21/2018,7:02 AM,MARCH VALLEY RD btwn RIDDELL DR & KLONDIKE RD (__3ZACJC),__3ZACJC,01 - Non intersection,03 - P.D. only,07 - SMV other,02 - Rain,01 - Daylight,02 - Wet,10 - No control,,1,0,0,0,,0,,,,,349172.7688,5026197.924,45.37431866,-75.93347099,14466
18--9848,9/21/2018,7:20 PM,MERTON ST @ SCOTT ST (0006492),6492,02 - Intersection related,03 - P.D. only,03 - Rear end,02 - Rain,05 - Dusk,02 - Wet,01 - Traffic signal,01 - Functioning,2,0,0,0,,0,,,,,365327.5876,5029955.486,45.40691922,-75.72676992,14467
18--9849,9/21/2018,7:30 PM,INNSWOOD DR @ LENESTER AVE (0003035),3035,03 - At intersection,03 - P.D. only,02 - Angle,02 - Rain,07 - Dark,02 - Wet,02 - Stop sign,01 - Functioning,2,0,0,0,,0,,,,,362118.6821,5025527.535,45.3673472,-75.76827395,14468
18--985,1/17/2018,9:51 AM,ENCLAVE WALK btwn PIN CHERRY GROVE & PIN CHERRY GROVE (e___2HPO),e___2HPO,04 - At/near private drive,03 - P.D. only,06 - SMV unattended vehicle,01 - Clear,01 - Daylight,05 - Packed snow,10 - No control,,1,0,0,0,,0,,,,,382449.858,5033309.847,45.43540908,-75.50753638,14469
18--9850,9/21/2018,8:07 AM,BROADMOOR AVE @ SMYTH RD (0007241),7241,02 - Intersection related,03 - P.D. only,03 - Rear end,02 - Rain,01 - Daylight,02 - Wet,02 - Stop sign,00 - Unknown,2,0,0,0,,0,,,,,371026.9191,5029125.687,45.39893696,-75.65408096,14470
18--9851,9/21/2018,8:19 AM,BRONSON AVE @ BRONSON AVE SB OFF RAMP 34 (0002019),2019,02 - Intersection related,02 - Non-fatal injury,03 - Rear end,02 - Rain,01 - Daylight,02 - Wet,10 - No control,,2,0,0,0,01 - Minimal,1,1,,,,367748.7087,5028477.551,45.39340764,-75.69603212,14471
18--9852,9/21/2018,8:20 PM,DATA CENTRE RD @ RIVERSIDE DR (0010863),10863,03 - At intersection,03 - P.D. only,02 - Angle,02 - Rain,07 - Dark,02 - Wet,01 - Traffic signal,02 - Not functioning,2,0,0,0,,0,,,,,368897.4491,5027671.908,45.38605451,-75.68146678,14472
18--9853,9/21/2018,8:22 PM,CARLING AVE @ PRESTON ST (0002161),2161,03 - At intersection,02 - Non-fatal injury,02 - Angle,01 - Clear,07 - Dark,01 - Dry,01 - Traffic signal,02 - Not functioning,2,0,0,0,02 - Minor,3,,3,,,366829.7379,5028935.628,45.3976113,-75.70771029,14473
18--9854,9/21/2018,8:36 AM,BASELINE RD btwn MARSON ST & FISHER AVE (__3ZA4JL),__3ZA4JL,01 - Non intersection,02 - Non-fatal injury,03 - Rear end,02 - Rain,01 - Daylight,02 - Wet,10 - No control,,3,0,0,0,01 - Minimal,1,1,,,,366081.6128,5025972.863,45.37101888,-75.71763282,14474
18--9855,9/21/2018,8:40 AM,HIGHWAY 417 btwn HWY417 IC124 RAMP57 & HWY417 IC124 RAMP55 (__3ZA2Y1),__3ZA2Y1,01 - Non intersection,03 - P.D. only,03 - Rear end,01 - Clear,01 - Daylight,01 - Dry,10 - No control,,2,0,0,0,,0,,,,,364086.9266,5027057.648,45.3809512,-75.74296598,14475
18--9856,9/21/2018,8:45 PM,LEITRIM RD @ ALBION RD (0012479),12479,03 - At intersection,03 - P.D. only,02 - Angle,01 - Clear,07 - Dark,02 - Wet,01 - Traffic signal,02 - Not functioning,2,0,0,0,,0,,,,,373497.5848,5020419.261,45.32036195,-75.6237368,14476
18--9857,9/21/2018,8:50 PM,BRONSON AVE @ FIFTH AVE/MADAWASKA DR (0006977),6977,02 - Intersection related,03 - P.D. only,03 - Rear end,01 - Clear,07 - Dark,02 - Wet,01 - Traffic signal,02 - Not functioning,2,0,0,0,,0,,,,,367613.7125,5028938.554,45.39756774,-75.6976974,14477
18--9858,9/21/2018,8:58 AM,CHARTWELL AVE E @ CRAIG HENRY DR (0010250),10250,02 - Intersection related,03 - P.D. only,02 - Angle,02 - Rain,01 - Daylight,02 - Wet,02 - Stop sign,01 - Functioning,2,0,0,0,,0,,,,,362476.6849,5021865.48,45.33436692,-75.76413123,14478
18--9859,9/21/2018,9:03 AM,HIGHWAY 417 btwn HWY417 IC115 RAMP61 & REGIONAL ROAD 174 (__3ZA2XG),__3ZA2XG,01 - Non intersection,03 - P.D. only,04 - Sideswipe,02 - Rain,01 - Daylight,02 - Wet,10 - No control,,2,0,0,0,,0,,,,,372957.5737,5031607.78,45.4210844,-75.62908028,14479
18--986,1/18/2018,1:54 PM,CARLING AVE @ PINECREST  RD/GREENVIEW AVE (0001630),1630,03 - At intersection,03 - P.D. only,03 - Rear end,01 - Clear,01 - Daylight,01 - Dry,01 - Traffic signal,01 - Functioning,2,0,0,0,,0,,,,,360006.6758,5024632.528,45.35946349,-75.79533357,14480
18--9860,9/21/2018,9:06 PM,WOODROFFE AVE @ DEERFOX DR/STONEWAY DR (0004601),4601,03 - At intersection,03 - P.D. only,05 - Turning movement,01 - Clear,07 - Dark,02 - Wet,01 - Traffic signal,01 - Functioning,2,0,0,0,,0,,,,,365885.6981,5015940.439,45.28076547,-75.7213715,14481
18--9861,9/21/2018,9:10 AM,MARCH RD btwn CARLING AVE/STATION RD & 280 S OF CARLING AVE/STATION RD (__3ZA42DA),__3ZA42DA,01 - Non intersection,02 - Non-fatal injury,03 - Rear end,02 - Rain,01 - Daylight,02 - Wet,10 - No control,,2,0,0,0,01 - Minimal,1,1,,,,351076.3602,5022060.747,45.33696844,-75.90955545,14482
18--9862,9/21/2018,9:30 PM,WEST HUNT CLUB RD @ 545 E OF ROYDON PL/SUNDERLAND ST (0010375),10375,02 - Intersection related,02 - Non-fatal injury,03 - Rear end,06 - Strong wind,07 - Dark,02 - Wet,01 - Traffic signal,02 - Not functioning,2,0,0,0,01 - Minimal,1,1,,,,366352.6511,5022407.552,45.33891511,-75.71461676,14483
18--9863,9/21/2018,9:58 AM,JOHN QUINN RD btwn STONE SCHOOL RD & BANK ST (__3ZA645),__3ZA645,01 - Non intersection,02 - Non-fatal injury,01 - Approaching,02 - Rain,01 - Daylight,02 - Wet,10 - No control,,2,0,0,0,01 - Minimal,1,1,,,,383454.2327,5010741.122,45.23223889,-75.49828773,14484
18--9864,9/22/2018,1:02 PM,COBOURG ST btwn CLARENCE ST E & HENEY ST (__3ZA7DY),__3ZA7DY,01 - Non intersection,03 - P.D. only,06 - SMV unattended vehicle,01 - Clear,01 - Daylight,01 - Dry,10 - No control,,1,0,0,0,,0,,,,,368954.4494,5033052.112,45.43445851,-75.68003876,14485
18--9865,9/22/2018,10:00 AM,INGERSOLL CRES btwn HUNTSVILLE DR & INGERSOLL CRES (__6FWVH1),__6FWVH1,04 - At/near private drive,03 - P.D. only,06 - SMV unattended vehicle,01 - Clear,01 - Daylight,01 - Dry,10 - No control,,1,0,0,0,,0,,,,,349185.141,5019497.477,45.31402563,-75.93391427,14486
18--9866,9/22/2018,10:41 PM,WILLIAM ST btwn YORK ST & GEORGE ST (__3ZBOX5),__3ZBOX5,01 - Non intersection,03 - P.D. only,04 - Sideswipe,01 - Clear,07 - Dark,01 - Dry,10 - No control,,2,0,0,0,,0,,,,,368035.2095,5032255.541,45.42737498,-75.69188872,14487
18--9867,9/22/2018,11:00 AM,BARNSDALE RD @ PRINCE OF WALES DR (0001082),1082,03 - At intersection,03 - P.D. only,03 - Rear end,01 - Clear,01 - Daylight,01 - Dry,02 - Stop sign,01 - Functioning,2,0,0,0,,0,,,,,366646.6967,5011532.413,45.24103569,-75.71222108,14488
18--9868,9/22/2018,11:30 AM,RIVERSIDE DR @ WALKLEY RD (0002158),2158,02 - Intersection related,03 - P.D. only,07 - SMV other,01 - Clear,01 - Daylight,01 - Dry,01 - Traffic signal,01 - Functioning,1,0,0,0,,0,,,,,368418.7238,5024853.53,45.36073915,-75.68794258,14489
18--9869,9/22/2018,11:30 AM,CLEARVIEW AVE @ ISLAND PARK DR (0006144),6144,03 - At intersection,02 - Non-fatal injury,05 - Turning movement,01 - Clear,01 - Daylight,00 - Unknown,02 - Stop sign,00 - Unknown,3,2,0,0,02 - Minor,1,,1,,,363546.6896,5029364.564,45.40175395,-75.74958901,14490
18--987,1/18/2018,11:01 PM,VANIER PKWY/CRICHTON ST @ BEECHWOOD AVE/ST. PA (0001604),1604,02 - Intersection related,03 - P.D. only,04 - Sideswipe,01 - Clear,07 - Dark,02 - Wet,01 - Traffic signal,01 - Functioning,2,0,0,0,,0,,,,,369127.7972,5033487.134,45.43835674,-75.67776657,14491
18--9870,9/22/2018,11:30 PM,BIRCHLAND CRES btwn BIRCHLAND CRES & WEST RIDGE DR (__77AX1J),__77AX1J,01 - Non intersection,03 - P.D. only,06 - SMV unattended vehicle,01 - Clear,07 - Dark,01 - Dry,10 - No control,,1,0,0,0,,0,,,,,349688.436,5012260.65,45.24887427,-75.92815016,14492
18--9871,9/22/2018,11:33 PM,FRANK KENNY RD btwn INNES RD & FRENCH HILL RD (__61W6X7),__61W6X7,01 - Non intersection,03 - P.D. only,07 - SMV other,01 - Clear,07 - Dark,01 - Dry,10 - No control,,1,0,0,0,,0,,,,,387679.1214,5037437.783,45.47194776,-75.44001531,14493
18--9872,9/22/2018,11:38 AM,ELGIN ST btwn SOMERSET ST W & MACLAREN ST (__3ZA342),__3ZA342,01 - Non intersection,02 - Non-fatal injury,07 - SMV other,01 - Clear,01 - Daylight,01 - Dry,10 - No control,,1,0,0,1,01 - Minimal,1,1,,,,368170.388,5031189.278,45.41776887,-75.69029854,14494
18--9873,9/22/2018,Unknown,CHESTERTON DR btwn WOODMOUNT CRES & WOODMOUNT CRES (__3ZAAVA),__3ZAAVA,01 - Non intersection,03 - P.D. only,06 - SMV unattended vehicle,01 - Clear,00 - Unknown,01 - Dry,10 - No control,,1,0,0,0,,0,,,,,365578.8976,5023898.119,45.35239447,-75.72430542,14495
18--9874,9/22/2018,Unknown,EMPEROR AVE btwn PANET ST & SILVER ST (__3ZA15V),__3ZA15V,01 - Non intersection,03 - P.D. only,06 - SMV unattended vehicle,01 - Clear,00 - Unknown,01 - Dry,10 - No control,,1,0,0,0,,0,,,,,364993.7618,5026726.867,45.37789756,-75.73142798,14496
18--9875,9/22/2018,Unknown,SLATER ST btwn KENT ST & BANK ST (__3ZA349),__3ZA349,01 - Non intersection,03 - P.D. only,06 - SMV unattended vehicle,01 - Clear,00 - Unknown,01 - Dry,10 - No control,,1,0,0,0,,0,,,,,367407.9346,5031344.121,45.41923074,-75.70001999,14497
18--9876,9/22/2018,12:00 PM,MARCH RD @ MORGAN'S GRANT WAY/SHIRLEY'S BROOK  (0002651),2651,02 - Intersection related,03 - P.D. only,03 - Rear end,01 - Clear,01 - Daylight,01 - Dry,01 - Traffic signal,01 - Functioning,2,0,0,0,,0,,,,,349661.609,5023617.51,45.35106844,-75.92746429,14498
18--9877,9/22/2018,12:45 PM,ALBERT ST @ BOOTH ST (0002162),2162,03 - At intersection,03 - P.D. only,02 - Angle,01 - Clear,01 - Daylight,01 - Dry,01 - Traffic signal,02 - Not functioning,2,0,0,0,,0,,,,,366428.6934,5030626.566,45.41286133,-75.7126209,14499
18--9878,9/22/2018,12:45 PM,STONEHAVEN DR @ HARNESS LANE/BLUEMEADOW WAY (0004046),4046,03 - At intersection,03 - P.D. only,02 - Angle,01 - Clear,01 - Daylight,01 - Dry,01 - Traffic signal,01 - Functioning,2,0,0,0,,0,,,,,354571.762,5016744.311,45.28889096,-75.865494,14500
18--9879,9/22/2018,2:00 PM,HIGHWAY 417 btwn TRANSIT & HWY417 IC127 RAMP35 (__3ZA2SK),__3ZA2SK,01 - Non intersection,03 - P.D. only,04 - Sideswipe,01 - Clear,01 - Daylight,01 - Dry,10 - No control,,2,0,0,0,,0,,,,,361919.3171,5024664.285,45.35959602,-75.7709186,14501
18--988,1/18/2018,11:06 AM,JEANNE D'ARC BLVD @ MONTCERF CRT (0004155),4155,02 - Intersection related,03 - P.D. only,03 - Rear end,01 - Clear,01 - Daylight,02 - Wet,01 - Traffic signal,01 - Functioning,2,0,0,0,,0,,,,,381117.7534,5036286.583,45.46233806,-75.52409808,14502
18--9880,9/22/2018,2:36 PM,CARLING AVE @ CONNAUGHT AVE (0002143),2143,02 - Intersection related,03 - P.D. only,03 - Rear end,01 - Clear,01 - Daylight,01 - Dry,01 - Traffic signal,02 - Not functioning,2,0,0,0,,0,,,,,360770.6764,5025117.515,45.3637668,-75.78552758,14503
18--9881,9/22/2018,2:38 PM,AIRPORT PKWY @ UPLANDS DR RAMP 62 (0004115),4115,02 - Intersection related,02 - Non-fatal injury,03 - Rear end,01 - Clear,01 - Daylight,01 - Dry,03 - Yield sign,01 - Functioning,2,0,0,0,01 - Minimal,1,1,,,,371297.7256,5021622.498,45.33140016,-75.65163209,14504
18--9882,9/22/2018,3:16 PM,HAWTHORNE AVE @ MAIN ST (0006919),6919,02 - Intersection related,03 - P.D. only,03 - Rear end,01 - Clear,01 - Daylight,01 - Dry,01 - Traffic signal,01 - Functioning,2,0,0,0,,0,,,,,368970.6977,5030632.61,45.41268723,-75.68014629,14505
18--9883,9/22/2018,4:05 PM,WEST HUNT CLUB RD @ 354 E OF WOODROFFE AVE/REC (0004605),4605,02 - Intersection related,03 - P.D. only,03 - Rear end,01 - Clear,01 - Daylight,01 - Dry,01 - Traffic signal,02 - Not functioning,2,0,0,0,,0,,,,,363982.6844,5021424.491,45.33027354,-75.7449713,14506
18--9884,9/22/2018,4:37 PM,CAHILL DR @ HUNT CLUB RD (0011394),11394,03 - At intersection,02 - Non-fatal injury,02 - Angle,01 - Clear,01 - Daylight,01 - Dry,01 - Traffic signal,02 - Not functioning,2,0,0,0,02 - Minor,2,1,1,,,372407.7344,5024542.509,45.35756736,-75.63707327,14507
18--9885,9/22/2018,4:52 PM,PINECREST RD/HWY 417 PINECRE IC129R63 @ TRANSI (0008264),8264,02 - Intersection related,03 - P.D. only,03 - Rear end,01 - Clear,01 - Daylight,01 - Dry,01 - Traffic signal,01 - Functioning,2,0,0,0,,0,,,,,360388.0863,5023677.836,45.35084306,-75.79057291,14508
18--9886,9/22/2018,5:03 PM,ASTER ST @ KILBORN AVE (0008104),8104,02 - Intersection related,03 - P.D. only,02 - Angle,01 - Clear,01 - Daylight,01 - Dry,99 - Other,01 - Functioning,2,1,0,0,,0,,,,,371536.4831,5027879.8,45.38767858,-75.64774152,14509
18--9887,9/22/2018,5:15 PM,ABBOTT ST @ GRANITE RIDGE DR (0009728),9728,03 - At intersection,02 - Non-fatal injury,05 - Turning movement,01 - Clear,01 - Daylight,01 - Dry,02 - Stop sign,01 - Functioning,2,0,0,0,01 - Minimal,1,1,,,,351483.783,5014434.804,45.26832123,-75.90507553,14510
18--9888,9/22/2018,5:32 PM,635 E OF HUNTMAR DR/IBER RD @ HAZELDEAN RD (0013519),13519,03 - At intersection,02 - Non-fatal injury,05 - Turning movement,01 - Clear,01 - Daylight,01 - Dry,01 - Traffic signal,02 - Not functioning,2,0,0,0,01 - Minimal,3,3,,,,351410.32,5016506.602,45.28696877,-75.90581713,14511
18--9889,9/22/2018,5:45 PM,FALLOWFIELD RD @ WOODROFFE AVE (0010372),10372,02 - Intersection related,03 - P.D. only,03 - Rear end,01 - Clear,01 - Daylight,01 - Dry,01 - Traffic signal,02 - Not functioning,2,0,0,0,,0,,,,,365085.1508,5017903.189,45.29849532,-75.73133622,14512
18--989,1/18/2018,11:32 AM,REGIONAL ROAD 174 EB btwn HWY417 IC113 RAMP65 & OR174 BLAIR IC112 RAMP51 (__3ZAZFJ),__3ZAZFJ,01 - Non intersection,02 - Non-fatal injury,04 - Sideswipe,01 - Clear,01 - Daylight,01 - Dry,10 - No control,,2,0,0,0,02 - Minor,1,,1,,,374305.066,5032450.597,45.42853505,-75.61174511,14513
18--9890,9/22/2018,5:46 PM,JOCKVALE RD/RIDEAU VALLEY DR @ PRINCE OF WALES (0004638),4638,03 - At intersection,03 - P.D. only,02 - Angle,01 - Clear,01 - Daylight,01 - Dry,01 - Traffic signal,02 - Not functioning,2,0,0,0,,0,,,,,366709.6061,5012195.549,45.24699705,-75.71133728,14514
18--9891,9/22/2018,6:00 PM,JASMINE CRES S @ OGILVIE RD (0009282),9282,03 - At intersection,02 - Non-fatal injury,02 - Angle,01 - Clear,01 - Daylight,01 - Dry,02 - Stop sign,01 - Functioning,2,0,1,0,03 - Major,1,,,1,,375354.7352,5033720.586,45.43985658,-75.5981503,14515
18--9892,9/22/2018,6:20 PM,IRIS ST @ WOODROFFE AVE (0002736),2736,02 - Intersection related,03 - P.D. only,04 - Sideswipe,01 - Clear,01 - Daylight,01 - Dry,01 - Traffic signal,02 - Not functioning,2,0,0,0,,0,,,,,362282.6919,5024441.519,45.35756189,-75.76630671,14516
18--9893,9/22/2018,6:28 PM,MONTREAL RD @ STE. ANNE ST (0009798),9798,02 - Intersection related,03 - P.D. only,07 - SMV other,01 - Clear,01 - Daylight,01 - Dry,02 - Stop sign,01 - Functioning,1,0,0,0,,0,,,,,370706.6337,5033416.557,45.43757468,-75.65759761,14517
18--9894,9/22/2018,6:55 PM,WOODROFFE AVE @ KNOXDALE RD/MEDHURST DR (0000519),519,03 - At intersection,03 - P.D. only,05 - Turning movement,01 - Clear,05 - Dusk,01 - Dry,01 - Traffic signal,02 - Not functioning,2,0,0,0,,0,,,,,363419.6904,5021826.487,45.33393792,-75.75210552,14518
18--9895,9/22/2018,7:09 AM,EAGLESON RD @ COPE DR/CADENCE GT (0011923),11923,03 - At intersection,02 - Non-fatal injury,02 - Angle,01 - Clear,01 - Daylight,01 - Dry,01 - Traffic signal,02 - Not functioning,2,0,0,0,02 - Minor,2,,2,,,354620.6219,5016027.427,45.28243682,-75.86494313,14519
18--9896,9/22/2018,7:14 PM,TERRY FOX DR btwn TILLSONBURG ST & KANATA AVE (__51NOUY),__51NOUY,01 - Non intersection,02 - Non-fatal injury,03 - Rear end,01 - Clear,05 - Dusk,01 - Dry,10 - No control,,2,0,0,0,02 - Minor,2,,2,,,349287.922,5019221.48,45.31153563,-75.93262825,14520
18--9897,9/22/2018,7:40 PM,BANK ST @ GLADSTONE AVE (0002253),2253,02 - Intersection related,03 - P.D. only,03 - Rear end,01 - Clear,07 - Dark,01 - Dry,01 - Traffic signal,01 - Functioning,2,0,0,0,,0,,,,,367916.7063,5030562.571,45.4121529,-75.69361985,14521
18--9898,9/22/2018,7:51 PM,BANK ST @ KINGSDALE AVE (0009261),9261,03 - At intersection,03 - P.D. only,05 - Turning movement,01 - Clear,07 - Dark,01 - Dry,02 - Stop sign,01 - Functioning,2,0,0,0,,0,,,,,373268.7432,5023500.519,45.34810838,-75.62622915,14522
18--9899,9/22/2018,8:05 PM,HIGHWAY 417 btwn HWY417 IC180 RAMP61 & HWY417 IC169 RAMP36 (__5DVYB1),__5DVYB1,01 - Non intersection,02 - Non-fatal injury,03 - Rear end,01 - Clear,07 - Dark,01 - Dry,10 - No control,,2,0,0,0,02 - Minor,2,1,1,,,322830.2611,5027803.559,45.38994005,-76.2697354,14523
18--99,1/2/2018,2:34 PM,HIGHWAY 417 btwn HWY417 IC155 RAMP35 & HWY417 IC155 RAMP25 (__3ZAZNU),__3ZAZNU,01 - Non intersection,03 - P.D. only,03 - Rear end,03 - Snow,01 - Daylight,03 - Loose snow,10 - No control,,2,0,0,0,,0,,,,,339607.0152,5019292.847,45.3127244,-76.05608336,14524
18--990,1/18/2018,11:43 AM,WOODROFFE AVE @ SPORTSPLEX N (0005568),5568,03 - At intersection,03 - P.D. only,05 - Turning movement,01 - Clear,01 - Daylight,01 - Dry,01 - Traffic signal,01 - Functioning,3,0,0,0,,0,,,,,363763.6623,5021067.234,45.3270774,-75.7478078,14525
18--9900,9/22/2018,8:28 PM,HIGHWAY 417 btwn REGIONAL ROAD 174 & HWY417 IC113 RAMP62 (__3ZA280),__3ZA280,01 - Non intersection,02 - Non-fatal injury,03 - Rear end,01 - Clear,07 - Dark,01 - Dry,10 - No control,,2,0,0,0,02 - Minor,1,,1,,,373276.784,5031728.149,45.42213625,-75.62498514,14526
18--9901,9/22/2018,8:39 PM,FALLOWFIELD RD @ GREENBANK RD (0000549),549,03 - At intersection,03 - P.D. only,02 - Angle,01 - Clear,07 - Dark,01 - Dry,01 - Traffic signal,02 - Not functioning,2,0,0,0,,0,,,,,363080.6755,5016732.455,45.28813019,-75.75702959,14527
18--9902,9/22/2018,8:52 PM,KENASTON ST btwn GOSSET ST & LOUIS LANE (__3ZA7XC),__3ZA7XC,01 - Non intersection,03 - P.D. only,03 - Rear end,01 - Clear,07 - Dark,01 - Dry,10 - No control,,2,0,0,0,,0,,,,,373056.4134,5031156.854,45.41701755,-75.62787991,14528
18--9903,9/22/2018,9:00 PM,SAUBLE DR btwn YOHO DR & STEEPLE CHASE DR (__3ZADHB),__3ZADHB,04 - At/near private drive,03 - P.D. only,06 - SMV unattended vehicle,01 - Clear,07 - Dark,01 - Dry,10 - No control,,1,0,0,0,,0,,,,,355255.3605,5017403.633,45.29477492,-75.85671275,14529